case,target,mode,strategy,degraded,run_index,position,status,duration_s,prefix_s,restore_s,wall_s,harness_wall_s,faults_when_warned,metrics,fingerprints,warnings,error
array_reduce,matmul,full,full,False,0,0,ok,0.090524,0.156977,,3.5428,3.5743,,"{""cpu_util_avg"": {""mean"": 108.7306455, ""max"": 111.493271}, ""cpu_util_min"": {""mean"": 108.7306455, ""max"": 111.493271}, ""cpu_util_max"": {""mean"": 108.7306455, ""max"": 111.493271}, ""cpu_util_0"": {""mean"": 108.7306455, ""max"": 111.493271}, ""cpu_util_1"": {""mean"": 108.7306455, ""max"": 111.493271}, ""cpu_util_2"": {""mean"": 108.7306455, ""max"": 111.493271}, ""cpu_util_3"": {""mean"": 108.7306455, ""max"": 111.493271}, ""cpu_util_4"": {""mean"": 108.7306455, ""max"": 111.493271}, ""cpu_util_5"": {""mean"": 108.7306455, ""max"": 111.493271}, ""cpu_util_6"": {""mean"": 108.7306455, ""max"": 111.493271}, ""cpu_util_7"": {""mean"": 108.7306455, ""max"": 111.493271}, ""cpu_util_8"": {""mean"": 108.7306455, ""max"": 111.493271}, ""cpu_util_9"": {""mean"": 108.7306455, ""max"": 111.493271}, ""cpu_util_10"": {""mean"": 108.7306455, ""max"": 111.493271}, ""cpu_util_11"": {""mean"": 108.7306455, ""max"": 111.493271}, ""memory"": {""mean"": 0.316376, ""max"": 0.316742}, ""io_read_count"": {""mean"": 10483.092635500001, ""max"": 10616.98638}, ""io_write_count"": {""mean"": 19.929834, ""max"": 20.184385}, ""io_read"": {""mean"": 0.0, ""max"": 0.0}, ""io_write"": {""mean"": 0.0, ""max"": 0.0}, ""gpu_util_avg"": {""mean"": 0.0, ""max"": 0.0}, ""gpu_util_min"": {""mean"": 0.0, ""max"": 0.0}, ""gpu_util_max"": {""mean"": 0.0, ""max"": 0.0}, ""gpu_util_0"": {""mean"": 0.0, ""max"": 0.0}, ""gpu_band_avg"": {""mean"": 0.0, ""max"": 0.0}, ""gpu_band_min"": {""mean"": 0.0, ""max"": 0.0}, ""gpu_band_max"": {""mean"": 0.0, ""max"": 0.0}, ""gpu_band_0"": {""mean"": 0.0, ""max"": 0.0}, ""gpu_mem_avg"": {""mean"": 0.0, ""max"": 0.0}, ""gpu_mem_min"": {""mean"": 0.0, ""max"": 0.0}, ""gpu_mem_max"": {""mean"": 0.0, ""max"": 0.0}, ""gpu_mem_0"": {""mean"": 0.0, ""max"": 0.0}}","{""product"": {""kind"": ""array"", ""shape"": [2000, 2000], ""dtype"": ""float64"", ""mean"": 500.01872635521926, ""std"": 9.845639787888365, ""min"": 452.8252003037207, ""max"": 552.6527329950178}}",,
array_reduce,matmul,fork,fork,False,0,1,ok,0.133661,0.0,,0.3858,0.4133,14931.0,"{""cpu_util_avg"": {""mean"": 94.26247666666666, ""max"": 115.348301}, ""cpu_util_min"": {""mean"": 94.26247666666666, ""max"": 115.348301}, ""cpu_util_max"": {""mean"": 94.26247666666666, ""max"": 115.348301}, ""cpu_util_0"": {""mean"": 94.26247666666666, ""max"": 115.348301}, ""cpu_util_1"": {""mean"": 94.26247666666666, ""max"": 115.348301}, ""cpu_util_2"": {""mean"": 94.26247666666666, ""max"": 115.348301}, ""cpu_util_3"": {""mean"": 94.26247666666666, ""max"": 115.348301}, ""cpu_util_4"": {""mean"": 94.26247666666666, ""max"": 115.348301}, ""cpu_util_5"": {""mean"": 94.26247666666666, ""max"": 115.348301}, ""cpu_util_6"": {""mean"": 94.26247666666666, ""max"": 115.348301}, ""cpu_util_7"": {""mean"": 94.26247666666666, ""max"": 115.348301}, ""cpu_util_8"": {""mean"": 94.26247666666666, ""max"": 115.348301}, ""cpu_util_9"": {""mean"": 94.26247666666666, ""max"": 115.348301}, ""cpu_util_10"": {""mean"": 94.26247666666666, ""max"": 115.348301}, ""cpu_util_11"": {""mean"": 94.26247666666666, ""max"": 115.348301}, ""memory"": {""mean"": 0.6493326666666667, ""max"": 0.649414}, ""io_read_count"": {""mean"": 10673.899870666668, ""max"": 11923.763824}, ""io_write_count"": {""mean"": 26.864362333333332, ""max"": 40.121148}, ""io_read"": {""mean"": 0.0, ""max"": 0.0}, ""io_write"": {""mean"": 27389.37051133333, ""max"": 82168.111534}, ""gpu_util_avg"": {""mean"": 0.0, ""max"": 0.0}, ""gpu_util_min"": {""mean"": 0.0, ""max"": 0.0}, ""gpu_util_max"": {""mean"": 0.0, ""max"": 0.0}, ""gpu_util_0"": {""mean"": 0.0, ""max"": 0.0}, ""gpu_band_avg"": {""mean"": 0.0, ""max"": 0.0}, ""gpu_band_min"": {""mean"": 0.0, ""max"": 0.0}, ""gpu_band_max"": {""mean"": 0.0, ""max"": 0.0}, ""gpu_band_0"": {""mean"": 0.0, ""max"": 0.0}, ""gpu_mem_avg"": {""mean"": 0.0, ""max"": 0.0}, ""gpu_mem_min"": {""mean"": 0.0, ""max"": 0.0}, ""gpu_mem_max"": {""mean"": 0.0, ""max"": 0.0}, ""gpu_mem_0"": {""mean"": 0.0, ""max"": 0.0}}","{""product"": {""kind"": ""array"", ""shape"": [2000, 2000], ""dtype"": ""float64"", ""mean"": 500.01872635521926, ""std"": 9.845639787888365, ""min"": 452.8252003037207, ""max"": 552.6527329950178}}","[JUmPER]: a benchmark measurement spent at least 8ms of its 134ms on 14931 page faults - the cost of touching memory inherited from the prefix rather than of the cell itself. Cells working over large Python objects are affected most, and the timing understates them. Re-run with --replay-mode full for a number that does not carry this.",
array_reduce,matmul,dill,dill,False,0,2,ok,0.100633,0.0,0.068,3.3093,3.3282,,"{""cpu_util_avg"": {""mean"": 99.5445125, ""max"": 122.114311}, ""cpu_util_min"": {""mean"": 99.5445125, ""max"": 122.114311}, ""cpu_util_max"": {""mean"": 99.5445125, ""max"": 122.114311}, ""cpu_util_0"": {""mean"": 99.5445125, ""max"": 122.114311}, ""cpu_util_1"": {""mean"": 99.5445125, ""max"": 122.114311}, ""cpu_util_2"": {""mean"": 99.5445125, ""max"": 122.114311}, ""cpu_util_3"": {""mean"": 99.5445125, ""max"": 122.114311}, ""cpu_util_4"": {""mean"": 99.5445125, ""max"": 122.114311}, ""cpu_util_5"": {""mean"": 99.5445125, ""max"": 122.114311}, ""cpu_util_6"": {""mean"": 99.5445125, ""max"": 122.114311}, ""cpu_util_7"": {""mean"": 99.5445125, ""max"": 122.114311}, ""cpu_util_8"": {""mean"": 99.5445125, ""max"": 122.114311}, ""cpu_util_9"": {""mean"": 99.5445125, ""max"": 122.114311}, ""cpu_util_10"": {""mean"": 99.5445125, ""max"": 122.114311}, ""cpu_util_11"": {""mean"": 99.5445125, ""max"": 122.114311}, ""memory"": {""mean"": 0.3157805, ""max"": 0.316147}, ""io_read_count"": {""mean"": 5784.0999595, ""max"": 11568.199919}, ""io_write_count"": {""mean"": 10.996388, ""max"": 21.992776}, ""io_read"": {""mean"": 0.0, ""max"": 0.0}, ""io_write"": {""mean"": 0.0, ""max"": 0.0}, ""gpu_util_avg"": {""mean"": 0.0, ""max"": 0.0}, ""gpu_util_min"": {""mean"": 0.0, ""max"": 0.0}, ""gpu_util_max"": {""mean"": 0.0, ""max"": 0.0}, ""gpu_util_0"": {""mean"": 0.0, ""max"": 0.0}, ""gpu_band_avg"": {""mean"": 0.0, ""max"": 0.0}, ""gpu_band_min"": {""mean"": 0.0, ""max"": 0.0}, ""gpu_band_max"": {""mean"": 0.0, ""max"": 0.0}, ""gpu_band_0"": {""mean"": 0.0, ""max"": 0.0}, ""gpu_mem_avg"": {""mean"": 0.0, ""max"": 0.0}, ""gpu_mem_min"": {""mean"": 0.0, ""max"": 0.0}, ""gpu_mem_max"": {""mean"": 0.0, ""max"": 0.0}, ""gpu_mem_0"": {""mean"": 0.0, ""max"": 0.0}}","{""product"": {""kind"": ""array"", ""shape"": [2000, 2000], ""dtype"": ""float64"", ""mean"": 500.01872635521926, ""std"": 9.845639787888365, ""min"": 452.8252003037207, ""max"": 552.6527329950178}}",,
array_reduce,matmul,fork,fork,False,1,0,ok,0.092036,0.0,,0.2848,0.3041,16671.0,"{""cpu_util_avg"": {""mean"": 72.230852, ""max"": 106.150757}, ""cpu_util_min"": {""mean"": 72.230852, ""max"": 106.150757}, ""cpu_util_max"": {""mean"": 72.230852, ""max"": 106.150757}, ""cpu_util_0"": {""mean"": 72.230852, ""max"": 106.150757}, ""cpu_util_1"": {""mean"": 72.230852, ""max"": 106.150757}, ""cpu_util_2"": {""mean"": 72.230852, ""max"": 106.150757}, ""cpu_util_3"": {""mean"": 72.230852, ""max"": 106.150757}, ""cpu_util_4"": {""mean"": 72.230852, ""max"": 106.150757}, ""cpu_util_5"": {""mean"": 72.230852, ""max"": 106.150757}, ""cpu_util_6"": {""mean"": 72.230852, ""max"": 106.150757}, ""cpu_util_7"": {""mean"": 72.230852, ""max"": 106.150757}, ""cpu_util_8"": {""mean"": 72.230852, ""max"": 106.150757}, ""cpu_util_9"": {""mean"": 72.230852, ""max"": 106.150757}, ""cpu_util_10"": {""mean"": 72.230852, ""max"": 106.150757}, ""cpu_util_11"": {""mean"": 72.230852, ""max"": 106.150757}, ""memory"": {""mean"": 0.6502075, ""max"": 0.650391}, ""io_read_count"": {""mean"": 10551.324855, ""max"": 10573.821502}, ""io_write_count"": {""mean"": 19.9457935, ""max"": 19.98832}, ""io_read"": {""mean"": 0.0, ""max"": 0.0}, ""io_write"": {""mean"": 0.0, ""max"": 0.0}, ""gpu_util_avg"": {""mean"": 0.0, ""max"": 0.0}, ""gpu_util_min"": {""mean"": 0.0, ""max"": 0.0}, ""gpu_util_max"": {""mean"": 0.0, ""max"": 0.0}, ""gpu_util_0"": {""mean"": 0.0, ""max"": 0.0}, ""gpu_band_avg"": {""mean"": 0.0, ""max"": 0.0}, ""gpu_band_min"": {""mean"": 0.0, ""max"": 0.0}, ""gpu_band_max"": {""mean"": 0.0, ""max"": 0.0}, ""gpu_band_0"": {""mean"": 0.0, ""max"": 0.0}, ""gpu_mem_avg"": {""mean"": 0.0, ""max"": 0.0}, ""gpu_mem_min"": {""mean"": 0.0, ""max"": 0.0}, ""gpu_mem_max"": {""mean"": 0.0, ""max"": 0.0}, ""gpu_mem_0"": {""mean"": 0.0, ""max"": 0.0}}","{""product"": {""kind"": ""array"", ""shape"": [2000, 2000], ""dtype"": ""float64"", ""mean"": 500.01872635521926, ""std"": 9.845639787888365, ""min"": 452.8252003037207, ""max"": 552.6527329950178}}","[JUmPER]: a benchmark measurement spent at least 9ms of its 92ms on 16671 page faults - the cost of touching memory inherited from the prefix rather than of the cell itself. Cells working over large Python objects are affected most, and the timing understates them. Re-run with --replay-mode full for a number that does not carry this.",
array_reduce,matmul,dill,dill,False,1,1,ok,0.087632,0.0,0.0647,3.0357,3.0543,,"{""cpu_util_avg"": {""mean"": 107.712449, ""max"": 107.712449}, ""cpu_util_min"": {""mean"": 107.712449, ""max"": 107.712449}, ""cpu_util_max"": {""mean"": 107.712449, ""max"": 107.712449}, ""cpu_util_0"": {""mean"": 107.712449, ""max"": 107.712449}, ""cpu_util_1"": {""mean"": 107.712449, ""max"": 107.712449}, ""cpu_util_2"": {""mean"": 107.712449, ""max"": 107.712449}, ""cpu_util_3"": {""mean"": 107.712449, ""max"": 107.712449}, ""cpu_util_4"": {""mean"": 107.712449, ""max"": 107.712449}, ""cpu_util_5"": {""mean"": 107.712449, ""max"": 107.712449}, ""cpu_util_6"": {""mean"": 107.712449, ""max"": 107.712449}, ""cpu_util_7"": {""mean"": 107.712449, ""max"": 107.712449}, ""cpu_util_8"": {""mean"": 107.712449, ""max"": 107.712449}, ""cpu_util_9"": {""mean"": 107.712449, ""max"": 107.712449}, ""cpu_util_10"": {""mean"": 107.712449, ""max"": 107.712449}, ""cpu_util_11"": {""mean"": 107.712449, ""max"": 107.712449}, ""memory"": {""mean"": 0.315315, ""max"": 0.315315}, ""io_read_count"": {""mean"": 0.0, ""max"": 0.0}, ""io_write_count"": {""mean"": 0.0, ""max"": 0.0}, ""io_read"": {""mean"": 0.0, ""max"": 0.0}, ""io_write"": {""mean"": 0.0, ""max"": 0.0}, ""gpu_util_avg"": {""mean"": 0.0, ""max"": 0.0}, ""gpu_util_min"": {""mean"": 0.0, ""max"": 0.0}, ""gpu_util_max"": {""mean"": 0.0, ""max"": 0.0}, ""gpu_util_0"": {""mean"": 0.0, ""max"": 0.0}, ""gpu_band_avg"": {""mean"": 0.0, ""max"": 0.0}, ""gpu_band_min"": {""mean"": 0.0, ""max"": 0.0}, ""gpu_band_max"": {""mean"": 0.0, ""max"": 0.0}, ""gpu_band_0"": {""mean"": 0.0, ""max"": 0.0}, ""gpu_mem_avg"": {""mean"": 0.0, ""max"": 0.0}, ""gpu_mem_min"": {""mean"": 0.0, ""max"": 0.0}, ""gpu_mem_max"": {""mean"": 0.0, ""max"": 0.0}, ""gpu_mem_0"": {""mean"": 0.0, ""max"": 0.0}}","{""product"": {""kind"": ""array"", ""shape"": [2000, 2000], ""dtype"": ""float64"", ""mean"": 500.01872635521926, ""std"": 9.845639787888365, ""min"": 452.8252003037207, ""max"": 552.6527329950178}}",,
array_reduce,matmul,full,full,False,1,2,ok,0.093526,0.13156,,3.2059,3.2273,,"{""cpu_util_avg"": {""mean"": 101.1646315, ""max"": 103.195652}, ""cpu_util_min"": {""mean"": 101.1646315, ""max"": 103.195652}, ""cpu_util_max"": {""mean"": 101.1646315, ""max"": 103.195652}, ""cpu_util_0"": {""mean"": 101.1646315, ""max"": 103.195652}, ""cpu_util_1"": {""mean"": 101.1646315, ""max"": 103.195652}, ""cpu_util_2"": {""mean"": 101.1646315, ""max"": 103.195652}, ""cpu_util_3"": {""mean"": 101.1646315, ""max"": 103.195652}, ""cpu_util_4"": {""mean"": 101.1646315, ""max"": 103.195652}, ""cpu_util_5"": {""mean"": 101.1646315, ""max"": 103.195652}, ""cpu_util_6"": {""mean"": 101.1646315, ""max"": 103.195652}, ""cpu_util_7"": {""mean"": 101.1646315, ""max"": 103.195652}, ""cpu_util_8"": {""mean"": 101.1646315, ""max"": 103.195652}, ""cpu_util_9"": {""mean"": 101.1646315, ""max"": 103.195652}, ""cpu_util_10"": {""mean"": 101.1646315, ""max"": 103.195652}, ""cpu_util_11"": {""mean"": 101.1646315, ""max"": 103.195652}, ""memory"": {""mean"": 0.315975, ""max"": 0.315975}, ""io_read_count"": {""mean"": 10555.7996495, ""max"": 10605.61617}, ""io_write_count"": {""mean"": 20.06806, ""max"": 20.162768}, ""io_read"": {""mean"": 0.0, ""max"": 0.0}, ""io_write"": {""mean"": 0.0, ""max"": 0.0}, ""gpu_util_avg"": {""mean"": 0.0, ""max"": 0.0}, ""gpu_util_min"": {""mean"": 0.0, ""max"": 0.0}, ""gpu_util_max"": {""mean"": 0.0, ""max"": 0.0}, ""gpu_util_0"": {""mean"": 0.0, ""max"": 0.0}, ""gpu_band_avg"": {""mean"": 0.0, ""max"": 0.0}, ""gpu_band_min"": {""mean"": 0.0, ""max"": 0.0}, ""gpu_band_max"": {""mean"": 0.0, ""max"": 0.0}, ""gpu_band_0"": {""mean"": 0.0, ""max"": 0.0}, ""gpu_mem_avg"": {""mean"": 0.0, ""max"": 0.0}, ""gpu_mem_min"": {""mean"": 0.0, ""max"": 0.0}, ""gpu_mem_max"": {""mean"": 0.0, ""max"": 0.0}, ""gpu_mem_0"": {""mean"": 0.0, ""max"": 0.0}}","{""product"": {""kind"": ""array"", ""shape"": [2000, 2000], ""dtype"": ""float64"", ""mean"": 500.01872635521926, ""std"": 9.845639787888365, ""min"": 452.8252003037207, ""max"": 552.6527329950178}}",,
array_reduce,matmul,dill,dill,False,2,0,ok,0.086743,0.0,0.0384,3.1336,3.156,,"{""cpu_util_avg"": {""mean"": 107.862582, ""max"": 107.862582}, ""cpu_util_min"": {""mean"": 107.862582, ""max"": 107.862582}, ""cpu_util_max"": {""mean"": 107.862582, ""max"": 107.862582}, ""cpu_util_0"": {""mean"": 107.862582, ""max"": 107.862582}, ""cpu_util_1"": {""mean"": 107.862582, ""max"": 107.862582}, ""cpu_util_2"": {""mean"": 107.862582, ""max"": 107.862582}, ""cpu_util_3"": {""mean"": 107.862582, ""max"": 107.862582}, ""cpu_util_4"": {""mean"": 107.862582, ""max"": 107.862582}, ""cpu_util_5"": {""mean"": 107.862582, ""max"": 107.862582}, ""cpu_util_6"": {""mean"": 107.862582, ""max"": 107.862582}, ""cpu_util_7"": {""mean"": 107.862582, ""max"": 107.862582}, ""cpu_util_8"": {""mean"": 107.862582, ""max"": 107.862582}, ""cpu_util_9"": {""mean"": 107.862582, ""max"": 107.862582}, ""cpu_util_10"": {""mean"": 107.862582, ""max"": 107.862582}, ""cpu_util_11"": {""mean"": 107.862582, ""max"": 107.862582}, ""memory"": {""mean"": 0.315498, ""max"": 0.315498}, ""io_read_count"": {""mean"": 0.0, ""max"": 0.0}, ""io_write_count"": {""mean"": 0.0, ""max"": 0.0}, ""io_read"": {""mean"": 0.0, ""max"": 0.0}, ""io_write"": {""mean"": 0.0, ""max"": 0.0}, ""gpu_util_avg"": {""mean"": 0.0, ""max"": 0.0}, ""gpu_util_min"": {""mean"": 0.0, ""max"": 0.0}, ""gpu_util_max"": {""mean"": 0.0, ""max"": 0.0}, ""gpu_util_0"": {""mean"": 0.0, ""max"": 0.0}, ""gpu_band_avg"": {""mean"": 0.0, ""max"": 0.0}, ""gpu_band_min"": {""mean"": 0.0, ""max"": 0.0}, ""gpu_band_max"": {""mean"": 0.0, ""max"": 0.0}, ""gpu_band_0"": {""mean"": 0.0, ""max"": 0.0}, ""gpu_mem_avg"": {""mean"": 0.0, ""max"": 0.0}, ""gpu_mem_min"": {""mean"": 0.0, ""max"": 0.0}, ""gpu_mem_max"": {""mean"": 0.0, ""max"": 0.0}, ""gpu_mem_0"": {""mean"": 0.0, ""max"": 0.0}}","{""product"": {""kind"": ""array"", ""shape"": [2000, 2000], ""dtype"": ""float64"", ""mean"": 500.01872635521926, ""std"": 9.845639787888365, ""min"": 452.8252003037207, ""max"": 552.6527329950178}}",,
array_reduce,matmul,full,full,False,2,1,ok,0.100781,0.264921,,3.2758,3.2953,,"{""cpu_util_avg"": {""mean"": 114.113493, ""max"": 126.684005}, ""cpu_util_min"": {""mean"": 114.113493, ""max"": 126.684005}, ""cpu_util_max"": {""mean"": 114.113493, ""max"": 126.684005}, ""cpu_util_0"": {""mean"": 114.113493, ""max"": 126.684005}, ""cpu_util_1"": {""mean"": 114.113493, ""max"": 126.684005}, ""cpu_util_2"": {""mean"": 114.113493, ""max"": 126.684005}, ""cpu_util_3"": {""mean"": 114.113493, ""max"": 126.684005}, ""cpu_util_4"": {""mean"": 114.113493, ""max"": 126.684005}, ""cpu_util_5"": {""mean"": 114.113493, ""max"": 126.684005}, ""cpu_util_6"": {""mean"": 114.113493, ""max"": 126.684005}, ""cpu_util_7"": {""mean"": 114.113493, ""max"": 126.684005}, ""cpu_util_8"": {""mean"": 114.113493, ""max"": 126.684005}, ""cpu_util_9"": {""mean"": 114.113493, ""max"": 126.684005}, ""cpu_util_10"": {""mean"": 114.113493, ""max"": 126.684005}, ""cpu_util_11"": {""mean"": 114.113493, ""max"": 126.684005}, ""memory"": {""mean"": 0.31647899999999995, ""max"": 0.316723}, ""io_read_count"": {""mean"": 10514.3207815, ""max"": 10521.439962}, ""io_write_count"": {""mean"": 19.989203, ""max"": 20.002738}, ""io_read"": {""mean"": 0.0, ""max"": 0.0}, ""io_write"": {""mean"": 0.0, ""max"": 0.0}, ""gpu_util_avg"": {""mean"": 0.0, ""max"": 0.0}, ""gpu_util_min"": {""mean"": 0.0, ""max"": 0.0}, ""gpu_util_max"": {""mean"": 0.0, ""max"": 0.0}, ""gpu_util_0"": {""mean"": 0.0, ""max"": 0.0}, ""gpu_band_avg"": {""mean"": 0.0, ""max"": 0.0}, ""gpu_band_min"": {""mean"": 0.0, ""max"": 0.0}, ""gpu_band_max"": {""mean"": 0.0, ""max"": 0.0}, ""gpu_band_0"": {""mean"": 0.0, ""max"": 0.0}, ""gpu_mem_avg"": {""mean"": 0.0, ""max"": 0.0}, ""gpu_mem_min"": {""mean"": 0.0, ""max"": 0.0}, ""gpu_mem_max"": {""mean"": 0.0, ""max"": 0.0}, ""gpu_mem_0"": {""mean"": 0.0, ""max"": 0.0}}","{""product"": {""kind"": ""array"", ""shape"": [2000, 2000], ""dtype"": ""float64"", ""mean"": 500.01872635521926, ""std"": 9.845639787888365, ""min"": 452.8252003037207, ""max"": 552.6527329950178}}",,
array_reduce,matmul,fork,fork,False,2,2,ok,0.08984,0.0,,0.2806,0.3004,16528.0,"{""cpu_util_avg"": {""mean"": 71.8830345, ""max"": 104.42898}, ""cpu_util_min"": {""mean"": 71.8830345, ""max"": 104.42898}, ""cpu_util_max"": {""mean"": 71.8830345, ""max"": 104.42898}, ""cpu_util_0"": {""mean"": 71.8830345, ""max"": 104.42898}, ""cpu_util_1"": {""mean"": 71.8830345, ""max"": 104.42898}, ""cpu_util_2"": {""mean"": 71.8830345, ""max"": 104.42898}, ""cpu_util_3"": {""mean"": 71.8830345, ""max"": 104.42898}, ""cpu_util_4"": {""mean"": 71.8830345, ""max"": 104.42898}, ""cpu_util_5"": {""mean"": 71.8830345, ""max"": 104.42898}, ""cpu_util_6"": {""mean"": 71.8830345, ""max"": 104.42898}, ""cpu_util_7"": {""mean"": 71.8830345, ""max"": 104.42898}, ""cpu_util_8"": {""mean"": 71.8830345, ""max"": 104.42898}, ""cpu_util_9"": {""mean"": 71.8830345, ""max"": 104.42898}, ""cpu_util_10"": {""mean"": 71.8830345, ""max"": 104.42898}, ""cpu_util_11"": {""mean"": 71.8830345, ""max"": 104.42898}, ""memory"": {""mean"": 0.650822, ""max"": 0.651005}, ""io_read_count"": {""mean"": 11153.8034825, ""max"": 11809.32469}, ""io_write_count"": {""mean"": 20.060798, ""max"": 21.239793}, ""io_read"": {""mean"": 0.0, ""max"": 0.0}, ""io_write"": {""mean"": 0.0, ""max"": 0.0}, ""gpu_util_avg"": {""mean"": 0.0, ""max"": 0.0}, ""gpu_util_min"": {""mean"": 0.0, ""max"": 0.0}, ""gpu_util_max"": {""mean"": 0.0, ""max"": 0.0}, ""gpu_util_0"": {""mean"": 0.0, ""max"": 0.0}, ""gpu_band_avg"": {""mean"": 0.0, ""max"": 0.0}, ""gpu_band_min"": {""mean"": 0.0, ""max"": 0.0}, ""gpu_band_max"": {""mean"": 0.0, ""max"": 0.0}, ""gpu_band_0"": {""mean"": 0.0, ""max"": 0.0}, ""gpu_mem_avg"": {""mean"": 0.0, ""max"": 0.0}, ""gpu_mem_min"": {""mean"": 0.0, ""max"": 0.0}, ""gpu_mem_max"": {""mean"": 0.0, ""max"": 0.0}, ""gpu_mem_0"": {""mean"": 0.0, ""max"": 0.0}}","{""product"": {""kind"": ""array"", ""shape"": [2000, 2000], ""dtype"": ""float64"", ""mean"": 500.01872635521926, ""std"": 9.845639787888365, ""min"": 452.8252003037207, ""max"": 552.6527329950178}}","[JUmPER]: a benchmark measurement spent at least 9ms of its 90ms on 16528 page faults - the cost of touching memory inherited from the prefix rather than of the cell itself. Cells working over large Python objects are affected most, and the timing understates them. Re-run with --replay-mode full for a number that does not carry this.",
array_reduce,matmul,full,full,False,3,0,ok,0.108395,0.12767,,3.2406,3.2614,,"{""cpu_util_avg"": {""mean"": 103.3197995, ""max"": 108.382014}, ""cpu_util_min"": {""mean"": 103.3197995, ""max"": 108.382014}, ""cpu_util_max"": {""mean"": 103.3197995, ""max"": 108.382014}, ""cpu_util_0"": {""mean"": 103.3197995, ""max"": 108.382014}, ""cpu_util_1"": {""mean"": 103.3197995, ""max"": 108.382014}, ""cpu_util_2"": {""mean"": 103.3197995, ""max"": 108.382014}, ""cpu_util_3"": {""mean"": 103.3197995, ""max"": 108.382014}, ""cpu_util_4"": {""mean"": 103.3197995, ""max"": 108.382014}, ""cpu_util_5"": {""mean"": 103.3197995, ""max"": 108.382014}, ""cpu_util_6"": {""mean"": 103.3197995, ""max"": 108.382014}, ""cpu_util_7"": {""mean"": 103.3197995, ""max"": 108.382014}, ""cpu_util_8"": {""mean"": 103.3197995, ""max"": 108.382014}, ""cpu_util_9"": {""mean"": 103.3197995, ""max"": 108.382014}, ""cpu_util_10"": {""mean"": 103.3197995, ""max"": 108.382014}, ""cpu_util_11"": {""mean"": 103.3197995, ""max"": 108.382014}, ""memory"": {""mean"": 0.316303, ""max"": 0.316364}, ""io_read_count"": {""mean"": 10518.3117255, ""max"": 10524.727283}, ""io_write_count"": {""mean"": 19.99679, ""max"": 20.008987}, ""io_read"": {""mean"": 0.0, ""max"": 0.0}, ""io_write"": {""mean"": 0.0, ""max"": 0.0}, ""gpu_util_avg"": {""mean"": 0.0, ""max"": 0.0}, ""gpu_util_min"": {""mean"": 0.0, ""max"": 0.0}, ""gpu_util_max"": {""mean"": 0.0, ""max"": 0.0}, ""gpu_util_0"": {""mean"": 0.0, ""max"": 0.0}, ""gpu_band_avg"": {""mean"": 0.0, ""max"": 0.0}, ""gpu_band_min"": {""mean"": 0.0, ""max"": 0.0}, ""gpu_band_max"": {""mean"": 0.0, ""max"": 0.0}, ""gpu_band_0"": {""mean"": 0.0, ""max"": 0.0}, ""gpu_mem_avg"": {""mean"": 0.0, ""max"": 0.0}, ""gpu_mem_min"": {""mean"": 0.0, ""max"": 0.0}, ""gpu_mem_max"": {""mean"": 0.0, ""max"": 0.0}, ""gpu_mem_0"": {""mean"": 0.0, ""max"": 0.0}}","{""product"": {""kind"": ""array"", ""shape"": [2000, 2000], ""dtype"": ""float64"", ""mean"": 500.01872635521926, ""std"": 9.845639787888365, ""min"": 452.8252003037207, ""max"": 552.6527329950178}}",,
array_reduce,matmul,fork,fork,False,3,1,ok,0.089794,0.0,,0.2854,0.3044,16456.0,"{""cpu_util_avg"": {""mean"": 71.9571055, ""max"": 108.336929}, ""cpu_util_min"": {""mean"": 71.9571055, ""max"": 108.336929}, ""cpu_util_max"": {""mean"": 71.9571055, ""max"": 108.336929}, ""cpu_util_0"": {""mean"": 71.9571055, ""max"": 108.336929}, ""cpu_util_1"": {""mean"": 71.9571055, ""max"": 108.336929}, ""cpu_util_2"": {""mean"": 71.9571055, ""max"": 108.336929}, ""cpu_util_3"": {""mean"": 71.9571055, ""max"": 108.336929}, ""cpu_util_4"": {""mean"": 71.9571055, ""max"": 108.336929}, ""cpu_util_5"": {""mean"": 71.9571055, ""max"": 108.336929}, ""cpu_util_6"": {""mean"": 71.9571055, ""max"": 108.336929}, ""cpu_util_7"": {""mean"": 71.9571055, ""max"": 108.336929}, ""cpu_util_8"": {""mean"": 71.9571055, ""max"": 108.336929}, ""cpu_util_9"": {""mean"": 71.9571055, ""max"": 108.336929}, ""cpu_util_10"": {""mean"": 71.9571055, ""max"": 108.336929}, ""cpu_util_11"": {""mean"": 71.9571055, ""max"": 108.336929}, ""memory"": {""mean"": 0.6504555, ""max"": 0.650639}, ""io_read_count"": {""mean"": 10590.9492335, ""max"": 10916.235332}, ""io_write_count"": {""mean"": 20.020698, ""max"": 20.635606}, ""io_read"": {""mean"": 0.0, ""max"": 0.0}, ""io_write"": {""mean"": 0.0, ""max"": 0.0}, ""gpu_util_avg"": {""mean"": 0.0, ""max"": 0.0}, ""gpu_util_min"": {""mean"": 0.0, ""max"": 0.0}, ""gpu_util_max"": {""mean"": 0.0, ""max"": 0.0}, ""gpu_util_0"": {""mean"": 0.0, ""max"": 0.0}, ""gpu_band_avg"": {""mean"": 0.0, ""max"": 0.0}, ""gpu_band_min"": {""mean"": 0.0, ""max"": 0.0}, ""gpu_band_max"": {""mean"": 0.0, ""max"": 0.0}, ""gpu_band_0"": {""mean"": 0.0, ""max"": 0.0}, ""gpu_mem_avg"": {""mean"": 0.0, ""max"": 0.0}, ""gpu_mem_min"": {""mean"": 0.0, ""max"": 0.0}, ""gpu_mem_max"": {""mean"": 0.0, ""max"": 0.0}, ""gpu_mem_0"": {""mean"": 0.0, ""max"": 0.0}}","{""product"": {""kind"": ""array"", ""shape"": [2000, 2000], ""dtype"": ""float64"", ""mean"": 500.01872635521926, ""std"": 9.845639787888365, ""min"": 452.8252003037207, ""max"": 552.6527329950178}}","[JUmPER]: a benchmark measurement spent at least 9ms of its 90ms on 16456 page faults - the cost of touching memory inherited from the prefix rather than of the cell itself. Cells working over large Python objects are affected most, and the timing understates them. Re-run with --replay-mode full for a number that does not carry this.",
array_reduce,matmul,dill,dill,False,3,2,ok,0.079486,0.0,0.0485,3.1097,3.1302,,"{""cpu_util_avg"": {""mean"": 105.975263, ""max"": 105.975263}, ""cpu_util_min"": {""mean"": 105.975263, ""max"": 105.975263}, ""cpu_util_max"": {""mean"": 105.975263, ""max"": 105.975263}, ""cpu_util_0"": {""mean"": 105.975263, ""max"": 105.975263}, ""cpu_util_1"": {""mean"": 105.975263, ""max"": 105.975263}, ""cpu_util_2"": {""mean"": 105.975263, ""max"": 105.975263}, ""cpu_util_3"": {""mean"": 105.975263, ""max"": 105.975263}, ""cpu_util_4"": {""mean"": 105.975263, ""max"": 105.975263}, ""cpu_util_5"": {""mean"": 105.975263, ""max"": 105.975263}, ""cpu_util_6"": {""mean"": 105.975263, ""max"": 105.975263}, ""cpu_util_7"": {""mean"": 105.975263, ""max"": 105.975263}, ""cpu_util_8"": {""mean"": 105.975263, ""max"": 105.975263}, ""cpu_util_9"": {""mean"": 105.975263, ""max"": 105.975263}, ""cpu_util_10"": {""mean"": 105.975263, ""max"": 105.975263}, ""cpu_util_11"": {""mean"": 105.975263, ""max"": 105.975263}, ""memory"": {""mean"": 0.315292, ""max"": 0.315292}, ""io_read_count"": {""mean"": 0.0, ""max"": 0.0}, ""io_write_count"": {""mean"": 0.0, ""max"": 0.0}, ""io_read"": {""mean"": 0.0, ""max"": 0.0}, ""io_write"": {""mean"": 0.0, ""max"": 0.0}, ""gpu_util_avg"": {""mean"": 0.0, ""max"": 0.0}, ""gpu_util_min"": {""mean"": 0.0, ""max"": 0.0}, ""gpu_util_max"": {""mean"": 0.0, ""max"": 0.0}, ""gpu_util_0"": {""mean"": 0.0, ""max"": 0.0}, ""gpu_band_avg"": {""mean"": 0.0, ""max"": 0.0}, ""gpu_band_min"": {""mean"": 0.0, ""max"": 0.0}, ""gpu_band_max"": {""mean"": 0.0, ""max"": 0.0}, ""gpu_band_0"": {""mean"": 0.0, ""max"": 0.0}, ""gpu_mem_avg"": {""mean"": 0.0, ""max"": 0.0}, ""gpu_mem_min"": {""mean"": 0.0, ""max"": 0.0}, ""gpu_mem_max"": {""mean"": 0.0, ""max"": 0.0}, ""gpu_mem_0"": {""mean"": 0.0, ""max"": 0.0}}","{""product"": {""kind"": ""array"", ""shape"": [2000, 2000], ""dtype"": ""float64"", ""mean"": 500.01872635521926, ""std"": 9.845639787888365, ""min"": 452.8252003037207, ""max"": 552.6527329950178}}",,
array_reduce,matmul,fork,fork,False,4,0,ok,0.087736,0.0,,0.3401,0.36,16603.0,"{""cpu_util_avg"": {""mean"": 86.001326, ""max"": 86.001326}, ""cpu_util_min"": {""mean"": 86.001326, ""max"": 86.001326}, ""cpu_util_max"": {""mean"": 86.001326, ""max"": 86.001326}, ""cpu_util_0"": {""mean"": 86.001326, ""max"": 86.001326}, ""cpu_util_1"": {""mean"": 86.001326, ""max"": 86.001326}, ""cpu_util_2"": {""mean"": 86.001326, ""max"": 86.001326}, ""cpu_util_3"": {""mean"": 86.001326, ""max"": 86.001326}, ""cpu_util_4"": {""mean"": 86.001326, ""max"": 86.001326}, ""cpu_util_5"": {""mean"": 86.001326, ""max"": 86.001326}, ""cpu_util_6"": {""mean"": 86.001326, ""max"": 86.001326}, ""cpu_util_7"": {""mean"": 86.001326, ""max"": 86.001326}, ""cpu_util_8"": {""mean"": 86.001326, ""max"": 86.001326}, ""cpu_util_9"": {""mean"": 86.001326, ""max"": 86.001326}, ""cpu_util_10"": {""mean"": 86.001326, ""max"": 86.001326}, ""cpu_util_11"": {""mean"": 86.001326, ""max"": 86.001326}, ""memory"": {""mean"": 0.651127, ""max"": 0.651127}, ""io_read_count"": {""mean"": 9926.116669, ""max"": 9926.116669}, ""io_write_count"": {""mean"": 18.763926, ""max"": 18.763926}, ""io_read"": {""mean"": 0.0, ""max"": 0.0}, ""io_write"": {""mean"": 0.0, ""max"": 0.0}, ""gpu_util_avg"": {""mean"": 0.0, ""max"": 0.0}, ""gpu_util_min"": {""mean"": 0.0, ""max"": 0.0}, ""gpu_util_max"": {""mean"": 0.0, ""max"": 0.0}, ""gpu_util_0"": {""mean"": 0.0, ""max"": 0.0}, ""gpu_band_avg"": {""mean"": 0.0, ""max"": 0.0}, ""gpu_band_min"": {""mean"": 0.0, ""max"": 0.0}, ""gpu_band_max"": {""mean"": 0.0, ""max"": 0.0}, ""gpu_band_0"": {""mean"": 0.0, ""max"": 0.0}, ""gpu_mem_avg"": {""mean"": 0.0, ""max"": 0.0}, ""gpu_mem_min"": {""mean"": 0.0, ""max"": 0.0}, ""gpu_mem_max"": {""mean"": 0.0, ""max"": 0.0}, ""gpu_mem_0"": {""mean"": 0.0, ""max"": 0.0}}","{""product"": {""kind"": ""array"", ""shape"": [2000, 2000], ""dtype"": ""float64"", ""mean"": 500.01872635521926, ""std"": 9.845639787888365, ""min"": 452.8252003037207, ""max"": 552.6527329950178}}","[JUmPER]: a benchmark measurement spent at least 9ms of its 88ms on 16603 page faults - the cost of touching memory inherited from the prefix rather than of the cell itself. Cells working over large Python objects are affected most, and the timing understates them. Re-run with --replay-mode full for a number that does not carry this.",
array_reduce,matmul,dill,dill,False,4,1,ok,0.113965,0.0,0.0487,3.4311,3.4511,,"{""cpu_util_avg"": {""mean"": 101.023889, ""max"": 106.312226}, ""cpu_util_min"": {""mean"": 101.023889, ""max"": 106.312226}, ""cpu_util_max"": {""mean"": 101.023889, ""max"": 106.312226}, ""cpu_util_0"": {""mean"": 101.023889, ""max"": 106.312226}, ""cpu_util_1"": {""mean"": 101.023889, ""max"": 106.312226}, ""cpu_util_2"": {""mean"": 101.023889, ""max"": 106.312226}, ""cpu_util_3"": {""mean"": 101.023889, ""max"": 106.312226}, ""cpu_util_4"": {""mean"": 101.023889, ""max"": 106.312226}, ""cpu_util_5"": {""mean"": 101.023889, ""max"": 106.312226}, ""cpu_util_6"": {""mean"": 101.023889, ""max"": 106.312226}, ""cpu_util_7"": {""mean"": 101.023889, ""max"": 106.312226}, ""cpu_util_8"": {""mean"": 101.023889, ""max"": 106.312226}, ""cpu_util_9"": {""mean"": 101.023889, ""max"": 106.312226}, ""cpu_util_10"": {""mean"": 101.023889, ""max"": 106.312226}, ""cpu_util_11"": {""mean"": 101.023889, ""max"": 106.312226}, ""memory"": {""mean"": 0.3155365, ""max"": 0.315659}, ""io_read_count"": {""mean"": 5500.350577, ""max"": 11000.701154}, ""io_write_count"": {""mean"": 10.4569405, ""max"": 20.913881}, ""io_read"": {""mean"": 0.0, ""max"": 0.0}, ""io_write"": {""mean"": 0.0, ""max"": 0.0}, ""gpu_util_avg"": {""mean"": 0.0, ""max"": 0.0}, ""gpu_util_min"": {""mean"": 0.0, ""max"": 0.0}, ""gpu_util_max"": {""mean"": 0.0, ""max"": 0.0}, ""gpu_util_0"": {""mean"": 0.0, ""max"": 0.0}, ""gpu_band_avg"": {""mean"": 0.0, ""max"": 0.0}, ""gpu_band_min"": {""mean"": 0.0, ""max"": 0.0}, ""gpu_band_max"": {""mean"": 0.0, ""max"": 0.0}, ""gpu_band_0"": {""mean"": 0.0, ""max"": 0.0}, ""gpu_mem_avg"": {""mean"": 0.0, ""max"": 0.0}, ""gpu_mem_min"": {""mean"": 0.0, ""max"": 0.0}, ""gpu_mem_max"": {""mean"": 0.0, ""max"": 0.0}, ""gpu_mem_0"": {""mean"": 0.0, ""max"": 0.0}}","{""product"": {""kind"": ""array"", ""shape"": [2000, 2000], ""dtype"": ""float64"", ""mean"": 500.01872635521926, ""std"": 9.845639787888365, ""min"": 452.8252003037207, ""max"": 552.6527329950178}}",,
array_reduce,matmul,full,full,False,4,2,ok,0.150441,0.138191,,3.4592,3.4826,,"{""cpu_util_avg"": {""mean"": 107.375487, ""max"": 109.706168}, ""cpu_util_min"": {""mean"": 107.375487, ""max"": 109.706168}, ""cpu_util_max"": {""mean"": 107.375487, ""max"": 109.706168}, ""cpu_util_0"": {""mean"": 107.375487, ""max"": 109.706168}, ""cpu_util_1"": {""mean"": 107.375487, ""max"": 109.706168}, ""cpu_util_2"": {""mean"": 107.375487, ""max"": 109.706168}, ""cpu_util_3"": {""mean"": 107.375487, ""max"": 109.706168}, ""cpu_util_4"": {""mean"": 107.375487, ""max"": 109.706168}, ""cpu_util_5"": {""mean"": 107.375487, ""max"": 109.706168}, ""cpu_util_6"": {""mean"": 107.375487, ""max"": 109.706168}, ""cpu_util_7"": {""mean"": 107.375487, ""max"": 109.706168}, ""cpu_util_8"": {""mean"": 107.375487, ""max"": 109.706168}, ""cpu_util_9"": {""mean"": 107.375487, ""max"": 109.706168}, ""cpu_util_10"": {""mean"": 107.375487, ""max"": 109.706168}, ""cpu_util_11"": {""mean"": 107.375487, ""max"": 109.706168}, ""memory"": {""mean"": 0.315647, ""max"": 0.315647}, ""io_read_count"": {""mean"": 10574.096581666667, ""max"": 11541.088831}, ""io_write_count"": {""mean"": 20.10284533333333, ""max"": 21.941234}, ""io_read"": {""mean"": 0.0, ""max"": 0.0}, ""io_write"": {""mean"": 0.0, ""max"": 0.0}, ""gpu_util_avg"": {""mean"": 0.0, ""max"": 0.0}, ""gpu_util_min"": {""mean"": 0.0, ""max"": 0.0}, ""gpu_util_max"": {""mean"": 0.0, ""max"": 0.0}, ""gpu_util_0"": {""mean"": 0.0, ""max"": 0.0}, ""gpu_band_avg"": {""mean"": 0.0, ""max"": 0.0}, ""gpu_band_min"": {""mean"": 0.0, ""max"": 0.0}, ""gpu_band_max"": {""mean"": 0.0, ""max"": 0.0}, ""gpu_band_0"": {""mean"": 0.0, ""max"": 0.0}, ""gpu_mem_avg"": {""mean"": 0.0, ""max"": 0.0}, ""gpu_mem_min"": {""mean"": 0.0, ""max"": 0.0}, ""gpu_mem_max"": {""mean"": 0.0, ""max"": 0.0}, ""gpu_mem_0"": {""mean"": 0.0, ""max"": 0.0}}","{""product"": {""kind"": ""array"", ""shape"": [2000, 2000], ""dtype"": ""float64"", ""mean"": 500.01872635521926, ""std"": 9.845639787888365, ""min"": 452.8252003037207, ""max"": 552.6527329950178}}",,
array_reduce,matmul,dill,dill,False,5,0,ok,0.129995,0.0,0.0456,3.563,3.5856,,"{""cpu_util_avg"": {""mean"": 107.4223535, ""max"": 133.641772}, ""cpu_util_min"": {""mean"": 107.4223535, ""max"": 133.641772}, ""cpu_util_max"": {""mean"": 107.4223535, ""max"": 133.641772}, ""cpu_util_0"": {""mean"": 107.4223535, ""max"": 133.641772}, ""cpu_util_1"": {""mean"": 107.4223535, ""max"": 133.641772}, ""cpu_util_2"": {""mean"": 107.4223535, ""max"": 133.641772}, ""cpu_util_3"": {""mean"": 107.4223535, ""max"": 133.641772}, ""cpu_util_4"": {""mean"": 107.4223535, ""max"": 133.641772}, ""cpu_util_5"": {""mean"": 107.4223535, ""max"": 133.641772}, ""cpu_util_6"": {""mean"": 107.4223535, ""max"": 133.641772}, ""cpu_util_7"": {""mean"": 107.4223535, ""max"": 133.641772}, ""cpu_util_8"": {""mean"": 107.4223535, ""max"": 133.641772}, ""cpu_util_9"": {""mean"": 107.4223535, ""max"": 133.641772}, ""cpu_util_10"": {""mean"": 107.4223535, ""max"": 133.641772}, ""cpu_util_11"": {""mean"": 107.4223535, ""max"": 133.641772}, ""memory"": {""mean"": 0.315731, ""max"": 0.316402}, ""io_read_count"": {""mean"": 3882.976707, ""max"": 7765.953414}, ""io_write_count"": {""mean"": 14.76417, ""max"": 29.52834}, ""io_read"": {""mean"": 0.0, ""max"": 0.0}, ""io_write"": {""mean"": 30237.0201385, ""max"": 60474.040277}, ""gpu_util_avg"": {""mean"": 0.0, ""max"": 0.0}, ""gpu_util_min"": {""mean"": 0.0, ""max"": 0.0}, ""gpu_util_max"": {""mean"": 0.0, ""max"": 0.0}, ""gpu_util_0"": {""mean"": 0.0, ""max"": 0.0}, ""gpu_band_avg"": {""mean"": 0.0, ""max"": 0.0}, ""gpu_band_min"": {""mean"": 0.0, ""max"": 0.0}, ""gpu_band_max"": {""mean"": 0.0, ""max"": 0.0}, ""gpu_band_0"": {""mean"": 0.0, ""max"": 0.0}, ""gpu_mem_avg"": {""mean"": 0.0, ""max"": 0.0}, ""gpu_mem_min"": {""mean"": 0.0, ""max"": 0.0}, ""gpu_mem_max"": {""mean"": 0.0, ""max"": 0.0}, ""gpu_mem_0"": {""mean"": 0.0, ""max"": 0.0}}","{""product"": {""kind"": ""array"", ""shape"": [2000, 2000], ""dtype"": ""float64"", ""mean"": 500.01872635521926, ""std"": 9.845639787888365, ""min"": 452.8252003037207, ""max"": 552.6527329950178}}",,
array_reduce,matmul,full,full,False,5,1,ok,0.121568,0.177876,,3.3461,3.3659,,"{""cpu_util_avg"": {""mean"": 95.3168095, ""max"": 98.098333}, ""cpu_util_min"": {""mean"": 95.3168095, ""max"": 98.098333}, ""cpu_util_max"": {""mean"": 95.3168095, ""max"": 98.098333}, ""cpu_util_0"": {""mean"": 95.3168095, ""max"": 98.098333}, ""cpu_util_1"": {""mean"": 95.3168095, ""max"": 98.098333}, ""cpu_util_2"": {""mean"": 95.3168095, ""max"": 98.098333}, ""cpu_util_3"": {""mean"": 95.3168095, ""max"": 98.098333}, ""cpu_util_4"": {""mean"": 95.3168095, ""max"": 98.098333}, ""cpu_util_5"": {""mean"": 95.3168095, ""max"": 98.098333}, ""cpu_util_6"": {""mean"": 95.3168095, ""max"": 98.098333}, ""cpu_util_7"": {""mean"": 95.3168095, ""max"": 98.098333}, ""cpu_util_8"": {""mean"": 95.3168095, ""max"": 98.098333}, ""cpu_util_9"": {""mean"": 95.3168095, ""max"": 98.098333}, ""cpu_util_10"": {""mean"": 95.3168095, ""max"": 98.098333}, ""cpu_util_11"": {""mean"": 95.3168095, ""max"": 98.098333}, ""memory"": {""mean"": 0.31662, ""max"": 0.31662}, ""io_read_count"": {""mean"": 11260.464478999998, ""max"": 11447.456126}, ""io_write_count"": {""mean"": 20.07086, ""max"": 20.189517}, ""io_read"": {""mean"": 0.0, ""max"": 0.0}, ""io_write"": {""mean"": 0.0, ""max"": 0.0}, ""gpu_util_avg"": {""mean"": 0.0, ""max"": 0.0}, ""gpu_util_min"": {""mean"": 0.0, ""max"": 0.0}, ""gpu_util_max"": {""mean"": 0.0, ""max"": 0.0}, ""gpu_util_0"": {""mean"": 0.0, ""max"": 0.0}, ""gpu_band_avg"": {""mean"": 0.0, ""max"": 0.0}, ""gpu_band_min"": {""mean"": 0.0, ""max"": 0.0}, ""gpu_band_max"": {""mean"": 0.0, ""max"": 0.0}, ""gpu_band_0"": {""mean"": 0.0, ""max"": 0.0}, ""gpu_mem_avg"": {""mean"": 0.0, ""max"": 0.0}, ""gpu_mem_min"": {""mean"": 0.0, ""max"": 0.0}, ""gpu_mem_max"": {""mean"": 0.0, ""max"": 0.0}, ""gpu_mem_0"": {""mean"": 0.0, ""max"": 0.0}}","{""product"": {""kind"": ""array"", ""shape"": [2000, 2000], ""dtype"": ""float64"", ""mean"": 500.01872635521926, ""std"": 9.845639787888365, ""min"": 452.8252003037207, ""max"": 552.6527329950178}}",,
array_reduce,matmul,fork,fork,False,5,2,ok,0.100221,0.0,,0.3052,0.3258,15227.0,"{""cpu_util_avg"": {""mean"": 72.9014735, ""max"": 109.50979}, ""cpu_util_min"": {""mean"": 72.9014735, ""max"": 109.50979}, ""cpu_util_max"": {""mean"": 72.9014735, ""max"": 109.50979}, ""cpu_util_0"": {""mean"": 72.9014735, ""max"": 109.50979}, ""cpu_util_1"": {""mean"": 72.9014735, ""max"": 109.50979}, ""cpu_util_2"": {""mean"": 72.9014735, ""max"": 109.50979}, ""cpu_util_3"": {""mean"": 72.9014735, ""max"": 109.50979}, ""cpu_util_4"": {""mean"": 72.9014735, ""max"": 109.50979}, ""cpu_util_5"": {""mean"": 72.9014735, ""max"": 109.50979}, ""cpu_util_6"": {""mean"": 72.9014735, ""max"": 109.50979}, ""cpu_util_7"": {""mean"": 72.9014735, ""max"": 109.50979}, ""cpu_util_8"": {""mean"": 72.9014735, ""max"": 109.50979}, ""cpu_util_9"": {""mean"": 72.9014735, ""max"": 109.50979}, ""cpu_util_10"": {""mean"": 72.9014735, ""max"": 109.50979}, ""cpu_util_11"": {""mean"": 72.9014735, ""max"": 109.50979}, ""memory"": {""mean"": 0.6507609999999999, ""max"": 0.651005}, ""io_read_count"": {""mean"": 11483.8629015, ""max"": 11604.668255}, ""io_write_count"": {""mean"": 20.00673, ""max"": 20.217192}, ""io_read"": {""mean"": 0.0, ""max"": 0.0}, ""io_write"": {""mean"": 0.0, ""max"": 0.0}, ""gpu_util_avg"": {""mean"": 0.0, ""max"": 0.0}, ""gpu_util_min"": {""mean"": 0.0, ""max"": 0.0}, ""gpu_util_max"": {""mean"": 0.0, ""max"": 0.0}, ""gpu_util_0"": {""mean"": 0.0, ""max"": 0.0}, ""gpu_band_avg"": {""mean"": 0.0, ""max"": 0.0}, ""gpu_band_min"": {""mean"": 0.0, ""max"": 0.0}, ""gpu_band_max"": {""mean"": 0.0, ""max"": 0.0}, ""gpu_band_0"": {""mean"": 0.0, ""max"": 0.0}, ""gpu_mem_avg"": {""mean"": 0.0, ""max"": 0.0}, ""gpu_mem_min"": {""mean"": 0.0, ""max"": 0.0}, ""gpu_mem_max"": {""mean"": 0.0, ""max"": 0.0}, ""gpu_mem_0"": {""mean"": 0.0, ""max"": 0.0}}","{""product"": {""kind"": ""array"", ""shape"": [2000, 2000], ""dtype"": ""float64"", ""mean"": 500.01872635521926, ""std"": 9.845639787888365, ""min"": 452.8252003037207, ""max"": 552.6527329950178}}","[JUmPER]: a benchmark measurement spent at least 8ms of its 100ms on 15227 page faults - the cost of touching memory inherited from the prefix rather than of the cell itself. Cells working over large Python objects are affected most, and the timing understates them. Re-run with --replay-mode full for a number that does not carry this.",
array_reduce,matmul,full,full,False,6,0,ok,0.081507,0.135655,,3.1826,3.2034,,"{""cpu_util_avg"": {""mean"": 103.3290025, ""max"": 119.983994}, ""cpu_util_min"": {""mean"": 103.3290025, ""max"": 119.983994}, ""cpu_util_max"": {""mean"": 103.3290025, ""max"": 119.983994}, ""cpu_util_0"": {""mean"": 103.3290025, ""max"": 119.983994}, ""cpu_util_1"": {""mean"": 103.3290025, ""max"": 119.983994}, ""cpu_util_2"": {""mean"": 103.3290025, ""max"": 119.983994}, ""cpu_util_3"": {""mean"": 103.3290025, ""max"": 119.983994}, ""cpu_util_4"": {""mean"": 103.3290025, ""max"": 119.983994}, ""cpu_util_5"": {""mean"": 103.3290025, ""max"": 119.983994}, ""cpu_util_6"": {""mean"": 103.3290025, ""max"": 119.983994}, ""cpu_util_7"": {""mean"": 103.3290025, ""max"": 119.983994}, ""cpu_util_8"": {""mean"": 103.3290025, ""max"": 119.983994}, ""cpu_util_9"": {""mean"": 103.3290025, ""max"": 119.983994}, ""cpu_util_10"": {""mean"": 103.3290025, ""max"": 119.983994}, ""cpu_util_11"": {""mean"": 103.3290025, ""max"": 119.983994}, ""memory"": {""mean"": 0.316338, ""max"": 0.316338}, ""io_read_count"": {""mean"": 10879.735426, ""max"": 10880.922051}, ""io_write_count"": {""mean"": 19.9995135, ""max"": 20.001695}, ""io_read"": {""mean"": 0.0, ""max"": 0.0}, ""io_write"": {""mean"": 0.0, ""max"": 0.0}, ""gpu_util_avg"": {""mean"": 0.0, ""max"": 0.0}, ""gpu_util_min"": {""mean"": 0.0, ""max"": 0.0}, ""gpu_util_max"": {""mean"": 0.0, ""max"": 0.0}, ""gpu_util_0"": {""mean"": 0.0, ""max"": 0.0}, ""gpu_band_avg"": {""mean"": 0.0, ""max"": 0.0}, ""gpu_band_min"": {""mean"": 0.0, ""max"": 0.0}, ""gpu_band_max"": {""mean"": 0.0, ""max"": 0.0}, ""gpu_band_0"": {""mean"": 0.0, ""max"": 0.0}, ""gpu_mem_avg"": {""mean"": 0.0, ""max"": 0.0}, ""gpu_mem_min"": {""mean"": 0.0, ""max"": 0.0}, ""gpu_mem_max"": {""mean"": 0.0, ""max"": 0.0}, ""gpu_mem_0"": {""mean"": 0.0, ""max"": 0.0}}","{""product"": {""kind"": ""array"", ""shape"": [2000, 2000], ""dtype"": ""float64"", ""mean"": 500.01872635521926, ""std"": 9.845639787888365, ""min"": 452.8252003037207, ""max"": 552.6527329950178}}",,
array_reduce,matmul,fork,fork,False,6,1,ok,0.087735,0.0,,0.2899,0.3099,16474.0,"{""cpu_util_avg"": {""mean"": 74.753376, ""max"": 106.047745}, ""cpu_util_min"": {""mean"": 74.753376, ""max"": 106.047745}, ""cpu_util_max"": {""mean"": 74.753376, ""max"": 106.047745}, ""cpu_util_0"": {""mean"": 74.753376, ""max"": 106.047745}, ""cpu_util_1"": {""mean"": 74.753376, ""max"": 106.047745}, ""cpu_util_2"": {""mean"": 74.753376, ""max"": 106.047745}, ""cpu_util_3"": {""mean"": 74.753376, ""max"": 106.047745}, ""cpu_util_4"": {""mean"": 74.753376, ""max"": 106.047745}, ""cpu_util_5"": {""mean"": 74.753376, ""max"": 106.047745}, ""cpu_util_6"": {""mean"": 74.753376, ""max"": 106.047745}, ""cpu_util_7"": {""mean"": 74.753376, ""max"": 106.047745}, ""cpu_util_8"": {""mean"": 74.753376, ""max"": 106.047745}, ""cpu_util_9"": {""mean"": 74.753376, ""max"": 106.047745}, ""cpu_util_10"": {""mean"": 74.753376, ""max"": 106.047745}, ""cpu_util_11"": {""mean"": 74.753376, ""max"": 106.047745}, ""memory"": {""mean"": 0.650944, ""max"": 0.651127}, ""io_read_count"": {""mean"": 10969.570686, ""max"": 12430.310722}, ""io_write_count"": {""mean"": 20.05406, ""max"": 22.724517}, ""io_read"": {""mean"": 0.0, ""max"": 0.0}, ""io_write"": {""mean"": 0.0, ""max"": 0.0}, ""gpu_util_avg"": {""mean"": 0.0, ""max"": 0.0}, ""gpu_util_min"": {""mean"": 0.0, ""max"": 0.0}, ""gpu_util_max"": {""mean"": 0.0, ""max"": 0.0}, ""gpu_util_0"": {""mean"": 0.0, ""max"": 0.0}, ""gpu_band_avg"": {""mean"": 0.0, ""max"": 0.0}, ""gpu_band_min"": {""mean"": 0.0, ""max"": 0.0}, ""gpu_band_max"": {""mean"": 0.0, ""max"": 0.0}, ""gpu_band_0"": {""mean"": 0.0, ""max"": 0.0}, ""gpu_mem_avg"": {""mean"": 0.0, ""max"": 0.0}, ""gpu_mem_min"": {""mean"": 0.0, ""max"": 0.0}, ""gpu_mem_max"": {""mean"": 0.0, ""max"": 0.0}, ""gpu_mem_0"": {""mean"": 0.0, ""max"": 0.0}}","{""product"": {""kind"": ""array"", ""shape"": [2000, 2000], ""dtype"": ""float64"", ""mean"": 500.01872635521926, ""std"": 9.845639787888365, ""min"": 452.8252003037207, ""max"": 552.6527329950178}}","[JUmPER]: a benchmark measurement spent at least 9ms of its 88ms on 16474 page faults - the cost of touching memory inherited from the prefix rather than of the cell itself. Cells working over large Python objects are affected most, and the timing understates them. Re-run with --replay-mode full for a number that does not carry this.",
array_reduce,matmul,dill,dill,False,6,2,ok,0.098517,0.0,0.0705,3.3646,3.3829,,"{""cpu_util_avg"": {""mean"": 105.503829, ""max"": 105.503829}, ""cpu_util_min"": {""mean"": 105.503829, ""max"": 105.503829}, ""cpu_util_max"": {""mean"": 105.503829, ""max"": 105.503829}, ""cpu_util_0"": {""mean"": 105.503829, ""max"": 105.503829}, ""cpu_util_1"": {""mean"": 105.503829, ""max"": 105.503829}, ""cpu_util_2"": {""mean"": 105.503829, ""max"": 105.503829}, ""cpu_util_3"": {""mean"": 105.503829, ""max"": 105.503829}, ""cpu_util_4"": {""mean"": 105.503829, ""max"": 105.503829}, ""cpu_util_5"": {""mean"": 105.503829, ""max"": 105.503829}, ""cpu_util_6"": {""mean"": 105.503829, ""max"": 105.503829}, ""cpu_util_7"": {""mean"": 105.503829, ""max"": 105.503829}, ""cpu_util_8"": {""mean"": 105.503829, ""max"": 105.503829}, ""cpu_util_9"": {""mean"": 105.503829, ""max"": 105.503829}, ""cpu_util_10"": {""mean"": 105.503829, ""max"": 105.503829}, ""cpu_util_11"": {""mean"": 105.503829, ""max"": 105.503829}, ""memory"": {""mean"": 0.315224, ""max"": 0.315224}, ""io_read_count"": {""mean"": 0.0, ""max"": 0.0}, ""io_write_count"": {""mean"": 0.0, ""max"": 0.0}, ""io_read"": {""mean"": 0.0, ""max"": 0.0}, ""io_write"": {""mean"": 0.0, ""max"": 0.0}, ""gpu_util_avg"": {""mean"": 0.0, ""max"": 0.0}, ""gpu_util_min"": {""mean"": 0.0, ""max"": 0.0}, ""gpu_util_max"": {""mean"": 0.0, ""max"": 0.0}, ""gpu_util_0"": {""mean"": 0.0, ""max"": 0.0}, ""gpu_band_avg"": {""mean"": 0.0, ""max"": 0.0}, ""gpu_band_min"": {""mean"": 0.0, ""max"": 0.0}, ""gpu_band_max"": {""mean"": 0.0, ""max"": 0.0}, ""gpu_band_0"": {""mean"": 0.0, ""max"": 0.0}, ""gpu_mem_avg"": {""mean"": 0.0, ""max"": 0.0}, ""gpu_mem_min"": {""mean"": 0.0, ""max"": 0.0}, ""gpu_mem_max"": {""mean"": 0.0, ""max"": 0.0}, ""gpu_mem_0"": {""mean"": 0.0, ""max"": 0.0}}","{""product"": {""kind"": ""array"", ""shape"": [2000, 2000], ""dtype"": ""float64"", ""mean"": 500.01872635521926, ""std"": 9.845639787888365, ""min"": 452.8252003037207, ""max"": 552.6527329950178}}",,
array_reduce,matmul,fork,fork,False,7,0,ok,0.095855,0.0,,0.3033,0.3227,16303.0,"{""cpu_util_avg"": {""mean"": 66.820885, ""max"": 103.827}, ""cpu_util_min"": {""mean"": 66.820885, ""max"": 103.827}, ""cpu_util_max"": {""mean"": 66.820885, ""max"": 103.827}, ""cpu_util_0"": {""mean"": 66.820885, ""max"": 103.827}, ""cpu_util_1"": {""mean"": 66.820885, ""max"": 103.827}, ""cpu_util_2"": {""mean"": 66.820885, ""max"": 103.827}, ""cpu_util_3"": {""mean"": 66.820885, ""max"": 103.827}, ""cpu_util_4"": {""mean"": 66.820885, ""max"": 103.827}, ""cpu_util_5"": {""mean"": 66.820885, ""max"": 103.827}, ""cpu_util_6"": {""mean"": 66.820885, ""max"": 103.827}, ""cpu_util_7"": {""mean"": 66.820885, ""max"": 103.827}, ""cpu_util_8"": {""mean"": 66.820885, ""max"": 103.827}, ""cpu_util_9"": {""mean"": 66.820885, ""max"": 103.827}, ""cpu_util_10"": {""mean"": 66.820885, ""max"": 103.827}, ""cpu_util_11"": {""mean"": 66.820885, ""max"": 103.827}, ""memory"": {""mean"": 0.6510050000000001, ""max"": 0.651249}, ""io_read_count"": {""mean"": 10932.358926500001, ""max"": 10992.264922}, ""io_write_count"": {""mean"": 19.986031, ""max"": 20.095548}, ""io_read"": {""mean"": 0.0, ""max"": 0.0}, ""io_write"": {""mean"": 0.0, ""max"": 0.0}, ""gpu_util_avg"": {""mean"": 0.0, ""max"": 0.0}, ""gpu_util_min"": {""mean"": 0.0, ""max"": 0.0}, ""gpu_util_max"": {""mean"": 0.0, ""max"": 0.0}, ""gpu_util_0"": {""mean"": 0.0, ""max"": 0.0}, ""gpu_band_avg"": {""mean"": 0.0, ""max"": 0.0}, ""gpu_band_min"": {""mean"": 0.0, ""max"": 0.0}, ""gpu_band_max"": {""mean"": 0.0, ""max"": 0.0}, ""gpu_band_0"": {""mean"": 0.0, ""max"": 0.0}, ""gpu_mem_avg"": {""mean"": 0.0, ""max"": 0.0}, ""gpu_mem_min"": {""mean"": 0.0, ""max"": 0.0}, ""gpu_mem_max"": {""mean"": 0.0, ""max"": 0.0}, ""gpu_mem_0"": {""mean"": 0.0, ""max"": 0.0}}","{""product"": {""kind"": ""array"", ""shape"": [2000, 2000], ""dtype"": ""float64"", ""mean"": 500.01872635521926, ""std"": 9.845639787888365, ""min"": 452.8252003037207, ""max"": 552.6527329950178}}","[JUmPER]: a benchmark measurement spent at least 9ms of its 96ms on 16303 page faults - the cost of touching memory inherited from the prefix rather than of the cell itself. Cells working over large Python objects are affected most, and the timing understates them. Re-run with --replay-mode full for a number that does not carry this.",
array_reduce,matmul,dill,dill,False,7,1,ok,0.084596,0.0,0.0397,2.984,3.0016,,"{""cpu_util_avg"": {""mean"": 104.571883, ""max"": 104.571883}, ""cpu_util_min"": {""mean"": 104.571883, ""max"": 104.571883}, ""cpu_util_max"": {""mean"": 104.571883, ""max"": 104.571883}, ""cpu_util_0"": {""mean"": 104.571883, ""max"": 104.571883}, ""cpu_util_1"": {""mean"": 104.571883, ""max"": 104.571883}, ""cpu_util_2"": {""mean"": 104.571883, ""max"": 104.571883}, ""cpu_util_3"": {""mean"": 104.571883, ""max"": 104.571883}, ""cpu_util_4"": {""mean"": 104.571883, ""max"": 104.571883}, ""cpu_util_5"": {""mean"": 104.571883, ""max"": 104.571883}, ""cpu_util_6"": {""mean"": 104.571883, ""max"": 104.571883}, ""cpu_util_7"": {""mean"": 104.571883, ""max"": 104.571883}, ""cpu_util_8"": {""mean"": 104.571883, ""max"": 104.571883}, ""cpu_util_9"": {""mean"": 104.571883, ""max"": 104.571883}, ""cpu_util_10"": {""mean"": 104.571883, ""max"": 104.571883}, ""cpu_util_11"": {""mean"": 104.571883, ""max"": 104.571883}, ""memory"": {""mean"": 0.315159, ""max"": 0.315159}, ""io_read_count"": {""mean"": 0.0, ""max"": 0.0}, ""io_write_count"": {""mean"": 0.0, ""max"": 0.0}, ""io_read"": {""mean"": 0.0, ""max"": 0.0}, ""io_write"": {""mean"": 0.0, ""max"": 0.0}, ""gpu_util_avg"": {""mean"": 0.0, ""max"": 0.0}, ""gpu_util_min"": {""mean"": 0.0, ""max"": 0.0}, ""gpu_util_max"": {""mean"": 0.0, ""max"": 0.0}, ""gpu_util_0"": {""mean"": 0.0, ""max"": 0.0}, ""gpu_band_avg"": {""mean"": 0.0, ""max"": 0.0}, ""gpu_band_min"": {""mean"": 0.0, ""max"": 0.0}, ""gpu_band_max"": {""mean"": 0.0, ""max"": 0.0}, ""gpu_band_0"": {""mean"": 0.0, ""max"": 0.0}, ""gpu_mem_avg"": {""mean"": 0.0, ""max"": 0.0}, ""gpu_mem_min"": {""mean"": 0.0, ""max"": 0.0}, ""gpu_mem_max"": {""mean"": 0.0, ""max"": 0.0}, ""gpu_mem_0"": {""mean"": 0.0, ""max"": 0.0}}","{""product"": {""kind"": ""array"", ""shape"": [2000, 2000], ""dtype"": ""float64"", ""mean"": 500.01872635521926, ""std"": 9.845639787888365, ""min"": 452.8252003037207, ""max"": 552.6527329950178}}",,
array_reduce,matmul,full,full,False,7,2,ok,0.080542,0.126334,,3.1297,3.1512,,"{""cpu_util_avg"": {""mean"": 109.32843249999999, ""max"": 110.044339}, ""cpu_util_min"": {""mean"": 109.32843249999999, ""max"": 110.044339}, ""cpu_util_max"": {""mean"": 109.32843249999999, ""max"": 110.044339}, ""cpu_util_0"": {""mean"": 109.32843249999999, ""max"": 110.044339}, ""cpu_util_1"": {""mean"": 109.32843249999999, ""max"": 110.044339}, ""cpu_util_2"": {""mean"": 109.32843249999999, ""max"": 110.044339}, ""cpu_util_3"": {""mean"": 109.32843249999999, ""max"": 110.044339}, ""cpu_util_4"": {""mean"": 109.32843249999999, ""max"": 110.044339}, ""cpu_util_5"": {""mean"": 109.32843249999999, ""max"": 110.044339}, ""cpu_util_6"": {""mean"": 109.32843249999999, ""max"": 110.044339}, ""cpu_util_7"": {""mean"": 109.32843249999999, ""max"": 110.044339}, ""cpu_util_8"": {""mean"": 109.32843249999999, ""max"": 110.044339}, ""cpu_util_9"": {""mean"": 109.32843249999999, ""max"": 110.044339}, ""cpu_util_10"": {""mean"": 109.32843249999999, ""max"": 110.044339}, ""cpu_util_11"": {""mean"": 109.32843249999999, ""max"": 110.044339}, ""memory"": {""mean"": 0.316055, ""max"": 0.316055}, ""io_read_count"": {""mean"": 11160.116692, ""max"": 11435.847847}, ""io_write_count"": {""mean"": 20.5149205, ""max"": 21.021779}, ""io_read"": {""mean"": 0.0, ""max"": 0.0}, ""io_write"": {""mean"": 0.0, ""max"": 0.0}, ""gpu_util_avg"": {""mean"": 0.0, ""max"": 0.0}, ""gpu_util_min"": {""mean"": 0.0, ""max"": 0.0}, ""gpu_util_max"": {""mean"": 0.0, ""max"": 0.0}, ""gpu_util_0"": {""mean"": 0.0, ""max"": 0.0}, ""gpu_band_avg"": {""mean"": 0.0, ""max"": 0.0}, ""gpu_band_min"": {""mean"": 0.0, ""max"": 0.0}, ""gpu_band_max"": {""mean"": 0.0, ""max"": 0.0}, ""gpu_band_0"": {""mean"": 0.0, ""max"": 0.0}, ""gpu_mem_avg"": {""mean"": 0.0, ""max"": 0.0}, ""gpu_mem_min"": {""mean"": 0.0, ""max"": 0.0}, ""gpu_mem_max"": {""mean"": 0.0, ""max"": 0.0}, ""gpu_mem_0"": {""mean"": 0.0, ""max"": 0.0}}","{""product"": {""kind"": ""array"", ""shape"": [2000, 2000], ""dtype"": ""float64"", ""mean"": 500.01872635521926, ""std"": 9.845639787888365, ""min"": 452.8252003037207, ""max"": 552.6527329950178}}",,
array_reduce,matmul,dill,dill,False,8,0,ok,0.084045,0.0,0.0554,3.0749,3.1394,,"{""cpu_util_avg"": {""mean"": 105.759322, ""max"": 105.759322}, ""cpu_util_min"": {""mean"": 105.759322, ""max"": 105.759322}, ""cpu_util_max"": {""mean"": 105.759322, ""max"": 105.759322}, ""cpu_util_0"": {""mean"": 105.759322, ""max"": 105.759322}, ""cpu_util_1"": {""mean"": 105.759322, ""max"": 105.759322}, ""cpu_util_2"": {""mean"": 105.759322, ""max"": 105.759322}, ""cpu_util_3"": {""mean"": 105.759322, ""max"": 105.759322}, ""cpu_util_4"": {""mean"": 105.759322, ""max"": 105.759322}, ""cpu_util_5"": {""mean"": 105.759322, ""max"": 105.759322}, ""cpu_util_6"": {""mean"": 105.759322, ""max"": 105.759322}, ""cpu_util_7"": {""mean"": 105.759322, ""max"": 105.759322}, ""cpu_util_8"": {""mean"": 105.759322, ""max"": 105.759322}, ""cpu_util_9"": {""mean"": 105.759322, ""max"": 105.759322}, ""cpu_util_10"": {""mean"": 105.759322, ""max"": 105.759322}, ""cpu_util_11"": {""mean"": 105.759322, ""max"": 105.759322}, ""memory"": {""mean"": 0.315659, ""max"": 0.315659}, ""io_read_count"": {""mean"": 0.0, ""max"": 0.0}, ""io_write_count"": {""mean"": 0.0, ""max"": 0.0}, ""io_read"": {""mean"": 0.0, ""max"": 0.0}, ""io_write"": {""mean"": 0.0, ""max"": 0.0}, ""gpu_util_avg"": {""mean"": 0.0, ""max"": 0.0}, ""gpu_util_min"": {""mean"": 0.0, ""max"": 0.0}, ""gpu_util_max"": {""mean"": 0.0, ""max"": 0.0}, ""gpu_util_0"": {""mean"": 0.0, ""max"": 0.0}, ""gpu_band_avg"": {""mean"": 0.0, ""max"": 0.0}, ""gpu_band_min"": {""mean"": 0.0, ""max"": 0.0}, ""gpu_band_max"": {""mean"": 0.0, ""max"": 0.0}, ""gpu_band_0"": {""mean"": 0.0, ""max"": 0.0}, ""gpu_mem_avg"": {""mean"": 0.0, ""max"": 0.0}, ""gpu_mem_min"": {""mean"": 0.0, ""max"": 0.0}, ""gpu_mem_max"": {""mean"": 0.0, ""max"": 0.0}, ""gpu_mem_0"": {""mean"": 0.0, ""max"": 0.0}}","{""product"": {""kind"": ""array"", ""shape"": [2000, 2000], ""dtype"": ""float64"", ""mean"": 500.01872635521926, ""std"": 9.845639787888365, ""min"": 452.8252003037207, ""max"": 552.6527329950178}}",,
array_reduce,matmul,full,full,False,8,1,ok,0.078338,0.122917,,3.0402,3.0603,,"{""cpu_util_avg"": {""mean"": 100.005302, ""max"": 105.031963}, ""cpu_util_min"": {""mean"": 100.005302, ""max"": 105.031963}, ""cpu_util_max"": {""mean"": 100.005302, ""max"": 105.031963}, ""cpu_util_0"": {""mean"": 100.005302, ""max"": 105.031963}, ""cpu_util_1"": {""mean"": 100.005302, ""max"": 105.031963}, ""cpu_util_2"": {""mean"": 100.005302, ""max"": 105.031963}, ""cpu_util_3"": {""mean"": 100.005302, ""max"": 105.031963}, ""cpu_util_4"": {""mean"": 100.005302, ""max"": 105.031963}, ""cpu_util_5"": {""mean"": 100.005302, ""max"": 105.031963}, ""cpu_util_6"": {""mean"": 100.005302, ""max"": 105.031963}, ""cpu_util_7"": {""mean"": 100.005302, ""max"": 105.031963}, ""cpu_util_8"": {""mean"": 100.005302, ""max"": 105.031963}, ""cpu_util_9"": {""mean"": 100.005302, ""max"": 105.031963}, ""cpu_util_10"": {""mean"": 100.005302, ""max"": 105.031963}, ""cpu_util_11"": {""mean"": 100.005302, ""max"": 105.031963}, ""memory"": {""mean"": 0.315994, ""max"": 0.315994}, ""io_read_count"": {""mean"": 10880.4329325, ""max"": 10883.312007}, ""io_write_count"": {""mean"": 20.0007955, ""max"": 20.006088}, ""io_read"": {""mean"": 0.0, ""max"": 0.0}, ""io_write"": {""mean"": 0.0, ""max"": 0.0}, ""gpu_util_avg"": {""mean"": 0.0, ""max"": 0.0}, ""gpu_util_min"": {""mean"": 0.0, ""max"": 0.0}, ""gpu_util_max"": {""mean"": 0.0, ""max"": 0.0}, ""gpu_util_0"": {""mean"": 0.0, ""max"": 0.0}, ""gpu_band_avg"": {""mean"": 0.0, ""max"": 0.0}, ""gpu_band_min"": {""mean"": 0.0, ""max"": 0.0}, ""gpu_band_max"": {""mean"": 0.0, ""max"": 0.0}, ""gpu_band_0"": {""mean"": 0.0, ""max"": 0.0}, ""gpu_mem_avg"": {""mean"": 0.0, ""max"": 0.0}, ""gpu_mem_min"": {""mean"": 0.0, ""max"": 0.0}, ""gpu_mem_max"": {""mean"": 0.0, ""max"": 0.0}, ""gpu_mem_0"": {""mean"": 0.0, ""max"": 0.0}}","{""product"": {""kind"": ""array"", ""shape"": [2000, 2000], ""dtype"": ""float64"", ""mean"": 500.01872635521926, ""std"": 9.845639787888365, ""min"": 452.8252003037207, ""max"": 552.6527329950178}}",,
array_reduce,matmul,fork,fork,False,8,2,ok,0.094318,0.0,,0.3126,0.3332,16617.0,"{""cpu_util_avg"": {""mean"": 61.713921, ""max"": 101.49235}, ""cpu_util_min"": {""mean"": 61.713921, ""max"": 101.49235}, ""cpu_util_max"": {""mean"": 61.713921, ""max"": 101.49235}, ""cpu_util_0"": {""mean"": 61.713921, ""max"": 101.49235}, ""cpu_util_1"": {""mean"": 61.713921, ""max"": 101.49235}, ""cpu_util_2"": {""mean"": 61.713921, ""max"": 101.49235}, ""cpu_util_3"": {""mean"": 61.713921, ""max"": 101.49235}, ""cpu_util_4"": {""mean"": 61.713921, ""max"": 101.49235}, ""cpu_util_5"": {""mean"": 61.713921, ""max"": 101.49235}, ""cpu_util_6"": {""mean"": 61.713921, ""max"": 101.49235}, ""cpu_util_7"": {""mean"": 61.713921, ""max"": 101.49235}, ""cpu_util_8"": {""mean"": 61.713921, ""max"": 101.49235}, ""cpu_util_9"": {""mean"": 61.713921, ""max"": 101.49235}, ""cpu_util_10"": {""mean"": 61.713921, ""max"": 101.49235}, ""cpu_util_11"": {""mean"": 61.713921, ""max"": 101.49235}, ""memory"": {""mean"": 0.6507609999999999, ""max"": 0.651005}, ""io_read_count"": {""mean"": 10986.1288045, ""max"": 11687.645347}, ""io_write_count"": {""mean"": 20.084331, ""max"": 21.366811}, ""io_read"": {""mean"": 0.0, ""max"": 0.0}, ""io_write"": {""mean"": 0.0, ""max"": 0.0}, ""gpu_util_avg"": {""mean"": 0.0, ""max"": 0.0}, ""gpu_util_min"": {""mean"": 0.0, ""max"": 0.0}, ""gpu_util_max"": {""mean"": 0.0, ""max"": 0.0}, ""gpu_util_0"": {""mean"": 0.0, ""max"": 0.0}, ""gpu_band_avg"": {""mean"": 0.0, ""max"": 0.0}, ""gpu_band_min"": {""mean"": 0.0, ""max"": 0.0}, ""gpu_band_max"": {""mean"": 0.0, ""max"": 0.0}, ""gpu_band_0"": {""mean"": 0.0, ""max"": 0.0}, ""gpu_mem_avg"": {""mean"": 0.0, ""max"": 0.0}, ""gpu_mem_min"": {""mean"": 0.0, ""max"": 0.0}, ""gpu_mem_max"": {""mean"": 0.0, ""max"": 0.0}, ""gpu_mem_0"": {""mean"": 0.0, ""max"": 0.0}}","{""product"": {""kind"": ""array"", ""shape"": [2000, 2000], ""dtype"": ""float64"", ""mean"": 500.01872635521926, ""std"": 9.845639787888365, ""min"": 452.8252003037207, ""max"": 552.6527329950178}}","[JUmPER]: a benchmark measurement spent at least 9ms of its 94ms on 16617 page faults - the cost of touching memory inherited from the prefix rather than of the cell itself. Cells working over large Python objects are affected most, and the timing understates them. Re-run with --replay-mode full for a number that does not carry this.",
array_reduce,matmul,full,full,False,9,0,ok,0.072598,0.121978,,3.0253,3.044,,"{""cpu_util_avg"": {""mean"": 110.004521, ""max"": 110.004521}, ""cpu_util_min"": {""mean"": 110.004521, ""max"": 110.004521}, ""cpu_util_max"": {""mean"": 110.004521, ""max"": 110.004521}, ""cpu_util_0"": {""mean"": 110.004521, ""max"": 110.004521}, ""cpu_util_1"": {""mean"": 110.004521, ""max"": 110.004521}, ""cpu_util_2"": {""mean"": 110.004521, ""max"": 110.004521}, ""cpu_util_3"": {""mean"": 110.004521, ""max"": 110.004521}, ""cpu_util_4"": {""mean"": 110.004521, ""max"": 110.004521}, ""cpu_util_5"": {""mean"": 110.004521, ""max"": 110.004521}, ""cpu_util_6"": {""mean"": 110.004521, ""max"": 110.004521}, ""cpu_util_7"": {""mean"": 110.004521, ""max"": 110.004521}, ""cpu_util_8"": {""mean"": 110.004521, ""max"": 110.004521}, ""cpu_util_9"": {""mean"": 110.004521, ""max"": 110.004521}, ""cpu_util_10"": {""mean"": 110.004521, ""max"": 110.004521}, ""cpu_util_11"": {""mean"": 110.004521, ""max"": 110.004521}, ""memory"": {""mean"": 0.316132, ""max"": 0.316132}, ""io_read_count"": {""mean"": 10880.447187, ""max"": 10880.447187}, ""io_write_count"": {""mean"": 20.000822, ""max"": 20.000822}, ""io_read"": {""mean"": 0.0, ""max"": 0.0}, ""io_write"": {""mean"": 0.0, ""max"": 0.0}, ""gpu_util_avg"": {""mean"": 0.0, ""max"": 0.0}, ""gpu_util_min"": {""mean"": 0.0, ""max"": 0.0}, ""gpu_util_max"": {""mean"": 0.0, ""max"": 0.0}, ""gpu_util_0"": {""mean"": 0.0, ""max"": 0.0}, ""gpu_band_avg"": {""mean"": 0.0, ""max"": 0.0}, ""gpu_band_min"": {""mean"": 0.0, ""max"": 0.0}, ""gpu_band_max"": {""mean"": 0.0, ""max"": 0.0}, ""gpu_band_0"": {""mean"": 0.0, ""max"": 0.0}, ""gpu_mem_avg"": {""mean"": 0.0, ""max"": 0.0}, ""gpu_mem_min"": {""mean"": 0.0, ""max"": 0.0}, ""gpu_mem_max"": {""mean"": 0.0, ""max"": 0.0}, ""gpu_mem_0"": {""mean"": 0.0, ""max"": 0.0}}","{""product"": {""kind"": ""array"", ""shape"": [2000, 2000], ""dtype"": ""float64"", ""mean"": 500.01872635521926, ""std"": 9.845639787888365, ""min"": 452.8252003037207, ""max"": 552.6527329950178}}",,
array_reduce,matmul,fork,fork,False,9,1,ok,0.089534,0.0,,0.2974,0.3173,15374.0,"{""cpu_util_avg"": {""mean"": 76.119164, ""max"": 114.216798}, ""cpu_util_min"": {""mean"": 76.119164, ""max"": 114.216798}, ""cpu_util_max"": {""mean"": 76.119164, ""max"": 114.216798}, ""cpu_util_0"": {""mean"": 76.119164, ""max"": 114.216798}, ""cpu_util_1"": {""mean"": 76.119164, ""max"": 114.216798}, ""cpu_util_2"": {""mean"": 76.119164, ""max"": 114.216798}, ""cpu_util_3"": {""mean"": 76.119164, ""max"": 114.216798}, ""cpu_util_4"": {""mean"": 76.119164, ""max"": 114.216798}, ""cpu_util_5"": {""mean"": 76.119164, ""max"": 114.216798}, ""cpu_util_6"": {""mean"": 76.119164, ""max"": 114.216798}, ""cpu_util_7"": {""mean"": 76.119164, ""max"": 114.216798}, ""cpu_util_8"": {""mean"": 76.119164, ""max"": 114.216798}, ""cpu_util_9"": {""mean"": 76.119164, ""max"": 114.216798}, ""cpu_util_10"": {""mean"": 76.119164, ""max"": 114.216798}, ""cpu_util_11"": {""mean"": 76.119164, ""max"": 114.216798}, ""memory"": {""mean"": 0.650944, ""max"": 0.651127}, ""io_read_count"": {""mean"": 11037.5879105, ""max"": 12092.242989}, ""io_write_count"": {""mean"": 20.1784055, ""max"": 22.106477}, ""io_read"": {""mean"": 0.0, ""max"": 0.0}, ""io_write"": {""mean"": 0.0, ""max"": 0.0}, ""gpu_util_avg"": {""mean"": 0.0, ""max"": 0.0}, ""gpu_util_min"": {""mean"": 0.0, ""max"": 0.0}, ""gpu_util_max"": {""mean"": 0.0, ""max"": 0.0}, ""gpu_util_0"": {""mean"": 0.0, ""max"": 0.0}, ""gpu_band_avg"": {""mean"": 0.0, ""max"": 0.0}, ""gpu_band_min"": {""mean"": 0.0, ""max"": 0.0}, ""gpu_band_max"": {""mean"": 0.0, ""max"": 0.0}, ""gpu_band_0"": {""mean"": 0.0, ""max"": 0.0}, ""gpu_mem_avg"": {""mean"": 0.0, ""max"": 0.0}, ""gpu_mem_min"": {""mean"": 0.0, ""max"": 0.0}, ""gpu_mem_max"": {""mean"": 0.0, ""max"": 0.0}, ""gpu_mem_0"": {""mean"": 0.0, ""max"": 0.0}}","{""product"": {""kind"": ""array"", ""shape"": [2000, 2000], ""dtype"": ""float64"", ""mean"": 500.01872635521926, ""std"": 9.845639787888365, ""min"": 452.8252003037207, ""max"": 552.6527329950178}}","[JUmPER]: a benchmark measurement spent at least 8ms of its 90ms on 15374 page faults - the cost of touching memory inherited from the prefix rather than of the cell itself. Cells working over large Python objects are affected most, and the timing understates them. Re-run with --replay-mode full for a number that does not carry this.",
array_reduce,matmul,dill,dill,False,9,2,ok,0.080116,0.0,0.037,3.0206,3.0387,,"{""cpu_util_avg"": {""mean"": 107.101741, ""max"": 107.101741}, ""cpu_util_min"": {""mean"": 107.101741, ""max"": 107.101741}, ""cpu_util_max"": {""mean"": 107.101741, ""max"": 107.101741}, ""cpu_util_0"": {""mean"": 107.101741, ""max"": 107.101741}, ""cpu_util_1"": {""mean"": 107.101741, ""max"": 107.101741}, ""cpu_util_2"": {""mean"": 107.101741, ""max"": 107.101741}, ""cpu_util_3"": {""mean"": 107.101741, ""max"": 107.101741}, ""cpu_util_4"": {""mean"": 107.101741, ""max"": 107.101741}, ""cpu_util_5"": {""mean"": 107.101741, ""max"": 107.101741}, ""cpu_util_6"": {""mean"": 107.101741, ""max"": 107.101741}, ""cpu_util_7"": {""mean"": 107.101741, ""max"": 107.101741}, ""cpu_util_8"": {""mean"": 107.101741, ""max"": 107.101741}, ""cpu_util_9"": {""mean"": 107.101741, ""max"": 107.101741}, ""cpu_util_10"": {""mean"": 107.101741, ""max"": 107.101741}, ""cpu_util_11"": {""mean"": 107.101741, ""max"": 107.101741}, ""memory"": {""mean"": 0.315289, ""max"": 0.315289}, ""io_read_count"": {""mean"": 0.0, ""max"": 0.0}, ""io_write_count"": {""mean"": 0.0, ""max"": 0.0}, ""io_read"": {""mean"": 0.0, ""max"": 0.0}, ""io_write"": {""mean"": 0.0, ""max"": 0.0}, ""gpu_util_avg"": {""mean"": 0.0, ""max"": 0.0}, ""gpu_util_min"": {""mean"": 0.0, ""max"": 0.0}, ""gpu_util_max"": {""mean"": 0.0, ""max"": 0.0}, ""gpu_util_0"": {""mean"": 0.0, ""max"": 0.0}, ""gpu_band_avg"": {""mean"": 0.0, ""max"": 0.0}, ""gpu_band_min"": {""mean"": 0.0, ""max"": 0.0}, ""gpu_band_max"": {""mean"": 0.0, ""max"": 0.0}, ""gpu_band_0"": {""mean"": 0.0, ""max"": 0.0}, ""gpu_mem_avg"": {""mean"": 0.0, ""max"": 0.0}, ""gpu_mem_min"": {""mean"": 0.0, ""max"": 0.0}, ""gpu_mem_max"": {""mean"": 0.0, ""max"": 0.0}, ""gpu_mem_0"": {""mean"": 0.0, ""max"": 0.0}}","{""product"": {""kind"": ""array"", ""shape"": [2000, 2000], ""dtype"": ""float64"", ""mean"": 500.01872635521926, ""std"": 9.845639787888365, ""min"": 452.8252003037207, ""max"": 552.6527329950178}}",,
array_reduce,matmul,fork,fork,False,10,0,ok,0.091373,0.0,,0.3003,0.3192,16233.0,"{""cpu_util_avg"": {""mean"": 72.664359, ""max"": 105.356966}, ""cpu_util_min"": {""mean"": 72.664359, ""max"": 105.356966}, ""cpu_util_max"": {""mean"": 72.664359, ""max"": 105.356966}, ""cpu_util_0"": {""mean"": 72.664359, ""max"": 105.356966}, ""cpu_util_1"": {""mean"": 72.664359, ""max"": 105.356966}, ""cpu_util_2"": {""mean"": 72.664359, ""max"": 105.356966}, ""cpu_util_3"": {""mean"": 72.664359, ""max"": 105.356966}, ""cpu_util_4"": {""mean"": 72.664359, ""max"": 105.356966}, ""cpu_util_5"": {""mean"": 72.664359, ""max"": 105.356966}, ""cpu_util_6"": {""mean"": 72.664359, ""max"": 105.356966}, ""cpu_util_7"": {""mean"": 72.664359, ""max"": 105.356966}, ""cpu_util_8"": {""mean"": 72.664359, ""max"": 105.356966}, ""cpu_util_9"": {""mean"": 72.664359, ""max"": 105.356966}, ""cpu_util_10"": {""mean"": 72.664359, ""max"": 105.356966}, ""cpu_util_11"": {""mean"": 72.664359, ""max"": 105.356966}, ""memory"": {""mean"": 0.650944, ""max"": 0.651127}, ""io_read_count"": {""mean"": 10627.0559455, ""max"": 10932.27416}, ""io_write_count"": {""mean"": 19.427889999999998, ""max"": 19.985876}, ""io_read"": {""mean"": 0.0, ""max"": 0.0}, ""io_write"": {""mean"": 0.0, ""max"": 0.0}, ""gpu_util_avg"": {""mean"": 0.0, ""max"": 0.0}, ""gpu_util_min"": {""mean"": 0.0, ""max"": 0.0}, ""gpu_util_max"": {""mean"": 0.0, ""max"": 0.0}, ""gpu_util_0"": {""mean"": 0.0, ""max"": 0.0}, ""gpu_band_avg"": {""mean"": 0.0, ""max"": 0.0}, ""gpu_band_min"": {""mean"": 0.0, ""max"": 0.0}, ""gpu_band_max"": {""mean"": 0.0, ""max"": 0.0}, ""gpu_band_0"": {""mean"": 0.0, ""max"": 0.0}, ""gpu_mem_avg"": {""mean"": 0.0, ""max"": 0.0}, ""gpu_mem_min"": {""mean"": 0.0, ""max"": 0.0}, ""gpu_mem_max"": {""mean"": 0.0, ""max"": 0.0}, ""gpu_mem_0"": {""mean"": 0.0, ""max"": 0.0}}","{""product"": {""kind"": ""array"", ""shape"": [2000, 2000], ""dtype"": ""float64"", ""mean"": 500.01872635521926, ""std"": 9.845639787888365, ""min"": 452.8252003037207, ""max"": 552.6527329950178}}","[JUmPER]: a benchmark measurement spent at least 9ms of its 91ms on 16233 page faults - the cost of touching memory inherited from the prefix rather than of the cell itself. Cells working over large Python objects are affected most, and the timing understates them. Re-run with --replay-mode full for a number that does not carry this.",
array_reduce,matmul,dill,dill,False,10,1,ok,0.084954,0.0,0.0418,3.0119,3.033,,"{""cpu_util_avg"": {""mean"": 116.437213, ""max"": 116.437213}, ""cpu_util_min"": {""mean"": 116.437213, ""max"": 116.437213}, ""cpu_util_max"": {""mean"": 116.437213, ""max"": 116.437213}, ""cpu_util_0"": {""mean"": 116.437213, ""max"": 116.437213}, ""cpu_util_1"": {""mean"": 116.437213, ""max"": 116.437213}, ""cpu_util_2"": {""mean"": 116.437213, ""max"": 116.437213}, ""cpu_util_3"": {""mean"": 116.437213, ""max"": 116.437213}, ""cpu_util_4"": {""mean"": 116.437213, ""max"": 116.437213}, ""cpu_util_5"": {""mean"": 116.437213, ""max"": 116.437213}, ""cpu_util_6"": {""mean"": 116.437213, ""max"": 116.437213}, ""cpu_util_7"": {""mean"": 116.437213, ""max"": 116.437213}, ""cpu_util_8"": {""mean"": 116.437213, ""max"": 116.437213}, ""cpu_util_9"": {""mean"": 116.437213, ""max"": 116.437213}, ""cpu_util_10"": {""mean"": 116.437213, ""max"": 116.437213}, ""cpu_util_11"": {""mean"": 116.437213, ""max"": 116.437213}, ""memory"": {""mean"": 0.315331, ""max"": 0.315331}, ""io_read_count"": {""mean"": 0.0, ""max"": 0.0}, ""io_write_count"": {""mean"": 0.0, ""max"": 0.0}, ""io_read"": {""mean"": 0.0, ""max"": 0.0}, ""io_write"": {""mean"": 0.0, ""max"": 0.0}, ""gpu_util_avg"": {""mean"": 0.0, ""max"": 0.0}, ""gpu_util_min"": {""mean"": 0.0, ""max"": 0.0}, ""gpu_util_max"": {""mean"": 0.0, ""max"": 0.0}, ""gpu_util_0"": {""mean"": 0.0, ""max"": 0.0}, ""gpu_band_avg"": {""mean"": 0.0, ""max"": 0.0}, ""gpu_band_min"": {""mean"": 0.0, ""max"": 0.0}, ""gpu_band_max"": {""mean"": 0.0, ""max"": 0.0}, ""gpu_band_0"": {""mean"": 0.0, ""max"": 0.0}, ""gpu_mem_avg"": {""mean"": 0.0, ""max"": 0.0}, ""gpu_mem_min"": {""mean"": 0.0, ""max"": 0.0}, ""gpu_mem_max"": {""mean"": 0.0, ""max"": 0.0}, ""gpu_mem_0"": {""mean"": 0.0, ""max"": 0.0}}","{""product"": {""kind"": ""array"", ""shape"": [2000, 2000], ""dtype"": ""float64"", ""mean"": 500.01872635521926, ""std"": 9.845639787888365, ""min"": 452.8252003037207, ""max"": 552.6527329950178}}",,
array_reduce,matmul,full,full,False,10,2,ok,0.086263,0.119952,,2.967,2.985,,"{""cpu_util_avg"": {""mean"": 108.506014, ""max"": 111.014777}, ""cpu_util_min"": {""mean"": 108.506014, ""max"": 111.014777}, ""cpu_util_max"": {""mean"": 108.506014, ""max"": 111.014777}, ""cpu_util_0"": {""mean"": 108.506014, ""max"": 111.014777}, ""cpu_util_1"": {""mean"": 108.506014, ""max"": 111.014777}, ""cpu_util_2"": {""mean"": 108.506014, ""max"": 111.014777}, ""cpu_util_3"": {""mean"": 108.506014, ""max"": 111.014777}, ""cpu_util_4"": {""mean"": 108.506014, ""max"": 111.014777}, ""cpu_util_5"": {""mean"": 108.506014, ""max"": 111.014777}, ""cpu_util_6"": {""mean"": 108.506014, ""max"": 111.014777}, ""cpu_util_7"": {""mean"": 108.506014, ""max"": 111.014777}, ""cpu_util_8"": {""mean"": 108.506014, ""max"": 111.014777}, ""cpu_util_9"": {""mean"": 108.506014, ""max"": 111.014777}, ""cpu_util_10"": {""mean"": 108.506014, ""max"": 111.014777}, ""cpu_util_11"": {""mean"": 108.506014, ""max"": 111.014777}, ""memory"": {""mean"": 0.316212, ""max"": 0.316212}, ""io_read_count"": {""mean"": 10653.9917245, ""max"": 10980.370686}, ""io_write_count"": {""mean"": 19.584543500000002, ""max"": 20.184505}, ""io_read"": {""mean"": 0.0, ""max"": 0.0}, ""io_write"": {""mean"": 0.0, ""max"": 0.0}, ""gpu_util_avg"": {""mean"": 0.0, ""max"": 0.0}, ""gpu_util_min"": {""mean"": 0.0, ""max"": 0.0}, ""gpu_util_max"": {""mean"": 0.0, ""max"": 0.0}, ""gpu_util_0"": {""mean"": 0.0, ""max"": 0.0}, ""gpu_band_avg"": {""mean"": 0.0, ""max"": 0.0}, ""gpu_band_min"": {""mean"": 0.0, ""max"": 0.0}, ""gpu_band_max"": {""mean"": 0.0, ""max"": 0.0}, ""gpu_band_0"": {""mean"": 0.0, ""max"": 0.0}, ""gpu_mem_avg"": {""mean"": 0.0, ""max"": 0.0}, ""gpu_mem_min"": {""mean"": 0.0, ""max"": 0.0}, ""gpu_mem_max"": {""mean"": 0.0, ""max"": 0.0}, ""gpu_mem_0"": {""mean"": 0.0, ""max"": 0.0}}","{""product"": {""kind"": ""array"", ""shape"": [2000, 2000], ""dtype"": ""float64"", ""mean"": 500.01872635521926, ""std"": 9.845639787888365, ""min"": 452.8252003037207, ""max"": 552.6527329950178}}",,
python_objects,sum,full,full,False,0,0,ok,0.022847,0.288643,,3.17,3.187,,{},"{""total"": {""kind"": ""scalar"", ""value"": 23999994000000.0}}",,
python_objects,sum,fork,fork,False,0,1,ok,0.119046,0.0,,0.3252,0.344,31378.0,"{""cpu_util_avg"": {""mean"": 9.166656, ""max"": 9.9969}, ""cpu_util_min"": {""mean"": 9.166656, ""max"": 9.9969}, ""cpu_util_max"": {""mean"": 9.166656, ""max"": 9.9969}, ""cpu_util_0"": {""mean"": 9.166656, ""max"": 9.9969}, ""cpu_util_1"": {""mean"": 9.166656, ""max"": 9.9969}, ""cpu_util_2"": {""mean"": 9.166656, ""max"": 9.9969}, ""cpu_util_3"": {""mean"": 9.166656, ""max"": 9.9969}, ""cpu_util_4"": {""mean"": 9.166656, ""max"": 9.9969}, ""cpu_util_5"": {""mean"": 9.166656, ""max"": 9.9969}, ""cpu_util_6"": {""mean"": 9.166656, ""max"": 9.9969}, ""cpu_util_7"": {""mean"": 9.166656, ""max"": 9.9969}, ""cpu_util_8"": {""mean"": 9.166656, ""max"": 9.9969}, ""cpu_util_9"": {""mean"": 9.166656, ""max"": 9.9969}, ""cpu_util_10"": {""mean"": 9.166656, ""max"": 9.9969}, ""cpu_util_11"": {""mean"": 9.166656, ""max"": 9.9969}, ""memory"": {""mean"": 0.787369, ""max"": 0.787369}, ""io_read_count"": {""mean"": 10940.325424499999, ""max"": 10944.04229}, ""io_write_count"": {""mean"": 20.000595, ""max"": 20.00739}, ""io_read"": {""mean"": 0.0, ""max"": 0.0}, ""io_write"": {""mean"": 0.0, ""max"": 0.0}, ""gpu_util_avg"": {""mean"": 0.0, ""max"": 0.0}, ""gpu_util_min"": {""mean"": 0.0, ""max"": 0.0}, ""gpu_util_max"": {""mean"": 0.0, ""max"": 0.0}, ""gpu_util_0"": {""mean"": 0.0, ""max"": 0.0}, ""gpu_band_avg"": {""mean"": 0.0, ""max"": 0.0}, ""gpu_band_min"": {""mean"": 0.0, ""max"": 0.0}, ""gpu_band_max"": {""mean"": 0.0, ""max"": 0.0}, ""gpu_band_0"": {""mean"": 0.0, ""max"": 0.0}, ""gpu_mem_avg"": {""mean"": 0.0, ""max"": 0.0}, ""gpu_mem_min"": {""mean"": 0.0, ""max"": 0.0}, ""gpu_mem_max"": {""mean"": 0.0, ""max"": 0.0}, ""gpu_mem_0"": {""mean"": 0.0, ""max"": 0.0}}","{""total"": {""kind"": ""scalar"", ""value"": 23999994000000.0}}","[JUmPER]: a benchmark measurement spent at least 14ms of its 119ms on 31378 page faults - the cost of touching memory inherited from the prefix rather than of the cell itself. Cells working over large Python objects are affected most, and the timing understates them. Re-run with --replay-mode full for a number that does not carry this.",
python_objects,sum,dill,dill,False,0,2,ok,0.024343,0.0,0.2002,3.3345,3.3451,,{},"{""total"": {""kind"": ""scalar"", ""value"": 23999994000000.0}}",,
python_objects,sum,fork,fork,False,1,0,ok,0.128755,0.0,,0.3003,0.3212,31378.0,"{""cpu_util_avg"": {""mean"": 8.889121333333334, ""max"": 10.00297}, ""cpu_util_min"": {""mean"": 8.889121333333334, ""max"": 10.00297}, ""cpu_util_max"": {""mean"": 8.889121333333334, ""max"": 10.00297}, ""cpu_util_0"": {""mean"": 8.889121333333334, ""max"": 10.00297}, ""cpu_util_1"": {""mean"": 8.889121333333334, ""max"": 10.00297}, ""cpu_util_2"": {""mean"": 8.889121333333334, ""max"": 10.00297}, ""cpu_util_3"": {""mean"": 8.889121333333334, ""max"": 10.00297}, ""cpu_util_4"": {""mean"": 8.889121333333334, ""max"": 10.00297}, ""cpu_util_5"": {""mean"": 8.889121333333334, ""max"": 10.00297}, ""cpu_util_6"": {""mean"": 8.889121333333334, ""max"": 10.00297}, ""cpu_util_7"": {""mean"": 8.889121333333334, ""max"": 10.00297}, ""cpu_util_8"": {""mean"": 8.889121333333334, ""max"": 10.00297}, ""cpu_util_9"": {""mean"": 8.889121333333334, ""max"": 10.00297}, ""cpu_util_10"": {""mean"": 8.889121333333334, ""max"": 10.00297}, ""cpu_util_11"": {""mean"": 8.889121333333334, ""max"": 10.00297}, ""memory"": {""mean"": 0.788101, ""max"": 0.788223}, ""io_read_count"": {""mean"": 10940.088662333335, ""max"": 10943.249707}, ""io_write_count"": {""mean"": 20.000162, ""max"": 20.005941}, ""io_read"": {""mean"": 0.0, ""max"": 0.0}, ""io_write"": {""mean"": 0.0, ""max"": 0.0}, ""gpu_util_avg"": {""mean"": 0.0, ""max"": 0.0}, ""gpu_util_min"": {""mean"": 0.0, ""max"": 0.0}, ""gpu_util_max"": {""mean"": 0.0, ""max"": 0.0}, ""gpu_util_0"": {""mean"": 0.0, ""max"": 0.0}, ""gpu_band_avg"": {""mean"": 0.0, ""max"": 0.0}, ""gpu_band_min"": {""mean"": 0.0, ""max"": 0.0}, ""gpu_band_max"": {""mean"": 0.0, ""max"": 0.0}, ""gpu_band_0"": {""mean"": 0.0, ""max"": 0.0}, ""gpu_mem_avg"": {""mean"": 0.0, ""max"": 0.0}, ""gpu_mem_min"": {""mean"": 0.0, ""max"": 0.0}, ""gpu_mem_max"": {""mean"": 0.0, ""max"": 0.0}, ""gpu_mem_0"": {""mean"": 0.0, ""max"": 0.0}}","{""total"": {""kind"": ""scalar"", ""value"": 23999994000000.0}}","[JUmPER]: a benchmark measurement spent at least 14ms of its 129ms on 31378 page faults - the cost of touching memory inherited from the prefix rather than of the cell itself. Cells working over large Python objects are affected most, and the timing understates them. Re-run with --replay-mode full for a number that does not carry this.",
python_objects,sum,dill,dill,False,1,1,ok,0.022534,0.0,0.2084,3.2686,3.2793,,{},"{""total"": {""kind"": ""scalar"", ""value"": 23999994000000.0}}",,
python_objects,sum,full,full,False,1,2,ok,0.022764,0.326381,,3.315,3.334,,"{""cpu_util_avg"": {""mean"": 11.666333, ""max"": 11.666333}, ""cpu_util_min"": {""mean"": 11.666333, ""max"": 11.666333}, ""cpu_util_max"": {""mean"": 11.666333, ""max"": 11.666333}, ""cpu_util_0"": {""mean"": 11.666333, ""max"": 11.666333}, ""cpu_util_1"": {""mean"": 11.666333, ""max"": 11.666333}, ""cpu_util_2"": {""mean"": 11.666333, ""max"": 11.666333}, ""cpu_util_3"": {""mean"": 11.666333, ""max"": 11.666333}, ""cpu_util_4"": {""mean"": 11.666333, ""max"": 11.666333}, ""cpu_util_5"": {""mean"": 11.666333, ""max"": 11.666333}, ""cpu_util_6"": {""mean"": 11.666333, ""max"": 11.666333}, ""cpu_util_7"": {""mean"": 11.666333, ""max"": 11.666333}, ""cpu_util_8"": {""mean"": 11.666333, ""max"": 11.666333}, ""cpu_util_9"": {""mean"": 11.666333, ""max"": 11.666333}, ""cpu_util_10"": {""mean"": 11.666333, ""max"": 11.666333}, ""cpu_util_11"": {""mean"": 11.666333, ""max"": 11.666333}, ""memory"": {""mean"": 0.362457, ""max"": 0.362457}, ""io_read_count"": {""mean"": 10879.688403, ""max"": 10879.688403}, ""io_write_count"": {""mean"": 19.999427, ""max"": 19.999427}, ""io_read"": {""mean"": 0.0, ""max"": 0.0}, ""io_write"": {""mean"": 0.0, ""max"": 0.0}, ""gpu_util_avg"": {""mean"": 0.0, ""max"": 0.0}, ""gpu_util_min"": {""mean"": 0.0, ""max"": 0.0}, ""gpu_util_max"": {""mean"": 0.0, ""max"": 0.0}, ""gpu_util_0"": {""mean"": 0.0, ""max"": 0.0}, ""gpu_band_avg"": {""mean"": 0.0, ""max"": 0.0}, ""gpu_band_min"": {""mean"": 0.0, ""max"": 0.0}, ""gpu_band_max"": {""mean"": 0.0, ""max"": 0.0}, ""gpu_band_0"": {""mean"": 0.0, ""max"": 0.0}, ""gpu_mem_avg"": {""mean"": 0.0, ""max"": 0.0}, ""gpu_mem_min"": {""mean"": 0.0, ""max"": 0.0}, ""gpu_mem_max"": {""mean"": 0.0, ""max"": 0.0}, ""gpu_mem_0"": {""mean"": 0.0, ""max"": 0.0}}","{""total"": {""kind"": ""scalar"", ""value"": 23999994000000.0}}",,
python_objects,sum,dill,dill,False,2,0,ok,0.025154,0.0,0.2048,3.1782,3.1885,,{},"{""total"": {""kind"": ""scalar"", ""value"": 23999994000000.0}}",,
python_objects,sum,full,full,False,2,1,ok,0.022922,0.282732,,3.0131,3.0282,,{},"{""total"": {""kind"": ""scalar"", ""value"": 23999994000000.0}}",,
python_objects,sum,fork,fork,False,2,2,ok,0.118193,0.0,,0.2812,0.3,31378.0,"{""cpu_util_avg"": {""mean"": 9.999163666666666, ""max"": 10.001182}, ""cpu_util_min"": {""mean"": 9.999163666666666, ""max"": 10.001182}, ""cpu_util_max"": {""mean"": 9.999163666666666, ""max"": 10.001182}, ""cpu_util_0"": {""mean"": 9.999163666666666, ""max"": 10.001182}, ""cpu_util_1"": {""mean"": 9.999163666666666, ""max"": 10.001182}, ""cpu_util_2"": {""mean"": 9.999163666666666, ""max"": 10.001182}, ""cpu_util_3"": {""mean"": 9.999163666666666, ""max"": 10.001182}, ""cpu_util_4"": {""mean"": 9.999163666666666, ""max"": 10.001182}, ""cpu_util_5"": {""mean"": 9.999163666666666, ""max"": 10.001182}, ""cpu_util_6"": {""mean"": 9.999163666666666, ""max"": 10.001182}, ""cpu_util_7"": {""mean"": 9.999163666666666, ""max"": 10.001182}, ""cpu_util_8"": {""mean"": 9.999163666666666, ""max"": 10.001182}, ""cpu_util_9"": {""mean"": 9.999163666666666, ""max"": 10.001182}, ""cpu_util_10"": {""mean"": 9.999163666666666, ""max"": 10.001182}, ""cpu_util_11"": {""mean"": 9.999163666666666, ""max"": 10.001182}, ""memory"": {""mean"": 0.788345, ""max"": 0.788467}, ""io_read_count"": {""mean"": 10939.085160333334, ""max"": 10941.29348}, ""io_write_count"": {""mean"": 19.99832766666667, ""max"": 20.002365}, ""io_read"": {""mean"": 0.0, ""max"": 0.0}, ""io_write"": {""mean"": 0.0, ""max"": 0.0}, ""gpu_util_avg"": {""mean"": 0.0, ""max"": 0.0}, ""gpu_util_min"": {""mean"": 0.0, ""max"": 0.0}, ""gpu_util_max"": {""mean"": 0.0, ""max"": 0.0}, ""gpu_util_0"": {""mean"": 0.0, ""max"": 0.0}, ""gpu_band_avg"": {""mean"": 0.0, ""max"": 0.0}, ""gpu_band_min"": {""mean"": 0.0, ""max"": 0.0}, ""gpu_band_max"": {""mean"": 0.0, ""max"": 0.0}, ""gpu_band_0"": {""mean"": 0.0, ""max"": 0.0}, ""gpu_mem_avg"": {""mean"": 0.0, ""max"": 0.0}, ""gpu_mem_min"": {""mean"": 0.0, ""max"": 0.0}, ""gpu_mem_max"": {""mean"": 0.0, ""max"": 0.0}, ""gpu_mem_0"": {""mean"": 0.0, ""max"": 0.0}}","{""total"": {""kind"": ""scalar"", ""value"": 23999994000000.0}}","[JUmPER]: a benchmark measurement spent at least 14ms of its 118ms on 31378 page faults - the cost of touching memory inherited from the prefix rather than of the cell itself. Cells working over large Python objects are affected most, and the timing understates them. Re-run with --replay-mode full for a number that does not carry this.",
python_objects,sum,full,full,False,3,0,ok,0.022426,0.28345,,3.0327,3.0477,,{},"{""total"": {""kind"": ""scalar"", ""value"": 23999994000000.0}}",,
python_objects,sum,fork,fork,False,3,1,ok,0.12381,0.0,,0.2879,0.3072,31378.0,"{""cpu_util_avg"": {""mean"": 10.553181, ""max"": 11.66057}, ""cpu_util_min"": {""mean"": 10.553181, ""max"": 11.66057}, ""cpu_util_max"": {""mean"": 10.553181, ""max"": 11.66057}, ""cpu_util_0"": {""mean"": 10.553181, ""max"": 11.66057}, ""cpu_util_1"": {""mean"": 10.553181, ""max"": 11.66057}, ""cpu_util_2"": {""mean"": 10.553181, ""max"": 11.66057}, ""cpu_util_3"": {""mean"": 10.553181, ""max"": 11.66057}, ""cpu_util_4"": {""mean"": 10.553181, ""max"": 11.66057}, ""cpu_util_5"": {""mean"": 10.553181, ""max"": 11.66057}, ""cpu_util_6"": {""mean"": 10.553181, ""max"": 11.66057}, ""cpu_util_7"": {""mean"": 10.553181, ""max"": 11.66057}, ""cpu_util_8"": {""mean"": 10.553181, ""max"": 11.66057}, ""cpu_util_9"": {""mean"": 10.553181, ""max"": 11.66057}, ""cpu_util_10"": {""mean"": 10.553181, ""max"": 11.66057}, ""cpu_util_11"": {""mean"": 10.553181, ""max"": 11.66057}, ""memory"": {""mean"": 0.7884669999999999, ""max"": 0.788589}, ""io_read_count"": {""mean"": 10937.720026, ""max"": 10946.938605}, ""io_write_count"": {""mean"": 19.995831666666664, ""max"": 20.012685}, ""io_read"": {""mean"": 0.0, ""max"": 0.0}, ""io_write"": {""mean"": 0.0, ""max"": 0.0}, ""gpu_util_avg"": {""mean"": 0.0, ""max"": 0.0}, ""gpu_util_min"": {""mean"": 0.0, ""max"": 0.0}, ""gpu_util_max"": {""mean"": 0.0, ""max"": 0.0}, ""gpu_util_0"": {""mean"": 0.0, ""max"": 0.0}, ""gpu_band_avg"": {""mean"": 0.0, ""max"": 0.0}, ""gpu_band_min"": {""mean"": 0.0, ""max"": 0.0}, ""gpu_band_max"": {""mean"": 0.0, ""max"": 0.0}, ""gpu_band_0"": {""mean"": 0.0, ""max"": 0.0}, ""gpu_mem_avg"": {""mean"": 0.0, ""max"": 0.0}, ""gpu_mem_min"": {""mean"": 0.0, ""max"": 0.0}, ""gpu_mem_max"": {""mean"": 0.0, ""max"": 0.0}, ""gpu_mem_0"": {""mean"": 0.0, ""max"": 0.0}}","{""total"": {""kind"": ""scalar"", ""value"": 23999994000000.0}}","[JUmPER]: a benchmark measurement spent at least 14ms of its 124ms on 31378 page faults - the cost of touching memory inherited from the prefix rather than of the cell itself. Cells working over large Python objects are affected most, and the timing understates them. Re-run with --replay-mode full for a number that does not carry this.",
python_objects,sum,dill,dill,False,3,2,ok,0.023005,0.0,0.2065,3.1791,3.189,,{},"{""total"": {""kind"": ""scalar"", ""value"": 23999994000000.0}}",,
python_objects,sum,fork,fork,False,4,0,ok,0.118627,0.0,,0.2854,0.304,31379.0,"{""cpu_util_avg"": {""mean"": 9.995520666666668, ""max"": 11.656979}, ""cpu_util_min"": {""mean"": 9.995520666666668, ""max"": 11.656979}, ""cpu_util_max"": {""mean"": 9.995520666666668, ""max"": 11.656979}, ""cpu_util_0"": {""mean"": 9.995520666666668, ""max"": 11.656979}, ""cpu_util_1"": {""mean"": 9.995520666666668, ""max"": 11.656979}, ""cpu_util_2"": {""mean"": 9.995520666666668, ""max"": 11.656979}, ""cpu_util_3"": {""mean"": 9.995520666666668, ""max"": 11.656979}, ""cpu_util_4"": {""mean"": 9.995520666666668, ""max"": 11.656979}, ""cpu_util_5"": {""mean"": 9.995520666666668, ""max"": 11.656979}, ""cpu_util_6"": {""mean"": 9.995520666666668, ""max"": 11.656979}, ""cpu_util_7"": {""mean"": 9.995520666666668, ""max"": 11.656979}, ""cpu_util_8"": {""mean"": 9.995520666666668, ""max"": 11.656979}, ""cpu_util_9"": {""mean"": 9.995520666666668, ""max"": 11.656979}, ""cpu_util_10"": {""mean"": 9.995520666666668, ""max"": 11.656979}, ""cpu_util_11"": {""mean"": 9.995520666666668, ""max"": 11.656979}, ""memory"": {""mean"": 0.7884669999999999, ""max"": 0.788589}, ""io_read_count"": {""mean"": 10936.180506666666, ""max"": 10950.370879}, ""io_write_count"": {""mean"": 19.993017666666667, ""max"": 20.01896}, ""io_read"": {""mean"": 0.0, ""max"": 0.0}, ""io_write"": {""mean"": 0.0, ""max"": 0.0}, ""gpu_util_avg"": {""mean"": 0.0, ""max"": 0.0}, ""gpu_util_min"": {""mean"": 0.0, ""max"": 0.0}, ""gpu_util_max"": {""mean"": 0.0, ""max"": 0.0}, ""gpu_util_0"": {""mean"": 0.0, ""max"": 0.0}, ""gpu_band_avg"": {""mean"": 0.0, ""max"": 0.0}, ""gpu_band_min"": {""mean"": 0.0, ""max"": 0.0}, ""gpu_band_max"": {""mean"": 0.0, ""max"": 0.0}, ""gpu_band_0"": {""mean"": 0.0, ""max"": 0.0}, ""gpu_mem_avg"": {""mean"": 0.0, ""max"": 0.0}, ""gpu_mem_min"": {""mean"": 0.0, ""max"": 0.0}, ""gpu_mem_max"": {""mean"": 0.0, ""max"": 0.0}, ""gpu_mem_0"": {""mean"": 0.0, ""max"": 0.0}}","{""total"": {""kind"": ""scalar"", ""value"": 23999994000000.0}}","[JUmPER]: a benchmark measurement spent at least 14ms of its 119ms on 31379 page faults - the cost of touching memory inherited from the prefix rather than of the cell itself. Cells working over large Python objects are affected most, and the timing understates them. Re-run with --replay-mode full for a number that does not carry this.",
python_objects,sum,dill,dill,False,4,1,ok,0.023224,0.0,0.1754,3.2387,3.2494,,{},"{""total"": {""kind"": ""scalar"", ""value"": 23999994000000.0}}",,
python_objects,sum,full,full,False,4,2,ok,0.022562,0.275464,,3.1409,3.1601,,"{""cpu_util_avg"": {""mean"": 11.66413, ""max"": 11.66413}, ""cpu_util_min"": {""mean"": 11.66413, ""max"": 11.66413}, ""cpu_util_max"": {""mean"": 11.66413, ""max"": 11.66413}, ""cpu_util_0"": {""mean"": 11.66413, ""max"": 11.66413}, ""cpu_util_1"": {""mean"": 11.66413, ""max"": 11.66413}, ""cpu_util_2"": {""mean"": 11.66413, ""max"": 11.66413}, ""cpu_util_3"": {""mean"": 11.66413, ""max"": 11.66413}, ""cpu_util_4"": {""mean"": 11.66413, ""max"": 11.66413}, ""cpu_util_5"": {""mean"": 11.66413, ""max"": 11.66413}, ""cpu_util_6"": {""mean"": 11.66413, ""max"": 11.66413}, ""cpu_util_7"": {""mean"": 11.66413, ""max"": 11.66413}, ""cpu_util_8"": {""mean"": 11.66413, ""max"": 11.66413}, ""cpu_util_9"": {""mean"": 11.66413, ""max"": 11.66413}, ""cpu_util_10"": {""mean"": 11.66413, ""max"": 11.66413}, ""cpu_util_11"": {""mean"": 11.66413, ""max"": 11.66413}, ""memory"": {""mean"": 0.361992, ""max"": 0.361992}, ""io_read_count"": {""mean"": 10877.634764, ""max"": 10877.634764}, ""io_write_count"": {""mean"": 19.995652, ""max"": 19.995652}, ""io_read"": {""mean"": 0.0, ""max"": 0.0}, ""io_write"": {""mean"": 0.0, ""max"": 0.0}, ""gpu_util_avg"": {""mean"": 0.0, ""max"": 0.0}, ""gpu_util_min"": {""mean"": 0.0, ""max"": 0.0}, ""gpu_util_max"": {""mean"": 0.0, ""max"": 0.0}, ""gpu_util_0"": {""mean"": 0.0, ""max"": 0.0}, ""gpu_band_avg"": {""mean"": 0.0, ""max"": 0.0}, ""gpu_band_min"": {""mean"": 0.0, ""max"": 0.0}, ""gpu_band_max"": {""mean"": 0.0, ""max"": 0.0}, ""gpu_band_0"": {""mean"": 0.0, ""max"": 0.0}, ""gpu_mem_avg"": {""mean"": 0.0, ""max"": 0.0}, ""gpu_mem_min"": {""mean"": 0.0, ""max"": 0.0}, ""gpu_mem_max"": {""mean"": 0.0, ""max"": 0.0}, ""gpu_mem_0"": {""mean"": 0.0, ""max"": 0.0}}","{""total"": {""kind"": ""scalar"", ""value"": 23999994000000.0}}",,
python_objects,sum,dill,dill,False,5,0,ok,0.022455,0.0,0.2032,3.1955,3.2059,,{},"{""total"": {""kind"": ""scalar"", ""value"": 23999994000000.0}}",,
python_objects,sum,full,full,False,5,1,ok,0.025773,0.301201,,3.2245,3.2403,,{},"{""total"": {""kind"": ""scalar"", ""value"": 23999994000000.0}}",,
python_objects,sum,fork,fork,False,5,2,ok,0.129199,0.0,,0.2991,0.3176,31378.0,"{""cpu_util_avg"": {""mean"": 10.553642666666667, ""max"": 11.677147}, ""cpu_util_min"": {""mean"": 10.553642666666667, ""max"": 11.677147}, ""cpu_util_max"": {""mean"": 10.553642666666667, ""max"": 11.677147}, ""cpu_util_0"": {""mean"": 10.553642666666667, ""max"": 11.677147}, ""cpu_util_1"": {""mean"": 10.553642666666667, ""max"": 11.677147}, ""cpu_util_2"": {""mean"": 10.553642666666667, ""max"": 11.677147}, ""cpu_util_3"": {""mean"": 10.553642666666667, ""max"": 11.677147}, ""cpu_util_4"": {""mean"": 10.553642666666667, ""max"": 11.677147}, ""cpu_util_5"": {""mean"": 10.553642666666667, ""max"": 11.677147}, ""cpu_util_6"": {""mean"": 10.553642666666667, ""max"": 11.677147}, ""cpu_util_7"": {""mean"": 10.553642666666667, ""max"": 11.677147}, ""cpu_util_8"": {""mean"": 10.553642666666667, ""max"": 11.677147}, ""cpu_util_9"": {""mean"": 10.553642666666667, ""max"": 11.677147}, ""cpu_util_10"": {""mean"": 10.553642666666667, ""max"": 11.677147}, ""cpu_util_11"": {""mean"": 10.553642666666667, ""max"": 11.677147}, ""memory"": {""mean"": 0.7885896666666666, ""max"": 0.788712}, ""io_read_count"": {""mean"": 10937.361561333333, ""max"": 10949.827688}, ""io_write_count"": {""mean"": 19.995176666666666, ""max"": 20.017967}, ""io_read"": {""mean"": 0.0, ""max"": 0.0}, ""io_write"": {""mean"": 0.0, ""max"": 0.0}, ""gpu_util_avg"": {""mean"": 0.0, ""max"": 0.0}, ""gpu_util_min"": {""mean"": 0.0, ""max"": 0.0}, ""gpu_util_max"": {""mean"": 0.0, ""max"": 0.0}, ""gpu_util_0"": {""mean"": 0.0, ""max"": 0.0}, ""gpu_band_avg"": {""mean"": 0.0, ""max"": 0.0}, ""gpu_band_min"": {""mean"": 0.0, ""max"": 0.0}, ""gpu_band_max"": {""mean"": 0.0, ""max"": 0.0}, ""gpu_band_0"": {""mean"": 0.0, ""max"": 0.0}, ""gpu_mem_avg"": {""mean"": 0.0, ""max"": 0.0}, ""gpu_mem_min"": {""mean"": 0.0, ""max"": 0.0}, ""gpu_mem_max"": {""mean"": 0.0, ""max"": 0.0}, ""gpu_mem_0"": {""mean"": 0.0, ""max"": 0.0}}","{""total"": {""kind"": ""scalar"", ""value"": 23999994000000.0}}","[JUmPER]: a benchmark measurement spent at least 14ms of its 129ms on 31378 page faults - the cost of touching memory inherited from the prefix rather than of the cell itself. Cells working over large Python objects are affected most, and the timing understates them. Re-run with --replay-mode full for a number that does not carry this.",
python_objects,sum,full,full,False,6,0,ok,0.023158,0.29732,,3.1761,3.1924,,{},"{""total"": {""kind"": ""scalar"", ""value"": 23999994000000.0}}",,
python_objects,sum,fork,fork,False,6,1,ok,0.119386,0.0,,0.2862,0.3046,31378.0,"{""cpu_util_avg"": {""mean"": 9.445382, ""max"": 9.999915}, ""cpu_util_min"": {""mean"": 9.445382, ""max"": 9.999915}, ""cpu_util_max"": {""mean"": 9.445382, ""max"": 9.999915}, ""cpu_util_0"": {""mean"": 9.445382, ""max"": 9.999915}, ""cpu_util_1"": {""mean"": 9.445382, ""max"": 9.999915}, ""cpu_util_2"": {""mean"": 9.445382, ""max"": 9.999915}, ""cpu_util_3"": {""mean"": 9.445382, ""max"": 9.999915}, ""cpu_util_4"": {""mean"": 9.445382, ""max"": 9.999915}, ""cpu_util_5"": {""mean"": 9.445382, ""max"": 9.999915}, ""cpu_util_6"": {""mean"": 9.445382, ""max"": 9.999915}, ""cpu_util_7"": {""mean"": 9.445382, ""max"": 9.999915}, ""cpu_util_8"": {""mean"": 9.445382, ""max"": 9.999915}, ""cpu_util_9"": {""mean"": 9.445382, ""max"": 9.999915}, ""cpu_util_10"": {""mean"": 9.445382, ""max"": 9.999915}, ""cpu_util_11"": {""mean"": 9.445382, ""max"": 9.999915}, ""memory"": {""mean"": 0.7885896666666666, ""max"": 0.788712}, ""io_read_count"": {""mean"": 10941.305438333331, ""max"": 10945.040194}, ""io_write_count"": {""mean"": 20.002386333333334, ""max"": 20.009214}, ""io_read"": {""mean"": 0.0, ""max"": 0.0}, ""io_write"": {""mean"": 0.0, ""max"": 0.0}, ""gpu_util_avg"": {""mean"": 0.0, ""max"": 0.0}, ""gpu_util_min"": {""mean"": 0.0, ""max"": 0.0}, ""gpu_util_max"": {""mean"": 0.0, ""max"": 0.0}, ""gpu_util_0"": {""mean"": 0.0, ""max"": 0.0}, ""gpu_band_avg"": {""mean"": 0.0, ""max"": 0.0}, ""gpu_band_min"": {""mean"": 0.0, ""max"": 0.0}, ""gpu_band_max"": {""mean"": 0.0, ""max"": 0.0}, ""gpu_band_0"": {""mean"": 0.0, ""max"": 0.0}, ""gpu_mem_avg"": {""mean"": 0.0, ""max"": 0.0}, ""gpu_mem_min"": {""mean"": 0.0, ""max"": 0.0}, ""gpu_mem_max"": {""mean"": 0.0, ""max"": 0.0}, ""gpu_mem_0"": {""mean"": 0.0, ""max"": 0.0}}","{""total"": {""kind"": ""scalar"", ""value"": 23999994000000.0}}","[JUmPER]: a benchmark measurement spent at least 14ms of its 119ms on 31378 page faults - the cost of touching memory inherited from the prefix rather than of the cell itself. Cells working over large Python objects are affected most, and the timing understates them. Re-run with --replay-mode full for a number that does not carry this.",
python_objects,sum,dill,dill,False,6,2,ok,0.023108,0.0,0.2227,3.3904,3.4008,,{},"{""total"": {""kind"": ""scalar"", ""value"": 23999994000000.0}}",,
python_objects,sum,fork,fork,False,7,0,ok,0.123523,0.0,,0.2973,0.3169,31378.0,"{""cpu_util_avg"": {""mean"": 10.004710666666666, ""max"": 11.682604}, ""cpu_util_min"": {""mean"": 10.004710666666666, ""max"": 11.682604}, ""cpu_util_max"": {""mean"": 10.004710666666666, ""max"": 11.682604}, ""cpu_util_0"": {""mean"": 10.004710666666666, ""max"": 11.682604}, ""cpu_util_1"": {""mean"": 10.004710666666666, ""max"": 11.682604}, ""cpu_util_2"": {""mean"": 10.004710666666666, ""max"": 11.682604}, ""cpu_util_3"": {""mean"": 10.004710666666666, ""max"": 11.682604}, ""cpu_util_4"": {""mean"": 10.004710666666666, ""max"": 11.682604}, ""cpu_util_5"": {""mean"": 10.004710666666666, ""max"": 11.682604}, ""cpu_util_6"": {""mean"": 10.004710666666666, ""max"": 11.682604}, ""cpu_util_7"": {""mean"": 10.004710666666666, ""max"": 11.682604}, ""cpu_util_8"": {""mean"": 10.004710666666666, ""max"": 11.682604}, ""cpu_util_9"": {""mean"": 10.004710666666666, ""max"": 11.682604}, ""cpu_util_10"": {""mean"": 10.004710666666666, ""max"": 11.682604}, ""cpu_util_11"": {""mean"": 10.004710666666666, ""max"": 11.682604}, ""memory"": {""mean"": 0.7887116666666666, ""max"": 0.788834}, ""io_read_count"": {""mean"": 10944.493324999998, ""max"": 10954.944516}, ""io_write_count"": {""mean"": 20.00821433333333, ""max"": 20.027321}, ""io_read"": {""mean"": 0.0, ""max"": 0.0}, ""io_write"": {""mean"": 0.0, ""max"": 0.0}, ""gpu_util_avg"": {""mean"": 0.0, ""max"": 0.0}, ""gpu_util_min"": {""mean"": 0.0, ""max"": 0.0}, ""gpu_util_max"": {""mean"": 0.0, ""max"": 0.0}, ""gpu_util_0"": {""mean"": 0.0, ""max"": 0.0}, ""gpu_band_avg"": {""mean"": 0.0, ""max"": 0.0}, ""gpu_band_min"": {""mean"": 0.0, ""max"": 0.0}, ""gpu_band_max"": {""mean"": 0.0, ""max"": 0.0}, ""gpu_band_0"": {""mean"": 0.0, ""max"": 0.0}, ""gpu_mem_avg"": {""mean"": 0.0, ""max"": 0.0}, ""gpu_mem_min"": {""mean"": 0.0, ""max"": 0.0}, ""gpu_mem_max"": {""mean"": 0.0, ""max"": 0.0}, ""gpu_mem_0"": {""mean"": 0.0, ""max"": 0.0}}","{""total"": {""kind"": ""scalar"", ""value"": 23999994000000.0}}","[JUmPER]: a benchmark measurement spent at least 14ms of its 124ms on 31378 page faults - the cost of touching memory inherited from the prefix rather than of the cell itself. Cells working over large Python objects are affected most, and the timing understates them. Re-run with --replay-mode full for a number that does not carry this.",
python_objects,sum,dill,dill,False,7,1,ok,0.023284,0.0,0.1973,3.2762,3.288,,{},"{""total"": {""kind"": ""scalar"", ""value"": 23999994000000.0}}",,
python_objects,sum,full,full,False,7,2,ok,0.022836,0.278434,,3.0781,3.097,,"{""cpu_util_avg"": {""mean"": 8.332486, ""max"": 8.332486}, ""cpu_util_min"": {""mean"": 8.332486, ""max"": 8.332486}, ""cpu_util_max"": {""mean"": 8.332486, ""max"": 8.332486}, ""cpu_util_0"": {""mean"": 8.332486, ""max"": 8.332486}, ""cpu_util_1"": {""mean"": 8.332486, ""max"": 8.332486}, ""cpu_util_2"": {""mean"": 8.332486, ""max"": 8.332486}, ""cpu_util_3"": {""mean"": 8.332486, ""max"": 8.332486}, ""cpu_util_4"": {""mean"": 8.332486, ""max"": 8.332486}, ""cpu_util_5"": {""mean"": 8.332486, ""max"": 8.332486}, ""cpu_util_6"": {""mean"": 8.332486, ""max"": 8.332486}, ""cpu_util_7"": {""mean"": 8.332486, ""max"": 8.332486}, ""cpu_util_8"": {""mean"": 8.332486, ""max"": 8.332486}, ""cpu_util_9"": {""mean"": 8.332486, ""max"": 8.332486}, ""cpu_util_10"": {""mean"": 8.332486, ""max"": 8.332486}, ""cpu_util_11"": {""mean"": 8.332486, ""max"": 8.332486}, ""memory"": {""mean"": 0.362137, ""max"": 0.362137}, ""io_read_count"": {""mean"": 10878.894051, ""max"": 10878.894051}, ""io_write_count"": {""mean"": 19.997967, ""max"": 19.997967}, ""io_read"": {""mean"": 0.0, ""max"": 0.0}, ""io_write"": {""mean"": 0.0, ""max"": 0.0}, ""gpu_util_avg"": {""mean"": 0.0, ""max"": 0.0}, ""gpu_util_min"": {""mean"": 0.0, ""max"": 0.0}, ""gpu_util_max"": {""mean"": 0.0, ""max"": 0.0}, ""gpu_util_0"": {""mean"": 0.0, ""max"": 0.0}, ""gpu_band_avg"": {""mean"": 0.0, ""max"": 0.0}, ""gpu_band_min"": {""mean"": 0.0, ""max"": 0.0}, ""gpu_band_max"": {""mean"": 0.0, ""max"": 0.0}, ""gpu_band_0"": {""mean"": 0.0, ""max"": 0.0}, ""gpu_mem_avg"": {""mean"": 0.0, ""max"": 0.0}, ""gpu_mem_min"": {""mean"": 0.0, ""max"": 0.0}, ""gpu_mem_max"": {""mean"": 0.0, ""max"": 0.0}, ""gpu_mem_0"": {""mean"": 0.0, ""max"": 0.0}}","{""total"": {""kind"": ""scalar"", ""value"": 23999994000000.0}}",,
python_objects,sum,dill,dill,False,8,0,ok,0.023829,0.0,0.1915,3.4435,3.4553,,{},"{""total"": {""kind"": ""scalar"", ""value"": 23999994000000.0}}",,
python_objects,sum,full,full,False,8,1,ok,0.023716,0.285709,,3.3476,3.3642,,{},"{""total"": {""kind"": ""scalar"", ""value"": 23999994000000.0}}",,
python_objects,sum,fork,fork,False,8,2,ok,0.12442,0.0,,0.2919,0.3114,31378.0,"{""cpu_util_avg"": {""mean"": 9.447540333333334, ""max"": 11.67547}, ""cpu_util_min"": {""mean"": 9.447540333333334, ""max"": 11.67547}, ""cpu_util_max"": {""mean"": 9.447540333333334, ""max"": 11.67547}, ""cpu_util_0"": {""mean"": 9.447540333333334, ""max"": 11.67547}, ""cpu_util_1"": {""mean"": 9.447540333333334, ""max"": 11.67547}, ""cpu_util_2"": {""mean"": 9.447540333333334, ""max"": 11.67547}, ""cpu_util_3"": {""mean"": 9.447540333333334, ""max"": 11.67547}, ""cpu_util_4"": {""mean"": 9.447540333333334, ""max"": 11.67547}, ""cpu_util_5"": {""mean"": 9.447540333333334, ""max"": 11.67547}, ""cpu_util_6"": {""mean"": 9.447540333333334, ""max"": 11.67547}, ""cpu_util_7"": {""mean"": 9.447540333333334, ""max"": 11.67547}, ""cpu_util_8"": {""mean"": 9.447540333333334, ""max"": 11.67547}, ""cpu_util_9"": {""mean"": 9.447540333333334, ""max"": 11.67547}, ""cpu_util_10"": {""mean"": 9.447540333333334, ""max"": 11.67547}, ""cpu_util_11"": {""mean"": 9.447540333333334, ""max"": 11.67547}, ""memory"": {""mean"": 0.7887149999999999, ""max"": 0.788837}, ""io_read_count"": {""mean"": 10942.963298333334, ""max"": 10948.254986}, ""io_write_count"": {""mean"": 20.005417333333334, ""max"": 20.015091}, ""io_read"": {""mean"": 0.0, ""max"": 0.0}, ""io_write"": {""mean"": 0.0, ""max"": 0.0}, ""gpu_util_avg"": {""mean"": 0.0, ""max"": 0.0}, ""gpu_util_min"": {""mean"": 0.0, ""max"": 0.0}, ""gpu_util_max"": {""mean"": 0.0, ""max"": 0.0}, ""gpu_util_0"": {""mean"": 0.0, ""max"": 0.0}, ""gpu_band_avg"": {""mean"": 0.0, ""max"": 0.0}, ""gpu_band_min"": {""mean"": 0.0, ""max"": 0.0}, ""gpu_band_max"": {""mean"": 0.0, ""max"": 0.0}, ""gpu_band_0"": {""mean"": 0.0, ""max"": 0.0}, ""gpu_mem_avg"": {""mean"": 0.0, ""max"": 0.0}, ""gpu_mem_min"": {""mean"": 0.0, ""max"": 0.0}, ""gpu_mem_max"": {""mean"": 0.0, ""max"": 0.0}, ""gpu_mem_0"": {""mean"": 0.0, ""max"": 0.0}}","{""total"": {""kind"": ""scalar"", ""value"": 23999994000000.0}}","[JUmPER]: a benchmark measurement spent at least 14ms of its 124ms on 31378 page faults - the cost of touching memory inherited from the prefix rather than of the cell itself. Cells working over large Python objects are affected most, and the timing understates them. Re-run with --replay-mode full for a number that does not carry this.",
python_objects,sum,full,full,False,9,0,ok,0.023352,0.289465,,3.2312,3.2478,,{},"{""total"": {""kind"": ""scalar"", ""value"": 23999994000000.0}}",,
python_objects,sum,fork,fork,False,9,1,ok,0.12029,0.0,,0.286,0.3048,31378.0,"{""cpu_util_avg"": {""mean"": 9.443519, ""max"": 11.654609}, ""cpu_util_min"": {""mean"": 9.443519, ""max"": 11.654609}, ""cpu_util_max"": {""mean"": 9.443519, ""max"": 11.654609}, ""cpu_util_0"": {""mean"": 9.443519, ""max"": 11.654609}, ""cpu_util_1"": {""mean"": 9.443519, ""max"": 11.654609}, ""cpu_util_2"": {""mean"": 9.443519, ""max"": 11.654609}, ""cpu_util_3"": {""mean"": 9.443519, ""max"": 11.654609}, ""cpu_util_4"": {""mean"": 9.443519, ""max"": 11.654609}, ""cpu_util_5"": {""mean"": 9.443519, ""max"": 11.654609}, ""cpu_util_6"": {""mean"": 9.443519, ""max"": 11.654609}, ""cpu_util_7"": {""mean"": 9.443519, ""max"": 11.654609}, ""cpu_util_8"": {""mean"": 9.443519, ""max"": 11.654609}, ""cpu_util_9"": {""mean"": 9.443519, ""max"": 11.654609}, ""cpu_util_10"": {""mean"": 9.443519, ""max"": 11.654609}, ""cpu_util_11"": {""mean"": 9.443519, ""max"": 11.654609}, ""memory"": {""mean"": 0.7888376666666667, ""max"": 0.78896}, ""io_read_count"": {""mean"": 10940.292545666665, ""max"": 10949.318747}, ""io_write_count"": {""mean"": 20.000534666666667, ""max"": 20.017036}, ""io_read"": {""mean"": 0.0, ""max"": 0.0}, ""io_write"": {""mean"": 0.0, ""max"": 0.0}, ""gpu_util_avg"": {""mean"": 0.0, ""max"": 0.0}, ""gpu_util_min"": {""mean"": 0.0, ""max"": 0.0}, ""gpu_util_max"": {""mean"": 0.0, ""max"": 0.0}, ""gpu_util_0"": {""mean"": 0.0, ""max"": 0.0}, ""gpu_band_avg"": {""mean"": 0.0, ""max"": 0.0}, ""gpu_band_min"": {""mean"": 0.0, ""max"": 0.0}, ""gpu_band_max"": {""mean"": 0.0, ""max"": 0.0}, ""gpu_band_0"": {""mean"": 0.0, ""max"": 0.0}, ""gpu_mem_avg"": {""mean"": 0.0, ""max"": 0.0}, ""gpu_mem_min"": {""mean"": 0.0, ""max"": 0.0}, ""gpu_mem_max"": {""mean"": 0.0, ""max"": 0.0}, ""gpu_mem_0"": {""mean"": 0.0, ""max"": 0.0}}","{""total"": {""kind"": ""scalar"", ""value"": 23999994000000.0}}","[JUmPER]: a benchmark measurement spent at least 14ms of its 120ms on 31378 page faults - the cost of touching memory inherited from the prefix rather than of the cell itself. Cells working over large Python objects are affected most, and the timing understates them. Re-run with --replay-mode full for a number that does not carry this.",
python_objects,sum,dill,dill,False,9,2,ok,0.022332,0.0,0.189,3.3347,3.3455,,{},"{""total"": {""kind"": ""scalar"", ""value"": 23999994000000.0}}",,
python_objects,sum,fork,fork,False,10,0,ok,0.118181,0.0,,0.2804,0.3034,31379.0,"{""cpu_util_avg"": {""mean"": 10.555239333333333, ""max"": 11.666699}, ""cpu_util_min"": {""mean"": 10.555239333333333, ""max"": 11.666699}, ""cpu_util_max"": {""mean"": 10.555239333333333, ""max"": 11.666699}, ""cpu_util_0"": {""mean"": 10.555239333333333, ""max"": 11.666699}, ""cpu_util_1"": {""mean"": 10.555239333333333, ""max"": 11.666699}, ""cpu_util_2"": {""mean"": 10.555239333333333, ""max"": 11.666699}, ""cpu_util_3"": {""mean"": 10.555239333333333, ""max"": 11.666699}, ""cpu_util_4"": {""mean"": 10.555239333333333, ""max"": 11.666699}, ""cpu_util_5"": {""mean"": 10.555239333333333, ""max"": 11.666699}, ""cpu_util_6"": {""mean"": 10.555239333333333, ""max"": 11.666699}, ""cpu_util_7"": {""mean"": 10.555239333333333, ""max"": 11.666699}, ""cpu_util_8"": {""mean"": 10.555239333333333, ""max"": 11.666699}, ""cpu_util_9"": {""mean"": 10.555239333333333, ""max"": 11.666699}, ""cpu_util_10"": {""mean"": 10.555239333333333, ""max"": 11.666699}, ""cpu_util_11"": {""mean"": 10.555239333333333, ""max"": 11.666699}, ""memory"": {""mean"": 0.7888376666666667, ""max"": 0.78896}, ""io_read_count"": {""mean"": 10939.652370666665, ""max"": 10941.147507}, ""io_write_count"": {""mean"": 19.999364666666665, ""max"": 20.002098}, ""io_read"": {""mean"": 0.0, ""max"": 0.0}, ""io_write"": {""mean"": 0.0, ""max"": 0.0}, ""gpu_util_avg"": {""mean"": 0.0, ""max"": 0.0}, ""gpu_util_min"": {""mean"": 0.0, ""max"": 0.0}, ""gpu_util_max"": {""mean"": 0.0, ""max"": 0.0}, ""gpu_util_0"": {""mean"": 0.0, ""max"": 0.0}, ""gpu_band_avg"": {""mean"": 0.0, ""max"": 0.0}, ""gpu_band_min"": {""mean"": 0.0, ""max"": 0.0}, ""gpu_band_max"": {""mean"": 0.0, ""max"": 0.0}, ""gpu_band_0"": {""mean"": 0.0, ""max"": 0.0}, ""gpu_mem_avg"": {""mean"": 0.0, ""max"": 0.0}, ""gpu_mem_min"": {""mean"": 0.0, ""max"": 0.0}, ""gpu_mem_max"": {""mean"": 0.0, ""max"": 0.0}, ""gpu_mem_0"": {""mean"": 0.0, ""max"": 0.0}}","{""total"": {""kind"": ""scalar"", ""value"": 23999994000000.0}}","[JUmPER]: a benchmark measurement spent at least 14ms of its 118ms on 31379 page faults - the cost of touching memory inherited from the prefix rather than of the cell itself. Cells working over large Python objects are affected most, and the timing understates them. Re-run with --replay-mode full for a number that does not carry this.",
python_objects,sum,dill,dill,False,10,1,ok,0.02484,0.0,0.1995,3.2975,3.3164,,{},"{""total"": {""kind"": ""scalar"", ""value"": 23999994000000.0}}",,
python_objects,sum,full,full,False,10,2,ok,0.023067,0.293845,,3.357,3.3733,,{},"{""total"": {""kind"": ""scalar"", ""value"": 23999994000000.0}}",,
memmap_scan,scan,full,full,False,0,0,ok,0.008996,0.018534,,2.7937,2.8062,,{},"{""total"": {""kind"": ""scalar"", ""value"": 312499987500000.0}}",,
memmap_scan,scan,fork,fork,False,0,1,ok,0.019682,0.0,,0.1874,0.2039,3083.0,{},"{""total"": {""kind"": ""scalar"", ""value"": 312499987500000.0}}","[JUmPER]: a benchmark measurement spent at least 2ms of its 20ms on 3083 page faults - the cost of touching memory inherited from the prefix rather than of the cell itself. Cells working over large Python objects are affected most, and the timing understates them. Re-run with --replay-mode full for a number that does not carry this.",
memmap_scan,scan,dill,full,True,0,2,ok,0.008956,0.01854,,2.9627,2.9738,,{},"{""total"": {""kind"": ""scalar"", ""value"": 312499987500000.0}}",,
memmap_scan,scan,fork,fork,False,1,0,ok,0.019815,0.0,,0.1752,0.1958,3083.0,"{""cpu_util_avg"": {""mean"": 8.322669, ""max"": 8.322669}, ""cpu_util_min"": {""mean"": 8.322669, ""max"": 8.322669}, ""cpu_util_max"": {""mean"": 8.322669, ""max"": 8.322669}, ""cpu_util_0"": {""mean"": 8.322669, ""max"": 8.322669}, ""cpu_util_1"": {""mean"": 8.322669, ""max"": 8.322669}, ""cpu_util_2"": {""mean"": 8.322669, ""max"": 8.322669}, ""cpu_util_3"": {""mean"": 8.322669, ""max"": 8.322669}, ""cpu_util_4"": {""mean"": 8.322669, ""max"": 8.322669}, ""cpu_util_5"": {""mean"": 8.322669, ""max"": 8.322669}, ""cpu_util_6"": {""mean"": 8.322669, ""max"": 8.322669}, ""cpu_util_7"": {""mean"": 8.322669, ""max"": 8.322669}, ""cpu_util_8"": {""mean"": 8.322669, ""max"": 8.322669}, ""cpu_util_9"": {""mean"": 8.322669, ""max"": 8.322669}, ""cpu_util_10"": {""mean"": 8.322669, ""max"": 8.322669}, ""cpu_util_11"": {""mean"": 8.322669, ""max"": 8.322669}, ""memory"": {""mean"": 0.757191, ""max"": 0.757191}, ""io_read_count"": {""mean"": 10926.0003, ""max"": 10926.0003}, ""io_write_count"": {""mean"": 19.974406, ""max"": 19.974406}, ""io_read"": {""mean"": 0.0, ""max"": 0.0}, ""io_write"": {""mean"": 0.0, ""max"": 0.0}, ""gpu_util_avg"": {""mean"": 0.0, ""max"": 0.0}, ""gpu_util_min"": {""mean"": 0.0, ""max"": 0.0}, ""gpu_util_max"": {""mean"": 0.0, ""max"": 0.0}, ""gpu_util_0"": {""mean"": 0.0, ""max"": 0.0}, ""gpu_band_avg"": {""mean"": 0.0, ""max"": 0.0}, ""gpu_band_min"": {""mean"": 0.0, ""max"": 0.0}, ""gpu_band_max"": {""mean"": 0.0, ""max"": 0.0}, ""gpu_band_0"": {""mean"": 0.0, ""max"": 0.0}, ""gpu_mem_avg"": {""mean"": 0.0, ""max"": 0.0}, ""gpu_mem_min"": {""mean"": 0.0, ""max"": 0.0}, ""gpu_mem_max"": {""mean"": 0.0, ""max"": 0.0}, ""gpu_mem_0"": {""mean"": 0.0, ""max"": 0.0}}","{""total"": {""kind"": ""scalar"", ""value"": 312499987500000.0}}","[JUmPER]: a benchmark measurement spent at least 2ms of its 20ms on 3083 page faults - the cost of touching memory inherited from the prefix rather than of the cell itself. Cells working over large Python objects are affected most, and the timing understates them. Re-run with --replay-mode full for a number that does not carry this.",
memmap_scan,scan,dill,full,True,1,1,ok,0.011225,0.019062,,2.8777,2.8888,,{},"{""total"": {""kind"": ""scalar"", ""value"": 312499987500000.0}}",,
memmap_scan,scan,full,full,False,1,2,ok,0.012913,0.022623,,3.3148,3.3271,,{},"{""total"": {""kind"": ""scalar"", ""value"": 312499987500000.0}}",,
memmap_scan,scan,dill,full,True,2,0,ok,0.009754,0.018452,,3.2005,3.212,,{},"{""total"": {""kind"": ""scalar"", ""value"": 312499987500000.0}}",,
memmap_scan,scan,full,full,False,2,1,ok,0.042235,0.057131,,3.0711,3.092,,"{""cpu_util_avg"": {""mean"": 9.99975, ""max"": 9.99975}, ""cpu_util_min"": {""mean"": 9.99975, ""max"": 9.99975}, ""cpu_util_max"": {""mean"": 9.99975, ""max"": 9.99975}, ""cpu_util_0"": {""mean"": 9.99975, ""max"": 9.99975}, ""cpu_util_1"": {""mean"": 9.99975, ""max"": 9.99975}, ""cpu_util_2"": {""mean"": 9.99975, ""max"": 9.99975}, ""cpu_util_3"": {""mean"": 9.99975, ""max"": 9.99975}, ""cpu_util_4"": {""mean"": 9.99975, ""max"": 9.99975}, ""cpu_util_5"": {""mean"": 9.99975, ""max"": 9.99975}, ""cpu_util_6"": {""mean"": 9.99975, ""max"": 9.99975}, ""cpu_util_7"": {""mean"": 9.99975, ""max"": 9.99975}, ""cpu_util_8"": {""mean"": 9.99975, ""max"": 9.99975}, ""cpu_util_9"": {""mean"": 9.99975, ""max"": 9.99975}, ""cpu_util_10"": {""mean"": 9.99975, ""max"": 9.99975}, ""cpu_util_11"": {""mean"": 9.99975, ""max"": 9.99975}, ""memory"": {""mean"": 0.397408, ""max"": 0.397408}, ""io_read_count"": {""mean"": 10879.72757, ""max"": 10879.72757}, ""io_write_count"": {""mean"": 19.999499, ""max"": 19.999499}, ""io_read"": {""mean"": 0.0, ""max"": 0.0}, ""io_write"": {""mean"": 0.0, ""max"": 0.0}, ""gpu_util_avg"": {""mean"": 0.0, ""max"": 0.0}, ""gpu_util_min"": {""mean"": 0.0, ""max"": 0.0}, ""gpu_util_max"": {""mean"": 0.0, ""max"": 0.0}, ""gpu_util_0"": {""mean"": 0.0, ""max"": 0.0}, ""gpu_band_avg"": {""mean"": 0.0, ""max"": 0.0}, ""gpu_band_min"": {""mean"": 0.0, ""max"": 0.0}, ""gpu_band_max"": {""mean"": 0.0, ""max"": 0.0}, ""gpu_band_0"": {""mean"": 0.0, ""max"": 0.0}, ""gpu_mem_avg"": {""mean"": 0.0, ""max"": 0.0}, ""gpu_mem_min"": {""mean"": 0.0, ""max"": 0.0}, ""gpu_mem_max"": {""mean"": 0.0, ""max"": 0.0}, ""gpu_mem_0"": {""mean"": 0.0, ""max"": 0.0}}","{""total"": {""kind"": ""scalar"", ""value"": 312499987500000.0}}",,
memmap_scan,scan,fork,fork,False,2,2,ok,0.248984,0.0,,0.402,0.4214,,"{""cpu_util_avg"": {""mean"": 9.333667600000002, ""max"": 11.673587}, ""cpu_util_min"": {""mean"": 9.333667600000002, ""max"": 11.673587}, ""cpu_util_max"": {""mean"": 9.333667600000002, ""max"": 11.673587}, ""cpu_util_0"": {""mean"": 9.333667600000002, ""max"": 11.673587}, ""cpu_util_1"": {""mean"": 9.333667600000002, ""max"": 11.673587}, ""cpu_util_2"": {""mean"": 9.333667600000002, ""max"": 11.673587}, ""cpu_util_3"": {""mean"": 9.333667600000002, ""max"": 11.673587}, ""cpu_util_4"": {""mean"": 9.333667600000002, ""max"": 11.673587}, ""cpu_util_5"": {""mean"": 9.333667600000002, ""max"": 11.673587}, ""cpu_util_6"": {""mean"": 9.333667600000002, ""max"": 11.673587}, ""cpu_util_7"": {""mean"": 9.333667600000002, ""max"": 11.673587}, ""cpu_util_8"": {""mean"": 9.333667600000002, ""max"": 11.673587}, ""cpu_util_9"": {""mean"": 9.333667600000002, ""max"": 11.673587}, ""cpu_util_10"": {""mean"": 9.333667600000002, ""max"": 11.673587}, ""cpu_util_11"": {""mean"": 9.333667600000002, ""max"": 11.673587}, ""memory"": {""mean"": 0.7949833999999999, ""max"": 0.848499}, ""io_read_count"": {""mean"": 10940.101737, ""max"": 10950.826641}, ""io_write_count"": {""mean"": 20.0001862, ""max"": 20.019793}, ""io_read"": {""mean"": 0.0, ""max"": 0.0}, ""io_write"": {""mean"": 0.0, ""max"": 0.0}, ""gpu_util_avg"": {""mean"": 0.0, ""max"": 0.0}, ""gpu_util_min"": {""mean"": 0.0, ""max"": 0.0}, ""gpu_util_max"": {""mean"": 0.0, ""max"": 0.0}, ""gpu_util_0"": {""mean"": 0.0, ""max"": 0.0}, ""gpu_band_avg"": {""mean"": 0.0, ""max"": 0.0}, ""gpu_band_min"": {""mean"": 0.0, ""max"": 0.0}, ""gpu_band_max"": {""mean"": 0.0, ""max"": 0.0}, ""gpu_band_0"": {""mean"": 0.0, ""max"": 0.0}, ""gpu_mem_avg"": {""mean"": 0.0, ""max"": 0.0}, ""gpu_mem_min"": {""mean"": 0.0, ""max"": 0.0}, ""gpu_mem_max"": {""mean"": 0.0, ""max"": 0.0}, ""gpu_mem_0"": {""mean"": 0.0, ""max"": 0.0}}","{""total"": {""kind"": ""scalar"", ""value"": 312499987500000.0}}",,
memmap_scan,scan,full,full,False,3,0,ok,0.008685,0.018569,,2.9911,3.0021,,{},"{""total"": {""kind"": ""scalar"", ""value"": 312499987500000.0}}",,
memmap_scan,scan,fork,fork,False,3,1,ok,0.018056,0.0,,0.1694,0.1893,3083.0,"{""cpu_util_avg"": {""mean"": 8.333028, ""max"": 8.333028}, ""cpu_util_min"": {""mean"": 8.333028, ""max"": 8.333028}, ""cpu_util_max"": {""mean"": 8.333028, ""max"": 8.333028}, ""cpu_util_0"": {""mean"": 8.333028, ""max"": 8.333028}, ""cpu_util_1"": {""mean"": 8.333028, ""max"": 8.333028}, ""cpu_util_2"": {""mean"": 8.333028, ""max"": 8.333028}, ""cpu_util_3"": {""mean"": 8.333028, ""max"": 8.333028}, ""cpu_util_4"": {""mean"": 8.333028, ""max"": 8.333028}, ""cpu_util_5"": {""mean"": 8.333028, ""max"": 8.333028}, ""cpu_util_6"": {""mean"": 8.333028, ""max"": 8.333028}, ""cpu_util_7"": {""mean"": 8.333028, ""max"": 8.333028}, ""cpu_util_8"": {""mean"": 8.333028, ""max"": 8.333028}, ""cpu_util_9"": {""mean"": 8.333028, ""max"": 8.333028}, ""cpu_util_10"": {""mean"": 8.333028, ""max"": 8.333028}, ""cpu_util_11"": {""mean"": 8.333028, ""max"": 8.333028}, ""memory"": {""mean"": 0.822498, ""max"": 0.822498}, ""io_read_count"": {""mean"": 10939.599615, ""max"": 10939.599615}, ""io_write_count"": {""mean"": 19.999268, ""max"": 19.999268}, ""io_read"": {""mean"": 0.0, ""max"": 0.0}, ""io_write"": {""mean"": 0.0, ""max"": 0.0}, ""gpu_util_avg"": {""mean"": 0.0, ""max"": 0.0}, ""gpu_util_min"": {""mean"": 0.0, ""max"": 0.0}, ""gpu_util_max"": {""mean"": 0.0, ""max"": 0.0}, ""gpu_util_0"": {""mean"": 0.0, ""max"": 0.0}, ""gpu_band_avg"": {""mean"": 0.0, ""max"": 0.0}, ""gpu_band_min"": {""mean"": 0.0, ""max"": 0.0}, ""gpu_band_max"": {""mean"": 0.0, ""max"": 0.0}, ""gpu_band_0"": {""mean"": 0.0, ""max"": 0.0}, ""gpu_mem_avg"": {""mean"": 0.0, ""max"": 0.0}, ""gpu_mem_min"": {""mean"": 0.0, ""max"": 0.0}, ""gpu_mem_max"": {""mean"": 0.0, ""max"": 0.0}, ""gpu_mem_0"": {""mean"": 0.0, ""max"": 0.0}}","{""total"": {""kind"": ""scalar"", ""value"": 312499987500000.0}}","[JUmPER]: a benchmark measurement spent at least 2ms of its 18ms on 3083 page faults - the cost of touching memory inherited from the prefix rather than of the cell itself. Cells working over large Python objects are affected most, and the timing understates them. Re-run with --replay-mode full for a number that does not carry this.",
memmap_scan,scan,dill,full,True,3,2,ok,0.009187,0.018459,,2.8386,2.8504,,{},"{""total"": {""kind"": ""scalar"", ""value"": 312499987500000.0}}",,
memmap_scan,scan,fork,fork,False,4,0,ok,0.018713,0.0,,0.1671,0.1855,3083.0,"{""cpu_util_avg"": {""mean"": 11.657929, ""max"": 11.657929}, ""cpu_util_min"": {""mean"": 11.657929, ""max"": 11.657929}, ""cpu_util_max"": {""mean"": 11.657929, ""max"": 11.657929}, ""cpu_util_0"": {""mean"": 11.657929, ""max"": 11.657929}, ""cpu_util_1"": {""mean"": 11.657929, ""max"": 11.657929}, ""cpu_util_2"": {""mean"": 11.657929, ""max"": 11.657929}, ""cpu_util_3"": {""mean"": 11.657929, ""max"": 11.657929}, ""cpu_util_4"": {""mean"": 11.657929, ""max"": 11.657929}, ""cpu_util_5"": {""mean"": 11.657929, ""max"": 11.657929}, ""cpu_util_6"": {""mean"": 11.657929, ""max"": 11.657929}, ""cpu_util_7"": {""mean"": 11.657929, ""max"": 11.657929}, ""cpu_util_8"": {""mean"": 11.657929, ""max"": 11.657929}, ""cpu_util_9"": {""mean"": 11.657929, ""max"": 11.657929}, ""cpu_util_10"": {""mean"": 11.657929, ""max"": 11.657929}, ""cpu_util_11"": {""mean"": 11.657929, ""max"": 11.657929}, ""memory"": {""mean"": 0.550865, ""max"": 0.550865}, ""io_read_count"": {""mean"": 7174.622623, ""max"": 7174.622623}, ""io_write_count"": {""mean"": 19.985021, ""max"": 19.985021}, ""io_read"": {""mean"": 0.0, ""max"": 0.0}, ""io_write"": {""mean"": 0.0, ""max"": 0.0}, ""gpu_util_avg"": {""mean"": 0.0, ""max"": 0.0}, ""gpu_util_min"": {""mean"": 0.0, ""max"": 0.0}, ""gpu_util_max"": {""mean"": 0.0, ""max"": 0.0}, ""gpu_util_0"": {""mean"": 0.0, ""max"": 0.0}, ""gpu_band_avg"": {""mean"": 0.0, ""max"": 0.0}, ""gpu_band_min"": {""mean"": 0.0, ""max"": 0.0}, ""gpu_band_max"": {""mean"": 0.0, ""max"": 0.0}, ""gpu_band_0"": {""mean"": 0.0, ""max"": 0.0}, ""gpu_mem_avg"": {""mean"": 0.0, ""max"": 0.0}, ""gpu_mem_min"": {""mean"": 0.0, ""max"": 0.0}, ""gpu_mem_max"": {""mean"": 0.0, ""max"": 0.0}, ""gpu_mem_0"": {""mean"": 0.0, ""max"": 0.0}}","{""total"": {""kind"": ""scalar"", ""value"": 312499987500000.0}}","[JUmPER]: a benchmark measurement spent at least 2ms of its 19ms on 3083 page faults - the cost of touching memory inherited from the prefix rather than of the cell itself. Cells working over large Python objects are affected most, and the timing understates them. Re-run with --replay-mode full for a number that does not carry this.",
memmap_scan,scan,dill,full,True,4,1,ok,0.01051,0.137655,,3.0141,3.0335,,"{""cpu_util_avg"": {""mean"": 8.32882, ""max"": 8.32882}, ""cpu_util_min"": {""mean"": 8.32882, ""max"": 8.32882}, ""cpu_util_max"": {""mean"": 8.32882, ""max"": 8.32882}, ""cpu_util_0"": {""mean"": 8.32882, ""max"": 8.32882}, ""cpu_util_1"": {""mean"": 8.32882, ""max"": 8.32882}, ""cpu_util_2"": {""mean"": 8.32882, ""max"": 8.32882}, ""cpu_util_3"": {""mean"": 8.32882, ""max"": 8.32882}, ""cpu_util_4"": {""mean"": 8.32882, ""max"": 8.32882}, ""cpu_util_5"": {""mean"": 8.32882, ""max"": 8.32882}, ""cpu_util_6"": {""mean"": 8.32882, ""max"": 8.32882}, ""cpu_util_7"": {""mean"": 8.32882, ""max"": 8.32882}, ""cpu_util_8"": {""mean"": 8.32882, ""max"": 8.32882}, ""cpu_util_9"": {""mean"": 8.32882, ""max"": 8.32882}, ""cpu_util_10"": {""mean"": 8.32882, ""max"": 8.32882}, ""cpu_util_11"": {""mean"": 8.32882, ""max"": 8.32882}, ""memory"": {""mean"": 0.397293, ""max"": 0.397293}, ""io_read_count"": {""mean"": 10874.107318, ""max"": 10874.107318}, ""io_write_count"": {""mean"": 19.989168, ""max"": 19.989168}, ""io_read"": {""mean"": 0.0, ""max"": 0.0}, ""io_write"": {""mean"": 0.0, ""max"": 0.0}, ""gpu_util_avg"": {""mean"": 0.0, ""max"": 0.0}, ""gpu_util_min"": {""mean"": 0.0, ""max"": 0.0}, ""gpu_util_max"": {""mean"": 0.0, ""max"": 0.0}, ""gpu_util_0"": {""mean"": 0.0, ""max"": 0.0}, ""gpu_band_avg"": {""mean"": 0.0, ""max"": 0.0}, ""gpu_band_min"": {""mean"": 0.0, ""max"": 0.0}, ""gpu_band_max"": {""mean"": 0.0, ""max"": 0.0}, ""gpu_band_0"": {""mean"": 0.0, ""max"": 0.0}, ""gpu_mem_avg"": {""mean"": 0.0, ""max"": 0.0}, ""gpu_mem_min"": {""mean"": 0.0, ""max"": 0.0}, ""gpu_mem_max"": {""mean"": 0.0, ""max"": 0.0}, ""gpu_mem_0"": {""mean"": 0.0, ""max"": 0.0}}","{""total"": {""kind"": ""scalar"", ""value"": 312499987500000.0}}",,
memmap_scan,scan,full,full,False,4,2,ok,0.008393,0.018248,,2.7183,2.7287,,{},"{""total"": {""kind"": ""scalar"", ""value"": 312499987500000.0}}",,
memmap_scan,scan,dill,full,True,5,0,ok,0.008239,0.017449,,2.6801,2.6909,,{},"{""total"": {""kind"": ""scalar"", ""value"": 312499987500000.0}}",,
memmap_scan,scan,full,full,False,5,1,ok,0.008858,0.019719,,2.7404,2.7517,,{},"{""total"": {""kind"": ""scalar"", ""value"": 312499987500000.0}}",,
memmap_scan,scan,fork,fork,False,5,2,ok,0.020703,0.0,,0.1656,0.1849,3083.0,"{""cpu_util_avg"": {""mean"": 9.99405, ""max"": 9.99405}, ""cpu_util_min"": {""mean"": 9.99405, ""max"": 9.99405}, ""cpu_util_max"": {""mean"": 9.99405, ""max"": 9.99405}, ""cpu_util_0"": {""mean"": 9.99405, ""max"": 9.99405}, ""cpu_util_1"": {""mean"": 9.99405, ""max"": 9.99405}, ""cpu_util_2"": {""mean"": 9.99405, ""max"": 9.99405}, ""cpu_util_3"": {""mean"": 9.99405, ""max"": 9.99405}, ""cpu_util_4"": {""mean"": 9.99405, ""max"": 9.99405}, ""cpu_util_5"": {""mean"": 9.99405, ""max"": 9.99405}, ""cpu_util_6"": {""mean"": 9.99405, ""max"": 9.99405}, ""cpu_util_7"": {""mean"": 9.99405, ""max"": 9.99405}, ""cpu_util_8"": {""mean"": 9.99405, ""max"": 9.99405}, ""cpu_util_9"": {""mean"": 9.99405, ""max"": 9.99405}, ""cpu_util_10"": {""mean"": 9.99405, ""max"": 9.99405}, ""cpu_util_11"": {""mean"": 9.99405, ""max"": 9.99405}, ""memory"": {""mean"": 0.854847, ""max"": 0.854847}, ""io_read_count"": {""mean"": 10933.490415, ""max"": 10933.490415}, ""io_write_count"": {""mean"": 19.988099, ""max"": 19.988099}, ""io_read"": {""mean"": 0.0, ""max"": 0.0}, ""io_write"": {""mean"": 0.0, ""max"": 0.0}, ""gpu_util_avg"": {""mean"": 0.0, ""max"": 0.0}, ""gpu_util_min"": {""mean"": 0.0, ""max"": 0.0}, ""gpu_util_max"": {""mean"": 0.0, ""max"": 0.0}, ""gpu_util_0"": {""mean"": 0.0, ""max"": 0.0}, ""gpu_band_avg"": {""mean"": 0.0, ""max"": 0.0}, ""gpu_band_min"": {""mean"": 0.0, ""max"": 0.0}, ""gpu_band_max"": {""mean"": 0.0, ""max"": 0.0}, ""gpu_band_0"": {""mean"": 0.0, ""max"": 0.0}, ""gpu_mem_avg"": {""mean"": 0.0, ""max"": 0.0}, ""gpu_mem_min"": {""mean"": 0.0, ""max"": 0.0}, ""gpu_mem_max"": {""mean"": 0.0, ""max"": 0.0}, ""gpu_mem_0"": {""mean"": 0.0, ""max"": 0.0}}","{""total"": {""kind"": ""scalar"", ""value"": 312499987500000.0}}","[JUmPER]: a benchmark measurement spent at least 2ms of its 21ms on 3083 page faults - the cost of touching memory inherited from the prefix rather than of the cell itself. Cells working over large Python objects are affected most, and the timing understates them. Re-run with --replay-mode full for a number that does not carry this.",
memmap_scan,scan,full,full,False,6,0,ok,0.009311,0.019178,,2.8057,2.8168,,{},"{""total"": {""kind"": ""scalar"", ""value"": 312499987500000.0}}",,
memmap_scan,scan,fork,fork,False,6,1,ok,0.021123,0.0,,0.1646,0.188,3084.0,"{""cpu_util_avg"": {""mean"": 10.009357, ""max"": 10.009357}, ""cpu_util_min"": {""mean"": 10.009357, ""max"": 10.009357}, ""cpu_util_max"": {""mean"": 10.009357, ""max"": 10.009357}, ""cpu_util_0"": {""mean"": 10.009357, ""max"": 10.009357}, ""cpu_util_1"": {""mean"": 10.009357, ""max"": 10.009357}, ""cpu_util_2"": {""mean"": 10.009357, ""max"": 10.009357}, ""cpu_util_3"": {""mean"": 10.009357, ""max"": 10.009357}, ""cpu_util_4"": {""mean"": 10.009357, ""max"": 10.009357}, ""cpu_util_5"": {""mean"": 10.009357, ""max"": 10.009357}, ""cpu_util_6"": {""mean"": 10.009357, ""max"": 10.009357}, ""cpu_util_7"": {""mean"": 10.009357, ""max"": 10.009357}, ""cpu_util_8"": {""mean"": 10.009357, ""max"": 10.009357}, ""cpu_util_9"": {""mean"": 10.009357, ""max"": 10.009357}, ""cpu_util_10"": {""mean"": 10.009357, ""max"": 10.009357}, ""cpu_util_11"": {""mean"": 10.009357, ""max"": 10.009357}, ""memory"": {""mean"": 0.839222, ""max"": 0.839222}, ""io_read_count"": {""mean"": 10950.236723, ""max"": 10950.236723}, ""io_write_count"": {""mean"": 20.018714, ""max"": 20.018714}, ""io_read"": {""mean"": 0.0, ""max"": 0.0}, ""io_write"": {""mean"": 0.0, ""max"": 0.0}, ""gpu_util_avg"": {""mean"": 0.0, ""max"": 0.0}, ""gpu_util_min"": {""mean"": 0.0, ""max"": 0.0}, ""gpu_util_max"": {""mean"": 0.0, ""max"": 0.0}, ""gpu_util_0"": {""mean"": 0.0, ""max"": 0.0}, ""gpu_band_avg"": {""mean"": 0.0, ""max"": 0.0}, ""gpu_band_min"": {""mean"": 0.0, ""max"": 0.0}, ""gpu_band_max"": {""mean"": 0.0, ""max"": 0.0}, ""gpu_band_0"": {""mean"": 0.0, ""max"": 0.0}, ""gpu_mem_avg"": {""mean"": 0.0, ""max"": 0.0}, ""gpu_mem_min"": {""mean"": 0.0, ""max"": 0.0}, ""gpu_mem_max"": {""mean"": 0.0, ""max"": 0.0}, ""gpu_mem_0"": {""mean"": 0.0, ""max"": 0.0}}","{""total"": {""kind"": ""scalar"", ""value"": 312499987500000.0}}","[JUmPER]: a benchmark measurement spent at least 2ms of its 21ms on 3084 page faults - the cost of touching memory inherited from the prefix rather than of the cell itself. Cells working over large Python objects are affected most, and the timing understates them. Re-run with --replay-mode full for a number that does not carry this.",
memmap_scan,scan,dill,full,True,6,2,ok,0.009009,0.019787,,2.8037,2.8145,,{},"{""total"": {""kind"": ""scalar"", ""value"": 312499987500000.0}}",,
memmap_scan,scan,fork,fork,False,7,0,ok,0.019314,0.0,,0.163,0.1816,3084.0,"{""cpu_util_avg"": {""mean"": 8.321377, ""max"": 8.321377}, ""cpu_util_min"": {""mean"": 8.321377, ""max"": 8.321377}, ""cpu_util_max"": {""mean"": 8.321377, ""max"": 8.321377}, ""cpu_util_0"": {""mean"": 8.321377, ""max"": 8.321377}, ""cpu_util_1"": {""mean"": 8.321377, ""max"": 8.321377}, ""cpu_util_2"": {""mean"": 8.321377, ""max"": 8.321377}, ""cpu_util_3"": {""mean"": 8.321377, ""max"": 8.321377}, ""cpu_util_4"": {""mean"": 8.321377, ""max"": 8.321377}, ""cpu_util_5"": {""mean"": 8.321377, ""max"": 8.321377}, ""cpu_util_6"": {""mean"": 8.321377, ""max"": 8.321377}, ""cpu_util_7"": {""mean"": 8.321377, ""max"": 8.321377}, ""cpu_util_8"": {""mean"": 8.321377, ""max"": 8.321377}, ""cpu_util_9"": {""mean"": 8.321377, ""max"": 8.321377}, ""cpu_util_10"": {""mean"": 8.321377, ""max"": 8.321377}, ""cpu_util_11"": {""mean"": 8.321377, ""max"": 8.321377}, ""memory"": {""mean"": 0.860828, ""max"": 0.860828}, ""io_read_count"": {""mean"": 10924.303306, ""max"": 10924.303306}, ""io_write_count"": {""mean"": 19.971304, ""max"": 19.971304}, ""io_read"": {""mean"": 0.0, ""max"": 0.0}, ""io_write"": {""mean"": 0.0, ""max"": 0.0}, ""gpu_util_avg"": {""mean"": 0.0, ""max"": 0.0}, ""gpu_util_min"": {""mean"": 0.0, ""max"": 0.0}, ""gpu_util_max"": {""mean"": 0.0, ""max"": 0.0}, ""gpu_util_0"": {""mean"": 0.0, ""max"": 0.0}, ""gpu_band_avg"": {""mean"": 0.0, ""max"": 0.0}, ""gpu_band_min"": {""mean"": 0.0, ""max"": 0.0}, ""gpu_band_max"": {""mean"": 0.0, ""max"": 0.0}, ""gpu_band_0"": {""mean"": 0.0, ""max"": 0.0}, ""gpu_mem_avg"": {""mean"": 0.0, ""max"": 0.0}, ""gpu_mem_min"": {""mean"": 0.0, ""max"": 0.0}, ""gpu_mem_max"": {""mean"": 0.0, ""max"": 0.0}, ""gpu_mem_0"": {""mean"": 0.0, ""max"": 0.0}}","{""total"": {""kind"": ""scalar"", ""value"": 312499987500000.0}}","[JUmPER]: a benchmark measurement spent at least 2ms of its 19ms on 3084 page faults - the cost of touching memory inherited from the prefix rather than of the cell itself. Cells working over large Python objects are affected most, and the timing understates them. Re-run with --replay-mode full for a number that does not carry this.",
memmap_scan,scan,dill,full,True,7,1,ok,0.008503,0.018197,,2.7386,2.7498,,{},"{""total"": {""kind"": ""scalar"", ""value"": 312499987500000.0}}",,
memmap_scan,scan,full,full,False,7,2,ok,0.009618,0.017789,,2.7237,2.7345,,{},"{""total"": {""kind"": ""scalar"", ""value"": 312499987500000.0}}",,
memmap_scan,scan,dill,full,True,8,0,ok,0.009582,0.018979,,2.8978,2.9097,,{},"{""total"": {""kind"": ""scalar"", ""value"": 312499987500000.0}}",,
memmap_scan,scan,full,full,False,8,1,ok,0.008831,0.018906,,2.8162,2.8275,,{},"{""total"": {""kind"": ""scalar"", ""value"": 312499987500000.0}}",,
memmap_scan,scan,fork,fork,False,8,2,ok,0.019794,0.0,,0.1694,0.1886,3084.0,"{""cpu_util_avg"": {""mean"": 8.340138, ""max"": 8.340138}, ""cpu_util_min"": {""mean"": 8.340138, ""max"": 8.340138}, ""cpu_util_max"": {""mean"": 8.340138, ""max"": 8.340138}, ""cpu_util_0"": {""mean"": 8.340138, ""max"": 8.340138}, ""cpu_util_1"": {""mean"": 8.340138, ""max"": 8.340138}, ""cpu_util_2"": {""mean"": 8.340138, ""max"": 8.340138}, ""cpu_util_3"": {""mean"": 8.340138, ""max"": 8.340138}, ""cpu_util_4"": {""mean"": 8.340138, ""max"": 8.340138}, ""cpu_util_5"": {""mean"": 8.340138, ""max"": 8.340138}, ""cpu_util_6"": {""mean"": 8.340138, ""max"": 8.340138}, ""cpu_util_7"": {""mean"": 8.340138, ""max"": 8.340138}, ""cpu_util_8"": {""mean"": 8.340138, ""max"": 8.340138}, ""cpu_util_9"": {""mean"": 8.340138, ""max"": 8.340138}, ""cpu_util_10"": {""mean"": 8.340138, ""max"": 8.340138}, ""cpu_util_11"": {""mean"": 8.340138, ""max"": 8.340138}, ""memory"": {""mean"": 0.861317, ""max"": 0.861317}, ""io_read_count"": {""mean"": 10948.9328, ""max"": 10948.9328}, ""io_write_count"": {""mean"": 20.016331, ""max"": 20.016331}, ""io_read"": {""mean"": 0.0, ""max"": 0.0}, ""io_write"": {""mean"": 0.0, ""max"": 0.0}, ""gpu_util_avg"": {""mean"": 0.0, ""max"": 0.0}, ""gpu_util_min"": {""mean"": 0.0, ""max"": 0.0}, ""gpu_util_max"": {""mean"": 0.0, ""max"": 0.0}, ""gpu_util_0"": {""mean"": 0.0, ""max"": 0.0}, ""gpu_band_avg"": {""mean"": 0.0, ""max"": 0.0}, ""gpu_band_min"": {""mean"": 0.0, ""max"": 0.0}, ""gpu_band_max"": {""mean"": 0.0, ""max"": 0.0}, ""gpu_band_0"": {""mean"": 0.0, ""max"": 0.0}, ""gpu_mem_avg"": {""mean"": 0.0, ""max"": 0.0}, ""gpu_mem_min"": {""mean"": 0.0, ""max"": 0.0}, ""gpu_mem_max"": {""mean"": 0.0, ""max"": 0.0}, ""gpu_mem_0"": {""mean"": 0.0, ""max"": 0.0}}","{""total"": {""kind"": ""scalar"", ""value"": 312499987500000.0}}","[JUmPER]: a benchmark measurement spent at least 2ms of its 20ms on 3084 page faults - the cost of touching memory inherited from the prefix rather than of the cell itself. Cells working over large Python objects are affected most, and the timing understates them. Re-run with --replay-mode full for a number that does not carry this.",
memmap_scan,scan,full,full,False,9,0,ok,0.009281,0.021278,,2.7892,2.8004,,{},"{""total"": {""kind"": ""scalar"", ""value"": 312499987500000.0}}",,
memmap_scan,scan,fork,fork,False,9,1,ok,0.019013,0.0,,0.1636,0.1835,3084.0,"{""cpu_util_avg"": {""mean"": 8.337445, ""max"": 8.337445}, ""cpu_util_min"": {""mean"": 8.337445, ""max"": 8.337445}, ""cpu_util_max"": {""mean"": 8.337445, ""max"": 8.337445}, ""cpu_util_0"": {""mean"": 8.337445, ""max"": 8.337445}, ""cpu_util_1"": {""mean"": 8.337445, ""max"": 8.337445}, ""cpu_util_2"": {""mean"": 8.337445, ""max"": 8.337445}, ""cpu_util_3"": {""mean"": 8.337445, ""max"": 8.337445}, ""cpu_util_4"": {""mean"": 8.337445, ""max"": 8.337445}, ""cpu_util_5"": {""mean"": 8.337445, ""max"": 8.337445}, ""cpu_util_6"": {""mean"": 8.337445, ""max"": 8.337445}, ""cpu_util_7"": {""mean"": 8.337445, ""max"": 8.337445}, ""cpu_util_8"": {""mean"": 8.337445, ""max"": 8.337445}, ""cpu_util_9"": {""mean"": 8.337445, ""max"": 8.337445}, ""cpu_util_10"": {""mean"": 8.337445, ""max"": 8.337445}, ""cpu_util_11"": {""mean"": 8.337445, ""max"": 8.337445}, ""memory"": {""mean"": 0.838367, ""max"": 0.838367}, ""io_read_count"": {""mean"": 10945.398272, ""max"": 10945.398272}, ""io_write_count"": {""mean"": 20.009869, ""max"": 20.009869}, ""io_read"": {""mean"": 0.0, ""max"": 0.0}, ""io_write"": {""mean"": 0.0, ""max"": 0.0}, ""gpu_util_avg"": {""mean"": 0.0, ""max"": 0.0}, ""gpu_util_min"": {""mean"": 0.0, ""max"": 0.0}, ""gpu_util_max"": {""mean"": 0.0, ""max"": 0.0}, ""gpu_util_0"": {""mean"": 0.0, ""max"": 0.0}, ""gpu_band_avg"": {""mean"": 0.0, ""max"": 0.0}, ""gpu_band_min"": {""mean"": 0.0, ""max"": 0.0}, ""gpu_band_max"": {""mean"": 0.0, ""max"": 0.0}, ""gpu_band_0"": {""mean"": 0.0, ""max"": 0.0}, ""gpu_mem_avg"": {""mean"": 0.0, ""max"": 0.0}, ""gpu_mem_min"": {""mean"": 0.0, ""max"": 0.0}, ""gpu_mem_max"": {""mean"": 0.0, ""max"": 0.0}, ""gpu_mem_0"": {""mean"": 0.0, ""max"": 0.0}}","{""total"": {""kind"": ""scalar"", ""value"": 312499987500000.0}}","[JUmPER]: a benchmark measurement spent at least 2ms of its 19ms on 3084 page faults - the cost of touching memory inherited from the prefix rather than of the cell itself. Cells working over large Python objects are affected most, and the timing understates them. Re-run with --replay-mode full for a number that does not carry this.",
memmap_scan,scan,dill,full,True,9,2,ok,0.009102,0.017604,,2.797,2.8075,,{},"{""total"": {""kind"": ""scalar"", ""value"": 312499987500000.0}}",,
memmap_scan,scan,fork,fork,False,10,0,ok,0.018087,0.0,,0.1553,0.1717,3084.0,{},"{""total"": {""kind"": ""scalar"", ""value"": 312499987500000.0}}","[JUmPER]: a benchmark measurement spent at least 2ms of its 18ms on 3084 page faults - the cost of touching memory inherited from the prefix rather than of the cell itself. Cells working over large Python objects are affected most, and the timing understates them. Re-run with --replay-mode full for a number that does not carry this.",
memmap_scan,scan,dill,full,True,10,1,ok,0.008334,0.017859,,2.6813,2.6924,,{},"{""total"": {""kind"": ""scalar"", ""value"": 312499987500000.0}}",,
memmap_scan,scan,full,full,False,10,2,ok,0.008139,0.017209,,2.6804,2.6906,,{},"{""total"": {""kind"": ""scalar"", ""value"": 312499987500000.0}}",,
fast_rewrite,loop,full,full,False,0,0,ok,0.234912,0.015797,,3.0204,3.0391,,"{""cpu_util_avg"": {""mean"": 9.662828, ""max"": 11.648168}, ""cpu_util_min"": {""mean"": 9.662828, ""max"": 11.648168}, ""cpu_util_max"": {""mean"": 9.662828, ""max"": 11.648168}, ""cpu_util_0"": {""mean"": 9.662828, ""max"": 11.648168}, ""cpu_util_1"": {""mean"": 9.662828, ""max"": 11.648168}, ""cpu_util_2"": {""mean"": 9.662828, ""max"": 11.648168}, ""cpu_util_3"": {""mean"": 9.662828, ""max"": 11.648168}, ""cpu_util_4"": {""mean"": 9.662828, ""max"": 11.648168}, ""cpu_util_5"": {""mean"": 9.662828, ""max"": 11.648168}, ""cpu_util_6"": {""mean"": 9.662828, ""max"": 11.648168}, ""cpu_util_7"": {""mean"": 9.662828, ""max"": 11.648168}, ""cpu_util_8"": {""mean"": 9.662828, ""max"": 11.648168}, ""cpu_util_9"": {""mean"": 9.662828, ""max"": 11.648168}, ""cpu_util_10"": {""mean"": 9.662828, ""max"": 11.648168}, ""cpu_util_11"": {""mean"": 9.662828, ""max"": 11.648168}, ""memory"": {""mean"": 0.2253228, ""max"": 0.225567}, ""io_read_count"": {""mean"": 8703.8717026, ""max"": 10889.065364}, ""io_write_count"": {""mean"": 15.999764199999998, ""max"": 20.016664}, ""io_read"": {""mean"": 0.0, ""max"": 0.0}, ""io_write"": {""mean"": 0.0, ""max"": 0.0}, ""gpu_util_avg"": {""mean"": 0.0, ""max"": 0.0}, ""gpu_util_min"": {""mean"": 0.0, ""max"": 0.0}, ""gpu_util_max"": {""mean"": 0.0, ""max"": 0.0}, ""gpu_util_0"": {""mean"": 0.0, ""max"": 0.0}, ""gpu_band_avg"": {""mean"": 0.0, ""max"": 0.0}, ""gpu_band_min"": {""mean"": 0.0, ""max"": 0.0}, ""gpu_band_max"": {""mean"": 0.0, ""max"": 0.0}, ""gpu_band_0"": {""mean"": 0.0, ""max"": 0.0}, ""gpu_mem_avg"": {""mean"": 0.0, ""max"": 0.0}, ""gpu_mem_min"": {""mean"": 0.0, ""max"": 0.0}, ""gpu_mem_max"": {""mean"": 0.0, ""max"": 0.0}, ""gpu_mem_0"": {""mean"": 0.0, ""max"": 0.0}}","{""total"": {""kind"": ""scalar"", ""value"": 1999999000000.0}}",,
fast_rewrite,loop,fork,fork,False,0,1,ok,0.282632,0.0,,0.4438,0.4627,,"{""cpu_util_avg"": {""mean"": 9.443601833333332, ""max"": 10.012464}, ""cpu_util_min"": {""mean"": 9.443601833333332, ""max"": 10.012464}, ""cpu_util_max"": {""mean"": 9.443601833333332, ""max"": 10.012464}, ""cpu_util_0"": {""mean"": 9.443601833333332, ""max"": 10.012464}, ""cpu_util_1"": {""mean"": 9.443601833333332, ""max"": 10.012464}, ""cpu_util_2"": {""mean"": 9.443601833333332, ""max"": 10.012464}, ""cpu_util_3"": {""mean"": 9.443601833333332, ""max"": 10.012464}, ""cpu_util_4"": {""mean"": 9.443601833333332, ""max"": 10.012464}, ""cpu_util_5"": {""mean"": 9.443601833333332, ""max"": 10.012464}, ""cpu_util_6"": {""mean"": 9.443601833333332, ""max"": 10.012464}, ""cpu_util_7"": {""mean"": 9.443601833333332, ""max"": 10.012464}, ""cpu_util_8"": {""mean"": 9.443601833333332, ""max"": 10.012464}, ""cpu_util_9"": {""mean"": 9.443601833333332, ""max"": 10.012464}, ""cpu_util_10"": {""mean"": 9.443601833333332, ""max"": 10.012464}, ""cpu_util_11"": {""mean"": 9.443601833333332, ""max"": 10.012464}, ""memory"": {""mean"": 0.5175169999999999, ""max"": 0.517578}, ""io_read_count"": {""mean"": 10939.010552833332, ""max"": 10953.635087}, ""io_write_count"": {""mean"": 19.99819116666667, ""max"": 20.024927}, ""io_read"": {""mean"": 0.0, ""max"": 0.0}, ""io_write"": {""mean"": 0.0, ""max"": 0.0}, ""gpu_util_avg"": {""mean"": 0.0, ""max"": 0.0}, ""gpu_util_min"": {""mean"": 0.0, ""max"": 0.0}, ""gpu_util_max"": {""mean"": 0.0, ""max"": 0.0}, ""gpu_util_0"": {""mean"": 0.0, ""max"": 0.0}, ""gpu_band_avg"": {""mean"": 0.0, ""max"": 0.0}, ""gpu_band_min"": {""mean"": 0.0, ""max"": 0.0}, ""gpu_band_max"": {""mean"": 0.0, ""max"": 0.0}, ""gpu_band_0"": {""mean"": 0.0, ""max"": 0.0}, ""gpu_mem_avg"": {""mean"": 0.0, ""max"": 0.0}, ""gpu_mem_min"": {""mean"": 0.0, ""max"": 0.0}, ""gpu_mem_max"": {""mean"": 0.0, ""max"": 0.0}, ""gpu_mem_0"": {""mean"": 0.0, ""max"": 0.0}}","{""total"": {""kind"": ""scalar"", ""value"": 1999999000000.0}}",,
fast_rewrite,loop,dill,dill,False,0,2,ok,0.241437,0.0,0.0159,3.0119,3.0305,,"{""cpu_util_avg"": {""mean"": 9.1625905, ""max"": 10.001942}, ""cpu_util_min"": {""mean"": 9.1625905, ""max"": 10.001942}, ""cpu_util_max"": {""mean"": 9.1625905, ""max"": 10.001942}, ""cpu_util_0"": {""mean"": 9.1625905, ""max"": 10.001942}, ""cpu_util_1"": {""mean"": 9.1625905, ""max"": 10.001942}, ""cpu_util_2"": {""mean"": 9.1625905, ""max"": 10.001942}, ""cpu_util_3"": {""mean"": 9.1625905, ""max"": 10.001942}, ""cpu_util_4"": {""mean"": 9.1625905, ""max"": 10.001942}, ""cpu_util_5"": {""mean"": 9.1625905, ""max"": 10.001942}, ""cpu_util_6"": {""mean"": 9.1625905, ""max"": 10.001942}, ""cpu_util_7"": {""mean"": 9.1625905, ""max"": 10.001942}, ""cpu_util_8"": {""mean"": 9.1625905, ""max"": 10.001942}, ""cpu_util_9"": {""mean"": 9.1625905, ""max"": 10.001942}, ""cpu_util_10"": {""mean"": 9.1625905, ""max"": 10.001942}, ""cpu_util_11"": {""mean"": 9.1625905, ""max"": 10.001942}, ""memory"": {""mean"": 0.2260475, ""max"": 0.226353}, ""io_read_count"": {""mean"": 8156.7811165, ""max"": 10882.112434}, ""io_write_count"": {""mean"": 14.994083, ""max"": 20.003883}, ""io_read"": {""mean"": 0.0, ""max"": 0.0}, ""io_write"": {""mean"": 0.0, ""max"": 0.0}, ""gpu_util_avg"": {""mean"": 0.0, ""max"": 0.0}, ""gpu_util_min"": {""mean"": 0.0, ""max"": 0.0}, ""gpu_util_max"": {""mean"": 0.0, ""max"": 0.0}, ""gpu_util_0"": {""mean"": 0.0, ""max"": 0.0}, ""gpu_band_avg"": {""mean"": 0.0, ""max"": 0.0}, ""gpu_band_min"": {""mean"": 0.0, ""max"": 0.0}, ""gpu_band_max"": {""mean"": 0.0, ""max"": 0.0}, ""gpu_band_0"": {""mean"": 0.0, ""max"": 0.0}, ""gpu_mem_avg"": {""mean"": 0.0, ""max"": 0.0}, ""gpu_mem_min"": {""mean"": 0.0, ""max"": 0.0}, ""gpu_mem_max"": {""mean"": 0.0, ""max"": 0.0}, ""gpu_mem_0"": {""mean"": 0.0, ""max"": 0.0}}","{""total"": {""kind"": ""scalar"", ""value"": 1999999000000.0}}",,
fast_rewrite,vectorized,full,full,False,0,0,ok,0.000811,0.01688,,2.8175,2.829,,{},"{""total"": {""kind"": ""scalar"", ""value"": 1999999000000.0}}",,
fast_rewrite,vectorized,fork,fork,False,0,1,ok,0.001551,0.0,,0.1515,0.1679,,{},"{""total"": {""kind"": ""scalar"", ""value"": 1999999000000.0}}",,
fast_rewrite,vectorized,dill,dill,False,0,2,ok,0.000924,0.0,0.013,2.7411,2.7522,,{},"{""total"": {""kind"": ""scalar"", ""value"": 1999999000000.0}}",,
fast_rewrite,loop,fork,fork,False,1,0,ok,0.284303,0.0,,0.428,0.4472,,"{""cpu_util_avg"": {""mean"": 9.445330333333333, ""max"": 11.667758}, ""cpu_util_min"": {""mean"": 9.445330333333333, ""max"": 11.667758}, ""cpu_util_max"": {""mean"": 9.445330333333333, ""max"": 11.667758}, ""cpu_util_0"": {""mean"": 9.445330333333333, ""max"": 11.667758}, ""cpu_util_1"": {""mean"": 9.445330333333333, ""max"": 11.667758}, ""cpu_util_2"": {""mean"": 9.445330333333333, ""max"": 11.667758}, ""cpu_util_3"": {""mean"": 9.445330333333333, ""max"": 11.667758}, ""cpu_util_4"": {""mean"": 9.445330333333333, ""max"": 11.667758}, ""cpu_util_5"": {""mean"": 9.445330333333333, ""max"": 11.667758}, ""cpu_util_6"": {""mean"": 9.445330333333333, ""max"": 11.667758}, ""cpu_util_7"": {""mean"": 9.445330333333333, ""max"": 11.667758}, ""cpu_util_8"": {""mean"": 9.445330333333333, ""max"": 11.667758}, ""cpu_util_9"": {""mean"": 9.445330333333333, ""max"": 11.667758}, ""cpu_util_10"": {""mean"": 9.445330333333333, ""max"": 11.667758}, ""cpu_util_11"": {""mean"": 9.445330333333333, ""max"": 11.667758}, ""memory"": {""mean"": 0.5183749999999999, ""max"": 0.518436}, ""io_read_count"": {""mean"": 10941.010493000002, ""max"": 10946.817245}, ""io_write_count"": {""mean"": 20.001847333333334, ""max"": 20.012463}, ""io_read"": {""mean"": 0.0, ""max"": 0.0}, ""io_write"": {""mean"": 0.0, ""max"": 0.0}, ""gpu_util_avg"": {""mean"": 0.0, ""max"": 0.0}, ""gpu_util_min"": {""mean"": 0.0, ""max"": 0.0}, ""gpu_util_max"": {""mean"": 0.0, ""max"": 0.0}, ""gpu_util_0"": {""mean"": 0.0, ""max"": 0.0}, ""gpu_band_avg"": {""mean"": 0.0, ""max"": 0.0}, ""gpu_band_min"": {""mean"": 0.0, ""max"": 0.0}, ""gpu_band_max"": {""mean"": 0.0, ""max"": 0.0}, ""gpu_band_0"": {""mean"": 0.0, ""max"": 0.0}, ""gpu_mem_avg"": {""mean"": 0.0, ""max"": 0.0}, ""gpu_mem_min"": {""mean"": 0.0, ""max"": 0.0}, ""gpu_mem_max"": {""mean"": 0.0, ""max"": 0.0}, ""gpu_mem_0"": {""mean"": 0.0, ""max"": 0.0}}","{""total"": {""kind"": ""scalar"", ""value"": 1999999000000.0}}",,
fast_rewrite,loop,dill,dill,False,1,1,ok,0.238811,0.0,0.0196,3.0606,3.0791,,"{""cpu_util_avg"": {""mean"": 9.165118750000001, ""max"": 10.012345}, ""cpu_util_min"": {""mean"": 9.165118750000001, ""max"": 10.012345}, ""cpu_util_max"": {""mean"": 9.165118750000001, ""max"": 10.012345}, ""cpu_util_0"": {""mean"": 9.165118750000001, ""max"": 10.012345}, ""cpu_util_1"": {""mean"": 9.165118750000001, ""max"": 10.012345}, ""cpu_util_2"": {""mean"": 9.165118750000001, ""max"": 10.012345}, ""cpu_util_3"": {""mean"": 9.165118750000001, ""max"": 10.012345}, ""cpu_util_4"": {""mean"": 9.165118750000001, ""max"": 10.012345}, ""cpu_util_5"": {""mean"": 9.165118750000001, ""max"": 10.012345}, ""cpu_util_6"": {""mean"": 9.165118750000001, ""max"": 10.012345}, ""cpu_util_7"": {""mean"": 9.165118750000001, ""max"": 10.012345}, ""cpu_util_8"": {""mean"": 9.165118750000001, ""max"": 10.012345}, ""cpu_util_9"": {""mean"": 9.165118750000001, ""max"": 10.012345}, ""cpu_util_10"": {""mean"": 9.165118750000001, ""max"": 10.012345}, ""cpu_util_11"": {""mean"": 9.165118750000001, ""max"": 10.012345}, ""memory"": {""mean"": 0.22635650000000002, ""max"": 0.226662}, ""io_read_count"": {""mean"": 8161.8459765, ""max"": 10893.431605}, ""io_write_count"": {""mean"": 15.00339325, ""max"": 20.02469}, ""io_read"": {""mean"": 0.0, ""max"": 0.0}, ""io_write"": {""mean"": 0.0, ""max"": 0.0}, ""gpu_util_avg"": {""mean"": 0.0, ""max"": 0.0}, ""gpu_util_min"": {""mean"": 0.0, ""max"": 0.0}, ""gpu_util_max"": {""mean"": 0.0, ""max"": 0.0}, ""gpu_util_0"": {""mean"": 0.0, ""max"": 0.0}, ""gpu_band_avg"": {""mean"": 0.0, ""max"": 0.0}, ""gpu_band_min"": {""mean"": 0.0, ""max"": 0.0}, ""gpu_band_max"": {""mean"": 0.0, ""max"": 0.0}, ""gpu_band_0"": {""mean"": 0.0, ""max"": 0.0}, ""gpu_mem_avg"": {""mean"": 0.0, ""max"": 0.0}, ""gpu_mem_min"": {""mean"": 0.0, ""max"": 0.0}, ""gpu_mem_max"": {""mean"": 0.0, ""max"": 0.0}, ""gpu_mem_0"": {""mean"": 0.0, ""max"": 0.0}}","{""total"": {""kind"": ""scalar"", ""value"": 1999999000000.0}}",,
fast_rewrite,loop,full,full,False,1,2,ok,0.228376,0.01552,,2.9712,2.9902,,"{""cpu_util_avg"": {""mean"": 9.57890875, ""max"": 11.664087}, ""cpu_util_min"": {""mean"": 9.57890875, ""max"": 11.664087}, ""cpu_util_max"": {""mean"": 9.57890875, ""max"": 11.664087}, ""cpu_util_0"": {""mean"": 9.57890875, ""max"": 11.664087}, ""cpu_util_1"": {""mean"": 9.57890875, ""max"": 11.664087}, ""cpu_util_2"": {""mean"": 9.57890875, ""max"": 11.664087}, ""cpu_util_3"": {""mean"": 9.57890875, ""max"": 11.664087}, ""cpu_util_4"": {""mean"": 9.57890875, ""max"": 11.664087}, ""cpu_util_5"": {""mean"": 9.57890875, ""max"": 11.664087}, ""cpu_util_6"": {""mean"": 9.57890875, ""max"": 11.664087}, ""cpu_util_7"": {""mean"": 9.57890875, ""max"": 11.664087}, ""cpu_util_8"": {""mean"": 9.57890875, ""max"": 11.664087}, ""cpu_util_9"": {""mean"": 9.57890875, ""max"": 11.664087}, ""cpu_util_10"": {""mean"": 9.57890875, ""max"": 11.664087}, ""cpu_util_11"": {""mean"": 9.57890875, ""max"": 11.664087}, ""memory"": {""mean"": 0.22583024999999998, ""max"": 0.226166}, ""io_read_count"": {""mean"": 8159.18105675, ""max"": 10881.82466}, ""io_write_count"": {""mean"": 14.9984945, ""max"": 20.003354}, ""io_read"": {""mean"": 0.0, ""max"": 0.0}, ""io_write"": {""mean"": 0.0, ""max"": 0.0}, ""gpu_util_avg"": {""mean"": 0.0, ""max"": 0.0}, ""gpu_util_min"": {""mean"": 0.0, ""max"": 0.0}, ""gpu_util_max"": {""mean"": 0.0, ""max"": 0.0}, ""gpu_util_0"": {""mean"": 0.0, ""max"": 0.0}, ""gpu_band_avg"": {""mean"": 0.0, ""max"": 0.0}, ""gpu_band_min"": {""mean"": 0.0, ""max"": 0.0}, ""gpu_band_max"": {""mean"": 0.0, ""max"": 0.0}, ""gpu_band_0"": {""mean"": 0.0, ""max"": 0.0}, ""gpu_mem_avg"": {""mean"": 0.0, ""max"": 0.0}, ""gpu_mem_min"": {""mean"": 0.0, ""max"": 0.0}, ""gpu_mem_max"": {""mean"": 0.0, ""max"": 0.0}, ""gpu_mem_0"": {""mean"": 0.0, ""max"": 0.0}}","{""total"": {""kind"": ""scalar"", ""value"": 1999999000000.0}}",,
fast_rewrite,vectorized,fork,fork,False,1,0,ok,0.00127,0.0,,0.1359,0.1506,,{},"{""total"": {""kind"": ""scalar"", ""value"": 1999999000000.0}}",,
fast_rewrite,vectorized,dill,dill,False,1,1,ok,0.000809,0.0,0.0104,2.6966,2.7067,,{},"{""total"": {""kind"": ""scalar"", ""value"": 1999999000000.0}}",,
fast_rewrite,vectorized,full,full,False,1,2,ok,0.000667,0.016023,,2.6696,2.6798,,{},"{""total"": {""kind"": ""scalar"", ""value"": 1999999000000.0}}",,
fast_rewrite,loop,dill,dill,False,2,0,ok,0.241733,0.0,0.0127,3.0315,3.0494,,"{""cpu_util_avg"": {""mean"": 9.57928075, ""max"": 9.996864}, ""cpu_util_min"": {""mean"": 9.57928075, ""max"": 9.996864}, ""cpu_util_max"": {""mean"": 9.57928075, ""max"": 9.996864}, ""cpu_util_0"": {""mean"": 9.57928075, ""max"": 9.996864}, ""cpu_util_1"": {""mean"": 9.57928075, ""max"": 9.996864}, ""cpu_util_2"": {""mean"": 9.57928075, ""max"": 9.996864}, ""cpu_util_3"": {""mean"": 9.57928075, ""max"": 9.996864}, ""cpu_util_4"": {""mean"": 9.57928075, ""max"": 9.996864}, ""cpu_util_5"": {""mean"": 9.57928075, ""max"": 9.996864}, ""cpu_util_6"": {""mean"": 9.57928075, ""max"": 9.996864}, ""cpu_util_7"": {""mean"": 9.57928075, ""max"": 9.996864}, ""cpu_util_8"": {""mean"": 9.57928075, ""max"": 9.996864}, ""cpu_util_9"": {""mean"": 9.57928075, ""max"": 9.996864}, ""cpu_util_10"": {""mean"": 9.57928075, ""max"": 9.996864}, ""cpu_util_11"": {""mean"": 9.57928075, ""max"": 9.996864}, ""memory"": {""mean"": 0.2260475, ""max"": 0.226353}, ""io_read_count"": {""mean"": 8158.182769499999, ""max"": 10883.394095}, ""io_write_count"": {""mean"": 14.9966595, ""max"": 20.006239}, ""io_read"": {""mean"": 0.0, ""max"": 0.0}, ""io_write"": {""mean"": 0.0, ""max"": 0.0}, ""gpu_util_avg"": {""mean"": 0.0, ""max"": 0.0}, ""gpu_util_min"": {""mean"": 0.0, ""max"": 0.0}, ""gpu_util_max"": {""mean"": 0.0, ""max"": 0.0}, ""gpu_util_0"": {""mean"": 0.0, ""max"": 0.0}, ""gpu_band_avg"": {""mean"": 0.0, ""max"": 0.0}, ""gpu_band_min"": {""mean"": 0.0, ""max"": 0.0}, ""gpu_band_max"": {""mean"": 0.0, ""max"": 0.0}, ""gpu_band_0"": {""mean"": 0.0, ""max"": 0.0}, ""gpu_mem_avg"": {""mean"": 0.0, ""max"": 0.0}, ""gpu_mem_min"": {""mean"": 0.0, ""max"": 0.0}, ""gpu_mem_max"": {""mean"": 0.0, ""max"": 0.0}, ""gpu_mem_0"": {""mean"": 0.0, ""max"": 0.0}}","{""total"": {""kind"": ""scalar"", ""value"": 1999999000000.0}}",,
fast_rewrite,loop,full,full,False,2,1,ok,0.238494,0.016718,,2.9827,3.002,,"{""cpu_util_avg"": {""mean"": 9.3298288, ""max"": 11.650599}, ""cpu_util_min"": {""mean"": 9.3298288, ""max"": 11.650599}, ""cpu_util_max"": {""mean"": 9.3298288, ""max"": 11.650599}, ""cpu_util_0"": {""mean"": 9.3298288, ""max"": 11.650599}, ""cpu_util_1"": {""mean"": 9.3298288, ""max"": 11.650599}, ""cpu_util_2"": {""mean"": 9.3298288, ""max"": 11.650599}, ""cpu_util_3"": {""mean"": 9.3298288, ""max"": 11.650599}, ""cpu_util_4"": {""mean"": 9.3298288, ""max"": 11.650599}, ""cpu_util_5"": {""mean"": 9.3298288, ""max"": 11.650599}, ""cpu_util_6"": {""mean"": 9.3298288, ""max"": 11.650599}, ""cpu_util_7"": {""mean"": 9.3298288, ""max"": 11.650599}, ""cpu_util_8"": {""mean"": 9.3298288, ""max"": 11.650599}, ""cpu_util_9"": {""mean"": 9.3298288, ""max"": 11.650599}, ""cpu_util_10"": {""mean"": 9.3298288, ""max"": 11.650599}, ""cpu_util_11"": {""mean"": 9.3298288, ""max"": 11.650599}, ""memory"": {""mean"": 0.225834, ""max"": 0.226078}, ""io_read_count"": {""mean"": 8702.7972482, ""max"": 10886.402948}, ""io_write_count"": {""mean"": 15.997789000000001, ""max"": 20.01177}, ""io_read"": {""mean"": 0.0, ""max"": 0.0}, ""io_write"": {""mean"": 0.0, ""max"": 0.0}, ""gpu_util_avg"": {""mean"": 0.0, ""max"": 0.0}, ""gpu_util_min"": {""mean"": 0.0, ""max"": 0.0}, ""gpu_util_max"": {""mean"": 0.0, ""max"": 0.0}, ""gpu_util_0"": {""mean"": 0.0, ""max"": 0.0}, ""gpu_band_avg"": {""mean"": 0.0, ""max"": 0.0}, ""gpu_band_min"": {""mean"": 0.0, ""max"": 0.0}, ""gpu_band_max"": {""mean"": 0.0, ""max"": 0.0}, ""gpu_band_0"": {""mean"": 0.0, ""max"": 0.0}, ""gpu_mem_avg"": {""mean"": 0.0, ""max"": 0.0}, ""gpu_mem_min"": {""mean"": 0.0, ""max"": 0.0}, ""gpu_mem_max"": {""mean"": 0.0, ""max"": 0.0}, ""gpu_mem_0"": {""mean"": 0.0, ""max"": 0.0}}","{""total"": {""kind"": ""scalar"", ""value"": 1999999000000.0}}",,
fast_rewrite,loop,fork,fork,False,2,2,ok,0.298935,0.0,,0.4415,0.4614,,"{""cpu_util_avg"": {""mean"": 9.444593, ""max"": 10.002709}, ""cpu_util_min"": {""mean"": 9.444593, ""max"": 10.002709}, ""cpu_util_max"": {""mean"": 9.444593, ""max"": 10.002709}, ""cpu_util_0"": {""mean"": 9.444593, ""max"": 10.002709}, ""cpu_util_1"": {""mean"": 9.444593, ""max"": 10.002709}, ""cpu_util_2"": {""mean"": 9.444593, ""max"": 10.002709}, ""cpu_util_3"": {""mean"": 9.444593, ""max"": 10.002709}, ""cpu_util_4"": {""mean"": 9.444593, ""max"": 10.002709}, ""cpu_util_5"": {""mean"": 9.444593, ""max"": 10.002709}, ""cpu_util_6"": {""mean"": 9.444593, ""max"": 10.002709}, ""cpu_util_7"": {""mean"": 9.444593, ""max"": 10.002709}, ""cpu_util_8"": {""mean"": 9.444593, ""max"": 10.002709}, ""cpu_util_9"": {""mean"": 9.444593, ""max"": 10.002709}, ""cpu_util_10"": {""mean"": 9.444593, ""max"": 10.002709}, ""cpu_util_11"": {""mean"": 9.444593, ""max"": 10.002709}, ""memory"": {""mean"": 0.5183749999999999, ""max"": 0.518436}, ""io_read_count"": {""mean"": 10940.185257333333, ""max"": 10947.628531}, ""io_write_count"": {""mean"": 20.000338499999998, ""max"": 20.013946}, ""io_read"": {""mean"": 0.0, ""max"": 0.0}, ""io_write"": {""mean"": 0.0, ""max"": 0.0}, ""gpu_util_avg"": {""mean"": 0.0, ""max"": 0.0}, ""gpu_util_min"": {""mean"": 0.0, ""max"": 0.0}, ""gpu_util_max"": {""mean"": 0.0, ""max"": 0.0}, ""gpu_util_0"": {""mean"": 0.0, ""max"": 0.0}, ""gpu_band_avg"": {""mean"": 0.0, ""max"": 0.0}, ""gpu_band_min"": {""mean"": 0.0, ""max"": 0.0}, ""gpu_band_max"": {""mean"": 0.0, ""max"": 0.0}, ""gpu_band_0"": {""mean"": 0.0, ""max"": 0.0}, ""gpu_mem_avg"": {""mean"": 0.0, ""max"": 0.0}, ""gpu_mem_min"": {""mean"": 0.0, ""max"": 0.0}, ""gpu_mem_max"": {""mean"": 0.0, ""max"": 0.0}, ""gpu_mem_0"": {""mean"": 0.0, ""max"": 0.0}}","{""total"": {""kind"": ""scalar"", ""value"": 1999999000000.0}}",,
fast_rewrite,vectorized,dill,dill,False,2,0,ok,0.000863,0.0,0.0105,2.8803,2.8905,,{},"{""total"": {""kind"": ""scalar"", ""value"": 1999999000000.0}}",,
fast_rewrite,vectorized,full,full,False,2,1,ok,0.000688,0.017026,,3.0903,3.1023,,{},"{""total"": {""kind"": ""scalar"", ""value"": 1999999000000.0}}",,
fast_rewrite,vectorized,fork,fork,False,2,2,ok,0.001529,0.0,,0.1462,0.1626,,{},"{""total"": {""kind"": ""scalar"", ""value"": 1999999000000.0}}",,
fast_rewrite,loop,full,full,False,3,0,ok,0.25661,0.016698,,3.2076,3.228,,"{""cpu_util_avg"": {""mean"": 9.663191000000001, ""max"": 11.663101}, ""cpu_util_min"": {""mean"": 9.663191000000001, ""max"": 11.663101}, ""cpu_util_max"": {""mean"": 9.663191000000001, ""max"": 11.663101}, ""cpu_util_0"": {""mean"": 9.663191000000001, ""max"": 11.663101}, ""cpu_util_1"": {""mean"": 9.663191000000001, ""max"": 11.663101}, ""cpu_util_2"": {""mean"": 9.663191000000001, ""max"": 11.663101}, ""cpu_util_3"": {""mean"": 9.663191000000001, ""max"": 11.663101}, ""cpu_util_4"": {""mean"": 9.663191000000001, ""max"": 11.663101}, ""cpu_util_5"": {""mean"": 9.663191000000001, ""max"": 11.663101}, ""cpu_util_6"": {""mean"": 9.663191000000001, ""max"": 11.663101}, ""cpu_util_7"": {""mean"": 9.663191000000001, ""max"": 11.663101}, ""cpu_util_8"": {""mean"": 9.663191000000001, ""max"": 11.663101}, ""cpu_util_9"": {""mean"": 9.663191000000001, ""max"": 11.663101}, ""cpu_util_10"": {""mean"": 9.663191000000001, ""max"": 11.663101}, ""cpu_util_11"": {""mean"": 9.663191000000001, ""max"": 11.663101}, ""memory"": {""mean"": 0.2255996, ""max"": 0.225868}, ""io_read_count"": {""mean"": 8703.3258688, ""max"": 10880.830638}, ""io_write_count"": {""mean"": 15.9987608, ""max"": 20.001527}, ""io_read"": {""mean"": 0.0, ""max"": 0.0}, ""io_write"": {""mean"": 0.0, ""max"": 0.0}, ""gpu_util_avg"": {""mean"": 0.0, ""max"": 0.0}, ""gpu_util_min"": {""mean"": 0.0, ""max"": 0.0}, ""gpu_util_max"": {""mean"": 0.0, ""max"": 0.0}, ""gpu_util_0"": {""mean"": 0.0, ""max"": 0.0}, ""gpu_band_avg"": {""mean"": 0.0, ""max"": 0.0}, ""gpu_band_min"": {""mean"": 0.0, ""max"": 0.0}, ""gpu_band_max"": {""mean"": 0.0, ""max"": 0.0}, ""gpu_band_0"": {""mean"": 0.0, ""max"": 0.0}, ""gpu_mem_avg"": {""mean"": 0.0, ""max"": 0.0}, ""gpu_mem_min"": {""mean"": 0.0, ""max"": 0.0}, ""gpu_mem_max"": {""mean"": 0.0, ""max"": 0.0}, ""gpu_mem_0"": {""mean"": 0.0, ""max"": 0.0}}","{""total"": {""kind"": ""scalar"", ""value"": 1999999000000.0}}",,
fast_rewrite,loop,fork,fork,False,3,1,ok,0.28931,0.0,,0.4374,0.457,,"{""cpu_util_avg"": {""mean"": 10.000829333333334, ""max"": 11.676021}, ""cpu_util_min"": {""mean"": 10.000829333333334, ""max"": 11.676021}, ""cpu_util_max"": {""mean"": 10.000829333333334, ""max"": 11.676021}, ""cpu_util_0"": {""mean"": 10.000829333333334, ""max"": 11.676021}, ""cpu_util_1"": {""mean"": 10.000829333333334, ""max"": 11.676021}, ""cpu_util_2"": {""mean"": 10.000829333333334, ""max"": 11.676021}, ""cpu_util_3"": {""mean"": 10.000829333333334, ""max"": 11.676021}, ""cpu_util_4"": {""mean"": 10.000829333333334, ""max"": 11.676021}, ""cpu_util_5"": {""mean"": 10.000829333333334, ""max"": 11.676021}, ""cpu_util_6"": {""mean"": 10.000829333333334, ""max"": 11.676021}, ""cpu_util_7"": {""mean"": 10.000829333333334, ""max"": 11.676021}, ""cpu_util_8"": {""mean"": 10.000829333333334, ""max"": 11.676021}, ""cpu_util_9"": {""mean"": 10.000829333333334, ""max"": 11.676021}, ""cpu_util_10"": {""mean"": 10.000829333333334, ""max"": 11.676021}, ""cpu_util_11"": {""mean"": 10.000829333333334, ""max"": 11.676021}, ""memory"": {""mean"": 0.5186415000000001, ""max"": 0.518723}, ""io_read_count"": {""mean"": 10940.368926000001, ""max"": 10950.418232}, ""io_write_count"": {""mean"": 20.0006745, ""max"": 20.019046}, ""io_read"": {""mean"": 0.0, ""max"": 0.0}, ""io_write"": {""mean"": 0.0, ""max"": 0.0}, ""gpu_util_avg"": {""mean"": 0.0, ""max"": 0.0}, ""gpu_util_min"": {""mean"": 0.0, ""max"": 0.0}, ""gpu_util_max"": {""mean"": 0.0, ""max"": 0.0}, ""gpu_util_0"": {""mean"": 0.0, ""max"": 0.0}, ""gpu_band_avg"": {""mean"": 0.0, ""max"": 0.0}, ""gpu_band_min"": {""mean"": 0.0, ""max"": 0.0}, ""gpu_band_max"": {""mean"": 0.0, ""max"": 0.0}, ""gpu_band_0"": {""mean"": 0.0, ""max"": 0.0}, ""gpu_mem_avg"": {""mean"": 0.0, ""max"": 0.0}, ""gpu_mem_min"": {""mean"": 0.0, ""max"": 0.0}, ""gpu_mem_max"": {""mean"": 0.0, ""max"": 0.0}, ""gpu_mem_0"": {""mean"": 0.0, ""max"": 0.0}}","{""total"": {""kind"": ""scalar"", ""value"": 1999999000000.0}}",,
fast_rewrite,loop,dill,dill,False,3,2,ok,0.248116,0.0,0.0153,3.3607,3.3818,,"{""cpu_util_avg"": {""mean"": 9.163185250000002, ""max"": 10.009655}, ""cpu_util_min"": {""mean"": 9.163185250000002, ""max"": 10.009655}, ""cpu_util_max"": {""mean"": 9.163185250000002, ""max"": 10.009655}, ""cpu_util_0"": {""mean"": 9.163185250000002, ""max"": 10.009655}, ""cpu_util_1"": {""mean"": 9.163185250000002, ""max"": 10.009655}, ""cpu_util_2"": {""mean"": 9.163185250000002, ""max"": 10.009655}, ""cpu_util_3"": {""mean"": 9.163185250000002, ""max"": 10.009655}, ""cpu_util_4"": {""mean"": 9.163185250000002, ""max"": 10.009655}, ""cpu_util_5"": {""mean"": 9.163185250000002, ""max"": 10.009655}, ""cpu_util_6"": {""mean"": 9.163185250000002, ""max"": 10.009655}, ""cpu_util_7"": {""mean"": 9.163185250000002, ""max"": 10.009655}, ""cpu_util_8"": {""mean"": 9.163185250000002, ""max"": 10.009655}, ""cpu_util_9"": {""mean"": 9.163185250000002, ""max"": 10.009655}, ""cpu_util_10"": {""mean"": 9.163185250000002, ""max"": 10.009655}, ""cpu_util_11"": {""mean"": 9.163185250000002, ""max"": 10.009655}, ""memory"": {""mean"": 0.225868, ""max"": 0.226173}, ""io_read_count"": {""mean"": 8160.3340145, ""max"": 10890.504982}, ""io_write_count"": {""mean"": 15.000613999999999, ""max"": 20.019311}, ""io_read"": {""mean"": 0.0, ""max"": 0.0}, ""io_write"": {""mean"": 0.0, ""max"": 0.0}, ""gpu_util_avg"": {""mean"": 0.0, ""max"": 0.0}, ""gpu_util_min"": {""mean"": 0.0, ""max"": 0.0}, ""gpu_util_max"": {""mean"": 0.0, ""max"": 0.0}, ""gpu_util_0"": {""mean"": 0.0, ""max"": 0.0}, ""gpu_band_avg"": {""mean"": 0.0, ""max"": 0.0}, ""gpu_band_min"": {""mean"": 0.0, ""max"": 0.0}, ""gpu_band_max"": {""mean"": 0.0, ""max"": 0.0}, ""gpu_band_0"": {""mean"": 0.0, ""max"": 0.0}, ""gpu_mem_avg"": {""mean"": 0.0, ""max"": 0.0}, ""gpu_mem_min"": {""mean"": 0.0, ""max"": 0.0}, ""gpu_mem_max"": {""mean"": 0.0, ""max"": 0.0}, ""gpu_mem_0"": {""mean"": 0.0, ""max"": 0.0}}","{""total"": {""kind"": ""scalar"", ""value"": 1999999000000.0}}",,
fast_rewrite,vectorized,full,full,False,3,0,ok,0.00072,0.016314,,3.1079,3.1203,,{},"{""total"": {""kind"": ""scalar"", ""value"": 1999999000000.0}}",,
fast_rewrite,vectorized,fork,fork,False,3,1,ok,0.001398,0.0,,0.1457,0.1634,,{},"{""total"": {""kind"": ""scalar"", ""value"": 1999999000000.0}}",,
fast_rewrite,vectorized,dill,dill,False,3,2,ok,0.000826,0.0,0.0164,3.111,3.1216,,{},"{""total"": {""kind"": ""scalar"", ""value"": 1999999000000.0}}",,
fast_rewrite,loop,fork,fork,False,4,0,ok,0.319642,0.0,,0.4585,0.4793,,"{""cpu_util_avg"": {""mean"": 10.237976285714286, ""max"": 11.669693}, ""cpu_util_min"": {""mean"": 10.237976285714286, ""max"": 11.669693}, ""cpu_util_max"": {""mean"": 10.237976285714286, ""max"": 11.669693}, ""cpu_util_0"": {""mean"": 10.237976285714286, ""max"": 11.669693}, ""cpu_util_1"": {""mean"": 10.237976285714286, ""max"": 11.669693}, ""cpu_util_2"": {""mean"": 10.237976285714286, ""max"": 11.669693}, ""cpu_util_3"": {""mean"": 10.237976285714286, ""max"": 11.669693}, ""cpu_util_4"": {""mean"": 10.237976285714286, ""max"": 11.669693}, ""cpu_util_5"": {""mean"": 10.237976285714286, ""max"": 11.669693}, ""cpu_util_6"": {""mean"": 10.237976285714286, ""max"": 11.669693}, ""cpu_util_7"": {""mean"": 10.237976285714286, ""max"": 11.669693}, ""cpu_util_8"": {""mean"": 10.237976285714286, ""max"": 11.669693}, ""cpu_util_9"": {""mean"": 10.237976285714286, ""max"": 11.669693}, ""cpu_util_10"": {""mean"": 10.237976285714286, ""max"": 11.669693}, ""cpu_util_11"": {""mean"": 10.237976285714286, ""max"": 11.669693}, ""memory"": {""mean"": 0.5189947142857143, ""max"": 0.519047}, ""io_read_count"": {""mean"": 10939.718440857143, ""max"": 10942.838136}, ""io_write_count"": {""mean"": 19.999485285714286, ""max"": 20.005189}, ""io_read"": {""mean"": 0.0, ""max"": 0.0}, ""io_write"": {""mean"": 0.0, ""max"": 0.0}, ""gpu_util_avg"": {""mean"": 0.0, ""max"": 0.0}, ""gpu_util_min"": {""mean"": 0.0, ""max"": 0.0}, ""gpu_util_max"": {""mean"": 0.0, ""max"": 0.0}, ""gpu_util_0"": {""mean"": 0.0, ""max"": 0.0}, ""gpu_band_avg"": {""mean"": 0.0, ""max"": 0.0}, ""gpu_band_min"": {""mean"": 0.0, ""max"": 0.0}, ""gpu_band_max"": {""mean"": 0.0, ""max"": 0.0}, ""gpu_band_0"": {""mean"": 0.0, ""max"": 0.0}, ""gpu_mem_avg"": {""mean"": 0.0, ""max"": 0.0}, ""gpu_mem_min"": {""mean"": 0.0, ""max"": 0.0}, ""gpu_mem_max"": {""mean"": 0.0, ""max"": 0.0}, ""gpu_mem_0"": {""mean"": 0.0, ""max"": 0.0}}","{""total"": {""kind"": ""scalar"", ""value"": 1999999000000.0}}",,
fast_rewrite,loop,dill,dill,False,4,1,ok,0.224425,0.0,0.0113,3.025,3.0453,,"{""cpu_util_avg"": {""mean"": 9.579296750000001, ""max"": 9.999784}, ""cpu_util_min"": {""mean"": 9.579296750000001, ""max"": 9.999784}, ""cpu_util_max"": {""mean"": 9.579296750000001, ""max"": 9.999784}, ""cpu_util_0"": {""mean"": 9.579296750000001, ""max"": 9.999784}, ""cpu_util_1"": {""mean"": 9.579296750000001, ""max"": 9.999784}, ""cpu_util_2"": {""mean"": 9.579296750000001, ""max"": 9.999784}, ""cpu_util_3"": {""mean"": 9.579296750000001, ""max"": 9.999784}, ""cpu_util_4"": {""mean"": 9.579296750000001, ""max"": 9.999784}, ""cpu_util_5"": {""mean"": 9.579296750000001, ""max"": 9.999784}, ""cpu_util_6"": {""mean"": 9.579296750000001, ""max"": 9.999784}, ""cpu_util_7"": {""mean"": 9.579296750000001, ""max"": 9.999784}, ""cpu_util_8"": {""mean"": 9.579296750000001, ""max"": 9.999784}, ""cpu_util_9"": {""mean"": 9.579296750000001, ""max"": 9.999784}, ""cpu_util_10"": {""mean"": 9.579296750000001, ""max"": 9.999784}, ""cpu_util_11"": {""mean"": 9.579296750000001, ""max"": 9.999784}, ""memory"": {""mean"": 0.2261125, ""max"": 0.226418}, ""io_read_count"": {""mean"": 8264.7564275, ""max"": 11299.750729}, ""io_write_count"": {""mean"": 14.99955675, ""max"": 19.999568}, ""io_read"": {""mean"": 0.0, ""max"": 0.0}, ""io_write"": {""mean"": 0.0, ""max"": 0.0}, ""gpu_util_avg"": {""mean"": 0.0, ""max"": 0.0}, ""gpu_util_min"": {""mean"": 0.0, ""max"": 0.0}, ""gpu_util_max"": {""mean"": 0.0, ""max"": 0.0}, ""gpu_util_0"": {""mean"": 0.0, ""max"": 0.0}, ""gpu_band_avg"": {""mean"": 0.0, ""max"": 0.0}, ""gpu_band_min"": {""mean"": 0.0, ""max"": 0.0}, ""gpu_band_max"": {""mean"": 0.0, ""max"": 0.0}, ""gpu_band_0"": {""mean"": 0.0, ""max"": 0.0}, ""gpu_mem_avg"": {""mean"": 0.0, ""max"": 0.0}, ""gpu_mem_min"": {""mean"": 0.0, ""max"": 0.0}, ""gpu_mem_max"": {""mean"": 0.0, ""max"": 0.0}, ""gpu_mem_0"": {""mean"": 0.0, ""max"": 0.0}}","{""total"": {""kind"": ""scalar"", ""value"": 1999999000000.0}}",,
fast_rewrite,loop,full,full,False,4,2,ok,0.237788,0.016821,,2.9341,2.9532,,"{""cpu_util_avg"": {""mean"": 9.3312712, ""max"": 10.002113}, ""cpu_util_min"": {""mean"": 9.3312712, ""max"": 10.002113}, ""cpu_util_max"": {""mean"": 9.3312712, ""max"": 10.002113}, ""cpu_util_0"": {""mean"": 9.3312712, ""max"": 10.002113}, ""cpu_util_1"": {""mean"": 9.3312712, ""max"": 10.002113}, ""cpu_util_2"": {""mean"": 9.3312712, ""max"": 10.002113}, ""cpu_util_3"": {""mean"": 9.3312712, ""max"": 10.002113}, ""cpu_util_4"": {""mean"": 9.3312712, ""max"": 10.002113}, ""cpu_util_5"": {""mean"": 9.3312712, ""max"": 10.002113}, ""cpu_util_6"": {""mean"": 9.3312712, ""max"": 10.002113}, ""cpu_util_7"": {""mean"": 9.3312712, ""max"": 10.002113}, ""cpu_util_8"": {""mean"": 9.3312712, ""max"": 10.002113}, ""cpu_util_9"": {""mean"": 9.3312712, ""max"": 10.002113}, ""cpu_util_10"": {""mean"": 9.3312712, ""max"": 10.002113}, ""cpu_util_11"": {""mean"": 9.3312712, ""max"": 10.002113}, ""memory"": {""mean"": 0.22574999999999998, ""max"": 0.225994}, ""io_read_count"": {""mean"": 8704.396216199999, ""max"": 10882.29856}, ""io_write_count"": {""mean"": 16.0007282, ""max"": 20.004225}, ""io_read"": {""mean"": 0.0, ""max"": 0.0}, ""io_write"": {""mean"": 0.0, ""max"": 0.0}, ""gpu_util_avg"": {""mean"": 0.0, ""max"": 0.0}, ""gpu_util_min"": {""mean"": 0.0, ""max"": 0.0}, ""gpu_util_max"": {""mean"": 0.0, ""max"": 0.0}, ""gpu_util_0"": {""mean"": 0.0, ""max"": 0.0}, ""gpu_band_avg"": {""mean"": 0.0, ""max"": 0.0}, ""gpu_band_min"": {""mean"": 0.0, ""max"": 0.0}, ""gpu_band_max"": {""mean"": 0.0, ""max"": 0.0}, ""gpu_band_0"": {""mean"": 0.0, ""max"": 0.0}, ""gpu_mem_avg"": {""mean"": 0.0, ""max"": 0.0}, ""gpu_mem_min"": {""mean"": 0.0, ""max"": 0.0}, ""gpu_mem_max"": {""mean"": 0.0, ""max"": 0.0}, ""gpu_mem_0"": {""mean"": 0.0, ""max"": 0.0}}","{""total"": {""kind"": ""scalar"", ""value"": 1999999000000.0}}",,
fast_rewrite,vectorized,fork,fork,False,4,0,ok,0.001365,0.0,,0.1367,0.1525,,{},"{""total"": {""kind"": ""scalar"", ""value"": 1999999000000.0}}",,
fast_rewrite,vectorized,dill,dill,False,4,1,ok,0.00096,0.0,0.0117,2.9616,2.9721,,{},"{""total"": {""kind"": ""scalar"", ""value"": 1999999000000.0}}",,
fast_rewrite,vectorized,full,full,False,4,2,ok,0.000829,0.017186,,2.8139,2.8249,,{},"{""total"": {""kind"": ""scalar"", ""value"": 1999999000000.0}}",,
fast_rewrite,loop,dill,dill,False,5,0,ok,0.226468,0.0,0.0111,3.1296,3.1491,,"{""cpu_util_avg"": {""mean"": 9.163727, ""max"": 11.670658}, ""cpu_util_min"": {""mean"": 9.163727, ""max"": 11.670658}, ""cpu_util_max"": {""mean"": 9.163727, ""max"": 11.670658}, ""cpu_util_0"": {""mean"": 9.163727, ""max"": 11.670658}, ""cpu_util_1"": {""mean"": 9.163727, ""max"": 11.670658}, ""cpu_util_2"": {""mean"": 9.163727, ""max"": 11.670658}, ""cpu_util_3"": {""mean"": 9.163727, ""max"": 11.670658}, ""cpu_util_4"": {""mean"": 9.163727, ""max"": 11.670658}, ""cpu_util_5"": {""mean"": 9.163727, ""max"": 11.670658}, ""cpu_util_6"": {""mean"": 9.163727, ""max"": 11.670658}, ""cpu_util_7"": {""mean"": 9.163727, ""max"": 11.670658}, ""cpu_util_8"": {""mean"": 9.163727, ""max"": 11.670658}, ""cpu_util_9"": {""mean"": 9.163727, ""max"": 11.670658}, ""cpu_util_10"": {""mean"": 9.163727, ""max"": 11.670658}, ""cpu_util_11"": {""mean"": 9.163727, ""max"": 11.670658}, ""memory"": {""mean"": 0.22549075, ""max"": 0.225796}, ""io_read_count"": {""mean"": 8157.688088999999, ""max"": 10883.72201}, ""io_write_count"": {""mean"": 14.995750249999999, ""max"": 20.006842}, ""io_read"": {""mean"": 0.0, ""max"": 0.0}, ""io_write"": {""mean"": 0.0, ""max"": 0.0}, ""gpu_util_avg"": {""mean"": 0.0, ""max"": 0.0}, ""gpu_util_min"": {""mean"": 0.0, ""max"": 0.0}, ""gpu_util_max"": {""mean"": 0.0, ""max"": 0.0}, ""gpu_util_0"": {""mean"": 0.0, ""max"": 0.0}, ""gpu_band_avg"": {""mean"": 0.0, ""max"": 0.0}, ""gpu_band_min"": {""mean"": 0.0, ""max"": 0.0}, ""gpu_band_max"": {""mean"": 0.0, ""max"": 0.0}, ""gpu_band_0"": {""mean"": 0.0, ""max"": 0.0}, ""gpu_mem_avg"": {""mean"": 0.0, ""max"": 0.0}, ""gpu_mem_min"": {""mean"": 0.0, ""max"": 0.0}, ""gpu_mem_max"": {""mean"": 0.0, ""max"": 0.0}, ""gpu_mem_0"": {""mean"": 0.0, ""max"": 0.0}}","{""total"": {""kind"": ""scalar"", ""value"": 1999999000000.0}}",,
fast_rewrite,loop,full,full,False,5,1,ok,0.235299,0.015818,,2.9002,2.9185,,"{""cpu_util_avg"": {""mean"": 9.3323446, ""max"": 10.008216}, ""cpu_util_min"": {""mean"": 9.3323446, ""max"": 10.008216}, ""cpu_util_max"": {""mean"": 9.3323446, ""max"": 10.008216}, ""cpu_util_0"": {""mean"": 9.3323446, ""max"": 10.008216}, ""cpu_util_1"": {""mean"": 9.3323446, ""max"": 10.008216}, ""cpu_util_2"": {""mean"": 9.3323446, ""max"": 10.008216}, ""cpu_util_3"": {""mean"": 9.3323446, ""max"": 10.008216}, ""cpu_util_4"": {""mean"": 9.3323446, ""max"": 10.008216}, ""cpu_util_5"": {""mean"": 9.3323446, ""max"": 10.008216}, ""cpu_util_6"": {""mean"": 9.3323446, ""max"": 10.008216}, ""cpu_util_7"": {""mean"": 9.3323446, ""max"": 10.008216}, ""cpu_util_8"": {""mean"": 9.3323446, ""max"": 10.008216}, ""cpu_util_9"": {""mean"": 9.3323446, ""max"": 10.008216}, ""cpu_util_10"": {""mean"": 9.3323446, ""max"": 10.008216}, ""cpu_util_11"": {""mean"": 9.3323446, ""max"": 10.008216}, ""memory"": {""mean"": 0.22523100000000001, ""max"": 0.225475}, ""io_read_count"": {""mean"": 8706.417085000001, ""max"": 10888.938729}, ""io_write_count"": {""mean"": 16.004443, ""max"": 20.016431}, ""io_read"": {""mean"": 0.0, ""max"": 0.0}, ""io_write"": {""mean"": 0.0, ""max"": 0.0}, ""gpu_util_avg"": {""mean"": 0.0, ""max"": 0.0}, ""gpu_util_min"": {""mean"": 0.0, ""max"": 0.0}, ""gpu_util_max"": {""mean"": 0.0, ""max"": 0.0}, ""gpu_util_0"": {""mean"": 0.0, ""max"": 0.0}, ""gpu_band_avg"": {""mean"": 0.0, ""max"": 0.0}, ""gpu_band_min"": {""mean"": 0.0, ""max"": 0.0}, ""gpu_band_max"": {""mean"": 0.0, ""max"": 0.0}, ""gpu_band_0"": {""mean"": 0.0, ""max"": 0.0}, ""gpu_mem_avg"": {""mean"": 0.0, ""max"": 0.0}, ""gpu_mem_min"": {""mean"": 0.0, ""max"": 0.0}, ""gpu_mem_max"": {""mean"": 0.0, ""max"": 0.0}, ""gpu_mem_0"": {""mean"": 0.0, ""max"": 0.0}}","{""total"": {""kind"": ""scalar"", ""value"": 1999999000000.0}}",,
fast_rewrite,loop,fork,fork,False,5,2,ok,0.273913,0.0,,0.4247,0.4449,,"{""cpu_util_avg"": {""mean"": 9.445665333333332, ""max"": 13.334127}, ""cpu_util_min"": {""mean"": 9.445665333333332, ""max"": 13.334127}, ""cpu_util_max"": {""mean"": 9.445665333333332, ""max"": 13.334127}, ""cpu_util_0"": {""mean"": 9.445665333333332, ""max"": 13.334127}, ""cpu_util_1"": {""mean"": 9.445665333333332, ""max"": 13.334127}, ""cpu_util_2"": {""mean"": 9.445665333333332, ""max"": 13.334127}, ""cpu_util_3"": {""mean"": 9.445665333333332, ""max"": 13.334127}, ""cpu_util_4"": {""mean"": 9.445665333333332, ""max"": 13.334127}, ""cpu_util_5"": {""mean"": 9.445665333333332, ""max"": 13.334127}, ""cpu_util_6"": {""mean"": 9.445665333333332, ""max"": 13.334127}, ""cpu_util_7"": {""mean"": 9.445665333333332, ""max"": 13.334127}, ""cpu_util_8"": {""mean"": 9.445665333333332, ""max"": 13.334127}, ""cpu_util_9"": {""mean"": 9.445665333333332, ""max"": 13.334127}, ""cpu_util_10"": {""mean"": 9.445665333333332, ""max"": 13.334127}, ""cpu_util_11"": {""mean"": 9.445665333333332, ""max"": 13.334127}, ""memory"": {""mean"": 0.5189860000000001, ""max"": 0.519047}, ""io_read_count"": {""mean"": 10941.485387500003, ""max"": 10949.487072}, ""io_write_count"": {""mean"": 20.0027155, ""max"": 20.017344}, ""io_read"": {""mean"": 0.0, ""max"": 0.0}, ""io_write"": {""mean"": 0.0, ""max"": 0.0}, ""gpu_util_avg"": {""mean"": 0.0, ""max"": 0.0}, ""gpu_util_min"": {""mean"": 0.0, ""max"": 0.0}, ""gpu_util_max"": {""mean"": 0.0, ""max"": 0.0}, ""gpu_util_0"": {""mean"": 0.0, ""max"": 0.0}, ""gpu_band_avg"": {""mean"": 0.0, ""max"": 0.0}, ""gpu_band_min"": {""mean"": 0.0, ""max"": 0.0}, ""gpu_band_max"": {""mean"": 0.0, ""max"": 0.0}, ""gpu_band_0"": {""mean"": 0.0, ""max"": 0.0}, ""gpu_mem_avg"": {""mean"": 0.0, ""max"": 0.0}, ""gpu_mem_min"": {""mean"": 0.0, ""max"": 0.0}, ""gpu_mem_max"": {""mean"": 0.0, ""max"": 0.0}, ""gpu_mem_0"": {""mean"": 0.0, ""max"": 0.0}}","{""total"": {""kind"": ""scalar"", ""value"": 1999999000000.0}}",,
fast_rewrite,vectorized,dill,dill,False,5,0,ok,0.000798,0.0,0.0153,2.7943,2.805,,{},"{""total"": {""kind"": ""scalar"", ""value"": 1999999000000.0}}",,
fast_rewrite,vectorized,full,full,False,5,1,ok,0.000859,0.016625,,2.7394,2.751,,{},"{""total"": {""kind"": ""scalar"", ""value"": 1999999000000.0}}",,
fast_rewrite,vectorized,fork,fork,False,5,2,ok,0.001343,0.0,,0.1489,0.1656,,{},"{""total"": {""kind"": ""scalar"", ""value"": 1999999000000.0}}",,
fast_rewrite,loop,full,full,False,6,0,ok,0.234242,0.016216,,2.9381,2.9593,,"{""cpu_util_avg"": {""mean"": 9.6655024, ""max"": 11.648439}, ""cpu_util_min"": {""mean"": 9.6655024, ""max"": 11.648439}, ""cpu_util_max"": {""mean"": 9.6655024, ""max"": 11.648439}, ""cpu_util_0"": {""mean"": 9.6655024, ""max"": 11.648439}, ""cpu_util_1"": {""mean"": 9.6655024, ""max"": 11.648439}, ""cpu_util_2"": {""mean"": 9.6655024, ""max"": 11.648439}, ""cpu_util_3"": {""mean"": 9.6655024, ""max"": 11.648439}, ""cpu_util_4"": {""mean"": 9.6655024, ""max"": 11.648439}, ""cpu_util_5"": {""mean"": 9.6655024, ""max"": 11.648439}, ""cpu_util_6"": {""mean"": 9.6655024, ""max"": 11.648439}, ""cpu_util_7"": {""mean"": 9.6655024, ""max"": 11.648439}, ""cpu_util_8"": {""mean"": 9.6655024, ""max"": 11.648439}, ""cpu_util_9"": {""mean"": 9.6655024, ""max"": 11.648439}, ""cpu_util_10"": {""mean"": 9.6655024, ""max"": 11.648439}, ""cpu_util_11"": {""mean"": 9.6655024, ""max"": 11.648439}, ""memory"": {""mean"": 0.2257406, ""max"": 0.226009}, ""io_read_count"": {""mean"": 8706.8009786, ""max"": 10894.182046}, ""io_write_count"": {""mean"": 16.005149, ""max"": 20.02607}, ""io_read"": {""mean"": 0.0, ""max"": 0.0}, ""io_write"": {""mean"": 0.0, ""max"": 0.0}, ""gpu_util_avg"": {""mean"": 0.0, ""max"": 0.0}, ""gpu_util_min"": {""mean"": 0.0, ""max"": 0.0}, ""gpu_util_max"": {""mean"": 0.0, ""max"": 0.0}, ""gpu_util_0"": {""mean"": 0.0, ""max"": 0.0}, ""gpu_band_avg"": {""mean"": 0.0, ""max"": 0.0}, ""gpu_band_min"": {""mean"": 0.0, ""max"": 0.0}, ""gpu_band_max"": {""mean"": 0.0, ""max"": 0.0}, ""gpu_band_0"": {""mean"": 0.0, ""max"": 0.0}, ""gpu_mem_avg"": {""mean"": 0.0, ""max"": 0.0}, ""gpu_mem_min"": {""mean"": 0.0, ""max"": 0.0}, ""gpu_mem_max"": {""mean"": 0.0, ""max"": 0.0}, ""gpu_mem_0"": {""mean"": 0.0, ""max"": 0.0}}","{""total"": {""kind"": ""scalar"", ""value"": 1999999000000.0}}",,
fast_rewrite,loop,fork,fork,False,6,1,ok,0.296768,0.0,,0.4383,0.4575,,"{""cpu_util_avg"": {""mean"": 9.442661166666666, ""max"": 11.665286}, ""cpu_util_min"": {""mean"": 9.442661166666666, ""max"": 11.665286}, ""cpu_util_max"": {""mean"": 9.442661166666666, ""max"": 11.665286}, ""cpu_util_0"": {""mean"": 9.442661166666666, ""max"": 11.665286}, ""cpu_util_1"": {""mean"": 9.442661166666666, ""max"": 11.665286}, ""cpu_util_2"": {""mean"": 9.442661166666666, ""max"": 11.665286}, ""cpu_util_3"": {""mean"": 9.442661166666666, ""max"": 11.665286}, ""cpu_util_4"": {""mean"": 9.442661166666666, ""max"": 11.665286}, ""cpu_util_5"": {""mean"": 9.442661166666666, ""max"": 11.665286}, ""cpu_util_6"": {""mean"": 9.442661166666666, ""max"": 11.665286}, ""cpu_util_7"": {""mean"": 9.442661166666666, ""max"": 11.665286}, ""cpu_util_8"": {""mean"": 9.442661166666666, ""max"": 11.665286}, ""cpu_util_9"": {""mean"": 9.442661166666666, ""max"": 11.665286}, ""cpu_util_10"": {""mean"": 9.442661166666666, ""max"": 11.665286}, ""cpu_util_11"": {""mean"": 9.442661166666666, ""max"": 11.665286}, ""memory"": {""mean"": 0.51923, ""max"": 0.519291}, ""io_read_count"": {""mean"": 10937.8250855, ""max"": 10951.786535}, ""io_write_count"": {""mean"": 19.996024000000002, ""max"": 20.021548}, ""io_read"": {""mean"": 0.0, ""max"": 0.0}, ""io_write"": {""mean"": 0.0, ""max"": 0.0}, ""gpu_util_avg"": {""mean"": 0.0, ""max"": 0.0}, ""gpu_util_min"": {""mean"": 0.0, ""max"": 0.0}, ""gpu_util_max"": {""mean"": 0.0, ""max"": 0.0}, ""gpu_util_0"": {""mean"": 0.0, ""max"": 0.0}, ""gpu_band_avg"": {""mean"": 0.0, ""max"": 0.0}, ""gpu_band_min"": {""mean"": 0.0, ""max"": 0.0}, ""gpu_band_max"": {""mean"": 0.0, ""max"": 0.0}, ""gpu_band_0"": {""mean"": 0.0, ""max"": 0.0}, ""gpu_mem_avg"": {""mean"": 0.0, ""max"": 0.0}, ""gpu_mem_min"": {""mean"": 0.0, ""max"": 0.0}, ""gpu_mem_max"": {""mean"": 0.0, ""max"": 0.0}, ""gpu_mem_0"": {""mean"": 0.0, ""max"": 0.0}}","{""total"": {""kind"": ""scalar"", ""value"": 1999999000000.0}}",,
fast_rewrite,loop,dill,dill,False,6,2,ok,0.282877,0.0,0.0171,3.1844,3.2058,,"{""cpu_util_avg"": {""mean"": 9.6626976, ""max"": 10.003348}, ""cpu_util_min"": {""mean"": 9.6626976, ""max"": 10.003348}, ""cpu_util_max"": {""mean"": 9.6626976, ""max"": 10.003348}, ""cpu_util_0"": {""mean"": 9.6626976, ""max"": 10.003348}, ""cpu_util_1"": {""mean"": 9.6626976, ""max"": 10.003348}, ""cpu_util_2"": {""mean"": 9.6626976, ""max"": 10.003348}, ""cpu_util_3"": {""mean"": 9.6626976, ""max"": 10.003348}, ""cpu_util_4"": {""mean"": 9.6626976, ""max"": 10.003348}, ""cpu_util_5"": {""mean"": 9.6626976, ""max"": 10.003348}, ""cpu_util_6"": {""mean"": 9.6626976, ""max"": 10.003348}, ""cpu_util_7"": {""mean"": 9.6626976, ""max"": 10.003348}, ""cpu_util_8"": {""mean"": 9.6626976, ""max"": 10.003348}, ""cpu_util_9"": {""mean"": 9.6626976, ""max"": 10.003348}, ""cpu_util_10"": {""mean"": 9.6626976, ""max"": 10.003348}, ""cpu_util_11"": {""mean"": 9.6626976, ""max"": 10.003348}, ""memory"": {""mean"": 0.2261454, ""max"": 0.226414}, ""io_read_count"": {""mean"": 8703.3016204, ""max"": 10891.167369}, ""io_write_count"": {""mean"": 15.9987162, ""max"": 20.020528}, ""io_read"": {""mean"": 0.0, ""max"": 0.0}, ""io_write"": {""mean"": 0.0, ""max"": 0.0}, ""gpu_util_avg"": {""mean"": 0.0, ""max"": 0.0}, ""gpu_util_min"": {""mean"": 0.0, ""max"": 0.0}, ""gpu_util_max"": {""mean"": 0.0, ""max"": 0.0}, ""gpu_util_0"": {""mean"": 0.0, ""max"": 0.0}, ""gpu_band_avg"": {""mean"": 0.0, ""max"": 0.0}, ""gpu_band_min"": {""mean"": 0.0, ""max"": 0.0}, ""gpu_band_max"": {""mean"": 0.0, ""max"": 0.0}, ""gpu_band_0"": {""mean"": 0.0, ""max"": 0.0}, ""gpu_mem_avg"": {""mean"": 0.0, ""max"": 0.0}, ""gpu_mem_min"": {""mean"": 0.0, ""max"": 0.0}, ""gpu_mem_max"": {""mean"": 0.0, ""max"": 0.0}, ""gpu_mem_0"": {""mean"": 0.0, ""max"": 0.0}}","{""total"": {""kind"": ""scalar"", ""value"": 1999999000000.0}}",,
fast_rewrite,vectorized,full,full,False,6,0,ok,0.000828,0.016208,,2.9114,2.9224,,{},"{""total"": {""kind"": ""scalar"", ""value"": 1999999000000.0}}",,
fast_rewrite,vectorized,fork,fork,False,6,1,ok,0.001337,0.0,,0.1381,0.1533,,{},"{""total"": {""kind"": ""scalar"", ""value"": 1999999000000.0}}",,
fast_rewrite,vectorized,dill,dill,False,6,2,ok,0.004715,0.0,0.0112,3.2071,3.2201,,{},"{""total"": {""kind"": ""scalar"", ""value"": 1999999000000.0}}",,
fast_rewrite,loop,fork,fork,False,7,0,ok,0.297083,0.0,,0.4527,0.4737,,"{""cpu_util_avg"": {""mean"": 10.277856333333332, ""max"": 13.336411}, ""cpu_util_min"": {""mean"": 10.277856333333332, ""max"": 13.336411}, ""cpu_util_max"": {""mean"": 10.277856333333332, ""max"": 13.336411}, ""cpu_util_0"": {""mean"": 10.277856333333332, ""max"": 13.336411}, ""cpu_util_1"": {""mean"": 10.277856333333332, ""max"": 13.336411}, ""cpu_util_2"": {""mean"": 10.277856333333332, ""max"": 13.336411}, ""cpu_util_3"": {""mean"": 10.277856333333332, ""max"": 13.336411}, ""cpu_util_4"": {""mean"": 10.277856333333332, ""max"": 13.336411}, ""cpu_util_5"": {""mean"": 10.277856333333332, ""max"": 13.336411}, ""cpu_util_6"": {""mean"": 10.277856333333332, ""max"": 13.336411}, ""cpu_util_7"": {""mean"": 10.277856333333332, ""max"": 13.336411}, ""cpu_util_8"": {""mean"": 10.277856333333332, ""max"": 13.336411}, ""cpu_util_9"": {""mean"": 10.277856333333332, ""max"": 13.336411}, ""cpu_util_10"": {""mean"": 10.277856333333332, ""max"": 13.336411}, ""cpu_util_11"": {""mean"": 10.277856333333332, ""max"": 13.336411}, ""memory"": {""mean"": 0.51923, ""max"": 0.519291}, ""io_read_count"": {""mean"": 10940.129630666668, ""max"": 10942.525312}, ""io_write_count"": {""mean"": 20.00023716666667, ""max"": 20.004617}, ""io_read"": {""mean"": 0.0, ""max"": 0.0}, ""io_write"": {""mean"": 0.0, ""max"": 0.0}, ""gpu_util_avg"": {""mean"": 0.0, ""max"": 0.0}, ""gpu_util_min"": {""mean"": 0.0, ""max"": 0.0}, ""gpu_util_max"": {""mean"": 0.0, ""max"": 0.0}, ""gpu_util_0"": {""mean"": 0.0, ""max"": 0.0}, ""gpu_band_avg"": {""mean"": 0.0, ""max"": 0.0}, ""gpu_band_min"": {""mean"": 0.0, ""max"": 0.0}, ""gpu_band_max"": {""mean"": 0.0, ""max"": 0.0}, ""gpu_band_0"": {""mean"": 0.0, ""max"": 0.0}, ""gpu_mem_avg"": {""mean"": 0.0, ""max"": 0.0}, ""gpu_mem_min"": {""mean"": 0.0, ""max"": 0.0}, ""gpu_mem_max"": {""mean"": 0.0, ""max"": 0.0}, ""gpu_mem_0"": {""mean"": 0.0, ""max"": 0.0}}","{""total"": {""kind"": ""scalar"", ""value"": 1999999000000.0}}",,
fast_rewrite,loop,dill,dill,False,7,1,ok,0.310107,0.0,0.0117,3.405,3.4264,,"{""cpu_util_avg"": {""mean"": 9.442599666666666, ""max"": 11.669488}, ""cpu_util_min"": {""mean"": 9.442599666666666, ""max"": 11.669488}, ""cpu_util_max"": {""mean"": 9.442599666666666, ""max"": 11.669488}, ""cpu_util_0"": {""mean"": 9.442599666666666, ""max"": 11.669488}, ""cpu_util_1"": {""mean"": 9.442599666666666, ""max"": 11.669488}, ""cpu_util_2"": {""mean"": 9.442599666666666, ""max"": 11.669488}, ""cpu_util_3"": {""mean"": 9.442599666666666, ""max"": 11.669488}, ""cpu_util_4"": {""mean"": 9.442599666666666, ""max"": 11.669488}, ""cpu_util_5"": {""mean"": 9.442599666666666, ""max"": 11.669488}, ""cpu_util_6"": {""mean"": 9.442599666666666, ""max"": 11.669488}, ""cpu_util_7"": {""mean"": 9.442599666666666, ""max"": 11.669488}, ""cpu_util_8"": {""mean"": 9.442599666666666, ""max"": 11.669488}, ""cpu_util_9"": {""mean"": 9.442599666666666, ""max"": 11.669488}, ""cpu_util_10"": {""mean"": 9.442599666666666, ""max"": 11.669488}, ""cpu_util_11"": {""mean"": 9.442599666666666, ""max"": 11.669488}, ""memory"": {""mean"": 0.22664016666666664, ""max"": 0.226864}, ""io_read_count"": {""mean"": 9067.737773666668, ""max"": 10882.630769}, ""io_write_count"": {""mean"": 16.668635666666663, ""max"": 20.004836}, ""io_read"": {""mean"": 0.0, ""max"": 0.0}, ""io_write"": {""mean"": 0.0, ""max"": 0.0}, ""gpu_util_avg"": {""mean"": 0.0, ""max"": 0.0}, ""gpu_util_min"": {""mean"": 0.0, ""max"": 0.0}, ""gpu_util_max"": {""mean"": 0.0, ""max"": 0.0}, ""gpu_util_0"": {""mean"": 0.0, ""max"": 0.0}, ""gpu_band_avg"": {""mean"": 0.0, ""max"": 0.0}, ""gpu_band_min"": {""mean"": 0.0, ""max"": 0.0}, ""gpu_band_max"": {""mean"": 0.0, ""max"": 0.0}, ""gpu_band_0"": {""mean"": 0.0, ""max"": 0.0}, ""gpu_mem_avg"": {""mean"": 0.0, ""max"": 0.0}, ""gpu_mem_min"": {""mean"": 0.0, ""max"": 0.0}, ""gpu_mem_max"": {""mean"": 0.0, ""max"": 0.0}, ""gpu_mem_0"": {""mean"": 0.0, ""max"": 0.0}}","{""total"": {""kind"": ""scalar"", ""value"": 1999999000000.0}}",,
fast_rewrite,loop,full,full,False,7,2,ok,0.258921,0.019807,,3.4016,3.427,,"{""cpu_util_avg"": {""mean"": 9.660997, ""max"": 10.00301}, ""cpu_util_min"": {""mean"": 9.660997, ""max"": 10.00301}, ""cpu_util_max"": {""mean"": 9.660997, ""max"": 10.00301}, ""cpu_util_0"": {""mean"": 9.660997, ""max"": 10.00301}, ""cpu_util_1"": {""mean"": 9.660997, ""max"": 10.00301}, ""cpu_util_2"": {""mean"": 9.660997, ""max"": 10.00301}, ""cpu_util_3"": {""mean"": 9.660997, ""max"": 10.00301}, ""cpu_util_4"": {""mean"": 9.660997, ""max"": 10.00301}, ""cpu_util_5"": {""mean"": 9.660997, ""max"": 10.00301}, ""cpu_util_6"": {""mean"": 9.660997, ""max"": 10.00301}, ""cpu_util_7"": {""mean"": 9.660997, ""max"": 10.00301}, ""cpu_util_8"": {""mean"": 9.660997, ""max"": 10.00301}, ""cpu_util_9"": {""mean"": 9.660997, ""max"": 10.00301}, ""cpu_util_10"": {""mean"": 9.660997, ""max"": 10.00301}, ""cpu_util_11"": {""mean"": 9.660997, ""max"": 10.00301}, ""memory"": {""mean"": 0.2259506, ""max"": 0.226219}, ""io_read_count"": {""mean"": 8701.470694599999, ""max"": 10883.274778}, ""io_write_count"": {""mean"": 15.9953506, ""max"": 20.00602}, ""io_read"": {""mean"": 0.0, ""max"": 0.0}, ""io_write"": {""mean"": 0.0, ""max"": 0.0}, ""gpu_util_avg"": {""mean"": 0.0, ""max"": 0.0}, ""gpu_util_min"": {""mean"": 0.0, ""max"": 0.0}, ""gpu_util_max"": {""mean"": 0.0, ""max"": 0.0}, ""gpu_util_0"": {""mean"": 0.0, ""max"": 0.0}, ""gpu_band_avg"": {""mean"": 0.0, ""max"": 0.0}, ""gpu_band_min"": {""mean"": 0.0, ""max"": 0.0}, ""gpu_band_max"": {""mean"": 0.0, ""max"": 0.0}, ""gpu_band_0"": {""mean"": 0.0, ""max"": 0.0}, ""gpu_mem_avg"": {""mean"": 0.0, ""max"": 0.0}, ""gpu_mem_min"": {""mean"": 0.0, ""max"": 0.0}, ""gpu_mem_max"": {""mean"": 0.0, ""max"": 0.0}, ""gpu_mem_0"": {""mean"": 0.0, ""max"": 0.0}}","{""total"": {""kind"": ""scalar"", ""value"": 1999999000000.0}}",,
fast_rewrite,vectorized,fork,fork,False,7,0,ok,0.00167,0.0,,0.1495,0.1668,,{},"{""total"": {""kind"": ""scalar"", ""value"": 1999999000000.0}}",,
fast_rewrite,vectorized,dill,dill,False,7,1,ok,0.000924,0.0,0.0121,3.1488,3.1599,,{},"{""total"": {""kind"": ""scalar"", ""value"": 1999999000000.0}}",,
fast_rewrite,vectorized,full,full,False,7,2,ok,0.000816,0.016887,,2.7994,2.8107,,{},"{""total"": {""kind"": ""scalar"", ""value"": 1999999000000.0}}",,
fast_rewrite,loop,dill,dill,False,8,0,ok,0.266905,0.0,0.0107,3.1665,3.1874,,"{""cpu_util_avg"": {""mean"": 9.3295278, ""max"": 11.64693}, ""cpu_util_min"": {""mean"": 9.3295278, ""max"": 11.64693}, ""cpu_util_max"": {""mean"": 9.3295278, ""max"": 11.64693}, ""cpu_util_0"": {""mean"": 9.3295278, ""max"": 11.64693}, ""cpu_util_1"": {""mean"": 9.3295278, ""max"": 11.64693}, ""cpu_util_2"": {""mean"": 9.3295278, ""max"": 11.64693}, ""cpu_util_3"": {""mean"": 9.3295278, ""max"": 11.64693}, ""cpu_util_4"": {""mean"": 9.3295278, ""max"": 11.64693}, ""cpu_util_5"": {""mean"": 9.3295278, ""max"": 11.64693}, ""cpu_util_6"": {""mean"": 9.3295278, ""max"": 11.64693}, ""cpu_util_7"": {""mean"": 9.3295278, ""max"": 11.64693}, ""cpu_util_8"": {""mean"": 9.3295278, ""max"": 11.64693}, ""cpu_util_9"": {""mean"": 9.3295278, ""max"": 11.64693}, ""cpu_util_10"": {""mean"": 9.3295278, ""max"": 11.64693}, ""cpu_util_11"": {""mean"": 9.3295278, ""max"": 11.64693}, ""memory"": {""mean"": 0.2262556, ""max"": 0.226524}, ""io_read_count"": {""mean"": 8704.2289366, ""max"": 10883.251484}, ""io_write_count"": {""mean"": 16.0004208, ""max"": 20.005977}, ""io_read"": {""mean"": 0.0, ""max"": 0.0}, ""io_write"": {""mean"": 0.0, ""max"": 0.0}, ""gpu_util_avg"": {""mean"": 0.0, ""max"": 0.0}, ""gpu_util_min"": {""mean"": 0.0, ""max"": 0.0}, ""gpu_util_max"": {""mean"": 0.0, ""max"": 0.0}, ""gpu_util_0"": {""mean"": 0.0, ""max"": 0.0}, ""gpu_band_avg"": {""mean"": 0.0, ""max"": 0.0}, ""gpu_band_min"": {""mean"": 0.0, ""max"": 0.0}, ""gpu_band_max"": {""mean"": 0.0, ""max"": 0.0}, ""gpu_band_0"": {""mean"": 0.0, ""max"": 0.0}, ""gpu_mem_avg"": {""mean"": 0.0, ""max"": 0.0}, ""gpu_mem_min"": {""mean"": 0.0, ""max"": 0.0}, ""gpu_mem_max"": {""mean"": 0.0, ""max"": 0.0}, ""gpu_mem_0"": {""mean"": 0.0, ""max"": 0.0}}","{""total"": {""kind"": ""scalar"", ""value"": 1999999000000.0}}",,
fast_rewrite,loop,full,full,False,8,1,ok,0.240624,0.016435,,3.04,3.0588,,"{""cpu_util_avg"": {""mean"": 9.997994199999999, ""max"": 11.677405}, ""cpu_util_min"": {""mean"": 9.997994199999999, ""max"": 11.677405}, ""cpu_util_max"": {""mean"": 9.997994199999999, ""max"": 11.677405}, ""cpu_util_0"": {""mean"": 9.997994199999999, ""max"": 11.677405}, ""cpu_util_1"": {""mean"": 9.997994199999999, ""max"": 11.677405}, ""cpu_util_2"": {""mean"": 9.997994199999999, ""max"": 11.677405}, ""cpu_util_3"": {""mean"": 9.997994199999999, ""max"": 11.677405}, ""cpu_util_4"": {""mean"": 9.997994199999999, ""max"": 11.677405}, ""cpu_util_5"": {""mean"": 9.997994199999999, ""max"": 11.677405}, ""cpu_util_6"": {""mean"": 9.997994199999999, ""max"": 11.677405}, ""cpu_util_7"": {""mean"": 9.997994199999999, ""max"": 11.677405}, ""cpu_util_8"": {""mean"": 9.997994199999999, ""max"": 11.677405}, ""cpu_util_9"": {""mean"": 9.997994199999999, ""max"": 11.677405}, ""cpu_util_10"": {""mean"": 9.997994199999999, ""max"": 11.677405}, ""cpu_util_11"": {""mean"": 9.997994199999999, ""max"": 11.677405}, ""memory"": {""mean"": 0.22598860000000004, ""max"": 0.226257}, ""io_read_count"": {""mean"": 8703.40532, ""max"": 10890.014024}, ""io_write_count"": {""mean"": 15.9989068, ""max"": 20.018408}, ""io_read"": {""mean"": 0.0, ""max"": 0.0}, ""io_write"": {""mean"": 0.0, ""max"": 0.0}, ""gpu_util_avg"": {""mean"": 0.0, ""max"": 0.0}, ""gpu_util_min"": {""mean"": 0.0, ""max"": 0.0}, ""gpu_util_max"": {""mean"": 0.0, ""max"": 0.0}, ""gpu_util_0"": {""mean"": 0.0, ""max"": 0.0}, ""gpu_band_avg"": {""mean"": 0.0, ""max"": 0.0}, ""gpu_band_min"": {""mean"": 0.0, ""max"": 0.0}, ""gpu_band_max"": {""mean"": 0.0, ""max"": 0.0}, ""gpu_band_0"": {""mean"": 0.0, ""max"": 0.0}, ""gpu_mem_avg"": {""mean"": 0.0, ""max"": 0.0}, ""gpu_mem_min"": {""mean"": 0.0, ""max"": 0.0}, ""gpu_mem_max"": {""mean"": 0.0, ""max"": 0.0}, ""gpu_mem_0"": {""mean"": 0.0, ""max"": 0.0}}","{""total"": {""kind"": ""scalar"", ""value"": 1999999000000.0}}",,
fast_rewrite,loop,fork,fork,False,8,2,ok,0.292594,0.0,,0.4387,0.4572,,"{""cpu_util_avg"": {""mean"": 9.999003333333334, ""max"": 11.669682}, ""cpu_util_min"": {""mean"": 9.999003333333334, ""max"": 11.669682}, ""cpu_util_max"": {""mean"": 9.999003333333334, ""max"": 11.669682}, ""cpu_util_0"": {""mean"": 9.999003333333334, ""max"": 11.669682}, ""cpu_util_1"": {""mean"": 9.999003333333334, ""max"": 11.669682}, ""cpu_util_2"": {""mean"": 9.999003333333334, ""max"": 11.669682}, ""cpu_util_3"": {""mean"": 9.999003333333334, ""max"": 11.669682}, ""cpu_util_4"": {""mean"": 9.999003333333334, ""max"": 11.669682}, ""cpu_util_5"": {""mean"": 9.999003333333334, ""max"": 11.669682}, ""cpu_util_6"": {""mean"": 9.999003333333334, ""max"": 11.669682}, ""cpu_util_7"": {""mean"": 9.999003333333334, ""max"": 11.669682}, ""cpu_util_8"": {""mean"": 9.999003333333334, ""max"": 11.669682}, ""cpu_util_9"": {""mean"": 9.999003333333334, ""max"": 11.669682}, ""cpu_util_10"": {""mean"": 9.999003333333334, ""max"": 11.669682}, ""cpu_util_11"": {""mean"": 9.999003333333334, ""max"": 11.669682}, ""memory"": {""mean"": 0.519356, ""max"": 0.519417}, ""io_read_count"": {""mean"": 11028.547535166666, ""max"": 11357.843378}, ""io_write_count"": {""mean"": 19.9974055, ""max"": 20.006872}, ""io_read"": {""mean"": 0.0, ""max"": 0.0}, ""io_write"": {""mean"": 0.0, ""max"": 0.0}, ""gpu_util_avg"": {""mean"": 0.0, ""max"": 0.0}, ""gpu_util_min"": {""mean"": 0.0, ""max"": 0.0}, ""gpu_util_max"": {""mean"": 0.0, ""max"": 0.0}, ""gpu_util_0"": {""mean"": 0.0, ""max"": 0.0}, ""gpu_band_avg"": {""mean"": 0.0, ""max"": 0.0}, ""gpu_band_min"": {""mean"": 0.0, ""max"": 0.0}, ""gpu_band_max"": {""mean"": 0.0, ""max"": 0.0}, ""gpu_band_0"": {""mean"": 0.0, ""max"": 0.0}, ""gpu_mem_avg"": {""mean"": 0.0, ""max"": 0.0}, ""gpu_mem_min"": {""mean"": 0.0, ""max"": 0.0}, ""gpu_mem_max"": {""mean"": 0.0, ""max"": 0.0}, ""gpu_mem_0"": {""mean"": 0.0, ""max"": 0.0}}","{""total"": {""kind"": ""scalar"", ""value"": 1999999000000.0}}",,
fast_rewrite,vectorized,dill,dill,False,8,0,ok,0.000917,0.0,0.0107,2.7545,2.7661,,{},"{""total"": {""kind"": ""scalar"", ""value"": 1999999000000.0}}",,
fast_rewrite,vectorized,full,full,False,8,1,ok,0.000924,0.016214,,2.7104,2.7209,,{},"{""total"": {""kind"": ""scalar"", ""value"": 1999999000000.0}}",,
fast_rewrite,vectorized,fork,fork,False,8,2,ok,0.001344,0.0,,0.1383,0.1545,,{},"{""total"": {""kind"": ""scalar"", ""value"": 1999999000000.0}}",,
fast_rewrite,loop,full,full,False,9,0,ok,0.246808,0.016325,,3.0264,3.0448,,"{""cpu_util_avg"": {""mean"": 9.6653594, ""max"": 11.669711}, ""cpu_util_min"": {""mean"": 9.6653594, ""max"": 11.669711}, ""cpu_util_max"": {""mean"": 9.6653594, ""max"": 11.669711}, ""cpu_util_0"": {""mean"": 9.6653594, ""max"": 11.669711}, ""cpu_util_1"": {""mean"": 9.6653594, ""max"": 11.669711}, ""cpu_util_2"": {""mean"": 9.6653594, ""max"": 11.669711}, ""cpu_util_3"": {""mean"": 9.6653594, ""max"": 11.669711}, ""cpu_util_4"": {""mean"": 9.6653594, ""max"": 11.669711}, ""cpu_util_5"": {""mean"": 9.6653594, ""max"": 11.669711}, ""cpu_util_6"": {""mean"": 9.6653594, ""max"": 11.669711}, ""cpu_util_7"": {""mean"": 9.6653594, ""max"": 11.669711}, ""cpu_util_8"": {""mean"": 9.6653594, ""max"": 11.669711}, ""cpu_util_9"": {""mean"": 9.6653594, ""max"": 11.669711}, ""cpu_util_10"": {""mean"": 9.6653594, ""max"": 11.669711}, ""cpu_util_11"": {""mean"": 9.6653594, ""max"": 11.669711}, ""memory"": {""mean"": 0.22575620000000002, ""max"": 0.226025}, ""io_read_count"": {""mean"": 8705.9276766, ""max"": 10889.386649}, ""io_write_count"": {""mean"": 16.0035434, ""max"": 20.017255}, ""io_read"": {""mean"": 0.0, ""max"": 0.0}, ""io_write"": {""mean"": 0.0, ""max"": 0.0}, ""gpu_util_avg"": {""mean"": 0.0, ""max"": 0.0}, ""gpu_util_min"": {""mean"": 0.0, ""max"": 0.0}, ""gpu_util_max"": {""mean"": 0.0, ""max"": 0.0}, ""gpu_util_0"": {""mean"": 0.0, ""max"": 0.0}, ""gpu_band_avg"": {""mean"": 0.0, ""max"": 0.0}, ""gpu_band_min"": {""mean"": 0.0, ""max"": 0.0}, ""gpu_band_max"": {""mean"": 0.0, ""max"": 0.0}, ""gpu_band_0"": {""mean"": 0.0, ""max"": 0.0}, ""gpu_mem_avg"": {""mean"": 0.0, ""max"": 0.0}, ""gpu_mem_min"": {""mean"": 0.0, ""max"": 0.0}, ""gpu_mem_max"": {""mean"": 0.0, ""max"": 0.0}, ""gpu_mem_0"": {""mean"": 0.0, ""max"": 0.0}}","{""total"": {""kind"": ""scalar"", ""value"": 1999999000000.0}}",,
fast_rewrite,loop,fork,fork,False,9,1,ok,0.287773,0.0,,0.4274,0.4627,,"{""cpu_util_avg"": {""mean"": 9.444739833333331, ""max"": 11.666026}, ""cpu_util_min"": {""mean"": 9.444739833333331, ""max"": 11.666026}, ""cpu_util_max"": {""mean"": 9.444739833333331, ""max"": 11.666026}, ""cpu_util_0"": {""mean"": 9.444739833333331, ""max"": 11.666026}, ""cpu_util_1"": {""mean"": 9.444739833333331, ""max"": 11.666026}, ""cpu_util_2"": {""mean"": 9.444739833333331, ""max"": 11.666026}, ""cpu_util_3"": {""mean"": 9.444739833333331, ""max"": 11.666026}, ""cpu_util_4"": {""mean"": 9.444739833333331, ""max"": 11.666026}, ""cpu_util_5"": {""mean"": 9.444739833333331, ""max"": 11.666026}, ""cpu_util_6"": {""mean"": 9.444739833333331, ""max"": 11.666026}, ""cpu_util_7"": {""mean"": 9.444739833333331, ""max"": 11.666026}, ""cpu_util_8"": {""mean"": 9.444739833333331, ""max"": 11.666026}, ""cpu_util_9"": {""mean"": 9.444739833333331, ""max"": 11.666026}, ""cpu_util_10"": {""mean"": 9.444739833333331, ""max"": 11.666026}, ""cpu_util_11"": {""mean"": 9.444739833333331, ""max"": 11.666026}, ""memory"": {""mean"": 0.519478, ""max"": 0.519539}, ""io_read_count"": {""mean"": 10940.454197500001, ""max"": 10954.486216}, ""io_write_count"": {""mean"": 20.000830166666663, ""max"": 20.026483}, ""io_read"": {""mean"": 0.0, ""max"": 0.0}, ""io_write"": {""mean"": 0.0, ""max"": 0.0}, ""gpu_util_avg"": {""mean"": 0.0, ""max"": 0.0}, ""gpu_util_min"": {""mean"": 0.0, ""max"": 0.0}, ""gpu_util_max"": {""mean"": 0.0, ""max"": 0.0}, ""gpu_util_0"": {""mean"": 0.0, ""max"": 0.0}, ""gpu_band_avg"": {""mean"": 0.0, ""max"": 0.0}, ""gpu_band_min"": {""mean"": 0.0, ""max"": 0.0}, ""gpu_band_max"": {""mean"": 0.0, ""max"": 0.0}, ""gpu_band_0"": {""mean"": 0.0, ""max"": 0.0}, ""gpu_mem_avg"": {""mean"": 0.0, ""max"": 0.0}, ""gpu_mem_min"": {""mean"": 0.0, ""max"": 0.0}, ""gpu_mem_max"": {""mean"": 0.0, ""max"": 0.0}, ""gpu_mem_0"": {""mean"": 0.0, ""max"": 0.0}}","{""total"": {""kind"": ""scalar"", ""value"": 1999999000000.0}}",,
fast_rewrite,loop,dill,dill,False,9,2,ok,0.222408,0.0,0.0107,3.0983,3.1167,,"{""cpu_util_avg"": {""mean"": 9.163342, ""max"": 10.002387}, ""cpu_util_min"": {""mean"": 9.163342, ""max"": 10.002387}, ""cpu_util_max"": {""mean"": 9.163342, ""max"": 10.002387}, ""cpu_util_0"": {""mean"": 9.163342, ""max"": 10.002387}, ""cpu_util_1"": {""mean"": 9.163342, ""max"": 10.002387}, ""cpu_util_2"": {""mean"": 9.163342, ""max"": 10.002387}, ""cpu_util_3"": {""mean"": 9.163342, ""max"": 10.002387}, ""cpu_util_4"": {""mean"": 9.163342, ""max"": 10.002387}, ""cpu_util_5"": {""mean"": 9.163342, ""max"": 10.002387}, ""cpu_util_6"": {""mean"": 9.163342, ""max"": 10.002387}, ""cpu_util_7"": {""mean"": 9.163342, ""max"": 10.002387}, ""cpu_util_8"": {""mean"": 9.163342, ""max"": 10.002387}, ""cpu_util_9"": {""mean"": 9.163342, ""max"": 10.002387}, ""cpu_util_10"": {""mean"": 9.163342, ""max"": 10.002387}, ""cpu_util_11"": {""mean"": 9.163342, ""max"": 10.002387}, ""memory"": {""mean"": 0.22611599999999998, ""max"": 0.226421}, ""io_read_count"": {""mean"": 8159.2041395, ""max"": 10882.59746}, ""io_write_count"": {""mean"": 14.998536999999999, ""max"": 20.004775}, ""io_read"": {""mean"": 0.0, ""max"": 0.0}, ""io_write"": {""mean"": 0.0, ""max"": 0.0}, ""gpu_util_avg"": {""mean"": 0.0, ""max"": 0.0}, ""gpu_util_min"": {""mean"": 0.0, ""max"": 0.0}, ""gpu_util_max"": {""mean"": 0.0, ""max"": 0.0}, ""gpu_util_0"": {""mean"": 0.0, ""max"": 0.0}, ""gpu_band_avg"": {""mean"": 0.0, ""max"": 0.0}, ""gpu_band_min"": {""mean"": 0.0, ""max"": 0.0}, ""gpu_band_max"": {""mean"": 0.0, ""max"": 0.0}, ""gpu_band_0"": {""mean"": 0.0, ""max"": 0.0}, ""gpu_mem_avg"": {""mean"": 0.0, ""max"": 0.0}, ""gpu_mem_min"": {""mean"": 0.0, ""max"": 0.0}, ""gpu_mem_max"": {""mean"": 0.0, ""max"": 0.0}, ""gpu_mem_0"": {""mean"": 0.0, ""max"": 0.0}}","{""total"": {""kind"": ""scalar"", ""value"": 1999999000000.0}}",,
fast_rewrite,vectorized,full,full,False,9,0,ok,0.000751,0.01631,,2.7349,2.7457,,{},"{""total"": {""kind"": ""scalar"", ""value"": 1999999000000.0}}",,
fast_rewrite,vectorized,fork,fork,False,9,1,ok,0.001328,0.0,,0.1483,0.1645,,{},"{""total"": {""kind"": ""scalar"", ""value"": 1999999000000.0}}",,
fast_rewrite,vectorized,dill,dill,False,9,2,ok,0.000924,0.0,0.0108,2.8743,2.8848,,{},"{""total"": {""kind"": ""scalar"", ""value"": 1999999000000.0}}",,
fast_rewrite,loop,fork,fork,False,10,0,ok,0.322726,0.0,,0.4606,0.4795,,"{""cpu_util_avg"": {""mean"": 9.761854857142856, ""max"": 11.66732}, ""cpu_util_min"": {""mean"": 9.761854857142856, ""max"": 11.66732}, ""cpu_util_max"": {""mean"": 9.761854857142856, ""max"": 11.66732}, ""cpu_util_0"": {""mean"": 9.761854857142856, ""max"": 11.66732}, ""cpu_util_1"": {""mean"": 9.761854857142856, ""max"": 11.66732}, ""cpu_util_2"": {""mean"": 9.761854857142856, ""max"": 11.66732}, ""cpu_util_3"": {""mean"": 9.761854857142856, ""max"": 11.66732}, ""cpu_util_4"": {""mean"": 9.761854857142856, ""max"": 11.66732}, ""cpu_util_5"": {""mean"": 9.761854857142856, ""max"": 11.66732}, ""cpu_util_6"": {""mean"": 9.761854857142856, ""max"": 11.66732}, ""cpu_util_7"": {""mean"": 9.761854857142856, ""max"": 11.66732}, ""cpu_util_8"": {""mean"": 9.761854857142856, ""max"": 11.66732}, ""cpu_util_9"": {""mean"": 9.761854857142856, ""max"": 11.66732}, ""cpu_util_10"": {""mean"": 9.761854857142856, ""max"": 11.66732}, ""cpu_util_11"": {""mean"": 9.761854857142856, ""max"": 11.66732}, ""memory"": {""mean"": 0.519695857142857, ""max"": 0.519783}, ""io_read_count"": {""mean"": 10965.620649571429, ""max"": 11080.24288}, ""io_write_count"": {""mean"": 19.999820857142858, ""max"": 20.013547}, ""io_read"": {""mean"": 0.0, ""max"": 0.0}, ""io_write"": {""mean"": 0.0, ""max"": 0.0}, ""gpu_util_avg"": {""mean"": 0.0, ""max"": 0.0}, ""gpu_util_min"": {""mean"": 0.0, ""max"": 0.0}, ""gpu_util_max"": {""mean"": 0.0, ""max"": 0.0}, ""gpu_util_0"": {""mean"": 0.0, ""max"": 0.0}, ""gpu_band_avg"": {""mean"": 0.0, ""max"": 0.0}, ""gpu_band_min"": {""mean"": 0.0, ""max"": 0.0}, ""gpu_band_max"": {""mean"": 0.0, ""max"": 0.0}, ""gpu_band_0"": {""mean"": 0.0, ""max"": 0.0}, ""gpu_mem_avg"": {""mean"": 0.0, ""max"": 0.0}, ""gpu_mem_min"": {""mean"": 0.0, ""max"": 0.0}, ""gpu_mem_max"": {""mean"": 0.0, ""max"": 0.0}, ""gpu_mem_0"": {""mean"": 0.0, ""max"": 0.0}}","{""total"": {""kind"": ""scalar"", ""value"": 1999999000000.0}}",,
fast_rewrite,loop,dill,dill,False,10,1,ok,0.225617,0.0,0.018,3.2015,3.2248,,"{""cpu_util_avg"": {""mean"": 9.580468250000001, ""max"": 10.007761}, ""cpu_util_min"": {""mean"": 9.580468250000001, ""max"": 10.007761}, ""cpu_util_max"": {""mean"": 9.580468250000001, ""max"": 10.007761}, ""cpu_util_0"": {""mean"": 9.580468250000001, ""max"": 10.007761}, ""cpu_util_1"": {""mean"": 9.580468250000001, ""max"": 10.007761}, ""cpu_util_2"": {""mean"": 9.580468250000001, ""max"": 10.007761}, ""cpu_util_3"": {""mean"": 9.580468250000001, ""max"": 10.007761}, ""cpu_util_4"": {""mean"": 9.580468250000001, ""max"": 10.007761}, ""cpu_util_5"": {""mean"": 9.580468250000001, ""max"": 10.007761}, ""cpu_util_6"": {""mean"": 9.580468250000001, ""max"": 10.007761}, ""cpu_util_7"": {""mean"": 9.580468250000001, ""max"": 10.007761}, ""cpu_util_8"": {""mean"": 9.580468250000001, ""max"": 10.007761}, ""cpu_util_9"": {""mean"": 9.580468250000001, ""max"": 10.007761}, ""cpu_util_10"": {""mean"": 9.580468250000001, ""max"": 10.007761}, ""cpu_util_11"": {""mean"": 9.580468250000001, ""max"": 10.007761}, ""memory"": {""mean"": 0.226139, ""max"": 0.226444}, ""io_read_count"": {""mean"": 8161.156116, ""max"": 10888.44377}, ""io_write_count"": {""mean"": 15.002125249999999, ""max"": 20.015522}, ""io_read"": {""mean"": 0.0, ""max"": 0.0}, ""io_write"": {""mean"": 0.0, ""max"": 0.0}, ""gpu_util_avg"": {""mean"": 0.0, ""max"": 0.0}, ""gpu_util_min"": {""mean"": 0.0, ""max"": 0.0}, ""gpu_util_max"": {""mean"": 0.0, ""max"": 0.0}, ""gpu_util_0"": {""mean"": 0.0, ""max"": 0.0}, ""gpu_band_avg"": {""mean"": 0.0, ""max"": 0.0}, ""gpu_band_min"": {""mean"": 0.0, ""max"": 0.0}, ""gpu_band_max"": {""mean"": 0.0, ""max"": 0.0}, ""gpu_band_0"": {""mean"": 0.0, ""max"": 0.0}, ""gpu_mem_avg"": {""mean"": 0.0, ""max"": 0.0}, ""gpu_mem_min"": {""mean"": 0.0, ""max"": 0.0}, ""gpu_mem_max"": {""mean"": 0.0, ""max"": 0.0}, ""gpu_mem_0"": {""mean"": 0.0, ""max"": 0.0}}","{""total"": {""kind"": ""scalar"", ""value"": 1999999000000.0}}",,
fast_rewrite,loop,full,full,False,10,2,ok,0.261953,0.016951,,3.0596,3.0793,,"{""cpu_util_avg"": {""mean"": 9.663224199999998, ""max"": 11.647723}, ""cpu_util_min"": {""mean"": 9.663224199999998, ""max"": 11.647723}, ""cpu_util_max"": {""mean"": 9.663224199999998, ""max"": 11.647723}, ""cpu_util_0"": {""mean"": 9.663224199999998, ""max"": 11.647723}, ""cpu_util_1"": {""mean"": 9.663224199999998, ""max"": 11.647723}, ""cpu_util_2"": {""mean"": 9.663224199999998, ""max"": 11.647723}, ""cpu_util_3"": {""mean"": 9.663224199999998, ""max"": 11.647723}, ""cpu_util_4"": {""mean"": 9.663224199999998, ""max"": 11.647723}, ""cpu_util_5"": {""mean"": 9.663224199999998, ""max"": 11.647723}, ""cpu_util_6"": {""mean"": 9.663224199999998, ""max"": 11.647723}, ""cpu_util_7"": {""mean"": 9.663224199999998, ""max"": 11.647723}, ""cpu_util_8"": {""mean"": 9.663224199999998, ""max"": 11.647723}, ""cpu_util_9"": {""mean"": 9.663224199999998, ""max"": 11.647723}, ""cpu_util_10"": {""mean"": 9.663224199999998, ""max"": 11.647723}, ""cpu_util_11"": {""mean"": 9.663224199999998, ""max"": 11.647723}, ""memory"": {""mean"": 0.2258436, ""max"": 0.226112}, ""io_read_count"": {""mean"": 8704.1290344, ""max"": 10889.317336}, ""io_write_count"": {""mean"": 16.000237199999997, ""max"": 20.017127}, ""io_read"": {""mean"": 0.0, ""max"": 0.0}, ""io_write"": {""mean"": 0.0, ""max"": 0.0}, ""gpu_util_avg"": {""mean"": 0.0, ""max"": 0.0}, ""gpu_util_min"": {""mean"": 0.0, ""max"": 0.0}, ""gpu_util_max"": {""mean"": 0.0, ""max"": 0.0}, ""gpu_util_0"": {""mean"": 0.0, ""max"": 0.0}, ""gpu_band_avg"": {""mean"": 0.0, ""max"": 0.0}, ""gpu_band_min"": {""mean"": 0.0, ""max"": 0.0}, ""gpu_band_max"": {""mean"": 0.0, ""max"": 0.0}, ""gpu_band_0"": {""mean"": 0.0, ""max"": 0.0}, ""gpu_mem_avg"": {""mean"": 0.0, ""max"": 0.0}, ""gpu_mem_min"": {""mean"": 0.0, ""max"": 0.0}, ""gpu_mem_max"": {""mean"": 0.0, ""max"": 0.0}, ""gpu_mem_0"": {""mean"": 0.0, ""max"": 0.0}}","{""total"": {""kind"": ""scalar"", ""value"": 1999999000000.0}}",,
fast_rewrite,vectorized,fork,fork,False,10,0,ok,0.001316,0.0,,0.1423,0.1583,,{},"{""total"": {""kind"": ""scalar"", ""value"": 1999999000000.0}}",,
fast_rewrite,vectorized,dill,dill,False,10,1,ok,0.001052,0.0,0.0106,2.8458,2.8572,,{},"{""total"": {""kind"": ""scalar"", ""value"": 1999999000000.0}}",,
fast_rewrite,vectorized,full,full,False,10,2,ok,0.000688,0.015606,,2.7898,2.7999,,{},"{""total"": {""kind"": ""scalar"", ""value"": 1999999000000.0}}",,
thread_pool,matmul,full,full,False,0,0,ok,0.043548,1.719114,,4.9714,4.992,,"{""cpu_util_avg"": {""mean"": 58.32678, ""max"": 58.32678}, ""cpu_util_min"": {""mean"": 58.32678, ""max"": 58.32678}, ""cpu_util_max"": {""mean"": 58.32678, ""max"": 58.32678}, ""cpu_util_0"": {""mean"": 58.32678, ""max"": 58.32678}, ""cpu_util_1"": {""mean"": 58.32678, ""max"": 58.32678}, ""cpu_util_2"": {""mean"": 58.32678, ""max"": 58.32678}, ""cpu_util_3"": {""mean"": 58.32678, ""max"": 58.32678}, ""cpu_util_4"": {""mean"": 58.32678, ""max"": 58.32678}, ""cpu_util_5"": {""mean"": 58.32678, ""max"": 58.32678}, ""cpu_util_6"": {""mean"": 58.32678, ""max"": 58.32678}, ""cpu_util_7"": {""mean"": 58.32678, ""max"": 58.32678}, ""cpu_util_8"": {""mean"": 58.32678, ""max"": 58.32678}, ""cpu_util_9"": {""mean"": 58.32678, ""max"": 58.32678}, ""cpu_util_10"": {""mean"": 58.32678, ""max"": 58.32678}, ""cpu_util_11"": {""mean"": 58.32678, ""max"": 58.32678}, ""memory"": {""mean"": 0.567722, ""max"": 0.567722}, ""io_read_count"": {""mean"": 10878.777657, ""max"": 10878.777657}, ""io_write_count"": {""mean"": 19.997753, ""max"": 19.997753}, ""io_read"": {""mean"": 0.0, ""max"": 0.0}, ""io_write"": {""mean"": 0.0, ""max"": 0.0}, ""gpu_util_avg"": {""mean"": 0.0, ""max"": 0.0}, ""gpu_util_min"": {""mean"": 0.0, ""max"": 0.0}, ""gpu_util_max"": {""mean"": 0.0, ""max"": 0.0}, ""gpu_util_0"": {""mean"": 0.0, ""max"": 0.0}, ""gpu_band_avg"": {""mean"": 0.0, ""max"": 0.0}, ""gpu_band_min"": {""mean"": 0.0, ""max"": 0.0}, ""gpu_band_max"": {""mean"": 0.0, ""max"": 0.0}, ""gpu_band_0"": {""mean"": 0.0, ""max"": 0.0}, ""gpu_mem_avg"": {""mean"": 0.0, ""max"": 0.0}, ""gpu_mem_min"": {""mean"": 0.0, ""max"": 0.0}, ""gpu_mem_max"": {""mean"": 0.0, ""max"": 0.0}, ""gpu_mem_0"": {""mean"": 0.0, ""max"": 0.0}}","{""product"": {""kind"": ""array"", ""shape"": [2000, 2000], ""dtype"": ""torch.float32"", ""mean"": 499.8399353027344, ""std"": 9.855548858642578, ""min"": 453.9322814941406, ""max"": 551.9064331054688}}",,
thread_pool,matmul,fork,fork,False,0,1,timeout,,,,,15.0649,,{},{},,Exceeded the 15s budget and was killed.
thread_pool,matmul,dill,dill,False,0,2,ok,0.039598,0.0,1.6074,4.9445,4.9551,,{},"{""product"": {""kind"": ""array"", ""shape"": [2000, 2000], ""dtype"": ""torch.float32"", ""mean"": 500.2527160644531, ""std"": 9.932838439941406, ""min"": 449.1372375488281, ""max"": 551.9367065429688}}","[JUmPER]: restoring the dill checkpoint takes 1.6074s against the 1.5931s the prefix itself took, so this mode is saving little: a restore re-imports every module the prefix imported. The two figures exclude what both modes pay anyway (interpreter start, monitoring) and the one-off cost of writing the checkpoint. Consider --replay-mode full.",
thread_pool,matmul,fork,fork,False,1,0,timeout,,,,,15.0709,,{},{},,Exceeded the 15s budget and was killed.
thread_pool,matmul,dill,dill,False,1,1,ok,0.036998,0.0,1.47,4.5293,4.5395,,{},"{""product"": {""kind"": ""array"", ""shape"": [2000, 2000], ""dtype"": ""torch.float32"", ""mean"": 500.2527160644531, ""std"": 9.932838439941406, ""min"": 449.1372375488281, ""max"": 551.9367065429688}}",,
thread_pool,matmul,full,full,False,1,2,ok,0.044653,1.503637,,4.6291,4.6595,,"{""cpu_util_avg"": {""mean"": 54.993333, ""max"": 54.993333}, ""cpu_util_min"": {""mean"": 54.993333, ""max"": 54.993333}, ""cpu_util_max"": {""mean"": 54.993333, ""max"": 54.993333}, ""cpu_util_0"": {""mean"": 54.993333, ""max"": 54.993333}, ""cpu_util_1"": {""mean"": 54.993333, ""max"": 54.993333}, ""cpu_util_2"": {""mean"": 54.993333, ""max"": 54.993333}, ""cpu_util_3"": {""mean"": 54.993333, ""max"": 54.993333}, ""cpu_util_4"": {""mean"": 54.993333, ""max"": 54.993333}, ""cpu_util_5"": {""mean"": 54.993333, ""max"": 54.993333}, ""cpu_util_6"": {""mean"": 54.993333, ""max"": 54.993333}, ""cpu_util_7"": {""mean"": 54.993333, ""max"": 54.993333}, ""cpu_util_8"": {""mean"": 54.993333, ""max"": 54.993333}, ""cpu_util_9"": {""mean"": 54.993333, ""max"": 54.993333}, ""cpu_util_10"": {""mean"": 54.993333, ""max"": 54.993333}, ""cpu_util_11"": {""mean"": 54.993333, ""max"": 54.993333}, ""memory"": {""mean"": 0.568386, ""max"": 0.568386}, ""io_read_count"": {""mean"": 10878.68107, ""max"": 10878.68107}, ""io_write_count"": {""mean"": 19.997575, ""max"": 19.997575}, ""io_read"": {""mean"": 0.0, ""max"": 0.0}, ""io_write"": {""mean"": 0.0, ""max"": 0.0}, ""gpu_util_avg"": {""mean"": 0.0, ""max"": 0.0}, ""gpu_util_min"": {""mean"": 0.0, ""max"": 0.0}, ""gpu_util_max"": {""mean"": 0.0, ""max"": 0.0}, ""gpu_util_0"": {""mean"": 0.0, ""max"": 0.0}, ""gpu_band_avg"": {""mean"": 0.0, ""max"": 0.0}, ""gpu_band_min"": {""mean"": 0.0, ""max"": 0.0}, ""gpu_band_max"": {""mean"": 0.0, ""max"": 0.0}, ""gpu_band_0"": {""mean"": 0.0, ""max"": 0.0}, ""gpu_mem_avg"": {""mean"": 0.0, ""max"": 0.0}, ""gpu_mem_min"": {""mean"": 0.0, ""max"": 0.0}, ""gpu_mem_max"": {""mean"": 0.0, ""max"": 0.0}, ""gpu_mem_0"": {""mean"": 0.0, ""max"": 0.0}}","{""product"": {""kind"": ""array"", ""shape"": [2000, 2000], ""dtype"": ""torch.float32"", ""mean"": 500.2886657714844, ""std"": 9.798881530761719, ""min"": 452.40765380859375, ""max"": 546.3565673828125}}",,
thread_pool,matmul,dill,dill,False,2,0,ok,0.033363,0.0,1.8216,5.0205,5.0324,,{},"{""product"": {""kind"": ""array"", ""shape"": [2000, 2000], ""dtype"": ""torch.float32"", ""mean"": 500.2527160644531, ""std"": 9.932838439941406, ""min"": 449.1372375488281, ""max"": 551.9367065429688}}",,
thread_pool,matmul,full,full,False,2,1,ok,0.071614,1.817716,,5.0923,5.1177,,"{""cpu_util_avg"": {""mean"": 53.384159, ""max"": 53.384159}, ""cpu_util_min"": {""mean"": 53.384159, ""max"": 53.384159}, ""cpu_util_max"": {""mean"": 53.384159, ""max"": 53.384159}, ""cpu_util_0"": {""mean"": 53.384159, ""max"": 53.384159}, ""cpu_util_1"": {""mean"": 53.384159, ""max"": 53.384159}, ""cpu_util_2"": {""mean"": 53.384159, ""max"": 53.384159}, ""cpu_util_3"": {""mean"": 53.384159, ""max"": 53.384159}, ""cpu_util_4"": {""mean"": 53.384159, ""max"": 53.384159}, ""cpu_util_5"": {""mean"": 53.384159, ""max"": 53.384159}, ""cpu_util_6"": {""mean"": 53.384159, ""max"": 53.384159}, ""cpu_util_7"": {""mean"": 53.384159, ""max"": 53.384159}, ""cpu_util_8"": {""mean"": 53.384159, ""max"": 53.384159}, ""cpu_util_9"": {""mean"": 53.384159, ""max"": 53.384159}, ""cpu_util_10"": {""mean"": 53.384159, ""max"": 53.384159}, ""cpu_util_11"": {""mean"": 53.384159, ""max"": 53.384159}, ""memory"": {""mean"": 0.568203, ""max"": 0.568203}, ""io_read_count"": {""mean"": 10890.368498, ""max"": 10890.368498}, ""io_write_count"": {""mean"": 20.01906, ""max"": 20.01906}, ""io_read"": {""mean"": 0.0, ""max"": 0.0}, ""io_write"": {""mean"": 0.0, ""max"": 0.0}, ""gpu_util_avg"": {""mean"": 0.0, ""max"": 0.0}, ""gpu_util_min"": {""mean"": 0.0, ""max"": 0.0}, ""gpu_util_max"": {""mean"": 0.0, ""max"": 0.0}, ""gpu_util_0"": {""mean"": 0.0, ""max"": 0.0}, ""gpu_band_avg"": {""mean"": 0.0, ""max"": 0.0}, ""gpu_band_min"": {""mean"": 0.0, ""max"": 0.0}, ""gpu_band_max"": {""mean"": 0.0, ""max"": 0.0}, ""gpu_band_0"": {""mean"": 0.0, ""max"": 0.0}, ""gpu_mem_avg"": {""mean"": 0.0, ""max"": 0.0}, ""gpu_mem_min"": {""mean"": 0.0, ""max"": 0.0}, ""gpu_mem_max"": {""mean"": 0.0, ""max"": 0.0}, ""gpu_mem_0"": {""mean"": 0.0, ""max"": 0.0}}","{""product"": {""kind"": ""array"", ""shape"": [2000, 2000], ""dtype"": ""torch.float32"", ""mean"": 499.9681091308594, ""std"": 9.687910079956055, ""min"": 455.65008544921875, ""max"": 548.8114624023438}}",,
thread_pool,matmul,fork,fork,False,2,2,timeout,,,,,15.0656,,{},{},,Exceeded the 15s budget and was killed.
thread_pool,matmul,full,full,False,3,0,ok,0.032364,1.50672,,4.5328,4.5503,,{},"{""product"": {""kind"": ""array"", ""shape"": [2000, 2000], ""dtype"": ""torch.float32"", ""mean"": 500.05670166015625, ""std"": 9.848936080932617, ""min"": 453.4990539550781, ""max"": 549.5835571289062}}",,
thread_pool,matmul,fork,fork,False,3,1,timeout,,,,,15.0545,,{},{},,Exceeded the 15s budget and was killed.
thread_pool,matmul,dill,dill,False,3,2,ok,0.040443,0.0,1.3974,4.4418,4.4517,,{},"{""product"": {""kind"": ""array"", ""shape"": [2000, 2000], ""dtype"": ""torch.float32"", ""mean"": 500.2527160644531, ""std"": 9.932838439941406, ""min"": 449.1372375488281, ""max"": 551.9367065429688}}",,
thread_pool,matmul,fork,fork,False,4,0,timeout,,,,,15.0548,,{},{},,Exceeded the 15s budget and was killed.
thread_pool,matmul,dill,dill,False,4,1,ok,0.045254,0.0,1.4651,4.5024,4.513,,{},"{""product"": {""kind"": ""array"", ""shape"": [2000, 2000], ""dtype"": ""torch.float32"", ""mean"": 500.2527160644531, ""std"": 9.932838439941406, ""min"": 449.1372375488281, ""max"": 551.9367065429688}}",,
thread_pool,matmul,full,full,False,4,2,ok,0.03064,1.520413,,4.595,4.6157,,"{""cpu_util_avg"": {""mean"": 56.751585, ""max"": 56.751585}, ""cpu_util_min"": {""mean"": 56.751585, ""max"": 56.751585}, ""cpu_util_max"": {""mean"": 56.751585, ""max"": 56.751585}, ""cpu_util_0"": {""mean"": 56.751585, ""max"": 56.751585}, ""cpu_util_1"": {""mean"": 56.751585, ""max"": 56.751585}, ""cpu_util_2"": {""mean"": 56.751585, ""max"": 56.751585}, ""cpu_util_3"": {""mean"": 56.751585, ""max"": 56.751585}, ""cpu_util_4"": {""mean"": 56.751585, ""max"": 56.751585}, ""cpu_util_5"": {""mean"": 56.751585, ""max"": 56.751585}, ""cpu_util_6"": {""mean"": 56.751585, ""max"": 56.751585}, ""cpu_util_7"": {""mean"": 56.751585, ""max"": 56.751585}, ""cpu_util_8"": {""mean"": 56.751585, ""max"": 56.751585}, ""cpu_util_9"": {""mean"": 56.751585, ""max"": 56.751585}, ""cpu_util_10"": {""mean"": 56.751585, ""max"": 56.751585}, ""cpu_util_11"": {""mean"": 56.751585, ""max"": 56.751585}, ""memory"": {""mean"": 0.567631, ""max"": 0.567631}, ""io_read_count"": {""mean"": 10896.304359, ""max"": 10896.304359}, ""io_write_count"": {""mean"": 20.029971, ""max"": 20.029971}, ""io_read"": {""mean"": 0.0, ""max"": 0.0}, ""io_write"": {""mean"": 0.0, ""max"": 0.0}, ""gpu_util_avg"": {""mean"": 0.0, ""max"": 0.0}, ""gpu_util_min"": {""mean"": 0.0, ""max"": 0.0}, ""gpu_util_max"": {""mean"": 0.0, ""max"": 0.0}, ""gpu_util_0"": {""mean"": 0.0, ""max"": 0.0}, ""gpu_band_avg"": {""mean"": 0.0, ""max"": 0.0}, ""gpu_band_min"": {""mean"": 0.0, ""max"": 0.0}, ""gpu_band_max"": {""mean"": 0.0, ""max"": 0.0}, ""gpu_band_0"": {""mean"": 0.0, ""max"": 0.0}, ""gpu_mem_avg"": {""mean"": 0.0, ""max"": 0.0}, ""gpu_mem_min"": {""mean"": 0.0, ""max"": 0.0}, ""gpu_mem_max"": {""mean"": 0.0, ""max"": 0.0}, ""gpu_mem_0"": {""mean"": 0.0, ""max"": 0.0}}","{""product"": {""kind"": ""array"", ""shape"": [2000, 2000], ""dtype"": ""torch.float32"", ""mean"": 500.0687255859375, ""std"": 9.891546249389648, ""min"": 452.8397216796875, ""max"": 550.3270263671875}}",,
thread_pool,matmul,dill,dill,False,5,0,ok,0.04098,0.0,1.5114,4.633,4.6436,,{},"{""product"": {""kind"": ""array"", ""shape"": [2000, 2000], ""dtype"": ""torch.float32"", ""mean"": 500.2527160644531, ""std"": 9.932838439941406, ""min"": 449.1372375488281, ""max"": 551.9367065429688}}",,
thread_pool,matmul,full,full,False,5,1,ok,0.037321,1.656447,,4.7539,4.7728,,{},"{""product"": {""kind"": ""array"", ""shape"": [2000, 2000], ""dtype"": ""torch.float32"", ""mean"": 500.1700134277344, ""std"": 9.863410949707031, ""min"": 454.5398254394531, ""max"": 549.9828491210938}}",,
thread_pool,matmul,fork,fork,False,5,2,timeout,,,,,15.0613,,{},{},,Exceeded the 15s budget and was killed.
thread_pool,matmul,full,full,False,6,0,ok,0.040841,1.616475,,4.7241,4.745,,"{""cpu_util_avg"": {""mean"": 56.681339, ""max"": 56.681339}, ""cpu_util_min"": {""mean"": 56.681339, ""max"": 56.681339}, ""cpu_util_max"": {""mean"": 56.681339, ""max"": 56.681339}, ""cpu_util_0"": {""mean"": 56.681339, ""max"": 56.681339}, ""cpu_util_1"": {""mean"": 56.681339, ""max"": 56.681339}, ""cpu_util_2"": {""mean"": 56.681339, ""max"": 56.681339}, ""cpu_util_3"": {""mean"": 56.681339, ""max"": 56.681339}, ""cpu_util_4"": {""mean"": 56.681339, ""max"": 56.681339}, ""cpu_util_5"": {""mean"": 56.681339, ""max"": 56.681339}, ""cpu_util_6"": {""mean"": 56.681339, ""max"": 56.681339}, ""cpu_util_7"": {""mean"": 56.681339, ""max"": 56.681339}, ""cpu_util_8"": {""mean"": 56.681339, ""max"": 56.681339}, ""cpu_util_9"": {""mean"": 56.681339, ""max"": 56.681339}, ""cpu_util_10"": {""mean"": 56.681339, ""max"": 56.681339}, ""cpu_util_11"": {""mean"": 56.681339, ""max"": 56.681339}, ""memory"": {""mean"": 0.568035, ""max"": 0.568035}, ""io_read_count"": {""mean"": 10882.817128, ""max"": 10882.817128}, ""io_write_count"": {""mean"": 20.005179, ""max"": 20.005179}, ""io_read"": {""mean"": 0.0, ""max"": 0.0}, ""io_write"": {""mean"": 0.0, ""max"": 0.0}, ""gpu_util_avg"": {""mean"": 0.0, ""max"": 0.0}, ""gpu_util_min"": {""mean"": 0.0, ""max"": 0.0}, ""gpu_util_max"": {""mean"": 0.0, ""max"": 0.0}, ""gpu_util_0"": {""mean"": 0.0, ""max"": 0.0}, ""gpu_band_avg"": {""mean"": 0.0, ""max"": 0.0}, ""gpu_band_min"": {""mean"": 0.0, ""max"": 0.0}, ""gpu_band_max"": {""mean"": 0.0, ""max"": 0.0}, ""gpu_band_0"": {""mean"": 0.0, ""max"": 0.0}, ""gpu_mem_avg"": {""mean"": 0.0, ""max"": 0.0}, ""gpu_mem_min"": {""mean"": 0.0, ""max"": 0.0}, ""gpu_mem_max"": {""mean"": 0.0, ""max"": 0.0}, ""gpu_mem_0"": {""mean"": 0.0, ""max"": 0.0}}","{""product"": {""kind"": ""array"", ""shape"": [2000, 2000], ""dtype"": ""torch.float32"", ""mean"": 499.96636962890625, ""std"": 9.700617790222168, ""min"": 449.88238525390625, ""max"": 547.427978515625}}",,
thread_pool,matmul,fork,fork,False,6,1,timeout,,,,,15.0586,,{},{},,Exceeded the 15s budget and was killed.
thread_pool,matmul,dill,dill,False,6,2,ok,0.040037,0.0,1.5345,5.1724,5.1901,,{},"{""product"": {""kind"": ""array"", ""shape"": [2000, 2000], ""dtype"": ""torch.float32"", ""mean"": 500.2527160644531, ""std"": 9.932838439941406, ""min"": 449.1372375488281, ""max"": 551.9367065429688}}",,
thread_pool,matmul,fork,fork,False,7,0,timeout,,,,,15.0744,,{},{},,Exceeded the 15s budget and was killed.
thread_pool,matmul,dill,dill,False,7,1,ok,0.035977,0.0,1.5345,4.804,4.8146,,{},"{""product"": {""kind"": ""array"", ""shape"": [2000, 2000], ""dtype"": ""torch.float32"", ""mean"": 500.2527160644531, ""std"": 9.932838439941406, ""min"": 449.1372375488281, ""max"": 551.9367065429688}}",,
thread_pool,matmul,full,full,False,7,2,ok,0.037235,1.644673,,5.0433,5.0704,,"{""cpu_util_avg"": {""mean"": 51.647704, ""max"": 51.647704}, ""cpu_util_min"": {""mean"": 51.647704, ""max"": 51.647704}, ""cpu_util_max"": {""mean"": 51.647704, ""max"": 51.647704}, ""cpu_util_0"": {""mean"": 51.647704, ""max"": 51.647704}, ""cpu_util_1"": {""mean"": 51.647704, ""max"": 51.647704}, ""cpu_util_2"": {""mean"": 51.647704, ""max"": 51.647704}, ""cpu_util_3"": {""mean"": 51.647704, ""max"": 51.647704}, ""cpu_util_4"": {""mean"": 51.647704, ""max"": 51.647704}, ""cpu_util_5"": {""mean"": 51.647704, ""max"": 51.647704}, ""cpu_util_6"": {""mean"": 51.647704, ""max"": 51.647704}, ""cpu_util_7"": {""mean"": 51.647704, ""max"": 51.647704}, ""cpu_util_8"": {""mean"": 51.647704, ""max"": 51.647704}, ""cpu_util_9"": {""mean"": 51.647704, ""max"": 51.647704}, ""cpu_util_10"": {""mean"": 51.647704, ""max"": 51.647704}, ""cpu_util_11"": {""mean"": 51.647704, ""max"": 51.647704}, ""memory"": {""mean"": 0.567486, ""max"": 0.567486}, ""io_read_count"": {""mean"": 10876.006762, ""max"": 10876.006762}, ""io_write_count"": {""mean"": 19.992659, ""max"": 19.992659}, ""io_read"": {""mean"": 0.0, ""max"": 0.0}, ""io_write"": {""mean"": 0.0, ""max"": 0.0}, ""gpu_util_avg"": {""mean"": 0.0, ""max"": 0.0}, ""gpu_util_min"": {""mean"": 0.0, ""max"": 0.0}, ""gpu_util_max"": {""mean"": 0.0, ""max"": 0.0}, ""gpu_util_0"": {""mean"": 0.0, ""max"": 0.0}, ""gpu_band_avg"": {""mean"": 0.0, ""max"": 0.0}, ""gpu_band_min"": {""mean"": 0.0, ""max"": 0.0}, ""gpu_band_max"": {""mean"": 0.0, ""max"": 0.0}, ""gpu_band_0"": {""mean"": 0.0, ""max"": 0.0}, ""gpu_mem_avg"": {""mean"": 0.0, ""max"": 0.0}, ""gpu_mem_min"": {""mean"": 0.0, ""max"": 0.0}, ""gpu_mem_max"": {""mean"": 0.0, ""max"": 0.0}, ""gpu_mem_0"": {""mean"": 0.0, ""max"": 0.0}}","{""product"": {""kind"": ""array"", ""shape"": [2000, 2000], ""dtype"": ""torch.float32"", ""mean"": 499.69769287109375, ""std"": 9.786556243896484, ""min"": 450.82562255859375, ""max"": 548.8570556640625}}",,
thread_pool,matmul,dill,dill,False,8,0,ok,0.04182,0.0,1.9495,5.7275,5.742,,{},"{""product"": {""kind"": ""array"", ""shape"": [2000, 2000], ""dtype"": ""torch.float32"", ""mean"": 500.2527160644531, ""std"": 9.932838439941406, ""min"": 449.1372375488281, ""max"": 551.9367065429688}}",,
thread_pool,matmul,full,full,False,8,1,ok,0.063,1.623883,,5.5709,5.6064,,"{""cpu_util_avg"": {""mean"": 56.734243, ""max"": 56.734243}, ""cpu_util_min"": {""mean"": 56.734243, ""max"": 56.734243}, ""cpu_util_max"": {""mean"": 56.734243, ""max"": 56.734243}, ""cpu_util_0"": {""mean"": 56.734243, ""max"": 56.734243}, ""cpu_util_1"": {""mean"": 56.734243, ""max"": 56.734243}, ""cpu_util_2"": {""mean"": 56.734243, ""max"": 56.734243}, ""cpu_util_3"": {""mean"": 56.734243, ""max"": 56.734243}, ""cpu_util_4"": {""mean"": 56.734243, ""max"": 56.734243}, ""cpu_util_5"": {""mean"": 56.734243, ""max"": 56.734243}, ""cpu_util_6"": {""mean"": 56.734243, ""max"": 56.734243}, ""cpu_util_7"": {""mean"": 56.734243, ""max"": 56.734243}, ""cpu_util_8"": {""mean"": 56.734243, ""max"": 56.734243}, ""cpu_util_9"": {""mean"": 56.734243, ""max"": 56.734243}, ""cpu_util_10"": {""mean"": 56.734243, ""max"": 56.734243}, ""cpu_util_11"": {""mean"": 56.734243, ""max"": 56.734243}, ""memory"": {""mean"": 0.567661, ""max"": 0.567661}, ""io_read_count"": {""mean"": 10892.974623, ""max"": 10892.974623}, ""io_write_count"": {""mean"": 20.02385, ""max"": 20.02385}, ""io_read"": {""mean"": 0.0, ""max"": 0.0}, ""io_write"": {""mean"": 0.0, ""max"": 0.0}, ""gpu_util_avg"": {""mean"": 0.0, ""max"": 0.0}, ""gpu_util_min"": {""mean"": 0.0, ""max"": 0.0}, ""gpu_util_max"": {""mean"": 0.0, ""max"": 0.0}, ""gpu_util_0"": {""mean"": 0.0, ""max"": 0.0}, ""gpu_band_avg"": {""mean"": 0.0, ""max"": 0.0}, ""gpu_band_min"": {""mean"": 0.0, ""max"": 0.0}, ""gpu_band_max"": {""mean"": 0.0, ""max"": 0.0}, ""gpu_band_0"": {""mean"": 0.0, ""max"": 0.0}, ""gpu_mem_avg"": {""mean"": 0.0, ""max"": 0.0}, ""gpu_mem_min"": {""mean"": 0.0, ""max"": 0.0}, ""gpu_mem_max"": {""mean"": 0.0, ""max"": 0.0}, ""gpu_mem_0"": {""mean"": 0.0, ""max"": 0.0}}","{""product"": {""kind"": ""array"", ""shape"": [2000, 2000], ""dtype"": ""torch.float32"", ""mean"": 499.88824462890625, ""std"": 9.780126571655273, ""min"": 455.4772644042969, ""max"": 553.1380615234375}}",,
thread_pool,matmul,fork,fork,False,8,2,timeout,,,,,15.0847,,{},{},,Exceeded the 15s budget and was killed.
thread_pool,matmul,full,full,False,9,0,ok,0.060682,3.02068,,7.6026,7.6307,,"{""cpu_util_avg"": {""mean"": 58.377284, ""max"": 58.377284}, ""cpu_util_min"": {""mean"": 58.377284, ""max"": 58.377284}, ""cpu_util_max"": {""mean"": 58.377284, ""max"": 58.377284}, ""cpu_util_0"": {""mean"": 58.377284, ""max"": 58.377284}, ""cpu_util_1"": {""mean"": 58.377284, ""max"": 58.377284}, ""cpu_util_2"": {""mean"": 58.377284, ""max"": 58.377284}, ""cpu_util_3"": {""mean"": 58.377284, ""max"": 58.377284}, ""cpu_util_4"": {""mean"": 58.377284, ""max"": 58.377284}, ""cpu_util_5"": {""mean"": 58.377284, ""max"": 58.377284}, ""cpu_util_6"": {""mean"": 58.377284, ""max"": 58.377284}, ""cpu_util_7"": {""mean"": 58.377284, ""max"": 58.377284}, ""cpu_util_8"": {""mean"": 58.377284, ""max"": 58.377284}, ""cpu_util_9"": {""mean"": 58.377284, ""max"": 58.377284}, ""cpu_util_10"": {""mean"": 58.377284, ""max"": 58.377284}, ""cpu_util_11"": {""mean"": 58.377284, ""max"": 58.377284}, ""memory"": {""mean"": 0.568798, ""max"": 0.568798}, ""io_read_count"": {""mean"": 10888.197502, ""max"": 10888.197502}, ""io_write_count"": {""mean"": 20.015069, ""max"": 20.015069}, ""io_read"": {""mean"": 0.0, ""max"": 0.0}, ""io_write"": {""mean"": 0.0, ""max"": 0.0}, ""gpu_util_avg"": {""mean"": 0.0, ""max"": 0.0}, ""gpu_util_min"": {""mean"": 0.0, ""max"": 0.0}, ""gpu_util_max"": {""mean"": 0.0, ""max"": 0.0}, ""gpu_util_0"": {""mean"": 0.0, ""max"": 0.0}, ""gpu_band_avg"": {""mean"": 0.0, ""max"": 0.0}, ""gpu_band_min"": {""mean"": 0.0, ""max"": 0.0}, ""gpu_band_max"": {""mean"": 0.0, ""max"": 0.0}, ""gpu_band_0"": {""mean"": 0.0, ""max"": 0.0}, ""gpu_mem_avg"": {""mean"": 0.0, ""max"": 0.0}, ""gpu_mem_min"": {""mean"": 0.0, ""max"": 0.0}, ""gpu_mem_max"": {""mean"": 0.0, ""max"": 0.0}, ""gpu_mem_0"": {""mean"": 0.0, ""max"": 0.0}}","{""product"": {""kind"": ""array"", ""shape"": [2000, 2000], ""dtype"": ""torch.float32"", ""mean"": 500.15679931640625, ""std"": 10.00205135345459, ""min"": 452.9232177734375, ""max"": 557.5511474609375}}",,
thread_pool,matmul,fork,fork,False,9,1,timeout,,,,,15.0668,,{},{},,Exceeded the 15s budget and was killed.
thread_pool,matmul,dill,dill,False,9,2,ok,0.041511,0.0,1.9548,5.5282,5.5408,,{},"{""product"": {""kind"": ""array"", ""shape"": [2000, 2000], ""dtype"": ""torch.float32"", ""mean"": 500.2527160644531, ""std"": 9.932838439941406, ""min"": 449.1372375488281, ""max"": 551.9367065429688}}",,
thread_pool,matmul,fork,fork,False,10,0,timeout,,,,,15.0565,,{},{},,Exceeded the 15s budget and was killed.
thread_pool,matmul,dill,dill,False,10,1,ok,0.042162,0.0,1.5805,4.8124,4.8245,,{},"{""product"": {""kind"": ""array"", ""shape"": [2000, 2000], ""dtype"": ""torch.float32"", ""mean"": 500.2527160644531, ""std"": 9.932838439941406, ""min"": 449.1372375488281, ""max"": 551.9367065429688}}",,
thread_pool,matmul,full,full,False,10,2,ok,0.047384,2.904447,,8.4265,8.4546,,"{""cpu_util_avg"": {""mean"": 53.333825, ""max"": 53.333825}, ""cpu_util_min"": {""mean"": 53.333825, ""max"": 53.333825}, ""cpu_util_max"": {""mean"": 53.333825, ""max"": 53.333825}, ""cpu_util_0"": {""mean"": 53.333825, ""max"": 53.333825}, ""cpu_util_1"": {""mean"": 53.333825, ""max"": 53.333825}, ""cpu_util_2"": {""mean"": 53.333825, ""max"": 53.333825}, ""cpu_util_3"": {""mean"": 53.333825, ""max"": 53.333825}, ""cpu_util_4"": {""mean"": 53.333825, ""max"": 53.333825}, ""cpu_util_5"": {""mean"": 53.333825, ""max"": 53.333825}, ""cpu_util_6"": {""mean"": 53.333825, ""max"": 53.333825}, ""cpu_util_7"": {""mean"": 53.333825, ""max"": 53.333825}, ""cpu_util_8"": {""mean"": 53.333825, ""max"": 53.333825}, ""cpu_util_9"": {""mean"": 53.333825, ""max"": 53.333825}, ""cpu_util_10"": {""mean"": 53.333825, ""max"": 53.333825}, ""cpu_util_11"": {""mean"": 53.333825, ""max"": 53.333825}, ""memory"": {""mean"": 0.56739, ""max"": 0.56739}, ""io_read_count"": {""mean"": 10880.100312, ""max"": 10880.100312}, ""io_write_count"": {""mean"": 20.000184, ""max"": 20.000184}, ""io_read"": {""mean"": 0.0, ""max"": 0.0}, ""io_write"": {""mean"": 0.0, ""max"": 0.0}, ""gpu_util_avg"": {""mean"": 0.0, ""max"": 0.0}, ""gpu_util_min"": {""mean"": 0.0, ""max"": 0.0}, ""gpu_util_max"": {""mean"": 0.0, ""max"": 0.0}, ""gpu_util_0"": {""mean"": 0.0, ""max"": 0.0}, ""gpu_band_avg"": {""mean"": 0.0, ""max"": 0.0}, ""gpu_band_min"": {""mean"": 0.0, ""max"": 0.0}, ""gpu_band_max"": {""mean"": 0.0, ""max"": 0.0}, ""gpu_band_0"": {""mean"": 0.0, ""max"": 0.0}, ""gpu_mem_avg"": {""mean"": 0.0, ""max"": 0.0}, ""gpu_mem_min"": {""mean"": 0.0, ""max"": 0.0}, ""gpu_mem_max"": {""mean"": 0.0, ""max"": 0.0}, ""gpu_mem_0"": {""mean"": 0.0, ""max"": 0.0}}","{""product"": {""kind"": ""array"", ""shape"": [2000, 2000], ""dtype"": ""torch.float32"", ""mean"": 499.7489929199219, ""std"": 9.61712646484375, ""min"": 453.3520812988281, ""max"": 551.7857055664062}}",,
jit_warmup,call,full,full,False,0,0,ok,0.001379,0.71042,,3.7364,3.7555,,{},"{""total"": {""kind"": ""scalar"", ""value"": 2000000999998.9998}}",,
jit_warmup,call,fork,fork,False,0,1,ok,0.007233,0.0,,0.2464,0.2844,,"{""cpu_util_avg"": {""mean"": 11.672665, ""max"": 11.672665}, ""cpu_util_min"": {""mean"": 11.672665, ""max"": 11.672665}, ""cpu_util_max"": {""mean"": 11.672665, ""max"": 11.672665}, ""cpu_util_0"": {""mean"": 11.672665, ""max"": 11.672665}, ""cpu_util_1"": {""mean"": 11.672665, ""max"": 11.672665}, ""cpu_util_2"": {""mean"": 11.672665, ""max"": 11.672665}, ""cpu_util_3"": {""mean"": 11.672665, ""max"": 11.672665}, ""cpu_util_4"": {""mean"": 11.672665, ""max"": 11.672665}, ""cpu_util_5"": {""mean"": 11.672665, ""max"": 11.672665}, ""cpu_util_6"": {""mean"": 11.672665, ""max"": 11.672665}, ""cpu_util_7"": {""mean"": 11.672665, ""max"": 11.672665}, ""cpu_util_8"": {""mean"": 11.672665, ""max"": 11.672665}, ""cpu_util_9"": {""mean"": 11.672665, ""max"": 11.672665}, ""cpu_util_10"": {""mean"": 11.672665, ""max"": 11.672665}, ""cpu_util_11"": {""mean"": 11.672665, ""max"": 11.672665}, ""memory"": {""mean"": 0.499969, ""max"": 0.499969}, ""io_read_count"": {""mean"": 6283.228702, ""max"": 6283.228702}, ""io_write_count"": {""mean"": 20.010282, ""max"": 20.010282}, ""io_read"": {""mean"": 0.0, ""max"": 0.0}, ""io_write"": {""mean"": 0.0, ""max"": 0.0}, ""gpu_util_avg"": {""mean"": 0.0, ""max"": 0.0}, ""gpu_util_min"": {""mean"": 0.0, ""max"": 0.0}, ""gpu_util_max"": {""mean"": 0.0, ""max"": 0.0}, ""gpu_util_0"": {""mean"": 0.0, ""max"": 0.0}, ""gpu_band_avg"": {""mean"": 0.0, ""max"": 0.0}, ""gpu_band_min"": {""mean"": 0.0, ""max"": 0.0}, ""gpu_band_max"": {""mean"": 0.0, ""max"": 0.0}, ""gpu_band_0"": {""mean"": 0.0, ""max"": 0.0}, ""gpu_mem_avg"": {""mean"": 0.0, ""max"": 0.0}, ""gpu_mem_min"": {""mean"": 0.0, ""max"": 0.0}, ""gpu_mem_max"": {""mean"": 0.0, ""max"": 0.0}, ""gpu_mem_0"": {""mean"": 0.0, ""max"": 0.0}}","{""total"": {""kind"": ""scalar"", ""value"": 2000000999998.9998}}",,
jit_warmup,call,dill,dill,False,0,2,ok,0.574276,0.0,0.2381,4.2791,4.3007,,"{""cpu_util_avg"": {""mean"": 22.448144636363637, ""max"": 111.184961}, ""cpu_util_min"": {""mean"": 22.448144636363637, ""max"": 111.184961}, ""cpu_util_max"": {""mean"": 22.448144636363637, ""max"": 111.184961}, ""cpu_util_0"": {""mean"": 22.448144636363637, ""max"": 111.184961}, ""cpu_util_1"": {""mean"": 22.448144636363637, ""max"": 111.184961}, ""cpu_util_2"": {""mean"": 22.448144636363637, ""max"": 111.184961}, ""cpu_util_3"": {""mean"": 22.448144636363637, ""max"": 111.184961}, ""cpu_util_4"": {""mean"": 22.448144636363637, ""max"": 111.184961}, ""cpu_util_5"": {""mean"": 22.448144636363637, ""max"": 111.184961}, ""cpu_util_6"": {""mean"": 22.448144636363637, ""max"": 111.184961}, ""cpu_util_7"": {""mean"": 22.448144636363637, ""max"": 111.184961}, ""cpu_util_8"": {""mean"": 22.448144636363637, ""max"": 111.184961}, ""cpu_util_9"": {""mean"": 22.448144636363637, ""max"": 111.184961}, ""cpu_util_10"": {""mean"": 22.448144636363637, ""max"": 111.184961}, ""cpu_util_11"": {""mean"": 22.448144636363637, ""max"": 111.184961}, ""memory"": {""mean"": 0.3265990909090909, ""max"": 0.344543}, ""io_read_count"": {""mean"": 10622.656860181816, ""max"": 13478.855382}, ""io_write_count"": {""mean"": 18.19131081818182, ""max"": 21.178088}, ""io_read"": {""mean"": 0.0, ""max"": 0.0}, ""io_write"": {""mean"": 0.0, ""max"": 0.0}, ""gpu_util_avg"": {""mean"": 0.0, ""max"": 0.0}, ""gpu_util_min"": {""mean"": 0.0, ""max"": 0.0}, ""gpu_util_max"": {""mean"": 0.0, ""max"": 0.0}, ""gpu_util_0"": {""mean"": 0.0, ""max"": 0.0}, ""gpu_band_avg"": {""mean"": 0.0, ""max"": 0.0}, ""gpu_band_min"": {""mean"": 0.0, ""max"": 0.0}, ""gpu_band_max"": {""mean"": 0.0, ""max"": 0.0}, ""gpu_band_0"": {""mean"": 0.0, ""max"": 0.0}, ""gpu_mem_avg"": {""mean"": 0.0, ""max"": 0.0}, ""gpu_mem_min"": {""mean"": 0.0, ""max"": 0.0}, ""gpu_mem_max"": {""mean"": 0.0, ""max"": 0.0}, ""gpu_mem_0"": {""mean"": 0.0, ""max"": 0.0}}","{""total"": {""kind"": ""scalar"", ""value"": 2000000999998.9998}}",,
jit_warmup,call,fork,fork,False,1,0,ok,0.002275,0.0,,0.1525,0.1695,,{},"{""total"": {""kind"": ""scalar"", ""value"": 2000000999998.9998}}",,
jit_warmup,call,dill,dill,False,1,1,ok,0.62474,0.0,0.2361,4.3887,4.4226,,"{""cpu_util_avg"": {""mean"": 20.006099499999998, ""max"": 91.768467}, ""cpu_util_min"": {""mean"": 20.006099499999998, ""max"": 91.768467}, ""cpu_util_max"": {""mean"": 20.006099499999998, ""max"": 91.768467}, ""cpu_util_0"": {""mean"": 20.006099499999998, ""max"": 91.768467}, ""cpu_util_1"": {""mean"": 20.006099499999998, ""max"": 91.768467}, ""cpu_util_2"": {""mean"": 20.006099499999998, ""max"": 91.768467}, ""cpu_util_3"": {""mean"": 20.006099499999998, ""max"": 91.768467}, ""cpu_util_4"": {""mean"": 20.006099499999998, ""max"": 91.768467}, ""cpu_util_5"": {""mean"": 20.006099499999998, ""max"": 91.768467}, ""cpu_util_6"": {""mean"": 20.006099499999998, ""max"": 91.768467}, ""cpu_util_7"": {""mean"": 20.006099499999998, ""max"": 91.768467}, ""cpu_util_8"": {""mean"": 20.006099499999998, ""max"": 91.768467}, ""cpu_util_9"": {""mean"": 20.006099499999998, ""max"": 91.768467}, ""cpu_util_10"": {""mean"": 20.006099499999998, ""max"": 91.768467}, ""cpu_util_11"": {""mean"": 20.006099499999998, ""max"": 91.768467}, ""memory"": {""mean"": 0.32845825, ""max"": 0.344368}, ""io_read_count"": {""mean"": 10698.482205333332, ""max"": 12358.763132}, ""io_write_count"": {""mean"": 18.333543083333335, ""max"": 20.028536}, ""io_read"": {""mean"": 0.0, ""max"": 0.0}, ""io_write"": {""mean"": 0.0, ""max"": 0.0}, ""gpu_util_avg"": {""mean"": 0.0, ""max"": 0.0}, ""gpu_util_min"": {""mean"": 0.0, ""max"": 0.0}, ""gpu_util_max"": {""mean"": 0.0, ""max"": 0.0}, ""gpu_util_0"": {""mean"": 0.0, ""max"": 0.0}, ""gpu_band_avg"": {""mean"": 0.0, ""max"": 0.0}, ""gpu_band_min"": {""mean"": 0.0, ""max"": 0.0}, ""gpu_band_max"": {""mean"": 0.0, ""max"": 0.0}, ""gpu_band_0"": {""mean"": 0.0, ""max"": 0.0}, ""gpu_mem_avg"": {""mean"": 0.0, ""max"": 0.0}, ""gpu_mem_min"": {""mean"": 0.0, ""max"": 0.0}, ""gpu_mem_max"": {""mean"": 0.0, ""max"": 0.0}, ""gpu_mem_0"": {""mean"": 0.0, ""max"": 0.0}}","{""total"": {""kind"": ""scalar"", ""value"": 2000000999998.9998}}",,
jit_warmup,call,full,full,False,1,2,ok,0.001479,0.839935,,4.407,4.4265,,{},"{""total"": {""kind"": ""scalar"", ""value"": 2000000999998.9998}}",,
jit_warmup,call,dill,dill,False,2,0,ok,0.532696,0.0,0.2969,4.1855,4.2058,,"{""cpu_util_avg"": {""mean"": 22.6588824, ""max"": 104.899563}, ""cpu_util_min"": {""mean"": 22.6588824, ""max"": 104.899563}, ""cpu_util_max"": {""mean"": 22.6588824, ""max"": 104.899563}, ""cpu_util_0"": {""mean"": 22.6588824, ""max"": 104.899563}, ""cpu_util_1"": {""mean"": 22.6588824, ""max"": 104.899563}, ""cpu_util_2"": {""mean"": 22.6588824, ""max"": 104.899563}, ""cpu_util_3"": {""mean"": 22.6588824, ""max"": 104.899563}, ""cpu_util_4"": {""mean"": 22.6588824, ""max"": 104.899563}, ""cpu_util_5"": {""mean"": 22.6588824, ""max"": 104.899563}, ""cpu_util_6"": {""mean"": 22.6588824, ""max"": 104.899563}, ""cpu_util_7"": {""mean"": 22.6588824, ""max"": 104.899563}, ""cpu_util_8"": {""mean"": 22.6588824, ""max"": 104.899563}, ""cpu_util_9"": {""mean"": 22.6588824, ""max"": 104.899563}, ""cpu_util_10"": {""mean"": 22.6588824, ""max"": 104.899563}, ""cpu_util_11"": {""mean"": 22.6588824, ""max"": 104.899563}, ""memory"": {""mean"": 0.32676249999999996, ""max"": 0.343987}, ""io_read_count"": {""mean"": 10617.3971383, ""max"": 13438.595933}, ""io_write_count"": {""mean"": 17.998966699999997, ""max"": 20.017344}, ""io_read"": {""mean"": 0.0, ""max"": 0.0}, ""io_write"": {""mean"": 0.0, ""max"": 0.0}, ""gpu_util_avg"": {""mean"": 0.0, ""max"": 0.0}, ""gpu_util_min"": {""mean"": 0.0, ""max"": 0.0}, ""gpu_util_max"": {""mean"": 0.0, ""max"": 0.0}, ""gpu_util_0"": {""mean"": 0.0, ""max"": 0.0}, ""gpu_band_avg"": {""mean"": 0.0, ""max"": 0.0}, ""gpu_band_min"": {""mean"": 0.0, ""max"": 0.0}, ""gpu_band_max"": {""mean"": 0.0, ""max"": 0.0}, ""gpu_band_0"": {""mean"": 0.0, ""max"": 0.0}, ""gpu_mem_avg"": {""mean"": 0.0, ""max"": 0.0}, ""gpu_mem_min"": {""mean"": 0.0, ""max"": 0.0}, ""gpu_mem_max"": {""mean"": 0.0, ""max"": 0.0}, ""gpu_mem_0"": {""mean"": 0.0, ""max"": 0.0}}","{""total"": {""kind"": ""scalar"", ""value"": 2000000999998.9998}}",,
jit_warmup,call,full,full,False,2,1,ok,0.00143,0.809163,,4.2112,4.2279,,{},"{""total"": {""kind"": ""scalar"", ""value"": 2000000999998.9998}}",,
jit_warmup,call,fork,fork,False,2,2,ok,0.002194,0.0,,0.152,0.168,,{},"{""total"": {""kind"": ""scalar"", ""value"": 2000000999998.9998}}",,
jit_warmup,call,full,full,False,3,0,ok,0.001344,0.712136,,3.6085,3.6245,,{},"{""total"": {""kind"": ""scalar"", ""value"": 2000000999998.9998}}",,
jit_warmup,call,fork,fork,False,3,1,ok,0.002463,0.0,,0.1513,0.1689,,{},"{""total"": {""kind"": ""scalar"", ""value"": 2000000999998.9998}}",,
jit_warmup,call,dill,dill,False,3,2,ok,0.503324,0.0,0.2108,3.7148,3.7356,,"{""cpu_util_avg"": {""mean"": 23.0129392, ""max"": 104.612542}, ""cpu_util_min"": {""mean"": 23.0129392, ""max"": 104.612542}, ""cpu_util_max"": {""mean"": 23.0129392, ""max"": 104.612542}, ""cpu_util_0"": {""mean"": 23.0129392, ""max"": 104.612542}, ""cpu_util_1"": {""mean"": 23.0129392, ""max"": 104.612542}, ""cpu_util_2"": {""mean"": 23.0129392, ""max"": 104.612542}, ""cpu_util_3"": {""mean"": 23.0129392, ""max"": 104.612542}, ""cpu_util_4"": {""mean"": 23.0129392, ""max"": 104.612542}, ""cpu_util_5"": {""mean"": 23.0129392, ""max"": 104.612542}, ""cpu_util_6"": {""mean"": 23.0129392, ""max"": 104.612542}, ""cpu_util_7"": {""mean"": 23.0129392, ""max"": 104.612542}, ""cpu_util_8"": {""mean"": 23.0129392, ""max"": 104.612542}, ""cpu_util_9"": {""mean"": 23.0129392, ""max"": 104.612542}, ""cpu_util_10"": {""mean"": 23.0129392, ""max"": 104.612542}, ""cpu_util_11"": {""mean"": 23.0129392, ""max"": 104.612542}, ""memory"": {""mean"": 0.3282059, ""max"": 0.347664}, ""io_read_count"": {""mean"": 10615.8992954, ""max"": 13567.33423}, ""io_write_count"": {""mean"": 18.0161022, ""max"": 21.277127}, ""io_read"": {""mean"": 0.0, ""max"": 0.0}, ""io_write"": {""mean"": 0.0, ""max"": 0.0}, ""gpu_util_avg"": {""mean"": 0.0, ""max"": 0.0}, ""gpu_util_min"": {""mean"": 0.0, ""max"": 0.0}, ""gpu_util_max"": {""mean"": 0.0, ""max"": 0.0}, ""gpu_util_0"": {""mean"": 0.0, ""max"": 0.0}, ""gpu_band_avg"": {""mean"": 0.0, ""max"": 0.0}, ""gpu_band_min"": {""mean"": 0.0, ""max"": 0.0}, ""gpu_band_max"": {""mean"": 0.0, ""max"": 0.0}, ""gpu_band_0"": {""mean"": 0.0, ""max"": 0.0}, ""gpu_mem_avg"": {""mean"": 0.0, ""max"": 0.0}, ""gpu_mem_min"": {""mean"": 0.0, ""max"": 0.0}, ""gpu_mem_max"": {""mean"": 0.0, ""max"": 0.0}, ""gpu_mem_0"": {""mean"": 0.0, ""max"": 0.0}}","{""total"": {""kind"": ""scalar"", ""value"": 2000000999998.9998}}",,
jit_warmup,call,fork,fork,False,4,0,ok,0.002317,0.0,,0.1494,0.1662,,{},"{""total"": {""kind"": ""scalar"", ""value"": 2000000999998.9998}}",,
jit_warmup,call,dill,dill,False,4,1,ok,0.460316,0.0,0.1883,3.4974,3.5159,,"{""cpu_util_avg"": {""mean"": 24.031469555555553, ""max"": 81.202715}, ""cpu_util_min"": {""mean"": 24.031469555555553, ""max"": 81.202715}, ""cpu_util_max"": {""mean"": 24.031469555555553, ""max"": 81.202715}, ""cpu_util_0"": {""mean"": 24.031469555555553, ""max"": 81.202715}, ""cpu_util_1"": {""mean"": 24.031469555555553, ""max"": 81.202715}, ""cpu_util_2"": {""mean"": 24.031469555555553, ""max"": 81.202715}, ""cpu_util_3"": {""mean"": 24.031469555555553, ""max"": 81.202715}, ""cpu_util_4"": {""mean"": 24.031469555555553, ""max"": 81.202715}, ""cpu_util_5"": {""mean"": 24.031469555555553, ""max"": 81.202715}, ""cpu_util_6"": {""mean"": 24.031469555555553, ""max"": 81.202715}, ""cpu_util_7"": {""mean"": 24.031469555555553, ""max"": 81.202715}, ""cpu_util_8"": {""mean"": 24.031469555555553, ""max"": 81.202715}, ""cpu_util_9"": {""mean"": 24.031469555555553, ""max"": 81.202715}, ""cpu_util_10"": {""mean"": 24.031469555555553, ""max"": 81.202715}, ""cpu_util_11"": {""mean"": 24.031469555555553, ""max"": 81.202715}, ""memory"": {""mean"": 0.3275548888888889, ""max"": 0.34573}, ""io_read_count"": {""mean"": 10555.22089211111, ""max"": 13701.360276}, ""io_write_count"": {""mean"": 17.780285444444445, ""max"": 20.543265}, ""io_read"": {""mean"": 0.0, ""max"": 0.0}, ""io_write"": {""mean"": 0.0, ""max"": 0.0}, ""gpu_util_avg"": {""mean"": 0.0, ""max"": 0.0}, ""gpu_util_min"": {""mean"": 0.0, ""max"": 0.0}, ""gpu_util_max"": {""mean"": 0.0, ""max"": 0.0}, ""gpu_util_0"": {""mean"": 0.0, ""max"": 0.0}, ""gpu_band_avg"": {""mean"": 0.0, ""max"": 0.0}, ""gpu_band_min"": {""mean"": 0.0, ""max"": 0.0}, ""gpu_band_max"": {""mean"": 0.0, ""max"": 0.0}, ""gpu_band_0"": {""mean"": 0.0, ""max"": 0.0}, ""gpu_mem_avg"": {""mean"": 0.0, ""max"": 0.0}, ""gpu_mem_min"": {""mean"": 0.0, ""max"": 0.0}, ""gpu_mem_max"": {""mean"": 0.0, ""max"": 0.0}, ""gpu_mem_0"": {""mean"": 0.0, ""max"": 0.0}}","{""total"": {""kind"": ""scalar"", ""value"": 2000000999998.9998}}",,
jit_warmup,call,full,full,False,4,2,ok,0.001459,0.719799,,3.608,3.624,,{},"{""total"": {""kind"": ""scalar"", ""value"": 2000000999998.9998}}",,
jit_warmup,call,dill,dill,False,5,0,ok,0.48438,0.0,0.201,3.7751,3.7933,,"{""cpu_util_avg"": {""mean"": 24.502321, ""max"": 85.758441}, ""cpu_util_min"": {""mean"": 24.502321, ""max"": 85.758441}, ""cpu_util_max"": {""mean"": 24.502321, ""max"": 85.758441}, ""cpu_util_0"": {""mean"": 24.502321, ""max"": 85.758441}, ""cpu_util_1"": {""mean"": 24.502321, ""max"": 85.758441}, ""cpu_util_2"": {""mean"": 24.502321, ""max"": 85.758441}, ""cpu_util_3"": {""mean"": 24.502321, ""max"": 85.758441}, ""cpu_util_4"": {""mean"": 24.502321, ""max"": 85.758441}, ""cpu_util_5"": {""mean"": 24.502321, ""max"": 85.758441}, ""cpu_util_6"": {""mean"": 24.502321, ""max"": 85.758441}, ""cpu_util_7"": {""mean"": 24.502321, ""max"": 85.758441}, ""cpu_util_8"": {""mean"": 24.502321, ""max"": 85.758441}, ""cpu_util_9"": {""mean"": 24.502321, ""max"": 85.758441}, ""cpu_util_10"": {""mean"": 24.502321, ""max"": 85.758441}, ""cpu_util_11"": {""mean"": 24.502321, ""max"": 85.758441}, ""memory"": {""mean"": 0.3269301111111111, ""max"": 0.343952}, ""io_read_count"": {""mean"": 10578.931467777778, ""max"": 13607.005976}, ""io_write_count"": {""mean"": 17.848813777777778, ""max"": 22.868918}, ""io_read"": {""mean"": 0.0, ""max"": 0.0}, ""io_write"": {""mean"": 0.0, ""max"": 0.0}, ""gpu_util_avg"": {""mean"": 0.0, ""max"": 0.0}, ""gpu_util_min"": {""mean"": 0.0, ""max"": 0.0}, ""gpu_util_max"": {""mean"": 0.0, ""max"": 0.0}, ""gpu_util_0"": {""mean"": 0.0, ""max"": 0.0}, ""gpu_band_avg"": {""mean"": 0.0, ""max"": 0.0}, ""gpu_band_min"": {""mean"": 0.0, ""max"": 0.0}, ""gpu_band_max"": {""mean"": 0.0, ""max"": 0.0}, ""gpu_band_0"": {""mean"": 0.0, ""max"": 0.0}, ""gpu_mem_avg"": {""mean"": 0.0, ""max"": 0.0}, ""gpu_mem_min"": {""mean"": 0.0, ""max"": 0.0}, ""gpu_mem_max"": {""mean"": 0.0, ""max"": 0.0}, ""gpu_mem_0"": {""mean"": 0.0, ""max"": 0.0}}","{""total"": {""kind"": ""scalar"", ""value"": 2000000999998.9998}}",,
jit_warmup,call,full,full,False,5,1,ok,0.00148,0.761434,,3.7484,3.7651,,{},"{""total"": {""kind"": ""scalar"", ""value"": 2000000999998.9998}}",,
jit_warmup,call,fork,fork,False,5,2,ok,0.002217,0.0,,0.154,0.17,,{},"{""total"": {""kind"": ""scalar"", ""value"": 2000000999998.9998}}",,
jit_warmup,call,full,full,False,6,0,ok,0.001444,0.729969,,3.7299,3.7472,,{},"{""total"": {""kind"": ""scalar"", ""value"": 2000000999998.9998}}",,
jit_warmup,call,fork,fork,False,6,1,ok,0.002292,0.0,,0.158,0.1747,,{},"{""total"": {""kind"": ""scalar"", ""value"": 2000000999998.9998}}",,
jit_warmup,call,dill,dill,False,6,2,ok,0.483332,0.0,0.2135,3.6784,3.6964,,"{""cpu_util_avg"": {""mean"": 24.41212544444444, ""max"": 85.838535}, ""cpu_util_min"": {""mean"": 24.41212544444444, ""max"": 85.838535}, ""cpu_util_max"": {""mean"": 24.41212544444444, ""max"": 85.838535}, ""cpu_util_0"": {""mean"": 24.41212544444444, ""max"": 85.838535}, ""cpu_util_1"": {""mean"": 24.41212544444444, ""max"": 85.838535}, ""cpu_util_2"": {""mean"": 24.41212544444444, ""max"": 85.838535}, ""cpu_util_3"": {""mean"": 24.41212544444444, ""max"": 85.838535}, ""cpu_util_4"": {""mean"": 24.41212544444444, ""max"": 85.838535}, ""cpu_util_5"": {""mean"": 24.41212544444444, ""max"": 85.838535}, ""cpu_util_6"": {""mean"": 24.41212544444444, ""max"": 85.838535}, ""cpu_util_7"": {""mean"": 24.41212544444444, ""max"": 85.838535}, ""cpu_util_8"": {""mean"": 24.41212544444444, ""max"": 85.838535}, ""cpu_util_9"": {""mean"": 24.41212544444444, ""max"": 85.838535}, ""cpu_util_10"": {""mean"": 24.41212544444444, ""max"": 85.838535}, ""cpu_util_11"": {""mean"": 24.41212544444444, ""max"": 85.838535}, ""memory"": {""mean"": 0.326605, ""max"": 0.343803}, ""io_read_count"": {""mean"": 10565.40599677778, ""max"": 13487.586232}, ""io_write_count"": {""mean"": 17.800259666666665, ""max"": 21.459634}, ""io_read"": {""mean"": 0.0, ""max"": 0.0}, ""io_write"": {""mean"": 0.0, ""max"": 0.0}, ""gpu_util_avg"": {""mean"": 0.0, ""max"": 0.0}, ""gpu_util_min"": {""mean"": 0.0, ""max"": 0.0}, ""gpu_util_max"": {""mean"": 0.0, ""max"": 0.0}, ""gpu_util_0"": {""mean"": 0.0, ""max"": 0.0}, ""gpu_band_avg"": {""mean"": 0.0, ""max"": 0.0}, ""gpu_band_min"": {""mean"": 0.0, ""max"": 0.0}, ""gpu_band_max"": {""mean"": 0.0, ""max"": 0.0}, ""gpu_band_0"": {""mean"": 0.0, ""max"": 0.0}, ""gpu_mem_avg"": {""mean"": 0.0, ""max"": 0.0}, ""gpu_mem_min"": {""mean"": 0.0, ""max"": 0.0}, ""gpu_mem_max"": {""mean"": 0.0, ""max"": 0.0}, ""gpu_mem_0"": {""mean"": 0.0, ""max"": 0.0}}","{""total"": {""kind"": ""scalar"", ""value"": 2000000999998.9998}}",,
jit_warmup,call,fork,fork,False,7,0,ok,0.002404,0.0,,0.1584,0.1766,,"{""cpu_util_avg"": {""mean"": 11.674886, ""max"": 11.674886}, ""cpu_util_min"": {""mean"": 11.674886, ""max"": 11.674886}, ""cpu_util_max"": {""mean"": 11.674886, ""max"": 11.674886}, ""cpu_util_0"": {""mean"": 11.674886, ""max"": 11.674886}, ""cpu_util_1"": {""mean"": 11.674886, ""max"": 11.674886}, ""cpu_util_2"": {""mean"": 11.674886, ""max"": 11.674886}, ""cpu_util_3"": {""mean"": 11.674886, ""max"": 11.674886}, ""cpu_util_4"": {""mean"": 11.674886, ""max"": 11.674886}, ""cpu_util_5"": {""mean"": 11.674886, ""max"": 11.674886}, ""cpu_util_6"": {""mean"": 11.674886, ""max"": 11.674886}, ""cpu_util_7"": {""mean"": 11.674886, ""max"": 11.674886}, ""cpu_util_8"": {""mean"": 11.674886, ""max"": 11.674886}, ""cpu_util_9"": {""mean"": 11.674886, ""max"": 11.674886}, ""cpu_util_10"": {""mean"": 11.674886, ""max"": 11.674886}, ""cpu_util_11"": {""mean"": 11.674886, ""max"": 11.674886}, ""memory"": {""mean"": 0.500946, ""max"": 0.500946}, ""io_read_count"": {""mean"": 6284.424361, ""max"": 6284.424361}, ""io_write_count"": {""mean"": 20.01409, ""max"": 20.01409}, ""io_read"": {""mean"": 0.0, ""max"": 0.0}, ""io_write"": {""mean"": 0.0, ""max"": 0.0}, ""gpu_util_avg"": {""mean"": 0.0, ""max"": 0.0}, ""gpu_util_min"": {""mean"": 0.0, ""max"": 0.0}, ""gpu_util_max"": {""mean"": 0.0, ""max"": 0.0}, ""gpu_util_0"": {""mean"": 0.0, ""max"": 0.0}, ""gpu_band_avg"": {""mean"": 0.0, ""max"": 0.0}, ""gpu_band_min"": {""mean"": 0.0, ""max"": 0.0}, ""gpu_band_max"": {""mean"": 0.0, ""max"": 0.0}, ""gpu_band_0"": {""mean"": 0.0, ""max"": 0.0}, ""gpu_mem_avg"": {""mean"": 0.0, ""max"": 0.0}, ""gpu_mem_min"": {""mean"": 0.0, ""max"": 0.0}, ""gpu_mem_max"": {""mean"": 0.0, ""max"": 0.0}, ""gpu_mem_0"": {""mean"": 0.0, ""max"": 0.0}}","{""total"": {""kind"": ""scalar"", ""value"": 2000000999998.9998}}",,
jit_warmup,call,dill,dill,False,7,1,ok,0.468274,0.0,0.2014,3.5539,3.5762,,"{""cpu_util_avg"": {""mean"": 24.830272555555556, ""max"": 78.195598}, ""cpu_util_min"": {""mean"": 24.830272555555556, ""max"": 78.195598}, ""cpu_util_max"": {""mean"": 24.830272555555556, ""max"": 78.195598}, ""cpu_util_0"": {""mean"": 24.830272555555556, ""max"": 78.195598}, ""cpu_util_1"": {""mean"": 24.830272555555556, ""max"": 78.195598}, ""cpu_util_2"": {""mean"": 24.830272555555556, ""max"": 78.195598}, ""cpu_util_3"": {""mean"": 24.830272555555556, ""max"": 78.195598}, ""cpu_util_4"": {""mean"": 24.830272555555556, ""max"": 78.195598}, ""cpu_util_5"": {""mean"": 24.830272555555556, ""max"": 78.195598}, ""cpu_util_6"": {""mean"": 24.830272555555556, ""max"": 78.195598}, ""cpu_util_7"": {""mean"": 24.830272555555556, ""max"": 78.195598}, ""cpu_util_8"": {""mean"": 24.830272555555556, ""max"": 78.195598}, ""cpu_util_9"": {""mean"": 24.830272555555556, ""max"": 78.195598}, ""cpu_util_10"": {""mean"": 24.830272555555556, ""max"": 78.195598}, ""cpu_util_11"": {""mean"": 24.830272555555556, ""max"": 78.195598}, ""memory"": {""mean"": 0.3273826666666666, ""max"": 0.344975}, ""io_read_count"": {""mean"": 10540.298476333332, ""max"": 13514.348028}, ""io_write_count"": {""mean"": 17.785581444444443, ""max"": 20.852159}, ""io_read"": {""mean"": 0.0, ""max"": 0.0}, ""io_write"": {""mean"": 0.0, ""max"": 0.0}, ""gpu_util_avg"": {""mean"": 0.0, ""max"": 0.0}, ""gpu_util_min"": {""mean"": 0.0, ""max"": 0.0}, ""gpu_util_max"": {""mean"": 0.0, ""max"": 0.0}, ""gpu_util_0"": {""mean"": 0.0, ""max"": 0.0}, ""gpu_band_avg"": {""mean"": 0.0, ""max"": 0.0}, ""gpu_band_min"": {""mean"": 0.0, ""max"": 0.0}, ""gpu_band_max"": {""mean"": 0.0, ""max"": 0.0}, ""gpu_band_0"": {""mean"": 0.0, ""max"": 0.0}, ""gpu_mem_avg"": {""mean"": 0.0, ""max"": 0.0}, ""gpu_mem_min"": {""mean"": 0.0, ""max"": 0.0}, ""gpu_mem_max"": {""mean"": 0.0, ""max"": 0.0}, ""gpu_mem_0"": {""mean"": 0.0, ""max"": 0.0}}","{""total"": {""kind"": ""scalar"", ""value"": 2000000999998.9998}}",,
jit_warmup,call,full,full,False,7,2,ok,0.00138,0.702391,,3.5285,3.5451,,{},"{""total"": {""kind"": ""scalar"", ""value"": 2000000999998.9998}}",,
jit_warmup,call,dill,dill,False,8,0,ok,0.473377,0.0,0.2172,3.6299,3.649,,"{""cpu_util_avg"": {""mean"": 24.722430888888887, ""max"": 87.801181}, ""cpu_util_min"": {""mean"": 24.722430888888887, ""max"": 87.801181}, ""cpu_util_max"": {""mean"": 24.722430888888887, ""max"": 87.801181}, ""cpu_util_0"": {""mean"": 24.722430888888887, ""max"": 87.801181}, ""cpu_util_1"": {""mean"": 24.722430888888887, ""max"": 87.801181}, ""cpu_util_2"": {""mean"": 24.722430888888887, ""max"": 87.801181}, ""cpu_util_3"": {""mean"": 24.722430888888887, ""max"": 87.801181}, ""cpu_util_4"": {""mean"": 24.722430888888887, ""max"": 87.801181}, ""cpu_util_5"": {""mean"": 24.722430888888887, ""max"": 87.801181}, ""cpu_util_6"": {""mean"": 24.722430888888887, ""max"": 87.801181}, ""cpu_util_7"": {""mean"": 24.722430888888887, ""max"": 87.801181}, ""cpu_util_8"": {""mean"": 24.722430888888887, ""max"": 87.801181}, ""cpu_util_9"": {""mean"": 24.722430888888887, ""max"": 87.801181}, ""cpu_util_10"": {""mean"": 24.722430888888887, ""max"": 87.801181}, ""cpu_util_11"": {""mean"": 24.722430888888887, ""max"": 87.801181}, ""memory"": {""mean"": 0.3267727777777778, ""max"": 0.344215}, ""io_read_count"": {""mean"": 10528.751498222222, ""max"": 13554.786197}, ""io_write_count"": {""mean"": 17.79007711111111, ""max"": 21.072283}, ""io_read"": {""mean"": 0.0, ""max"": 0.0}, ""io_write"": {""mean"": 0.0, ""max"": 0.0}, ""gpu_util_avg"": {""mean"": 0.0, ""max"": 0.0}, ""gpu_util_min"": {""mean"": 0.0, ""max"": 0.0}, ""gpu_util_max"": {""mean"": 0.0, ""max"": 0.0}, ""gpu_util_0"": {""mean"": 0.0, ""max"": 0.0}, ""gpu_band_avg"": {""mean"": 0.0, ""max"": 0.0}, ""gpu_band_min"": {""mean"": 0.0, ""max"": 0.0}, ""gpu_band_max"": {""mean"": 0.0, ""max"": 0.0}, ""gpu_band_0"": {""mean"": 0.0, ""max"": 0.0}, ""gpu_mem_avg"": {""mean"": 0.0, ""max"": 0.0}, ""gpu_mem_min"": {""mean"": 0.0, ""max"": 0.0}, ""gpu_mem_max"": {""mean"": 0.0, ""max"": 0.0}, ""gpu_mem_0"": {""mean"": 0.0, ""max"": 0.0}}","{""total"": {""kind"": ""scalar"", ""value"": 2000000999998.9998}}",,
jit_warmup,call,full,full,False,8,1,ok,0.001364,0.701587,,3.5556,3.5715,,{},"{""total"": {""kind"": ""scalar"", ""value"": 2000000999998.9998}}",,
jit_warmup,call,fork,fork,False,8,2,ok,0.002175,0.0,,0.1573,0.1777,,"{""cpu_util_avg"": {""mean"": 9.99815, ""max"": 9.99815}, ""cpu_util_min"": {""mean"": 9.99815, ""max"": 9.99815}, ""cpu_util_max"": {""mean"": 9.99815, ""max"": 9.99815}, ""cpu_util_0"": {""mean"": 9.99815, ""max"": 9.99815}, ""cpu_util_1"": {""mean"": 9.99815, ""max"": 9.99815}, ""cpu_util_2"": {""mean"": 9.99815, ""max"": 9.99815}, ""cpu_util_3"": {""mean"": 9.99815, ""max"": 9.99815}, ""cpu_util_4"": {""mean"": 9.99815, ""max"": 9.99815}, ""cpu_util_5"": {""mean"": 9.99815, ""max"": 9.99815}, ""cpu_util_6"": {""mean"": 9.99815, ""max"": 9.99815}, ""cpu_util_7"": {""mean"": 9.99815, ""max"": 9.99815}, ""cpu_util_8"": {""mean"": 9.99815, ""max"": 9.99815}, ""cpu_util_9"": {""mean"": 9.99815, ""max"": 9.99815}, ""cpu_util_10"": {""mean"": 9.99815, ""max"": 9.99815}, ""cpu_util_11"": {""mean"": 9.99815, ""max"": 9.99815}, ""memory"": {""mean"": 0.686653, ""max"": 0.686653}, ""io_read_count"": {""mean"": 6278.838415, ""max"": 6278.838415}, ""io_write_count"": {""mean"": 19.996301, ""max"": 19.996301}, ""io_read"": {""mean"": 0.0, ""max"": 0.0}, ""io_write"": {""mean"": 0.0, ""max"": 0.0}, ""gpu_util_avg"": {""mean"": 0.0, ""max"": 0.0}, ""gpu_util_min"": {""mean"": 0.0, ""max"": 0.0}, ""gpu_util_max"": {""mean"": 0.0, ""max"": 0.0}, ""gpu_util_0"": {""mean"": 0.0, ""max"": 0.0}, ""gpu_band_avg"": {""mean"": 0.0, ""max"": 0.0}, ""gpu_band_min"": {""mean"": 0.0, ""max"": 0.0}, ""gpu_band_max"": {""mean"": 0.0, ""max"": 0.0}, ""gpu_band_0"": {""mean"": 0.0, ""max"": 0.0}, ""gpu_mem_avg"": {""mean"": 0.0, ""max"": 0.0}, ""gpu_mem_min"": {""mean"": 0.0, ""max"": 0.0}, ""gpu_mem_max"": {""mean"": 0.0, ""max"": 0.0}, ""gpu_mem_0"": {""mean"": 0.0, ""max"": 0.0}}","{""total"": {""kind"": ""scalar"", ""value"": 2000000999998.9998}}",,
jit_warmup,call,full,full,False,9,0,ok,0.001513,0.72955,,3.7333,3.7502,,{},"{""total"": {""kind"": ""scalar"", ""value"": 2000000999998.9998}}",,
jit_warmup,call,fork,fork,False,9,1,ok,0.002218,0.0,,0.1489,0.1652,,{},"{""total"": {""kind"": ""scalar"", ""value"": 2000000999998.9998}}",,
jit_warmup,call,dill,dill,False,9,2,ok,0.490773,0.0,0.2019,3.6296,3.6481,,"{""cpu_util_avg"": {""mean"": 24.474403, ""max"": 93.718297}, ""cpu_util_min"": {""mean"": 24.474403, ""max"": 93.718297}, ""cpu_util_max"": {""mean"": 24.474403, ""max"": 93.718297}, ""cpu_util_0"": {""mean"": 24.474403, ""max"": 93.718297}, ""cpu_util_1"": {""mean"": 24.474403, ""max"": 93.718297}, ""cpu_util_2"": {""mean"": 24.474403, ""max"": 93.718297}, ""cpu_util_3"": {""mean"": 24.474403, ""max"": 93.718297}, ""cpu_util_4"": {""mean"": 24.474403, ""max"": 93.718297}, ""cpu_util_5"": {""mean"": 24.474403, ""max"": 93.718297}, ""cpu_util_6"": {""mean"": 24.474403, ""max"": 93.718297}, ""cpu_util_7"": {""mean"": 24.474403, ""max"": 93.718297}, ""cpu_util_8"": {""mean"": 24.474403, ""max"": 93.718297}, ""cpu_util_9"": {""mean"": 24.474403, ""max"": 93.718297}, ""cpu_util_10"": {""mean"": 24.474403, ""max"": 93.718297}, ""cpu_util_11"": {""mean"": 24.474403, ""max"": 93.718297}, ""memory"": {""mean"": 0.32642233333333337, ""max"": 0.342129}, ""io_read_count"": {""mean"": 10556.187282222221, ""max"": 13556.087716}, ""io_write_count"": {""mean"": 17.79081466666667, ""max"": 21.219237}, ""io_read"": {""mean"": 0.0, ""max"": 0.0}, ""io_write"": {""mean"": 0.0, ""max"": 0.0}, ""gpu_util_avg"": {""mean"": 0.0, ""max"": 0.0}, ""gpu_util_min"": {""mean"": 0.0, ""max"": 0.0}, ""gpu_util_max"": {""mean"": 0.0, ""max"": 0.0}, ""gpu_util_0"": {""mean"": 0.0, ""max"": 0.0}, ""gpu_band_avg"": {""mean"": 0.0, ""max"": 0.0}, ""gpu_band_min"": {""mean"": 0.0, ""max"": 0.0}, ""gpu_band_max"": {""mean"": 0.0, ""max"": 0.0}, ""gpu_band_0"": {""mean"": 0.0, ""max"": 0.0}, ""gpu_mem_avg"": {""mean"": 0.0, ""max"": 0.0}, ""gpu_mem_min"": {""mean"": 0.0, ""max"": 0.0}, ""gpu_mem_max"": {""mean"": 0.0, ""max"": 0.0}, ""gpu_mem_0"": {""mean"": 0.0, ""max"": 0.0}}","{""total"": {""kind"": ""scalar"", ""value"": 2000000999998.9998}}",,
jit_warmup,call,fork,fork,False,10,0,ok,0.002362,0.0,,0.1514,0.1679,,{},"{""total"": {""kind"": ""scalar"", ""value"": 2000000999998.9998}}",,
jit_warmup,call,dill,dill,False,10,1,ok,0.485675,0.0,0.211,3.7154,3.7352,,"{""cpu_util_avg"": {""mean"": 24.424535, ""max"": 104.393406}, ""cpu_util_min"": {""mean"": 24.424535, ""max"": 104.393406}, ""cpu_util_max"": {""mean"": 24.424535, ""max"": 104.393406}, ""cpu_util_0"": {""mean"": 24.424535, ""max"": 104.393406}, ""cpu_util_1"": {""mean"": 24.424535, ""max"": 104.393406}, ""cpu_util_2"": {""mean"": 24.424535, ""max"": 104.393406}, ""cpu_util_3"": {""mean"": 24.424535, ""max"": 104.393406}, ""cpu_util_4"": {""mean"": 24.424535, ""max"": 104.393406}, ""cpu_util_5"": {""mean"": 24.424535, ""max"": 104.393406}, ""cpu_util_6"": {""mean"": 24.424535, ""max"": 104.393406}, ""cpu_util_7"": {""mean"": 24.424535, ""max"": 104.393406}, ""cpu_util_8"": {""mean"": 24.424535, ""max"": 104.393406}, ""cpu_util_9"": {""mean"": 24.424535, ""max"": 104.393406}, ""cpu_util_10"": {""mean"": 24.424535, ""max"": 104.393406}, ""cpu_util_11"": {""mean"": 24.424535, ""max"": 104.393406}, ""memory"": {""mean"": 0.32670566666666667, ""max"": 0.343945}, ""io_read_count"": {""mean"": 10557.741966555557, ""max"": 13636.070078}, ""io_write_count"": {""mean"": 17.781548666666666, ""max"": 20.536408}, ""io_read"": {""mean"": 0.0, ""max"": 0.0}, ""io_write"": {""mean"": 0.0, ""max"": 0.0}, ""gpu_util_avg"": {""mean"": 0.0, ""max"": 0.0}, ""gpu_util_min"": {""mean"": 0.0, ""max"": 0.0}, ""gpu_util_max"": {""mean"": 0.0, ""max"": 0.0}, ""gpu_util_0"": {""mean"": 0.0, ""max"": 0.0}, ""gpu_band_avg"": {""mean"": 0.0, ""max"": 0.0}, ""gpu_band_min"": {""mean"": 0.0, ""max"": 0.0}, ""gpu_band_max"": {""mean"": 0.0, ""max"": 0.0}, ""gpu_band_0"": {""mean"": 0.0, ""max"": 0.0}, ""gpu_mem_avg"": {""mean"": 0.0, ""max"": 0.0}, ""gpu_mem_min"": {""mean"": 0.0, ""max"": 0.0}, ""gpu_mem_max"": {""mean"": 0.0, ""max"": 0.0}, ""gpu_mem_0"": {""mean"": 0.0, ""max"": 0.0}}","{""total"": {""kind"": ""scalar"", ""value"": 2000000999998.9998}}",,
jit_warmup,call,full,full,False,10,2,ok,0.001522,0.789593,,3.7715,3.789,,{},"{""total"": {""kind"": ""scalar"", ""value"": 2000000999998.9998}}",,
import_heavy,sum,full,full,False,0,0,ok,0.000357,0.817344,,3.5457,3.5636,,{},"{""total"": {""kind"": ""scalar"", ""value"": 499999500000.0}}",,
import_heavy,sum,fork,fork,False,0,1,ok,0.000741,0.0,,0.1842,0.201,,{},"{""total"": {""kind"": ""scalar"", ""value"": 499999500000.0}}",,
import_heavy,sum,dill,dill,False,0,2,ok,0.000477,0.0,0.7552,3.551,3.5619,,{},"{""total"": {""kind"": ""scalar"", ""value"": 499999500000.0}}","[JUmPER]: restoring the dill checkpoint takes 0.7552s against the 0.8057s the prefix itself took, so this mode is saving little: a restore re-imports every module the prefix imported. The two figures exclude what both modes pay anyway (interpreter start, monitoring) and the one-off cost of writing the checkpoint. Consider --replay-mode full.",
import_heavy,sum,fork,fork,False,1,0,ok,0.0007,0.0,,0.1534,0.1701,,{},"{""total"": {""kind"": ""scalar"", ""value"": 499999500000.0}}",,
import_heavy,sum,dill,dill,False,1,1,ok,0.000446,0.0,0.7565,3.812,3.8222,,{},"{""total"": {""kind"": ""scalar"", ""value"": 499999500000.0}}",,
import_heavy,sum,full,full,False,1,2,ok,0.000362,0.798591,,3.5829,3.6015,,{},"{""total"": {""kind"": ""scalar"", ""value"": 499999500000.0}}",,
import_heavy,sum,dill,dill,False,2,0,ok,0.000488,0.0,0.8372,3.8435,3.8555,,{},"{""total"": {""kind"": ""scalar"", ""value"": 499999500000.0}}",,
import_heavy,sum,full,full,False,2,1,ok,0.000383,0.833187,,3.8167,3.8351,,{},"{""total"": {""kind"": ""scalar"", ""value"": 499999500000.0}}",,
import_heavy,sum,fork,fork,False,2,2,ok,0.000794,0.0,,0.1704,0.1876,,{},"{""total"": {""kind"": ""scalar"", ""value"": 499999500000.0}}",,
import_heavy,sum,full,full,False,3,0,ok,0.000386,0.928203,,3.846,3.8635,,{},"{""total"": {""kind"": ""scalar"", ""value"": 499999500000.0}}",,
import_heavy,sum,fork,fork,False,3,1,ok,0.000705,0.0,,0.1604,0.1768,,{},"{""total"": {""kind"": ""scalar"", ""value"": 499999500000.0}}",,
import_heavy,sum,dill,dill,False,3,2,ok,0.000495,0.0,0.7712,3.6783,3.6886,,{},"{""total"": {""kind"": ""scalar"", ""value"": 499999500000.0}}",,
import_heavy,sum,fork,fork,False,4,0,ok,0.000707,0.0,,0.1612,0.177,,{},"{""total"": {""kind"": ""scalar"", ""value"": 499999500000.0}}",,
import_heavy,sum,dill,dill,False,4,1,ok,0.000471,0.0,0.7506,3.6305,3.6409,,{},"{""total"": {""kind"": ""scalar"", ""value"": 499999500000.0}}",,
import_heavy,sum,full,full,False,4,2,ok,0.000347,0.815693,,3.5807,3.5981,,{},"{""total"": {""kind"": ""scalar"", ""value"": 499999500000.0}}",,
import_heavy,sum,dill,dill,False,5,0,ok,0.000491,0.0,0.7342,3.5693,3.5793,,{},"{""total"": {""kind"": ""scalar"", ""value"": 499999500000.0}}",,
import_heavy,sum,full,full,False,5,1,ok,0.000272,0.830134,,3.6633,3.6812,,{},"{""total"": {""kind"": ""scalar"", ""value"": 499999500000.0}}",,
import_heavy,sum,fork,fork,False,5,2,ok,0.000694,0.0,,0.1583,0.1747,,{},"{""total"": {""kind"": ""scalar"", ""value"": 499999500000.0}}",,
import_heavy,sum,full,full,False,6,0,ok,0.000349,0.787666,,3.649,3.6695,,{},"{""total"": {""kind"": ""scalar"", ""value"": 499999500000.0}}",,
import_heavy,sum,fork,fork,False,6,1,ok,0.002051,0.0,,0.1801,0.1998,,{},"{""total"": {""kind"": ""scalar"", ""value"": 499999500000.0}}",,
import_heavy,sum,dill,dill,False,6,2,ok,0.00049,0.0,0.9712,4.3444,4.3602,,{},"{""total"": {""kind"": ""scalar"", ""value"": 499999500000.0}}",,
import_heavy,sum,fork,fork,False,7,0,ok,0.001698,0.0,,0.1735,0.1913,,{},"{""total"": {""kind"": ""scalar"", ""value"": 499999500000.0}}",,
import_heavy,sum,dill,dill,False,7,1,ok,0.000582,0.0,0.8293,3.9669,3.979,,{},"{""total"": {""kind"": ""scalar"", ""value"": 499999500000.0}}",,
import_heavy,sum,full,full,False,7,2,ok,0.000406,0.793908,,3.6031,3.6203,,{},"{""total"": {""kind"": ""scalar"", ""value"": 499999500000.0}}",,
import_heavy,sum,dill,dill,False,8,0,ok,0.000499,0.0,0.7524,3.6078,3.6196,,{},"{""total"": {""kind"": ""scalar"", ""value"": 499999500000.0}}",,
import_heavy,sum,full,full,False,8,1,ok,0.00039,0.800437,,3.6037,3.6204,,{},"{""total"": {""kind"": ""scalar"", ""value"": 499999500000.0}}",,
import_heavy,sum,fork,fork,False,8,2,ok,0.000699,0.0,,0.1538,0.1692,,{},"{""total"": {""kind"": ""scalar"", ""value"": 499999500000.0}}",,
import_heavy,sum,full,full,False,9,0,ok,0.000397,0.799939,,3.562,3.5783,,{},"{""total"": {""kind"": ""scalar"", ""value"": 499999500000.0}}",,
import_heavy,sum,fork,fork,False,9,1,ok,0.00068,0.0,,0.1616,0.1776,,{},"{""total"": {""kind"": ""scalar"", ""value"": 499999500000.0}}",,
import_heavy,sum,dill,dill,False,9,2,ok,0.000534,0.0,0.7818,3.7489,3.7596,,{},"{""total"": {""kind"": ""scalar"", ""value"": 499999500000.0}}",,
import_heavy,sum,fork,fork,False,10,0,ok,0.000715,0.0,,0.1586,0.1744,,{},"{""total"": {""kind"": ""scalar"", ""value"": 499999500000.0}}",,
import_heavy,sum,dill,dill,False,10,1,ok,0.000488,0.0,0.7633,3.6852,3.6958,,{},"{""total"": {""kind"": ""scalar"", ""value"": 499999500000.0}}",,
import_heavy,sum,full,full,False,10,2,ok,0.000389,0.890822,,4.1049,4.1238,,{},"{""total"": {""kind"": ""scalar"", ""value"": 499999500000.0}}",,
fat_state,sum,full,full,False,0,0,ok,0.01519,0.295931,,3.6222,3.6428,,"{""cpu_util_avg"": {""mean"": 11.663893, ""max"": 11.663893}, ""cpu_util_min"": {""mean"": 11.663893, ""max"": 11.663893}, ""cpu_util_max"": {""mean"": 11.663893, ""max"": 11.663893}, ""cpu_util_0"": {""mean"": 11.663893, ""max"": 11.663893}, ""cpu_util_1"": {""mean"": 11.663893, ""max"": 11.663893}, ""cpu_util_2"": {""mean"": 11.663893, ""max"": 11.663893}, ""cpu_util_3"": {""mean"": 11.663893, ""max"": 11.663893}, ""cpu_util_4"": {""mean"": 11.663893, ""max"": 11.663893}, ""cpu_util_5"": {""mean"": 11.663893, ""max"": 11.663893}, ""cpu_util_6"": {""mean"": 11.663893, ""max"": 11.663893}, ""cpu_util_7"": {""mean"": 11.663893, ""max"": 11.663893}, ""cpu_util_8"": {""mean"": 11.663893, ""max"": 11.663893}, ""cpu_util_9"": {""mean"": 11.663893, ""max"": 11.663893}, ""cpu_util_10"": {""mean"": 11.663893, ""max"": 11.663893}, ""cpu_util_11"": {""mean"": 11.663893, ""max"": 11.663893}, ""memory"": {""mean"": 0.509087, ""max"": 0.509087}, ""io_read_count"": {""mean"": 10877.413571, ""max"": 10877.413571}, ""io_write_count"": {""mean"": 19.995246, ""max"": 19.995246}, ""io_read"": {""mean"": 0.0, ""max"": 0.0}, ""io_write"": {""mean"": 0.0, ""max"": 0.0}, ""gpu_util_avg"": {""mean"": 0.0, ""max"": 0.0}, ""gpu_util_min"": {""mean"": 0.0, ""max"": 0.0}, ""gpu_util_max"": {""mean"": 0.0, ""max"": 0.0}, ""gpu_util_0"": {""mean"": 0.0, ""max"": 0.0}, ""gpu_band_avg"": {""mean"": 0.0, ""max"": 0.0}, ""gpu_band_min"": {""mean"": 0.0, ""max"": 0.0}, ""gpu_band_max"": {""mean"": 0.0, ""max"": 0.0}, ""gpu_band_0"": {""mean"": 0.0, ""max"": 0.0}, ""gpu_mem_avg"": {""mean"": 0.0, ""max"": 0.0}, ""gpu_mem_min"": {""mean"": 0.0, ""max"": 0.0}, ""gpu_mem_max"": {""mean"": 0.0, ""max"": 0.0}, ""gpu_mem_0"": {""mean"": 0.0, ""max"": 0.0}}","{""total"": {""kind"": ""scalar"", ""value"": 19998054.402563646}}",,
fat_state,sum,fork,fork,False,0,1,ok,0.052599,0.0,,0.2751,0.294,,"{""cpu_util_avg"": {""mean"": 8.330672, ""max"": 8.330672}, ""cpu_util_min"": {""mean"": 8.330672, ""max"": 8.330672}, ""cpu_util_max"": {""mean"": 8.330672, ""max"": 8.330672}, ""cpu_util_0"": {""mean"": 8.330672, ""max"": 8.330672}, ""cpu_util_1"": {""mean"": 8.330672, ""max"": 8.330672}, ""cpu_util_2"": {""mean"": 8.330672, ""max"": 8.330672}, ""cpu_util_3"": {""mean"": 8.330672, ""max"": 8.330672}, ""cpu_util_4"": {""mean"": 8.330672, ""max"": 8.330672}, ""cpu_util_5"": {""mean"": 8.330672, ""max"": 8.330672}, ""cpu_util_6"": {""mean"": 8.330672, ""max"": 8.330672}, ""cpu_util_7"": {""mean"": 8.330672, ""max"": 8.330672}, ""cpu_util_8"": {""mean"": 8.330672, ""max"": 8.330672}, ""cpu_util_9"": {""mean"": 8.330672, ""max"": 8.330672}, ""cpu_util_10"": {""mean"": 8.330672, ""max"": 8.330672}, ""cpu_util_11"": {""mean"": 8.330672, ""max"": 8.330672}, ""memory"": {""mean"": 1.083561, ""max"": 1.083561}, ""io_read_count"": {""mean"": 10936.506004, ""max"": 10936.506004}, ""io_write_count"": {""mean"": 19.993612, ""max"": 19.993612}, ""io_read"": {""mean"": 0.0, ""max"": 0.0}, ""io_write"": {""mean"": 0.0, ""max"": 0.0}, ""gpu_util_avg"": {""mean"": 0.0, ""max"": 0.0}, ""gpu_util_min"": {""mean"": 0.0, ""max"": 0.0}, ""gpu_util_max"": {""mean"": 0.0, ""max"": 0.0}, ""gpu_util_0"": {""mean"": 0.0, ""max"": 0.0}, ""gpu_band_avg"": {""mean"": 0.0, ""max"": 0.0}, ""gpu_band_min"": {""mean"": 0.0, ""max"": 0.0}, ""gpu_band_max"": {""mean"": 0.0, ""max"": 0.0}, ""gpu_band_0"": {""mean"": 0.0, ""max"": 0.0}, ""gpu_mem_avg"": {""mean"": 0.0, ""max"": 0.0}, ""gpu_mem_min"": {""mean"": 0.0, ""max"": 0.0}, ""gpu_mem_max"": {""mean"": 0.0, ""max"": 0.0}, ""gpu_mem_0"": {""mean"": 0.0, ""max"": 0.0}}","{""total"": {""kind"": ""scalar"", ""value"": 19998054.402563646}}",,
fat_state,sum,dill,dill,False,0,2,ok,0.014341,0.0,0.3929,3.3363,3.3506,,{},"{""total"": {""kind"": ""scalar"", ""value"": 19998054.402563646}}",,
fat_state,sum,fork,fork,False,1,0,ok,0.070297,0.0,,0.2312,0.2495,,"{""cpu_util_avg"": {""mean"": 10.002134, ""max"": 10.003927}, ""cpu_util_min"": {""mean"": 10.002134, ""max"": 10.003927}, ""cpu_util_max"": {""mean"": 10.002134, ""max"": 10.003927}, ""cpu_util_0"": {""mean"": 10.002134, ""max"": 10.003927}, ""cpu_util_1"": {""mean"": 10.002134, ""max"": 10.003927}, ""cpu_util_2"": {""mean"": 10.002134, ""max"": 10.003927}, ""cpu_util_3"": {""mean"": 10.002134, ""max"": 10.003927}, ""cpu_util_4"": {""mean"": 10.002134, ""max"": 10.003927}, ""cpu_util_5"": {""mean"": 10.002134, ""max"": 10.003927}, ""cpu_util_6"": {""mean"": 10.002134, ""max"": 10.003927}, ""cpu_util_7"": {""mean"": 10.002134, ""max"": 10.003927}, ""cpu_util_8"": {""mean"": 10.002134, ""max"": 10.003927}, ""cpu_util_9"": {""mean"": 10.002134, ""max"": 10.003927}, ""cpu_util_10"": {""mean"": 10.002134, ""max"": 10.003927}, ""cpu_util_11"": {""mean"": 10.002134, ""max"": 10.003927}, ""memory"": {""mean"": 1.0844155, ""max"": 1.08466}, ""io_read_count"": {""mean"": 10942.334458500001, ""max"": 10944.295856}, ""io_write_count"": {""mean"": 20.0042675, ""max"": 20.007853}, ""io_read"": {""mean"": 0.0, ""max"": 0.0}, ""io_write"": {""mean"": 0.0, ""max"": 0.0}, ""gpu_util_avg"": {""mean"": 0.0, ""max"": 0.0}, ""gpu_util_min"": {""mean"": 0.0, ""max"": 0.0}, ""gpu_util_max"": {""mean"": 0.0, ""max"": 0.0}, ""gpu_util_0"": {""mean"": 0.0, ""max"": 0.0}, ""gpu_band_avg"": {""mean"": 0.0, ""max"": 0.0}, ""gpu_band_min"": {""mean"": 0.0, ""max"": 0.0}, ""gpu_band_max"": {""mean"": 0.0, ""max"": 0.0}, ""gpu_band_0"": {""mean"": 0.0, ""max"": 0.0}, ""gpu_mem_avg"": {""mean"": 0.0, ""max"": 0.0}, ""gpu_mem_min"": {""mean"": 0.0, ""max"": 0.0}, ""gpu_mem_max"": {""mean"": 0.0, ""max"": 0.0}, ""gpu_mem_0"": {""mean"": 0.0, ""max"": 0.0}}","{""total"": {""kind"": ""scalar"", ""value"": 19998054.402563646}}",,
fat_state,sum,dill,dill,False,1,1,ok,0.015331,0.0,0.3978,3.2758,3.286,,{},"{""total"": {""kind"": ""scalar"", ""value"": 19998054.402563646}}",,
fat_state,sum,full,full,False,1,2,ok,0.017268,0.492845,,3.4551,3.4865,,"{""cpu_util_avg"": {""mean"": 9.999706, ""max"": 9.999706}, ""cpu_util_min"": {""mean"": 9.999706, ""max"": 9.999706}, ""cpu_util_max"": {""mean"": 9.999706, ""max"": 9.999706}, ""cpu_util_0"": {""mean"": 9.999706, ""max"": 9.999706}, ""cpu_util_1"": {""mean"": 9.999706, ""max"": 9.999706}, ""cpu_util_2"": {""mean"": 9.999706, ""max"": 9.999706}, ""cpu_util_3"": {""mean"": 9.999706, ""max"": 9.999706}, ""cpu_util_4"": {""mean"": 9.999706, ""max"": 9.999706}, ""cpu_util_5"": {""mean"": 9.999706, ""max"": 9.999706}, ""cpu_util_6"": {""mean"": 9.999706, ""max"": 9.999706}, ""cpu_util_7"": {""mean"": 9.999706, ""max"": 9.999706}, ""cpu_util_8"": {""mean"": 9.999706, ""max"": 9.999706}, ""cpu_util_9"": {""mean"": 9.999706, ""max"": 9.999706}, ""cpu_util_10"": {""mean"": 9.999706, ""max"": 9.999706}, ""cpu_util_11"": {""mean"": 9.999706, ""max"": 9.999706}, ""memory"": {""mean"": 0.509319, ""max"": 0.509319}, ""io_read_count"": {""mean"": 10879.680139, ""max"": 10879.680139}, ""io_write_count"": {""mean"": 19.999412, ""max"": 19.999412}, ""io_read"": {""mean"": 0.0, ""max"": 0.0}, ""io_write"": {""mean"": 0.0, ""max"": 0.0}, ""gpu_util_avg"": {""mean"": 0.0, ""max"": 0.0}, ""gpu_util_min"": {""mean"": 0.0, ""max"": 0.0}, ""gpu_util_max"": {""mean"": 0.0, ""max"": 0.0}, ""gpu_util_0"": {""mean"": 0.0, ""max"": 0.0}, ""gpu_band_avg"": {""mean"": 0.0, ""max"": 0.0}, ""gpu_band_min"": {""mean"": 0.0, ""max"": 0.0}, ""gpu_band_max"": {""mean"": 0.0, ""max"": 0.0}, ""gpu_band_0"": {""mean"": 0.0, ""max"": 0.0}, ""gpu_mem_avg"": {""mean"": 0.0, ""max"": 0.0}, ""gpu_mem_min"": {""mean"": 0.0, ""max"": 0.0}, ""gpu_mem_max"": {""mean"": 0.0, ""max"": 0.0}, ""gpu_mem_0"": {""mean"": 0.0, ""max"": 0.0}}","{""total"": {""kind"": ""scalar"", ""value"": 19998054.402563646}}",,
fat_state,sum,dill,dill,False,2,0,ok,0.0149,0.0,0.1808,3.1725,3.1837,,{},"{""total"": {""kind"": ""scalar"", ""value"": 19998054.402563646}}",,
fat_state,sum,full,full,False,2,1,ok,0.015029,0.4435,,3.483,3.5057,,"{""cpu_util_avg"": {""mean"": 8.323499, ""max"": 8.323499}, ""cpu_util_min"": {""mean"": 8.323499, ""max"": 8.323499}, ""cpu_util_max"": {""mean"": 8.323499, ""max"": 8.323499}, ""cpu_util_0"": {""mean"": 8.323499, ""max"": 8.323499}, ""cpu_util_1"": {""mean"": 8.323499, ""max"": 8.323499}, ""cpu_util_2"": {""mean"": 8.323499, ""max"": 8.323499}, ""cpu_util_3"": {""mean"": 8.323499, ""max"": 8.323499}, ""cpu_util_4"": {""mean"": 8.323499, ""max"": 8.323499}, ""cpu_util_5"": {""mean"": 8.323499, ""max"": 8.323499}, ""cpu_util_6"": {""mean"": 8.323499, ""max"": 8.323499}, ""cpu_util_7"": {""mean"": 8.323499, ""max"": 8.323499}, ""cpu_util_8"": {""mean"": 8.323499, ""max"": 8.323499}, ""cpu_util_9"": {""mean"": 8.323499, ""max"": 8.323499}, ""cpu_util_10"": {""mean"": 8.323499, ""max"": 8.323499}, ""cpu_util_11"": {""mean"": 8.323499, ""max"": 8.323499}, ""memory"": {""mean"": 0.50882, ""max"": 0.50882}, ""io_read_count"": {""mean"": 10867.160886, ""max"": 10867.160886}, ""io_write_count"": {""mean"": 19.976399, ""max"": 19.976399}, ""io_read"": {""mean"": 0.0, ""max"": 0.0}, ""io_write"": {""mean"": 0.0, ""max"": 0.0}, ""gpu_util_avg"": {""mean"": 0.0, ""max"": 0.0}, ""gpu_util_min"": {""mean"": 0.0, ""max"": 0.0}, ""gpu_util_max"": {""mean"": 0.0, ""max"": 0.0}, ""gpu_util_0"": {""mean"": 0.0, ""max"": 0.0}, ""gpu_band_avg"": {""mean"": 0.0, ""max"": 0.0}, ""gpu_band_min"": {""mean"": 0.0, ""max"": 0.0}, ""gpu_band_max"": {""mean"": 0.0, ""max"": 0.0}, ""gpu_band_0"": {""mean"": 0.0, ""max"": 0.0}, ""gpu_mem_avg"": {""mean"": 0.0, ""max"": 0.0}, ""gpu_mem_min"": {""mean"": 0.0, ""max"": 0.0}, ""gpu_mem_max"": {""mean"": 0.0, ""max"": 0.0}, ""gpu_mem_0"": {""mean"": 0.0, ""max"": 0.0}}","{""total"": {""kind"": ""scalar"", ""value"": 19998054.402563646}}",,
fat_state,sum,fork,fork,False,2,2,ok,0.026112,0.0,,0.1887,0.2045,,{},"{""total"": {""kind"": ""scalar"", ""value"": 19998054.402563646}}",,
fat_state,sum,full,full,False,3,0,ok,0.014438,0.44346,,3.3774,3.3988,,"{""cpu_util_avg"": {""mean"": 9.996774, ""max"": 9.996774}, ""cpu_util_min"": {""mean"": 9.996774, ""max"": 9.996774}, ""cpu_util_max"": {""mean"": 9.996774, ""max"": 9.996774}, ""cpu_util_0"": {""mean"": 9.996774, ""max"": 9.996774}, ""cpu_util_1"": {""mean"": 9.996774, ""max"": 9.996774}, ""cpu_util_2"": {""mean"": 9.996774, ""max"": 9.996774}, ""cpu_util_3"": {""mean"": 9.996774, ""max"": 9.996774}, ""cpu_util_4"": {""mean"": 9.996774, ""max"": 9.996774}, ""cpu_util_5"": {""mean"": 9.996774, ""max"": 9.996774}, ""cpu_util_6"": {""mean"": 9.996774, ""max"": 9.996774}, ""cpu_util_7"": {""mean"": 9.996774, ""max"": 9.996774}, ""cpu_util_8"": {""mean"": 9.996774, ""max"": 9.996774}, ""cpu_util_9"": {""mean"": 9.996774, ""max"": 9.996774}, ""cpu_util_10"": {""mean"": 9.996774, ""max"": 9.996774}, ""cpu_util_11"": {""mean"": 9.996774, ""max"": 9.996774}, ""memory"": {""mean"": 0.509235, ""max"": 0.509235}, ""io_read_count"": {""mean"": 10876.49037, ""max"": 10876.49037}, ""io_write_count"": {""mean"": 19.993548, ""max"": 19.993548}, ""io_read"": {""mean"": 0.0, ""max"": 0.0}, ""io_write"": {""mean"": 0.0, ""max"": 0.0}, ""gpu_util_avg"": {""mean"": 0.0, ""max"": 0.0}, ""gpu_util_min"": {""mean"": 0.0, ""max"": 0.0}, ""gpu_util_max"": {""mean"": 0.0, ""max"": 0.0}, ""gpu_util_0"": {""mean"": 0.0, ""max"": 0.0}, ""gpu_band_avg"": {""mean"": 0.0, ""max"": 0.0}, ""gpu_band_min"": {""mean"": 0.0, ""max"": 0.0}, ""gpu_band_max"": {""mean"": 0.0, ""max"": 0.0}, ""gpu_band_0"": {""mean"": 0.0, ""max"": 0.0}, ""gpu_mem_avg"": {""mean"": 0.0, ""max"": 0.0}, ""gpu_mem_min"": {""mean"": 0.0, ""max"": 0.0}, ""gpu_mem_max"": {""mean"": 0.0, ""max"": 0.0}, ""gpu_mem_0"": {""mean"": 0.0, ""max"": 0.0}}","{""total"": {""kind"": ""scalar"", ""value"": 19998054.402563646}}",,
fat_state,sum,fork,fork,False,3,1,ok,0.025729,0.0,,0.1842,0.2032,,"{""cpu_util_avg"": {""mean"": 8.332542, ""max"": 8.332542}, ""cpu_util_min"": {""mean"": 8.332542, ""max"": 8.332542}, ""cpu_util_max"": {""mean"": 8.332542, ""max"": 8.332542}, ""cpu_util_0"": {""mean"": 8.332542, ""max"": 8.332542}, ""cpu_util_1"": {""mean"": 8.332542, ""max"": 8.332542}, ""cpu_util_2"": {""mean"": 8.332542, ""max"": 8.332542}, ""cpu_util_3"": {""mean"": 8.332542, ""max"": 8.332542}, ""cpu_util_4"": {""mean"": 8.332542, ""max"": 8.332542}, ""cpu_util_5"": {""mean"": 8.332542, ""max"": 8.332542}, ""cpu_util_6"": {""mean"": 8.332542, ""max"": 8.332542}, ""cpu_util_7"": {""mean"": 8.332542, ""max"": 8.332542}, ""cpu_util_8"": {""mean"": 8.332542, ""max"": 8.332542}, ""cpu_util_9"": {""mean"": 8.332542, ""max"": 8.332542}, ""cpu_util_10"": {""mean"": 8.332542, ""max"": 8.332542}, ""cpu_util_11"": {""mean"": 8.332542, ""max"": 8.332542}, ""memory"": {""mean"": 1.084297, ""max"": 1.084297}, ""io_read_count"": {""mean"": 10938.9608, ""max"": 10938.9608}, ""io_write_count"": {""mean"": 19.9981, ""max"": 19.9981}, ""io_read"": {""mean"": 0.0, ""max"": 0.0}, ""io_write"": {""mean"": 0.0, ""max"": 0.0}, ""gpu_util_avg"": {""mean"": 0.0, ""max"": 0.0}, ""gpu_util_min"": {""mean"": 0.0, ""max"": 0.0}, ""gpu_util_max"": {""mean"": 0.0, ""max"": 0.0}, ""gpu_util_0"": {""mean"": 0.0, ""max"": 0.0}, ""gpu_band_avg"": {""mean"": 0.0, ""max"": 0.0}, ""gpu_band_min"": {""mean"": 0.0, ""max"": 0.0}, ""gpu_band_max"": {""mean"": 0.0, ""max"": 0.0}, ""gpu_band_0"": {""mean"": 0.0, ""max"": 0.0}, ""gpu_mem_avg"": {""mean"": 0.0, ""max"": 0.0}, ""gpu_mem_min"": {""mean"": 0.0, ""max"": 0.0}, ""gpu_mem_max"": {""mean"": 0.0, ""max"": 0.0}, ""gpu_mem_0"": {""mean"": 0.0, ""max"": 0.0}}","{""total"": {""kind"": ""scalar"", ""value"": 19998054.402563646}}",,
fat_state,sum,dill,dill,False,3,2,ok,0.014572,0.0,0.1956,3.0055,3.0163,,{},"{""total"": {""kind"": ""scalar"", ""value"": 19998054.402563646}}",,
fat_state,sum,fork,fork,False,4,0,ok,0.024952,0.0,,0.1801,0.1986,,"{""cpu_util_avg"": {""mean"": 10.004056, ""max"": 10.004056}, ""cpu_util_min"": {""mean"": 10.004056, ""max"": 10.004056}, ""cpu_util_max"": {""mean"": 10.004056, ""max"": 10.004056}, ""cpu_util_0"": {""mean"": 10.004056, ""max"": 10.004056}, ""cpu_util_1"": {""mean"": 10.004056, ""max"": 10.004056}, ""cpu_util_2"": {""mean"": 10.004056, ""max"": 10.004056}, ""cpu_util_3"": {""mean"": 10.004056, ""max"": 10.004056}, ""cpu_util_4"": {""mean"": 10.004056, ""max"": 10.004056}, ""cpu_util_5"": {""mean"": 10.004056, ""max"": 10.004056}, ""cpu_util_6"": {""mean"": 10.004056, ""max"": 10.004056}, ""cpu_util_7"": {""mean"": 10.004056, ""max"": 10.004056}, ""cpu_util_8"": {""mean"": 10.004056, ""max"": 10.004056}, ""cpu_util_9"": {""mean"": 10.004056, ""max"": 10.004056}, ""cpu_util_10"": {""mean"": 10.004056, ""max"": 10.004056}, ""cpu_util_11"": {""mean"": 10.004056, ""max"": 10.004056}, ""memory"": {""mean"": 1.084297, ""max"": 1.084297}, ""io_read_count"": {""mean"": 10944.436878, ""max"": 10944.436878}, ""io_write_count"": {""mean"": 20.008111, ""max"": 20.008111}, ""io_read"": {""mean"": 0.0, ""max"": 0.0}, ""io_write"": {""mean"": 0.0, ""max"": 0.0}, ""gpu_util_avg"": {""mean"": 0.0, ""max"": 0.0}, ""gpu_util_min"": {""mean"": 0.0, ""max"": 0.0}, ""gpu_util_max"": {""mean"": 0.0, ""max"": 0.0}, ""gpu_util_0"": {""mean"": 0.0, ""max"": 0.0}, ""gpu_band_avg"": {""mean"": 0.0, ""max"": 0.0}, ""gpu_band_min"": {""mean"": 0.0, ""max"": 0.0}, ""gpu_band_max"": {""mean"": 0.0, ""max"": 0.0}, ""gpu_band_0"": {""mean"": 0.0, ""max"": 0.0}, ""gpu_mem_avg"": {""mean"": 0.0, ""max"": 0.0}, ""gpu_mem_min"": {""mean"": 0.0, ""max"": 0.0}, ""gpu_mem_max"": {""mean"": 0.0, ""max"": 0.0}, ""gpu_mem_0"": {""mean"": 0.0, ""max"": 0.0}}","{""total"": {""kind"": ""scalar"", ""value"": 19998054.402563646}}",,
fat_state,sum,dill,dill,False,4,1,ok,0.013217,0.0,0.3115,3.1703,3.181,,{},"{""total"": {""kind"": ""scalar"", ""value"": 19998054.402563646}}",,
fat_state,sum,full,full,False,4,2,ok,0.012903,0.40675,,3.6024,3.6234,,{},"{""total"": {""kind"": ""scalar"", ""value"": 19998054.402563646}}",,
fat_state,sum,dill,dill,False,5,0,ok,0.013859,0.0,0.4279,3.4221,3.4326,,{},"{""total"": {""kind"": ""scalar"", ""value"": 19998054.402563646}}",,
fat_state,sum,full,full,False,5,1,ok,0.01382,0.385602,,3.1614,3.1815,,"{""cpu_util_avg"": {""mean"": 8.332412, ""max"": 8.332412}, ""cpu_util_min"": {""mean"": 8.332412, ""max"": 8.332412}, ""cpu_util_max"": {""mean"": 8.332412, ""max"": 8.332412}, ""cpu_util_0"": {""mean"": 8.332412, ""max"": 8.332412}, ""cpu_util_1"": {""mean"": 8.332412, ""max"": 8.332412}, ""cpu_util_2"": {""mean"": 8.332412, ""max"": 8.332412}, ""cpu_util_3"": {""mean"": 8.332412, ""max"": 8.332412}, ""cpu_util_4"": {""mean"": 8.332412, ""max"": 8.332412}, ""cpu_util_5"": {""mean"": 8.332412, ""max"": 8.332412}, ""cpu_util_6"": {""mean"": 8.332412, ""max"": 8.332412}, ""cpu_util_7"": {""mean"": 8.332412, ""max"": 8.332412}, ""cpu_util_8"": {""mean"": 8.332412, ""max"": 8.332412}, ""cpu_util_9"": {""mean"": 8.332412, ""max"": 8.332412}, ""cpu_util_10"": {""mean"": 8.332412, ""max"": 8.332412}, ""cpu_util_11"": {""mean"": 8.332412, ""max"": 8.332412}, ""memory"": {""mean"": 0.50935, ""max"": 0.50935}, ""io_read_count"": {""mean"": 10878.797019, ""max"": 10878.797019}, ""io_write_count"": {""mean"": 19.997789, ""max"": 19.997789}, ""io_read"": {""mean"": 0.0, ""max"": 0.0}, ""io_write"": {""mean"": 0.0, ""max"": 0.0}, ""gpu_util_avg"": {""mean"": 0.0, ""max"": 0.0}, ""gpu_util_min"": {""mean"": 0.0, ""max"": 0.0}, ""gpu_util_max"": {""mean"": 0.0, ""max"": 0.0}, ""gpu_util_0"": {""mean"": 0.0, ""max"": 0.0}, ""gpu_band_avg"": {""mean"": 0.0, ""max"": 0.0}, ""gpu_band_min"": {""mean"": 0.0, ""max"": 0.0}, ""gpu_band_max"": {""mean"": 0.0, ""max"": 0.0}, ""gpu_band_0"": {""mean"": 0.0, ""max"": 0.0}, ""gpu_mem_avg"": {""mean"": 0.0, ""max"": 0.0}, ""gpu_mem_min"": {""mean"": 0.0, ""max"": 0.0}, ""gpu_mem_max"": {""mean"": 0.0, ""max"": 0.0}, ""gpu_mem_0"": {""mean"": 0.0, ""max"": 0.0}}","{""total"": {""kind"": ""scalar"", ""value"": 19998054.402563646}}",,
fat_state,sum,fork,fork,False,5,2,ok,0.109306,0.0,,0.2738,0.2932,,"{""cpu_util_avg"": {""mean"": 10.00191, ""max"": 11.667982}, ""cpu_util_min"": {""mean"": 10.00191, ""max"": 11.667982}, ""cpu_util_max"": {""mean"": 10.00191, ""max"": 11.667982}, ""cpu_util_0"": {""mean"": 10.00191, ""max"": 11.667982}, ""cpu_util_1"": {""mean"": 10.00191, ""max"": 11.667982}, ""cpu_util_2"": {""mean"": 10.00191, ""max"": 11.667982}, ""cpu_util_3"": {""mean"": 10.00191, ""max"": 11.667982}, ""cpu_util_4"": {""mean"": 10.00191, ""max"": 11.667982}, ""cpu_util_5"": {""mean"": 10.00191, ""max"": 11.667982}, ""cpu_util_6"": {""mean"": 10.00191, ""max"": 11.667982}, ""cpu_util_7"": {""mean"": 10.00191, ""max"": 11.667982}, ""cpu_util_8"": {""mean"": 10.00191, ""max"": 11.667982}, ""cpu_util_9"": {""mean"": 10.00191, ""max"": 11.667982}, ""cpu_util_10"": {""mean"": 10.00191, ""max"": 11.667982}, ""cpu_util_11"": {""mean"": 10.00191, ""max"": 11.667982}, ""memory"": {""mean"": 1.084908, ""max"": 1.084908}, ""io_read_count"": {""mean"": 10942.260878000001, ""max"": 10943.288021}, ""io_write_count"": {""mean"": 20.004133000000003, ""max"": 20.006011}, ""io_read"": {""mean"": 0.0, ""max"": 0.0}, ""io_write"": {""mean"": 0.0, ""max"": 0.0}, ""gpu_util_avg"": {""mean"": 0.0, ""max"": 0.0}, ""gpu_util_min"": {""mean"": 0.0, ""max"": 0.0}, ""gpu_util_max"": {""mean"": 0.0, ""max"": 0.0}, ""gpu_util_0"": {""mean"": 0.0, ""max"": 0.0}, ""gpu_band_avg"": {""mean"": 0.0, ""max"": 0.0}, ""gpu_band_min"": {""mean"": 0.0, ""max"": 0.0}, ""gpu_band_max"": {""mean"": 0.0, ""max"": 0.0}, ""gpu_band_0"": {""mean"": 0.0, ""max"": 0.0}, ""gpu_mem_avg"": {""mean"": 0.0, ""max"": 0.0}, ""gpu_mem_min"": {""mean"": 0.0, ""max"": 0.0}, ""gpu_mem_max"": {""mean"": 0.0, ""max"": 0.0}, ""gpu_mem_0"": {""mean"": 0.0, ""max"": 0.0}}","{""total"": {""kind"": ""scalar"", ""value"": 19998054.402563646}}",,
fat_state,sum,full,full,False,6,0,ok,0.014122,0.408534,,3.2134,3.2296,,{},"{""total"": {""kind"": ""scalar"", ""value"": 19998054.402563646}}",,
fat_state,sum,fork,fork,False,6,1,ok,0.024715,0.0,,0.1898,0.208,,{},"{""total"": {""kind"": ""scalar"", ""value"": 19998054.402563646}}",,
fat_state,sum,dill,dill,False,6,2,ok,0.013872,0.0,0.2042,2.9944,3.0055,,{},"{""total"": {""kind"": ""scalar"", ""value"": 19998054.402563646}}",,
fat_state,sum,fork,fork,False,7,0,ok,0.024409,0.0,,0.1814,0.2004,,"{""cpu_util_avg"": {""mean"": 11.666464, ""max"": 11.666464}, ""cpu_util_min"": {""mean"": 11.666464, ""max"": 11.666464}, ""cpu_util_max"": {""mean"": 11.666464, ""max"": 11.666464}, ""cpu_util_0"": {""mean"": 11.666464, ""max"": 11.666464}, ""cpu_util_1"": {""mean"": 11.666464, ""max"": 11.666464}, ""cpu_util_2"": {""mean"": 11.666464, ""max"": 11.666464}, ""cpu_util_3"": {""mean"": 11.666464, ""max"": 11.666464}, ""cpu_util_4"": {""mean"": 11.666464, ""max"": 11.666464}, ""cpu_util_5"": {""mean"": 11.666464, ""max"": 11.666464}, ""cpu_util_6"": {""mean"": 11.666464, ""max"": 11.666464}, ""cpu_util_7"": {""mean"": 11.666464, ""max"": 11.666464}, ""cpu_util_8"": {""mean"": 11.666464, ""max"": 11.666464}, ""cpu_util_9"": {""mean"": 11.666464, ""max"": 11.666464}, ""cpu_util_10"": {""mean"": 11.666464, ""max"": 11.666464}, ""cpu_util_11"": {""mean"": 11.666464, ""max"": 11.666464}, ""memory"": {""mean"": 1.084785, ""max"": 1.084785}, ""io_read_count"": {""mean"": 10939.810083, ""max"": 10939.810083}, ""io_write_count"": {""mean"": 19.999653, ""max"": 19.999653}, ""io_read"": {""mean"": 0.0, ""max"": 0.0}, ""io_write"": {""mean"": 0.0, ""max"": 0.0}, ""gpu_util_avg"": {""mean"": 0.0, ""max"": 0.0}, ""gpu_util_min"": {""mean"": 0.0, ""max"": 0.0}, ""gpu_util_max"": {""mean"": 0.0, ""max"": 0.0}, ""gpu_util_0"": {""mean"": 0.0, ""max"": 0.0}, ""gpu_band_avg"": {""mean"": 0.0, ""max"": 0.0}, ""gpu_band_min"": {""mean"": 0.0, ""max"": 0.0}, ""gpu_band_max"": {""mean"": 0.0, ""max"": 0.0}, ""gpu_band_0"": {""mean"": 0.0, ""max"": 0.0}, ""gpu_mem_avg"": {""mean"": 0.0, ""max"": 0.0}, ""gpu_mem_min"": {""mean"": 0.0, ""max"": 0.0}, ""gpu_mem_max"": {""mean"": 0.0, ""max"": 0.0}, ""gpu_mem_0"": {""mean"": 0.0, ""max"": 0.0}}","{""total"": {""kind"": ""scalar"", ""value"": 19998054.402563646}}",,
fat_state,sum,dill,dill,False,7,1,ok,0.0151,0.0,0.2621,3.2882,3.2993,,{},"{""total"": {""kind"": ""scalar"", ""value"": 19998054.402563646}}",,
fat_state,sum,full,full,False,7,2,ok,0.015178,0.359928,,3.3516,3.3678,,{},"{""total"": {""kind"": ""scalar"", ""value"": 19998054.402563646}}",,
fat_state,sum,dill,dill,False,8,0,ok,0.015266,0.0,0.2891,3.1564,3.1693,,{},"{""total"": {""kind"": ""scalar"", ""value"": 19998054.402563646}}",,
fat_state,sum,full,full,False,8,1,ok,0.013165,0.351002,,3.0885,3.1047,,{},"{""total"": {""kind"": ""scalar"", ""value"": 19998054.402563646}}",,
fat_state,sum,fork,fork,False,8,2,ok,0.026716,0.0,,0.1879,0.2036,,{},"{""total"": {""kind"": ""scalar"", ""value"": 19998054.402563646}}",,
fat_state,sum,full,full,False,9,0,ok,0.013602,0.426839,,3.3897,3.4061,,{},"{""total"": {""kind"": ""scalar"", ""value"": 19998054.402563646}}",,
fat_state,sum,fork,fork,False,9,1,ok,0.026668,0.0,,0.1948,0.2138,,{},"{""total"": {""kind"": ""scalar"", ""value"": 19998054.402563646}}",,
fat_state,sum,dill,dill,False,9,2,ok,0.012978,0.0,0.346,3.2621,3.2725,,{},"{""total"": {""kind"": ""scalar"", ""value"": 19998054.402563646}}",,
fat_state,sum,fork,fork,False,10,0,ok,0.024798,0.0,,0.1832,0.2017,,"{""cpu_util_avg"": {""mean"": 10.004126, ""max"": 10.004126}, ""cpu_util_min"": {""mean"": 10.004126, ""max"": 10.004126}, ""cpu_util_max"": {""mean"": 10.004126, ""max"": 10.004126}, ""cpu_util_0"": {""mean"": 10.004126, ""max"": 10.004126}, ""cpu_util_1"": {""mean"": 10.004126, ""max"": 10.004126}, ""cpu_util_2"": {""mean"": 10.004126, ""max"": 10.004126}, ""cpu_util_3"": {""mean"": 10.004126, ""max"": 10.004126}, ""cpu_util_4"": {""mean"": 10.004126, ""max"": 10.004126}, ""cpu_util_5"": {""mean"": 10.004126, ""max"": 10.004126}, ""cpu_util_6"": {""mean"": 10.004126, ""max"": 10.004126}, ""cpu_util_7"": {""mean"": 10.004126, ""max"": 10.004126}, ""cpu_util_8"": {""mean"": 10.004126, ""max"": 10.004126}, ""cpu_util_9"": {""mean"": 10.004126, ""max"": 10.004126}, ""cpu_util_10"": {""mean"": 10.004126, ""max"": 10.004126}, ""cpu_util_11"": {""mean"": 10.004126, ""max"": 10.004126}, ""memory"": {""mean"": 1.08503, ""max"": 1.08503}, ""io_read_count"": {""mean"": 10944.513955, ""max"": 10944.513955}, ""io_write_count"": {""mean"": 20.008252, ""max"": 20.008252}, ""io_read"": {""mean"": 0.0, ""max"": 0.0}, ""io_write"": {""mean"": 0.0, ""max"": 0.0}, ""gpu_util_avg"": {""mean"": 0.0, ""max"": 0.0}, ""gpu_util_min"": {""mean"": 0.0, ""max"": 0.0}, ""gpu_util_max"": {""mean"": 0.0, ""max"": 0.0}, ""gpu_util_0"": {""mean"": 0.0, ""max"": 0.0}, ""gpu_band_avg"": {""mean"": 0.0, ""max"": 0.0}, ""gpu_band_min"": {""mean"": 0.0, ""max"": 0.0}, ""gpu_band_max"": {""mean"": 0.0, ""max"": 0.0}, ""gpu_band_0"": {""mean"": 0.0, ""max"": 0.0}, ""gpu_mem_avg"": {""mean"": 0.0, ""max"": 0.0}, ""gpu_mem_min"": {""mean"": 0.0, ""max"": 0.0}, ""gpu_mem_max"": {""mean"": 0.0, ""max"": 0.0}, ""gpu_mem_0"": {""mean"": 0.0, ""max"": 0.0}}","{""total"": {""kind"": ""scalar"", ""value"": 19998054.402563646}}",,
fat_state,sum,dill,dill,False,10,1,ok,0.015346,0.0,0.1724,2.9467,2.9567,,{},"{""total"": {""kind"": ""scalar"", ""value"": 19998054.402563646}}",,
fat_state,sum,full,full,False,10,2,ok,0.014287,0.378159,,3.2597,3.2767,,{},"{""total"": {""kind"": ""scalar"", ""value"": 19998054.402563646}}",,
view_alias,write_through,full,full,False,0,0,ok,0.008429,0.059153,,2.9799,2.9966,,{},"{""base"": {""kind"": ""array"", ""shape"": [10000000], ""dtype"": ""float64"", ""mean"": 2.0, ""std"": 0.0, ""min"": 2.0, ""max"": 2.0}, ""total"": {""kind"": ""scalar"", ""value"": 10000000.0}}",,
view_alias,write_through,fork,fork,False,0,1,ok,0.059833,0.0,,0.3238,0.3431,19555.0,"{""cpu_util_avg"": {""mean"": 8.33451, ""max"": 8.33451}, ""cpu_util_min"": {""mean"": 8.33451, ""max"": 8.33451}, ""cpu_util_max"": {""mean"": 8.33451, ""max"": 8.33451}, ""cpu_util_0"": {""mean"": 8.33451, ""max"": 8.33451}, ""cpu_util_1"": {""mean"": 8.33451, ""max"": 8.33451}, ""cpu_util_2"": {""mean"": 8.33451, ""max"": 8.33451}, ""cpu_util_3"": {""mean"": 8.33451, ""max"": 8.33451}, ""cpu_util_4"": {""mean"": 8.33451, ""max"": 8.33451}, ""cpu_util_5"": {""mean"": 8.33451, ""max"": 8.33451}, ""cpu_util_6"": {""mean"": 8.33451, ""max"": 8.33451}, ""cpu_util_7"": {""mean"": 8.33451, ""max"": 8.33451}, ""cpu_util_8"": {""mean"": 8.33451, ""max"": 8.33451}, ""cpu_util_9"": {""mean"": 8.33451, ""max"": 8.33451}, ""cpu_util_10"": {""mean"": 8.33451, ""max"": 8.33451}, ""cpu_util_11"": {""mean"": 8.33451, ""max"": 8.33451}, ""memory"": {""mean"": 0.637268, ""max"": 0.637268}, ""io_read_count"": {""mean"": 10941.544504, ""max"": 10941.544504}, ""io_write_count"": {""mean"": 20.002824, ""max"": 20.002824}, ""io_read"": {""mean"": 0.0, ""max"": 0.0}, ""io_write"": {""mean"": 0.0, ""max"": 0.0}, ""gpu_util_avg"": {""mean"": 0.0, ""max"": 0.0}, ""gpu_util_min"": {""mean"": 0.0, ""max"": 0.0}, ""gpu_util_max"": {""mean"": 0.0, ""max"": 0.0}, ""gpu_util_0"": {""mean"": 0.0, ""max"": 0.0}, ""gpu_band_avg"": {""mean"": 0.0, ""max"": 0.0}, ""gpu_band_min"": {""mean"": 0.0, ""max"": 0.0}, ""gpu_band_max"": {""mean"": 0.0, ""max"": 0.0}, ""gpu_band_0"": {""mean"": 0.0, ""max"": 0.0}, ""gpu_mem_avg"": {""mean"": 0.0, ""max"": 0.0}, ""gpu_mem_min"": {""mean"": 0.0, ""max"": 0.0}, ""gpu_mem_max"": {""mean"": 0.0, ""max"": 0.0}, ""gpu_mem_0"": {""mean"": 0.0, ""max"": 0.0}}","{""base"": {""kind"": ""array"", ""shape"": [10000000], ""dtype"": ""float64"", ""mean"": 2.0, ""std"": 0.0, ""min"": 2.0, ""max"": 2.0}, ""total"": {""kind"": ""scalar"", ""value"": 10000000.0}}","[JUmPER]: a benchmark measurement spent at least 10ms of its 60ms on 19555 page faults - the cost of touching memory inherited from the prefix rather than of the cell itself. Cells working over large Python objects are affected most, and the timing understates them. Re-run with --replay-mode full for a number that does not carry this.",
view_alias,write_through,dill,dill,False,0,2,ok,0.007699,0.0,0.0856,2.9034,2.9187,,{},"{""base"": {""kind"": ""array"", ""shape"": [10000000], ""dtype"": ""float64"", ""mean"": 2.0, ""std"": 0.0, ""min"": 2.0, ""max"": 2.0}, ""total"": {""kind"": ""scalar"", ""value"": 5000000.0}}",,
view_alias,write_through,fork,fork,False,1,0,ok,0.060042,0.0,,0.2903,0.3088,19555.0,"{""cpu_util_avg"": {""mean"": 9.995514, ""max"": 9.995514}, ""cpu_util_min"": {""mean"": 9.995514, ""max"": 9.995514}, ""cpu_util_max"": {""mean"": 9.995514, ""max"": 9.995514}, ""cpu_util_0"": {""mean"": 9.995514, ""max"": 9.995514}, ""cpu_util_1"": {""mean"": 9.995514, ""max"": 9.995514}, ""cpu_util_2"": {""mean"": 9.995514, ""max"": 9.995514}, ""cpu_util_3"": {""mean"": 9.995514, ""max"": 9.995514}, ""cpu_util_4"": {""mean"": 9.995514, ""max"": 9.995514}, ""cpu_util_5"": {""mean"": 9.995514, ""max"": 9.995514}, ""cpu_util_6"": {""mean"": 9.995514, ""max"": 9.995514}, ""cpu_util_7"": {""mean"": 9.995514, ""max"": 9.995514}, ""cpu_util_8"": {""mean"": 9.995514, ""max"": 9.995514}, ""cpu_util_9"": {""mean"": 9.995514, ""max"": 9.995514}, ""cpu_util_10"": {""mean"": 9.995514, ""max"": 9.995514}, ""cpu_util_11"": {""mean"": 9.995514, ""max"": 9.995514}, ""memory"": {""mean"": 0.637756, ""max"": 0.637756}, ""io_read_count"": {""mean"": 11474.850093, ""max"": 11474.850093}, ""io_write_count"": {""mean"": 19.991028, ""max"": 19.991028}, ""io_read"": {""mean"": 0.0, ""max"": 0.0}, ""io_write"": {""mean"": 0.0, ""max"": 0.0}, ""gpu_util_avg"": {""mean"": 0.0, ""max"": 0.0}, ""gpu_util_min"": {""mean"": 0.0, ""max"": 0.0}, ""gpu_util_max"": {""mean"": 0.0, ""max"": 0.0}, ""gpu_util_0"": {""mean"": 0.0, ""max"": 0.0}, ""gpu_band_avg"": {""mean"": 0.0, ""max"": 0.0}, ""gpu_band_min"": {""mean"": 0.0, ""max"": 0.0}, ""gpu_band_max"": {""mean"": 0.0, ""max"": 0.0}, ""gpu_band_0"": {""mean"": 0.0, ""max"": 0.0}, ""gpu_mem_avg"": {""mean"": 0.0, ""max"": 0.0}, ""gpu_mem_min"": {""mean"": 0.0, ""max"": 0.0}, ""gpu_mem_max"": {""mean"": 0.0, ""max"": 0.0}, ""gpu_mem_0"": {""mean"": 0.0, ""max"": 0.0}}","{""base"": {""kind"": ""array"", ""shape"": [10000000], ""dtype"": ""float64"", ""mean"": 2.0, ""std"": 0.0, ""min"": 2.0, ""max"": 2.0}, ""total"": {""kind"": ""scalar"", ""value"": 10000000.0}}","[JUmPER]: a benchmark measurement spent at least 10ms of its 60ms on 19555 page faults - the cost of touching memory inherited from the prefix rather than of the cell itself. Cells working over large Python objects are affected most, and the timing understates them. Re-run with --replay-mode full for a number that does not carry this.",
view_alias,write_through,dill,dill,False,1,1,ok,0.007563,0.0,0.0964,2.9733,2.9883,,{},"{""base"": {""kind"": ""array"", ""shape"": [10000000], ""dtype"": ""float64"", ""mean"": 2.0, ""std"": 0.0, ""min"": 2.0, ""max"": 2.0}, ""total"": {""kind"": ""scalar"", ""value"": 5000000.0}}",,
view_alias,write_through,full,full,False,1,2,ok,0.006936,0.067727,,2.9256,2.9414,,{},"{""base"": {""kind"": ""array"", ""shape"": [10000000], ""dtype"": ""float64"", ""mean"": 2.0, ""std"": 0.0, ""min"": 2.0, ""max"": 2.0}, ""total"": {""kind"": ""scalar"", ""value"": 10000000.0}}",,
view_alias,write_through,dill,dill,False,2,0,ok,0.007535,0.0,0.1051,3.0623,3.078,,{},"{""base"": {""kind"": ""array"", ""shape"": [10000000], ""dtype"": ""float64"", ""mean"": 2.0, ""std"": 0.0, ""min"": 2.0, ""max"": 2.0}, ""total"": {""kind"": ""scalar"", ""value"": 5000000.0}}",,
view_alias,write_through,full,full,False,2,1,ok,0.007875,0.062,,2.807,2.8225,,{},"{""base"": {""kind"": ""array"", ""shape"": [10000000], ""dtype"": ""float64"", ""mean"": 2.0, ""std"": 0.0, ""min"": 2.0, ""max"": 2.0}, ""total"": {""kind"": ""scalar"", ""value"": 10000000.0}}",,
view_alias,write_through,fork,fork,False,2,2,ok,0.057993,0.0,,0.2831,0.3026,19555.0,"{""cpu_util_avg"": {""mean"": 9.994078, ""max"": 9.994078}, ""cpu_util_min"": {""mean"": 9.994078, ""max"": 9.994078}, ""cpu_util_max"": {""mean"": 9.994078, ""max"": 9.994078}, ""cpu_util_0"": {""mean"": 9.994078, ""max"": 9.994078}, ""cpu_util_1"": {""mean"": 9.994078, ""max"": 9.994078}, ""cpu_util_2"": {""mean"": 9.994078, ""max"": 9.994078}, ""cpu_util_3"": {""mean"": 9.994078, ""max"": 9.994078}, ""cpu_util_4"": {""mean"": 9.994078, ""max"": 9.994078}, ""cpu_util_5"": {""mean"": 9.994078, ""max"": 9.994078}, ""cpu_util_6"": {""mean"": 9.994078, ""max"": 9.994078}, ""cpu_util_7"": {""mean"": 9.994078, ""max"": 9.994078}, ""cpu_util_8"": {""mean"": 9.994078, ""max"": 9.994078}, ""cpu_util_9"": {""mean"": 9.994078, ""max"": 9.994078}, ""cpu_util_10"": {""mean"": 9.994078, ""max"": 9.994078}, ""cpu_util_11"": {""mean"": 9.994078, ""max"": 9.994078}, ""memory"": {""mean"": 0.637882, ""max"": 0.637882}, ""io_read_count"": {""mean"": 10933.521231, ""max"": 10933.521231}, ""io_write_count"": {""mean"": 19.988156, ""max"": 19.988156}, ""io_read"": {""mean"": 0.0, ""max"": 0.0}, ""io_write"": {""mean"": 0.0, ""max"": 0.0}, ""gpu_util_avg"": {""mean"": 0.0, ""max"": 0.0}, ""gpu_util_min"": {""mean"": 0.0, ""max"": 0.0}, ""gpu_util_max"": {""mean"": 0.0, ""max"": 0.0}, ""gpu_util_0"": {""mean"": 0.0, ""max"": 0.0}, ""gpu_band_avg"": {""mean"": 0.0, ""max"": 0.0}, ""gpu_band_min"": {""mean"": 0.0, ""max"": 0.0}, ""gpu_band_max"": {""mean"": 0.0, ""max"": 0.0}, ""gpu_band_0"": {""mean"": 0.0, ""max"": 0.0}, ""gpu_mem_avg"": {""mean"": 0.0, ""max"": 0.0}, ""gpu_mem_min"": {""mean"": 0.0, ""max"": 0.0}, ""gpu_mem_max"": {""mean"": 0.0, ""max"": 0.0}, ""gpu_mem_0"": {""mean"": 0.0, ""max"": 0.0}}","{""base"": {""kind"": ""array"", ""shape"": [10000000], ""dtype"": ""float64"", ""mean"": 2.0, ""std"": 0.0, ""min"": 2.0, ""max"": 2.0}, ""total"": {""kind"": ""scalar"", ""value"": 10000000.0}}","[JUmPER]: a benchmark measurement spent at least 10ms of its 58ms on 19555 page faults - the cost of touching memory inherited from the prefix rather than of the cell itself. Cells working over large Python objects are affected most, and the timing understates them. Re-run with --replay-mode full for a number that does not carry this.",
view_alias,write_through,full,full,False,3,0,ok,0.006869,0.073654,,2.7572,2.7726,,{},"{""base"": {""kind"": ""array"", ""shape"": [10000000], ""dtype"": ""float64"", ""mean"": 2.0, ""std"": 0.0, ""min"": 2.0, ""max"": 2.0}, ""total"": {""kind"": ""scalar"", ""value"": 10000000.0}}",,
view_alias,write_through,fork,fork,False,3,1,ok,0.057787,0.0,,0.292,0.3101,19555.0,"{""cpu_util_avg"": {""mean"": 8.32858, ""max"": 8.32858}, ""cpu_util_min"": {""mean"": 8.32858, ""max"": 8.32858}, ""cpu_util_max"": {""mean"": 8.32858, ""max"": 8.32858}, ""cpu_util_0"": {""mean"": 8.32858, ""max"": 8.32858}, ""cpu_util_1"": {""mean"": 8.32858, ""max"": 8.32858}, ""cpu_util_2"": {""mean"": 8.32858, ""max"": 8.32858}, ""cpu_util_3"": {""mean"": 8.32858, ""max"": 8.32858}, ""cpu_util_4"": {""mean"": 8.32858, ""max"": 8.32858}, ""cpu_util_5"": {""mean"": 8.32858, ""max"": 8.32858}, ""cpu_util_6"": {""mean"": 8.32858, ""max"": 8.32858}, ""cpu_util_7"": {""mean"": 8.32858, ""max"": 8.32858}, ""cpu_util_8"": {""mean"": 8.32858, ""max"": 8.32858}, ""cpu_util_9"": {""mean"": 8.32858, ""max"": 8.32858}, ""cpu_util_10"": {""mean"": 8.32858, ""max"": 8.32858}, ""cpu_util_11"": {""mean"": 8.32858, ""max"": 8.32858}, ""memory"": {""mean"": 0.638004, ""max"": 0.638004}, ""io_read_count"": {""mean"": 10933.759229, ""max"": 10933.759229}, ""io_write_count"": {""mean"": 19.988591, ""max"": 19.988591}, ""io_read"": {""mean"": 0.0, ""max"": 0.0}, ""io_write"": {""mean"": 0.0, ""max"": 0.0}, ""gpu_util_avg"": {""mean"": 0.0, ""max"": 0.0}, ""gpu_util_min"": {""mean"": 0.0, ""max"": 0.0}, ""gpu_util_max"": {""mean"": 0.0, ""max"": 0.0}, ""gpu_util_0"": {""mean"": 0.0, ""max"": 0.0}, ""gpu_band_avg"": {""mean"": 0.0, ""max"": 0.0}, ""gpu_band_min"": {""mean"": 0.0, ""max"": 0.0}, ""gpu_band_max"": {""mean"": 0.0, ""max"": 0.0}, ""gpu_band_0"": {""mean"": 0.0, ""max"": 0.0}, ""gpu_mem_avg"": {""mean"": 0.0, ""max"": 0.0}, ""gpu_mem_min"": {""mean"": 0.0, ""max"": 0.0}, ""gpu_mem_max"": {""mean"": 0.0, ""max"": 0.0}, ""gpu_mem_0"": {""mean"": 0.0, ""max"": 0.0}}","{""base"": {""kind"": ""array"", ""shape"": [10000000], ""dtype"": ""float64"", ""mean"": 2.0, ""std"": 0.0, ""min"": 2.0, ""max"": 2.0}, ""total"": {""kind"": ""scalar"", ""value"": 10000000.0}}","[JUmPER]: a benchmark measurement spent at least 10ms of its 58ms on 19555 page faults - the cost of touching memory inherited from the prefix rather than of the cell itself. Cells working over large Python objects are affected most, and the timing understates them. Re-run with --replay-mode full for a number that does not carry this.",
view_alias,write_through,dill,dill,False,3,2,ok,0.007884,0.0,0.082,2.8601,2.8754,,{},"{""base"": {""kind"": ""array"", ""shape"": [10000000], ""dtype"": ""float64"", ""mean"": 2.0, ""std"": 0.0, ""min"": 2.0, ""max"": 2.0}, ""total"": {""kind"": ""scalar"", ""value"": 5000000.0}}",,
view_alias,write_through,fork,fork,False,4,0,ok,0.057588,0.0,,0.2839,0.3026,19555.0,"{""cpu_util_avg"": {""mean"": 9.999454, ""max"": 9.999454}, ""cpu_util_min"": {""mean"": 9.999454, ""max"": 9.999454}, ""cpu_util_max"": {""mean"": 9.999454, ""max"": 9.999454}, ""cpu_util_0"": {""mean"": 9.999454, ""max"": 9.999454}, ""cpu_util_1"": {""mean"": 9.999454, ""max"": 9.999454}, ""cpu_util_2"": {""mean"": 9.999454, ""max"": 9.999454}, ""cpu_util_3"": {""mean"": 9.999454, ""max"": 9.999454}, ""cpu_util_4"": {""mean"": 9.999454, ""max"": 9.999454}, ""cpu_util_5"": {""mean"": 9.999454, ""max"": 9.999454}, ""cpu_util_6"": {""mean"": 9.999454, ""max"": 9.999454}, ""cpu_util_7"": {""mean"": 9.999454, ""max"": 9.999454}, ""cpu_util_8"": {""mean"": 9.999454, ""max"": 9.999454}, ""cpu_util_9"": {""mean"": 9.999454, ""max"": 9.999454}, ""cpu_util_10"": {""mean"": 9.999454, ""max"": 9.999454}, ""cpu_util_11"": {""mean"": 9.999454, ""max"": 9.999454}, ""memory"": {""mean"": 0.638004, ""max"": 0.638004}, ""io_read_count"": {""mean"": 10939.402922, ""max"": 10939.402922}, ""io_write_count"": {""mean"": 19.998908, ""max"": 19.998908}, ""io_read"": {""mean"": 0.0, ""max"": 0.0}, ""io_write"": {""mean"": 0.0, ""max"": 0.0}, ""gpu_util_avg"": {""mean"": 0.0, ""max"": 0.0}, ""gpu_util_min"": {""mean"": 0.0, ""max"": 0.0}, ""gpu_util_max"": {""mean"": 0.0, ""max"": 0.0}, ""gpu_util_0"": {""mean"": 0.0, ""max"": 0.0}, ""gpu_band_avg"": {""mean"": 0.0, ""max"": 0.0}, ""gpu_band_min"": {""mean"": 0.0, ""max"": 0.0}, ""gpu_band_max"": {""mean"": 0.0, ""max"": 0.0}, ""gpu_band_0"": {""mean"": 0.0, ""max"": 0.0}, ""gpu_mem_avg"": {""mean"": 0.0, ""max"": 0.0}, ""gpu_mem_min"": {""mean"": 0.0, ""max"": 0.0}, ""gpu_mem_max"": {""mean"": 0.0, ""max"": 0.0}, ""gpu_mem_0"": {""mean"": 0.0, ""max"": 0.0}}","{""base"": {""kind"": ""array"", ""shape"": [10000000], ""dtype"": ""float64"", ""mean"": 2.0, ""std"": 0.0, ""min"": 2.0, ""max"": 2.0}, ""total"": {""kind"": ""scalar"", ""value"": 10000000.0}}","[JUmPER]: a benchmark measurement spent at least 10ms of its 58ms on 19555 page faults - the cost of touching memory inherited from the prefix rather than of the cell itself. Cells working over large Python objects are affected most, and the timing understates them. Re-run with --replay-mode full for a number that does not carry this.",
view_alias,write_through,dill,dill,False,4,1,ok,0.007737,0.0,0.0668,2.8999,2.9161,,{},"{""base"": {""kind"": ""array"", ""shape"": [10000000], ""dtype"": ""float64"", ""mean"": 2.0, ""std"": 0.0, ""min"": 2.0, ""max"": 2.0}, ""total"": {""kind"": ""scalar"", ""value"": 5000000.0}}",,
view_alias,write_through,full,full,False,4,2,ok,0.010712,0.076735,,2.9509,2.9684,,{},"{""base"": {""kind"": ""array"", ""shape"": [10000000], ""dtype"": ""float64"", ""mean"": 2.0, ""std"": 0.0, ""min"": 2.0, ""max"": 2.0}, ""total"": {""kind"": ""scalar"", ""value"": 10000000.0}}",,
view_alias,write_through,dill,dill,False,5,0,ok,0.007492,0.0,0.0712,3.0907,3.1067,,{},"{""base"": {""kind"": ""array"", ""shape"": [10000000], ""dtype"": ""float64"", ""mean"": 2.0, ""std"": 0.0, ""min"": 2.0, ""max"": 2.0}, ""total"": {""kind"": ""scalar"", ""value"": 5000000.0}}",,
view_alias,write_through,full,full,False,5,1,ok,0.007672,0.074793,,2.8754,2.8915,,{},"{""base"": {""kind"": ""array"", ""shape"": [10000000], ""dtype"": ""float64"", ""mean"": 2.0, ""std"": 0.0, ""min"": 2.0, ""max"": 2.0}, ""total"": {""kind"": ""scalar"", ""value"": 10000000.0}}",,
view_alias,write_through,fork,fork,False,5,2,ok,0.059805,0.0,,0.2999,0.3197,19555.0,"{""cpu_util_avg"": {""mean"": 8.333697, ""max"": 8.333697}, ""cpu_util_min"": {""mean"": 8.333697, ""max"": 8.333697}, ""cpu_util_max"": {""mean"": 8.333697, ""max"": 8.333697}, ""cpu_util_0"": {""mean"": 8.333697, ""max"": 8.333697}, ""cpu_util_1"": {""mean"": 8.333697, ""max"": 8.333697}, ""cpu_util_2"": {""mean"": 8.333697, ""max"": 8.333697}, ""cpu_util_3"": {""mean"": 8.333697, ""max"": 8.333697}, ""cpu_util_4"": {""mean"": 8.333697, ""max"": 8.333697}, ""cpu_util_5"": {""mean"": 8.333697, ""max"": 8.333697}, ""cpu_util_6"": {""mean"": 8.333697, ""max"": 8.333697}, ""cpu_util_7"": {""mean"": 8.333697, ""max"": 8.333697}, ""cpu_util_8"": {""mean"": 8.333697, ""max"": 8.333697}, ""cpu_util_9"": {""mean"": 8.333697, ""max"": 8.333697}, ""cpu_util_10"": {""mean"": 8.333697, ""max"": 8.333697}, ""cpu_util_11"": {""mean"": 8.333697, ""max"": 8.333697}, ""memory"": {""mean"": 0.638004, ""max"": 0.638004}, ""io_read_count"": {""mean"": 10940.477878, ""max"": 10940.477878}, ""io_write_count"": {""mean"": 20.000874, ""max"": 20.000874}, ""io_read"": {""mean"": 0.0, ""max"": 0.0}, ""io_write"": {""mean"": 0.0, ""max"": 0.0}, ""gpu_util_avg"": {""mean"": 0.0, ""max"": 0.0}, ""gpu_util_min"": {""mean"": 0.0, ""max"": 0.0}, ""gpu_util_max"": {""mean"": 0.0, ""max"": 0.0}, ""gpu_util_0"": {""mean"": 0.0, ""max"": 0.0}, ""gpu_band_avg"": {""mean"": 0.0, ""max"": 0.0}, ""gpu_band_min"": {""mean"": 0.0, ""max"": 0.0}, ""gpu_band_max"": {""mean"": 0.0, ""max"": 0.0}, ""gpu_band_0"": {""mean"": 0.0, ""max"": 0.0}, ""gpu_mem_avg"": {""mean"": 0.0, ""max"": 0.0}, ""gpu_mem_min"": {""mean"": 0.0, ""max"": 0.0}, ""gpu_mem_max"": {""mean"": 0.0, ""max"": 0.0}, ""gpu_mem_0"": {""mean"": 0.0, ""max"": 0.0}}","{""base"": {""kind"": ""array"", ""shape"": [10000000], ""dtype"": ""float64"", ""mean"": 2.0, ""std"": 0.0, ""min"": 2.0, ""max"": 2.0}, ""total"": {""kind"": ""scalar"", ""value"": 10000000.0}}","[JUmPER]: a benchmark measurement spent at least 10ms of its 60ms on 19555 page faults - the cost of touching memory inherited from the prefix rather than of the cell itself. Cells working over large Python objects are affected most, and the timing understates them. Re-run with --replay-mode full for a number that does not carry this.",
view_alias,write_through,full,full,False,6,0,ok,0.008457,0.07252,,2.9206,2.937,,{},"{""base"": {""kind"": ""array"", ""shape"": [10000000], ""dtype"": ""float64"", ""mean"": 2.0, ""std"": 0.0, ""min"": 2.0, ""max"": 2.0}, ""total"": {""kind"": ""scalar"", ""value"": 10000000.0}}",,
view_alias,write_through,fork,fork,False,6,1,ok,0.058071,0.0,,0.2971,0.3161,19555.0,"{""cpu_util_avg"": {""mean"": 8.33363, ""max"": 8.33363}, ""cpu_util_min"": {""mean"": 8.33363, ""max"": 8.33363}, ""cpu_util_max"": {""mean"": 8.33363, ""max"": 8.33363}, ""cpu_util_0"": {""mean"": 8.33363, ""max"": 8.33363}, ""cpu_util_1"": {""mean"": 8.33363, ""max"": 8.33363}, ""cpu_util_2"": {""mean"": 8.33363, ""max"": 8.33363}, ""cpu_util_3"": {""mean"": 8.33363, ""max"": 8.33363}, ""cpu_util_4"": {""mean"": 8.33363, ""max"": 8.33363}, ""cpu_util_5"": {""mean"": 8.33363, ""max"": 8.33363}, ""cpu_util_6"": {""mean"": 8.33363, ""max"": 8.33363}, ""cpu_util_7"": {""mean"": 8.33363, ""max"": 8.33363}, ""cpu_util_8"": {""mean"": 8.33363, ""max"": 8.33363}, ""cpu_util_9"": {""mean"": 8.33363, ""max"": 8.33363}, ""cpu_util_10"": {""mean"": 8.33363, ""max"": 8.33363}, ""cpu_util_11"": {""mean"": 8.33363, ""max"": 8.33363}, ""memory"": {""mean"": 0.638371, ""max"": 0.638371}, ""io_read_count"": {""mean"": 10940.389039, ""max"": 10940.389039}, ""io_write_count"": {""mean"": 20.000711, ""max"": 20.000711}, ""io_read"": {""mean"": 0.0, ""max"": 0.0}, ""io_write"": {""mean"": 0.0, ""max"": 0.0}, ""gpu_util_avg"": {""mean"": 0.0, ""max"": 0.0}, ""gpu_util_min"": {""mean"": 0.0, ""max"": 0.0}, ""gpu_util_max"": {""mean"": 0.0, ""max"": 0.0}, ""gpu_util_0"": {""mean"": 0.0, ""max"": 0.0}, ""gpu_band_avg"": {""mean"": 0.0, ""max"": 0.0}, ""gpu_band_min"": {""mean"": 0.0, ""max"": 0.0}, ""gpu_band_max"": {""mean"": 0.0, ""max"": 0.0}, ""gpu_band_0"": {""mean"": 0.0, ""max"": 0.0}, ""gpu_mem_avg"": {""mean"": 0.0, ""max"": 0.0}, ""gpu_mem_min"": {""mean"": 0.0, ""max"": 0.0}, ""gpu_mem_max"": {""mean"": 0.0, ""max"": 0.0}, ""gpu_mem_0"": {""mean"": 0.0, ""max"": 0.0}}","{""base"": {""kind"": ""array"", ""shape"": [10000000], ""dtype"": ""float64"", ""mean"": 2.0, ""std"": 0.0, ""min"": 2.0, ""max"": 2.0}, ""total"": {""kind"": ""scalar"", ""value"": 10000000.0}}","[JUmPER]: a benchmark measurement spent at least 10ms of its 58ms on 19555 page faults - the cost of touching memory inherited from the prefix rather than of the cell itself. Cells working over large Python objects are affected most, and the timing understates them. Re-run with --replay-mode full for a number that does not carry this.",
view_alias,write_through,dill,dill,False,6,2,ok,0.007444,0.0,0.1022,3.0793,3.0947,,{},"{""base"": {""kind"": ""array"", ""shape"": [10000000], ""dtype"": ""float64"", ""mean"": 2.0, ""std"": 0.0, ""min"": 2.0, ""max"": 2.0}, ""total"": {""kind"": ""scalar"", ""value"": 5000000.0}}",,
view_alias,write_through,fork,fork,False,7,0,ok,0.058994,0.0,,0.2892,0.3079,19555.0,"{""cpu_util_avg"": {""mean"": 9.999143, ""max"": 9.999143}, ""cpu_util_min"": {""mean"": 9.999143, ""max"": 9.999143}, ""cpu_util_max"": {""mean"": 9.999143, ""max"": 9.999143}, ""cpu_util_0"": {""mean"": 9.999143, ""max"": 9.999143}, ""cpu_util_1"": {""mean"": 9.999143, ""max"": 9.999143}, ""cpu_util_2"": {""mean"": 9.999143, ""max"": 9.999143}, ""cpu_util_3"": {""mean"": 9.999143, ""max"": 9.999143}, ""cpu_util_4"": {""mean"": 9.999143, ""max"": 9.999143}, ""cpu_util_5"": {""mean"": 9.999143, ""max"": 9.999143}, ""cpu_util_6"": {""mean"": 9.999143, ""max"": 9.999143}, ""cpu_util_7"": {""mean"": 9.999143, ""max"": 9.999143}, ""cpu_util_8"": {""mean"": 9.999143, ""max"": 9.999143}, ""cpu_util_9"": {""mean"": 9.999143, ""max"": 9.999143}, ""cpu_util_10"": {""mean"": 9.999143, ""max"": 9.999143}, ""cpu_util_11"": {""mean"": 9.999143, ""max"": 9.999143}, ""memory"": {""mean"": 0.638371, ""max"": 0.638371}, ""io_read_count"": {""mean"": 10939.062961, ""max"": 10939.062961}, ""io_write_count"": {""mean"": 19.998287, ""max"": 19.998287}, ""io_read"": {""mean"": 0.0, ""max"": 0.0}, ""io_write"": {""mean"": 0.0, ""max"": 0.0}, ""gpu_util_avg"": {""mean"": 0.0, ""max"": 0.0}, ""gpu_util_min"": {""mean"": 0.0, ""max"": 0.0}, ""gpu_util_max"": {""mean"": 0.0, ""max"": 0.0}, ""gpu_util_0"": {""mean"": 0.0, ""max"": 0.0}, ""gpu_band_avg"": {""mean"": 0.0, ""max"": 0.0}, ""gpu_band_min"": {""mean"": 0.0, ""max"": 0.0}, ""gpu_band_max"": {""mean"": 0.0, ""max"": 0.0}, ""gpu_band_0"": {""mean"": 0.0, ""max"": 0.0}, ""gpu_mem_avg"": {""mean"": 0.0, ""max"": 0.0}, ""gpu_mem_min"": {""mean"": 0.0, ""max"": 0.0}, ""gpu_mem_max"": {""mean"": 0.0, ""max"": 0.0}, ""gpu_mem_0"": {""mean"": 0.0, ""max"": 0.0}}","{""base"": {""kind"": ""array"", ""shape"": [10000000], ""dtype"": ""float64"", ""mean"": 2.0, ""std"": 0.0, ""min"": 2.0, ""max"": 2.0}, ""total"": {""kind"": ""scalar"", ""value"": 10000000.0}}","[JUmPER]: a benchmark measurement spent at least 10ms of its 59ms on 19555 page faults - the cost of touching memory inherited from the prefix rather than of the cell itself. Cells working over large Python objects are affected most, and the timing understates them. Re-run with --replay-mode full for a number that does not carry this.",
view_alias,write_through,dill,dill,False,7,1,ok,0.007146,0.0,0.0967,2.914,2.9288,,{},"{""base"": {""kind"": ""array"", ""shape"": [10000000], ""dtype"": ""float64"", ""mean"": 2.0, ""std"": 0.0, ""min"": 2.0, ""max"": 2.0}, ""total"": {""kind"": ""scalar"", ""value"": 5000000.0}}",,
view_alias,write_through,full,full,False,7,2,ok,0.008067,0.071736,,2.7341,2.7497,,{},"{""base"": {""kind"": ""array"", ""shape"": [10000000], ""dtype"": ""float64"", ""mean"": 2.0, ""std"": 0.0, ""min"": 2.0, ""max"": 2.0}, ""total"": {""kind"": ""scalar"", ""value"": 10000000.0}}",,
view_alias,write_through,dill,dill,False,8,0,ok,0.008167,0.0,0.0913,2.9352,2.953,,{},"{""base"": {""kind"": ""array"", ""shape"": [10000000], ""dtype"": ""float64"", ""mean"": 2.0, ""std"": 0.0, ""min"": 2.0, ""max"": 2.0}, ""total"": {""kind"": ""scalar"", ""value"": 5000000.0}}",,
view_alias,write_through,full,full,False,8,1,ok,0.007812,0.076376,,2.8428,2.8579,,{},"{""base"": {""kind"": ""array"", ""shape"": [10000000], ""dtype"": ""float64"", ""mean"": 2.0, ""std"": 0.0, ""min"": 2.0, ""max"": 2.0}, ""total"": {""kind"": ""scalar"", ""value"": 10000000.0}}",,
view_alias,write_through,fork,fork,False,8,2,ok,0.058579,0.0,,0.2926,0.3112,19555.0,"{""cpu_util_avg"": {""mean"": 9.989123, ""max"": 9.989123}, ""cpu_util_min"": {""mean"": 9.989123, ""max"": 9.989123}, ""cpu_util_max"": {""mean"": 9.989123, ""max"": 9.989123}, ""cpu_util_0"": {""mean"": 9.989123, ""max"": 9.989123}, ""cpu_util_1"": {""mean"": 9.989123, ""max"": 9.989123}, ""cpu_util_2"": {""mean"": 9.989123, ""max"": 9.989123}, ""cpu_util_3"": {""mean"": 9.989123, ""max"": 9.989123}, ""cpu_util_4"": {""mean"": 9.989123, ""max"": 9.989123}, ""cpu_util_5"": {""mean"": 9.989123, ""max"": 9.989123}, ""cpu_util_6"": {""mean"": 9.989123, ""max"": 9.989123}, ""cpu_util_7"": {""mean"": 9.989123, ""max"": 9.989123}, ""cpu_util_8"": {""mean"": 9.989123, ""max"": 9.989123}, ""cpu_util_9"": {""mean"": 9.989123, ""max"": 9.989123}, ""cpu_util_10"": {""mean"": 9.989123, ""max"": 9.989123}, ""cpu_util_11"": {""mean"": 9.989123, ""max"": 9.989123}, ""memory"": {""mean"": 0.638371, ""max"": 0.638371}, ""io_read_count"": {""mean"": 10928.100387, ""max"": 10928.100387}, ""io_write_count"": {""mean"": 19.978246, ""max"": 19.978246}, ""io_read"": {""mean"": 0.0, ""max"": 0.0}, ""io_write"": {""mean"": 0.0, ""max"": 0.0}, ""gpu_util_avg"": {""mean"": 0.0, ""max"": 0.0}, ""gpu_util_min"": {""mean"": 0.0, ""max"": 0.0}, ""gpu_util_max"": {""mean"": 0.0, ""max"": 0.0}, ""gpu_util_0"": {""mean"": 0.0, ""max"": 0.0}, ""gpu_band_avg"": {""mean"": 0.0, ""max"": 0.0}, ""gpu_band_min"": {""mean"": 0.0, ""max"": 0.0}, ""gpu_band_max"": {""mean"": 0.0, ""max"": 0.0}, ""gpu_band_0"": {""mean"": 0.0, ""max"": 0.0}, ""gpu_mem_avg"": {""mean"": 0.0, ""max"": 0.0}, ""gpu_mem_min"": {""mean"": 0.0, ""max"": 0.0}, ""gpu_mem_max"": {""mean"": 0.0, ""max"": 0.0}, ""gpu_mem_0"": {""mean"": 0.0, ""max"": 0.0}}","{""base"": {""kind"": ""array"", ""shape"": [10000000], ""dtype"": ""float64"", ""mean"": 2.0, ""std"": 0.0, ""min"": 2.0, ""max"": 2.0}, ""total"": {""kind"": ""scalar"", ""value"": 10000000.0}}","[JUmPER]: a benchmark measurement spent at least 10ms of its 59ms on 19555 page faults - the cost of touching memory inherited from the prefix rather than of the cell itself. Cells working over large Python objects are affected most, and the timing understates them. Re-run with --replay-mode full for a number that does not carry this.",
view_alias,write_through,full,full,False,9,0,ok,0.00833,0.071886,,2.8625,2.8783,,{},"{""base"": {""kind"": ""array"", ""shape"": [10000000], ""dtype"": ""float64"", ""mean"": 2.0, ""std"": 0.0, ""min"": 2.0, ""max"": 2.0}, ""total"": {""kind"": ""scalar"", ""value"": 10000000.0}}",,
view_alias,write_through,fork,fork,False,9,1,ok,0.057401,0.0,,0.2873,0.3068,19555.0,"{""cpu_util_avg"": {""mean"": 11.668303, ""max"": 11.668303}, ""cpu_util_min"": {""mean"": 11.668303, ""max"": 11.668303}, ""cpu_util_max"": {""mean"": 11.668303, ""max"": 11.668303}, ""cpu_util_0"": {""mean"": 11.668303, ""max"": 11.668303}, ""cpu_util_1"": {""mean"": 11.668303, ""max"": 11.668303}, ""cpu_util_2"": {""mean"": 11.668303, ""max"": 11.668303}, ""cpu_util_3"": {""mean"": 11.668303, ""max"": 11.668303}, ""cpu_util_4"": {""mean"": 11.668303, ""max"": 11.668303}, ""cpu_util_5"": {""mean"": 11.668303, ""max"": 11.668303}, ""cpu_util_6"": {""mean"": 11.668303, ""max"": 11.668303}, ""cpu_util_7"": {""mean"": 11.668303, ""max"": 11.668303}, ""cpu_util_8"": {""mean"": 11.668303, ""max"": 11.668303}, ""cpu_util_9"": {""mean"": 11.668303, ""max"": 11.668303}, ""cpu_util_10"": {""mean"": 11.668303, ""max"": 11.668303}, ""cpu_util_11"": {""mean"": 11.668303, ""max"": 11.668303}, ""memory"": {""mean"": 0.638493, ""max"": 0.638493}, ""io_read_count"": {""mean"": 10941.53444, ""max"": 10941.53444}, ""io_write_count"": {""mean"": 20.002805, ""max"": 20.002805}, ""io_read"": {""mean"": 0.0, ""max"": 0.0}, ""io_write"": {""mean"": 0.0, ""max"": 0.0}, ""gpu_util_avg"": {""mean"": 0.0, ""max"": 0.0}, ""gpu_util_min"": {""mean"": 0.0, ""max"": 0.0}, ""gpu_util_max"": {""mean"": 0.0, ""max"": 0.0}, ""gpu_util_0"": {""mean"": 0.0, ""max"": 0.0}, ""gpu_band_avg"": {""mean"": 0.0, ""max"": 0.0}, ""gpu_band_min"": {""mean"": 0.0, ""max"": 0.0}, ""gpu_band_max"": {""mean"": 0.0, ""max"": 0.0}, ""gpu_band_0"": {""mean"": 0.0, ""max"": 0.0}, ""gpu_mem_avg"": {""mean"": 0.0, ""max"": 0.0}, ""gpu_mem_min"": {""mean"": 0.0, ""max"": 0.0}, ""gpu_mem_max"": {""mean"": 0.0, ""max"": 0.0}, ""gpu_mem_0"": {""mean"": 0.0, ""max"": 0.0}}","{""base"": {""kind"": ""array"", ""shape"": [10000000], ""dtype"": ""float64"", ""mean"": 2.0, ""std"": 0.0, ""min"": 2.0, ""max"": 2.0}, ""total"": {""kind"": ""scalar"", ""value"": 10000000.0}}","[JUmPER]: a benchmark measurement spent at least 10ms of its 57ms on 19555 page faults - the cost of touching memory inherited from the prefix rather than of the cell itself. Cells working over large Python objects are affected most, and the timing understates them. Re-run with --replay-mode full for a number that does not carry this.",
view_alias,write_through,dill,dill,False,9,2,ok,0.007961,0.0,0.0876,2.9216,2.9384,,{},"{""base"": {""kind"": ""array"", ""shape"": [10000000], ""dtype"": ""float64"", ""mean"": 2.0, ""std"": 0.0, ""min"": 2.0, ""max"": 2.0}, ""total"": {""kind"": ""scalar"", ""value"": 5000000.0}}",,
view_alias,write_through,fork,fork,False,10,0,ok,0.061756,0.0,,0.307,0.3274,19555.0,"{""cpu_util_avg"": {""mean"": 10.832518499999999, ""max"": 11.667385}, ""cpu_util_min"": {""mean"": 10.832518499999999, ""max"": 11.667385}, ""cpu_util_max"": {""mean"": 10.832518499999999, ""max"": 11.667385}, ""cpu_util_0"": {""mean"": 10.832518499999999, ""max"": 11.667385}, ""cpu_util_1"": {""mean"": 10.832518499999999, ""max"": 11.667385}, ""cpu_util_2"": {""mean"": 10.832518499999999, ""max"": 11.667385}, ""cpu_util_3"": {""mean"": 10.832518499999999, ""max"": 11.667385}, ""cpu_util_4"": {""mean"": 10.832518499999999, ""max"": 11.667385}, ""cpu_util_5"": {""mean"": 10.832518499999999, ""max"": 11.667385}, ""cpu_util_6"": {""mean"": 10.832518499999999, ""max"": 11.667385}, ""cpu_util_7"": {""mean"": 10.832518499999999, ""max"": 11.667385}, ""cpu_util_8"": {""mean"": 10.832518499999999, ""max"": 11.667385}, ""cpu_util_9"": {""mean"": 10.832518499999999, ""max"": 11.667385}, ""cpu_util_10"": {""mean"": 10.832518499999999, ""max"": 11.667385}, ""cpu_util_11"": {""mean"": 10.832518499999999, ""max"": 11.667385}, ""memory"": {""mean"": 0.6388590000000001, ""max"": 0.639103}, ""io_read_count"": {""mean"": 10939.052479499998, ""max"": 10940.673286}, ""io_write_count"": {""mean"": 29.998883499999998, ""max"": 40.002462}, ""io_read"": {""mean"": 0.0, ""max"": 0.0}, ""io_write"": {""mean"": 40962.5208215, ""max"": 81925.041643}, ""gpu_util_avg"": {""mean"": 0.0, ""max"": 0.0}, ""gpu_util_min"": {""mean"": 0.0, ""max"": 0.0}, ""gpu_util_max"": {""mean"": 0.0, ""max"": 0.0}, ""gpu_util_0"": {""mean"": 0.0, ""max"": 0.0}, ""gpu_band_avg"": {""mean"": 0.0, ""max"": 0.0}, ""gpu_band_min"": {""mean"": 0.0, ""max"": 0.0}, ""gpu_band_max"": {""mean"": 0.0, ""max"": 0.0}, ""gpu_band_0"": {""mean"": 0.0, ""max"": 0.0}, ""gpu_mem_avg"": {""mean"": 0.0, ""max"": 0.0}, ""gpu_mem_min"": {""mean"": 0.0, ""max"": 0.0}, ""gpu_mem_max"": {""mean"": 0.0, ""max"": 0.0}, ""gpu_mem_0"": {""mean"": 0.0, ""max"": 0.0}}","{""base"": {""kind"": ""array"", ""shape"": [10000000], ""dtype"": ""float64"", ""mean"": 2.0, ""std"": 0.0, ""min"": 2.0, ""max"": 2.0}, ""total"": {""kind"": ""scalar"", ""value"": 10000000.0}}","[JUmPER]: a benchmark measurement spent at least 10ms of its 62ms on 19555 page faults - the cost of touching memory inherited from the prefix rather than of the cell itself. Cells working over large Python objects are affected most, and the timing understates them. Re-run with --replay-mode full for a number that does not carry this.",
view_alias,write_through,dill,dill,False,10,1,ok,0.008416,0.0,0.096,3.1655,3.1816,,{},"{""base"": {""kind"": ""array"", ""shape"": [10000000], ""dtype"": ""float64"", ""mean"": 2.0, ""std"": 0.0, ""min"": 2.0, ""max"": 2.0}, ""total"": {""kind"": ""scalar"", ""value"": 5000000.0}}",,
view_alias,write_through,full,full,False,10,2,ok,0.007795,0.084183,,3.0645,3.0811,,{},"{""base"": {""kind"": ""array"", ""shape"": [10000000], ""dtype"": ""float64"", ""mean"": 2.0, ""std"": 0.0, ""min"": 2.0, ""max"": 2.0}, ""total"": {""kind"": ""scalar"", ""value"": 10000000.0}}",,
open_handle,sum,full,full,False,0,0,ok,0.000897,0.012671,,2.9208,2.9314,,{},"{""total"": {""kind"": ""scalar"", ""value"": 1999999000000.0}}",,
open_handle,sum,fork,fork,False,0,1,ok,0.001366,0.0,,0.1587,0.1762,,{},"{""total"": {""kind"": ""scalar"", ""value"": 1999999000000.0}}",,
open_handle,sum,dill,full,True,0,2,ok,0.000808,0.010877,,2.726,2.7366,,{},"{""total"": {""kind"": ""scalar"", ""value"": 1999999000000.0}}",,
open_handle,sum,fork,fork,False,1,0,ok,0.001288,0.0,,0.1379,0.1532,,{},"{""total"": {""kind"": ""scalar"", ""value"": 1999999000000.0}}",,
open_handle,sum,dill,full,True,1,1,ok,0.000979,0.015784,,2.6076,2.6182,,{},"{""total"": {""kind"": ""scalar"", ""value"": 1999999000000.0}}",,
open_handle,sum,full,full,False,1,2,ok,0.000893,0.015079,,2.9128,2.9254,,{},"{""total"": {""kind"": ""scalar"", ""value"": 1999999000000.0}}",,
open_handle,sum,dill,full,True,2,0,ok,0.000673,0.016779,,3.2116,3.2261,,{},"{""total"": {""kind"": ""scalar"", ""value"": 1999999000000.0}}",,
open_handle,sum,full,full,False,2,1,ok,0.00078,0.014733,,3.1689,3.181,,{},"{""total"": {""kind"": ""scalar"", ""value"": 1999999000000.0}}",,
open_handle,sum,fork,fork,False,2,2,ok,0.001555,0.0,,0.1587,0.1763,,{},"{""total"": {""kind"": ""scalar"", ""value"": 1999999000000.0}}",,
open_handle,sum,full,full,False,3,0,ok,0.00111,0.019251,,3.0662,3.0798,,{},"{""total"": {""kind"": ""scalar"", ""value"": 1999999000000.0}}",,
open_handle,sum,fork,fork,False,3,1,ok,0.00141,0.0,,0.1507,0.1684,,{},"{""total"": {""kind"": ""scalar"", ""value"": 1999999000000.0}}",,
open_handle,sum,dill,full,True,3,2,ok,0.000853,0.009492,,2.8506,2.8621,,{},"{""total"": {""kind"": ""scalar"", ""value"": 1999999000000.0}}",,
open_handle,sum,fork,fork,False,4,0,ok,0.001526,0.0,,0.1496,0.1666,,{},"{""total"": {""kind"": ""scalar"", ""value"": 1999999000000.0}}",,
open_handle,sum,dill,full,True,4,1,ok,0.000928,0.015754,,2.7516,2.7629,,{},"{""total"": {""kind"": ""scalar"", ""value"": 1999999000000.0}}",,
open_handle,sum,full,full,False,4,2,ok,0.000963,0.013608,,2.7097,2.7212,,{},"{""total"": {""kind"": ""scalar"", ""value"": 1999999000000.0}}",,
open_handle,sum,dill,full,True,5,0,ok,0.000832,0.01347,,2.7788,2.7897,,{},"{""total"": {""kind"": ""scalar"", ""value"": 1999999000000.0}}",,
open_handle,sum,full,full,False,5,1,ok,0.000712,0.012845,,2.7473,2.7585,,{},"{""total"": {""kind"": ""scalar"", ""value"": 1999999000000.0}}",,
open_handle,sum,fork,fork,False,5,2,ok,0.001357,0.0,,0.1386,0.1548,,{},"{""total"": {""kind"": ""scalar"", ""value"": 1999999000000.0}}",,
open_handle,sum,full,full,False,6,0,ok,0.000791,0.01293,,2.6609,2.6742,,{},"{""total"": {""kind"": ""scalar"", ""value"": 1999999000000.0}}",,
open_handle,sum,fork,fork,False,6,1,ok,0.001285,0.0,,0.1365,0.1519,,{},"{""total"": {""kind"": ""scalar"", ""value"": 1999999000000.0}}",,
open_handle,sum,dill,full,True,6,2,ok,0.000671,0.015313,,2.7446,2.7561,,{},"{""total"": {""kind"": ""scalar"", ""value"": 1999999000000.0}}",,
open_handle,sum,fork,fork,False,7,0,ok,0.001484,0.0,,0.1393,0.1549,,{},"{""total"": {""kind"": ""scalar"", ""value"": 1999999000000.0}}",,
open_handle,sum,dill,full,True,7,1,ok,0.000783,0.013221,,2.7274,2.738,,{},"{""total"": {""kind"": ""scalar"", ""value"": 1999999000000.0}}",,
open_handle,sum,full,full,False,7,2,ok,0.000707,0.014793,,2.715,2.7263,,{},"{""total"": {""kind"": ""scalar"", ""value"": 1999999000000.0}}",,
open_handle,sum,dill,full,True,8,0,ok,0.000776,0.012085,,2.6678,2.6789,,{},"{""total"": {""kind"": ""scalar"", ""value"": 1999999000000.0}}",,
open_handle,sum,full,full,False,8,1,ok,0.000841,0.012755,,2.8516,2.8639,,{},"{""total"": {""kind"": ""scalar"", ""value"": 1999999000000.0}}",,
open_handle,sum,fork,fork,False,8,2,ok,0.001458,0.0,,0.1493,0.1662,,{},"{""total"": {""kind"": ""scalar"", ""value"": 1999999000000.0}}",,
open_handle,sum,full,full,False,9,0,ok,0.000699,0.016402,,2.891,2.9022,,{},"{""total"": {""kind"": ""scalar"", ""value"": 1999999000000.0}}",,
open_handle,sum,fork,fork,False,9,1,ok,0.001445,0.0,,0.1506,0.1669,,{},"{""total"": {""kind"": ""scalar"", ""value"": 1999999000000.0}}",,
open_handle,sum,dill,full,True,9,2,ok,0.000666,0.015931,,2.773,2.7866,,{},"{""total"": {""kind"": ""scalar"", ""value"": 1999999000000.0}}",,
open_handle,sum,fork,fork,False,10,0,ok,0.001308,0.0,,0.1403,0.1565,,{},"{""total"": {""kind"": ""scalar"", ""value"": 1999999000000.0}}",,
open_handle,sum,dill,full,True,10,1,ok,0.000679,0.015246,,2.6911,2.7019,,{},"{""total"": {""kind"": ""scalar"", ""value"": 1999999000000.0}}",,
open_handle,sum,full,full,False,10,2,ok,0.000694,0.01571,,2.6885,2.6993,,{},"{""total"": {""kind"": ""scalar"", ""value"": 1999999000000.0}}",,
rng_stream,draw,full,full,False,0,0,ok,0.026877,0.000213,,2.8646,2.876,,{},"{""numpy_draw"": {""kind"": ""scalar"", ""value"": 1000401.024750496}, ""python_draw"": {""kind"": ""scalar"", ""value"": 0.36536897181816486}}",,
rng_stream,draw,fork,fork,False,0,1,ok,0.019749,0.0,,0.1791,0.2005,3946.0,"{""cpu_util_avg"": {""mean"": 10.000343, ""max"": 10.000343}, ""cpu_util_min"": {""mean"": 10.000343, ""max"": 10.000343}, ""cpu_util_max"": {""mean"": 10.000343, ""max"": 10.000343}, ""cpu_util_0"": {""mean"": 10.000343, ""max"": 10.000343}, ""cpu_util_1"": {""mean"": 10.000343, ""max"": 10.000343}, ""cpu_util_2"": {""mean"": 10.000343, ""max"": 10.000343}, ""cpu_util_3"": {""mean"": 10.000343, ""max"": 10.000343}, ""cpu_util_4"": {""mean"": 10.000343, ""max"": 10.000343}, ""cpu_util_5"": {""mean"": 10.000343, ""max"": 10.000343}, ""cpu_util_6"": {""mean"": 10.000343, ""max"": 10.000343}, ""cpu_util_7"": {""mean"": 10.000343, ""max"": 10.000343}, ""cpu_util_8"": {""mean"": 10.000343, ""max"": 10.000343}, ""cpu_util_9"": {""mean"": 10.000343, ""max"": 10.000343}, ""cpu_util_10"": {""mean"": 10.000343, ""max"": 10.000343}, ""cpu_util_11"": {""mean"": 10.000343, ""max"": 10.000343}, ""memory"": {""mean"": 0.491798, ""max"": 0.491798}, ""io_read_count"": {""mean"": 10940.375691, ""max"": 10940.375691}, ""io_write_count"": {""mean"": 20.000687, ""max"": 20.000687}, ""io_read"": {""mean"": 0.0, ""max"": 0.0}, ""io_write"": {""mean"": 0.0, ""max"": 0.0}, ""gpu_util_avg"": {""mean"": 0.0, ""max"": 0.0}, ""gpu_util_min"": {""mean"": 0.0, ""max"": 0.0}, ""gpu_util_max"": {""mean"": 0.0, ""max"": 0.0}, ""gpu_util_0"": {""mean"": 0.0, ""max"": 0.0}, ""gpu_band_avg"": {""mean"": 0.0, ""max"": 0.0}, ""gpu_band_min"": {""mean"": 0.0, ""max"": 0.0}, ""gpu_band_max"": {""mean"": 0.0, ""max"": 0.0}, ""gpu_band_0"": {""mean"": 0.0, ""max"": 0.0}, ""gpu_mem_avg"": {""mean"": 0.0, ""max"": 0.0}, ""gpu_mem_min"": {""mean"": 0.0, ""max"": 0.0}, ""gpu_mem_max"": {""mean"": 0.0, ""max"": 0.0}, ""gpu_mem_0"": {""mean"": 0.0, ""max"": 0.0}}","{""numpy_draw"": {""kind"": ""scalar"", ""value"": 1000401.024750496}, ""python_draw"": {""kind"": ""scalar"", ""value"": 0.5710700888129308}}","[JUmPER]: a benchmark measurement spent at least 2ms of its 20ms on 3946 page faults - the cost of touching memory inherited from the prefix rather than of the cell itself. Cells working over large Python objects are affected most, and the timing understates them. Re-run with --replay-mode full for a number that does not carry this.",
rng_stream,draw,dill,dill,False,0,2,ok,0.025884,0.0,0.0087,2.8334,2.8436,,{},"{""numpy_draw"": {""kind"": ""scalar"", ""value"": 1000401.024750496}, ""python_draw"": {""kind"": ""scalar"", ""value"": 0.36536897181816486}}",,
rng_stream,draw,fork,fork,False,1,0,ok,0.019711,0.0,,0.156,0.1745,3946.0,"{""cpu_util_avg"": {""mean"": 13.331868, ""max"": 13.331868}, ""cpu_util_min"": {""mean"": 13.331868, ""max"": 13.331868}, ""cpu_util_max"": {""mean"": 13.331868, ""max"": 13.331868}, ""cpu_util_0"": {""mean"": 13.331868, ""max"": 13.331868}, ""cpu_util_1"": {""mean"": 13.331868, ""max"": 13.331868}, ""cpu_util_2"": {""mean"": 13.331868, ""max"": 13.331868}, ""cpu_util_3"": {""mean"": 13.331868, ""max"": 13.331868}, ""cpu_util_4"": {""mean"": 13.331868, ""max"": 13.331868}, ""cpu_util_5"": {""mean"": 13.331868, ""max"": 13.331868}, ""cpu_util_6"": {""mean"": 13.331868, ""max"": 13.331868}, ""cpu_util_7"": {""mean"": 13.331868, ""max"": 13.331868}, ""cpu_util_8"": {""mean"": 13.331868, ""max"": 13.331868}, ""cpu_util_9"": {""mean"": 13.331868, ""max"": 13.331868}, ""cpu_util_10"": {""mean"": 13.331868, ""max"": 13.331868}, ""cpu_util_11"": {""mean"": 13.331868, ""max"": 13.331868}, ""memory"": {""mean"": 0.363907, ""max"": 0.363907}, ""io_read_count"": {""mean"": 7199.208808, ""max"": 7199.208808}, ""io_write_count"": {""mean"": 19.997802, ""max"": 19.997802}, ""io_read"": {""mean"": 0.0, ""max"": 0.0}, ""io_write"": {""mean"": 0.0, ""max"": 0.0}, ""gpu_util_avg"": {""mean"": 0.0, ""max"": 0.0}, ""gpu_util_min"": {""mean"": 0.0, ""max"": 0.0}, ""gpu_util_max"": {""mean"": 0.0, ""max"": 0.0}, ""gpu_util_0"": {""mean"": 0.0, ""max"": 0.0}, ""gpu_band_avg"": {""mean"": 0.0, ""max"": 0.0}, ""gpu_band_min"": {""mean"": 0.0, ""max"": 0.0}, ""gpu_band_max"": {""mean"": 0.0, ""max"": 0.0}, ""gpu_band_0"": {""mean"": 0.0, ""max"": 0.0}, ""gpu_mem_avg"": {""mean"": 0.0, ""max"": 0.0}, ""gpu_mem_min"": {""mean"": 0.0, ""max"": 0.0}, ""gpu_mem_max"": {""mean"": 0.0, ""max"": 0.0}, ""gpu_mem_0"": {""mean"": 0.0, ""max"": 0.0}}","{""numpy_draw"": {""kind"": ""scalar"", ""value"": 1000401.024750496}, ""python_draw"": {""kind"": ""scalar"", ""value"": 0.7124802064002989}}","[JUmPER]: a benchmark measurement spent at least 2ms of its 20ms on 3946 page faults - the cost of touching memory inherited from the prefix rather than of the cell itself. Cells working over large Python objects are affected most, and the timing understates them. Re-run with --replay-mode full for a number that does not carry this.",
rng_stream,draw,dill,dill,False,1,1,ok,0.033925,0.0,0.0021,2.7394,2.7497,,{},"{""numpy_draw"": {""kind"": ""scalar"", ""value"": 1000401.024750496}, ""python_draw"": {""kind"": ""scalar"", ""value"": 0.36536897181816486}}",,
rng_stream,draw,full,full,False,1,2,ok,0.031657,0.000107,,2.8922,2.9039,,{},"{""numpy_draw"": {""kind"": ""scalar"", ""value"": 1000401.024750496}, ""python_draw"": {""kind"": ""scalar"", ""value"": 0.36536897181816486}}",,
rng_stream,draw,dill,dill,False,2,0,ok,0.02872,0.0,0.0019,3.24,3.2512,,{},"{""numpy_draw"": {""kind"": ""scalar"", ""value"": 1000401.024750496}, ""python_draw"": {""kind"": ""scalar"", ""value"": 0.36536897181816486}}",,
rng_stream,draw,full,full,False,2,1,ok,0.030721,8.4e-05,,2.9023,2.9146,,{},"{""numpy_draw"": {""kind"": ""scalar"", ""value"": 1000401.024750496}, ""python_draw"": {""kind"": ""scalar"", ""value"": 0.36536897181816486}}",,
rng_stream,draw,fork,fork,False,2,2,ok,0.020333,0.0,,0.1641,0.1833,3946.0,"{""cpu_util_avg"": {""mean"": 8.325467, ""max"": 8.325467}, ""cpu_util_min"": {""mean"": 8.325467, ""max"": 8.325467}, ""cpu_util_max"": {""mean"": 8.325467, ""max"": 8.325467}, ""cpu_util_0"": {""mean"": 8.325467, ""max"": 8.325467}, ""cpu_util_1"": {""mean"": 8.325467, ""max"": 8.325467}, ""cpu_util_2"": {""mean"": 8.325467, ""max"": 8.325467}, ""cpu_util_3"": {""mean"": 8.325467, ""max"": 8.325467}, ""cpu_util_4"": {""mean"": 8.325467, ""max"": 8.325467}, ""cpu_util_5"": {""mean"": 8.325467, ""max"": 8.325467}, ""cpu_util_6"": {""mean"": 8.325467, ""max"": 8.325467}, ""cpu_util_7"": {""mean"": 8.325467, ""max"": 8.325467}, ""cpu_util_8"": {""mean"": 8.325467, ""max"": 8.325467}, ""cpu_util_9"": {""mean"": 8.325467, ""max"": 8.325467}, ""cpu_util_10"": {""mean"": 8.325467, ""max"": 8.325467}, ""cpu_util_11"": {""mean"": 8.325467, ""max"": 8.325467}, ""memory"": {""mean"": 0.502419, ""max"": 0.502419}, ""io_read_count"": {""mean"": 10929.673647, ""max"": 10929.673647}, ""io_write_count"": {""mean"": 19.981122, ""max"": 19.981122}, ""io_read"": {""mean"": 0.0, ""max"": 0.0}, ""io_write"": {""mean"": 0.0, ""max"": 0.0}, ""gpu_util_avg"": {""mean"": 0.0, ""max"": 0.0}, ""gpu_util_min"": {""mean"": 0.0, ""max"": 0.0}, ""gpu_util_max"": {""mean"": 0.0, ""max"": 0.0}, ""gpu_util_0"": {""mean"": 0.0, ""max"": 0.0}, ""gpu_band_avg"": {""mean"": 0.0, ""max"": 0.0}, ""gpu_band_min"": {""mean"": 0.0, ""max"": 0.0}, ""gpu_band_max"": {""mean"": 0.0, ""max"": 0.0}, ""gpu_band_0"": {""mean"": 0.0, ""max"": 0.0}, ""gpu_mem_avg"": {""mean"": 0.0, ""max"": 0.0}, ""gpu_mem_min"": {""mean"": 0.0, ""max"": 0.0}, ""gpu_mem_max"": {""mean"": 0.0, ""max"": 0.0}, ""gpu_mem_0"": {""mean"": 0.0, ""max"": 0.0}}","{""numpy_draw"": {""kind"": ""scalar"", ""value"": 1000401.024750496}, ""python_draw"": {""kind"": ""scalar"", ""value"": 0.8192846778816287}}","[JUmPER]: a benchmark measurement spent at least 2ms of its 20ms on 3946 page faults - the cost of touching memory inherited from the prefix rather than of the cell itself. Cells working over large Python objects are affected most, and the timing understates them. Re-run with --replay-mode full for a number that does not carry this.",
rng_stream,draw,full,full,False,3,0,ok,0.025353,9.3e-05,,2.7204,2.7328,,{},"{""numpy_draw"": {""kind"": ""scalar"", ""value"": 1000401.024750496}, ""python_draw"": {""kind"": ""scalar"", ""value"": 0.36536897181816486}}",,
rng_stream,draw,fork,fork,False,3,1,ok,0.02256,0.0,,0.1614,0.1809,3946.0,"{""cpu_util_avg"": {""mean"": 9.999169, ""max"": 9.999169}, ""cpu_util_min"": {""mean"": 9.999169, ""max"": 9.999169}, ""cpu_util_max"": {""mean"": 9.999169, ""max"": 9.999169}, ""cpu_util_0"": {""mean"": 9.999169, ""max"": 9.999169}, ""cpu_util_1"": {""mean"": 9.999169, ""max"": 9.999169}, ""cpu_util_2"": {""mean"": 9.999169, ""max"": 9.999169}, ""cpu_util_3"": {""mean"": 9.999169, ""max"": 9.999169}, ""cpu_util_4"": {""mean"": 9.999169, ""max"": 9.999169}, ""cpu_util_5"": {""mean"": 9.999169, ""max"": 9.999169}, ""cpu_util_6"": {""mean"": 9.999169, ""max"": 9.999169}, ""cpu_util_7"": {""mean"": 9.999169, ""max"": 9.999169}, ""cpu_util_8"": {""mean"": 9.999169, ""max"": 9.999169}, ""cpu_util_9"": {""mean"": 9.999169, ""max"": 9.999169}, ""cpu_util_10"": {""mean"": 9.999169, ""max"": 9.999169}, ""cpu_util_11"": {""mean"": 9.999169, ""max"": 9.999169}, ""memory"": {""mean"": 0.494362, ""max"": 0.494362}, ""io_read_count"": {""mean"": 10939.090523, ""max"": 10939.090523}, ""io_write_count"": {""mean"": 19.998337, ""max"": 19.998337}, ""io_read"": {""mean"": 0.0, ""max"": 0.0}, ""io_write"": {""mean"": 0.0, ""max"": 0.0}, ""gpu_util_avg"": {""mean"": 0.0, ""max"": 0.0}, ""gpu_util_min"": {""mean"": 0.0, ""max"": 0.0}, ""gpu_util_max"": {""mean"": 0.0, ""max"": 0.0}, ""gpu_util_0"": {""mean"": 0.0, ""max"": 0.0}, ""gpu_band_avg"": {""mean"": 0.0, ""max"": 0.0}, ""gpu_band_min"": {""mean"": 0.0, ""max"": 0.0}, ""gpu_band_max"": {""mean"": 0.0, ""max"": 0.0}, ""gpu_band_0"": {""mean"": 0.0, ""max"": 0.0}, ""gpu_mem_avg"": {""mean"": 0.0, ""max"": 0.0}, ""gpu_mem_min"": {""mean"": 0.0, ""max"": 0.0}, ""gpu_mem_max"": {""mean"": 0.0, ""max"": 0.0}, ""gpu_mem_0"": {""mean"": 0.0, ""max"": 0.0}}","{""numpy_draw"": {""kind"": ""scalar"", ""value"": 1000401.024750496}, ""python_draw"": {""kind"": ""scalar"", ""value"": 0.5251051698521768}}","[JUmPER]: a benchmark measurement spent at least 2ms of its 23ms on 3946 page faults - the cost of touching memory inherited from the prefix rather than of the cell itself. Cells working over large Python objects are affected most, and the timing understates them. Re-run with --replay-mode full for a number that does not carry this.",
rng_stream,draw,dill,dill,False,3,2,ok,0.026043,0.0,0.0017,2.7868,2.7972,,{},"{""numpy_draw"": {""kind"": ""scalar"", ""value"": 1000401.024750496}, ""python_draw"": {""kind"": ""scalar"", ""value"": 0.36536897181816486}}",,
rng_stream,draw,fork,fork,False,4,0,ok,0.019637,0.0,,0.1575,0.2018,3946.0,{},"{""numpy_draw"": {""kind"": ""scalar"", ""value"": 1000401.024750496}, ""python_draw"": {""kind"": ""scalar"", ""value"": 0.8447205834757128}}","[JUmPER]: a benchmark measurement spent at least 2ms of its 20ms on 3946 page faults - the cost of touching memory inherited from the prefix rather than of the cell itself. Cells working over large Python objects are affected most, and the timing understates them. Re-run with --replay-mode full for a number that does not carry this.",
rng_stream,draw,dill,dill,False,4,1,ok,0.02595,0.0,0.0017,2.8116,2.822,,{},"{""numpy_draw"": {""kind"": ""scalar"", ""value"": 1000401.024750496}, ""python_draw"": {""kind"": ""scalar"", ""value"": 0.36536897181816486}}",,
rng_stream,draw,full,full,False,4,2,ok,0.027156,8e-05,,2.7063,2.7195,,{},"{""numpy_draw"": {""kind"": ""scalar"", ""value"": 1000401.024750496}, ""python_draw"": {""kind"": ""scalar"", ""value"": 0.36536897181816486}}",,
rng_stream,draw,dill,dill,False,5,0,ok,0.029035,0.0,0.0016,2.7487,2.7626,,{},"{""numpy_draw"": {""kind"": ""scalar"", ""value"": 1000401.024750496}, ""python_draw"": {""kind"": ""scalar"", ""value"": 0.36536897181816486}}",,
rng_stream,draw,full,full,False,5,1,ok,0.030584,7.7e-05,,2.7592,2.771,,{},"{""numpy_draw"": {""kind"": ""scalar"", ""value"": 1000401.024750496}, ""python_draw"": {""kind"": ""scalar"", ""value"": 0.36536897181816486}}",,
rng_stream,draw,fork,fork,False,5,2,ok,0.019542,0.0,,0.1562,0.1756,3946.0,"{""cpu_util_avg"": {""mean"": 10.000651, ""max"": 10.000651}, ""cpu_util_min"": {""mean"": 10.000651, ""max"": 10.000651}, ""cpu_util_max"": {""mean"": 10.000651, ""max"": 10.000651}, ""cpu_util_0"": {""mean"": 10.000651, ""max"": 10.000651}, ""cpu_util_1"": {""mean"": 10.000651, ""max"": 10.000651}, ""cpu_util_2"": {""mean"": 10.000651, ""max"": 10.000651}, ""cpu_util_3"": {""mean"": 10.000651, ""max"": 10.000651}, ""cpu_util_4"": {""mean"": 10.000651, ""max"": 10.000651}, ""cpu_util_5"": {""mean"": 10.000651, ""max"": 10.000651}, ""cpu_util_6"": {""mean"": 10.000651, ""max"": 10.000651}, ""cpu_util_7"": {""mean"": 10.000651, ""max"": 10.000651}, ""cpu_util_8"": {""mean"": 10.000651, ""max"": 10.000651}, ""cpu_util_9"": {""mean"": 10.000651, ""max"": 10.000651}, ""cpu_util_10"": {""mean"": 10.000651, ""max"": 10.000651}, ""cpu_util_11"": {""mean"": 10.000651, ""max"": 10.000651}, ""memory"": {""mean"": 0.364273, ""max"": 0.364273}, ""io_read_count"": {""mean"": 7200.468748, ""max"": 7200.468748}, ""io_write_count"": {""mean"": 20.001302, ""max"": 20.001302}, ""io_read"": {""mean"": 0.0, ""max"": 0.0}, ""io_write"": {""mean"": 0.0, ""max"": 0.0}, ""gpu_util_avg"": {""mean"": 0.0, ""max"": 0.0}, ""gpu_util_min"": {""mean"": 0.0, ""max"": 0.0}, ""gpu_util_max"": {""mean"": 0.0, ""max"": 0.0}, ""gpu_util_0"": {""mean"": 0.0, ""max"": 0.0}, ""gpu_band_avg"": {""mean"": 0.0, ""max"": 0.0}, ""gpu_band_min"": {""mean"": 0.0, ""max"": 0.0}, ""gpu_band_max"": {""mean"": 0.0, ""max"": 0.0}, ""gpu_band_0"": {""mean"": 0.0, ""max"": 0.0}, ""gpu_mem_avg"": {""mean"": 0.0, ""max"": 0.0}, ""gpu_mem_min"": {""mean"": 0.0, ""max"": 0.0}, ""gpu_mem_max"": {""mean"": 0.0, ""max"": 0.0}, ""gpu_mem_0"": {""mean"": 0.0, ""max"": 0.0}}","{""numpy_draw"": {""kind"": ""scalar"", ""value"": 1000401.024750496}, ""python_draw"": {""kind"": ""scalar"", ""value"": 0.6079976965111793}}","[JUmPER]: a benchmark measurement spent at least 2ms of its 20ms on 3946 page faults - the cost of touching memory inherited from the prefix rather than of the cell itself. Cells working over large Python objects are affected most, and the timing understates them. Re-run with --replay-mode full for a number that does not carry this.",
rng_stream,draw,full,full,False,6,0,ok,0.02532,8.1e-05,,2.7039,2.7156,,{},"{""numpy_draw"": {""kind"": ""scalar"", ""value"": 1000401.024750496}, ""python_draw"": {""kind"": ""scalar"", ""value"": 0.36536897181816486}}",,
rng_stream,draw,fork,fork,False,6,1,ok,0.01977,0.0,,0.1553,0.1736,3946.0,"{""cpu_util_avg"": {""mean"": 10.003539, ""max"": 10.003539}, ""cpu_util_min"": {""mean"": 10.003539, ""max"": 10.003539}, ""cpu_util_max"": {""mean"": 10.003539, ""max"": 10.003539}, ""cpu_util_0"": {""mean"": 10.003539, ""max"": 10.003539}, ""cpu_util_1"": {""mean"": 10.003539, ""max"": 10.003539}, ""cpu_util_2"": {""mean"": 10.003539, ""max"": 10.003539}, ""cpu_util_3"": {""mean"": 10.003539, ""max"": 10.003539}, ""cpu_util_4"": {""mean"": 10.003539, ""max"": 10.003539}, ""cpu_util_5"": {""mean"": 10.003539, ""max"": 10.003539}, ""cpu_util_6"": {""mean"": 10.003539, ""max"": 10.003539}, ""cpu_util_7"": {""mean"": 10.003539, ""max"": 10.003539}, ""cpu_util_8"": {""mean"": 10.003539, ""max"": 10.003539}, ""cpu_util_9"": {""mean"": 10.003539, ""max"": 10.003539}, ""cpu_util_10"": {""mean"": 10.003539, ""max"": 10.003539}, ""cpu_util_11"": {""mean"": 10.003539, ""max"": 10.003539}, ""memory"": {""mean"": 0.364273, ""max"": 0.364273}, ""io_read_count"": {""mean"": 7622.696451, ""max"": 7622.696451}, ""io_write_count"": {""mean"": 20.007077, ""max"": 20.007077}, ""io_read"": {""mean"": 0.0, ""max"": 0.0}, ""io_write"": {""mean"": 0.0, ""max"": 0.0}, ""gpu_util_avg"": {""mean"": 0.0, ""max"": 0.0}, ""gpu_util_min"": {""mean"": 0.0, ""max"": 0.0}, ""gpu_util_max"": {""mean"": 0.0, ""max"": 0.0}, ""gpu_util_0"": {""mean"": 0.0, ""max"": 0.0}, ""gpu_band_avg"": {""mean"": 0.0, ""max"": 0.0}, ""gpu_band_min"": {""mean"": 0.0, ""max"": 0.0}, ""gpu_band_max"": {""mean"": 0.0, ""max"": 0.0}, ""gpu_band_0"": {""mean"": 0.0, ""max"": 0.0}, ""gpu_mem_avg"": {""mean"": 0.0, ""max"": 0.0}, ""gpu_mem_min"": {""mean"": 0.0, ""max"": 0.0}, ""gpu_mem_max"": {""mean"": 0.0, ""max"": 0.0}, ""gpu_mem_0"": {""mean"": 0.0, ""max"": 0.0}}","{""numpy_draw"": {""kind"": ""scalar"", ""value"": 1000401.024750496}, ""python_draw"": {""kind"": ""scalar"", ""value"": 0.8087103437899271}}","[JUmPER]: a benchmark measurement spent at least 2ms of its 20ms on 3946 page faults - the cost of touching memory inherited from the prefix rather than of the cell itself. Cells working over large Python objects are affected most, and the timing understates them. Re-run with --replay-mode full for a number that does not carry this.",
rng_stream,draw,dill,dill,False,6,2,ok,0.026019,0.0,0.002,2.7333,2.7441,,{},"{""numpy_draw"": {""kind"": ""scalar"", ""value"": 1000401.024750496}, ""python_draw"": {""kind"": ""scalar"", ""value"": 0.36536897181816486}}",,
rng_stream,draw,fork,fork,False,7,0,ok,0.019713,0.0,,0.1548,0.1743,3946.0,"{""cpu_util_avg"": {""mean"": 11.66493, ""max"": 11.66493}, ""cpu_util_min"": {""mean"": 11.66493, ""max"": 11.66493}, ""cpu_util_max"": {""mean"": 11.66493, ""max"": 11.66493}, ""cpu_util_0"": {""mean"": 11.66493, ""max"": 11.66493}, ""cpu_util_1"": {""mean"": 11.66493, ""max"": 11.66493}, ""cpu_util_2"": {""mean"": 11.66493, ""max"": 11.66493}, ""cpu_util_3"": {""mean"": 11.66493, ""max"": 11.66493}, ""cpu_util_4"": {""mean"": 11.66493, ""max"": 11.66493}, ""cpu_util_5"": {""mean"": 11.66493, ""max"": 11.66493}, ""cpu_util_6"": {""mean"": 11.66493, ""max"": 11.66493}, ""cpu_util_7"": {""mean"": 11.66493, ""max"": 11.66493}, ""cpu_util_8"": {""mean"": 11.66493, ""max"": 11.66493}, ""cpu_util_9"": {""mean"": 11.66493, ""max"": 11.66493}, ""cpu_util_10"": {""mean"": 11.66493, ""max"": 11.66493}, ""cpu_util_11"": {""mean"": 11.66493, ""max"": 11.66493}, ""memory"": {""mean"": 0.364273, ""max"": 0.364273}, ""io_read_count"": {""mean"": 7198.928225, ""max"": 7198.928225}, ""io_write_count"": {""mean"": 19.997023, ""max"": 19.997023}, ""io_read"": {""mean"": 0.0, ""max"": 0.0}, ""io_write"": {""mean"": 0.0, ""max"": 0.0}, ""gpu_util_avg"": {""mean"": 0.0, ""max"": 0.0}, ""gpu_util_min"": {""mean"": 0.0, ""max"": 0.0}, ""gpu_util_max"": {""mean"": 0.0, ""max"": 0.0}, ""gpu_util_0"": {""mean"": 0.0, ""max"": 0.0}, ""gpu_band_avg"": {""mean"": 0.0, ""max"": 0.0}, ""gpu_band_min"": {""mean"": 0.0, ""max"": 0.0}, ""gpu_band_max"": {""mean"": 0.0, ""max"": 0.0}, ""gpu_band_0"": {""mean"": 0.0, ""max"": 0.0}, ""gpu_mem_avg"": {""mean"": 0.0, ""max"": 0.0}, ""gpu_mem_min"": {""mean"": 0.0, ""max"": 0.0}, ""gpu_mem_max"": {""mean"": 0.0, ""max"": 0.0}, ""gpu_mem_0"": {""mean"": 0.0, ""max"": 0.0}}","{""numpy_draw"": {""kind"": ""scalar"", ""value"": 1000401.024750496}, ""python_draw"": {""kind"": ""scalar"", ""value"": 0.04125773660236309}}","[JUmPER]: a benchmark measurement spent at least 2ms of its 20ms on 3946 page faults - the cost of touching memory inherited from the prefix rather than of the cell itself. Cells working over large Python objects are affected most, and the timing understates them. Re-run with --replay-mode full for a number that does not carry this.",
rng_stream,draw,dill,dill,False,7,1,ok,0.027404,0.0,0.0018,2.9177,2.9293,,{},"{""numpy_draw"": {""kind"": ""scalar"", ""value"": 1000401.024750496}, ""python_draw"": {""kind"": ""scalar"", ""value"": 0.36536897181816486}}",,
rng_stream,draw,full,full,False,7,2,ok,0.028201,8.3e-05,,2.9112,2.9232,,{},"{""numpy_draw"": {""kind"": ""scalar"", ""value"": 1000401.024750496}, ""python_draw"": {""kind"": ""scalar"", ""value"": 0.36536897181816486}}",,
rng_stream,draw,dill,dill,False,8,0,ok,0.027875,0.0,0.0018,2.9516,2.9629,,{},"{""numpy_draw"": {""kind"": ""scalar"", ""value"": 1000401.024750496}, ""python_draw"": {""kind"": ""scalar"", ""value"": 0.36536897181816486}}",,
rng_stream,draw,full,full,False,8,1,ok,0.026354,9.5e-05,,2.7593,2.7709,,{},"{""numpy_draw"": {""kind"": ""scalar"", ""value"": 1000401.024750496}, ""python_draw"": {""kind"": ""scalar"", ""value"": 0.36536897181816486}}",,
rng_stream,draw,fork,fork,False,8,2,ok,0.019877,0.0,,0.1606,0.1792,3946.0,"{""cpu_util_avg"": {""mean"": 10.004595, ""max"": 10.004595}, ""cpu_util_min"": {""mean"": 10.004595, ""max"": 10.004595}, ""cpu_util_max"": {""mean"": 10.004595, ""max"": 10.004595}, ""cpu_util_0"": {""mean"": 10.004595, ""max"": 10.004595}, ""cpu_util_1"": {""mean"": 10.004595, ""max"": 10.004595}, ""cpu_util_2"": {""mean"": 10.004595, ""max"": 10.004595}, ""cpu_util_3"": {""mean"": 10.004595, ""max"": 10.004595}, ""cpu_util_4"": {""mean"": 10.004595, ""max"": 10.004595}, ""cpu_util_5"": {""mean"": 10.004595, ""max"": 10.004595}, ""cpu_util_6"": {""mean"": 10.004595, ""max"": 10.004595}, ""cpu_util_7"": {""mean"": 10.004595, ""max"": 10.004595}, ""cpu_util_8"": {""mean"": 10.004595, ""max"": 10.004595}, ""cpu_util_9"": {""mean"": 10.004595, ""max"": 10.004595}, ""cpu_util_10"": {""mean"": 10.004595, ""max"": 10.004595}, ""cpu_util_11"": {""mean"": 10.004595, ""max"": 10.004595}, ""memory"": {""mean"": 0.503517, ""max"": 0.503517}, ""io_read_count"": {""mean"": 10945.026394, ""max"": 10945.026394}, ""io_write_count"": {""mean"": 20.009189, ""max"": 20.009189}, ""io_read"": {""mean"": 0.0, ""max"": 0.0}, ""io_write"": {""mean"": 0.0, ""max"": 0.0}, ""gpu_util_avg"": {""mean"": 0.0, ""max"": 0.0}, ""gpu_util_min"": {""mean"": 0.0, ""max"": 0.0}, ""gpu_util_max"": {""mean"": 0.0, ""max"": 0.0}, ""gpu_util_0"": {""mean"": 0.0, ""max"": 0.0}, ""gpu_band_avg"": {""mean"": 0.0, ""max"": 0.0}, ""gpu_band_min"": {""mean"": 0.0, ""max"": 0.0}, ""gpu_band_max"": {""mean"": 0.0, ""max"": 0.0}, ""gpu_band_0"": {""mean"": 0.0, ""max"": 0.0}, ""gpu_mem_avg"": {""mean"": 0.0, ""max"": 0.0}, ""gpu_mem_min"": {""mean"": 0.0, ""max"": 0.0}, ""gpu_mem_max"": {""mean"": 0.0, ""max"": 0.0}, ""gpu_mem_0"": {""mean"": 0.0, ""max"": 0.0}}","{""numpy_draw"": {""kind"": ""scalar"", ""value"": 1000401.024750496}, ""python_draw"": {""kind"": ""scalar"", ""value"": 0.732802760029847}}","[JUmPER]: a benchmark measurement spent at least 2ms of its 20ms on 3946 page faults - the cost of touching memory inherited from the prefix rather than of the cell itself. Cells working over large Python objects are affected most, and the timing understates them. Re-run with --replay-mode full for a number that does not carry this.",
rng_stream,draw,full,full,False,9,0,ok,0.025961,7.9e-05,,2.6602,2.6727,,{},"{""numpy_draw"": {""kind"": ""scalar"", ""value"": 1000401.024750496}, ""python_draw"": {""kind"": ""scalar"", ""value"": 0.36536897181816486}}",,
rng_stream,draw,fork,fork,False,9,1,ok,0.019271,0.0,,0.1565,0.1726,3946.0,{},"{""numpy_draw"": {""kind"": ""scalar"", ""value"": 1000401.024750496}, ""python_draw"": {""kind"": ""scalar"", ""value"": 0.5814370554981418}}","[JUmPER]: a benchmark measurement spent at least 2ms of its 19ms on 3946 page faults - the cost of touching memory inherited from the prefix rather than of the cell itself. Cells working over large Python objects are affected most, and the timing understates them. Re-run with --replay-mode full for a number that does not carry this.",
rng_stream,draw,dill,dill,False,9,2,ok,0.025968,0.0,0.0018,2.813,2.8231,,{},"{""numpy_draw"": {""kind"": ""scalar"", ""value"": 1000401.024750496}, ""python_draw"": {""kind"": ""scalar"", ""value"": 0.36536897181816486}}",,
rng_stream,draw,fork,fork,False,10,0,ok,0.019527,0.0,,0.1558,0.1749,3946.0,"{""cpu_util_avg"": {""mean"": 8.340321, ""max"": 8.340321}, ""cpu_util_min"": {""mean"": 8.340321, ""max"": 8.340321}, ""cpu_util_max"": {""mean"": 8.340321, ""max"": 8.340321}, ""cpu_util_0"": {""mean"": 8.340321, ""max"": 8.340321}, ""cpu_util_1"": {""mean"": 8.340321, ""max"": 8.340321}, ""cpu_util_2"": {""mean"": 8.340321, ""max"": 8.340321}, ""cpu_util_3"": {""mean"": 8.340321, ""max"": 8.340321}, ""cpu_util_4"": {""mean"": 8.340321, ""max"": 8.340321}, ""cpu_util_5"": {""mean"": 8.340321, ""max"": 8.340321}, ""cpu_util_6"": {""mean"": 8.340321, ""max"": 8.340321}, ""cpu_util_7"": {""mean"": 8.340321, ""max"": 8.340321}, ""cpu_util_8"": {""mean"": 8.340321, ""max"": 8.340321}, ""cpu_util_9"": {""mean"": 8.340321, ""max"": 8.340321}, ""cpu_util_10"": {""mean"": 8.340321, ""max"": 8.340321}, ""cpu_util_11"": {""mean"": 8.340321, ""max"": 8.340321}, ""memory"": {""mean"": 0.364395, ""max"": 0.364395}, ""io_read_count"": {""mean"": 7206.037503, ""max"": 7206.037503}, ""io_write_count"": {""mean"": 20.016771, ""max"": 20.016771}, ""io_read"": {""mean"": 0.0, ""max"": 0.0}, ""io_write"": {""mean"": 0.0, ""max"": 0.0}, ""gpu_util_avg"": {""mean"": 0.0, ""max"": 0.0}, ""gpu_util_min"": {""mean"": 0.0, ""max"": 0.0}, ""gpu_util_max"": {""mean"": 0.0, ""max"": 0.0}, ""gpu_util_0"": {""mean"": 0.0, ""max"": 0.0}, ""gpu_band_avg"": {""mean"": 0.0, ""max"": 0.0}, ""gpu_band_min"": {""mean"": 0.0, ""max"": 0.0}, ""gpu_band_max"": {""mean"": 0.0, ""max"": 0.0}, ""gpu_band_0"": {""mean"": 0.0, ""max"": 0.0}, ""gpu_mem_avg"": {""mean"": 0.0, ""max"": 0.0}, ""gpu_mem_min"": {""mean"": 0.0, ""max"": 0.0}, ""gpu_mem_max"": {""mean"": 0.0, ""max"": 0.0}, ""gpu_mem_0"": {""mean"": 0.0, ""max"": 0.0}}","{""numpy_draw"": {""kind"": ""scalar"", ""value"": 1000401.024750496}, ""python_draw"": {""kind"": ""scalar"", ""value"": 0.015427523421842948}}","[JUmPER]: a benchmark measurement spent at least 2ms of its 20ms on 3946 page faults - the cost of touching memory inherited from the prefix rather than of the cell itself. Cells working over large Python objects are affected most, and the timing understates them. Re-run with --replay-mode full for a number that does not carry this.",
rng_stream,draw,dill,dill,False,10,1,ok,0.026147,0.0,0.0016,2.861,2.871,,{},"{""numpy_draw"": {""kind"": ""scalar"", ""value"": 1000401.024750496}, ""python_draw"": {""kind"": ""scalar"", ""value"": 0.36536897181816486}}",,
rng_stream,draw,full,full,False,10,2,ok,0.026144,7.9e-05,,2.667,2.6795,,{},"{""numpy_draw"": {""kind"": ""scalar"", ""value"": 1000401.024750496}, ""python_draw"": {""kind"": ""scalar"", ""value"": 0.36536897181816486}}",,
slow_prefix,norms,full,full,False,0,0,ok,0.008197,3.000444,,5.9464,5.9652,,{},"{""column_norms"": {""kind"": ""array"", ""shape"": [1200], ""dtype"": ""float64"", ""mean"": 1.0, ""std"": 4.560481232732806e-16, ""min"": 0.9999999999999983, ""max"": 1.0000000000000016}}",,
slow_prefix,norms,fork,fork,False,0,1,ok,0.009289,0.0,,0.1775,0.194,2797.0,{},"{""column_norms"": {""kind"": ""array"", ""shape"": [1200], ""dtype"": ""float64"", ""mean"": 1.0, ""std"": 4.560481232732806e-16, ""min"": 0.9999999999999983, ""max"": 1.0000000000000016}}","[JUmPER]: a benchmark measurement spent at least 1ms of its 9ms on 2797 page faults - the cost of touching memory inherited from the prefix rather than of the cell itself. Cells working over large Python objects are affected most, and the timing understates them. Re-run with --replay-mode full for a number that does not carry this.",
slow_prefix,norms,dill,dill,False,0,2,ok,0.013929,0.0,0.0208,2.8357,2.8474,,{},"{""column_norms"": {""kind"": ""array"", ""shape"": [1200], ""dtype"": ""float64"", ""mean"": 1.0, ""std"": 4.560481232732806e-16, ""min"": 0.9999999999999983, ""max"": 1.0000000000000016}}",,
slow_prefix,norms,fork,fork,False,1,0,ok,0.009159,0.0,,0.1499,0.1668,2797.0,{},"{""column_norms"": {""kind"": ""array"", ""shape"": [1200], ""dtype"": ""float64"", ""mean"": 1.0, ""std"": 4.560481232732806e-16, ""min"": 0.9999999999999983, ""max"": 1.0000000000000016}}","[JUmPER]: a benchmark measurement spent at least 1ms of its 9ms on 2797 page faults - the cost of touching memory inherited from the prefix rather than of the cell itself. Cells working over large Python objects are affected most, and the timing understates them. Re-run with --replay-mode full for a number that does not carry this.",
slow_prefix,norms,dill,dill,False,1,1,ok,0.013559,0.0,0.0253,2.7849,2.7956,,{},"{""column_norms"": {""kind"": ""array"", ""shape"": [1200], ""dtype"": ""float64"", ""mean"": 1.0, ""std"": 4.560481232732806e-16, ""min"": 0.9999999999999983, ""max"": 1.0000000000000016}}",,
slow_prefix,norms,full,full,False,1,2,ok,0.008643,2.822854,,5.5291,5.5477,,{},"{""column_norms"": {""kind"": ""array"", ""shape"": [1200], ""dtype"": ""float64"", ""mean"": 1.0, ""std"": 4.560481232732806e-16, ""min"": 0.9999999999999983, ""max"": 1.0000000000000016}}",,
slow_prefix,norms,dill,dill,False,2,0,ok,0.013819,0.0,0.0208,2.8766,2.8877,,{},"{""column_norms"": {""kind"": ""array"", ""shape"": [1200], ""dtype"": ""float64"", ""mean"": 1.0, ""std"": 4.560481232732806e-16, ""min"": 0.9999999999999983, ""max"": 1.0000000000000016}}",,
slow_prefix,norms,full,full,False,2,1,ok,0.008754,2.824199,,5.5733,5.5911,,{},"{""column_norms"": {""kind"": ""array"", ""shape"": [1200], ""dtype"": ""float64"", ""mean"": 1.0, ""std"": 4.560481232732806e-16, ""min"": 0.9999999999999983, ""max"": 1.0000000000000016}}",,
slow_prefix,norms,fork,fork,False,2,2,ok,0.010016,0.0,,0.1559,0.1719,2796.0,{},"{""column_norms"": {""kind"": ""array"", ""shape"": [1200], ""dtype"": ""float64"", ""mean"": 1.0, ""std"": 4.560481232732806e-16, ""min"": 0.9999999999999983, ""max"": 1.0000000000000016}}","[JUmPER]: a benchmark measurement spent at least 1ms of its 10ms on 2796 page faults - the cost of touching memory inherited from the prefix rather than of the cell itself. Cells working over large Python objects are affected most, and the timing understates them. Re-run with --replay-mode full for a number that does not carry this.",
slow_prefix,norms,full,full,False,3,0,ok,0.009657,3.42084,,6.3161,6.3363,,{},"{""column_norms"": {""kind"": ""array"", ""shape"": [1200], ""dtype"": ""float64"", ""mean"": 1.0, ""std"": 4.560481232732806e-16, ""min"": 0.9999999999999983, ""max"": 1.0000000000000016}}",,
slow_prefix,norms,fork,fork,False,3,1,ok,0.009531,0.0,,0.1552,0.172,2796.0,{},"{""column_norms"": {""kind"": ""array"", ""shape"": [1200], ""dtype"": ""float64"", ""mean"": 1.0, ""std"": 4.560481232732806e-16, ""min"": 0.9999999999999983, ""max"": 1.0000000000000016}}","[JUmPER]: a benchmark measurement spent at least 1ms of its 10ms on 2796 page faults - the cost of touching memory inherited from the prefix rather than of the cell itself. Cells working over large Python objects are affected most, and the timing understates them. Re-run with --replay-mode full for a number that does not carry this.",
slow_prefix,norms,dill,dill,False,3,2,ok,0.014339,0.0,0.0217,2.8626,2.8731,,{},"{""column_norms"": {""kind"": ""array"", ""shape"": [1200], ""dtype"": ""float64"", ""mean"": 1.0, ""std"": 4.560481232732806e-16, ""min"": 0.9999999999999983, ""max"": 1.0000000000000016}}",,
slow_prefix,norms,fork,fork,False,4,0,ok,0.010891,0.0,,0.1543,0.1708,2796.0,{},"{""column_norms"": {""kind"": ""array"", ""shape"": [1200], ""dtype"": ""float64"", ""mean"": 1.0, ""std"": 4.560481232732806e-16, ""min"": 0.9999999999999983, ""max"": 1.0000000000000016}}","[JUmPER]: a benchmark measurement spent at least 1ms of its 11ms on 2796 page faults - the cost of touching memory inherited from the prefix rather than of the cell itself. Cells working over large Python objects are affected most, and the timing understates them. Re-run with --replay-mode full for a number that does not carry this.",
slow_prefix,norms,dill,dill,False,4,1,ok,0.013722,0.0,0.0269,3.1401,3.1567,,{},"{""column_norms"": {""kind"": ""array"", ""shape"": [1200], ""dtype"": ""float64"", ""mean"": 1.0, ""std"": 4.560481232732806e-16, ""min"": 0.9999999999999983, ""max"": 1.0000000000000016}}",,
slow_prefix,norms,full,full,False,4,2,ok,0.012873,3.642302,,6.4905,6.5184,,"{""cpu_util_avg"": {""mean"": 113.874258, ""max"": 113.874258}, ""cpu_util_min"": {""mean"": 113.874258, ""max"": 113.874258}, ""cpu_util_max"": {""mean"": 113.874258, ""max"": 113.874258}, ""cpu_util_0"": {""mean"": 113.874258, ""max"": 113.874258}, ""cpu_util_1"": {""mean"": 113.874258, ""max"": 113.874258}, ""cpu_util_2"": {""mean"": 113.874258, ""max"": 113.874258}, ""cpu_util_3"": {""mean"": 113.874258, ""max"": 113.874258}, ""cpu_util_4"": {""mean"": 113.874258, ""max"": 113.874258}, ""cpu_util_5"": {""mean"": 113.874258, ""max"": 113.874258}, ""cpu_util_6"": {""mean"": 113.874258, ""max"": 113.874258}, ""cpu_util_7"": {""mean"": 113.874258, ""max"": 113.874258}, ""cpu_util_8"": {""mean"": 113.874258, ""max"": 113.874258}, ""cpu_util_9"": {""mean"": 113.874258, ""max"": 113.874258}, ""cpu_util_10"": {""mean"": 113.874258, ""max"": 113.874258}, ""cpu_util_11"": {""mean"": 113.874258, ""max"": 113.874258}, ""memory"": {""mean"": 0.256184, ""max"": 0.256184}, ""io_read_count"": {""mean"": 11095.091893, ""max"": 11095.091893}, ""io_write_count"": {""mean"": 20.39539, ""max"": 20.39539}, ""io_read"": {""mean"": 0.0, ""max"": 0.0}, ""io_write"": {""mean"": 0.0, ""max"": 0.0}, ""gpu_util_avg"": {""mean"": 0.0, ""max"": 0.0}, ""gpu_util_min"": {""mean"": 0.0, ""max"": 0.0}, ""gpu_util_max"": {""mean"": 0.0, ""max"": 0.0}, ""gpu_util_0"": {""mean"": 0.0, ""max"": 0.0}, ""gpu_band_avg"": {""mean"": 0.0, ""max"": 0.0}, ""gpu_band_min"": {""mean"": 0.0, ""max"": 0.0}, ""gpu_band_max"": {""mean"": 0.0, ""max"": 0.0}, ""gpu_band_0"": {""mean"": 0.0, ""max"": 0.0}, ""gpu_mem_avg"": {""mean"": 0.0, ""max"": 0.0}, ""gpu_mem_min"": {""mean"": 0.0, ""max"": 0.0}, ""gpu_mem_max"": {""mean"": 0.0, ""max"": 0.0}, ""gpu_mem_0"": {""mean"": 0.0, ""max"": 0.0}}","{""column_norms"": {""kind"": ""array"", ""shape"": [1200], ""dtype"": ""float64"", ""mean"": 1.0, ""std"": 4.560481232732806e-16, ""min"": 0.9999999999999983, ""max"": 1.0000000000000016}}",,
slow_prefix,norms,dill,dill,False,5,0,ok,0.013855,0.0,0.0209,2.8933,2.9033,,{},"{""column_norms"": {""kind"": ""array"", ""shape"": [1200], ""dtype"": ""float64"", ""mean"": 1.0, ""std"": 4.560481232732806e-16, ""min"": 0.9999999999999983, ""max"": 1.0000000000000016}}",,
slow_prefix,norms,full,full,False,5,1,ok,0.010082,3.153805,,5.9209,5.9406,,{},"{""column_norms"": {""kind"": ""array"", ""shape"": [1200], ""dtype"": ""float64"", ""mean"": 1.0, ""std"": 4.560481232732806e-16, ""min"": 0.9999999999999983, ""max"": 1.0000000000000016}}",,
slow_prefix,norms,fork,fork,False,5,2,ok,0.009977,0.0,,0.1562,0.1733,2796.0,{},"{""column_norms"": {""kind"": ""array"", ""shape"": [1200], ""dtype"": ""float64"", ""mean"": 1.0, ""std"": 4.560481232732806e-16, ""min"": 0.9999999999999983, ""max"": 1.0000000000000016}}","[JUmPER]: a benchmark measurement spent at least 1ms of its 10ms on 2796 page faults - the cost of touching memory inherited from the prefix rather than of the cell itself. Cells working over large Python objects are affected most, and the timing understates them. Re-run with --replay-mode full for a number that does not carry this.",
slow_prefix,norms,full,full,False,6,0,ok,0.012478,3.615469,,6.5734,6.595,,{},"{""column_norms"": {""kind"": ""array"", ""shape"": [1200], ""dtype"": ""float64"", ""mean"": 1.0, ""std"": 4.560481232732806e-16, ""min"": 0.9999999999999983, ""max"": 1.0000000000000016}}",,
slow_prefix,norms,fork,fork,False,6,1,ok,0.010644,0.0,,0.1815,0.2009,2797.0,{},"{""column_norms"": {""kind"": ""array"", ""shape"": [1200], ""dtype"": ""float64"", ""mean"": 1.0, ""std"": 4.560481232732806e-16, ""min"": 0.9999999999999983, ""max"": 1.0000000000000016}}","[JUmPER]: a benchmark measurement spent at least 1ms of its 11ms on 2797 page faults - the cost of touching memory inherited from the prefix rather than of the cell itself. Cells working over large Python objects are affected most, and the timing understates them. Re-run with --replay-mode full for a number that does not carry this.",
slow_prefix,norms,dill,dill,False,6,2,ok,0.0157,0.0,0.0285,3.3489,3.3614,,{},"{""column_norms"": {""kind"": ""array"", ""shape"": [1200], ""dtype"": ""float64"", ""mean"": 1.0, ""std"": 4.560481232732806e-16, ""min"": 0.9999999999999983, ""max"": 1.0000000000000016}}",,
slow_prefix,norms,fork,fork,False,7,0,ok,0.010296,0.0,,0.1701,0.1946,2800.0,"{""cpu_util_avg"": {""mean"": 8.319389, ""max"": 8.319389}, ""cpu_util_min"": {""mean"": 8.319389, ""max"": 8.319389}, ""cpu_util_max"": {""mean"": 8.319389, ""max"": 8.319389}, ""cpu_util_0"": {""mean"": 8.319389, ""max"": 8.319389}, ""cpu_util_1"": {""mean"": 8.319389, ""max"": 8.319389}, ""cpu_util_2"": {""mean"": 8.319389, ""max"": 8.319389}, ""cpu_util_3"": {""mean"": 8.319389, ""max"": 8.319389}, ""cpu_util_4"": {""mean"": 8.319389, ""max"": 8.319389}, ""cpu_util_5"": {""mean"": 8.319389, ""max"": 8.319389}, ""cpu_util_6"": {""mean"": 8.319389, ""max"": 8.319389}, ""cpu_util_7"": {""mean"": 8.319389, ""max"": 8.319389}, ""cpu_util_8"": {""mean"": 8.319389, ""max"": 8.319389}, ""cpu_util_9"": {""mean"": 8.319389, ""max"": 8.319389}, ""cpu_util_10"": {""mean"": 8.319389, ""max"": 8.319389}, ""cpu_util_11"": {""mean"": 8.319389, ""max"": 8.319389}, ""memory"": {""mean"": 0.578091, ""max"": 0.578091}, ""io_read_count"": {""mean"": 10921.693274, ""max"": 10921.693274}, ""io_write_count"": {""mean"": 19.966532, ""max"": 19.966532}, ""io_read"": {""mean"": 0.0, ""max"": 0.0}, ""io_write"": {""mean"": 0.0, ""max"": 0.0}, ""gpu_util_avg"": {""mean"": 0.0, ""max"": 0.0}, ""gpu_util_min"": {""mean"": 0.0, ""max"": 0.0}, ""gpu_util_max"": {""mean"": 0.0, ""max"": 0.0}, ""gpu_util_0"": {""mean"": 0.0, ""max"": 0.0}, ""gpu_band_avg"": {""mean"": 0.0, ""max"": 0.0}, ""gpu_band_min"": {""mean"": 0.0, ""max"": 0.0}, ""gpu_band_max"": {""mean"": 0.0, ""max"": 0.0}, ""gpu_band_0"": {""mean"": 0.0, ""max"": 0.0}, ""gpu_mem_avg"": {""mean"": 0.0, ""max"": 0.0}, ""gpu_mem_min"": {""mean"": 0.0, ""max"": 0.0}, ""gpu_mem_max"": {""mean"": 0.0, ""max"": 0.0}, ""gpu_mem_0"": {""mean"": 0.0, ""max"": 0.0}}","{""column_norms"": {""kind"": ""array"", ""shape"": [1200], ""dtype"": ""float64"", ""mean"": 1.0, ""std"": 4.560481232732806e-16, ""min"": 0.9999999999999983, ""max"": 1.0000000000000016}}","[JUmPER]: a benchmark measurement spent at least 1ms of its 10ms on 2800 page faults - the cost of touching memory inherited from the prefix rather than of the cell itself. Cells working over large Python objects are affected most, and the timing understates them. Re-run with --replay-mode full for a number that does not carry this.",
slow_prefix,norms,dill,dill,False,7,1,ok,0.01467,0.0,0.0275,3.1156,3.1274,,{},"{""column_norms"": {""kind"": ""array"", ""shape"": [1200], ""dtype"": ""float64"", ""mean"": 1.0, ""std"": 4.560481232732806e-16, ""min"": 0.9999999999999983, ""max"": 1.0000000000000016}}",,
slow_prefix,norms,full,full,False,7,2,ok,0.009328,3.340231,,6.1926,6.215,,"{""cpu_util_avg"": {""mean"": 99.985086, ""max"": 99.985086}, ""cpu_util_min"": {""mean"": 99.985086, ""max"": 99.985086}, ""cpu_util_max"": {""mean"": 99.985086, ""max"": 99.985086}, ""cpu_util_0"": {""mean"": 99.985086, ""max"": 99.985086}, ""cpu_util_1"": {""mean"": 99.985086, ""max"": 99.985086}, ""cpu_util_2"": {""mean"": 99.985086, ""max"": 99.985086}, ""cpu_util_3"": {""mean"": 99.985086, ""max"": 99.985086}, ""cpu_util_4"": {""mean"": 99.985086, ""max"": 99.985086}, ""cpu_util_5"": {""mean"": 99.985086, ""max"": 99.985086}, ""cpu_util_6"": {""mean"": 99.985086, ""max"": 99.985086}, ""cpu_util_7"": {""mean"": 99.985086, ""max"": 99.985086}, ""cpu_util_8"": {""mean"": 99.985086, ""max"": 99.985086}, ""cpu_util_9"": {""mean"": 99.985086, ""max"": 99.985086}, ""cpu_util_10"": {""mean"": 99.985086, ""max"": 99.985086}, ""cpu_util_11"": {""mean"": 99.985086, ""max"": 99.985086}, ""memory"": {""mean"": 0.260685, ""max"": 0.260685}, ""io_read_count"": {""mean"": 10878.377383, ""max"": 10878.377383}, ""io_write_count"": {""mean"": 19.997017, ""max"": 19.997017}, ""io_read"": {""mean"": 0.0, ""max"": 0.0}, ""io_write"": {""mean"": 0.0, ""max"": 0.0}, ""gpu_util_avg"": {""mean"": 0.0, ""max"": 0.0}, ""gpu_util_min"": {""mean"": 0.0, ""max"": 0.0}, ""gpu_util_max"": {""mean"": 0.0, ""max"": 0.0}, ""gpu_util_0"": {""mean"": 0.0, ""max"": 0.0}, ""gpu_band_avg"": {""mean"": 0.0, ""max"": 0.0}, ""gpu_band_min"": {""mean"": 0.0, ""max"": 0.0}, ""gpu_band_max"": {""mean"": 0.0, ""max"": 0.0}, ""gpu_band_0"": {""mean"": 0.0, ""max"": 0.0}, ""gpu_mem_avg"": {""mean"": 0.0, ""max"": 0.0}, ""gpu_mem_min"": {""mean"": 0.0, ""max"": 0.0}, ""gpu_mem_max"": {""mean"": 0.0, ""max"": 0.0}, ""gpu_mem_0"": {""mean"": 0.0, ""max"": 0.0}}","{""column_norms"": {""kind"": ""array"", ""shape"": [1200], ""dtype"": ""float64"", ""mean"": 1.0, ""std"": 4.560481232732806e-16, ""min"": 0.9999999999999983, ""max"": 1.0000000000000016}}",,
slow_prefix,norms,dill,dill,False,8,0,ok,0.016533,0.0,0.0224,3.2322,3.2443,,{},"{""column_norms"": {""kind"": ""array"", ""shape"": [1200], ""dtype"": ""float64"", ""mean"": 1.0, ""std"": 4.560481232732806e-16, ""min"": 0.9999999999999983, ""max"": 1.0000000000000016}}",,
slow_prefix,norms,full,full,False,8,1,ok,0.012385,4.252911,,7.6027,7.626,,{},"{""column_norms"": {""kind"": ""array"", ""shape"": [1200], ""dtype"": ""float64"", ""mean"": 1.0, ""std"": 4.560481232732806e-16, ""min"": 0.9999999999999983, ""max"": 1.0000000000000016}}",,
slow_prefix,norms,fork,fork,False,8,2,ok,0.011893,0.0,,0.1908,0.2101,2797.0,{},"{""column_norms"": {""kind"": ""array"", ""shape"": [1200], ""dtype"": ""float64"", ""mean"": 1.0, ""std"": 4.560481232732806e-16, ""min"": 0.9999999999999983, ""max"": 1.0000000000000016}}","[JUmPER]: a benchmark measurement spent at least 1ms of its 12ms on 2797 page faults - the cost of touching memory inherited from the prefix rather than of the cell itself. Cells working over large Python objects are affected most, and the timing understates them. Re-run with --replay-mode full for a number that does not carry this.",
slow_prefix,norms,full,full,False,9,0,ok,0.01019,4.31407,,7.6951,7.718,,{},"{""column_norms"": {""kind"": ""array"", ""shape"": [1200], ""dtype"": ""float64"", ""mean"": 1.0, ""std"": 4.560481232732806e-16, ""min"": 0.9999999999999983, ""max"": 1.0000000000000016}}",,
slow_prefix,norms,fork,fork,False,9,1,ok,0.01211,0.0,,0.1876,0.2081,2800.0,{},"{""column_norms"": {""kind"": ""array"", ""shape"": [1200], ""dtype"": ""float64"", ""mean"": 1.0, ""std"": 4.560481232732806e-16, ""min"": 0.9999999999999983, ""max"": 1.0000000000000016}}","[JUmPER]: a benchmark measurement spent at least 1ms of its 12ms on 2800 page faults - the cost of touching memory inherited from the prefix rather than of the cell itself. Cells working over large Python objects are affected most, and the timing understates them. Re-run with --replay-mode full for a number that does not carry this.",
slow_prefix,norms,dill,dill,False,9,2,ok,0.016857,0.0,0.0308,3.4892,3.502,,{},"{""column_norms"": {""kind"": ""array"", ""shape"": [1200], ""dtype"": ""float64"", ""mean"": 1.0, ""std"": 4.560481232732806e-16, ""min"": 0.9999999999999983, ""max"": 1.0000000000000016}}",,
slow_prefix,norms,fork,fork,False,10,0,ok,0.011557,0.0,,0.1808,0.2059,2798.0,"{""cpu_util_avg"": {""mean"": 8.649063, ""max"": 8.649063}, ""cpu_util_min"": {""mean"": 8.649063, ""max"": 8.649063}, ""cpu_util_max"": {""mean"": 8.649063, ""max"": 8.649063}, ""cpu_util_0"": {""mean"": 8.649063, ""max"": 8.649063}, ""cpu_util_1"": {""mean"": 8.649063, ""max"": 8.649063}, ""cpu_util_2"": {""mean"": 8.649063, ""max"": 8.649063}, ""cpu_util_3"": {""mean"": 8.649063, ""max"": 8.649063}, ""cpu_util_4"": {""mean"": 8.649063, ""max"": 8.649063}, ""cpu_util_5"": {""mean"": 8.649063, ""max"": 8.649063}, ""cpu_util_6"": {""mean"": 8.649063, ""max"": 8.649063}, ""cpu_util_7"": {""mean"": 8.649063, ""max"": 8.649063}, ""cpu_util_8"": {""mean"": 8.649063, ""max"": 8.649063}, ""cpu_util_9"": {""mean"": 8.649063, ""max"": 8.649063}, ""cpu_util_10"": {""mean"": 8.649063, ""max"": 8.649063}, ""cpu_util_11"": {""mean"": 8.649063, ""max"": 8.649063}, ""memory"": {""mean"": 0.578213, ""max"": 0.578213}, ""io_read_count"": {""mean"": 11354.489272, ""max"": 11354.489272}, ""io_write_count"": {""mean"": 20.75775, ""max"": 20.75775}, ""io_read"": {""mean"": 0.0, ""max"": 0.0}, ""io_write"": {""mean"": 0.0, ""max"": 0.0}, ""gpu_util_avg"": {""mean"": 0.0, ""max"": 0.0}, ""gpu_util_min"": {""mean"": 0.0, ""max"": 0.0}, ""gpu_util_max"": {""mean"": 0.0, ""max"": 0.0}, ""gpu_util_0"": {""mean"": 0.0, ""max"": 0.0}, ""gpu_band_avg"": {""mean"": 0.0, ""max"": 0.0}, ""gpu_band_min"": {""mean"": 0.0, ""max"": 0.0}, ""gpu_band_max"": {""mean"": 0.0, ""max"": 0.0}, ""gpu_band_0"": {""mean"": 0.0, ""max"": 0.0}, ""gpu_mem_avg"": {""mean"": 0.0, ""max"": 0.0}, ""gpu_mem_min"": {""mean"": 0.0, ""max"": 0.0}, ""gpu_mem_max"": {""mean"": 0.0, ""max"": 0.0}, ""gpu_mem_0"": {""mean"": 0.0, ""max"": 0.0}}","{""column_norms"": {""kind"": ""array"", ""shape"": [1200], ""dtype"": ""float64"", ""mean"": 1.0, ""std"": 4.560481232732806e-16, ""min"": 0.9999999999999983, ""max"": 1.0000000000000016}}","[JUmPER]: a benchmark measurement spent at least 1ms of its 12ms on 2798 page faults - the cost of touching memory inherited from the prefix rather than of the cell itself. Cells working over large Python objects are affected most, and the timing understates them. Re-run with --replay-mode full for a number that does not carry this.",
slow_prefix,norms,dill,dill,False,10,1,ok,0.015481,0.0,0.0241,3.1078,3.12,,{},"{""column_norms"": {""kind"": ""array"", ""shape"": [1200], ""dtype"": ""float64"", ""mean"": 1.0, ""std"": 4.560481232732806e-16, ""min"": 0.9999999999999983, ""max"": 1.0000000000000016}}",,
slow_prefix,norms,full,full,False,10,2,ok,0.010739,3.397768,,6.474,6.4944,,{},"{""column_norms"": {""kind"": ""array"", ""shape"": [1200], ""dtype"": ""float64"", ""mean"": 1.0, ""std"": 4.560481232732806e-16, ""min"": 0.9999999999999983, ""max"": 1.0000000000000016}}",,
model_fit,predict,full,full,False,0,0,ok,0.257799,3.050059,,6.4434,6.4659,,"{""cpu_util_avg"": {""mean"": 55.33182000000001, ""max"": 58.303636}, ""cpu_util_min"": {""mean"": 55.33182000000001, ""max"": 58.303636}, ""cpu_util_max"": {""mean"": 55.33182000000001, ""max"": 58.303636}, ""cpu_util_0"": {""mean"": 55.33182000000001, ""max"": 58.303636}, ""cpu_util_1"": {""mean"": 55.33182000000001, ""max"": 58.303636}, ""cpu_util_2"": {""mean"": 55.33182000000001, ""max"": 58.303636}, ""cpu_util_3"": {""mean"": 55.33182000000001, ""max"": 58.303636}, ""cpu_util_4"": {""mean"": 55.33182000000001, ""max"": 58.303636}, ""cpu_util_5"": {""mean"": 55.33182000000001, ""max"": 58.303636}, ""cpu_util_6"": {""mean"": 55.33182000000001, ""max"": 58.303636}, ""cpu_util_7"": {""mean"": 55.33182000000001, ""max"": 58.303636}, ""cpu_util_8"": {""mean"": 55.33182000000001, ""max"": 58.303636}, ""cpu_util_9"": {""mean"": 55.33182000000001, ""max"": 58.303636}, ""cpu_util_10"": {""mean"": 55.33182000000001, ""max"": 58.303636}, ""cpu_util_11"": {""mean"": 55.33182000000001, ""max"": 58.303636}, ""memory"": {""mean"": 0.368553, ""max"": 0.368553}, ""io_read_count"": {""mean"": 10519.7443556, ""max"": 10532.250482}, ""io_write_count"": {""mean"": 19.999514, ""max"": 20.02329}, ""io_read"": {""mean"": 0.0, ""max"": 0.0}, ""io_write"": {""mean"": 0.0, ""max"": 0.0}, ""gpu_util_avg"": {""mean"": 0.0, ""max"": 0.0}, ""gpu_util_min"": {""mean"": 0.0, ""max"": 0.0}, ""gpu_util_max"": {""mean"": 0.0, ""max"": 0.0}, ""gpu_util_0"": {""mean"": 0.0, ""max"": 0.0}, ""gpu_band_avg"": {""mean"": 0.0, ""max"": 0.0}, ""gpu_band_min"": {""mean"": 0.0, ""max"": 0.0}, ""gpu_band_max"": {""mean"": 0.0, ""max"": 0.0}, ""gpu_band_0"": {""mean"": 0.0, ""max"": 0.0}, ""gpu_mem_avg"": {""mean"": 0.0, ""max"": 0.0}, ""gpu_mem_min"": {""mean"": 0.0, ""max"": 0.0}, ""gpu_mem_max"": {""mean"": 0.0, ""max"": 0.0}, ""gpu_mem_0"": {""mean"": 0.0, ""max"": 0.0}}","{""predictions"": {""kind"": ""array"", ""shape"": [50000], ""dtype"": ""int64"", ""mean"": 0.49906, ""std"": 0.4999991163992192, ""min"": 0.0, ""max"": 1.0}}",,
model_fit,predict,fork,full,True,0,1,ok,0.290165,3.500184,,6.9362,6.9601,,"{""cpu_util_avg"": {""mean"": 51.66787283333333, ""max"": 53.343972}, ""cpu_util_min"": {""mean"": 51.66787283333333, ""max"": 53.343972}, ""cpu_util_max"": {""mean"": 51.66787283333333, ""max"": 53.343972}, ""cpu_util_0"": {""mean"": 51.66787283333333, ""max"": 53.343972}, ""cpu_util_1"": {""mean"": 51.66787283333333, ""max"": 53.343972}, ""cpu_util_2"": {""mean"": 51.66787283333333, ""max"": 53.343972}, ""cpu_util_3"": {""mean"": 51.66787283333333, ""max"": 53.343972}, ""cpu_util_4"": {""mean"": 51.66787283333333, ""max"": 53.343972}, ""cpu_util_5"": {""mean"": 51.66787283333333, ""max"": 53.343972}, ""cpu_util_6"": {""mean"": 51.66787283333333, ""max"": 53.343972}, ""cpu_util_7"": {""mean"": 51.66787283333333, ""max"": 53.343972}, ""cpu_util_8"": {""mean"": 51.66787283333333, ""max"": 53.343972}, ""cpu_util_9"": {""mean"": 51.66787283333333, ""max"": 53.343972}, ""cpu_util_10"": {""mean"": 51.66787283333333, ""max"": 53.343972}, ""cpu_util_11"": {""mean"": 51.66787283333333, ""max"": 53.343972}, ""memory"": {""mean"": 0.36838499999999996, ""max"": 0.368629}, ""io_read_count"": {""mean"": 10513.529260500001, ""max"": 10522.177038}, ""io_write_count"": {""mean"": 23.333763833333336, ""max"": 40.000691}, ""io_read"": {""mean"": 0.0, ""max"": 0.0}, ""io_write"": {""mean"": 13653.569263666666, ""max"": 81921.415582}, ""gpu_util_avg"": {""mean"": 0.0, ""max"": 0.0}, ""gpu_util_min"": {""mean"": 0.0, ""max"": 0.0}, ""gpu_util_max"": {""mean"": 0.0, ""max"": 0.0}, ""gpu_util_0"": {""mean"": 0.0, ""max"": 0.0}, ""gpu_band_avg"": {""mean"": 0.0, ""max"": 0.0}, ""gpu_band_min"": {""mean"": 0.0, ""max"": 0.0}, ""gpu_band_max"": {""mean"": 0.0, ""max"": 0.0}, ""gpu_band_0"": {""mean"": 0.0, ""max"": 0.0}, ""gpu_mem_avg"": {""mean"": 0.0, ""max"": 0.0}, ""gpu_mem_min"": {""mean"": 0.0, ""max"": 0.0}, ""gpu_mem_max"": {""mean"": 0.0, ""max"": 0.0}, ""gpu_mem_0"": {""mean"": 0.0, ""max"": 0.0}}","{""predictions"": {""kind"": ""array"", ""shape"": [50000], ""dtype"": ""int64"", ""mean"": 0.49894, ""std"": 0.4999988763987375, ""min"": 0.0, ""max"": 1.0}}",,
model_fit,predict,dill,dill,False,0,2,ok,0.264414,0.0,0.7616,4.439,4.4596,,"{""cpu_util_avg"": {""mean"": 49.983166800000006, ""max"": 53.33028}, ""cpu_util_min"": {""mean"": 49.983166800000006, ""max"": 53.33028}, ""cpu_util_max"": {""mean"": 49.983166800000006, ""max"": 53.33028}, ""cpu_util_0"": {""mean"": 49.983166800000006, ""max"": 53.33028}, ""cpu_util_1"": {""mean"": 49.983166800000006, ""max"": 53.33028}, ""cpu_util_2"": {""mean"": 49.983166800000006, ""max"": 53.33028}, ""cpu_util_3"": {""mean"": 49.983166800000006, ""max"": 53.33028}, ""cpu_util_4"": {""mean"": 49.983166800000006, ""max"": 53.33028}, ""cpu_util_5"": {""mean"": 49.983166800000006, ""max"": 53.33028}, ""cpu_util_6"": {""mean"": 49.983166800000006, ""max"": 53.33028}, ""cpu_util_7"": {""mean"": 49.983166800000006, ""max"": 53.33028}, ""cpu_util_8"": {""mean"": 49.983166800000006, ""max"": 53.33028}, ""cpu_util_9"": {""mean"": 49.983166800000006, ""max"": 53.33028}, ""cpu_util_10"": {""mean"": 49.983166800000006, ""max"": 53.33028}, ""cpu_util_11"": {""mean"": 49.983166800000006, ""max"": 53.33028}, ""memory"": {""mean"": 0.32312640000000004, ""max"": 0.323395}, ""io_read_count"": {""mean"": 8415.253448200001, ""max"": 10520.190206}, ""io_write_count"": {""mean"": 15.9985808, ""max"": 20.000362}, ""io_read"": {""mean"": 0.0, ""max"": 0.0}, ""io_write"": {""mean"": 0.0, ""max"": 0.0}, ""gpu_util_avg"": {""mean"": 0.0, ""max"": 0.0}, ""gpu_util_min"": {""mean"": 0.0, ""max"": 0.0}, ""gpu_util_max"": {""mean"": 0.0, ""max"": 0.0}, ""gpu_util_0"": {""mean"": 0.0, ""max"": 0.0}, ""gpu_band_avg"": {""mean"": 0.0, ""max"": 0.0}, ""gpu_band_min"": {""mean"": 0.0, ""max"": 0.0}, ""gpu_band_max"": {""mean"": 0.0, ""max"": 0.0}, ""gpu_band_0"": {""mean"": 0.0, ""max"": 0.0}, ""gpu_mem_avg"": {""mean"": 0.0, ""max"": 0.0}, ""gpu_mem_min"": {""mean"": 0.0, ""max"": 0.0}, ""gpu_mem_max"": {""mean"": 0.0, ""max"": 0.0}, ""gpu_mem_0"": {""mean"": 0.0, ""max"": 0.0}}","{""predictions"": {""kind"": ""array"", ""shape"": [50000], ""dtype"": ""int64"", ""mean"": 0.499, ""std"": 0.499998999999, ""min"": 0.0, ""max"": 1.0}}",,
model_fit,predict,fork,full,True,1,0,ok,0.319712,3.05461,,6.438,6.463,,"{""cpu_util_avg"": {""mean"": 55.000617999999996, ""max"": 56.672204}, ""cpu_util_min"": {""mean"": 55.000617999999996, ""max"": 56.672204}, ""cpu_util_max"": {""mean"": 55.000617999999996, ""max"": 56.672204}, ""cpu_util_0"": {""mean"": 55.000617999999996, ""max"": 56.672204}, ""cpu_util_1"": {""mean"": 55.000617999999996, ""max"": 56.672204}, ""cpu_util_2"": {""mean"": 55.000617999999996, ""max"": 56.672204}, ""cpu_util_3"": {""mean"": 55.000617999999996, ""max"": 56.672204}, ""cpu_util_4"": {""mean"": 55.000617999999996, ""max"": 56.672204}, ""cpu_util_5"": {""mean"": 55.000617999999996, ""max"": 56.672204}, ""cpu_util_6"": {""mean"": 55.000617999999996, ""max"": 56.672204}, ""cpu_util_7"": {""mean"": 55.000617999999996, ""max"": 56.672204}, ""cpu_util_8"": {""mean"": 55.000617999999996, ""max"": 56.672204}, ""cpu_util_9"": {""mean"": 55.000617999999996, ""max"": 56.672204}, ""cpu_util_10"": {""mean"": 55.000617999999996, ""max"": 56.672204}, ""cpu_util_11"": {""mean"": 55.000617999999996, ""max"": 56.672204}, ""memory"": {""mean"": 0.369724, ""max"": 0.369785}, ""io_read_count"": {""mean"": 10520.148549333333, ""max"": 10535.166005}, ""io_write_count"": {""mean"": 20.00028233333333, ""max"": 20.028833}, ""io_read"": {""mean"": 0.0, ""max"": 0.0}, ""io_write"": {""mean"": 0.0, ""max"": 0.0}, ""gpu_util_avg"": {""mean"": 0.0, ""max"": 0.0}, ""gpu_util_min"": {""mean"": 0.0, ""max"": 0.0}, ""gpu_util_max"": {""mean"": 0.0, ""max"": 0.0}, ""gpu_util_0"": {""mean"": 0.0, ""max"": 0.0}, ""gpu_band_avg"": {""mean"": 0.0, ""max"": 0.0}, ""gpu_band_min"": {""mean"": 0.0, ""max"": 0.0}, ""gpu_band_max"": {""mean"": 0.0, ""max"": 0.0}, ""gpu_band_0"": {""mean"": 0.0, ""max"": 0.0}, ""gpu_mem_avg"": {""mean"": 0.0, ""max"": 0.0}, ""gpu_mem_min"": {""mean"": 0.0, ""max"": 0.0}, ""gpu_mem_max"": {""mean"": 0.0, ""max"": 0.0}, ""gpu_mem_0"": {""mean"": 0.0, ""max"": 0.0}}","{""predictions"": {""kind"": ""array"", ""shape"": [50000], ""dtype"": ""int64"", ""mean"": 0.49896, ""std"": 0.49999891839883015, ""min"": 0.0, ""max"": 1.0}}",,
model_fit,predict,dill,dill,False,1,1,ok,0.244275,0.0,0.7541,4.1993,4.2182,,"{""cpu_util_avg"": {""mean"": 52.896147, ""max"": 58.272837}, ""cpu_util_min"": {""mean"": 52.896147, ""max"": 58.272837}, ""cpu_util_max"": {""mean"": 52.896147, ""max"": 58.272837}, ""cpu_util_0"": {""mean"": 52.896147, ""max"": 58.272837}, ""cpu_util_1"": {""mean"": 52.896147, ""max"": 58.272837}, ""cpu_util_2"": {""mean"": 52.896147, ""max"": 58.272837}, ""cpu_util_3"": {""mean"": 52.896147, ""max"": 58.272837}, ""cpu_util_4"": {""mean"": 52.896147, ""max"": 58.272837}, ""cpu_util_5"": {""mean"": 52.896147, ""max"": 58.272837}, ""cpu_util_6"": {""mean"": 52.896147, ""max"": 58.272837}, ""cpu_util_7"": {""mean"": 52.896147, ""max"": 58.272837}, ""cpu_util_8"": {""mean"": 52.896147, ""max"": 58.272837}, ""cpu_util_9"": {""mean"": 52.896147, ""max"": 58.272837}, ""cpu_util_10"": {""mean"": 52.896147, ""max"": 58.272837}, ""cpu_util_11"": {""mean"": 52.896147, ""max"": 58.272837}, ""memory"": {""mean"": 0.32323450000000004, ""max"": 0.323601}, ""io_read_count"": {""mean"": 7889.87879775, ""max"": 10529.341634}, ""io_write_count"": {""mean"": 14.9997695, ""max"": 20.01776}, ""io_read"": {""mean"": 0.0, ""max"": 0.0}, ""io_write"": {""mean"": 0.0, ""max"": 0.0}, ""gpu_util_avg"": {""mean"": 0.0, ""max"": 0.0}, ""gpu_util_min"": {""mean"": 0.0, ""max"": 0.0}, ""gpu_util_max"": {""mean"": 0.0, ""max"": 0.0}, ""gpu_util_0"": {""mean"": 0.0, ""max"": 0.0}, ""gpu_band_avg"": {""mean"": 0.0, ""max"": 0.0}, ""gpu_band_min"": {""mean"": 0.0, ""max"": 0.0}, ""gpu_band_max"": {""mean"": 0.0, ""max"": 0.0}, ""gpu_band_0"": {""mean"": 0.0, ""max"": 0.0}, ""gpu_mem_avg"": {""mean"": 0.0, ""max"": 0.0}, ""gpu_mem_min"": {""mean"": 0.0, ""max"": 0.0}, ""gpu_mem_max"": {""mean"": 0.0, ""max"": 0.0}, ""gpu_mem_0"": {""mean"": 0.0, ""max"": 0.0}}","{""predictions"": {""kind"": ""array"", ""shape"": [50000], ""dtype"": ""int64"", ""mean"": 0.499, ""std"": 0.499998999999, ""min"": 0.0, ""max"": 1.0}}",,
model_fit,predict,full,full,False,1,2,ok,0.382483,4.525913,,8.2331,8.2582,,"{""cpu_util_avg"": {""mean"": 51.034936, ""max"": 53.39134}, ""cpu_util_min"": {""mean"": 51.034936, ""max"": 53.39134}, ""cpu_util_max"": {""mean"": 51.034936, ""max"": 53.39134}, ""cpu_util_0"": {""mean"": 51.034936, ""max"": 53.39134}, ""cpu_util_1"": {""mean"": 51.034936, ""max"": 53.39134}, ""cpu_util_2"": {""mean"": 51.034936, ""max"": 53.39134}, ""cpu_util_3"": {""mean"": 51.034936, ""max"": 53.39134}, ""cpu_util_4"": {""mean"": 51.034936, ""max"": 53.39134}, ""cpu_util_5"": {""mean"": 51.034936, ""max"": 53.39134}, ""cpu_util_6"": {""mean"": 51.034936, ""max"": 53.39134}, ""cpu_util_7"": {""mean"": 51.034936, ""max"": 53.39134}, ""cpu_util_8"": {""mean"": 51.034936, ""max"": 53.39134}, ""cpu_util_9"": {""mean"": 51.034936, ""max"": 53.39134}, ""cpu_util_10"": {""mean"": 51.034936, ""max"": 53.39134}, ""cpu_util_11"": {""mean"": 51.034936, ""max"": 53.39134}, ""memory"": {""mean"": 0.369934, ""max"": 0.369934}, ""io_read_count"": {""mean"": 10518.67589275, ""max"": 10531.441778}, ""io_write_count"": {""mean"": 19.99748275, ""max"": 20.021752}, ""io_read"": {""mean"": 0.0, ""max"": 0.0}, ""io_write"": {""mean"": 0.0, ""max"": 0.0}, ""gpu_util_avg"": {""mean"": 0.0, ""max"": 0.0}, ""gpu_util_min"": {""mean"": 0.0, ""max"": 0.0}, ""gpu_util_max"": {""mean"": 0.0, ""max"": 0.0}, ""gpu_util_0"": {""mean"": 0.0, ""max"": 0.0}, ""gpu_band_avg"": {""mean"": 0.0, ""max"": 0.0}, ""gpu_band_min"": {""mean"": 0.0, ""max"": 0.0}, ""gpu_band_max"": {""mean"": 0.0, ""max"": 0.0}, ""gpu_band_0"": {""mean"": 0.0, ""max"": 0.0}, ""gpu_mem_avg"": {""mean"": 0.0, ""max"": 0.0}, ""gpu_mem_min"": {""mean"": 0.0, ""max"": 0.0}, ""gpu_mem_max"": {""mean"": 0.0, ""max"": 0.0}, ""gpu_mem_0"": {""mean"": 0.0, ""max"": 0.0}}","{""predictions"": {""kind"": ""array"", ""shape"": [50000], ""dtype"": ""int64"", ""mean"": 0.49886, ""std"": 0.49999870039831107, ""min"": 0.0, ""max"": 1.0}}",,
model_fit,predict,dill,dill,False,2,0,ok,0.276023,0.0,0.829,4.6159,4.6361,,"{""cpu_util_avg"": {""mean"": 49.3212516, ""max"": 53.331257}, ""cpu_util_min"": {""mean"": 49.3212516, ""max"": 53.331257}, ""cpu_util_max"": {""mean"": 49.3212516, ""max"": 53.331257}, ""cpu_util_0"": {""mean"": 49.3212516, ""max"": 53.331257}, ""cpu_util_1"": {""mean"": 49.3212516, ""max"": 53.331257}, ""cpu_util_2"": {""mean"": 49.3212516, ""max"": 53.331257}, ""cpu_util_3"": {""mean"": 49.3212516, ""max"": 53.331257}, ""cpu_util_4"": {""mean"": 49.3212516, ""max"": 53.331257}, ""cpu_util_5"": {""mean"": 49.3212516, ""max"": 53.331257}, ""cpu_util_6"": {""mean"": 49.3212516, ""max"": 53.331257}, ""cpu_util_7"": {""mean"": 49.3212516, ""max"": 53.331257}, ""cpu_util_8"": {""mean"": 49.3212516, ""max"": 53.331257}, ""cpu_util_9"": {""mean"": 49.3212516, ""max"": 53.331257}, ""cpu_util_10"": {""mean"": 49.3212516, ""max"": 53.331257}, ""cpu_util_11"": {""mean"": 49.3212516, ""max"": 53.331257}, ""memory"": {""mean"": 0.3236848, ""max"": 0.323929}, ""io_read_count"": {""mean"": 8416.6225972, ""max"": 10527.91215}, ""io_write_count"": {""mean"": 16.0011836, ""max"": 20.015042}, ""io_read"": {""mean"": 0.0, ""max"": 0.0}, ""io_write"": {""mean"": 0.0, ""max"": 0.0}, ""gpu_util_avg"": {""mean"": 0.0, ""max"": 0.0}, ""gpu_util_min"": {""mean"": 0.0, ""max"": 0.0}, ""gpu_util_max"": {""mean"": 0.0, ""max"": 0.0}, ""gpu_util_0"": {""mean"": 0.0, ""max"": 0.0}, ""gpu_band_avg"": {""mean"": 0.0, ""max"": 0.0}, ""gpu_band_min"": {""mean"": 0.0, ""max"": 0.0}, ""gpu_band_max"": {""mean"": 0.0, ""max"": 0.0}, ""gpu_band_0"": {""mean"": 0.0, ""max"": 0.0}, ""gpu_mem_avg"": {""mean"": 0.0, ""max"": 0.0}, ""gpu_mem_min"": {""mean"": 0.0, ""max"": 0.0}, ""gpu_mem_max"": {""mean"": 0.0, ""max"": 0.0}, ""gpu_mem_0"": {""mean"": 0.0, ""max"": 0.0}}","{""predictions"": {""kind"": ""array"", ""shape"": [50000], ""dtype"": ""int64"", ""mean"": 0.499, ""std"": 0.499998999999, ""min"": 0.0, ""max"": 1.0}}",,
model_fit,predict,full,full,False,2,1,ok,0.43733,4.646374,,8.4402,8.4709,,"{""cpu_util_avg"": {""mean"": 52.292394125, ""max"": 55.016525}, ""cpu_util_min"": {""mean"": 52.292394125, ""max"": 55.016525}, ""cpu_util_max"": {""mean"": 52.292394125, ""max"": 55.016525}, ""cpu_util_0"": {""mean"": 52.292394125, ""max"": 55.016525}, ""cpu_util_1"": {""mean"": 52.292394125, ""max"": 55.016525}, ""cpu_util_2"": {""mean"": 52.292394125, ""max"": 55.016525}, ""cpu_util_3"": {""mean"": 52.292394125, ""max"": 55.016525}, ""cpu_util_4"": {""mean"": 52.292394125, ""max"": 55.016525}, ""cpu_util_5"": {""mean"": 52.292394125, ""max"": 55.016525}, ""cpu_util_6"": {""mean"": 52.292394125, ""max"": 55.016525}, ""cpu_util_7"": {""mean"": 52.292394125, ""max"": 55.016525}, ""cpu_util_8"": {""mean"": 52.292394125, ""max"": 55.016525}, ""cpu_util_9"": {""mean"": 52.292394125, ""max"": 55.016525}, ""cpu_util_10"": {""mean"": 52.292394125, ""max"": 55.016525}, ""cpu_util_11"": {""mean"": 52.292394125, ""max"": 55.016525}, ""memory"": {""mean"": 0.369164, ""max"": 0.369164}, ""io_read_count"": {""mean"": 10520.10788475, ""max"": 10523.160736}, ""io_write_count"": {""mean"": 20.000205, ""max"": 20.006009}, ""io_read"": {""mean"": 0.0, ""max"": 0.0}, ""io_write"": {""mean"": 0.0, ""max"": 0.0}, ""gpu_util_avg"": {""mean"": 0.0, ""max"": 0.0}, ""gpu_util_min"": {""mean"": 0.0, ""max"": 0.0}, ""gpu_util_max"": {""mean"": 0.0, ""max"": 0.0}, ""gpu_util_0"": {""mean"": 0.0, ""max"": 0.0}, ""gpu_band_avg"": {""mean"": 0.0, ""max"": 0.0}, ""gpu_band_min"": {""mean"": 0.0, ""max"": 0.0}, ""gpu_band_max"": {""mean"": 0.0, ""max"": 0.0}, ""gpu_band_0"": {""mean"": 0.0, ""max"": 0.0}, ""gpu_mem_avg"": {""mean"": 0.0, ""max"": 0.0}, ""gpu_mem_min"": {""mean"": 0.0, ""max"": 0.0}, ""gpu_mem_max"": {""mean"": 0.0, ""max"": 0.0}, ""gpu_mem_0"": {""mean"": 0.0, ""max"": 0.0}}","{""predictions"": {""kind"": ""array"", ""shape"": [50000], ""dtype"": ""int64"", ""mean"": 0.499, ""std"": 0.49999899999899994, ""min"": 0.0, ""max"": 1.0}}",,
model_fit,predict,fork,full,True,2,2,ok,0.351743,3.963137,,7.5375,7.5625,,"{""cpu_util_avg"": {""mean"": 50.95193757142858, ""max"": 51.679067}, ""cpu_util_min"": {""mean"": 50.95193757142858, ""max"": 51.679067}, ""cpu_util_max"": {""mean"": 50.95193757142858, ""max"": 51.679067}, ""cpu_util_0"": {""mean"": 50.95193757142858, ""max"": 51.679067}, ""cpu_util_1"": {""mean"": 50.95193757142858, ""max"": 51.679067}, ""cpu_util_2"": {""mean"": 50.95193757142858, ""max"": 51.679067}, ""cpu_util_3"": {""mean"": 50.95193757142858, ""max"": 51.679067}, ""cpu_util_4"": {""mean"": 50.95193757142858, ""max"": 51.679067}, ""cpu_util_5"": {""mean"": 50.95193757142858, ""max"": 51.679067}, ""cpu_util_6"": {""mean"": 50.95193757142858, ""max"": 51.679067}, ""cpu_util_7"": {""mean"": 50.95193757142858, ""max"": 51.679067}, ""cpu_util_8"": {""mean"": 50.95193757142858, ""max"": 51.679067}, ""cpu_util_9"": {""mean"": 50.95193757142858, ""max"": 51.679067}, ""cpu_util_10"": {""mean"": 50.95193757142858, ""max"": 51.679067}, ""cpu_util_11"": {""mean"": 50.95193757142858, ""max"": 51.679067}, ""memory"": {""mean"": 0.36772200000000005, ""max"": 0.367722}, ""io_read_count"": {""mean"": 10520.026608142856, ""max"": 10544.385577}, ""io_write_count"": {""mean"": 20.000050428571427, ""max"": 20.04636}, ""io_read"": {""mean"": 0.0, ""max"": 0.0}, ""io_write"": {""mean"": 0.0, ""max"": 0.0}, ""gpu_util_avg"": {""mean"": 0.0, ""max"": 0.0}, ""gpu_util_min"": {""mean"": 0.0, ""max"": 0.0}, ""gpu_util_max"": {""mean"": 0.0, ""max"": 0.0}, ""gpu_util_0"": {""mean"": 0.0, ""max"": 0.0}, ""gpu_band_avg"": {""mean"": 0.0, ""max"": 0.0}, ""gpu_band_min"": {""mean"": 0.0, ""max"": 0.0}, ""gpu_band_max"": {""mean"": 0.0, ""max"": 0.0}, ""gpu_band_0"": {""mean"": 0.0, ""max"": 0.0}, ""gpu_mem_avg"": {""mean"": 0.0, ""max"": 0.0}, ""gpu_mem_min"": {""mean"": 0.0, ""max"": 0.0}, ""gpu_mem_max"": {""mean"": 0.0, ""max"": 0.0}, ""gpu_mem_0"": {""mean"": 0.0, ""max"": 0.0}}","{""predictions"": {""kind"": ""array"", ""shape"": [50000], ""dtype"": ""int64"", ""mean"": 0.49888, ""std"": 0.49999874559842655, ""min"": 0.0, ""max"": 1.0}}",,
model_fit,predict,full,full,False,3,0,ok,0.342982,4.02394,,7.7044,7.729,,"{""cpu_util_avg"": {""mean"": 51.90596814285714, ""max"": 54.953606}, ""cpu_util_min"": {""mean"": 51.90596814285714, ""max"": 54.953606}, ""cpu_util_max"": {""mean"": 51.90596814285714, ""max"": 54.953606}, ""cpu_util_0"": {""mean"": 51.90596814285714, ""max"": 54.953606}, ""cpu_util_1"": {""mean"": 51.90596814285714, ""max"": 54.953606}, ""cpu_util_2"": {""mean"": 51.90596814285714, ""max"": 54.953606}, ""cpu_util_3"": {""mean"": 51.90596814285714, ""max"": 54.953606}, ""cpu_util_4"": {""mean"": 51.90596814285714, ""max"": 54.953606}, ""cpu_util_5"": {""mean"": 51.90596814285714, ""max"": 54.953606}, ""cpu_util_6"": {""mean"": 51.90596814285714, ""max"": 54.953606}, ""cpu_util_7"": {""mean"": 51.90596814285714, ""max"": 54.953606}, ""cpu_util_8"": {""mean"": 51.90596814285714, ""max"": 54.953606}, ""cpu_util_9"": {""mean"": 51.90596814285714, ""max"": 54.953606}, ""cpu_util_10"": {""mean"": 51.90596814285714, ""max"": 54.953606}, ""cpu_util_11"": {""mean"": 51.90596814285714, ""max"": 54.953606}, ""memory"": {""mean"": 0.369373, ""max"": 0.369373}, ""io_read_count"": {""mean"": 10520.420392142856, ""max"": 10532.328929}, ""io_write_count"": {""mean"": 20.000799, ""max"": 20.023439}, ""io_read"": {""mean"": 0.0, ""max"": 0.0}, ""io_write"": {""mean"": 0.0, ""max"": 0.0}, ""gpu_util_avg"": {""mean"": 0.0, ""max"": 0.0}, ""gpu_util_min"": {""mean"": 0.0, ""max"": 0.0}, ""gpu_util_max"": {""mean"": 0.0, ""max"": 0.0}, ""gpu_util_0"": {""mean"": 0.0, ""max"": 0.0}, ""gpu_band_avg"": {""mean"": 0.0, ""max"": 0.0}, ""gpu_band_min"": {""mean"": 0.0, ""max"": 0.0}, ""gpu_band_max"": {""mean"": 0.0, ""max"": 0.0}, ""gpu_band_0"": {""mean"": 0.0, ""max"": 0.0}, ""gpu_mem_avg"": {""mean"": 0.0, ""max"": 0.0}, ""gpu_mem_min"": {""mean"": 0.0, ""max"": 0.0}, ""gpu_mem_max"": {""mean"": 0.0, ""max"": 0.0}, ""gpu_mem_0"": {""mean"": 0.0, ""max"": 0.0}}","{""predictions"": {""kind"": ""array"", ""shape"": [50000], ""dtype"": ""int64"", ""mean"": 0.49906, ""std"": 0.4999991163992192, ""min"": 0.0, ""max"": 1.0}}",,
model_fit,predict,fork,full,True,3,1,ok,0.212761,2.845046,,6.202,6.2238,,"{""cpu_util_avg"": {""mean"": 55.002357249999996, ""max"": 58.340936}, ""cpu_util_min"": {""mean"": 55.002357249999996, ""max"": 58.340936}, ""cpu_util_max"": {""mean"": 55.002357249999996, ""max"": 58.340936}, ""cpu_util_0"": {""mean"": 55.002357249999996, ""max"": 58.340936}, ""cpu_util_1"": {""mean"": 55.002357249999996, ""max"": 58.340936}, ""cpu_util_2"": {""mean"": 55.002357249999996, ""max"": 58.340936}, ""cpu_util_3"": {""mean"": 55.002357249999996, ""max"": 58.340936}, ""cpu_util_4"": {""mean"": 55.002357249999996, ""max"": 58.340936}, ""cpu_util_5"": {""mean"": 55.002357249999996, ""max"": 58.340936}, ""cpu_util_6"": {""mean"": 55.002357249999996, ""max"": 58.340936}, ""cpu_util_7"": {""mean"": 55.002357249999996, ""max"": 58.340936}, ""cpu_util_8"": {""mean"": 55.002357249999996, ""max"": 58.340936}, ""cpu_util_9"": {""mean"": 55.002357249999996, ""max"": 58.340936}, ""cpu_util_10"": {""mean"": 55.002357249999996, ""max"": 58.340936}, ""cpu_util_11"": {""mean"": 55.002357249999996, ""max"": 58.340936}, ""memory"": {""mean"": 0.367752, ""max"": 0.367752}, ""io_read_count"": {""mean"": 10520.510972, ""max"": 10523.938479}, ""io_write_count"": {""mean"": 20.0009715, ""max"": 20.007488}, ""io_read"": {""mean"": 0.0, ""max"": 0.0}, ""io_write"": {""mean"": 0.0, ""max"": 0.0}, ""gpu_util_avg"": {""mean"": 0.0, ""max"": 0.0}, ""gpu_util_min"": {""mean"": 0.0, ""max"": 0.0}, ""gpu_util_max"": {""mean"": 0.0, ""max"": 0.0}, ""gpu_util_0"": {""mean"": 0.0, ""max"": 0.0}, ""gpu_band_avg"": {""mean"": 0.0, ""max"": 0.0}, ""gpu_band_min"": {""mean"": 0.0, ""max"": 0.0}, ""gpu_band_max"": {""mean"": 0.0, ""max"": 0.0}, ""gpu_band_0"": {""mean"": 0.0, ""max"": 0.0}, ""gpu_mem_avg"": {""mean"": 0.0, ""max"": 0.0}, ""gpu_mem_min"": {""mean"": 0.0, ""max"": 0.0}, ""gpu_mem_max"": {""mean"": 0.0, ""max"": 0.0}, ""gpu_mem_0"": {""mean"": 0.0, ""max"": 0.0}}","{""predictions"": {""kind"": ""array"", ""shape"": [50000], ""dtype"": ""int64"", ""mean"": 0.49892, ""std"": 0.4999988335986395, ""min"": 0.0, ""max"": 1.0}}",,
model_fit,predict,dill,dill,False,3,2,ok,0.244444,0.0,0.7648,4.2202,4.2399,,"{""cpu_util_avg"": {""mean"": 53.3127075, ""max"": 58.33809}, ""cpu_util_min"": {""mean"": 53.3127075, ""max"": 58.33809}, ""cpu_util_max"": {""mean"": 53.3127075, ""max"": 58.33809}, ""cpu_util_0"": {""mean"": 53.3127075, ""max"": 58.33809}, ""cpu_util_1"": {""mean"": 53.3127075, ""max"": 58.33809}, ""cpu_util_2"": {""mean"": 53.3127075, ""max"": 58.33809}, ""cpu_util_3"": {""mean"": 53.3127075, ""max"": 58.33809}, ""cpu_util_4"": {""mean"": 53.3127075, ""max"": 58.33809}, ""cpu_util_5"": {""mean"": 53.3127075, ""max"": 58.33809}, ""cpu_util_6"": {""mean"": 53.3127075, ""max"": 58.33809}, ""cpu_util_7"": {""mean"": 53.3127075, ""max"": 58.33809}, ""cpu_util_8"": {""mean"": 53.3127075, ""max"": 58.33809}, ""cpu_util_9"": {""mean"": 53.3127075, ""max"": 58.33809}, ""cpu_util_10"": {""mean"": 53.3127075, ""max"": 58.33809}, ""cpu_util_11"": {""mean"": 53.3127075, ""max"": 58.33809}, ""memory"": {""mean"": 0.32349, ""max"": 0.323795}, ""io_read_count"": {""mean"": 7889.617736499999, ""max"": 10520.857869}, ""io_write_count"": {""mean"": 14.999273250000002, ""max"": 20.001631}, ""io_read"": {""mean"": 0.0, ""max"": 0.0}, ""io_write"": {""mean"": 0.0, ""max"": 0.0}, ""gpu_util_avg"": {""mean"": 0.0, ""max"": 0.0}, ""gpu_util_min"": {""mean"": 0.0, ""max"": 0.0}, ""gpu_util_max"": {""mean"": 0.0, ""max"": 0.0}, ""gpu_util_0"": {""mean"": 0.0, ""max"": 0.0}, ""gpu_band_avg"": {""mean"": 0.0, ""max"": 0.0}, ""gpu_band_min"": {""mean"": 0.0, ""max"": 0.0}, ""gpu_band_max"": {""mean"": 0.0, ""max"": 0.0}, ""gpu_band_0"": {""mean"": 0.0, ""max"": 0.0}, ""gpu_mem_avg"": {""mean"": 0.0, ""max"": 0.0}, ""gpu_mem_min"": {""mean"": 0.0, ""max"": 0.0}, ""gpu_mem_max"": {""mean"": 0.0, ""max"": 0.0}, ""gpu_mem_0"": {""mean"": 0.0, ""max"": 0.0}}","{""predictions"": {""kind"": ""array"", ""shape"": [50000], ""dtype"": ""int64"", ""mean"": 0.499, ""std"": 0.499998999999, ""min"": 0.0, ""max"": 1.0}}",,
model_fit,predict,fork,full,True,4,0,ok,0.327912,3.709442,,7.0791,7.1019,,"{""cpu_util_avg"": {""mean"": 55.27574499999999, ""max"": 58.339568}, ""cpu_util_min"": {""mean"": 55.27574499999999, ""max"": 58.339568}, ""cpu_util_max"": {""mean"": 55.27574499999999, ""max"": 58.339568}, ""cpu_util_0"": {""mean"": 55.27574499999999, ""max"": 58.339568}, ""cpu_util_1"": {""mean"": 55.27574499999999, ""max"": 58.339568}, ""cpu_util_2"": {""mean"": 55.27574499999999, ""max"": 58.339568}, ""cpu_util_3"": {""mean"": 55.27574499999999, ""max"": 58.339568}, ""cpu_util_4"": {""mean"": 55.27574499999999, ""max"": 58.339568}, ""cpu_util_5"": {""mean"": 55.27574499999999, ""max"": 58.339568}, ""cpu_util_6"": {""mean"": 55.27574499999999, ""max"": 58.339568}, ""cpu_util_7"": {""mean"": 55.27574499999999, ""max"": 58.339568}, ""cpu_util_8"": {""mean"": 55.27574499999999, ""max"": 58.339568}, ""cpu_util_9"": {""mean"": 55.27574499999999, ""max"": 58.339568}, ""cpu_util_10"": {""mean"": 55.27574499999999, ""max"": 58.339568}, ""cpu_util_11"": {""mean"": 55.27574499999999, ""max"": 58.339568}, ""memory"": {""mean"": 0.36891199999999996, ""max"": 0.368912}, ""io_read_count"": {""mean"": 10519.606700833334, ""max"": 10521.124289}, ""io_write_count"": {""mean"": 19.99925216666667, ""max"": 20.002137}, ""io_read"": {""mean"": 0.0, ""max"": 0.0}, ""io_write"": {""mean"": 0.0, ""max"": 0.0}, ""gpu_util_avg"": {""mean"": 0.0, ""max"": 0.0}, ""gpu_util_min"": {""mean"": 0.0, ""max"": 0.0}, ""gpu_util_max"": {""mean"": 0.0, ""max"": 0.0}, ""gpu_util_0"": {""mean"": 0.0, ""max"": 0.0}, ""gpu_band_avg"": {""mean"": 0.0, ""max"": 0.0}, ""gpu_band_min"": {""mean"": 0.0, ""max"": 0.0}, ""gpu_band_max"": {""mean"": 0.0, ""max"": 0.0}, ""gpu_band_0"": {""mean"": 0.0, ""max"": 0.0}, ""gpu_mem_avg"": {""mean"": 0.0, ""max"": 0.0}, ""gpu_mem_min"": {""mean"": 0.0, ""max"": 0.0}, ""gpu_mem_max"": {""mean"": 0.0, ""max"": 0.0}, ""gpu_mem_0"": {""mean"": 0.0, ""max"": 0.0}}","{""predictions"": {""kind"": ""array"", ""shape"": [50000], ""dtype"": ""int64"", ""mean"": 0.49888, ""std"": 0.49999874559842655, ""min"": 0.0, ""max"": 1.0}}",,
model_fit,predict,dill,dill,False,4,1,ok,0.243525,0.0,0.7464,4.2305,4.2504,,"{""cpu_util_avg"": {""mean"": 52.89613275, ""max"": 56.639804}, ""cpu_util_min"": {""mean"": 52.89613275, ""max"": 56.639804}, ""cpu_util_max"": {""mean"": 52.89613275, ""max"": 56.639804}, ""cpu_util_0"": {""mean"": 52.89613275, ""max"": 56.639804}, ""cpu_util_1"": {""mean"": 52.89613275, ""max"": 56.639804}, ""cpu_util_2"": {""mean"": 52.89613275, ""max"": 56.639804}, ""cpu_util_3"": {""mean"": 52.89613275, ""max"": 56.639804}, ""cpu_util_4"": {""mean"": 52.89613275, ""max"": 56.639804}, ""cpu_util_5"": {""mean"": 52.89613275, ""max"": 56.639804}, ""cpu_util_6"": {""mean"": 52.89613275, ""max"": 56.639804}, ""cpu_util_7"": {""mean"": 52.89613275, ""max"": 56.639804}, ""cpu_util_8"": {""mean"": 52.89613275, ""max"": 56.639804}, ""cpu_util_9"": {""mean"": 52.89613275, ""max"": 56.639804}, ""cpu_util_10"": {""mean"": 52.89613275, ""max"": 56.639804}, ""cpu_util_11"": {""mean"": 52.89613275, ""max"": 56.639804}, ""memory"": {""mean"": 0.322895, ""max"": 0.3232}, ""io_read_count"": {""mean"": 7889.83714525, ""max"": 10525.222826}, ""io_write_count"": {""mean"": 14.99969025, ""max"": 20.009929}, ""io_read"": {""mean"": 0.0, ""max"": 0.0}, ""io_write"": {""mean"": 0.0, ""max"": 0.0}, ""gpu_util_avg"": {""mean"": 0.0, ""max"": 0.0}, ""gpu_util_min"": {""mean"": 0.0, ""max"": 0.0}, ""gpu_util_max"": {""mean"": 0.0, ""max"": 0.0}, ""gpu_util_0"": {""mean"": 0.0, ""max"": 0.0}, ""gpu_band_avg"": {""mean"": 0.0, ""max"": 0.0}, ""gpu_band_min"": {""mean"": 0.0, ""max"": 0.0}, ""gpu_band_max"": {""mean"": 0.0, ""max"": 0.0}, ""gpu_band_0"": {""mean"": 0.0, ""max"": 0.0}, ""gpu_mem_avg"": {""mean"": 0.0, ""max"": 0.0}, ""gpu_mem_min"": {""mean"": 0.0, ""max"": 0.0}, ""gpu_mem_max"": {""mean"": 0.0, ""max"": 0.0}, ""gpu_mem_0"": {""mean"": 0.0, ""max"": 0.0}}","{""predictions"": {""kind"": ""array"", ""shape"": [50000], ""dtype"": ""int64"", ""mean"": 0.499, ""std"": 0.499998999999, ""min"": 0.0, ""max"": 1.0}}",,
model_fit,predict,full,full,False,4,2,ok,0.30334,3.628884,,7.0732,7.0984,,"{""cpu_util_avg"": {""mean"": 52.223543666666664, ""max"": 56.67778}, ""cpu_util_min"": {""mean"": 52.223543666666664, ""max"": 56.67778}, ""cpu_util_max"": {""mean"": 52.223543666666664, ""max"": 56.67778}, ""cpu_util_0"": {""mean"": 52.223543666666664, ""max"": 56.67778}, ""cpu_util_1"": {""mean"": 52.223543666666664, ""max"": 56.67778}, ""cpu_util_2"": {""mean"": 52.223543666666664, ""max"": 56.67778}, ""cpu_util_3"": {""mean"": 52.223543666666664, ""max"": 56.67778}, ""cpu_util_4"": {""mean"": 52.223543666666664, ""max"": 56.67778}, ""cpu_util_5"": {""mean"": 52.223543666666664, ""max"": 56.67778}, ""cpu_util_6"": {""mean"": 52.223543666666664, ""max"": 56.67778}, ""cpu_util_7"": {""mean"": 52.223543666666664, ""max"": 56.67778}, ""cpu_util_8"": {""mean"": 52.223543666666664, ""max"": 56.67778}, ""cpu_util_9"": {""mean"": 52.223543666666664, ""max"": 56.67778}, ""cpu_util_10"": {""mean"": 52.223543666666664, ""max"": 56.67778}, ""cpu_util_11"": {""mean"": 52.223543666666664, ""max"": 56.67778}, ""memory"": {""mean"": 0.369556, ""max"": 0.369556}, ""io_read_count"": {""mean"": 10520.407726833333, ""max"": 10532.767819}, ""io_write_count"": {""mean"": 20.000775, ""max"": 20.024273}, ""io_read"": {""mean"": 0.0, ""max"": 0.0}, ""io_write"": {""mean"": 0.0, ""max"": 0.0}, ""gpu_util_avg"": {""mean"": 0.0, ""max"": 0.0}, ""gpu_util_min"": {""mean"": 0.0, ""max"": 0.0}, ""gpu_util_max"": {""mean"": 0.0, ""max"": 0.0}, ""gpu_util_0"": {""mean"": 0.0, ""max"": 0.0}, ""gpu_band_avg"": {""mean"": 0.0, ""max"": 0.0}, ""gpu_band_min"": {""mean"": 0.0, ""max"": 0.0}, ""gpu_band_max"": {""mean"": 0.0, ""max"": 0.0}, ""gpu_band_0"": {""mean"": 0.0, ""max"": 0.0}, ""gpu_mem_avg"": {""mean"": 0.0, ""max"": 0.0}, ""gpu_mem_min"": {""mean"": 0.0, ""max"": 0.0}, ""gpu_mem_max"": {""mean"": 0.0, ""max"": 0.0}, ""gpu_mem_0"": {""mean"": 0.0, ""max"": 0.0}}","{""predictions"": {""kind"": ""array"", ""shape"": [50000], ""dtype"": ""int64"", ""mean"": 0.49898, ""std"": 0.49999895959891755, ""min"": 0.0, ""max"": 1.0}}",,
model_fit,predict,dill,dill,False,5,0,ok,0.252742,0.0,0.7539,4.2999,4.3239,,"{""cpu_util_avg"": {""mean"": 50.984089600000004, ""max"": 54.970218}, ""cpu_util_min"": {""mean"": 50.984089600000004, ""max"": 54.970218}, ""cpu_util_max"": {""mean"": 50.984089600000004, ""max"": 54.970218}, ""cpu_util_0"": {""mean"": 50.984089600000004, ""max"": 54.970218}, ""cpu_util_1"": {""mean"": 50.984089600000004, ""max"": 54.970218}, ""cpu_util_2"": {""mean"": 50.984089600000004, ""max"": 54.970218}, ""cpu_util_3"": {""mean"": 50.984089600000004, ""max"": 54.970218}, ""cpu_util_4"": {""mean"": 50.984089600000004, ""max"": 54.970218}, ""cpu_util_5"": {""mean"": 50.984089600000004, ""max"": 54.970218}, ""cpu_util_6"": {""mean"": 50.984089600000004, ""max"": 54.970218}, ""cpu_util_7"": {""mean"": 50.984089600000004, ""max"": 54.970218}, ""cpu_util_8"": {""mean"": 50.984089600000004, ""max"": 54.970218}, ""cpu_util_9"": {""mean"": 50.984089600000004, ""max"": 54.970218}, ""cpu_util_10"": {""mean"": 50.984089600000004, ""max"": 54.970218}, ""cpu_util_11"": {""mean"": 50.984089600000004, ""max"": 54.970218}, ""memory"": {""mean"": 0.32333540000000005, ""max"": 0.323677}, ""io_read_count"": {""mean"": 8416.217878, ""max"": 10535.938767}, ""io_write_count"": {""mean"": 16.0004142, ""max"": 20.030302}, ""io_read"": {""mean"": 0.0, ""max"": 0.0}, ""io_write"": {""mean"": 0.0, ""max"": 0.0}, ""gpu_util_avg"": {""mean"": 0.0, ""max"": 0.0}, ""gpu_util_min"": {""mean"": 0.0, ""max"": 0.0}, ""gpu_util_max"": {""mean"": 0.0, ""max"": 0.0}, ""gpu_util_0"": {""mean"": 0.0, ""max"": 0.0}, ""gpu_band_avg"": {""mean"": 0.0, ""max"": 0.0}, ""gpu_band_min"": {""mean"": 0.0, ""max"": 0.0}, ""gpu_band_max"": {""mean"": 0.0, ""max"": 0.0}, ""gpu_band_0"": {""mean"": 0.0, ""max"": 0.0}, ""gpu_mem_avg"": {""mean"": 0.0, ""max"": 0.0}, ""gpu_mem_min"": {""mean"": 0.0, ""max"": 0.0}, ""gpu_mem_max"": {""mean"": 0.0, ""max"": 0.0}, ""gpu_mem_0"": {""mean"": 0.0, ""max"": 0.0}}","{""predictions"": {""kind"": ""array"", ""shape"": [50000], ""dtype"": ""int64"", ""mean"": 0.499, ""std"": 0.499998999999, ""min"": 0.0, ""max"": 1.0}}",,
model_fit,predict,full,full,False,5,1,ok,0.233988,2.971101,,6.4198,6.4477,,"{""cpu_util_avg"": {""mean"": 51.34630179999999, ""max"": 54.986305}, ""cpu_util_min"": {""mean"": 51.34630179999999, ""max"": 54.986305}, ""cpu_util_max"": {""mean"": 51.34630179999999, ""max"": 54.986305}, ""cpu_util_0"": {""mean"": 51.34630179999999, ""max"": 54.986305}, ""cpu_util_1"": {""mean"": 51.34630179999999, ""max"": 54.986305}, ""cpu_util_2"": {""mean"": 51.34630179999999, ""max"": 54.986305}, ""cpu_util_3"": {""mean"": 51.34630179999999, ""max"": 54.986305}, ""cpu_util_4"": {""mean"": 51.34630179999999, ""max"": 54.986305}, ""cpu_util_5"": {""mean"": 51.34630179999999, ""max"": 54.986305}, ""cpu_util_6"": {""mean"": 51.34630179999999, ""max"": 54.986305}, ""cpu_util_7"": {""mean"": 51.34630179999999, ""max"": 54.986305}, ""cpu_util_8"": {""mean"": 51.34630179999999, ""max"": 54.986305}, ""cpu_util_9"": {""mean"": 51.34630179999999, ""max"": 54.986305}, ""cpu_util_10"": {""mean"": 51.34630179999999, ""max"": 54.986305}, ""cpu_util_11"": {""mean"": 51.34630179999999, ""max"": 54.986305}, ""memory"": {""mean"": 0.368046, ""max"": 0.368046}, ""io_read_count"": {""mean"": 10522.704331, ""max"": 10531.289122}, ""io_write_count"": {""mean"": 20.0051412, ""max"": 20.021462}, ""io_read"": {""mean"": 0.0, ""max"": 0.0}, ""io_write"": {""mean"": 0.0, ""max"": 0.0}, ""gpu_util_avg"": {""mean"": 0.0, ""max"": 0.0}, ""gpu_util_min"": {""mean"": 0.0, ""max"": 0.0}, ""gpu_util_max"": {""mean"": 0.0, ""max"": 0.0}, ""gpu_util_0"": {""mean"": 0.0, ""max"": 0.0}, ""gpu_band_avg"": {""mean"": 0.0, ""max"": 0.0}, ""gpu_band_min"": {""mean"": 0.0, ""max"": 0.0}, ""gpu_band_max"": {""mean"": 0.0, ""max"": 0.0}, ""gpu_band_0"": {""mean"": 0.0, ""max"": 0.0}, ""gpu_mem_avg"": {""mean"": 0.0, ""max"": 0.0}, ""gpu_mem_min"": {""mean"": 0.0, ""max"": 0.0}, ""gpu_mem_max"": {""mean"": 0.0, ""max"": 0.0}, ""gpu_mem_0"": {""mean"": 0.0, ""max"": 0.0}}","{""predictions"": {""kind"": ""array"", ""shape"": [50000], ""dtype"": ""int64"", ""mean"": 0.49898, ""std"": 0.4999989595989175, ""min"": 0.0, ""max"": 1.0}}",,
model_fit,predict,fork,full,True,5,2,ok,0.248937,3.18514,,6.6089,6.6322,,"{""cpu_util_avg"": {""mean"": 54.342663200000004, ""max"": 56.685306}, ""cpu_util_min"": {""mean"": 54.342663200000004, ""max"": 56.685306}, ""cpu_util_max"": {""mean"": 54.342663200000004, ""max"": 56.685306}, ""cpu_util_0"": {""mean"": 54.342663200000004, ""max"": 56.685306}, ""cpu_util_1"": {""mean"": 54.342663200000004, ""max"": 56.685306}, ""cpu_util_2"": {""mean"": 54.342663200000004, ""max"": 56.685306}, ""cpu_util_3"": {""mean"": 54.342663200000004, ""max"": 56.685306}, ""cpu_util_4"": {""mean"": 54.342663200000004, ""max"": 56.685306}, ""cpu_util_5"": {""mean"": 54.342663200000004, ""max"": 56.685306}, ""cpu_util_6"": {""mean"": 54.342663200000004, ""max"": 56.685306}, ""cpu_util_7"": {""mean"": 54.342663200000004, ""max"": 56.685306}, ""cpu_util_8"": {""mean"": 54.342663200000004, ""max"": 56.685306}, ""cpu_util_9"": {""mean"": 54.342663200000004, ""max"": 56.685306}, ""cpu_util_10"": {""mean"": 54.342663200000004, ""max"": 56.685306}, ""cpu_util_11"": {""mean"": 54.342663200000004, ""max"": 56.685306}, ""memory"": {""mean"": 0.369312, ""max"": 0.369312}, ""io_read_count"": {""mean"": 10521.8486298, ""max"": 10523.706029}, ""io_write_count"": {""mean"": 20.0035146, ""max"": 20.007046}, ""io_read"": {""mean"": 0.0, ""max"": 0.0}, ""io_write"": {""mean"": 0.0, ""max"": 0.0}, ""gpu_util_avg"": {""mean"": 0.0, ""max"": 0.0}, ""gpu_util_min"": {""mean"": 0.0, ""max"": 0.0}, ""gpu_util_max"": {""mean"": 0.0, ""max"": 0.0}, ""gpu_util_0"": {""mean"": 0.0, ""max"": 0.0}, ""gpu_band_avg"": {""mean"": 0.0, ""max"": 0.0}, ""gpu_band_min"": {""mean"": 0.0, ""max"": 0.0}, ""gpu_band_max"": {""mean"": 0.0, ""max"": 0.0}, ""gpu_band_0"": {""mean"": 0.0, ""max"": 0.0}, ""gpu_mem_avg"": {""mean"": 0.0, ""max"": 0.0}, ""gpu_mem_min"": {""mean"": 0.0, ""max"": 0.0}, ""gpu_mem_max"": {""mean"": 0.0, ""max"": 0.0}, ""gpu_mem_0"": {""mean"": 0.0, ""max"": 0.0}}","{""predictions"": {""kind"": ""array"", ""shape"": [50000], ""dtype"": ""int64"", ""mean"": 0.49882, ""std"": 0.49999860759806114, ""min"": 0.0, ""max"": 1.0}}",,
model_fit,predict,full,full,False,6,0,ok,0.255559,3.261704,,6.6497,6.6725,,"{""cpu_util_avg"": {""mean"": 52.669016799999994, ""max"": 54.999792}, ""cpu_util_min"": {""mean"": 52.669016799999994, ""max"": 54.999792}, ""cpu_util_max"": {""mean"": 52.669016799999994, ""max"": 54.999792}, ""cpu_util_0"": {""mean"": 52.669016799999994, ""max"": 54.999792}, ""cpu_util_1"": {""mean"": 52.669016799999994, ""max"": 54.999792}, ""cpu_util_2"": {""mean"": 52.669016799999994, ""max"": 54.999792}, ""cpu_util_3"": {""mean"": 52.669016799999994, ""max"": 54.999792}, ""cpu_util_4"": {""mean"": 52.669016799999994, ""max"": 54.999792}, ""cpu_util_5"": {""mean"": 52.669016799999994, ""max"": 54.999792}, ""cpu_util_6"": {""mean"": 52.669016799999994, ""max"": 54.999792}, ""cpu_util_7"": {""mean"": 52.669016799999994, ""max"": 54.999792}, ""cpu_util_8"": {""mean"": 52.669016799999994, ""max"": 54.999792}, ""cpu_util_9"": {""mean"": 52.669016799999994, ""max"": 54.999792}, ""cpu_util_10"": {""mean"": 52.669016799999994, ""max"": 54.999792}, ""cpu_util_11"": {""mean"": 52.669016799999994, ""max"": 54.999792}, ""memory"": {""mean"": 0.36541, ""max"": 0.36541}, ""io_read_count"": {""mean"": 10520.4826464, ""max"": 10523.826674}, ""io_write_count"": {""mean"": 20.0009174, ""max"": 20.007275}, ""io_read"": {""mean"": 0.0, ""max"": 0.0}, ""io_write"": {""mean"": 0.0, ""max"": 0.0}, ""gpu_util_avg"": {""mean"": 0.0, ""max"": 0.0}, ""gpu_util_min"": {""mean"": 0.0, ""max"": 0.0}, ""gpu_util_max"": {""mean"": 0.0, ""max"": 0.0}, ""gpu_util_0"": {""mean"": 0.0, ""max"": 0.0}, ""gpu_band_avg"": {""mean"": 0.0, ""max"": 0.0}, ""gpu_band_min"": {""mean"": 0.0, ""max"": 0.0}, ""gpu_band_max"": {""mean"": 0.0, ""max"": 0.0}, ""gpu_band_0"": {""mean"": 0.0, ""max"": 0.0}, ""gpu_mem_avg"": {""mean"": 0.0, ""max"": 0.0}, ""gpu_mem_min"": {""mean"": 0.0, ""max"": 0.0}, ""gpu_mem_max"": {""mean"": 0.0, ""max"": 0.0}, ""gpu_mem_0"": {""mean"": 0.0, ""max"": 0.0}}","{""predictions"": {""kind"": ""array"", ""shape"": [50000], ""dtype"": ""int64"", ""mean"": 0.49898, ""std"": 0.4999989595989175, ""min"": 0.0, ""max"": 1.0}}",,
model_fit,predict,fork,full,True,6,1,ok,0.326028,3.635174,,7.0988,7.1234,,"{""cpu_util_avg"": {""mean"": 50.71371728571428, ""max"": 55.020675}, ""cpu_util_min"": {""mean"": 50.71371728571428, ""max"": 55.020675}, ""cpu_util_max"": {""mean"": 50.71371728571428, ""max"": 55.020675}, ""cpu_util_0"": {""mean"": 50.71371728571428, ""max"": 55.020675}, ""cpu_util_1"": {""mean"": 50.71371728571428, ""max"": 55.020675}, ""cpu_util_2"": {""mean"": 50.71371728571428, ""max"": 55.020675}, ""cpu_util_3"": {""mean"": 50.71371728571428, ""max"": 55.020675}, ""cpu_util_4"": {""mean"": 50.71371728571428, ""max"": 55.020675}, ""cpu_util_5"": {""mean"": 50.71371728571428, ""max"": 55.020675}, ""cpu_util_6"": {""mean"": 50.71371728571428, ""max"": 55.020675}, ""cpu_util_7"": {""mean"": 50.71371728571428, ""max"": 55.020675}, ""cpu_util_8"": {""mean"": 50.71371728571428, ""max"": 55.020675}, ""cpu_util_9"": {""mean"": 50.71371728571428, ""max"": 55.020675}, ""cpu_util_10"": {""mean"": 50.71371728571428, ""max"": 55.020675}, ""cpu_util_11"": {""mean"": 50.71371728571428, ""max"": 55.020675}, ""memory"": {""mean"": 0.36859099999999995, ""max"": 0.368591}, ""io_read_count"": {""mean"": 10519.927998142857, ""max"": 10528.138463}, ""io_write_count"": {""mean"": 19.999862999999998, ""max"": 20.015472}, ""io_read"": {""mean"": 0.0, ""max"": 0.0}, ""io_write"": {""mean"": 0.0, ""max"": 0.0}, ""gpu_util_avg"": {""mean"": 0.0, ""max"": 0.0}, ""gpu_util_min"": {""mean"": 0.0, ""max"": 0.0}, ""gpu_util_max"": {""mean"": 0.0, ""max"": 0.0}, ""gpu_util_0"": {""mean"": 0.0, ""max"": 0.0}, ""gpu_band_avg"": {""mean"": 0.0, ""max"": 0.0}, ""gpu_band_min"": {""mean"": 0.0, ""max"": 0.0}, ""gpu_band_max"": {""mean"": 0.0, ""max"": 0.0}, ""gpu_band_0"": {""mean"": 0.0, ""max"": 0.0}, ""gpu_mem_avg"": {""mean"": 0.0, ""max"": 0.0}, ""gpu_mem_min"": {""mean"": 0.0, ""max"": 0.0}, ""gpu_mem_max"": {""mean"": 0.0, ""max"": 0.0}, ""gpu_mem_0"": {""mean"": 0.0, ""max"": 0.0}}","{""predictions"": {""kind"": ""array"", ""shape"": [50000], ""dtype"": ""int64"", ""mean"": 0.4989, ""std"": 0.4999987899985359, ""min"": 0.0, ""max"": 1.0}}",,
model_fit,predict,dill,dill,False,6,2,ok,0.263669,0.0,0.7719,4.3669,4.3899,,"{""cpu_util_avg"": {""mean"": 48.989395200000004, ""max"": 51.675407}, ""cpu_util_min"": {""mean"": 48.989395200000004, ""max"": 51.675407}, ""cpu_util_max"": {""mean"": 48.989395200000004, ""max"": 51.675407}, ""cpu_util_0"": {""mean"": 48.989395200000004, ""max"": 51.675407}, ""cpu_util_1"": {""mean"": 48.989395200000004, ""max"": 51.675407}, ""cpu_util_2"": {""mean"": 48.989395200000004, ""max"": 51.675407}, ""cpu_util_3"": {""mean"": 48.989395200000004, ""max"": 51.675407}, ""cpu_util_4"": {""mean"": 48.989395200000004, ""max"": 51.675407}, ""cpu_util_5"": {""mean"": 48.989395200000004, ""max"": 51.675407}, ""cpu_util_6"": {""mean"": 48.989395200000004, ""max"": 51.675407}, ""cpu_util_7"": {""mean"": 48.989395200000004, ""max"": 51.675407}, ""cpu_util_8"": {""mean"": 48.989395200000004, ""max"": 51.675407}, ""cpu_util_9"": {""mean"": 48.989395200000004, ""max"": 51.675407}, ""cpu_util_10"": {""mean"": 48.989395200000004, ""max"": 51.675407}, ""cpu_util_11"": {""mean"": 48.989395200000004, ""max"": 51.675407}, ""memory"": {""mean"": 0.32318100000000005, ""max"": 0.323425}, ""io_read_count"": {""mean"": 8417.2735822, ""max"": 10534.258328}, ""io_write_count"": {""mean"": 16.0024212, ""max"": 20.027107}, ""io_read"": {""mean"": 0.0, ""max"": 0.0}, ""io_write"": {""mean"": 0.0, ""max"": 0.0}, ""gpu_util_avg"": {""mean"": 0.0, ""max"": 0.0}, ""gpu_util_min"": {""mean"": 0.0, ""max"": 0.0}, ""gpu_util_max"": {""mean"": 0.0, ""max"": 0.0}, ""gpu_util_0"": {""mean"": 0.0, ""max"": 0.0}, ""gpu_band_avg"": {""mean"": 0.0, ""max"": 0.0}, ""gpu_band_min"": {""mean"": 0.0, ""max"": 0.0}, ""gpu_band_max"": {""mean"": 0.0, ""max"": 0.0}, ""gpu_band_0"": {""mean"": 0.0, ""max"": 0.0}, ""gpu_mem_avg"": {""mean"": 0.0, ""max"": 0.0}, ""gpu_mem_min"": {""mean"": 0.0, ""max"": 0.0}, ""gpu_mem_max"": {""mean"": 0.0, ""max"": 0.0}, ""gpu_mem_0"": {""mean"": 0.0, ""max"": 0.0}}","{""predictions"": {""kind"": ""array"", ""shape"": [50000], ""dtype"": ""int64"", ""mean"": 0.499, ""std"": 0.499998999999, ""min"": 0.0, ""max"": 1.0}}",,
model_fit,predict,fork,full,True,7,0,ok,0.299472,3.461605,,6.7198,6.7424,,"{""cpu_util_avg"": {""mean"": 55.00066633333333, ""max"": 56.737059}, ""cpu_util_min"": {""mean"": 55.00066633333333, ""max"": 56.737059}, ""cpu_util_max"": {""mean"": 55.00066633333333, ""max"": 56.737059}, ""cpu_util_0"": {""mean"": 55.00066633333333, ""max"": 56.737059}, ""cpu_util_1"": {""mean"": 55.00066633333333, ""max"": 56.737059}, ""cpu_util_2"": {""mean"": 55.00066633333333, ""max"": 56.737059}, ""cpu_util_3"": {""mean"": 55.00066633333333, ""max"": 56.737059}, ""cpu_util_4"": {""mean"": 55.00066633333333, ""max"": 56.737059}, ""cpu_util_5"": {""mean"": 55.00066633333333, ""max"": 56.737059}, ""cpu_util_6"": {""mean"": 55.00066633333333, ""max"": 56.737059}, ""cpu_util_7"": {""mean"": 55.00066633333333, ""max"": 56.737059}, ""cpu_util_8"": {""mean"": 55.00066633333333, ""max"": 56.737059}, ""cpu_util_9"": {""mean"": 55.00066633333333, ""max"": 56.737059}, ""cpu_util_10"": {""mean"": 55.00066633333333, ""max"": 56.737059}, ""cpu_util_11"": {""mean"": 55.00066633333333, ""max"": 56.737059}, ""memory"": {""mean"": 0.36647, ""max"": 0.366531}, ""io_read_count"": {""mean"": 10519.946520666666, ""max"": 10533.068169}, ""io_write_count"": {""mean"": 19.999898333333334, ""max"": 20.024844}, ""io_read"": {""mean"": 0.0, ""max"": 0.0}, ""io_write"": {""mean"": 0.0, ""max"": 0.0}, ""gpu_util_avg"": {""mean"": 0.0, ""max"": 0.0}, ""gpu_util_min"": {""mean"": 0.0, ""max"": 0.0}, ""gpu_util_max"": {""mean"": 0.0, ""max"": 0.0}, ""gpu_util_0"": {""mean"": 0.0, ""max"": 0.0}, ""gpu_band_avg"": {""mean"": 0.0, ""max"": 0.0}, ""gpu_band_min"": {""mean"": 0.0, ""max"": 0.0}, ""gpu_band_max"": {""mean"": 0.0, ""max"": 0.0}, ""gpu_band_0"": {""mean"": 0.0, ""max"": 0.0}, ""gpu_mem_avg"": {""mean"": 0.0, ""max"": 0.0}, ""gpu_mem_min"": {""mean"": 0.0, ""max"": 0.0}, ""gpu_mem_max"": {""mean"": 0.0, ""max"": 0.0}, ""gpu_mem_0"": {""mean"": 0.0, ""max"": 0.0}}","{""predictions"": {""kind"": ""array"", ""shape"": [50000], ""dtype"": ""int64"", ""mean"": 0.4989, ""std"": 0.4999987899985359, ""min"": 0.0, ""max"": 1.0}}",,
model_fit,predict,dill,dill,False,7,1,ok,0.240215,0.0,0.7478,4.2065,4.2295,,"{""cpu_util_avg"": {""mean"": 52.907430999999995, ""max"": 56.709138}, ""cpu_util_min"": {""mean"": 52.907430999999995, ""max"": 56.709138}, ""cpu_util_max"": {""mean"": 52.907430999999995, ""max"": 56.709138}, ""cpu_util_0"": {""mean"": 52.907430999999995, ""max"": 56.709138}, ""cpu_util_1"": {""mean"": 52.907430999999995, ""max"": 56.709138}, ""cpu_util_2"": {""mean"": 52.907430999999995, ""max"": 56.709138}, ""cpu_util_3"": {""mean"": 52.907430999999995, ""max"": 56.709138}, ""cpu_util_4"": {""mean"": 52.907430999999995, ""max"": 56.709138}, ""cpu_util_5"": {""mean"": 52.907430999999995, ""max"": 56.709138}, ""cpu_util_6"": {""mean"": 52.907430999999995, ""max"": 56.709138}, ""cpu_util_7"": {""mean"": 52.907430999999995, ""max"": 56.709138}, ""cpu_util_8"": {""mean"": 52.907430999999995, ""max"": 56.709138}, ""cpu_util_9"": {""mean"": 52.907430999999995, ""max"": 56.709138}, ""cpu_util_10"": {""mean"": 52.907430999999995, ""max"": 56.709138}, ""cpu_util_11"": {""mean"": 52.907430999999995, ""max"": 56.709138}, ""memory"": {""mean"": 0.323059, ""max"": 0.323364}, ""io_read_count"": {""mean"": 7891.78256925, ""max"": 10527.884756}, ""io_write_count"": {""mean"": 15.003388999999999, ""max"": 20.01499}, ""io_read"": {""mean"": 0.0, ""max"": 0.0}, ""io_write"": {""mean"": 0.0, ""max"": 0.0}, ""gpu_util_avg"": {""mean"": 0.0, ""max"": 0.0}, ""gpu_util_min"": {""mean"": 0.0, ""max"": 0.0}, ""gpu_util_max"": {""mean"": 0.0, ""max"": 0.0}, ""gpu_util_0"": {""mean"": 0.0, ""max"": 0.0}, ""gpu_band_avg"": {""mean"": 0.0, ""max"": 0.0}, ""gpu_band_min"": {""mean"": 0.0, ""max"": 0.0}, ""gpu_band_max"": {""mean"": 0.0, ""max"": 0.0}, ""gpu_band_0"": {""mean"": 0.0, ""max"": 0.0}, ""gpu_mem_avg"": {""mean"": 0.0, ""max"": 0.0}, ""gpu_mem_min"": {""mean"": 0.0, ""max"": 0.0}, ""gpu_mem_max"": {""mean"": 0.0, ""max"": 0.0}, ""gpu_mem_0"": {""mean"": 0.0, ""max"": 0.0}}","{""predictions"": {""kind"": ""array"", ""shape"": [50000], ""dtype"": ""int64"", ""mean"": 0.499, ""std"": 0.499998999999, ""min"": 0.0, ""max"": 1.0}}",,
model_fit,predict,full,full,False,7,2,ok,0.199145,2.495799,,5.6706,5.6937,,"{""cpu_util_avg"": {""mean"": 50.00005324999999, ""max"": 51.663839}, ""cpu_util_min"": {""mean"": 50.00005324999999, ""max"": 51.663839}, ""cpu_util_max"": {""mean"": 50.00005324999999, ""max"": 51.663839}, ""cpu_util_0"": {""mean"": 50.00005324999999, ""max"": 51.663839}, ""cpu_util_1"": {""mean"": 50.00005324999999, ""max"": 51.663839}, ""cpu_util_2"": {""mean"": 50.00005324999999, ""max"": 51.663839}, ""cpu_util_3"": {""mean"": 50.00005324999999, ""max"": 51.663839}, ""cpu_util_4"": {""mean"": 50.00005324999999, ""max"": 51.663839}, ""cpu_util_5"": {""mean"": 50.00005324999999, ""max"": 51.663839}, ""cpu_util_6"": {""mean"": 50.00005324999999, ""max"": 51.663839}, ""cpu_util_7"": {""mean"": 50.00005324999999, ""max"": 51.663839}, ""cpu_util_8"": {""mean"": 50.00005324999999, ""max"": 51.663839}, ""cpu_util_9"": {""mean"": 50.00005324999999, ""max"": 51.663839}, ""cpu_util_10"": {""mean"": 50.00005324999999, ""max"": 51.663839}, ""cpu_util_11"": {""mean"": 50.00005324999999, ""max"": 51.663839}, ""memory"": {""mean"": 0.367184, ""max"": 0.367184}, ""io_read_count"": {""mean"": 10520.0052695, ""max"": 10521.662634}, ""io_write_count"": {""mean"": 20.00001, ""max"": 20.003161}, ""io_read"": {""mean"": 0.0, ""max"": 0.0}, ""io_write"": {""mean"": 0.0, ""max"": 0.0}, ""gpu_util_avg"": {""mean"": 0.0, ""max"": 0.0}, ""gpu_util_min"": {""mean"": 0.0, ""max"": 0.0}, ""gpu_util_max"": {""mean"": 0.0, ""max"": 0.0}, ""gpu_util_0"": {""mean"": 0.0, ""max"": 0.0}, ""gpu_band_avg"": {""mean"": 0.0, ""max"": 0.0}, ""gpu_band_min"": {""mean"": 0.0, ""max"": 0.0}, ""gpu_band_max"": {""mean"": 0.0, ""max"": 0.0}, ""gpu_band_0"": {""mean"": 0.0, ""max"": 0.0}, ""gpu_mem_avg"": {""mean"": 0.0, ""max"": 0.0}, ""gpu_mem_min"": {""mean"": 0.0, ""max"": 0.0}, ""gpu_mem_max"": {""mean"": 0.0, ""max"": 0.0}, ""gpu_mem_0"": {""mean"": 0.0, ""max"": 0.0}}","{""predictions"": {""kind"": ""array"", ""shape"": [50000], ""dtype"": ""int64"", ""mean"": 0.4989, ""std"": 0.4999987899985359, ""min"": 0.0, ""max"": 1.0}}",,
model_fit,predict,dill,dill,False,8,0,ok,0.240491,0.0,0.7427,4.0646,4.0839,,"{""cpu_util_avg"": {""mean"": 52.479125249999996, ""max"": 56.66272}, ""cpu_util_min"": {""mean"": 52.479125249999996, ""max"": 56.66272}, ""cpu_util_max"": {""mean"": 52.479125249999996, ""max"": 56.66272}, ""cpu_util_0"": {""mean"": 52.479125249999996, ""max"": 56.66272}, ""cpu_util_1"": {""mean"": 52.479125249999996, ""max"": 56.66272}, ""cpu_util_2"": {""mean"": 52.479125249999996, ""max"": 56.66272}, ""cpu_util_3"": {""mean"": 52.479125249999996, ""max"": 56.66272}, ""cpu_util_4"": {""mean"": 52.479125249999996, ""max"": 56.66272}, ""cpu_util_5"": {""mean"": 52.479125249999996, ""max"": 56.66272}, ""cpu_util_6"": {""mean"": 52.479125249999996, ""max"": 56.66272}, ""cpu_util_7"": {""mean"": 52.479125249999996, ""max"": 56.66272}, ""cpu_util_8"": {""mean"": 52.479125249999996, ""max"": 56.66272}, ""cpu_util_9"": {""mean"": 52.479125249999996, ""max"": 56.66272}, ""cpu_util_10"": {""mean"": 52.479125249999996, ""max"": 56.66272}, ""cpu_util_11"": {""mean"": 52.479125249999996, ""max"": 56.66272}, ""memory"": {""mean"": 0.323456, ""max"": 0.323792}, ""io_read_count"": {""mean"": 7889.063798, ""max"": 10519.26723}, ""io_write_count"": {""mean"": 14.99822025, ""max"": 19.998607}, ""io_read"": {""mean"": 0.0, ""max"": 0.0}, ""io_write"": {""mean"": 0.0, ""max"": 0.0}, ""gpu_util_avg"": {""mean"": 0.0, ""max"": 0.0}, ""gpu_util_min"": {""mean"": 0.0, ""max"": 0.0}, ""gpu_util_max"": {""mean"": 0.0, ""max"": 0.0}, ""gpu_util_0"": {""mean"": 0.0, ""max"": 0.0}, ""gpu_band_avg"": {""mean"": 0.0, ""max"": 0.0}, ""gpu_band_min"": {""mean"": 0.0, ""max"": 0.0}, ""gpu_band_max"": {""mean"": 0.0, ""max"": 0.0}, ""gpu_band_0"": {""mean"": 0.0, ""max"": 0.0}, ""gpu_mem_avg"": {""mean"": 0.0, ""max"": 0.0}, ""gpu_mem_min"": {""mean"": 0.0, ""max"": 0.0}, ""gpu_mem_max"": {""mean"": 0.0, ""max"": 0.0}, ""gpu_mem_0"": {""mean"": 0.0, ""max"": 0.0}}","{""predictions"": {""kind"": ""array"", ""shape"": [50000], ""dtype"": ""int64"", ""mean"": 0.499, ""std"": 0.499998999999, ""min"": 0.0, ""max"": 1.0}}",,
model_fit,predict,full,full,False,8,1,ok,0.359482,4.213062,,7.4909,7.5138,,"{""cpu_util_avg"": {""mean"": 55.70727214285714, ""max"": 58.366531}, ""cpu_util_min"": {""mean"": 55.70727214285714, ""max"": 58.366531}, ""cpu_util_max"": {""mean"": 55.70727214285714, ""max"": 58.366531}, ""cpu_util_0"": {""mean"": 55.70727214285714, ""max"": 58.366531}, ""cpu_util_1"": {""mean"": 55.70727214285714, ""max"": 58.366531}, ""cpu_util_2"": {""mean"": 55.70727214285714, ""max"": 58.366531}, ""cpu_util_3"": {""mean"": 55.70727214285714, ""max"": 58.366531}, ""cpu_util_4"": {""mean"": 55.70727214285714, ""max"": 58.366531}, ""cpu_util_5"": {""mean"": 55.70727214285714, ""max"": 58.366531}, ""cpu_util_6"": {""mean"": 55.70727214285714, ""max"": 58.366531}, ""cpu_util_7"": {""mean"": 55.70727214285714, ""max"": 58.366531}, ""cpu_util_8"": {""mean"": 55.70727214285714, ""max"": 58.366531}, ""cpu_util_9"": {""mean"": 55.70727214285714, ""max"": 58.366531}, ""cpu_util_10"": {""mean"": 55.70727214285714, ""max"": 58.366531}, ""cpu_util_11"": {""mean"": 55.70727214285714, ""max"": 58.366531}, ""memory"": {""mean"": 0.369259, ""max"": 0.369259}, ""io_read_count"": {""mean"": 10518.508127142859, ""max"": 10525.98697}, ""io_write_count"": {""mean"": 19.997163714285712, ""max"": 20.011382}, ""io_read"": {""mean"": 0.0, ""max"": 0.0}, ""io_write"": {""mean"": 0.0, ""max"": 0.0}, ""gpu_util_avg"": {""mean"": 0.0, ""max"": 0.0}, ""gpu_util_min"": {""mean"": 0.0, ""max"": 0.0}, ""gpu_util_max"": {""mean"": 0.0, ""max"": 0.0}, ""gpu_util_0"": {""mean"": 0.0, ""max"": 0.0}, ""gpu_band_avg"": {""mean"": 0.0, ""max"": 0.0}, ""gpu_band_min"": {""mean"": 0.0, ""max"": 0.0}, ""gpu_band_max"": {""mean"": 0.0, ""max"": 0.0}, ""gpu_band_0"": {""mean"": 0.0, ""max"": 0.0}, ""gpu_mem_avg"": {""mean"": 0.0, ""max"": 0.0}, ""gpu_mem_min"": {""mean"": 0.0, ""max"": 0.0}, ""gpu_mem_max"": {""mean"": 0.0, ""max"": 0.0}, ""gpu_mem_0"": {""mean"": 0.0, ""max"": 0.0}}","{""predictions"": {""kind"": ""array"", ""shape"": [50000], ""dtype"": ""int64"", ""mean"": 0.49892, ""std"": 0.4999988335986395, ""min"": 0.0, ""max"": 1.0}}",,
model_fit,predict,fork,full,True,8,2,ok,0.307454,3.775046,,7.1952,7.219,,"{""cpu_util_avg"": {""mean"": 50.28250416666666, ""max"": 53.343114}, ""cpu_util_min"": {""mean"": 50.28250416666666, ""max"": 53.343114}, ""cpu_util_max"": {""mean"": 50.28250416666666, ""max"": 53.343114}, ""cpu_util_0"": {""mean"": 50.28250416666666, ""max"": 53.343114}, ""cpu_util_1"": {""mean"": 50.28250416666666, ""max"": 53.343114}, ""cpu_util_2"": {""mean"": 50.28250416666666, ""max"": 53.343114}, ""cpu_util_3"": {""mean"": 50.28250416666666, ""max"": 53.343114}, ""cpu_util_4"": {""mean"": 50.28250416666666, ""max"": 53.343114}, ""cpu_util_5"": {""mean"": 50.28250416666666, ""max"": 53.343114}, ""cpu_util_6"": {""mean"": 50.28250416666666, ""max"": 53.343114}, ""cpu_util_7"": {""mean"": 50.28250416666666, ""max"": 53.343114}, ""cpu_util_8"": {""mean"": 50.28250416666666, ""max"": 53.343114}, ""cpu_util_9"": {""mean"": 50.28250416666666, ""max"": 53.343114}, ""cpu_util_10"": {""mean"": 50.28250416666666, ""max"": 53.343114}, ""cpu_util_11"": {""mean"": 50.28250416666666, ""max"": 53.343114}, ""memory"": {""mean"": 0.369621, ""max"": 0.369621}, ""io_read_count"": {""mean"": 10521.080318166669, ""max"": 10528.914623}, ""io_write_count"": {""mean"": 20.002053833333335, ""max"": 20.016948}, ""io_read"": {""mean"": 0.0, ""max"": 0.0}, ""io_write"": {""mean"": 0.0, ""max"": 0.0}, ""gpu_util_avg"": {""mean"": 0.0, ""max"": 0.0}, ""gpu_util_min"": {""mean"": 0.0, ""max"": 0.0}, ""gpu_util_max"": {""mean"": 0.0, ""max"": 0.0}, ""gpu_util_0"": {""mean"": 0.0, ""max"": 0.0}, ""gpu_band_avg"": {""mean"": 0.0, ""max"": 0.0}, ""gpu_band_min"": {""mean"": 0.0, ""max"": 0.0}, ""gpu_band_max"": {""mean"": 0.0, ""max"": 0.0}, ""gpu_band_0"": {""mean"": 0.0, ""max"": 0.0}, ""gpu_mem_avg"": {""mean"": 0.0, ""max"": 0.0}, ""gpu_mem_min"": {""mean"": 0.0, ""max"": 0.0}, ""gpu_mem_max"": {""mean"": 0.0, ""max"": 0.0}, ""gpu_mem_0"": {""mean"": 0.0, ""max"": 0.0}}","{""predictions"": {""kind"": ""array"", ""shape"": [50000], ""dtype"": ""int64"", ""mean"": 0.49896, ""std"": 0.49999891839883015, ""min"": 0.0, ""max"": 1.0}}",,
model_fit,predict,full,full,False,9,0,ok,0.321139,3.98966,,7.4973,7.5218,,"{""cpu_util_avg"": {""mean"": 55.95105328571429, ""max"": 58.332524}, ""cpu_util_min"": {""mean"": 55.95105328571429, ""max"": 58.332524}, ""cpu_util_max"": {""mean"": 55.95105328571429, ""max"": 58.332524}, ""cpu_util_0"": {""mean"": 55.95105328571429, ""max"": 58.332524}, ""cpu_util_1"": {""mean"": 55.95105328571429, ""max"": 58.332524}, ""cpu_util_2"": {""mean"": 55.95105328571429, ""max"": 58.332524}, ""cpu_util_3"": {""mean"": 55.95105328571429, ""max"": 58.332524}, ""cpu_util_4"": {""mean"": 55.95105328571429, ""max"": 58.332524}, ""cpu_util_5"": {""mean"": 55.95105328571429, ""max"": 58.332524}, ""cpu_util_6"": {""mean"": 55.95105328571429, ""max"": 58.332524}, ""cpu_util_7"": {""mean"": 55.95105328571429, ""max"": 58.332524}, ""cpu_util_8"": {""mean"": 55.95105328571429, ""max"": 58.332524}, ""cpu_util_9"": {""mean"": 55.95105328571429, ""max"": 58.332524}, ""cpu_util_10"": {""mean"": 55.95105328571429, ""max"": 58.332524}, ""cpu_util_11"": {""mean"": 55.95105328571429, ""max"": 58.332524}, ""memory"": {""mean"": 0.36799999999999994, ""max"": 0.368}, ""io_read_count"": {""mean"": 10519.922382285715, ""max"": 10529.756662}, ""io_write_count"": {""mean"": 19.999852428571426, ""max"": 20.018549}, ""io_read"": {""mean"": 0.0, ""max"": 0.0}, ""io_write"": {""mean"": 0.0, ""max"": 0.0}, ""gpu_util_avg"": {""mean"": 0.0, ""max"": 0.0}, ""gpu_util_min"": {""mean"": 0.0, ""max"": 0.0}, ""gpu_util_max"": {""mean"": 0.0, ""max"": 0.0}, ""gpu_util_0"": {""mean"": 0.0, ""max"": 0.0}, ""gpu_band_avg"": {""mean"": 0.0, ""max"": 0.0}, ""gpu_band_min"": {""mean"": 0.0, ""max"": 0.0}, ""gpu_band_max"": {""mean"": 0.0, ""max"": 0.0}, ""gpu_band_0"": {""mean"": 0.0, ""max"": 0.0}, ""gpu_mem_avg"": {""mean"": 0.0, ""max"": 0.0}, ""gpu_mem_min"": {""mean"": 0.0, ""max"": 0.0}, ""gpu_mem_max"": {""mean"": 0.0, ""max"": 0.0}, ""gpu_mem_0"": {""mean"": 0.0, ""max"": 0.0}}","{""predictions"": {""kind"": ""array"", ""shape"": [50000], ""dtype"": ""int64"", ""mean"": 0.49888, ""std"": 0.4999987455984265, ""min"": 0.0, ""max"": 1.0}}",,
model_fit,predict,fork,full,True,9,1,ok,0.29283,3.617725,,7.0575,7.0804,,"{""cpu_util_avg"": {""mean"": 54.159463666666674, ""max"": 56.67494}, ""cpu_util_min"": {""mean"": 54.159463666666674, ""max"": 56.67494}, ""cpu_util_max"": {""mean"": 54.159463666666674, ""max"": 56.67494}, ""cpu_util_0"": {""mean"": 54.159463666666674, ""max"": 56.67494}, ""cpu_util_1"": {""mean"": 54.159463666666674, ""max"": 56.67494}, ""cpu_util_2"": {""mean"": 54.159463666666674, ""max"": 56.67494}, ""cpu_util_3"": {""mean"": 54.159463666666674, ""max"": 56.67494}, ""cpu_util_4"": {""mean"": 54.159463666666674, ""max"": 56.67494}, ""cpu_util_5"": {""mean"": 54.159463666666674, ""max"": 56.67494}, ""cpu_util_6"": {""mean"": 54.159463666666674, ""max"": 56.67494}, ""cpu_util_7"": {""mean"": 54.159463666666674, ""max"": 56.67494}, ""cpu_util_8"": {""mean"": 54.159463666666674, ""max"": 56.67494}, ""cpu_util_9"": {""mean"": 54.159463666666674, ""max"": 56.67494}, ""cpu_util_10"": {""mean"": 54.159463666666674, ""max"": 56.67494}, ""cpu_util_11"": {""mean"": 54.159463666666674, ""max"": 56.67494}, ""memory"": {""mean"": 0.368088, ""max"": 0.368088}, ""io_read_count"": {""mean"": 10518.533565833333, ""max"": 10532.011129}, ""io_write_count"": {""mean"": 19.997212, ""max"": 20.022835}, ""io_read"": {""mean"": 0.0, ""max"": 0.0}, ""io_write"": {""mean"": 0.0, ""max"": 0.0}, ""gpu_util_avg"": {""mean"": 0.0, ""max"": 0.0}, ""gpu_util_min"": {""mean"": 0.0, ""max"": 0.0}, ""gpu_util_max"": {""mean"": 0.0, ""max"": 0.0}, ""gpu_util_0"": {""mean"": 0.0, ""max"": 0.0}, ""gpu_band_avg"": {""mean"": 0.0, ""max"": 0.0}, ""gpu_band_min"": {""mean"": 0.0, ""max"": 0.0}, ""gpu_band_max"": {""mean"": 0.0, ""max"": 0.0}, ""gpu_band_0"": {""mean"": 0.0, ""max"": 0.0}, ""gpu_mem_avg"": {""mean"": 0.0, ""max"": 0.0}, ""gpu_mem_min"": {""mean"": 0.0, ""max"": 0.0}, ""gpu_mem_max"": {""mean"": 0.0, ""max"": 0.0}, ""gpu_mem_0"": {""mean"": 0.0, ""max"": 0.0}}","{""predictions"": {""kind"": ""array"", ""shape"": [50000], ""dtype"": ""int64"", ""mean"": 0.49898, ""std"": 0.4999989595989175, ""min"": 0.0, ""max"": 1.0}}",,
model_fit,predict,dill,dill,False,9,2,ok,0.245051,0.0,0.7331,4.0984,4.119,,"{""cpu_util_avg"": {""mean"": 51.22991449999999, ""max"": 55.048114}, ""cpu_util_min"": {""mean"": 51.22991449999999, ""max"": 55.048114}, ""cpu_util_max"": {""mean"": 51.22991449999999, ""max"": 55.048114}, ""cpu_util_0"": {""mean"": 51.22991449999999, ""max"": 55.048114}, ""cpu_util_1"": {""mean"": 51.22991449999999, ""max"": 55.048114}, ""cpu_util_2"": {""mean"": 51.22991449999999, ""max"": 55.048114}, ""cpu_util_3"": {""mean"": 51.22991449999999, ""max"": 55.048114}, ""cpu_util_4"": {""mean"": 51.22991449999999, ""max"": 55.048114}, ""cpu_util_5"": {""mean"": 51.22991449999999, ""max"": 55.048114}, ""cpu_util_6"": {""mean"": 51.22991449999999, ""max"": 55.048114}, ""cpu_util_7"": {""mean"": 51.22991449999999, ""max"": 55.048114}, ""cpu_util_8"": {""mean"": 51.22991449999999, ""max"": 55.048114}, ""cpu_util_9"": {""mean"": 51.22991449999999, ""max"": 55.048114}, ""cpu_util_10"": {""mean"": 51.22991449999999, ""max"": 55.048114}, ""cpu_util_11"": {""mean"": 51.22991449999999, ""max"": 55.048114}, ""memory"": {""mean"": 0.32322300000000004, ""max"": 0.323528}, ""io_read_count"": {""mean"": 7889.853709000001, ""max"": 10529.202945}, ""io_write_count"": {""mean"": 14.999722, ""max"": 20.017496}, ""io_read"": {""mean"": 0.0, ""max"": 0.0}, ""io_write"": {""mean"": 0.0, ""max"": 0.0}, ""gpu_util_avg"": {""mean"": 0.0, ""max"": 0.0}, ""gpu_util_min"": {""mean"": 0.0, ""max"": 0.0}, ""gpu_util_max"": {""mean"": 0.0, ""max"": 0.0}, ""gpu_util_0"": {""mean"": 0.0, ""max"": 0.0}, ""gpu_band_avg"": {""mean"": 0.0, ""max"": 0.0}, ""gpu_band_min"": {""mean"": 0.0, ""max"": 0.0}, ""gpu_band_max"": {""mean"": 0.0, ""max"": 0.0}, ""gpu_band_0"": {""mean"": 0.0, ""max"": 0.0}, ""gpu_mem_avg"": {""mean"": 0.0, ""max"": 0.0}, ""gpu_mem_min"": {""mean"": 0.0, ""max"": 0.0}, ""gpu_mem_max"": {""mean"": 0.0, ""max"": 0.0}, ""gpu_mem_0"": {""mean"": 0.0, ""max"": 0.0}}","{""predictions"": {""kind"": ""array"", ""shape"": [50000], ""dtype"": ""int64"", ""mean"": 0.499, ""std"": 0.499998999999, ""min"": 0.0, ""max"": 1.0}}",,
model_fit,predict,fork,full,True,10,0,ok,0.282562,3.273432,,6.5603,6.5821,,"{""cpu_util_avg"": {""mean"": 55.28042333333334, ""max"": 58.328487}, ""cpu_util_min"": {""mean"": 55.28042333333334, ""max"": 58.328487}, ""cpu_util_max"": {""mean"": 55.28042333333334, ""max"": 58.328487}, ""cpu_util_0"": {""mean"": 55.28042333333334, ""max"": 58.328487}, ""cpu_util_1"": {""mean"": 55.28042333333334, ""max"": 58.328487}, ""cpu_util_2"": {""mean"": 55.28042333333334, ""max"": 58.328487}, ""cpu_util_3"": {""mean"": 55.28042333333334, ""max"": 58.328487}, ""cpu_util_4"": {""mean"": 55.28042333333334, ""max"": 58.328487}, ""cpu_util_5"": {""mean"": 55.28042333333334, ""max"": 58.328487}, ""cpu_util_6"": {""mean"": 55.28042333333334, ""max"": 58.328487}, ""cpu_util_7"": {""mean"": 55.28042333333334, ""max"": 58.328487}, ""cpu_util_8"": {""mean"": 55.28042333333334, ""max"": 58.328487}, ""cpu_util_9"": {""mean"": 55.28042333333334, ""max"": 58.328487}, ""cpu_util_10"": {""mean"": 55.28042333333334, ""max"": 58.328487}, ""cpu_util_11"": {""mean"": 55.28042333333334, ""max"": 58.328487}, ""memory"": {""mean"": 0.368107, ""max"": 0.368107}, ""io_read_count"": {""mean"": 10520.510923, ""max"": 10522.31428}, ""io_write_count"": {""mean"": 20.000971333333336, ""max"": 20.0044}, ""io_read"": {""mean"": 0.0, ""max"": 0.0}, ""io_write"": {""mean"": 0.0, ""max"": 0.0}, ""gpu_util_avg"": {""mean"": 0.0, ""max"": 0.0}, ""gpu_util_min"": {""mean"": 0.0, ""max"": 0.0}, ""gpu_util_max"": {""mean"": 0.0, ""max"": 0.0}, ""gpu_util_0"": {""mean"": 0.0, ""max"": 0.0}, ""gpu_band_avg"": {""mean"": 0.0, ""max"": 0.0}, ""gpu_band_min"": {""mean"": 0.0, ""max"": 0.0}, ""gpu_band_max"": {""mean"": 0.0, ""max"": 0.0}, ""gpu_band_0"": {""mean"": 0.0, ""max"": 0.0}, ""gpu_mem_avg"": {""mean"": 0.0, ""max"": 0.0}, ""gpu_mem_min"": {""mean"": 0.0, ""max"": 0.0}, ""gpu_mem_max"": {""mean"": 0.0, ""max"": 0.0}, ""gpu_mem_0"": {""mean"": 0.0, ""max"": 0.0}}","{""predictions"": {""kind"": ""array"", ""shape"": [50000], ""dtype"": ""int64"", ""mean"": 0.49894, ""std"": 0.4999988763987375, ""min"": 0.0, ""max"": 1.0}}",,
model_fit,predict,dill,dill,False,10,1,ok,0.238539,0.0,0.7329,4.1811,4.2036,,"{""cpu_util_avg"": {""mean"": 52.896032500000004, ""max"": 56.666124}, ""cpu_util_min"": {""mean"": 52.896032500000004, ""max"": 56.666124}, ""cpu_util_max"": {""mean"": 52.896032500000004, ""max"": 56.666124}, ""cpu_util_0"": {""mean"": 52.896032500000004, ""max"": 56.666124}, ""cpu_util_1"": {""mean"": 52.896032500000004, ""max"": 56.666124}, ""cpu_util_2"": {""mean"": 52.896032500000004, ""max"": 56.666124}, ""cpu_util_3"": {""mean"": 52.896032500000004, ""max"": 56.666124}, ""cpu_util_4"": {""mean"": 52.896032500000004, ""max"": 56.666124}, ""cpu_util_5"": {""mean"": 52.896032500000004, ""max"": 56.666124}, ""cpu_util_6"": {""mean"": 52.896032500000004, ""max"": 56.666124}, ""cpu_util_7"": {""mean"": 52.896032500000004, ""max"": 56.666124}, ""cpu_util_8"": {""mean"": 52.896032500000004, ""max"": 56.666124}, ""cpu_util_9"": {""mean"": 52.896032500000004, ""max"": 56.666124}, ""cpu_util_10"": {""mean"": 52.896032500000004, ""max"": 56.666124}, ""cpu_util_11"": {""mean"": 52.896032500000004, ""max"": 56.666124}, ""memory"": {""mean"": 0.32335674999999997, ""max"": 0.323662}, ""io_read_count"": {""mean"": 7889.969169, ""max"": 10520.95362}, ""io_write_count"": {""mean"": 14.99994125, ""max"": 20.001813}, ""io_read"": {""mean"": 0.0, ""max"": 0.0}, ""io_write"": {""mean"": 0.0, ""max"": 0.0}, ""gpu_util_avg"": {""mean"": 0.0, ""max"": 0.0}, ""gpu_util_min"": {""mean"": 0.0, ""max"": 0.0}, ""gpu_util_max"": {""mean"": 0.0, ""max"": 0.0}, ""gpu_util_0"": {""mean"": 0.0, ""max"": 0.0}, ""gpu_band_avg"": {""mean"": 0.0, ""max"": 0.0}, ""gpu_band_min"": {""mean"": 0.0, ""max"": 0.0}, ""gpu_band_max"": {""mean"": 0.0, ""max"": 0.0}, ""gpu_band_0"": {""mean"": 0.0, ""max"": 0.0}, ""gpu_mem_avg"": {""mean"": 0.0, ""max"": 0.0}, ""gpu_mem_min"": {""mean"": 0.0, ""max"": 0.0}, ""gpu_mem_max"": {""mean"": 0.0, ""max"": 0.0}, ""gpu_mem_0"": {""mean"": 0.0, ""max"": 0.0}}","{""predictions"": {""kind"": ""array"", ""shape"": [50000], ""dtype"": ""int64"", ""mean"": 0.499, ""std"": 0.499998999999, ""min"": 0.0, ""max"": 1.0}}",,
model_fit,predict,full,full,False,10,2,ok,0.280333,3.170218,,6.5709,6.5936,,"{""cpu_util_avg"": {""mean"": 50.833079500000004, ""max"": 53.341758}, ""cpu_util_min"": {""mean"": 50.833079500000004, ""max"": 53.341758}, ""cpu_util_max"": {""mean"": 50.833079500000004, ""max"": 53.341758}, ""cpu_util_0"": {""mean"": 50.833079500000004, ""max"": 53.341758}, ""cpu_util_1"": {""mean"": 50.833079500000004, ""max"": 53.341758}, ""cpu_util_2"": {""mean"": 50.833079500000004, ""max"": 53.341758}, ""cpu_util_3"": {""mean"": 50.833079500000004, ""max"": 53.341758}, ""cpu_util_4"": {""mean"": 50.833079500000004, ""max"": 53.341758}, ""cpu_util_5"": {""mean"": 50.833079500000004, ""max"": 53.341758}, ""cpu_util_6"": {""mean"": 50.833079500000004, ""max"": 53.341758}, ""cpu_util_7"": {""mean"": 50.833079500000004, ""max"": 53.341758}, ""cpu_util_8"": {""mean"": 50.833079500000004, ""max"": 53.341758}, ""cpu_util_9"": {""mean"": 50.833079500000004, ""max"": 53.341758}, ""cpu_util_10"": {""mean"": 50.833079500000004, ""max"": 53.341758}, ""cpu_util_11"": {""mean"": 50.833079500000004, ""max"": 53.341758}, ""memory"": {""mean"": 0.36869, ""max"": 0.36869}, ""io_read_count"": {""mean"": 10519.915557666667, ""max"": 10521.661795}, ""io_write_count"": {""mean"": 19.99983933333333, ""max"": 20.003159}, ""io_read"": {""mean"": 0.0, ""max"": 0.0}, ""io_write"": {""mean"": 0.0, ""max"": 0.0}, ""gpu_util_avg"": {""mean"": 0.0, ""max"": 0.0}, ""gpu_util_min"": {""mean"": 0.0, ""max"": 0.0}, ""gpu_util_max"": {""mean"": 0.0, ""max"": 0.0}, ""gpu_util_0"": {""mean"": 0.0, ""max"": 0.0}, ""gpu_band_avg"": {""mean"": 0.0, ""max"": 0.0}, ""gpu_band_min"": {""mean"": 0.0, ""max"": 0.0}, ""gpu_band_max"": {""mean"": 0.0, ""max"": 0.0}, ""gpu_band_0"": {""mean"": 0.0, ""max"": 0.0}, ""gpu_mem_avg"": {""mean"": 0.0, ""max"": 0.0}, ""gpu_mem_min"": {""mean"": 0.0, ""max"": 0.0}, ""gpu_mem_max"": {""mean"": 0.0, ""max"": 0.0}, ""gpu_mem_0"": {""mean"": 0.0, ""max"": 0.0}}","{""predictions"": {""kind"": ""array"", ""shape"": [50000], ""dtype"": ""int64"", ""mean"": 0.49892, ""std"": 0.4999988335986395, ""min"": 0.0, ""max"": 1.0}}",,
simulation,sort,full,full,False,0,0,ok,0.006868,4.726766,,7.5814,7.6008,,{},"{""total"": {""kind"": ""scalar"", ""value"": 166840.33310692222}}",,
simulation,sort,fork,fork,False,0,1,ok,0.00765,0.0,,0.1664,0.1868,971.0,"{""cpu_util_avg"": {""mean"": 11.678587, ""max"": 11.678587}, ""cpu_util_min"": {""mean"": 11.678587, ""max"": 11.678587}, ""cpu_util_max"": {""mean"": 11.678587, ""max"": 11.678587}, ""cpu_util_0"": {""mean"": 11.678587, ""max"": 11.678587}, ""cpu_util_1"": {""mean"": 11.678587, ""max"": 11.678587}, ""cpu_util_2"": {""mean"": 11.678587, ""max"": 11.678587}, ""cpu_util_3"": {""mean"": 11.678587, ""max"": 11.678587}, ""cpu_util_4"": {""mean"": 11.678587, ""max"": 11.678587}, ""cpu_util_5"": {""mean"": 11.678587, ""max"": 11.678587}, ""cpu_util_6"": {""mean"": 11.678587, ""max"": 11.678587}, ""cpu_util_7"": {""mean"": 11.678587, ""max"": 11.678587}, ""cpu_util_8"": {""mean"": 11.678587, ""max"": 11.678587}, ""cpu_util_9"": {""mean"": 11.678587, ""max"": 11.678587}, ""cpu_util_10"": {""mean"": 11.678587, ""max"": 11.678587}, ""cpu_util_11"": {""mean"": 11.678587, ""max"": 11.678587}, ""memory"": {""mean"": 0.495884, ""max"": 0.495884}, ""io_read_count"": {""mean"": 10951.177868, ""max"": 10951.177868}, ""io_write_count"": {""mean"": 20.020435, ""max"": 20.020435}, ""io_read"": {""mean"": 0.0, ""max"": 0.0}, ""io_write"": {""mean"": 0.0, ""max"": 0.0}, ""gpu_util_avg"": {""mean"": 0.0, ""max"": 0.0}, ""gpu_util_min"": {""mean"": 0.0, ""max"": 0.0}, ""gpu_util_max"": {""mean"": 0.0, ""max"": 0.0}, ""gpu_util_0"": {""mean"": 0.0, ""max"": 0.0}, ""gpu_band_avg"": {""mean"": 0.0, ""max"": 0.0}, ""gpu_band_min"": {""mean"": 0.0, ""max"": 0.0}, ""gpu_band_max"": {""mean"": 0.0, ""max"": 0.0}, ""gpu_band_0"": {""mean"": 0.0, ""max"": 0.0}, ""gpu_mem_avg"": {""mean"": 0.0, ""max"": 0.0}, ""gpu_mem_min"": {""mean"": 0.0, ""max"": 0.0}, ""gpu_mem_max"": {""mean"": 0.0, ""max"": 0.0}, ""gpu_mem_0"": {""mean"": 0.0, ""max"": 0.0}}","{""total"": {""kind"": ""scalar"", ""value"": 166840.33310692222}}","[JUmPER]: a benchmark measurement spent at least 1ms of its 8ms on 971 page faults - the cost of touching memory inherited from the prefix rather than of the cell itself. Cells working over large Python objects are affected most, and the timing understates them. Re-run with --replay-mode full for a number that does not carry this.",
simulation,sort,dill,dill,False,0,2,ok,0.009937,0.0,0.0044,3.1411,3.1554,,{},"{""total"": {""kind"": ""scalar"", ""value"": 166840.33310692222}}",,
simulation,sort,fork,fork,False,1,0,ok,0.009291,0.0,,0.1618,0.1837,971.0,"{""cpu_util_avg"": {""mean"": 6.667783, ""max"": 6.667783}, ""cpu_util_min"": {""mean"": 6.667783, ""max"": 6.667783}, ""cpu_util_max"": {""mean"": 6.667783, ""max"": 6.667783}, ""cpu_util_0"": {""mean"": 6.667783, ""max"": 6.667783}, ""cpu_util_1"": {""mean"": 6.667783, ""max"": 6.667783}, ""cpu_util_2"": {""mean"": 6.667783, ""max"": 6.667783}, ""cpu_util_3"": {""mean"": 6.667783, ""max"": 6.667783}, ""cpu_util_4"": {""mean"": 6.667783, ""max"": 6.667783}, ""cpu_util_5"": {""mean"": 6.667783, ""max"": 6.667783}, ""cpu_util_6"": {""mean"": 6.667783, ""max"": 6.667783}, ""cpu_util_7"": {""mean"": 6.667783, ""max"": 6.667783}, ""cpu_util_8"": {""mean"": 6.667783, ""max"": 6.667783}, ""cpu_util_9"": {""mean"": 6.667783, ""max"": 6.667783}, ""cpu_util_10"": {""mean"": 6.667783, ""max"": 6.667783}, ""cpu_util_11"": {""mean"": 6.667783, ""max"": 6.667783}, ""memory"": {""mean"": 0.368187, ""max"": 0.368187}, ""io_read_count"": {""mean"": 7201.205911, ""max"": 7201.205911}, ""io_write_count"": {""mean"": 20.00335, ""max"": 20.00335}, ""io_read"": {""mean"": 0.0, ""max"": 0.0}, ""io_write"": {""mean"": 0.0, ""max"": 0.0}, ""gpu_util_avg"": {""mean"": 0.0, ""max"": 0.0}, ""gpu_util_min"": {""mean"": 0.0, ""max"": 0.0}, ""gpu_util_max"": {""mean"": 0.0, ""max"": 0.0}, ""gpu_util_0"": {""mean"": 0.0, ""max"": 0.0}, ""gpu_band_avg"": {""mean"": 0.0, ""max"": 0.0}, ""gpu_band_min"": {""mean"": 0.0, ""max"": 0.0}, ""gpu_band_max"": {""mean"": 0.0, ""max"": 0.0}, ""gpu_band_0"": {""mean"": 0.0, ""max"": 0.0}, ""gpu_mem_avg"": {""mean"": 0.0, ""max"": 0.0}, ""gpu_mem_min"": {""mean"": 0.0, ""max"": 0.0}, ""gpu_mem_max"": {""mean"": 0.0, ""max"": 0.0}, ""gpu_mem_0"": {""mean"": 0.0, ""max"": 0.0}}","{""total"": {""kind"": ""scalar"", ""value"": 166840.33310692222}}","[JUmPER]: a benchmark measurement spent at least 1ms of its 9ms on 971 page faults - the cost of touching memory inherited from the prefix rather than of the cell itself. Cells working over large Python objects are affected most, and the timing understates them. Re-run with --replay-mode full for a number that does not carry this.",
simulation,sort,dill,dill,False,1,1,ok,0.009901,0.0,0.0069,3.0993,3.1105,,{},"{""total"": {""kind"": ""scalar"", ""value"": 166840.33310692222}}",,
simulation,sort,full,full,False,1,2,ok,0.007154,4.55094,,7.8743,7.8956,,{},"{""total"": {""kind"": ""scalar"", ""value"": 166840.33310692222}}",,
simulation,sort,dill,dill,False,2,0,ok,0.008673,0.0,0.0061,2.8968,2.9074,,{},"{""total"": {""kind"": ""scalar"", ""value"": 166840.33310692222}}",,
simulation,sort,full,full,False,2,1,ok,0.006508,4.50772,,7.2644,7.2829,,{},"{""total"": {""kind"": ""scalar"", ""value"": 166840.33310692222}}",,
simulation,sort,fork,fork,False,2,2,ok,0.00792,0.0,,0.1491,0.1652,971.0,{},"{""total"": {""kind"": ""scalar"", ""value"": 166840.33310692222}}","[JUmPER]: a benchmark measurement spent at least 1ms of its 8ms on 971 page faults - the cost of touching memory inherited from the prefix rather than of the cell itself. Cells working over large Python objects are affected most, and the timing understates them. Re-run with --replay-mode full for a number that does not carry this.",
simulation,sort,full,full,False,3,0,ok,0.00707,4.709635,,7.6827,7.7071,,{},"{""total"": {""kind"": ""scalar"", ""value"": 166840.33310692222}}",,
simulation,sort,fork,fork,False,3,1,ok,0.01133,0.0,,0.155,0.175,,{},"{""total"": {""kind"": ""scalar"", ""value"": 166840.33310692222}}",,
simulation,sort,dill,dill,False,3,2,ok,0.009755,0.0,0.0054,3.0951,3.1068,,{},"{""total"": {""kind"": ""scalar"", ""value"": 166840.33310692222}}",,
simulation,sort,fork,fork,False,4,0,ok,0.008265,0.0,,0.1614,0.1825,971.0,{},"{""total"": {""kind"": ""scalar"", ""value"": 166840.33310692222}}","[JUmPER]: a benchmark measurement spent at least 1ms of its 8ms on 971 page faults - the cost of touching memory inherited from the prefix rather than of the cell itself. Cells working over large Python objects are affected most, and the timing understates them. Re-run with --replay-mode full for a number that does not carry this.",
simulation,sort,dill,dill,False,4,1,ok,0.010901,0.0,0.0048,3.2037,3.2152,,{},"{""total"": {""kind"": ""scalar"", ""value"": 166840.33310692222}}",,
simulation,sort,full,full,False,4,2,ok,0.007024,4.482316,,7.4187,7.4386,,{},"{""total"": {""kind"": ""scalar"", ""value"": 166840.33310692222}}",,
simulation,sort,dill,dill,False,5,0,ok,0.009355,0.0,0.004,2.8648,2.8763,,{},"{""total"": {""kind"": ""scalar"", ""value"": 166840.33310692222}}",,
simulation,sort,full,full,False,5,1,ok,0.007053,4.628673,,7.5213,7.5422,,{},"{""total"": {""kind"": ""scalar"", ""value"": 166840.33310692222}}",,
simulation,sort,fork,fork,False,5,2,ok,0.008349,0.0,,0.1529,0.1705,971.0,{},"{""total"": {""kind"": ""scalar"", ""value"": 166840.33310692222}}","[JUmPER]: a benchmark measurement spent at least 1ms of its 8ms on 971 page faults - the cost of touching memory inherited from the prefix rather than of the cell itself. Cells working over large Python objects are affected most, and the timing understates them. Re-run with --replay-mode full for a number that does not carry this.",
simulation,sort,full,full,False,6,0,ok,0.006745,4.497998,,7.4098,7.429,,{},"{""total"": {""kind"": ""scalar"", ""value"": 166840.33310692222}}",,
simulation,sort,fork,fork,False,6,1,ok,0.008439,0.0,,0.1534,0.1708,971.0,{},"{""total"": {""kind"": ""scalar"", ""value"": 166840.33310692222}}","[JUmPER]: a benchmark measurement spent at least 1ms of its 8ms on 971 page faults - the cost of touching memory inherited from the prefix rather than of the cell itself. Cells working over large Python objects are affected most, and the timing understates them. Re-run with --replay-mode full for a number that does not carry this.",
simulation,sort,dill,dill,False,6,2,ok,0.009103,0.0,0.0063,2.9733,2.9854,,{},"{""total"": {""kind"": ""scalar"", ""value"": 166840.33310692222}}",,
simulation,sort,fork,fork,False,7,0,ok,0.008288,0.0,,0.151,0.1679,971.0,{},"{""total"": {""kind"": ""scalar"", ""value"": 166840.33310692222}}","[JUmPER]: a benchmark measurement spent at least 1ms of its 8ms on 971 page faults - the cost of touching memory inherited from the prefix rather than of the cell itself. Cells working over large Python objects are affected most, and the timing understates them. Re-run with --replay-mode full for a number that does not carry this.",
simulation,sort,dill,dill,False,7,1,ok,0.00927,0.0,0.0072,2.9435,2.9545,,{},"{""total"": {""kind"": ""scalar"", ""value"": 166840.33310692222}}",,
simulation,sort,full,full,False,7,2,ok,0.006927,4.444201,,7.3747,7.3972,,"{""cpu_util_avg"": {""mean"": 8.331462, ""max"": 8.331462}, ""cpu_util_min"": {""mean"": 8.331462, ""max"": 8.331462}, ""cpu_util_max"": {""mean"": 8.331462, ""max"": 8.331462}, ""cpu_util_0"": {""mean"": 8.331462, ""max"": 8.331462}, ""cpu_util_1"": {""mean"": 8.331462, ""max"": 8.331462}, ""cpu_util_2"": {""mean"": 8.331462, ""max"": 8.331462}, ""cpu_util_3"": {""mean"": 8.331462, ""max"": 8.331462}, ""cpu_util_4"": {""mean"": 8.331462, ""max"": 8.331462}, ""cpu_util_5"": {""mean"": 8.331462, ""max"": 8.331462}, ""cpu_util_6"": {""mean"": 8.331462, ""max"": 8.331462}, ""cpu_util_7"": {""mean"": 8.331462, ""max"": 8.331462}, ""cpu_util_8"": {""mean"": 8.331462, ""max"": 8.331462}, ""cpu_util_9"": {""mean"": 8.331462, ""max"": 8.331462}, ""cpu_util_10"": {""mean"": 8.331462, ""max"": 8.331462}, ""cpu_util_11"": {""mean"": 8.331462, ""max"": 8.331462}, ""memory"": {""mean"": 0.220398, ""max"": 0.220398}, ""io_read_count"": {""mean"": 10877.557339, ""max"": 10877.557339}, ""io_write_count"": {""mean"": 19.99551, ""max"": 19.99551}, ""io_read"": {""mean"": 0.0, ""max"": 0.0}, ""io_write"": {""mean"": 0.0, ""max"": 0.0}, ""gpu_util_avg"": {""mean"": 0.0, ""max"": 0.0}, ""gpu_util_min"": {""mean"": 0.0, ""max"": 0.0}, ""gpu_util_max"": {""mean"": 0.0, ""max"": 0.0}, ""gpu_util_0"": {""mean"": 0.0, ""max"": 0.0}, ""gpu_band_avg"": {""mean"": 0.0, ""max"": 0.0}, ""gpu_band_min"": {""mean"": 0.0, ""max"": 0.0}, ""gpu_band_max"": {""mean"": 0.0, ""max"": 0.0}, ""gpu_band_0"": {""mean"": 0.0, ""max"": 0.0}, ""gpu_mem_avg"": {""mean"": 0.0, ""max"": 0.0}, ""gpu_mem_min"": {""mean"": 0.0, ""max"": 0.0}, ""gpu_mem_max"": {""mean"": 0.0, ""max"": 0.0}, ""gpu_mem_0"": {""mean"": 0.0, ""max"": 0.0}}","{""total"": {""kind"": ""scalar"", ""value"": 166840.33310692222}}",,
simulation,sort,dill,dill,False,8,0,ok,0.009192,0.0,0.0046,2.8408,2.8515,,{},"{""total"": {""kind"": ""scalar"", ""value"": 166840.33310692222}}",,
simulation,sort,full,full,False,8,1,ok,0.006749,4.325353,,7.1063,7.1271,,{},"{""total"": {""kind"": ""scalar"", ""value"": 166840.33310692222}}",,
simulation,sort,fork,fork,False,8,2,ok,0.007773,0.0,,0.1606,0.1801,971.0,"{""cpu_util_avg"": {""mean"": 10.008385, ""max"": 10.008385}, ""cpu_util_min"": {""mean"": 10.008385, ""max"": 10.008385}, ""cpu_util_max"": {""mean"": 10.008385, ""max"": 10.008385}, ""cpu_util_0"": {""mean"": 10.008385, ""max"": 10.008385}, ""cpu_util_1"": {""mean"": 10.008385, ""max"": 10.008385}, ""cpu_util_2"": {""mean"": 10.008385, ""max"": 10.008385}, ""cpu_util_3"": {""mean"": 10.008385, ""max"": 10.008385}, ""cpu_util_4"": {""mean"": 10.008385, ""max"": 10.008385}, ""cpu_util_5"": {""mean"": 10.008385, ""max"": 10.008385}, ""cpu_util_6"": {""mean"": 10.008385, ""max"": 10.008385}, ""cpu_util_7"": {""mean"": 10.008385, ""max"": 10.008385}, ""cpu_util_8"": {""mean"": 10.008385, ""max"": 10.008385}, ""cpu_util_9"": {""mean"": 10.008385, ""max"": 10.008385}, ""cpu_util_10"": {""mean"": 10.008385, ""max"": 10.008385}, ""cpu_util_11"": {""mean"": 10.008385, ""max"": 10.008385}, ""memory"": {""mean"": 0.497353, ""max"": 0.497353}, ""io_read_count"": {""mean"": 10949.173651, ""max"": 10949.173651}, ""io_write_count"": {""mean"": 20.016771, ""max"": 20.016771}, ""io_read"": {""mean"": 0.0, ""max"": 0.0}, ""io_write"": {""mean"": 0.0, ""max"": 0.0}, ""gpu_util_avg"": {""mean"": 0.0, ""max"": 0.0}, ""gpu_util_min"": {""mean"": 0.0, ""max"": 0.0}, ""gpu_util_max"": {""mean"": 0.0, ""max"": 0.0}, ""gpu_util_0"": {""mean"": 0.0, ""max"": 0.0}, ""gpu_band_avg"": {""mean"": 0.0, ""max"": 0.0}, ""gpu_band_min"": {""mean"": 0.0, ""max"": 0.0}, ""gpu_band_max"": {""mean"": 0.0, ""max"": 0.0}, ""gpu_band_0"": {""mean"": 0.0, ""max"": 0.0}, ""gpu_mem_avg"": {""mean"": 0.0, ""max"": 0.0}, ""gpu_mem_min"": {""mean"": 0.0, ""max"": 0.0}, ""gpu_mem_max"": {""mean"": 0.0, ""max"": 0.0}, ""gpu_mem_0"": {""mean"": 0.0, ""max"": 0.0}}","{""total"": {""kind"": ""scalar"", ""value"": 166840.33310692222}}","[JUmPER]: a benchmark measurement spent at least 1ms of its 8ms on 971 page faults - the cost of touching memory inherited from the prefix rather than of the cell itself. Cells working over large Python objects are affected most, and the timing understates them. Re-run with --replay-mode full for a number that does not carry this.",
simulation,sort,full,full,False,9,0,ok,0.006678,4.420803,,7.1168,7.1352,,{},"{""total"": {""kind"": ""scalar"", ""value"": 166840.33310692222}}",,
simulation,sort,fork,fork,False,9,1,ok,0.007832,0.0,,0.1466,0.1637,971.0,{},"{""total"": {""kind"": ""scalar"", ""value"": 166840.33310692222}}","[JUmPER]: a benchmark measurement spent at least 1ms of its 8ms on 971 page faults - the cost of touching memory inherited from the prefix rather than of the cell itself. Cells working over large Python objects are affected most, and the timing understates them. Re-run with --replay-mode full for a number that does not carry this.",
simulation,sort,dill,dill,False,9,2,ok,0.009355,0.0,0.0045,2.8441,2.8546,,{},"{""total"": {""kind"": ""scalar"", ""value"": 166840.33310692222}}",,
simulation,sort,fork,fork,False,10,0,ok,0.007534,0.0,,0.1447,0.1604,971.0,{},"{""total"": {""kind"": ""scalar"", ""value"": 166840.33310692222}}","[JUmPER]: a benchmark measurement spent at least 1ms of its 8ms on 971 page faults - the cost of touching memory inherited from the prefix rather than of the cell itself. Cells working over large Python objects are affected most, and the timing understates them. Re-run with --replay-mode full for a number that does not carry this.",
simulation,sort,dill,dill,False,10,1,ok,0.008997,0.0,0.0042,2.8123,2.8235,,{},"{""total"": {""kind"": ""scalar"", ""value"": 166840.33310692222}}",,
simulation,sort,full,full,False,10,2,ok,0.006914,4.372692,,7.3482,7.3662,,{},"{""total"": {""kind"": ""scalar"", ""value"": 166840.33310692222}}",,
