time,memory,io_read_count,io_write_count,io_read,io_write,cpu_util_avg,cpu_util_min,cpu_util_max,cpu_util_0,cpu_util_1,cpu_util_2,cpu_util_3,cpu_util_4,cpu_util_5,cpu_util_6,cpu_util_7,gpu_util_avg,gpu_util_min,gpu_util_max,gpu_band_avg,gpu_band_min,gpu_band_max,gpu_mem_avg,gpu_mem_min,gpu_mem_max,gpu_power_avg,gpu_power_min,gpu_power_max,gpu_util_0,gpu_band_0,gpu_mem_0,gpu_power_0,cell_index
11775459.823776497,0.8259925842285156,0.004051561528295317,6.547515014600367e-05,0.027479521381121207,0.03861046675068929,1.25,1.25,1.25,1.25,1.25,1.25,1.25,1.25,1.25,1.25,1.25,0.0,0.0,0.0,0.0,0.0,0.0,0.0,0.0,0.0,0.0,0.0,0.0,0.0,0.0,0.0,0.0,2
11775460.816677038,1.370574951171875,76281.55778798836,781.548572002627,325897.69732332224,457906.89117580716,12.4875,12.4875,12.4875,12.4875,12.4875,12.4875,12.4875,12.4875,12.4875,12.4875,12.4875,0.0,0.0,0.0,0.0,0.0,0.0,0.0,0.0,0.0,0.0,0.0,0.0,0.0,0.0,0.0,0.0,5
11775461.81812922,3.250213623046875,103456.76200537886,791.8500899578738,323114.77869978396,453996.7143756458,61.175,61.175,61.175,61.175,61.175,61.175,61.175,61.175,61.175,61.175,61.175,13.0,13.0,13.0,0.0,0.0,0.0,5.794921875,5.794921875,5.794921875,125.128,125.128,125.128,13.0,0.0,5.794921875,125.128,5
11775462.844444135,3.4624481201171875,127567.0829172904,784.3596418412114,315287.24266527523,442998.53083348804,12.4875,12.4875,12.4875,12.4875,12.4875,12.4875,12.4875,12.4875,12.4875,12.4875,12.4875,47.0,47.0,47.0,0.0,0.0,0.0,5.95703125,5.95703125,5.95703125,168.143,168.143,168.143,47.0,0.0,5.95703125,168.143,5
11775463.849393029,3.469348907470703,157381.1375018433,806.0111366748424,321990.5032713484,452417.0362420212,13.725,13.725,13.725,13.725,13.725,13.725,13.725,13.725,13.725,13.725,13.725,56.0,56.0,56.0,0.0,0.0,0.0,5.95703125,5.95703125,5.95703125,233.264,233.264,233.264,56.0,0.0,5.95703125,233.264,5
11775464.847953975,3.4693603515625,185658.17205441525,811.1673132141062,324050.32577663375,455311.2172304601,12.4875,12.4875,12.4875,12.4875,12.4875,12.4875,12.4875,12.4875,12.4875,12.4875,12.4875,64.0,64.0,64.0,0.0,0.0,0.0,5.95703125,5.95703125,5.95703125,232.658,232.658,232.658,64.0,0.0,5.95703125,232.658,5
11775465.837444756,3.4693641662597656,214885.27643435186,823.6559811030432,327020.7325021437,459484.8266802273,12.4875,12.4875,12.4875,12.4875,12.4875,12.4875,12.4875,12.4875,12.4875,12.4875,12.4875,64.0,64.0,64.0,0.0,0.0,0.0,5.95703125,5.95703125,5.95703125,252.893,252.893,252.893,64.0,0.0,5.95703125,252.893,5
11775466.816936005,3.4693756103515625,244885.2915345359,837.1692968833019,330359.25580815406,464175.6632241152,12.4875,12.4875,12.4875,12.4875,12.4875,12.4875,12.4875,12.4875,12.4875,12.4875,12.4875,59.0,59.0,59.0,0.0,0.0,0.0,5.95703125,5.95703125,5.95703125,261.696,261.696,261.696,59.0,0.0,5.95703125,261.696,5
11775467.839740928,3.4693756103515625,261143.63932049894,806.6054251023464,316369.2240925063,444518.7832185848,12.475,12.475,12.475,12.475,12.475,12.475,12.475,12.475,12.475,12.475,12.475,73.0,73.0,73.0,0.0,0.0,0.0,5.95703125,5.95703125,5.95703125,260.084,260.084,260.084,73.0,0.0,5.95703125,260.084,5
11775468.839286996,3.4693832397460938,294468.6688138469,830.3769348378307,323730.9519067044,454862.4767296732,12.4875,12.4875,12.4875,12.4875,12.4875,12.4875,12.4875,12.4875,12.4875,12.4875,12.4875,65.0,65.0,65.0,0.0,0.0,0.0,5.95703125,5.95703125,5.95703125,259.882,259.882,259.882,65.0,0.0,5.95703125,259.882,5
11775469.849995285,3.4693832397460938,318159.06075913203,821.2062855839224,320155.68037878064,449838.99394993234,12.4875,12.4875,12.4875,12.4875,12.4875,12.4875,12.4875,12.4875,12.4875,12.4875,12.4875,56.0,56.0,56.0,0.0,0.0,0.0,5.95703125,5.95703125,5.95703125,231.652,231.652,231.652,56.0,0.0,5.95703125,231.652,5
11775470.839362344,3.469409942626953,352550.6504417053,843.9739253754965,327061.6271481493,459542.2862461338,12.4875,12.4875,12.4875,12.4875,12.4875,12.4875,12.4875,12.4875,12.4875,12.4875,12.4875,63.0,63.0,63.0,0.0,0.0,0.0,5.95703125,5.95703125,5.95703125,253.48,253.48,253.48,63.0,0.0,5.95703125,253.48,5
11775471.840186143,3.469409942626953,375728.47506231867,839.3085779957017,323317.6510740014,454281.762901445,12.4875,12.4875,12.4875,12.4875,12.4875,12.4875,12.4875,12.4875,12.4875,12.4875,12.4875,62.0,62.0,62.0,0.0,0.0,0.0,5.95703125,5.95703125,5.95703125,256.773,256.773,256.773,62.0,0.0,5.95703125,256.773,5
11775472.823241267,3.4694137573242188,410225.2153823936,859.5652261195182,329161.6025191221,462492.88455218426,12.4875,12.4875,12.4875,12.4875,12.4875,12.4875,12.4875,12.4875,12.4875,12.4875,12.4875,61.0,61.0,61.0,0.0,0.0,0.0,5.95703125,5.95703125,5.95703125,259.087,259.087,259.087,61.0,0.0,5.95703125,259.087,5
11775473.83675841,3.4694137573242188,424775.2520876724,841.6236525637421,319268.4032721992,448592.3134584065,12.4875,12.4875,12.4875,12.4875,12.4875,12.4875,12.4875,12.4875,12.4875,12.4875,12.4875,72.0,72.0,72.0,0.0,0.0,0.0,5.95703125,5.95703125,5.95703125,260.406,260.406,260.406,72.0,0.0,5.95703125,260.406,5
11775474.837110508,3.4694175720214844,457591.8829618168,857.6980065258749,323470.1069273528,454495.9730245084,12.4875,12.4875,12.4875,12.4875,12.4875,12.4875,12.4875,12.4875,12.4875,12.4875,12.4875,79.0,79.0,79.0,0.0,0.0,0.0,5.95703125,5.95703125,5.95703125,254.783,254.783,254.783,79.0,0.0,5.95703125,254.783,5
11775475.848819872,3.4694442749023438,479370.87190700136,848.0696437330039,319838.8899740097,449393.8833812035,12.4875,12.4875,12.4875,12.4875,12.4875,12.4875,12.4875,12.4875,12.4875,12.4875,12.4875,62.0,62.0,62.0,0.0,0.0,0.0,5.95703125,5.95703125,5.95703125,230.671,230.671,230.671,62.0,0.0,5.95703125,230.671,5
11775476.849519512,3.4694442749023438,511861.8813012413,862.3966334055117,323357.76619222376,454338.12718147895,12.475,12.475,12.475,12.475,12.475,12.475,12.475,12.475,12.475,12.475,12.475,58.0,58.0,58.0,0.0,0.0,0.0,5.95703125,5.95703125,5.95703125,240.415,240.415,240.415,58.0,0.0,5.95703125,240.415,5
11775477.847718198,3.4694480895996094,540429.483103352,869.5663619159108,324167.9281730393,455476.4560405995,12.4875,12.4875,12.4875,12.4875,12.4875,12.4875,12.4875,12.4875,12.4875,12.4875,12.4875,70.0,70.0,70.0,0.0,0.0,0.0,5.95703125,5.95703125,5.95703125,244.642,244.642,244.642,70.0,0.0,5.95703125,244.642,5
11775478.84965248,3.4694480895996094,565597.9737477115,871.3146313725131,322959.3054731309,453778.2646521206,12.475,12.475,12.475,12.475,12.475,12.475,12.475,12.475,12.475,12.475,12.475,59.0,59.0,59.0,0.0,0.0,0.0,5.95703125,5.95703125,5.95703125,230.693,230.693,230.693,59.0,0.0,5.95703125,230.693,5
11775479.848404298,3.469470977783203,594665.250895637,874.0910253212808,323988.396721147,455224.2029879407,12.475,12.475,12.475,12.475,12.475,12.475,12.475,12.475,12.475,12.475,12.475,61.0,61.0,61.0,0.0,0.0,0.0,5.95703125,5.95703125,5.95703125,239.884,239.884,239.884,61.0,0.0,5.95703125,239.884,5
11775480.847987097,3.469470977783203,621418.2562237452,878.3664552303811,323719.0558647695,454845.76203784073,12.475,12.475,12.475,12.475,12.475,12.475,12.475,12.475,12.475,12.475,12.475,55.0,55.0,55.0,0.0,0.0,0.0,5.95703125,5.95703125,5.95703125,240.772,240.772,240.772,55.0,0.0,5.95703125,240.772,5
11775481.849324755,3.4694747924804688,647528.8274861515,881.8204253121504,323151.7333003475,454048.6379283364,12.4875,12.4875,12.4875,12.4875,12.4875,12.4875,12.4875,12.4875,12.4875,12.4875,12.4875,82.0,82.0,82.0,0.0,0.0,0.0,5.95703125,5.95703125,5.95703125,242.637,242.637,242.637,82.0,0.0,5.95703125,242.637,5
11775482.849475296,3.469482421875,675524.3060010982,882.8670924431117,323535.29472379596,454587.5660043209,12.475,12.475,12.475,12.475,12.475,12.475,12.475,12.475,12.475,12.475,12.475,59.0,59.0,59.0,0.0,0.0,0.0,5.95703125,5.95703125,5.95703125,228.407,228.407,228.407,59.0,0.0,5.95703125,228.407,5
11775483.849404017,3.4694900512695312,702912.1033670672,888.0633008897275,323607.0666161054,454688.4100555405,12.4875,12.4875,12.4875,12.4875,12.4875,12.4875,12.4875,12.4875,12.4875,12.4875,12.4875,59.0,59.0,59.0,0.0,0.0,0.0,5.95703125,5.95703125,5.95703125,241.774,241.774,241.774,59.0,0.0,5.95703125,241.774,5
11775484.852104288,3.469493865966797,728131.8466285507,890.5951516636064,322712.58852846187,453431.61172986415,12.4875,12.4875,12.4875,12.4875,12.4875,12.4875,12.4875,12.4875,12.4875,12.4875,12.4875,69.0,69.0,69.0,0.0,0.0,0.0,5.95703125,5.95703125,5.95703125,243.802,243.802,243.802,69.0,0.0,5.95703125,243.802,5
11775485.849079944,3.4695053100585938,759631.3861701031,900.7240989850616,324565.5978240336,456035.20706921176,12.475,12.475,12.475,12.475,12.475,12.475,12.475,12.475,12.475,12.475,12.475,61.0,61.0,61.0,0.0,0.0,0.0,5.95703125,5.95703125,5.95703125,229.663,229.663,229.663,61.0,0.0,5.95703125,229.663,5
11775486.850333404,3.4695167541503906,783582.8106016235,896.8758024131307,323178.90829404286,454086.82051441463,12.4875,12.4875,12.4875,12.4875,12.4875,12.4875,12.4875,12.4875,12.4875,12.4875,12.4875,60.0,60.0,60.0,0.0,0.0,0.0,5.95703125,5.95703125,5.95703125,237.449,237.449,237.449,60.0,0.0,5.95703125,237.449,5
11775487.844242418,3.4695167541503906,816775.9706849187,908.5338667093063,325567.02405898576,457442.27431072685,12.475,12.475,12.475,12.475,12.475,12.475,12.475,12.475,12.475,12.475,12.475,60.0,60.0,60.0,0.0,0.0,0.0,5.95703125,5.95703125,5.95703125,239.257,239.257,239.257,60.0,0.0,5.95703125,239.257,5
11775488.849996552,3.469524383544922,834240.6676715668,906.7822536878042,321732.7069926693,452054.81615425687,12.4875,12.4875,12.4875,12.4875,12.4875,12.4875,12.4875,12.4875,12.4875,12.4875,12.4875,82.0,82.0,82.0,0.0,0.0,0.0,5.95703125,5.95703125,5.95703125,244.509,244.509,244.509,82.0,0.0,5.95703125,244.509,5
11775489.851980716,3.469524383544922,864556.5778595672,910.1940256731434,322943.22763532726,453755.6742724218,12.4875,12.4875,12.4875,12.4875,12.4875,12.4875,12.4875,12.4875,12.4875,12.4875,12.4875,62.0,62.0,62.0,0.0,0.0,0.0,5.95703125,5.95703125,5.95703125,229.443,229.443,229.443,62.0,0.0,5.95703125,229.443,5
11775490.850934744,3.4695472717285156,894445.5651139857,919.9622548597697,323922.8142291009,455132.0554358253,12.475,12.475,12.475,12.475,12.475,12.475,12.475,12.475,12.475,12.475,12.475,58.0,58.0,58.0,0.0,0.0,0.0,5.95703125,5.95703125,5.95703125,241.836,241.836,241.836,58.0,0.0,5.95703125,241.836,5
11775491.851962112,3.4695472717285156,919801.0258513119,923.0516862268336,323251.90133768803,454189.38036054897,12.4875,12.4875,12.4875,12.4875,12.4875,12.4875,12.4875,12.4875,12.4875,12.4875,12.4875,70.0,70.0,70.0,0.0,0.0,0.0,5.95703125,5.95703125,5.95703125,244.089,244.089,244.089,70.0,0.0,5.95703125,244.089,5
11775492.850493873,3.4695701599121094,949375.9110725792,930.3659999730228,324059.79734690057,455324.5253861514,12.4875,12.4875,12.4875,12.4875,12.4875,12.4875,12.4875,12.4875,12.4875,12.4875,12.4875,59.0,59.0,59.0,0.0,0.0,0.0,5.95703125,5.95703125,5.95703125,230.845,230.845,230.845,59.0,0.0,5.95703125,230.845,5
11775493.850706013,3.4695701599121094,975006.1618210261,928.8029633851613,323515.369326183,454559.5695595736,12.475,12.475,12.475,12.475,12.475,12.475,12.475,12.475,12.475,12.475,12.475,58.0,58.0,58.0,0.0,0.0,0.0,5.95703125,5.95703125,5.95703125,239.682,239.682,239.682,58.0,0.0,5.95703125,239.682,5
11775494.8520779,3.4695701599121094,1001075.6377658003,932.7204133808877,323140.6876268107,454033.1180579239,12.475,12.475,12.475,12.475,12.475,12.475,12.475,12.475,12.475,12.475,12.475,56.0,56.0,56.0,0.0,0.0,0.0,5.95703125,5.95703125,5.95703125,240.228,240.228,240.228,56.0,0.0,5.95703125,240.228,5
11775495.85117362,3.4695701599121094,1030616.965103066,939.8498863553212,323876.8750014912,455067.5079134877,12.475,12.475,12.475,12.475,12.475,12.475,12.475,12.475,12.475,12.475,12.475,88.0,88.0,88.0,0.0,0.0,0.0,5.95703125,5.95703125,5.95703125,245.866,245.866,245.866,88.0,0.0,5.95703125,245.866,5
11775496.8510484,3.4695777893066406,1057048.3636441357,939.1175963480952,323624.52427763795,454712.93917490897,12.475,12.475,12.475,12.475,12.475,12.475,12.475,12.475,12.475,12.475,12.475,61.0,61.0,61.0,0.0,0.0,0.0,5.95703125,5.95703125,5.95703125,229.62,229.62,229.62,61.0,0.0,5.95703125,229.62,5
11775497.853412492,3.4695777893066406,1081595.0103483158,941.7735610586063,322820.82201439416,453583.6866278196,12.475,12.475,12.475,12.475,12.475,12.475,12.475,12.475,12.475,12.475,12.475,56.0,56.0,56.0,0.0,0.0,0.0,5.95703125,5.95703125,5.95703125,246.973,246.973,246.973,56.0,0.0,5.95703125,246.973,5
11775498.85195672,3.4695892333984375,1113008.2870436728,950.3835423852386,324055.75150599057,455318.840723607,12.475,12.475,12.475,12.475,12.475,12.475,12.475,12.475,12.475,12.475,12.475,69.0,69.0,69.0,0.0,0.0,0.0,5.95703125,5.95703125,5.95703125,241.893,241.893,241.893,69.0,0.0,5.95703125,241.893,5
11775499.851519696,3.4695892333984375,1139121.8225708392,954.4171023380683,323725.47551673115,454854.78205515386,12.475,12.475,12.475,12.475,12.475,12.475,12.475,12.475,12.475,12.475,12.475,59.0,59.0,59.0,0.0,0.0,0.0,5.95703125,5.95703125,5.95703125,228.041,228.041,228.041,59.0,0.0,5.95703125,228.041,5
11775500.8532518,3.4695968627929688,1163839.1101728836,952.3504304608471,323024.48814490857,453869.8504314538,12.475,12.475,12.475,12.475,12.475,12.475,12.475,12.475,12.475,12.475,12.475,60.0,60.0,60.0,0.0,0.0,0.0,5.95703125,5.95703125,5.95703125,236.715,236.715,236.715,60.0,0.0,5.95703125,236.715,5
11775501.852611547,3.4696121215820312,1193835.3561968424,959.6143956166665,323791.3082285958,454947.28118195105,12.475,12.475,12.475,12.475,12.475,12.475,12.475,12.475,12.475,12.475,12.475,57.0,57.0,57.0,0.0,0.0,0.0,5.95703125,5.95703125,5.95703125,238.162,238.162,238.162,57.0,0.0,5.95703125,238.162,5
11775502.851564245,3.469615936279297,1221566.3489261442,965.0106576279212,323923.24547497224,455132.6613635686,12.475,12.475,12.475,12.475,12.475,12.475,12.475,12.475,12.475,12.475,12.475,72.0,72.0,72.0,0.0,0.0,0.0,5.95703125,5.95703125,5.95703125,245.056,245.056,245.056,72.0,0.0,5.95703125,245.056,5
11775503.849733844,3.469615936279297,1249785.6087017907,965.7677421434955,324177.3745578432,455489.7288091215,12.475,12.475,12.475,12.475,12.475,12.475,12.475,12.475,12.475,12.475,12.475,58.0,58.0,58.0,0.0,0.0,0.0,5.95703125,5.95703125,5.95703125,231.044,231.044,231.044,58.0,0.0,5.95703125,231.044,5
11775504.850748245,3.4696502685546875,1273422.2401312515,968.0180422331463,323256.08893495396,454195.26419974543,12.4875,12.4875,12.4875,12.4875,12.4875,12.4875,12.4875,12.4875,12.4875,12.4875,12.4875,59.0,59.0,59.0,0.0,0.0,0.0,5.95703125,5.95703125,5.95703125,245.754,245.754,245.754,59.0,0.0,5.95703125,245.754,5
11775505.856810728,3.4696502685546875,1294086.6213206602,970.1186716425776,321634.09861146705,451916.2651376309,12.475,12.475,12.475,12.475,12.475,12.475,12.475,12.475,12.475,12.475,12.475,64.0,64.0,64.0,0.0,0.0,0.0,5.95703125,5.95703125,5.95703125,242.648,242.648,242.648,64.0,0.0,5.95703125,242.648,5
11775506.854945716,3.469654083251953,1331623.4945574757,982.8329958927455,324188.615843994,455505.5235276372,12.4875,12.4875,12.4875,12.4875,12.4875,12.4875,12.4875,12.4875,12.4875,12.4875,12.4875,56.0,56.0,56.0,0.0,0.0,0.0,5.95703125,5.95703125,5.95703125,231.981,231.981,231.981,56.0,0.0,5.95703125,231.981,5
11775507.853011094,3.469654083251953,1358960.073352566,982.9015424397638,324211.22600288334,455537.29223189934,12.475,12.475,12.475,12.475,12.475,12.475,12.475,12.475,12.475,12.475,12.475,57.0,57.0,57.0,0.0,0.0,0.0,5.95703125,5.95703125,5.95703125,238.476,238.476,238.476,57.0,0.0,5.95703125,238.476,5
11775508.842355382,3.469654083251953,1398428.2491458564,996.6196927546874,327069.1548279237,459552.8631126523,12.475,12.475,12.475,12.475,12.475,12.475,12.475,12.475,12.475,12.475,12.475,63.0,63.0,63.0,0.0,0.0,0.0,5.95703125,5.95703125,5.95703125,245.386,245.386,245.386,63.0,0.0,5.95703125,245.386,5
11775509.84113865,3.469654083251953,1412441.5627989173,992.2072502778555,323978.1946255394,455209.86839790986,12.475,12.475,12.475,12.475,12.475,12.475,12.475,12.475,12.475,12.475,12.475,62.0,62.0,62.0,0.0,0.0,0.0,5.95703125,5.95703125,5.95703125,262.228,262.228,262.228,62.0,0.0,5.95703125,262.228,5
11775510.840410229,3.46966552734375,1438969.1752407234,998.727493993232,323819.87717064726,454987.4223536942,12.4875,12.4875,12.4875,12.4875,12.4875,12.4875,12.4875,12.4875,12.4875,12.4875,12.4875,63.0,63.0,63.0,0.0,0.0,0.0,5.95703125,5.95703125,5.95703125,259.529,259.529,259.529,63.0,0.0,5.95703125,259.529,5
11775511.840131817,3.46966552734375,1465525.0189207627,1003.2793244345161,323674.11457409617,454782.6166800592,12.4875,12.4875,12.4875,12.4875,12.4875,12.4875,12.4875,12.4875,12.4875,12.4875,12.4875,64.0,64.0,64.0,0.0,0.0,0.0,5.95703125,5.95703125,5.95703125,248.69,248.69,248.69,64.0,0.0,5.95703125,248.69,5
11775512.839304997,3.4696731567382812,1493542.8922261738,1003.8299874441819,323851.76735507295,455032.2300811785,12.4875,12.4875,12.4875,12.4875,12.4875,12.4875,12.4875,12.4875,12.4875,12.4875,12.4875,64.0,64.0,64.0,0.0,0.0,0.0,5.95703125,5.95703125,5.95703125,263.542,263.542,263.542,64.0,0.0,5.95703125,263.542,5
11775513.84206578,3.469676971435547,1515306.5676339678,1005.2247926442685,322693.1143878998,453404.2493298339,12.4875,12.4875,12.4875,12.4875,12.4875,12.4875,12.4875,12.4875,12.4875,12.4875,12.4875,84.0,84.0,84.0,0.0,0.0,0.0,5.95703125,5.95703125,5.95703125,256.606,256.606,256.606,84.0,0.0,5.95703125,256.606,5
11775514.852982627,3.4696922302246094,1529983.4041389537,1002.0606563922865,320089.6302448585,449746.18933138344,12.475,12.475,12.475,12.475,12.475,12.475,12.475,12.475,12.475,12.475,12.475,56.0,56.0,56.0,0.0,0.0,0.0,5.95703125,5.95703125,5.95703125,236.955,236.955,236.955,56.0,0.0,5.95703125,236.955,5
11775515.852302138,3.4696922302246094,1574953.7394284795,1018.6932099980761,323804.34544598963,454965.5992975298,12.475,12.475,12.475,12.475,12.475,12.475,12.475,12.475,12.475,12.475,12.475,68.0,68.0,68.0,0.0,0.0,0.0,5.95703125,5.95703125,5.95703125,243.904,243.904,243.904,68.0,0.0,5.95703125,243.904,5
11775516.851216055,3.4696998596191406,1602818.7931365347,1024.1122702196114,323935.82096455793,455150.33072235354,12.475,12.475,12.475,12.475,12.475,12.475,12.475,12.475,12.475,12.475,12.475,61.0,61.0,61.0,0.0,0.0,0.0,5.95703125,5.95703125,5.95703125,229.713,229.713,229.713,61.0,0.0,5.95703125,229.713,5
11775517.853270076,3.4697227478027344,1624931.3572546535,1020.9030439512823,322920.71414851584,453724.0413985476,12.4875,12.4875,12.4875,12.4875,12.4875,12.4875,12.4875,12.4875,12.4875,12.4875,12.4875,76.0,76.0,76.0,0.0,0.0,0.0,5.95703125,5.95703125,5.95703125,245.852,245.852,245.852,76.0,0.0,5.95703125,245.852,5
11775518.854282027,3.4697227478027344,1653791.4442675156,1026.960766133386,323256.87991099764,454196.3755711486,12.4875,12.4875,12.4875,12.4875,12.4875,12.4875,12.4875,12.4875,12.4875,12.4875,12.4875,56.0,56.0,56.0,0.0,0.0,0.0,5.95703125,5.95703125,5.95703125,245.347,245.347,245.347,56.0,0.0,5.95703125,245.347,5
11775519.852640806,3.4697227478027344,1685427.1590279478,1034.6981687195876,324115.9460086728,455403.41780965426,12.4875,12.4875,12.4875,12.4875,12.4875,12.4875,12.4875,12.4875,12.4875,12.4875,12.4875,72.0,72.0,72.0,0.0,0.0,0.0,5.95703125,5.95703125,5.95703125,241.662,241.662,241.662,72.0,0.0,5.95703125,241.662,5
11775520.853703266,3.4697341918945312,1708037.2782970485,1031.9036434035525,323240.5697454939,454173.4587563268,12.4875,12.4875,12.4875,12.4875,12.4875,12.4875,12.4875,12.4875,12.4875,12.4875,12.4875,59.0,59.0,59.0,0.0,0.0,0.0,5.95703125,5.95703125,5.95703125,229.378,229.378,229.378,59.0,0.0,5.95703125,229.378,5
11775521.853797156,3.4697341918945312,1736886.92307187,1039.902363198955,323553.62143593334,454613.3161947924,12.475,12.475,12.475,12.475,12.475,12.475,12.475,12.475,12.475,12.475,12.475,56.0,56.0,56.0,0.0,0.0,0.0,5.95703125,5.95703125,5.95703125,241.719,241.719,241.719,56.0,0.0,5.95703125,241.719,5
11775522.855982376,3.4697532653808594,1760403.1320459084,1044.7170634842375,322878.43960886676,453664.64299473685,12.4625,12.4625,12.4625,12.4625,12.4625,12.4625,12.4625,12.4625,12.4625,12.4625,12.4625,69.0,69.0,69.0,0.0,0.0,0.0,5.95703125,5.95703125,5.95703125,244.325,244.325,244.325,69.0,0.0,5.95703125,244.325,5
11775523.856865548,3.4697532653808594,1789865.2423247118,1051.071723582847,323298.4720568745,454254.8151685198,12.4875,12.4875,12.4875,12.4875,12.4875,12.4875,12.4875,12.4875,12.4875,12.4875,12.4875,86.0,86.0,86.0,0.0,0.0,0.0,5.95703125,5.95703125,5.95703125,247.848,247.848,247.848,86.0,0.0,5.95703125,247.848,5
11775524.8412987,3.4697723388671875,1847395.1194235552,1068.6352832553061,328700.8360236549,461845.4784636164,11.2375,11.2375,11.2375,11.2375,11.2375,11.2375,11.2375,11.2375,11.2375,11.2375,11.2375,65.0,65.0,65.0,0.0,0.0,0.0,5.95703125,5.95703125,5.95703125,256.916,256.916,256.916,65.0,0.0,5.95703125,256.916,5
11775525.858087849,3.4697723388671875,1815354.7379222359,1039.5468918281358,318241.00420559646,447148.75274457224,12.4875,12.4875,12.4875,12.4875,12.4875,12.4875,12.4875,12.4875,12.4875,12.4875,12.4875,62.0,62.0,62.0,0.0,0.0,0.0,5.95703125,5.95703125,5.95703125,224.668,224.668,224.668,62.0,0.0,5.95703125,224.668,5
11775526.849891089,3.4697837829589844,1888508.6521208065,1070.776901239808,326258.2606504539,458413.50547089096,12.4875,12.4875,12.4875,12.4875,12.4875,12.4875,12.4875,12.4875,12.4875,12.4875,12.4875,63.0,63.0,63.0,0.0,0.0,0.0,5.95703125,5.95703125,5.95703125,259.368,259.368,259.368,63.0,0.0,5.95703125,259.368,5
11775527.860631919,3.4697837829589844,1880031.8976848314,1055.661321595977,320145.37309026485,449824.51155720756,12.4875,12.4875,12.4875,12.4875,12.4875,12.4875,12.4875,12.4875,12.4875,12.4875,12.4875,75.0,75.0,75.0,0.0,0.0,0.0,5.95703125,5.95703125,5.95703125,263.482,263.482,263.482,75.0,0.0,5.95703125,263.482,5
11775528.86161578,3.4698028564453125,1925526.547202903,1070.946336374623,323265.9508483638,454209.120812258,12.4875,12.4875,12.4875,12.4875,12.4875,12.4875,12.4875,12.4875,12.4875,12.4875,12.4875,64.0,64.0,64.0,0.0,0.0,0.0,5.95703125,5.95703125,5.95703125,257.292,257.292,257.292,64.0,0.0,5.95703125,257.292,5
11775529.860621568,3.469806671142578,1956562.2394678954,1078.071832950866,323906.0315632062,455108.47472804924,12.475,12.475,12.475,12.475,12.475,12.475,12.475,12.475,12.475,12.475,12.475,89.0,89.0,89.0,0.0,0.0,0.0,5.95703125,5.95703125,5.95703125,249.506,249.506,249.506,89.0,0.0,5.95703125,249.506,5
11775530.863447728,3.4698219299316406,1976228.8613968736,1073.9648038233825,322672.0771405621,453374.6906658531,12.4875,12.4875,12.4875,12.4875,12.4875,12.4875,12.4875,12.4875,12.4875,12.4875,12.4875,87.0,87.0,87.0,0.0,0.0,0.0,5.95703125,5.95703125,5.95703125,265.225,265.225,265.225,87.0,0.0,5.95703125,265.225,5
11775531.859705336,3.4698219299316406,2016576.819431039,1086.06447819315,324799.52690540877,456363.8922341819,12.475,12.475,12.475,12.475,12.475,12.475,12.475,12.475,12.475,12.475,12.475,87.0,87.0,87.0,0.0,0.0,0.0,5.95703125,5.95703125,5.95703125,261.395,261.395,261.395,87.0,0.0,5.95703125,261.395,5
11775532.862813609,3.4698410034179688,2029936.4048432512,1083.6317773317242,322581.3293800447,453247.184318797,12.4875,12.4875,12.4875,12.4875,12.4875,12.4875,12.4875,12.4875,12.4875,12.4875,12.4875,84.0,84.0,84.0,0.0,0.0,0.0,5.95703125,5.95703125,5.95703125,259.053,259.053,259.053,84.0,0.0,5.95703125,259.053,5
11775533.841566335,3.4698448181152344,2108256.7064517695,1115.7057040281488,330608.5297914327,464525.9089474561,12.4875,12.4875,12.4875,12.4875,12.4875,12.4875,12.4875,12.4875,12.4875,12.4875,12.4875,63.0,63.0,63.0,0.0,0.0,0.0,5.95703125,5.95703125,5.95703125,264.944,264.944,264.944,63.0,0.0,5.95703125,264.944,5
11775534.860903634,3.4698562622070312,2051016.8747745815,1076.1894044074295,317445.4623844792,446030.9661351543,12.4875,12.4875,12.4875,12.4875,12.4875,12.4875,12.4875,12.4875,12.4875,12.4875,12.4875,75.0,75.0,75.0,0.0,0.0,0.0,5.95703125,5.95703125,5.95703125,264.891,264.891,264.891,75.0,0.0,5.95703125,264.891,5
11775535.862914937,3.4698562622070312,2113642.8241457553,1099.7879932653013,322934.4809553169,453743.38463342004,12.4875,12.4875,12.4875,12.4875,12.4875,12.4875,12.4875,12.4875,12.4875,12.4875,12.4875,64.0,64.0,64.0,0.0,0.0,0.0,5.95703125,5.95703125,5.95703125,263.298,263.298,263.298,64.0,0.0,5.95703125,263.298,5
11775536.862307934,3.469867706298828,2146411.8774325578,1106.671752549828,323780.5356031497,454932.1449613875,11.2375,11.2375,11.2375,11.2375,11.2375,11.2375,11.2375,11.2375,11.2375,11.2375,11.2375,54.0,54.0,54.0,0.0,0.0,0.0,5.95703125,5.95703125,5.95703125,239.703,239.703,239.703,54.0,0.0,5.95703125,239.703,5
11775537.871861344,3.469867706298828,2151763.322514216,1095.5339152154024,320521.9226230206,450353.5874829783,12.475,12.475,12.475,12.475,12.475,12.475,12.475,12.475,12.475,12.475,12.475,47.0,47.0,47.0,0.0,0.0,0.0,5.95703125,5.95703125,5.95703125,243.652,243.652,243.652,47.0,0.0,5.95703125,243.652,5
11775538.872034485,3.4698867797851562,2199155.2375645926,1110.8076744069033,323527.9842621813,454577.2943430648,12.4875,12.4875,12.4875,12.4875,12.4875,12.4875,12.4875,12.4875,12.4875,12.4875,12.4875,49.0,49.0,49.0,0.0,0.0,0.0,5.95703125,5.95703125,5.95703125,238.887,238.887,238.887,49.0,0.0,5.95703125,238.887,5
11775539.872863024,3.4698867797851562,2224908.574355185,1115.076114888585,323316.119677516,454279.6111924592,12.475,12.475,12.475,12.475,12.475,12.475,12.475,12.475,12.475,12.475,12.475,77.0,77.0,77.0,0.0,0.0,0.0,5.95703125,5.95703125,5.95703125,245.764,245.764,245.764,77.0,0.0,5.95703125,245.764,5
11775540.872893643,3.46990966796875,2253893.989911023,1115.9658311785518,323574.09275634453,454642.0796956233,12.4875,12.4875,12.4875,12.4875,12.4875,12.4875,12.4875,12.4875,12.4875,12.4875,12.4875,49.0,49.0,49.0,0.0,0.0,0.0,5.95703125,5.95703125,5.95703125,231.486,231.486,231.486,49.0,0.0,5.95703125,231.486,5
11775541.8713053,3.46990966796875,2284808.0582260704,1122.7833647738405,324098.7799348603,455379.29838948726,12.4875,12.4875,12.4875,12.4875,12.4875,12.4875,12.4875,12.4875,12.4875,12.4875,12.4875,48.0,48.0,48.0,0.0,0.0,0.0,5.95703125,5.95703125,5.95703125,244.548,244.548,244.548,48.0,0.0,5.95703125,244.548,5
11775542.872720972,3.4699325561523438,2305113.715561562,1124.4082070313123,323126.55884904094,454013.266230931,12.4875,12.4875,12.4875,12.4875,12.4875,12.4875,12.4875,12.4875,12.4875,12.4875,12.4875,58.0,58.0,58.0,0.0,0.0,0.0,5.95703125,5.95703125,5.95703125,245.694,245.694,245.694,58.0,0.0,5.95703125,245.694,5
11775543.874176472,3.4699325561523438,2332178.5124913957,1129.3562212047188,323113.70776508196,453995.20964460884,12.4875,12.4875,12.4875,12.4875,12.4875,12.4875,12.4875,12.4875,12.4875,12.4875,12.4875,50.0,50.0,50.0,0.0,0.0,0.0,5.95703125,5.95703125,5.95703125,229.124,229.124,229.124,50.0,0.0,5.95703125,229.124,5
11775544.87385916,3.4699325561523438,2363513.973182409,1131.3589946644288,323686.7099288192,454800.3139506194,12.4875,12.4875,12.4875,12.4875,12.4875,12.4875,12.4875,12.4875,12.4875,12.4875,12.4875,47.0,47.0,47.0,0.0,0.0,0.0,5.95703125,5.95703125,5.95703125,240.168,240.168,240.168,47.0,0.0,5.95703125,240.168,5
11775545.872677088,3.4699363708496094,2392788.447902217,1137.3444228426076,323966.95221928024,455194.07210557093,12.475,12.475,12.475,12.475,12.475,12.475,12.475,12.475,12.475,12.475,12.475,47.0,47.0,47.0,0.0,0.0,0.0,5.95703125,5.95703125,5.95703125,237.11,237.11,237.11,47.0,0.0,5.95703125,237.11,5
11775546.873071248,3.4699630737304688,2416177.6395956283,1142.5496527111918,323456.50640673516,454476.8634322481,12.475,12.475,12.475,12.475,12.475,12.475,12.475,12.475,12.475,12.475,12.475,68.0,68.0,68.0,0.0,0.0,0.0,5.95703125,5.95703125,5.95703125,241.263,241.263,241.263,68.0,0.0,5.95703125,241.263,5
11775547.872520337,3.4699630737304688,2445628.323130585,1143.6300381741128,323762.36419294146,454906.6129799557,12.475,12.475,12.475,12.475,12.475,12.475,12.475,12.475,12.475,12.475,12.475,50.0,50.0,50.0,0.0,0.0,0.0,5.95703125,5.95703125,5.95703125,230.884,230.884,230.884,50.0,0.0,5.95703125,230.884,5
11775548.874774247,3.469982147216797,2465879.1290735756,1145.4183295695843,322856.31076258223,453633.5505651472,12.475,12.475,12.475,12.475,12.475,12.475,12.475,12.475,12.475,12.475,12.475,48.0,48.0,48.0,0.0,0.0,0.0,5.95703125,5.95703125,5.95703125,243.138,243.138,243.138,48.0,0.0,5.95703125,243.138,5
11775549.875972869,3.469982147216797,2495603.71581371,1153.6172496002093,323196.60960574384,454111.69197769073,11.2375,11.2375,11.2375,11.2375,11.2375,11.2375,11.2375,11.2375,11.2375,11.2375,11.2375,62.0,62.0,62.0,0.0,0.0,0.0,5.95703125,5.95703125,5.95703125,243.698,243.698,243.698,62.0,0.0,5.95703125,243.698,5
11775550.873233896,3.469989776611328,2532687.964270212,1163.185935016336,324472.7220657984,455904.7107506787,12.4875,12.4875,12.4875,12.4875,12.4875,12.4875,12.4875,12.4875,12.4875,12.4875,12.4875,48.0,48.0,48.0,0.0,0.0,0.0,5.95703125,5.95703125,5.95703125,239.654,239.654,239.654,48.0,0.0,5.95703125,239.654,5
11775551.875155369,3.469989776611328,2548006.074942307,1157.7753658123486,322963.43445777847,453784.06613687857,12.475,12.475,12.475,12.475,12.475,12.475,12.475,12.475,12.475,12.475,12.475,46.0,46.0,46.0,0.0,0.0,0.0,5.95703125,5.95703125,5.95703125,228.952,228.952,228.952,46.0,0.0,5.95703125,228.952,5
11775552.875606436,3.470020294189453,2578895.74404052,1165.4742924682134,323438.10759351146,454451.011935187,12.475,12.475,12.475,12.475,12.475,12.475,12.475,12.475,12.475,12.475,12.475,47.0,47.0,47.0,0.0,0.0,0.0,5.95703125,5.95703125,5.95703125,244.376,244.376,244.376,47.0,0.0,5.95703125,244.376,5
11775553.875353657,3.470020294189453,2607874.217331622,1171.2960797231258,323665.81610685564,454770.95680836675,12.4875,12.4875,12.4875,12.4875,12.4875,12.4875,12.4875,12.4875,12.4875,12.4875,12.4875,58.0,58.0,58.0,0.0,0.0,0.0,5.95703125,5.95703125,5.95703125,245.24,245.24,245.24,58.0,0.0,5.95703125,245.24,5
11775554.874278573,3.4700241088867188,2637206.2165991496,1177.265658755202,323932.2541859211,455145.31917262333,12.475,12.475,12.475,12.475,12.475,12.475,12.475,12.475,12.475,12.475,12.475,53.0,53.0,53.0,0.0,0.0,0.0,5.95703125,5.95703125,5.95703125,227.448,227.448,227.448,53.0,0.0,5.95703125,227.448,5
11775555.875644716,3.4700393676757812,2657890.9430634263,1174.395608618899,323142.5413429743,454035.7226464576,12.475,12.475,12.475,12.475,12.475,12.475,12.475,12.475,12.475,12.475,12.475,50.0,50.0,50.0,0.0,0.0,0.0,5.95703125,5.95703125,5.95703125,242.876,242.876,242.876,50.0,0.0,5.95703125,242.876,5
11775556.86031212,3.4700584411621094,2730544.3341639796,1199.3897590740357,328622.63827283046,461735.6056744833,12.4875,12.4875,12.4875,12.4875,12.4875,12.4875,12.4875,12.4875,12.4875,12.4875,12.4875,56.0,56.0,56.0,0.0,0.0,0.0,5.95703125,5.95703125,5.95703125,242.989,242.989,242.989,56.0,0.0,5.95703125,242.989,5
11775557.876426743,3.4700584411621094,2672763.4218357657,1167.191153176968,318452.26147522434,447445.58257911267,12.4875,12.4875,12.4875,12.4875,12.4875,12.4875,12.4875,12.4875,12.4875,12.4875,12.4875,76.0,76.0,76.0,0.0,0.0,0.0,5.95703125,5.95703125,5.95703125,245.111,245.111,245.111,76.0,0.0,5.95703125,245.111,5
11775558.875041002,3.4700698852539062,2746791.3412036137,1187.6457693598345,324033.0258284424,455286.90970831783,12.4875,12.4875,12.4875,12.4875,12.4875,12.4875,12.4875,12.4875,12.4875,12.4875,12.4875,51.0,51.0,51.0,0.0,0.0,0.0,5.95703125,5.95703125,5.95703125,233.659,233.659,233.659,51.0,0.0,5.95703125,233.659,5
11775559.876168331,3.4700775146484375,2767022.6558809825,1190.657737332646,323219.62523242197,454144.0303898587,12.4875,12.4875,12.4875,12.4875,12.4875,12.4875,12.4875,12.4875,12.4875,12.4875,12.4875,49.0,49.0,49.0,0.0,0.0,0.0,5.95703125,5.95703125,5.95703125,244.464,244.464,244.464,49.0,0.0,5.95703125,244.464,5
11775560.87537304,3.4700889587402344,2799524.438652812,1198.9535178254403,323841.5485075353,455017.8719536255,12.4875,12.4875,12.4875,12.4875,12.4875,12.4875,12.4875,12.4875,12.4875,12.4875,12.4875,60.0,60.0,60.0,0.0,0.0,0.0,5.95703125,5.95703125,5.95703125,243.772,243.772,243.772,60.0,0.0,5.95703125,243.772,5
11775561.86409456,3.4700927734375,2856673.940739491,1216.7227839387094,327275.1665153976,459842.32257226756,12.475,12.475,12.475,12.475,12.475,12.475,12.475,12.475,12.475,12.475,12.475,62.0,62.0,62.0,0.0,0.0,0.0,5.95703125,5.95703125,5.95703125,235.137,235.137,235.137,62.0,0.0,5.95703125,235.137,5
11775562.86427972,3.4700965881347656,2851078.094475967,1202.7772937967545,323524.0962892178,454571.83149497694,12.475,12.475,12.475,12.475,12.475,12.475,12.475,12.475,12.475,12.475,12.475,59.0,59.0,59.0,0.0,0.0,0.0,5.95703125,5.95703125,5.95703125,259.388,259.388,259.388,59.0,0.0,5.95703125,259.388,5
11775563.862372035,3.4701309204101562,2884286.3065758287,1210.308886788172,324202.4758464105,455524.9977082477,12.4875,12.4875,12.4875,12.4875,12.4875,12.4875,12.4875,12.4875,12.4875,12.4875,12.4875,62.0,62.0,62.0,0.0,0.0,0.0,5.95703125,5.95703125,5.95703125,265.474,265.474,265.474,62.0,0.0,5.95703125,265.474,5
11775564.86632214,3.4701309204101562,2894526.3196667805,1208.22737606705,322310.83862925007,452867.1276942627,12.4875,12.4875,12.4875,12.4875,12.4875,12.4875,12.4875,12.4875,12.4875,12.4875,12.4875,58.0,58.0,58.0,0.0,0.0,0.0,5.95703125,5.95703125,5.95703125,262.281,262.281,262.281,58.0,0.0,5.95703125,262.281,5
11775565.863720296,3.4701309204101562,2940787.4682512293,1221.1773120407638,324428.11111609073,455842.0295428616,12.4875,12.4875,12.4875,12.4875,12.4875,12.4875,12.4875,12.4875,12.4875,12.4875,12.4875,63.0,63.0,63.0,0.0,0.0,0.0,5.95703125,5.95703125,5.95703125,257.277,257.277,257.277,63.0,0.0,5.95703125,257.277,5
11775566.85814771,3.4701919555664062,2976923.1584972716,1229.8534634410046,325397.3042633639,457203.80725611886,12.4875,12.4875,12.4875,12.4875,12.4875,12.4875,12.4875,12.4875,12.4875,12.4875,12.4875,62.0,62.0,62.0,0.0,0.0,0.0,5.95703125,5.95703125,5.95703125,260.821,260.821,260.821,62.0,0.0,5.95703125,260.821,5
11775567.864697646,3.4702110290527344,2968089.2062860196,1220.0090192631478,321478.33753195964,451697.4109626268,12.4875,12.4875,12.4875,12.4875,12.4875,12.4875,12.4875,12.4875,12.4875,12.4875,12.4875,75.0,75.0,75.0,0.0,0.0,0.0,5.95703125,5.95703125,5.95703125,266.241,266.241,266.241,75.0,0.0,5.95703125,266.241,5
11775568.864530444,3.47021484375,3015230.153128575,1233.2061947943305,323638.1130059438,454732.0321982248,13.7375,13.7375,13.7375,13.7375,13.7375,13.7375,13.7375,13.7375,13.7375,13.7375,13.7375,60.0,60.0,60.0,0.0,0.0,0.0,5.95703125,5.95703125,5.95703125,262.339,262.339,262.339,60.0,0.0,5.95703125,262.339,5
11775569.863786524,3.4702301025390625,3044186.631268523,1238.9216585798163,323824.89981412864,454994.4794856744,11.2375,11.2375,11.2375,11.2375,11.2375,11.2375,11.2375,11.2375,11.2375,11.2375,11.2375,68.0,68.0,68.0,0.0,0.0,0.0,5.95703125,5.95703125,5.95703125,240.631,240.631,240.631,68.0,0.0,5.95703125,240.631,5
11775570.863820052,3.4702301025390625,3069010.1034179227,1237.9584942070846,323573.1513647054,454640.7569807886,12.475,12.475,12.475,12.475,12.475,12.475,12.475,12.475,12.475,12.475,12.475,62.0,62.0,62.0,0.0,0.0,0.0,5.95703125,5.95703125,5.95703125,256.443,256.443,256.443,62.0,0.0,5.95703125,256.443,5
11775571.878495999,3.4702491760253906,3051524.981390148,1225.0216473446137,318903.7849833946,448080.00168552913,12.4875,12.4875,12.4875,12.4875,12.4875,12.4875,12.4875,12.4875,12.4875,12.4875,12.4875,48.0,48.0,48.0,0.0,0.0,0.0,5.95703125,5.95703125,5.95703125,251.185,251.185,251.185,48.0,0.0,5.95703125,251.185,5
11775572.862203771,3.4702529907226562,3175236.6781106247,1268.6694512357303,328943.2177152745,462186.0400809553,12.4875,12.4875,12.4875,12.4875,12.4875,12.4875,12.4875,12.4875,12.4875,12.4875,12.4875,63.0,63.0,63.0,0.0,0.0,0.0,5.95703125,5.95703125,5.95703125,245.485,245.485,245.485,63.0,0.0,5.95703125,245.485,5
11775573.877334855,3.4702720642089844,3103738.0776618584,1234.3233494102767,318760.8034282322,447879.1035510605,12.4875,12.4875,12.4875,12.4875,12.4875,12.4875,12.4875,12.4875,12.4875,12.4875,12.4875,58.0,58.0,58.0,0.0,0.0,0.0,5.95703125,5.95703125,5.95703125,241.702,241.702,241.702,58.0,0.0,5.95703125,241.702,5
11775574.878927195,3.4702720642089844,3172839.760501323,1251.0079700342735,323069.56342822855,453933.18405738444,12.4875,12.4875,12.4875,12.4875,12.4875,12.4875,12.4875,12.4875,12.4875,12.4875,12.4875,50.0,50.0,50.0,0.0,0.0,0.0,5.95703125,5.95703125,5.95703125,229.916,229.916,229.916,50.0,0.0,5.95703125,229.916,5
11775575.875782361,3.470287322998047,3215199.268589475,1261.968682259445,324604.8283626711,456090.3284589429,12.4875,12.4875,12.4875,12.4875,12.4875,12.4875,12.4875,12.4875,12.4875,12.4875,12.4875,48.0,48.0,48.0,0.0,0.0,0.0,5.95703125,5.95703125,5.95703125,247.936,247.936,247.936,48.0,0.0,5.95703125,247.936,5
11775576.875784213,3.4702911376953125,3232278.015536555,1262.9976615986309,323583.40089527424,454655.1582199423,11.225,11.225,11.225,11.225,11.225,11.225,11.225,11.225,11.225,11.225,11.225,56.0,56.0,56.0,0.0,0.0,0.0,5.95703125,5.95703125,5.95703125,245.519,245.519,245.519,56.0,0.0,5.95703125,245.519,5
11775577.875858553,3.4703216552734375,3259237.708169202,1267.9057438482666,323559.9465436889,454622.20337151224,12.4875,12.4875,12.4875,12.4875,12.4875,12.4875,12.4875,12.4875,12.4875,12.4875,12.4875,49.0,49.0,49.0,0.0,0.0,0.0,5.95703125,5.95703125,5.95703125,228.254,228.254,228.254,49.0,0.0,5.95703125,228.254,5
11775578.877881132,3.4703216552734375,3280032.8733665845,1265.44054613042,322930.8467500519,453738.27834500966,11.2375,11.2375,11.2375,11.2375,11.2375,11.2375,11.2375,11.2375,11.2375,11.2375,11.2375,72.0,72.0,72.0,0.0,0.0,0.0,5.95703125,5.95703125,5.95703125,245.469,245.469,245.469,72.0,0.0,5.95703125,245.469,5
11775579.866823751,3.4703369140625,3350899.167402167,1287.2334299389677,327201.9970097179,459739.5147858062,12.4875,12.4875,12.4875,12.4875,12.4875,12.4875,12.4875,12.4875,12.4875,12.4875,12.4875,57.0,57.0,57.0,0.0,0.0,0.0,5.95703125,5.95703125,5.95703125,256.562,256.562,256.562,57.0,0.0,5.95703125,256.562,5
11775580.861507256,3.4703445434570312,3358880.474254465,1284.8307976620354,325313.5280365196,457086.0963551098,12.4875,12.4875,12.4875,12.4875,12.4875,12.4875,12.4875,12.4875,12.4875,12.4875,12.4875,63.0,63.0,63.0,0.0,0.0,0.0,5.95703125,5.95703125,5.95703125,262.486,262.486,262.486,63.0,0.0,5.95703125,262.486,5
11775581.865507048,3.4703598022460938,3354802.4877158934,1277.8887109068828,322294.88747474103,452844.7153126108,12.4875,12.4875,12.4875,12.4875,12.4875,12.4875,12.4875,12.4875,12.4875,12.4875,12.4875,75.0,75.0,75.0,0.0,0.0,0.0,5.95703125,5.95703125,5.95703125,261.566,261.566,261.566,75.0,0.0,5.95703125,261.566,5
11775582.86936224,3.470378875732422,3382413.1444081953,1283.0535807733918,322341.3120193922,452909.94473610807,12.4875,12.4875,12.4875,12.4875,12.4875,12.4875,12.4875,12.4875,12.4875,12.4875,12.4875,61.0,61.0,61.0,0.0,0.0,0.0,5.95703125,5.95703125,5.95703125,260.588,260.588,260.588,61.0,0.0,5.95703125,260.588,5
11775583.864779616,3.470378875732422,3438448.117902145,1298.9526125634693,325073.6907840198,456749.1098357747,12.4875,12.4875,12.4875,12.4875,12.4875,12.4875,12.4875,12.4875,12.4875,12.4875,12.4875,60.0,60.0,60.0,0.0,0.0,0.0,5.95703125,5.95703125,5.95703125,251.22,251.22,251.22,60.0,0.0,5.95703125,251.22,5
11775584.866578989,3.4703903198242188,3443725.453550453,1290.677589650066,323002.797501413,453839.37370451697,12.4875,12.4875,12.4875,12.4875,12.4875,12.4875,12.4875,12.4875,12.4875,12.4875,12.4875,61.0,61.0,61.0,0.0,0.0,0.0,5.95703125,5.95703125,5.95703125,260.556,260.556,260.556,61.0,0.0,5.95703125,260.556,5
11775585.877400557,3.470409393310547,3439932.5366608645,1284.1039816383961,320119.8018447448,449788.58233881864,12.475,12.475,12.475,12.475,12.475,12.475,12.475,12.475,12.475,12.475,12.475,50.0,50.0,50.0,0.0,0.0,0.0,5.95703125,5.95703125,5.95703125,249.611,249.611,249.611,50.0,0.0,5.95703125,249.611,5
11775586.875891756,3.4704208374023438,3509689.420495744,1304.9689375412565,324072.9613855334,455343.02169359755,12.4875,12.4875,12.4875,12.4875,12.4875,12.4875,12.4875,12.4875,12.4875,12.4875,12.4875,46.0,46.0,46.0,0.0,0.0,0.0,5.95703125,5.95703125,5.95703125,240.965,240.965,240.965,46.0,0.0,5.95703125,240.965,5
11775587.878515309,3.4704208374023438,3522388.828137199,1304.577372828823,322737.2818114999,453466.3073553986,12.475,12.475,12.475,12.475,12.475,12.475,12.475,12.475,12.475,12.475,12.475,77.0,77.0,77.0,0.0,0.0,0.0,5.95703125,5.95703125,5.95703125,244.421,244.421,244.421,77.0,0.0,5.95703125,244.421,5
11775588.876980796,3.4704208374023438,3564330.508887808,1310.010226762229,324081.3067405421,455354.7474455718,12.475,12.475,12.475,12.475,12.475,12.475,12.475,12.475,12.475,12.475,12.475,49.0,49.0,49.0,0.0,0.0,0.0,5.95703125,5.95703125,5.95703125,228.776,228.776,228.776,49.0,0.0,5.95703125,228.776,5
11775589.878723105,3.470439910888672,3579860.7764958325,1311.7145879213351,323021.1972739249,453865.2265494387,12.475,12.475,12.475,12.475,12.475,12.475,12.475,12.475,12.475,12.475,12.475,50.0,50.0,50.0,0.0,0.0,0.0,5.95703125,5.95703125,5.95703125,244.815,244.815,244.815,50.0,0.0,5.95703125,244.815,5
11775590.877739614,3.4704513549804688,3616891.1818783158,1320.298502407333,323902.5554230284,455103.5905310905,12.4875,12.4875,12.4875,12.4875,12.4875,12.4875,12.4875,12.4875,12.4875,12.4875,12.4875,60.0,60.0,60.0,0.0,0.0,0.0,5.95703125,5.95703125,5.95703125,249.111,249.111,249.111,60.0,0.0,5.95703125,249.111,5
11775591.879115475,3.4704513549804688,3635569.9593861843,1324.178114358425,323139.4049446129,454031.3158082535,12.475,12.475,12.475,12.475,12.475,12.475,12.475,12.475,12.475,12.475,12.475,49.0,49.0,49.0,0.0,0.0,0.0,5.95703125,5.95703125,5.95703125,235.493,235.493,235.493,49.0,0.0,5.95703125,235.493,5
11775592.879627535,3.4704513549804688,3665925.8268350377,1325.3213562405779,323418.39045079274,454423.3081017467,12.475,12.475,12.475,12.475,12.475,12.475,12.475,12.475,12.475,12.475,12.475,46.0,46.0,46.0,0.0,0.0,0.0,5.95703125,5.95703125,5.95703125,235.466,235.466,235.466,46.0,0.0,5.95703125,235.466,5
11775593.878077663,3.4704513549804688,3700786.744414999,1333.0660813115608,324086.2921526071,455361.7522650556,12.475,12.475,12.475,12.475,12.475,12.475,12.475,12.475,12.475,12.475,12.475,47.0,47.0,47.0,0.0,0.0,0.0,5.95703125,5.95703125,5.95703125,241.784,241.784,241.784,47.0,0.0,5.95703125,241.784,5
11775594.87609154,3.4704513549804688,3729694.634614655,1338.6587417480648,324227.95680374687,455560.80006602407,12.4875,12.4875,12.4875,12.4875,12.4875,12.4875,12.4875,12.4875,12.4875,12.4875,12.4875,54.0,54.0,54.0,0.0,0.0,0.0,5.95703125,5.95703125,5.95703125,247.276,247.276,247.276,54.0,0.0,5.95703125,247.276,5
11775595.87790368,3.4704513549804688,3742735.640809884,1333.5833608805196,322998.68132272613,453833.5902129443,12.4875,12.4875,12.4875,12.4875,12.4875,12.4875,12.4875,12.4875,12.4875,12.4875,12.4875,49.0,49.0,49.0,0.0,0.0,0.0,5.95703125,5.95703125,5.95703125,233.775,233.775,233.775,49.0,0.0,5.95703125,233.775,5
11775596.880201312,3.4704513549804688,3768099.292992243,1340.9190609249085,322842.2272398256,453613.7623243119,12.475,12.475,12.475,12.475,12.475,12.475,12.475,12.475,12.475,12.475,12.475,48.0,48.0,48.0,0.0,0.0,0.0,5.95703125,5.95703125,5.95703125,247.872,247.872,247.872,48.0,0.0,5.95703125,247.872,5
11775597.865513178,3.4704513549804688,3860699.4719240884,1369.1096665071664,328407.6963136063,461433.5986178519,12.4875,12.4875,12.4875,12.4875,12.4875,12.4875,12.4875,12.4875,12.4875,12.4875,12.4875,61.0,61.0,61.0,0.0,0.0,0.0,5.95703125,5.95703125,5.95703125,243.852,243.852,243.852,61.0,0.0,5.95703125,243.852,5
11775598.87845085,3.4704551696777344,3782294.9074304164,1336.7061338961425,319451.04699457117,448848.9394480684,12.4875,12.4875,12.4875,12.4875,12.4875,12.4875,12.4875,12.4875,12.4875,12.4875,12.4875,68.0,68.0,68.0,0.0,0.0,0.0,5.95703125,5.95703125,5.95703125,245.335,245.335,245.335,68.0,0.0,5.95703125,245.335,5
11775599.877992649,3.4704551696777344,3860228.7621980105,1354.6206890873837,323732.334606833,454864.41951086663,12.4875,12.4875,12.4875,12.4875,12.4875,12.4875,12.4875,12.4875,12.4875,12.4875,12.4875,47.0,47.0,47.0,0.0,0.0,0.0,5.95703125,5.95703125,5.95703125,230.426,230.426,230.426,47.0,0.0,5.95703125,230.426,5
11775600.867230428,3.4704551696777344,3927969.6747696134,1373.7849764911884,327104.36926631693,459602.3416273567,12.475,12.475,12.475,12.475,12.475,12.475,12.475,12.475,12.475,12.475,12.475,60.0,60.0,60.0,0.0,0.0,0.0,5.95703125,5.95703125,5.95703125,252.55,252.55,252.55,60.0,0.0,5.95703125,252.55,5
11775601.866421295,3.4704551696777344,3916100.6464712527,1365.1045512129494,323846.03453056526,455024.1750999082,12.4875,12.4875,12.4875,12.4875,12.4875,12.4875,12.4875,12.4875,12.4875,12.4875,12.4875,57.0,57.0,57.0,0.0,0.0,0.0,5.95703125,5.95703125,5.95703125,256.549,256.549,256.549,57.0,0.0,5.95703125,256.549,5
11775602.866421696,3.4704666137695312,3940166.4220866472,1368.9994517585596,323583.8704147858,454655.81792457245,12.475,12.475,12.475,12.475,12.475,12.475,12.475,12.475,12.475,12.475,12.475,74.0,74.0,74.0,0.0,0.0,0.0,5.95703125,5.95703125,5.95703125,263.332,263.332,263.332,74.0,0.0,5.95703125,263.332,5
11775603.869749907,3.4704666137695312,3954244.4377710335,1370.4388893836579,322510.6164235066,453147.8281393573,12.475,12.475,12.475,12.475,12.475,12.475,12.475,12.475,12.475,12.475,12.475,57.0,57.0,57.0,0.0,0.0,0.0,5.95703125,5.95703125,5.95703125,263.134,263.134,263.134,57.0,0.0,5.95703125,263.134,5
11775604.87279355,3.470470428466797,3982519.6349077085,1375.8125188653091,322602.1145684871,453276.38882407686,12.4875,12.4875,12.4875,12.4875,12.4875,12.4875,12.4875,12.4875,12.4875,12.4875,12.4875,61.0,61.0,61.0,0.0,0.0,0.0,5.95703125,5.95703125,5.95703125,249.585,249.585,249.585,61.0,0.0,5.95703125,249.585,5
11775605.867529554,3.470470428466797,4043155.1500271703,1387.3027552934293,325296.35852816596,457061.9721091952,12.4875,12.4875,12.4875,12.4875,12.4875,12.4875,12.4875,12.4875,12.4875,12.4875,12.4875,58.0,58.0,58.0,0.0,0.0,0.0,5.95703125,5.95703125,5.95703125,258.501,258.501,258.501,58.0,0.0,5.95703125,258.501,5
11775606.867819713,3.470470428466797,4047933.455125845,1384.5982461691058,323490.1363815046,454524.11567527865,12.4875,12.4875,12.4875,12.4875,12.4875,12.4875,12.4875,12.4875,12.4875,12.4875,12.4875,60.0,60.0,60.0,0.0,0.0,0.0,5.95703125,5.95703125,5.95703125,261.501,261.501,261.501,60.0,0.0,5.95703125,261.501,5
11775607.867014373,3.470470428466797,4079629.4917003764,1391.120325827144,323844.8054046407,455022.44810019137,12.4875,12.4875,12.4875,12.4875,12.4875,12.4875,12.4875,12.4875,12.4875,12.4875,12.4875,55.0,55.0,55.0,0.0,0.0,0.0,5.95703125,5.95703125,5.95703125,254.067,254.067,254.067,55.0,0.0,5.95703125,254.067,5
11775608.86406342,3.4704742431640625,4115725.3132760567,1399.1287636697955,324541.7074289083,456001.6395520104,12.4875,12.4875,12.4875,12.4875,12.4875,12.4875,12.4875,12.4875,12.4875,12.4875,12.4875,58.0,58.0,58.0,0.0,0.0,0.0,5.95703125,5.95703125,5.95703125,260.934,260.934,260.934,58.0,0.0,5.95703125,260.934,5
11775609.880734185,3.4704742431640625,4063081.3246180774,1377.0436287806835,318278.0611252634,447200.82006207894,12.4875,12.4875,12.4875,12.4875,12.4875,12.4875,12.4875,12.4875,12.4875,12.4875,12.4875,49.0,49.0,49.0,0.0,0.0,0.0,5.95703125,5.95703125,5.95703125,241.692,241.692,241.692,49.0,0.0,5.95703125,241.692,5
11775610.880822005,3.4704856872558594,4157681.872405007,1399.8770628054492,323555.5853505989,454616.075619196,12.475,12.475,12.475,12.475,12.475,12.475,12.475,12.475,12.475,12.475,12.475,46.0,46.0,46.0,0.0,0.0,0.0,5.95703125,5.95703125,5.95703125,232.378,232.378,232.378,46.0,0.0,5.95703125,232.378,5
11775611.880363204,3.4704856872558594,4187196.090445314,1405.6449115232967,323732.52886146226,454864.69245091535,12.4875,12.4875,12.4875,12.4875,12.4875,12.4875,12.4875,12.4875,12.4875,12.4875,12.4875,45.0,45.0,45.0,0.0,0.0,0.0,5.95703125,5.95703125,5.95703125,242.967,242.967,242.967,45.0,0.0,5.95703125,242.967,5
11775612.880477132,3.4704933166503906,4212011.131087242,1409.8393788456785,323547.13869815605,454604.20753791544,12.4875,12.4875,12.4875,12.4875,12.4875,12.4875,12.4875,12.4875,12.4875,12.4875,12.4875,57.0,57.0,57.0,0.0,0.0,0.0,5.95703125,5.95703125,5.95703125,246.161,246.161,246.161,57.0,0.0,5.95703125,246.161,5
11775613.881202312,3.4704933166503906,4236633.678367623,1412.9753386701386,323349.51342873985,454326.5315264573,12.4875,12.4875,12.4875,12.4875,12.4875,12.4875,12.4875,12.4875,12.4875,12.4875,12.4875,46.0,46.0,46.0,0.0,0.0,0.0,5.95703125,5.95703125,5.95703125,231.418,231.418,231.418,46.0,0.0,5.95703125,231.418,5
11775614.87890161,3.4704933166503906,4276756.542482316,1417.2606945647158,324330.18712166126,455704.4401329671,12.475,12.475,12.475,12.475,12.475,12.475,12.475,12.475,12.475,12.475,12.475,45.0,45.0,45.0,0.0,0.0,0.0,5.95703125,5.95703125,5.95703125,230.537,230.537,230.537,45.0,0.0,5.95703125,230.537,5
11775615.865987886,3.4704933166503906,4350311.7267258875,1437.5643093085457,327817.34282120963,460604.1145968895,12.4875,12.4875,12.4875,12.4875,12.4875,12.4875,12.4875,12.4875,12.4875,12.4875,12.4875,51.0,51.0,51.0,0.0,0.0,0.0,5.95703125,5.95703125,5.95703125,235.478,235.478,235.478,51.0,0.0,5.95703125,235.478,5
11775616.88171474,3.4704933166503906,4254440.038306298,1401.9517087252539,318573.8354748262,447616.40174311027,12.4875,12.4875,12.4875,12.4875,12.4875,12.4875,12.4875,12.4875,12.4875,12.4875,12.4875,53.0,53.0,53.0,0.0,0.0,0.0,5.95703125,5.95703125,5.95703125,240.338,240.338,240.338,53.0,0.0,5.95703125,240.338,5
11775617.883375892,3.4704933166503906,4341348.362015772,1421.6384429582342,323047.3693301947,453901.99994495715,12.475,12.475,12.475,12.475,12.475,12.475,12.475,12.475,12.475,12.475,12.475,49.0,49.0,49.0,0.0,0.0,0.0,5.95703125,5.95703125,5.95703125,230.557,230.557,230.557,49.0,0.0,5.95703125,230.557,5
11775618.88178767,3.470500946044922,4382736.757357807,1431.2731790348284,324098.7406331742,455379.2431681308,12.475,12.475,12.475,12.475,12.475,12.475,12.475,12.475,12.475,12.475,12.475,47.0,47.0,47.0,0.0,0.0,0.0,5.95703125,5.95703125,5.95703125,246.073,246.073,246.073,47.0,0.0,5.95703125,246.073,5
11775619.879706277,3.470500946044922,4412177.4805978825,1438.9951160820476,324258.91061441036,455604.2921291082,12.4875,12.4875,12.4875,12.4875,12.4875,12.4875,12.4875,12.4875,12.4875,12.4875,12.4875,56.0,56.0,56.0,0.0,0.0,0.0,5.95703125,5.95703125,5.95703125,243.748,243.748,243.748,56.0,0.0,5.95703125,243.748,5
11775620.871351898,3.470500946044922,4467533.467173119,1453.1400827943744,326310.11835595756,458486.3688292568,12.4875,12.4875,12.4875,12.4875,12.4875,12.4875,12.4875,12.4875,12.4875,12.4875,12.4875,58.0,58.0,58.0,0.0,0.0,0.0,5.95703125,5.95703125,5.95703125,235.846,235.846,235.846,58.0,0.0,5.95703125,235.846,5
11775621.880489048,3.470500946044922,4417057.681843177,1427.9525831969545,320654.13510145963,450539.3543830635,12.4875,12.4875,12.4875,12.4875,12.4875,12.4875,12.4875,12.4875,12.4875,12.4875,12.4875,47.0,47.0,47.0,0.0,0.0,0.0,5.95703125,5.95703125,5.95703125,246.422,246.422,246.422,47.0,0.0,5.95703125,246.422,5
11775622.884835972,3.4705162048339844,4465203.101906222,1439.7415530295252,322183.4928737938,452688.1988479888,12.475,12.475,12.475,12.475,12.475,12.475,12.475,12.475,12.475,12.475,12.475,48.0,48.0,48.0,0.0,0.0,0.0,5.95703125,5.95703125,5.95703125,245.889,245.889,245.889,48.0,0.0,5.95703125,245.889,5
11775623.880971717,3.4705162048339844,4529311.413381019,1456.6287847769838,324839.2616769645,456419.72210307675,12.4875,12.4875,12.4875,12.4875,12.4875,12.4875,12.4875,12.4875,12.4875,12.4875,12.4875,55.0,55.0,55.0,0.0,0.0,0.0,5.95703125,5.95703125,5.95703125,245.522,245.522,245.522,55.0,0.0,5.95703125,245.522,5
11775624.882143676,3.4705162048339844,4533691.69665547,1454.2956243340477,323205.2165552943,454123.7852865528,12.475,12.475,12.475,12.475,12.475,12.475,12.475,12.475,12.475,12.475,12.475,51.0,51.0,51.0,0.0,0.0,0.0,5.95703125,5.95703125,5.95703125,229.462,229.462,229.462,51.0,0.0,5.95703125,229.462,5
11775625.880426925,3.4705162048339844,4574048.505113747,1458.5038888925521,324140.4686699228,455437.8737007776,12.4875,12.4875,12.4875,12.4875,12.4875,12.4875,12.4875,12.4875,12.4875,12.4875,12.4875,49.0,49.0,49.0,0.0,0.0,0.0,5.95703125,5.95703125,5.95703125,242.424,242.424,242.424,49.0,0.0,5.95703125,242.424,5
11775626.861251494,3.470539093017578,4683196.306509974,1491.6021130397464,329910.1696143905,463544.6686987006,12.4875,12.4875,12.4875,12.4875,12.4875,12.4875,12.4875,12.4875,12.4875,12.4875,12.4875,55.0,55.0,55.0,0.0,0.0,0.0,5.95703125,5.95703125,5.95703125,241.361,241.361,241.361,55.0,0.0,5.95703125,241.361,5
11775627.881349504,3.4705429077148438,4529554.958789074,1439.0774077557974,317208.7356343678,445698.3500685421,12.4875,12.4875,12.4875,12.4875,12.4875,12.4875,12.4875,12.4875,12.4875,12.4875,12.4875,65.0,65.0,65.0,0.0,0.0,0.0,5.95703125,5.95703125,5.95703125,241.049,241.049,241.049,65.0,0.0,5.95703125,241.049,5
11775628.880181782,3.4705429077148438,4653214.661346571,1469.7162200320467,323962.2979174726,455187.5325169552,12.4875,12.4875,12.4875,12.4875,12.4875,12.4875,12.4875,12.4875,12.4875,12.4875,12.4875,48.0,48.0,48.0,0.0,0.0,0.0,5.95703125,5.95703125,5.95703125,231.353,231.353,231.353,48.0,0.0,5.95703125,231.353,5
11775629.880690482,3.4705429077148438,4672600.050381691,1472.2510665212324,323419.4766525502,454424.8342839629,12.475,12.475,12.475,12.475,12.475,12.475,12.475,12.475,12.475,12.475,12.475,45.0,45.0,45.0,0.0,0.0,0.0,5.95703125,5.95703125,5.95703125,241.226,241.226,241.226,45.0,0.0,5.95703125,241.226,5
11775630.881420152,3.4705429077148438,4698744.463612037,1476.92233297639,323348.0623774237,454324.4927075193,12.4875,12.4875,12.4875,12.4875,12.4875,12.4875,12.4875,12.4875,12.4875,12.4875,12.4875,55.0,55.0,55.0,0.0,0.0,0.0,5.95703125,5.95703125,5.95703125,245.158,245.158,245.158,55.0,0.0,5.95703125,245.158,5
11775631.881719671,3.4705429077148438,4727952.888619489,1482.5559464323258,323487.10948776646,454519.862698001,12.4875,12.4875,12.4875,12.4875,12.4875,12.4875,12.4875,12.4875,12.4875,12.4875,12.4875,48.0,48.0,48.0,0.0,0.0,0.0,5.95703125,5.95703125,5.95703125,228.728,228.728,228.728,48.0,0.0,5.95703125,228.728,5
11775632.881543553,3.4705429077148438,4757397.86666484,1483.2612300200053,323640.99922777707,454736.0875225729,12.475,12.475,12.475,12.475,12.475,12.475,12.475,12.475,12.475,12.475,12.475,49.0,49.0,49.0,0.0,0.0,0.0,5.95703125,5.95703125,5.95703125,241.93,241.93,241.93,49.0,0.0,5.95703125,241.93,5
11775633.87053674,3.4705429077148438,4836996.913904161,1505.571542367912,327185.2665987766,459716.0074995469,12.4875,12.4875,12.4875,12.4875,12.4875,12.4875,12.4875,12.4875,12.4875,12.4875,12.4875,49.0,49.0,49.0,0.0,0.0,0.0,5.95703125,5.95703125,5.95703125,240.792,240.792,240.792,49.0,0.0,5.95703125,240.792,5
11775634.88220079,3.4705429077148438,4755490.719895711,1482.7056476356515,319853.21618968976,449414.0126209565,12.4875,12.4875,12.4875,12.4875,12.4875,12.4875,12.4875,12.4875,12.4875,12.4875,12.4875,67.0,67.0,67.0,0.0,0.0,0.0,5.95703125,5.95703125,5.95703125,244.498,244.498,244.498,67.0,0.0,5.95703125,244.498,5
11775635.88254676,3.4705429077148438,4836476.726213836,1499.4812251213282,323472.08849977324,454498.75725917506,12.4875,12.4875,12.4875,12.4875,12.4875,12.4875,12.4875,12.4875,12.4875,12.4875,12.4875,46.0,46.0,46.0,0.0,0.0,0.0,5.95703125,5.95703125,5.95703125,228.574,228.574,228.574,46.0,0.0,5.95703125,228.574,5
11775636.88381287,3.4705429077148438,4859193.722890209,1503.0969129327627,323174.8248999569,454081.08308728115,11.225,11.225,11.225,11.225,11.225,11.225,11.225,11.225,11.225,11.225,11.225,44.0,44.0,44.0,0.0,0.0,0.0,5.95703125,5.95703125,5.95703125,242.426,242.426,242.426,44.0,0.0,5.95703125,242.426,5
11775637.8829877,3.4705429077148438,4896584.516739265,1513.248688066938,323851.2324599551,455031.4785196837,12.4875,12.4875,12.4875,12.4875,12.4875,12.4875,12.4875,12.4875,12.4875,12.4875,12.4875,55.0,55.0,55.0,0.0,0.0,0.0,5.95703125,5.95703125,5.95703125,244.88,244.88,244.88,55.0,0.0,5.95703125,244.88,5
11775638.880917596,3.4705467224121094,4929945.503373582,1520.1468631711682,324255.2423021617,455599.1379182272,12.475,12.475,12.475,12.475,12.475,12.475,12.475,12.475,12.475,12.475,12.475,49.0,49.0,49.0,0.0,0.0,0.0,5.95703125,5.95703125,5.95703125,227.669,227.669,227.669,49.0,0.0,5.95703125,227.669,5
11775639.882219588,3.4705467224121094,4940498.5070854835,1515.027445349183,323163.2438206131,454064.81093782344,12.4875,12.4875,12.4875,12.4875,12.4875,12.4875,12.4875,12.4875,12.4875,12.4875,12.4875,49.0,49.0,49.0,0.0,0.0,0.0,5.95703125,5.95703125,5.95703125,240.556,240.556,240.556,49.0,0.0,5.95703125,240.556,5
11775640.874546248,3.4705543518066406,5012590.309314324,1533.769131905237,326086.17002524587,458171.7072506619,12.475,12.475,12.475,12.475,12.475,12.475,12.475,12.475,12.475,12.475,12.475,48.0,48.0,48.0,0.0,0.0,0.0,5.95703125,5.95703125,5.95703125,240.697,240.697,240.697,48.0,0.0,5.95703125,240.697,5
11775641.883843176,3.4705543518066406,4955256.340556955,1514.9159362192188,320603.37364654004,450468.03132615116,13.7375,13.7375,13.7375,13.7375,13.7375,13.7375,13.7375,13.7375,13.7375,13.7375,13.7375,73.0,73.0,73.0,0.0,0.0,0.0,5.95703125,5.95703125,5.95703125,244.795,244.795,244.795,73.0,0.0,5.95703125,244.795,5
11775642.882920116,3.4705581665039062,5033159.907984377,1530.4126625297476,323882.9633695395,455076.0624559352,12.475,12.475,12.475,12.475,12.475,12.475,12.475,12.475,12.475,12.475,12.475,48.0,48.0,48.0,0.0,0.0,0.0,5.95703125,5.95703125,5.95703125,230.924,230.924,230.924,48.0,0.0,5.95703125,230.924,5
11775643.882015575,3.4705581665039062,5060289.241431926,1535.3888228515737,323876.9601392462,455067.6275374218,12.475,12.475,12.475,12.475,12.475,12.475,12.475,12.475,12.475,12.475,12.475,46.0,46.0,46.0,0.0,0.0,0.0,5.95703125,5.95703125,5.95703125,245.982,245.982,245.982,46.0,0.0,5.95703125,245.982,5
11775644.884740626,3.4705581665039062,5069024.6456909655,1534.8175428212342,322704.61323993903,453420.4059447245,12.475,12.475,12.475,12.475,12.475,12.475,12.475,12.475,12.475,12.475,12.475,57.0,57.0,57.0,0.0,0.0,0.0,5.95703125,5.95703125,5.95703125,247.081,247.081,247.081,57.0,0.0,5.95703125,247.081,5
11775645.883171273,3.4705581665039062,5117989.933080811,1548.430033386367,324092.6157330493,455370.63729580346,12.475,12.475,12.475,12.475,12.475,12.475,12.475,12.475,12.475,12.475,12.475,50.0,50.0,50.0,0.0,0.0,0.0,5.95703125,5.95703125,5.95703125,241.547,241.547,241.547,50.0,0.0,5.95703125,241.547,5
11775646.883478465,3.4705581665039062,5135507.417502274,1545.5252283072045,323484.62838069757,454516.3765855371,12.475,12.475,12.475,12.475,12.475,12.475,12.475,12.475,12.475,12.475,12.475,50.0,50.0,50.0,0.0,0.0,0.0,5.95703125,5.95703125,5.95703125,237.637,237.637,237.637,50.0,0.0,5.95703125,237.637,5
11775647.883324184,3.4705581665039062,5165017.8643022375,1551.2393268089747,323633.9305777919,454726.15562196076,12.475,12.475,12.475,12.475,12.475,12.475,12.475,12.475,12.475,12.475,12.475,55.0,55.0,55.0,0.0,0.0,0.0,5.95703125,5.95703125,5.95703125,243.41,243.41,243.41,55.0,0.0,5.95703125,243.41,5
11775648.8726021,3.4705810546875,5247622.448540858,1572.8643840000937,327091.09822126373,459583.69496911735,12.4875,12.4875,12.4875,12.4875,12.4875,12.4875,12.4875,12.4875,12.4875,12.4875,12.4875,58.0,58.0,58.0,0.0,0.0,0.0,5.95703125,5.95703125,5.95703125,259.195,259.195,259.195,58.0,0.0,5.95703125,259.195,5
11775649.87159182,3.4705810546875,5223770.471367205,1562.5786421107025,323911.24108183826,455115.7944314436,12.4875,12.4875,12.4875,12.4875,12.4875,12.4875,12.4875,12.4875,12.4875,12.4875,12.4875,59.0,59.0,59.0,0.0,0.0,0.0,5.95703125,5.95703125,5.95703125,265.031,265.031,265.031,59.0,0.0,5.95703125,265.031,5
11775650.883683313,3.4705810546875,5182959.282898536,1547.2909420431959,319718.1303895948,449224.20852208894,12.475,12.475,12.475,12.475,12.475,12.475,12.475,12.475,12.475,12.475,12.475,49.0,49.0,49.0,0.0,0.0,0.0,5.95703125,5.95703125,5.95703125,233.317,233.317,233.317,49.0,0.0,5.95703125,233.317,5
11775651.88372454,3.4705810546875,5272542.624731854,1565.9354399460783,323570.6598975171,454637.2563117012,12.4875,12.4875,12.4875,12.4875,12.4875,12.4875,12.4875,12.4875,12.4875,12.4875,12.4875,48.0,48.0,48.0,0.0,0.0,0.0,5.95703125,5.95703125,5.95703125,241.472,241.472,241.472,48.0,0.0,5.95703125,241.472,5
11775652.878514536,3.4705810546875,5327653.097930127,1579.2277842524134,325278.70358977275,457037.16580335156,12.4875,12.4875,12.4875,12.4875,12.4875,12.4875,12.4875,12.4875,12.4875,12.4875,12.4875,47.0,47.0,47.0,0.0,0.0,0.0,5.95703125,5.95703125,5.95703125,238.488,238.488,238.488,47.0,0.0,5.95703125,238.488,5
11775653.88386006,3.4705810546875,5298720.56545308,1570.60429803961,321863.4712962946,452238.54827707214,12.4875,12.4875,12.4875,12.4875,12.4875,12.4875,12.4875,12.4875,12.4875,12.4875,12.4875,71.0,71.0,71.0,0.0,0.0,0.0,5.95703125,5.95703125,5.95703125,244.577,244.577,244.577,71.0,0.0,5.95703125,244.577,5
11775654.88458837,3.4705810546875,5350301.316606013,1577.8508338542756,323348.50172381377,454325.1100170042,12.4875,12.4875,12.4875,12.4875,12.4875,12.4875,12.4875,12.4875,12.4875,12.4875,12.4875,47.0,47.0,47.0,0.0,0.0,0.0,5.95703125,5.95703125,5.95703125,232.265,232.265,232.265,47.0,0.0,5.95703125,232.265,5
11775655.882598229,3.4705810546875,5392087.015316076,1589.1626583134987,324229.26206035004,455562.6340341627,12.475,12.475,12.475,12.475,12.475,12.475,12.475,12.475,12.475,12.475,12.475,47.0,47.0,47.0,0.0,0.0,0.0,5.95703125,5.95703125,5.95703125,245.458,245.458,245.458,47.0,0.0,5.95703125,245.458,5
11775656.882745696,3.4705886840820312,5407717.537527003,1593.7649714973597,323536.2889190726,454588.9629116083,12.4875,12.4875,12.4875,12.4875,12.4875,12.4875,12.4875,12.4875,12.4875,12.4875,12.4875,54.0,54.0,54.0,0.0,0.0,0.0,5.95703125,5.95703125,5.95703125,240.888,240.888,240.888,54.0,0.0,5.95703125,240.888,5
11775657.884997468,3.4705886840820312,5423458.606627501,1595.4075057150023,322856.99958053994,453634.51839797385,12.4875,12.4875,12.4875,12.4875,12.4875,12.4875,12.4875,12.4875,12.4875,12.4875,12.4875,50.0,50.0,50.0,0.0,0.0,0.0,5.95703125,5.95703125,5.95703125,234.025,234.025,234.025,50.0,0.0,5.95703125,234.025,5
11775658.886105347,3.4705886840820312,5456812.512103556,1597.230461940176,323225.90481328947,454152.8535984194,12.475,12.475,12.475,12.475,12.475,12.475,12.475,12.475,12.475,12.475,12.475,49.0,49.0,49.0,0.0,0.0,0.0,5.95703125,5.95703125,5.95703125,242.255,242.255,242.255,49.0,0.0,5.95703125,242.255,5
11775659.886284787,3.4705963134765625,5489069.042641588,1603.7122302252594,323525.94657432067,454574.4312626531,12.4875,12.4875,12.4875,12.4875,12.4875,12.4875,12.4875,12.4875,12.4875,12.4875,12.4875,47.0,47.0,47.0,0.0,0.0,0.0,5.95703125,5.95703125,5.95703125,237.395,237.395,237.395,47.0,0.0,5.95703125,237.395,5
11775661.036480848,3.470600128173828,4796790.903124748,1398.8919412982407,281329.42817467364,395285.65224542754,12.4875,12.4875,12.4875,12.4875,12.4875,12.4875,12.4875,12.4875,12.4875,12.4875,12.4875,62.0,62.0,62.0,0.0,0.0,0.0,5.95703125,5.95703125,5.95703125,213.695,213.695,213.695,62.0,0.0,5.95703125,213.695,5
11775662.036731878,3.470600128173828,5543049.525232291,1608.5961932138434,323502.7909166615,454541.896098094,12.475,12.475,12.475,12.475,12.475,12.475,12.475,12.475,12.475,12.475,12.475,66.0,66.0,66.0,0.0,0.0,0.0,5.95703125,5.95703125,5.95703125,228.9,228.9,228.9,66.0,0.0,5.95703125,228.9,5
11775663.037233507,3.470600128173828,5568843.506794663,1613.1907767800715,323421.7622760859,454428.0457296903,11.2375,11.2375,11.2375,11.2375,11.2375,11.2375,11.2375,11.2375,11.2375,11.2375,11.2375,64.0,64.0,64.0,0.0,0.0,0.0,5.95703125,5.95703125,5.95703125,241.201,241.201,241.201,64.0,0.0,5.95703125,241.201,5
11775664.036577895,3.470600128173828,5602507.070736697,1621.062788179369,323796.28472236596,454954.27347066614,12.475,12.475,12.475,12.475,12.475,12.475,12.475,12.475,12.475,12.475,12.475,49.0,49.0,49.0,0.0,0.0,0.0,5.95703125,5.95703125,5.95703125,244.689,244.689,244.689,49.0,0.0,5.95703125,244.689,5
11775665.036870727,3.470600128173828,5624378.001961815,1619.5257509837124,323489.27197920595,454522.90113534,12.4875,12.4875,12.4875,12.4875,12.4875,12.4875,12.4875,12.4875,12.4875,12.4875,12.4875,67.0,67.0,67.0,0.0,0.0,0.0,5.95703125,5.95703125,5.95703125,230.552,230.552,230.552,67.0,0.0,5.95703125,230.552,5
11775666.03944124,3.470600128173828,5638725.58948622,1619.8361919977679,322754.3561277129,453490.29785033077,12.4875,12.4875,12.4875,12.4875,12.4875,12.4875,12.4875,12.4875,12.4875,12.4875,12.4875,63.0,63.0,63.0,0.0,0.0,0.0,5.95703125,5.95703125,5.95703125,245.338,245.338,245.338,63.0,0.0,5.95703125,245.338,5
11775667.038704216,3.470600128173828,5684607.684383949,1632.202970490943,323822.66462497937,454991.338903452,12.475,12.475,12.475,12.475,12.475,12.475,12.475,12.475,12.475,12.475,12.475,53.0,53.0,53.0,0.0,0.0,0.0,5.95703125,5.95703125,5.95703125,242.697,242.697,242.697,53.0,0.0,5.95703125,242.697,5
11775668.037697896,3.470600128173828,5713363.472609098,1637.6479981281996,323909.9571065497,455113.9903648989,12.475,12.475,12.475,12.475,12.475,12.475,12.475,12.475,12.475,12.475,12.475,64.0,64.0,64.0,0.0,0.0,0.0,5.95703125,5.95703125,5.95703125,240.971,240.971,240.971,64.0,0.0,5.95703125,240.971,5
11775669.037844555,3.470600128173828,5733964.062042175,1635.7601009103182,323536.5504235724,454589.3303419815,12.475,12.475,12.475,12.475,12.475,12.475,12.475,12.475,12.475,12.475,12.475,66.0,66.0,66.0,0.0,0.0,0.0,5.95703125,5.95703125,5.95703125,231.442,231.442,231.442,66.0,0.0,5.95703125,231.442,5
11775670.039352717,3.470600128173828,5753324.0585859185,1638.5288340178165,323096.7179931878,453971.33793979546,12.4875,12.4875,12.4875,12.4875,12.4875,12.4875,12.4875,12.4875,12.4875,12.4875,12.4875,62.0,62.0,62.0,0.0,0.0,0.0,5.95703125,5.95703125,5.95703125,244.485,244.485,244.485,62.0,0.0,5.95703125,244.485,5
11775671.039045865,3.4706077575683594,5790973.972882994,1646.5052336905117,323683.3229274062,454795.5549992669,12.4875,12.4875,12.4875,12.4875,12.4875,12.4875,12.4875,12.4875,12.4875,12.4875,12.4875,71.0,71.0,71.0,0.0,0.0,0.0,5.95703125,5.95703125,5.95703125,246.799,246.799,246.799,71.0,0.0,5.95703125,246.799,5
11775672.039325384,3.4706077575683594,5814789.651700497,1650.5386419224762,323493.57717010455,454528.9502010329,12.4875,12.4875,12.4875,12.4875,12.4875,12.4875,12.4875,12.4875,12.4875,12.4875,12.4875,65.0,65.0,65.0,0.0,0.0,0.0,5.95703125,5.95703125,5.95703125,234.522,234.522,234.522,65.0,0.0,5.95703125,234.522,5
11775673.040812455,3.4706077575683594,5834949.018310585,1648.5484918492004,323103.52222079446,453980.89831023023,12.4875,12.4875,12.4875,12.4875,12.4875,12.4875,12.4875,12.4875,12.4875,12.4875,12.4875,63.0,63.0,63.0,0.0,0.0,0.0,5.95703125,5.95703125,5.95703125,242.474,242.474,242.474,63.0,0.0,5.95703125,242.474,5
11775674.021732597,3.4706077575683594,5985035.632611712,1688.2108235249725,329878.0260383482,463499.50493995764,12.4875,12.4875,12.4875,12.4875,12.4875,12.4875,12.4875,12.4875,12.4875,12.4875,12.4875,45.0,45.0,45.0,0.0,0.0,0.0,5.95703125,5.95703125,5.95703125,237.493,237.493,237.493,45.0,0.0,5.95703125,237.493,5
11775675.039571824,3.4706077575683594,5794685.294383227,1631.8883730832317,317912.6835134042,446687.4413922515,12.4875,12.4875,12.4875,12.4875,12.4875,12.4875,12.4875,12.4875,12.4875,12.4875,12.4875,49.0,49.0,49.0,0.0,0.0,0.0,5.95703125,5.95703125,5.95703125,239.728,239.728,239.728,49.0,0.0,5.95703125,239.728,5
11775676.03800766,3.4706077575683594,5934551.610291519,1663.6021461125586,324090.93127494655,455368.27052555775,12.4875,12.4875,12.4875,12.4875,12.4875,12.4875,12.4875,12.4875,12.4875,12.4875,12.4875,65.0,65.0,65.0,0.0,0.0,0.0,5.95703125,5.95703125,5.95703125,231.708,231.708,231.708,65.0,0.0,5.95703125,231.708,5
11775677.03841031,3.4706192016601562,5950107.190145804,1665.3294553203768,323453.761386788,454473.0065054869,12.475,12.475,12.475,12.475,12.475,12.475,12.475,12.475,12.475,12.475,12.475,64.0,64.0,64.0,0.0,0.0,0.0,5.95703125,5.95703125,5.95703125,243.439,243.439,243.439,64.0,0.0,5.95703125,243.439,5
11775678.040697321,3.4706192016601562,5966077.511562858,1670.1802783400672,322845.6482594936,453618.5690734657,11.2375,11.2375,11.2375,11.2375,11.2375,11.2375,11.2375,11.2375,11.2375,11.2375,11.2375,47.0,47.0,47.0,0.0,0.0,0.0,5.95703125,5.95703125,5.95703125,243.0,243.0,243.0,47.0,0.0,5.95703125,243.0,5
11775679.038310908,3.4706192016601562,6021307.329186015,1683.0163730178867,324358.05243991653,455743.59266874345,12.4875,12.4875,12.4875,12.4875,12.4875,12.4875,12.4875,12.4875,12.4875,12.4875,12.4875,64.0,64.0,64.0,0.0,0.0,0.0,5.95703125,5.95703125,5.95703125,240.331,240.331,240.331,64.0,0.0,5.95703125,240.331,5
11775680.038020488,3.4706192016601562,6035901.946078085,1679.4877566770567,323678.0025351928,454788.0795114735,12.4875,12.4875,12.4875,12.4875,12.4875,12.4875,12.4875,12.4875,12.4875,12.4875,12.4875,46.0,46.0,46.0,0.0,0.0,0.0,5.95703125,5.95703125,5.95703125,241.285,241.285,241.285,46.0,0.0,5.95703125,241.285,5
11775681.038327249,3.4706192016601562,6059508.179864015,1685.48295974336,323484.7675240779,454516.572090793,12.475,12.475,12.475,12.475,12.475,12.475,12.475,12.475,12.475,12.475,12.475,48.0,48.0,48.0,0.0,0.0,0.0,5.95703125,5.95703125,5.95703125,238.363,238.363,238.363,48.0,0.0,5.95703125,238.363,5
11775682.029152287,3.4706192016601562,6144962.797682052,1706.6585264388034,326580.36228218436,458866.07864965143,12.475,12.475,12.475,12.475,12.475,12.475,12.475,12.475,12.475,12.475,12.475,57.0,57.0,57.0,0.0,0.0,0.0,5.95703125,5.95703125,5.95703125,253.536,253.536,253.536,57.0,0.0,5.95703125,253.536,5
11775683.04289244,3.4706192016601562,6032906.940902634,1668.0803226178673,319198.1686067297,448493.62930818985,12.4875,12.4875,12.4875,12.4875,12.4875,12.4875,12.4875,12.4875,12.4875,12.4875,12.4875,64.0,64.0,64.0,0.0,0.0,0.0,5.95703125,5.95703125,5.95703125,230.944,230.944,230.944,64.0,0.0,5.95703125,230.944,5
11775684.039109746,3.4706192016601562,6166361.454137416,1702.4398076483772,324812.6666969885,456382.35447298386,12.4875,12.4875,12.4875,12.4875,12.4875,12.4875,12.4875,12.4875,12.4875,12.4875,12.4875,64.0,64.0,64.0,0.0,0.0,0.0,5.95703125,5.95703125,5.95703125,243.045,243.045,243.045,64.0,0.0,5.95703125,243.045,5
11775685.026270244,3.470630645751953,6250527.660672914,1725.1500672621626,327792.69487079245,460569.4826665565,12.4875,12.4875,12.4875,12.4875,12.4875,12.4875,12.4875,12.4875,12.4875,12.4875,12.4875,54.0,54.0,54.0,0.0,0.0,0.0,5.95703125,5.95703125,5.95703125,240.531,240.531,240.531,54.0,0.0,5.95703125,240.531,5
11775686.040720375,3.470630645751953,6109230.814517588,1683.6707373116044,318974.77275306685,448179.74399481545,12.475,12.475,12.475,12.475,12.475,12.475,12.475,12.475,12.475,12.475,12.475,49.0,49.0,49.0,0.0,0.0,0.0,5.95703125,5.95703125,5.95703125,241.625,241.625,241.625,49.0,0.0,5.95703125,241.625,5
11775687.041060125,3.47064208984375,6222626.861276182,1707.4199037453477,323474.09960979776,454501.58299604495,12.4875,12.4875,12.4875,12.4875,12.4875,12.4875,12.4875,12.4875,12.4875,12.4875,12.4875,62.0,62.0,62.0,0.0,0.0,0.0,5.95703125,5.95703125,5.95703125,230.768,230.768,230.768,62.0,0.0,5.95703125,230.768,5
11775688.039713765,3.47064208984375,6260408.7695355965,1718.3134700563794,324020.24819039827,455268.9563181546,12.475,12.475,12.475,12.475,12.475,12.475,12.475,12.475,12.475,12.475,12.475,63.0,63.0,63.0,0.0,0.0,0.0,5.95703125,5.95703125,5.95703125,241.538,241.538,241.538,63.0,0.0,5.95703125,241.538,5
11775689.040150804,3.4706497192382812,6276472.931011202,1720.2481829372136,323442.6426656335,454457.3839985484,12.4875,12.4875,12.4875,12.4875,12.4875,12.4875,12.4875,12.4875,12.4875,12.4875,12.4875,64.0,64.0,64.0,0.0,0.0,0.0,5.95703125,5.95703125,5.95703125,241.644,241.644,241.644,64.0,0.0,5.95703125,241.644,5
11775690.040511593,3.4706497192382812,6304177.52349834,1725.3775031599596,323467.2966294973,454492.0243781545,12.4875,12.4875,12.4875,12.4875,12.4875,12.4875,12.4875,12.4875,12.4875,12.4875,12.4875,64.0,64.0,64.0,0.0,0.0,0.0,5.95703125,5.95703125,5.95703125,236.328,236.328,236.328,64.0,0.0,5.95703125,236.328,5
11775691.041640945,3.4706497192382812,6326538.114334578,1724.052938131176,323218.9721507755,454143.1127688111,12.475,12.475,12.475,12.475,12.475,12.475,12.475,12.475,12.475,12.475,12.475,47.0,47.0,47.0,0.0,0.0,0.0,5.95703125,5.95703125,5.95703125,238.149,238.149,238.149,47.0,0.0,5.95703125,238.149,5
11775692.040617352,3.4706497192382812,6367436.659946898,1732.7736539905761,323915.5575117773,455121.8592886998,12.4875,12.4875,12.4875,12.4875,12.4875,12.4875,12.4875,12.4875,12.4875,12.4875,12.4875,59.0,59.0,59.0,0.0,0.0,0.0,5.95703125,5.95703125,5.95703125,245.455,245.455,245.455,59.0,0.0,5.95703125,245.455,5
11775693.0286758,3.4706497192382812,6465361.4510145765,1756.981081229448,327494.7961915609,460150.9161678894,12.475,12.475,12.475,12.475,12.475,12.475,12.475,12.475,12.475,12.475,12.475,69.0,69.0,69.0,0.0,0.0,0.0,5.95703125,5.95703125,5.95703125,259.078,259.078,259.078,69.0,0.0,5.95703125,259.078,5
11775694.042590523,3.4706497192382812,6327347.709617004,1717.1069327564296,319143.2106427665,448416.4098904694,13.725,13.725,13.725,13.725,13.725,13.725,13.725,13.725,13.725,13.725,13.725,49.0,49.0,49.0,0.0,0.0,0.0,5.95703125,5.95703125,5.95703125,230.23,230.23,230.23,49.0,0.0,5.95703125,230.23,5
11775695.043020552,3.4706497192382812,6439852.677329721,1740.2516415259258,323444.90934608,454460.56882803637,12.4875,12.4875,12.4875,12.4875,12.4875,12.4875,12.4875,12.4875,12.4875,12.4875,12.4875,61.0,61.0,61.0,0.0,0.0,0.0,5.95703125,5.95703125,5.95703125,238.068,238.068,238.068,61.0,0.0,5.95703125,238.068,5
11775696.014331324,3.4706497192382812,6660955.6760772625,1797.5709220250121,333141.5745890845,468084.9972074478,12.4875,12.4875,12.4875,12.4875,12.4875,12.4875,12.4875,12.4875,12.4875,12.4875,12.4875,51.0,51.0,51.0,0.0,0.0,0.0,5.95703125,5.95703125,5.95703125,241.158,241.158,241.158,51.0,0.0,5.95703125,241.158,5
11775697.04147492,3.4706497192382812,6325399.902160657,1704.7275641514975,315032.87499622966,442641.1281592594,12.4875,12.4875,12.4875,12.4875,12.4875,12.4875,12.4875,12.4875,12.4875,12.4875,12.4875,48.0,48.0,48.0,0.0,0.0,0.0,5.95703125,5.95703125,5.95703125,240.776,240.776,240.776,48.0,0.0,5.95703125,240.776,5
11775698.040784728,3.4706497192382812,6528831.146923649,1752.2093608554617,323807.4893335544,454970.0166585384,12.475,12.475,12.475,12.475,12.475,12.475,12.475,12.475,12.475,12.475,12.475,62.0,62.0,62.0,0.0,0.0,0.0,5.95703125,5.95703125,5.95703125,227.182,227.182,227.182,62.0,0.0,5.95703125,227.182,5
11775699.040808499,3.4706497192382812,6551407.2659908375,1757.9582114392997,323576.30824253376,454645.19259393984,12.4875,12.4875,12.4875,12.4875,12.4875,12.4875,12.4875,12.4875,12.4875,12.4875,12.4875,47.0,47.0,47.0,0.0,0.0,0.0,5.95703125,5.95703125,5.95703125,244.307,244.307,244.307,47.0,0.0,5.95703125,244.307,5
11775700.042089768,3.4706497192382812,6570384.570623624,1760.7440134640678,323169.93241789954,454074.2088403399,12.475,12.475,12.475,12.475,12.475,12.475,12.475,12.475,12.475,12.475,12.475,66.0,66.0,66.0,0.0,0.0,0.0,5.95703125,5.95703125,5.95703125,241.388,241.388,241.388,66.0,0.0,5.95703125,241.388,5
11775701.041351097,3.4706497192382812,6610922.296911062,1769.3069358111202,323823.1988221185,454992.08948424243,12.4875,12.4875,12.4875,12.4875,12.4875,12.4875,12.4875,12.4875,12.4875,12.4875,12.4875,49.0,49.0,49.0,0.0,0.0,0.0,5.95703125,5.95703125,5.95703125,228.192,228.192,228.192,49.0,0.0,5.95703125,228.192,5
11775702.043181228,3.4706497192382812,6621152.424913005,1764.7702396022162,322992.88077570335,453825.4400772541,12.4875,12.4875,12.4875,12.4875,12.4875,12.4875,12.4875,12.4875,12.4875,12.4875,12.4875,47.0,47.0,47.0,0.0,0.0,0.0,5.95703125,5.95703125,5.95703125,239.183,239.183,239.183,47.0,0.0,5.95703125,239.183,5
11775703.010577856,3.4706649780273438,6884975.413860581,1832.7539589020182,334489.4850746479,469978.8967504546,12.4875,12.4875,12.4875,12.4875,12.4875,12.4875,12.4875,12.4875,12.4875,12.4875,12.4875,52.0,52.0,52.0,0.0,0.0,0.0,5.95703125,5.95703125,5.95703125,246.36,246.36,246.36,52.0,0.0,5.95703125,246.36,5
11775704.040839324,3.4706649780273438,6491304.592861349,1726.7461270854149,314079.49341585545,441301.5666982273,12.4875,12.4875,12.4875,12.4875,12.4875,12.4875,12.4875,12.4875,12.4875,12.4875,12.4875,49.0,49.0,49.0,0.0,0.0,0.0,5.95703125,5.95703125,5.95703125,246.654,246.654,246.654,49.0,0.0,5.95703125,246.654,5
11775705.042653546,3.4706649780273438,6702811.6119578155,1775.7783439265202,322998.009916312,453832.6468444384,12.475,12.475,12.475,12.475,12.475,12.475,12.475,12.475,12.475,12.475,12.475,49.0,49.0,49.0,0.0,0.0,0.0,5.95703125,5.95703125,5.95703125,229.967,229.967,229.967,49.0,0.0,5.95703125,229.967,5
11775706.042411536,3.4706649780273438,6743840.07511097,1784.431849921861,323662.3294423293,454766.0578240323,12.475,12.475,12.475,12.475,12.475,12.475,12.475,12.475,12.475,12.475,12.475,48.0,48.0,48.0,0.0,0.0,0.0,5.95703125,5.95703125,5.95703125,244.43,244.43,244.43,48.0,0.0,5.95703125,244.43,5
11775707.043132056,3.4706802368164062,6764569.994919139,1787.7119185726833,323351.0192618352,454328.6473172621,12.475,12.475,12.475,12.475,12.475,12.475,12.475,12.475,12.475,12.475,12.475,49.0,49.0,49.0,0.0,0.0,0.0,5.95703125,5.95703125,5.95703125,241.775,241.775,241.775,49.0,0.0,5.95703125,241.775,5
11775708.041867483,3.470684051513672,6805285.774819766,1796.2715149200287,323993.7134246837,455231.67329291,12.4875,12.4875,12.4875,12.4875,12.4875,12.4875,12.4875,12.4875,12.4875,12.4875,12.4875,47.0,47.0,47.0,0.0,0.0,0.0,5.95703125,5.95703125,5.95703125,230.776,230.776,230.776,47.0,0.0,5.95703125,230.776,5
11775709.043511463,3.470684051513672,6812711.03983655,1791.055540652094,323052.9075063362,453909.78143295343,12.4875,12.4875,12.4875,12.4875,12.4875,12.4875,12.4875,12.4875,12.4875,12.4875,12.4875,49.0,49.0,49.0,0.0,0.0,0.0,5.95703125,5.95703125,5.95703125,246.222,246.222,246.222,49.0,0.0,5.95703125,246.222,5
11775710.033021824,3.470684051513672,6923766.813667143,1819.0815081405965,327014.2615167593,459475.7345362061,12.4875,12.4875,12.4875,12.4875,12.4875,12.4875,12.4875,12.4875,12.4875,12.4875,12.4875,61.0,61.0,61.0,0.0,0.0,0.0,5.95703125,5.95703125,5.95703125,257.806,257.806,257.806,61.0,0.0,5.95703125,257.806,5
11775711.027588207,3.470684051513672,6915914.431329255,1814.8612612918744,325351.8373262437,457139.92333181074,12.475,12.475,12.475,12.475,12.475,12.475,12.475,12.475,12.475,12.475,12.475,62.0,62.0,62.0,0.0,0.0,0.0,5.95703125,5.95703125,5.95703125,257.981,257.981,257.981,62.0,0.0,5.95703125,257.981,5
11775712.0307659,3.4706954956054688,6883657.847859894,1804.2665944675093,322559.00646639476,453215.8192122762,12.4875,12.4875,12.4875,12.4875,12.4875,12.4875,12.4875,12.4875,12.4875,12.4875,12.4875,76.0,76.0,76.0,0.0,0.0,0.0,5.95703125,5.95703125,5.95703125,262.127,262.127,262.127,76.0,0.0,5.95703125,262.127,5
11775713.03047444,3.4706954956054688,6934749.209806396,1815.529156170357,323678.33965301863,454788.5531833553,12.475,12.475,12.475,12.475,12.475,12.475,12.475,12.475,12.475,12.475,12.475,66.0,66.0,66.0,0.0,0.0,0.0,5.95703125,5.95703125,5.95703125,260.967,260.967,260.967,66.0,0.0,5.95703125,260.967,5
11775714.045156112,3.4706954956054688,6859224.116697731,1788.7383293430698,318901.9854336903,448077.47320429905,12.4875,12.4875,12.4875,12.4875,12.4875,12.4875,12.4875,12.4875,12.4875,12.4875,12.4875,46.0,46.0,46.0,0.0,0.0,0.0,5.95703125,5.95703125,5.95703125,232.111,232.111,232.111,46.0,0.0,5.95703125,232.111,5
11775715.03295436,3.4706993103027344,7073433.282332819,1842.481503314415,327581.0630596108,460272.12657742784,12.4875,12.4875,12.4875,12.4875,12.4875,12.4875,12.4875,12.4875,12.4875,12.4875,12.4875,61.0,61.0,61.0,0.0,0.0,0.0,5.95703125,5.95703125,5.95703125,258.576,258.576,258.576,61.0,0.0,5.95703125,258.576,5
11775716.030586308,3.4706993103027344,7030970.701128213,1829.3319523812766,324352.08245443454,455735.20446129405,12.4875,12.4875,12.4875,12.4875,12.4875,12.4875,12.4875,12.4875,12.4875,12.4875,12.4875,63.0,63.0,63.0,0.0,0.0,0.0,5.95703125,5.95703125,5.95703125,259.557,259.557,259.557,63.0,0.0,5.95703125,259.557,5
11775717.030687686,3.4707107543945312,7040803.216131142,1829.814496722793,323551.19896587334,454609.91247103724,12.4875,12.4875,12.4875,12.4875,12.4875,12.4875,12.4875,12.4875,12.4875,12.4875,12.4875,60.0,60.0,60.0,0.0,0.0,0.0,5.95703125,5.95703125,5.95703125,261.884,261.884,261.884,60.0,0.0,5.95703125,261.884,5
11775718.031042716,3.4707107543945312,7066207.2881103335,1837.3476874084054,323469.15891314554,454494.64100454625,11.225,11.225,11.225,11.225,11.225,11.225,11.225,11.225,11.225,11.225,11.225,64.0,64.0,64.0,0.0,0.0,0.0,5.95703125,5.95703125,5.95703125,259.126,259.126,259.126,64.0,0.0,5.95703125,259.126,5
11775719.042798975,3.4707107543945312,7013454.9998876145,1816.6430718149822,319824.065152437,449373.053568614,12.475,12.475,12.475,12.475,12.475,12.475,12.475,12.475,12.475,12.475,12.475,49.0,49.0,49.0,0.0,0.0,0.0,5.95703125,5.95703125,5.95703125,227.746,227.746,227.746,49.0,0.0,5.95703125,227.746,5
11775720.034537477,3.4707107543945312,7182440.720102505,1858.3527778762873,326279.5579361479,458443.42950522044,12.4875,12.4875,12.4875,12.4875,12.4875,12.4875,12.4875,12.4875,12.4875,12.4875,12.4875,61.0,61.0,61.0,0.0,0.0,0.0,5.95703125,5.95703125,5.95703125,259.888,259.888,259.888,61.0,0.0,5.95703125,259.888,5
11775721.032082316,3.4707107543945312,7167897.348361182,1852.5483059899263,324380.40640987246,455775.0014113398,12.4875,12.4875,12.4875,12.4875,12.4875,12.4875,12.4875,12.4875,12.4875,12.4875,12.4875,55.0,55.0,55.0,0.0,0.0,0.0,5.95703125,5.95703125,5.95703125,250.218,250.218,250.218,55.0,0.0,5.95703125,250.218,5
11775722.042807296,3.4707107543945312,7101333.339235662,1833.3374913676262,320150.39331176574,449831.5652861519,12.475,12.475,12.475,12.475,12.475,12.475,12.475,12.475,12.475,12.475,12.475,51.0,51.0,51.0,0.0,0.0,0.0,5.95703125,5.95703125,5.95703125,248.105,248.105,248.105,51.0,0.0,5.95703125,248.105,5
11775723.043194424,3.4707183837890625,7201902.938532184,1857.2809937015754,323458.7799063136,454480.0578430482,12.475,12.475,12.475,12.475,12.475,12.475,12.475,12.475,12.475,12.475,12.475,50.0,50.0,50.0,0.0,0.0,0.0,5.95703125,5.95703125,5.95703125,229.154,229.154,229.154,50.0,0.0,5.95703125,229.154,5
11775724.044345217,3.4707183837890625,7223569.171030361,1855.8642853650558,323212.05000837793,454133.3867206323,12.4875,12.4875,12.4875,12.4875,12.4875,12.4875,12.4875,12.4875,12.4875,12.4875,12.4875,48.0,48.0,48.0,0.0,0.0,0.0,5.95703125,5.95703125,5.95703125,239.584,239.584,239.584,48.0,0.0,5.95703125,239.584,5
11775725.042387951,3.4707183837890625,7273313.8073507445,1866.6535368671389,324218.5818967344,455547.62772832304,12.4875,12.4875,12.4875,12.4875,12.4875,12.4875,12.4875,12.4875,12.4875,12.4875,12.4875,48.0,48.0,48.0,0.0,0.0,0.0,5.95703125,5.95703125,5.95703125,239.494,239.494,239.494,48.0,0.0,5.95703125,239.494,5
11775726.045515863,3.4707183837890625,7263554.241094982,1862.1752794865286,322575.01372450154,453238.3104230338,12.4875,12.4875,12.4875,12.4875,12.4875,12.4875,12.4875,12.4875,12.4875,12.4875,12.4875,49.0,49.0,49.0,0.0,0.0,0.0,5.95703125,5.95703125,5.95703125,245.297,245.297,245.297,49.0,0.0,5.95703125,245.297,5
11775727.044404764,3.4707183837890625,7321600.026102458,1870.077842549242,323943.9339418918,455161.72996898723,12.4875,12.4875,12.4875,12.4875,12.4875,12.4875,12.4875,12.4875,12.4875,12.4875,12.4875,48.0,48.0,48.0,0.0,0.0,0.0,5.95703125,5.95703125,5.95703125,233.635,233.635,233.635,48.0,0.0,5.95703125,233.635,5
11775728.045207513,3.4707183837890625,7334773.012666486,1871.4976556912693,323324.4513717051,454291.31775011733,12.4875,12.4875,12.4875,12.4875,12.4875,12.4875,12.4875,12.4875,12.4875,12.4875,12.4875,46.0,46.0,46.0,0.0,0.0,0.0,5.95703125,5.95703125,5.95703125,244.474,244.474,244.474,46.0,0.0,5.95703125,244.474,5
11775729.03271163,3.4707374572753906,7461091.930390545,1903.7895308710747,327678.63380712015,460409.2196530422,12.475,12.475,12.475,12.475,12.475,12.475,12.475,12.475,12.475,12.475,12.475,52.0,52.0,52.0,0.0,0.0,0.0,5.95703125,5.95703125,5.95703125,246.199,246.199,246.199,52.0,0.0,5.95703125,246.199,5
11775730.046754174,3.4707374572753906,7292649.651875819,1860.8686712069523,319102.98256694776,448359.88689786335,12.4875,12.4875,12.4875,12.4875,12.4875,12.4875,12.4875,12.4875,12.4875,12.4875,12.4875,49.0,49.0,49.0,0.0,0.0,0.0,5.95703125,5.95703125,5.95703125,241.164,241.164,241.164,49.0,0.0,5.95703125,241.164,5
11775731.047260543,3.4707374572753906,7418491.502930684,1886.0449645485035,323420.2298931971,454425.8926347453,12.475,12.475,12.475,12.475,12.475,12.475,12.475,12.475,12.475,12.475,12.475,49.0,49.0,49.0,0.0,0.0,0.0,5.95703125,5.95703125,5.95703125,232.254,232.254,232.254,49.0,0.0,5.95703125,232.254,5
11775732.04407953,3.4707374572753906,7473234.465027808,1898.0376848465853,324616.61004936445,456106.88247442344,12.4875,12.4875,12.4875,12.4875,12.4875,12.4875,12.4875,12.4875,12.4875,12.4875,12.4875,47.0,47.0,47.0,0.0,0.0,0.0,5.95703125,5.95703125,5.95703125,242.675,242.675,242.675,47.0,0.0,5.95703125,242.675,5
11775733.042949207,3.4707489013671875,7485138.616809892,1899.1466472259958,323950.16799998767,455170.4892151726,12.475,12.475,12.475,12.475,12.475,12.475,12.475,12.475,12.475,12.475,12.475,59.0,59.0,59.0,0.0,0.0,0.0,5.95703125,5.95703125,5.95703125,244.244,244.244,244.244,59.0,0.0,5.95703125,244.244,5
11775734.04442046,3.4707489013671875,7492870.091560291,1899.205787574781,323108.62542933645,453988.0686412196,12.475,12.475,12.475,12.475,12.475,12.475,12.475,12.475,12.475,12.475,12.475,48.0,48.0,48.0,0.0,0.0,0.0,5.95703125,5.95703125,5.95703125,231.073,231.073,231.073,48.0,0.0,5.95703125,231.073,5
11775735.044017488,3.4707489013671875,7534141.048656386,1902.766761921982,323714.4478915681,454839.28754384886,12.475,12.475,12.475,12.475,12.475,12.475,12.475,12.475,12.475,12.475,12.475,46.0,46.0,46.0,0.0,0.0,0.0,5.95703125,5.95703125,5.95703125,241.229,241.229,241.229,46.0,0.0,5.95703125,241.229,5
11775736.043458257,3.4707489013671875,7562552.2156526195,1910.0681698414915,323765.05954425834,454910.4001191478,12.4875,12.4875,12.4875,12.4875,12.4875,12.4875,12.4875,12.4875,12.4875,12.4875,12.4875,47.0,47.0,47.0,0.0,0.0,0.0,5.95703125,5.95703125,5.95703125,243.735,243.735,243.735,47.0,0.0,5.95703125,243.735,5
11775737.044337047,3.4707489013671875,7578880.752401521,1914.317715981143,323299.887164949,454256.80348492827,12.475,12.475,12.475,12.475,12.475,12.475,12.475,12.475,12.475,12.475,12.475,49.0,49.0,49.0,0.0,0.0,0.0,5.95703125,5.95703125,5.95703125,240.212,240.212,240.212,49.0,0.0,5.95703125,240.212,5
11775738.044476585,3.470752716064453,7611689.878505218,1915.7326821123293,323538.8539711043,454592.566972058,12.475,12.475,12.475,12.475,12.475,12.475,12.475,12.475,12.475,12.475,12.475,49.0,49.0,49.0,0.0,0.0,0.0,5.95703125,5.95703125,5.95703125,229.815,229.815,229.815,49.0,0.0,5.95703125,229.815,5
11775739.045433296,3.470752716064453,7632665.749084417,1919.163915868648,323274.71970455005,454221.44161019055,12.4875,12.4875,12.4875,12.4875,12.4875,12.4875,12.4875,12.4875,12.4875,12.4875,12.4875,55.0,55.0,55.0,0.0,0.0,0.0,5.95703125,5.95703125,5.95703125,244.773,244.773,244.773,55.0,0.0,5.95703125,244.773,5
11775740.045192355,3.470752716064453,7669031.781123622,1926.4641634326365,323661.98331266164,454765.57148994226,12.4875,12.4875,12.4875,12.4875,12.4875,12.4875,12.4875,12.4875,12.4875,12.4875,12.4875,52.0,52.0,52.0,0.0,0.0,0.0,5.95703125,5.95703125,5.95703125,245.737,245.737,245.737,52.0,0.0,5.95703125,245.737,5
11775741.045946276,3.470752716064453,7688583.419149727,1929.5452762117443,323340.2271660803,454313.4837396825,12.4875,12.4875,12.4875,12.4875,12.4875,12.4875,12.4875,12.4875,12.4875,12.4875,12.4875,57.0,57.0,57.0,0.0,0.0,0.0,5.95703125,5.95703125,5.95703125,231.911,231.911,231.911,57.0,0.0,5.95703125,231.911,5
11775742.044557285,3.470752716064453,7732311.112489804,1933.6858727605836,324034.08050303505,455288.39159287204,12.4875,12.4875,12.4875,12.4875,12.4875,12.4875,12.4875,12.4875,12.4875,12.4875,12.4875,57.0,57.0,57.0,0.0,0.0,0.0,5.95703125,5.95703125,5.95703125,239.103,239.103,239.103,57.0,0.0,5.95703125,239.103,5
11775743.044739025,3.470752716064453,7747366.992361822,1935.6482150033376,323525.202481219,454573.38576475077,12.4875,12.4875,12.4875,12.4875,12.4875,12.4875,12.4875,12.4875,12.4875,12.4875,12.4875,56.0,56.0,56.0,0.0,0.0,0.0,5.95703125,5.95703125,5.95703125,240.272,240.272,240.272,56.0,0.0,5.95703125,240.272,5
11775744.045845674,3.470752716064453,7767357.256909465,1940.8521566649247,323226.3017304493,454153.41129215027,12.475,12.475,12.475,12.475,12.475,12.475,12.475,12.475,12.475,12.475,12.475,50.0,50.0,50.0,0.0,0.0,0.0,5.95703125,5.95703125,5.95703125,242.517,242.517,242.517,50.0,0.0,5.95703125,242.517,5
11775745.035141481,3.470752716064453,7887560.977082212,1971.0990249055558,327085.1830128407,459575.3837269028,12.4875,12.4875,12.4875,12.4875,12.4875,12.4875,12.4875,12.4875,12.4875,12.4875,12.4875,58.0,58.0,58.0,0.0,0.0,0.0,5.95703125,5.95703125,5.95703125,240.857,240.857,240.857,58.0,0.0,5.95703125,240.857,5
11775746.044799222,3.470775604248047,7755402.336044474,1931.3475464020064,320488.8022845881,450307.0513112567,12.475,12.475,12.475,12.475,12.475,12.475,12.475,12.475,12.475,12.475,12.475,55.0,55.0,55.0,0.0,0.0,0.0,5.95703125,5.95703125,5.95703125,243.343,243.343,243.343,55.0,0.0,5.95703125,243.343,5
11775747.046040922,3.4708023071289062,7847733.463678218,1952.5754856063124,323182.703802779,454092.15344441106,12.4875,12.4875,12.4875,12.4875,12.4875,12.4875,12.4875,12.4875,12.4875,12.4875,12.4875,56.0,56.0,56.0,0.0,0.0,0.0,5.95703125,5.95703125,5.95703125,241.743,241.743,241.743,56.0,0.0,5.95703125,241.743,5
11775748.048951654,3.4708023071289062,7861789.442920288,1955.308621875211,322644.86746602156,453336.45935099234,12.4875,12.4875,12.4875,12.4875,12.4875,12.4875,12.4875,12.4875,12.4875,12.4875,12.4875,72.0,72.0,72.0,0.0,0.0,0.0,5.95703125,5.95703125,5.95703125,252.669,252.669,252.669,72.0,0.0,5.95703125,252.669,5
11775749.035988891,3.4708023071289062,8015775.593398009,1991.8194824282969,327833.62940085353,460626.99827208533,12.4875,12.4875,12.4875,12.4875,12.4875,12.4875,12.4875,12.4875,12.4875,12.4875,12.4875,56.0,56.0,56.0,0.0,0.0,0.0,5.95703125,5.95703125,5.95703125,237.822,237.822,237.822,56.0,0.0,5.95703125,237.822,5
11775750.04612394,3.4708023071289062,7859404.54977421,1946.2744134514787,320337.36510797724,450094.27249348705,12.475,12.475,12.475,12.475,12.475,12.475,12.475,12.475,12.475,12.475,12.475,56.0,56.0,56.0,0.0,0.0,0.0,5.95703125,5.95703125,5.95703125,245.841,245.841,245.841,56.0,0.0,5.95703125,245.841,5
11775751.04575934,3.4708023071289062,7969161.554305994,1971.7188882126202,323702.0216759982,454821.8279245038,12.4875,12.4875,12.4875,12.4875,12.4875,12.4875,12.4875,12.4875,12.4875,12.4875,12.4875,56.0,56.0,56.0,0.0,0.0,0.0,5.958984375,5.958984375,5.958984375,240.498,240.498,240.498,56.0,0.0,5.958984375,240.498,5
11775752.04661684,3.4708023071289062,7986643.465234317,1974.307034685593,323306.76493507234,454266.4671872535,12.4875,12.4875,12.4875,12.4875,12.4875,12.4875,12.4875,12.4875,12.4875,12.4875,12.4875,60.0,60.0,60.0,0.0,0.0,0.0,5.958984375,5.958984375,5.958984375,245.576,245.576,245.576,60.0,0.0,5.958984375,245.576,5
11775753.047301808,3.4708023071289062,8015232.812975965,1974.6474274751176,323362.5066660468,454344.7878472303,12.4875,12.4875,12.4875,12.4875,12.4875,12.4875,12.4875,12.4875,12.4875,12.4875,12.4875,56.0,56.0,56.0,0.0,0.0,0.0,5.958984375,5.958984375,5.958984375,227.304,227.304,227.304,56.0,0.0,5.958984375,227.304,5
11775754.045855056,3.4708023071289062,8059619.269311145,1983.8701678904401,324052.8240316306,455314.72743684804,12.475,12.475,12.475,12.475,12.475,12.475,12.475,12.475,12.475,12.475,12.475,56.0,56.0,56.0,0.0,0.0,0.0,5.958984375,5.958984375,5.958984375,244.931,244.931,244.931,56.0,0.0,5.958984375,244.931,5
11775755.045760456,3.4708023071289062,8075959.985991047,1987.1879880270658,323614.6139495471,454699.0145367054,12.4875,12.4875,12.4875,12.4875,12.4875,12.4875,12.4875,12.4875,12.4875,12.4875,12.4875,53.0,53.0,53.0,0.0,0.0,0.0,5.958984375,5.958984375,5.958984375,244.893,244.893,244.893,53.0,0.0,5.958984375,244.893,5
11775756.047276288,3.4708023071289062,8090168.665083734,1988.9850332402418,323094.2434718928,453967.8610807607,12.4875,12.4875,12.4875,12.4875,12.4875,12.4875,12.4875,12.4875,12.4875,12.4875,12.4875,57.0,57.0,57.0,0.0,0.0,0.0,5.958984375,5.958984375,5.958984375,232.209,232.209,232.209,57.0,0.0,5.958984375,232.209,5
11775757.046729716,3.4708023071289062,8134108.88209736,1993.0893682970548,323760.95891116175,454904.63847011334,11.225,11.225,11.225,11.225,11.225,11.225,11.225,11.225,11.225,11.225,11.225,58.0,58.0,58.0,0.0,0.0,0.0,5.958984375,5.958984375,5.958984375,243.61,243.61,243.61,58.0,0.0,5.958984375,243.61,5
11775758.050192688,3.4708023071289062,8128749.367574089,1990.108310406376,322467.30471433984,453086.9724467307,12.475,12.475,12.475,12.475,12.475,12.475,12.475,12.475,12.475,12.475,12.475,55.0,55.0,55.0,0.0,0.0,0.0,5.958984375,5.958984375,5.958984375,239.316,239.316,239.316,55.0,0.0,5.958984375,239.316,5
11775759.049510667,3.4708023071289062,8189722.559165285,2005.3677020029393,323804.8415593409,454966.2963681878,12.475,12.475,12.475,12.475,12.475,12.475,12.475,12.475,12.475,12.475,12.475,68.0,68.0,68.0,0.0,0.0,0.0,5.958984375,5.958984375,5.958984375,245.056,245.056,245.056,68.0,0.0,5.958984375,245.056,5
11775760.046843303,3.4708023071289062,8233329.283934251,2009.3596931722266,324449.4246284639,455871.9763767025,12.4875,12.4875,12.4875,12.4875,12.4875,12.4875,12.4875,12.4875,12.4875,12.4875,12.4875,56.0,56.0,56.0,0.0,0.0,0.0,5.958984375,5.958984375,5.958984375,229.153,229.153,229.153,56.0,0.0,5.958984375,229.153,5
11775761.046890425,3.4708023071289062,8238217.805315988,2010.9052437378912,323568.7530530491,454634.57707453734,12.475,12.475,12.475,12.475,12.475,12.475,12.475,12.475,12.475,12.475,12.475,55.0,55.0,55.0,0.0,0.0,0.0,5.958984375,5.958984375,5.958984375,242.973,242.973,242.973,55.0,0.0,5.958984375,242.973,5
11775762.047699943,3.4708023071289062,8259156.059381374,2014.3693305186393,323322.2646064203,454288.2452064893,12.475,12.475,12.475,12.475,12.475,12.475,12.475,12.475,12.475,12.475,12.475,53.0,53.0,53.0,0.0,0.0,0.0,5.958984375,5.958984375,5.958984375,244.461,244.461,244.461,53.0,0.0,5.958984375,244.461,5
11775763.047808504,3.4708023071289062,8292177.796640647,2020.7806229497355,323548.87535703473,454606.64765355515,12.475,12.475,12.475,12.475,12.475,12.475,12.475,12.475,12.475,12.475,12.475,56.0,56.0,56.0,0.0,0.0,0.0,5.958984375,5.958984375,5.958984375,230.255,230.255,230.255,56.0,0.0,5.958984375,230.255,5
11775764.047932811,3.4708023071289062,8319276.852746141,2020.7488060722671,323543.7811301774,454599.4899424011,12.475,12.475,12.475,12.475,12.475,12.475,12.475,12.475,12.475,12.475,12.475,56.0,56.0,56.0,0.0,0.0,0.0,5.958984375,5.958984375,5.958984375,237.53,237.53,237.53,56.0,0.0,5.958984375,237.53,5
11775765.049619364,3.4708023071289062,8333494.124321985,2024.585430301156,323039.1774549158,453890.4898417172,12.475,12.475,12.475,12.475,12.475,12.475,12.475,12.475,12.475,12.475,12.475,56.0,56.0,56.0,0.0,0.0,0.0,5.958984375,5.958984375,5.958984375,240.752,240.752,240.752,56.0,0.0,5.958984375,240.752,5
11775766.047853053,3.4708023071289062,8389603.64925123,2036.5972641599456,324156.5613014913,455460.48486665235,12.475,12.475,12.475,12.475,12.475,12.475,12.475,12.475,12.475,12.475,12.475,71.0,71.0,71.0,0.0,0.0,0.0,5.958984375,5.958984375,5.958984375,244.561,244.561,244.561,71.0,0.0,5.958984375,244.561,5
11775767.048808971,3.4708023071289062,8393992.025184086,2031.058473014006,323274.9753722401,454221.80083947664,12.475,12.475,12.475,12.475,12.475,12.475,12.475,12.475,12.475,12.475,12.475,55.0,55.0,55.0,0.0,0.0,0.0,5.958984375,5.958984375,5.958984375,229.329,229.329,229.329,55.0,0.0,5.958984375,229.329,5
11775768.04806561,3.4708023071289062,8435522.640147727,2039.5160971128953,323824.71872825274,454994.2250485577,12.4875,12.4875,12.4875,12.4875,12.4875,12.4875,12.4875,12.4875,12.4875,12.4875,12.4875,55.0,55.0,55.0,0.0,0.0,0.0,5.958984375,5.958984375,5.958984375,247.184,247.184,247.184,55.0,0.0,5.958984375,247.184,5
11775769.047134507,3.4708023071289062,8464371.199575935,2046.9058797601353,323885.5707561387,455079.7259991316,12.4875,12.4875,12.4875,12.4875,12.4875,12.4875,12.4875,12.4875,12.4875,12.4875,12.4875,54.0,54.0,54.0,0.0,0.0,0.0,5.958984375,5.958984375,5.958984375,246.082,246.082,246.082,54.0,0.0,5.958984375,246.082,5
11775770.04947689,3.4708023071289062,8463900.308493271,2045.209337549469,322827.813795906,453593.5105233617,12.4875,12.4875,12.4875,12.4875,12.4875,12.4875,12.4875,12.4875,12.4875,12.4875,12.4875,58.0,58.0,58.0,0.0,0.0,0.0,5.958984375,5.958984375,5.958984375,235.775,235.775,235.775,58.0,0.0,5.958984375,235.775,5
11775771.046701789,3.4708023071289062,8534641.492063563,2055.7047883957475,324484.4771942681,455921.2274501741,12.4875,12.4875,12.4875,12.4875,12.4875,12.4875,12.4875,12.4875,12.4875,12.4875,12.4875,57.0,57.0,57.0,0.0,0.0,0.0,5.958984375,5.958984375,5.958984375,235.606,235.606,235.606,57.0,0.0,5.958984375,235.606,5
11775772.048580198,3.4708023071289062,8522184.853698872,2051.147107397453,322977.3165937214,453803.5714164946,12.4875,12.4875,12.4875,12.4875,12.4875,12.4875,12.4875,12.4875,12.4875,12.4875,12.4875,53.0,53.0,53.0,0.0,0.0,0.0,5.958984375,5.958984375,5.958984375,241.875,241.875,241.875,53.0,0.0,5.958984375,241.875,5
11775773.05084704,3.4708023071289062,8546074.39218132,2055.340865210364,322852.14491661673,453627.6972879045,12.4875,12.4875,12.4875,12.4875,12.4875,12.4875,12.4875,12.4875,12.4875,12.4875,12.4875,61.0,61.0,61.0,0.0,0.0,0.0,5.958984375,5.958984375,5.958984375,241.136,241.136,241.136,61.0,0.0,5.958984375,241.136,5
11775774.049531229,3.4708023071289062,8603999.242430875,2062.7141432982366,324010.3365752507,455255.02987155487,12.4875,12.4875,12.4875,12.4875,12.4875,12.4875,12.4875,12.4875,12.4875,12.4875,12.4875,57.0,57.0,57.0,0.0,0.0,0.0,5.958984375,5.958984375,5.958984375,228.242,228.242,228.242,57.0,0.0,5.958984375,228.242,5
11775775.048364906,3.4708023071289062,8629981.347459972,2069.4136050977486,323961.8442147798,455186.8950359564,12.4875,12.4875,12.4875,12.4875,12.4875,12.4875,12.4875,12.4875,12.4875,12.4875,12.4875,55.0,55.0,55.0,0.0,0.0,0.0,5.958984375,5.958984375,5.958984375,245.426,245.426,245.426,55.0,0.0,5.958984375,245.426,5
11775776.024844592,3.4708023071289062,8855432.547057804,2121.9079393214843,331378.11710299377,465607.2278282571,12.4875,12.4875,12.4875,12.4875,12.4875,12.4875,12.4875,12.4875,12.4875,12.4875,12.4875,51.0,51.0,51.0,0.0,0.0,0.0,5.958984375,5.958984375,5.958984375,242.345,242.345,242.345,51.0,0.0,5.958984375,242.345,5
11775777.048255296,3.4708023071289062,8475959.813794538,2031.4425009440258,316181.95778040966,444255.66219779075,12.4875,12.4875,12.4875,12.4875,12.4875,12.4875,12.4875,12.4875,12.4875,12.4875,12.4875,57.0,57.0,57.0,0.0,0.0,0.0,5.958984375,5.958984375,5.958984375,243.836,243.836,243.836,57.0,0.0,5.958984375,243.836,5
11775778.048408004,3.4708175659179688,8700290.403884009,2078.682570413029,323534.59397043276,454586.5814014941,12.4875,12.4875,12.4875,12.4875,12.4875,12.4875,12.4875,12.4875,12.4875,12.4875,12.4875,57.0,57.0,57.0,0.0,0.0,0.0,5.958984375,5.958984375,5.958984375,228.477,228.477,228.477,57.0,0.0,5.958984375,228.477,5
11775779.047383072,3.4708175659179688,8737810.658864051,2086.1381490553667,323915.9917581246,455122.4694323017,12.4875,12.4875,12.4875,12.4875,12.4875,12.4875,12.4875,12.4875,12.4875,12.4875,12.4875,55.0,55.0,55.0,0.0,0.0,0.0,5.958984375,5.958984375,5.958984375,241.914,241.914,241.914,55.0,0.0,5.958984375,241.914,5
11775780.048258483,3.4708175659179688,8748432.521081412,2087.172864756553,323300.9785875464,454258.337002755,12.4875,12.4875,12.4875,12.4875,12.4875,12.4875,12.4875,12.4875,12.4875,12.4875,12.4875,52.0,52.0,52.0,0.0,0.0,0.0,5.958984375,5.958984375,5.958984375,245.921,245.921,245.921,52.0,0.0,5.958984375,245.921,5
11775781.051895065,3.4708175659179688,8751501.448904943,2086.4125898998127,322411.52411181515,453008.5971697656,12.4875,12.4875,12.4875,12.4875,12.4875,12.4875,12.4875,12.4875,12.4875,12.4875,12.4875,56.0,56.0,56.0,0.0,0.0,0.0,5.958984375,5.958984375,5.958984375,230.735,230.735,230.735,56.0,0.0,5.958984375,230.735,5
11775782.048580552,3.4708251953125,8839857.829999577,2100.9636729046124,324660.0903214738,456167.975008653,12.475,12.475,12.475,12.475,12.475,12.475,12.475,12.475,12.475,12.475,12.475,57.0,57.0,57.0,0.0,0.0,0.0,5.958984375,5.958984375,5.958984375,239.58,239.58,239.58,57.0,0.0,5.958984375,239.58,5
11775783.048954353,3.4708251953125,8834491.656271875,2098.215684424718,323463.0891038056,454486.11253825855,12.4875,12.4875,12.4875,12.4875,12.4875,12.4875,12.4875,12.4875,12.4875,12.4875,12.4875,55.0,55.0,55.0,0.0,0.0,0.0,5.958984375,5.958984375,5.958984375,239.254,239.254,239.254,55.0,0.0,5.958984375,239.254,5
11775784.050121542,3.470855712890625,8854696.892268177,2103.544764995409,323206.7565224475,454125.9490378693,12.4875,12.4875,12.4875,12.4875,12.4875,12.4875,12.4875,12.4875,12.4875,12.4875,12.4875,57.0,57.0,57.0,0.0,0.0,0.0,5.958984375,5.958984375,5.958984375,247.7,247.7,247.7,57.0,0.0,5.958984375,247.7,5
11775785.052069684,3.470855712890625,8874973.28802373,2101.905189328968,322954.8379790241,453771.9875401478,12.475,12.475,12.475,12.475,12.475,12.475,12.475,12.475,12.475,12.475,12.475,56.0,56.0,56.0,0.0,0.0,0.0,5.958984375,5.958984375,5.958984375,231.8,231.8,231.8,56.0,0.0,5.958984375,231.8,5
11775786.052866852,3.470855712890625,8912397.3272132,2112.316130399287,323326.2548434829,454293.85174210893,12.4875,12.4875,12.4875,12.4875,12.4875,12.4875,12.4875,12.4875,12.4875,12.4875,12.4875,56.0,56.0,56.0,0.0,0.0,0.0,5.958984375,5.958984375,5.958984375,243.195,243.195,243.195,56.0,0.0,5.958984375,243.195,5
11775787.0487559,3.470855712890625,8983669.441397043,2127.7470678497943,324919.7296852798,456532.78474767157,12.4875,12.4875,12.4875,12.4875,12.4875,12.4875,12.4875,12.4875,12.4875,12.4875,12.4875,56.0,56.0,56.0,0.0,0.0,0.0,5.958984375,5.958984375,5.958984375,246.732,246.732,246.732,56.0,0.0,5.958984375,246.732,5
11775788.05053462,3.470855712890625,8958040.138636041,2120.228702965147,323009.45603591064,453848.7293669124,12.4875,12.4875,12.4875,12.4875,12.4875,12.4875,12.4875,12.4875,12.4875,12.4875,12.4875,57.0,57.0,57.0,0.0,0.0,0.0,5.958984375,5.958984375,5.958984375,237.138,237.138,237.138,57.0,0.0,5.958984375,237.138,5
11775789.049507689,3.470855712890625,9010458.129140174,2126.1834461379035,323916.6404119997,455123.3808320502,12.4875,12.4875,12.4875,12.4875,12.4875,12.4875,12.4875,12.4875,12.4875,12.4875,12.4875,55.0,55.0,55.0,0.0,0.0,0.0,5.958984375,5.958984375,5.958984375,237.912,237.912,237.912,55.0,0.0,5.958984375,237.912,5
11775790.053112213,3.470855712890625,8996014.65074828,2121.353530630935,322421.82285377197,453023.06755403406,12.475,12.475,12.475,12.475,12.475,12.475,12.475,12.475,12.475,12.475,12.475,53.0,53.0,53.0,0.0,0.0,0.0,5.958984375,5.958984375,5.958984375,238.891,238.891,238.891,53.0,0.0,5.958984375,238.891,5
11775791.050343739,3.470855712890625,9080817.003044616,2139.9243242109023,324482.32077106874,455918.1975390966,12.475,12.475,12.475,12.475,12.475,12.475,12.475,12.475,12.475,12.475,12.475,71.0,71.0,71.0,0.0,0.0,0.0,5.958984375,5.958984375,5.958984375,246.929,246.929,246.929,71.0,0.0,5.958984375,246.929,5
11775792.051453657,3.470855712890625,9072837.888658956,2131.6340597524727,323225.24629378825,454151.9283368417,12.4875,12.4875,12.4875,12.4875,12.4875,12.4875,12.4875,12.4875,12.4875,12.4875,12.4875,57.0,57.0,57.0,0.0,0.0,0.0,5.958984375,5.958984375,5.958984375,231.304,231.304,231.304,57.0,0.0,5.958984375,231.304,5
11775793.051497076,3.470855712890625,9109749.470543269,2139.9070889609984,323569.951156241,454636.26048535126,12.475,12.475,12.475,12.475,12.475,12.475,12.475,12.475,12.475,12.475,12.475,55.0,55.0,55.0,0.0,0.0,0.0,5.958984375,5.958984375,5.958984375,242.303,242.303,242.303,55.0,0.0,5.958984375,242.303,5
11775794.055674773,3.470855712890625,9099368.595092112,2138.0678005576397,322237.78815819434,452764.4871589819,12.4875,12.4875,12.4875,12.4875,12.4875,12.4875,12.4875,12.4875,12.4875,12.4875,12.4875,55.0,55.0,55.0,0.0,0.0,0.0,5.958984375,5.958984375,5.958984375,245.605,245.605,245.605,55.0,0.0,5.958984375,245.605,5
11775795.052399509,3.470855712890625,9194734.1823585,2159.071529371324,324647.30565059965,456150.0117369185,12.4875,12.4875,12.4875,12.4875,12.4875,12.4875,12.4875,12.4875,12.4875,12.4875,12.4875,63.0,63.0,63.0,0.0,0.0,0.0,5.958984375,5.958984375,5.958984375,243.38,243.38,243.38,63.0,0.0,5.958984375,243.38,5
11775796.039602093,3.470855712890625,9311006.82074113,2179.8970477363005,327778.72039716685,460549.84764665214,12.4875,12.4875,12.4875,12.4875,12.4875,12.4875,12.4875,12.4875,12.4875,12.4875,12.4875,57.0,57.0,57.0,0.0,0.0,0.0,5.958984375,5.958984375,5.958984375,255.89,255.89,255.89,57.0,0.0,5.958984375,255.89,5
11775797.040204016,3.4708595275878906,9213540.157409132,2155.7024329235564,323389.3444854595,454382.4966821013,12.4875,12.4875,12.4875,12.4875,12.4875,12.4875,12.4875,12.4875,12.4875,12.4875,12.4875,56.0,56.0,56.0,0.0,0.0,0.0,5.958984375,5.958984375,5.958984375,263.192,263.192,263.192,56.0,0.0,5.958984375,263.192,5
11775798.052369192,3.470867156982422,9135190.798419662,2136.015002093082,319694.8558914375,449191.50637910835,12.4875,12.4875,12.4875,12.4875,12.4875,12.4875,12.4875,12.4875,12.4875,12.4875,12.4875,54.0,54.0,54.0,0.0,0.0,0.0,5.958984375,5.958984375,5.958984375,244.672,244.672,244.672,54.0,0.0,5.958984375,244.672,5
11775799.051151993,3.470867156982422,9284859.526275223,2169.6408857785123,323978.3462776899,455210.0814787795,11.2375,11.2375,11.2375,11.2375,11.2375,11.2375,11.2375,11.2375,11.2375,11.2375,11.2375,54.0,54.0,54.0,0.0,0.0,0.0,5.958984375,5.958984375,5.958984375,245.416,245.416,245.416,54.0,0.0,5.958984375,245.416,5
11775800.052605376,3.470867156982422,9287296.002854252,2168.847833658012,323114.39107108384,453996.1697327887,12.4875,12.4875,12.4875,12.4875,12.4875,12.4875,12.4875,12.4875,12.4875,12.4875,12.4875,55.0,55.0,55.0,0.0,0.0,0.0,5.958984375,5.958984375,5.958984375,230.284,230.284,230.284,55.0,0.0,5.958984375,230.284,5
11775801.05283452,3.470867156982422,9325888.024341607,2171.502412233026,323509.86950276775,454551.841959585,12.4875,12.4875,12.4875,12.4875,12.4875,12.4875,12.4875,12.4875,12.4875,12.4875,12.4875,56.0,56.0,56.0,0.0,0.0,0.0,5.958984375,5.958984375,5.958984375,238.438,238.438,238.438,56.0,0.0,5.958984375,238.438,5
11775802.024725635,3.470867156982422,9625855.05777166,2239.9628595702457,332942.6467391724,467805.4909879511,12.4875,12.4875,12.4875,12.4875,12.4875,12.4875,12.4875,12.4875,12.4875,12.4875,12.4875,57.0,57.0,57.0,0.0,0.0,0.0,5.958984375,5.958984375,5.958984375,245.276,245.276,245.276,57.0,0.0,5.958984375,245.276,5
11775803.050439263,3.470874786376953,9147333.858525047,2127.299413890544,315472.0685354527,443258.2228789272,12.475,12.475,12.475,12.475,12.475,12.475,12.475,12.475,12.475,12.475,12.475,68.0,68.0,68.0,0.0,0.0,0.0,5.958984375,5.958984375,5.958984375,247.37,247.37,247.37,68.0,0.0,5.958984375,247.37,5
11775804.051656427,3.470874786376953,9398376.633370945,2179.3473766134643,323190.6239752939,454103.2817880712,12.475,12.475,12.475,12.475,12.475,12.475,12.475,12.475,12.475,12.475,12.475,57.0,57.0,57.0,0.0,0.0,0.0,5.958984375,5.958984375,5.958984375,231.978,231.978,231.978,57.0,0.0,5.958984375,231.978,5
11775805.05206478,3.470874786376953,9433239.905505814,2186.1072959065373,323451.9173473347,454470.41551334364,12.475,12.475,12.475,12.475,12.475,12.475,12.475,12.475,12.475,12.475,12.475,55.0,55.0,55.0,0.0,0.0,0.0,5.958984375,5.958984375,5.958984375,244.397,244.397,244.397,55.0,0.0,5.958984375,244.397,5
11775806.05121922,3.470874786376953,9472379.472802905,2195.8567303824316,323857.8414968408,455040.76463480166,12.475,12.475,12.475,12.475,12.475,12.475,12.475,12.475,12.475,12.475,12.475,59.0,59.0,59.0,0.0,0.0,0.0,5.958984375,5.958984375,5.958984375,247.091,247.091,247.091,59.0,0.0,5.958984375,247.091,5
11775807.043669423,3.470874786376953,9563851.127410205,2215.728297196824,326045.5776808263,458114.6724376167,12.475,12.475,12.475,12.475,12.475,12.475,12.475,12.475,12.475,12.475,12.475,49.0,49.0,49.0,0.0,0.0,0.0,5.958984375,5.958984375,5.958984375,258.865,258.865,258.865,49.0,0.0,5.958984375,258.865,5
11775808.149411144,3.470874786376953,8608626.067246059,1988.710346132242,292639.76745923393,411177.3947844932,12.4875,12.4875,12.4875,12.4875,12.4875,12.4875,12.4875,12.4875,12.4875,12.4875,12.4875,60.0,60.0,60.0,0.0,0.0,0.0,5.958984375,5.958984375,5.958984375,198.903,198.903,198.903,60.0,0.0,5.958984375,198.903,5
11775809.147785006,3.470874786376953,9561744.713020664,2210.5947313083248,324111.04917792155,455396.5374525227,12.475,12.475,12.475,12.475,12.475,12.475,12.475,12.475,12.475,12.475,12.475,56.0,56.0,56.0,0.0,0.0,0.0,5.958984375,5.958984375,5.958984375,245.252,245.252,245.252,56.0,0.0,5.958984375,245.252,5
11775810.153536864,3.470874786376953,9518722.663334358,2200.3439351590523,321733.4351172647,452055.8392153972,12.475,12.475,12.475,12.475,12.475,12.475,12.475,12.475,12.475,12.475,12.475,67.0,67.0,67.0,0.0,0.0,0.0,5.958984375,5.958984375,5.958984375,245.01,245.01,245.01,67.0,0.0,5.958984375,245.01,5
11775811.148595352,3.470874786376953,9648426.815919746,2229.0147026768427,325190.9348742035,456913.8452029948,12.4875,12.4875,12.4875,12.4875,12.4875,12.4875,12.4875,12.4875,12.4875,12.4875,12.4875,59.0,59.0,59.0,0.0,0.0,0.0,5.958984375,5.958984375,5.958984375,230.294,230.294,230.294,59.0,0.0,5.958984375,230.294,5
11775812.150259916,3.470874786376953,9612020.177116318,2214.3141323806963,323046.2688062558,453900.45363916946,12.4875,12.4875,12.4875,12.4875,12.4875,12.4875,12.4875,12.4875,12.4875,12.4875,12.4875,56.0,56.0,56.0,0.0,0.0,0.0,5.958984375,5.958984375,5.958984375,243.185,243.185,243.185,56.0,0.0,5.958984375,243.185,5
11775813.128231406,3.4708938598632812,9872778.59739507,2273.0723969528476,330872.63090219983,464896.98772334406,12.4875,12.4875,12.4875,12.4875,12.4875,12.4875,12.4875,12.4875,12.4875,12.4875,12.4875,67.0,67.0,67.0,0.0,0.0,0.0,5.958984375,5.958984375,5.958984375,242.602,242.602,242.602,67.0,0.0,5.958984375,242.602,5
11775814.141508412,3.4708938598632812,9555700.90741106,2198.806435078597,319344.0670953648,448698.6259188037,12.4875,12.4875,12.4875,12.4875,12.4875,12.4875,12.4875,12.4875,12.4875,12.4875,12.4875,67.0,67.0,67.0,0.0,0.0,0.0,5.958984375,5.958984375,5.958984375,258.145,258.145,258.145,67.0,0.0,5.958984375,258.145,5
11775815.13741271,3.4708938598632812,9749780.189353747,2242.1833135623665,324914.75384494616,456525.7933770763,12.4875,12.4875,12.4875,12.4875,12.4875,12.4875,12.4875,12.4875,12.4875,12.4875,12.4875,62.0,62.0,62.0,0.0,0.0,0.0,5.958984375,5.958984375,5.958984375,244.516,244.516,244.516,62.0,0.0,5.958984375,244.516,5
11775816.137752892,3.4708938598632812,9733807.730565712,2232.2406311716263,323473.95987328235,454501.38665739674,12.4875,12.4875,12.4875,12.4875,12.4875,12.4875,12.4875,12.4875,12.4875,12.4875,12.4875,64.0,64.0,64.0,0.0,0.0,0.0,5.958984375,5.958984375,5.958984375,259.204,259.204,259.204,64.0,0.0,5.958984375,259.204,5
11775817.139488457,3.4708938598632812,9747477.62561052,2234.122536636048,323023.37216033915,453868.2824025018,12.475,12.475,12.475,12.475,12.475,12.475,12.475,12.475,12.475,12.475,12.475,62.0,62.0,62.0,0.0,0.0,0.0,5.958984375,5.958984375,5.958984375,262.828,262.828,262.828,62.0,0.0,5.958984375,262.828,5
11775818.138034368,3.4708938598632812,9805931.69581437,2248.269183121542,324055.2050562143,455318.0729270859,12.475,12.475,12.475,12.475,12.475,12.475,12.475,12.475,12.475,12.475,12.475,82.0,82.0,82.0,0.0,0.0,0.0,5.958984375,5.958984375,5.958984375,257.278,257.278,257.278,82.0,0.0,5.958984375,257.278,5
11775819.133091604,3.4708938598632812,9867722.821143394,2261.1764606958077,325191.34393679653,456914.41996182804,12.4875,12.4875,12.4875,12.4875,12.4875,12.4875,12.4875,12.4875,12.4875,12.4875,12.4875,72.0,72.0,72.0,0.0,0.0,0.0,5.958984375,5.958984375,5.958984375,242.743,242.743,242.743,72.0,0.0,5.958984375,242.743,5
11775820.149747863,3.4708938598632812,9684910.619603531,2218.055493065207,318282.60251353076,447207.2010000242,13.7375,13.7375,13.7375,13.7375,13.7375,13.7375,13.7375,13.7375,13.7375,13.7375,13.7375,68.0,68.0,68.0,0.0,0.0,0.0,5.958984375,5.958984375,5.958984375,238.609,238.609,238.609,68.0,0.0,5.958984375,238.609,5
11775821.149694908,3.4709091186523438,9874018.878685446,2255.11941985247,323601.13629868807,454680.0775842326,12.4875,12.4875,12.4875,12.4875,12.4875,12.4875,12.4875,12.4875,12.4875,12.4875,12.4875,59.0,59.0,59.0,0.0,0.0,0.0,5.958984375,5.958984375,5.958984375,231.634,231.634,231.634,59.0,0.0,5.958984375,231.634,5
11775822.15081138,3.4709091186523438,9889730.399200791,2257.479588681952,323223.1306301154,454148.9556954786,12.4875,12.4875,12.4875,12.4875,12.4875,12.4875,12.4875,12.4875,12.4875,12.4875,12.4875,57.0,57.0,57.0,0.0,0.0,0.0,5.958984375,5.958984375,5.958984375,245.747,245.747,245.747,57.0,0.0,5.958984375,245.747,5
11775823.150622144,3.4709091186523438,9929939.096333854,2267.4290779254807,323645.245148407,454742.05330978706,12.4875,12.4875,12.4875,12.4875,12.4875,12.4875,12.4875,12.4875,12.4875,12.4875,12.4875,65.0,65.0,65.0,0.0,0.0,0.0,5.958984375,5.958984375,5.958984375,245.367,245.367,245.367,65.0,0.0,5.958984375,245.367,5
11775824.152356269,3.4709091186523438,9938122.059087344,2268.0668896467832,323023.8364522292,453868.93476199295,12.475,12.475,12.475,12.475,12.475,12.475,12.475,12.475,12.475,12.475,12.475,83.0,83.0,83.0,0.0,0.0,0.0,5.958984375,5.958984375,5.958984375,247.546,247.546,247.546,83.0,0.0,5.958984375,247.546,5
11775825.138597336,3.4709091186523438,10121913.73464397,2303.6964048825025,328098.2823404488,460998.8524024027,12.475,12.475,12.475,12.475,12.475,12.475,12.475,12.475,12.475,12.475,12.475,62.0,62.0,62.0,0.0,0.0,0.0,5.958984375,5.958984375,5.958984375,253.717,253.717,253.717,62.0,0.0,5.958984375,253.717,5
11775826.151845952,3.4709205627441406,9879059.130938085,2247.2273459645094,319353.01428044785,448711.19728012296,12.4875,12.4875,12.4875,12.4875,12.4875,12.4875,12.4875,12.4875,12.4875,12.4875,12.4875,59.0,59.0,59.0,0.0,0.0,0.0,5.958984375,5.958984375,5.958984375,249.766,249.766,249.766,59.0,0.0,5.958984375,249.766,5
11775827.126769068,3.4709510803222656,10295415.959747216,2340.697398970289,331907.1985751104,466350.62078275013,12.475,12.475,12.475,12.475,12.475,12.475,12.475,12.475,12.475,12.475,12.475,71.0,71.0,71.0,0.0,0.0,0.0,5.958984375,5.958984375,5.958984375,245.363,245.363,245.363,71.0,0.0,5.958984375,245.363,5
11775828.151799656,3.4709510803222656,9818765.518459646,2231.1529286467,315682.28651649045,443553.59244722076,12.4875,12.4875,12.4875,12.4875,12.4875,12.4875,12.4875,12.4875,12.4875,12.4875,12.4875,78.0,78.0,78.0,0.0,0.0,0.0,5.958984375,5.958984375,5.958984375,244.016,244.016,244.016,78.0,0.0,5.958984375,244.016,5
11775829.150418598,3.4709510803222656,10105782.674493855,2290.1628482860733,324031.5063838219,455284.77479245863,12.4875,12.4875,12.4875,12.4875,12.4875,12.4875,12.4875,12.4875,12.4875,12.4875,12.4875,58.0,58.0,58.0,0.0,0.0,0.0,5.958984375,5.958984375,5.958984375,228.367,228.367,228.367,58.0,0.0,5.958984375,228.367,5
11775830.138738738,3.4709510803222656,10238708.682268856,2319.086606502048,327408.0804879401,460029.0751159665,12.4875,12.4875,12.4875,12.4875,12.4875,12.4875,12.4875,12.4875,12.4875,12.4875,12.4875,61.0,61.0,61.0,0.0,0.0,0.0,5.958984375,5.958984375,5.958984375,255.256,255.256,255.256,61.0,0.0,5.958984375,255.256,5
11775831.140570913,3.4709510803222656,10127861.993190594,2292.7991926174136,322992.2220043157,453824.51446176006,12.4875,12.4875,12.4875,12.4875,12.4875,12.4875,12.4875,12.4875,12.4875,12.4875,12.4875,62.0,62.0,62.0,0.0,0.0,0.0,5.958984375,5.958984375,5.958984375,256.764,256.764,256.764,62.0,0.0,5.958984375,256.764,5
11775832.139067303,3.4709510803222656,10189034.324943596,2305.4665204880102,324071.2765271904,455340.65436098905,12.475,12.475,12.475,12.475,12.475,12.475,12.475,12.475,12.475,12.475,12.475,63.0,63.0,63.0,0.0,0.0,0.0,5.958984375,5.958984375,5.958984375,259.359,259.359,259.359,63.0,0.0,5.958984375,259.359,5
11775833.140371809,3.4709510803222656,10187718.06684037,2305.9918212331972,323162.4328635439,454063.67149181484,12.4875,12.4875,12.4875,12.4875,12.4875,12.4875,12.4875,12.4875,12.4875,12.4875,12.4875,62.0,62.0,62.0,0.0,0.0,0.0,5.958984375,5.958984375,5.958984375,261.665,261.665,261.665,62.0,0.0,5.958984375,261.665,5
11775834.13963712,3.4709510803222656,10235806.131244818,2317.7027900826197,323821.9083014225,454990.27622098604,12.4875,12.4875,12.4875,12.4875,12.4875,12.4875,12.4875,12.4875,12.4875,12.4875,12.4875,64.0,64.0,64.0,0.0,0.0,0.0,5.958984375,5.958984375,5.958984375,249.002,249.002,249.002,64.0,0.0,5.958984375,249.002,5
11775835.140601613,3.4709510803222656,10245675.122577906,2313.7683876059027,323272.2063622921,454217.91020524583,12.4875,12.4875,12.4875,12.4875,12.4875,12.4875,12.4875,12.4875,12.4875,12.4875,12.4875,65.0,65.0,65.0,0.0,0.0,0.0,5.958984375,5.958984375,5.958984375,260.328,260.328,260.328,65.0,0.0,5.958984375,260.328,5
11775836.141593656,3.4709510803222656,10272642.097892242,2318.699750273868,323263.30891538964,454205.40872921835,12.475,12.475,12.475,12.475,12.475,12.475,12.475,12.475,12.475,12.475,12.475,63.0,63.0,63.0,0.0,0.0,0.0,5.958984375,5.958984375,5.958984375,263.083,263.083,263.083,63.0,0.0,5.958984375,263.083,5
11775837.141047938,3.4709510803222656,10315738.481860278,2327.270032625941,323760.68195925734,454904.249335159,11.2375,11.2375,11.2375,11.2375,11.2375,11.2375,11.2375,11.2375,11.2375,11.2375,11.2375,62.0,62.0,62.0,0.0,0.0,0.0,5.958984375,5.958984375,5.958984375,259.201,259.201,259.201,62.0,0.0,5.958984375,259.201,5
11775838.139036218,3.4709548950195312,10358222.845005436,2335.698772146696,324236.27262390236,455572.48431966023,12.475,12.475,12.475,12.475,12.475,12.475,12.475,12.475,12.475,12.475,12.475,62.0,62.0,62.0,0.0,0.0,0.0,5.958984375,5.958984375,5.958984375,258.428,258.428,258.428,62.0,0.0,5.958984375,258.428,5
11775839.140596522,3.4709548950195312,10348514.168700142,2332.360807370693,323079.8970429102,453947.7034400384,12.4875,12.4875,12.4875,12.4875,12.4875,12.4875,12.4875,12.4875,12.4875,12.4875,12.4875,62.0,62.0,62.0,0.0,0.0,0.0,5.958984375,5.958984375,5.958984375,264.723,264.723,264.723,62.0,0.0,5.958984375,264.723,5
11775840.140773725,3.4709548950195312,10390095.846481973,2340.585241867257,323526.6701855509,454575.4479822297,12.4875,12.4875,12.4875,12.4875,12.4875,12.4875,12.4875,12.4875,12.4875,12.4875,12.4875,65.0,65.0,65.0,0.0,0.0,0.0,5.958984375,5.958984375,5.958984375,260.55,260.55,260.55,65.0,0.0,5.958984375,260.55,5
11775841.140903369,3.4709701538085938,10417854.389480768,2345.695895005606,323542.0547696053,454597.064296534,11.2375,11.2375,11.2375,11.2375,11.2375,11.2375,11.2375,11.2375,11.2375,11.2375,11.2375,64.0,64.0,64.0,0.0,0.0,0.0,5.958984375,5.958984375,5.958984375,249.664,249.664,249.664,64.0,0.0,5.958984375,249.664,5
11775842.143939544,3.4709701538085938,10414834.739933534,2338.8986944360913,322604.51625763346,453279.7633493331,12.475,12.475,12.475,12.475,12.475,12.475,12.475,12.475,12.475,12.475,12.475,64.0,64.0,64.0,0.0,0.0,0.0,5.958984375,5.958984375,5.958984375,260.621,260.621,260.621,64.0,0.0,5.958984375,260.621,5
11775843.140024781,3.4709701538085938,10514875.237044498,2360.2397776730554,324855.73297258955,456442.86531591695,12.4875,12.4875,12.4875,12.4875,12.4875,12.4875,12.4875,12.4875,12.4875,12.4875,12.4875,63.0,63.0,63.0,0.0,0.0,0.0,5.958984375,5.958984375,5.958984375,260.124,260.124,260.124,63.0,0.0,5.958984375,260.124,5
11775844.142191065,3.4709701538085938,10478269.090720028,2350.9072666192665,322884.5403063365,453673.2148608019,12.475,12.475,12.475,12.475,12.475,12.475,12.475,12.475,12.475,12.475,12.475,63.0,63.0,63.0,0.0,0.0,0.0,5.958984375,5.958984375,5.958984375,256.484,256.484,256.484,63.0,0.0,5.958984375,256.484,5
11775845.14226706,3.4709701538085938,10527426.97808844,2363.820363694768,323559.41140685603,454621.4514703927,12.475,12.475,12.475,12.475,12.475,12.475,12.475,12.475,12.475,12.475,12.475,73.0,73.0,73.0,0.0,0.0,0.0,5.958984375,5.958984375,5.958984375,244.143,244.143,244.143,73.0,0.0,5.958984375,244.143,5
11775846.152362982,3.4709701538085938,10449983.776008015,2348.2918282200376,320349.77358463436,450111.7071885369,12.4875,12.4875,12.4875,12.4875,12.4875,12.4875,12.4875,12.4875,12.4875,12.4875,12.4875,68.0,68.0,68.0,0.0,0.0,0.0,5.958984375,5.958984375,5.958984375,242.262,242.262,242.262,68.0,0.0,5.958984375,242.262,5
11775847.151999135,3.4709701538085938,10586604.906984907,2372.863359786267,323701.7779987687,454821.4855425738,12.475,12.475,12.475,12.475,12.475,12.475,12.475,12.475,12.475,12.475,12.475,57.0,57.0,57.0,0.0,0.0,0.0,5.958984375,5.958984375,5.958984375,228.784,228.784,228.784,57.0,0.0,5.958984375,228.784,5
11775848.150964584,3.4709701538085938,10621016.977030467,2379.4616729512636,323919.1106353646,455126.8516522212,12.475,12.475,12.475,12.475,12.475,12.475,12.475,12.475,12.475,12.475,12.475,57.0,57.0,57.0,0.0,0.0,0.0,5.958984375,5.958984375,5.958984375,244.047,244.047,244.047,57.0,0.0,5.958984375,244.047,5
11775849.15309963,3.4709701538085938,10614642.252359997,2376.925155866219,322894.605220745,453687.3567025658,12.475,12.475,12.475,12.475,12.475,12.475,12.475,12.475,12.475,12.475,12.475,67.0,67.0,67.0,0.0,0.0,0.0,5.958984375,5.958984375,5.958984375,243.03,243.03,243.03,67.0,0.0,5.958984375,243.03,5
11775850.15217432,3.4709701538085938,10674458.182431897,2389.2107605038527,323883.6928055629,455077.087359715,12.4875,12.4875,12.4875,12.4875,12.4875,12.4875,12.4875,12.4875,12.4875,12.4875,12.4875,58.0,58.0,58.0,0.0,0.0,0.0,5.958984375,5.958984375,5.958984375,229.633,229.633,229.633,58.0,0.0,5.958984375,229.633,5
11775851.14817656,3.4709701538085938,10734767.021063266,2396.5809552244095,324882.80344169895,456480.9010383365,12.4875,12.4875,12.4875,12.4875,12.4875,12.4875,12.4875,12.4875,12.4875,12.4875,12.4875,63.0,63.0,63.0,0.0,0.0,0.0,5.958984375,5.958984375,5.958984375,247.359,247.359,247.359,63.0,0.0,5.958984375,247.359,5
11775852.144393438,3.4709701538085938,10759833.760642674,2401.0835914504682,324812.8063778881,456382.55073348834,12.4875,12.4875,12.4875,12.4875,12.4875,12.4875,12.4875,12.4875,12.4875,12.4875,12.4875,79.0,79.0,79.0,0.0,0.0,0.0,5.958984375,5.958984375,5.958984375,254.166,254.166,254.166,79.0,0.0,5.958984375,254.166,5
11775853.15257334,3.4709701538085938,10659212.693639996,2377.5518607578,320958.590451169,450967.1334187311,12.4875,12.4875,12.4875,12.4875,12.4875,12.4875,12.4875,12.4875,12.4875,12.4875,12.4875,67.0,67.0,67.0,0.0,0.0,0.0,5.958984375,5.958984375,5.958984375,247.062,247.062,247.062,67.0,0.0,5.958984375,247.062,5
11775854.155740855,3.4709854125976562,10739663.946688984,2396.40933599491,322562.2789428357,453220.41724879446,12.4875,12.4875,12.4875,12.4875,12.4875,12.4875,12.4875,12.4875,12.4875,12.4875,12.4875,57.0,57.0,57.0,0.0,0.0,0.0,5.958984375,5.958984375,5.958984375,230.718,230.718,230.718,57.0,0.0,5.958984375,230.718,5
11775855.153520403,3.4709930419921875,10824989.367470406,2409.3498452774356,324304.10163654486,455667.78837539844,12.475,12.475,12.475,12.475,12.475,12.475,12.475,12.475,12.475,12.475,12.475,58.0,58.0,58.0,0.0,0.0,0.0,5.958984375,5.958984375,5.958984375,237.045,237.045,237.045,58.0,0.0,5.958984375,237.045,5
11775856.153523128,3.4710044860839844,10828199.49261656,2408.993435372792,323583.11821987113,454654.7610431101,12.4875,12.4875,12.4875,12.4875,12.4875,12.4875,12.4875,12.4875,12.4875,12.4875,12.4875,55.0,55.0,55.0,0.0,0.0,0.0,5.958984375,5.958984375,5.958984375,240.081,240.081,240.081,55.0,0.0,5.958984375,240.081,5
11775857.155391132,3.4710121154785156,10835264.682456128,2410.4971816724833,322980.67082165997,453808.28431904124,12.4875,12.4875,12.4875,12.4875,12.4875,12.4875,12.4875,12.4875,12.4875,12.4875,12.4875,84.0,84.0,84.0,0.0,0.0,0.0,5.958984375,5.958984375,5.958984375,243.819,243.819,243.819,84.0,0.0,5.958984375,243.819,5
11775858.155479385,3.4710159301757812,10881815.656620825,2414.786889920301,323555.4455436732,454615.8791816167,12.4875,12.4875,12.4875,12.4875,12.4875,12.4875,12.4875,12.4875,12.4875,12.4875,12.4875,78.0,78.0,78.0,0.0,0.0,0.0,5.958984375,5.958984375,5.958984375,231.915,231.915,231.915,78.0,0.0,5.958984375,231.915,5
11775859.141313773,3.471019744873047,11066823.324598711,2456.8021052302743,328233.6302307321,461189.0247545729,12.4875,12.4875,12.4875,12.4875,12.4875,12.4875,12.4875,12.4875,12.4875,12.4875,12.4875,62.0,62.0,62.0,0.0,0.0,0.0,5.958984375,5.958984375,5.958984375,258.643,258.643,258.643,62.0,0.0,5.958984375,258.643,5
11775860.152871387,3.4710235595703125,10812366.83305929,2400.2587350066688,319886.87088484265,449461.2995976903,12.475,12.475,12.475,12.475,12.475,12.475,12.475,12.475,12.475,12.475,12.475,52.0,52.0,52.0,0.0,0.0,0.0,5.958984375,5.958984375,5.958984375,238.082,238.082,238.082,52.0,0.0,5.958984375,238.082,5
11775861.155084923,3.4710235595703125,10940391.052407144,2427.6263620647983,322869.3171978527,453651.8254298943,12.4875,12.4875,12.4875,12.4875,12.4875,12.4875,12.4875,12.4875,12.4875,12.4875,12.4875,83.0,83.0,83.0,0.0,0.0,0.0,5.958984375,5.958984375,5.958984375,245.162,245.162,245.162,83.0,0.0,5.958984375,245.162,5
11775862.154028513,3.4710235595703125,11003503.214927414,2435.5729645421316,323926.1989964657,455136.8112481987,12.4875,12.4875,12.4875,12.4875,12.4875,12.4875,12.4875,12.4875,12.4875,12.4875,12.4875,57.0,57.0,57.0,0.0,0.0,0.0,5.958984375,5.958984375,5.958984375,232.344,232.344,232.344,57.0,0.0,5.958984375,232.344,5
11775863.153942116,3.4710235595703125,11020107.103450682,2438.210653921536,323611.9590806179,454695.28427783016,12.475,12.475,12.475,12.475,12.475,12.475,12.475,12.475,12.475,12.475,12.475,55.0,55.0,55.0,0.0,0.0,0.0,5.958984375,5.958984375,5.958984375,245.113,245.113,245.113,55.0,0.0,5.958984375,245.113,5
11775864.154464127,3.4710235595703125,11040667.640207151,2441.7253903116825,323415.1734337354,454418.78798917244,12.475,12.475,12.475,12.475,12.475,12.475,12.475,12.475,12.475,12.475,12.475,68.0,68.0,68.0,0.0,0.0,0.0,5.958984375,5.958984375,5.958984375,243.306,243.306,243.306,68.0,0.0,5.958984375,243.306,5
11775865.154839752,3.4710235595703125,11069549.003466306,2447.080815889884,323462.4994807648,454485.28408056824,12.475,12.475,12.475,12.475,12.475,12.475,12.475,12.475,12.475,12.475,12.475,55.0,55.0,55.0,0.0,0.0,0.0,5.958984375,5.958984375,5.958984375,230.43,230.43,230.43,55.0,0.0,5.958984375,230.43,5
11775866.154485345,3.4710235595703125,11104913.663080938,2448.867896794511,323698.7212076614,454817.1905576002,12.475,12.475,12.475,12.475,12.475,12.475,12.475,12.475,12.475,12.475,12.475,57.0,57.0,57.0,0.0,0.0,0.0,5.958984375,5.958984375,5.958984375,235.19,235.19,235.19,57.0,0.0,5.958984375,235.19,5
11775867.155128296,3.4710235595703125,11121103.668848105,2451.423853165501,323376.08483599895,454363.86603539094,12.475,12.475,12.475,12.475,12.475,12.475,12.475,12.475,12.475,12.475,12.475,56.0,56.0,56.0,0.0,0.0,0.0,5.958984375,5.958984375,5.958984375,241.516,241.516,241.516,56.0,0.0,5.958984375,241.516,5
11775868.154261539,3.4710235595703125,11165207.529663278,2460.132338661842,323864.71223496884,455050.4184567284,11.225,11.225,11.225,11.225,11.225,11.225,11.225,11.225,11.225,11.225,11.225,63.0,63.0,63.0,0.0,0.0,0.0,5.958984375,5.958984375,5.958984375,243.651,243.651,243.651,63.0,0.0,5.958984375,243.651,5
11775869.15502774,3.4710235595703125,11174239.287300859,2456.11811997598,323336.2594525254,454307.9088510167,12.4875,12.4875,12.4875,12.4875,12.4875,12.4875,12.4875,12.4875,12.4875,12.4875,12.4875,56.0,56.0,56.0,0.0,0.0,0.0,5.958984375,5.958984375,5.958984375,228.333,228.333,228.333,56.0,0.0,5.958984375,228.333,5
11775870.155607974,3.471027374267578,11203576.299033567,2461.5717112843804,323396.3542932379,454392.3459056887,11.2375,11.2375,11.2375,11.2375,11.2375,11.2375,11.2375,11.2375,11.2375,11.2375,11.2375,57.0,57.0,57.0,0.0,0.0,0.0,5.958984375,5.958984375,5.958984375,245.72,245.72,245.72,57.0,0.0,5.958984375,245.72,5
11775871.156203415,3.471027374267578,11230665.800136099,2466.5313259035197,323391.43944941834,454385.4402390562,12.4875,12.4875,12.4875,12.4875,12.4875,12.4875,12.4875,12.4875,12.4875,12.4875,12.4875,70.0,70.0,70.0,0.0,0.0,0.0,5.958984375,5.958984375,5.958984375,244.638,244.638,244.638,70.0,0.0,5.958984375,244.638,5
11775872.144798568,3.471027374267578,11394582.478066267,2501.5295637573045,327317.0005494717,459901.1020378653,12.4875,12.4875,12.4875,12.4875,12.4875,12.4875,12.4875,12.4875,12.4875,12.4875,12.4875,64.0,64.0,64.0,0.0,0.0,0.0,5.958984375,5.958984375,5.958984375,242.237,242.237,242.237,64.0,0.0,5.958984375,242.237,5
11775873.1438472,3.471027374267578,11302652.986454718,2475.354974406656,323892.1407353026,455088.95723567833,11.2375,11.2375,11.2375,11.2375,11.2375,11.2375,11.2375,11.2375,11.2375,11.2375,11.2375,63.0,63.0,63.0,0.0,0.0,0.0,5.958984375,5.958984375,5.958984375,252.753,252.753,252.753,63.0,0.0,5.958984375,252.753,5
11775874.144495225,3.4710311889648438,11311823.650690598,2480.3926425079176,323374.4451383086,454361.5621563577,12.475,12.475,12.475,12.475,12.475,12.475,12.475,12.475,12.475,12.475,12.475,66.0,66.0,66.0,0.0,0.0,0.0,5.958984375,5.958984375,5.958984375,263.304,263.304,263.304,66.0,0.0,5.958984375,263.304,5
11775875.146871328,3.4710311889648438,11319473.755692651,2481.1046379068925,322816.9534187631,453578.25100611016,12.4875,12.4875,12.4875,12.4875,12.4875,12.4875,12.4875,12.4875,12.4875,12.4875,12.4875,62.0,62.0,62.0,0.0,0.0,0.0,5.958984375,5.958984375,5.958984375,258.369,258.369,258.369,62.0,0.0,5.958984375,258.369,5
11775876.143916328,3.4710311889648438,11407294.565108469,2499.3856868229864,324543.0249136955,456003.4907015216,12.4875,12.4875,12.4875,12.4875,12.4875,12.4875,12.4875,12.4875,12.4875,12.4875,12.4875,63.0,63.0,63.0,0.0,0.0,0.0,5.958984375,5.958984375,5.958984375,254.022,254.022,254.022,63.0,0.0,5.958984375,254.022,5
11775877.129030596,3.4710311889648438,11573075.692074347,2534.7313288231517,328473.5692054108,461526.1542000075,11.2375,11.2375,11.2375,11.2375,11.2375,11.2375,11.2375,11.2375,11.2375,11.2375,11.2375,74.0,74.0,74.0,0.0,0.0,0.0,5.958984375,5.958984375,5.958984375,256.295,256.295,256.295,74.0,0.0,5.958984375,256.295,5
11775878.155244805,3.4710311889648438,11136094.107698612,2438.0874669135037,315318.18341076706,443042.00453917903,12.4875,12.4875,12.4875,12.4875,12.4875,12.4875,12.4875,12.4875,12.4875,12.4875,12.4875,66.0,66.0,66.0,0.0,0.0,0.0,5.958984375,5.958984375,5.958984375,241.713,241.713,241.713,66.0,0.0,5.958984375,241.713,5
11775879.146108797,3.4710311889648438,11560863.139268568,2525.069051302531,326567.52353983937,458848.03940407815,12.475,12.475,12.475,12.475,12.475,12.475,12.475,12.475,12.475,12.475,12.475,64.0,64.0,64.0,0.0,0.0,0.0,5.958984375,5.958984375,5.958984375,256.318,256.318,256.318,64.0,0.0,5.958984375,256.318,5
11775880.144090349,3.471038818359375,11505706.670218803,2512.0704835564343,324238.45845677116,455575.5555531848,12.4875,12.4875,12.4875,12.4875,12.4875,12.4875,12.4875,12.4875,12.4875,12.4875,12.4875,64.0,64.0,64.0,0.0,0.0,0.0,5.958984375,5.958984375,5.958984375,258.937,258.937,258.937,64.0,0.0,5.958984375,258.937,5
11775881.14397719,3.471038818359375,11511021.580503857,2512.2842886282183,323620.62072112795,454707.4544309519,12.4875,12.4875,12.4875,12.4875,12.4875,12.4875,12.4875,12.4875,12.4875,12.4875,12.4875,62.0,62.0,62.0,0.0,0.0,0.0,5.958984375,5.958984375,5.958984375,256.14,256.14,256.14,62.0,0.0,5.958984375,256.14,5
11775882.142614752,3.471038818359375,11552694.823294027,2520.433933410598,324025.4644055363,455276.2854305637,12.475,12.475,12.475,12.475,12.475,12.475,12.475,12.475,12.475,12.475,12.475,62.0,62.0,62.0,0.0,0.0,0.0,5.958984375,5.958984375,5.958984375,259.919,259.919,259.919,62.0,0.0,5.958984375,259.919,5
11775883.156562168,3.471038818359375,11405121.031340102,2489.2809626320154,319132.9203693812,448401.95140507986,12.4875,12.4875,12.4875,12.4875,12.4875,12.4875,12.4875,12.4875,12.4875,12.4875,12.4875,64.0,64.0,64.0,0.0,0.0,0.0,5.958984375,5.958984375,5.958984375,254.821,254.821,254.821,64.0,0.0,5.958984375,254.821,5
11775884.15723969,3.471038818359375,11583578.867329404,2527.2877062915604,323364.9130694536,454348.1689963209,12.475,12.475,12.475,12.475,12.475,12.475,12.475,12.475,12.475,12.475,12.475,56.0,56.0,56.0,0.0,0.0,0.0,5.958984375,5.958984375,5.958984375,233.869,233.869,233.869,56.0,0.0,5.958984375,233.869,5
11775885.15466344,3.471038818359375,11648669.892601212,2535.532166221274,324419.78666450956,455830.3331615261,12.475,12.475,12.475,12.475,12.475,12.475,12.475,12.475,12.475,12.475,12.475,57.0,57.0,57.0,0.0,0.0,0.0,5.958984375,5.958984375,5.958984375,236.853,236.853,236.853,57.0,0.0,5.958984375,236.853,5
11775886.157422516,3.4710464477539062,11613852.490719276,2527.0277367651784,322693.66344649706,453405.02079191356,12.475,12.475,12.475,12.475,12.475,12.475,12.475,12.475,12.475,12.475,12.475,55.0,55.0,55.0,0.0,0.0,0.0,5.958984375,5.958984375,5.958984375,241.569,241.569,241.569,55.0,0.0,5.958984375,241.569,5
11775887.156329207,3.4710464477539062,11685908.313086784,2541.778950750094,323938.1646315551,455153.6237228179,12.4875,12.4875,12.4875,12.4875,12.4875,12.4875,12.4875,12.4875,12.4875,12.4875,12.4875,81.0,81.0,81.0,0.0,0.0,0.0,5.958984375,5.958984375,5.958984375,243.313,243.313,243.313,81.0,0.0,5.958984375,243.313,5
11775888.159035463,3.4710540771484375,11668784.285271805,2532.1473616079356,322710.6624098237,453428.9054112712,12.4875,12.4875,12.4875,12.4875,12.4875,12.4875,12.4875,12.4875,12.4875,12.4875,12.4875,56.0,56.0,56.0,0.0,0.0,0.0,5.958984375,5.958984375,5.958984375,227.86,227.86,227.86,56.0,0.0,5.958984375,227.86,5
11775889.157416344,3.471057891845703,11746618.174988482,2548.1257192687694,324108.7707326515,455393.3360927129,12.475,12.475,12.475,12.475,12.475,12.475,12.475,12.475,12.475,12.475,12.475,55.0,55.0,55.0,0.0,0.0,0.0,5.958984375,5.958984375,5.958984375,245.151,245.151,245.151,55.0,0.0,5.958984375,245.151,5
11775890.155744774,3.471057891845703,11774516.922445055,2553.267964655603,324125.7987740756,455417.26156863786,12.475,12.475,12.475,12.475,12.475,12.475,12.475,12.475,12.475,12.475,12.475,65.0,65.0,65.0,0.0,0.0,0.0,5.958984375,5.958984375,5.958984375,245.17,245.17,245.17,65.0,0.0,5.958984375,245.17,5
11775891.15809178,3.471057891845703,11754499.125535978,2548.019783474599,322826.32483000966,453591.41843203886,12.475,12.475,12.475,12.475,12.475,12.475,12.475,12.475,12.475,12.475,12.475,53.0,53.0,53.0,0.0,0.0,0.0,5.958984375,5.958984375,5.958984375,241.532,241.532,241.532,53.0,0.0,5.958984375,241.532,5
11775892.15736263,3.4710655212402344,11817955.052560523,2555.863605922667,323820.11317888816,454987.7539602099,12.475,12.475,12.475,12.475,12.475,12.475,12.475,12.475,12.475,12.475,12.475,55.0,55.0,55.0,0.0,0.0,0.0,5.958984375,5.958984375,5.958984375,230.621,230.621,230.621,55.0,0.0,5.958984375,230.621,5
11775893.160203196,3.4710655212402344,11803068.610304354,2553.7459174064447,322667.441990647,453368.1779868584,12.4875,12.4875,12.4875,12.4875,12.4875,12.4875,12.4875,12.4875,12.4875,12.4875,12.4875,53.0,53.0,53.0,0.0,0.0,0.0,5.958984375,5.958984375,5.958984375,242.958,242.958,242.958,53.0,0.0,5.958984375,242.958,5
11775894.158786256,3.4710693359375,11880686.22241173,2570.6424467307,324043.14977908327,455301.1344997246,12.475,12.475,12.475,12.475,12.475,12.475,12.475,12.475,12.475,12.475,12.475,65.0,65.0,65.0,0.0,0.0,0.0,5.958984375,5.958984375,5.958984375,244.417,244.417,244.417,65.0,0.0,5.958984375,244.417,5
11775895.155971186,3.4710693359375,11924677.798326453,2579.2607987443084,324497.4830096728,455939.5014439706,12.475,12.475,12.475,12.475,12.475,12.475,12.475,12.475,12.475,12.475,12.475,55.0,55.0,55.0,0.0,0.0,0.0,5.958984375,5.958984375,5.958984375,231.456,231.456,231.456,55.0,0.0,5.958984375,231.456,5
11775896.156575628,3.4710731506347656,11911160.401656963,2570.4463158573585,323388.5305872424,454381.35310359375,12.475,12.475,12.475,12.475,12.475,12.475,12.475,12.475,12.475,12.475,12.475,54.0,54.0,54.0,0.0,0.0,0.0,5.958984375,5.958984375,5.958984375,245.62,245.62,245.62,54.0,0.0,5.958984375,245.62,5
11775897.13456759,3.4710769653320312,12214431.666425714,2634.9909794839436,330865.7047362563,464887.2560218284,12.4875,12.4875,12.4875,12.4875,12.4875,12.4875,12.4875,12.4875,12.4875,12.4875,12.4875,67.0,67.0,67.0,0.0,0.0,0.0,5.958984375,5.958984375,5.958984375,241.663,241.663,241.663,67.0,0.0,5.958984375,241.663,5
11775898.160274329,3.471088409423828,11672804.276024584,2519.2385929433085,315474.18763891933,443261.2003534183,12.4875,12.4875,12.4875,12.4875,12.4875,12.4875,12.4875,12.4875,12.4875,12.4875,12.4875,80.0,80.0,80.0,0.0,0.0,0.0,5.958984375,5.958984375,5.958984375,243.639,243.639,243.639,80.0,0.0,5.958984375,243.639,5
11775899.15971173,3.471088409423828,12006880.057858892,2585.4545739738023,323766.15048945,454911.9329661893,12.475,12.475,12.475,12.475,12.475,12.475,12.475,12.475,12.475,12.475,12.475,55.0,55.0,55.0,0.0,0.0,0.0,5.958984375,5.958984375,5.958984375,230.113,230.113,230.113,55.0,0.0,5.958984375,230.113,5
11775900.160027264,3.471088409423828,12023587.150042258,2588.183340284922,323481.9304684265,454512.5858480423,12.4875,12.4875,12.4875,12.4875,12.4875,12.4875,12.4875,12.4875,12.4875,12.4875,12.4875,54.0,54.0,54.0,0.0,0.0,0.0,5.958984375,5.958984375,5.958984375,243.185,243.185,243.185,54.0,0.0,5.958984375,243.185,5
11775901.158161812,3.471088409423828,12077168.379786056,2600.851764530203,324188.7586185444,455505.7241349168,12.4875,12.4875,12.4875,12.4875,12.4875,12.4875,12.4875,12.4875,12.4875,12.4875,12.4875,66.0,66.0,66.0,0.0,0.0,0.0,5.958984375,5.958984375,5.958984375,246.113,246.113,246.113,66.0,0.0,5.958984375,246.113,5
11775902.156820543,3.4710960388183594,12098121.828752873,2604.4933246470214,324018.59591025824,455266.6347599831,12.475,12.475,12.475,12.475,12.475,12.475,12.475,12.475,12.475,12.475,12.475,56.0,56.0,56.0,0.0,0.0,0.0,5.958984375,5.958984375,5.958984375,234.368,234.368,234.368,56.0,0.0,5.958984375,234.368,5
11775903.15884176,3.4710960388183594,12084720.149508037,2595.7534171997268,322931.2855636895,453738.8949059435,12.4875,12.4875,12.4875,12.4875,12.4875,12.4875,12.4875,12.4875,12.4875,12.4875,12.4875,54.0,54.0,54.0,0.0,0.0,0.0,5.958984375,5.958984375,5.958984375,240.675,240.675,240.675,54.0,0.0,5.958984375,240.675,5
11775904.15708425,3.471099853515625,12157769.401378764,2610.588134769519,324153.7033773062,455456.46930229105,12.4875,12.4875,12.4875,12.4875,12.4875,12.4875,12.4875,12.4875,12.4875,12.4875,12.4875,52.0,52.0,52.0,0.0,0.0,0.0,5.958984375,5.958984375,5.958984375,241.788,241.788,241.788,52.0,0.0,5.958984375,241.788,5
11775905.157513443,3.471099853515625,12158441.687311769,2611.879000970567,323445.1797359587,454460.9487429293,12.475,12.475,12.475,12.475,12.475,12.475,12.475,12.475,12.475,12.475,12.475,83.0,83.0,83.0,0.0,0.0,0.0,5.958984375,5.958984375,5.958984375,246.21,246.21,246.21,83.0,0.0,5.958984375,246.21,5
11775906.16181938,3.471099853515625,12138642.776270134,2601.7968283415294,322196.64175356505,452706.6738562749,12.4875,12.4875,12.4875,12.4875,12.4875,12.4875,12.4875,12.4875,12.4875,12.4875,12.4875,52.0,52.0,52.0,0.0,0.0,0.0,5.958984375,5.958984375,5.958984375,231.026,231.026,231.026,52.0,0.0,5.958984375,231.026,5
11775907.15848444,3.471099853515625,12258998.016468251,2626.7600859145523,324666.74394215987,456177.32376683224,12.475,12.475,12.475,12.475,12.475,12.475,12.475,12.475,12.475,12.475,12.475,51.0,51.0,51.0,0.0,0.0,0.0,5.958984375,5.958984375,5.958984375,245.442,245.442,245.442,51.0,0.0,5.958984375,245.442,5
11775908.15710628,3.471099853515625,12262190.25976108,2626.6199024060197,324030.5659550703,455283.45343054185,12.4875,12.4875,12.4875,12.4875,12.4875,12.4875,12.4875,12.4875,12.4875,12.4875,12.4875,67.0,67.0,67.0,0.0,0.0,0.0,5.958984375,5.958984375,5.958984375,247.909,247.909,247.909,67.0,0.0,5.958984375,247.909,5
11775909.158405984,3.471099853515625,12256553.115095416,2624.5888127505045,323163.9826427166,454065.8490296398,12.4875,12.4875,12.4875,12.4875,12.4875,12.4875,12.4875,12.4875,12.4875,12.4875,12.4875,56.0,56.0,56.0,0.0,0.0,0.0,5.958984375,5.958984375,5.958984375,242.841,242.841,242.841,56.0,0.0,5.958984375,242.841,5
11775910.158088585,3.471099853515625,12303579.13705483,2628.834387982974,323686.73767164483,454800.3529310453,12.4875,12.4875,12.4875,12.4875,12.4875,12.4875,12.4875,12.4875,12.4875,12.4875,12.4875,58.0,58.0,58.0,0.0,0.0,0.0,5.958984375,5.958984375,5.958984375,236.205,236.205,236.205,58.0,0.0,5.958984375,236.205,5
11775911.160568053,3.4711036682128906,12296383.516200148,2628.4827623088313,322783.6683715146,453531.48340807745,12.4875,12.4875,12.4875,12.4875,12.4875,12.4875,12.4875,12.4875,12.4875,12.4875,12.4875,53.0,53.0,53.0,0.0,0.0,0.0,5.958984375,5.958984375,5.958984375,242.571,242.571,242.571,53.0,0.0,5.958984375,242.571,5
11775912.159007031,3.4711074829101562,12373385.119361185,2646.1306666833075,324089.9112975213,455366.83739271987,12.475,12.475,12.475,12.475,12.475,12.475,12.475,12.475,12.475,12.475,12.475,66.0,66.0,66.0,0.0,0.0,0.0,5.958984375,5.958984375,5.958984375,245.753,245.753,245.753,66.0,0.0,5.958984375,245.753,5
11775913.157989684,3.4711074829101562,12393875.87216658,2650.696678255715,323913.5324534356,455119.01395356137,13.7,13.7,13.7,13.7,13.7,13.7,13.7,13.7,13.7,13.7,13.7,56.0,56.0,56.0,0.0,0.0,0.0,5.958984375,5.958984375,5.958984375,229.082,229.082,229.082,56.0,0.0,5.958984375,229.082,5
11775914.159208167,3.4711151123046875,12393356.907130167,2644.7773841101516,323190.1982854605,454102.6836669128,12.4875,12.4875,12.4875,12.4875,12.4875,12.4875,12.4875,12.4875,12.4875,12.4875,12.4875,57.0,57.0,57.0,0.0,0.0,0.0,5.958984375,5.958984375,5.958984375,243.606,243.606,243.606,57.0,0.0,5.958984375,243.606,5
11775915.132878901,3.4711151123046875,12771929.528712122,2724.7404149128997,332334.11323753325,466950.4629033695,12.4875,12.4875,12.4875,12.4875,12.4875,12.4875,12.4875,12.4875,12.4875,12.4875,12.4875,66.0,66.0,66.0,0.0,0.0,0.0,5.958984375,5.958984375,5.958984375,241.387,241.387,241.387,66.0,0.0,5.958984375,241.387,5
11775916.160284163,3.471118927001953,12130434.270717178,2587.0998507860995,314952.64037500723,442528.39343830134,12.4875,12.4875,12.4875,12.4875,12.4875,12.4875,12.4875,12.4875,12.4875,12.4875,12.4875,70.0,70.0,70.0,0.0,0.0,0.0,5.958984375,5.958984375,5.958984375,244.866,244.866,244.866,70.0,0.0,5.958984375,244.866,5
11775917.158853184,3.471118927001953,12507981.659068273,2661.808992766779,324047.70546104043,455307.5355212087,12.4875,12.4875,12.4875,12.4875,12.4875,12.4875,12.4875,12.4875,12.4875,12.4875,12.4875,57.0,57.0,57.0,0.0,0.0,0.0,5.958984375,5.958984375,5.958984375,231.516,231.516,231.516,57.0,0.0,5.958984375,231.516,5
11775918.159333749,3.471118927001953,12511286.522210894,2661.72087194271,323428.5717712016,454437.6135013086,12.4875,12.4875,12.4875,12.4875,12.4875,12.4875,12.4875,12.4875,12.4875,12.4875,12.4875,54.0,54.0,54.0,0.0,0.0,0.0,5.958984375,5.958984375,5.958984375,243.553,243.553,243.553,54.0,0.0,5.958984375,243.553,5
11775919.16115246,3.471118927001953,12521741.571639648,2663.1564881651125,322996.5626185981,453830.61329954927,12.4875,12.4875,12.4875,12.4875,12.4875,12.4875,12.4875,12.4875,12.4875,12.4875,12.4875,63.0,63.0,63.0,0.0,0.0,0.0,5.958984375,5.958984375,5.958984375,246.287,246.287,246.287,63.0,0.0,5.958984375,246.287,5
11775920.161178164,3.471118927001953,12571407.858208248,2672.9312936293854,323575.68264787545,454644.3135938503,12.4875,12.4875,12.4875,12.4875,12.4875,12.4875,12.4875,12.4875,12.4875,12.4875,12.4875,54.0,54.0,54.0,0.0,0.0,0.0,5.958984375,5.958984375,5.958984375,231.151,231.151,231.151,54.0,0.0,5.958984375,231.151,5
11775921.158990284,3.471118927001953,12626567.41122797,2678.8610258077515,324293.5152169755,455652.91378587694,12.4875,12.4875,12.4875,12.4875,12.4875,12.4875,12.4875,12.4875,12.4875,12.4875,12.4875,56.0,56.0,56.0,0.0,0.0,0.0,5.958984375,5.958984375,5.958984375,242.009,242.009,242.009,56.0,0.0,5.958984375,242.009,5
11775922.159056826,3.47113037109375,12625317.897013469,2677.821814696289,323562.4697859164,454625.74868654076,12.4875,12.4875,12.4875,12.4875,12.4875,12.4875,12.4875,12.4875,12.4875,12.4875,12.4875,54.0,54.0,54.0,0.0,0.0,0.0,5.958984375,5.958984375,5.958984375,244.408,244.408,244.408,54.0,0.0,5.958984375,244.408,5
11775923.148696179,3.47113037109375,12785843.612172423,2711.0886322856345,326971.6377150633,459415.84539711423,12.4875,12.4875,12.4875,12.4875,12.4875,12.4875,12.4875,12.4875,12.4875,12.4875,12.4875,75.0,75.0,75.0,0.0,0.0,0.0,5.958984375,5.958984375,5.958984375,254.927,254.927,254.927,75.0,0.0,5.958984375,254.927,5
11775924.153066564,3.47113037109375,12625412.078573415,2676.3035211457304,322175.96673601936,452677.62414807786,12.4375,12.4375,12.4375,12.4375,12.4375,12.4375,12.4375,12.4375,12.4375,12.4375,12.4375,60.0,60.0,60.0,0.0,0.0,0.0,5.958984375,5.958984375,5.958984375,251.666,251.666,251.666,60.0,0.0,5.958984375,251.666,5
11775925.158550644,3.47113037109375,12638490.507708166,2673.33919414693,321819.11822873517,452176.22940999496,12.475,12.475,12.475,12.475,12.475,12.475,12.475,12.475,12.475,12.475,12.475,56.0,56.0,56.0,0.0,0.0,0.0,5.958984375,5.958984375,5.958984375,228.097,228.097,228.097,56.0,0.0,5.958984375,228.097,5
11775926.159933796,3.47113037109375,12717426.867386106,2689.280316930145,323137.052385267,454028.0103134764,12.475,12.475,12.475,12.475,12.475,12.475,12.475,12.475,12.475,12.475,12.475,52.0,52.0,52.0,0.0,0.0,0.0,5.958984375,5.958984375,5.958984375,244.384,244.384,244.384,52.0,0.0,5.958984375,244.384,5
11775927.159232048,3.47113037109375,12771196.15925106,2700.895347461785,323811.2338321876,454975.2779161117,12.4875,12.4875,12.4875,12.4875,12.4875,12.4875,12.4875,12.4875,12.4875,12.4875,12.4875,66.0,66.0,66.0,0.0,0.0,0.0,5.958984375,5.958984375,5.958984375,244.411,244.411,244.411,66.0,0.0,5.958984375,244.411,5
11775928.160733644,3.47113037109375,12770274.212413464,2699.9457733026834,323098.83620871877,453974.3141666808,12.4875,12.4875,12.4875,12.4875,12.4875,12.4875,12.4875,12.4875,12.4875,12.4875,12.4875,55.0,55.0,55.0,0.0,0.0,0.0,5.958984375,5.958984375,5.958984375,230.815,230.815,230.815,55.0,0.0,5.958984375,230.815,5
11775929.160271736,3.47113037109375,12822583.854798347,2705.2495765765148,323733.5351283043,454866.10631951626,12.4875,12.4875,12.4875,12.4875,12.4875,12.4875,12.4875,12.4875,12.4875,12.4875,12.4875,54.0,54.0,54.0,0.0,0.0,0.0,5.958984375,5.958984375,5.958984375,243.033,243.033,243.033,54.0,0.0,5.958984375,243.033,5
11775930.1429234,3.4711456298828125,13070630.693737185,2756.826349966917,329296.7506931321,462682.7762903501,12.4875,12.4875,12.4875,12.4875,12.4875,12.4875,12.4875,12.4875,12.4875,12.4875,12.4875,59.0,59.0,59.0,0.0,0.0,0.0,5.958984375,5.958984375,5.958984375,239.032,239.032,239.032,59.0,0.0,5.958984375,239.032,5
11775931.16043848,3.4711456298828125,12649551.09989343,2667.2823363636167,318013.96003311884,446829.74131235684,12.475,12.475,12.475,12.475,12.475,12.475,12.475,12.475,12.475,12.475,12.475,82.0,82.0,82.0,0.0,0.0,0.0,5.958984375,5.958984375,5.958984375,248.033,248.033,248.033,82.0,0.0,5.958984375,248.033,5
11775932.161177864,3.471160888671875,12888810.214244379,2711.994793241552,323344.9237937636,454320.08279883245,12.4875,12.4875,12.4875,12.4875,12.4875,12.4875,12.4875,12.4875,12.4875,12.4875,12.4875,56.0,56.0,56.0,0.0,0.0,0.0,5.958984375,5.958984375,5.958984375,231.648,231.648,231.648,56.0,0.0,5.958984375,231.648,5
11775933.161071066,3.471160888671875,12926956.579377323,2719.2904160965004,323618.56197211106,454704.56175828265,12.4875,12.4875,12.4875,12.4875,12.4875,12.4875,12.4875,12.4875,12.4875,12.4875,12.4875,53.0,53.0,53.0,0.0,0.0,0.0,5.958984375,5.958984375,5.958984375,245.88,245.88,245.88,53.0,0.0,5.958984375,245.88,5
11775934.161529917,3.471160888671875,12946871.309240796,2722.7506618927173,323435.59110789024,454447.47611361794,12.4875,12.4875,12.4875,12.4875,12.4875,12.4875,12.4875,12.4875,12.4875,12.4875,12.4875,62.0,62.0,62.0,0.0,0.0,0.0,5.958984375,5.958984375,5.958984375,244.987,244.987,244.987,62.0,0.0,5.958984375,244.987,5
11775935.16057722,3.471160888671875,12992425.837682756,2731.602387836797,323892.57129563286,455089.562200193,12.475,12.475,12.475,12.475,12.475,12.475,12.475,12.475,12.475,12.475,12.475,53.0,53.0,53.0,0.0,0.0,0.0,5.958984375,5.958984375,5.958984375,234.475,234.475,234.475,53.0,0.0,5.958984375,234.475,5
11775936.162688157,3.471160888671875,12979879.308767285,2723.251391288364,322902.37383607693,453698.27209879167,12.4875,12.4875,12.4875,12.4875,12.4875,12.4875,12.4875,12.4875,12.4875,12.4875,12.4875,55.0,55.0,55.0,0.0,0.0,0.0,5.958984375,5.958984375,5.958984375,234.072,234.072,234.072,55.0,0.0,5.958984375,234.072,5
11775937.161514906,3.471160888671875,13049827.715289073,2739.213783604786,323964.0909919485,455190.05190007953,12.4875,12.4875,12.4875,12.4875,12.4875,12.4875,12.4875,12.4875,12.4875,12.4875,12.4875,54.0,54.0,54.0,0.0,0.0,0.0,5.958984375,5.958984375,5.958984375,237.555,237.555,237.555,54.0,0.0,5.958984375,237.555,5
11775938.160878228,3.471160888671875,13070075.431956625,2743.746883797158,323790.15012641123,454945.65397508413,12.475,12.475,12.475,12.475,12.475,12.475,12.475,12.475,12.475,12.475,12.475,69.0,69.0,69.0,0.0,0.0,0.0,5.958984375,5.958984375,5.958984375,244.562,244.562,244.562,69.0,0.0,5.958984375,244.562,5
11775939.15122368,3.471160888671875,13216585.156038433,2768.7308448941903,326738.51266019023,459088.2899402673,12.4875,12.4875,12.4875,12.4875,12.4875,12.4875,12.4875,12.4875,12.4875,12.4875,12.4875,65.0,65.0,65.0,0.0,0.0,0.0,5.958984375,5.958984375,5.958984375,243.409,243.409,243.409,65.0,0.0,5.958984375,243.409,5
11775940.14986758,3.471160888671875,13134036.07503635,2750.7302671404964,324023.40835907916,455273.3965551618,12.4875,12.4875,12.4875,12.4875,12.4875,12.4875,12.4875,12.4875,12.4875,12.4875,12.4875,64.0,64.0,64.0,0.0,0.0,0.0,5.958984375,5.958984375,5.958984375,260.9,260.9,260.9,64.0,0.0,5.958984375,260.9,5
11775941.153146716,3.471160888671875,13100502.663628545,2743.0053111814123,322526.3919379818,453169.9937356454,12.4875,12.4875,12.4875,12.4875,12.4875,12.4875,12.4875,12.4875,12.4875,12.4875,12.4875,60.0,60.0,60.0,0.0,0.0,0.0,5.958984375,5.958984375,5.958984375,260.792,260.792,260.792,60.0,0.0,5.958984375,260.792,5
11775942.150163095,3.471160888671875,13210110.95640761,2765.250457649719,324552.340982273,456016.5803674975,12.4875,12.4875,12.4875,12.4875,12.4875,12.4875,12.4875,12.4875,12.4875,12.4875,12.4875,62.0,62.0,62.0,0.0,0.0,0.0,5.958984375,5.958984375,5.958984375,261.524,261.524,261.524,62.0,0.0,5.958984375,261.524,5
11775943.149521168,3.471160888671875,13206414.555701809,2767.776710941354,323791.850771239,454948.0434887029,12.4875,12.4875,12.4875,12.4875,12.4875,12.4875,12.4875,12.4875,12.4875,12.4875,12.4875,63.0,63.0,63.0,0.0,0.0,0.0,5.958984375,5.958984375,5.958984375,261.625,261.625,261.625,63.0,0.0,5.958984375,261.625,5
11775944.150618011,3.4711990356445312,13210686.95299369,2771.9595960460483,323229.46808178903,454157.8602161846,12.4875,12.4875,12.4875,12.4875,12.4875,12.4875,12.4875,12.4875,12.4875,12.4875,12.4875,75.0,75.0,75.0,0.0,0.0,0.0,5.958984375,5.958984375,5.958984375,259.329,259.329,259.329,75.0,0.0,5.958984375,259.329,5
11775945.16444166,3.471202850341797,13071716.18474949,2742.0942517724943,319171.87998760823,448456.6921344875,12.475,12.475,12.475,12.475,12.475,12.475,12.475,12.475,12.475,12.475,12.475,51.0,51.0,51.0,0.0,0.0,0.0,5.958984375,5.958984375,5.958984375,231.178,231.178,231.178,51.0,0.0,5.958984375,231.178,5
11775946.161391677,3.4712066650390625,13320272.60114827,2788.504891711134,324573.94492066745,456046.93526827963,12.4875,12.4875,12.4875,12.4875,12.4875,12.4875,12.4875,12.4875,12.4875,12.4875,12.4875,56.0,56.0,56.0,0.0,0.0,0.0,5.958984375,5.958984375,5.958984375,238.169,238.169,238.169,56.0,0.0,5.958984375,238.169,5
11775947.13133316,3.4712066650390625,13719262.705700826,2871.30724052237,333611.87867762684,468745.80421793135,12.475,12.475,12.475,12.475,12.475,12.475,12.475,12.475,12.475,12.475,12.475,49.0,49.0,49.0,0.0,0.0,0.0,5.958984375,5.958984375,5.958984375,241.854,241.854,241.854,49.0,0.0,5.958984375,241.854,5
11775948.163488597,3.4712066650390625,12918711.19107171,2703.081240400758,313503.16849241534,440491.79370453296,12.475,12.475,12.475,12.475,12.475,12.475,12.475,12.475,12.475,12.475,12.475,82.0,82.0,82.0,0.0,0.0,0.0,5.958984375,5.958984375,5.958984375,245.512,245.512,245.512,82.0,0.0,5.958984375,245.512,5
11775949.163451947,3.4712066650390625,13361838.703450965,2790.1022555902246,323595.8595960241,454672.6634830212,12.4875,12.4875,12.4875,12.4875,12.4875,12.4875,12.4875,12.4875,12.4875,12.4875,12.4875,54.0,54.0,54.0,0.0,0.0,0.0,5.958984375,5.958984375,5.958984375,227.825,227.825,227.825,54.0,0.0,5.958984375,227.825,5
11775950.16395535,3.471210479736328,13381848.547956444,2793.593698776851,323421.1890608259,454427.24032597063,12.475,12.475,12.475,12.475,12.475,12.475,12.475,12.475,12.475,12.475,12.475,53.0,53.0,53.0,0.0,0.0,0.0,5.958984375,5.958984375,5.958984375,247.055,247.055,247.055,53.0,0.0,5.958984375,247.055,5
11775951.161603272,3.471210479736328,13447450.445813328,2806.601343911589,324346.88902438845,455727.90736338124,12.4875,12.4875,12.4875,12.4875,12.4875,12.4875,12.4875,12.4875,12.4875,12.4875,12.4875,64.0,64.0,64.0,0.0,0.0,0.0,5.958984375,5.958984375,5.958984375,245.547,245.547,245.547,64.0,0.0,5.958984375,245.547,5
11775952.164683286,3.471210479736328,13401779.330169773,2796.3870882289802,322590.4169545406,453259.9529361267,12.4875,12.4875,12.4875,12.4875,12.4875,12.4875,12.4875,12.4875,12.4875,12.4875,12.4875,52.0,52.0,52.0,0.0,0.0,0.0,5.958984375,5.958984375,5.958984375,241.96,241.96,241.96,52.0,0.0,5.958984375,241.96,5
11775953.16539992,3.471210479736328,13460641.645260265,2802.9912808809313,323352.274735321,454330.41133697,12.475,12.475,12.475,12.475,12.475,12.475,12.475,12.475,12.475,12.475,12.475,51.0,51.0,51.0,0.0,0.0,0.0,5.958984375,5.958984375,5.958984375,228.01,228.01,228.01,51.0,0.0,5.958984375,228.01,5
11775954.164646592,3.471210479736328,13507701.732688548,2814.119955932679,323827.9487270698,454998.76340132585,12.4875,12.4875,12.4875,12.4875,12.4875,12.4875,12.4875,12.4875,12.4875,12.4875,12.4875,53.0,53.0,53.0,0.0,0.0,0.0,5.958984375,5.958984375,5.958984375,238.264,238.264,238.264,53.0,0.0,5.958984375,238.264,5
11775955.330508351,3.471210479736328,11600658.38999362,2417.9539104262385,277549.20118884847,389974.1940754707,12.475,12.475,12.475,12.475,12.475,12.475,12.475,12.475,12.475,12.475,12.475,69.0,69.0,69.0,0.0,0.0,0.0,5.958984375,5.958984375,5.958984375,218.083,218.083,218.083,69.0,0.0,5.958984375,218.083,5
11775956.331651356,3.471210479736328,13536522.690330835,2815.781548328687,323214.56421936495,454136.91934619634,12.475,12.475,12.475,12.475,12.475,12.475,12.475,12.475,12.475,12.475,12.475,66.0,66.0,66.0,0.0,0.0,0.0,5.958984375,5.958984375,5.958984375,227.173,227.173,227.173,66.0,0.0,5.958984375,227.173,5
11775957.32372245,3.471210479736328,13687759.962208647,2846.5701874632828,326170.1726416851,458289.7362433804,12.4875,12.4875,12.4875,12.4875,12.4875,12.4875,12.4875,12.4875,12.4875,12.4875,12.4875,60.0,60.0,60.0,0.0,0.0,0.0,5.958984375,5.958984375,5.958984375,257.713,257.713,257.713,60.0,0.0,5.958984375,257.713,5
11775958.303367732,3.471210479736328,13889177.286500582,2887.779946367426,330307.31218287634,464102.67914302874,12.475,12.475,12.475,12.475,12.475,12.475,12.475,12.475,12.475,12.475,12.475,62.0,62.0,62.0,0.0,0.0,0.0,5.958984375,5.958984375,5.958984375,256.108,256.108,256.108,62.0,0.0,5.958984375,256.108,5
11775959.321646264,3.471210479736328,13388972.245967647,2783.1284974502023,317775.52989376365,446494.7318760477,12.4875,12.4875,12.4875,12.4875,12.4875,12.4875,12.4875,12.4875,12.4875,12.4875,12.4875,75.0,75.0,75.0,0.0,0.0,0.0,5.958984375,5.958984375,5.958984375,258.723,258.723,258.723,75.0,0.0,5.958984375,258.723,5
11775960.324366668,3.471210479736328,13623876.546076618,2831.297725164538,322706.10887623875,453422.5074083861,12.4875,12.4875,12.4875,12.4875,12.4875,12.4875,12.4875,12.4875,12.4875,12.4875,12.4875,61.0,61.0,61.0,0.0,0.0,0.0,5.958984375,5.958984375,5.958984375,256.572,256.572,256.572,61.0,0.0,5.958984375,256.572,5
11775961.320568185,3.471210479736328,13740378.59367172,2849.825011687744,324817.8149284843,456389.5880640729,12.4875,12.4875,12.4875,12.4875,12.4875,12.4875,12.4875,12.4875,12.4875,12.4875,12.4875,64.0,64.0,64.0,0.0,0.0,0.0,5.958984375,5.958984375,5.958984375,247.1,247.1,247.1,64.0,0.0,5.958984375,247.1,5
11775962.323271831,3.471210479736328,13678460.282862905,2836.3315629537933,322711.5022738538,453430.08547338954,12.475,12.475,12.475,12.475,12.475,12.475,12.475,12.475,12.475,12.475,12.475,67.0,67.0,67.0,0.0,0.0,0.0,5.958984375,5.958984375,5.958984375,262.952,262.952,262.952,67.0,0.0,5.958984375,262.952,5
11775963.322906774,3.4712295532226562,13747717.713785348,2851.040795136985,323702.17005389684,454822.0364048424,12.4875,12.4875,12.4875,12.4875,12.4875,12.4875,12.4875,12.4875,12.4875,12.4875,12.4875,54.0,54.0,54.0,0.0,0.0,0.0,5.958984375,5.958984375,5.958984375,255.153,255.153,255.153,54.0,0.0,5.958984375,255.153,5
11775964.302610416,3.4712295532226562,14055224.869711641,2914.1465606116167,330287.63596110314,464075.0328061069,12.4875,12.4875,12.4875,12.4875,12.4875,12.4875,12.4875,12.4875,12.4875,12.4875,12.4875,54.0,54.0,54.0,0.0,0.0,0.0,5.958984375,5.958984375,5.958984375,243.788,243.788,243.788,54.0,0.0,5.958984375,243.788,5
11775965.333261289,3.4712295532226562,13386856.175028415,2774.945498667754,313960.8266576596,441134.8323924078,12.4875,12.4875,12.4875,12.4875,12.4875,12.4875,12.4875,12.4875,12.4875,12.4875,12.4875,50.0,50.0,50.0,0.0,0.0,0.0,5.958984375,5.958984375,5.958984375,244.484,244.484,244.484,50.0,0.0,5.958984375,244.484,5
11775966.333684731,3.471240997314453,13818534.644144103,2858.7894668343415,323447.0387538894,454463.56078078126,12.4875,12.4875,12.4875,12.4875,12.4875,12.4875,12.4875,12.4875,12.4875,12.4875,12.4875,65.0,65.0,65.0,0.0,0.0,0.0,5.958984375,5.958984375,5.958984375,228.311,228.311,228.311,65.0,0.0,5.958984375,228.311,5
11775967.332838424,3.471240997314453,13863336.648896275,2869.4284194368843,323858.08359786,455041.1048020565,12.475,12.475,12.475,12.475,12.475,12.475,12.475,12.475,12.475,12.475,12.475,47.0,47.0,47.0,0.0,0.0,0.0,5.958984375,5.958984375,5.958984375,240.704,240.704,240.704,47.0,0.0,5.958984375,240.704,5
11775968.334845448,3.471240997314453,13851020.664079163,2866.24737169553,322935.85986167355,453745.32208412356,12.475,12.475,12.475,12.475,12.475,12.475,12.475,12.475,12.475,12.475,12.475,60.0,60.0,60.0,0.0,0.0,0.0,5.958984375,5.958984375,5.958984375,242.755,242.755,242.755,60.0,0.0,5.958984375,242.755,5
11775969.33362772,3.471240997314453,13922990.421973305,2880.5076762362182,323978.51786834217,455210.3225745061,12.475,12.475,12.475,12.475,12.475,12.475,12.475,12.475,12.475,12.475,12.475,49.0,49.0,49.0,0.0,0.0,0.0,5.958984375,5.958984375,5.958984375,229.022,229.022,229.022,49.0,0.0,5.958984375,229.022,5
11775970.333158731,3.471240997314453,13939784.591299238,2878.3499114863826,323735.8282093881,454869.32824357064,12.4875,12.4875,12.4875,12.4875,12.4875,12.4875,12.4875,12.4875,12.4875,12.4875,12.4875,66.0,66.0,66.0,0.0,0.0,0.0,5.958984375,5.958984375,5.958984375,242.173,242.173,242.173,66.0,0.0,5.958984375,242.173,5
11775971.333990917,3.471240997314453,13948854.970045684,2879.6036366180447,323314.9421066667,454277.9566308861,12.475,12.475,12.475,12.475,12.475,12.475,12.475,12.475,12.475,12.475,12.475,47.0,47.0,47.0,0.0,0.0,0.0,5.958984375,5.958984375,5.958984375,239.573,239.573,239.573,47.0,0.0,5.958984375,239.573,5
11775972.332893956,3.4712562561035156,14002992.72510038,2891.1714999429423,323939.34855870396,455155.2872153942,12.4875,12.4875,12.4875,12.4875,12.4875,12.4875,12.4875,12.4875,12.4875,12.4875,12.4875,45.0,45.0,45.0,0.0,0.0,0.0,5.958984375,5.958984375,5.958984375,243.449,243.449,243.449,45.0,0.0,5.958984375,243.449,5
11775973.33310116,3.4712562561035156,14011859.681418493,2887.4017177412566,323516.96587035555,454561.8128051831,12.4875,12.4875,12.4875,12.4875,12.4875,12.4875,12.4875,12.4875,12.4875,12.4875,12.4875,50.0,50.0,50.0,0.0,0.0,0.0,5.958984375,5.958984375,5.958984375,228.887,228.887,228.887,50.0,0.0,5.958984375,228.887,5
11775974.334029011,3.4712562561035156,14028882.293090107,2890.3182164969053,323284.0407075474,454234.5382093388,12.475,12.475,12.475,12.475,12.475,12.475,12.475,12.475,12.475,12.475,12.475,45.0,45.0,45.0,0.0,0.0,0.0,5.958984375,5.958984375,5.958984375,243.341,243.341,243.341,45.0,0.0,5.958984375,243.341,5
11775975.334244944,3.4712562561035156,14066023.685149588,2901.3734985088277,323514.14270898706,454557.8460847793,12.475,12.475,12.475,12.475,12.475,12.475,12.475,12.475,12.475,12.475,12.475,54.0,54.0,54.0,0.0,0.0,0.0,5.958984375,5.958984375,5.958984375,246.651,246.651,246.651,54.0,0.0,5.958984375,246.651,5
11775976.335648747,3.4712562561035156,14076456.428154938,2902.92486534837,323130.38858922845,454018.647258283,12.475,12.475,12.475,12.475,12.475,12.475,12.475,12.475,12.475,12.475,12.475,49.0,49.0,49.0,0.0,0.0,0.0,5.958984375,5.958984375,5.958984375,228.421,228.421,228.421,49.0,0.0,5.958984375,228.421,5
11775977.333178388,3.4712562561035156,14158344.195928957,2914.1991186213854,324385.34833160724,455781.94512415706,12.475,12.475,12.475,12.475,12.475,12.475,12.475,12.475,12.475,12.475,12.475,48.0,48.0,48.0,0.0,0.0,0.0,5.958984375,5.958984375,5.958984375,242.247,242.247,242.247,48.0,0.0,5.958984375,242.247,5
11775978.335892944,3.4712562561035156,14112215.60454212,2904.116613662268,322707.9911797017,453425.15216388466,12.475,12.475,12.475,12.475,12.475,12.475,12.475,12.475,12.475,12.475,12.475,47.0,47.0,47.0,0.0,0.0,0.0,5.958984375,5.958984375,5.958984375,243.605,243.605,243.605,47.0,0.0,5.958984375,243.605,5
11775979.336041708,3.4712562561035156,14175581.18553969,2916.566120307277,323535.8695486835,454588.37366966926,12.475,12.475,12.475,12.475,12.475,12.475,12.475,12.475,12.475,12.475,12.475,50.0,50.0,50.0,0.0,0.0,0.0,5.958984375,5.958984375,5.958984375,244.115,244.115,244.115,50.0,0.0,5.958984375,244.115,5
11775980.334449148,3.4712562561035156,14227515.167855818,2921.6529067934594,324100.1488487675,455381.22180016694,11.2375,11.2375,11.2375,11.2375,11.2375,11.2375,11.2375,11.2375,11.2375,11.2375,11.2375,47.0,47.0,47.0,0.0,0.0,0.0,5.958984375,5.958984375,5.958984375,230.537,230.537,230.537,47.0,0.0,5.958984375,230.537,5
11775981.33475053,3.4712600708007812,14227725.025850344,2921.119628371244,323486.5071276114,454519.016343859,12.4875,12.4875,12.4875,12.4875,12.4875,12.4875,12.4875,12.4875,12.4875,12.4875,12.4875,48.0,48.0,48.0,0.0,0.0,0.0,5.958984375,5.958984375,5.958984375,244.122,244.122,244.122,48.0,0.0,5.958984375,244.122,5
11775982.33159358,3.4712600708007812,14304327.028543321,2936.2696530594667,324608.77328855294,456095.8713294858,12.475,12.475,12.475,12.475,12.475,12.475,12.475,12.475,12.475,12.475,12.475,56.0,56.0,56.0,0.0,0.0,0.0,5.958984375,5.958984375,5.958984375,244.747,244.747,244.747,56.0,0.0,5.958984375,244.747,5
11775983.334886856,3.471271514892578,14239430.627237787,2922.3758103683904,322521.84659694583,453163.60724381,12.4875,12.4875,12.4875,12.4875,12.4875,12.4875,12.4875,12.4875,12.4875,12.4875,12.4875,50.0,50.0,50.0,0.0,0.0,0.0,5.958984375,5.958984375,5.958984375,238.65,238.65,238.65,50.0,0.0,5.958984375,238.65,5
11775984.336208249,3.471271514892578,14294587.244858269,2928.1307910059336,323156.9829047967,454056.01395484095,12.475,12.475,12.475,12.475,12.475,12.475,12.475,12.475,12.475,12.475,12.475,61.0,61.0,61.0,0.0,0.0,0.0,5.958984375,5.958984375,5.958984375,237.964,237.964,237.964,61.0,0.0,5.958984375,237.964,5
11775985.32397232,3.471271514892578,14518278.616581662,2975.406865145119,327592.39709122764,460288.0516091933,12.4875,12.4875,12.4875,12.4875,12.4875,12.4875,12.4875,12.4875,12.4875,12.4875,12.4875,58.0,58.0,58.0,0.0,0.0,0.0,5.958984375,5.958984375,5.958984375,257.548,257.548,257.548,58.0,0.0,5.958984375,257.548,5
11775986.324773213,3.471271514892578,14356292.150264379,2941.6440587159423,323325.05132321315,454292.1607199577,12.4875,12.4875,12.4875,12.4875,12.4875,12.4875,12.4875,12.4875,12.4875,12.4875,12.4875,60.0,60.0,60.0,0.0,0.0,0.0,5.958984375,5.958984375,5.958984375,253.604,253.604,253.604,60.0,0.0,5.958984375,253.604,5
11775987.338069757,3.471271514892578,14206054.562602354,2910.3030261533695,319337.9092623981,448689.9737737492,12.4875,12.4875,12.4875,12.4875,12.4875,12.4875,12.4875,12.4875,12.4875,12.4875,12.4875,70.0,70.0,70.0,0.0,0.0,0.0,5.958984375,5.958984375,5.958984375,244.506,244.506,244.506,70.0,0.0,5.958984375,244.506,5
11775988.335273318,3.471271514892578,14462545.633213406,2962.2838474247656,324491.42061106814,455930.983390235,12.4875,12.4875,12.4875,12.4875,12.4875,12.4875,12.4875,12.4875,12.4875,12.4875,12.4875,50.0,50.0,50.0,0.0,0.0,0.0,5.958984375,5.958984375,5.958984375,229.969,229.969,229.969,50.0,0.0,5.958984375,229.969,5
11775989.336879322,3.471271514892578,14426084.645844344,2949.2634701478473,323065.1559662563,453926.9912943601,12.475,12.475,12.475,12.475,12.475,12.475,12.475,12.475,12.475,12.475,12.475,47.0,47.0,47.0,0.0,0.0,0.0,5.958984375,5.958984375,5.958984375,240.522,240.522,240.522,47.0,0.0,5.958984375,240.522,5
11775990.320781328,3.471271514892578,14713263.0276083,3007.4133232000395,328878.280761866,462094.7995514826,12.4875,12.4875,12.4875,12.4875,12.4875,12.4875,12.4875,12.4875,12.4875,12.4875,12.4875,48.0,48.0,48.0,0.0,0.0,0.0,5.958984375,5.958984375,5.958984375,242.55,242.55,242.55,48.0,0.0,5.958984375,242.55,5
11775991.336211907,3.471271514892578,14283167.456731882,2918.9587761183748,318666.7869809339,447747.0044921983,12.475,12.475,12.475,12.475,12.475,12.475,12.475,12.475,12.475,12.475,12.475,50.0,50.0,50.0,0.0,0.0,0.0,5.958984375,5.958984375,5.958984375,245.94,245.94,245.94,50.0,0.0,5.958984375,245.94,5
11775992.3365659,3.4712867736816406,14525574.036153024,2962.951133526907,323469.49378919386,454495.11152658885,12.4875,12.4875,12.4875,12.4875,12.4875,12.4875,12.4875,12.4875,12.4875,12.4875,12.4875,49.0,49.0,49.0,0.0,0.0,0.0,5.958984375,5.958984375,5.958984375,230.42,230.42,230.42,49.0,0.0,5.958984375,230.42,5
11775993.33567668,3.4712867736816406,14570828.6898645,2971.642447481864,323871.9938450561,455060.64957976236,12.4875,12.4875,12.4875,12.4875,12.4875,12.4875,12.4875,12.4875,12.4875,12.4875,12.4875,44.0,44.0,44.0,0.0,0.0,0.0,5.958984375,5.958984375,5.958984375,246.047,246.047,246.047,44.0,0.0,5.958984375,246.047,5
11775994.336866025,3.471302032470703,14567701.969306143,2970.4670883536505,323199.6040073395,454115.8993014517,12.4875,12.4875,12.4875,12.4875,12.4875,12.4875,12.4875,12.4875,12.4875,12.4875,12.4875,52.0,52.0,52.0,0.0,0.0,0.0,5.958984375,5.958984375,5.958984375,244.627,244.627,244.627,52.0,0.0,5.958984375,244.627,5
11775995.33968597,3.471302032470703,14571094.300391179,2970.6230034377695,322674.0765170887,453377.4999164157,12.4875,12.4875,12.4875,12.4875,12.4875,12.4875,12.4875,12.4875,12.4875,12.4875,12.4875,50.0,50.0,50.0,0.0,0.0,0.0,5.958984375,5.958984375,5.958984375,232.308,232.308,232.308,50.0,0.0,5.958984375,232.308,5
11775996.33715543,3.471302032470703,14676474.4242429,2986.5576072833637,324404.92003866396,455809.4446112874,12.4875,12.4875,12.4875,12.4875,12.4875,12.4875,12.4875,12.4875,12.4875,12.4875,12.4875,50.0,50.0,50.0,0.0,0.0,0.0,5.958984375,5.958984375,5.958984375,241.269,241.269,241.269,50.0,0.0,5.958984375,241.269,5
11775997.336505992,3.471302032470703,14676022.156325923,2985.9391803040385,323794.28408830496,454951.46245318797,12.475,12.475,12.475,12.475,12.475,12.475,12.475,12.475,12.475,12.475,12.475,49.0,49.0,49.0,0.0,0.0,0.0,5.958984375,5.958984375,5.958984375,243.34,243.34,243.34,49.0,0.0,5.958984375,243.34,5
11775998.338992776,3.471302032470703,14657197.715074247,2981.5854409975227,322781.3125927542,453528.1733898192,12.4875,12.4875,12.4875,12.4875,12.4875,12.4875,12.4875,12.4875,12.4875,12.4875,12.4875,68.0,68.0,68.0,0.0,0.0,0.0,5.958984375,5.958984375,5.958984375,245.077,245.077,245.077,68.0,0.0,5.958984375,245.077,5
11775999.338500367,3.471302032470703,14728055.22505498,2995.4749984640516,323743.41412925575,454879.98694110615,12.4875,12.4875,12.4875,12.4875,12.4875,12.4875,12.4875,12.4875,12.4875,12.4875,12.4875,49.0,49.0,49.0,0.0,0.0,0.0,5.958984375,5.958984375,5.958984375,228.365,228.365,228.365,49.0,0.0,5.958984375,228.365,5
11776000.33730823,3.471302032470703,14765556.575163286,2997.573520099051,323970.21707673057,455198.65943692526,12.4875,12.4875,12.4875,12.4875,12.4875,12.4875,12.4875,12.4875,12.4875,12.4875,12.4875,46.0,46.0,46.0,0.0,0.0,0.0,5.958984375,5.958984375,5.958984375,243.671,243.671,243.671,46.0,0.0,5.958984375,243.671,5
11776001.319708474,3.471302032470703,15039806.930735772,3052.727254502781,329381.0256488923,462801.1879370511,11.2375,11.2375,11.2375,11.2375,11.2375,11.2375,11.2375,11.2375,11.2375,11.2375,11.2375,49.0,49.0,49.0,0.0,0.0,0.0,5.958984375,5.958984375,5.958984375,244.317,244.317,244.317,49.0,0.0,5.958984375,244.317,5
11776002.336184524,3.471302032470703,14562336.220041256,2955.3081943672637,318339.03021509206,447286.4854920914,12.4875,12.4875,12.4875,12.4875,12.4875,12.4875,12.4875,12.4875,12.4875,12.4875,12.4875,49.0,49.0,49.0,0.0,0.0,0.0,5.958984375,5.958984375,5.958984375,248.95,248.95,248.95,49.0,0.0,5.958984375,248.95,5
11776003.337041697,3.471302032470703,14816716.517559014,3001.4272589911848,323306.8702308267,454266.61513445276,12.4875,12.4875,12.4875,12.4875,12.4875,12.4875,12.4875,12.4875,12.4875,12.4875,12.4875,46.0,46.0,46.0,0.0,0.0,0.0,5.958984375,5.958984375,5.958984375,225.775,225.775,225.775,46.0,0.0,5.958984375,225.775,5
11776004.338149812,3.471302032470703,14840130.420880508,3007.6671572870064,323225.8284369175,454152.7462847829,12.475,12.475,12.475,12.475,12.475,12.475,12.475,12.475,12.475,12.475,12.475,47.0,47.0,47.0,0.0,0.0,0.0,5.958984375,5.958984375,5.958984375,242.033,242.033,242.033,47.0,0.0,5.958984375,242.033,5
11776005.336954461,3.471302032470703,14901565.596298492,3019.609492205108,323971.25925918354,455200.1237692326,12.475,12.475,12.475,12.475,12.475,12.475,12.475,12.475,12.475,12.475,12.475,53.0,53.0,53.0,0.0,0.0,0.0,5.958984375,5.958984375,5.958984375,246.332,246.332,246.332,53.0,0.0,5.958984375,246.332,5
11776006.339251757,3.471302032470703,14876752.706560973,3015.073485979798,322842.3358329871,453613.9149045768,12.4875,12.4875,12.4875,12.4875,12.4875,12.4875,12.4875,12.4875,12.4875,12.4875,12.4875,47.0,47.0,47.0,0.0,0.0,0.0,5.958984375,5.958984375,5.958984375,228.917,228.917,228.917,47.0,0.0,5.958984375,228.917,5
11776007.338159388,3.471302032470703,14954435.758099576,3025.3047483265555,323937.85959050304,455153.19512083335,12.4875,12.4875,12.4875,12.4875,12.4875,12.4875,12.4875,12.4875,12.4875,12.4875,12.4875,44.0,44.0,44.0,0.0,0.0,0.0,5.958984375,5.958984375,5.958984375,240.529,240.529,240.529,44.0,0.0,5.958984375,240.529,5
11776008.33775925,3.471302032470703,14971289.5692336,3028.2117000181624,323713.52981125773,454837.9975829064,12.475,12.475,12.475,12.475,12.475,12.475,12.475,12.475,12.475,12.475,12.475,48.0,48.0,48.0,0.0,0.0,0.0,5.958984375,5.958984375,5.958984375,241.791,241.791,241.791,48.0,0.0,5.958984375,241.791,5
11776009.337404422,3.471302032470703,14997816.649980491,3033.07622131879,323698.85751953145,454817.38208440493,12.475,12.475,12.475,12.475,12.475,12.475,12.475,12.475,12.475,12.475,12.475,51.0,51.0,51.0,0.0,0.0,0.0,5.958984375,5.958984375,5.958984375,244.844,244.844,244.844,51.0,0.0,5.958984375,244.844,5
11776010.336165264,3.471302032470703,15038320.858804,3035.7617891541627,323985.4692551651,455220.0897129535,12.4875,12.4875,12.4875,12.4875,12.4875,12.4875,12.4875,12.4875,12.4875,12.4875,12.4875,47.0,47.0,47.0,0.0,0.0,0.0,5.958984375,5.958984375,5.958984375,231.305,231.305,231.305,47.0,0.0,5.958984375,231.305,5
11776011.337446395,3.471302032470703,15027629.636930011,3033.1141832145986,323169.9769052725,454074.2713479146,12.475,12.475,12.475,12.475,12.475,12.475,12.475,12.475,12.475,12.475,12.475,47.0,47.0,47.0,0.0,0.0,0.0,5.958984375,5.958984375,5.958984375,246.599,246.599,246.599,47.0,0.0,5.958984375,246.599,5
11776012.333339583,3.471302032470703,15136239.693518948,3054.5444403090287,324918.3787550811,456530.8866052405,12.4875,12.4875,12.4875,12.4875,12.4875,12.4875,12.4875,12.4875,12.4875,12.4875,12.4875,53.0,53.0,53.0,0.0,0.0,0.0,5.958984375,5.958984375,5.958984375,244.078,244.078,244.078,53.0,0.0,5.958984375,244.078,5
11776013.337576281,3.471302032470703,15037588.277554478,3034.1452424625018,322218.85596881725,452737.88623466727,12.4875,12.4875,12.4875,12.4875,12.4875,12.4875,12.4875,12.4875,12.4875,12.4875,12.4875,49.0,49.0,49.0,0.0,0.0,0.0,5.958984375,5.958984375,5.958984375,240.216,240.216,240.216,49.0,0.0,5.958984375,240.216,5
11776014.339502228,3.471302032470703,15099408.337626582,3041.1429194778275,322961.9922731583,453782.03977620974,12.4875,12.4875,12.4875,12.4875,12.4875,12.4875,12.4875,12.4875,12.4875,12.4875,12.4875,49.0,49.0,49.0,0.0,0.0,0.0,5.958984375,5.958984375,5.958984375,237.839,237.839,237.839,49.0,0.0,5.958984375,237.839,5
11776015.338117719,3.471302032470703,15176697.28502029,3056.2313820775457,324032.62632312597,455286.3483780631,12.4875,12.4875,12.4875,12.4875,12.4875,12.4875,12.4875,12.4875,12.4875,12.4875,12.4875,46.0,46.0,46.0,0.0,0.0,0.0,5.958984375,5.958984375,5.958984375,245.985,245.985,245.985,46.0,0.0,5.958984375,245.985,5
11776016.33747348,3.471302032470703,15192668.704614682,3058.9707072068263,323792.5997124022,454949.0957984386,12.4875,12.4875,12.4875,12.4875,12.4875,12.4875,12.4875,12.4875,12.4875,12.4875,12.4875,59.0,59.0,59.0,0.0,0.0,0.0,5.958984375,5.958984375,5.958984375,246.225,246.225,246.225,59.0,0.0,5.958984375,246.225,5
11776017.338385744,3.471302032470703,15196214.041154303,3059.209193616474,323289.0750186783,454241.611735105,12.4875,12.4875,12.4875,12.4875,12.4875,12.4875,12.4875,12.4875,12.4875,12.4875,12.4875,49.0,49.0,49.0,0.0,0.0,0.0,5.958984375,5.958984375,5.958984375,230.81,230.81,230.81,49.0,0.0,5.958984375,230.81,5
11776018.338374415,3.471302032470703,15237440.618988613,3062.03468859005,323587.66579775396,454661.1506778569,12.4875,12.4875,12.4875,12.4875,12.4875,12.4875,12.4875,12.4875,12.4875,12.4875,12.4875,49.0,49.0,49.0,0.0,0.0,0.0,5.958984375,5.958984375,5.958984375,239.922,239.922,239.922,49.0,0.0,5.958984375,239.922,5
11776019.338689338,3.471302032470703,15259658.382552592,3066.0344352273883,323482.12803671963,454512.8634439985,12.475,12.475,12.475,12.475,12.475,12.475,12.475,12.475,12.475,12.475,12.475,48.0,48.0,48.0,0.0,0.0,0.0,5.958984375,5.958984375,5.958984375,241.964,241.964,241.964,48.0,0.0,5.958984375,241.964,5
11776020.3382152,3.471302032470703,15298919.802073259,3073.4572434402535,323737.49630904006,454871.6720291575,12.4875,12.4875,12.4875,12.4875,12.4875,12.4875,12.4875,12.4875,12.4875,12.4875,12.4875,50.0,50.0,50.0,0.0,0.0,0.0,5.958984375,5.958984375,5.958984375,245.338,245.338,245.338,50.0,0.0,5.958984375,245.338,5
11776021.337904362,3.471302032470703,15323640.173073685,3072.955191929693,323684.61354992766,454797.36840559455,12.4875,12.4875,12.4875,12.4875,12.4875,12.4875,12.4875,12.4875,12.4875,12.4875,12.4875,50.0,50.0,50.0,0.0,0.0,0.0,5.958984375,5.958984375,5.958984375,231.256,231.256,231.256,50.0,0.0,5.958984375,231.256,5
11776022.337496083,3.471302032470703,15352363.044026027,3080.257603811011,323716.1664409166,454841.70221445244,12.475,12.475,12.475,12.475,12.475,12.475,12.475,12.475,12.475,12.475,12.475,48.0,48.0,48.0,0.0,0.0,0.0,5.958984375,5.958984375,5.958984375,244.933,244.933,244.933,48.0,0.0,5.958984375,244.933,5
11776023.317140287,3.471302032470703,15692749.412650373,3148.0817104795283,330307.6758118702,464103.19006477966,12.475,12.475,12.475,12.475,12.475,12.475,12.475,12.475,12.475,12.475,12.475,54.0,54.0,54.0,0.0,0.0,0.0,5.958984375,5.958984375,5.958984375,244.044,244.044,244.044,54.0,0.0,5.958984375,244.044,5
11776024.340236861,3.471302032470703,15052859.509349821,3021.220163502195,316279.0376534113,444392.0655636538,12.4875,12.4875,12.4875,12.4875,12.4875,12.4875,12.4875,12.4875,12.4875,12.4875,12.4875,50.0,50.0,50.0,0.0,0.0,0.0,5.958984375,5.958984375,5.958984375,244.293,244.293,244.293,50.0,0.0,5.958984375,244.293,5
11776025.337904053,3.471302032470703,15463814.116237491,3098.2275714583006,324340.6245495836,455719.1053797946,12.475,12.475,12.475,12.475,12.475,12.475,12.475,12.475,12.475,12.475,12.475,49.0,49.0,49.0,0.0,0.0,0.0,5.958984375,5.958984375,5.958984375,230.532,230.532,230.532,49.0,0.0,5.958984375,230.532,5
11776026.327710574,3.471302032470703,15614119.185340278,3128.8943163671593,326916.4153914597,459338.2545373675,12.4875,12.4875,12.4875,12.4875,12.4875,12.4875,12.4875,12.4875,12.4875,12.4875,12.4875,62.0,62.0,62.0,0.0,0.0,0.0,5.958984375,5.958984375,5.958984375,255.892,255.892,255.892,62.0,0.0,5.958984375,255.892,5
11776027.328688068,3.471302032470703,15467055.049235951,3099.9697986716305,323268.0075196136,454212.010565533,12.475,12.475,12.475,12.475,12.475,12.475,12.475,12.475,12.475,12.475,12.475,63.0,63.0,63.0,0.0,0.0,0.0,5.958984375,5.958984375,5.958984375,257.134,257.134,257.134,63.0,0.0,5.958984375,257.134,5
11776028.32930658,3.4713668823242188,15499803.188661207,3106.0788535435004,323383.9831869434,454374.9637183635,12.4875,12.4875,12.4875,12.4875,12.4875,12.4875,12.4875,12.4875,12.4875,12.4875,12.4875,60.0,60.0,60.0,0.0,0.0,0.0,5.958984375,5.958984375,5.958984375,261.779,261.779,261.779,60.0,0.0,5.958984375,261.779,5
11776029.329422174,3.4713668823242188,15534811.270652225,3113.6400822142846,323546.5999881911,454603.4506163191,12.4875,12.4875,12.4875,12.4875,12.4875,12.4875,12.4875,12.4875,12.4875,12.4875,12.4875,71.0,71.0,71.0,0.0,0.0,0.0,5.958984375,5.958984375,5.958984375,260.284,260.284,260.284,71.0,0.0,5.958984375,260.284,5
11776030.33235524,3.4713668823242188,15518324.72412485,3109.878519996793,322637.6822746529,453326.36370236037,12.4875,12.4875,12.4875,12.4875,12.4875,12.4875,12.4875,12.4875,12.4875,12.4875,12.4875,65.0,65.0,65.0,0.0,0.0,0.0,5.958984375,5.958984375,5.958984375,261.259,261.259,261.259,65.0,0.0,5.958984375,261.259,5
11776031.338995708,3.4713668823242188,15488222.954305016,3098.425008522656,321449.4254433457,451656.78764824517,12.4875,12.4875,12.4875,12.4875,12.4875,12.4875,12.4875,12.4875,12.4875,12.4875,12.4875,47.0,47.0,47.0,0.0,0.0,0.0,5.958984375,5.958984375,5.958984375,227.942,227.942,227.942,47.0,0.0,5.958984375,227.942,5
11776032.339953423,3.4713668823242188,15603364.433291545,3121.0109628778473,323274.3954583436,454220.9860237486,12.475,12.475,12.475,12.475,12.475,12.475,12.475,12.475,12.475,12.475,12.475,48.0,48.0,48.0,0.0,0.0,0.0,5.958984375,5.958984375,5.958984375,242.054,242.054,242.054,48.0,0.0,5.958984375,242.054,5
11776033.341943735,3.4713668823242188,15614468.325226096,3124.7807092371786,322941.2459335047,453752.889855937,12.475,12.475,12.475,12.475,12.475,12.475,12.475,12.475,12.475,12.475,12.475,48.0,48.0,48.0,0.0,0.0,0.0,5.958984375,5.958984375,5.958984375,243.732,243.732,243.732,48.0,0.0,5.958984375,243.732,5
11776034.34325442,3.4713668823242188,15652266.798524806,3131.8950700758674,323160.43825109355,454060.8689350808,12.475,12.475,12.475,12.475,12.475,12.475,12.475,12.475,12.475,12.475,12.475,49.0,49.0,49.0,0.0,0.0,0.0,5.958984375,5.958984375,5.958984375,229.533,229.533,229.533,49.0,0.0,5.958984375,229.533,5
11776035.34077049,3.4713668823242188,15739107.849065172,3143.8090028758816,324389.76160286646,455788.1460495972,11.225,11.225,11.225,11.225,11.225,11.225,11.225,11.225,11.225,11.225,11.225,59.0,59.0,59.0,0.0,0.0,0.0,5.958984375,5.958984375,5.958984375,244.333,244.333,244.333,59.0,0.0,5.958984375,244.333,5
11776036.32801368,3.4713668823242188,15930470.98507137,3181.58689826232,327765.2387415838,460530.9050672886,12.475,12.475,12.475,12.475,12.475,12.475,12.475,12.475,12.475,12.475,12.475,62.0,62.0,62.0,0.0,0.0,0.0,5.958984375,5.958984375,5.958984375,259.662,259.662,259.662,62.0,0.0,5.958984375,259.662,5
11776037.308508951,3.4713668823242188,16067884.74819532,3208.582534930369,330020.9697974916,463700.34996862744,12.4875,12.4875,12.4875,12.4875,12.4875,12.4875,12.4875,12.4875,12.4875,12.4875,12.4875,60.0,60.0,60.0,0.0,0.0,0.0,5.958984375,5.958984375,5.958984375,262.654,262.654,262.654,60.0,0.0,5.958984375,262.654,5
11776038.329130135,3.4713783264160156,15462845.807426454,3090.2748724423896,317046.13326708885,445469.88345122605,12.4875,12.4875,12.4875,12.4875,12.4875,12.4875,12.4875,12.4875,12.4875,12.4875,12.4875,66.0,66.0,66.0,0.0,0.0,0.0,5.958984375,5.958984375,5.958984375,262.539,262.539,262.539,66.0,0.0,5.958984375,262.539,5
11776039.335096175,3.4713783264160156,15715166.69671105,3140.2650550353846,321664.9343363627,451959.5912827375,12.4875,12.4875,12.4875,12.4875,12.4875,12.4875,12.4875,12.4875,12.4875,12.4875,12.4875,48.0,48.0,48.0,0.0,0.0,0.0,5.958984375,5.958984375,5.958984375,255.48,255.48,255.48,48.0,0.0,5.958984375,255.48,5
11776040.342560183,3.4713783264160156,15718809.672475401,3135.5958859500624,321186.6600694096,451287.58566714515,12.4875,12.4875,12.4875,12.4875,12.4875,12.4875,12.4875,12.4875,12.4875,12.4875,12.4875,56.0,56.0,56.0,0.0,0.0,0.0,5.958984375,5.958984375,5.958984375,228.984,228.984,228.984,56.0,0.0,5.958984375,228.984,5
11776041.339588314,3.4713783264160156,15910638.332225937,3176.4399633368544,324548.5156603703,456011.2055481152,12.4875,12.4875,12.4875,12.4875,12.4875,12.4875,12.4875,12.4875,12.4875,12.4875,12.4875,57.0,57.0,57.0,0.0,0.0,0.0,5.958984375,5.958984375,5.958984375,245.903,245.903,245.903,57.0,0.0,5.958984375,245.903,5
11776042.341315148,3.4713783264160156,15863179.919924872,3169.526753110883,323026.18736334867,453872.2379409076,12.4875,12.4875,12.4875,12.4875,12.4875,12.4875,12.4875,12.4875,12.4875,12.4875,12.4875,50.0,50.0,50.0,0.0,0.0,0.0,5.958984375,5.958984375,5.958984375,243.995,243.995,243.995,50.0,0.0,5.958984375,243.995,5
11776043.329641849,3.4713783264160156,16105829.169128621,3217.5595364358614,327405.9072446735,460026.02157162986,12.475,12.475,12.475,12.475,12.475,12.475,12.475,12.475,12.475,12.475,12.475,64.0,64.0,64.0,0.0,0.0,0.0,5.958984375,5.958984375,5.958984375,237.118,237.118,237.118,64.0,0.0,5.958984375,237.118,5
11776044.32981288,3.4713783264160156,15942345.351932121,3179.4562118718654,323528.66630891373,454578.25266189146,12.4875,12.4875,12.4875,12.4875,12.4875,12.4875,12.4875,12.4875,12.4875,12.4875,12.4875,63.0,63.0,63.0,0.0,0.0,0.0,5.958984375,5.958984375,5.958984375,257.534,257.534,257.534,63.0,0.0,5.958984375,257.534,5
11776045.341570375,3.4713783264160156,15786715.770133032,3147.9875524640934,319823.6747807037,449372.5050716216,12.475,12.475,12.475,12.475,12.475,12.475,12.475,12.475,12.475,12.475,12.475,57.0,57.0,57.0,0.0,0.0,0.0,5.958984375,5.958984375,5.958984375,251.103,251.103,251.103,57.0,0.0,5.958984375,251.103,5
11776046.342087839,3.4713783264160156,15991309.0842452,3188.3501457751768,323416.64375251246,454420.85388011247,12.475,12.475,12.475,12.475,12.475,12.475,12.475,12.475,12.475,12.475,12.475,55.0,55.0,55.0,0.0,0.0,0.0,5.958984375,5.958984375,5.958984375,240.646,240.646,240.646,55.0,0.0,5.958984375,240.646,5
11776047.34155567,3.4713783264160156,16035373.52701088,3196.701184937253,323756.2930287124,454898.08260996296,12.475,12.475,12.475,12.475,12.475,12.475,12.475,12.475,12.475,12.475,12.475,61.0,61.0,61.0,0.0,0.0,0.0,5.958984375,5.958984375,5.958984375,243.542,243.542,243.542,61.0,0.0,5.958984375,243.542,5
11776048.341463065,3.4713783264160156,16055577.828854153,3195.295900788716,323613.9683132444,454698.1073768371,12.475,12.475,12.475,12.475,12.475,12.475,12.475,12.475,12.475,12.475,12.475,56.0,56.0,56.0,0.0,0.0,0.0,5.958984375,5.958984375,5.958984375,229.256,229.256,229.256,56.0,0.0,5.958984375,229.256,5
11776049.343584068,3.4713783264160156,16047312.5963105,3195.2229214965873,322899.12986556895,453693.7141149133,12.4875,12.4875,12.4875,12.4875,12.4875,12.4875,12.4875,12.4875,12.4875,12.4875,12.4875,55.0,55.0,55.0,0.0,0.0,0.0,5.958984375,5.958984375,5.958984375,244.022,244.022,244.022,55.0,0.0,5.958984375,244.022,5
11776050.320906255,3.4713783264160156,16482391.589737212,3283.4617302083734,331092.452635633,465205.8511715856,12.4875,12.4875,12.4875,12.4875,12.4875,12.4875,12.4875,12.4875,12.4875,12.4875,12.4875,70.0,70.0,70.0,0.0,0.0,0.0,5.958984375,5.958984375,5.958984375,248.367,248.367,248.367,70.0,0.0,5.958984375,248.367,5
11776051.332157392,3.4713783264160156,15956336.08213779,3178.241174208709,319983.8183307874,449597.516895157,12.4875,12.4875,12.4875,12.4875,12.4875,12.4875,12.4875,12.4875,12.4875,12.4875,12.4875,67.0,67.0,67.0,0.0,0.0,0.0,5.958984375,5.958984375,5.958984375,262.513,262.513,262.513,67.0,0.0,5.958984375,262.513,5
11776052.333005125,3.4713783264160156,16149428.602123342,3216.273459982262,323309.91962562915,454270.8997271498,13.7375,13.7375,13.7375,13.7375,13.7375,13.7375,13.7375,13.7375,13.7375,13.7375,13.7375,75.0,75.0,75.0,0.0,0.0,0.0,5.958984375,5.958984375,5.958984375,258.055,258.055,258.055,75.0,0.0,5.958984375,258.055,5
11776053.335113928,3.4713783264160156,16156304.536219308,3217.215526185839,322903.06105003675,453699.2376778997,12.4875,12.4875,12.4875,12.4875,12.4875,12.4875,12.4875,12.4875,12.4875,12.4875,12.4875,61.0,61.0,61.0,0.0,0.0,0.0,5.958984375,5.958984375,5.958984375,246.045,246.045,246.045,61.0,0.0,5.958984375,246.045,5
11776054.330960896,3.4713783264160156,16285259.200238904,3237.4452131014878,324933.45900627534,456552.07531261473,12.4875,12.4875,12.4875,12.4875,12.4875,12.4875,12.4875,12.4875,12.4875,12.4875,12.4875,61.0,61.0,61.0,0.0,0.0,0.0,5.958984375,5.958984375,5.958984375,262.029,262.029,262.029,61.0,0.0,5.958984375,262.029,5
11776055.329557918,3.4713783264160156,16267705.230173552,3233.53658021218,324038.61900631094,455294.7684772217,12.4875,12.4875,12.4875,12.4875,12.4875,12.4875,12.4875,12.4875,12.4875,12.4875,12.4875,61.0,61.0,61.0,0.0,0.0,0.0,5.958984375,5.958984375,5.958984375,258.21,258.21,258.21,61.0,0.0,5.958984375,258.21,5
11776056.329830611,3.4713783264160156,16267701.909733133,3233.118350893838,323495.78492752986,454532.0522399471,12.4875,12.4875,12.4875,12.4875,12.4875,12.4875,12.4875,12.4875,12.4875,12.4875,12.4875,60.0,60.0,60.0,0.0,0.0,0.0,5.958984375,5.958984375,5.958984375,258.085,258.085,258.085,60.0,0.0,5.958984375,258.085,5
11776057.312570635,3.4714202880859375,16585662.128546055,3295.886928947216,329267.14295043406,462641.17553795164,12.4875,12.4875,12.4875,12.4875,12.4875,12.4875,12.4875,12.4875,12.4875,12.4875,12.4875,62.0,62.0,62.0,0.0,0.0,0.0,5.958984375,5.958984375,5.958984375,263.052,263.052,263.052,62.0,0.0,5.958984375,263.052,5
11776058.331034036,3.4714202880859375,16030669.322023187,3185.190549233506,317717.84792946203,446413.6850654466,12.4875,12.4875,12.4875,12.4875,12.4875,12.4875,12.4875,12.4875,12.4875,12.4875,12.4875,50.0,50.0,50.0,0.0,0.0,0.0,5.958984375,5.958984375,5.958984375,252.828,252.828,252.828,50.0,0.0,5.958984375,252.828,5
11776059.34192101,3.4714202880859375,16177778.960971292,3214.009169686785,320099.08992426243,449759.4807796598,12.4875,12.4875,12.4875,12.4875,12.4875,12.4875,12.4875,12.4875,12.4875,12.4875,12.4875,57.0,57.0,57.0,0.0,0.0,0.0,5.958984375,5.958984375,5.958984375,227.359,227.359,227.359,57.0,0.0,5.958984375,227.359,5
11776060.341795731,3.4714202880859375,16383209.452231456,3249.407078529313,323624.5429667064,454712.9654342331,12.4875,12.4875,12.4875,12.4875,12.4875,12.4875,12.4875,12.4875,12.4875,12.4875,12.4875,57.0,57.0,57.0,0.0,0.0,0.0,5.958984375,5.958984375,5.958984375,242.342,242.342,242.342,57.0,0.0,5.958984375,242.342,5
11776061.330997653,3.4714202880859375,16587526.40444566,3289.520499030965,327116.2265391628,459619.00184616545,12.4875,12.4875,12.4875,12.4875,12.4875,12.4875,12.4875,12.4875,12.4875,12.4875,12.4875,63.0,63.0,63.0,0.0,0.0,0.0,5.958984375,5.958984375,5.958984375,247.721,247.721,247.721,63.0,0.0,5.958984375,247.721,5
11776062.341195649,3.4714202880859375,16269749.175505856,3225.1103401333053,320317.40463526564,450066.22676600615,12.475,12.475,12.475,12.475,12.475,12.475,12.475,12.475,12.475,12.475,12.475,72.0,72.0,72.0,0.0,0.0,0.0,5.958984375,5.958984375,5.958984375,245.881,245.881,245.881,72.0,0.0,5.958984375,245.881,5
11776063.34128401,3.4714202880859375,16461464.431697415,3257.7121419640207,323555.4099893449,454615.8292255353,12.4875,12.4875,12.4875,12.4875,12.4875,12.4875,12.4875,12.4875,12.4875,12.4875,12.4875,58.0,58.0,58.0,0.0,0.0,0.0,5.958984375,5.958984375,5.958984375,231.322,231.322,231.322,58.0,0.0,5.958984375,231.322,5
11776064.342581293,3.4714202880859375,16468810.307920001,3258.7724529753605,323164.76415065245,454066.94709775224,12.475,12.475,12.475,12.475,12.475,12.475,12.475,12.475,12.475,12.475,12.475,56.0,56.0,56.0,0.0,0.0,0.0,5.958984375,5.958984375,5.958984375,247.245,247.245,247.245,56.0,0.0,5.958984375,247.245,5
11776065.330778254,3.4714202880859375,16714712.392519627,3306.02109398398,327448.89185053937,460086.4176634161,12.4875,12.4875,12.4875,12.4875,12.4875,12.4875,12.4875,12.4875,12.4875,12.4875,12.4875,49.0,49.0,49.0,0.0,0.0,0.0,5.958984375,5.958984375,5.958984375,245.303,245.303,245.303,49.0,0.0,5.958984375,245.303,5
11776066.34426984,3.4714202880859375,16324441.397421708,3228.4431816506035,319276.4543066103,448603.6256713132,12.4875,12.4875,12.4875,12.4875,12.4875,12.4875,12.4875,12.4875,12.4875,12.4875,12.4875,56.0,56.0,56.0,0.0,0.0,0.0,5.958984375,5.958984375,5.958984375,243.356,243.356,243.356,56.0,0.0,5.958984375,243.356,5
11776067.34267178,3.4714202880859375,16598440.30569052,3277.237222144778,324101.9343797359,455383.73058418586,12.4875,12.4875,12.4875,12.4875,12.4875,12.4875,12.4875,12.4875,12.4875,12.4875,12.4875,58.0,58.0,58.0,0.0,0.0,0.0,5.958984375,5.958984375,5.958984375,232.739,232.739,232.739,58.0,0.0,5.958984375,232.739,5
11776068.344499804,3.4714202880859375,16568863.716758357,3272.018670805225,322993.5599676138,453826.3943848751,12.475,12.475,12.475,12.475,12.475,12.475,12.475,12.475,12.475,12.475,12.475,55.0,55.0,55.0,0.0,0.0,0.0,5.958984375,5.958984375,5.958984375,241.84,241.84,241.84,55.0,0.0,5.958984375,241.84,5
11776069.342348196,3.4714202880859375,16662238.613682073,3290.078961751539,324281.72731020715,455636.35103079735,12.4875,12.4875,12.4875,12.4875,12.4875,12.4875,12.4875,12.4875,12.4875,12.4875,12.4875,53.0,53.0,53.0,0.0,0.0,0.0,5.958984375,5.958984375,5.958984375,247.355,247.355,247.355,53.0,0.0,5.958984375,247.355,5
11776070.34362816,3.4714202880859375,16632319.212822441,3283.7968548172976,323170.35324489063,454074.80012889695,12.475,12.475,12.475,12.475,12.475,12.475,12.475,12.475,12.475,12.475,12.475,56.0,56.0,56.0,0.0,0.0,0.0,5.958984375,5.958984375,5.958984375,233.729,233.729,233.729,56.0,0.0,5.958984375,233.729,5
11776071.34288954,3.4714202880859375,16693092.864906186,3290.4303801817423,323823.1825245526,454992.0665851309,12.4875,12.4875,12.4875,12.4875,12.4875,12.4875,12.4875,12.4875,12.4875,12.4875,12.4875,57.0,57.0,57.0,0.0,0.0,0.0,5.958984375,5.958984375,5.958984375,241.6,241.6,241.6,57.0,0.0,5.958984375,241.6,5
11776072.326335788,3.4714202880859375,16989163.39971833,3348.429064743599,329030.6925253546,462308.9477254983,12.475,12.475,12.475,12.475,12.475,12.475,12.475,12.475,12.475,12.475,12.475,54.0,54.0,54.0,0.0,0.0,0.0,5.958984375,5.958984375,5.958984375,241.425,241.425,241.425,54.0,0.0,5.958984375,241.425,5
11776073.342392476,3.4714202880859375,16470664.667997962,3245.8818856464914,318470.41967405524,447471.09599772317,12.475,12.475,12.475,12.475,12.475,12.475,12.475,12.475,12.475,12.475,12.475,56.0,56.0,56.0,0.0,0.0,0.0,5.958984375,5.958984375,5.958984375,240.321,240.321,240.321,56.0,0.0,5.958984375,240.321,5
11776074.34422629,3.4714202880859375,16731617.338180909,3291.9631542998654,322991.69354789803,453823.77194704657,12.475,12.475,12.475,12.475,12.475,12.475,12.475,12.475,12.475,12.475,12.475,56.0,56.0,56.0,0.0,0.0,0.0,5.958984375,5.958984375,5.958984375,231.164,231.164,231.164,56.0,0.0,5.958984375,231.164,5
11776075.343713593,3.4714202880859375,16798110.337460008,3304.6943062044147,323749.9855824551,454889.22024876607,12.4875,12.4875,12.4875,12.4875,12.4875,12.4875,12.4875,12.4875,12.4875,12.4875,12.4875,56.0,56.0,56.0,0.0,0.0,0.0,5.958984375,5.958984375,5.958984375,242.809,242.809,242.809,56.0,0.0,5.958984375,242.809,5
11776076.331573011,3.4714202880859375,17023367.57953421,3348.654613867575,327560.77828709956,460243.6251882032,12.4875,12.4875,12.4875,12.4875,12.4875,12.4875,12.4875,12.4875,12.4875,12.4875,12.4875,67.0,67.0,67.0,0.0,0.0,0.0,5.958984375,5.958984375,5.958984375,255.297,255.297,255.297,67.0,0.0,5.958984375,255.297,5
11776077.333124505,3.4714202880859375,16817801.28217812,3311.861666487857,323082.7390680756,453951.6966652708,12.4875,12.4875,12.4875,12.4875,12.4875,12.4875,12.4875,12.4875,12.4875,12.4875,12.4875,66.0,66.0,66.0,0.0,0.0,0.0,5.958984375,5.958984375,5.958984375,259.482,259.482,259.482,66.0,0.0,5.958984375,259.482,5
11776078.332986398,3.4714202880859375,16873420.34906015,3322.4588571086883,323628.69561067363,454718.8001618326,12.475,12.475,12.475,12.475,12.475,12.475,12.475,12.475,12.475,12.475,12.475,67.0,67.0,67.0,0.0,0.0,0.0,5.958984375,5.958984375,5.958984375,248.688,248.688,248.688,67.0,0.0,5.958984375,248.688,5
11776079.33247509,3.4714202880859375,16906925.633978754,3323.699431680502,323749.53549094027,454888.5878417009,12.4875,12.4875,12.4875,12.4875,12.4875,12.4875,12.4875,12.4875,12.4875,12.4875,12.4875,62.0,62.0,62.0,0.0,0.0,0.0,5.958984375,5.958984375,5.958984375,262.21,262.21,262.21,62.0,0.0,5.958984375,262.21,5
11776080.332334831,3.4714202880859375,16927870.286876008,3328.4668475726417,323629.39194860146,454719.7785606932,12.475,12.475,12.475,12.475,12.475,12.475,12.475,12.475,12.475,12.475,12.475,63.0,63.0,63.0,0.0,0.0,0.0,5.958984375,5.958984375,5.958984375,265.241,265.241,265.241,63.0,0.0,5.958984375,265.241,5
11776081.335582698,3.4714202880859375,16897840.072875828,3326.196956641337,322536.4447161613,453184.1185252393,12.475,12.475,12.475,12.475,12.475,12.475,12.475,12.475,12.475,12.475,12.475,63.0,63.0,63.0,0.0,0.0,0.0,5.958984375,5.958984375,5.958984375,264.688,264.688,264.688,63.0,0.0,5.958984375,264.688,5
11776082.332226276,3.4714202880859375,17037141.826848898,3353.254936515686,324673.7418843482,456187.1563185146,12.4875,12.4875,12.4875,12.4875,12.4875,12.4875,12.4875,12.4875,12.4875,12.4875,12.4875,60.0,60.0,60.0,0.0,0.0,0.0,5.958984375,5.958984375,5.958984375,260.12,260.12,260.12,60.0,0.0,5.958984375,260.12,5
11776083.326182043,3.4714202880859375,17110616.55697129,3369.365229241602,325551.7104625006,457420.7577384502,12.4875,12.4875,12.4875,12.4875,12.4875,12.4875,12.4875,12.4875,12.4875,12.4875,12.4875,64.0,64.0,64.0,0.0,0.0,0.0,5.958984375,5.958984375,5.958984375,260.178,260.178,260.178,64.0,0.0,5.958984375,260.178,5
11776084.333668264,3.4714202880859375,16907856.06219491,3329.077789773192,321179.578868804,451277.63613211695,12.475,12.475,12.475,12.475,12.475,12.475,12.475,12.475,12.475,12.475,12.475,62.0,62.0,62.0,0.0,0.0,0.0,5.958984375,5.958984375,5.958984375,262.808,262.808,262.808,62.0,0.0,5.958984375,262.808,5
11776085.334153028,3.4714202880859375,17053401.115239725,3357.3724647607864,323427.2139437792,454435.70566784166,12.475,12.475,12.475,12.475,12.475,12.475,12.475,12.475,12.475,12.475,12.475,63.0,63.0,63.0,0.0,0.0,0.0,5.958984375,5.958984375,5.958984375,254.158,254.158,254.158,63.0,0.0,5.958984375,254.158,5
11776086.332899638,3.4714202880859375,17110344.946968943,3363.2154228817594,323990.0861559307,455226.5767507381,12.475,12.475,12.475,12.475,12.475,12.475,12.475,12.475,12.475,12.475,12.475,65.0,65.0,65.0,0.0,0.0,0.0,5.958984375,5.958984375,5.958984375,258.213,258.213,258.213,65.0,0.0,5.958984375,258.213,5
11776087.344210882,3.4714202880859375,16924695.634338588,3326.374564930401,319964.80000548123,449570.7949444103,12.4875,12.4875,12.4875,12.4875,12.4875,12.4875,12.4875,12.4875,12.4875,12.4875,12.4875,58.0,58.0,58.0,0.0,0.0,0.0,5.958984375,5.958984375,5.958984375,250.139,250.139,250.139,58.0,0.0,5.958984375,250.139,5
11776088.345809976,3.4714202880859375,17116000.907371506,3363.621253774103,323067.38491577306,453930.1231095039,12.475,12.475,12.475,12.475,12.475,12.475,12.475,12.475,12.475,12.475,12.475,55.0,55.0,55.0,0.0,0.0,0.0,5.958984375,5.958984375,5.958984375,244.356,244.356,244.356,55.0,0.0,5.958984375,244.356,5
11776089.344531547,3.4714202880859375,17192586.490164876,3378.318938743184,323998.2084985994,455237.9891562599,12.475,12.475,12.475,12.475,12.475,12.475,12.475,12.475,12.475,12.475,12.475,55.0,55.0,55.0,0.0,0.0,0.0,5.958984375,5.958984375,5.958984375,241.33,241.33,241.33,55.0,0.0,5.958984375,241.33,5
11776090.336834421,3.4714202880859375,17331265.93585943,3405.210332635418,326093.98646803765,458182.68984749593,12.4875,12.4875,12.4875,12.4875,12.4875,12.4875,12.4875,12.4875,12.4875,12.4875,12.4875,55.0,55.0,55.0,0.0,0.0,0.0,5.958984375,5.958984375,5.958984375,238.41,238.41,238.41,55.0,0.0,5.958984375,238.41,5
11776091.336113274,3.4714202880859375,17237546.810063377,3381.4385152009518,323817.5201251212,454984.11055555014,12.475,12.475,12.475,12.475,12.475,12.475,12.475,12.475,12.475,12.475,12.475,57.0,57.0,57.0,0.0,0.0,0.0,5.958984375,5.958984375,5.958984375,258.051,258.051,258.051,57.0,0.0,5.958984375,258.051,5
11776092.335487364,3.4714202880859375,17263177.19933966,3386.119406801883,323786.66138610535,454940.752074148,11.2375,11.2375,11.2375,11.2375,11.2375,11.2375,11.2375,11.2375,11.2375,11.2375,11.2375,58.0,58.0,58.0,0.0,0.0,0.0,5.958984375,5.958984375,5.958984375,262.668,262.668,262.668,58.0,0.0,5.958984375,262.668,5
11776093.335159028,3.4714202880859375,17285303.385834713,3390.113095871847,323690.27914269565,454805.32892201544,12.475,12.475,12.475,12.475,12.475,12.475,12.475,12.475,12.475,12.475,12.475,48.0,48.0,48.0,0.0,0.0,0.0,5.958984375,5.958984375,5.958984375,252.49,252.49,252.49,48.0,0.0,5.958984375,252.49,5
11776094.34450113,3.4714202880859375,17146697.794515125,3362.5863739876186,320589.02452575415,450447.8699032748,11.2375,11.2375,11.2375,11.2375,11.2375,11.2375,11.2375,11.2375,11.2375,11.2375,11.2375,52.0,52.0,52.0,0.0,0.0,0.0,5.958984375,5.958984375,5.958984375,244.652,244.652,244.652,52.0,0.0,5.958984375,244.652,5
11776095.344702031,3.4714202880859375,17330658.250298575,3398.317274047911,323519.0046500498,454564.6774196902,12.4875,12.4875,12.4875,12.4875,12.4875,12.4875,12.4875,12.4875,12.4875,12.4875,12.4875,54.0,54.0,54.0,0.0,0.0,0.0,5.958984375,5.958984375,5.958984375,229.063,229.063,229.063,54.0,0.0,5.958984375,229.063,5
11776096.344109993,3.4714202880859375,17371675.692748614,3401.0135293682715,323775.6875219484,454925.3331004592,12.4875,12.4875,12.4875,12.4875,12.4875,12.4875,12.4875,12.4875,12.4875,12.4875,12.4875,57.0,57.0,57.0,0.0,0.0,0.0,5.958984375,5.958984375,5.958984375,239.547,239.547,239.547,57.0,0.0,5.958984375,239.547,5
11776097.345337419,3.4714202880859375,17367329.897956062,3399.8269659877756,323187.3116810189,454098.6278049759,12.4875,12.4875,12.4875,12.4875,12.4875,12.4875,12.4875,12.4875,12.4875,12.4875,12.4875,56.0,56.0,56.0,0.0,0.0,0.0,5.958984375,5.958984375,5.958984375,239.774,239.774,239.774,56.0,0.0,5.958984375,239.774,5
11776098.34495337,3.4714202880859375,17422594.138394967,3410.309727711991,323708.3200152411,454830.6774897691,12.475,12.475,12.475,12.475,12.475,12.475,12.475,12.475,12.475,12.475,12.475,67.0,67.0,67.0,0.0,0.0,0.0,5.958984375,5.958984375,5.958984375,248.424,248.424,248.424,67.0,0.0,5.958984375,248.424,5
11776099.345838284,3.4714202880859375,17427731.942583818,3405.9859926861986,323297.90890506626,454254.02390458673,12.4875,12.4875,12.4875,12.4875,12.4875,12.4875,12.4875,12.4875,12.4875,12.4875,12.4875,57.0,57.0,57.0,0.0,0.0,0.0,5.958984375,5.958984375,5.958984375,229.786,229.786,229.786,57.0,0.0,5.958984375,229.786,5
11776100.346903076,3.4714202880859375,17451828.427897867,3411.3676021286055,323239.8167400242,454172.4007359834,12.4875,12.4875,12.4875,12.4875,12.4875,12.4875,12.4875,12.4875,12.4875,12.4875,12.4875,53.0,53.0,53.0,0.0,0.0,0.0,5.958984375,5.958984375,5.958984375,244.584,244.584,244.584,53.0,0.0,5.958984375,244.584,5
11776101.34803001,3.4714202880859375,17477971.48243125,3417.149099034072,323219.7527219647,454144.2095207352,12.4875,12.4875,12.4875,12.4875,12.4875,12.4875,12.4875,12.4875,12.4875,12.4875,12.4875,51.0,51.0,51.0,0.0,0.0,0.0,5.958984375,5.958984375,5.958984375,243.852,243.852,243.852,51.0,0.0,5.958984375,243.852,5
11776102.480987009,3.4714202880859375,15468300.230633203,3019.532078236492,285610.13388017454,401300.31469239714,12.4875,12.4875,12.4875,12.4875,12.4875,12.4875,12.4875,12.4875,12.4875,12.4875,12.4875,48.0,48.0,48.0,0.0,0.0,0.0,5.958984375,5.958984375,5.958984375,203.561,203.561,203.561,48.0,0.0,5.958984375,203.561,5
11776103.485193204,3.4714202880859375,17478637.434337754,3412.645744914498,322228.64333890076,452751.63810908847,12.475,12.475,12.475,12.475,12.475,12.475,12.475,12.475,12.475,12.475,12.475,48.0,48.0,48.0,0.0,0.0,0.0,5.958984375,5.958984375,5.958984375,243.876,243.876,243.876,48.0,0.0,5.958984375,243.876,5
11776104.487321807,3.4714202880859375,17542012.021692123,3424.710151912731,322896.68117614486,453690.27355129214,12.4875,12.4875,12.4875,12.4875,12.4875,12.4875,12.4875,12.4875,12.4875,12.4875,12.4875,57.0,57.0,57.0,0.0,0.0,0.0,5.958984375,5.958984375,5.958984375,244.662,244.662,244.662,57.0,0.0,5.958984375,244.662,5
11776105.48455812,3.4714202880859375,17655341.833438255,3446.525115628985,324480.76317011623,455916.009011176,12.475,12.475,12.475,12.475,12.475,12.475,12.475,12.475,12.475,12.475,12.475,50.0,50.0,50.0,0.0,0.0,0.0,5.958984375,5.958984375,5.958984375,239.575,239.575,239.575,50.0,0.0,5.958984375,239.575,5
11776106.481697848,3.4714202880859375,17684337.019377396,3446.8589552026847,324512.1932383781,455960.1702463287,12.4875,12.4875,12.4875,12.4875,12.4875,12.4875,12.4875,12.4875,12.4875,12.4875,12.4875,50.0,50.0,50.0,0.0,0.0,0.0,5.958984375,5.958984375,5.958984375,228.109,228.109,228.109,50.0,0.0,5.958984375,228.109,5
11776107.484920293,3.4714202880859375,17604242.296972916,3430.9439716638894,322544.6177010134,453195.60208623396,12.4875,12.4875,12.4875,12.4875,12.4875,12.4875,12.4875,12.4875,12.4875,12.4875,12.4875,48.0,48.0,48.0,0.0,0.0,0.0,5.958984375,5.958984375,5.958984375,241.105,241.105,241.105,48.0,0.0,5.958984375,241.105,5
11776108.474715466,3.4714202880859375,17870552.90820243,3482.5387064583706,326920.16384990583,459343.52135872847,12.4875,12.4875,12.4875,12.4875,12.4875,12.4875,12.4875,12.4875,12.4875,12.4875,12.4875,84.0,84.0,84.0,0.0,0.0,0.0,5.958984375,5.958984375,5.958984375,259.313,259.313,259.313,84.0,0.0,5.958984375,259.313,5
11776109.470791804,3.4714202880859375,17785186.058823854,3465.5978345544804,324858.6354856538,456446.9435304756,12.4875,12.4875,12.4875,12.4875,12.4875,12.4875,12.4875,12.4875,12.4875,12.4875,12.4875,77.0,77.0,77.0,0.0,0.0,0.0,5.958984375,5.958984375,5.958984375,250.958,250.958,250.958,77.0,0.0,5.958984375,250.958,5
11776110.48499218,3.4714202880859375,17494189.919265654,3403.666652574702,319053.32274239056,448290.1117013336,12.475,12.475,12.475,12.475,12.475,12.475,12.475,12.475,12.475,12.475,12.475,48.0,48.0,48.0,0.0,0.0,0.0,5.958984375,5.958984375,5.958984375,233.244,233.244,233.244,48.0,0.0,5.958984375,233.244,5
11776111.484044945,3.4714202880859375,17786678.16679913,3460.2776966704014,323890.80075192224,455087.0744742199,12.4875,12.4875,12.4875,12.4875,12.4875,12.4875,12.4875,12.4875,12.4875,12.4875,12.4875,48.0,48.0,48.0,0.0,0.0,0.0,5.958984375,5.958984375,5.958984375,244.539,244.539,244.539,48.0,0.0,5.958984375,244.539,5
11776112.481749672,3.4714202880859375,17837989.044367727,3469.964513863765,324328.4220837934,455701.96014305146,12.475,12.475,12.475,12.475,12.475,12.475,12.475,12.475,12.475,12.475,12.475,53.0,53.0,53.0,0.0,0.0,0.0,5.958984375,5.958984375,5.958984375,243.453,243.453,243.453,53.0,0.0,5.958984375,243.453,5
11776113.483755188,3.4714202880859375,17788586.71149038,3460.0607940310324,322936.3461135672,453746.0052988096,12.475,12.475,12.475,12.475,12.475,12.475,12.475,12.475,12.475,12.475,12.475,49.0,49.0,49.0,0.0,0.0,0.0,5.958984375,5.958984375,5.958984375,239.321,239.321,239.321,49.0,0.0,5.958984375,239.321,5
11776114.48370776,3.4714202880859375,17852319.709342223,3467.1644425246864,323599.34784248867,454677.564690079,12.475,12.475,12.475,12.475,12.475,12.475,12.475,12.475,12.475,12.475,12.475,47.0,47.0,47.0,0.0,0.0,0.0,5.958984375,5.958984375,5.958984375,235.966,235.966,235.966,47.0,0.0,5.958984375,235.966,5
11776115.485243425,3.4714279174804688,17851275.4167838,3466.6763456242993,323087.84522537247,453958.8711394474,12.475,12.475,12.475,12.475,12.475,12.475,12.475,12.475,12.475,12.475,12.475,48.0,48.0,48.0,0.0,0.0,0.0,5.958984375,5.958984375,5.958984375,240.517,240.517,240.517,48.0,0.0,5.958984375,240.517,5
11776116.483924096,3.4714279174804688,17929559.976295773,3481.593364735287,324011.4775192704,455256.6329701141,12.4875,12.4875,12.4875,12.4875,12.4875,12.4875,12.4875,12.4875,12.4875,12.4875,12.4875,58.0,58.0,58.0,0.0,0.0,0.0,5.958984375,5.958984375,5.958984375,244.782,244.782,244.782,58.0,0.0,5.958984375,244.782,5
11776117.484242288,3.4714279174804688,17927411.6420109,3475.8939985260736,323481.0709286917,454511.3781403136,12.4875,12.4875,12.4875,12.4875,12.4875,12.4875,12.4875,12.4875,12.4875,12.4875,12.4875,48.0,48.0,48.0,0.0,0.0,0.0,5.958984375,5.958984375,5.958984375,230.068,230.068,230.068,48.0,0.0,5.958984375,230.068,5
11776118.485983362,3.4714279174804688,17929116.08168765,3475.9481170190174,323021.59549037385,453865.7860687531,12.475,12.475,12.475,12.475,12.475,12.475,12.475,12.475,12.475,12.475,12.475,47.0,47.0,47.0,0.0,0.0,0.0,5.958984375,5.958984375,5.958984375,243.261,243.261,243.261,47.0,0.0,5.958984375,243.261,5
11776119.486260816,3.4714279174804688,17982564.664901156,3486.0327861425926,323494.24521685246,454529.88884899527,12.475,12.475,12.475,12.475,12.475,12.475,12.475,12.475,12.475,12.475,12.475,56.0,56.0,56.0,0.0,0.0,0.0,5.958984375,5.958984375,5.958984375,245.26,245.26,245.26,56.0,0.0,5.958984375,245.26,5
11776120.485352786,3.4714279174804688,18031142.82216939,3495.1737232845885,323878.09108686144,455069.2165904003,12.475,12.475,12.475,12.475,12.475,12.475,12.475,12.475,12.475,12.475,12.475,49.0,49.0,49.0,0.0,0.0,0.0,5.958984375,5.958984375,5.958984375,242.629,242.629,242.629,49.0,0.0,5.958984375,242.629,5
11776121.4853018,3.4714279174804688,18042900.938697282,3492.1780528385943,323600.4991551328,454679.1823572119,12.475,12.475,12.475,12.475,12.475,12.475,12.475,12.475,12.475,12.475,12.475,49.0,49.0,49.0,0.0,0.0,0.0,5.958984375,5.958984375,5.958984375,240.658,240.658,240.658,49.0,0.0,5.958984375,240.658,5
11776122.48409999,3.4714431762695312,18090939.878158163,3502.2089908914195,323973.3545193279,455203.0677423468,12.4875,12.4875,12.4875,12.4875,12.4875,12.4875,12.4875,12.4875,12.4875,12.4875,12.4875,48.0,48.0,48.0,0.0,0.0,0.0,5.958984375,5.958984375,5.958984375,240.753,240.753,240.753,48.0,0.0,5.958984375,240.753,5
11776123.484522551,3.4714431762695312,18088770.381309267,3501.5203921465522,323447.3236004425,454463.96100821666,12.475,12.475,12.475,12.475,12.475,12.475,12.475,12.475,12.475,12.475,12.475,50.0,50.0,50.0,0.0,0.0,0.0,5.958984375,5.958984375,5.958984375,242.956,242.956,242.956,50.0,0.0,5.958984375,242.956,5
11776124.486797217,3.4714431762695312,18082499.35385872,3495.049928823153,322849.62494099664,453624.1565626661,11.225,11.225,11.225,11.225,11.225,11.225,11.225,11.225,11.225,11.225,11.225,49.0,49.0,49.0,0.0,0.0,0.0,5.958984375,5.958984375,5.958984375,232.282,232.282,232.282,49.0,0.0,5.958984375,232.282,5
11776125.48622844,3.4714431762695312,18161190.67340952,3509.996406358938,323768.15198268264,454914.74519085785,12.475,12.475,12.475,12.475,12.475,12.475,12.475,12.475,12.475,12.475,12.475,47.0,47.0,47.0,0.0,0.0,0.0,5.958984375,5.958984375,5.958984375,249.174,249.174,249.174,47.0,0.0,5.958984375,249.174,5
11776126.457879974,3.4714431762695312,18708455.00783821,3615.4937016536014,333024.74066492426,467920.83814945054,12.475,12.475,12.475,12.475,12.475,12.475,12.475,12.475,12.475,12.475,12.475,59.0,59.0,59.0,0.0,0.0,0.0,5.958984375,5.958984375,5.958984375,243.725,243.725,243.725,59.0,0.0,5.958984375,243.725,5
11776127.486774337,3.4714431762695312,17694075.94714349,3419.204270728927,314496.8148776433,441887.92976478994,12.475,12.475,12.475,12.475,12.475,12.475,12.475,12.475,12.475,12.475,12.475,71.0,71.0,71.0,0.0,0.0,0.0,5.958984375,5.958984375,5.958984375,245.187,245.187,245.187,71.0,0.0,5.958984375,245.187,5
11776128.484780125,3.4714431762695312,18268998.24139358,3525.0296537098848,324230.58427119366,455564.4918240823,12.4875,12.4875,12.4875,12.4875,12.4875,12.4875,12.4875,12.4875,12.4875,12.4875,12.4875,63.0,63.0,63.0,0.0,0.0,0.0,5.958984375,5.958984375,5.958984375,235.559,235.559,235.559,63.0,0.0,5.958984375,235.559,5
11776129.47640797,3.4714431762695312,18413968.616909474,3554.761013568705,326315.9681743591,458494.5881943527,12.4875,12.4875,12.4875,12.4875,12.4875,12.4875,12.4875,12.4875,12.4875,12.4875,12.4875,77.0,77.0,77.0,0.0,0.0,0.0,5.958984375,5.958984375,5.958984375,256.14,256.14,256.14,77.0,0.0,5.958984375,256.14,5
11776130.47444256,3.4714431762695312,18323052.29453959,3536.9515569345695,324221.2273651886,455551.3447789359,12.4875,12.4875,12.4875,12.4875,12.4875,12.4875,12.4875,12.4875,12.4875,12.4875,12.4875,77.0,77.0,77.0,0.0,0.0,0.0,5.958984375,5.958984375,5.958984375,259.714,259.714,259.714,77.0,0.0,5.958984375,259.714,5
11776131.486092703,3.4714622497558594,18103375.087980688,3494.291009388833,319857.61300765944,449420.19042848353,12.4875,12.4875,12.4875,12.4875,12.4875,12.4875,12.4875,12.4875,12.4875,12.4875,12.4875,50.0,50.0,50.0,0.0,0.0,0.0,5.958984375,5.958984375,5.958984375,249.916,249.916,249.916,50.0,0.0,5.958984375,249.916,5
11776132.486454489,3.4714622497558594,18334904.70113744,3538.7197432421717,323466.9744060099,454491.5716337607,12.4625,12.4625,12.4625,12.4625,12.4625,12.4625,12.4625,12.4625,12.4625,12.4625,12.4625,48.0,48.0,48.0,0.0,0.0,0.0,5.958984375,5.958984375,5.958984375,242.246,242.246,242.246,48.0,0.0,5.958984375,242.246,5
11776133.484614568,3.4714622497558594,18402666.450220183,3546.5253259931055,324180.46640851785,455494.0730550061,12.4875,12.4875,12.4875,12.4875,12.4875,12.4875,12.4875,12.4875,12.4875,12.4875,12.4875,49.0,49.0,49.0,0.0,0.0,0.0,5.958984375,5.958984375,5.958984375,241.235,241.235,241.235,49.0,0.0,5.958984375,241.235,5
11776134.486437872,3.471477508544922,18362582.42595367,3538.5481502213693,322995.0817041556,453828.5325210287,12.475,12.475,12.475,12.475,12.475,12.475,12.475,12.475,12.475,12.475,12.475,49.0,49.0,49.0,0.0,0.0,0.0,5.958984375,5.958984375,5.958984375,241.488,241.488,241.488,49.0,0.0,5.958984375,241.488,5
11776135.486960003,3.471477508544922,18413704.632139876,3548.147401893034,323415.1348997621,454418.73384650116,11.2375,11.2375,11.2375,11.2375,11.2375,11.2375,11.2375,11.2375,11.2375,11.2375,11.2375,49.0,49.0,49.0,0.0,0.0,0.0,5.958984375,5.958984375,5.958984375,245.1,245.1,245.1,49.0,0.0,5.958984375,245.1,5
11776136.486058136,3.471477508544922,18467213.965395197,3558.2090302510583,323876.09306462965,455066.4092427075,12.475,12.475,12.475,12.475,12.475,12.475,12.475,12.475,12.475,12.475,12.475,47.0,47.0,47.0,0.0,0.0,0.0,5.958984375,5.958984375,5.958984375,230.561,230.561,230.561,47.0,0.0,5.958984375,230.561,5
11776137.487360472,3.471477508544922,18453757.018762752,3550.376219326098,323163.1332079933,454064.6555200918,12.4875,12.4875,12.4875,12.4875,12.4875,12.4875,12.4875,12.4875,12.4875,12.4875,12.4875,49.0,49.0,49.0,0.0,0.0,0.0,5.958984375,5.958984375,5.958984375,245.918,245.918,245.918,49.0,0.0,5.958984375,245.918,5
11776138.471358608,3.471477508544922,18805966.50725006,3617.8930300816605,328846.15119268093,462049.65547326056,12.4875,12.4875,12.4875,12.4875,12.4875,12.4875,12.4875,12.4875,12.4875,12.4875,12.4875,50.0,50.0,50.0,0.0,0.0,0.0,5.958984375,5.958984375,5.958984375,241.854,241.854,241.854,50.0,0.0,5.958984375,241.854,5
11776139.485991623,3.471477508544922,18265025.609960597,3513.585649200629,318917.2787407956,448098.9612687128,12.475,12.475,12.475,12.475,12.475,12.475,12.475,12.475,12.475,12.475,12.475,74.0,74.0,74.0,0.0,0.0,0.0,5.958984375,5.958984375,5.958984375,244.513,244.513,244.513,74.0,0.0,5.958984375,244.513,5
11776140.486626497,3.4714813232421875,18547793.50139377,3562.7381127475956,323378.69550499803,454367.53419056686,12.4875,12.4875,12.4875,12.4875,12.4875,12.4875,12.4875,12.4875,12.4875,12.4875,12.4875,48.0,48.0,48.0,0.0,0.0,0.0,5.958984375,5.958984375,5.958984375,230.986,230.986,230.986,48.0,0.0,5.958984375,230.986,5
11776141.490032433,3.4714813232421875,18523754.277297102,3557.8820811143937,322485.6345477087,453112.7270227299,12.4875,12.4875,12.4875,12.4875,12.4875,12.4875,12.4875,12.4875,12.4875,12.4875,12.4875,48.0,48.0,48.0,0.0,0.0,0.0,5.958984375,5.958984375,5.958984375,244.467,244.467,244.467,48.0,0.0,5.958984375,244.467,5
11776142.485887662,3.471485137939453,18691593.374622457,3589.879227403501,324930.7636140236,456548.2881159066,12.475,12.475,12.475,12.475,12.475,12.475,12.475,12.475,12.475,12.475,12.475,54.0,54.0,54.0,0.0,0.0,0.0,5.958984375,5.958984375,5.958984375,246.089,246.089,246.089,54.0,0.0,5.958984375,246.089,5
11776143.486463595,3.471485137939453,18630666.972798742,3577.939344493307,323397.7443710956,454394.2990530584,12.4875,12.4875,12.4875,12.4875,12.4875,12.4875,12.4875,12.4875,12.4875,12.4875,12.4875,50.0,50.0,50.0,0.0,0.0,0.0,5.958984375,5.958984375,5.958984375,229.054,229.054,229.054,50.0,0.0,5.958984375,229.054,5
11776144.487696698,3.4714927673339844,18645675.965621106,3575.590928979162,323185.4790957523,454096.05290668993,12.4875,12.4875,12.4875,12.4875,12.4875,12.4875,12.4875,12.4875,12.4875,12.4875,12.4875,49.0,49.0,49.0,0.0,0.0,0.0,5.958984375,5.958984375,5.958984375,240.378,240.378,240.378,49.0,0.0,5.958984375,240.378,5
11776145.639040785,3.470916748046875,16238577.338877019,3151.099693865211,281048.90941005526,409121.8301538779,0.0,0.0,0.0,0.0,0.0,0.0,0.0,0.0,0.0,0.0,0.0,0.0,0.0,0.0,0.0,0.0,0.0,5.947265625,5.947265625,5.947265625,178.795,178.795,178.795,0.0,0.0,5.947265625,178.795,5
11776146.636478474,4.911609649658203,18772809.768459726,3645.3404943948694,324415.2526232864,472250.0512870625,77.425,77.425,77.425,77.425,77.425,77.425,77.425,77.425,77.425,77.425,77.425,10.0,10.0,10.0,0.0,0.0,0.0,11.236328125,11.236328125,11.236328125,139.664,139.664,139.664,10.0,0.0,11.236328125,139.664,5
11776147.655633455,4.942180633544922,18399620.620675694,3581.3983828163073,317502.2504945841,462186.8203402174,12.4875,12.4875,12.4875,12.4875,12.4875,12.4875,12.4875,12.4875,12.4875,12.4875,12.4875,83.0,83.0,83.0,0.0,0.0,0.0,11.2421875,11.2421875,11.2421875,197.827,197.827,197.827,83.0,0.0,11.2421875,197.827,5
11776148.664143508,4.942180633544922,18620896.183631305,3624.1582208879427,320853.51949324325,467065.2498952275,12.4875,12.4875,12.4875,12.4875,12.4875,12.4875,12.4875,12.4875,12.4875,12.4875,12.4875,56.0,56.0,56.0,0.0,0.0,0.0,11.2421875,11.2421875,11.2421875,246.75,246.75,246.75,56.0,0.0,11.2421875,246.75,5
11776149.662047967,4.942180633544922,18846144.868990984,3662.675286178637,324263.507469994,472029.1564436622,12.4875,12.4875,12.4875,12.4875,12.4875,12.4875,12.4875,12.4875,12.4875,12.4875,12.4875,57.0,57.0,57.0,0.0,0.0,0.0,11.2421875,11.2421875,11.2421875,267.777,267.777,267.777,57.0,0.0,11.2421875,267.777,5
11776150.66251999,4.942180633544922,18825062.152361937,3658.273213754476,323431.33322391484,470817.76355380006,11.2375,11.2375,11.2375,11.2375,11.2375,11.2375,11.2375,11.2375,11.2375,11.2375,11.2375,76.0,76.0,76.0,0.0,0.0,0.0,11.2421875,11.2421875,11.2421875,271.731,271.731,271.731,76.0,0.0,11.2421875,271.731,5
11776151.66114592,4.942180633544922,18887196.322320234,3670.0428943766206,324029.23872686614,471688.13232391904,12.475,12.475,12.475,12.475,12.475,12.475,12.475,12.475,12.475,12.475,12.475,62.0,62.0,62.0,0.0,0.0,0.0,11.2421875,11.2421875,11.2421875,250.077,250.077,250.077,62.0,0.0,11.2421875,250.077,5
11776152.661998557,4.942192077636719,18872443.656391546,3661.8777475688307,323308.33535315486,470638.71602041525,12.4875,12.4875,12.4875,12.4875,12.4875,12.4875,12.4875,12.4875,12.4875,12.4875,12.4875,61.0,61.0,61.0,0.0,0.0,0.0,11.2421875,11.2421875,11.2421875,267.028,267.028,267.028,61.0,0.0,11.2421875,267.028,5
11776153.65580648,4.942195892333984,19033689.06737162,3692.866513623105,325600.14112921496,473974.8889855661,12.475,12.475,12.475,12.475,12.475,12.475,12.475,12.475,12.475,12.475,12.475,80.0,80.0,80.0,0.0,0.0,0.0,11.2421875,11.2421875,11.2421875,272.073,272.073,272.073,80.0,0.0,11.2421875,272.073,5
11776154.663291752,4.942207336425781,18802386.019572467,3647.6960019287635,321179.8811124128,467540.3332649047,12.4875,12.4875,12.4875,12.4875,12.4875,12.4875,12.4875,12.4875,12.4875,12.4875,12.4875,53.0,53.0,53.0,0.0,0.0,0.0,11.2421875,11.2421875,11.2421875,249.399,249.399,249.399,53.0,0.0,11.2421875,249.399,5
11776155.662159892,4.942207336425781,18991914.198247094,3679.1643008898413,323950.66697663633,471573.75572548324,12.4875,12.4875,12.4875,12.4875,12.4875,12.4875,12.4875,12.4875,12.4875,12.4875,12.4875,57.0,57.0,57.0,0.0,0.0,0.0,11.2421875,11.2421875,11.2421875,262.159,262.159,262.159,57.0,0.0,11.2421875,262.159,5
11776156.641445143,4.942207336425781,19399571.242215574,3757.8427684169433,330428.7484715837,481003.87435736874,12.4875,12.4875,12.4875,12.4875,12.4875,12.4875,12.4875,12.4875,12.4875,12.4875,12.4875,83.0,83.0,83.0,0.0,0.0,0.0,11.2421875,11.2421875,11.2421875,271.916,271.916,271.916,83.0,0.0,11.2421875,271.916,5
11776157.662561897,4.9422149658203125,18631571.683381137,3608.7939850365124,316892.264003814,461298.8653220078,12.4875,12.4875,12.4875,12.4875,12.4875,12.4875,12.4875,12.4875,12.4875,12.4875,12.4875,59.0,59.0,59.0,0.0,0.0,0.0,11.2421875,11.2421875,11.2421875,253.255,253.255,253.255,59.0,0.0,11.2421875,253.255,5
11776158.6517115,4.942218780517578,19261293.700136337,3725.4223143442046,327133.52894565946,476207.0358069726,12.4875,12.4875,12.4875,12.4875,12.4875,12.4875,12.4875,12.4875,12.4875,12.4875,12.4875,70.0,70.0,70.0,0.0,0.0,0.0,11.2421875,11.2421875,11.2421875,279.669,279.669,279.669,70.0,0.0,11.2421875,279.669,5
11776159.652546512,4.942226409912109,19063678.587328337,3686.9213740332966,323314.02869788354,470647.00380071654,12.4875,12.4875,12.4875,12.4875,12.4875,12.4875,12.4875,12.4875,12.4875,12.4875,12.4875,69.0,69.0,69.0,0.0,0.0,0.0,11.2421875,11.2421875,11.2421875,284.975,284.975,284.975,69.0,0.0,11.2421875,284.975,5
11776160.652197724,4.942226409912109,19113561.576227907,3698.2899182370857,323696.9015155069,471204.3503073835,12.475,12.475,12.475,12.475,12.475,12.475,12.475,12.475,12.475,12.475,12.475,71.0,71.0,71.0,0.0,0.0,0.0,11.2421875,11.2421875,11.2421875,290.268,290.268,290.268,71.0,0.0,11.2421875,290.268,5
11776161.653555289,4.942226409912109,19108250.313844904,3696.981108940213,323145.3093342274,470401.39966374874,12.4875,12.4875,12.4875,12.4875,12.4875,12.4875,12.4875,12.4875,12.4875,12.4875,12.4875,72.0,72.0,72.0,0.0,0.0,0.0,11.2421875,11.2421875,11.2421875,288.646,288.646,288.646,72.0,0.0,11.2421875,288.646,5
11776162.65319961,4.942226409912109,19168299.772080522,3703.317194162857,323699.1331593717,471207.59890288283,12.475,12.475,12.475,12.475,12.475,12.475,12.475,12.475,12.475,12.475,12.475,67.0,67.0,67.0,0.0,0.0,0.0,11.2421875,11.2421875,11.2421875,264.05,264.05,264.05,67.0,0.0,11.2421875,264.05,5
11776163.655792195,4.942226409912109,19139158.087057415,3697.414135945595,322747.25000426744,469821.9462087437,12.475,12.475,12.475,12.475,12.475,12.475,12.475,12.475,12.475,12.475,12.475,68.0,68.0,68.0,0.0,0.0,0.0,11.2421875,11.2421875,11.2421875,285.704,285.704,285.704,68.0,0.0,11.2421875,285.704,5
11776164.654792435,4.942237854003906,19235304.68595631,3715.7148226151617,323907.83005417685,471511.39818013087,12.4875,12.4875,12.4875,12.4875,12.4875,12.4875,12.4875,12.4875,12.4875,12.4875,12.4875,68.0,68.0,68.0,0.0,0.0,0.0,11.2421875,11.2421875,11.2421875,284.224,284.224,284.224,68.0,0.0,11.2421875,284.224,5
11776165.65535394,4.942237854003906,19232570.840438336,3714.9140620332764,323402.40835323534,470775.6577293932,12.475,12.475,12.475,12.475,12.475,12.475,12.475,12.475,12.475,12.475,12.475,88.0,88.0,88.0,0.0,0.0,0.0,11.2421875,11.2421875,11.2421875,292.071,292.071,292.071,88.0,0.0,11.2421875,292.071,5
11776166.65328066,4.942237854003906,19310702.46715404,3729.7327753357013,324256.2736094109,472018.62614028173,12.475,12.475,12.475,12.475,12.475,12.475,12.475,12.475,12.475,12.475,12.475,68.0,68.0,68.0,0.0,0.0,0.0,11.2421875,11.2421875,11.2421875,268.029,268.029,268.029,68.0,0.0,11.2421875,268.029,5
11776167.654295724,4.942237854003906,19278388.214190222,3718.225765204887,323255.8748006604,470562.3493933664,12.475,12.475,12.475,12.475,12.475,12.475,12.475,12.475,12.475,12.475,12.475,66.0,66.0,66.0,0.0,0.0,0.0,11.2421875,11.2421875,11.2421875,282.762,282.762,282.762,66.0,0.0,11.2421875,282.762,5
11776168.653049543,4.942237854003906,19349365.800129104,3731.6503094205896,323987.74717562436,471627.7332303393,12.4875,12.4875,12.4875,12.4875,12.4875,12.4875,12.4875,12.4875,12.4875,12.4875,12.4875,67.0,67.0,67.0,0.0,0.0,0.0,11.2421875,11.2421875,11.2421875,292.75,292.75,292.75,67.0,0.0,11.2421875,292.75,5
11776169.651909417,4.942237854003906,19374618.524890676,3736.2598105339102,323953.3479452853,471577.6584013647,12.4875,12.4875,12.4875,12.4875,12.4875,12.4875,12.4875,12.4875,12.4875,12.4875,12.4875,70.0,70.0,70.0,0.0,0.0,0.0,11.2421875,11.2421875,11.2421875,284.507,284.507,284.507,70.0,0.0,11.2421875,284.507,5
11776170.658750886,4.942237854003906,19248141.426419772,3711.6071526608926,321385.25257870543,467839.2917284953,12.4875,12.4875,12.4875,12.4875,12.4875,12.4875,12.4875,12.4875,12.4875,12.4875,12.4875,72.0,72.0,72.0,0.0,0.0,0.0,11.2421875,11.2421875,11.2421875,286.778,286.778,286.778,72.0,0.0,11.2421875,286.778,5
11776171.652657432,4.942237854003906,19526104.41153096,3764.9414963747513,325567.8324860843,473927.85741645185,12.475,12.475,12.475,12.475,12.475,12.475,12.475,12.475,12.475,12.475,12.475,69.0,69.0,69.0,0.0,0.0,0.0,11.2421875,11.2421875,11.2421875,267.124,267.124,267.124,69.0,0.0,11.2421875,267.124,5
11776172.654939909,4.942237854003906,19390156.432286326,3733.478424902106,322847.1092045759,469967.31086742063,12.4875,12.4875,12.4875,12.4875,12.4875,12.4875,12.4875,12.4875,12.4875,12.4875,12.4875,72.0,72.0,72.0,0.0,0.0,0.0,11.2421875,11.2421875,11.2421875,288.985,288.985,288.985,72.0,0.0,11.2421875,288.985,5
11776173.65447718,4.942237854003906,19470719.639781922,3748.7346430638863,323733.80057143973,471258.06412298186,12.4875,12.4875,12.4875,12.4875,12.4875,12.4875,12.4875,12.4875,12.4875,12.4875,12.4875,71.0,71.0,71.0,0.0,0.0,0.0,11.2421875,11.2421875,11.2421875,290.031,290.031,290.031,71.0,0.0,11.2421875,290.031,5
11776174.63322449,4.942237854003906,19912193.71500686,3833.4715900187903,330610.3600705331,481268.24567229504,12.4875,12.4875,12.4875,12.4875,12.4875,12.4875,12.4875,12.4875,12.4875,12.4875,12.4875,69.0,69.0,69.0,0.0,0.0,0.0,11.2421875,11.2421875,11.2421875,287.606,287.606,287.606,69.0,0.0,11.2421875,287.606,5
11776175.653722843,4.942237854003906,19124286.603436098,3682.5145139278097,317084.2938996318,461578.40251212224,12.475,12.475,12.475,12.475,12.475,12.475,12.475,12.475,12.475,12.475,12.475,72.0,72.0,72.0,0.0,0.0,0.0,11.2421875,11.2421875,11.2421875,290.231,290.231,290.231,72.0,0.0,11.2421875,290.231,5
11776176.665951747,4.942237854003906,19307484.61848157,3712.5989823700666,319674.7283425321,465349.2880935594,12.4875,12.4875,12.4875,12.4875,12.4875,12.4875,12.4875,12.4875,12.4875,12.4875,12.4875,57.0,57.0,57.0,0.0,0.0,0.0,11.2421875,11.2421875,11.2421875,252.065,252.065,252.065,57.0,0.0,11.2421875,252.065,5
11776177.66610404,4.942237854003906,19567909.96913741,3762.427013480944,323534.72833649156,470968.27542653837,12.4875,12.4875,12.4875,12.4875,12.4875,12.4875,12.4875,12.4875,12.4875,12.4875,12.4875,58.0,58.0,58.0,0.0,0.0,0.0,11.2421875,11.2421875,11.2421875,273.964,273.964,273.964,58.0,0.0,11.2421875,273.964,5
11776178.664888281,4.942237854003906,19622041.650229964,3772.586551534234,323977.878633666,471613.367631286,12.475,12.475,12.475,12.475,12.475,12.475,12.475,12.475,12.475,12.475,12.475,77.0,77.0,77.0,0.0,0.0,0.0,11.2421875,11.2421875,11.2421875,273.316,273.316,273.316,77.0,0.0,11.2421875,273.316,5
11776179.665375356,4.942237854003906,19615927.58666609,3771.1631635080935,323426.46729409037,470810.68023823283,12.4875,12.4875,12.4875,12.4875,12.4875,12.4875,12.4875,12.4875,12.4875,12.4875,12.4875,56.0,56.0,56.0,0.0,0.0,0.0,11.2421875,11.2421875,11.2421875,247.015,247.015,247.015,56.0,0.0,11.2421875,247.015,5
11776180.66725888,4.9422454833984375,19615826.129753392,3765.9068258489297,322975.66772740526,470154.4530209064,11.2375,11.2375,11.2375,11.2375,11.2375,11.2375,11.2375,11.2375,11.2375,11.2375,11.2375,58.0,58.0,58.0,0.0,0.0,0.0,11.2421875,11.2421875,11.2421875,265.023,265.023,265.023,58.0,0.0,11.2421875,265.023,5
11776181.6569349,4.9422454833984375,19885367.111683115,3819.4317328510742,326959.5232388577,475953.73636036244,12.475,12.475,12.475,12.475,12.475,12.475,12.475,12.475,12.475,12.475,12.475,58.0,58.0,58.0,0.0,0.0,0.0,11.2421875,11.2421875,11.2421875,269.577,269.577,269.577,58.0,0.0,11.2421875,269.577,5
11776182.654875772,4.9422454833984375,19748030.72568685,3792.8098815394633,324251.6757484982,472011.9330516113,12.4875,12.4875,12.4875,12.4875,12.4875,12.4875,12.4875,12.4875,12.4875,12.4875,12.4875,90.0,90.0,90.0,0.0,0.0,0.0,11.2421875,11.2421875,11.2421875,282.3,282.3,282.3,90.0,0.0,11.2421875,282.3,5
11776183.654818434,4.9422454833984375,19735789.60686841,3785.217036038675,323602.5546603801,471067.00994865457,12.475,12.475,12.475,12.475,12.475,12.475,12.475,12.475,12.475,12.475,12.475,77.0,77.0,77.0,0.0,0.0,0.0,11.2421875,11.2421875,11.2421875,265.78,265.78,265.78,77.0,0.0,11.2421875,265.78,5
11776184.666407019,4.9422454833984375,19535570.389216397,3746.582412631649,319877.07741662255,465643.8468722986,12.4875,12.4875,12.4875,12.4875,12.4875,12.4875,12.4875,12.4875,12.4875,12.4875,12.4875,84.0,84.0,84.0,0.0,0.0,0.0,11.2421875,11.2421875,11.2421875,277.653,277.653,277.653,84.0,0.0,11.2421875,277.653,5
11776185.649970803,4.9422454833984375,20119970.165291164,3858.417786184575,328991.3731027008,478911.4924912733,12.4875,12.4875,12.4875,12.4875,12.4875,12.4875,12.4875,12.4875,12.4875,12.4875,12.4875,68.0,68.0,68.0,0.0,0.0,0.0,11.2421875,11.2421875,11.2421875,288.485,288.485,288.485,68.0,0.0,11.2421875,288.485,5
11776186.657432204,4.942256927490234,19669827.535010338,3771.8566660220527,321187.4914258105,467551.4115692178,12.475,12.475,12.475,12.475,12.475,12.475,12.475,12.475,12.475,12.475,12.475,69.0,69.0,69.0,0.0,0.0,0.0,11.2421875,11.2421875,11.2421875,288.865,288.865,288.865,69.0,0.0,11.2421875,288.865,5
11776187.655602235,4.942256927490234,19880283.297481257,3806.96663002378,324177.2342130565,471903.5687911582,12.4875,12.4875,12.4875,12.4875,12.4875,12.4875,12.4875,12.4875,12.4875,12.4875,12.4875,72.0,72.0,72.0,0.0,0.0,0.0,11.2421875,11.2421875,11.2421875,267.938,267.938,267.938,72.0,0.0,11.2421875,267.938,5
11776188.667118428,4.942256927490234,19644983.579037268,3761.6797700350844,319899.9702252386,465677.1718468663,12.475,12.475,12.475,12.475,12.475,12.475,12.475,12.475,12.475,12.475,12.475,56.0,56.0,56.0,0.0,0.0,0.0,11.2421875,11.2421875,11.2421875,272.164,272.164,272.164,56.0,0.0,11.2421875,272.164,5
11776189.635412008,4.942256927490234,20550105.28364974,3934.7570628041462,334179.6402652013,486464.03329744487,12.475,12.475,12.475,12.475,12.475,12.475,12.475,12.475,12.475,12.475,12.475,74.0,74.0,74.0,0.0,0.0,0.0,11.2421875,11.2421875,11.2421875,269.438,269.438,269.438,74.0,0.0,11.2421875,269.438,5
11776190.668065064,4.942256927490234,19295784.661250003,3694.3676073191937,313352.0964211727,456145.4568156312,12.375,12.375,12.375,12.375,12.375,12.375,12.375,12.375,12.375,12.375,12.375,58.0,58.0,58.0,0.0,0.0,0.0,11.2421875,11.2421875,11.2421875,257.264,257.264,257.264,58.0,0.0,11.2421875,257.264,5
11776191.668147536,4.942256927490234,19951516.551757943,3814.6853939719704,323557.31547130435,471001.1554329114,12.475,12.475,12.475,12.475,12.475,12.475,12.475,12.475,12.475,12.475,12.475,57.0,57.0,57.0,0.0,0.0,0.0,11.2421875,11.2421875,11.2421875,255.321,255.321,255.321,57.0,0.0,11.2421875,255.321,5
11776192.63777174,4.942268371582031,20606414.223172016,3939.670629126946,333721.04210874706,485796.4537026065,11.2375,11.2375,11.2375,11.2375,11.2375,11.2375,11.2375,11.2375,11.2375,11.2375,11.2375,71.0,71.0,71.0,0.0,0.0,0.0,11.2421875,11.2421875,11.2421875,275.151,275.151,275.151,71.0,0.0,11.2421875,275.151,5
11776193.657211972,4.942268371582031,19626266.822718777,3752.0591011777765,317413.40972431627,462057.49516830844,11.2375,11.2375,11.2375,11.2375,11.2375,11.2375,11.2375,11.2375,11.2375,11.2375,11.2375,73.0,73.0,73.0,0.0,0.0,0.0,11.2421875,11.2421875,11.2421875,288.036,288.036,288.036,73.0,0.0,11.2421875,288.036,5
11776194.668116797,4.942268371582031,19818999.29368749,3788.685054916216,320093.43728720857,465958.80111429095,12.4875,12.4875,12.4875,12.4875,12.4875,12.4875,12.4875,12.4875,12.4875,12.4875,12.4875,57.0,57.0,57.0,0.0,0.0,0.0,11.2421875,11.2421875,11.2421875,257.526,257.526,257.526,57.0,0.0,11.2421875,257.526,5
11776195.659227287,4.9422760009765625,20242377.807085194,3864.352195027208,326486.30304848147,475264.8715262705,12.4875,12.4875,12.4875,12.4875,12.4875,12.4875,12.4875,12.4875,12.4875,12.4875,12.4875,68.0,68.0,68.0,0.0,0.0,0.0,11.2421875,11.2421875,11.2421875,287.023,287.023,287.023,68.0,0.0,11.2421875,287.023,5
11776196.65966728,4.9422760009765625,20080913.555178788,3833.31337211384,323441.68818828807,470832.8372361156,12.4875,12.4875,12.4875,12.4875,12.4875,12.4875,12.4875,12.4875,12.4875,12.4875,12.4875,69.0,69.0,69.0,0.0,0.0,0.0,11.2421875,11.2421875,11.2421875,288.246,288.246,288.246,69.0,0.0,11.2421875,288.246,5
11776197.65570006,4.942279815673828,20197191.702130757,3855.2948025063356,324872.8420245339,472916.1624407772,12.4875,12.4875,12.4875,12.4875,12.4875,12.4875,12.4875,12.4875,12.4875,12.4875,12.4875,78.0,78.0,78.0,0.0,0.0,0.0,11.2421875,11.2421875,11.2421875,292.403,292.403,292.403,78.0,0.0,11.2421875,292.403,5
11776198.658176674,4.942279815673828,20094624.37258487,3835.500944783529,322784.5871825315,469876.297797356,12.4875,12.4875,12.4875,12.4875,12.4875,12.4875,12.4875,12.4875,12.4875,12.4875,12.4875,70.0,70.0,70.0,0.0,0.0,0.0,11.2421875,11.2421875,11.2421875,270.866,270.866,270.866,70.0,0.0,11.2421875,270.866,5
11776199.668081556,4.942279815673828,19973883.04655465,3807.2892494752127,320410.37308249343,466420.16334793344,11.2375,11.2375,11.2375,11.2375,11.2375,11.2375,11.2375,11.2375,11.2375,11.2375,11.2375,57.0,57.0,57.0,0.0,0.0,0.0,11.2421875,11.2421875,11.2421875,253.513,253.513,253.513,57.0,0.0,11.2421875,253.513,5
11776200.66792218,4.942279815673828,20202277.745481413,3850.6136929803083,323635.57954008837,471115.0841406349,12.4875,12.4875,12.4875,12.4875,12.4875,12.4875,12.4875,12.4875,12.4875,12.4875,12.4875,57.0,57.0,57.0,0.0,0.0,0.0,11.2421875,11.2421875,11.2421875,275.986,275.986,275.986,57.0,0.0,11.2421875,275.986,5
11776201.670151183,4.942279815673828,20181393.60834611,3846.4263033240177,322864.33435403346,469992.385452074,12.4875,12.4875,12.4875,12.4875,12.4875,12.4875,12.4875,12.4875,12.4875,12.4875,12.4875,63.0,63.0,63.0,0.0,0.0,0.0,11.2421875,11.2421875,11.2421875,273.196,273.196,273.196,63.0,0.0,11.2421875,273.196,5
11776202.672051517,4.942279815673828,20215263.24972311,3847.6881078090846,322970.24868412316,470146.5645401793,12.4875,12.4875,12.4875,12.4875,12.4875,12.4875,12.4875,12.4875,12.4875,12.4875,12.4875,57.0,57.0,57.0,0.0,0.0,0.0,11.2421875,11.2421875,11.2421875,247.787,247.787,247.787,57.0,0.0,11.2421875,247.787,5
11776203.67033902,4.942279815673828,20315786.730405726,3867.6232945411807,324139.08731955796,471848.038503154,12.4875,12.4875,12.4875,12.4875,12.4875,12.4875,12.4875,12.4875,12.4875,12.4875,12.4875,52.0,52.0,52.0,0.0,0.0,0.0,11.2421875,11.2421875,11.2421875,271.871,271.871,271.871,52.0,0.0,11.2421875,271.871,5
11776204.6676068,4.942279815673828,20363950.77678098,3876.5916981694627,324470.5245888431,472330.51047742984,12.475,12.475,12.475,12.475,12.475,12.475,12.475,12.475,12.475,12.475,12.475,73.0,73.0,73.0,0.0,0.0,0.0,11.2421875,11.2421875,11.2421875,271.441,271.441,271.441,73.0,0.0,11.2421875,271.441,5
11776205.668753613,4.942279815673828,20312333.572275233,3866.5657760004965,323213.33507138846,470500.4244710085,12.4875,12.4875,12.4875,12.4875,12.4875,12.4875,12.4875,12.4875,12.4875,12.4875,12.4875,59.0,59.0,59.0,0.0,0.0,0.0,11.2421875,11.2421875,11.2421875,249.499,249.499,249.499,59.0,0.0,11.2421875,249.499,5
11776206.671325928,4.942279815673828,20310693.502227027,3861.068117285075,322753.7756816259,469831.4456124933,11.2375,11.2375,11.2375,11.2375,11.2375,11.2375,11.2375,11.2375,11.2375,11.2375,11.2375,54.0,54.0,54.0,0.0,0.0,0.0,11.2421875,11.2421875,11.2421875,272.279,272.279,272.279,54.0,0.0,11.2421875,272.279,5
11776207.67086112,4.942279815673828,20399736.964934066,3877.8024343532948,323734.47443699086,471259.04506650567,12.4875,12.4875,12.4875,12.4875,12.4875,12.4875,12.4875,12.4875,12.4875,12.4875,12.4875,67.0,67.0,67.0,0.0,0.0,0.0,11.2421875,11.2421875,11.2421875,271.703,271.703,271.703,67.0,0.0,11.2421875,271.703,5
11776208.65824444,4.942279815673828,20678464.55094891,3930.591005278381,327718.7219407368,477058.8990276549,12.4875,12.4875,12.4875,12.4875,12.4875,12.4875,12.4875,12.4875,12.4875,12.4875,12.4875,69.0,69.0,69.0,0.0,0.0,0.0,11.2421875,11.2421875,11.2421875,271.993,271.993,271.993,69.0,0.0,11.2421875,271.993,5
11776209.657131031,4.942279815673828,20467670.892592758,3885.3259575747365,323944.6829827012,471565.04484823596,12.4875,12.4875,12.4875,12.4875,12.4875,12.4875,12.4875,12.4875,12.4875,12.4875,12.4875,72.0,72.0,72.0,0.0,0.0,0.0,11.2421875,11.2421875,11.2421875,285.716,285.716,285.716,72.0,0.0,11.2421875,285.716,5
11776210.658884296,4.942317962646484,20436367.63112592,3879.198736479362,323017.66442226915,470215.58745013864,12.4875,12.4875,12.4875,12.4875,12.4875,12.4875,12.4875,12.4875,12.4875,12.4875,12.4875,67.0,67.0,67.0,0.0,0.0,0.0,11.2421875,11.2421875,11.2421875,290.12,290.12,290.12,67.0,0.0,11.2421875,290.12,5
11776211.657414196,4.942317962646484,20529694.706952214,3896.7285812117825,324060.4012394843,471733.49547519867,12.475,12.475,12.475,12.475,12.475,12.475,12.475,12.475,12.475,12.475,12.475,69.0,69.0,69.0,0.0,0.0,0.0,11.2421875,11.2421875,11.2421875,285.978,285.978,285.978,69.0,0.0,11.2421875,285.978,5
11776212.65997666,4.942317962646484,20474367.185832612,3888.037047819923,322756.9471733612,469836.0623409688,12.4875,12.4875,12.4875,12.4875,12.4875,12.4875,12.4875,12.4875,12.4875,12.4875,12.4875,85.0,85.0,85.0,0.0,0.0,0.0,11.2421875,11.2421875,11.2421875,291.767,291.767,291.767,85.0,0.0,11.2421875,291.767,5
11776213.659565004,4.942317962646484,20562612.717839506,3904.6073540838374,323717.2600727298,471233.98618182185,12.4875,12.4875,12.4875,12.4875,12.4875,12.4875,12.4875,12.4875,12.4875,12.4875,12.4875,69.0,69.0,69.0,0.0,0.0,0.0,11.2421875,11.2421875,11.2421875,269.594,269.594,269.594,69.0,0.0,11.2421875,269.594,5
11776214.657216124,4.942325592041016,20629916.184162844,3912.1892605761127,324345.849268322,472149.0210867979,12.4875,12.4875,12.4875,12.4875,12.4875,12.4875,12.4875,12.4875,12.4875,12.4875,12.4875,78.0,78.0,78.0,0.0,0.0,0.0,11.2421875,11.2421875,11.2421875,265.805,265.805,265.805,78.0,0.0,11.2421875,265.805,5
11776215.669638518,4.942325592041016,20355905.916328896,3860.048951042132,319613.63351433404,465260.3525841571,12.4875,12.4875,12.4875,12.4875,12.4875,12.4875,12.4875,12.4875,12.4875,12.4875,12.4875,56.0,56.0,56.0,0.0,0.0,0.0,11.2421875,11.2421875,11.2421875,269.912,269.912,269.912,56.0,0.0,11.2421875,269.912,5
11776216.670193693,4.942325592041016,20624654.71917042,3910.828807864365,323404.45411806356,470778.63574148493,12.4875,12.4875,12.4875,12.4875,12.4875,12.4875,12.4875,12.4875,12.4875,12.4875,12.4875,65.0,65.0,65.0,0.0,0.0,0.0,11.2421875,11.2421875,11.2421875,268.214,268.214,268.214,65.0,0.0,11.2421875,268.214,5
11776217.670719763,4.942325592041016,20652571.28953782,3910.9425681170105,323413.86147753,470792.32999893604,12.475,12.475,12.475,12.475,12.475,12.475,12.475,12.475,12.475,12.475,12.475,57.0,57.0,57.0,0.0,0.0,0.0,11.2421875,11.2421875,11.2421875,248.356,248.356,248.356,57.0,0.0,11.2421875,248.356,5
11776218.669304475,4.942340850830078,20720096.906080693,3923.5529577158436,324042.6136471474,471707.6021445817,12.4875,12.4875,12.4875,12.4875,12.4875,12.4875,12.4875,12.4875,12.4875,12.4875,12.4875,55.0,55.0,55.0,0.0,0.0,0.0,11.2421875,11.2421875,11.2421875,273.889,273.889,273.889,55.0,0.0,11.2421875,273.889,5
11776219.667648096,4.942340850830078,20752481.986789092,3929.5087579509486,324120.86717634456,471821.5155098687,12.4875,12.4875,12.4875,12.4875,12.4875,12.4875,12.4875,12.4875,12.4875,12.4875,12.4875,76.0,76.0,76.0,0.0,0.0,0.0,11.2421875,11.2421875,11.2421875,277.803,277.803,277.803,76.0,0.0,11.2421875,277.803,5
11776220.6688702,4.942340850830078,20720121.859631244,3923.2054355949927,323189.0294479557,470465.0428672773,11.2375,11.2375,11.2375,11.2375,11.2375,11.2375,11.2375,11.2375,11.2375,11.2375,11.2375,54.0,54.0,54.0,0.0,0.0,0.0,11.2421875,11.2421875,11.2421875,249.383,249.383,249.383,54.0,0.0,11.2421875,249.383,5
11776221.668482851,4.942348480224609,20780824.415652048,3929.522093445928,323709.3882600833,471222.5272140453,12.4875,12.4875,12.4875,12.4875,12.4875,12.4875,12.4875,12.4875,12.4875,12.4875,12.4875,58.0,58.0,58.0,0.0,0.0,0.0,11.2421875,11.2421875,11.2421875,274.947,274.947,274.947,58.0,0.0,11.2421875,274.947,5
11776222.66455924,4.942348480224609,20882062.1035118,3948.4923508460893,324858.61908369715,472895.4581598123,12.4875,12.4875,12.4875,12.4875,12.4875,12.4875,12.4875,12.4875,12.4875,12.4875,12.4875,60.0,60.0,60.0,0.0,0.0,0.0,11.2421875,11.2421875,11.2421875,269.587,269.587,269.587,60.0,0.0,11.2421875,269.587,5
11776223.669319348,4.942348480224609,20728833.495437402,3919.34349817861,322051.0021621705,468808.4208689823,12.4875,12.4875,12.4875,12.4875,12.4875,12.4875,12.4875,12.4875,12.4875,12.4875,12.4875,58.0,58.0,58.0,0.0,0.0,0.0,11.2421875,11.2421875,11.2421875,254.998,254.998,254.998,58.0,0.0,11.2421875,254.998,5
11776224.670189,4.942352294921875,20836755.268765096,3934.578285116486,323302.8389566107,470630.71493683837,12.475,12.475,12.475,12.475,12.475,12.475,12.475,12.475,12.475,12.475,12.475,59.0,59.0,59.0,0.0,0.0,0.0,11.2421875,11.2421875,11.2421875,262.103,262.103,262.103,59.0,0.0,11.2421875,262.103,5
11776225.640708504,4.942352294921875,21516571.200271618,4062.7725516707196,333413.18624393054,485348.309089266,11.2375,11.2375,11.2375,11.2375,11.2375,11.2375,11.2375,11.2375,11.2375,11.2375,11.2375,59.0,59.0,59.0,0.0,0.0,0.0,11.2421875,11.2421875,11.2421875,268.497,268.497,268.497,59.0,0.0,11.2421875,268.497,5
11776226.669953916,4.942352294921875,20315508.58199382,3835.819867698924,314389.5481432342,457655.671347746,12.475,12.475,12.475,12.475,12.475,12.475,12.475,12.475,12.475,12.475,12.475,57.0,57.0,57.0,0.0,0.0,0.0,11.2421875,11.2421875,11.2421875,258.354,258.354,258.354,57.0,0.0,11.2421875,258.354,5
11776227.669465568,4.942352294921875,20947264.561147545,3949.9289411041486,323742.0989053305,471270.14397611405,12.4875,12.4875,12.4875,12.4875,12.4875,12.4875,12.4875,12.4875,12.4875,12.4875,12.4875,56.0,56.0,56.0,0.0,0.0,0.0,11.2421875,11.2421875,11.2421875,260.745,260.745,260.745,56.0,0.0,11.2421875,260.745,5
11776228.64008115,4.942352294921875,21599108.212465156,4072.673127349593,333380.1824539061,485300.26559745823,11.2375,11.2375,11.2375,11.2375,11.2375,11.2375,11.2375,11.2375,11.2375,11.2375,11.2375,73.0,73.0,73.0,0.0,0.0,0.0,11.2421875,11.2421875,11.2421875,271.92,271.92,271.92,73.0,0.0,11.2421875,271.92,5
11776229.670572354,4.942352294921875,20370699.85407768,3840.8867423707065,314009.4733813246,457102.397960156,12.4875,12.4875,12.4875,12.4875,12.4875,12.4875,12.4875,12.4875,12.4875,12.4875,12.4875,58.0,58.0,58.0,0.0,0.0,0.0,11.2421875,11.2421875,11.2421875,258.685,258.685,258.685,58.0,0.0,11.2421875,258.685,5
11776230.670265537,4.942352294921875,21025669.027892426,3959.2147534888413,323683.3114686542,471184.56732778775,12.4875,12.4875,12.4875,12.4875,12.4875,12.4875,12.4875,12.4875,12.4875,12.4875,12.4875,56.0,56.0,56.0,0.0,0.0,0.0,11.2421875,11.2421875,11.2421875,253.323,253.323,253.323,56.0,0.0,11.2421875,253.323,5
11776231.635122312,4.942352294921875,21813200.19189747,4107.3453601842875,335369.98259648564,488196.8101088082,12.4875,12.4875,12.4875,12.4875,12.4875,12.4875,12.4875,12.4875,12.4875,12.4875,12.4875,59.0,59.0,59.0,0.0,0.0,0.0,11.2421875,11.2421875,11.2421875,266.715,266.715,266.715,59.0,0.0,11.2421875,266.715,5
11776232.670233212,4.942352294921875,20359180.834019653,3833.4056759672217,312608.0499627463,455062.35121159273,12.475,12.475,12.475,12.475,12.475,12.475,12.475,12.475,12.475,12.475,12.475,55.0,55.0,55.0,0.0,0.0,0.0,11.2421875,11.2421875,11.2421875,258.609,258.609,258.609,55.0,0.0,11.2421875,258.609,5
11776233.671732884,4.942352294921875,21069803.216836862,3962.058214258317,323099.45695629116,470334.6525313099,12.4875,12.4875,12.4875,12.4875,12.4875,12.4875,12.4875,12.4875,12.4875,12.4875,12.4875,56.0,56.0,56.0,0.0,0.0,0.0,11.2421875,11.2421875,11.2421875,253.564,253.564,253.564,56.0,0.0,11.2421875,253.564,5
11776234.639977224,4.942352294921875,21821722.184393663,4103.303096911467,334196.6346113768,486488.77190263715,12.4875,12.4875,12.4875,12.4875,12.4875,12.4875,12.4875,12.4875,12.4875,12.4875,12.4875,75.0,75.0,75.0,0.0,0.0,0.0,11.2421875,11.2421875,11.2421875,269.426,269.426,269.426,75.0,0.0,11.2421875,269.426,5
11776235.659661217,4.942352294921875,20747697.478642043,3901.208638457997,317337.5304340856,461947.03797366895,12.4875,12.4875,12.4875,12.4875,12.4875,12.4875,12.4875,12.4875,12.4875,12.4875,12.4875,65.0,65.0,65.0,0.0,0.0,0.0,11.2421875,11.2421875,11.2421875,256.576,256.576,256.576,65.0,0.0,11.2421875,256.576,5
11776236.661864012,4.942371368408203,21136883.760836605,3969.256538295096,322872.77719650086,470004.67566579237,12.4875,12.4875,12.4875,12.4875,12.4875,12.4875,12.4875,12.4875,12.4875,12.4875,12.4875,76.0,76.0,76.0,0.0,0.0,0.0,11.2421875,11.2421875,11.2421875,260.561,260.561,260.561,76.0,0.0,11.2421875,260.561,5
11776237.671529954,4.942371368408203,21007740.403499592,3944.869124556305,320486.1990460526,466530.5429151398,12.475,12.475,12.475,12.475,12.475,12.475,12.475,12.475,12.475,12.475,12.475,56.0,56.0,56.0,0.0,0.0,0.0,11.2421875,11.2421875,11.2421875,267.624,267.624,267.624,56.0,0.0,11.2421875,267.624,5
11776238.671381507,4.942371368408203,21241309.213524055,3988.592095449997,323632.0422803641,471109.9349650869,12.475,12.475,12.475,12.475,12.475,12.475,12.475,12.475,12.475,12.475,12.475,64.0,64.0,64.0,0.0,0.0,0.0,11.2421875,11.2421875,11.2421875,270.374,270.374,270.374,64.0,0.0,11.2421875,270.374,5
11776239.670497488,4.942371368408203,21284322.742266867,3991.5285864644693,323870.30745298864,471456.7766720721,12.475,12.475,12.475,12.475,12.475,12.475,12.475,12.475,12.475,12.475,12.475,55.0,55.0,55.0,0.0,0.0,0.0,11.2421875,11.2421875,11.2421875,248.141,248.141,248.141,55.0,0.0,11.2421875,248.141,5
11776240.672467124,4.942371368408203,21251006.26393653,3985.1507057504937,322947.910335479,470114.0466908872,11.225,11.225,11.225,11.225,11.225,11.225,11.225,11.225,11.225,11.225,11.225,55.0,55.0,55.0,0.0,0.0,0.0,11.2421875,11.2421875,11.2421875,269.194,269.194,269.194,55.0,0.0,11.2421875,269.194,5
11776241.672460524,4.942371368408203,21320359.700553395,3998.0263843824714,323586.13545873377,471043.1085791694,12.475,12.475,12.475,12.475,12.475,12.475,12.475,12.475,12.475,12.475,12.475,71.0,71.0,71.0,0.0,0.0,0.0,11.2421875,11.2421875,11.2421875,272.942,272.942,272.942,71.0,0.0,11.2421875,272.942,5
11776242.673130907,4.942371368408203,21333268.544702202,3995.3216053030583,323367.22019269253,470724.434457717,12.475,12.475,12.475,12.475,12.475,12.475,12.475,12.475,12.475,12.475,12.475,58.0,58.0,58.0,0.0,0.0,0.0,11.2421875,11.2421875,11.2421875,248.975,248.975,248.975,58.0,0.0,11.2421875,248.975,5
11776243.660815718,4.942371368408203,21641444.48919983,4052.912383896296,327618.68619303,476913.2773696006,12.4875,12.4875,12.4875,12.4875,12.4875,12.4875,12.4875,12.4875,12.4875,12.4875,12.4875,69.0,69.0,69.0,0.0,0.0,0.0,11.2421875,11.2421875,11.2421875,287.653,287.653,287.653,69.0,0.0,11.2421875,287.653,5
11776244.662737992,4.942371368408203,21361219.88223281,4000.310307470442,322963.1762805677,470136.2692691809,12.475,12.475,12.475,12.475,12.475,12.475,12.475,12.475,12.475,12.475,12.475,64.0,64.0,64.0,0.0,0.0,0.0,11.2421875,11.2421875,11.2421875,287.83,287.83,287.83,64.0,0.0,11.2421875,287.83,5
11776245.662372964,4.942371368408203,21437463.277728822,4014.465392907046,323702.1604032977,471212.00565037003,12.4875,12.4875,12.4875,12.4875,12.4875,12.4875,12.4875,12.4875,12.4875,12.4875,12.4875,84.0,84.0,84.0,0.0,0.0,0.0,11.2421875,11.2421875,11.2421875,286.703,286.703,286.703,84.0,0.0,11.2421875,286.703,5
11776246.672323128,4.942371368408203,21245599.782892764,3973.4633848692183,320396.0069597611,466399.25063762686,12.475,12.475,12.475,12.475,12.475,12.475,12.475,12.475,12.475,12.475,12.475,57.0,57.0,57.0,0.0,0.0,0.0,11.2421875,11.2421875,11.2421875,250.155,250.155,250.155,57.0,0.0,11.2421875,250.155,5
11776247.674334802,4.942371368408203,21441241.222689696,4010.931315661787,322934.3614946762,470094.3236947818,12.4875,12.4875,12.4875,12.4875,12.4875,12.4875,12.4875,12.4875,12.4875,12.4875,12.4875,57.0,57.0,57.0,0.0,0.0,0.0,11.2421875,11.2421875,11.2421875,273.039,273.039,273.039,57.0,0.0,11.2421875,273.039,5
11776248.672733972,4.942371368408203,21546241.867878824,4030.4520681183253,324102.8335014911,471795.2639578668,11.2375,11.2375,11.2375,11.2375,11.2375,11.2375,11.2375,11.2375,11.2375,11.2375,11.2375,71.0,71.0,71.0,0.0,0.0,0.0,11.2421875,11.2421875,11.2421875,272.679,272.679,272.679,71.0,0.0,11.2421875,272.679,5
11776249.675427038,4.942371368408203,21481285.47243533,4018.1787778507896,322714.90733483987,469774.8651076783,12.4875,12.4875,12.4875,12.4875,12.4875,12.4875,12.4875,12.4875,12.4875,12.4875,12.4875,57.0,57.0,57.0,0.0,0.0,0.0,11.2421875,11.2421875,11.2421875,248.201,248.201,248.201,57.0,0.0,11.2421875,248.201,5
11776250.672404198,4.942371368408203,21631916.8288003,4041.215950219356,324565.10847251926,472468.1958777179,12.475,12.475,12.475,12.475,12.475,12.475,12.475,12.475,12.475,12.475,12.475,56.0,56.0,56.0,0.0,0.0,0.0,11.2421875,11.2421875,11.2421875,267.193,267.193,267.193,56.0,0.0,11.2421875,267.193,5
11776251.671537008,4.942371368408203,21612665.28373819,4037.501280086988,323864.85230928805,471448.83564010286,12.475,12.475,12.475,12.475,12.475,12.475,12.475,12.475,12.475,12.475,12.475,57.0,57.0,57.0,0.0,0.0,0.0,11.2421875,11.2421875,11.2421875,268.955,268.955,268.955,57.0,0.0,11.2421875,268.955,5
11776252.675784426,4.942371368408203,21529872.63844793,4021.9172376436045,322215.4165451023,469047.7582618578,12.4875,12.4875,12.4875,12.4875,12.4875,12.4875,12.4875,12.4875,12.4875,12.4875,12.4875,57.0,57.0,57.0,0.0,0.0,0.0,11.2421875,11.2421875,11.2421875,254.587,254.587,254.587,57.0,0.0,11.2421875,254.587,5
11776253.673589027,4.942371368408203,21696354.159748994,4047.886727504108,324295.95910688024,472076.3961682434,12.475,12.475,12.475,12.475,12.475,12.475,12.475,12.475,12.475,12.475,12.475,58.0,58.0,58.0,0.0,0.0,0.0,11.2421875,11.2421875,11.2421875,260.666,260.666,260.666,58.0,0.0,11.2421875,260.666,5
11776254.66638692,4.942371368408203,21833364.23542169,4073.336607968517,325931.3929161436,474457.09095387993,12.4875,12.4875,12.4875,12.4875,12.4875,12.4875,12.4875,12.4875,12.4875,12.4875,12.4875,57.0,57.0,57.0,0.0,0.0,0.0,11.2421875,11.2421875,11.2421875,271.392,271.392,271.392,57.0,0.0,11.2421875,271.392,5
11776255.67394262,4.942371368408203,21540758.473141145,4018.636385690745,321157.4305328116,467507.6520414346,12.475,12.475,12.475,12.475,12.475,12.475,12.475,12.475,12.475,12.475,12.475,56.0,56.0,56.0,0.0,0.0,0.0,11.2421875,11.2421875,11.2421875,258.458,258.458,258.458,56.0,0.0,11.2421875,258.458,5
11776256.672619192,4.942371368408203,21759702.399535578,4054.3656610582743,324012.80762358126,471664.21362926386,12.4875,12.4875,12.4875,12.4875,12.4875,12.4875,12.4875,12.4875,12.4875,12.4875,12.4875,53.0,53.0,53.0,0.0,0.0,0.0,11.2421875,11.2421875,11.2421875,260.564,260.564,260.564,53.0,0.0,11.2421875,260.564,5
11776257.661864035,4.942371368408203,21994859.165679093,4098.075445213441,327102.0337602234,476161.1883851354,12.4875,12.4875,12.4875,12.4875,12.4875,12.4875,12.4875,12.4875,12.4875,12.4875,12.4875,58.0,58.0,58.0,0.0,0.0,0.0,11.2421875,11.2421875,11.2421875,269.667,269.667,269.667,58.0,0.0,11.2421875,269.667,5
11776258.673962587,4.942371368408203,21525272.358863655,4010.4790085269055,319715.90034372266,465409.2220193431,12.475,12.475,12.475,12.475,12.475,12.475,12.475,12.475,12.475,12.475,12.475,56.0,56.0,56.0,0.0,0.0,0.0,11.2421875,11.2421875,11.2421875,257.411,257.411,257.411,56.0,0.0,11.2421875,257.411,5
11776259.674885202,4.942371368408203,21792981.474748395,4055.258558806701,323285.7318287528,470605.81215577933,12.4875,12.4875,12.4875,12.4875,12.4875,12.4875,12.4875,12.4875,12.4875,12.4875,12.4875,54.0,54.0,54.0,0.0,0.0,0.0,11.2421875,11.2421875,11.2421875,256.876,256.876,256.876,54.0,0.0,11.2421875,256.876,5
11776260.65159588,4.942371368408203,22361262.66562239,4160.904651796608,331299.7467635221,482271.7832633549,12.475,12.475,12.475,12.475,12.475,12.475,12.475,12.475,12.475,12.475,12.475,58.0,58.0,58.0,0.0,0.0,0.0,11.2421875,11.2421875,11.2421875,265.804,265.804,265.804,58.0,0.0,11.2421875,265.804,5
11776261.790795004,4.942371368408203,19195831.990069803,3567.418471508717,284045.16207792243,413483.4637843174,12.4875,12.4875,12.4875,12.4875,12.4875,12.4875,12.4875,12.4875,12.4875,12.4875,12.4875,64.0,64.0,64.0,0.0,0.0,0.0,11.2421875,11.2421875,11.2421875,214.746,214.746,214.746,64.0,0.0,11.2421875,214.746,5
11776262.792750508,4.942371368408203,21852538.282765776,4061.058585325294,322952.4652921848,470120.67732406646,12.475,12.475,12.475,12.475,12.475,12.475,12.475,12.475,12.475,12.475,12.475,64.0,64.0,64.0,0.0,0.0,0.0,11.2421875,11.2421875,11.2421875,272.742,272.742,272.742,64.0,0.0,11.2421875,272.742,5
11776263.792846972,4.942371368408203,21920552.44421916,4073.6070414128385,323552.78863243293,470994.56573075685,11.2375,11.2375,11.2375,11.2375,11.2375,11.2375,11.2375,11.2375,11.2375,11.2375,11.2375,65.0,65.0,65.0,0.0,0.0,0.0,11.2421875,11.2421875,11.2421875,273.089,273.089,273.089,65.0,0.0,11.2421875,273.089,5
11776264.789755853,4.942371368408203,22018123.645404283,4091.64777110681,324587.3381627424,472500.5555533591,12.4875,12.4875,12.4875,12.4875,12.4875,12.4875,12.4875,12.4875,12.4875,12.4875,12.4875,65.0,65.0,65.0,0.0,0.0,0.0,11.2421875,11.2421875,11.2421875,247.213,247.213,247.213,65.0,0.0,11.2421875,247.213,5
11776265.791284297,4.942371368408203,21943913.961446483,4072.774992441809,323090.17483557004,470321.14058342477,12.4875,12.4875,12.4875,12.4875,12.4875,12.4875,12.4875,12.4875,12.4875,12.4875,12.4875,63.0,63.0,63.0,0.0,0.0,0.0,11.2421875,11.2421875,11.2421875,271.266,271.266,271.266,63.0,0.0,11.2421875,271.266,5
11776266.78387195,4.942371368408203,22169175.60186813,4114.498083741968,326000.4279945057,474557.58505529305,12.475,12.475,12.475,12.475,12.475,12.475,12.475,12.475,12.475,12.475,12.475,61.0,61.0,61.0,0.0,0.0,0.0,11.2421875,11.2421875,11.2421875,270.944,270.944,270.944,61.0,0.0,11.2421875,270.944,5
11776267.79037174,4.942371368408203,21889945.95572391,4062.5939935871697,321494.3543215727,467998.11072127667,12.475,12.475,12.475,12.475,12.475,12.475,12.475,12.475,12.475,12.475,12.475,62.0,62.0,62.0,0.0,0.0,0.0,11.2421875,11.2421875,11.2421875,246.397,246.397,246.397,62.0,0.0,11.2421875,246.397,5
11776268.791616293,4.942371368408203,22032198.773401413,4083.9173507229825,323181.7833251029,470454.4947137573,12.4875,12.4875,12.4875,12.4875,12.4875,12.4875,12.4875,12.4875,12.4875,12.4875,12.4875,63.0,63.0,63.0,0.0,0.0,0.0,11.2421875,11.2421875,11.2421875,261.296,261.296,261.296,63.0,0.0,11.2421875,261.296,5
11776269.77548912,4.942371368408203,22449054.787038576,4161.106890095195,328888.03417795885,478761.06241095276,12.4875,12.4875,12.4875,12.4875,12.4875,12.4875,12.4875,12.4875,12.4875,12.4875,12.4875,65.0,65.0,65.0,0.0,0.0,0.0,11.2421875,11.2421875,11.2421875,276.783,276.783,276.783,65.0,0.0,11.2421875,276.783,5
11776270.782185199,4.942371368408203,21967316.11747784,4071.7353388042607,321431.6681804435,467906.85874368355,12.4875,12.4875,12.4875,12.4875,12.4875,12.4875,12.4875,12.4875,12.4875,12.4875,12.4875,88.0,88.0,88.0,0.0,0.0,0.0,11.2421875,11.2421875,11.2421875,289.094,289.094,289.094,88.0,0.0,11.2421875,289.094,5
11776271.78094112,4.942371368408203,22169382.470304456,4104.105833200837,323987.0656087972,471626.7410760971,12.4875,12.4875,12.4875,12.4875,12.4875,12.4875,12.4875,12.4875,12.4875,12.4875,12.4875,71.0,71.0,71.0,0.0,0.0,0.0,11.2421875,11.2421875,11.2421875,266.388,266.388,266.388,71.0,0.0,11.2421875,266.388,5
11776272.77917348,4.942478179931641,22208456.535473138,4113.270778136004,324156.9925651147,471874.1031011163,12.4875,12.4875,12.4875,12.4875,12.4875,12.4875,12.4875,12.4875,12.4875,12.4875,12.4875,73.0,73.0,73.0,0.0,0.0,0.0,11.2421875,11.2421875,11.2421875,286.53,286.53,286.53,73.0,0.0,11.2421875,286.53,5
11776273.781264996,4.942478179931641,22150268.36353748,4102.419724290273,322908.6314922753,470056.86862799566,12.4875,12.4875,12.4875,12.4875,12.4875,12.4875,12.4875,12.4875,12.4875,12.4875,12.4875,70.0,70.0,70.0,0.0,0.0,0.0,11.2421875,11.2421875,11.2421875,280.012,280.012,280.012,70.0,0.0,11.2421875,280.012,5
11776274.781184008,4.942478179931641,22225792.01824527,4116.333372829577,323610.2084824309,471078.1515883488,12.4875,12.4875,12.4875,12.4875,12.4875,12.4875,12.4875,12.4875,12.4875,12.4875,12.4875,67.0,67.0,67.0,0.0,0.0,0.0,11.2421875,11.2421875,11.2421875,288.235,288.235,288.235,67.0,0.0,11.2421875,288.235,5
11776275.782214692,4.942478179931641,22228477.474648736,4116.756926490493,323250.8306967968,470555.00671052706,12.4875,12.4875,12.4875,12.4875,12.4875,12.4875,12.4875,12.4875,12.4875,12.4875,12.4875,71.0,71.0,71.0,0.0,0.0,0.0,11.2421875,11.2421875,11.2421875,281.993,281.993,281.993,71.0,0.0,11.2421875,281.993,5
11776276.784292605,4.942478179931641,22232581.631565727,4112.454677326902,322913.01487700763,470063.2495045047,12.4875,12.4875,12.4875,12.4875,12.4875,12.4875,12.4875,12.4875,12.4875,12.4875,12.4875,73.0,73.0,73.0,0.0,0.0,0.0,11.2421875,11.2421875,11.2421875,275.897,275.897,275.897,73.0,0.0,11.2421875,275.897,5
11776277.782648075,4.942478179931641,22342918.586547792,4132.796505366617,324117.0199691108,471815.9151449081,12.4875,12.4875,12.4875,12.4875,12.4875,12.4875,12.4875,12.4875,12.4875,12.4875,12.4875,72.0,72.0,72.0,0.0,0.0,0.0,11.2421875,11.2421875,11.2421875,286.699,286.699,286.699,72.0,0.0,11.2421875,286.699,5
11776278.783565748,4.942493438720703,22313096.870979212,4129.210734339601,323287.32791206037,470608.13556818914,12.475,12.475,12.475,12.475,12.475,12.475,12.475,12.475,12.475,12.475,12.475,70.0,70.0,70.0,0.0,0.0,0.0,11.2421875,11.2421875,11.2421875,284.166,284.166,284.166,70.0,0.0,11.2421875,284.166,5
11776279.784967571,4.942493438720703,22329666.759241477,4132.207376600774,323131.02748912154,470380.609636063,12.475,12.475,12.475,12.475,12.475,12.475,12.475,12.475,12.475,12.475,12.475,61.0,61.0,61.0,0.0,0.0,0.0,11.2421875,11.2421875,11.2421875,285.918,285.918,285.918,61.0,0.0,11.2421875,285.918,5
11776280.791927865,4.942493438720703,22233612.53611703,4114.362828064168,321347.3283505469,467784.08557358093,12.4875,12.4875,12.4875,12.4875,12.4875,12.4875,12.4875,12.4875,12.4875,12.4875,12.4875,63.0,63.0,63.0,0.0,0.0,0.0,11.2421875,11.2421875,11.2421875,247.462,247.462,247.462,63.0,0.0,11.2421875,247.462,5
11776281.793103905,4.942493438720703,22389425.12660136,4138.133387047461,323203.8990862577,470486.68854328647,12.4875,12.4875,12.4875,12.4875,12.4875,12.4875,12.4875,12.4875,12.4875,12.4875,12.4875,61.0,61.0,61.0,0.0,0.0,0.0,11.2421875,11.2421875,11.2421875,273.261,273.261,273.261,61.0,0.0,11.2421875,273.261,5
11776282.7928767,4.942493438720703,22448252.365399443,4148.942662406639,323657.5367580014,471147.04717936914,12.4875,12.4875,12.4875,12.4875,12.4875,12.4875,12.4875,12.4875,12.4875,12.4875,12.4875,62.0,62.0,62.0,0.0,0.0,0.0,11.2421875,11.2421875,11.2421875,272.321,272.321,272.321,62.0,0.0,11.2421875,272.321,5
11776283.794365192,4.942508697509766,22437150.483407587,4146.827480913759,323103.0637091254,470339.9028677142,12.4875,12.4875,12.4875,12.4875,12.4875,12.4875,12.4875,12.4875,12.4875,12.4875,12.4875,64.0,64.0,64.0,0.0,0.0,0.0,11.2421875,11.2421875,11.2421875,244.106,244.106,244.106,64.0,0.0,11.2421875,244.106,5
11776284.793558573,4.942508697509766,22516100.903128214,4156.3525908169395,323845.2195393471,471420.25629145466,12.475,12.475,12.475,12.475,12.475,12.475,12.475,12.475,12.475,12.475,12.475,63.0,63.0,63.0,0.0,0.0,0.0,11.2421875,11.2421875,11.2421875,268.562,268.562,268.562,63.0,0.0,11.2421875,268.562,5
11776285.782609535,4.942508697509766,22774696.01136341,4204.030085024221,327166.1546494655,476254.528920108,12.475,12.475,12.475,12.475,12.475,12.475,12.475,12.475,12.475,12.475,12.475,63.0,63.0,63.0,0.0,0.0,0.0,11.2421875,11.2421875,11.2421875,275.081,275.081,275.081,63.0,0.0,11.2421875,275.081,5
11776286.79555142,4.942508697509766,22264585.322192416,4109.811299407022,319449.71883433143,465021.7426069381,12.4875,12.4875,12.4875,12.4875,12.4875,12.4875,12.4875,12.4875,12.4875,12.4875,12.4875,64.0,64.0,64.0,0.0,0.0,0.0,11.2421875,11.2421875,11.2421875,246.282,246.282,246.282,64.0,0.0,11.2421875,246.282,5
11776287.785259431,4.942508697509766,22814933.017523337,4206.291097627801,326948.9547285117,475938.35181998543,12.475,12.475,12.475,12.475,12.475,12.475,12.475,12.475,12.475,12.475,12.475,71.0,71.0,71.0,0.0,0.0,0.0,11.2421875,11.2421875,11.2421875,269.791,269.791,269.791,71.0,0.0,11.2421875,269.791,5
11776288.783617664,4.942508697509766,22644695.31574759,4174.854138169257,324116.1231874666,471814.60970327415,12.475,12.475,12.475,12.475,12.475,12.475,12.475,12.475,12.475,12.475,12.475,70.0,70.0,70.0,0.0,0.0,0.0,11.2421875,11.2421875,11.2421875,287.578,287.578,287.578,70.0,0.0,11.2421875,287.578,5
11776289.783262257,4.942508697509766,22642971.48405317,4174.483643194643,323699.0450993279,471207.4707142115,11.2375,11.2375,11.2375,11.2375,11.2375,11.2375,11.2375,11.2375,11.2375,11.2375,11.2375,62.0,62.0,62.0,0.0,0.0,0.0,11.2421875,11.2421875,11.2421875,290.265,290.265,290.265,62.0,0.0,11.2421875,290.265,5
11776290.781947028,4.942508697509766,22692185.412181735,4183.502261994802,324010.1474258799,471660.341189572,12.475,12.475,12.475,12.475,12.475,12.475,12.475,12.475,12.475,12.475,12.475,72.0,72.0,72.0,0.0,0.0,0.0,11.2421875,11.2421875,11.2421875,269.423,269.423,269.423,72.0,0.0,11.2421875,269.423,5
11776291.78297008,4.942508697509766,22666561.922592323,4173.730056032379,323253.2949859218,470558.5939668482,12.4875,12.4875,12.4875,12.4875,12.4875,12.4875,12.4875,12.4875,12.4875,12.4875,12.4875,72.0,72.0,72.0,0.0,0.0,0.0,11.2421875,11.2421875,11.2421875,284.019,284.019,284.019,72.0,0.0,11.2421875,284.019,5
11776292.783248523,4.942508697509766,22710843.322425563,4181.8355967408315,323493.9253492195,470908.87867291446,11.2375,11.2375,11.2375,11.2375,11.2375,11.2375,11.2375,11.2375,11.2375,11.2375,11.2375,72.0,72.0,72.0,0.0,0.0,0.0,11.2421875,11.2421875,11.2421875,290.282,290.282,290.282,72.0,0.0,11.2421875,290.282,5
11776293.77734354,4.942508697509766,22879687.18052847,4212.876969960418,325506.10827308305,473838.00571398163,12.4875,12.4875,12.4875,12.4875,12.4875,12.4875,12.4875,12.4875,12.4875,12.4875,12.4875,69.0,69.0,69.0,0.0,0.0,0.0,11.2421875,11.2421875,11.2421875,286.237,286.237,286.237,69.0,0.0,11.2421875,286.237,5
11776294.78435606,4.942508697509766,22613421.926799193,4163.801260445734,321330.6623086269,467759.82487964677,12.4875,12.4875,12.4875,12.4875,12.4875,12.4875,12.4875,12.4875,12.4875,12.4875,12.4875,82.0,82.0,82.0,0.0,0.0,0.0,11.2421875,11.2421875,11.2421875,288.612,288.612,288.612,82.0,0.0,11.2421875,288.612,5
11776295.783897951,4.942508697509766,22809864.38731331,4199.92401989004,323732.3044430916,471255.88621462707,12.4875,12.4875,12.4875,12.4875,12.4875,12.4875,12.4875,12.4875,12.4875,12.4875,12.4875,72.0,72.0,72.0,0.0,0.0,0.0,11.2421875,11.2421875,11.2421875,267.822,267.822,267.822,72.0,0.0,11.2421875,267.822,5
11776296.782736111,4.942508697509766,22853377.964380417,4202.883076888087,323960.39007902687,471587.90960871003,12.475,12.475,12.475,12.475,12.475,12.475,12.475,12.475,12.475,12.475,12.475,71.0,71.0,71.0,0.0,0.0,0.0,11.2421875,11.2421875,11.2421875,286.07,286.07,286.07,71.0,0.0,11.2421875,286.07,5
11776297.783319507,4.942508697509766,22840916.715126842,4200.54941895155,323395.3326628643,470765.3576737898,12.4875,12.4875,12.4875,12.4875,12.4875,12.4875,12.4875,12.4875,12.4875,12.4875,12.4875,73.0,73.0,73.0,0.0,0.0,0.0,11.2421875,11.2421875,11.2421875,288.227,288.227,288.227,73.0,0.0,11.2421875,288.227,5
11776298.763870988,4.942508697509766,23335498.88772983,4292.482424938563,330002.0510789546,480382.73258328834,12.475,12.475,12.475,12.475,12.475,12.475,12.475,12.475,12.475,12.475,12.475,65.0,65.0,65.0,0.0,0.0,0.0,11.2421875,11.2421875,11.2421875,288.546,288.546,288.546,65.0,0.0,11.2421875,288.546,5
11776299.78305274,4.942508697509766,22477911.26760746,4134.689410738714,317493.91036651074,462174.6796474524,12.4875,12.4875,12.4875,12.4875,12.4875,12.4875,12.4875,12.4875,12.4875,12.4875,12.4875,88.0,88.0,88.0,0.0,0.0,0.0,11.244140625,11.244140625,11.244140625,291.573,291.573,291.573,88.0,0.0,11.244140625,291.573,5
11776300.795800855,4.942508697509766,22647739.023764294,4167.8675461970515,319510.8391539035,465110.7152240368,12.475,12.475,12.475,12.475,12.475,12.475,12.475,12.475,12.475,12.475,12.475,64.0,64.0,64.0,0.0,0.0,0.0,11.244140625,11.244140625,11.244140625,258.204,258.204,258.204,64.0,0.0,11.244140625,258.204,5
11776301.796233429,4.942508697509766,22953896.75807544,4219.174897764703,323444.0867373356,470836.3287948556,12.475,12.475,12.475,12.475,12.475,12.475,12.475,12.475,12.475,12.475,12.475,63.0,63.0,63.0,0.0,0.0,0.0,11.244140625,11.244140625,11.244140625,273.806,273.806,273.806,63.0,0.0,11.244140625,273.806,5
11776302.798000433,4.942508697509766,22950649.113308355,4219.544049171956,323013.2343523204,470209.13861413725,12.475,12.475,12.475,12.475,12.475,12.475,12.475,12.475,12.475,12.475,12.475,62.0,62.0,62.0,0.0,0.0,0.0,11.244140625,11.244140625,11.244140625,271.734,271.734,271.734,62.0,0.0,11.244140625,271.734,5
11776303.794259341,4.942508697509766,23105016.97376476,4247.8917500933685,324799.10303927516,472808.8208799575,12.4875,12.4875,12.4875,12.4875,12.4875,12.4875,12.4875,12.4875,12.4875,12.4875,12.4875,65.0,65.0,65.0,0.0,0.0,0.0,11.244140625,11.244140625,11.244140625,247.298,247.298,247.298,65.0,0.0,11.244140625,247.298,5
11776304.796427336,4.942508697509766,22996094.601282563,4222.844896939714,322883.98939776473,470020.99722459423,12.4875,12.4875,12.4875,12.4875,12.4875,12.4875,12.4875,12.4875,12.4875,12.4875,12.4875,62.0,62.0,62.0,0.0,0.0,0.0,11.244140625,11.244140625,11.244140625,263.588,263.588,263.588,62.0,0.0,11.244140625,263.588,5
11776305.789916605,4.942508697509766,23224514.563042767,4264.766748363334,325704.57481765427,474126.91270924354,12.475,12.475,12.475,12.475,12.475,12.475,12.475,12.475,12.475,12.475,12.475,64.0,64.0,64.0,0.0,0.0,0.0,11.244140625,11.244140625,11.244140625,272.877,272.877,272.877,64.0,0.0,11.244140625,272.877,5
11776306.783381248,4.942508697509766,23252628.223474067,4269.90535527364,325712.6483924719,474138.6653814464,12.475,12.475,12.475,12.475,12.475,12.475,12.475,12.475,12.475,12.475,12.475,71.0,71.0,71.0,0.0,0.0,0.0,11.244140625,11.244140625,11.244140625,258.142,258.142,258.142,71.0,0.0,11.244140625,258.142,5
11776307.784650182,4.942508697509766,23098720.237942956,4236.624001816412,323173.91348509234,470443.0386175395,12.475,12.475,12.475,12.475,12.475,12.475,12.475,12.475,12.475,12.475,12.475,63.0,63.0,63.0,0.0,0.0,0.0,11.244140625,11.244140625,11.244140625,263.066,263.066,263.066,63.0,0.0,11.244140625,263.066,5
11776308.795655137,4.942508697509766,22903354.622727588,4200.770709159441,320061.73514307715,465912.6524234667,12.4875,12.4875,12.4875,12.4875,12.4875,12.4875,12.4875,12.4875,12.4875,12.4875,12.4875,63.0,63.0,63.0,0.0,0.0,0.0,11.244140625,11.244140625,11.244140625,269.376,269.376,269.376,63.0,0.0,11.244140625,269.376,5
11776309.795458458,4.942508697509766,23187365.45774007,4252.8364417640905,323647.65455592464,471132.6616953333,11.2375,11.2375,11.2375,11.2375,11.2375,11.2375,11.2375,11.2375,11.2375,11.2375,11.2375,81.0,81.0,81.0,0.0,0.0,0.0,11.244140625,11.244140625,11.244140625,272.506,272.506,272.506,81.0,0.0,11.244140625,272.506,5
11776310.800489835,4.942508697509766,23094037.19066115,4230.713684149784,321964.07732171303,468681.88470882276,12.475,12.475,12.475,12.475,12.475,12.475,12.475,12.475,12.475,12.475,12.475,64.0,64.0,64.0,0.0,0.0,0.0,11.244140625,11.244140625,11.244140625,247.539,247.539,247.539,64.0,0.0,11.244140625,247.539,5
11776311.795100892,4.942508697509766,23363573.97963117,4281.070446664402,325337.2239110976,473592.16138957255,12.475,12.475,12.475,12.475,12.475,12.475,12.475,12.475,12.475,12.475,12.475,64.0,64.0,64.0,0.0,0.0,0.0,11.244140625,11.244140625,11.244140625,267.768,267.768,267.768,64.0,0.0,11.244140625,267.768,5
11776312.795135176,4.942508697509766,23264307.410053108,4262.8538529723555,323572.9066760982,471023.8514905227,12.475,12.475,12.475,12.475,12.475,12.475,12.475,12.475,12.475,12.475,12.475,77.0,77.0,77.0,0.0,0.0,0.0,11.244140625,11.244140625,11.244140625,269.237,269.237,269.237,77.0,0.0,11.244140625,269.237,5
11776313.795720758,4.942508697509766,23278920.28080617,4260.50512443105,323394.625893478,470764.32883227814,12.475,12.475,12.475,12.475,12.475,12.475,12.475,12.475,12.475,12.475,12.475,66.0,66.0,66.0,0.0,0.0,0.0,11.244140625,11.244140625,11.244140625,248.745,248.745,248.745,66.0,0.0,11.244140625,248.745,5
11776314.79644632,4.942508697509766,23303080.176298957,4264.905547654825,323349.3900497514,470698.4791863469,12.4875,12.4875,12.4875,12.4875,12.4875,12.4875,12.4875,12.4875,12.4875,12.4875,12.4875,63.0,63.0,63.0,0.0,0.0,0.0,11.244140625,11.244140625,11.244140625,268.189,268.189,268.189,63.0,0.0,11.244140625,268.189,5
11776315.796126164,4.942508697509766,23354901.19244428,4274.368461176462,323687.6302694417,471190.85418969364,12.4875,12.4875,12.4875,12.4875,12.4875,12.4875,12.4875,12.4875,12.4875,12.4875,12.4875,83.0,83.0,83.0,0.0,0.0,0.0,11.244140625,11.244140625,11.244140625,270.905,270.905,270.905,83.0,0.0,11.244140625,270.905,5
11776316.796728676,4.942508697509766,23360779.857070398,4270.427017804465,323389.15425444423,470756.36378811504,12.4875,12.4875,12.4875,12.4875,12.4875,12.4875,12.4875,12.4875,12.4875,12.4875,12.4875,60.0,60.0,60.0,0.0,0.0,0.0,11.244140625,11.244140625,11.244140625,246.425,246.425,246.425,60.0,0.0,11.244140625,246.425,5
11776317.79750636,4.942508697509766,23384106.550923713,4275.674875409749,323332.54940046463,470673.9643171321,12.475,12.475,12.475,12.475,12.475,12.475,12.475,12.475,12.475,12.475,12.475,60.0,60.0,60.0,0.0,0.0,0.0,11.244140625,11.244140625,11.244140625,272.084,272.084,272.084,60.0,0.0,11.244140625,272.084,5
11776318.796652893,4.942508697509766,23449742.598647315,4288.660233125349,323860.40440504847,471442.3608427921,12.4875,12.4875,12.4875,12.4875,12.4875,12.4875,12.4875,12.4875,12.4875,12.4875,12.4875,65.0,65.0,65.0,0.0,0.0,0.0,11.244140625,11.244140625,11.244140625,273.421,273.421,273.421,65.0,0.0,11.244140625,273.421,5
11776319.797022523,4.942508697509766,23448499.71337092,4290.414130989816,323464.4375960411,470865.9534625915,12.4875,12.4875,12.4875,12.4875,12.4875,12.4875,12.4875,12.4875,12.4875,12.4875,12.4875,60.0,60.0,60.0,0.0,0.0,0.0,11.244140625,11.244140625,11.244140625,248.638,248.638,248.638,60.0,0.0,11.244140625,248.638,5
11776320.784784475,4.942508697509766,23775564.499982662,4345.176478384922,327593.1000889345,476876.0317750312,12.4875,12.4875,12.4875,12.4875,12.4875,12.4875,12.4875,12.4875,12.4875,12.4875,12.4875,68.0,68.0,68.0,0.0,0.0,0.0,11.244140625,11.244140625,11.244140625,283.06,283.06,283.06,68.0,0.0,11.244140625,283.06,5
11776321.788743831,4.942508697509766,23419308.622795995,4280.053744059505,322307.86844723084,469182.34014470316,12.4875,12.4875,12.4875,12.4875,12.4875,12.4875,12.4875,12.4875,12.4875,12.4875,12.4875,67.0,67.0,67.0,0.0,0.0,0.0,11.244140625,11.244140625,11.244140625,281.128,281.128,281.128,67.0,0.0,11.244140625,281.128,5
11776322.797372792,4.942508697509766,23338087.559661523,4266.187237989483,320815.6939850311,467010.1874465643,11.2375,11.2375,11.2375,11.2375,11.2375,11.2375,11.2375,11.2375,11.2375,11.2375,11.2375,79.0,79.0,79.0,0.0,0.0,0.0,11.244140625,11.244140625,11.244140625,276.568,276.568,276.568,79.0,0.0,11.244140625,276.568,5
11776323.797275484,4.942508697509766,23569195.478530254,4303.418758397505,323615.49047578394,471085.8405660146,12.475,12.475,12.475,12.475,12.475,12.475,12.475,12.475,12.475,12.475,12.475,63.0,63.0,63.0,0.0,0.0,0.0,11.244140625,11.244140625,11.244140625,245.237,245.237,245.237,63.0,0.0,11.244140625,245.237,5
11776324.798408259,4.942508697509766,23567641.162969977,4303.125526559577,323217.866849177,470507.021362726,12.475,12.475,12.475,12.475,12.475,12.475,12.475,12.475,12.475,12.475,12.475,62.0,62.0,62.0,0.0,0.0,0.0,11.244140625,11.244140625,11.244140625,269.499,269.499,269.499,62.0,0.0,11.244140625,269.499,5
11776325.799212111,4.942508697509766,23602800.830635082,4309.535769097152,323324.09513274586,470661.6574717187,12.475,12.475,12.475,12.475,12.475,12.475,12.475,12.475,12.475,12.475,12.475,77.0,77.0,77.0,0.0,0.0,0.0,11.244140625,11.244140625,11.244140625,274.04,274.04,274.04,77.0,0.0,11.244140625,274.04,5
11776326.798423631,4.942508697509766,23667866.640516166,4316.403397938587,323839.34085753764,471411.6987166687,12.475,12.475,12.475,12.475,12.475,12.475,12.475,12.475,12.475,12.475,12.475,61.0,61.0,61.0,0.0,0.0,0.0,11.244140625,11.244140625,11.244140625,246.051,246.051,246.051,61.0,0.0,11.244140625,246.051,5
11776327.797845984,4.942508697509766,23690325.651202712,4320.495722425039,323771.0254389032,471312.2522211882,12.475,12.475,12.475,12.475,12.475,12.475,12.475,12.475,12.475,12.475,12.475,62.0,62.0,62.0,0.0,0.0,0.0,11.244140625,11.244140625,11.244140625,271.456,271.456,271.456,62.0,0.0,11.244140625,271.456,5
11776328.799048427,4.942508697509766,23675608.415838555,4317.808079246033,323195.3757841195,470474.28120473085,12.4875,12.4875,12.4875,12.4875,12.4875,12.4875,12.4875,12.4875,12.4875,12.4875,12.4875,63.0,63.0,63.0,0.0,0.0,0.0,11.244140625,11.244140625,11.244140625,273.719,273.719,273.719,63.0,0.0,11.244140625,273.719,5
11776329.800089642,4.942508697509766,23706829.09600222,4323.49830908369,323247.42995529965,470550.0562640438,12.4875,12.4875,12.4875,12.4875,12.4875,12.4875,12.4875,12.4875,12.4875,12.4875,12.4875,62.0,62.0,62.0,0.0,0.0,0.0,11.244140625,11.244140625,11.244140625,245.371,245.371,245.371,62.0,0.0,11.244140625,245.371,5
11776330.797363803,4.942508697509766,23823884.08702444,4339.829679662605,324468.448951928,472327.4889806547,12.475,12.475,12.475,12.475,12.475,12.475,12.475,12.475,12.475,12.475,12.475,63.0,63.0,63.0,0.0,0.0,0.0,11.244140625,11.244140625,11.244140625,268.557,268.557,268.557,63.0,0.0,11.244140625,268.557,5
11776331.797448264,4.942508697509766,23784371.132905666,4332.634058603296,323556.67187147215,471000.21854707965,12.4875,12.4875,12.4875,12.4875,12.4875,12.4875,12.4875,12.4875,12.4875,12.4875,12.4875,65.0,65.0,65.0,0.0,0.0,0.0,11.244140625,11.244140625,11.244140625,269.368,269.368,269.368,65.0,0.0,11.244140625,269.368,5
11776332.799345788,4.942508697509766,23768702.336366538,4329.784134242393,322971.1547475082,470147.8834932081,12.475,12.475,12.475,12.475,12.475,12.475,12.475,12.475,12.475,12.475,12.475,65.0,65.0,65.0,0.0,0.0,0.0,11.244140625,11.244140625,11.244140625,250.641,250.641,250.641,65.0,0.0,11.244140625,250.641,5
11776333.799902372,4.942508697509766,23827918.751003984,4335.586879771404,323403.9983642116,470777.97230233334,12.475,12.475,12.475,12.475,12.475,12.475,12.475,12.475,12.475,12.475,12.475,59.0,59.0,59.0,0.0,0.0,0.0,11.244140625,11.244140625,11.244140625,265.084,265.084,265.084,59.0,0.0,11.244140625,265.084,5
11776334.797197832,4.9425201416015625,23933285.534463607,4354.777671569146,324461.51924407796,472317.4014312527,12.4875,12.4875,12.4875,12.4875,12.4875,12.4875,12.4875,12.4875,12.4875,12.4875,12.4875,63.0,63.0,63.0,0.0,0.0,0.0,11.244140625,11.244140625,11.244140625,270.461,270.461,270.461,63.0,0.0,11.244140625,270.461,5
11776335.786460323,4.9425201416015625,24155300.74795597,4395.193426936398,327096.1982202823,476152.69361180335,12.475,12.475,12.475,12.475,12.475,12.475,12.475,12.475,12.475,12.475,12.475,70.0,70.0,70.0,0.0,0.0,0.0,11.244140625,11.244140625,11.244140625,264.207,264.207,264.207,70.0,0.0,11.244140625,264.207,5
11776336.787861336,4.9425201416015625,23889834.03759827,4341.916918978971,323131.2889399474,470380.9902290373,12.4875,12.4875,12.4875,12.4875,12.4875,12.4875,12.4875,12.4875,12.4875,12.4875,12.4875,68.0,68.0,68.0,0.0,0.0,0.0,11.244140625,11.244140625,11.244140625,282.276,282.276,282.276,68.0,0.0,11.244140625,282.276,5
11776337.78777202,4.9425201416015625,23952835.36419887,4353.388825959701,323612.9037122315,471082.0750241344,12.4875,12.4875,12.4875,12.4875,12.4875,12.4875,12.4875,12.4875,12.4875,12.4875,12.4875,65.0,65.0,65.0,0.0,0.0,0.0,11.244140625,11.244140625,11.244140625,285.164,285.164,285.164,65.0,0.0,11.244140625,285.164,5
11776338.79591455,4.9425201416015625,23784426.61521775,4322.801463482539,320970.488471669,467235.52119293594,12.4875,12.4875,12.4875,12.4875,12.4875,12.4875,12.4875,12.4875,12.4875,12.4875,12.4875,62.0,62.0,62.0,0.0,0.0,0.0,11.244140625,11.244140625,11.244140625,273.369,273.369,273.369,62.0,0.0,11.244140625,273.369,5
11776339.786743091,4.9425201416015625,24227692.261069328,4404.394721028451,326579.2074723351,475400.1121432726,12.475,12.475,12.475,12.475,12.475,12.475,12.475,12.475,12.475,12.475,12.475,70.0,70.0,70.0,0.0,0.0,0.0,11.244140625,11.244140625,11.244140625,267.241,267.241,267.241,70.0,0.0,11.244140625,267.241,5
11776340.788872307,4.942523956298828,23981817.536456864,4354.72784489823,322896.4837221697,470039.1851651838,12.4875,12.4875,12.4875,12.4875,12.4875,12.4875,12.4875,12.4875,12.4875,12.4875,12.4875,74.0,74.0,74.0,0.0,0.0,0.0,11.244140625,11.244140625,11.244140625,280.504,280.504,280.504,74.0,0.0,11.244140625,280.504,5
11776341.786013588,4.942523956298828,24129254.755579215,4381.525549712131,324511.6876809453,472390.43143428746,12.4875,12.4875,12.4875,12.4875,12.4875,12.4875,12.4875,12.4875,12.4875,12.4875,12.4875,69.0,69.0,69.0,0.0,0.0,0.0,11.244140625,11.244140625,11.244140625,291.978,291.978,291.978,69.0,0.0,11.244140625,291.978,5
11776342.768314213,4.942523956298828,24521690.616208028,4452.811992594963,329414.42976951273,479527.33447460714,12.4875,12.4875,12.4875,12.4875,12.4875,12.4875,12.4875,12.4875,12.4875,12.4875,12.4875,64.0,64.0,64.0,0.0,0.0,0.0,11.244140625,11.244140625,11.244140625,274.128,274.128,274.128,64.0,0.0,11.244140625,274.128,5
11776343.788751464,4.942523956298828,23632114.52543365,4291.297669089104,317103.2804189378,461606.04111617524,12.4875,12.4875,12.4875,12.4875,12.4875,12.4875,12.4875,12.4875,12.4875,12.4875,12.4875,74.0,74.0,74.0,0.0,0.0,0.0,11.244140625,11.244140625,11.244140625,290.345,290.345,290.345,74.0,0.0,11.244140625,290.345,5
11776344.787215857,4.942523956298828,24179631.423406098,4385.734767209715,324081.6622317397,471764.445020887,12.475,12.475,12.475,12.475,12.475,12.475,12.475,12.475,12.475,12.475,12.475,70.0,70.0,70.0,0.0,0.0,0.0,11.244140625,11.244140625,11.244140625,269.33,269.33,269.33,70.0,0.0,11.244140625,269.33,5
11776345.79841512,4.942523956298828,23902229.623701885,4335.446194139147,320000.2329571902,465823.12392502365,12.4875,12.4875,12.4875,12.4875,12.4875,12.4875,12.4875,12.4875,12.4875,12.4875,12.4875,62.0,62.0,62.0,0.0,0.0,0.0,11.244140625,11.244140625,11.244140625,273.017,273.017,273.017,62.0,0.0,11.244140625,273.017,5
11776346.791439386,4.942531585693359,24367312.90791637,4419.831572051554,325857.09259756893,474348.9322622839,12.4875,12.4875,12.4875,12.4875,12.4875,12.4875,12.4875,12.4875,12.4875,12.4875,12.4875,62.0,62.0,62.0,0.0,0.0,0.0,11.244140625,11.244140625,11.244140625,270.655,270.655,270.655,62.0,0.0,11.244140625,270.655,5
11776347.800283637,4.942546844482422,24012377.5106761,4355.47905086285,320747.23104105704,466910.52619900706,12.4875,12.4875,12.4875,12.4875,12.4875,12.4875,12.4875,12.4875,12.4875,12.4875,12.4875,65.0,65.0,65.0,0.0,0.0,0.0,11.244140625,11.244140625,11.244140625,255.777,255.777,255.777,65.0,0.0,11.244140625,255.777,5
11776348.80049364,4.942554473876953,24247090.015869856,4393.077436485185,323516.06035676424,470941.10051934037,12.475,12.475,12.475,12.475,12.475,12.475,12.475,12.475,12.475,12.475,12.475,61.0,61.0,61.0,0.0,0.0,0.0,11.244140625,11.244140625,11.244140625,257.703,257.703,257.703,61.0,0.0,11.244140625,257.703,5
11776349.773038475,4.942554473876953,24965037.241210394,4523.184789154612,332718.85128752125,484337.568329936,12.4875,12.4875,12.4875,12.4875,12.4875,12.4875,12.4875,12.4875,12.4875,12.4875,12.4875,64.0,64.0,64.0,0.0,0.0,0.0,11.244140625,11.244140625,11.244140625,267.552,267.552,267.552,64.0,0.0,11.244140625,267.552,5
11776350.799803523,4.942554473876953,23673433.40661858,4289.199370797804,315149.02116263314,458761.2333380103,12.475,12.475,12.475,12.475,12.475,12.475,12.475,12.475,12.475,12.475,12.475,64.0,64.0,64.0,0.0,0.0,0.0,11.244140625,11.244140625,11.244140625,262.686,262.686,262.686,64.0,0.0,11.244140625,262.686,5
11776351.798529664,4.942554473876953,24365523.24820071,4409.617231886186,323996.72624038596,471640.804020815,12.4875,12.4875,12.4875,12.4875,12.4875,12.4875,12.4875,12.4875,12.4875,12.4875,12.4875,64.0,64.0,64.0,0.0,0.0,0.0,11.244140625,11.244140625,11.244140625,257.149,257.149,257.149,64.0,0.0,11.244140625,257.149,5
11776352.766356517,4.942554473876953,25171776.268848166,4555.566926325373,334340.7957106077,486698.6266673404,12.4875,12.4875,12.4875,12.4875,12.4875,12.4875,12.4875,12.4875,12.4875,12.4875,12.4875,64.0,64.0,64.0,0.0,0.0,0.0,11.244140625,11.244140625,11.244140625,270.589,270.589,270.589,64.0,0.0,11.244140625,270.589,5
11776353.79887369,4.942554473876953,23621260.360639922,4274.989423946872,313393.33433584607,456205.48669142154,12.4875,12.4875,12.4875,12.4875,12.4875,12.4875,12.4875,12.4875,12.4875,12.4875,12.4875,64.0,64.0,64.0,0.0,0.0,0.0,11.244140625,11.244140625,11.244140625,261.08,261.08,261.08,64.0,0.0,11.244140625,261.08,5
11776354.800188074,4.94256591796875,24384737.116071865,4408.20592906574,323159.244982059,470421.685733377,12.4875,12.4875,12.4875,12.4875,12.4875,12.4875,12.4875,12.4875,12.4875,12.4875,12.4875,60.0,60.0,60.0,0.0,0.0,0.0,11.244140625,11.244140625,11.244140625,259.423,259.423,259.423,60.0,0.0,11.244140625,259.423,5
11776355.770038856,4.94256591796875,25204108.143218152,4556.371021836529,333643.0777845557,485682.9613319481,12.475,12.475,12.475,12.475,12.475,12.475,12.475,12.475,12.475,12.475,12.475,58.0,58.0,58.0,0.0,0.0,0.0,11.244140625,11.244140625,11.244140625,274.008,274.008,274.008,58.0,0.0,11.244140625,274.008,5
11776356.799291559,4.94256591796875,23776143.54924086,4298.26415788065,314387.3212621275,457652.4296853755,12.475,12.475,12.475,12.475,12.475,12.475,12.475,12.475,12.475,12.475,12.475,57.0,57.0,57.0,0.0,0.0,0.0,11.244140625,11.244140625,11.244140625,266.769,266.769,266.769,57.0,0.0,11.244140625,266.769,5
11776357.79988282,4.94256591796875,24484614.194878373,4421.3858056260915,323392.79035436554,470761.65684496245,12.475,12.475,12.475,12.475,12.475,12.475,12.475,12.475,12.475,12.475,12.475,57.0,57.0,57.0,0.0,0.0,0.0,11.244140625,11.244140625,11.244140625,254.962,254.962,254.962,57.0,0.0,11.244140625,254.962,5
11776358.788362943,4.942569732666016,24812362.36852129,4480.616147984621,327355.090455962,476529.5620561472,12.475,12.475,12.475,12.475,12.475,12.475,12.475,12.475,12.475,12.475,12.475,73.0,73.0,73.0,0.0,0.0,0.0,11.244140625,11.244140625,11.244140625,275.982,275.982,275.982,73.0,0.0,11.244140625,275.982,5
11776359.787347974,4.942569732666016,24578911.81831856,4438.504942172252,323912.7612106148,471518.5764458317,12.4875,12.4875,12.4875,12.4875,12.4875,12.4875,12.4875,12.4875,12.4875,12.4875,12.4875,86.0,86.0,86.0,0.0,0.0,0.0,11.244140625,11.244140625,11.244140625,289.117,289.117,289.117,86.0,0.0,11.244140625,289.117,5
11776360.79026764,4.942569732666016,24509840.44070236,4426.077330428716,322641.99299153994,469668.72397502646,12.475,12.475,12.475,12.475,12.475,12.475,12.475,12.475,12.475,12.475,12.475,77.0,77.0,77.0,0.0,0.0,0.0,11.244140625,11.244140625,11.244140625,267.88,267.88,267.88,77.0,0.0,11.244140625,267.88,5
11776361.789696893,4.942569732666016,24622885.462664966,4441.534997222533,323768.7903900104,471308.9986690025,12.4875,12.4875,12.4875,12.4875,12.4875,12.4875,12.4875,12.4875,12.4875,12.4875,12.4875,56.0,56.0,56.0,0.0,0.0,0.0,11.244140625,11.244140625,11.244140625,274.863,274.863,274.863,56.0,0.0,11.244140625,274.863,5
11776362.801043045,4.942569732666016,24359877.13010687,4394.143381058971,319953.7560343353,465755.4676449184,12.475,12.475,12.475,12.475,12.475,12.475,12.475,12.475,12.475,12.475,12.475,56.0,56.0,56.0,0.0,0.0,0.0,11.244140625,11.244140625,11.244140625,265.721,265.721,265.721,56.0,0.0,11.244140625,265.721,5
11776363.800103417,4.942569732666016,24686900.505647484,4453.184337179268,323888.3345834606,471483.01869744266,12.4875,12.4875,12.4875,12.4875,12.4875,12.4875,12.4875,12.4875,12.4875,12.4875,12.4875,62.0,62.0,62.0,0.0,0.0,0.0,11.244140625,11.244140625,11.244140625,267.73,267.73,267.73,62.0,0.0,11.244140625,267.73,5
11776364.798666008,4.942569732666016,24726677.344836596,4455.404237479484,324049.79203878663,471718.05170203117,12.475,12.475,12.475,12.475,12.475,12.475,12.475,12.475,12.475,12.475,12.475,63.0,63.0,63.0,0.0,0.0,0.0,11.244140625,11.244140625,11.244140625,253.611,253.611,253.611,63.0,0.0,11.244140625,253.611,5
11776365.800352981,4.942569732666016,24676917.693856113,4446.498874243503,323039.04169807135,470246.7062693444,12.475,12.475,12.475,12.475,12.475,12.475,12.475,12.475,12.475,12.475,12.475,59.0,59.0,59.0,0.0,0.0,0.0,11.244140625,11.244140625,11.244140625,262.759,262.759,262.759,59.0,0.0,11.244140625,262.759,5
11776366.801396796,4.942573547363281,24720140.742193624,4455.349438687146,323246.5903067582,470548.83399085054,12.4875,12.4875,12.4875,12.4875,12.4875,12.4875,12.4875,12.4875,12.4875,12.4875,12.4875,75.0,75.0,75.0,0.0,0.0,0.0,11.244140625,11.244140625,11.244140625,269.888,269.888,269.888,75.0,0.0,11.244140625,269.888,5
11776367.800697688,4.942573547363281,24790666.36474592,4463.120205122435,323810.3785772058,471369.53843517305,12.4875,12.4875,12.4875,12.4875,12.4875,12.4875,12.4875,12.4875,12.4875,12.4875,12.4875,55.0,55.0,55.0,0.0,0.0,0.0,11.244140625,11.244140625,11.244140625,246.792,246.792,246.792,55.0,0.0,11.244140625,246.792,5
11776368.799716238,4.942573547363281,24825095.592076488,4469.386479721969,323901.8935396089,471502.756418418,12.475,12.475,12.475,12.475,12.475,12.475,12.475,12.475,12.475,12.475,12.475,56.0,56.0,56.0,0.0,0.0,0.0,11.244140625,11.244140625,11.244140625,270.731,270.731,270.731,56.0,0.0,11.244140625,270.731,5
11776369.801988684,4.942573547363281,24771834.351336304,4459.8651984691915,322850.34013007936,469972.01411340665,12.4875,12.4875,12.4875,12.4875,12.4875,12.4875,12.4875,12.4875,12.4875,12.4875,12.4875,83.0,83.0,83.0,0.0,0.0,0.0,11.244140625,11.244140625,11.244140625,272.997,272.997,272.997,83.0,0.0,11.244140625,272.997,5
11776370.799708553,4.942573547363281,24912321.355766762,4480.215478119484,324323.5000608087,472116.4874302912,12.475,12.475,12.475,12.475,12.475,12.475,12.475,12.475,12.475,12.475,12.475,57.0,57.0,57.0,0.0,0.0,0.0,11.244140625,11.244140625,11.244140625,250.193,250.193,250.193,57.0,0.0,11.244140625,250.193,5
11776371.802262507,4.942577362060547,24819525.056820635,4462.60271473101,322759.6863753954,469840.049786968,12.4875,12.4875,12.4875,12.4875,12.4875,12.4875,12.4875,12.4875,12.4875,12.4875,12.4875,75.0,75.0,75.0,0.0,0.0,0.0,11.244140625,11.244140625,11.244140625,282.454,282.454,282.454,75.0,0.0,11.244140625,282.454,5
11776372.789465427,4.942592620849609,25233220.541431095,4537.061134210333,327778.6090762037,477146.0765033345,12.4875,12.4875,12.4875,12.4875,12.4875,12.4875,12.4875,12.4875,12.4875,12.4875,12.4875,89.0,89.0,89.0,0.0,0.0,0.0,11.244140625,11.244140625,11.244140625,289.316,289.316,289.316,89.0,0.0,11.244140625,289.316,5
11776373.78932328,4.942596435546875,24941264.344972026,4486.637765528776,323630.0032815122,471106.96680220123,12.4875,12.4875,12.4875,12.4875,12.4875,12.4875,12.4875,12.4875,12.4875,12.4875,12.4875,89.0,89.0,89.0,0.0,0.0,0.0,11.244140625,11.244140625,11.244140625,285.571,285.571,285.571,89.0,0.0,11.244140625,285.571,5
11776374.791241644,4.942596435546875,24917309.522555593,4477.410695093448,322964.43654951366,470138.1038378997,12.475,12.475,12.475,12.475,12.475,12.475,12.475,12.475,12.475,12.475,12.475,80.0,80.0,80.0,0.0,0.0,0.0,11.244140625,11.244140625,11.244140625,268.796,268.796,268.796,80.0,0.0,11.244140625,268.796,5
11776375.791798998,4.942604064941406,24978584.09323358,4488.498318764514,323403.749717011,470777.6103475476,12.4875,12.4875,12.4875,12.4875,12.4875,12.4875,12.4875,12.4875,12.4875,12.4875,12.4875,77.0,77.0,77.0,0.0,0.0,0.0,11.244140625,11.244140625,11.244140625,287.628,287.628,287.628,77.0,0.0,11.244140625,287.628,5
11776376.79224646,4.942607879638672,25008711.520809643,4493.989105055653,323439.2728136852,470829.3211844784,12.475,12.475,12.475,12.475,12.475,12.475,12.475,12.475,12.475,12.475,12.475,80.0,80.0,80.0,0.0,0.0,0.0,11.244140625,11.244140625,11.244140625,285.013,285.013,285.013,80.0,0.0,11.244140625,285.013,5
11776377.790449012,4.942607879638672,25092403.311318025,4512.110287418847,324166.6730115764,471888.1948902695,12.4875,12.4875,12.4875,12.4875,12.4875,12.4875,12.4875,12.4875,12.4875,12.4875,12.4875,90.0,90.0,90.0,0.0,0.0,0.0,11.244140625,11.244140625,11.244140625,290.579,290.579,290.579,90.0,0.0,11.244140625,290.579,5
11776378.791473243,4.942615509033203,25049040.987818096,4504.38646632786,323252.91424267786,470558.0397203538,12.475,12.475,12.475,12.475,12.475,12.475,12.475,12.475,12.475,12.475,12.475,54.0,54.0,54.0,0.0,0.0,0.0,11.244140625,11.244140625,11.244140625,281.274,281.274,281.274,54.0,0.0,11.244140625,281.274,5
11776379.802494599,4.942615509033203,24828444.890615463,4459.846448302831,320056.54316425446,465905.0944796109,12.4875,12.4875,12.4875,12.4875,12.4875,12.4875,12.4875,12.4875,12.4875,12.4875,12.4875,59.0,59.0,59.0,0.0,0.0,0.0,11.244140625,11.244140625,11.244140625,252.915,252.915,252.915,59.0,0.0,11.244140625,252.915,5
11776380.776120564,4.942615509033203,25810203.191583764,4636.277338874491,332349.3944223224,483799.7513742668,12.4875,12.4875,12.4875,12.4875,12.4875,12.4875,12.4875,12.4875,12.4875,12.4875,12.4875,68.0,68.0,68.0,0.0,0.0,0.0,11.244140625,11.244140625,11.244140625,270.634,270.634,270.634,68.0,0.0,11.244140625,270.634,5
11776381.801616102,4.942619323730469,24531437.783815995,4406.6500832004795,315539.1592215853,459329.15582889,12.475,12.475,12.475,12.475,12.475,12.475,12.475,12.475,12.475,12.475,12.475,59.0,59.0,59.0,0.0,0.0,0.0,11.244140625,11.244140625,11.244140625,263.342,263.342,263.342,59.0,0.0,11.244140625,263.342,5
11776382.803763468,4.942619323730469,25130307.049120065,4509.316849194228,322890.6358330748,470030.6724152355,11.2375,11.2375,11.2375,11.2375,11.2375,11.2375,11.2375,11.2375,11.2375,11.2375,11.2375,59.0,59.0,59.0,0.0,0.0,0.0,11.244140625,11.244140625,11.244140625,249.506,249.506,249.506,59.0,0.0,11.244140625,249.506,5
11776383.780844755,4.942619323730469,25803039.4385906,4630.116303701135,331174.0835580964,482088.8558124188,12.4875,12.4875,12.4875,12.4875,12.4875,12.4875,12.4875,12.4875,12.4875,12.4875,12.4875,65.0,65.0,65.0,0.0,0.0,0.0,11.244140625,11.244140625,11.244140625,267.761,267.761,267.761,65.0,0.0,11.244140625,267.761,5
11776384.804028612,4.942619323730469,24667200.17918935,4426.379455398894,316252.05778224673,460366.91955643514,12.475,12.475,12.475,12.475,12.475,12.475,12.475,12.475,12.475,12.475,12.475,59.0,59.0,59.0,0.0,0.0,0.0,11.244140625,11.244140625,11.244140625,260.889,260.889,260.889,59.0,0.0,11.244140625,260.889,5
11776385.790732851,4.942619323730469,25606955.9503318,4590.027911237251,327944.26841019973,477387.22616674646,12.4875,12.4875,12.4875,12.4875,12.4875,12.4875,12.4875,12.4875,12.4875,12.4875,12.4875,79.0,79.0,79.0,0.0,0.0,0.0,11.244140625,11.244140625,11.244140625,272.421,272.421,272.421,79.0,0.0,11.244140625,272.421,5
11776386.790988375,4.942634582519531,25287446.46950638,4532.841753545633,323501.3378869233,470919.669075901,12.4875,12.4875,12.4875,12.4875,12.4875,12.4875,12.4875,12.4875,12.4875,12.4875,12.4875,79.0,79.0,79.0,0.0,0.0,0.0,11.244140625,11.244140625,11.244140625,284.74,284.74,284.74,79.0,0.0,11.244140625,284.74,5
11776387.841162128,4.942634582519531,24111556.689193256,4322.141915337767,308124.24973180355,448535.3002424988,12.475,12.475,12.475,12.475,12.475,12.475,12.475,12.475,12.475,12.475,12.475,67.0,67.0,67.0,0.0,0.0,0.0,11.244140625,11.244140625,11.244140625,248.061,248.061,248.061,67.0,0.0,11.244140625,248.061,5
11776388.8519848,4.942634582519531,25077331.259193256,4490.401851827249,320119.4520426676,465996.6706950225,12.4875,12.4875,12.4875,12.4875,12.4875,12.4875,12.4875,12.4875,12.4875,12.4875,12.4875,94.0,94.0,94.0,0.0,0.0,0.0,11.244140625,11.244140625,11.244140625,258.294,258.294,258.294,94.0,0.0,11.244140625,258.294,5
11776389.84950306,4.942634582519531,25439284.68957301,4555.305082690426,324389.0492687718,472211.90716340195,12.475,12.475,12.475,12.475,12.475,12.475,12.475,12.475,12.475,12.475,12.475,64.0,64.0,64.0,0.0,0.0,0.0,11.244140625,11.244140625,11.244140625,272.382,272.382,272.382,64.0,0.0,11.244140625,272.382,5
11776390.851081064,4.942638397216797,25363543.24839963,4541.832973179315,323074.187907948,470297.8684735951,12.475,12.475,12.475,12.475,12.475,12.475,12.475,12.475,12.475,12.475,12.475,79.0,79.0,79.0,0.0,0.0,0.0,11.244140625,11.244140625,11.244140625,272.3,272.3,272.3,79.0,0.0,11.244140625,272.3,5
11776391.849072136,4.942646026611328,25482169.844144564,4558.157009180442,324235.3654998119,471988.1902845363,12.475,12.475,12.475,12.475,12.475,12.475,12.475,12.475,12.475,12.475,12.475,65.0,65.0,65.0,0.0,0.0,0.0,11.244140625,11.244140625,11.244140625,250.581,250.581,250.581,65.0,0.0,11.244140625,250.581,5
11776392.85001126,4.942653656005859,25434509.858341318,4551.725368503305,323280.39983357623,470598.0503906489,12.4875,12.4875,12.4875,12.4875,12.4875,12.4875,12.4875,12.4875,12.4875,12.4875,12.4875,64.0,64.0,64.0,0.0,0.0,0.0,11.244140625,11.244140625,11.244140625,267.233,267.233,267.233,64.0,0.0,11.244140625,267.233,5
11776393.851590993,4.942653656005859,25445614.708351716,4553.806199496103,323073.6297429833,470297.0559549757,12.4875,12.4875,12.4875,12.4875,12.4875,12.4875,12.4875,12.4875,12.4875,12.4875,12.4875,54.0,54.0,54.0,0.0,0.0,0.0,11.244140625,11.244140625,11.244140625,273.925,273.925,273.925,54.0,0.0,11.244140625,273.925,5
11776394.850614894,4.942653656005859,25538150.755787805,4565.456336000676,323900.158524105,471500.23076293763,12.475,12.475,12.475,12.475,12.475,12.475,12.475,12.475,12.475,12.475,12.475,66.0,66.0,66.0,0.0,0.0,0.0,11.244140625,11.244140625,11.244140625,249.326,249.326,249.326,66.0,0.0,11.244140625,249.326,5
11776395.849218665,4.942653656005859,25576352.457564197,4575.388292064499,324036.42921851587,471698.5994953079,12.4875,12.4875,12.4875,12.4875,12.4875,12.4875,12.4875,12.4875,12.4875,12.4875,12.4875,63.0,63.0,63.0,0.0,0.0,0.0,11.244140625,11.244140625,11.244140625,271.552,271.552,271.552,63.0,0.0,11.244140625,271.552,5
11776396.8502651,4.942653656005859,25541332.632408477,4571.216514897931,323245.74404648866,470547.60209298984,12.475,12.475,12.475,12.475,12.475,12.475,12.475,12.475,12.475,12.475,12.475,55.0,55.0,55.0,0.0,0.0,0.0,11.244140625,11.244140625,11.244140625,271.651,271.651,271.651,55.0,0.0,11.244140625,271.651,5
11776397.851623751,4.942653656005859,25560747.87393195,4574.784466226855,323144.95889970544,470400.8895375459,12.4875,12.4875,12.4875,12.4875,12.4875,12.4875,12.4875,12.4875,12.4875,12.4875,12.4875,70.0,70.0,70.0,0.0,0.0,0.0,11.244140625,11.244140625,11.244140625,256.891,256.891,256.891,70.0,0.0,11.244140625,256.891,5
11776398.837290492,4.942653656005859,25995434.300821487,4647.6154778369855,328289.4579306708,477889.71724085,12.4875,12.4875,12.4875,12.4875,12.4875,12.4875,12.4875,12.4875,12.4875,12.4875,12.4875,66.0,66.0,66.0,0.0,0.0,0.0,11.244140625,11.244140625,11.244140625,288.94,288.94,288.94,66.0,0.0,11.244140625,288.94,5
11776399.841830488,4.942653656005859,25534265.526800033,4565.273674020788,322121.56923993514,468911.14509610814,12.475,12.475,12.475,12.475,12.475,12.475,12.475,12.475,12.475,12.475,12.475,68.0,68.0,68.0,0.0,0.0,0.0,11.244140625,11.244140625,11.244140625,283.649,283.649,283.649,68.0,0.0,11.244140625,283.649,5
11776400.837811606,4.942653656005859,25781160.44913252,4611.533209141794,324889.69343499636,472940.6929749947,12.4875,12.4875,12.4875,12.4875,12.4875,12.4875,12.4875,12.4875,12.4875,12.4875,12.4875,77.0,77.0,77.0,0.0,0.0,0.0,11.244140625,11.244140625,11.244140625,288.801,288.801,288.801,77.0,0.0,11.244140625,288.801,5
11776401.8391734,4.942653656005859,25669947.799346738,4591.746982974506,323143.94426681654,470399.4125403026,12.4875,12.4875,12.4875,12.4875,12.4875,12.4875,12.4875,12.4875,12.4875,12.4875,12.4875,74.0,74.0,74.0,0.0,0.0,0.0,11.244140625,11.244140625,11.244140625,276.418,276.418,276.418,74.0,0.0,11.244140625,276.418,5
11776402.839324264,4.942653656005859,25728374.538142476,4597.30643618574,323535.19048428145,470968.94817332114,12.4875,12.4875,12.4875,12.4875,12.4875,12.4875,12.4875,12.4875,12.4875,12.4875,12.4875,68.0,68.0,68.0,0.0,0.0,0.0,11.244140625,11.244140625,11.244140625,268.646,268.646,268.646,68.0,0.0,11.244140625,268.646,5
11776403.840085875,4.942653656005859,25740008.1167134,4599.496970732004,323337.74229357915,470681.523591919,12.4875,12.4875,12.4875,12.4875,12.4875,12.4875,12.4875,12.4875,12.4875,12.4875,12.4875,67.0,67.0,67.0,0.0,0.0,0.0,11.244140625,11.244140625,11.244140625,290.72,290.72,290.72,67.0,0.0,11.244140625,290.72,5
11776404.838900436,4.942653656005859,25817573.17172988,4613.4689884957115,323968.04452547664,471599.05215733947,12.4875,12.4875,12.4875,12.4875,12.4875,12.4875,12.4875,12.4875,12.4875,12.4875,12.4875,66.0,66.0,66.0,0.0,0.0,0.0,11.244140625,11.244140625,11.244140625,286.873,286.873,286.873,66.0,0.0,11.244140625,286.873,5
11776405.842658952,4.942653656005859,25717663.745148674,4595.726886219094,322372.3582810144,469276.21775084373,12.4875,12.4875,12.4875,12.4875,12.4875,12.4875,12.4875,12.4875,12.4875,12.4875,12.4875,72.0,72.0,72.0,0.0,0.0,0.0,11.244140625,11.244140625,11.244140625,288.542,288.542,288.542,72.0,0.0,11.244140625,288.542,5
11776406.850324495,4.942653656005859,25645096.41363437,4582.869814894524,321122.4223003096,467456.6906903241,12.475,12.475,12.475,12.475,12.475,12.475,12.475,12.475,12.475,12.475,12.475,66.0,66.0,66.0,0.0,0.0,0.0,11.244140625,11.244140625,11.244140625,259.105,259.105,259.105,66.0,0.0,11.244140625,259.105,5
11776407.850800088,4.942653656005859,25856733.72073451,4615.804755978373,323430.1788996331,470816.0832083267,12.4875,12.4875,12.4875,12.4875,12.4875,12.4875,12.4875,12.4875,12.4875,12.4875,12.4875,65.0,65.0,65.0,0.0,0.0,0.0,11.244140625,11.244140625,11.244140625,261.211,261.211,261.211,65.0,0.0,11.244140625,261.211,5
11776408.819322908,4.942657470703125,26738024.596442856,4773.24839597722,334100.54271336633,486348.89129160927,12.475,12.475,12.475,12.475,12.475,12.475,12.475,12.475,12.475,12.475,12.475,56.0,56.0,56.0,0.0,0.0,0.0,11.244140625,11.244140625,11.244140625,271.854,271.854,271.854,56.0,0.0,11.244140625,271.854,5
11776409.85007782,4.942668914794922,25150249.32583927,4489.913122498713,313929.1373877752,456985.4531594195,12.4875,12.4875,12.4875,12.4875,12.4875,12.4875,12.4875,12.4875,12.4875,12.4875,12.4875,73.0,73.0,73.0,0.0,0.0,0.0,11.244140625,11.244140625,11.244140625,273.021,273.021,273.021,73.0,0.0,11.244140625,273.021,5
11776410.851248154,4.942684173583984,25920758.02091283,4622.590019549256,323205.74090013537,470489.369664754,12.475,12.475,12.475,12.475,12.475,12.475,12.475,12.475,12.475,12.475,12.475,63.0,63.0,63.0,0.0,0.0,0.0,11.244140625,11.244140625,11.244140625,247.008,247.008,247.008,63.0,0.0,11.244140625,247.008,5
11776411.851772128,4.942684173583984,25964845.11555419,4630.573703217959,323414.53943062376,470793.31689268013,12.475,12.475,12.475,12.475,12.475,12.475,12.475,12.475,12.475,12.475,12.475,62.0,62.0,62.0,0.0,0.0,0.0,11.244140625,11.244140625,11.244140625,264.045,264.045,264.045,62.0,0.0,11.244140625,264.045,5
11776412.850644307,4.942684173583984,26035168.996325385,4643.236737402299,323949.35671314906,471571.84837990056,12.475,12.475,12.475,12.475,12.475,12.475,12.475,12.475,12.475,12.475,12.475,65.0,65.0,65.0,0.0,0.0,0.0,11.244140625,11.244140625,11.244140625,254.786,254.786,254.786,65.0,0.0,11.244140625,254.786,5
11776413.852206713,4.942684173583984,25992562.081226002,4630.7648680676075,323079.21929038136,470305.1926378969,12.4875,12.4875,12.4875,12.4875,12.4875,12.4875,12.4875,12.4875,12.4875,12.4875,12.4875,64.0,64.0,64.0,0.0,0.0,0.0,11.244140625,11.244140625,11.244140625,261.658,261.658,261.658,64.0,0.0,11.244140625,261.658,5
11776414.818633612,4.942684173583984,26965877.097645607,4804.295080827674,334825.11725921644,487403.65170645434,12.4875,12.4875,12.4875,12.4875,12.4875,12.4875,12.4875,12.4875,12.4875,12.4875,12.4875,53.0,53.0,53.0,0.0,0.0,0.0,11.244140625,11.244140625,11.244140625,267.088,267.088,267.088,53.0,0.0,11.244140625,267.088,5
11776415.852866888,4.942684173583984,25224410.788558967,4494.150506229303,312873.3213011409,455448.5056915342,12.475,12.475,12.475,12.475,12.475,12.475,12.475,12.475,12.475,12.475,12.475,64.0,64.0,64.0,0.0,0.0,0.0,11.244140625,11.244140625,11.244140625,249.236,249.236,249.236,64.0,0.0,11.244140625,249.236,5
11776416.8525301,4.942684173583984,26124094.297006693,4649.5659207725275,323693.0161160193,471198.694346104,12.4875,12.4875,12.4875,12.4875,12.4875,12.4875,12.4875,12.4875,12.4875,12.4875,12.4875,65.0,65.0,65.0,0.0,0.0,0.0,11.244140625,11.244140625,11.244140625,261.477,261.477,261.477,65.0,0.0,11.244140625,261.477,5
11776417.834442437,4.942684173583984,26624244.353002235,4740.749070398285,329544.6932751361,479716.9585650716,12.475,12.475,12.475,12.475,12.475,12.475,12.475,12.475,12.475,12.475,12.475,55.0,55.0,55.0,0.0,0.0,0.0,11.244140625,11.244140625,11.244140625,269.013,269.013,269.013,55.0,0.0,11.244140625,269.013,5
11776418.851991083,4.942691802978516,25718721.245287985,4579.633627105872,318003.46944064944,462916.44285664154,12.475,12.475,12.475,12.475,12.475,12.475,12.475,12.475,12.475,12.475,12.475,64.0,64.0,64.0,0.0,0.0,0.0,11.244140625,11.244140625,11.244140625,249.616,249.616,249.616,64.0,0.0,11.244140625,249.616,5
11776419.852015415,4.942691802978516,26196785.586792335,4659.886616880304,323576.12683188764,471028.539059077,12.475,12.475,12.475,12.475,12.475,12.475,12.475,12.475,12.475,12.475,12.475,64.0,64.0,64.0,0.0,0.0,0.0,11.244140625,11.244140625,11.244140625,263.826,263.826,263.826,64.0,0.0,11.244140625,263.826,5
11776420.834952304,4.942691802978516,26680043.54629803,4745.981204411913,329201.196580584,479216.9317312298,12.475,12.475,12.475,12.475,12.475,12.475,12.475,12.475,12.475,12.475,12.475,56.0,56.0,56.0,0.0,0.0,0.0,11.244140625,11.244140625,11.244140625,269.602,269.602,269.602,56.0,0.0,11.244140625,269.602,5
11776421.852092024,4.942695617675781,25809802.221845802,4591.306296564757,318131.318344242,463102.55202009913,12.475,12.475,12.475,12.475,12.475,12.475,12.475,12.475,12.475,12.475,12.475,64.0,64.0,64.0,0.0,0.0,0.0,11.244140625,11.244140625,11.244140625,247.97,247.97,247.97,64.0,0.0,11.244140625,247.97,5
11776422.852129497,4.942718505859375,26278561.271485485,4669.825009071207,323571.87488978537,471022.34952310525,12.4875,12.4875,12.4875,12.4875,12.4875,12.4875,12.4875,12.4875,12.4875,12.4875,12.4875,65.0,65.0,65.0,0.0,0.0,0.0,11.244140625,11.244140625,11.244140625,263.954,263.954,263.954,65.0,0.0,11.244140625,263.954,5
11776423.827674303,4.942718505859375,26966390.29067226,4792.194032007728,331695.68206485326,482848.1447779509,12.4875,12.4875,12.4875,12.4875,12.4875,12.4875,12.4875,12.4875,12.4875,12.4875,12.4875,56.0,56.0,56.0,0.0,0.0,0.0,11.244140625,11.244140625,11.244140625,269.927,269.927,269.927,56.0,0.0,11.244140625,269.927,5
11776424.853870083,4.942718505859375,25662060.32761042,4560.533276156318,315323.84607516363,459015.72529928887,12.475,12.475,12.475,12.475,12.475,12.475,12.475,12.475,12.475,12.475,12.475,66.0,66.0,66.0,0.0,0.0,0.0,11.244140625,11.244140625,11.244140625,252.416,252.416,252.416,66.0,0.0,11.244140625,252.416,5
11776425.842403684,4.942718505859375,26667448.601582468,4734.28520232941,327337.3809637948,476503.7824156507,12.4875,12.4875,12.4875,12.4875,12.4875,12.4875,12.4875,12.4875,12.4875,12.4875,12.4875,65.0,65.0,65.0,0.0,0.0,0.0,11.244140625,11.244140625,11.244140625,275.701,275.701,275.701,65.0,0.0,11.244140625,275.701,5
11776426.842334896,4.942718505859375,26390854.36050799,4685.322291538541,323606.2600608767,471072.4038860863,12.4875,12.4875,12.4875,12.4875,12.4875,12.4875,12.4875,12.4875,12.4875,12.4875,12.4875,65.0,65.0,65.0,0.0,0.0,0.0,11.244140625,11.244140625,11.244140625,283.919,283.919,283.919,65.0,0.0,11.244140625,283.919,5
11776427.8439992,4.942718505859375,26372505.1541417,4682.207387060566,323046.35290716554,470257.34916865866,11.2375,11.2375,11.2375,11.2375,11.2375,11.2375,11.2375,11.2375,11.2375,11.2375,11.2375,74.0,74.0,74.0,0.0,0.0,0.0,11.244140625,11.244140625,11.244140625,286.28,286.28,286.28,74.0,0.0,11.244140625,286.28,5
11776428.840422498,4.942729949951172,26538673.914984774,4711.852891337077,324745.5177828364,472730.8170256479,12.4875,12.4875,12.4875,12.4875,12.4875,12.4875,12.4875,12.4875,12.4875,12.4875,12.4875,66.0,66.0,66.0,0.0,0.0,0.0,11.244140625,11.244140625,11.244140625,286.321,286.321,286.321,66.0,0.0,11.244140625,286.321,5
11776429.843593525,4.942729949951172,26387414.802939225,4680.159090532338,322561.14997887454,469551.0411084883,12.475,12.475,12.475,12.475,12.475,12.475,12.475,12.475,12.475,12.475,12.475,67.0,67.0,67.0,0.0,0.0,0.0,11.244140625,11.244140625,11.244140625,266.864,266.864,266.864,67.0,0.0,11.244140625,266.864,5
11776430.841049114,4.942729949951172,26566016.85293449,4711.989235011508,324409.43077063054,472241.5764382597,12.4875,12.4875,12.4875,12.4875,12.4875,12.4875,12.4875,12.4875,12.4875,12.4875,12.4875,66.0,66.0,66.0,0.0,0.0,0.0,11.244140625,11.244140625,11.244140625,285.68,285.68,285.68,66.0,0.0,11.244140625,285.68,5
11776431.8438843,4.942729949951172,26450751.19527507,4691.698162123905,322669.1728146018,469708.28954024316,12.475,12.475,12.475,12.475,12.475,12.475,12.475,12.475,12.475,12.475,12.475,59.0,59.0,59.0,0.0,0.0,0.0,11.244140625,11.244140625,11.244140625,280.494,280.494,280.494,59.0,0.0,11.244140625,280.494,5
11776432.854179623,4.9427337646484375,26282493.264544874,4662.003175375752,320286.5468154538,466239.90992123017,12.4875,12.4875,12.4875,12.4875,12.4875,12.4875,12.4875,12.4875,12.4875,12.4875,12.4875,68.0,68.0,68.0,0.0,0.0,0.0,11.244140625,11.244140625,11.244140625,274.048,274.048,274.048,68.0,0.0,11.244140625,274.048,5
11776433.852391632,4.9427337646484375,26628039.677494146,4718.436518876254,324163.6013851494,471883.7235353441,12.4875,12.4875,12.4875,12.4875,12.4875,12.4875,12.4875,12.4875,12.4875,12.4875,12.4875,65.0,65.0,65.0,0.0,0.0,0.0,11.244140625,11.244140625,11.244140625,247.95,247.95,247.95,65.0,0.0,11.244140625,247.95,5
11776434.855904927,4.942741394042969,26514628.283629935,4699.489306759909,322451.13397765014,469390.8912332882,12.475,12.475,12.475,12.475,12.475,12.475,12.475,12.475,12.475,12.475,12.475,64.0,64.0,64.0,0.0,0.0,0.0,11.244140625,11.244140625,11.244140625,270.591,270.591,270.591,64.0,0.0,11.244140625,270.591,5
11776435.85468309,4.942741394042969,26667721.62167412,4726.775351264316,323979.85072304856,471616.2383943112,12.4875,12.4875,12.4875,12.4875,12.4875,12.4875,12.4875,12.4875,12.4875,12.4875,12.4875,79.0,79.0,79.0,0.0,0.0,0.0,11.244140625,11.244140625,11.244140625,268.97,268.97,268.97,79.0,0.0,11.244140625,268.97,5
11776436.853597712,4.942741394042969,26691459.328872293,4726.129638219676,323935.59264004993,471551.8120709588,12.4875,12.4875,12.4875,12.4875,12.4875,12.4875,12.4875,12.4875,12.4875,12.4875,12.4875,65.0,65.0,65.0,0.0,0.0,0.0,11.244140625,11.244140625,11.244140625,245.075,245.075,245.075,65.0,0.0,11.244140625,245.075,5
11776437.853382984,4.942741394042969,26695613.284849677,4727.015020569016,323653.4973372417,471141.1670099088,12.4875,12.4875,12.4875,12.4875,12.4875,12.4875,12.4875,12.4875,12.4875,12.4875,12.4875,63.0,63.0,63.0,0.0,0.0,0.0,11.244140625,11.244140625,11.244140625,273.439,273.439,273.439,63.0,0.0,11.244140625,273.439,5
11776438.841799565,4.942741394042969,27030381.245664403,4786.443381682882,327376.1351127613,476560.19668313354,12.4875,12.4875,12.4875,12.4875,12.4875,12.4875,12.4875,12.4875,12.4875,12.4875,12.4875,75.0,75.0,75.0,0.0,0.0,0.0,11.244140625,11.244140625,11.244140625,285.831,285.831,285.831,75.0,0.0,11.244140625,285.831,5
11776439.84443244,4.942741394042969,26674442.527251896,4723.563447908486,322734.280981423,469803.06725143857,12.4875,12.4875,12.4875,12.4875,12.4875,12.4875,12.4875,12.4875,12.4875,12.4875,12.4875,64.0,64.0,64.0,0.0,0.0,0.0,11.244140625,11.244140625,11.244140625,277.85,277.85,277.85,64.0,0.0,11.244140625,277.85,5
11776440.856376104,4.9427490234375,26456081.44187239,4680.1024272431005,319764.8361100151,465480.45762850303,12.4875,12.4875,12.4875,12.4875,12.4875,12.4875,12.4875,12.4875,12.4875,12.4875,12.4875,65.0,65.0,65.0,0.0,0.0,0.0,11.244140625,11.244140625,11.244140625,252.454,252.454,252.454,65.0,0.0,11.244140625,252.454,5
11776441.83011002,4.9427490234375,27522364.772062115,4868.88658892181,332312.54967088695,483746.11660951894,12.4875,12.4875,12.4875,12.4875,12.4875,12.4875,12.4875,12.4875,12.4875,12.4875,12.4875,64.0,64.0,64.0,0.0,0.0,0.0,11.244140625,11.244140625,11.244140625,266.827,266.827,266.827,64.0,0.0,11.244140625,266.827,5
11776442.854035176,4.9427490234375,26200016.485273708,4635.104398335348,316023.097688779,460033.6232178429,12.4875,12.4875,12.4875,12.4875,12.4875,12.4875,12.4875,12.4875,12.4875,12.4875,12.4875,67.0,67.0,67.0,0.0,0.0,0.0,11.244140625,11.244140625,11.244140625,255.841,255.841,255.841,67.0,0.0,11.244140625,255.841,5
11776443.858023793,4.9427490234375,26747561.244751267,4727.145232096417,322298.4750911688,469168.6662719546,12.475,12.475,12.475,12.475,12.475,12.475,12.475,12.475,12.475,12.475,12.475,64.0,64.0,64.0,0.0,0.0,0.0,11.244140625,11.244140625,11.244140625,251.588,251.588,251.588,64.0,0.0,11.244140625,251.588,5
11776444.82291524,4.9427490234375,27859758.82615957,4923.869950325734,335357.93180513626,488179.2678176034,12.4875,12.4875,12.4875,12.4875,12.4875,12.4875,12.4875,12.4875,12.4875,12.4875,12.4875,58.0,58.0,58.0,0.0,0.0,0.0,11.244140625,11.244140625,11.244140625,268.358,268.358,268.358,58.0,0.0,11.244140625,268.358,5
11776445.855736695,4.9427490234375,26053911.684781097,4604.861733368438,313301.00486339204,456071.08302898845,12.475,12.475,12.475,12.475,12.475,12.475,12.475,12.475,12.475,12.475,12.475,62.0,62.0,62.0,0.0,0.0,0.0,11.244140625,11.244140625,11.244140625,248.457,248.457,248.457,62.0,0.0,11.244140625,248.457,5
11776446.855896829,4.942756652832031,26932117.26671201,4755.238527172395,323532.1916687452,470964.58280893293,12.4875,12.4875,12.4875,12.4875,12.4875,12.4875,12.4875,12.4875,12.4875,12.4875,12.4875,63.0,63.0,63.0,0.0,0.0,0.0,11.244140625,11.244140625,11.244140625,264.251,264.251,264.251,63.0,0.0,11.244140625,264.251,5
11776447.83467932,4.942756652832031,27548332.98208798,4864.206338066448,330598.4758867661,481250.9459111152,11.2375,11.2375,11.2375,11.2375,11.2375,11.2375,11.2375,11.2375,11.2375,11.2375,11.2375,72.0,72.0,72.0,0.0,0.0,0.0,11.244140625,11.244140625,11.244140625,273.495,273.495,273.495,72.0,0.0,11.244140625,273.495,5
11776448.846107252,4.942756652832031,26686253.325338356,4712.149874079899,319927.88603740453,465717.80878862686,12.4875,12.4875,12.4875,12.4875,12.4875,12.4875,12.4875,12.4875,12.4875,12.4875,12.4875,90.0,90.0,90.0,0.0,0.0,0.0,11.244140625,11.244140625,11.244140625,288.829,288.829,288.829,90.0,0.0,11.244140625,288.829,5
11776449.844250035,4.942756652832031,27068885.805751327,4774.867967878692,324186.0840365209,471916.45144556847,12.475,12.475,12.475,12.475,12.475,12.475,12.475,12.475,12.475,12.475,12.475,70.0,70.0,70.0,0.0,0.0,0.0,11.244140625,11.244140625,11.244140625,269.018,269.018,269.018,70.0,0.0,11.244140625,269.018,5
11776450.846195249,4.942756652832031,26993500.854886927,4761.737400097202,322955.78178014106,470125.5051229902,12.4875,12.4875,12.4875,12.4875,12.4875,12.4875,12.4875,12.4875,12.4875,12.4875,12.4875,69.0,69.0,69.0,0.0,0.0,0.0,11.244140625,11.244140625,11.244140625,293.84,293.84,293.84,69.0,0.0,11.244140625,293.84,5
11776451.858030144,4.9427642822265625,26756741.76430177,4720.137665221839,319799.209854092,465530.49535722256,12.475,12.475,12.475,12.475,12.475,12.475,12.475,12.475,12.475,12.475,12.475,64.0,64.0,64.0,0.0,0.0,0.0,11.244140625,11.244140625,11.244140625,272.196,272.196,272.196,64.0,0.0,11.244140625,272.196,5
11776452.85309615,4.942771911621094,27235179.218024693,4804.706393784304,325188.4780854006,473375.6326559629,13.725,13.725,13.725,13.725,13.725,13.725,13.725,13.725,13.725,13.725,13.725,79.0,79.0,79.0,0.0,0.0,0.0,11.244140625,11.244140625,11.244140625,271.956,271.956,271.956,79.0,0.0,11.244140625,271.956,5
11776453.855516477,4.942787170410156,27062691.445460167,4769.456357458141,322802.7119790284,469902.68199478823,12.4875,12.4875,12.4875,12.4875,12.4875,12.4875,12.4875,12.4875,12.4875,12.4875,12.4875,66.0,66.0,66.0,0.0,0.0,0.0,11.244140625,11.244140625,11.244140625,247.818,247.818,247.818,66.0,0.0,11.244140625,247.818,5
11776454.854878128,4.942787170410156,27172935.81590892,4791.058367230169,323790.6914581886,471340.87997078086,12.475,12.475,12.475,12.475,12.475,12.475,12.475,12.475,12.475,12.475,12.475,64.0,64.0,64.0,0.0,0.0,0.0,11.244140625,11.244140625,11.244140625,269.662,269.662,269.662,64.0,0.0,11.244140625,269.662,5
11776455.85441144,4.942787170410156,27195677.885773014,4796.238344985199,323735.08315054036,471259.93116850813,12.4875,12.4875,12.4875,12.4875,12.4875,12.4875,12.4875,12.4875,12.4875,12.4875,12.4875,66.0,66.0,66.0,0.0,0.0,0.0,11.244140625,11.244140625,11.244140625,269.516,269.516,269.516,66.0,0.0,11.244140625,269.516,5
11776456.855963271,4.942802429199219,27168216.515562616,4786.57204843605,323082.630313127,470310.15805075446,12.475,12.475,12.475,12.475,12.475,12.475,12.475,12.475,12.475,12.475,12.475,65.0,65.0,65.0,0.0,0.0,0.0,11.244140625,11.244140625,11.244140625,248.711,248.711,248.711,65.0,0.0,11.244140625,248.711,5
11776457.855487324,4.942802429199219,27250743.904735733,4801.285156372425,323738.0821086924,471264.2967405016,12.475,12.475,12.475,12.475,12.475,12.475,12.475,12.475,12.475,12.475,12.475,64.0,64.0,64.0,0.0,0.0,0.0,11.244140625,11.244140625,11.244140625,270.616,270.616,270.616,64.0,0.0,11.244140625,270.616,5
11776458.856877107,4.942817687988281,27227329.923119735,4797.3327490959055,323134.9126318588,470386.2652235919,12.4875,12.4875,12.4875,12.4875,12.4875,12.4875,12.4875,12.4875,12.4875,12.4875,12.4875,56.0,56.0,56.0,0.0,0.0,0.0,11.244140625,11.244140625,11.244140625,269.368,269.368,269.368,56.0,0.0,11.244140625,269.368,5
11776459.856746431,4.942817687988281,27296127.941529263,4804.627848266294,323626.2901027062,471101.56154191407,12.4875,12.4875,12.4875,12.4875,12.4875,12.4875,12.4875,12.4875,12.4875,12.4875,12.4875,64.0,64.0,64.0,0.0,0.0,0.0,11.244140625,11.244140625,11.244140625,247.156,247.156,247.156,64.0,0.0,11.244140625,247.156,5
11776460.855910905,4.942817687988281,27342802.64260653,4813.021408060591,323854.5891673692,471433.8956233855,12.4875,12.4875,12.4875,12.4875,12.4875,12.4875,12.4875,12.4875,12.4875,12.4875,12.4875,64.0,64.0,64.0,0.0,0.0,0.0,11.244140625,11.244140625,11.244140625,273.082,273.082,273.082,64.0,0.0,11.244140625,273.082,5
11776461.855787624,4.942817687988281,27350724.82557826,4814.5935480605285,323623.89668791404,471098.07745709,12.475,12.475,12.475,12.475,12.475,12.475,12.475,12.475,12.475,12.475,12.475,57.0,57.0,57.0,0.0,0.0,0.0,11.244140625,11.244140625,11.244140625,272.072,272.072,272.072,57.0,0.0,11.244140625,272.072,5
11776462.859175712,4.942817687988281,27282316.10682485,4804.721180879512,322491.37079313747,469449.46381279506,12.4875,12.4875,12.4875,12.4875,12.4875,12.4875,12.4875,12.4875,12.4875,12.4875,12.4875,65.0,65.0,65.0,0.0,0.0,0.0,11.244140625,11.244140625,11.244140625,247.787,247.787,247.787,65.0,0.0,11.244140625,247.787,5
11776463.857608892,4.942817687988281,27445137.586263653,4828.565492244001,324091.7934541138,471779.193002824,12.475,12.475,12.475,12.475,12.475,12.475,12.475,12.475,12.475,12.475,12.475,63.0,63.0,63.0,0.0,0.0,0.0,11.244140625,11.244140625,11.244140625,263.129,263.129,263.129,63.0,0.0,11.244140625,263.129,5
11776464.854943093,4.942817687988281,27502788.910230428,4838.899534076779,324448.91563089524,472299.05439940444,12.4875,12.4875,12.4875,12.4875,12.4875,12.4875,12.4875,12.4875,12.4875,12.4875,12.4875,59.0,59.0,59.0,0.0,0.0,0.0,11.244140625,11.244140625,11.244140625,270.926,270.926,270.926,59.0,0.0,11.244140625,270.926,5
11776465.854570104,4.942817687988281,27467052.91143293,4832.802582701255,323704.7383400544,471215.7583431172,12.4875,12.4875,12.4875,12.4875,12.4875,12.4875,12.4875,12.4875,12.4875,12.4875,12.4875,66.0,66.0,66.0,0.0,0.0,0.0,11.244140625,11.244140625,11.244140625,249.568,249.568,249.568,66.0,0.0,11.244140625,249.568,5
11776466.85765592,4.942817687988281,27399588.90252521,4816.138282086962,322588.5509978944,469590.9286678209,12.475,12.475,12.475,12.475,12.475,12.475,12.475,12.475,12.475,12.475,12.475,62.0,62.0,62.0,0.0,0.0,0.0,11.244140625,11.244140625,11.244140625,267.087,267.087,267.087,62.0,0.0,11.244140625,267.087,5
11776467.82509752,4.942817687988281,28437349.608730994,4998.751346767961,334473.9362681067,486892.4388712945,12.4875,12.4875,12.4875,12.4875,12.4875,12.4875,12.4875,12.4875,12.4875,12.4875,12.4875,77.0,77.0,77.0,0.0,0.0,0.0,11.244140625,11.244140625,11.244140625,280.67,280.67,280.67,77.0,0.0,11.244140625,280.67,5
11776468.846109925,4.9428253173828125,26972063.088490784,4741.37236394788,316924.65090182004,461346.01080644695,12.475,12.475,12.475,12.475,12.475,12.475,12.475,12.475,12.475,12.475,12.475,87.0,87.0,87.0,0.0,0.0,0.0,11.244140625,11.244140625,11.244140625,288.889,288.889,288.889,87.0,0.0,11.244140625,288.889,5
11776469.847611096,4.9428253173828125,27524827.52938042,4838.736229890144,323098.97321765835,470333.94835481915,11.225,11.225,11.225,11.225,11.225,11.225,11.225,11.225,11.225,11.225,11.225,70.0,70.0,70.0,0.0,0.0,0.0,11.244140625,11.244140625,11.244140625,267.777,267.777,267.777,70.0,0.0,11.244140625,267.777,5
11776470.845585428,4.9428253173828125,27649486.668692615,4855.836310177514,324240.8040842923,471996.10721131164,12.475,12.475,12.475,12.475,12.475,12.475,12.475,12.475,12.475,12.475,12.475,63.0,63.0,63.0,0.0,0.0,0.0,11.244140625,11.244140625,11.244140625,287.987,287.987,287.987,63.0,0.0,11.244140625,287.987,5
11776471.848771911,4.9428253173828125,27533080.309414573,4835.591470293746,322556.18023573107,469543.8066722668,12.4875,12.4875,12.4875,12.4875,12.4875,12.4875,12.4875,12.4875,12.4875,12.4875,12.4875,58.0,58.0,58.0,0.0,0.0,0.0,11.244140625,11.244140625,11.244140625,281.164,281.164,281.164,58.0,0.0,11.244140625,281.164,5
11776472.858296944,4.942832946777344,27387285.21240395,4810.182850984011,320530.9323831981,466595.6610641492,12.475,12.475,12.475,12.475,12.475,12.475,12.475,12.475,12.475,12.475,12.475,55.0,55.0,55.0,0.0,0.0,0.0,11.244140625,11.244140625,11.244140625,270.868,270.868,270.868,55.0,0.0,11.244140625,270.868,5
11776473.857438937,4.942832946777344,27699252.152210798,4865.174353646281,323861.8757560745,471444.50268289325,12.475,12.475,12.475,12.475,12.475,12.475,12.475,12.475,12.475,12.475,12.475,65.0,65.0,65.0,0.0,0.0,0.0,11.244140625,11.244140625,11.244140625,251.32,251.32,251.32,65.0,0.0,11.244140625,251.32,5
11776474.85733368,4.942840576171875,27705755.202919114,4861.511704319901,323618.06281231245,471089.58510653075,12.475,12.475,12.475,12.475,12.475,12.475,12.475,12.475,12.475,12.475,12.475,63.0,63.0,63.0,0.0,0.0,0.0,11.244140625,11.244140625,11.244140625,271.78,271.78,271.78,63.0,0.0,11.244140625,271.78,5
11776475.857584052,4.942840576171875,27723253.896401912,4864.781998824447,323503.0041733683,470922.0946827513,12.475,12.475,12.475,12.475,12.475,12.475,12.475,12.475,12.475,12.475,12.475,57.0,57.0,57.0,0.0,0.0,0.0,11.244140625,11.244140625,11.244140625,272.318,272.318,272.318,57.0,0.0,11.244140625,272.318,5
11776476.856903013,4.942840576171875,27776467.85639011,4874.319601483439,323804.52349136054,471361.0152089425,12.4875,12.4875,12.4875,12.4875,12.4875,12.4875,12.4875,12.4875,12.4875,12.4875,12.4875,66.0,66.0,66.0,0.0,0.0,0.0,11.244140625,11.244140625,11.244140625,248.329,248.329,248.329,66.0,0.0,11.244140625,248.329,5
11776477.857669296,4.942840576171875,27763627.207196727,4867.2702939983465,323336.2329733445,470679.32648018503,12.475,12.475,12.475,12.475,12.475,12.475,12.475,12.475,12.475,12.475,12.475,63.0,63.0,63.0,0.0,0.0,0.0,11.244140625,11.244140625,11.244140625,264.784,264.784,264.784,63.0,0.0,11.244140625,264.784,5
11776478.85968716,4.942840576171875,27756249.636508204,4866.180704479802,322932.3660948302,470091.41899880354,12.4875,12.4875,12.4875,12.4875,12.4875,12.4875,12.4875,12.4875,12.4875,12.4875,12.4875,56.0,56.0,56.0,0.0,0.0,0.0,11.244140625,11.244140625,11.244140625,270.507,270.507,270.507,56.0,0.0,11.244140625,270.507,5
11776479.857967231,4.942840576171875,27887580.666477986,4889.409438444806,324141.5004568171,471851.55129789835,12.475,12.475,12.475,12.475,12.475,12.475,12.475,12.475,12.475,12.475,12.475,65.0,65.0,65.0,0.0,0.0,0.0,11.244140625,11.244140625,11.244140625,248.55,248.55,248.55,65.0,0.0,11.244140625,248.55,5
11776480.857627394,4.942844390869141,27876440.466662135,4882.659311929349,323694.00344014476,471200.1315900841,12.475,12.475,12.475,12.475,12.475,12.475,12.475,12.475,12.475,12.475,12.475,62.0,62.0,62.0,0.0,0.0,0.0,11.244140625,11.244140625,11.244140625,263.379,263.379,263.379,62.0,0.0,11.244140625,263.379,5
11776481.86114438,4.942852020263672,27796564.843741287,4870.869216451999,322449.94773658016,469389.1644266673,12.475,12.475,12.475,12.475,12.475,12.475,12.475,12.475,12.475,12.475,12.475,58.0,58.0,58.0,0.0,0.0,0.0,11.244140625,11.244140625,11.244140625,272.616,272.616,272.616,58.0,0.0,11.244140625,272.616,5
11776482.859576732,4.942867279052734,27965521.113481756,4900.682548742901,324092.0625081592,471779.58466377604,12.475,12.475,12.475,12.475,12.475,12.475,12.475,12.475,12.475,12.475,12.475,65.0,65.0,65.0,0.0,0.0,0.0,11.244140625,11.244140625,11.244140625,249.093,249.093,249.093,65.0,0.0,11.244140625,249.093,5
11776483.861307016,4.942867279052734,27900755.776440673,4884.548345507073,323025.07497088914,470226.3749576234,12.475,12.475,12.475,12.475,12.475,12.475,12.475,12.475,12.475,12.475,12.475,63.0,63.0,63.0,0.0,0.0,0.0,11.244140625,11.244140625,11.244140625,262.666,262.666,262.666,63.0,0.0,11.244140625,262.666,5
11776484.846461171,4.942867279052734,28397979.991034336,4971.810728250058,328460.27004697156,478138.36778989533,12.475,12.475,12.475,12.475,12.475,12.475,12.475,12.475,12.475,12.475,12.475,55.0,55.0,55.0,0.0,0.0,0.0,11.244140625,11.244140625,11.244140625,272.238,272.238,272.238,55.0,0.0,11.244140625,272.238,5
11776485.857880456,4.942867279052734,27687571.725055613,4847.643378254982,319930.6210298307,465721.7901067156,12.4875,12.4875,12.4875,12.4875,12.4875,12.4875,12.4875,12.4875,12.4875,12.4875,12.4875,64.0,64.0,64.0,0.0,0.0,0.0,11.244140625,11.244140625,11.244140625,249.914,249.914,249.914,64.0,0.0,11.244140625,249.914,5
11776486.85752498,4.942867279052734,28041062.93928863,4904.7435211265265,323699.06741590984,471207.50320037507,12.475,12.475,12.475,12.475,12.475,12.475,12.475,12.475,12.475,12.475,12.475,63.0,63.0,63.0,0.0,0.0,0.0,11.244140625,11.244140625,11.244140625,264.154,264.154,264.154,63.0,0.0,11.244140625,264.154,5
11776487.851370076,4.942867279052734,28232219.60538768,4938.395349994625,325587.9627002161,473957.16089271964,12.4875,12.4875,12.4875,12.4875,12.4875,12.4875,12.4875,12.4875,12.4875,12.4875,12.4875,56.0,56.0,56.0,0.0,0.0,0.0,11.244140625,11.244140625,11.244140625,271.491,271.491,271.491,56.0,0.0,11.244140625,271.491,5
11776488.859794727,4.942867279052734,27851172.594357576,4871.955476022741,320880.69219485903,467104.80509378214,12.475,12.475,12.475,12.475,12.475,12.475,12.475,12.475,12.475,12.475,12.475,65.0,65.0,65.0,0.0,0.0,0.0,11.244140625,11.244140625,11.244140625,251.579,251.579,251.579,65.0,0.0,11.244140625,251.579,5
11776489.858030088,4.942867279052734,28162857.257946443,4921.684994084296,324156.01814080455,471872.6846353484,12.475,12.475,12.475,12.475,12.475,12.475,12.475,12.475,12.475,12.475,12.475,65.0,65.0,65.0,0.0,0.0,0.0,11.244140625,11.244140625,11.244140625,265.98,265.98,265.98,65.0,0.0,11.244140625,265.98,5
11776490.826663379,4.942882537841797,29051774.577098593,5077.256840996479,334062.43953578785,486293.42464070383,12.475,12.475,12.475,12.475,12.475,12.475,12.475,12.475,12.475,12.475,12.475,54.0,54.0,54.0,0.0,0.0,0.0,11.244140625,11.244140625,11.244140625,273.554,273.554,273.554,54.0,0.0,11.244140625,273.554,5
11776491.860131064,4.942882537841797,27255689.15886583,4765.509427776275,313105.09699036716,455785.90068218,12.4875,12.4875,12.4875,12.4875,12.4875,12.4875,12.4875,12.4875,12.4875,12.4875,12.4875,62.0,62.0,62.0,0.0,0.0,0.0,11.244140625,11.244140625,11.244140625,252.85,252.85,252.85,62.0,0.0,11.244140625,252.85,5
11776492.857942315,4.942882537841797,28257072.656796236,4935.803237417735,324293.79792417877,472073.25014279183,12.4875,12.4875,12.4875,12.4875,12.4875,12.4875,12.4875,12.4875,12.4875,12.4875,12.4875,64.0,64.0,64.0,0.0,0.0,0.0,11.244140625,11.244140625,11.244140625,265.131,265.131,265.131,64.0,0.0,11.244140625,265.131,5
11776493.827328617,4.9428863525390625,29113874.359141275,5085.691834267324,333802.9424948393,485915.6757836269,12.475,12.475,12.475,12.475,12.475,12.475,12.475,12.475,12.475,12.475,12.475,56.0,56.0,56.0,0.0,0.0,0.0,11.244140625,11.244140625,11.244140625,271.346,271.346,271.346,56.0,0.0,11.244140625,271.346,5
11776494.85910609,4.942893981933594,27379883.487181857,4783.0080888025195,313618.01203790767,456532.5491691061,12.475,12.475,12.475,12.475,12.475,12.475,12.475,12.475,12.475,12.475,12.475,67.0,67.0,67.0,0.0,0.0,0.0,11.244140625,11.244140625,11.244140625,260.139,260.139,260.139,67.0,0.0,11.244140625,260.139,5
11776495.861703657,4.942893981933594,28204036.1350985,4922.214220280562,322745.6466576019,469819.6122230913,12.475,12.475,12.475,12.475,12.475,12.475,12.475,12.475,12.475,12.475,12.475,65.0,65.0,65.0,0.0,0.0,0.0,11.244140625,11.244140625,11.244140625,265.638,265.638,265.638,65.0,0.0,11.244140625,265.638,5
11776496.859476084,4.942893981933594,28367837.420883957,4951.028776659731,324306.4161268547,472091.6184125101,11.2375,11.2375,11.2375,11.2375,11.2375,11.2375,11.2375,11.2375,11.2375,11.2375,11.2375,63.0,63.0,63.0,0.0,0.0,0.0,11.244140625,11.244140625,11.244140625,270.452,270.452,270.452,63.0,0.0,11.244140625,270.452,5
11776497.859695068,4.942893981933594,28325801.110145323,4945.916924616025,323513.1558793111,470936.8724825414,12.4875,12.4875,12.4875,12.4875,12.4875,12.4875,12.4875,12.4875,12.4875,12.4875,12.4875,65.0,65.0,65.0,0.0,0.0,0.0,11.244140625,11.244140625,11.244140625,264.74,264.74,264.74,65.0,0.0,11.244140625,264.74,5
11776498.860587342,4.942893981933594,28334073.24081803,4942.589855175719,323295.53177626437,470620.077902157,12.4875,12.4875,12.4875,12.4875,12.4875,12.4875,12.4875,12.4875,12.4875,12.4875,12.4875,66.0,66.0,66.0,0.0,0.0,0.0,11.244140625,11.244140625,11.244140625,249.97,249.97,249.97,66.0,0.0,11.244140625,249.97,5
11776499.839413373,4.942893981933594,29000772.454348315,5059.121685281992,330583.7704786527,481229.5393043678,12.475,12.475,12.475,12.475,12.475,12.475,12.475,12.475,12.475,12.475,12.475,63.0,63.0,63.0,0.0,0.0,0.0,11.244140625,11.244140625,11.244140625,266.617,266.617,266.617,63.0,0.0,11.244140625,266.617,5
11776500.861898089,4.942893981933594,27789233.965647455,4847.994226511623,316468.3001395072,460681.70273472567,12.475,12.475,12.475,12.475,12.475,12.475,12.475,12.475,12.475,12.475,12.475,65.0,65.0,65.0,0.0,0.0,0.0,11.244140625,11.244140625,11.244140625,259.144,259.144,259.144,65.0,0.0,11.244140625,259.144,5
11776501.8619023,4.942893981933594,28441298.22115961,4956.979123976455,323582.6372509174,471038.0162513354,12.475,12.475,12.475,12.475,12.475,12.475,12.475,12.475,12.475,12.475,12.475,65.0,65.0,65.0,0.0,0.0,0.0,11.244140625,11.244140625,11.244140625,256.382,256.382,256.382,65.0,0.0,11.244140625,256.382,5
11776502.827876808,4.942893981933594,29471558.27462153,5136.78151924182,334981.9248533545,487631.91592576925,12.4875,12.4875,12.4875,12.4875,12.4875,12.4875,12.4875,12.4875,12.4875,12.4875,12.4875,64.0,64.0,64.0,0.0,0.0,0.0,11.244140625,11.244140625,11.244140625,267.006,267.006,267.006,64.0,0.0,11.244140625,267.006,5
11776503.858973991,4.942893981933594,27636706.28696583,4817.198690747104,313824.9287591526,456833.7570544626,12.4875,12.4875,12.4875,12.4875,12.4875,12.4875,12.4875,12.4875,12.4875,12.4875,12.4875,66.0,66.0,66.0,0.0,0.0,0.0,11.244140625,11.244140625,11.244140625,265.118,265.118,265.118,66.0,0.0,11.244140625,265.118,5
11776504.859482655,4.942893981933594,28508979.503436048,4964.4747495429065,323419.4880926297,470800.5206411698,12.475,12.475,12.475,12.475,12.475,12.475,12.475,12.475,12.475,12.475,12.475,64.0,64.0,64.0,0.0,0.0,0.0,11.244140625,11.244140625,11.244140625,253.874,253.874,253.874,64.0,0.0,11.244140625,253.874,5
11776505.827621896,4.942893981933594,29490424.316152807,5135.624910047707,334232.9144997742,486541.5843984055,12.475,12.475,12.475,12.475,12.475,12.475,12.475,12.475,12.475,12.475,12.475,61.0,61.0,61.0,0.0,0.0,0.0,11.244140625,11.244140625,11.244140625,265.462,265.462,265.462,61.0,0.0,11.244140625,265.462,5
11776506.85881491,4.942893981933594,27713719.55154319,4827.418273092485,313795.7642588105,456791.3024020659,12.475,12.475,12.475,12.475,12.475,12.475,12.475,12.475,12.475,12.475,12.475,64.0,64.0,64.0,0.0,0.0,0.0,11.244140625,11.244140625,11.244140625,259.418,259.418,259.418,64.0,0.0,11.244140625,259.418,5
11776507.859348403,4.942893981933594,28590292.272465747,4975.345686730824,323411.4621725807,470788.8373398327,12.475,12.475,12.475,12.475,12.475,12.475,12.475,12.475,12.475,12.475,12.475,63.0,63.0,63.0,0.0,0.0,0.0,11.244140625,11.244140625,11.244140625,254.965,254.965,254.965,63.0,0.0,11.244140625,254.965,5
11776509.096431425,3.7398834228515625,23145676.968464475,4061.974752267129,261570.1568632053,394010.74261672696,0.0,0.0,0.0,0.0,0.0,0.0,0.0,0.0,0.0,0.0,0.0,0.0,0.0,0.0,0.0,0.0,0.0,5.947265625,5.947265625,5.947265625,191.932,191.932,191.932,0.0,0.0,5.947265625,191.932,5
11776509.85142424,6.0820465087890625,37962879.170017235,6666.288608017255,428592.1583422721,645600.8461105111,97.4125,97.4125,97.4125,97.4125,97.4125,97.4125,97.4125,97.4125,97.4125,97.4125,97.4125,13.0,13.0,13.0,0.0,0.0,0.0,11.236328125,11.236328125,11.236328125,138.794,138.794,138.794,13.0,0.0,11.236328125,138.794,5
11776510.84088864,3.989368438720703,28994590.396838505,5097.707404416394,327029.4513780084,492613.98372130375,12.4875,12.4875,12.4875,12.4875,12.4875,12.4875,12.4875,12.4875,12.4875,12.4875,12.4875,65.0,65.0,65.0,0.0,0.0,0.0,11.2421875,11.2421875,11.2421875,210.037,210.037,210.037,65.0,0.0,11.2421875,210.037,5
11776511.871088743,3.989368438720703,27874648.728993677,4896.136181556745,314098.2018582192,473135.266090229,12.4875,12.4875,12.4875,12.4875,12.4875,12.4875,12.4875,12.4875,12.4875,12.4875,12.4875,68.0,68.0,68.0,0.0,0.0,0.0,11.2421875,11.2421875,11.2421875,292.994,292.994,292.994,68.0,0.0,11.2421875,292.994,5
11776512.872208048,3.9893798828125,28711685.882271882,5044.353832316356,323222.2159358922,486879.0341312806,12.4875,12.4875,12.4875,12.4875,12.4875,12.4875,12.4875,12.4875,12.4875,12.4875,12.4875,65.0,65.0,65.0,0.0,0.0,0.0,11.2421875,11.2421875,11.2421875,332.211,332.211,332.211,65.0,0.0,11.2421875,332.211,5
11776513.869259609,3.9893798828125,28856259.914876077,5069.948432412122,324540.8889324717,488865.3896577738,12.4875,12.4875,12.4875,12.4875,12.4875,12.4875,12.4875,12.4875,12.4875,12.4875,12.4875,65.0,65.0,65.0,0.0,0.0,0.0,11.2421875,11.2421875,11.2421875,323.57,323.57,323.57,65.0,0.0,11.2421875,323.57,5
11776514.86881682,3.9893798828125,28811287.292418096,5057.239284893134,323727.34258414636,487639.9211077648,12.4875,12.4875,12.4875,12.4875,12.4875,12.4875,12.4875,12.4875,12.4875,12.4875,12.4875,66.0,66.0,66.0,0.0,0.0,0.0,11.2421875,11.2421875,11.2421875,298.327,298.327,298.327,66.0,0.0,11.2421875,298.327,5
11776515.849924313,3.9893798828125,29380966.13781029,5157.436918238005,329815.03315239656,496809.9866472809,12.4875,12.4875,12.4875,12.4875,12.4875,12.4875,12.4875,12.4875,12.4875,12.4875,12.4875,70.0,70.0,70.0,0.0,0.0,0.0,11.2421875,11.2421875,11.2421875,337.432,337.432,337.432,70.0,0.0,11.2421875,337.432,5
11776516.871197388,3.9893836975097656,28252230.19737135,4959.496265608069,316843.7590543971,477270.9788287754,12.4875,12.4875,12.4875,12.4875,12.4875,12.4875,12.4875,12.4875,12.4875,12.4875,12.4875,65.0,65.0,65.0,0.0,0.0,0.0,11.2421875,11.2421875,11.2421875,303.152,303.152,303.152,65.0,0.0,11.2421875,303.152,5
11776517.868276546,3.9893836975097656,28965195.75445225,5079.837401410028,324531.9063569324,488851.858942721,12.4875,12.4875,12.4875,12.4875,12.4875,12.4875,12.4875,12.4875,12.4875,12.4875,12.4875,66.0,66.0,66.0,0.0,0.0,0.0,11.2421875,11.2421875,11.2421875,332.28,332.28,332.28,66.0,0.0,11.2421875,332.28,5
11776518.868316848,3.9893836975097656,28906785.99717597,5071.7955962246,323570.9594260136,487404.35660374194,12.475,12.475,12.475,12.475,12.475,12.475,12.475,12.475,12.475,12.475,12.475,64.0,64.0,64.0,0.0,0.0,0.0,11.2421875,11.2421875,11.2421875,339.142,339.142,339.142,64.0,0.0,11.2421875,339.142,5
11776519.869248291,3.9893836975097656,28908384.468954362,5076.271738940602,323282.8802151851,486970.4145013548,12.4875,12.4875,12.4875,12.4875,12.4875,12.4875,12.4875,12.4875,12.4875,12.4875,12.4875,67.0,67.0,67.0,0.0,0.0,0.0,11.2421875,11.2421875,11.2421875,300.484,300.484,300.484,67.0,0.0,11.2421875,300.484,5
11776520.869844845,3.9893875122070312,28945394.53552861,5077.970720889567,323391.0800528104,487133.39906689164,12.475,12.475,12.475,12.475,12.475,12.475,12.475,12.475,12.475,12.475,12.475,68.0,68.0,68.0,0.0,0.0,0.0,11.2421875,11.2421875,11.2421875,343.706,343.706,343.706,68.0,0.0,11.2421875,343.706,5
11776521.867462536,3.9893875122070312,29059248.08630093,5100.150129703226,324356.71768276114,488587.96714238706,12.4875,12.4875,12.4875,12.4875,12.4875,12.4875,12.4875,12.4875,12.4875,12.4875,12.4875,78.0,78.0,78.0,0.0,0.0,0.0,11.2421875,11.2421875,11.2421875,343.308,343.308,343.308,78.0,0.0,11.2421875,343.308,5
11776522.860785132,3.9894180297851562,29212439.260110706,5127.2366306224185,325759.22597355675,490700.6062133323,12.475,12.475,12.475,12.475,12.475,12.475,12.475,12.475,12.475,12.475,12.475,75.0,75.0,75.0,0.0,0.0,0.0,11.2421875,11.2421875,11.2421875,324.588,324.588,324.588,75.0,0.0,11.2421875,324.588,5
11776523.858631503,3.9894180297851562,29107413.582729287,5103.992107649704,324282.384088302,488475.99628491054,12.4875,12.4875,12.4875,12.4875,12.4875,12.4875,12.4875,12.4875,12.4875,12.4875,12.4875,72.0,72.0,72.0,0.0,0.0,0.0,11.244140625,11.244140625,11.244140625,360.166,360.166,360.166,72.0,0.0,11.244140625,360.166,5
11776524.863309048,3.9894180297851562,28936748.05075791,5074.264896189094,322077.46805971983,485154.66707729944,12.4875,12.4875,12.4875,12.4875,12.4875,12.4875,12.4875,12.4875,12.4875,12.4875,12.4875,72.0,72.0,72.0,0.0,0.0,0.0,11.244140625,11.244140625,11.244140625,353.51,353.51,353.51,72.0,0.0,11.244140625,353.51,5
11776525.859060928,3.9894180297851562,29223622.451815568,5124.770640091396,324964.48810568964,489503.46942502615,12.4875,12.4875,12.4875,12.4875,12.4875,12.4875,12.4875,12.4875,12.4875,12.4875,12.4875,88.0,88.0,88.0,0.0,0.0,0.0,11.244140625,11.244140625,11.244140625,363.256,363.256,363.256,88.0,0.0,11.244140625,363.256,5
11776526.858560909,3.9894180297851562,29141424.284471955,5110.55537805896,323745.87929793075,487667.8434994147,12.4875,12.4875,12.4875,12.4875,12.4875,12.4875,12.4875,12.4875,12.4875,12.4875,12.4875,77.0,77.0,77.0,0.0,0.0,0.0,11.244140625,11.244140625,11.244140625,327.989,327.989,327.989,77.0,0.0,11.244140625,327.989,5
11776527.860855974,3.9894180297851562,29087466.354507424,5096.303648446411,322843.0539896013,486307.8914526906,12.4875,12.4875,12.4875,12.4875,12.4875,12.4875,12.4875,12.4875,12.4875,12.4875,12.4875,76.0,76.0,76.0,0.0,0.0,0.0,11.244140625,11.244140625,11.244140625,371.086,371.086,371.086,76.0,0.0,11.244140625,371.086,5
11776528.860300286,3.9894180297851562,29197824.89596659,5115.842815098458,323763.91188750626,487695.00651409174,12.475,12.475,12.475,12.475,12.475,12.475,12.475,12.475,12.475,12.475,12.475,73.0,73.0,73.0,0.0,0.0,0.0,11.244140625,11.244140625,11.244140625,355.742,355.742,355.742,73.0,0.0,11.244140625,355.742,5
11776529.860112108,3.9894180297851562,29214431.497265924,5118.963273463078,323644.90267297317,487515.7394694153,12.475,12.475,12.475,12.475,12.475,12.475,12.475,12.475,12.475,12.475,12.475,90.0,90.0,90.0,0.0,0.0,0.0,11.244140625,11.244140625,11.244140625,371.969,371.969,371.969,90.0,0.0,11.244140625,371.969,5
11776530.859172389,3.9894180297851562,29263750.713646322,5128.819651217379,323888.3641724287,487882.4726141647,12.4875,12.4875,12.4875,12.4875,12.4875,12.4875,12.4875,12.4875,12.4875,12.4875,12.4875,72.0,72.0,72.0,0.0,0.0,0.0,11.244140625,11.244140625,11.244140625,324.488,324.488,324.488,72.0,0.0,11.244140625,324.488,5
11776531.862905016,3.9894180297851562,29154738.229393717,5104.9451426116,322380.6731121843,485611.39367531554,12.475,12.475,12.475,12.475,12.475,12.475,12.475,12.475,12.475,12.475,12.475,75.0,75.0,75.0,0.0,0.0,0.0,11.244140625,11.244140625,11.244140625,366.912,366.912,366.912,75.0,0.0,11.244140625,366.912,5
11776532.859782783,3.9894180297851562,29382625.398366317,5147.07035215724,324597.46888178686,488950.6176826916,12.4875,12.4875,12.4875,12.4875,12.4875,12.4875,12.4875,12.4875,12.4875,12.4875,12.4875,71.0,71.0,71.0,0.0,0.0,0.0,11.244140625,11.244140625,11.244140625,361.843,361.843,361.843,71.0,0.0,11.244140625,361.843,5
11776533.860874588,3.9894180297851562,29286247.1478112,5130.3986084544385,323231.09488281177,486892.4087475266,12.4875,12.4875,12.4875,12.4875,12.4875,12.4875,12.4875,12.4875,12.4875,12.4875,12.4875,95.0,95.0,95.0,0.0,0.0,0.0,11.244140625,11.244140625,11.244140625,372.976,372.976,372.976,95.0,0.0,11.244140625,372.976,5
11776534.861203272,3.9894180297851562,29335910.74889093,5134.312432493734,323477.6779898856,487263.8440607138,12.4875,12.4875,12.4875,12.4875,12.4875,12.4875,12.4875,12.4875,12.4875,12.4875,12.4875,75.0,75.0,75.0,0.0,0.0,0.0,11.244140625,11.244140625,11.244140625,325.989,325.989,325.989,75.0,0.0,11.244140625,325.989,5
11776535.861857723,3.9894180297851562,29353678.439674746,5137.63766507162,323372.36845254526,487105.21323864406,12.4875,12.4875,12.4875,12.4875,12.4875,12.4875,12.4875,12.4875,12.4875,12.4875,12.4875,73.0,73.0,73.0,0.0,0.0,0.0,11.244140625,11.244140625,11.244140625,369.585,369.585,369.585,73.0,0.0,11.244140625,369.585,5
11776536.860813485,3.9894180297851562,29430957.924234945,5151.379265910823,323922.2519200326,487933.5187149858,12.4875,12.4875,12.4875,12.4875,12.4875,12.4875,12.4875,12.4875,12.4875,12.4875,12.4875,72.0,72.0,72.0,0.0,0.0,0.0,11.244140625,11.244140625,11.244140625,358.918,358.918,358.918,72.0,0.0,11.244140625,358.918,5
11776537.860917928,3.9894180297851562,29424487.84061416,5150.462074210075,323550.207691942,487373.0976625455,12.4875,12.4875,12.4875,12.4875,12.4875,12.4875,12.4875,12.4875,12.4875,12.4875,12.4875,98.0,98.0,98.0,0.0,0.0,0.0,11.244140625,11.244140625,11.244140625,366.315,366.315,366.315,98.0,0.0,11.244140625,366.315,5
11776538.8611177,3.9894180297851562,29449008.900297675,5149.971177807521,323519.36975338164,487326.64557787863,12.4875,12.4875,12.4875,12.4875,12.4875,12.4875,12.4875,12.4875,12.4875,12.4875,12.4875,74.0,74.0,74.0,0.0,0.0,0.0,11.244140625,11.244140625,11.244140625,326.847,326.847,326.847,74.0,0.0,11.244140625,326.847,5
11776539.859746711,3.9894180297851562,29522705.29790232,5163.078522757076,324028.2390822005,488093.1702630615,12.4875,12.4875,12.4875,12.4875,12.4875,12.4875,12.4875,12.4875,12.4875,12.4875,12.4875,77.0,77.0,77.0,0.0,0.0,0.0,11.244140625,11.244140625,11.244140625,364.101,364.101,364.101,77.0,0.0,11.244140625,364.101,5
11776540.849960877,3.989429473876953,29801195.573743124,5212.003807717411,326781.8330006648,492240.9889503684,12.4875,12.4875,12.4875,12.4875,12.4875,12.4875,12.4875,12.4875,12.4875,12.4875,12.4875,68.0,68.0,68.0,0.0,0.0,0.0,11.244140625,11.244140625,11.244140625,356.486,356.486,356.486,68.0,0.0,11.244140625,356.486,5
11776541.873570872,3.989429473876953,28855620.910290297,5046.844033357313,316120.39870110195,476181.3600687485,12.4875,12.4875,12.4875,12.4875,12.4875,12.4875,12.4875,12.4875,12.4875,12.4875,12.4875,72.0,72.0,72.0,0.0,0.0,0.0,11.244140625,11.244140625,11.244140625,349.93,349.93,349.93,72.0,0.0,11.244140625,349.93,5
11776542.872212961,3.989429473876953,29604433.19005521,5173.024507682145,324023.99579826155,488086.7784809256,12.475,12.475,12.475,12.475,12.475,12.475,12.475,12.475,12.475,12.475,12.475,69.0,69.0,69.0,0.0,0.0,0.0,11.244140625,11.244140625,11.244140625,296.762,296.762,296.762,69.0,0.0,11.244140625,296.762,5
11776543.854184436,3.98944091796875,30134856.0243603,5265.937081672388,329524.847154492,496372.8710301841,12.475,12.475,12.475,12.475,12.475,12.475,12.475,12.475,12.475,12.475,12.475,71.0,71.0,71.0,0.0,0.0,0.0,11.244140625,11.244140625,11.244140625,346.568,346.568,346.568,71.0,0.0,11.244140625,346.568,5
11776544.861365236,3.9894485473632812,29407733.92478134,5139.097167659244,321276.9740919337,483948.85970810265,12.4875,12.4875,12.4875,12.4875,12.4875,12.4875,12.4875,12.4875,12.4875,12.4875,12.4875,97.0,97.0,97.0,0.0,0.0,0.0,11.244140625,11.244140625,11.244140625,366.006,366.006,366.006,97.0,0.0,11.244140625,366.006,5
11776545.861473449,3.9894485473632812,29643028.261731077,5175.439954087934,323548.98804165184,487371.26046780474,12.4875,12.4875,12.4875,12.4875,12.4875,12.4875,12.4875,12.4875,12.4875,12.4875,12.4875,75.0,75.0,75.0,0.0,0.0,0.0,11.244140625,11.244140625,11.244140625,322.081,322.081,322.081,75.0,0.0,11.244140625,322.081,5
11776546.862395681,3.9894485473632812,29646233.26931742,5178.224471203644,323285.85515916644,486974.89574608614,12.4875,12.4875,12.4875,12.4875,12.4875,12.4875,12.4875,12.4875,12.4875,12.4875,12.4875,75.0,75.0,75.0,0.0,0.0,0.0,11.244140625,11.244140625,11.244140625,365.299,365.299,365.299,75.0,0.0,11.244140625,365.299,5
11776547.840805532,3.9894485473632812,30356307.196372867,5302.481362853274,330724.3888430057,498179.77559895796,12.475,12.475,12.475,12.475,12.475,12.475,12.475,12.475,12.475,12.475,12.475,77.0,77.0,77.0,0.0,0.0,0.0,11.244140625,11.244140625,11.244140625,361.624,361.624,361.624,77.0,0.0,11.244140625,361.624,5
11776548.860784616,3.9894485473632812,29145938.84221855,5093.241696763475,317245.7211175192,477876.4659871492,12.4875,12.4875,12.4875,12.4875,12.4875,12.4875,12.4875,12.4875,12.4875,12.4875,12.4875,81.0,81.0,81.0,0.0,0.0,0.0,11.244140625,11.244140625,11.244140625,346.271,346.271,346.271,81.0,0.0,11.244140625,346.271,5
11776549.86137062,3.9894485473632812,29738152.35157129,5191.957496992845,323394.48983771564,487138.5353251666,12.4875,12.4875,12.4875,12.4875,12.4875,12.4875,12.4875,12.4875,12.4875,12.4875,12.4875,75.0,75.0,75.0,0.0,0.0,0.0,11.244140625,11.244140625,11.244140625,335.822,335.822,335.822,75.0,0.0,11.244140625,335.822,5
11776550.861935511,3.9894485473632812,29766100.372642405,5197.06422080379,323401.3132354949,487148.8136078974,12.4875,12.4875,12.4875,12.4875,12.4875,12.4875,12.4875,12.4875,12.4875,12.4875,12.4875,74.0,74.0,74.0,0.0,0.0,0.0,11.244140625,11.244140625,11.244140625,359.617,359.617,359.617,74.0,0.0,11.244140625,359.617,5
11776551.84866432,3.9894485473632812,30211189.499070987,5275.005612755977,327936.103015952,493979.6994797252,12.4875,12.4875,12.4875,12.4875,12.4875,12.4875,12.4875,12.4875,12.4875,12.4875,12.4875,86.0,86.0,86.0,0.0,0.0,0.0,11.244140625,11.244140625,11.244140625,362.736,362.736,362.736,86.0,0.0,11.244140625,362.736,5
11776552.863299768,3.9894485473632812,29407205.33794597,5134.849175357359,318916.5135429627,480393.2292609185,12.4875,12.4875,12.4875,12.4875,12.4875,12.4875,12.4875,12.4875,12.4875,12.4875,12.4875,68.0,68.0,68.0,0.0,0.0,0.0,11.244140625,11.244140625,11.244140625,329.391,329.391,329.391,68.0,0.0,11.244140625,329.391,5
11776553.87412688,3.9894485473632812,29545066.285452902,5154.194958653196,320118.04635332746,482203.1331145059,12.4875,12.4875,12.4875,12.4875,12.4875,12.4875,12.4875,12.4875,12.4875,12.4875,12.4875,64.0,64.0,64.0,0.0,0.0,0.0,11.244140625,11.244140625,11.244140625,289.555,289.555,289.555,64.0,0.0,11.244140625,289.555,5
11776554.843111545,3.9894561767578125,30849105.325345658,5381.922115476443,333941.30121080135,503025.50435551093,12.475,12.475,12.475,12.475,12.475,12.475,12.475,12.475,12.475,12.475,12.475,61.0,61.0,61.0,0.0,0.0,0.0,11.244140625,11.244140625,11.244140625,334.798,334.798,334.798,61.0,0.0,11.244140625,334.798,5
11776555.873318586,3.9894638061523438,29042381.57026254,5066.942652259903,314096.0864346491,473132.0795661171,12.475,12.475,12.475,12.475,12.475,12.475,12.475,12.475,12.475,12.475,12.475,67.0,67.0,67.0,0.0,0.0,0.0,11.244140625,11.244140625,11.244140625,302.572,302.572,302.572,67.0,0.0,11.244140625,302.572,5
11776556.863676328,3.989471435546875,30238585.24919032,5270.822633211631,326734.4580354698,492169.6266610241,12.4875,12.4875,12.4875,12.4875,12.4875,12.4875,12.4875,12.4875,12.4875,12.4875,12.4875,71.0,71.0,71.0,0.0,0.0,0.0,11.244140625,11.244140625,11.244140625,342.084,342.084,342.084,71.0,0.0,11.244140625,342.084,5
11776557.842262128,3.989471435546875,30630296.28594831,5339.33764332885,330664.92478065507,498090.203150607,12.4875,12.4875,12.4875,12.4875,12.4875,12.4875,12.4875,12.4875,12.4875,12.4875,12.4875,65.0,65.0,65.0,0.0,0.0,0.0,11.244140625,11.244140625,11.244140625,347.252,347.252,347.252,65.0,0.0,11.244140625,347.252,5
11776558.874784265,3.9894752502441406,29056741.685159117,5065.266705574942,313391.8282326504,472071.2349327266,12.475,12.475,12.475,12.475,12.475,12.475,12.475,12.475,12.475,12.475,12.475,66.0,66.0,66.0,0.0,0.0,0.0,11.244140625,11.244140625,11.244140625,297.522,297.522,297.522,66.0,0.0,11.244140625,297.522,5
11776559.873674337,3.9894866943359375,30062447.14861261,5235.811373083823,323943.5539862248,487965.6066374779,12.4875,12.4875,12.4875,12.4875,12.4875,12.4875,12.4875,12.4875,12.4875,12.4875,12.4875,66.0,66.0,66.0,0.0,0.0,0.0,11.244140625,11.244140625,11.244140625,332.699,332.699,332.699,66.0,0.0,11.244140625,332.699,5
11776560.873529708,3.989501953125,30060783.655304678,5235.75724132828,323630.8063377211,487494.50574922544,12.475,12.475,12.475,12.475,12.475,12.475,12.475,12.475,12.475,12.475,12.475,60.0,60.0,60.0,0.0,0.0,0.0,11.244140625,11.244140625,11.244140625,340.457,340.457,340.457,60.0,0.0,11.244140625,340.457,5
11776561.876334524,3.989501953125,29999645.52117194,5226.341076134464,322678.9450066579,486060.6893138265,12.4875,12.4875,12.4875,12.4875,12.4875,12.4875,12.4875,12.4875,12.4875,12.4875,12.4875,68.0,68.0,68.0,0.0,0.0,0.0,11.244140625,11.244140625,11.244140625,303.265,303.265,303.265,68.0,0.0,11.244140625,303.265,5
11776562.875349184,3.989501953125,30140796.911246005,5246.169256658801,323903.15450232424,487904.75171869097,11.2375,11.2375,11.2375,11.2375,11.2375,11.2375,11.2375,11.2375,11.2375,11.2375,11.2375,64.0,64.0,64.0,0.0,0.0,0.0,11.244140625,11.244140625,11.244140625,341.349,341.349,341.349,64.0,0.0,11.244140625,341.349,5
11776563.874914875,3.989501953125,30151489.070428353,5248.279376249017,323724.59658485744,487635.78472908906,12.475,12.475,12.475,12.475,12.475,12.475,12.475,12.475,12.475,12.475,12.475,57.0,57.0,57.0,0.0,0.0,0.0,11.244140625,11.244140625,11.244140625,342.297,342.297,342.297,57.0,0.0,11.244140625,342.297,5
11776564.87479214,3.989501953125,30169387.848168984,5246.643948297361,323623.72004686494,487483.83146299905,12.4875,12.4875,12.4875,12.4875,12.4875,12.4875,12.4875,12.4875,12.4875,12.4875,12.4875,64.0,64.0,64.0,0.0,0.0,0.0,11.244140625,11.244140625,11.244140625,300.532,300.532,300.532,64.0,0.0,11.244140625,300.532,5
11776565.875977151,3.989501953125,30157245.328977294,5245.78368800368,323201.0032176281,486847.080796174,12.475,12.475,12.475,12.475,12.475,12.475,12.475,12.475,12.475,12.475,12.475,66.0,66.0,66.0,0.0,0.0,0.0,11.244140625,11.244140625,11.244140625,348.072,348.072,348.072,66.0,0.0,11.244140625,348.072,5
11776566.877214707,3.989501953125,30182926.92747215,5252.499735660161,323184.0415409503,486821.5309287732,12.475,12.475,12.475,12.475,12.475,12.475,12.475,12.475,12.475,12.475,12.475,59.0,59.0,59.0,0.0,0.0,0.0,11.244140625,11.244140625,11.244140625,343.001,343.001,343.001,59.0,0.0,11.244140625,343.001,5
11776567.875425436,3.989501953125,30301805.166428268,5268.426647396576,324164.0175453839,488297.6973151985,12.475,12.475,12.475,12.475,12.475,12.475,12.475,12.475,12.475,12.475,12.475,67.0,67.0,67.0,0.0,0.0,0.0,11.244140625,11.244140625,11.244140625,299.25,299.25,299.25,67.0,0.0,11.244140625,299.25,5
11776568.87519805,3.989501953125,30281788.658789612,5265.197232832373,323657.595248638,487534.85866567,12.4875,12.4875,12.4875,12.4875,12.4875,12.4875,12.4875,12.4875,12.4875,12.4875,12.4875,65.0,65.0,65.0,0.0,0.0,0.0,11.244140625,11.244140625,11.244140625,342.796,342.796,342.796,65.0,0.0,11.244140625,342.796,5
11776569.875762165,3.989501953125,30285134.6975465,5266.029353209166,323401.5642871199,487149.1917742692,12.4875,12.4875,12.4875,12.4875,12.4875,12.4875,12.4875,12.4875,12.4875,12.4875,12.4875,80.0,80.0,80.0,0.0,0.0,0.0,11.244140625,11.244140625,11.244140625,334.579,334.579,334.579,80.0,0.0,11.244140625,334.579,5
11776570.872531822,3.989501953125,30427806.23998349,5286.075836179671,324632.6747721318,489003.6493402998,12.4875,12.4875,12.4875,12.4875,12.4875,12.4875,12.4875,12.4875,12.4875,12.4875,12.4875,68.0,68.0,68.0,0.0,0.0,0.0,11.244140625,11.244140625,11.244140625,298.83,298.83,298.83,68.0,0.0,11.244140625,298.83,5
11776571.875862777,3.989501953125,30256028.52198677,5256.490863992568,322509.7344964299,485805.8025958881,12.4875,12.4875,12.4875,12.4875,12.4875,12.4875,12.4875,12.4875,12.4875,12.4875,12.4875,66.0,66.0,66.0,0.0,0.0,0.0,11.244140625,11.244140625,11.244140625,342.867,342.867,342.867,66.0,0.0,11.244140625,342.867,5
11776572.874485428,3.989501953125,30426013.26082742,5286.281057731563,324030.3030469805,488096.2792732998,12.475,12.475,12.475,12.475,12.475,12.475,12.475,12.475,12.475,12.475,12.475,94.0,94.0,94.0,0.0,0.0,0.0,11.244140625,11.244140625,11.244140625,342.888,342.888,342.888,94.0,0.0,11.244140625,342.888,5
11776573.873867933,3.989501953125,30430187.482735895,5282.261769209838,323783.93489827553,487725.16775816184,12.475,12.475,12.475,12.475,12.475,12.475,12.475,12.475,12.475,12.475,12.475,67.0,67.0,67.0,0.0,0.0,0.0,11.244140625,11.244140625,11.244140625,301.108,301.108,301.108,67.0,0.0,11.244140625,301.108,5
11776574.878529718,3.989501953125,30297452.775821283,5259.481426073046,322082.5203963703,485162.2775590895,12.475,12.475,12.475,12.475,12.475,12.475,12.475,12.475,12.475,12.475,12.475,64.0,64.0,64.0,0.0,0.0,0.0,11.244140625,11.244140625,11.244140625,342.4,342.4,342.4,64.0,0.0,11.244140625,342.4,5
11776575.875538949,3.989501953125,30557379.068835635,5304.865628851624,324554.66811236984,488886.14563762036,12.4875,12.4875,12.4875,12.4875,12.4875,12.4875,12.4875,12.4875,12.4875,12.4875,12.4875,86.0,86.0,86.0,0.0,0.0,0.0,11.244140625,11.244140625,11.244140625,340.346,340.346,340.346,86.0,0.0,11.244140625,340.346,5
11776576.874828,3.989501953125,30514974.59988378,5292.762886078025,323814.2154903898,487770.7802956505,12.4875,12.4875,12.4875,12.4875,12.4875,12.4875,12.4875,12.4875,12.4875,12.4875,12.4875,67.0,67.0,67.0,0.0,0.0,0.0,11.244140625,11.244140625,11.244140625,298.457,298.457,298.457,67.0,0.0,11.244140625,298.457,5
11776577.875154462,3.989501953125,30510615.440715566,5292.272273732587,323478.396566582,487264.9264737122,12.475,12.475,12.475,12.475,12.475,12.475,12.475,12.475,12.475,12.475,12.475,66.0,66.0,66.0,0.0,0.0,0.0,11.244140625,11.244140625,11.244140625,337.569,337.569,337.569,66.0,0.0,11.244140625,337.569,5
11776578.865525676,3.989501953125,30844871.66145815,5351.5287236439735,326730.0133040777,492162.9314327246,12.4875,12.4875,12.4875,12.4875,12.4875,12.4875,12.4875,12.4875,12.4875,12.4875,12.4875,97.0,97.0,97.0,0.0,0.0,0.0,11.244140625,11.244140625,11.244140625,356.201,356.201,356.201,97.0,0.0,11.244140625,356.201,5
11776579.863412084,3.989501953125,30639924.295182046,5311.225763644795,324269.37311381835,488456.3974752454,12.4875,12.4875,12.4875,12.4875,12.4875,12.4875,12.4875,12.4875,12.4875,12.4875,12.4875,74.0,74.0,74.0,0.0,0.0,0.0,11.244140625,11.244140625,11.244140625,322.345,322.345,322.345,74.0,0.0,11.244140625,322.345,5
11776580.865051549,3.989501953125,30552370.46192953,5296.316874543294,323054.36371955083,486626.19345096895,12.475,12.475,12.475,12.475,12.475,12.475,12.475,12.475,12.475,12.475,12.475,72.0,72.0,72.0,0.0,0.0,0.0,11.244140625,11.244140625,11.244140625,365.239,365.239,365.239,72.0,0.0,11.244140625,365.239,5
11776581.84423953,3.989501953125,31280774.086704306,5424.903192136656,330461.5727643727,497783.88808810565,12.475,12.475,12.475,12.475,12.475,12.475,12.475,12.475,12.475,12.475,12.475,76.0,76.0,76.0,0.0,0.0,0.0,11.244140625,11.244140625,11.244140625,357.05,357.05,357.05,76.0,0.0,11.244140625,357.05,5
11776582.866858676,3.989513397216797,29978956.57862776,5200.372021550747,316426.6980484161,476642.7476931838,12.4875,12.4875,12.4875,12.4875,12.4875,12.4875,12.4875,12.4875,12.4875,12.4875,12.4875,88.0,88.0,88.0,0.0,0.0,0.0,11.244140625,11.244140625,11.244140625,358.653,358.653,358.653,88.0,0.0,11.244140625,358.653,5
11776583.866599187,3.989513397216797,30692332.317127623,5319.380319727775,323667.9882246695,487550.5139080464,12.4875,12.4875,12.4875,12.4875,12.4875,12.4875,12.4875,12.4875,12.4875,12.4875,12.4875,74.0,74.0,74.0,0.0,0.0,0.0,11.244140625,11.244140625,11.244140625,328.187,328.187,328.187,74.0,0.0,11.244140625,328.187,5
11776584.86573415,3.989513397216797,30738274.733331893,5328.60944231028,323864.1543539688,487846.00465977576,12.4875,12.4875,12.4875,12.4875,12.4875,12.4875,12.4875,12.4875,12.4875,12.4875,12.4875,74.0,74.0,74.0,0.0,0.0,0.0,11.244140625,11.244140625,11.244140625,366.762,366.762,366.762,74.0,0.0,11.244140625,366.762,5
11776585.84512738,3.989513397216797,31385759.155068804,5440.1029564464225,330392.31889240973,497679.56896451593,12.4875,12.4875,12.4875,12.4875,12.4875,12.4875,12.4875,12.4875,12.4875,12.4875,12.4875,81.0,81.0,81.0,0.0,0.0,0.0,11.244140625,11.244140625,11.244140625,369.833,369.833,369.833,81.0,0.0,11.244140625,369.833,5
11776586.865260875,3.9895172119140625,30159107.745033946,5227.747176628688,317197.7015567631,477804.1327247444,12.4875,12.4875,12.4875,12.4875,12.4875,12.4875,12.4875,12.4875,12.4875,12.4875,12.4875,85.0,85.0,85.0,0.0,0.0,0.0,11.244140625,11.244140625,11.244140625,359.844,359.844,359.844,85.0,0.0,11.244140625,359.844,5
11776587.866259567,3.9895172119140625,30762904.31550496,5327.679286190872,323261.1614743647,486937.69892973924,12.475,12.475,12.475,12.475,12.475,12.475,12.475,12.475,12.475,12.475,12.475,71.0,71.0,71.0,0.0,0.0,0.0,11.244140625,11.244140625,11.244140625,329.774,329.774,329.774,71.0,0.0,11.244140625,329.774,5
11776588.86597863,3.9895172119140625,30829604.182057053,5339.500064090204,323674.9323226985,487560.9740050775,12.4875,12.4875,12.4875,12.4875,12.4875,12.4875,12.4875,12.4875,12.4875,12.4875,12.4875,73.0,73.0,73.0,0.0,0.0,0.0,11.244140625,11.244140625,11.244140625,368.169,368.169,368.169,73.0,0.0,11.244140625,368.169,5
11776589.844515933,3.9895286560058594,31524867.70030631,5460.190415372765,330681.3130016808,498114.8892050635,12.4875,12.4875,12.4875,12.4875,12.4875,12.4875,12.4875,12.4875,12.4875,12.4875,12.4875,84.0,84.0,84.0,0.0,0.0,0.0,11.244140625,11.244140625,11.244140625,363.161,363.161,363.161,84.0,0.0,11.244140625,363.161,5
11776590.867542546,3.9895286560058594,30180617.58316004,5227.625488261835,316300.6667901491,476452.90313959174,12.4875,12.4875,12.4875,12.4875,12.4875,12.4875,12.4875,12.4875,12.4875,12.4875,12.4875,83.0,83.0,83.0,0.0,0.0,0.0,11.244140625,11.244140625,11.244140625,359.317,359.317,359.317,83.0,0.0,11.244140625,359.317,5
11776591.863594636,3.9895286560058594,31025371.371452715,5369.197106526851,324866.5438516052,489355.93314355717,12.4875,12.4875,12.4875,12.4875,12.4875,12.4875,12.4875,12.4875,12.4875,12.4875,12.4875,67.0,67.0,67.0,0.0,0.0,0.0,11.244140625,11.244140625,11.244140625,314.785,314.785,314.785,67.0,0.0,11.244140625,314.785,5
11776592.878387332,3.9895286560058594,30479330.539965082,5274.968989223966,318867.09609733755,480318.79032383754,12.4875,12.4875,12.4875,12.4875,12.4875,12.4875,12.4875,12.4875,12.4875,12.4875,12.4875,63.0,63.0,63.0,0.0,0.0,0.0,11.244140625,11.244140625,11.244140625,338.505,338.505,338.505,63.0,0.0,11.244140625,338.505,5
11776593.878268696,3.9895286560058594,30961191.099323172,5358.635724936785,323622.3931351147,487481.8326971981,12.4875,12.4875,12.4875,12.4875,12.4875,12.4875,12.4875,12.4875,12.4875,12.4875,12.4875,68.0,68.0,68.0,0.0,0.0,0.0,11.244140625,11.244140625,11.244140625,340.744,340.744,340.744,68.0,0.0,11.244140625,340.744,5
11776594.879097229,3.9895286560058594,30959170.321152262,5353.564397894499,323316.12208441464,487020.48769677646,12.475,12.475,12.475,12.475,12.475,12.475,12.475,12.475,12.475,12.475,12.475,66.0,66.0,66.0,0.0,0.0,0.0,11.244140625,11.244140625,11.244140625,293.625,293.625,293.625,66.0,0.0,11.244140625,293.625,5
11776595.846026989,3.989543914794922,32072771.248084027,5546.421490782929,334650.9885648897,504094.52707875794,12.4875,12.4875,12.4875,12.4875,12.4875,12.4875,12.4875,12.4875,12.4875,12.4875,12.4875,75.0,75.0,75.0,0.0,0.0,0.0,11.244140625,11.244140625,11.244140625,341.634,341.634,341.634,75.0,0.0,11.244140625,341.634,5
11776596.863274869,3.989543914794922,30513126.263514224,5276.9832271810155,318097.4926572544,479159.51425586425,13.7375,13.7375,13.7375,13.7375,13.7375,13.7375,13.7375,13.7375,13.7375,13.7375,13.7375,77.0,77.0,77.0,0.0,0.0,0.0,11.244140625,11.244140625,11.244140625,344.814,344.814,344.814,77.0,0.0,11.244140625,344.814,5
11776597.864750031,3.989543914794922,31020943.058650944,5360.092990194205,323107.36403483636,486706.02936893073,12.4875,12.4875,12.4875,12.4875,12.4875,12.4875,12.4875,12.4875,12.4875,12.4875,12.4875,77.0,77.0,77.0,0.0,0.0,0.0,11.244140625,11.244140625,11.244140625,342.997,342.997,342.997,77.0,0.0,11.244140625,342.997,5
11776598.866642244,3.9895706176757812,31035274.656715587,5362.852342269661,322972.8666147378,486503.43198928854,12.4875,12.4875,12.4875,12.4875,12.4875,12.4875,12.4875,12.4875,12.4875,12.4875,12.4875,71.0,71.0,71.0,0.0,0.0,0.0,11.244140625,11.244140625,11.244140625,362.536,362.536,362.536,71.0,0.0,11.244140625,362.536,5
11776599.865933476,3.9895706176757812,31143372.430283096,5382.815167917405,323813.5086996441,487769.71563617274,12.4875,12.4875,12.4875,12.4875,12.4875,12.4875,12.4875,12.4875,12.4875,12.4875,12.4875,89.0,89.0,89.0,0.0,0.0,0.0,11.244140625,11.244140625,11.244140625,365.187,365.187,365.187,89.0,0.0,11.244140625,365.187,5
11776600.868538432,3.9895706176757812,31067665.105363656,5370.011357728267,322743.26804961805,486157.58098613354,12.4875,12.4875,12.4875,12.4875,12.4875,12.4875,12.4875,12.4875,12.4875,12.4875,12.4875,74.0,74.0,74.0,0.0,0.0,0.0,11.244140625,11.244140625,11.244140625,325.478,325.478,325.478,74.0,0.0,11.244140625,325.478,5
11776601.867524184,3.9895706176757812,31207538.168712817,5389.466252870882,323912.5274830928,487918.87051250687,12.4875,12.4875,12.4875,12.4875,12.4875,12.4875,12.4875,12.4875,12.4875,12.4875,12.4875,71.0,71.0,71.0,0.0,0.0,0.0,11.244140625,11.244140625,11.244140625,356.707,356.707,356.707,71.0,0.0,11.244140625,356.707,5
11776602.867382096,3.9895706176757812,31207616.232765965,5389.765821908028,323629.9839889195,487493.26702128386,12.475,12.475,12.475,12.475,12.475,12.475,12.475,12.475,12.475,12.475,12.475,73.0,73.0,73.0,0.0,0.0,0.0,11.244140625,11.244140625,11.244140625,355.023,355.023,355.023,73.0,0.0,11.244140625,355.023,5
11776603.865347696,3.9895706176757812,31294142.793410134,5404.995921857304,324243.6411528131,488417.63667322486,12.475,12.475,12.475,12.475,12.475,12.475,12.475,12.475,12.475,12.475,12.475,73.0,73.0,73.0,0.0,0.0,0.0,11.244140625,11.244140625,11.244140625,372.869,372.869,372.869,73.0,0.0,11.244140625,372.869,5
11776604.8658978,3.9895706176757812,31240588.417816,5396.031619775246,323406.0929159758,487156.013379761,12.4875,12.4875,12.4875,12.4875,12.4875,12.4875,12.4875,12.4875,12.4875,12.4875,12.4875,77.0,77.0,77.0,0.0,0.0,0.0,11.244140625,11.244140625,11.244140625,327.194,327.194,327.194,77.0,0.0,11.244140625,327.194,5
11776605.880187007,3.9895706176757812,30844324.102245625,5322.939422629428,319025.3806505132,480557.2189545706,12.4875,12.4875,12.4875,12.4875,12.4875,12.4875,12.4875,12.4875,12.4875,12.4875,12.4875,76.0,76.0,76.0,0.0,0.0,0.0,11.244140625,11.244140625,11.244140625,343.337,343.337,343.337,76.0,0.0,11.244140625,343.337,5
11776606.846864544,3.9895706176757812,32391733.32928341,5591.316433940476,334738.30471048935,504226.0539309902,12.475,12.475,12.475,12.475,12.475,12.475,12.475,12.475,12.475,12.475,12.475,70.0,70.0,70.0,0.0,0.0,0.0,11.244140625,11.244140625,11.244140625,354.124,354.124,354.124,70.0,0.0,11.244140625,354.124,5
11776607.86928688,3.9895706176757812,30652358.51685739,5291.3554499831935,316487.60848934593,476734.49886369833,12.4875,12.4875,12.4875,12.4875,12.4875,12.4875,12.4875,12.4875,12.4875,12.4875,12.4875,94.0,94.0,94.0,0.0,0.0,0.0,11.244140625,11.244140625,11.244140625,364.624,364.624,364.624,94.0,0.0,11.244140625,364.624,5
11776608.865474788,3.9895706176757812,31486980.247402195,5430.702333798734,324822.25212198327,489289.2152217217,12.4875,12.4875,12.4875,12.4875,12.4875,12.4875,12.4875,12.4875,12.4875,12.4875,12.4875,75.0,75.0,75.0,0.0,0.0,0.0,11.244140625,11.244140625,11.244140625,328.029,328.029,328.029,75.0,0.0,11.244140625,328.029,5
11776609.866563162,3.9895706176757812,31360137.461726073,5411.110691259291,323232.2026805329,486894.07745548623,12.475,12.475,12.475,12.475,12.475,12.475,12.475,12.475,12.475,12.475,12.475,73.0,73.0,73.0,0.0,0.0,0.0,11.244140625,11.244140625,11.244140625,366.604,366.604,366.604,73.0,0.0,11.244140625,366.604,5
11776610.846347764,3.9895706176757812,32069890.592545193,5533.869370140941,330260.3442028193,497480.77164728474,12.4875,12.4875,12.4875,12.4875,12.4875,12.4875,12.4875,12.4875,12.4875,12.4875,12.4875,75.0,75.0,75.0,0.0,0.0,0.0,11.244140625,11.244140625,11.244140625,362.773,362.773,362.773,75.0,0.0,11.244140625,362.773,5
11776611.866697429,3.9895706176757812,30821685.046478022,5321.705086320857,317130.50067256874,477702.906076401,12.4875,12.4875,12.4875,12.4875,12.4875,12.4875,12.4875,12.4875,12.4875,12.4875,12.4875,91.0,91.0,91.0,0.0,0.0,0.0,11.244140625,11.244140625,11.244140625,362.993,362.993,362.993,91.0,0.0,11.244140625,362.993,5
11776612.870709963,3.9895896911621094,31350392.471914075,5408.299014187883,322290.79709152336,485476.01080875035,12.4875,12.4875,12.4875,12.4875,12.4875,12.4875,12.4875,12.4875,12.4875,12.4875,12.4875,74.0,74.0,74.0,0.0,0.0,0.0,11.244140625,11.244140625,11.244140625,329.705,329.705,329.705,74.0,0.0,11.244140625,329.705,5
11776613.869211996,3.9895896911621094,31550754.995130047,5443.153665485024,324069.44538956875,488155.2405235276,12.4875,12.4875,12.4875,12.4875,12.4875,12.4875,12.4875,12.4875,12.4875,12.4875,12.4875,73.0,73.0,73.0,0.0,0.0,0.0,11.244140625,11.244140625,11.244140625,366.471,366.471,366.471,73.0,0.0,11.244140625,366.471,5
11776614.853905322,3.989593505859375,32020922.825069208,5524.562679620116,328613.9871548154,495000.8160939624,12.4875,12.4875,12.4875,12.4875,12.4875,12.4875,12.4875,12.4875,12.4875,12.4875,12.4875,66.0,66.0,66.0,0.0,0.0,0.0,11.244140625,11.244140625,11.244140625,356.546,356.546,356.546,66.0,0.0,11.244140625,356.546,5
11776615.87889154,3.989593505859375,30788789.571457885,5312.266546483673,315695.9519150363,475542.00351758633,12.4875,12.4875,12.4875,12.4875,12.4875,12.4875,12.4875,12.4875,12.4875,12.4875,12.4875,67.0,67.0,67.0,0.0,0.0,0.0,11.244140625,11.244140625,11.244140625,311.278,311.278,311.278,67.0,0.0,11.244140625,311.278,5
11776616.878997782,3.989593505859375,31582020.67704412,5444.421576190995,323549.62558497465,487372.22081787325,12.4875,12.4875,12.4875,12.4875,12.4875,12.4875,12.4875,12.4875,12.4875,12.4875,12.4875,65.0,65.0,65.0,0.0,0.0,0.0,11.244140625,11.244140625,11.244140625,335.356,335.356,335.356,65.0,0.0,11.244140625,335.356,5
11776617.881407848,3.989593505859375,31536666.57160941,5436.896723417473,322806.01639455406,486252.1006449612,11.2375,11.2375,11.2375,11.2375,11.2375,11.2375,11.2375,11.2375,11.2375,11.2375,11.2375,57.0,57.0,57.0,0.0,0.0,0.0,11.244140625,11.244140625,11.244140625,347.082,347.082,347.082,57.0,0.0,11.244140625,347.082,5
11776618.879617278,3.989593505859375,31696723.204685554,5464.785080742171,324164.43915066443,488298.3323915072,12.4875,12.4875,12.4875,12.4875,12.4875,12.4875,12.4875,12.4875,12.4875,12.4875,12.4875,67.0,67.0,67.0,0.0,0.0,0.0,11.244140625,11.244140625,11.244140625,303.13,303.13,303.13,67.0,0.0,11.244140625,303.13,5
11776619.87913777,3.989593505859375,31682450.994773947,5457.61697204333,323739.235615338,487657.83592690155,12.475,12.475,12.475,12.475,12.475,12.475,12.475,12.475,12.475,12.475,12.475,66.0,66.0,66.0,0.0,0.0,0.0,11.244140625,11.244140625,11.244140625,346.267,346.267,346.267,66.0,0.0,11.244140625,346.267,5
11776620.879827272,3.989593505859375,31672718.571687914,5458.236530599225,323361.041654599,487088.1513531301,12.4875,12.4875,12.4875,12.4875,12.4875,12.4875,12.4875,12.4875,12.4875,12.4875,12.4875,56.0,56.0,56.0,0.0,0.0,0.0,11.244140625,11.244140625,11.244140625,340.417,340.417,340.417,56.0,0.0,11.244140625,340.417,5
11776621.879427204,3.9895973205566406,31734543.983107038,5464.186047286105,323713.5074926816,487619.0809066976,12.475,12.475,12.475,12.475,12.475,12.475,12.475,12.475,12.475,12.475,12.475,66.0,66.0,66.0,0.0,0.0,0.0,11.244140625,11.244140625,11.244140625,303.961,303.961,303.961,66.0,0.0,11.244140625,303.961,5
11776622.88166227,3.9896087646484375,31678362.76383666,5454.808142988544,322862.381222024,486337.0046255804,12.4875,12.4875,12.4875,12.4875,12.4875,12.4875,12.4875,12.4875,12.4875,12.4875,12.4875,66.0,66.0,66.0,0.0,0.0,0.0,11.244140625,11.244140625,11.244140625,348.006,348.006,348.006,66.0,0.0,11.244140625,348.006,5
11776623.88011526,3.9896087646484375,31825738.755700182,5480.4783581979755,324085.3634976487,488179.21843316697,12.4875,12.4875,12.4875,12.4875,12.4875,12.4875,12.4875,12.4875,12.4875,12.4875,12.4875,59.0,59.0,59.0,0.0,0.0,0.0,11.244140625,11.244140625,11.244140625,339.11,339.11,339.11,59.0,0.0,11.244140625,339.11,5
11776624.868452173,3.9896087646484375,32179143.136733174,5536.573537254358,327402.5240275793,493175.95391496125,12.475,12.475,12.475,12.475,12.475,12.475,12.475,12.475,12.475,12.475,12.475,71.0,71.0,71.0,0.0,0.0,0.0,11.244140625,11.244140625,11.244140625,313.296,313.296,313.296,71.0,0.0,11.244140625,313.296,5
11776625.992241347,3.9896087646484375,28324859.967320707,4873.689945023245,287940.1291163779,433732.59955505026,12.475,12.475,12.475,12.475,12.475,12.475,12.475,12.475,12.475,12.475,12.475,59.0,59.0,59.0,0.0,0.0,0.0,11.244140625,11.244140625,11.244140625,298.982,298.982,298.982,59.0,0.0,11.244140625,298.982,5
11776626.989026798,3.9896202087402344,31961248.0065517,5499.678989097525,324627.531194479,488995.9014195316,12.4875,12.4875,12.4875,12.4875,12.4875,12.4875,12.4875,12.4875,12.4875,12.4875,12.4875,62.0,62.0,62.0,0.0,0.0,0.0,11.244140625,11.244140625,11.244140625,325.3,325.3,325.3,62.0,0.0,11.244140625,325.3,5
11776627.991611931,3.9896202087402344,31803559.551586542,5467.864839224782,322749.6490579555,486167.19288476836,12.4875,12.4875,12.4875,12.4875,12.4875,12.4875,12.4875,12.4875,12.4875,12.4875,12.4875,60.0,60.0,60.0,0.0,0.0,0.0,11.244140625,11.244140625,11.244140625,296.851,296.851,296.851,60.0,0.0,11.244140625,296.851,5
11776628.958513502,3.9896202087402344,33005462.987887036,5676.896353399427,334660.74505709606,504109.2235670181,12.4875,12.4875,12.4875,12.4875,12.4875,12.4875,12.4875,12.4875,12.4875,12.4875,12.4875,67.0,67.0,67.0,0.0,0.0,0.0,11.244140625,11.244140625,11.244140625,335.218,335.218,335.218,67.0,0.0,11.244140625,335.218,5
11776629.99282854,3.9896202087402344,30880626.126419675,5311.727854323883,312848.58864461945,471252.9373254394,12.4875,12.4875,12.4875,12.4875,12.4875,12.4875,12.4875,12.4875,12.4875,12.4875,12.4875,61.0,61.0,61.0,0.0,0.0,0.0,11.244140625,11.244140625,11.244140625,307.173,307.173,307.173,61.0,0.0,11.244140625,307.173,5
11776630.9898677,3.9896202087402344,32062498.937051658,5510.315162869973,324544.92567566753,488871.4703215752,12.4875,12.4875,12.4875,12.4875,12.4875,12.4875,12.4875,12.4875,12.4875,12.4875,12.4875,59.0,59.0,59.0,0.0,0.0,0.0,11.244140625,11.244140625,11.244140625,319.309,319.309,319.309,59.0,0.0,11.244140625,319.309,5
11776631.98775324,3.9896202087402344,32062640.166029327,5512.656290515779,324269.65517365164,488456.82235018414,12.475,12.475,12.475,12.475,12.475,12.475,12.475,12.475,12.475,12.475,12.475,94.0,94.0,94.0,0.0,0.0,0.0,11.244140625,11.244140625,11.244140625,337.854,337.854,337.854,94.0,0.0,11.244140625,337.854,5
11776632.989735514,3.9896202087402344,31958764.985990852,5490.117086201789,322943.8369790074,486459.70380382123,12.475,12.475,12.475,12.475,12.475,12.475,12.475,12.475,12.475,12.475,12.475,62.0,62.0,62.0,0.0,0.0,0.0,11.244140625,11.244140625,11.244140625,305.722,305.722,305.722,62.0,0.0,11.244140625,305.722,5
11776633.990385028,3.9896202087402344,32028588.99340138,5502.426098993328,323373.96418755123,487107.6169407418,12.4875,12.4875,12.4875,12.4875,12.4875,12.4875,12.4875,12.4875,12.4875,12.4875,12.4875,62.0,62.0,62.0,0.0,0.0,0.0,11.244140625,11.244140625,11.244140625,348.415,348.415,348.415,62.0,0.0,11.244140625,348.415,5
11776634.98949324,3.9896392822265625,32105299.1182852,5515.919030021128,323872.82587740093,487859.0668279837,12.4875,12.4875,12.4875,12.4875,12.4875,12.4875,12.4875,12.4875,12.4875,12.4875,12.4875,100.0,100.0,100.0,0.0,0.0,0.0,11.244140625,11.244140625,11.244140625,336.272,336.272,336.272,100.0,0.0,11.244140625,336.272,5
11776635.990684383,3.9896392822265625,32065744.115073644,5504.443421044715,323199.0237625355,486844.09908533824,12.475,12.475,12.475,12.475,12.475,12.475,12.475,12.475,12.475,12.475,12.475,62.0,62.0,62.0,0.0,0.0,0.0,11.244140625,11.244140625,11.244140625,305.141,305.141,305.141,62.0,0.0,11.244140625,305.141,5
11776636.993053429,3.9896392822265625,32055275.57085852,5503.96086237217,322819.22633493494,486271.9991627501,12.475,12.475,12.475,12.475,12.475,12.475,12.475,12.475,12.475,12.475,12.475,57.0,57.0,57.0,0.0,0.0,0.0,11.244140625,11.244140625,11.244140625,342.942,342.942,342.942,57.0,0.0,11.244140625,342.942,5
11776637.990821356,3.9896392822265625,32230432.674519204,5534.353079388643,324307.8788194304,488514.39974066097,12.4875,12.4875,12.4875,12.4875,12.4875,12.4875,12.4875,12.4875,12.4875,12.4875,12.4875,87.0,87.0,87.0,0.0,0.0,0.0,11.244140625,11.244140625,11.244140625,342.959,342.959,342.959,87.0,0.0,11.244140625,342.959,5
11776638.99068766,3.9896392822265625,32190066.65356466,5522.738362952094,323627.2673736853,487489.1749046652,12.4875,12.4875,12.4875,12.4875,12.4875,12.4875,12.4875,12.4875,12.4875,12.4875,12.4875,60.0,60.0,60.0,0.0,0.0,0.0,11.244140625,11.244140625,11.244140625,302.43,302.43,302.43,60.0,0.0,11.244140625,302.43,5
11776639.990943972,3.9896392822265625,32204785.554430407,5526.583475042756,323501.0830658891,487299.09980811144,12.475,12.475,12.475,12.475,12.475,12.475,12.475,12.475,12.475,12.475,12.475,58.0,58.0,58.0,0.0,0.0,0.0,11.244140625,11.244140625,11.244140625,345.896,345.896,345.896,58.0,0.0,11.244140625,345.896,5
11776640.991290055,3.9896392822265625,32229162.028664615,5531.0857841654315,323472.0517591518,487255.3691055578,12.475,12.475,12.475,12.475,12.475,12.475,12.475,12.475,12.475,12.475,12.475,71.0,71.0,71.0,0.0,0.0,0.0,11.244140625,11.244140625,11.244140625,344.787,344.787,344.787,71.0,0.0,11.244140625,344.787,5
11776641.990657607,3.9896392822265625,32288007.489696924,5536.501550007228,323788.7796055555,487732.46548178623,12.4875,12.4875,12.4875,12.4875,12.4875,12.4875,12.4875,12.4875,12.4875,12.4875,12.4875,60.0,60.0,60.0,0.0,0.0,0.0,11.244140625,11.244140625,11.244140625,304.581,304.581,304.581,60.0,0.0,11.244140625,304.581,5
11776642.99117414,3.9896392822265625,32278190.282172926,5535.140922649948,323416.94480223197,487172.3598919697,12.475,12.475,12.475,12.475,12.475,12.475,12.475,12.475,12.475,12.475,12.475,59.0,59.0,59.0,0.0,0.0,0.0,11.244140625,11.244140625,11.244140625,345.632,345.632,345.632,59.0,0.0,11.244140625,345.632,5
11776643.995206775,3.9896392822265625,32192319.093127828,5520.736877383256,322284.3445302514,485466.29112784704,12.4875,12.4875,12.4875,12.4875,12.4875,12.4875,12.4875,12.4875,12.4875,12.4875,12.4875,63.0,63.0,63.0,0.0,0.0,0.0,11.244140625,11.244140625,11.244140625,340.294,340.294,340.294,63.0,0.0,11.244140625,340.294,5
11776644.992026046,3.9896392822265625,32452633.038342275,5560.687039780052,324616.517243404,488979.3107843681,12.475,12.475,12.475,12.475,12.475,12.475,12.475,12.475,12.475,12.475,12.475,62.0,62.0,62.0,0.0,0.0,0.0,11.244140625,11.244140625,11.244140625,305.543,305.543,305.543,62.0,0.0,11.244140625,305.543,5
11776645.9923489,3.9896392822265625,32366239.425399385,5549.208415054177,323479.56328173133,487266.6839307092,12.475,12.475,12.475,12.475,12.475,12.475,12.475,12.475,12.475,12.475,12.475,59.0,59.0,59.0,0.0,0.0,0.0,11.244140625,11.244140625,11.244140625,344.274,344.274,344.274,59.0,0.0,11.244140625,344.274,5
11776646.99072774,3.989643096923828,32456582.334315553,5565.021794384027,324109.4334618361,488215.47572099353,12.4875,12.4875,12.4875,12.4875,12.4875,12.4875,12.4875,12.4875,12.4875,12.4875,12.4875,62.0,62.0,62.0,0.0,0.0,0.0,11.244140625,11.244140625,11.244140625,341.352,341.352,341.352,62.0,0.0,11.244140625,341.352,5
11776647.994102264,3.989643096923828,32322164.068221044,5537.314198047713,322495.73028457,485784.707643846,12.4875,12.4875,12.4875,12.4875,12.4875,12.4875,12.4875,12.4875,12.4875,12.4875,12.4875,61.0,61.0,61.0,0.0,0.0,0.0,11.244140625,11.244140625,11.244140625,302.203,302.203,302.203,61.0,0.0,11.244140625,302.203,5
11776648.990179144,3.989643096923828,32586320.043141965,5582.902395919725,324858.45870909694,489343.7542580068,12.4875,12.4875,12.4875,12.4875,12.4875,12.4875,12.4875,12.4875,12.4875,12.4875,12.4875,59.0,59.0,59.0,0.0,0.0,0.0,11.244140625,11.244140625,11.244140625,340.513,340.513,340.513,59.0,0.0,11.244140625,340.513,5
11776649.992281267,3.989643096923828,32417570.261360515,5554.32412432383,322905.213339059,486401.5238904812,12.4875,12.4875,12.4875,12.4875,12.4875,12.4875,12.4875,12.4875,12.4875,12.4875,12.4875,62.0,62.0,62.0,0.0,0.0,0.0,11.244140625,11.244140625,11.244140625,325.787,325.787,325.787,62.0,0.0,11.244140625,325.787,5
11776650.99086595,3.989643096923828,32559044.3976307,5573.888824504013,324042.6233180573,488114.8376563141,12.4875,12.4875,12.4875,12.4875,12.4875,12.4875,12.4875,12.4875,12.4875,12.4875,12.4875,59.0,59.0,59.0,0.0,0.0,0.0,11.244140625,11.244140625,11.244140625,296.522,296.522,296.522,59.0,0.0,11.244140625,296.522,5
11776651.9603818,3.989643096923828,33563369.77290298,5746.167012730999,333758.3390140994,502749.9030718712,12.475,12.475,12.475,12.475,12.475,12.475,12.475,12.475,12.475,12.475,12.475,62.0,62.0,62.0,0.0,0.0,0.0,11.244140625,11.244140625,11.244140625,334.686,334.686,334.686,62.0,0.0,11.244140625,334.686,5
11776652.991783205,3.989643096923828,31575967.260289393,5406.236575177198,313732.36297384114,472584.1923276848,12.4875,12.4875,12.4875,12.4875,12.4875,12.4875,12.4875,12.4875,12.4875,12.4875,12.4875,60.0,60.0,60.0,0.0,0.0,0.0,11.244140625,11.244140625,11.244140625,309.665,309.665,309.665,60.0,0.0,11.244140625,309.665,5
11776653.991231175,3.989643096923828,32612771.237245254,5579.079820997024,323762.72682882013,487693.2214256911,12.4875,12.4875,12.4875,12.4875,12.4875,12.4875,12.4875,12.4875,12.4875,12.4875,12.4875,71.0,71.0,71.0,0.0,0.0,0.0,11.244140625,11.244140625,11.244140625,339.972,339.972,339.972,71.0,0.0,11.244140625,339.972,5
11776654.959819568,3.9896621704101562,33679986.49338035,5761.993473479336,334077.92440823105,503231.3038554367,12.4875,12.4875,12.4875,12.4875,12.4875,12.4875,12.4875,12.4875,12.4875,12.4875,12.4875,75.0,75.0,75.0,0.0,0.0,0.0,11.244140625,11.244140625,11.244140625,362.669,362.669,362.669,75.0,0.0,11.244140625,362.669,5
11776655.980863452,3.9896621704101562,31976412.104555953,5470.871614356733,316914.8801396364,477378.1105900852,12.4875,12.4875,12.4875,12.4875,12.4875,12.4875,12.4875,12.4875,12.4875,12.4875,12.4875,69.0,69.0,69.0,0.0,0.0,0.0,11.244140625,11.244140625,11.244140625,347.32,347.32,347.32,69.0,0.0,11.244140625,347.32,5
11776656.992814146,3.9896774291992188,32290694.786762852,5520.031789082811,319762.6148296764,481667.7362624239,12.475,12.475,12.475,12.475,12.475,12.475,12.475,12.475,12.475,12.475,12.475,60.0,60.0,60.0,0.0,0.0,0.0,11.244140625,11.244140625,11.244140625,300.599,300.599,300.599,60.0,0.0,11.244140625,300.599,5
11776657.962316789,3.9896774291992188,33732622.85001135,5766.874429694,333762.8859699702,502756.75228387915,11.2375,11.2375,11.2375,11.2375,11.2375,11.2375,11.2375,11.2375,11.2375,11.2375,11.2375,57.0,57.0,57.0,0.0,0.0,0.0,11.244140625,11.244140625,11.244140625,336.317,336.317,336.317,57.0,0.0,11.244140625,336.317,5
11776658.992973112,3.9897079467773438,31757572.601803582,5429.549963461186,313959.16643613734,472925.83298608026,12.475,12.475,12.475,12.475,12.475,12.475,12.475,12.475,12.475,12.475,12.475,57.0,57.0,57.0,0.0,0.0,0.0,11.244140625,11.244140625,11.244140625,303.602,303.602,303.602,57.0,0.0,11.244140625,303.602,5
11776659.994705996,3.9897079467773438,32701749.662059106,5586.319556362055,323024.23647710134,486580.8119085451,12.475,12.475,12.475,12.475,12.475,12.475,12.475,12.475,12.475,12.475,12.475,61.0,61.0,61.0,0.0,0.0,0.0,11.244140625,11.244140625,11.244140625,329.865,329.865,329.865,61.0,0.0,11.244140625,329.865,5
11776660.991995726,3.9897079467773438,32874753.450277403,5616.221475252674,324463.3832972971,488748.6406630172,12.4875,12.4875,12.4875,12.4875,12.4875,12.4875,12.4875,12.4875,12.4875,12.4875,12.4875,85.0,85.0,85.0,0.0,0.0,0.0,11.244140625,11.244140625,11.244140625,345.183,345.183,345.183,85.0,0.0,11.244140625,345.183,5
11776661.991447557,3.9897079467773438,32830886.87498018,5609.074720975168,323761.47600999445,487691.3372808777,12.4875,12.4875,12.4875,12.4875,12.4875,12.4875,12.4875,12.4875,12.4875,12.4875,12.4875,62.0,62.0,62.0,0.0,0.0,0.0,11.244140625,11.244140625,11.244140625,305.454,305.454,305.454,62.0,0.0,11.244140625,305.454,5
11776662.993617833,3.9897117614746094,32769003.222145222,5593.8597809474,322883.25425581227,486368.4462840716,12.475,12.475,12.475,12.475,12.475,12.475,12.475,12.475,12.475,12.475,12.475,59.0,59.0,59.0,0.0,0.0,0.0,11.244140625,11.244140625,11.244140625,344.697,344.697,344.697,59.0,0.0,11.244140625,344.697,5
11776663.992967164,3.9897117614746094,32888756.678525936,5614.653278120569,323794.6830061248,487741.3579459348,12.475,12.475,12.475,12.475,12.475,12.475,12.475,12.475,12.475,12.475,12.475,90.0,90.0,90.0,0.0,0.0,0.0,11.244140625,11.244140625,11.244140625,347.578,347.578,347.578,90.0,0.0,11.244140625,347.578,5
11776664.992075186,3.9897117614746094,32923960.445793748,5621.013820221995,323872.8874648707,487859.1595989825,12.4875,12.4875,12.4875,12.4875,12.4875,12.4875,12.4875,12.4875,12.4875,12.4875,12.4875,58.0,58.0,58.0,0.0,0.0,0.0,11.244140625,11.244140625,11.244140625,305.87,305.87,305.87,58.0,0.0,11.244140625,305.87,5
11776665.981601948,3.9897117614746094,33270271.48167492,5675.4402380951415,327008.8415248893,492582.9384995168,12.475,12.475,12.475,12.475,12.475,12.475,12.475,12.475,12.475,12.475,12.475,72.0,72.0,72.0,0.0,0.0,0.0,11.244140625,11.244140625,11.244140625,366.043,366.043,366.043,72.0,0.0,11.244140625,366.043,5
11776666.96165953,3.9897117614746094,33619516.44111311,5737.4179862352075,330168.3552655048,497342.206032849,12.475,12.475,12.475,12.475,12.475,12.475,12.475,12.475,12.475,12.475,12.475,62.0,62.0,62.0,0.0,0.0,0.0,11.244140625,11.244140625,11.244140625,355.08,355.08,355.08,62.0,0.0,11.244140625,355.08,5
11776667.994726505,3.9897117614746094,31920772.61157837,5447.855885875208,313226.54566010006,471822.2649816698,12.475,12.475,12.475,12.475,12.475,12.475,12.475,12.475,12.475,12.475,12.475,57.0,57.0,57.0,0.0,0.0,0.0,11.244140625,11.244140625,11.244140625,305.675,305.675,305.675,57.0,0.0,11.244140625,305.675,5
11776668.993791267,3.9897117614746094,33034424.043874677,5633.268445896398,323886.9113000959,487880.2841102711,12.475,12.475,12.475,12.475,12.475,12.475,12.475,12.475,12.475,12.475,12.475,62.0,62.0,62.0,0.0,0.0,0.0,11.244140625,11.244140625,11.244140625,323.092,323.092,323.092,62.0,0.0,11.244140625,323.092,5
11776669.99339132,3.9897117614746094,33043998.85370948,5635.253803791013,323713.46828437975,487619.02184609097,12.475,12.475,12.475,12.475,12.475,12.475,12.475,12.475,12.475,12.475,12.475,59.0,59.0,59.0,0.0,0.0,0.0,11.244140625,11.244140625,11.244140625,342.61,342.61,342.61,59.0,0.0,11.244140625,342.61,5
11776670.995151673,3.9897117614746094,32999947.463186763,5628.092573713975,323015.37910121726,486567.4697853779,12.4875,12.4875,12.4875,12.4875,12.4875,12.4875,12.4875,12.4875,12.4875,12.4875,12.4875,85.0,85.0,85.0,0.0,0.0,0.0,11.244140625,11.244140625,11.244140625,303.636,303.636,303.636,85.0,0.0,11.244140625,303.636,5
11776671.992617084,3.9897117614746094,33169360.690071084,5652.326322985858,324406.2364130996,488662.5586475805,12.4875,12.4875,12.4875,12.4875,12.4875,12.4875,12.4875,12.4875,12.4875,12.4875,12.4875,83.0,83.0,83.0,0.0,0.0,0.0,11.244140625,11.244140625,11.244140625,344.399,344.399,344.399,83.0,0.0,11.244140625,344.399,5
11776672.992762666,3.9897117614746094,33107726.095054463,5642.178597634635,323536.8986951986,487353.0499332738,12.475,12.475,12.475,12.475,12.475,12.475,12.475,12.475,12.475,12.475,12.475,95.0,95.0,95.0,0.0,0.0,0.0,11.244140625,11.244140625,11.244140625,345.921,345.921,345.921,95.0,0.0,11.244140625,345.921,5
11776673.996366022,3.9897117614746094,33020825.212696824,5622.739268949004,322422.1980513193,485673.9439000885,12.475,12.475,12.475,12.475,12.475,12.475,12.475,12.475,12.475,12.475,12.475,84.0,84.0,84.0,0.0,0.0,0.0,11.244140625,11.244140625,11.244140625,303.727,303.727,303.727,84.0,0.0,11.244140625,303.727,5
11776674.996456036,3.9897117614746094,33164081.76206028,5647.491645616915,323554.8754701317,487380.12887273,12.475,12.475,12.475,12.475,12.475,12.475,12.475,12.475,12.475,12.475,12.475,84.0,84.0,84.0,0.0,0.0,0.0,11.244140625,11.244140625,11.244140625,350.31,350.31,350.31,84.0,0.0,11.244140625,350.31,5
11776675.995423775,3.9897232055664062,33228623.61815599,5658.841402291464,323918.3683564623,487927.66879011405,12.475,12.475,12.475,12.475,12.475,12.475,12.475,12.475,12.475,12.475,12.475,97.0,97.0,97.0,0.0,0.0,0.0,11.244140625,11.244140625,11.244140625,345.666,345.666,345.666,97.0,0.0,11.244140625,345.666,5
11776676.995744849,3.9897308349609375,33210915.85641596,5656.183949462532,323480.1391132704,487267.55132252123,12.4875,12.4875,12.4875,12.4875,12.4875,12.4875,12.4875,12.4875,12.4875,12.4875,12.4875,84.0,84.0,84.0,0.0,0.0,0.0,11.244140625,11.244140625,11.244140625,301.394,301.394,301.394,84.0,0.0,11.244140625,301.394,5
11776677.99443334,3.9897308349609375,33292493.402688242,5665.43026243059,324008.9406218346,488064.10043035843,12.4875,12.4875,12.4875,12.4875,12.4875,12.4875,12.4875,12.4875,12.4875,12.4875,12.4875,85.0,85.0,85.0,0.0,0.0,0.0,11.244140625,11.244140625,11.244140625,348.443,348.443,348.443,85.0,0.0,11.244140625,348.443,5
11776678.994680991,3.9897308349609375,33267847.160725825,5661.597895593561,323503.8837096498,487303.31849934586,12.4875,12.4875,12.4875,12.4875,12.4875,12.4875,12.4875,12.4875,12.4875,12.4875,12.4875,57.0,57.0,57.0,0.0,0.0,0.0,11.244140625,11.244140625,11.244140625,341.642,341.642,341.642,57.0,0.0,11.244140625,341.642,5
11776679.993110294,3.9897308349609375,33355728.77226267,5671.908855179392,324093.05226812087,488190.80025197956,12.4875,12.4875,12.4875,12.4875,12.4875,12.4875,12.4875,12.4875,12.4875,12.4875,12.4875,84.0,84.0,84.0,0.0,0.0,0.0,11.244140625,11.244140625,11.244140625,305.421,305.421,305.421,84.0,0.0,11.244140625,305.421,5
11776680.994845368,3.9897308349609375,33272862.107225604,5658.1826319068105,323023.53012754646,486579.747913646,12.4875,12.4875,12.4875,12.4875,12.4875,12.4875,12.4875,12.4875,12.4875,12.4875,12.4875,85.0,85.0,85.0,0.0,0.0,0.0,11.244140625,11.244140625,11.244140625,342.751,342.751,342.751,85.0,0.0,11.244140625,342.751,5
11776681.99302322,3.9897308349609375,33418742.879405636,5683.355912872805,324174.69411440747,488313.7797419556,12.4875,12.4875,12.4875,12.4875,12.4875,12.4875,12.4875,12.4875,12.4875,12.4875,12.4875,73.0,73.0,73.0,0.0,0.0,0.0,11.244140625,11.244140625,11.244140625,340.249,340.249,340.249,73.0,0.0,11.244140625,340.249,5
11776682.995580833,3.989734649658203,33299931.663358193,5658.527676305628,322758.508656739,486180.5383563537,12.4875,12.4875,12.4875,12.4875,12.4875,12.4875,12.4875,12.4875,12.4875,12.4875,12.4875,84.0,84.0,84.0,0.0,0.0,0.0,11.244140625,11.244140625,11.244140625,300.331,300.331,300.331,84.0,0.0,11.244140625,300.331,5
11776683.995535726,3.9897422790527344,33413885.22276129,5678.256132946855,323598.5967811686,487445.98755644384,12.4875,12.4875,12.4875,12.4875,12.4875,12.4875,12.4875,12.4875,12.4875,12.4875,12.4875,82.0,82.0,82.0,0.0,0.0,0.0,11.244140625,11.244140625,11.244140625,342.544,342.544,342.544,82.0,0.0,11.244140625,342.544,5
11776684.995238038,3.9897613525390625,33449612.546512008,5685.692562150364,323680.3557408275,487569.1434577022,12.4875,12.4875,12.4875,12.4875,12.4875,12.4875,12.4875,12.4875,12.4875,12.4875,12.4875,99.0,99.0,99.0,0.0,0.0,0.0,11.244140625,11.244140625,11.244140625,339.37,339.37,339.37,99.0,0.0,11.244140625,339.37,5
11776685.99485982,3.9897613525390625,33479588.567900617,5686.150601938974,323706.4314528186,487608.4220618407,12.4875,12.4875,12.4875,12.4875,12.4875,12.4875,12.4875,12.4875,12.4875,12.4875,12.4875,85.0,85.0,85.0,0.0,0.0,0.0,11.244140625,11.244140625,11.244140625,305.245,305.245,305.245,85.0,0.0,11.244140625,305.245,5
11776686.995648105,3.9897613525390625,33467819.83752222,5684.518981991687,323329.12467372086,487040.0738756048,12.4875,12.4875,12.4875,12.4875,12.4875,12.4875,12.4875,12.4875,12.4875,12.4875,12.4875,83.0,83.0,83.0,0.0,0.0,0.0,11.244140625,11.244140625,11.244140625,343.146,343.146,343.146,83.0,0.0,11.244140625,343.146,5
11776687.996121127,3.989765167236328,33505629.084875014,5691.307883538975,323431.00986776885,487193.54650967714,12.4875,12.4875,12.4875,12.4875,12.4875,12.4875,12.4875,12.4875,12.4875,12.4875,12.4875,93.0,93.0,93.0,0.0,0.0,0.0,11.244140625,11.244140625,11.244140625,341.811,341.811,341.811,93.0,0.0,11.244140625,341.811,5
11776688.99640062,3.9897842407226562,33539374.958347227,5692.40900794331,323493.58560349984,487287.80616223393,12.4875,12.4875,12.4875,12.4875,12.4875,12.4875,12.4875,12.4875,12.4875,12.4875,12.4875,84.0,84.0,84.0,0.0,0.0,0.0,11.244140625,11.244140625,11.244140625,301.458,301.458,301.458,84.0,0.0,11.244140625,301.458,5
11776689.996963922,3.9897842407226562,33557122.23458777,5695.79155409003,323401.82738000853,487149.588078747,12.4875,12.4875,12.4875,12.4875,12.4875,12.4875,12.4875,12.4875,12.4875,12.4875,12.4875,92.0,92.0,92.0,0.0,0.0,0.0,11.244140625,11.244140625,11.244140625,347.742,347.742,347.742,92.0,0.0,11.244140625,347.742,5
11776690.981816648,3.9897842407226562,34120127.93909383,5791.7289067699385,328560.8005905056,494920.69962367293,12.4875,12.4875,12.4875,12.4875,12.4875,12.4875,12.4875,12.4875,12.4875,12.4875,12.4875,96.0,96.0,96.0,0.0,0.0,0.0,11.244140625,11.244140625,11.244140625,356.379,356.379,356.379,96.0,0.0,11.244140625,356.379,5
11776691.984107284,3.9897842407226562,33553712.64777432,5690.964071110796,322844.4807128884,486310.0405675155,12.4875,12.4875,12.4875,12.4875,12.4875,12.4875,12.4875,12.4875,12.4875,12.4875,12.4875,89.0,89.0,89.0,0.0,0.0,0.0,11.244140625,11.244140625,11.244140625,320.018,320.018,320.018,89.0,0.0,11.244140625,320.018,5
11776692.995420327,3.9897842407226562,33281334.81039522,5645.13632697332,319964.23072820716,481971.4361602108,12.475,12.475,12.475,12.475,12.475,12.475,12.475,12.475,12.475,12.475,12.475,84.0,84.0,84.0,0.0,0.0,0.0,11.244140625,11.244140625,11.244140625,351.792,351.792,351.792,84.0,0.0,11.244140625,351.792,5
11776693.994101848,3.9897842407226562,33729575.73583011,5721.543735015134,324011.2019515466,488067.50673713983,11.2375,11.2375,11.2375,11.2375,11.2375,11.2375,11.2375,11.2375,11.2375,11.2375,11.2375,60.0,60.0,60.0,0.0,0.0,0.0,11.244140625,11.244140625,11.244140625,350.591,350.591,350.591,60.0,0.0,11.244140625,350.591,5
11776694.996546503,3.9897842407226562,33630145.90564448,5705.053115070577,322794.8779833883,486235.32253193937,12.4875,12.4875,12.4875,12.4875,12.4875,12.4875,12.4875,12.4875,12.4875,12.4875,12.4875,82.0,82.0,82.0,0.0,0.0,0.0,11.244140625,11.244140625,11.244140625,304.202,304.202,304.202,82.0,0.0,11.244140625,304.202,5
11776695.996662997,3.9897842407226562,33735681.010658786,5718.333850972899,323546.3089409363,487367.2248603977,12.4875,12.4875,12.4875,12.4875,12.4875,12.4875,12.4875,12.4875,12.4875,12.4875,12.4875,83.0,83.0,83.0,0.0,0.0,0.0,11.244140625,11.244140625,11.244140625,344.722,344.722,344.722,83.0,0.0,11.244140625,344.722,5
11776696.9970253,3.9897842407226562,33754637.58989255,5721.926928090336,323466.8069705072,487247.4687277261,12.4875,12.4875,12.4875,12.4875,12.4875,12.4875,12.4875,12.4875,12.4875,12.4875,12.4875,57.0,57.0,57.0,0.0,0.0,0.0,11.244140625,11.244140625,11.244140625,344.886,344.886,344.886,57.0,0.0,11.244140625,344.886,5
11776697.997372411,3.9897842407226562,33782391.74757877,5722.013823918733,323471.71928702295,487254.86829311046,12.4875,12.4875,12.4875,12.4875,12.4875,12.4875,12.4875,12.4875,12.4875,12.4875,12.4875,85.0,85.0,85.0,0.0,0.0,0.0,11.244140625,11.244140625,11.244140625,303.425,303.425,303.425,85.0,0.0,11.244140625,303.425,5
11776699.028206816,3.9927444458007812,32810367.838031344,5599.347454250473,313904.9283846474,488738.0530545776,12.4875,12.4875,12.4875,12.4875,12.4875,12.4875,12.4875,12.4875,12.4875,12.4875,12.4875,0.0,0.0,0.0,0.0,0.0,0.0,5.947265625,5.947265625,5.947265625,191.293,191.293,191.293,0.0,0.0,5.947265625,191.293,5
11776700.045442875,3.99273681640625,33276258.428734444,5682.063613299013,318101.1889698526,495271.4714340743,1.25,1.25,1.25,1.25,1.25,1.25,1.25,1.25,1.25,1.25,1.25,0.0,0.0,0.0,0.0,0.0,0.0,11.236328125,11.236328125,11.236328125,140.199,140.199,140.199,0.0,0.0,11.236328125,140.199,5
11776701.060098805,4.006317138671875,33387755.42505811,5703.411209914386,318910.0765420661,496530.87866676116,12.475,12.475,12.475,12.475,12.475,12.475,12.475,12.475,12.475,12.475,12.475,95.0,95.0,95.0,0.0,0.0,0.0,11.2421875,11.2421875,11.2421875,401.543,401.543,401.543,95.0,0.0,11.2421875,401.543,5
11776702.067060424,4.006317138671875,33669942.67116133,5751.957063649268,321346.9051249801,500324.92823256395,12.4875,12.4875,12.4875,12.4875,12.4875,12.4875,12.4875,12.4875,12.4875,12.4875,12.4875,95.0,95.0,95.0,0.0,0.0,0.0,11.2421875,11.2421875,11.2421875,400.883,400.883,400.883,95.0,0.0,11.2421875,400.883,5
11776703.064235572,4.006317138671875,34027714.2649678,5808.4078940682,324500.66643545654,505235.2148298881,12.475,12.475,12.475,12.475,12.475,12.475,12.475,12.475,12.475,12.475,12.475,90.0,90.0,90.0,0.0,0.0,0.0,11.2421875,11.2421875,11.2421875,384.291,384.291,384.291,90.0,0.0,11.2421875,384.291,5
11776704.067871688,4.006317138671875,33835816.04243559,5775.997801044278,322411.6737024516,501982.73247343727,12.4875,12.4875,12.4875,12.4875,12.4875,12.4875,12.4875,12.4875,12.4875,12.4875,12.4875,90.0,90.0,90.0,0.0,0.0,0.0,11.2421875,11.2421875,11.2421875,409.907,409.907,409.907,90.0,0.0,11.2421875,409.907,5
11776705.06613602,4.006317138671875,34045189.1668191,5807.079165135414,324146.6111042225,504683.96412429574,12.4875,12.4875,12.4875,12.4875,12.4875,12.4875,12.4875,12.4875,12.4875,12.4875,12.4875,91.0,91.0,91.0,0.0,0.0,0.0,11.2421875,11.2421875,11.2421875,375.571,375.571,375.571,91.0,0.0,11.2421875,375.571,5
11776706.062865138,4.006317138671875,34124972.733487815,5821.039930366652,324645.87811578123,505461.303901786,12.475,12.475,12.475,12.475,12.475,12.475,12.475,12.475,12.475,12.475,12.475,100.0,100.0,100.0,0.0,0.0,0.0,11.2421875,11.2421875,11.2421875,429.016,429.016,429.016,100.0,0.0,11.2421875,429.016,5
11776707.065834604,4.006317138671875,33939821.8478922,5784.8221663942395,322625.97309384926,502316.38848789193,12.475,12.475,12.475,12.475,12.475,12.475,12.475,12.475,12.475,12.475,12.475,89.0,89.0,89.0,0.0,0.0,0.0,11.2421875,11.2421875,11.2421875,377.812,377.812,377.812,89.0,0.0,11.2421875,377.812,5
11776708.043119704,4.006317138671875,34859695.49200244,5941.9712826132,331105.01730895636,515517.9383417928,12.4875,12.4875,12.4875,12.4875,12.4875,12.4875,12.4875,12.4875,12.4875,12.4875,12.4875,98.0,98.0,98.0,0.0,0.0,0.0,11.2421875,11.2421875,11.2421875,426.75,426.75,426.75,98.0,0.0,11.2421875,426.75,5
11776709.064376196,4.006336212158203,33385454.371530328,5686.132766933765,316848.9039530731,493321.7112180758,12.475,12.475,12.475,12.475,12.475,12.475,12.475,12.475,12.475,12.475,12.475,89.0,89.0,89.0,0.0,0.0,0.0,11.2421875,11.2421875,11.2421875,384.213,384.213,384.213,89.0,0.0,11.2421875,384.213,5
11776710.04432077,4.006336212158203,34820712.227253415,5930.94768407623,330206.4307302345,514118.87316226383,12.4875,12.4875,12.4875,12.4875,12.4875,12.4875,12.4875,12.4875,12.4875,12.4875,12.4875,88.0,88.0,88.0,0.0,0.0,0.0,11.2421875,11.2421875,11.2421875,423.643,423.643,423.643,88.0,0.0,11.2421875,423.643,5
11776711.0705994,4.006343841552734,33275208.120975845,5663.179404380504,315298.3902937132,490907.620330718,12.4875,12.4875,12.4875,12.4875,12.4875,12.4875,12.4875,12.4875,12.4875,12.4875,12.4875,90.0,90.0,90.0,0.0,0.0,0.0,11.2421875,11.2421875,11.2421875,380.24,380.24,380.24,90.0,0.0,11.2421875,380.24,5
11776712.070869332,4.006343841552734,34167688.024662405,5815.430225378216,323496.67767728807,503672.0424595751,12.475,12.475,12.475,12.475,12.475,12.475,12.475,12.475,12.475,12.475,12.475,85.0,85.0,85.0,0.0,0.0,0.0,11.2421875,11.2421875,11.2421875,428.991,428.991,428.991,85.0,0.0,11.2421875,428.991,5
11776713.064995088,4.006343841552734,34406298.00670139,5856.401936845202,325496.04334114015,506784.9788729144,12.4875,12.4875,12.4875,12.4875,12.4875,12.4875,12.4875,12.4875,12.4875,12.4875,12.4875,92.0,92.0,92.0,0.0,0.0,0.0,11.2421875,11.2421875,11.2421875,377.804,377.804,377.804,92.0,0.0,11.2421875,377.804,5
11776714.072410058,4.006343841552734,33979501.000878066,5779.147789355396,321202.2944470588,500099.7748985852,12.475,12.475,12.475,12.475,12.475,12.475,12.475,12.475,12.475,12.475,12.475,87.0,87.0,87.0,0.0,0.0,0.0,11.2421875,11.2421875,11.2421875,436.909,436.909,436.909,87.0,0.0,11.2421875,436.909,5
11776715.073122732,4.006343841552734,34234354.06214872,5822.850205405632,323353.5542931141,503449.2047854815,12.4875,12.4875,12.4875,12.4875,12.4875,12.4875,12.4875,12.4875,12.4875,12.4875,12.4875,90.0,90.0,90.0,0.0,0.0,0.0,11.2421875,11.2421875,11.2421875,390.709,390.709,390.709,90.0,0.0,11.2421875,390.709,5
11776716.071575332,4.006343841552734,34339179.44312153,5836.03067332877,324085.4898572879,504588.8006638786,12.4875,12.4875,12.4875,12.4875,12.4875,12.4875,12.4875,12.4875,12.4875,12.4875,12.4875,91.0,91.0,91.0,0.0,0.0,0.0,11.2421875,11.2421875,11.2421875,398.362,398.362,398.362,91.0,0.0,11.2421875,398.362,5
11776717.06676125,4.00634765625,34479327.335184805,5862.221218081567,325149.2956173647,506245.10583463113,12.4875,12.4875,12.4875,12.4875,12.4875,12.4875,12.4875,12.4875,12.4875,12.4875,12.4875,100.0,100.0,100.0,0.0,0.0,0.0,11.2421875,11.2421875,11.2421875,418.088,418.088,418.088,100.0,0.0,11.2421875,418.088,5
11776718.068838814,4.006359100341797,34269435.035007626,5821.904617079688,322913.1271191488,502763.4764007,12.4875,12.4875,12.4875,12.4875,12.4875,12.4875,12.4875,12.4875,12.4875,12.4875,12.4875,88.0,88.0,88.0,0.0,0.0,0.0,11.2421875,11.2421875,11.2421875,373.149,373.149,373.149,88.0,0.0,11.2421875,373.149,5
11776719.057450216,4.006366729736328,34763839.3921191,5906.26406720194,327311.6204695106,509611.7635158203,12.4875,12.4875,12.4875,12.4875,12.4875,12.4875,12.4875,12.4875,12.4875,12.4875,12.4875,96.0,96.0,96.0,0.0,0.0,0.0,11.2421875,11.2421875,11.2421875,421.92,421.92,421.92,96.0,0.0,11.2421875,421.92,5
11776720.0584659,4.006366729736328,34360319.785463795,5833.075440726896,323255.67450114264,503296.809666336,12.4875,12.4875,12.4875,12.4875,12.4875,12.4875,12.4875,12.4875,12.4875,12.4875,12.4875,93.0,93.0,93.0,0.0,0.0,0.0,11.2421875,11.2421875,11.2421875,399.962,399.962,399.962,93.0,0.0,11.2421875,399.962,5
11776721.045736628,4.006366729736328,34866338.11003631,5919.349005005945,327756.09658381995,510303.7959469602,12.475,12.475,12.475,12.475,12.475,12.475,12.475,12.475,12.475,12.475,12.475,91.0,91.0,91.0,0.0,0.0,0.0,11.2421875,11.2421875,11.2421875,443.819,443.819,443.819,91.0,0.0,11.2421875,443.819,5
11776722.053337488,4.006366729736328,34189933.08231754,5799.915649251078,321143.03652417194,500007.51256295125,12.475,12.475,12.475,12.475,12.475,12.475,12.475,12.475,12.475,12.475,12.475,93.0,93.0,93.0,0.0,0.0,0.0,11.2421875,11.2421875,11.2421875,387.843,387.843,387.843,93.0,0.0,11.2421875,387.843,5
11776723.060300387,4.006370544433594,34238701.3763624,5808.555613239873,321346.4967609183,500324.29242522724,12.4875,12.4875,12.4875,12.4875,12.4875,12.4875,12.4875,12.4875,12.4875,12.4875,12.4875,94.0,94.0,94.0,0.0,0.0,0.0,11.2421875,11.2421875,11.2421875,442.129,442.129,442.129,94.0,0.0,11.2421875,442.129,5
11776724.058440808,4.006370544433594,34568676.1924398,5859.896942675688,324186.8511367361,504746.616326817,12.4875,12.4875,12.4875,12.4875,12.4875,12.4875,12.4875,12.4875,12.4875,12.4875,12.4875,94.0,94.0,94.0,0.0,0.0,0.0,11.2421875,11.2421875,11.2421875,390.573,390.573,390.573,94.0,0.0,11.2421875,390.573,5
11776725.059985591,4.006381988525391,34478430.310717486,5847.966161920833,323084.90396772936,503030.92643076845,11.225,11.225,11.225,11.225,11.225,11.225,11.225,11.225,11.225,11.225,11.225,95.0,95.0,95.0,0.0,0.0,0.0,11.2421875,11.2421875,11.2421875,441.025,441.025,441.025,95.0,0.0,11.2421875,441.025,5
11776726.068665454,4.006381988525391,34261596.03798545,5813.539275165765,320799.5042317938,499472.64582924853,12.4875,12.4875,12.4875,12.4875,12.4875,12.4875,12.4875,12.4875,12.4875,12.4875,12.4875,100.0,100.0,100.0,0.0,0.0,0.0,11.2421875,11.2421875,11.2421875,404.506,404.506,404.506,100.0,0.0,11.2421875,404.506,5
11776727.067213736,4.006389617919922,34636515.442174666,5872.525248786482,324054.43555650156,504540.4502968315,12.4875,12.4875,12.4875,12.4875,12.4875,12.4875,12.4875,12.4875,12.4875,12.4875,12.4875,84.0,84.0,84.0,0.0,0.0,0.0,11.2421875,11.2421875,11.2421875,398.915,398.915,398.915,84.0,0.0,11.2421875,398.915,5
11776728.067844018,4.006389617919922,34591704.47596871,5865.303205753187,323380.17933727027,503490.658968155,12.4875,12.4875,12.4875,12.4875,12.4875,12.4875,12.4875,12.4875,12.4875,12.4875,12.4875,100.0,100.0,100.0,0.0,0.0,0.0,11.2421875,11.2421875,11.2421875,427.037,427.037,427.037,100.0,0.0,11.2421875,427.037,5
11776729.073178926,4.006389617919922,34456955.30855224,5837.855576747784,321866.8698153612,501134.4935099928,12.4875,12.4875,12.4875,12.4875,12.4875,12.4875,12.4875,12.4875,12.4875,12.4875,12.4875,89.0,89.0,89.0,0.0,0.0,0.0,11.2421875,11.2421875,11.2421875,372.337,372.337,372.337,89.0,0.0,11.2421875,372.337,5
11776730.071266515,4.006389617919922,34734482.61713754,5885.255028233077,324204.01141569146,504773.3342294943,12.4875,12.4875,12.4875,12.4875,12.4875,12.4875,12.4875,12.4875,12.4875,12.4875,12.4875,97.0,97.0,97.0,0.0,0.0,0.0,11.2421875,11.2421875,11.2421875,426.246,426.246,426.246,97.0,0.0,11.2421875,426.246,5
11776731.067225205,4.0063934326171875,34836110.535795875,5897.834981848275,324897.00966400956,505852.30618573644,12.475,12.475,12.475,12.475,12.475,12.475,12.475,12.475,12.475,12.475,12.475,90.0,90.0,90.0,0.0,0.0,0.0,11.2421875,11.2421875,11.2421875,378.086,378.086,378.086,90.0,0.0,11.2421875,378.086,5
11776732.066948736,4.006401062011719,34732205.36746498,5880.625808938536,323673.4855859103,503947.32565907564,12.4875,12.4875,12.4875,12.4875,12.4875,12.4875,12.4875,12.4875,12.4875,12.4875,12.4875,100.0,100.0,100.0,0.0,0.0,0.0,11.2421875,11.2421875,11.2421875,428.534,428.534,428.534,100.0,0.0,11.2421875,428.534,5
11776733.06860406,4.006420135498047,34692446.77997001,5869.284435950579,323049.24900878244,502975.41301367397,12.475,12.475,12.475,12.475,12.475,12.475,12.475,12.475,12.475,12.475,12.475,88.0,88.0,88.0,0.0,0.0,0.0,11.2421875,11.2421875,11.2421875,389.495,389.495,389.495,88.0,0.0,11.2421875,389.495,5
11776734.046404893,4.006420135498047,35566701.135975026,6017.585382473178,330930.37872233184,515246.0326942635,12.475,12.475,12.475,12.475,12.475,12.475,12.475,12.475,12.475,12.475,12.475,88.0,88.0,88.0,0.0,0.0,0.0,11.2421875,11.2421875,11.2421875,430.262,430.262,430.262,88.0,0.0,11.2421875,430.262,5
11776735.071057707,4.006420135498047,33967037.91540888,5742.432867774639,315798.6738759328,491686.54287012323,12.4875,12.4875,12.4875,12.4875,12.4875,12.4875,12.4875,12.4875,12.4875,12.4875,12.4875,89.0,89.0,89.0,0.0,0.0,0.0,11.2421875,11.2421875,11.2421875,375.021,375.021,375.021,89.0,0.0,11.2421875,375.021,5
11776736.076132206,4.006420135498047,34655835.9888672,5859.267153662911,321950.2636527185,501264.33454790356,12.475,12.475,12.475,12.475,12.475,12.475,12.475,12.475,12.475,12.475,12.475,86.0,86.0,86.0,0.0,0.0,0.0,11.2421875,11.2421875,11.2421875,433.659,433.659,433.659,86.0,0.0,11.2421875,433.659,5
11776737.074674437,4.006420135498047,34909854.5185037,5897.597337071415,324056.39951076865,504543.50809904485,12.475,12.475,12.475,12.475,12.475,12.475,12.475,12.475,12.475,12.475,12.475,91.0,91.0,91.0,0.0,0.0,0.0,11.2421875,11.2421875,11.2421875,378.649,378.649,378.649,91.0,0.0,11.2421875,378.649,5
11776738.068978654,4.006420135498047,35086062.584837556,5927.763250791646,325437.62194505666,506694.0189777465,12.475,12.475,12.475,12.475,12.475,12.475,12.475,12.475,12.475,12.475,12.475,89.0,89.0,89.0,0.0,0.0,0.0,11.2421875,11.2421875,11.2421875,439.973,439.973,439.973,89.0,0.0,11.2421875,439.973,5
11776739.07297748,4.006420135498047,34774421.163933136,5877.496916473616,322295.19780040643,501801.3839170885,12.4875,12.4875,12.4875,12.4875,12.4875,12.4875,12.4875,12.4875,12.4875,12.4875,12.4875,90.0,90.0,90.0,0.0,0.0,0.0,11.2421875,11.2421875,11.2421875,388.298,388.298,388.298,90.0,0.0,11.2421875,388.298,5
11776740.06939324,4.006420135498047,35066437.51509082,5922.226679573972,324747.9745607972,505620.26418959565,12.475,12.475,12.475,12.475,12.475,12.475,12.475,12.475,12.475,12.475,12.475,87.0,87.0,87.0,0.0,0.0,0.0,11.2421875,11.2421875,11.2421875,429.936,429.936,429.936,87.0,0.0,11.2421875,429.936,5
11776741.0674899,4.006420135498047,35034709.9726027,5917.262563832714,324201.06492638757,504768.7466575401,12.4875,12.4875,12.4875,12.4875,12.4875,12.4875,12.4875,12.4875,12.4875,12.4875,12.4875,100.0,100.0,100.0,0.0,0.0,0.0,11.2421875,11.2421875,11.2421875,414.645,414.645,414.645,100.0,0.0,11.2421875,414.645,5
11776742.070231924,4.006420135498047,34899602.44766202,5889.8498894306285,322699.15113808337,502430.32392385136,12.475,12.475,12.475,12.475,12.475,12.475,12.475,12.475,12.475,12.475,12.475,86.0,86.0,86.0,0.0,0.0,0.0,11.2421875,11.2421875,11.2421875,387.395,387.395,387.395,86.0,0.0,11.2421875,387.395,5
11776743.073270611,4.006427764892578,34916473.743101664,5893.092732004048,322603.70810231735,502281.7227415827,12.4875,12.4875,12.4875,12.4875,12.4875,12.4875,12.4875,12.4875,12.4875,12.4875,12.4875,94.0,94.0,94.0,0.0,0.0,0.0,11.2421875,11.2421875,11.2421875,416.095,416.095,416.095,94.0,0.0,11.2421875,416.095,5
11776744.07860174,4.006427764892578,34863980.62754995,5879.654802737294,321868.07979850186,501136.37740779406,12.475,12.475,12.475,12.475,12.475,12.475,12.475,12.475,12.475,12.475,12.475,92.0,92.0,92.0,0.0,0.0,0.0,11.2421875,11.2421875,11.2421875,379.626,379.626,379.626,92.0,0.0,11.2421875,379.626,5
11776745.07799658,4.006431579589844,35098361.13722866,5919.582296615642,323779.93878770724,504113.0692517467,12.4875,12.4875,12.4875,12.4875,12.4875,12.4875,12.4875,12.4875,12.4875,12.4875,12.4875,100.0,100.0,100.0,0.0,0.0,0.0,11.2421875,11.2421875,11.2421875,424.058,424.058,424.058,100.0,0.0,11.2421875,424.058,5
11776746.074328648,4.006443023681641,35233626.5464173,5937.779370985966,324775.2535465049,505662.73653443163,12.475,12.475,12.475,12.475,12.475,12.475,12.475,12.475,12.475,12.475,12.475,89.0,89.0,89.0,0.0,0.0,0.0,11.2421875,11.2421875,11.2421875,381.351,381.351,381.351,89.0,0.0,11.2421875,381.351,5
11776747.048403144,4.006450653076172,36066715.78595161,6078.590523188921,332196.3580232332,517217.11439060356,12.475,12.475,12.475,12.475,12.475,12.475,12.475,12.475,12.475,12.475,12.475,88.0,88.0,88.0,0.0,0.0,0.0,11.2421875,11.2421875,11.2421875,431.649,431.649,431.649,88.0,0.0,11.2421875,431.649,5
11776748.068375168,4.006450653076172,34470493.46057912,5805.06117605224,317247.9168369681,493942.95912591234,12.475,12.475,12.475,12.475,12.475,12.475,12.475,12.475,12.475,12.475,12.475,92.0,92.0,92.0,0.0,0.0,0.0,11.2421875,11.2421875,11.2421875,383.969,383.969,383.969,92.0,0.0,11.2421875,383.969,5
11776749.071319824,4.006450653076172,35082907.91466048,5908.6012036895145,322633.95408279914,502328.81458461133,12.475,12.475,12.475,12.475,12.475,12.475,12.475,12.475,12.475,12.475,12.475,84.0,84.0,84.0,0.0,0.0,0.0,11.2421875,11.2421875,11.2421875,426.683,426.683,426.683,84.0,0.0,11.2421875,426.683,5
11776750.078498252,4.006450653076172,34962510.150369875,5883.763827048872,321277.73105160013,500217.2268271749,12.475,12.475,12.475,12.475,12.475,12.475,12.475,12.475,12.475,12.475,12.475,87.0,87.0,87.0,0.0,0.0,0.0,11.2421875,11.2421875,11.2421875,374.918,374.918,374.918,87.0,0.0,11.2421875,374.918,5
11776751.0730663,4.006450653076172,35433233.62264712,5963.392863523214,325351.2925898324,506559.60744999215,12.475,12.475,12.475,12.475,12.475,12.475,12.475,12.475,12.475,12.475,12.475,87.0,87.0,87.0,0.0,0.0,0.0,11.2421875,11.2421875,11.2421875,430.112,430.112,430.112,87.0,0.0,11.2421875,430.112,5
11776752.067894557,4.006450653076172,35451383.41887557,5966.859057326788,325266.1929255444,506427.1105043286,12.4875,12.4875,12.4875,12.4875,12.4875,12.4875,12.4875,12.4875,12.4875,12.4875,12.4875,92.0,92.0,92.0,0.0,0.0,0.0,11.2421875,11.2421875,11.2421875,375.979,375.979,375.979,92.0,0.0,11.2421875,375.979,5
11776753.073254084,4.006458282470703,35107151.284500435,5904.355449184326,321858.9881517623,501122.2220590729,12.475,12.475,12.475,12.475,12.475,12.475,12.475,12.475,12.475,12.475,12.475,85.0,85.0,85.0,0.0,0.0,0.0,11.2421875,11.2421875,11.2421875,432.627,432.627,432.627,85.0,0.0,11.2421875,432.627,5
11776754.07528212,4.006458282470703,35251094.546472624,5928.97582950381,322929.0885060025,502788.3276739026,12.4875,12.4875,12.4875,12.4875,12.4875,12.4875,12.4875,12.4875,12.4875,12.4875,12.4875,100.0,100.0,100.0,0.0,0.0,0.0,11.2421875,11.2421875,11.2421875,405.682,405.682,405.682,100.0,0.0,11.2421875,405.682,5
11776755.076752994,4.0064697265625,35297937.14687582,5932.274365971653,323108.7474227523,503068.04978479154,12.4875,12.4875,12.4875,12.4875,12.4875,12.4875,12.4875,12.4875,12.4875,12.4875,12.4875,87.0,87.0,87.0,0.0,0.0,0.0,11.2421875,11.2421875,11.2421875,376.901,376.901,376.901,87.0,0.0,11.2421875,376.901,5
11776756.072501002,4.006481170654297,35528197.6237935,5971.390305779342,324965.75188451103,505959.33521259314,12.4875,12.4875,12.4875,12.4875,12.4875,12.4875,12.4875,12.4875,12.4875,12.4875,12.4875,91.0,91.0,91.0,0.0,0.0,0.0,11.2421875,11.2421875,11.2421875,409.558,409.558,409.558,91.0,0.0,11.2421875,409.558,5
11776757.072725955,4.006481170654297,35396440.44622109,5944.662727210246,323511.22501204174,503694.69210735615,12.4875,12.4875,12.4875,12.4875,12.4875,12.4875,12.4875,12.4875,12.4875,12.4875,12.4875,94.0,94.0,94.0,0.0,0.0,0.0,11.2421875,11.2421875,11.2421875,393.851,393.851,393.851,94.0,0.0,11.2421875,393.851,5
11776758.073062338,4.006481170654297,35419766.40907711,5950.998188125368,323475.18859505444,503638.5847745784,12.4875,12.4875,12.4875,12.4875,12.4875,12.4875,12.4875,12.4875,12.4875,12.4875,12.4875,100.0,100.0,100.0,0.0,0.0,0.0,11.2421875,11.2421875,11.2421875,440.826,440.826,440.826,100.0,0.0,11.2421875,440.826,5
11776759.060065277,4.006481170654297,35925868.707579665,6031.390348357917,327845.02175089,510442.24905518314,12.4875,12.4875,12.4875,12.4875,12.4875,12.4875,12.4875,12.4875,12.4875,12.4875,12.4875,91.0,91.0,91.0,0.0,0.0,0.0,11.2421875,11.2421875,11.2421875,386.055,386.055,386.055,91.0,0.0,11.2421875,386.055,5
11776760.05161758,4.006481170654297,35788526.64297587,6008.760187731878,326340.82856445655,508100.2773851665,12.475,12.475,12.475,12.475,12.475,12.475,12.475,12.475,12.475,12.475,12.475,93.0,93.0,93.0,0.0,0.0,0.0,11.244140625,11.244140625,11.244140625,440.994,440.994,440.994,93.0,0.0,11.244140625,440.994,5
11776761.061953824,4.006481170654297,35150126.69699827,5897.046683773492,320273.5740386307,498653.7924905263,12.4875,12.4875,12.4875,12.4875,12.4875,12.4875,12.4875,12.4875,12.4875,12.4875,12.4875,93.0,93.0,93.0,0.0,0.0,0.0,11.244140625,11.244140625,11.244140625,392.848,392.848,392.848,93.0,0.0,11.244140625,392.848,5
11776762.069761824,4.006481170654297,35265354.12034217,5919.778371368351,321077.03059350594,499904.74383545865,12.475,12.475,12.475,12.475,12.475,12.475,12.475,12.475,12.475,12.475,12.475,88.0,88.0,88.0,0.0,0.0,0.0,11.244140625,11.244140625,11.244140625,431.692,431.692,431.692,88.0,0.0,11.244140625,431.692,5
11776763.074212952,4.006481170654297,35410346.02712263,5944.540092793319,322150.06889740966,501575.4237263467,12.4875,12.4875,12.4875,12.4875,12.4875,12.4875,12.4875,12.4875,12.4875,12.4875,12.4875,92.0,92.0,92.0,0.0,0.0,0.0,11.244140625,11.244140625,11.244140625,379.597,379.597,379.597,92.0,0.0,11.244140625,379.597,5
11776764.075025044,4.006481170654297,35566329.839758106,5966.154928562884,323321.4329934839,503399.19314175344,12.475,12.475,12.475,12.475,12.475,12.475,12.475,12.475,12.475,12.475,12.475,89.0,89.0,89.0,0.0,0.0,0.0,11.244140625,11.244140625,11.244140625,433.136,433.136,433.136,89.0,0.0,11.244140625,433.136,5
11776765.075094769,4.006481170654297,35619985.41803579,5975.583356060521,323561.43987407757,503772.87474065245,12.4875,12.4875,12.4875,12.4875,12.4875,12.4875,12.4875,12.4875,12.4875,12.4875,12.4875,100.0,100.0,100.0,0.0,0.0,0.0,11.244140625,11.244140625,11.244140625,407.593,407.593,407.593,100.0,0.0,11.244140625,407.593,5
11776766.0752541,4.006481170654297,35644040.81123629,5975.047991623723,323532.45135903126,503727.740723555,12.475,12.475,12.475,12.475,12.475,12.475,12.475,12.475,12.475,12.475,12.475,90.0,90.0,90.0,0.0,0.0,0.0,11.244140625,11.244140625,11.244140625,400.296,400.296,400.296,90.0,0.0,11.244140625,400.296,5
11776767.075329412,4.006481170654297,35674289.28610572,5980.549590867744,323559.6319697957,503770.0599023401,12.4875,12.4875,12.4875,12.4875,12.4875,12.4875,12.4875,12.4875,12.4875,12.4875,12.4875,92.0,92.0,92.0,0.0,0.0,0.0,11.244140625,11.244140625,11.244140625,410.471,410.471,410.471,92.0,0.0,11.244140625,410.471,5
11776768.077416915,4.006481170654297,35629849.558227,5968.540649479842,322909.924347314,502758.4898065775,12.4875,12.4875,12.4875,12.4875,12.4875,12.4875,12.4875,12.4875,12.4875,12.4875,12.4875,88.0,88.0,88.0,0.0,0.0,0.0,11.244140625,11.244140625,11.244140625,372.168,372.168,372.168,88.0,0.0,11.244140625,372.168,5
11776769.074789396,4.006481170654297,35825615.51736724,6001.769769448424,324436.4632604742,505135.25292453583,12.475,12.475,12.475,12.475,12.475,12.475,12.475,12.475,12.475,12.475,12.475,100.0,100.0,100.0,0.0,0.0,0.0,11.244140625,11.244140625,11.244140625,429.344,429.344,429.344,100.0,0.0,11.244140625,429.344,5
11776770.078338273,4.006481170654297,35632279.4119583,5964.831544650949,322439.70105986175,502026.3700045949,12.475,12.475,12.475,12.475,12.475,12.475,12.475,12.475,12.475,12.475,12.475,86.0,86.0,86.0,0.0,0.0,0.0,11.244140625,11.244140625,11.244140625,375.062,375.062,375.062,86.0,0.0,11.244140625,375.062,5
11776771.049322106,4.006481170654297,36855392.212541305,6170.030638954936,333253.74633209716,518863.4278335183,12.4875,12.4875,12.4875,12.4875,12.4875,12.4875,12.4875,12.4875,12.4875,12.4875,12.4875,98.0,98.0,98.0,0.0,0.0,0.0,11.244140625,11.244140625,11.244140625,428.559,428.559,428.559,98.0,0.0,11.244140625,428.559,5
11776772.077723188,4.0064849853515625,34824196.1366498,5825.548127706983,314647.6657245763,489894.4668876314,12.475,12.475,12.475,12.475,12.475,12.475,12.475,12.475,12.475,12.475,12.475,89.0,89.0,89.0,0.0,0.0,0.0,11.244140625,11.244140625,11.244140625,387.059,387.059,387.059,89.0,0.0,11.244140625,387.059,5
11776773.049466193,4.006496429443359,36882693.09667588,6172.41387163337,332993.39283738117,518458.0673290872,12.4875,12.4875,12.4875,12.4875,12.4875,12.4875,12.4875,12.4875,12.4875,12.4875,12.4875,91.0,91.0,91.0,0.0,0.0,0.0,11.244140625,11.244140625,11.244140625,431.762,431.762,431.762,91.0,0.0,11.244140625,431.762,5
11776774.06611039,4.006496429443359,35280533.85883611,5899.802526930152,318286.37893867394,495559.8051829987,12.4875,12.4875,12.4875,12.4875,12.4875,12.4875,12.4875,12.4875,12.4875,12.4875,12.4875,93.0,93.0,93.0,0.0,0.0,0.0,11.244140625,11.244140625,11.244140625,387.607,387.607,387.607,93.0,0.0,11.244140625,387.607,5
11776775.079359567,4.006504058837891,35425645.33737944,5924.505179363636,319352.8375744133,497220.2407804156,12.4875,12.4875,12.4875,12.4875,12.4875,12.4875,12.4875,12.4875,12.4875,12.4875,12.4875,88.0,88.0,88.0,0.0,0.0,0.0,11.244140625,11.244140625,11.244140625,430.003,430.003,430.003,88.0,0.0,11.244140625,430.003,5
11776776.075768476,4.006504058837891,36051712.96178975,6029.653029354756,324750.20736530115,505623.7405814183,12.475,12.475,12.475,12.475,12.475,12.475,12.475,12.475,12.475,12.475,12.475,90.0,90.0,90.0,0.0,0.0,0.0,11.244140625,11.244140625,11.244140625,376.3,376.3,376.3,90.0,0.0,11.244140625,376.3,5
11776777.075613327,4.006504058837891,35955077.39529894,6008.9322800007885,323634.2115332515,503886.17745050555,12.475,12.475,12.475,12.475,12.475,12.475,12.475,12.475,12.475,12.475,12.475,90.0,90.0,90.0,0.0,0.0,0.0,11.244140625,11.244140625,11.244140625,438.036,438.036,438.036,90.0,0.0,11.244140625,438.036,5
11776778.07598932,4.006507873535156,35963233.05634001,6011.739624677901,323462.3802314224,503618.6426387968,12.4875,12.4875,12.4875,12.4875,12.4875,12.4875,12.4875,12.4875,12.4875,12.4875,12.4875,95.0,95.0,95.0,0.0,0.0,0.0,11.244140625,11.244140625,11.244140625,403.014,403.014,403.014,95.0,0.0,11.244140625,403.014,5
11776779.075667592,4.006519317626953,36015593.264720045,6015.9355015668625,323688.1398967429,503970.1418645491,12.475,12.475,12.475,12.475,12.475,12.475,12.475,12.475,12.475,12.475,12.475,90.0,90.0,90.0,0.0,0.0,0.0,11.244140625,11.244140625,11.244140625,406.834,406.834,406.834,90.0,0.0,11.244140625,406.834,5
11776780.064446172,4.006519317626953,36440177.53774954,6087.308242580381,327256.28017397074,509525.60077719495,12.4875,12.4875,12.4875,12.4875,12.4875,12.4875,12.4875,12.4875,12.4875,12.4875,12.4875,92.0,92.0,92.0,0.0,0.0,0.0,11.244140625,11.244140625,11.244140625,414.531,414.531,414.531,92.0,0.0,11.244140625,414.531,5
11776781.061838984,4.006519317626953,36152775.05439871,6034.733680747107,324429.84936881077,505124.9553463762,12.4875,12.4875,12.4875,12.4875,12.4875,12.4875,12.4875,12.4875,12.4875,12.4875,12.4875,94.0,94.0,94.0,0.0,0.0,0.0,11.244140625,11.244140625,11.244140625,408.703,408.703,408.703,94.0,0.0,11.244140625,408.703,5
11776782.051365675,4.006519317626953,36467711.615362056,6087.75898144629,327008.86491572316,509140.3846156196,12.4875,12.4875,12.4875,12.4875,12.4875,12.4875,12.4875,12.4875,12.4875,12.4875,12.4875,98.0,98.0,98.0,0.0,0.0,0.0,11.244140625,11.244140625,11.244140625,444.378,444.378,444.378,98.0,0.0,11.244140625,444.378,5
11776783.06342877,4.006526947021484,35682582.60385485,5952.198067196576,319727.1014899962,497802.9554844244,12.4875,12.4875,12.4875,12.4875,12.4875,12.4875,12.4875,12.4875,12.4875,12.4875,12.4875,92.0,92.0,92.0,0.0,0.0,0.0,11.244140625,11.244140625,11.244140625,390.715,390.715,390.715,92.0,0.0,11.244140625,390.715,5
11776784.066810116,4.006526947021484,36018490.04361695,6008.682568709596,322493.5379521191,502110.1920014006,12.4875,12.4875,12.4875,12.4875,12.4875,12.4875,12.4875,12.4875,12.4875,12.4875,12.4875,92.0,92.0,92.0,0.0,0.0,0.0,11.244140625,11.244140625,11.244140625,438.205,438.205,438.205,92.0,0.0,11.244140625,438.205,5
11776785.064814046,4.006526947021484,36239869.32126744,6041.05837627852,324231.1881953406,504815.6474433784,12.4875,12.4875,12.4875,12.4875,12.4875,12.4875,12.4875,12.4875,12.4875,12.4875,12.4875,94.0,94.0,94.0,0.0,0.0,0.0,11.244140625,11.244140625,11.244140625,390.447,390.447,390.447,94.0,0.0,11.244140625,390.447,5
11776786.060765645,4.006526947021484,36341918.67771903,6062.543610585398,324899.3229028926,505855.9078108327,12.475,12.475,12.475,12.475,12.475,12.475,12.475,12.475,12.475,12.475,12.475,93.0,93.0,93.0,0.0,0.0,0.0,11.244140625,11.244140625,11.244140625,442.573,442.573,442.573,93.0,0.0,11.244140625,442.573,5
11776787.077277284,4.006526947021484,35633679.52674058,5946.808442347874,318327.8846995359,495624.4280764926,12.4875,12.4875,12.4875,12.4875,12.4875,12.4875,12.4875,12.4875,12.4875,12.4875,12.4875,94.0,94.0,94.0,0.0,0.0,0.0,11.244140625,11.244140625,11.244140625,402.043,402.043,402.043,94.0,0.0,11.244140625,402.043,5
11776788.078163167,4.006526947021484,36217216.77081702,6039.649575024602,323297.5960437983,503362.07991629356,12.475,12.475,12.475,12.475,12.475,12.475,12.475,12.475,12.475,12.475,12.475,90.0,90.0,90.0,0.0,0.0,0.0,11.244140625,11.244140625,11.244140625,404.124,404.124,404.124,90.0,0.0,11.244140625,404.124,5
11776789.061498333,4.006526947021484,36891345.168843925,6152.5309105686565,329067.8615149501,512346.16413087165,12.4875,12.4875,12.4875,12.4875,12.4875,12.4875,12.4875,12.4875,12.4875,12.4875,12.4875,93.0,93.0,93.0,0.0,0.0,0.0,11.244140625,11.244140625,11.244140625,423.525,423.525,423.525,93.0,0.0,11.244140625,423.525,5
11776790.073745776,4.006526947021484,35864558.852590054,5976.7994877608935,319668.87362770597,497712.2969140232,12.4875,12.4875,12.4875,12.4875,12.4875,12.4875,12.4875,12.4875,12.4875,12.4875,12.4875,88.0,88.0,88.0,0.0,0.0,0.0,11.244140625,11.244140625,11.244140625,372.057,372.057,372.057,88.0,0.0,11.244140625,372.057,5
11776791.078651516,4.006526947021484,36153703.33864524,6025.4407554784775,322004.33054017305,501348.51463849726,12.4875,12.4875,12.4875,12.4875,12.4875,12.4875,12.4875,12.4875,12.4875,12.4875,12.4875,100.0,100.0,100.0,0.0,0.0,0.0,11.244140625,11.244140625,11.244140625,424.233,424.233,424.233,100.0,0.0,11.244140625,424.233,5
11776792.078767896,4.00653076171875,36354084.11417854,6054.295401515473,323546.34569842817,503749.37368236284,12.4875,12.4875,12.4875,12.4875,12.4875,12.4875,12.4875,12.4875,12.4875,12.4875,12.4875,91.0,91.0,91.0,0.0,0.0,0.0,11.244140625,11.244140625,11.244140625,375.312,375.312,375.312,91.0,0.0,11.244140625,375.312,5
11776793.052076492,4.006549835205078,37383386.0310295,6226.185631332782,332457.7642457404,517624.11395222874,12.4875,12.4875,12.4875,12.4875,12.4875,12.4875,12.4875,12.4875,12.4875,12.4875,12.4875,91.0,91.0,91.0,0.0,0.0,0.0,11.244140625,11.244140625,11.244140625,428.431,428.431,428.431,91.0,0.0,11.244140625,428.431,5
11776794.078302901,4.006549835205078,35482259.751336746,5905.129655751595,315314.4347403835,490932.60092490097,12.4875,12.4875,12.4875,12.4875,12.4875,12.4875,12.4875,12.4875,12.4875,12.4875,12.4875,92.0,92.0,92.0,0.0,0.0,0.0,11.244140625,11.244140625,11.244140625,377.057,377.057,377.057,92.0,0.0,11.244140625,377.057,5
11776795.052090488,4.006549835205078,37420982.23614922,6228.257661239595,332294.23364460893,517369.50301628985,12.475,12.475,12.475,12.475,12.475,12.475,12.475,12.475,12.475,12.475,12.475,91.0,91.0,91.0,0.0,0.0,0.0,11.244140625,11.244140625,11.244140625,427.476,427.476,427.476,91.0,0.0,11.244140625,427.476,5
11776796.075045334,4.006549835205078,35649021.21505205,5928.902947080693,316322.8575809001,492502.67699304695,12.4875,12.4875,12.4875,12.4875,12.4875,12.4875,12.4875,12.4875,12.4875,12.4875,12.4875,89.0,89.0,89.0,0.0,0.0,0.0,11.244140625,11.244140625,11.244140625,375.927,375.927,375.927,89.0,0.0,11.244140625,375.927,5
11776797.07987066,4.006549835205078,36319344.33499935,6042.841322569367,322030.099888387,501388.6365350836,12.475,12.475,12.475,12.475,12.475,12.475,12.475,12.475,12.475,12.475,12.475,86.0,86.0,86.0,0.0,0.0,0.0,11.244140625,11.244140625,11.244140625,432.309,432.309,432.309,86.0,0.0,11.244140625,432.309,5
11776798.072435876,4.006549835205078,36795420.98896994,6124.534588726347,326007.79739404935,507581.76049959584,12.475,12.475,12.475,12.475,12.475,12.475,12.475,12.475,12.475,12.475,12.475,88.0,88.0,88.0,0.0,0.0,0.0,11.244140625,11.244140625,11.244140625,376.125,376.125,376.125,88.0,0.0,11.244140625,376.125,5
11776799.081732249,4.006549835205078,36212461.46786346,6023.007875025506,320603.54996418057,499167.552475876,11.225,11.225,11.225,11.225,11.225,11.225,11.225,11.225,11.225,11.225,11.225,89.0,89.0,89.0,0.0,0.0,0.0,11.244140625,11.244140625,11.244140625,437.418,437.418,437.418,89.0,0.0,11.244140625,437.418,5
11776800.265508186,4.005588531494141,30898044.85043642,5139.486121393242,273349.0264800971,425594.0538867335,12.475,12.475,12.475,12.475,12.475,12.475,12.475,12.475,12.475,12.475,12.475,86.0,86.0,86.0,0.0,0.0,0.0,11.244140625,11.244140625,11.244140625,317.151,317.151,317.151,86.0,0.0,11.244140625,317.151,5
11776801.262979645,4.005588531494141,36696401.347656734,6099.422638938499,324404.2694277244,505085.128349495,12.4875,12.4875,12.4875,12.4875,12.4875,12.4875,12.4875,12.4875,12.4875,12.4875,12.4875,84.0,84.0,84.0,0.0,0.0,0.0,11.244140625,11.244140625,11.244140625,421.448,421.448,421.448,84.0,0.0,11.244140625,421.448,5
11776802.260636916,4.005588531494141,36716886.711541116,6103.2983734722175,324343.84970958024,504991.05714276416,12.4875,12.4875,12.4875,12.4875,12.4875,12.4875,12.4875,12.4875,12.4875,12.4875,12.4875,100.0,100.0,100.0,0.0,0.0,0.0,11.244140625,11.244140625,11.244140625,410.463,410.463,410.463,100.0,0.0,11.244140625,410.463,5
11776803.264668012,4.005588531494141,36510940.90480351,6064.5532059295065,322284.8389862857,501785.25563687517,12.475,12.475,12.475,12.475,12.475,12.475,12.475,12.475,12.475,12.475,12.475,92.0,92.0,92.0,0.0,0.0,0.0,11.244140625,11.244140625,11.244140625,396.018,396.018,396.018,92.0,0.0,11.244140625,396.018,5
11776804.256097408,4.005588531494141,37002509.85998989,6146.680766929535,326381.2847532207,508163.2661347613,12.4875,12.4875,12.4875,12.4875,12.4875,12.4875,12.4875,12.4875,12.4875,12.4875,12.4875,97.0,97.0,97.0,0.0,0.0,0.0,11.244140625,11.244140625,11.244140625,438.51,438.51,438.51,97.0,0.0,11.244140625,438.51,5
11776805.25647556,4.005588531494141,36698749.28151339,6091.696410653006,323461.68220294424,503617.5558349638,12.475,12.475,12.475,12.475,12.475,12.475,12.475,12.475,12.475,12.475,12.475,95.0,95.0,95.0,0.0,0.0,0.0,11.244140625,11.244140625,11.244140625,392.602,392.602,392.602,95.0,0.0,11.244140625,392.602,5
11776806.241220895,4.005588531494141,37309019.60170089,6193.479455304027,328596.631589621,511612.4770319416,12.4875,12.4875,12.4875,12.4875,12.4875,12.4875,12.4875,12.4875,12.4875,12.4875,12.4875,92.0,92.0,92.0,0.0,0.0,0.0,11.244140625,11.244140625,11.244140625,441.858,441.858,441.858,92.0,0.0,11.244140625,441.858,5
11776807.254404591,4.005588531494141,36288714.61124081,6019.638909411805,319373.4771049532,497252.3757456866,12.475,12.475,12.475,12.475,12.475,12.475,12.475,12.475,12.475,12.475,12.475,94.0,94.0,94.0,0.0,0.0,0.0,11.244140625,11.244140625,11.244140625,389.719,389.719,389.719,94.0,0.0,11.244140625,389.719,5
11776808.256568989,4.005588531494141,36714927.30721009,6093.81057231008,322885.14822832565,502719.91433017794,11.2375,11.2375,11.2375,11.2375,11.2375,11.2375,11.2375,11.2375,11.2375,11.2375,11.2375,94.0,94.0,94.0,0.0,0.0,0.0,11.244140625,11.244140625,11.244140625,439.779,439.779,439.779,94.0,0.0,11.244140625,439.779,5
11776809.259016352,4.005603790283203,36731755.062133044,6099.073353606046,322794.0058968366,502578.00918115064,12.4875,12.4875,12.4875,12.4875,12.4875,12.4875,12.4875,12.4875,12.4875,12.4875,12.4875,89.0,89.0,89.0,0.0,0.0,0.0,11.244140625,11.244140625,11.244140625,375.08,375.08,375.08,89.0,0.0,11.244140625,375.08,5
11776810.26425481,4.005603790283203,36656876.47333379,6082.138967341898,321897.7519804319,501182.5758682674,12.475,12.475,12.475,12.475,12.475,12.475,12.475,12.475,12.475,12.475,12.475,88.0,88.0,88.0,0.0,0.0,0.0,11.244140625,11.244140625,11.244140625,435.147,435.147,435.147,88.0,0.0,11.244140625,435.147,5
11776811.260580428,4.005603790283203,37012154.80813628,6141.566463376848,324777.35618325445,505666.0102600038,12.4875,12.4875,12.4875,12.4875,12.4875,12.4875,12.4875,12.4875,12.4875,12.4875,12.4875,92.0,92.0,92.0,0.0,0.0,0.0,11.244140625,11.244140625,11.244140625,395.493,395.493,395.493,92.0,0.0,11.244140625,395.493,5
11776812.262352152,4.005603790283203,36838141.98519761,6108.177995356044,323011.71244472795,502916.9700088802,12.4875,12.4875,12.4875,12.4875,12.4875,12.4875,12.4875,12.4875,12.4875,12.4875,12.4875,89.0,89.0,89.0,0.0,0.0,0.0,11.244140625,11.244140625,11.244140625,407.921,407.921,407.921,89.0,0.0,11.244140625,407.921,5
11776813.266275708,4.005603790283203,36786331.77328291,6100.066050248067,322319.361986197,501839.0066367371,12.4875,12.4875,12.4875,12.4875,12.4875,12.4875,12.4875,12.4875,12.4875,12.4875,12.4875,92.0,92.0,92.0,0.0,0.0,0.0,11.244140625,11.244140625,11.244140625,404.774,404.774,404.774,92.0,0.0,11.244140625,404.774,5
11776814.269777795,4.005603790283203,36828937.83101178,6102.628061525876,322454.7352483326,502049.77766512544,12.4875,12.4875,12.4875,12.4875,12.4875,12.4875,12.4875,12.4875,12.4875,12.4875,12.4875,89.0,89.0,89.0,0.0,0.0,0.0,11.244140625,11.244140625,11.244140625,375.063,375.063,375.063,89.0,0.0,11.244140625,375.063,5
11776815.26233481,4.005607604980469,37262516.34012109,6174.960133985646,326010.4911071319,507585.95450857247,12.4875,12.4875,12.4875,12.4875,12.4875,12.4875,12.4875,12.4875,12.4875,12.4875,12.4875,99.0,99.0,99.0,0.0,0.0,0.0,11.244140625,11.244140625,11.244140625,430.79,430.79,430.79,99.0,0.0,11.244140625,430.79,5
11776816.265560556,4.005607604980469,36893414.23015161,6109.292974864121,322543.556530989,502188.06902926136,12.4875,12.4875,12.4875,12.4875,12.4875,12.4875,12.4875,12.4875,12.4875,12.4875,12.4875,90.0,90.0,90.0,0.0,0.0,0.0,11.244140625,11.244140625,11.244140625,373.993,373.993,373.993,90.0,0.0,11.244140625,373.993,5
11776817.264502736,4.005607604980469,37078901.81855434,6140.495541416877,323926.656223319,504341.50272744603,12.4875,12.4875,12.4875,12.4875,12.4875,12.4875,12.4875,12.4875,12.4875,12.4875,12.4875,100.0,100.0,100.0,0.0,0.0,0.0,11.244140625,11.244140625,11.244140625,431.484,431.484,431.484,100.0,0.0,11.244140625,431.484,5
11776818.266924722,4.005607604980469,36977371.312838614,6119.179431179006,322802.17754460836,502590.73212641553,12.4875,12.4875,12.4875,12.4875,12.4875,12.4875,12.4875,12.4875,12.4875,12.4875,12.4875,87.0,87.0,87.0,0.0,0.0,0.0,11.244140625,11.244140625,11.244140625,378.674,378.674,378.674,87.0,0.0,11.244140625,378.674,5
11776819.458288768,3.9314041137695312,31135953.883068763,5184.813172576254,271607.99508416944,436635.63766695594,0.0,0.0,0.0,0.0,0.0,0.0,0.0,0.0,0.0,0.0,0.0,0.0,0.0,0.0,0.0,0.0,0.0,5.947265625,5.947265625,5.947265625,242.781,242.781,242.781,0.0,0.0,5.947265625,242.781,5
11776820.442965336,4.005622863769531,37700285.771523185,6281.250313067367,328619.5798388991,528287.1726524074,1.25,1.25,1.25,1.25,1.25,1.25,1.25,1.25,1.25,1.25,1.25,0.0,0.0,0.0,0.0,0.0,0.0,11.236328125,11.236328125,11.236328125,141.324,141.324,141.324,0.0,0.0,11.236328125,141.324,5
11776821.440506244,4.0084381103515625,37241444.13979909,6211.27409484447,324381.6844264288,521474.35344501847,12.4875,12.4875,12.4875,12.4875,12.4875,12.4875,12.4875,12.4875,12.4875,12.4875,12.4875,96.0,96.0,96.0,0.0,0.0,0.0,11.2421875,11.2421875,11.2421875,429.914,429.914,429.914,96.0,0.0,11.2421875,429.914,5
11776822.448091866,4.0084381103515625,36897206.7232804,6149.353327833855,321147.8933560023,516275.72729382647,12.4875,12.4875,12.4875,12.4875,12.4875,12.4875,12.4875,12.4875,12.4875,12.4875,12.4875,96.0,96.0,96.0,0.0,0.0,0.0,11.2421875,11.2421875,11.2421875,432.594,432.594,432.594,96.0,0.0,11.2421875,432.594,5
11776823.44970726,4.0084381103515625,37144339.260685,6186.007161723334,323062.1274078573,519353.0402632642,12.4875,12.4875,12.4875,12.4875,12.4875,12.4875,12.4875,12.4875,12.4875,12.4875,12.4875,95.0,95.0,95.0,0.0,0.0,0.0,11.2421875,11.2421875,11.2421875,435.519,435.519,435.519,95.0,0.0,11.2421875,435.519,5
11776824.449810993,4.0084381103515625,37227708.274108075,6201.356717323988,323550.43728129077,520138.0447433408,12.475,12.475,12.475,12.475,12.475,12.475,12.475,12.475,12.475,12.475,12.475,96.0,96.0,96.0,0.0,0.0,0.0,11.2421875,11.2421875,11.2421875,547.166,547.166,547.166,96.0,0.0,11.2421875,547.166,5
11776825.45509535,4.0084381103515625,37062927.230804764,6169.398689813581,321883.0547637275,517457.56905054924,12.475,12.475,12.475,12.475,12.475,12.475,12.475,12.475,12.475,12.475,12.475,95.0,95.0,95.0,0.0,0.0,0.0,11.2421875,11.2421875,11.2421875,459.568,459.568,459.568,95.0,0.0,11.2421875,459.568,5
11776826.448370406,4.0084381103515625,37538460.05440773,6251.037881811175,325774.8175145736,523713.9471436816,12.4875,12.4875,12.4875,12.4875,12.4875,12.4875,12.4875,12.4875,12.4875,12.4875,12.4875,96.0,96.0,96.0,0.0,0.0,0.0,11.2421875,11.2421875,11.2421875,459.984,459.984,459.984,96.0,0.0,11.2421875,459.984,5
11776827.457664168,4.0084381103515625,36969659.813583635,6151.8263951282715,320604.3794880314,515401.97715164535,12.4875,12.4875,12.4875,12.4875,12.4875,12.4875,12.4875,12.4875,12.4875,12.4875,12.4875,95.0,95.0,95.0,0.0,0.0,0.0,11.2421875,11.2421875,11.2421875,513.268,513.268,513.268,95.0,0.0,11.2421875,513.268,5
11776828.44832674,4.0084381103515625,37692428.30128085,6267.522534731686,326633.9204185244,525095.0366221848,12.4875,12.4875,12.4875,12.4875,12.4875,12.4875,12.4875,12.4875,12.4875,12.4875,12.4875,95.0,95.0,95.0,0.0,0.0,0.0,11.2421875,11.2421875,11.2421875,442.082,442.082,442.082,95.0,0.0,11.2421875,442.082,5
11776829.45485271,4.0084381103515625,37125434.56002022,6173.710555480212,321485.9923373847,516819.25350440334,12.4875,12.4875,12.4875,12.4875,12.4875,12.4875,12.4875,12.4875,12.4875,12.4875,12.4875,100.0,100.0,100.0,0.0,0.0,0.0,11.2421875,11.2421875,11.2421875,465.939,465.939,465.939,100.0,0.0,11.2421875,465.939,5
11776830.449600697,4.0084381103515625,37592380.671346456,6246.808318390276,325292.44011876395,522938.4796845952,12.4875,12.4875,12.4875,12.4875,12.4875,12.4875,12.4875,12.4875,12.4875,12.4875,12.4875,96.0,96.0,96.0,0.0,0.0,0.0,11.2421875,11.2421875,11.2421875,488.477,488.477,488.477,96.0,0.0,11.2421875,488.477,5
11776831.452131063,4.0084381103515625,37327723.19157277,6198.3159908294265,322767.2805884373,518879.04600925994,12.4875,12.4875,12.4875,12.4875,12.4875,12.4875,12.4875,12.4875,12.4875,12.4875,12.4875,95.0,95.0,95.0,0.0,0.0,0.0,11.2421875,11.2421875,11.2421875,443.318,443.318,443.318,95.0,0.0,11.2421875,443.318,5
11776832.441670984,4.0084381103515625,37845272.52969965,6284.738863220538,327004.4927345803,525690.7668011608,12.4875,12.4875,12.4875,12.4875,12.4875,12.4875,12.4875,12.4875,12.4875,12.4875,12.4875,100.0,100.0,100.0,0.0,0.0,0.0,11.2421875,11.2421875,11.2421875,504.533,504.533,504.533,100.0,0.0,11.2421875,504.533,5
11776833.453122469,4.008464813232422,37052301.14275485,6148.589521563984,319920.4360420904,514302.4731309555,12.475,12.475,12.475,12.475,12.475,12.475,12.475,12.475,12.475,12.475,12.475,96.0,96.0,96.0,0.0,0.0,0.0,11.2421875,11.2421875,11.2421875,452.536,452.536,452.536,96.0,0.0,11.2421875,452.536,5
11776834.455148373,4.008464813232422,37427970.51979986,6206.426375149739,322929.77523339016,519140.27157772845,12.4875,12.4875,12.4875,12.4875,12.4875,12.4875,12.4875,12.4875,12.4875,12.4875,12.4875,96.0,96.0,96.0,0.0,0.0,0.0,11.2421875,11.2421875,11.2421875,439.297,439.297,439.297,96.0,0.0,11.2421875,439.297,5
11776835.442813762,4.00848388671875,37999703.57181391,6301.729382238812,327625.12860256486,526688.4978800726,12.4875,12.4875,12.4875,12.4875,12.4875,12.4875,12.4875,12.4875,12.4875,12.4875,12.4875,100.0,100.0,100.0,0.0,0.0,0.0,11.2421875,11.2421875,11.2421875,524.369,524.369,524.369,100.0,0.0,11.2421875,524.369,5
11776836.45702994,4.00848388671875,37031749.026119046,6136.758739112196,319048.3515162084,512900.51446276536,12.475,12.475,12.475,12.475,12.475,12.475,12.475,12.475,12.475,12.475,12.475,95.0,95.0,95.0,0.0,0.0,0.0,11.2421875,11.2421875,11.2421875,441.733,441.733,441.733,95.0,0.0,11.2421875,441.733,5
11776837.4547946,4.00848388671875,37669614.394125625,6237.943925290103,324308.9407328202,521357.4110514957,12.475,12.475,12.475,12.475,12.475,12.475,12.475,12.475,12.475,12.475,12.475,96.0,96.0,96.0,0.0,0.0,0.0,11.2421875,11.2421875,11.2421875,436.693,436.693,436.693,96.0,0.0,11.2421875,436.693,5
11776838.442209888,4.00848388671875,38092002.89956751,6308.389264323262,327708.11233051505,526821.9021009546,12.4875,12.4875,12.4875,12.4875,12.4875,12.4875,12.4875,12.4875,12.4875,12.4875,12.4875,96.0,96.0,96.0,0.0,0.0,0.0,11.2421875,11.2421875,11.2421875,535.164,535.164,535.164,96.0,0.0,11.2421875,535.164,5
11776839.45152324,4.008506774902344,37292518.631873116,6171.522436665643,320598.15638882894,515391.97292887693,12.4875,12.4875,12.4875,12.4875,12.4875,12.4875,12.4875,12.4875,12.4875,12.4875,12.4875,96.0,96.0,96.0,0.0,0.0,0.0,11.2421875,11.2421875,11.2421875,438.641,438.641,438.641,96.0,0.0,11.2421875,438.641,5
11776840.450392323,4.008506774902344,37709694.573909394,6236.052464235626,323950.36130795005,520780.9605836665,12.4875,12.4875,12.4875,12.4875,12.4875,12.4875,12.4875,12.4875,12.4875,12.4875,12.4875,96.0,96.0,96.0,0.0,0.0,0.0,11.2421875,11.2421875,11.2421875,440.989,440.989,440.989,96.0,0.0,11.2421875,440.989,5
11776841.452940367,4.008506774902344,37598461.44532216,6218.155861861062,322761.5890927895,518869.8963896742,12.4875,12.4875,12.4875,12.4875,12.4875,12.4875,12.4875,12.4875,12.4875,12.4875,12.4875,96.0,96.0,96.0,0.0,0.0,0.0,11.2421875,11.2421875,11.2421875,541.716,541.716,541.716,96.0,0.0,11.2421875,541.716,5
11776842.447934324,4.008506774902344,37911260.40890611,6265.364686537859,325212.0254617688,522809.2054891726,12.4875,12.4875,12.4875,12.4875,12.4875,12.4875,12.4875,12.4875,12.4875,12.4875,12.4875,95.0,95.0,95.0,0.0,0.0,0.0,11.244140625,11.244140625,11.244140625,440.312,440.312,440.312,95.0,0.0,11.244140625,440.312,5
11776843.46053243,4.008506774902344,37279046.595640175,6162.365857783753,319558.1720713298,513720.09940580867,12.4875,12.4875,12.4875,12.4875,12.4875,12.4875,12.4875,12.4875,12.4875,12.4875,12.4875,95.0,95.0,95.0,0.0,0.0,0.0,11.244140625,11.244140625,11.244140625,459.508,459.508,459.508,95.0,0.0,11.244140625,459.508,5
11776844.455547176,4.008506774902344,37965169.02051206,6271.263844784737,325205.23076135,522798.282363183,12.475,12.475,12.475,12.475,12.475,12.475,12.475,12.475,12.475,12.475,12.475,95.0,95.0,95.0,0.0,0.0,0.0,11.244140625,11.244140625,11.244140625,505.2,505.2,505.2,95.0,0.0,11.244140625,505.2,5
11776845.458723232,4.008506774902344,37683409.387220584,6220.244157164926,322559.53290898324,518545.0718916566,12.4875,12.4875,12.4875,12.4875,12.4875,12.4875,12.4875,12.4875,12.4875,12.4875,12.4875,96.0,96.0,96.0,0.0,0.0,0.0,11.244140625,11.244140625,11.244140625,439.369,439.369,439.369,96.0,0.0,11.244140625,439.369,5
11776846.456532331,4.008506774902344,37913354.404809706,6258.712218649041,324294.4971271947,521334.19158422446,12.4875,12.4875,12.4875,12.4875,12.4875,12.4875,12.4875,12.4875,12.4875,12.4875,12.4875,100.0,100.0,100.0,0.0,0.0,0.0,11.244140625,11.244140625,11.244140625,471.558,471.558,471.558,100.0,0.0,11.244140625,471.558,5
11776847.452442031,4.008506774902344,38012965.42601376,6270.64883385812,324912.9915540666,522328.4800932463,12.4875,12.4875,12.4875,12.4875,12.4875,12.4875,12.4875,12.4875,12.4875,12.4875,12.4875,95.0,95.0,95.0,0.0,0.0,0.0,11.244140625,11.244140625,11.244140625,481.594,481.594,481.594,95.0,0.0,11.244140625,481.594,5
11776848.451208305,4.008506774902344,37931469.06767185,6252.714140632145,323983.7073630604,520834.5675330211,12.4875,12.4875,12.4875,12.4875,12.4875,12.4875,12.4875,12.4875,12.4875,12.4875,12.4875,95.0,95.0,95.0,0.0,0.0,0.0,11.244140625,11.244140625,11.244140625,437.171,437.171,437.171,95.0,0.0,11.244140625,437.171,5
11776849.443022016,4.008510589599609,38224797.20546831,6301.58660391809,326254.815942757,524485.5901864575,11.2375,11.2375,11.2375,11.2375,11.2375,11.2375,11.2375,11.2375,11.2375,11.2375,11.2375,100.0,100.0,100.0,0.0,0.0,0.0,11.244140625,11.244140625,11.244140625,516.196,516.196,516.196,100.0,0.0,11.244140625,516.196,5
11776850.45385366,4.008510589599609,37532549.823339626,6183.027652452926,320116.6111826124,514617.84329356684,12.4875,12.4875,12.4875,12.4875,12.4875,12.4875,12.4875,12.4875,12.4875,12.4875,12.4875,96.0,96.0,96.0,0.0,0.0,0.0,11.244140625,11.244140625,11.244140625,468.904,468.904,468.904,96.0,0.0,11.244140625,468.904,5
11776851.453172611,4.008518218994141,37992192.516574286,6254.259452512338,323804.5265090804,520546.5172994077,12.475,12.475,12.475,12.475,12.475,12.475,12.475,12.475,12.475,12.475,12.475,97.0,97.0,97.0,0.0,0.0,0.0,11.244140625,11.244140625,11.244140625,442.956,442.956,442.956,97.0,0.0,11.244140625,442.956,5
11776852.444589276,4.008518218994141,38322488.76701208,6309.153580043093,326385.4759463892,524695.6385467269,12.4875,12.4875,12.4875,12.4875,12.4875,12.4875,12.4875,12.4875,12.4875,12.4875,12.4875,99.0,99.0,99.0,0.0,0.0,0.0,11.244140625,11.244140625,11.244140625,531.472,531.472,531.472,99.0,0.0,11.244140625,531.472,5
11776853.451349624,4.008518218994141,37765501.084078506,6212.997973844035,321411.14889981586,516698.9355731217,12.4875,12.4875,12.4875,12.4875,12.4875,12.4875,12.4875,12.4875,12.4875,12.4875,12.4875,96.0,96.0,96.0,0.0,0.0,0.0,11.244140625,11.244140625,11.244140625,442.059,442.059,442.059,96.0,0.0,11.244140625,442.059,5
11776854.449012555,4.008518218994141,38137169.169855446,6269.65260647975,324342.00943487504,521410.5721294827,12.475,12.475,12.475,12.475,12.475,12.475,12.475,12.475,12.475,12.475,12.475,95.0,95.0,95.0,0.0,0.0,0.0,11.244140625,11.244140625,11.244140625,439.804,439.804,439.804,95.0,0.0,11.244140625,439.804,5
11776855.445633214,4.008525848388672,38204381.64147061,6281.226407278204,324681.2085898898,521955.8669736203,12.4875,12.4875,12.4875,12.4875,12.4875,12.4875,12.4875,12.4875,12.4875,12.4875,12.4875,96.0,96.0,96.0,0.0,0.0,0.0,11.244140625,11.244140625,11.244140625,526.316,526.316,526.316,96.0,0.0,11.244140625,526.316,5
11776856.453727096,4.008525848388672,37796585.8805711,6209.739102268915,320985.9772633522,516015.43180311046,12.4875,12.4875,12.4875,12.4875,12.4875,12.4875,12.4875,12.4875,12.4875,12.4875,12.4875,97.0,97.0,97.0,0.0,0.0,0.0,11.244140625,11.244140625,11.244140625,442.044,442.044,442.044,97.0,0.0,11.244140625,442.044,5
11776857.452582816,4.008537292480469,38173398.08104267,6272.177130969326,323954.6950913932,520787.92755198653,11.2375,11.2375,11.2375,11.2375,11.2375,11.2375,11.2375,11.2375,11.2375,11.2375,11.2375,97.0,97.0,97.0,0.0,0.0,0.0,11.244140625,11.244140625,11.244140625,446.543,446.543,446.543,97.0,0.0,11.244140625,446.543,5
11776858.451809227,4.008537292480469,38186448.585851915,6269.850282165479,323834.5145577389,520594.72593459295,12.4875,12.4875,12.4875,12.4875,12.4875,12.4875,12.4875,12.4875,12.4875,12.4875,12.4875,97.0,97.0,97.0,0.0,0.0,0.0,11.244140625,11.244140625,11.244140625,524.92,524.92,524.92,97.0,0.0,11.244140625,524.92,5
11776859.452694012,4.008537292480469,38150344.171173535,6259.46172600281,323297.95102105243,519732.1491097931,12.4875,12.4875,12.4875,12.4875,12.4875,12.4875,12.4875,12.4875,12.4875,12.4875,12.4875,97.0,97.0,97.0,0.0,0.0,0.0,11.244140625,11.244140625,11.244140625,440.016,440.016,440.016,97.0,0.0,11.244140625,440.016,5
11776860.45890213,4.008537292480469,37975538.374708496,6231.315259255733,321587.54654721,516982.5115379199,12.4875,12.4875,12.4875,12.4875,12.4875,12.4875,12.4875,12.4875,12.4875,12.4875,12.4875,93.0,93.0,93.0,0.0,0.0,0.0,11.244140625,11.244140625,11.244140625,472.195,472.195,472.195,93.0,0.0,11.244140625,472.195,5
11776861.459207572,4.008537292480469,38226809.92139111,6268.085462565706,323485.193990249,520033.15995900787,12.4875,12.4875,12.4875,12.4875,12.4875,12.4875,12.4875,12.4875,12.4875,12.4875,12.4875,96.0,96.0,96.0,0.0,0.0,0.0,11.244140625,11.244140625,11.244140625,498.597,498.597,498.597,96.0,0.0,11.244140625,498.597,5
11776862.457455784,4.008537292480469,38332827.9865599,6281.00298540989,324151.84529997985,521104.86522908154,12.4875,12.4875,12.4875,12.4875,12.4875,12.4875,12.4875,12.4875,12.4875,12.4875,12.4875,96.0,96.0,96.0,0.0,0.0,0.0,11.244140625,11.244140625,11.244140625,439.022,439.022,439.022,96.0,0.0,11.244140625,439.022,5
11776863.45267334,4.008537292480469,38476886.5500693,6305.15404528892,325138.9588192462,522691.74392461096,12.4875,12.4875,12.4875,12.4875,12.4875,12.4875,12.4875,12.4875,12.4875,12.4875,12.4875,100.0,100.0,100.0,0.0,0.0,0.0,11.244140625,11.244140625,11.244140625,490.504,490.504,490.504,100.0,0.0,11.244140625,490.504,5
11776864.459653,4.008537292480469,38054456.86008635,6231.506210350845,321341.14829803474,516586.4029601318,12.4875,12.4875,12.4875,12.4875,12.4875,12.4875,12.4875,12.4875,12.4875,12.4875,12.4875,95.0,95.0,95.0,0.0,0.0,0.0,11.244140625,11.244140625,11.244140625,472.135,472.135,472.135,95.0,0.0,11.244140625,472.135,5
11776865.458741162,4.008537292480469,38382253.375801995,6280.727002054189,323879.32529604825,520666.7634506092,12.4875,12.4875,12.4875,12.4875,12.4875,12.4875,12.4875,12.4875,12.4875,12.4875,12.4875,96.0,96.0,96.0,0.0,0.0,0.0,11.244140625,11.244140625,11.244140625,436.451,436.451,436.451,96.0,0.0,11.244140625,436.451,5
11776866.446596531,4.008537292480469,38846224.04806102,6357.205918641629,327562.12101556256,526587.2072022335,12.4875,12.4875,12.4875,12.4875,12.4875,12.4875,12.4875,12.4875,12.4875,12.4875,12.4875,100.0,100.0,100.0,0.0,0.0,0.0,11.244140625,11.244140625,11.244140625,514.225,514.225,514.225,100.0,0.0,11.244140625,514.225,5
11776867.454132263,4.008537292480469,38114421.952937126,6233.029563278705,321163.79589235294,516301.29213074455,12.4875,12.4875,12.4875,12.4875,12.4875,12.4875,12.4875,12.4875,12.4875,12.4875,12.4875,96.0,96.0,96.0,0.0,0.0,0.0,11.244140625,11.244140625,11.244140625,455.397,455.397,455.397,96.0,0.0,11.244140625,455.397,5
11776868.45948466,4.008537292480469,38224241.701812334,6246.565902414509,321861.27085460135,517422.54934853635,12.4875,12.4875,12.4875,12.4875,12.4875,12.4875,12.4875,12.4875,12.4875,12.4875,12.4875,96.0,96.0,96.0,0.0,0.0,0.0,11.244140625,11.244140625,11.244140625,436.883,436.883,436.883,96.0,0.0,11.244140625,436.883,5
11776869.446341148,4.008563995361328,38968214.170659184,6374.787087322366,327893.67427501513,527120.2105433787,12.475,12.475,12.475,12.475,12.475,12.475,12.475,12.475,12.475,12.475,12.475,97.0,97.0,97.0,0.0,0.0,0.0,11.244140625,11.244140625,11.244140625,534.879,534.879,534.879,97.0,0.0,11.244140625,534.879,5
11776870.461659877,4.008563995361328,37902606.24713552,6196.083870430446,318701.8920885973,512343.5480411627,12.4875,12.4875,12.4875,12.4875,12.4875,12.4875,12.4875,12.4875,12.4875,12.4875,12.4875,96.0,96.0,96.0,0.0,0.0,0.0,11.244140625,11.244140625,11.244140625,439.72,439.72,439.72,96.0,0.0,11.244140625,439.72,5
11776871.453847472,4.008563995361328,38813644.91379057,6340.534826009713,326131.87428700156,524287.9498031544,12.4875,12.4875,12.4875,12.4875,12.4875,12.4875,12.4875,12.4875,12.4875,12.4875,12.4875,96.0,96.0,96.0,0.0,0.0,0.0,11.244140625,11.244140625,11.244140625,442.289,442.289,442.289,96.0,0.0,11.244140625,442.289,5
11776872.446285486,4.008563995361328,38831254.37880432,6343.973031462847,326049.58218120615,524155.65743054653,12.475,12.475,12.475,12.475,12.475,12.475,12.475,12.475,12.475,12.475,12.475,96.0,96.0,96.0,0.0,0.0,0.0,11.244140625,11.244140625,11.244140625,526.894,526.894,526.894,96.0,0.0,11.244140625,526.894,5
11776873.455365129,4.008563995361328,38217800.034958936,6239.348941591962,320672.40913533885,515511.341268203,12.4875,12.4875,12.4875,12.4875,12.4875,12.4875,12.4875,12.4875,12.4875,12.4875,12.4875,96.0,96.0,96.0,0.0,0.0,0.0,11.244140625,11.244140625,11.244140625,435.897,435.897,435.897,96.0,0.0,11.244140625,435.897,5
11776874.452940779,4.008563995361328,38685787.89019534,6316.312953361339,324370.38735128957,521456.19232422503,12.4875,12.4875,12.4875,12.4875,12.4875,12.4875,12.4875,12.4875,12.4875,12.4875,12.4875,96.0,96.0,96.0,0.0,0.0,0.0,11.244140625,11.244140625,11.244140625,443.156,443.156,443.156,96.0,0.0,11.244140625,443.156,5
11776875.459773617,4.008563995361328,38357103.125948295,6258.238470003171,321388.007788844,516661.7340402935,12.4875,12.4875,12.4875,12.4875,12.4875,12.4875,12.4875,12.4875,12.4875,12.4875,12.4875,96.0,96.0,96.0,0.0,0.0,0.0,11.244140625,11.244140625,11.244140625,529.951,529.951,529.951,96.0,0.0,11.244140625,529.951,5
11776876.454211473,4.008563995361328,38862541.02608759,6336.243092700835,325393.88746365765,523101.5659225889,12.4875,12.4875,12.4875,12.4875,12.4875,12.4875,12.4875,12.4875,12.4875,12.4875,12.4875,96.0,96.0,96.0,0.0,0.0,0.0,11.244140625,11.244140625,11.244140625,437.429,437.429,437.429,96.0,0.0,11.244140625,437.429,5
11776877.459151002,4.008563995361328,38483487.727821045,6275.004438731775,321993.5040124616,517635.12670357747,11.2375,11.2375,11.2375,11.2375,11.2375,11.2375,11.2375,11.2375,11.2375,11.2375,11.2375,94.0,94.0,94.0,0.0,0.0,0.0,11.244140625,11.244140625,11.244140625,448.364,448.364,448.364,94.0,0.0,11.244140625,448.364,5
11776878.462743059,4.008563995361328,38562251.18975559,6283.429561893169,322425.82799803984,518330.12855381094,12.475,12.475,12.475,12.475,12.475,12.475,12.475,12.475,12.475,12.475,12.475,95.0,95.0,95.0,0.0,0.0,0.0,11.244140625,11.244140625,11.244140625,494.831,494.831,494.831,95.0,0.0,11.244140625,494.831,5
11776879.455378424,4.008563995361328,39015293.37265217,6352.785946069574,325984.7585748457,524051.4473291823,12.4875,12.4875,12.4875,12.4875,12.4875,12.4875,12.4875,12.4875,12.4875,12.4875,12.4875,96.0,96.0,96.0,0.0,0.0,0.0,11.244140625,11.244140625,11.244140625,436.316,436.316,436.316,96.0,0.0,11.244140625,436.316,5
11776880.4588249,4.008563995361328,38622046.024680525,6289.323992445257,322472.6057314857,518405.3282012492,12.4875,12.4875,12.4875,12.4875,12.4875,12.4875,12.4875,12.4875,12.4875,12.4875,12.4875,100.0,100.0,100.0,0.0,0.0,0.0,11.244140625,11.244140625,11.244140625,486.305,486.305,486.305,100.0,0.0,11.244140625,486.305,5
11776881.460692292,4.008563995361328,38710060.17547411,6299.236860714414,322980.8683786108,519222.40865928575,12.4875,12.4875,12.4875,12.4875,12.4875,12.4875,12.4875,12.4875,12.4875,12.4875,12.4875,96.0,96.0,96.0,0.0,0.0,0.0,11.244140625,11.244140625,11.244140625,463.622,463.622,463.622,96.0,0.0,11.244140625,463.622,5
11776882.460056975,4.008567810058594,38834210.018095106,6315.012031944267,323789.70897554327,520522.69670751895,12.475,12.475,12.475,12.475,12.475,12.475,12.475,12.475,12.475,12.475,12.475,96.0,96.0,96.0,0.0,0.0,0.0,11.244140625,11.244140625,11.244140625,437.677,437.677,437.677,96.0,0.0,11.244140625,437.677,5
11776883.447512925,4.008586883544922,39330092.681060255,6396.234692999071,327694.6179384755,526800.2085846378,12.4875,12.4875,12.4875,12.4875,12.4875,12.4875,12.4875,12.4875,12.4875,12.4875,12.4875,100.0,100.0,100.0,0.0,0.0,0.0,11.244140625,11.244140625,11.244140625,519.545,519.545,519.545,100.0,0.0,11.244140625,519.545,5
11776884.462182902,4.008586883544922,38302035.022248395,6224.684027681734,318905.6612434082,512671.1263026942,12.4875,12.4875,12.4875,12.4875,12.4875,12.4875,12.4875,12.4875,12.4875,12.4875,12.4875,96.0,96.0,96.0,0.0,0.0,0.0,11.244140625,11.244140625,11.244140625,440.614,440.614,440.614,96.0,0.0,11.244140625,440.614,5
11776885.455830527,4.008586883544922,39139746.31981106,6356.37809303098,325652.6676465068,523517.5796342577,12.4875,12.4875,12.4875,12.4875,12.4875,12.4875,12.4875,12.4875,12.4875,12.4875,12.4875,96.0,96.0,96.0,0.0,0.0,0.0,11.244140625,11.244140625,11.244140625,438.849,438.849,438.849,96.0,0.0,11.244140625,438.849,5
11776886.448974004,4.008586883544922,39186998.57482759,6364.639298628501,325817.97861215076,523783.33270560944,12.4875,12.4875,12.4875,12.4875,12.4875,12.4875,12.4875,12.4875,12.4875,12.4875,12.4875,98.0,98.0,98.0,0.0,0.0,0.0,11.244140625,11.244140625,11.244140625,529.984,529.984,529.984,98.0,0.0,11.244140625,529.984,5
11776887.461585827,4.008598327636719,38460446.64835191,6242.273549894384,319553.84343759285,513713.14071613026,12.4875,12.4875,12.4875,12.4875,12.4875,12.4875,12.4875,12.4875,12.4875,12.4875,12.4875,96.0,96.0,96.0,0.0,0.0,0.0,11.244140625,11.244140625,11.244140625,438.846,438.846,438.846,96.0,0.0,11.244140625,438.846,5
11776888.459059197,4.008598327636719,39071412.9931207,6337.011281014238,324403.6478968061,521509.66180878953,12.475,12.475,12.475,12.475,12.475,12.475,12.475,12.475,12.475,12.475,12.475,96.0,96.0,96.0,0.0,0.0,0.0,11.244140625,11.244140625,11.244140625,439.209,439.209,439.209,96.0,0.0,11.244140625,439.209,5
11776889.447816627,4.008598327636719,39443334.4627544,6397.929168810074,327263.28045530175,526106.792630675,12.4875,12.4875,12.4875,12.4875,12.4875,12.4875,12.4875,12.4875,12.4875,12.4875,12.4875,96.0,96.0,96.0,0.0,0.0,0.0,11.244140625,11.244140625,11.244140625,525.988,525.988,525.988,96.0,0.0,11.244140625,525.988,5
11776890.458130673,4.008598327636719,38628623.619394116,6261.419435213836,320280.611211545,514881.4889096989,12.475,12.475,12.475,12.475,12.475,12.475,12.475,12.475,12.475,12.475,12.475,95.0,95.0,95.0,0.0,0.0,0.0,11.244140625,11.244140625,11.244140625,437.013,437.013,437.013,95.0,0.0,11.244140625,437.013,5
11776891.455616321,4.008602142333984,39152640.48699948,6346.958482418515,324399.6546477512,521503.24228182784,12.4875,12.4875,12.4875,12.4875,12.4875,12.4875,12.4875,12.4875,12.4875,12.4875,12.4875,96.0,96.0,96.0,0.0,0.0,0.0,11.244140625,11.244140625,11.244140625,442.616,442.616,442.616,96.0,0.0,11.244140625,442.616,5
11776892.46091891,4.008602142333984,38875224.64638444,6297.606379251755,321877.21728380985,517448.1847473905,12.475,12.475,12.475,12.475,12.475,12.475,12.475,12.475,12.475,12.475,12.475,95.0,95.0,95.0,0.0,0.0,0.0,11.244140625,11.244140625,11.244140625,535.267,535.267,535.267,95.0,0.0,11.244140625,535.267,5
11776893.462524135,4.008602142333984,39045857.657485485,6320.853614934454,323065.40769782814,519358.31364081235,12.475,12.475,12.475,12.475,12.475,12.475,12.475,12.475,12.475,12.475,12.475,96.0,96.0,96.0,0.0,0.0,0.0,11.244140625,11.244140625,11.244140625,437.248,437.248,437.248,96.0,0.0,11.244140625,437.248,5
11776894.455564888,4.008602142333984,39409974.72756567,6380.402795642478,325851.68216937745,523837.5143735562,12.4875,12.4875,12.4875,12.4875,12.4875,12.4875,12.4875,12.4875,12.4875,12.4875,12.4875,93.0,93.0,93.0,0.0,0.0,0.0,11.244140625,11.244140625,11.244140625,454.362,454.362,454.362,93.0,0.0,11.244140625,454.362,5
11776895.460422847,4.008609771728516,38973550.08281404,6305.368775584742,322019.64171067125,517677.1455348766,12.475,12.475,12.475,12.475,12.475,12.475,12.475,12.475,12.475,12.475,12.475,95.0,95.0,95.0,0.0,0.0,0.0,11.244140625,11.244140625,11.244140625,507.105,507.105,507.105,95.0,0.0,11.244140625,507.105,5
11776896.462214552,4.008609771728516,39119961.59088723,6324.668064109572,323005.2700215959,519261.6366169959,12.4875,12.4875,12.4875,12.4875,12.4875,12.4875,12.4875,12.4875,12.4875,12.4875,12.4875,96.0,96.0,96.0,0.0,0.0,0.0,11.244140625,11.244140625,11.244140625,440.455,440.455,440.455,96.0,0.0,11.244140625,440.455,5
11776897.457900248,4.008609771728516,39387157.1459174,6368.475535644353,324986.08858633373,522445.99051220744,12.4875,12.4875,12.4875,12.4875,12.4875,12.4875,12.4875,12.4875,12.4875,12.4875,12.4875,100.0,100.0,100.0,0.0,0.0,0.0,11.244140625,11.244140625,11.244140625,485.009,485.009,485.009,100.0,0.0,11.244140625,485.009,5
11776898.464030128,4.008609771728516,39005302.197495,6302.367248175939,321612.5537981017,517022.7130678344,11.2375,11.2375,11.2375,11.2375,11.2375,11.2375,11.2375,11.2375,11.2375,11.2375,11.2375,95.0,95.0,95.0,0.0,0.0,0.0,11.244140625,11.244140625,11.244140625,469.771,469.771,469.771,95.0,0.0,11.244140625,469.771,5
11776899.46465778,4.008609771728516,39246959.57476055,6337.022556318422,323381.0293114241,519865.70534874505,12.4875,12.4875,12.4875,12.4875,12.4875,12.4875,12.4875,12.4875,12.4875,12.4875,12.4875,95.0,95.0,95.0,0.0,0.0,0.0,11.244140625,11.244140625,11.244140625,440.031,440.031,440.031,95.0,0.0,11.244140625,440.031,5
11776900.447989777,4.008609771728516,39964924.48327915,6453.5680926679315,329068.9217929184,529009.5325025397,12.4875,12.4875,12.4875,12.4875,12.4875,12.4875,12.4875,12.4875,12.4875,12.4875,12.4875,100.0,100.0,100.0,0.0,0.0,0.0,11.244140625,11.244140625,11.244140625,518.498,518.498,518.498,100.0,0.0,11.244140625,518.498,5
11776901.461536003,4.008625030517578,38800381.24556981,6261.184575295671,319259.24198116513,513239.54090643005,12.475,12.475,12.475,12.475,12.475,12.475,12.475,12.475,12.475,12.475,12.475,96.0,96.0,96.0,0.0,0.0,0.0,11.244140625,11.244140625,11.244140625,441.666,441.666,441.666,96.0,0.0,11.244140625,441.666,5
11776902.460240465,4.008625030517578,39404220.68966138,6354.232153149517,324003.75938303396,520866.80305880145,12.4875,12.4875,12.4875,12.4875,12.4875,12.4875,12.4875,12.4875,12.4875,12.4875,12.4875,96.0,96.0,96.0,0.0,0.0,0.0,11.244140625,11.244140625,11.244140625,436.968,436.968,436.968,96.0,0.0,11.244140625,436.968,5
11776903.449176555,4.008625030517578,39820942.28806552,6422.053011123643,327204.1570699784,526011.7461757881,12.4875,12.4875,12.4875,12.4875,12.4875,12.4875,12.4875,12.4875,12.4875,12.4875,12.4875,99.0,99.0,99.0,0.0,0.0,0.0,11.244140625,11.244140625,11.244140625,527.955,527.955,527.955,99.0,0.0,11.244140625,527.955,5
11776904.463520473,4.008625030517578,38850292.61296542,6261.1900078899425,319008.1731243992,512835.9238835278,12.4875,12.4875,12.4875,12.4875,12.4875,12.4875,12.4875,12.4875,12.4875,12.4875,12.4875,95.0,95.0,95.0,0.0,0.0,0.0,11.244140625,11.244140625,11.244140625,439.105,439.105,439.105,95.0,0.0,11.244140625,439.105,5
11776905.45898151,4.008625030517578,39614557.997861736,6379.958392645529,325059.432613102,522563.8979982779,12.4875,12.4875,12.4875,12.4875,12.4875,12.4875,12.4875,12.4875,12.4875,12.4875,12.4875,95.0,95.0,95.0,0.0,0.0,0.0,11.244140625,11.244140625,11.244140625,438.711,438.711,438.711,95.0,0.0,11.244140625,438.711,5
11776906.448753553,4.008625030517578,39869730.92300263,6421.680678603265,326927.80376103823,525567.481995593,12.4875,12.4875,12.4875,12.4875,12.4875,12.4875,12.4875,12.4875,12.4875,12.4875,12.4875,95.0,95.0,95.0,0.0,0.0,0.0,11.244140625,11.244140625,11.244140625,527.101,527.101,527.101,95.0,0.0,11.244140625,527.101,5
11776907.459962856,4.008625030517578,39051397.03798791,6285.54343588199,319997.0558773502,514425.6467901706,12.475,12.475,12.475,12.475,12.475,12.475,12.475,12.475,12.475,12.475,12.475,95.0,95.0,95.0,0.0,0.0,0.0,11.244140625,11.244140625,11.244140625,436.118,436.118,436.118,95.0,0.0,11.244140625,436.118,5
11776908.459971488,4.008625030517578,39515985.917861536,6355.945138674653,323581.2070095813,520187.5100027447,12.475,12.475,12.475,12.475,12.475,12.475,12.475,12.475,12.475,12.475,12.475,96.0,96.0,96.0,0.0,0.0,0.0,11.244140625,11.244140625,11.244140625,440.507,440.507,440.507,96.0,0.0,11.244140625,440.507,5
11776909.45922091,4.008632659912109,39573224.75537502,6366.778758191946,323827.0571661085,520582.73746956687,12.4875,12.4875,12.4875,12.4875,12.4875,12.4875,12.4875,12.4875,12.4875,12.4875,12.4875,96.0,96.0,96.0,0.0,0.0,0.0,11.244140625,11.244140625,11.244140625,537.388,537.388,537.388,96.0,0.0,11.244140625,537.388,5
11776910.454928529,4.008644104003906,39741299.837191395,6389.425856070876,324978.9337017979,522434.4883560549,12.4875,12.4875,12.4875,12.4875,12.4875,12.4875,12.4875,12.4875,12.4875,12.4875,12.4875,97.0,97.0,97.0,0.0,0.0,0.0,11.244140625,11.244140625,11.244140625,444.91,444.91,444.91,97.0,0.0,11.244140625,444.91,5
11776911.45538948,4.007682800292969,39579719.7021707,6400.049892792443,323434.9124643682,536328.7788966106,0.0,0.0,0.0,0.0,0.0,0.0,0.0,0.0,0.0,0.0,0.0,0.0,0.0,0.0,0.0,0.0,0.0,5.947265625,5.947265625,5.947265625,336.974,336.974,336.974,0.0,0.0,5.947265625,336.974,5
11776912.453774212,5.716808319091797,39690341.50865966,6419.368996486185,324107.5202619731,537444.115877449,96.1625,96.1625,96.1625,96.1625,96.1625,96.1625,96.1625,96.1625,96.1625,96.1625,96.1625,24.0,24.0,24.0,0.0,0.0,0.0,11.234375,11.234375,11.234375,141.867,141.867,141.867,24.0,0.0,11.234375,141.867,5
11776913.44970371,4.007755279541016,39815604.48872612,6440.214906204184,324906.5326175826,538769.0604164978,8.0875,8.0875,8.0875,8.0875,8.0875,8.0875,8.0875,8.0875,8.0875,8.0875,8.0875,0.0,0.0,0.0,0.0,0.0,0.0,11.236328125,11.236328125,11.236328125,139.508,139.508,139.508,0.0,0.0,11.236328125,139.508,5
11776914.450355312,4.008205413818359,39654895.80240352,6418.817487600413,323373.2894142445,536226.5938388105,12.4875,12.4875,12.4875,12.4875,12.4875,12.4875,12.4875,12.4875,12.4875,12.4875,12.4875,100.0,100.0,100.0,0.0,0.0,0.0,17.310546875,17.310546875,17.310546875,579.5,579.5,579.5,100.0,0.0,17.310546875,579.5,5
11776915.456610192,4.008205413818359,39461101.55466673,6383.07463566907,321572.60204084386,533240.6438905132,12.4875,12.4875,12.4875,12.4875,12.4875,12.4875,12.4875,12.4875,12.4875,12.4875,12.4875,96.0,96.0,96.0,0.0,0.0,0.0,17.3125,17.3125,17.3125,486.947,486.947,486.947,96.0,0.0,17.3125,486.947,5
11776916.458875649,4.008205413818359,39645302.26992162,6408.48185950243,322852.5913163995,535363.1577525106,12.4875,12.4875,12.4875,12.4875,12.4875,12.4875,12.4875,12.4875,12.4875,12.4875,12.4875,97.0,97.0,97.0,0.0,0.0,0.0,17.3125,17.3125,17.3125,475.294,475.294,475.294,97.0,0.0,17.3125,475.294,5
11776917.457287489,4.008220672607422,39825557.36403744,6433.216978984532,324098.7206800141,537429.5241655931,12.4875,12.4875,12.4875,12.4875,12.4875,12.4875,12.4875,12.4875,12.4875,12.4875,12.4875,98.0,98.0,98.0,0.0,0.0,0.0,17.3125,17.3125,17.3125,480.593,480.593,480.593,98.0,0.0,17.3125,480.593,5
11776918.451044794,4.008220672607422,40039458.09817369,6468.380119919578,325616.72568824777,539946.7223438033,12.4875,12.4875,12.4875,12.4875,12.4875,12.4875,12.4875,12.4875,12.4875,12.4875,12.4875,100.0,100.0,100.0,0.0,0.0,0.0,17.3125,17.3125,17.3125,561.282,561.282,561.282,100.0,0.0,17.3125,561.282,5
11776919.459063824,4.008266448974609,39499943.76225339,6376.863737780465,321009.8126518286,532307.4108530323,12.4875,12.4875,12.4875,12.4875,12.4875,12.4875,12.4875,12.4875,12.4875,12.4875,12.4875,96.0,96.0,96.0,0.0,0.0,0.0,17.3125,17.3125,17.3125,586.39,586.39,586.39,96.0,0.0,17.3125,586.39,5
11776920.460454797,4.008266448974609,39788541.2092499,6419.071244533186,323134.52856114286,535830.6739431609,12.4875,12.4875,12.4875,12.4875,12.4875,12.4875,12.4875,12.4875,12.4875,12.4875,12.4875,97.0,97.0,97.0,0.0,0.0,0.0,17.3125,17.3125,17.3125,475.248,475.248,475.248,97.0,0.0,17.3125,475.248,5
11776921.456116876,4.008266448974609,40044788.157065146,6456.005647241854,324993.79765978653,538913.765739646,12.4875,12.4875,12.4875,12.4875,12.4875,12.4875,12.4875,12.4875,12.4875,12.4875,12.4875,98.0,98.0,98.0,0.0,0.0,0.0,17.3125,17.3125,17.3125,480.884,480.884,480.884,98.0,0.0,17.3125,480.884,5
11776922.456482628,4.008266448974609,39883681.43476068,6430.647972968839,323465.6915412947,536379.817619109,12.4875,12.4875,12.4875,12.4875,12.4875,12.4875,12.4875,12.4875,12.4875,12.4875,12.4875,98.0,98.0,98.0,0.0,0.0,0.0,17.3125,17.3125,17.3125,482.785,482.785,482.785,98.0,0.0,17.3125,482.785,5
11776923.452219157,4.008266448974609,40096377.77641343,6460.544348721011,324969.49829574686,538873.4718575043,12.4875,12.4875,12.4875,12.4875,12.4875,12.4875,12.4875,12.4875,12.4875,12.4875,12.4875,100.0,100.0,100.0,0.0,0.0,0.0,17.3125,17.3125,17.3125,645.31,645.31,645.31,100.0,0.0,17.3125,645.31,5
11776924.45372634,4.008266448974609,39892453.75046127,6423.318879532592,323097.0334703364,535768.4985394187,12.4875,12.4875,12.4875,12.4875,12.4875,12.4875,12.4875,12.4875,12.4875,12.4875,12.4875,96.0,96.0,96.0,0.0,0.0,0.0,17.3125,17.3125,17.3125,481.196,481.196,481.196,96.0,0.0,17.3125,481.196,5
11776925.454884414,4.008266448974609,39933484.08853726,6425.558730425649,323209.6993978009,535955.3243178723,12.475,12.475,12.475,12.475,12.475,12.475,12.475,12.475,12.475,12.475,12.475,98.0,98.0,98.0,0.0,0.0,0.0,17.3125,17.3125,17.3125,481.384,481.384,481.384,98.0,0.0,17.3125,481.384,5
11776926.45719954,4.0082855224609375,39914473.949236035,6418.141192147306,322836.5924949159,535336.6280611897,12.4875,12.4875,12.4875,12.4875,12.4875,12.4875,12.4875,12.4875,12.4875,12.4875,12.4875,97.0,97.0,97.0,0.0,0.0,0.0,17.3125,17.3125,17.3125,482.586,482.586,482.586,97.0,0.0,17.3125,482.586,5
11776927.451410215,4.008293151855469,40267156.642180756,6475.488706331557,325468.24130934925,539700.5014117057,12.4875,12.4875,12.4875,12.4875,12.4875,12.4875,12.4875,12.4875,12.4875,12.4875,12.4875,100.0,100.0,100.0,0.0,0.0,0.0,17.3125,17.3125,17.3125,555.738,555.738,555.738,100.0,0.0,17.3125,555.738,5
11776928.458469367,4.008293151855469,39780372.33266493,6392.871751024878,321315.78326866013,532814.779850563,12.4875,12.4875,12.4875,12.4875,12.4875,12.4875,12.4875,12.4875,12.4875,12.4875,12.4875,98.0,98.0,98.0,0.0,0.0,0.0,17.3125,17.3125,17.3125,557.604,557.604,557.604,98.0,0.0,17.3125,557.604,5
11776929.458397139,4.008293151855469,40091234.701319,6438.465036106678,323607.37344571966,536614.7584985985,12.4875,12.4875,12.4875,12.4875,12.4875,12.4875,12.4875,12.4875,12.4875,12.4875,12.4875,98.0,98.0,98.0,0.0,0.0,0.0,17.3125,17.3125,17.3125,477.881,477.881,477.881,98.0,0.0,17.3125,477.881,5
11776930.45784417,4.008293151855469,40137684.89762301,6441.561984432869,323763.030936739,536872.8740849723,12.4875,12.4875,12.4875,12.4875,12.4875,12.4875,12.4875,12.4875,12.4875,12.4875,12.4875,97.0,97.0,97.0,0.0,0.0,0.0,17.3125,17.3125,17.3125,481.658,481.658,481.658,97.0,0.0,17.3125,481.658,5
11776931.459644385,4.008293151855469,40070510.47113069,6431.422058363941,323002.5260489892,535611.7837014884,12.4875,12.4875,12.4875,12.4875,12.4875,12.4875,12.4875,12.4875,12.4875,12.4875,12.4875,95.0,95.0,95.0,0.0,0.0,0.0,17.3125,17.3125,17.3125,496.728,496.728,496.728,95.0,0.0,17.3125,496.728,5
11776932.452149129,4.008293151855469,40473153.65345977,6491.656629214266,326027.6608268926,540628.1464344675,12.4875,12.4875,12.4875,12.4875,12.4875,12.4875,12.4875,12.4875,12.4875,12.4875,12.4875,97.0,97.0,97.0,0.0,0.0,0.0,17.3125,17.3125,17.3125,644.184,644.184,644.184,97.0,0.0,17.3125,644.184,5
11776933.454491453,4.008293151855469,40103013.72026092,6427.943668749207,322827.83239306894,535322.1018163549,12.4875,12.4875,12.4875,12.4875,12.4875,12.4875,12.4875,12.4875,12.4875,12.4875,12.4875,97.0,97.0,97.0,0.0,0.0,0.0,17.3125,17.3125,17.3125,479.66,479.66,479.66,97.0,0.0,17.3125,479.66,5
11776934.45776802,4.008293151855469,40092732.51405348,6421.958030384883,322527.2182685181,534823.615103492,12.475,12.475,12.475,12.475,12.475,12.475,12.475,12.475,12.475,12.475,12.475,98.0,98.0,98.0,0.0,0.0,0.0,17.3125,17.3125,17.3125,485.624,485.624,485.624,98.0,0.0,17.3125,485.624,5
11776935.45560911,4.008293151855469,40338336.84024346,6456.93995246579,324284.1001984619,537736.9256455507,12.4875,12.4875,12.4875,12.4875,12.4875,12.4875,12.4875,12.4875,12.4875,12.4875,12.4875,98.0,98.0,98.0,0.0,0.0,0.0,17.3125,17.3125,17.3125,483.626,483.626,483.626,98.0,0.0,17.3125,483.626,5
11776936.451407608,4.008293151855469,40448349.80674975,6475.205586683903,324949.27490098076,538839.9368611199,12.4875,12.4875,12.4875,12.4875,12.4875,12.4875,12.4875,12.4875,12.4875,12.4875,12.4875,100.0,100.0,100.0,0.0,0.0,0.0,17.3125,17.3125,17.3125,580.886,580.886,580.886,100.0,0.0,17.3125,580.886,5
11776937.458203277,4.008304595947266,40033502.56865289,6404.477292366257,321399.87285562075,532954.2195453965,12.4875,12.4875,12.4875,12.4875,12.4875,12.4875,12.4875,12.4875,12.4875,12.4875,12.4875,97.0,97.0,97.0,0.0,0.0,0.0,17.3125,17.3125,17.3125,537.255,537.255,537.255,97.0,0.0,17.3125,537.255,5
11776938.4582486,4.0083160400390625,40330880.05350038,6447.707765741155,323569.33462617645,536551.681468723,12.4875,12.4875,12.4875,12.4875,12.4875,12.4875,12.4875,12.4875,12.4875,12.4875,12.4875,98.0,98.0,98.0,0.0,0.0,0.0,17.3125,17.3125,17.3125,478.366,478.366,478.366,98.0,0.0,17.3125,478.366,5
11776939.45750872,4.00836181640625,40389742.55893504,6452.774278027412,323823.5905678074,536973.2957516806,12.4875,12.4875,12.4875,12.4875,12.4875,12.4875,12.4875,12.4875,12.4875,12.4875,12.4875,97.0,97.0,97.0,0.0,0.0,0.0,17.3125,17.3125,17.3125,483.565,483.565,483.565,97.0,0.0,17.3125,483.565,5
11776940.452096708,4.00836181640625,40606779.39109698,6488.113751678573,325344.7699090593,539495.7576973009,12.4875,12.4875,12.4875,12.4875,12.4875,12.4875,12.4875,12.4875,12.4875,12.4875,12.4875,100.0,100.0,100.0,0.0,0.0,0.0,17.3125,17.3125,17.3125,518.321,518.321,518.321,100.0,0.0,17.3125,518.321,5
11776941.453101682,4.00836181640625,40373591.613297835,6446.521417282518,323259.13316131197,536037.2967611629,12.4875,12.4875,12.4875,12.4875,12.4875,12.4875,12.4875,12.4875,12.4875,12.4875,12.4875,98.0,98.0,98.0,0.0,0.0,0.0,17.3125,17.3125,17.3125,623.139,623.139,623.139,98.0,0.0,17.3125,623.139,5
11776942.456064628,4.00836181640625,40321845.51316574,6433.936587585873,322628.0701623101,534990.8505223116,12.4875,12.4875,12.4875,12.4875,12.4875,12.4875,12.4875,12.4875,12.4875,12.4875,12.4875,97.0,97.0,97.0,0.0,0.0,0.0,17.3125,17.3125,17.3125,478.445,478.445,478.445,97.0,0.0,17.3125,478.445,5
11776943.458109451,4.00836181640625,40385917.94527354,6439.831683923302,322923.67822882964,535481.0360503378,12.4875,12.4875,12.4875,12.4875,12.4875,12.4875,12.4875,12.4875,12.4875,12.4875,12.4875,97.0,97.0,97.0,0.0,0.0,0.0,17.3125,17.3125,17.3125,478.652,478.652,478.652,97.0,0.0,17.3125,478.652,5
11776944.458396584,4.00836181640625,40484066.71528487,6451.147666889627,323491.11523985944,536421.9759040707,11.2375,11.2375,11.2375,11.2375,11.2375,11.2375,11.2375,11.2375,11.2375,11.2375,11.2375,96.0,96.0,96.0,0.0,0.0,0.0,17.3125,17.3125,17.3125,483.929,483.929,483.929,96.0,0.0,17.3125,483.929,5
11776945.45251644,4.00836181640625,40762576.80074971,6496.198579811001,325497.97479863156,539749.8063116549,12.4875,12.4875,12.4875,12.4875,12.4875,12.4875,12.4875,12.4875,12.4875,12.4875,12.4875,100.0,100.0,100.0,0.0,0.0,0.0,17.3125,17.3125,17.3125,598.505,598.505,598.505,100.0,0.0,17.3125,598.505,5
11776946.456034148,4.00836181640625,40407934.69255388,6435.3622758632655,322449.71611535136,534695.0988748231,12.4875,12.4875,12.4875,12.4875,12.4875,12.4875,12.4875,12.4875,12.4875,12.4875,12.4875,97.0,97.0,97.0,0.0,0.0,0.0,17.3125,17.3125,17.3125,515.675,515.675,515.675,97.0,0.0,17.3125,515.675,5
11776947.459537024,4.00836181640625,40435628.02657035,6435.45739353704,322454.48207344214,534703.0019192522,12.4875,12.4875,12.4875,12.4875,12.4875,12.4875,12.4875,12.4875,12.4875,12.4875,12.4875,97.0,97.0,97.0,0.0,0.0,0.0,17.3125,17.3125,17.3125,480.157,480.157,480.157,97.0,0.0,17.3125,480.157,5
11776948.456263771,4.00836181640625,40737805.11828354,6479.208083394659,324646.6504269398,538338.1165307483,12.475,12.475,12.475,12.475,12.475,12.475,12.475,12.475,12.475,12.475,12.475,98.0,98.0,98.0,0.0,0.0,0.0,17.3125,17.3125,17.3125,482.764,482.764,482.764,98.0,0.0,17.3125,482.764,5
11776949.459650869,4.00836181640625,40494520.12147507,6442.179710693592,322491.6892798693,534764.6999450998,12.4875,12.4875,12.4875,12.4875,12.4875,12.4875,12.4875,12.4875,12.4875,12.4875,12.4875,100.0,100.0,100.0,0.0,0.0,0.0,17.3125,17.3125,17.3125,535.007,535.007,535.007,100.0,0.0,17.3125,535.007,5
11776950.45799658,4.00836181640625,40726262.95996211,6474.7110354757615,324120.18807292526,537465.1219943444,12.4875,12.4875,12.4875,12.4875,12.4875,12.4875,12.4875,12.4875,12.4875,12.4875,12.4875,98.0,98.0,98.0,0.0,0.0,0.0,17.3125,17.3125,17.3125,607.152,607.152,607.152,98.0,0.0,17.3125,607.152,5
11776951.459124872,4.00836181640625,40640246.946228996,6456.714942049232,323219.3143267418,535971.2680607997,12.4875,12.4875,12.4875,12.4875,12.4875,12.4875,12.4875,12.4875,12.4875,12.4875,12.4875,98.0,98.0,98.0,0.0,0.0,0.0,17.3125,17.3125,17.3125,477.272,477.272,477.272,98.0,0.0,17.3125,477.272,5
11776952.459856404,4.00836181640625,40683550.69988551,6459.274836791955,323347.4611368329,536183.7646699381,12.475,12.475,12.475,12.475,12.475,12.475,12.475,12.475,12.475,12.475,12.475,98.0,98.0,98.0,0.0,0.0,0.0,17.3125,17.3125,17.3125,479.478,479.478,479.478,98.0,0.0,17.3125,479.478,5
11776953.4604049,4.00836181640625,40718189.201795205,6460.4564600313115,323406.6124942407,536281.8510980447,12.4875,12.4875,12.4875,12.4875,12.4875,12.4875,12.4875,12.4875,12.4875,12.4875,12.4875,98.0,98.0,98.0,0.0,0.0,0.0,17.3125,17.3125,17.3125,488.059,488.059,488.059,98.0,0.0,17.3125,488.059,5
11776954.453321563,4.00836181640625,41058570.72413601,6515.14900089102,325892.40598304523,540403.8630858092,12.4875,12.4875,12.4875,12.4875,12.4875,12.4875,12.4875,12.4875,12.4875,12.4875,12.4875,100.0,100.0,100.0,0.0,0.0,0.0,17.3125,17.3125,17.3125,610.836,610.836,610.836,100.0,0.0,17.3125,610.836,5
11776955.462674076,4.00836181640625,40416934.112133175,6409.059192775983,320585.7180144109,531604.1653150357,12.4875,12.4875,12.4875,12.4875,12.4875,12.4875,12.4875,12.4875,12.4875,12.4875,12.4875,97.0,97.0,97.0,0.0,0.0,0.0,17.3125,17.3125,17.3125,503.324,503.324,503.324,97.0,0.0,17.3125,503.324,5
11776956.462576428,4.00836181640625,40826091.55799001,6469.631742131803,323615.6001926074,536628.4003193869,12.4875,12.4875,12.4875,12.4875,12.4875,12.4875,12.4875,12.4875,12.4875,12.4875,12.4875,97.0,97.0,97.0,0.0,0.0,0.0,17.3125,17.3125,17.3125,478.565,478.565,478.565,97.0,0.0,17.3125,478.565,5
11776957.46134918,4.00836181640625,40899485.831003115,6476.948825471912,323981.60592695983,537235.3212206549,12.4875,12.4875,12.4875,12.4875,12.4875,12.4875,12.4875,12.4875,12.4875,12.4875,12.4875,98.0,98.0,98.0,0.0,0.0,0.0,17.3125,17.3125,17.3125,478.723,478.723,478.723,98.0,0.0,17.3125,478.723,5
11776958.454232054,4.00836181640625,41169496.49958508,6520.406555923146,325903.49629160255,540422.253344303,12.4875,12.4875,12.4875,12.4875,12.4875,12.4875,12.4875,12.4875,12.4875,12.4875,12.4875,100.0,100.0,100.0,0.0,0.0,0.0,17.3125,17.3125,17.3125,529.963,529.963,529.963,100.0,0.0,17.3125,529.963,5
11776959.458159292,4.00836181640625,40743668.9035884,6448.674518539794,322318.17970453826,534476.9815353736,12.475,12.475,12.475,12.475,12.475,12.475,12.475,12.475,12.475,12.475,12.475,97.0,97.0,97.0,0.0,0.0,0.0,17.3125,17.3125,17.3125,585.057,585.057,585.057,97.0,0.0,17.3125,585.057,5
11776960.461918335,4.00836181640625,40777587.28408797,6449.755091393741,322372.18898572016,534566.5412294854,12.4875,12.4875,12.4875,12.4875,12.4875,12.4875,12.4875,12.4875,12.4875,12.4875,12.4875,97.0,97.0,97.0,0.0,0.0,0.0,17.3125,17.3125,17.3125,476.737,476.737,476.737,97.0,0.0,17.3125,476.737,5
11776961.46207676,4.00836181640625,40951575.2294732,6472.974516290224,323532.744188949,536491.0061867383,12.4875,12.4875,12.4875,12.4875,12.4875,12.4875,12.4875,12.4875,12.4875,12.4875,12.4875,98.0,98.0,98.0,0.0,0.0,0.0,17.3125,17.3125,17.3125,479.869,479.869,479.869,98.0,0.0,17.3125,479.869,5
11776962.463017512,4.00836181640625,40946733.308050066,6467.915300374036,323279.87404328573,536071.689869246,12.4875,12.4875,12.4875,12.4875,12.4875,12.4875,12.4875,12.4875,12.4875,12.4875,12.4875,98.0,98.0,98.0,0.0,0.0,0.0,17.3125,17.3125,17.3125,481.364,481.364,481.364,98.0,0.0,17.3125,481.364,5
11776963.454933168,4.00836181640625,41346711.02470282,6531.80535981268,326221.28500534437,540949.2194392419,12.4875,12.4875,12.4875,12.4875,12.4875,12.4875,12.4875,12.4875,12.4875,12.4875,12.4875,100.0,100.0,100.0,0.0,0.0,0.0,17.3125,17.3125,17.3125,626.123,626.123,626.123,100.0,0.0,17.3125,626.123,5
11776964.459543005,4.00836181640625,40851323.089331396,6449.26992162963,322099.175539528,534113.8227301034,12.475,12.475,12.475,12.475,12.475,12.475,12.475,12.475,12.475,12.475,12.475,97.0,97.0,97.0,0.0,0.0,0.0,17.3125,17.3125,17.3125,486.722,486.722,486.722,97.0,0.0,17.3125,486.722,5
11776965.457273036,4.008365631103516,41160264.49935671,6493.740585865794,324320.1965946592,537796.7816949412,12.4875,12.4875,12.4875,12.4875,12.4875,12.4875,12.4875,12.4875,12.4875,12.4875,12.4875,98.0,98.0,98.0,0.0,0.0,0.0,17.3125,17.3125,17.3125,478.361,478.361,478.361,98.0,0.0,17.3125,478.361,5
11776966.45994499,4.008365631103516,40984528.2548616,6461.734547113205,322721.70268453145,535146.1145781471,12.4875,12.4875,12.4875,12.4875,12.4875,12.4875,12.4875,12.4875,12.4875,12.4875,12.4875,98.0,98.0,98.0,0.0,0.0,0.0,17.3125,17.3125,17.3125,484.428,484.428,484.428,98.0,0.0,17.3125,484.428,5
11776967.4569778,4.008369445800781,41243630.68843662,6503.296516373735,324546.99259011087,538172.861130437,12.4875,12.4875,12.4875,12.4875,12.4875,12.4875,12.4875,12.4875,12.4875,12.4875,12.4875,100.0,100.0,100.0,0.0,0.0,0.0,17.3125,17.3125,17.3125,548.608,548.608,548.608,100.0,0.0,17.3125,548.608,5
11776968.462413868,4.008369445800781,40925987.53240598,6448.94310417323,321834.48572189856,533674.9067034015,12.4875,12.4875,12.4875,12.4875,12.4875,12.4875,12.4875,12.4875,12.4875,12.4875,12.4875,97.0,97.0,97.0,0.0,0.0,0.0,17.3125,17.3125,17.3125,574.947,574.947,574.947,97.0,0.0,17.3125,574.947,5
11776969.46323573,4.008369445800781,41141862.05175716,6478.675420465928,323318.2768747759,536135.3705138689,12.4875,12.4875,12.4875,12.4875,12.4875,12.4875,12.4875,12.4875,12.4875,12.4875,12.4875,97.0,97.0,97.0,0.0,0.0,0.0,17.3125,17.3125,17.3125,480.046,480.046,480.046,97.0,0.0,17.3125,480.046,5
11776970.46131666,4.008369445800781,41282113.27580539,6496.467176946136,324206.1744270417,537607.706961297,12.4875,12.4875,12.4875,12.4875,12.4875,12.4875,12.4875,12.4875,12.4875,12.4875,12.4875,97.0,97.0,97.0,0.0,0.0,0.0,17.3125,17.3125,17.3125,489.507,489.507,489.507,97.0,0.0,17.3125,489.507,5
11776971.464393916,4.008380889892578,41103619.657791875,6469.092947745792,322591.30411517556,534929.8840390886,12.4875,12.4875,12.4875,12.4875,12.4875,12.4875,12.4875,12.4875,12.4875,12.4875,12.4875,95.0,95.0,95.0,0.0,0.0,0.0,17.3125,17.3125,17.3125,500.819,500.819,500.819,95.0,0.0,17.3125,500.819,5
11776972.45644658,4.008380889892578,41587829.41308826,6540.9833863295025,326176.23178949696,540874.5109420773,12.4875,12.4875,12.4875,12.4875,12.4875,12.4875,12.4875,12.4875,12.4875,12.4875,12.4875,100.0,100.0,100.0,0.0,0.0,0.0,17.3125,17.3125,17.3125,652.717,652.717,652.717,100.0,0.0,17.3125,652.717,5
11776973.46276806,4.008380889892578,41025219.94859579,6448.237603753997,321551.3201992808,533205.3537481745,12.4875,12.4875,12.4875,12.4875,12.4875,12.4875,12.4875,12.4875,12.4875,12.4875,12.4875,98.0,98.0,98.0,0.0,0.0,0.0,17.3125,17.3125,17.3125,479.861,479.861,479.861,98.0,0.0,17.3125,479.861,5
11776974.463740803,4.008380889892578,41271624.27192299,6482.69399780775,323269.54146811884,536054.5561053616,12.4875,12.4875,12.4875,12.4875,12.4875,12.4875,12.4875,12.4875,12.4875,12.4875,12.4875,97.0,97.0,97.0,0.0,0.0,0.0,17.3125,17.3125,17.3125,479.514,479.514,479.514,97.0,0.0,17.3125,479.514,5
11776975.462156514,4.008388519287109,41404578.84346713,6499.296768247903,324097.4642405192,537427.4407026331,12.4875,12.4875,12.4875,12.4875,12.4875,12.4875,12.4875,12.4875,12.4875,12.4875,12.4875,97.0,97.0,97.0,0.0,0.0,0.0,17.3125,17.3125,17.3125,485.805,485.805,485.805,97.0,0.0,17.3125,485.805,5
11776976.456609331,4.008388519287109,41596943.84454159,6530.224347097431,325388.9921667963,539569.0882765863,12.4875,12.4875,12.4875,12.4875,12.4875,12.4875,12.4875,12.4875,12.4875,12.4875,12.4875,100.0,100.0,100.0,0.0,0.0,0.0,17.3125,17.3125,17.3125,553.525,553.525,553.525,100.0,0.0,17.3125,553.525,5
11776977.46346516,4.008388519287109,41111555.220330715,6449.781403624613,321380.6691885535,532922.3754898799,12.4875,12.4875,12.4875,12.4875,12.4875,12.4875,12.4875,12.4875,12.4875,12.4875,12.4875,98.0,98.0,98.0,0.0,0.0,0.0,17.3125,17.3125,17.3125,550.702,550.702,550.702,98.0,0.0,17.3125,550.702,5
11776978.46142922,4.008388519287109,41505121.94070246,6507.248367671024,324244.1416391224,537670.6652496839,12.4875,12.4875,12.4875,12.4875,12.4875,12.4875,12.4875,12.4875,12.4875,12.4875,12.4875,98.0,98.0,98.0,0.0,0.0,0.0,17.3125,17.3125,17.3125,481.35,481.35,481.35,98.0,0.0,17.3125,481.35,5
11776979.462437363,4.008392333984375,41406087.715660006,6487.459708699741,323258.10939019045,536035.5991153792,12.4875,12.4875,12.4875,12.4875,12.4875,12.4875,12.4875,12.4875,12.4875,12.4875,12.4875,97.0,97.0,97.0,0.0,0.0,0.0,17.3125,17.3125,17.3125,480.508,480.508,480.508,97.0,0.0,17.3125,480.508,5
11776980.464248808,4.008392333984375,41400053.09079109,6487.248707326391,322998.90532566595,535605.7797172435,12.4875,12.4875,12.4875,12.4875,12.4875,12.4875,12.4875,12.4875,12.4875,12.4875,12.4875,96.0,96.0,96.0,0.0,0.0,0.0,17.3125,17.3125,17.3125,496.405,496.405,496.405,96.0,0.0,17.3125,496.405,5
11776981.457360974,4.008392333984375,41790101.30230873,6544.07450225249,325828.25107506843,540297.4796308097,11.2375,11.2375,11.2375,11.2375,11.2375,11.2375,11.2375,11.2375,11.2375,11.2375,11.2375,98.0,98.0,98.0,0.0,0.0,0.0,17.3125,17.3125,17.3125,644.395,644.395,644.395,98.0,0.0,17.3125,644.395,5
11776982.46230972,4.008392333984375,41324962.241341114,6466.996474394506,321990.55041859846,533933.6975295747,12.4875,12.4875,12.4875,12.4875,12.4875,12.4875,12.4875,12.4875,12.4875,12.4875,12.4875,98.0,98.0,98.0,0.0,0.0,0.0,17.3125,17.3125,17.3125,477.433,477.433,477.433,98.0,0.0,17.3125,477.433,5
11776983.463423995,4.008392333984375,41510425.957394905,6491.766385021842,323223.83965701,535978.7720894722,12.4875,12.4875,12.4875,12.4875,12.4875,12.4875,12.4875,12.4875,12.4875,12.4875,12.4875,97.0,97.0,97.0,0.0,0.0,0.0,17.3125,17.3125,17.3125,477.776,477.776,477.776,97.0,0.0,17.3125,477.776,5
11776984.464167697,4.008392333984375,41552987.95750518,6494.170272229363,323343.52875351073,536177.2438824038,12.4875,12.4875,12.4875,12.4875,12.4875,12.4875,12.4875,12.4875,12.4875,12.4875,12.4875,98.0,98.0,98.0,0.0,0.0,0.0,17.3125,17.3125,17.3125,482.695,482.695,482.695,98.0,0.0,17.3125,482.695,5
11776985.457205104,4.0084075927734375,41902971.36210644,6585.854629589938,325852.78049865906,556837.029966063,2.5,2.5,2.5,2.5,2.5,2.5,2.5,2.5,2.5,2.5,2.5,0.0,0.0,0.0,0.0,0.0,0.0,5.947265625,5.947265625,5.947265625,302.864,302.864,302.864,0.0,0.0,5.947265625,302.864,5
11776986.456565645,4.008399963378906,41666124.78341477,6552.189857548896,323791.0511400583,553313.821568454,0.0,0.0,0.0,0.0,0.0,0.0,0.0,0.0,0.0,0.0,0.0,0.0,0.0,0.0,0.0,0.0,0.0,11.236328125,11.236328125,11.236328125,143.624,143.624,143.624,0.0,0.0,11.236328125,143.624,5
11776987.45764892,4.010326385498047,41621652.29199185,6548.905732157077,323233.8487544716,552361.6402766287,12.4875,12.4875,12.4875,12.4875,12.4875,12.4875,12.4875,12.4875,12.4875,12.4875,12.4875,100.0,100.0,100.0,0.0,0.0,0.0,28.37890625,28.37890625,28.37890625,480.22,480.22,480.22,100.0,0.0,28.37890625,480.22,5
11776988.45765778,4.010326385498047,41693573.56979799,6555.941910401605,323581.1328760514,552955.1004843917,12.4875,12.4875,12.4875,12.4875,12.4875,12.4875,12.4875,12.4875,12.4875,12.4875,12.4875,100.0,100.0,100.0,0.0,0.0,0.0,28.37890625,28.37890625,28.37890625,660.959,660.959,660.959,100.0,0.0,28.37890625,660.959,5
11776989.462271137,4.010341644287109,41529543.40415132,6525.893724691569,322098.04682895006,550420.7129355476,12.4875,12.4875,12.4875,12.4875,12.4875,12.4875,12.4875,12.4875,12.4875,12.4875,12.4875,99.0,99.0,99.0,0.0,0.0,0.0,28.380859375,28.380859375,28.380859375,565.09,565.09,565.09,99.0,0.0,28.380859375,565.09,5
11776990.460996429,4.010341644287109,41801609.874043874,6564.367656288765,323997.00178348745,553665.7625414026,12.475,12.475,12.475,12.475,12.475,12.475,12.475,12.475,12.475,12.475,12.475,99.0,99.0,99.0,0.0,0.0,0.0,28.3828125,28.3828125,28.3828125,580.906,580.906,580.906,99.0,0.0,28.3828125,580.906,5
11776991.457708947,4.010341644287109,41913305.20053243,6577.623814262177,324651.28497776267,554783.8414176957,12.4875,12.4875,12.4875,12.4875,12.4875,12.4875,12.4875,12.4875,12.4875,12.4875,12.4875,99.0,99.0,99.0,0.0,0.0,0.0,28.3828125,28.3828125,28.3828125,580.695,580.695,580.695,99.0,0.0,28.3828125,580.695,5
11776992.458661202,4.010341644287109,41762938.03424394,6549.762955602451,323276.15866773395,552433.9420271403,12.4875,12.4875,12.4875,12.4875,12.4875,12.4875,12.4875,12.4875,12.4875,12.4875,12.4875,98.0,98.0,98.0,0.0,0.0,0.0,28.3828125,28.3828125,28.3828125,581.686,581.686,581.686,98.0,0.0,28.3828125,581.686,5
11776993.46532378,4.010341644287109,41553047.60451668,6512.609236943666,321442.3653641213,549300.2446095743,12.4875,12.4875,12.4875,12.4875,12.4875,12.4875,12.4875,12.4875,12.4875,12.4875,12.4875,99.0,99.0,99.0,0.0,0.0,0.0,28.3828125,28.3828125,28.3828125,582.476,582.476,582.476,99.0,0.0,28.3828125,582.476,5
11776994.456723137,4.010341644287109,42220214.99250765,6617.9183525221015,326391.17393423436,557757.0693812865,12.4875,12.4875,12.4875,12.4875,12.4875,12.4875,12.4875,12.4875,12.4875,12.4875,12.4875,100.0,100.0,100.0,0.0,0.0,0.0,28.3828125,28.3828125,28.3828125,627.199,627.199,627.199,100.0,0.0,28.3828125,627.199,5
11776995.457534797,4.010341644287109,41850316.74419422,6555.679013230339,323321.57259825116,552511.5481109355,12.4875,12.4875,12.4875,12.4875,12.4875,12.4875,12.4875,12.4875,12.4875,12.4875,12.4875,100.0,100.0,100.0,0.0,0.0,0.0,28.3828125,28.3828125,28.3828125,683.731,683.731,683.731,100.0,0.0,28.3828125,683.731,5
11776996.458892543,4.010341644287109,41854648.045018435,6552.10391119048,323145.2510286024,552210.2390995105,12.4875,12.4875,12.4875,12.4875,12.4875,12.4875,12.4875,12.4875,12.4875,12.4875,12.4875,99.0,99.0,99.0,0.0,0.0,0.0,28.3828125,28.3828125,28.3828125,612.975,612.975,612.975,99.0,0.0,28.3828125,612.975,5
11776997.466951044,4.010341644287109,41603405.895037875,6508.550833943852,320997.2432633573,548539.5929183954,12.4875,12.4875,12.4875,12.4875,12.4875,12.4875,12.4875,12.4875,12.4875,12.4875,12.4875,98.0,98.0,98.0,0.0,0.0,0.0,28.3828125,28.3828125,28.3828125,587.864,587.864,587.864,98.0,0.0,28.3828125,587.864,5
11776998.460152268,4.010341644287109,42253127.54383457,6605.912115870444,325799.0346139036,556745.1857326201,12.4875,12.4875,12.4875,12.4875,12.4875,12.4875,12.4875,12.4875,12.4875,12.4875,12.4875,99.0,99.0,99.0,0.0,0.0,0.0,28.3828125,28.3828125,28.3828125,585.778,585.778,585.778,99.0,0.0,28.3828125,585.778,5
11776999.462256871,4.010341644287109,41904855.924809806,6547.22070128028,322904.41447996924,551798.6829720993,12.4875,12.4875,12.4875,12.4875,12.4875,12.4875,12.4875,12.4875,12.4875,12.4875,12.4875,99.0,99.0,99.0,0.0,0.0,0.0,28.3828125,28.3828125,28.3828125,585.845,585.845,585.845,99.0,0.0,28.3828125,585.845,5
11777000.45856482,4.0103607177734375,42175955.79646644,6585.313315217056,324783.1159565913,555009.1222043016,12.4875,12.4875,12.4875,12.4875,12.4875,12.4875,12.4875,12.4875,12.4875,12.4875,12.4875,99.0,99.0,99.0,0.0,0.0,0.0,28.3828125,28.3828125,28.3828125,587.357,587.357,587.357,99.0,0.0,28.3828125,587.357,5
11777001.468957864,4.0103607177734375,41614930.200204544,6498.461206874613,320255.5697784518,547272.1762036835,12.4875,12.4875,12.4875,12.4875,12.4875,12.4875,12.4875,12.4875,12.4875,12.4875,12.4875,100.0,100.0,100.0,0.0,0.0,0.0,28.3828125,28.3828125,28.3828125,608.327,608.327,608.327,100.0,0.0,28.3828125,608.327,5
11777002.458758837,4.0103607177734375,42508185.13367915,6633.656846184941,326918.24808344623,558657.7657122182,12.4875,12.4875,12.4875,12.4875,12.4875,12.4875,12.4875,12.4875,12.4875,12.4875,12.4875,100.0,100.0,100.0,0.0,0.0,0.0,28.3828125,28.3828125,28.3828125,686.84,686.84,686.84,100.0,0.0,28.3828125,686.84,5
11777003.468519308,4.010387420654297,41694892.211186536,6502.532222420675,320456.1965671294,547615.0194501579,12.4875,12.4875,12.4875,12.4875,12.4875,12.4875,12.4875,12.4875,12.4875,12.4875,12.4875,98.0,98.0,98.0,0.0,0.0,0.0,28.3828125,28.3828125,28.3828125,615.865,615.865,615.865,98.0,0.0,28.3828125,615.865,5
11777004.46677311,4.010387420654297,42202759.38088065,6577.485593256397,324150.0301870664,553927.2667753666,12.4875,12.4875,12.4875,12.4875,12.4875,12.4875,12.4875,12.4875,12.4875,12.4875,12.4875,98.0,98.0,98.0,0.0,0.0,0.0,28.3828125,28.3828125,28.3828125,583.467,583.467,583.467,98.0,0.0,28.3828125,583.467,5
11777005.463156668,4.010387420654297,42309285.03482509,6589.831737951937,324758.4698588851,554967.0054550568,12.4875,12.4875,12.4875,12.4875,12.4875,12.4875,12.4875,12.4875,12.4875,12.4875,12.4875,97.0,97.0,97.0,0.0,0.0,0.0,28.3828125,28.3828125,28.3828125,578.852,578.852,578.852,97.0,0.0,28.3828125,578.852,5
11777006.467523295,4.010387420654297,42000088.28205837,6537.453379802273,322177.17247181525,550555.9276417096,12.4875,12.4875,12.4875,12.4875,12.4875,12.4875,12.4875,12.4875,12.4875,12.4875,12.4875,98.0,98.0,98.0,0.0,0.0,0.0,28.3828125,28.3828125,28.3828125,578.279,578.279,578.279,98.0,0.0,28.3828125,578.279,5
11777007.45960522,4.010387420654297,42547593.02099672,6618.405025566373,326166.6116041531,557373.3236273503,11.2375,11.2375,11.2375,11.2375,11.2375,11.2375,11.2375,11.2375,11.2375,11.2375,11.2375,98.0,98.0,98.0,0.0,0.0,0.0,28.3828125,28.3828125,28.3828125,579.758,579.758,579.758,98.0,0.0,28.3828125,579.758,5
11777008.468821552,4.010387420654297,41852190.3628225,6510.992537986291,320628.9772350869,547910.2775536295,12.4875,12.4875,12.4875,12.4875,12.4875,12.4875,12.4875,12.4875,12.4875,12.4875,12.4875,100.0,100.0,100.0,0.0,0.0,0.0,28.3828125,28.3828125,28.3828125,595.912,595.912,595.912,100.0,0.0,28.3828125,595.912,5
11777009.459710963,4.010387420654297,42653725.54485923,6631.41610382721,326559.14602660533,558044.1102986294,13.7375,13.7375,13.7375,13.7375,13.7375,13.7375,13.7375,13.7375,13.7375,13.7375,13.7375,100.0,100.0,100.0,0.0,0.0,0.0,28.3828125,28.3828125,28.3828125,677.071,677.071,677.071,100.0,0.0,28.3828125,677.071,5
11777010.460689347,4.010387420654297,42250998.2922328,6564.5773214859,323267.71998108254,552419.5214866601,12.4875,12.4875,12.4875,12.4875,12.4875,12.4875,12.4875,12.4875,12.4875,12.4875,12.4875,98.0,98.0,98.0,0.0,0.0,0.0,28.3828125,28.3828125,28.3828125,648.82,648.82,648.82,98.0,0.0,28.3828125,648.82,5
11777011.459553888,4.010387420654297,42367653.74094075,6578.469583611603,323951.83408056264,553588.5772262779,12.4875,12.4875,12.4875,12.4875,12.4875,12.4875,12.4875,12.4875,12.4875,12.4875,12.4875,98.0,98.0,98.0,0.0,0.0,0.0,28.3828125,28.3828125,28.3828125,575.107,575.107,575.107,98.0,0.0,28.3828125,575.107,5
11777012.46734402,4.010387420654297,42019421.18366059,6520.206732185583,321082.7233644103,548685.6665088023,12.475,12.475,12.475,12.475,12.475,12.475,12.475,12.475,12.475,12.475,12.475,98.0,98.0,98.0,0.0,0.0,0.0,28.3828125,28.3828125,28.3828125,587.378,587.378,587.378,98.0,0.0,28.3828125,587.378,5
11777013.467940211,4.010387420654297,42348721.04256575,6567.084758350098,323391.19684157026,552630.526248253,12.4875,12.4875,12.4875,12.4875,12.4875,12.4875,12.4875,12.4875,12.4875,12.4875,12.4875,99.0,99.0,99.0,0.0,0.0,0.0,28.3828125,28.3828125,28.3828125,584.807,584.807,584.807,99.0,0.0,28.3828125,584.807,5
11777014.465068972,4.010387420654297,42523274.50789691,6589.92124255482,324515.76249442383,554552.2523638888,12.4875,12.4875,12.4875,12.4875,12.4875,12.4875,12.4875,12.4875,12.4875,12.4875,12.4875,99.0,99.0,99.0,0.0,0.0,0.0,28.3828125,28.3828125,28.3828125,584.515,584.515,584.515,99.0,0.0,28.3828125,584.515,5
11777015.4603686,4.010387420654297,42628762.03929525,6602.032006356523,325112.1480360477,555571.3922134992,12.4875,12.4875,12.4875,12.4875,12.4875,12.4875,12.4875,12.4875,12.4875,12.4875,12.4875,98.0,98.0,98.0,0.0,0.0,0.0,28.3828125,28.3828125,28.3828125,586.712,586.712,586.712,98.0,0.0,28.3828125,586.712,5
11777016.460514244,4.010387420654297,42449424.49816172,6575.0423848588825,323536.87881115824,552879.4764494476,12.4875,12.4875,12.4875,12.4875,12.4875,12.4875,12.4875,12.4875,12.4875,12.4875,12.4875,100.0,100.0,100.0,0.0,0.0,0.0,28.3828125,28.3828125,28.3828125,658.604,658.604,658.604,100.0,0.0,28.3828125,658.604,5
11777017.463414058,4.010387420654297,42359981.91458334,6556.985957718248,322648.37958368333,551361.1549847753,12.4875,12.4875,12.4875,12.4875,12.4875,12.4875,12.4875,12.4875,12.4875,12.4875,12.4875,100.0,100.0,100.0,0.0,0.0,0.0,28.3828125,28.3828125,28.3828125,690.068,690.068,690.068,100.0,0.0,28.3828125,690.068,5
11777018.462178309,4.010387420654297,42562605.72182589,6584.136343672077,323984.3635387447,553644.1655408929,12.4875,12.4875,12.4875,12.4875,12.4875,12.4875,12.4875,12.4875,12.4875,12.4875,12.4875,99.0,99.0,99.0,0.0,0.0,0.0,28.3828125,28.3828125,28.3828125,557.093,557.093,557.093,99.0,0.0,28.3828125,557.093,5
11777019.468661947,4.010387420654297,42263180.80706197,6533.63825045465,321499.5133265081,549397.9025199822,11.225,11.225,11.225,11.225,11.225,11.225,11.225,11.225,11.225,11.225,11.225,97.0,97.0,97.0,0.0,0.0,0.0,28.3828125,28.3828125,28.3828125,561.465,561.465,561.465,97.0,0.0,28.3828125,561.465,5
11777020.469934251,4.010387420654297,42510306.967103004,6567.643960426485,323172.8259261928,552257.3607599498,12.4875,12.4875,12.4875,12.4875,12.4875,12.4875,12.4875,12.4875,12.4875,12.4875,12.4875,99.0,99.0,99.0,0.0,0.0,0.0,28.3828125,28.3828125,28.3828125,566.966,566.966,566.966,99.0,0.0,28.3828125,566.966,5
11777021.4662861,4.010395050048828,42747517.38599872,6600.078079546815,324768.8055492817,554984.6677107979,12.4875,12.4875,12.4875,12.4875,12.4875,12.4875,12.4875,12.4875,12.4875,12.4875,12.4875,99.0,99.0,99.0,0.0,0.0,0.0,28.3828125,28.3828125,28.3828125,562.742,562.742,562.742,99.0,0.0,28.3828125,562.742,5
11777022.460943248,4.010395050048828,42847667.761286974,6611.323324188994,325322.1481956161,555930.253245673,12.4875,12.4875,12.4875,12.4875,12.4875,12.4875,12.4875,12.4875,12.4875,12.4875,12.4875,98.0,98.0,98.0,0.0,0.0,0.0,28.3828125,28.3828125,28.3828125,586.632,586.632,586.632,98.0,0.0,28.3828125,586.632,5
11777023.4608873,4.010395050048828,42648301.09876503,6581.368216181378,323602.10497870157,552990.9388876546,12.4875,12.4875,12.4875,12.4875,12.4875,12.4875,12.4875,12.4875,12.4875,12.4875,12.4875,100.0,100.0,100.0,0.0,0.0,0.0,28.3828125,28.3828125,28.3828125,642.665,642.665,642.665,100.0,0.0,28.3828125,642.665,5
11777024.464257777,4.010395050048828,42529740.492675066,6558.893401388749,322497.0312102989,551102.5216884854,12.4875,12.4875,12.4875,12.4875,12.4875,12.4875,12.4875,12.4875,12.4875,12.4875,12.4875,100.0,100.0,100.0,0.0,0.0,0.0,28.3828125,28.3828125,28.3828125,683.99,683.99,683.99,100.0,0.0,28.3828125,683.99,5
11777025.467376271,4.0104217529296875,42567510.45169003,6560.540988841639,322578.04214151844,551240.9580899366,12.4875,12.4875,12.4875,12.4875,12.4875,12.4875,12.4875,12.4875,12.4875,12.4875,12.4875,97.0,97.0,97.0,0.0,0.0,0.0,28.3828125,28.3828125,28.3828125,573.832,573.832,573.832,97.0,0.0,28.3828125,573.832,5
11777026.469081346,4.0104217529296875,42654698.55339279,6569.798003752483,323033.20426169934,552018.7667763217,12.4875,12.4875,12.4875,12.4875,12.4875,12.4875,12.4875,12.4875,12.4875,12.4875,12.4875,99.0,99.0,99.0,0.0,0.0,0.0,28.3828125,28.3828125,28.3828125,571.5,571.5,571.5,99.0,0.0,28.3828125,571.5,5
11777027.468330428,4.0104217529296875,42786728.32194784,6585.945504640068,323827.16763006407,553375.5396209956,12.4875,12.4875,12.4875,12.4875,12.4875,12.4875,12.4875,12.4875,12.4875,12.4875,12.4875,99.0,99.0,99.0,0.0,0.0,0.0,28.3828125,28.3828125,28.3828125,569.888,569.888,569.888,99.0,0.0,28.3828125,569.888,5
11777028.46776264,4.0104217529296875,42806074.78664327,6584.738737338342,323767.8315731485,553274.1425617094,12.4875,12.4875,12.4875,12.4875,12.4875,12.4875,12.4875,12.4875,12.4875,12.4875,12.4875,99.0,99.0,99.0,0.0,0.0,0.0,28.3828125,28.3828125,28.3828125,577.613,577.613,577.613,99.0,0.0,28.3828125,577.613,5
11777029.469204191,4.0104217529296875,42747318.544285685,6571.5268065132495,323118.2085030821,552164.0271888112,12.4875,12.4875,12.4875,12.4875,12.4875,12.4875,12.4875,12.4875,12.4875,12.4875,12.4875,99.0,99.0,99.0,0.0,0.0,0.0,28.3828125,28.3828125,28.3828125,582.649,582.649,582.649,99.0,0.0,28.3828125,582.649,5
11777030.46329534,4.0104217529296875,43090733.706876054,6625.1470037185145,325507.3744383923,556246.7791035818,12.4875,12.4875,12.4875,12.4875,12.4875,12.4875,12.4875,12.4875,12.4875,12.4875,12.4875,100.0,100.0,100.0,0.0,0.0,0.0,28.3828125,28.3828125,28.3828125,621.655,621.655,621.655,100.0,0.0,28.3828125,621.655,5
11777031.462158972,4.01043701171875,42912051.88861306,6593.4926349655125,323952.1288783298,553589.0809946143,12.4875,12.4875,12.4875,12.4875,12.4875,12.4875,12.4875,12.4875,12.4875,12.4875,12.4875,100.0,100.0,100.0,0.0,0.0,0.0,28.3828125,28.3828125,28.3828125,687.798,687.798,687.798,100.0,0.0,28.3828125,687.798,5
11777032.46839266,4.01043701171875,42624749.59105018,6545.199266966494,321579.37437019224,549534.3739237462,12.4875,12.4875,12.4875,12.4875,12.4875,12.4875,12.4875,12.4875,12.4875,12.4875,12.4875,98.0,98.0,98.0,0.0,0.0,0.0,28.3828125,28.3828125,28.3828125,596.847,596.847,596.847,98.0,0.0,28.3828125,596.847,5
11777033.470165364,4.01043701171875,42841730.31032399,6574.345633808172,323011.39653358393,551981.5004054914,12.4875,12.4875,12.4875,12.4875,12.4875,12.4875,12.4875,12.4875,12.4875,12.4875,12.4875,98.0,98.0,98.0,0.0,0.0,0.0,28.3828125,28.3828125,28.3828125,572.1,572.1,572.1,98.0,0.0,28.3828125,572.1,5
11777034.469406426,4.01043701171875,42977484.26707143,6591.002165239735,323829.7668747243,553379.9813681998,12.4875,12.4875,12.4875,12.4875,12.4875,12.4875,12.4875,12.4875,12.4875,12.4875,12.4875,98.0,98.0,98.0,0.0,0.0,0.0,28.3828125,28.3828125,28.3828125,580.114,580.114,580.114,98.0,0.0,28.3828125,580.114,5
11777035.4629306,4.01043701171875,43252151.43821306,6628.927787728277,325693.1322903533,556564.2134075657,12.4875,12.4875,12.4875,12.4875,12.4875,12.4875,12.4875,12.4875,12.4875,12.4875,12.4875,98.0,98.0,98.0,0.0,0.0,0.0,28.3828125,28.3828125,28.3828125,580.672,580.672,580.672,98.0,0.0,28.3828125,580.672,5
11777036.462423231,4.01043701171875,43021076.50785919,6589.343220407422,323748.2594339987,553240.696501137,12.4875,12.4875,12.4875,12.4875,12.4875,12.4875,12.4875,12.4875,12.4875,12.4875,12.4875,98.0,98.0,98.0,0.0,0.0,0.0,28.3828125,28.3828125,28.3828125,580.497,580.497,580.497,98.0,0.0,28.3828125,580.497,5
11777037.467466412,4.01043701171875,42810543.69402333,6557.927188437431,321960.29606180213,550185.3160549783,12.4875,12.4875,12.4875,12.4875,12.4875,12.4875,12.4875,12.4875,12.4875,12.4875,12.4875,96.0,96.0,96.0,0.0,0.0,0.0,28.3828125,28.3828125,28.3828125,606.653,606.653,606.653,96.0,0.0,28.3828125,606.653,5
11777038.4629147,4.01043701171875,43250499.837435365,6621.137513880047,325063.5960083995,555488.4235586574,12.4875,12.4875,12.4875,12.4875,12.4875,12.4875,12.4875,12.4875,12.4875,12.4875,12.4875,100.0,100.0,100.0,0.0,0.0,0.0,28.3828125,28.3828125,28.3828125,686.391,686.391,686.391,100.0,0.0,28.3828125,686.391,5
11777039.468453996,4.01043701171875,42843504.140537664,6554.6916216414265,321801.44647204055,549913.8642243731,12.475,12.475,12.475,12.475,12.475,12.475,12.475,12.475,12.475,12.475,12.475,98.0,98.0,98.0,0.0,0.0,0.0,28.3828125,28.3828125,28.3828125,632.192,632.192,632.192,98.0,0.0,28.3828125,632.192,5
11777040.46941772,4.010448455810547,43066529.78235905,6584.65421539587,323272.454807261,552427.6126453194,12.475,12.475,12.475,12.475,12.475,12.475,12.475,12.475,12.475,12.475,12.475,98.0,98.0,98.0,0.0,0.0,0.0,28.3828125,28.3828125,28.3828125,570.857,570.857,570.857,98.0,0.0,28.3828125,570.857,5
11777041.469123622,4.010448455810547,43147934.66812756,6592.938962039713,323679.1930044999,553122.6715899681,12.4875,12.4875,12.4875,12.4875,12.4875,12.4875,12.4875,12.4875,12.4875,12.4875,12.4875,99.0,99.0,99.0,0.0,0.0,0.0,28.3828125,28.3828125,28.3828125,584.272,584.272,584.272,99.0,0.0,28.3828125,584.272,5
11777042.46446851,4.010448455810547,43364321.75641427,6621.825335808659,325097.36450649507,555546.12921996,12.4875,12.4875,12.4875,12.4875,12.4875,12.4875,12.4875,12.4875,12.4875,12.4875,12.4875,98.0,98.0,98.0,0.0,0.0,0.0,28.3828125,28.3828125,28.3828125,581.711,581.711,581.711,98.0,0.0,28.3828125,581.711,5
11777043.462675951,4.010448455810547,43267226.072817445,6602.835975696218,324165.08517063956,553952.9936460296,11.2375,11.2375,11.2375,11.2375,11.2375,11.2375,11.2375,11.2375,11.2375,11.2375,11.2375,98.0,98.0,98.0,0.0,0.0,0.0,28.3828125,28.3828125,28.3828125,582.461,582.461,582.461,98.0,0.0,28.3828125,582.461,5
11777044.470669452,4.0104522705078125,42874215.92585374,6580.399571551896,321017.942855578,564829.0386952574,0.0,0.0,0.0,0.0,0.0,0.0,0.0,0.0,0.0,0.0,0.0,0.0,0.0,0.0,0.0,0.0,0.0,5.947265625,5.947265625,5.947265625,446.323,446.323,446.323,0.0,0.0,5.947265625,446.323,5
11777045.46653103,5.546802520751953,43424933.669025734,6667.593309955434,324928.691808527,571709.9767263955,99.9125,99.9125,99.9125,99.9125,99.9125,99.9125,99.9125,99.9125,99.9125,99.9125,99.9125,15.0,15.0,15.0,0.0,0.0,0.0,11.234375,11.234375,11.234375,145.38,145.38,145.38,15.0,0.0,11.234375,145.38,5
11777046.46451705,4.010498046875,43359828.886383176,6658.409913334946,324237.00728315656,570492.9621817565,8.6125,8.6125,8.6125,8.6125,8.6125,8.6125,8.6125,8.6125,8.6125,8.6125,8.6125,0.0,0.0,0.0,0.0,0.0,0.0,11.236328125,11.236328125,11.236328125,141.697,141.697,141.697,0.0,0.0,11.236328125,141.697,5
11777047.46265434,4.010658264160156,43380526.35507481,6664.413872642682,324187.8680945895,570406.5020904803,12.4875,12.4875,12.4875,12.4875,12.4875,12.4875,12.4875,12.4875,12.4875,12.4875,12.4875,100.0,100.0,100.0,0.0,0.0,0.0,49.515625,49.515625,49.515625,572.207,572.207,572.207,100.0,0.0,49.515625,572.207,5
11777048.462797172,4.010658264160156,43320744.35867803,6651.050009124261,323537.78805659426,569262.6903780582,12.4875,12.4875,12.4875,12.4875,12.4875,12.4875,12.4875,12.4875,12.4875,12.4875,12.4875,100.0,100.0,100.0,0.0,0.0,0.0,49.515625,49.515625,49.515625,680.107,680.107,680.107,100.0,0.0,49.515625,680.107,5
11777049.463522905,4.010658264160156,43322702.280268945,6647.175924302067,323349.3346796994,568931.1078541545,12.4875,12.4875,12.4875,12.4875,12.4875,12.4875,12.4875,12.4875,12.4875,12.4875,12.4875,100.0,100.0,100.0,0.0,0.0,0.0,49.515625,49.515625,49.515625,689.918,689.918,689.918,100.0,0.0,49.515625,689.918,5
11777050.463307148,4.010658264160156,43390715.87837842,6653.4355295358755,323653.83078613,569466.8668262287,12.4875,12.4875,12.4875,12.4875,12.4875,12.4875,12.4875,12.4875,12.4875,12.4875,12.4875,97.0,97.0,97.0,0.0,0.0,0.0,49.5234375,49.5234375,49.5234375,671.221,671.221,671.221,97.0,0.0,49.5234375,671.221,5
11777051.471352529,4.010658264160156,43062113.88988637,6598.909261237365,321001.42128506186,564799.9690965012,12.4875,12.4875,12.4875,12.4875,12.4875,12.4875,12.4875,12.4875,12.4875,12.4875,12.4875,99.0,99.0,99.0,0.0,0.0,0.0,49.5234375,49.5234375,49.5234375,575.417,575.417,575.417,99.0,0.0,49.5234375,575.417,5
11777052.466108667,4.010658264160156,43664747.91441478,6687.066051880531,325289.7747041055,572345.2997958312,12.4875,12.4875,12.4875,12.4875,12.4875,12.4875,12.4875,12.4875,12.4875,12.4875,12.4875,99.0,99.0,99.0,0.0,0.0,0.0,49.5234375,49.5234375,49.5234375,576.863,576.863,576.863,99.0,0.0,49.5234375,576.863,5
11777053.470104773,4.010658264160156,43289995.59472351,6625.523705862664,322296.07078139874,567077.8966913217,12.475,12.475,12.475,12.475,12.475,12.475,12.475,12.475,12.475,12.475,12.475,99.0,99.0,99.0,0.0,0.0,0.0,49.5234375,49.5234375,49.5234375,577.014,577.014,577.014,99.0,0.0,49.5234375,577.014,5
11777054.4637842,4.010658264160156,43766789.20318282,6694.311889590562,325642.2457127589,572965.4703047277,13.7375,13.7375,13.7375,13.7375,13.7375,13.7375,13.7375,13.7375,13.7375,13.7375,13.7375,97.0,97.0,97.0,0.0,0.0,0.0,49.5234375,49.5234375,49.5234375,577.672,577.672,577.672,97.0,0.0,49.5234375,577.672,5
11777055.463712431,4.010669708251953,43520452.36353505,6652.4774331217595,323607.22455190495,569384.8634520859,12.4875,12.4875,12.4875,12.4875,12.4875,12.4875,12.4875,12.4875,12.4875,12.4875,12.4875,98.0,98.0,98.0,0.0,0.0,0.0,49.5234375,49.5234375,49.5234375,572.501,572.501,572.501,98.0,0.0,49.5234375,572.501,5
11777056.46968805,4.010669708251953,43285840.31199818,6612.4863014941475,321661.87122409535,565962.0265841677,12.4875,12.4875,12.4875,12.4875,12.4875,12.4875,12.4875,12.4875,12.4875,12.4875,12.4875,99.0,99.0,99.0,0.0,0.0,0.0,49.5234375,49.5234375,49.5234375,581.741,581.741,581.741,99.0,0.0,49.5234375,581.741,5
11777057.463330247,4.010669708251953,43850463.65060253,6694.562717225327,325654.44712727604,572986.9386163465,12.4875,12.4875,12.4875,12.4875,12.4875,12.4875,12.4875,12.4875,12.4875,12.4875,12.4875,98.0,98.0,98.0,0.0,0.0,0.0,49.5234375,49.5234375,49.5234375,583.853,583.853,583.853,98.0,0.0,49.5234375,583.853,5
11777058.464482969,4.010669708251953,43548642.51451835,6644.340920948683,323211.42702409177,568688.4602069462,12.4875,12.4875,12.4875,12.4875,12.4875,12.4875,12.4875,12.4875,12.4875,12.4875,12.4875,99.0,99.0,99.0,0.0,0.0,0.0,49.5234375,49.5234375,49.5234375,580.022,580.022,580.022,99.0,0.0,49.5234375,580.022,5
11777059.469806587,4.010669708251953,43395012.50210786,6616.774814193422,321870.48428682564,566329.079947706,12.4875,12.4875,12.4875,12.4875,12.4875,12.4875,12.4875,12.4875,12.4875,12.4875,12.4875,99.0,99.0,99.0,0.0,0.0,0.0,49.5234375,49.5234375,49.5234375,578.052,578.052,578.052,99.0,0.0,49.5234375,578.052,5
11777060.465199525,4.010669708251953,43855271.991598256,6688.815794333954,325081.67167223763,571979.1438283675,12.4875,12.4875,12.4875,12.4875,12.4875,12.4875,12.4875,12.4875,12.4875,12.4875,12.4875,100.0,100.0,100.0,0.0,0.0,0.0,49.5234375,49.5234375,49.5234375,619.449,619.449,619.449,100.0,0.0,49.5234375,619.449,5
11777061.464721637,4.010669708251953,43701303.31489409,6661.183297499157,323738.71074466314,569616.2125760529,12.4875,12.4875,12.4875,12.4875,12.4875,12.4875,12.4875,12.4875,12.4875,12.4875,12.4875,100.0,100.0,100.0,0.0,0.0,0.0,49.5234375,49.5234375,49.5234375,683.827,683.827,683.827,100.0,0.0,49.5234375,683.827,5
11777062.464726208,4.010669708251953,43707410.216435134,6657.969566879204,323582.52092656057,569341.3975796445,12.4875,12.4875,12.4875,12.4875,12.4875,12.4875,12.4875,12.4875,12.4875,12.4875,12.4875,100.0,100.0,100.0,0.0,0.0,0.0,49.5234375,49.5234375,49.5234375,688.857,688.857,688.857,100.0,0.0,49.5234375,688.857,5
11777063.464823171,4.010669708251953,43730560.72221882,6657.354478154202,323552.6271341318,569288.7996410673,12.4875,12.4875,12.4875,12.4875,12.4875,12.4875,12.4875,12.4875,12.4875,12.4875,12.4875,100.0,100.0,100.0,0.0,0.0,0.0,49.5234375,49.5234375,49.5234375,689.677,689.677,689.677,100.0,0.0,49.5234375,689.677,5
11777064.465571804,4.010669708251953,43729254.85967241,6653.019333665134,323341.9357261488,568918.0894422112,12.4875,12.4875,12.4875,12.4875,12.4875,12.4875,12.4875,12.4875,12.4875,12.4875,12.4875,98.0,98.0,98.0,0.0,0.0,0.0,49.5234375,49.5234375,49.5234375,608.558,608.558,608.558,98.0,0.0,49.5234375,608.558,5
11777065.471873553,4.010692596435547,43514962.60625568,6616.305698885734,321557.6244019588,565778.6049604084,12.4875,12.4875,12.4875,12.4875,12.4875,12.4875,12.4875,12.4875,12.4875,12.4875,12.4875,96.0,96.0,96.0,0.0,0.0,0.0,49.525390625,49.525390625,49.525390625,578.728,578.728,578.728,96.0,0.0,49.525390625,578.728,5
11777066.46513834,4.010692596435547,44113509.88973648,6703.14712432911,325778.1855029905,573204.6555052617,12.4875,12.4875,12.4875,12.4875,12.4875,12.4875,12.4875,12.4875,12.4875,12.4875,12.4875,98.0,98.0,98.0,0.0,0.0,0.0,49.525390625,49.525390625,49.525390625,577.083,577.083,577.083,98.0,0.0,49.525390625,577.083,5
11777067.47305664,4.010692596435547,43499167.53703183,6605.694131451317,321041.8939368494,564871.1804711653,12.475,12.475,12.475,12.475,12.475,12.475,12.475,12.475,12.475,12.475,12.475,99.0,99.0,99.0,0.0,0.0,0.0,49.525390625,49.525390625,49.525390625,580.105,580.105,580.105,99.0,0.0,49.525390625,580.105,5
11777068.473675352,4.010692596435547,43843691.420842215,6653.883168532839,323383.9187753875,568991.9583516312,12.4875,12.4875,12.4875,12.4875,12.4875,12.4875,12.4875,12.4875,12.4875,12.4875,12.4875,99.0,99.0,99.0,0.0,0.0,0.0,49.525390625,49.525390625,49.525390625,581.32,581.32,581.32,99.0,0.0,49.525390625,581.32,5
11777069.470070822,4.010692596435547,44056833.15148897,6682.08577479899,324754.58746659005,571403.6412386837,12.4875,12.4875,12.4875,12.4875,12.4875,12.4875,12.4875,12.4875,12.4875,12.4875,12.4875,99.0,99.0,99.0,0.0,0.0,0.0,49.525390625,49.525390625,49.525390625,577.473,577.473,577.473,99.0,0.0,49.525390625,577.473,5
11777070.4656258,4.010704040527344,44121360.416488476,6687.727093875418,325028.7599796611,571886.0460401631,12.4875,12.4875,12.4875,12.4875,12.4875,12.4875,12.4875,12.4875,12.4875,12.4875,12.4875,99.0,99.0,99.0,0.0,0.0,0.0,49.525390625,49.525390625,49.525390625,576.797,576.797,576.797,99.0,0.0,49.525390625,576.797,5
11777071.466228064,4.010719299316406,43926013.94501473,6653.992540121195,323389.2343200025,569001.3110187385,12.4875,12.4875,12.4875,12.4875,12.4875,12.4875,12.4875,12.4875,12.4875,12.4875,12.4875,99.0,99.0,99.0,0.0,0.0,0.0,49.525390625,49.525390625,49.525390625,579.681,579.681,579.681,99.0,0.0,49.525390625,579.681,5
11777072.473582111,4.010730743408203,43658654.1985437,6609.394203399102,321221.72032332455,565187.5838600267,12.4875,12.4875,12.4875,12.4875,12.4875,12.4875,12.4875,12.4875,12.4875,12.4875,12.4875,99.0,99.0,99.0,0.0,0.0,0.0,49.525390625,49.525390625,49.525390625,583.219,583.219,583.219,99.0,0.0,49.525390625,583.219,5
11777073.469032252,4.0107421875,44208113.68798752,6688.431420507403,325062.9908040654,571946.2749590517,12.4875,12.4875,12.4875,12.4875,12.4875,12.4875,12.4875,12.4875,12.4875,12.4875,12.4875,99.0,99.0,99.0,0.0,0.0,0.0,49.525390625,49.525390625,49.525390625,583.929,583.929,583.929,99.0,0.0,49.525390625,583.929,5
11777074.465399528,4.0107421875,44194776.43764072,6687.293092017124,324763.7772605837,571419.8106230523,12.4875,12.4875,12.4875,12.4875,12.4875,12.4875,12.4875,12.4875,12.4875,12.4875,12.4875,100.0,100.0,100.0,0.0,0.0,0.0,49.525390625,49.525390625,49.525390625,670.541,670.541,670.541,100.0,0.0,49.525390625,670.541,5
11777075.465502972,4.0107421875,44056922.58182402,6662.310824845044,323550.53068387497,569285.1109501091,12.4875,12.4875,12.4875,12.4875,12.4875,12.4875,12.4875,12.4875,12.4875,12.4875,12.4875,100.0,100.0,100.0,0.0,0.0,0.0,49.525390625,49.525390625,49.525390625,691.418,691.418,691.418,100.0,0.0,49.525390625,691.418,5
11777076.466227496,4.0107421875,44056810.771796666,6658.175989970798,323349.72527971043,568931.795112402,12.4875,12.4875,12.4875,12.4875,12.4875,12.4875,12.4875,12.4875,12.4875,12.4875,12.4875,100.0,100.0,100.0,0.0,0.0,0.0,49.525390625,49.525390625,49.525390625,688.945,688.945,688.945,100.0,0.0,49.525390625,688.945,5
11777077.466392888,4.010753631591797,44108686.78871704,6661.898177246097,323530.49073780596,569249.8507918358,12.4875,12.4875,12.4875,12.4875,12.4875,12.4875,12.4875,12.4875,12.4875,12.4875,12.4875,99.0,99.0,99.0,0.0,0.0,0.0,49.525390625,49.525390625,49.525390625,662.197,662.197,662.197,99.0,0.0,49.525390625,662.197,5
11777078.46744984,4.010753631591797,44096624.966321945,6655.964961845978,323242.34822361835,568742.8658618095,12.4875,12.4875,12.4875,12.4875,12.4875,12.4875,12.4875,12.4875,12.4875,12.4875,12.4875,99.0,99.0,99.0,0.0,0.0,0.0,49.525390625,49.525390625,49.525390625,576.963,576.963,576.963,99.0,0.0,49.525390625,576.963,5
11777079.471041469,4.010780334472656,44012407.77110392,6639.1546214179,322425.9656336319,567306.4458617069,12.4875,12.4875,12.4875,12.4875,12.4875,12.4875,12.4875,12.4875,12.4875,12.4875,12.4875,99.0,99.0,99.0,0.0,0.0,0.0,49.525390625,49.525390625,49.525390625,577.129,577.129,577.129,99.0,0.0,49.525390625,577.129,5
11777080.466968557,4.010780334472656,44378488.680748224,6690.24879484956,324907.3189303017,571672.3712824296,12.4875,12.4875,12.4875,12.4875,12.4875,12.4875,12.4875,12.4875,12.4875,12.4875,12.4875,99.0,99.0,99.0,0.0,0.0,0.0,49.525390625,49.525390625,49.525390625,578.692,578.692,578.692,99.0,0.0,49.525390625,578.692,5
11777081.467407988,4.010780334472656,44205564.68159394,6660.073353854018,323441.8694482213,569093.9221937058,12.4875,12.4875,12.4875,12.4875,12.4875,12.4875,12.4875,12.4875,12.4875,12.4875,12.4875,98.0,98.0,98.0,0.0,0.0,0.0,49.525390625,49.525390625,49.525390625,580.468,580.468,580.468,98.0,0.0,49.525390625,580.468,5
11777082.46726212,4.010780334472656,44258696.90400686,6663.972056723584,323631.20726442203,569427.0608829705,12.4875,12.4875,12.4875,12.4875,12.4875,12.4875,12.4875,12.4875,12.4875,12.4875,12.4875,97.0,97.0,97.0,0.0,0.0,0.0,49.525390625,49.525390625,49.525390625,581.372,581.372,581.372,97.0,0.0,49.525390625,581.372,5
11777083.466653151,4.010780334472656,44306473.28999115,6667.0600360819635,323781.17285240075,569690.9243858696,12.4875,12.4875,12.4875,12.4875,12.4875,12.4875,12.4875,12.4875,12.4875,12.4875,12.4875,99.0,99.0,99.0,0.0,0.0,0.0,49.525390625,49.525390625,49.525390625,579.61,579.61,579.61,99.0,0.0,49.525390625,579.61,5
11777084.466242185,4.010780334472656,44324959.0766252,6665.7393960904255,323717.0368819637,569578.0775518096,12.4875,12.4875,12.4875,12.4875,12.4875,12.4875,12.4875,12.4875,12.4875,12.4875,12.4875,98.0,98.0,98.0,0.0,0.0,0.0,49.525390625,49.525390625,49.525390625,579.542,579.542,579.542,98.0,0.0,49.525390625,579.542,5
11777085.475233875,4.010780334472656,43938908.93641447,6603.622273313106,320700.3616520709,564270.2565776943,12.4875,12.4875,12.4875,12.4875,12.4875,12.4875,12.4875,12.4875,12.4875,12.4875,12.4875,99.0,99.0,99.0,0.0,0.0,0.0,49.525390625,49.525390625,49.525390625,580.505,580.505,580.505,99.0,0.0,49.525390625,580.505,5
11777086.467547933,4.010780334472656,44704827.738841,6714.608092212629,326090.311407854,573753.8390593887,12.4875,12.4875,12.4875,12.4875,12.4875,12.4875,12.4875,12.4875,12.4875,12.4875,12.4875,99.0,99.0,99.0,0.0,0.0,0.0,49.525390625,49.525390625,49.525390625,582.367,582.367,582.367,99.0,0.0,49.525390625,582.367,5
11777087.470184807,4.010780334472656,44271726.03250143,6650.463564908575,322732.9937293606,567846.6598529256,12.4875,12.4875,12.4875,12.4875,12.4875,12.4875,12.4875,12.4875,12.4875,12.4875,12.4875,100.0,100.0,100.0,0.0,0.0,0.0,49.525390625,49.525390625,49.525390625,630.086,630.086,630.086,100.0,0.0,49.525390625,630.086,5
11777088.467442585,4.010780334472656,44537828.59465209,6686.335413254362,324473.7789985752,570909.5605164804,12.4875,12.4875,12.4875,12.4875,12.4875,12.4875,12.4875,12.4875,12.4875,12.4875,12.4875,100.0,100.0,100.0,0.0,0.0,0.0,49.525390625,49.525390625,49.525390625,688.961,688.961,688.961,100.0,0.0,49.525390625,688.961,5
11777089.466867547,4.010780334472656,44468498.061652325,6671.836557369358,323770.18005096074,569671.5826213107,12.4875,12.4875,12.4875,12.4875,12.4875,12.4875,12.4875,12.4875,12.4875,12.4875,12.4875,100.0,100.0,100.0,0.0,0.0,0.0,49.525390625,49.525390625,49.525390625,686.475,686.475,686.475,100.0,0.0,49.525390625,686.475,5
11777090.468026832,4.010780334472656,44418662.143955275,6660.2788435438315,323209.30853468616,568684.7327382453,12.4875,12.4875,12.4875,12.4875,12.4875,12.4875,12.4875,12.4875,12.4875,12.4875,12.4875,100.0,100.0,100.0,0.0,0.0,0.0,49.525390625,49.525390625,49.525390625,686.866,686.866,686.866,100.0,0.0,49.525390625,686.866,5
11777091.468494674,4.010780334472656,44476602.957337044,6664.881885364598,323432.68446218024,569077.7612688994,12.475,12.475,12.475,12.475,12.475,12.475,12.475,12.475,12.475,12.475,12.475,98.0,98.0,98.0,0.0,0.0,0.0,49.525390625,49.525390625,49.525390625,600.169,600.169,600.169,98.0,0.0,49.525390625,600.169,5
11777092.467391336,4.010780334472656,44573842.0071913,6675.365183096766,323941.41682771203,569972.8726462275,12.4875,12.4875,12.4875,12.4875,12.4875,12.4875,12.4875,12.4875,12.4875,12.4875,12.4875,99.0,99.0,99.0,0.0,0.0,0.0,49.525390625,49.525390625,49.525390625,574.817,574.817,574.817,99.0,0.0,49.525390625,574.817,5
11777093.467266647,4.010791778564453,44557490.83751135,6668.831531212409,323624.35245888366,569414.9998960105,12.4875,12.4875,12.4875,12.4875,12.4875,12.4875,12.4875,12.4875,12.4875,12.4875,12.4875,99.0,99.0,99.0,0.0,0.0,0.0,49.525390625,49.525390625,49.525390625,576.167,576.167,576.167,99.0,0.0,49.525390625,576.167,5
11777094.474681048,4.010791778564453,44251110.54045186,6618.924641316694,321202.47617513814,565153.7239030912,11.2375,11.2375,11.2375,11.2375,11.2375,11.2375,11.2375,11.2375,11.2375,11.2375,11.2375,99.0,99.0,99.0,0.0,0.0,0.0,49.525390625,49.525390625,49.525390625,573.664,573.664,573.664,99.0,0.0,49.525390625,573.664,5
11777095.467568671,4.010807037353516,44925987.53311275,6715.765048786453,325901.93724452844,573422.3959112589,12.4875,12.4875,12.4875,12.4875,12.4875,12.4875,12.4875,12.4875,12.4875,12.4875,12.4875,99.0,99.0,99.0,0.0,0.0,0.0,49.525390625,49.525390625,49.525390625,578.17,578.17,578.17,99.0,0.0,49.525390625,578.17,5
11777096.475150604,4.010807037353516,44297844.73266145,6617.824104539702,321149.0694426177,565059.7550952388,12.475,12.475,12.475,12.475,12.475,12.475,12.475,12.475,12.475,12.475,12.475,99.0,99.0,99.0,0.0,0.0,0.0,49.525390625,49.525390625,49.525390625,574.047,574.047,574.047,99.0,0.0,49.525390625,574.047,5
11777097.467686199,4.010807037353516,44996833.5963956,6718.146970842382,326017.52690657787,573625.7751900548,12.4875,12.4875,12.4875,12.4875,12.4875,12.4875,12.4875,12.4875,12.4875,12.4875,12.4875,98.0,98.0,98.0,0.0,0.0,0.0,49.525390625,49.525390625,49.525390625,578.66,578.66,578.66,98.0,0.0,49.525390625,578.66,5
11777098.4765672,4.010807037353516,44294827.60055849,6609.302776739637,320735.5473468085,564332.1655848909,12.4875,12.4875,12.4875,12.4875,12.4875,12.4875,12.4875,12.4875,12.4875,12.4875,12.4875,99.0,99.0,99.0,0.0,0.0,0.0,49.525390625,49.525390625,49.525390625,577.588,577.588,577.588,99.0,0.0,49.525390625,577.588,5
11777099.471356155,4.010807037353516,44949695.84747345,6702.9292599924875,325279.04344112315,572326.4182065332,12.4875,12.4875,12.4875,12.4875,12.4875,12.4875,12.4875,12.4875,12.4875,12.4875,12.4875,99.0,99.0,99.0,0.0,0.0,0.0,49.525390625,49.525390625,49.525390625,579.888,579.888,579.888,99.0,0.0,49.525390625,579.888,5
11777100.469615389,4.010807037353516,44820734.4415004,6679.627673349902,324148.26650468726,570336.8233436901,12.4875,12.4875,12.4875,12.4875,12.4875,12.4875,12.4875,12.4875,12.4875,12.4875,12.4875,99.0,99.0,99.0,0.0,0.0,0.0,49.525390625,49.525390625,49.525390625,579.754,579.754,579.754,99.0,0.0,49.525390625,579.754,5
11777101.48840668,4.537670135498047,43945294.151603855,6593.107002042437,317615.5926974691,574924.4272878238,63.6875,63.6875,63.6875,63.6875,63.6875,63.6875,63.6875,63.6875,63.6875,63.6875,63.6875,0.0,0.0,0.0,0.0,0.0,0.0,11.234375,11.234375,11.234375,170.153,170.153,170.153,0.0,0.0,11.234375,170.153,5
11777102.469181633,3.9621810913085938,45676547.81980044,6855.80314384206,329926.8596812893,597209.3789167642,3.575,3.575,3.575,3.575,3.575,3.575,3.575,3.575,3.575,3.575,3.575,0.0,0.0,0.0,0.0,0.0,0.0,11.236328125,11.236328125,11.236328125,144.212,144.212,144.212,0.0,0.0,11.236328125,144.212,5
11777103.469675684,4.0118255615234375,44803542.732441604,6727.676179980244,323424.2117104037,585438.7629694649,12.4875,12.4875,12.4875,12.4875,12.4875,12.4875,12.4875,12.4875,12.4875,12.4875,12.4875,100.0,100.0,100.0,0.0,0.0,0.0,71.244140625,71.244140625,71.244140625,553.271,553.271,553.271,100.0,0.0,71.244140625,553.271,5
11777104.469393408,4.0118255615234375,44865593.49919423,6732.900539072406,323675.36592411314,585893.3838879516,12.4875,12.4875,12.4875,12.4875,12.4875,12.4875,12.4875,12.4875,12.4875,12.4875,12.4875,100.0,100.0,100.0,0.0,0.0,0.0,71.244140625,71.244140625,71.244140625,685.497,685.497,685.497,100.0,0.0,71.244140625,685.497,5
11777105.46987783,4.0118255615234375,44858449.58689659,6727.740935294844,323427.32473725255,585444.3979421153,12.4875,12.4875,12.4875,12.4875,12.4875,12.4875,12.4875,12.4875,12.4875,12.4875,12.4875,100.0,100.0,100.0,0.0,0.0,0.0,71.244140625,71.244140625,71.244140625,690.441,690.441,690.441,100.0,0.0,71.244140625,690.441,5
11777106.469861561,4.0118255615234375,44908161.58136413,6731.109503996387,323589.26426105585,585737.5289788733,12.4875,12.4875,12.4875,12.4875,12.4875,12.4875,12.4875,12.4875,12.4875,12.4875,12.4875,100.0,100.0,100.0,0.0,0.0,0.0,71.244140625,71.244140625,71.244140625,695.185,695.185,695.185,100.0,0.0,71.244140625,695.185,5
11777107.470493965,4.0118255615234375,44906283.11305069,6726.745982845594,323379.4937027349,585357.8177150771,12.4875,12.4875,12.4875,12.4875,12.4875,12.4875,12.4875,12.4875,12.4875,12.4875,12.4875,100.0,100.0,100.0,0.0,0.0,0.0,71.244140625,71.244140625,71.244140625,691.455,691.455,691.455,100.0,0.0,71.244140625,691.455,5
11777108.470353236,4.0118255615234375,44968267.31361209,6731.947376378118,323629.54387727485,585810.4401829152,12.4875,12.4875,12.4875,12.4875,12.4875,12.4875,12.4875,12.4875,12.4875,12.4875,12.4875,100.0,100.0,100.0,0.0,0.0,0.0,71.244140625,71.244140625,71.244140625,690.548,690.548,690.548,100.0,0.0,71.244140625,690.548,5
11777109.469928848,4.0118255615234375,45008311.02292912,6733.8577737936685,323721.3837283094,585976.6819385854,12.4875,12.4875,12.4875,12.4875,12.4875,12.4875,12.4875,12.4875,12.4875,12.4875,12.4875,100.0,100.0,100.0,0.0,0.0,0.0,82.7890625,82.7890625,82.7890625,671.078,671.078,671.078,100.0,0.0,82.7890625,671.078,5
11777110.470641203,4.0118865966796875,44984436.08509559,6726.208547682313,323353.65721189027,585311.0503962064,12.4875,12.4875,12.4875,12.4875,12.4875,12.4875,12.4875,12.4875,12.4875,12.4875,12.4875,99.0,99.0,99.0,0.0,0.0,0.0,82.7890625,82.7890625,82.7890625,660.66,660.66,660.66,99.0,0.0,82.7890625,660.66,5
11777111.469732273,4.0118865966796875,45084730.85786474,6737.123572749613,323878.38273133425,586260.8700073519,12.4875,12.4875,12.4875,12.4875,12.4875,12.4875,12.4875,12.4875,12.4875,12.4875,12.4875,99.0,99.0,99.0,0.0,0.0,0.0,82.7890625,82.7890625,82.7890625,630.548,630.548,630.548,99.0,0.0,82.7890625,630.548,5
11777112.477534924,4.0118865966796875,44722072.307640895,6678.886980282894,321078.7349023711,581193.1530511274,12.4875,12.4875,12.4875,12.4875,12.4875,12.4875,12.4875,12.4875,12.4875,12.4875,12.4875,100.0,100.0,100.0,0.0,0.0,0.0,82.7890625,82.7890625,82.7890625,616.627,616.627,616.627,100.0,0.0,82.7890625,616.627,5
11777113.47082765,4.0118865966796875,45402823.14906741,6776.45151314089,325769.0219028646,589683.1662292359,12.4875,12.4875,12.4875,12.4875,12.4875,12.4875,12.4875,12.4875,12.4875,12.4875,12.4875,99.0,99.0,99.0,0.0,0.0,0.0,82.7890625,82.7890625,82.7890625,630.126,630.126,630.126,99.0,0.0,82.7890625,630.126,5
11777114.470359592,4.0118865966796875,45146696.29547238,6734.151977151413,323735.52716900356,586002.2833565507,12.4875,12.4875,12.4875,12.4875,12.4875,12.4875,12.4875,12.4875,12.4875,12.4875,12.4875,99.0,99.0,99.0,0.0,0.0,0.0,82.7890625,82.7890625,82.7890625,641.484,641.484,641.484,99.0,0.0,82.7890625,641.484,5
11777115.47524562,4.0118865966796875,44933290.709275275,6698.2720590160025,322010.64714672917,582880.0321769909,12.4875,12.4875,12.4875,12.4875,12.4875,12.4875,12.4875,12.4875,12.4875,12.4875,12.4875,100.0,100.0,100.0,0.0,0.0,0.0,82.7890625,82.7890625,82.7890625,645.469,645.469,645.469,100.0,0.0,82.7890625,645.469,5
11777116.470895648,4.0118865966796875,45377497.808144026,6760.407578198463,324997.73076567694,588287.0316391367,12.4875,12.4875,12.4875,12.4875,12.4875,12.4875,12.4875,12.4875,12.4875,12.4875,12.4875,99.0,99.0,99.0,0.0,0.0,0.0,82.7890625,82.7890625,82.7890625,645.555,645.555,645.555,99.0,0.0,82.7890625,645.555,5
11777117.47199114,4.0118865966796875,45157907.855470546,6723.634309761832,323229.90409894113,585087.0415968174,12.4875,12.4875,12.4875,12.4875,12.4875,12.4875,12.4875,12.4875,12.4875,12.4875,12.4875,99.0,99.0,99.0,0.0,0.0,0.0,82.7890625,82.7890625,82.7890625,646.58,646.58,646.58,99.0,0.0,82.7890625,646.58,5
11777118.471517552,4.0118865966796875,45256081.76916128,6734.189235959907,323737.3183373719,586005.5255980276,12.475,12.475,12.475,12.475,12.475,12.475,12.475,12.475,12.475,12.475,12.475,98.0,98.0,98.0,0.0,0.0,0.0,82.7890625,82.7890625,82.7890625,646.515,646.515,646.515,98.0,0.0,82.7890625,646.515,5
11777119.471867546,4.011890411376953,45246084.10815699,6728.645009579901,323470.7869231767,585523.0700001806,12.4875,12.4875,12.4875,12.4875,12.4875,12.4875,12.4875,12.4875,12.4875,12.4875,12.4875,99.0,99.0,99.0,0.0,0.0,0.0,82.7890625,82.7890625,82.7890625,642.907,642.907,642.907,99.0,0.0,82.7890625,642.907,5
11777120.471176889,4.011890411376953,45320491.94425749,6735.652029571408,323807.64022237924,586132.8171113953,12.4875,12.4875,12.4875,12.4875,12.4875,12.4875,12.4875,12.4875,12.4875,12.4875,12.4875,100.0,100.0,100.0,0.0,0.0,0.0,82.7890625,82.7890625,82.7890625,641.819,641.819,641.819,100.0,0.0,82.7890625,641.819,5
11777121.47108473,4.011890411376953,45320638.66368031,6731.620373303462,323613.8236331938,585781.9845512242,12.4875,12.4875,12.4875,12.4875,12.4875,12.4875,12.4875,12.4875,12.4875,12.4875,12.4875,100.0,100.0,100.0,0.0,0.0,0.0,82.7890625,82.7890625,82.7890625,613.015,613.015,613.015,100.0,0.0,82.7890625,613.015,5
11777122.471201083,4.011890411376953,45338457.78012798,6730.216925854813,323546.354737157,585659.857309031,12.4875,12.4875,12.4875,12.4875,12.4875,12.4875,12.4875,12.4875,12.4875,12.4875,12.4875,99.0,99.0,99.0,0.0,0.0,0.0,82.7890625,82.7890625,82.7890625,620.397,620.397,620.397,99.0,0.0,82.7890625,620.397,5
11777123.471342204,4.011890411376953,45364602.08170773,6730.050245570382,323538.3418010171,585645.3528803221,12.4875,12.4875,12.4875,12.4875,12.4875,12.4875,12.4875,12.4875,12.4875,12.4875,12.4875,99.0,99.0,99.0,0.0,0.0,0.0,82.7890625,82.7890625,82.7890625,613.409,613.409,613.409,99.0,0.0,82.7890625,613.409,5
11777124.472056087,4.011890411376953,45365889.064476416,6726.198281608515,323353.16368385224,585310.1570479857,12.4875,12.4875,12.4875,12.4875,12.4875,12.4875,12.4875,12.4875,12.4875,12.4875,12.4875,99.0,99.0,99.0,0.0,0.0,0.0,82.7890625,82.7890625,82.7890625,613.793,613.793,613.793,99.0,0.0,82.7890625,613.793,5
11777125.47169056,4.011905670166016,45442156.35084062,6733.4612642302245,323702.3220509097,585942.1778896214,12.4875,12.4875,12.4875,12.4875,12.4875,12.4875,12.4875,12.4875,12.4875,12.4875,12.4875,99.0,99.0,99.0,0.0,0.0,0.0,82.7890625,82.7890625,82.7890625,628.996,628.996,628.996,99.0,0.0,82.7890625,628.996,5
11777126.482662413,4.011905670166016,44959527.64877924,6657.9499484912685,320072.2145494873,579371.2238047681,12.4875,12.4875,12.4875,12.4875,12.4875,12.4875,12.4875,12.4875,12.4875,12.4875,12.4875,100.0,100.0,100.0,0.0,0.0,0.0,82.7890625,82.7890625,82.7890625,647.378,647.378,647.378,100.0,0.0,82.7890625,647.378,5
11777127.472103996,4.0119171142578125,45965409.969106324,6802.827085604027,327036.9929680721,591978.354359928,12.4875,12.4875,12.4875,12.4875,12.4875,12.4875,12.4875,12.4875,12.4875,12.4875,12.4875,99.0,99.0,99.0,0.0,0.0,0.0,82.7890625,82.7890625,82.7890625,647.864,647.864,647.864,99.0,0.0,82.7890625,647.864,5
11777128.485291151,4.0119171142578125,44915062.10841391,6648.327474258366,319372.38679192687,578104.4469777916,12.4875,12.4875,12.4875,12.4875,12.4875,12.4875,12.4875,12.4875,12.4875,12.4875,12.4875,100.0,100.0,100.0,0.0,0.0,0.0,82.791015625,82.791015625,82.791015625,659.667,659.667,659.667,100.0,0.0,82.791015625,659.667,5
11777129.473093232,4.0119171142578125,46096921.52365003,6819.179804193151,327579.79182898405,592960.8890068951,12.4875,12.4875,12.4875,12.4875,12.4875,12.4875,12.4875,12.4875,12.4875,12.4875,12.4875,100.0,100.0,100.0,0.0,0.0,0.0,82.791015625,82.791015625,82.791015625,694.729,694.729,694.729,100.0,0.0,82.791015625,694.729,5
11777130.472600924,4.0119171142578125,45584347.552140035,6739.3178220247255,323743.3815501854,586016.5007807154,12.4875,12.4875,12.4875,12.4875,12.4875,12.4875,12.4875,12.4875,12.4875,12.4875,12.4875,100.0,100.0,100.0,0.0,0.0,0.0,82.791015625,82.791015625,82.791015625,689.918,689.918,689.918,100.0,0.0,82.791015625,689.918,5
11777131.472448805,4.0119171142578125,45596113.012501836,6737.024826138282,323633.23060289933,585817.1136229697,12.4875,12.4875,12.4875,12.4875,12.4875,12.4875,12.4875,12.4875,12.4875,12.4875,12.4875,100.0,100.0,100.0,0.0,0.0,0.0,82.791015625,82.791015625,82.791015625,694.518,694.518,694.518,100.0,0.0,82.791015625,694.518,5
11777132.47293084,4.011928558349609,45594469.91810662,6732.754583793246,323428.0966808423,585445.7952577271,12.4875,12.4875,12.4875,12.4875,12.4875,12.4875,12.4875,12.4875,12.4875,12.4875,12.4875,100.0,100.0,100.0,0.0,0.0,0.0,82.791015625,82.791015625,82.791015625,691.098,691.098,691.098,100.0,0.0,82.791015625,691.098,5
11777133.472426193,4.011928558349609,45666764.5706364,6739.401014799139,323747.37796507793,586023.734797546,12.4875,12.4875,12.4875,12.4875,12.4875,12.4875,12.4875,12.4875,12.4875,12.4875,12.4875,100.0,100.0,100.0,0.0,0.0,0.0,82.791015625,82.791015625,82.791015625,689.983,689.983,689.983,100.0,0.0,82.791015625,689.983,5
11777134.472306931,4.011928558349609,45676437.43786803,6736.803440903713,323622.59569794935,585797.8630988197,12.4875,12.4875,12.4875,12.4875,12.4875,12.4875,12.4875,12.4875,12.4875,12.4875,12.4875,100.0,100.0,100.0,0.0,0.0,0.0,82.791015625,82.791015625,82.791015625,692.242,692.242,692.242,100.0,0.0,82.791015625,692.242,5
11777135.591684816,4.022926330566406,40826388.13204339,6317.79499548778,318348.2582341716,585468.0611203156,2.5,2.5,2.5,2.5,2.5,2.5,2.5,2.5,2.5,2.5,2.5,0.0,0.0,0.0,0.0,0.0,0.0,79.791015625,79.791015625,79.791015625,255.604,255.604,255.604,0.0,0.0,79.791015625,255.604,
11777136.47309118,4.022926330566406,51880419.6502285,8034.886400290271,404299.32766397047,743538.9934050031,0.0,0.0,0.0,0.0,0.0,0.0,0.0,0.0,0.0,0.0,0.0,0.0,0.0,0.0,0.0,0.0,0.0,79.791015625,79.791015625,79.791015625,144.83,144.83,144.83,0.0,0.0,79.791015625,144.83,
11777137.47319806,4.022941589355469,45750133.20557309,7081.243153606733,356313.91701130563,655289.9623196425,0.0,0.0,0.0,0.0,0.0,0.0,0.0,0.0,0.0,0.0,0.0,0.0,0.0,0.0,0.0,0.0,0.0,79.791015625,79.791015625,79.791015625,140.766,140.766,140.766,0.0,0.0,79.791015625,140.766,
11777138.473332863,4.022941589355469,45776143.22232656,7081.045451318095,356303.96902966755,655271.6671809978,0.0,0.0,0.0,0.0,0.0,0.0,0.0,0.0,0.0,0.0,0.0,0.0,0.0,0.0,0.0,0.0,0.0,79.791015625,79.791015625,79.791015625,139.527,139.527,139.527,0.0,0.0,79.791015625,139.527,
11777139.472097935,4.022941589355469,45866246.51877763,7090.756574870776,356792.6132403771,656170.3232006935,0.0,0.0,0.0,0.0,0.0,0.0,0.0,0.0,0.0,0.0,0.0,0.0,0.0,0.0,0.0,0.0,0.0,79.791015625,79.791015625,79.791015625,138.662,138.662,138.662,0.0,0.0,79.791015625,138.662,
11777140.471982855,4.022941589355469,45842175.50862999,7082.815088981097,356393.01363860373,655435.4273813402,0.0,0.0,0.0,0.0,0.0,0.0,0.0,0.0,0.0,0.0,0.0,0.0,0.0,0.0,0.0,0.0,0.0,79.791015625,79.791015625,79.791015625,138.394,138.394,138.394,0.0,0.0,79.791015625,138.394,
11777141.472994352,4.022941589355469,45817846.412849836,7074.843820875474,355991.91545560816,654697.7755505437,0.0,0.0,0.0,0.0,0.0,0.0,0.0,0.0,0.0,0.0,0.0,0.0,0.0,0.0,0.0,0.0,0.0,79.791015625,79.791015625,79.791015625,138.099,138.099,138.099,0.0,0.0,79.791015625,138.099,
11777142.473039832,4.022941589355469,45889394.940836936,7081.677923824887,356335.79377447703,655330.1954473141,0.0,0.0,0.0,0.0,0.0,0.0,0.0,0.0,0.0,0.0,0.0,0.0,0.0,0.0,0.0,0.0,0.0,79.791015625,79.791015625,79.791015625,137.877,137.877,137.877,0.0,0.0,79.791015625,137.877,
11777143.472438456,4.022941589355469,45946404.040578604,7086.2615038815975,356566.4303065822,655754.3545868178,0.0,0.0,0.0,0.0,0.0,0.0,0.0,0.0,0.0,0.0,0.0,0.0,0.0,0.0,0.0,0.0,0.0,79.791015625,79.791015625,79.791015625,137.723,137.723,137.723,0.0,0.0,79.791015625,137.723,
11777144.47369252,4.022941589355469,45888516.90425396,7073.129848857708,355905.67183001153,654539.1665839293,0.0,0.0,0.0,0.0,0.0,0.0,0.0,0.0,0.0,0.0,0.0,0.0,0.0,0.0,0.0,0.0,0.0,79.791015625,79.791015625,79.791015625,137.638,137.638,137.638,0.0,0.0,79.791015625,137.638,
11777145.475954792,4.022941589355469,45869585.523737736,7066.014753091451,355547.65451760025,653880.7439404143,0.0,0.0,0.0,0.0,0.0,0.0,0.0,0.0,0.0,0.0,0.0,0.0,0.0,0.0,0.0,0.0,0.0,79.791015625,79.791015625,79.791015625,137.46,137.46,137.46,0.0,0.0,79.791015625,137.46,
11777146.474287555,4.022941589355469,46077468.05542773,7093.827090353018,356947.1154054615,656454.4651134924,0.0,0.0,0.0,0.0,0.0,0.0,0.0,0.0,0.0,0.0,0.0,0.0,0.0,0.0,0.0,0.0,0.0,79.791015625,79.791015625,79.791015625,137.33,137.33,137.33,0.0,0.0,79.791015625,137.33,
11777147.474202575,4.022968292236328,46031848.76163415,7082.601875680264,356382.28517402057,655415.6968717619,0.0,0.0,0.0,0.0,0.0,0.0,0.0,0.0,0.0,0.0,0.0,0.0,0.0,0.0,0.0,0.0,0.0,79.791015625,79.791015625,79.791015625,137.283,137.283,137.283,0.0,0.0,79.791015625,137.283,
11777148.473621229,4.022968292236328,46082017.61745379,7086.119490425881,356559.28447504144,655741.2128276624,0.0,0.0,0.0,0.0,0.0,0.0,0.0,0.0,0.0,0.0,0.0,0.0,0.0,0.0,0.0,0.0,0.0,79.791015625,79.791015625,79.791015625,137.2,137.2,137.2,0.0,0.0,79.791015625,137.2,
11777149.473967431,4.022968292236328,46066570.64253145,7079.549043106947,356228.6727773576,655133.1913146807,0.0,0.0,0.0,0.0,0.0,0.0,0.0,0.0,0.0,0.0,0.0,0.0,0.0,0.0,0.0,0.0,0.0,79.791015625,79.791015625,79.791015625,137.23,137.23,137.23,0.0,0.0,79.791015625,137.23,
11777150.473545292,4.022968292236328,46129284.957341045,7084.990848973517,356502.49350655335,655636.7696672245,0.0,0.0,0.0,0.0,0.0,0.0,0.0,0.0,0.0,0.0,0.0,0.0,0.0,0.0,0.0,0.0,0.0,79.791015625,79.791015625,79.791015625,136.955,136.955,136.955,0.0,0.0,79.791015625,136.955,
11777151.474412736,4.022968292236328,46097118.37001006,7075.862091832837,356043.1528027132,654792.0051544152,0.0,0.0,0.0,0.0,0.0,0.0,0.0,0.0,0.0,0.0,0.0,0.0,0.0,0.0,0.0,0.0,0.0,79.791015625,79.791015625,79.791015625,137.208,137.208,137.208,0.0,0.0,79.791015625,137.208,
11777152.473694239,4.022968292236328,46197538.78100391,7087.092052534865,356608.2218448043,655831.2125881459,0.0,0.0,0.0,0.0,0.0,0.0,0.0,0.0,0.0,0.0,0.0,0.0,0.0,0.0,0.0,0.0,0.0,79.791015625,79.791015625,79.791015625,136.992,136.992,136.992,0.0,0.0,79.791015625,136.992,
11777153.47369332,4.022968292236328,46191619.41702775,7082.0065032936745,356352.3272326613,655360.6018071932,0.0,0.0,0.0,0.0,0.0,0.0,0.0,0.0,0.0,0.0,0.0,0.0,0.0,0.0,0.0,0.0,0.0,79.791015625,79.791015625,79.791015625,137.165,137.165,137.165,0.0,0.0,79.791015625,137.165,
11777154.474314405,4.022968292236328,46190126.04603419,7077.604212388793,356130.81280615233,654953.2189538433,0.0,0.0,0.0,0.0,0.0,0.0,0.0,0.0,0.0,0.0,0.0,0.0,0.0,0.0,0.0,0.0,0.0,79.791015625,79.791015625,79.791015625,137.166,137.166,137.166,0.0,0.0,79.791015625,137.166,
11777155.473363344,4.022968292236328,46290089.700169705,7088.741826068918,356691.2351317864,655983.8807021359,0.0,0.0,0.0,0.0,0.0,0.0,0.0,0.0,0.0,0.0,0.0,0.0,0.0,0.0,0.0,0.0,0.0,79.791015625,79.791015625,79.791015625,137.096,137.096,137.096,0.0,0.0,79.791015625,137.096,
11777156.47469934,4.022968292236328,46211577.464928575,7072.551092007847,355876.5499490512,654485.6091017033,0.0,0.0,0.0,0.0,0.0,0.0,0.0,0.0,0.0,0.0,0.0,0.0,0.0,0.0,0.0,0.0,0.0,79.791015625,79.791015625,79.791015625,137.12,137.12,137.12,0.0,0.0,79.791015625,137.12,
11777157.474793402,4.0229949951171875,46296228.29725763,7081.333917570294,356318.4840714501,655298.3615107128,0.0,0.0,0.0,0.0,0.0,0.0,0.0,0.0,0.0,0.0,0.0,0.0,0.0,0.0,0.0,0.0,0.0,79.791015625,79.791015625,79.791015625,136.904,136.904,136.904,0.0,0.0,79.791015625,136.904,
11777158.473837253,4.0229949951171875,46372192.76152725,7088.777933403432,356693.051980257,655987.2220326565,0.0,0.0,0.0,0.0,0.0,0.0,0.0,0.0,0.0,0.0,0.0,0.0,0.0,0.0,0.0,0.0,0.0,79.791015625,79.791015625,79.791015625,136.946,136.946,136.946,0.0,0.0,79.791015625,136.946,
11777159.473754896,4.0229949951171875,46358942.976757355,7082.58329928774,356381.3504473009,655413.9778341166,0.0,0.0,0.0,0.0,0.0,0.0,0.0,0.0,0.0,0.0,0.0,0.0,0.0,0.0,0.0,0.0,0.0,79.791015625,79.791015625,79.791015625,136.981,136.981,136.981,0.0,0.0,79.791015625,136.981,
11777160.47486734,4.0229949951171875,46330855.50266429,7074.1304237467275,355956.01874653966,654631.7586143258,0.0,0.0,0.0,0.0,0.0,0.0,0.0,0.0,0.0,0.0,0.0,0.0,0.0,0.0,0.0,0.0,0.0,79.791015625,79.791015625,79.791015625,136.835,136.835,136.835,0.0,0.0,79.791015625,136.835,
11777161.475810401,4.0229949951171875,46365941.090882026,7075.327534791976,356016.25496726774,654742.5378708373,0.0,0.0,0.0,0.0,0.0,0.0,0.0,0.0,0.0,0.0,0.0,0.0,0.0,0.0,0.0,0.0,0.0,79.791015625,79.791015625,79.791015625,136.792,136.792,136.792,0.0,0.0,79.791015625,136.792,
11777162.474325644,4.0229949951171875,46505988.1048343,7092.5306866365,356881.88297716604,656334.4974292709,0.0,0.0,0.0,0.0,0.0,0.0,0.0,0.0,0.0,0.0,0.0,0.0,0.0,0.0,0.0,0.0,0.0,79.791015625,79.791015625,79.791015625,136.835,136.835,136.835,0.0,0.0,79.791015625,136.835,
11777163.474521786,4.0229949951171875,46455097.1986508,7080.611193894314,356282.11806927796,655231.4815067181,0.0,0.0,0.0,0.0,0.0,0.0,0.0,0.0,0.0,0.0,0.0,0.0,0.0,0.0,0.0,0.0,0.0,79.791015625,79.791015625,79.791015625,136.721,136.721,136.721,0.0,0.0,79.791015625,136.721,
11777164.4763462,4.0229949951171875,46406814.74089887,7069.103026942696,355703.05024810554,654166.5291919182,0.0,0.0,0.0,0.0,0.0,0.0,0.0,0.0,0.0,0.0,0.0,0.0,0.0,0.0,0.0,0.0,0.0,79.791015625,79.791015625,79.791015625,136.973,136.973,136.973,0.0,0.0,79.791015625,136.973,
11777165.475191591,4.0229949951171875,46572524.05657061,7090.186393195146,356763.9228449416,656117.559255065,0.0,0.0,0.0,0.0,0.0,0.0,0.0,0.0,0.0,0.0,0.0,0.0,0.0,0.0,0.0,0.0,0.0,79.791015625,79.791015625,79.791015625,136.786,136.786,136.786,0.0,0.0,79.791015625,136.786,
11777166.475544304,4.0229949951171875,46529610.43184824,7079.502971883381,356226.3545660247,655128.9279375166,0.0,0.0,0.0,0.0,0.0,0.0,0.0,0.0,0.0,0.0,0.0,0.0,0.0,0.0,0.0,0.0,0.0,79.791015625,79.791015625,79.791015625,137.007,137.007,137.007,0.0,0.0,79.791015625,137.007,
11777167.473094383,4.0229949951171875,46687674.08521554,7099.39294761692,357227.17815153697,656969.5230373093,0.0,0.0,0.0,0.0,0.0,0.0,0.0,0.0,0.0,0.0,0.0,0.0,0.0,0.0,0.0,0.0,0.0,79.791015625,79.791015625,79.791015625,136.989,136.989,136.989,0.0,0.0,79.791015625,136.989,
11777168.474757537,4.0229949951171875,46523188.772913486,7070.241100295981,355760.315810883,654271.84516944,0.0,0.0,0.0,0.0,0.0,0.0,0.0,0.0,0.0,0.0,0.0,0.0,0.0,0.0,0.0,0.0,0.0,79.791015625,79.791015625,79.791015625,136.878,136.878,136.878,0.0,0.0,79.791015625,136.878,
11777169.476265842,4.0229949951171875,46557611.92815847,7071.334272226413,355815.3220243472,654373.0060217879,0.0,0.0,0.0,0.0,0.0,0.0,0.0,0.0,0.0,0.0,0.0,0.0,0.0,0.0,0.0,0.0,0.0,79.791015625,79.791015625,79.791015625,136.903,136.903,136.903,0.0,0.0,79.791015625,136.903,
11777170.477488946,4.0229949951171875,46598111.6597604,7073.3485585569815,355916.67686231254,654559.4057237932,0.0,0.0,0.0,0.0,0.0,0.0,0.0,0.0,0.0,0.0,0.0,0.0,0.0,0.0,0.0,0.0,0.0,79.791015625,79.791015625,79.791015625,136.882,136.882,136.882,0.0,0.0,79.791015625,136.882,
11777171.477840409,4.023021697998047,46665975.6589136,7079.511816984515,356226.7996337286,655129.7464528341,0.0,0.0,0.0,0.0,0.0,0.0,0.0,0.0,0.0,0.0,0.0,0.0,0.0,0.0,0.0,0.0,0.0,79.791015625,79.791015625,79.791015625,136.951,136.951,136.951,0.0,0.0,79.791015625,136.951,
11777172.4757484,4.023021697998047,46807569.87665346,7096.846670016863,357099.05458258244,656733.8934852091,0.0,0.0,0.0,0.0,0.0,0.0,0.0,0.0,0.0,0.0,0.0,0.0,0.0,0.0,0.0,0.0,0.0,79.791015625,79.791015625,79.791015625,136.983,136.983,136.983,0.0,0.0,79.791015625,136.983,
11777173.476829432,4.023021697998047,46686449.42253181,7074.352393883094,355967.1878374793,654652.2994712263,0.0,0.0,0.0,0.0,0.0,0.0,0.0,0.0,0.0,0.0,0.0,0.0,0.0,0.0,0.0,0.0,0.0,79.791015625,79.791015625,79.791015625,136.961,136.961,136.961,0.0,0.0,79.791015625,136.961,
11777174.475861544,4.023021697998047,46809496.35737195,7088.86122485834,356697.24303879123,655994.9297265125,0.0,0.0,0.0,0.0,0.0,0.0,0.0,0.0,0.0,0.0,0.0,0.0,0.0,0.0,0.0,0.0,0.0,79.791015625,79.791015625,79.791015625,136.693,136.693,136.693,0.0,0.0,79.791015625,136.693,
11777175.476696167,4.023021697998047,46752440.32155899,7076.094126603159,356054.8283257962,654813.4773807746,0.0,0.0,0.0,0.0,0.0,0.0,0.0,0.0,0.0,0.0,0.0,0.0,0.0,0.0,0.0,0.0,0.0,79.791015625,79.791015625,79.791015625,136.948,136.948,136.948,0.0,0.0,79.791015625,136.948,
11777176.47679586,4.023021697998047,46814064.98912207,7081.29404813788,356316.4779217777,655294.672040051,0.0,0.0,0.0,0.0,0.0,0.0,0.0,0.0,0.0,0.0,0.0,0.0,0.0,0.0,0.0,0.0,0.0,79.791015625,79.791015625,79.791015625,136.805,136.805,136.805,0.0,0.0,79.791015625,136.805,
11777177.477272864,4.023021697998047,46823667.88583966,7078.623462657348,356182.0994302275,655047.5391820276,0.0,0.0,0.0,0.0,0.0,0.0,0.0,0.0,0.0,0.0,0.0,0.0,0.0,0.0,0.0,0.0,0.0,79.791015625,79.791015625,79.791015625,136.552,136.552,136.552,0.0,0.0,79.791015625,136.552,
11777178.613938283,4.023231506347656,41240000.99501034,7001.180706977848,313506.5025500088,1145920.3196655493,0.0,0.0,0.0,0.0,0.0,0.0,0.0,0.0,0.0,0.0,0.0,0.0,0.0,0.0,0.0,0.0,0.0,79.791015625,79.791015625,79.791015625,136.874,136.874,136.874,0.0,0.0,79.791015625,136.874,
11777179.61786649,4.023262023925781,46721190.49892713,8406.975660529886,354957.65291245806,1297431.420990364,13.7,13.7,13.7,13.7,13.7,13.7,13.7,13.7,13.7,13.7,13.7,0.0,0.0,0.0,0.0,0.0,0.0,79.791015625,79.791015625,79.791015625,137.034,137.034,137.034,0.0,0.0,79.791015625,137.034,
11777180.478969453,4.023262023925781,54502183.85473155,9801.38306794935,413832.0449087543,1512627.4744940675,0.0,0.0,0.0,0.0,0.0,0.0,0.0,0.0,0.0,0.0,0.0,0.0,0.0,0.0,0.0,0.0,0.0,79.791015625,79.791015625,79.791015625,136.928,136.928,136.928,0.0,0.0,79.791015625,136.928,
11777181.477407964,4.023262023925781,47032704.04795171,8453.199577785375,356909.30994585005,1304565.0639400035,0.0,0.0,0.0,0.0,0.0,0.0,0.0,0.0,0.0,0.0,0.0,0.0,0.0,0.0,0.0,0.0,0.0,79.791015625,79.791015625,79.791015625,136.74,136.74,136.74,0.0,0.0,79.791015625,136.74,
11777182.476186493,4.023262023925781,47043996.855998896,8450.321819111636,356787.80579195137,1304120.9453085118,0.0,0.0,0.0,0.0,0.0,0.0,0.0,0.0,0.0,0.0,0.0,0.0,0.0,0.0,0.0,0.0,0.0,79.791015625,79.791015625,79.791015625,136.791,136.791,136.791,0.0,0.0,79.791015625,136.791,
11777183.477153417,4.023262023925781,46968390.16864922,8431.847050529082,356007.7677903009,1301269.7719231688,0.0,0.0,0.0,0.0,0.0,0.0,0.0,0.0,0.0,0.0,0.0,0.0,0.0,0.0,0.0,0.0,0.0,79.791015625,79.791015625,79.791015625,136.527,136.527,136.527,0.0,0.0,79.791015625,136.527,
11777184.4779044,4.023262023925781,47005775.455436505,8433.666458732452,356084.58648130647,1301550.557483396,0.0,0.0,0.0,0.0,0.0,0.0,0.0,0.0,0.0,0.0,0.0,0.0,0.0,0.0,0.0,0.0,0.0,79.791015625,79.791015625,79.791015625,136.709,136.709,136.709,0.0,0.0,79.791015625,136.709,
11777185.477060212,4.023262023925781,47108095.090204865,8447.130966888393,356653.08226452756,1303628.5075875835,0.0,0.0,0.0,0.0,0.0,0.0,0.0,0.0,0.0,0.0,0.0,0.0,0.0,0.0,0.0,0.0,0.0,79.791015625,79.791015625,79.791015625,136.675,136.675,136.675,0.0,0.0,79.791015625,136.675,
11777186.477509344,4.023262023925781,47074435.35649658,8436.211026199342,356192.02270239196,1301943.2553949498,0.0,0.0,0.0,0.0,0.0,0.0,0.0,0.0,0.0,0.0,0.0,0.0,0.0,0.0,0.0,0.0,0.0,79.791015625,79.791015625,79.791015625,136.887,136.887,136.887,0.0,0.0,79.791015625,136.887,
11777187.477968749,4.023262023925781,47101190.4934897,8436.124405116956,356188.3654042935,1301929.8873398316,0.0,0.0,0.0,0.0,0.0,0.0,0.0,0.0,0.0,0.0,0.0,0.0,0.0,0.0,0.0,0.0,0.0,79.791015625,79.791015625,79.791015625,136.792,136.792,136.792,0.0,0.0,79.791015625,136.792,
11777188.47827732,4.023262023925781,47135535.322660215,8437.396460902128,356242.07389044965,1302126.201116816,0.0,0.0,0.0,0.0,0.0,0.0,0.0,0.0,0.0,0.0,0.0,0.0,0.0,0.0,0.0,0.0,0.0,79.791015625,79.791015625,79.791015625,136.813,136.813,136.813,0.0,0.0,79.791015625,136.813,
11777189.478717225,4.023262023925781,47156586.59921133,8436.288837478822,356195.3080347456,1301955.2638511392,0.0,0.0,0.0,0.0,0.0,0.0,0.0,0.0,0.0,0.0,0.0,0.0,0.0,0.0,0.0,0.0,0.0,79.791015625,79.791015625,79.791015625,136.705,136.705,136.705,0.0,0.0,79.791015625,136.705,
11777190.478104167,4.023262023925781,47233604.93871061,8511.217870085005,356570.59845291934,1303327.0150348088,0.0,0.0,0.0,0.0,0.0,0.0,0.0,0.0,0.0,0.0,0.0,0.0,0.0,0.0,0.0,0.0,0.0,79.791015625,79.791015625,79.791015625,136.747,136.747,136.747,0.0,0.0,79.791015625,136.747,
11777191.479496768,4.023262023925781,47166298.163281195,8561.077833951786,355856.43395362026,1300716.6206580603,0.0,0.0,0.0,0.0,0.0,0.0,0.0,0.0,0.0,0.0,0.0,0.0,0.0,0.0,0.0,0.0,0.0,79.791015625,79.791015625,79.791015625,136.801,136.801,136.801,0.0,0.0,79.791015625,136.801,
11777192.47822298,4.023262023925781,47319672.25489821,8728.11777615249,356806.49601554347,1304189.2612981934,0.0,0.0,0.0,0.0,0.0,0.0,0.0,0.0,0.0,0.0,0.0,0.0,0.0,0.0,0.0,0.0,0.0,79.791015625,79.791015625,79.791015625,136.64,136.64,136.64,0.0,0.0,79.791015625,136.64,
11777193.477760673,4.023262023925781,47308574.06902778,8756.04797932584,356516.82010154496,1303130.4458884057,0.0,0.0,0.0,0.0,0.0,0.0,0.0,0.0,0.0,0.0,0.0,0.0,0.0,0.0,0.0,0.0,0.0,79.791015625,79.791015625,79.791015625,136.743,136.743,136.743,0.0,0.0,79.791015625,136.743,
11777194.479534756,4.023262023925781,47230183.69515074,8736.500715411461,355720.92126808787,1300221.2984281832,0.0,0.0,0.0,0.0,0.0,0.0,0.0,0.0,0.0,0.0,0.0,0.0,0.0,0.0,0.0,0.0,0.0,79.791015625,79.791015625,79.791015625,136.615,136.615,136.615,0.0,0.0,79.791015625,136.615,
11777195.477761948,4.0252532958984375,47426952.87725725,9557.944399444601,356984.8655938457,1944952.0263388837,0.0,0.0,0.0,0.0,0.0,0.0,0.0,0.0,0.0,0.0,0.0,0.0,0.0,0.0,0.0,0.0,0.0,79.791015625,79.791015625,79.791015625,136.692,136.692,136.692,0.0,0.0,79.791015625,136.692,
11777196.47796688,4.0252532958984375,47360616.29680443,9716.008879406509,356278.98705435975,1941106.2053306496,0.0,0.0,0.0,0.0,0.0,0.0,0.0,0.0,0.0,0.0,0.0,0.0,0.0,0.0,0.0,0.0,0.0,79.791015625,79.791015625,79.791015625,136.834,136.834,136.834,0.0,0.0,79.791015625,136.834,
11777197.478361044,4.0252532958984375,47378917.95261255,9714.171026859714,356211.59433664463,1940739.0312134433,0.0,0.0,0.0,0.0,0.0,0.0,0.0,0.0,0.0,0.0,0.0,0.0,0.0,0.0,0.0,0.0,0.0,79.791015625,79.791015625,79.791015625,136.933,136.933,136.933,0.0,0.0,79.791015625,136.933,
11777198.479075266,4.025257110595703,47392742.062436156,10597.431081903725,356097.66722287185,2578638.279889762,4.9875,4.9875,4.9875,4.9875,4.9875,4.9875,4.9875,4.9875,4.9875,4.9875,4.9875,0.0,0.0,0.0,0.0,0.0,0.0,79.791015625,79.791015625,79.791015625,136.695,136.695,136.695,0.0,0.0,79.791015625,136.695,
11777199.47921154,4.025272369384766,47447565.09044976,10772.531974881242,356303.44480349735,2580128.393404636,0.0,0.0,0.0,0.0,0.0,0.0,0.0,0.0,0.0,0.0,0.0,0.0,0.0,0.0,0.0,0.0,0.0,79.791015625,79.791015625,79.791015625,136.755,136.755,136.755,0.0,0.0,79.791015625,136.755,
11777200.478785831,4.029186248779297,47503310.60640264,11720.98973564258,356503.7670088515,3220827.1364247967,0.0,0.0,0.0,0.0,0.0,0.0,0.0,0.0,0.0,0.0,0.0,0.0,0.0,0.0,0.0,0.0,0.0,79.791015625,79.791015625,79.791015625,136.857,136.857,136.857,0.0,0.0,79.791015625,136.857,
11777201.479160853,4.029186248779297,47492548.285221234,11711.607898177574,356218.4105267476,3218249.0882071676,0.0,0.0,0.0,0.0,0.0,0.0,0.0,0.0,0.0,0.0,0.0,0.0,0.0,0.0,0.0,0.0,0.0,79.791015625,79.791015625,79.791015625,136.359,136.359,136.359,0.0,0.0,79.791015625,136.359,
11777202.48346288,4.029186248779297,47334444.95379196,11823.136550833822,354825.53109000623,3205665.142951091,0.0,0.0,0.0,0.0,0.0,0.0,0.0,0.0,0.0,0.0,0.0,0.0,0.0,0.0,0.0,0.0,0.0,79.791015625,79.791015625,79.791015625,136.706,136.706,136.706,0.0,0.0,79.791015625,136.706,
11777203.480101308,4.029186248779297,47725836.81668287,11967.228695877475,357553.9431737512,3230314.934880097,0.0,0.0,0.0,0.0,0.0,0.0,0.0,0.0,0.0,0.0,0.0,0.0,0.0,0.0,0.0,0.0,0.0,79.791015625,79.791015625,79.791015625,136.757,136.757,136.757,0.0,0.0,79.791015625,136.757,
11777204.480032682,4.029186248779297,47595940.29211788,11927.818551739494,356376.4564894334,3219676.951732123,0.0,0.0,0.0,0.0,0.0,0.0,0.0,0.0,0.0,0.0,0.0,0.0,0.0,0.0,0.0,0.0,0.0,79.791015625,79.791015625,79.791015625,137.006,137.006,137.006,0.0,0.0,79.791015625,137.006,
11777205.480215915,4.029186248779297,47611221.09461263,11924.81499076584,356286.7168264768,3218866.200294377,0.0,0.0,0.0,0.0,0.0,0.0,0.0,0.0,0.0,0.0,0.0,0.0,0.0,0.0,0.0,0.0,0.0,79.791015625,79.791015625,79.791015625,136.908,136.908,136.908,0.0,0.0,79.791015625,136.908,
11777206.480114676,4.029186248779297,47652374.25437397,12019.216807350354,356388.08019078994,3219781.9658616195,2.5,2.5,2.5,2.5,2.5,2.5,2.5,2.5,2.5,2.5,2.5,0.0,0.0,0.0,0.0,0.0,0.0,79.791015625,79.791015625,79.791015625,136.756,136.756,136.756,0.0,0.0,79.791015625,136.756,
11777207.479761148,4.029186248779297,47691805.39748161,12146.29405731295,356478.02502977964,3220594.570958699,0.0,0.0,0.0,0.0,0.0,0.0,0.0,0.0,0.0,0.0,0.0,0.0,0.0,0.0,0.0,0.0,0.0,79.791015625,79.791015625,79.791015625,136.794,136.794,136.794,0.0,0.0,79.791015625,136.794,
11777208.484219426,4.029186248779297,47490670.369256,12268.304482903482,354770.33507194853,3205166.4754776037,0.0,0.0,0.0,0.0,0.0,0.0,0.0,0.0,0.0,0.0,0.0,0.0,0.0,0.0,0.0,0.0,0.0,79.791015625,79.791015625,79.791015625,137.023,137.023,137.023,0.0,0.0,79.791015625,137.023,
11777209.481061945,4.029186248779297,47880850.903381765,12362.032890787623,357480.73883777903,3229653.5715689003,0.0,0.0,0.0,0.0,0.0,0.0,0.0,0.0,0.0,0.0,0.0,0.0,0.0,0.0,0.0,0.0,0.0,79.791015625,79.791015625,79.791015625,136.942,136.942,136.942,0.0,0.0,79.791015625,136.942,
11777210.480999377,4.029186248779297,47760032.255104944,12376.77439142127,356374.2976674008,3227849.960481745,0.0,0.0,0.0,0.0,0.0,0.0,0.0,0.0,0.0,0.0,0.0,0.0,0.0,0.0,0.0,0.0,0.0,79.791015625,79.791015625,79.791015625,136.896,136.896,136.896,0.0,0.0,79.791015625,136.896,
11777211.772696484,4.032569885253906,36995656.900971234,10284.918906590558,275878.9177419163,2993444.808601943,0.0,0.0,0.0,0.0,0.0,0.0,0.0,0.0,0.0,0.0,0.0,0.0,0.0,0.0,0.0,0.0,0.0,79.791015625,79.791015625,79.791015625,137.013,137.013,137.013,0.0,0.0,79.791015625,137.013,
11777212.671383744,4.032657623291016,53206228.814244576,15184.370140706358,396525.03798776143,4302524.550120078,0.0,0.0,0.0,0.0,0.0,0.0,0.0,0.0,0.0,0.0,0.0,0.0,0.0,0.0,0.0,0.0,0.0,79.791015625,79.791015625,79.791015625,136.873,136.873,136.873,0.0,0.0,79.791015625,136.873,
11777213.840973848,4.0341033935546875,40907386.97359114,12474.455747761798,304681.1003856348,3852289.7749907854,0.0,0.0,0.0,0.0,0.0,0.0,0.0,0.0,0.0,0.0,0.0,0.0,0.0,0.0,0.0,0.0,0.0,79.791015625,79.791015625,79.791015625,136.836,136.836,136.836,0.0,0.0,79.791015625,136.836,
11777214.600873938,4.0341033935546875,62998259.46953043,19432.817822888737,468945.85879474826,5929200.513496817,0.0,0.0,0.0,0.0,0.0,0.0,0.0,0.0,0.0,0.0,0.0,0.0,0.0,0.0,0.0,0.0,0.0,79.791015625,79.791015625,79.791015625,136.844,136.844,136.844,0.0,0.0,79.791015625,136.844,
11777215.60021836,4.0341033935546875,47931136.62022195,14776.687277732339,356585.76994612813,4508555.71196254,0.0,0.0,0.0,0.0,0.0,0.0,0.0,0.0,0.0,0.0,0.0,0.0,0.0,0.0,0.0,0.0,0.0,79.791015625,79.791015625,79.791015625,136.829,136.829,136.829,0.0,0.0,79.791015625,136.829,
11777216.8057831,4.035560607910156,39756283.81304954,12986.444831180193,295589.2685539553,4267357.7161352625,0.0,0.0,0.0,0.0,0.0,0.0,0.0,0.0,0.0,0.0,0.0,0.0,0.0,0.0,0.0,0.0,0.0,79.791015625,79.791015625,79.791015625,136.725,136.725,136.725,0.0,0.0,79.791015625,136.725,
11777217.807233416,4.0375518798828125,47886941.844296284,15867.98641940632,355835.92577737593,5137125.54915384,4.8625,4.8625,4.8625,4.8625,4.8625,4.8625,4.8625,4.8625,4.8625,4.8625,4.8625,0.0,0.0,0.0,0.0,0.0,0.0,79.791015625,79.791015625,79.791015625,136.892,136.892,136.892,0.0,0.0,79.791015625,136.892,
11777218.805364337,4.045143127441406,48077514.659829274,17099.96117363783,357019.29717296624,5794382.156416417,38.3,38.3,38.3,38.3,38.3,38.3,38.3,38.3,38.3,38.3,38.3,0.0,0.0,0.0,0.0,0.0,0.0,79.791015625,79.791015625,79.791015625,136.844,136.844,136.844,0.0,0.0,79.791015625,136.844,
11777219.809165481,4.046451568603516,47834163.42515391,17144.830020927588,355002.5838243804,5761651.130575002,1.25,1.25,1.25,1.25,1.25,1.25,1.25,1.25,1.25,1.25,1.25,0.0,0.0,0.0,0.0,0.0,0.0,79.791015625,79.791015625,79.791015625,136.739,136.739,136.739,0.0,0.0,79.791015625,136.739,
11777220.808071032,4.046504974365234,48097196.94408028,17602.26478657642,356742.43651402375,5789888.739744846,0.0,0.0,0.0,0.0,0.0,0.0,0.0,0.0,0.0,0.0,0.0,0.0,0.0,0.0,0.0,0.0,0.0,79.791015625,79.791015625,79.791015625,136.82,136.82,136.82,0.0,0.0,79.791015625,136.82,
11777221.807556303,4.046520233154297,48096624.72506988,17592.05514004373,356535.51915286714,5786530.494756878,0.0,0.0,0.0,0.0,0.0,0.0,0.0,0.0,0.0,0.0,0.0,0.0,0.0,0.0,0.0,0.0,0.0,79.791015625,79.791015625,79.791015625,136.929,136.929,136.929,0.0,0.0,79.791015625,136.929,
11777222.807571247,4.046520233154297,48098460.21651278,17582.7372435389,356346.67475456826,5783465.571878741,0.0,0.0,0.0,0.0,0.0,0.0,0.0,0.0,0.0,0.0,0.0,0.0,0.0,0.0,0.0,0.0,0.0,79.791015625,79.791015625,79.791015625,136.922,136.922,136.922,0.0,0.0,79.791015625,136.922,
11777223.95527432,4.047939300537109,41934265.20482849,15978.000274188033,310491.4578311405,5595983.975623313,0.0,0.0,0.0,0.0,0.0,0.0,0.0,0.0,0.0,0.0,0.0,0.0,0.0,0.0,0.0,0.0,0.0,79.791015625,79.791015625,79.791015625,136.907,136.907,136.907,0.0,0.0,79.791015625,136.907,
11777224.808464663,4.047939300537109,56441770.99332468,21702.074025997485,417669.98721712333,7527661.378809763,0.0,0.0,0.0,0.0,0.0,0.0,0.0,0.0,0.0,0.0,0.0,0.0,0.0,0.0,0.0,0.0,0.0,79.791015625,79.791015625,79.791015625,136.865,136.865,136.865,0.0,0.0,79.791015625,136.865,
11777225.809045715,4.047939300537109,48154904.48900643,18505.24748608231,356145.06114497746,6418798.3433945365,0.0,0.0,0.0,0.0,0.0,0.0,0.0,0.0,0.0,0.0,0.0,0.0,0.0,0.0,0.0,0.0,0.0,79.791015625,79.791015625,79.791015625,136.708,136.708,136.708,0.0,0.0,79.791015625,136.708,
11777226.809285209,4.049556732177734,48200365.33422289,19384.35757574436,356266.6765089305,7059813.221855129,0.0,0.0,0.0,0.0,0.0,0.0,0.0,0.0,0.0,0.0,0.0,0.0,0.0,0.0,0.0,0.0,0.0,79.791015625,79.791015625,79.791015625,136.86,136.86,136.86,0.0,0.0,79.791015625,136.86,
11777227.80759411,4.049583435058594,48321131.83010035,19618.17628332224,356955.6474298926,7073465.932978561,0.0,0.0,0.0,0.0,0.0,0.0,0.0,0.0,0.0,0.0,0.0,0.0,0.0,0.0,0.0,0.0,0.0,79.791015625,79.791015625,79.791015625,136.989,136.989,136.989,0.0,0.0,79.791015625,136.989,
11777228.808259351,4.051197052001953,48236411.12051293,20484.37293780155,356115.09733298165,7695360.723977075,0.0,0.0,0.0,0.0,0.0,0.0,0.0,0.0,0.0,0.0,0.0,0.0,0.0,0.0,0.0,0.0,0.0,79.791015625,79.791015625,79.791015625,136.675,136.675,136.675,0.0,0.0,79.791015625,136.675,
11777229.809270667,4.0513763427734375,48247680.36176002,20828.935369954677,355991.9797100282,7692700.251205208,1.25,1.25,1.25,1.25,1.25,1.25,1.25,1.25,1.25,1.25,1.25,0.0,0.0,0.0,0.0,0.0,0.0,79.791015625,79.791015625,79.791015625,136.668,136.668,136.668,0.0,0.0,79.791015625,136.668,
11777230.808684748,4.051387786865234,48352341.567517325,21068.344348436738,356560.91590302665,7704994.50457115,1.25,1.25,1.25,1.25,1.25,1.25,1.25,1.25,1.25,1.25,1.25,0.0,0.0,0.0,0.0,0.0,0.0,79.791015625,79.791015625,79.791015625,136.724,136.724,136.724,0.0,0.0,79.791015625,136.724,
11777231.809832072,4.051403045654297,48296016.8102157,21117.77106979302,355943.61726718774,7691655.177727735,0.0,0.0,0.0,0.0,0.0,0.0,0.0,0.0,0.0,0.0,0.0,0.0,0.0,0.0,0.0,0.0,0.0,79.791015625,79.791015625,79.791015625,136.854,136.854,136.854,0.0,0.0,79.791015625,136.854,
11777232.809074812,4.051403045654297,48415422.07453033,21158.022129086035,356622.05570636963,7706315.686528448,0.0,0.0,0.0,0.0,0.0,0.0,0.0,0.0,0.0,0.0,0.0,0.0,0.0,0.0,0.0,0.0,0.0,79.791015625,79.791015625,79.791015625,136.921,136.921,136.921,0.0,0.0,79.791015625,136.921,
11777233.810660768,4.051513671875,48329874.91286514,21279.25202846407,355787.736069405,7688286.710465304,1.25,1.25,1.25,1.25,1.25,1.25,1.25,1.25,1.25,1.25,1.25,0.0,0.0,0.0,0.0,0.0,0.0,79.791015625,79.791015625,79.791015625,136.904,136.904,136.904,0.0,0.0,79.791015625,136.904,
11777234.809016978,4.0515899658203125,48513744.40462233,21491.327227324426,356938.73229453363,7713158.812801416,0.0,0.0,0.0,0.0,0.0,0.0,0.0,0.0,0.0,0.0,0.0,0.0,0.0,0.0,0.0,0.0,0.0,79.791015625,79.791015625,79.791015625,136.672,136.672,136.672,0.0,0.0,79.791015625,136.672,
11777235.809028711,4.0515899658203125,48460760.41950316,21455.748263958256,356347.8190416691,7700389.652854458,1.25,1.25,1.25,1.25,1.25,1.25,1.25,1.25,1.25,1.25,1.25,0.0,0.0,0.0,0.0,0.0,0.0,79.791015625,79.791015625,79.791015625,136.848,136.848,136.848,0.0,0.0,79.791015625,136.848,
11777236.809201352,4.052486419677734,48481813.04509379,21720.250191499945,356290.489607871,7699150.8099172115,1.25,1.25,1.25,1.25,1.25,1.25,1.25,1.25,1.25,1.25,1.25,0.0,0.0,0.0,0.0,0.0,0.0,79.791015625,79.791015625,79.791015625,136.875,136.875,136.875,0.0,0.0,79.791015625,136.875,
11777238.01060085,4.055763244628906,40387191.848658666,19151.83088080405,296614.07440724433,6941451.212564936,11.2125,11.2125,11.2125,11.2125,11.2125,11.2125,11.2125,11.2125,11.2125,11.2125,11.2125,0.0,0.0,0.0,0.0,0.0,0.0,79.791015625,79.791015625,79.791015625,136.877,136.877,136.877,0.0,0.0,79.791015625,136.877,
11777239.540192628,4.0572357177734375,31741291.819817696,15570.16737274461,232971.96353763383,5677017.96206648,8.7375,8.7375,8.7375,8.7375,8.7375,8.7375,8.7375,8.7375,8.7375,8.7375,8.7375,0.0,0.0,0.0,0.0,0.0,0.0,79.791015625,79.791015625,79.791015625,136.895,136.895,136.895,0.0,0.0,79.791015625,136.895,
11777240.4216984,4.058391571044922,55110258.51118249,27676.506225931465,404253.73392725043,10194628.646395259,0.0,0.0,0.0,0.0,0.0,0.0,0.0,0.0,0.0,0.0,0.0,0.0,0.0,0.0,0.0,0.0,0.0,79.791015625,79.791015625,79.791015625,136.875,136.875,136.875,0.0,0.0,79.791015625,136.875,
11777241.423245365,4.058391571044922,48532437.06463419,24532.049800901405,355801.58773507597,8972743.488399502,0.0,0.0,0.0,0.0,0.0,0.0,0.0,0.0,0.0,0.0,0.0,0.0,0.0,0.0,0.0,0.0,0.0,79.791015625,79.791015625,79.791015625,136.58,136.58,136.58,0.0,0.0,79.791015625,136.58,
11777242.422039876,4.060016632080078,48695246.58603137,25459.691378904314,356782.0969072834,9645419.44742449,0.0,0.0,0.0,0.0,0.0,0.0,0.0,0.0,0.0,0.0,0.0,0.0,0.0,0.0,0.0,0.0,0.0,79.791015625,79.791015625,79.791015625,136.702,136.702,136.702,0.0,0.0,79.791015625,136.702,
11777243.534864064,4.061698913574219,43732143.4067812,24248.21483730755,320223.0897459317,9805451.851530597,0.0,0.0,0.0,0.0,0.0,0.0,0.0,0.0,0.0,0.0,0.0,0.0,0.0,0.0,0.0,0.0,0.0,79.791015625,79.791015625,79.791015625,136.611,136.611,136.611,0.0,0.0,79.791015625,136.611,
11777244.423211033,4.061714172363281,54813811.204467446,30561.256998984587,401140.559656052,12283200.585330144,0.0,0.0,0.0,0.0,0.0,0.0,0.0,0.0,0.0,0.0,0.0,0.0,0.0,0.0,0.0,0.0,0.0,79.791015625,79.791015625,79.791015625,136.711,136.711,136.711,0.0,0.0,79.791015625,136.711,
11777245.423366005,4.061717987060547,48713464.773214675,27144.79331501609,356296.7839475713,10910053.246394597,0.0,0.0,0.0,0.0,0.0,0.0,0.0,0.0,0.0,0.0,0.0,0.0,0.0,0.0,0.0,0.0,0.0,79.791015625,79.791015625,79.791015625,136.592,136.592,136.592,0.0,0.0,79.791015625,136.592,
11777246.423196208,4.06195068359375,48756977.78217705,27559.67954730215,356412.5177296395,11323266.655226707,12.4875,12.4875,12.4875,12.4875,12.4875,12.4875,12.4875,12.4875,12.4875,12.4875,12.4875,0.0,0.0,0.0,0.0,0.0,0.0,79.791015625,79.791015625,79.791015625,136.542,136.542,136.542,0.0,0.0,79.791015625,136.542,
11777247.42422327,4.063262939453125,48727331.98287595,27982.26046862007,355986.379726311,11538868.86009422,0.0,0.0,0.0,0.0,0.0,0.0,0.0,0.0,0.0,0.0,0.0,0.0,0.0,0.0,0.0,0.0,0.0,79.791015625,79.791015625,79.791015625,136.691,136.691,136.691,0.0,0.0,79.791015625,136.691,
11777248.423839182,4.064876556396484,48825259.22573614,28979.130553847153,356488.9233334901,12194379.722304212,0.0,0.0,0.0,0.0,0.0,0.0,0.0,0.0,0.0,0.0,0.0,0.0,0.0,0.0,0.0,0.0,0.0,79.791015625,79.791015625,79.791015625,136.555,136.555,136.555,0.0,0.0,79.791015625,136.555,
11777249.585530268,4.066432952880859,42038412.4257466,25772.772427511984,306752.80561418674,11043101.002110722,0.0,0.0,0.0,0.0,0.0,0.0,0.0,0.0,0.0,0.0,0.0,0.0,0.0,0.0,0.0,0.0,0.0,79.791015625,79.791015625,79.791015625,136.696,136.696,136.696,0.0,0.0,79.791015625,136.696,
11777250.423740117,4.068115234375,58296670.06058791,36975.22767417468,425134.589492708,16067155.520138204,0.0,0.0,0.0,0.0,0.0,0.0,0.0,0.0,0.0,0.0,0.0,0.0,0.0,0.0,0.0,0.0,0.0,79.791015625,79.791015625,79.791015625,136.44,136.44,136.44,0.0,0.0,79.791015625,136.44,
11777251.42341366,4.068119049072266,48908229.40949595,31152.169828394377,356468.3714176351,13472046.037025107,0.0,0.0,0.0,0.0,0.0,0.0,0.0,0.0,0.0,0.0,0.0,0.0,0.0,0.0,0.0,0.0,0.0,79.791015625,79.791015625,79.791015625,136.6,136.6,136.6,0.0,0.0,79.791015625,136.6,
11777252.423774472,4.068199157714844,48902252.52304613,31204.740982169442,356223.4706073182,13462790.475366233,0.0,0.0,0.0,0.0,0.0,0.0,0.0,0.0,0.0,0.0,0.0,0.0,0.0,0.0,0.0,0.0,0.0,79.791015625,79.791015625,79.791015625,136.666,136.666,136.666,0.0,0.0,79.791015625,136.666,
11777253.423761657,4.07110595703125,48951647.31529312,32561.41727451766,356356.566708913,14106804.778683865,36.2125,36.2125,36.2125,36.2125,36.2125,36.2125,36.2125,36.2125,36.2125,36.2125,36.2125,0.0,0.0,0.0,0.0,0.0,0.0,79.791015625,79.791015625,79.791015625,136.452,136.452,136.452,0.0,0.0,79.791015625,136.452,
11777255.084478876,4.071159362792969,29492453.884545956,19621.040611223558,214577.16936905743,8494296.22191993,0.0,0.0,0.0,0.0,0.0,0.0,0.0,0.0,0.0,0.0,0.0,0.0,0.0,0.0,0.0,0.0,0.0,79.791015625,79.791015625,79.791015625,136.653,136.653,136.653,0.0,0.0,79.791015625,136.653,
11777256.180774936,4.072601318359375,44702856.96628407,30460.749785698194,325050.8806262539,13450381.267293265,0.0,0.0,0.0,0.0,0.0,0.0,0.0,0.0,0.0,0.0,0.0,0.0,0.0,0.0,0.0,0.0,0.0,79.791015625,79.791015625,79.791015625,136.566,136.566,136.566,0.0,0.0,79.791015625,136.566,
11777257.087289015,4.072601318359375,54091848.289549276,37019.833227544674,393101.45148252335,16266266.957897518,0.0,0.0,0.0,0.0,0.0,0.0,0.0,0.0,0.0,0.0,0.0,0.0,0.0,0.0,0.0,0.0,0.0,79.791015625,79.791015625,79.791015625,136.417,136.417,136.417,0.0,0.0,79.791015625,136.417,
11777258.088142168,4.072601318359375,49020491.023686536,33530.3934460631,356048.23639832763,14733030.471654937,0.0,0.0,0.0,0.0,0.0,0.0,0.0,0.0,0.0,0.0,0.0,0.0,0.0,0.0,0.0,0.0,0.0,79.791015625,79.791015625,79.791015625,136.51,136.51,136.51,0.0,0.0,79.791015625,136.51,
11777259.086110009,4.072620391845703,49189565.01214589,33627.33609019547,357077.63849975675,14775626.420679588,0.0,0.0,0.0,0.0,0.0,0.0,0.0,0.0,0.0,0.0,0.0,0.0,0.0,0.0,0.0,0.0,0.0,79.791015625,79.791015625,79.791015625,136.657,136.657,136.657,0.0,0.0,79.791015625,136.657,
11777260.08755594,4.072620391845703,49045977.92700867,33510.54608098668,355837.4837465885,14724309.67227263,0.0,0.0,0.0,0.0,0.0,0.0,0.0,0.0,0.0,0.0,0.0,0.0,0.0,0.0,0.0,0.0,0.0,79.791015625,79.791015625,79.791015625,136.579,136.579,136.579,0.0,0.0,79.791015625,136.579,
11777261.087277824,4.072620391845703,49157857.55094938,33568.33586687773,356451.13450441347,14749702.117424006,0.0,0.0,0.0,0.0,0.0,0.0,0.0,0.0,0.0,0.0,0.0,0.0,0.0,0.0,0.0,0.0,0.0,79.791015625,79.791015625,79.791015625,136.278,136.278,136.278,0.0,0.0,79.791015625,136.278,
11777262.086994655,4.072620391845703,49185404.763624474,33568.5055476872,356452.936289205,14749776.674036067,0.0,0.0,0.0,0.0,0.0,0.0,0.0,0.0,0.0,0.0,0.0,0.0,0.0,0.0,0.0,0.0,0.0,79.791015625,79.791015625,79.791015625,136.195,136.195,136.195,0.0,0.0,79.791015625,136.195,
11777263.087064328,4.072658538818359,49195340.45034437,33556.66203212866,356327.17388697853,14744572.71256463,0.0,0.0,0.0,0.0,0.0,0.0,0.0,0.0,0.0,0.0,0.0,0.0,0.0,0.0,0.0,0.0,0.0,79.791015625,79.791015625,79.791015625,136.37,136.37,136.37,0.0,0.0,79.791015625,136.37,
11777264.08699424,4.072658538818359,49229509.3787363,33561.35223502274,356376.97761121683,14746633.556326212,0.0,0.0,0.0,0.0,0.0,0.0,0.0,0.0,0.0,0.0,0.0,0.0,0.0,0.0,0.0,0.0,0.0,79.791015625,79.791015625,79.791015625,136.609,136.609,136.609,0.0,0.0,79.791015625,136.609,
11777265.088082384,4.072658538818359,49199813.50545587,33522.52265946567,355964.6591002685,14729572.100700764,0.0,0.0,0.0,0.0,0.0,0.0,0.0,0.0,0.0,0.0,0.0,0.0,0.0,0.0,0.0,0.0,0.0,79.791015625,79.791015625,79.791015625,136.656,136.656,136.656,0.0,0.0,79.791015625,136.656,
11777266.088443996,4.072658538818359,49262826.967332475,33546.869047354936,356223.185397748,14740269.74059647,0.0,0.0,0.0,0.0,0.0,0.0,0.0,0.0,0.0,0.0,0.0,0.0,0.0,0.0,0.0,0.0,0.0,79.791015625,79.791015625,79.791015625,136.296,136.296,136.296,0.0,0.0,79.791015625,136.296,
11777267.088350909,4.072662353515625,49312522.38208903,33562.124216049575,356385.175024217,14746972.759622773,0.0,0.0,0.0,0.0,0.0,0.0,0.0,0.0,0.0,0.0,0.0,0.0,0.0,0.0,0.0,0.0,0.0,79.791015625,79.791015625,79.791015625,136.306,136.306,136.306,0.0,0.0,79.791015625,136.306,
11777268.087583913,4.072662353515625,49373091.97858373,33584.75938599267,356625.53046030155,14756918.501805581,0.0,0.0,0.0,0.0,0.0,0.0,0.0,0.0,0.0,0.0,0.0,0.0,0.0,0.0,0.0,0.0,0.0,79.791015625,79.791015625,79.791015625,136.451,136.451,136.451,0.0,0.0,79.791015625,136.451,
11777269.087823484,4.072662353515625,49350690.97815053,33550.96214377886,356266.6486444734,14742068.219771313,0.0,0.0,0.0,0.0,0.0,0.0,0.0,0.0,0.0,0.0,0.0,0.0,0.0,0.0,0.0,0.0,0.0,79.791015625,79.791015625,79.791015625,136.339,136.339,136.339,0.0,0.0,79.791015625,136.339,
11777270.088138167,4.072662353515625,49374267.77101653,33548.442884671116,356239.8974593498,14740961.274179993,0.0,0.0,0.0,0.0,0.0,0.0,0.0,0.0,0.0,0.0,0.0,0.0,0.0,0.0,0.0,0.0,0.0,79.791015625,79.791015625,79.791015625,136.632,136.632,136.632,0.0,0.0,79.791015625,136.632,
11777271.08950552,4.0726776123046875,49349619.6543092,33513.17566197356,355865.4064035163,14725465.092559295,0.0,0.0,0.0,0.0,0.0,0.0,0.0,0.0,0.0,0.0,0.0,0.0,0.0,0.0,0.0,0.0,0.0,79.791015625,79.791015625,79.791015625,136.494,136.494,136.494,0.0,0.0,79.791015625,136.494,
