time,memory,io_read_count,io_write_count,io_read,io_write,cpu_util_avg,cpu_util_min,cpu_util_max,cpu_util_0,cpu_util_1,cpu_util_2,cpu_util_3,cpu_util_4,cpu_util_5,cpu_util_6,cpu_util_7,gpu_util_avg,gpu_util_min,gpu_util_max,gpu_band_avg,gpu_band_min,gpu_band_max,gpu_mem_avg,gpu_mem_min,gpu_mem_max,gpu_power_avg,gpu_power_min,gpu_power_max,gpu_util_0,gpu_band_0,gpu_mem_0,gpu_power_0,cell_index
11775459.823776497,0.9993247985839844,7.326091234739828,0.016774376793436473,0.17809512591308935,1.1019635915872403,0.0,0.0,0.0,0.0,0.0,0.0,0.0,0.0,0.0,0.0,0.0,0.0,0.0,0.0,0.0,0.0,0.0,0.0,0.0,0.0,0.0,0.0,0.0,0.0,0.0,0.0,0.0,2
11775460.816677038,1.1146087646484375,86918488.23905608,198944.39758353468,2112147.1016397593,13068910.191396011,7.5,7.5,7.5,7.5,7.5,7.5,7.5,7.5,7.5,7.5,7.5,0.0,0.0,0.0,0.0,0.0,0.0,0.0,0.0,0.0,0.0,0.0,0.0,0.0,0.0,0.0,0.0,5
11775461.81812922,2.9049453735351562,86209729.8262371,197262.5389925448,2094110.9708137894,12957311.631910322,64.325,64.325,64.325,64.325,64.325,64.325,64.325,64.325,64.325,64.325,64.325,16.0,16.0,16.0,0.0,0.0,0.0,5.79296875,5.79296875,5.79296875,112.609,112.609,112.609,16.0,0.0,5.79296875,112.609,5
11775462.844444135,3.6108016967773438,84153209.3571321,192498.4202244933,2043380.6106914042,12643417.528653063,11.787500000000001,11.787500000000001,11.787500000000001,11.787500000000001,11.787500000000001,11.787500000000001,11.787500000000001,11.787500000000001,11.787500000000001,11.787500000000001,11.787500000000001,3.0,3.0,3.0,0.0,0.0,0.0,5.95703125,5.95703125,5.95703125,146.813,146.813,146.813,3.0,0.0,5.95703125,146.813,5
11775463.849393029,3.6361656188964844,85980350.397463,196592.08668785833,2086824.5275307642,12912226.764096605,18.2875,18.2875,18.2875,18.2875,18.2875,18.2875,18.2875,18.2875,18.2875,18.2875,18.2875,50.0,50.0,50.0,0.0,0.0,0.0,5.95703125,5.95703125,5.95703125,234.322,234.322,234.322,50.0,0.0,5.95703125,234.322,5
11775464.847953975,3.6430702209472656,86563119.96640801,197857.72786870445,2100174.2632612213,12994828.253928807,19.95,19.95,19.95,19.95,19.95,19.95,19.95,19.95,19.95,19.95,19.95,47.0,47.0,47.0,0.0,0.0,0.0,5.95703125,5.95703125,5.95703125,233.867,233.867,233.867,47.0,0.0,5.95703125,233.867,5
11775465.837444756,3.6430740356445312,87389638.85485728,199678.4647194347,2119425.5068493364,13113945.32363027,19.65,19.65,19.65,19.65,19.65,19.65,19.65,19.65,19.65,19.65,19.65,64.0,64.0,64.0,0.0,0.0,0.0,5.95703125,5.95703125,5.95703125,249.075,249.075,249.075,64.0,0.0,5.95703125,249.075,5
11775466.816936005,3.643085479736328,88315166.78932957,201726.15146570088,2141062.5186553784,13247824.334180154,19.1375,19.1375,19.1375,19.1375,19.1375,19.1375,19.1375,19.1375,19.1375,19.1375,19.1375,71.0,71.0,71.0,0.0,0.0,0.0,5.95703125,5.95703125,5.95703125,258.943,258.943,258.943,71.0,0.0,5.95703125,258.943,5
11775467.839740928,3.643085479736328,84607164.10720232,193191.28749569497,2050392.9460172558,12686806.353481771,18.200000000000003,18.200000000000003,18.200000000000003,18.200000000000003,18.200000000000003,18.200000000000003,18.200000000000003,18.200000000000003,18.200000000000003,18.200000000000003,18.200000000000003,67.0,67.0,67.0,0.0,0.0,0.0,5.95703125,5.95703125,5.95703125,251.832,251.832,251.832,67.0,0.0,5.95703125,251.832,5
11775468.839286996,3.6430931091308594,86611371.69143258,197694.74001039704,2098104.397167502,12982020.957473917,19.625,19.625,19.625,19.625,19.625,19.625,19.625,19.625,19.625,19.625,19.625,66.0,66.0,66.0,0.0,0.0,0.0,5.95703125,5.95703125,5.95703125,256.56,256.56,256.56,66.0,0.0,5.95703125,256.56,5
11775469.849995285,3.6430931091308594,85689888.88649414,195513.38611491825,2074933.0171384267,12842700.647093114,19.45,19.45,19.45,19.45,19.45,19.45,19.45,19.45,19.45,19.45,19.45,48.0,48.0,48.0,0.0,0.0,0.0,5.95703125,5.95703125,5.95703125,249.506,249.506,249.506,48.0,0.0,5.95703125,249.506,5
11775470.839362344,3.6431198120117188,87571314.66586351,199745.8863240196,2119690.5455677523,13152845.436071776,20.200000000000003,20.200000000000003,20.200000000000003,20.200000000000003,20.200000000000003,20.200000000000003,20.200000000000003,20.200000000000003,20.200000000000003,20.200000000000003,20.200000000000003,62.0,62.0,62.0,0.0,0.0,0.0,5.95703125,5.95703125,5.95703125,250.056,250.056,250.056,62.0,0.0,5.95703125,250.056,5
11775471.840186143,3.6431198120117188,86601522.70709932,197467.32651106015,2095425.7892390976,13002280.727368385,18.925,18.925,18.925,18.925,18.925,18.925,18.925,18.925,18.925,18.925,18.925,63.0,63.0,63.0,0.0,0.0,0.0,5.95703125,5.95703125,5.95703125,255.792,255.792,255.792,63.0,0.0,5.95703125,255.792,5
11775472.823241267,3.6431236267089844,88200095.67924088,201044.6771122004,2133300.512528994,13241462.946908481,19.3,19.3,19.3,19.3,19.3,19.3,19.3,19.3,19.3,19.3,19.3,70.0,70.0,70.0,0.0,0.0,0.0,5.95703125,5.95703125,5.95703125,257.514,257.514,257.514,70.0,0.0,5.95703125,257.514,5
11775473.83675841,3.6431236267089844,85584141.89790538,195013.96826403707,2069182.5629793163,12843480.83036771,18.662499999999998,18.662499999999998,18.662499999999998,18.662499999999998,18.662499999999998,18.662499999999998,18.662499999999998,18.662499999999998,18.662499999999998,18.662499999999998,18.662499999999998,65.0,65.0,65.0,0.0,0.0,0.0,5.95703125,5.95703125,5.95703125,246.977,246.977,246.977,65.0,0.0,5.95703125,246.977,5
11775474.837110508,3.64312744140625,86745916.9643034,197593.42781343125,2096413.857554489,13012506.326773763,19.9375,19.9375,19.9375,19.9375,19.9375,19.9375,19.9375,19.9375,19.9375,19.9375,19.9375,67.0,67.0,67.0,0.0,0.0,0.0,5.95703125,5.95703125,5.95703125,259.149,259.149,259.149,67.0,0.0,5.95703125,259.149,5
11775475.848819872,3.6431541442871094,85804428.70028792,195375.27970768852,2072879.8945151009,12866430.282751935,19.4125,19.4125,19.4125,19.4125,19.4125,19.4125,19.4125,19.4125,19.4125,19.4125,19.4125,50.0,50.0,50.0,0.0,0.0,0.0,5.95703125,5.95703125,5.95703125,243.425,243.425,243.425,50.0,0.0,5.95703125,243.425,5
11775476.849519512,3.6431541442871094,86781122.51442276,197534.7968889545,2095685.775828083,13007987.100745406,19.6875,19.6875,19.6875,19.6875,19.6875,19.6875,19.6875,19.6875,19.6875,19.6875,19.6875,47.0,47.0,47.0,0.0,0.0,0.0,5.95703125,5.95703125,5.95703125,241.494,241.494,241.494,47.0,0.0,5.95703125,241.494,5
11775477.847718198,3.643157958984375,87031301.6875818,198040.73351265542,2100936.4458809635,13040578.173847074,19.9125,19.9125,19.9125,19.9125,19.9125,19.9125,19.9125,19.9125,19.9125,19.9125,19.9125,56.0,56.0,56.0,0.0,0.0,0.0,5.95703125,5.95703125,5.95703125,240.086,240.086,240.086,56.0,0.0,5.95703125,240.086,5
11775478.84965248,3.643157958984375,86739436.42764804,197302.36149856113,2093103.3468638356,12991957.883463418,19.8875,19.8875,19.8875,19.8875,19.8875,19.8875,19.8875,19.8875,19.8875,19.8875,19.8875,49.0,49.0,49.0,0.0,0.0,0.0,5.95703125,5.95703125,5.95703125,233.4,233.4,233.4,49.0,0.0,5.95703125,233.4,5
11775479.848404298,3.6431808471679688,87054045.35589294,197939.06412120807,2099772.9002686995,13033356.009870952,19.9125,19.9125,19.9125,19.9125,19.9125,19.9125,19.9125,19.9125,19.9125,19.9125,19.9125,47.0,47.0,47.0,0.0,0.0,0.0,5.95703125,5.95703125,5.95703125,239.119,239.119,239.119,47.0,0.0,5.95703125,239.119,5
11775480.847987097,3.6431808471679688,87014381.4737791,197783.51545045737,2098027.298769139,13022521.006813133,20.5,20.5,20.5,20.5,20.5,20.5,20.5,20.5,20.5,20.5,20.5,47.0,47.0,47.0,0.0,0.0,0.0,5.95703125,5.95703125,5.95703125,240.294,240.294,240.294,47.0,0.0,5.95703125,240.294,5
11775481.849324755,3.6431846618652344,86894534.77705288,197443.8874831423,2094350.474047822,12999698.840867145,19.925,19.925,19.925,19.925,19.925,19.925,19.925,19.925,19.925,19.925,19.925,48.0,48.0,48.0,0.0,0.0,0.0,5.95703125,5.95703125,5.95703125,228.362,228.362,228.362,48.0,0.0,5.95703125,228.362,5
11775482.849475296,3.6431922912597656,87030352.37733379,197678.2413507845,2096836.3404883991,13015128.691547133,19.7,19.7,19.7,19.7,19.7,19.7,19.7,19.7,19.7,19.7,19.7,49.0,49.0,49.0,0.0,0.0,0.0,5.95703125,5.95703125,5.95703125,241.866,241.866,241.866,49.0,0.0,5.95703125,241.866,5
11775483.849404017,3.643199920654297,87082353.20440973,197730.09414269525,2097301.4950309615,13018015.920328898,20.4,20.4,20.4,20.4,20.4,20.4,20.4,20.4,20.4,20.4,20.4,47.0,47.0,47.0,0.0,0.0,0.0,5.95703125,5.95703125,5.95703125,241.752,241.752,241.752,47.0,0.0,5.95703125,241.752,5
11775484.852104288,3.6432037353515625,86874252.96669134,197191.52941493274,2091504.3712224364,12982032.991689263,19.75,19.75,19.75,19.75,19.75,19.75,19.75,19.75,19.75,19.75,19.75,54.0,54.0,54.0,0.0,0.0,0.0,5.95703125,5.95703125,5.95703125,241.765,241.765,241.765,54.0,0.0,5.95703125,241.765,5
11775485.849079944,3.6432151794433594,87411364.98488136,198325.80534066845,2103513.7479228503,13056575.568161756,20.6625,20.6625,20.6625,20.6625,20.6625,20.6625,20.6625,20.6625,20.6625,20.6625,20.6625,46.0,46.0,46.0,0.0,0.0,0.0,5.95703125,5.95703125,5.95703125,229.316,229.316,229.316,46.0,0.0,5.95703125,229.316,5
11775486.850333404,3.6432266235351562,87070555.57601002,197486.4587019577,2094526.5955259488,13000792.032385673,19.650000000000002,19.650000000000002,19.650000000000002,19.650000000000002,19.650000000000002,19.650000000000002,19.650000000000002,19.650000000000002,19.650000000000002,19.650000000000002,19.650000000000002,46.0,46.0,46.0,0.0,0.0,0.0,5.95703125,5.95703125,5.95703125,236.43,236.43,236.43,46.0,0.0,5.95703125,236.43,5
11775487.844242418,3.6432266235351562,87746850.80567504,198953.82488464192,2110004.0040278574,13096860.790626036,20.125,20.125,20.125,20.125,20.125,20.125,20.125,20.125,20.125,20.125,20.125,47.0,47.0,47.0,0.0,0.0,0.0,5.95703125,5.95703125,5.95703125,239.736,239.736,239.736,47.0,0.0,5.95703125,239.736,5
11775488.849996552,3.6432342529296875,86745936.28585722,196625.59006857357,2085153.7465854012,12942614.466110166,19.85,19.85,19.85,19.85,19.85,19.85,19.85,19.85,19.85,19.85,19.85,47.0,47.0,47.0,0.0,0.0,0.0,5.95703125,5.95703125,5.95703125,228.468,228.468,228.468,47.0,0.0,5.95703125,228.468,5
11775489.851980716,3.6432342529296875,87104937.50842835,197365.39466561822,2092999.1461935134,12991311.106646456,19.6625,19.6625,19.6625,19.6625,19.6625,19.6625,19.6625,19.6625,19.6625,19.6625,19.6625,47.0,47.0,47.0,0.0,0.0,0.0,5.95703125,5.95703125,5.95703125,243.656,243.656,243.656,47.0,0.0,5.95703125,243.656,5
11775490.850934744,3.6432571411132812,87407356.6571709,197975.0764081686,2099347.859307591,13030717.767342819,21.924999999999997,21.924999999999997,21.924999999999997,21.924999999999997,21.924999999999997,21.924999999999997,21.924999999999997,21.924999999999997,21.924999999999997,21.924999999999997,21.924999999999997,47.0,47.0,47.0,0.0,0.0,0.0,5.95703125,5.95703125,5.95703125,241.579,241.579,241.579,47.0,0.0,5.95703125,241.579,5
11775491.851962112,3.6432571411132812,87258986.90834473,197573.0197999981,2094999.6643657754,13003728.385457879,19.6875,19.6875,19.6875,19.6875,19.6875,19.6875,19.6875,19.6875,19.6875,19.6875,19.6875,54.0,54.0,54.0,0.0,0.0,0.0,5.95703125,5.95703125,5.95703125,243.582,243.582,243.582,54.0,0.0,5.95703125,243.582,5
11775492.850493873,3.643280029296875,87509803.33695446,198066.80948403073,2100235.6486280137,13036228.3033981,19.725,19.725,19.725,19.725,19.725,19.725,19.725,19.725,19.725,19.725,19.725,50.0,50.0,50.0,0.0,0.0,0.0,5.95703125,5.95703125,5.95703125,230.823,230.823,230.823,50.0,0.0,5.95703125,230.823,5
11775493.850706013,3.643280029296875,87395468.89190221,197741.05113800577,2096707.2037342493,13014327.135678602,20.4625,20.4625,20.4625,20.4625,20.4625,20.4625,20.4625,20.4625,20.4625,20.4625,20.4625,46.0,46.0,46.0,0.0,0.0,0.0,5.95703125,5.95703125,5.95703125,238.963,238.963,238.963,46.0,0.0,5.95703125,238.963,5
11775494.8520779,3.643280029296875,87326897.40127888,197519.02629829315,2094278.8868978112,12999254.49718993,19.5625,19.5625,19.5625,19.5625,19.5625,19.5625,19.5625,19.5625,19.5625,19.5625,19.5625,48.0,48.0,48.0,0.0,0.0,0.0,5.95703125,5.95703125,5.95703125,240.973,240.973,240.973,48.0,0.0,5.95703125,240.973,5
11775495.85117362,3.643280029296875,87561304.83426198,197976.0255286725,2099050.126591943,13028869.731072647,20.15,20.15,20.15,20.15,20.15,20.15,20.15,20.15,20.15,20.15,20.15,49.0,49.0,49.0,0.0,0.0,0.0,5.95703125,5.95703125,5.95703125,230.326,230.326,230.326,49.0,0.0,5.95703125,230.326,5
11775496.8510484,3.6432876586914062,87528517.32491736,197823.771501658,2097414.638356337,13018718.204485232,20.799999999999997,20.799999999999997,20.799999999999997,20.799999999999997,20.799999999999997,20.799999999999997,20.799999999999997,20.799999999999997,20.799999999999997,20.799999999999997,20.799999999999997,50.0,50.0,50.0,0.0,0.0,0.0,5.95703125,5.95703125,5.95703125,242.602,242.602,242.602,50.0,0.0,5.95703125,242.602,5
11775497.853412492,3.6432876586914062,87343760.35201026,197341.46670114493,2092205.8338148077,12986386.991920818,19.9375,19.9375,19.9375,19.9375,19.9375,19.9375,19.9375,19.9375,19.9375,19.9375,19.9375,48.0,48.0,48.0,0.0,0.0,0.0,5.95703125,5.95703125,5.95703125,248.135,248.135,248.135,48.0,0.0,5.95703125,248.135,5
11775498.85195672,3.643299102783203,87710629.7374757,198107.39933730822,2100209.4274818627,13036065.547924532,20.3,20.3,20.3,20.3,20.3,20.3,20.3,20.3,20.3,20.3,20.3,59.0,59.0,59.0,0.0,0.0,0.0,5.95703125,5.95703125,5.95703125,241.455,241.455,241.455,59.0,0.0,5.95703125,241.455,5
11775499.851519696,3.643299102783203,87653933.79546438,197906.48971123341,2098068.904614764,13022779.255597107,20.0125,20.0125,20.0125,20.0125,20.0125,20.0125,20.0125,20.0125,20.0125,20.0125,20.0125,48.0,48.0,48.0,0.0,0.0,0.0,5.95703125,5.95703125,5.95703125,228.796,228.796,228.796,48.0,0.0,5.95703125,228.796,5
11775500.8532518,3.6433067321777344,87496764.54556522,197485.9339174093,2093525.7965847238,12998668.959653977,19.95,19.95,19.95,19.95,19.95,19.95,19.95,19.95,19.95,19.95,19.95,49.0,49.0,49.0,0.0,0.0,0.0,5.95703125,5.95703125,5.95703125,235.387,235.387,235.387,49.0,0.0,5.95703125,235.387,5
11775501.852611547,3.643321990966797,87742642.45540874,197964.74744526597,2098495.567253684,13029526.188084887,20.575,20.575,20.575,20.575,20.575,20.575,20.575,20.575,20.575,20.575,20.575,45.0,45.0,45.0,0.0,0.0,0.0,5.95703125,5.95703125,5.95703125,238.28,238.28,238.28,45.0,0.0,5.95703125,238.28,5
11775502.851564245,3.6433258056640625,87811096.74052949,198052.42070373037,2099350.6542175417,13034835.409682745,20.1125,20.1125,20.1125,20.1125,20.1125,20.1125,20.1125,20.1125,20.1125,20.1125,20.1125,47.0,47.0,47.0,0.0,0.0,0.0,5.95703125,5.95703125,5.95703125,228.887,228.887,228.887,47.0,0.0,5.95703125,228.887,5
11775503.849733844,3.6433258056640625,87912707.49884403,198207.79973483388,2100997.668020452,13045061.692650424,19.212500000000002,19.212500000000002,19.212500000000002,19.212500000000002,19.212500000000002,19.212500000000002,19.212500000000002,19.212500000000002,19.212500000000002,19.212500000000002,19.212500000000002,49.0,49.0,49.0,0.0,0.0,0.0,5.95703125,5.95703125,5.95703125,246.049,246.049,246.049,49.0,0.0,5.95703125,246.049,5
11775504.850748245,3.643360137939453,87695502.6581135,197653.50023529094,2095026.8042366637,13007988.692711629,19.925,19.925,19.925,19.925,19.925,19.925,19.925,19.925,19.925,19.925,19.925,46.0,46.0,46.0,0.0,0.0,0.0,5.95703125,5.95703125,5.95703125,244.993,244.993,244.993,46.0,0.0,5.95703125,244.993,5
11775505.856810728,3.643360137939453,87287948.26133561,196670.68722050753,2084514.664418622,12942718.980833592,20.162499999999998,20.162499999999998,20.162499999999998,20.162499999999998,20.162499999999998,20.162499999999998,20.162499999999998,20.162499999999998,20.162499999999998,20.162499999999998,20.162499999999998,45.0,45.0,45.0,0.0,0.0,0.0,5.95703125,5.95703125,5.95703125,241.837,241.837,241.837,45.0,0.0,5.95703125,241.837,5
11775506.854945716,3.643360137939453,88016673.20199831,198233.7083581266,2101070.5229382906,13045514.047696926,21.0,21.0,21.0,21.0,21.0,21.0,21.0,21.0,21.0,21.0,21.0,45.0,45.0,45.0,0.0,0.0,0.0,5.95703125,5.95703125,5.95703125,230.127,230.127,230.127,45.0,0.0,5.95703125,230.127,5
11775507.853011094,3.6433639526367188,88058263.40815279,198259.5571985838,2101217.0596642564,13046423.891938811,20.15,20.15,20.15,20.15,20.15,20.15,20.15,20.15,20.15,20.15,20.15,48.0,48.0,48.0,0.0,0.0,0.0,5.95703125,5.95703125,5.95703125,238.645,238.645,238.645,48.0,0.0,5.95703125,238.645,5
11775508.842355382,3.6433639526367188,88867493.44621101,200014.2947884136,2119739.3325556573,13161428.394911006,20.275,20.275,20.275,20.275,20.275,20.275,20.275,20.275,20.275,20.275,20.275,65.0,65.0,65.0,0.0,0.0,0.0,5.95703125,5.95703125,5.95703125,242.385,242.385,242.385,65.0,0.0,5.95703125,242.385,5
11775509.84113865,3.6433639526367188,88060335.82549523,198133.07484559572,2099706.7803579266,13037046.591323921,18.8375,18.8375,18.8375,18.8375,18.8375,18.8375,18.8375,18.8375,18.8375,18.8375,18.8375,66.0,66.0,66.0,0.0,0.0,0.0,5.95703125,5.95703125,5.95703125,260.886,260.886,260.886,66.0,0.0,5.95703125,260.886,5
11775510.840410229,3.6433753967285156,88049972.44133466,198045.26030937335,2098680.7229287517,13030675.816778325,18.45,18.45,18.45,18.45,18.45,18.45,18.45,18.45,18.45,18.45,18.45,68.0,68.0,68.0,0.0,0.0,0.0,5.95703125,5.95703125,5.95703125,245.841,245.841,245.841,68.0,0.0,5.95703125,245.841,5
11775511.840131817,3.6433753967285156,88045718.93478702,197956.11324517964,2097736.033695408,13024810.256089263,18.45,18.45,18.45,18.45,18.45,18.45,18.45,18.45,18.45,18.45,18.45,68.0,68.0,68.0,0.0,0.0,0.0,5.95703125,5.95703125,5.95703125,261.368,261.368,261.368,68.0,0.0,5.95703125,261.368,5
11775512.839304997,3.643383026123047,88129459.26394562,198078.77563810098,2098887.403617688,13036058.483406734,19.237499999999997,19.237499999999997,19.237499999999997,19.237499999999997,19.237499999999997,19.237499999999997,19.237499999999997,19.237499999999997,19.237499999999997,19.237499999999997,19.237499999999997,67.0,67.0,67.0,0.0,0.0,0.0,5.95703125,5.95703125,5.95703125,262.917,262.917,262.917,67.0,0.0,5.95703125,262.917,5
11775513.84206578,3.6433868408203125,87846691.36212398,197377.08473188384,2091378.1590709456,12989419.0348547,18.4375,18.4375,18.4375,18.4375,18.4375,18.4375,18.4375,18.4375,18.4375,18.4375,18.4375,66.0,66.0,66.0,0.0,0.0,0.0,5.95703125,5.95703125,5.95703125,260.829,260.829,260.829,66.0,0.0,5.95703125,260.829,5
11775514.852982627,3.643402099609375,87170235.80859742,195791.57320737303,2074504.9453843993,12884620.559223417,19.1625,19.1625,19.1625,19.1625,19.1625,19.1625,19.1625,19.1625,19.1625,19.1625,19.1625,46.0,46.0,46.0,0.0,0.0,0.0,5.95703125,5.95703125,5.95703125,240.126,240.126,240.126,46.0,0.0,5.95703125,240.126,5
11775515.852302138,3.643402099609375,88214532.059779,198070.78508269077,2098580.061624642,13034149.601496799,20.225,20.225,20.225,20.225,20.225,20.225,20.225,20.225,20.225,20.225,20.225,59.0,59.0,59.0,0.0,0.0,0.0,5.95703125,5.95703125,5.95703125,228.746,228.746,228.746,59.0,0.0,5.95703125,228.746,5
11775516.851216055,3.6434097290039062,88285638.47012395,198151.2085221789,2099432.15612473,13039441.90718094,19.5,19.5,19.5,19.5,19.5,19.5,19.5,19.5,19.5,19.5,19.5,48.0,48.0,48.0,0.0,0.0,0.0,5.95703125,5.95703125,5.95703125,233.951,233.951,233.951,48.0,0.0,5.95703125,233.951,5
11775517.853270076,3.6434326171875,88041679.5622188,197539.25027853038,2092853.2360005078,12998580.645471904,19.475,19.475,19.475,19.475,19.475,19.475,19.475,19.475,19.475,19.475,19.475,46.0,46.0,46.0,0.0,0.0,0.0,5.95703125,5.95703125,5.95703125,244.284,244.284,244.284,46.0,0.0,5.95703125,244.284,5
11775518.854282027,3.6434326171875,88165942.39566742,197751.8848031479,2095031.9305624152,13012112.3812275,19.0625,19.0625,19.0625,19.0625,19.0625,19.0625,19.0625,19.0625,19.0625,19.0625,19.0625,45.0,45.0,45.0,0.0,0.0,0.0,5.95703125,5.95703125,5.95703125,246.447,246.447,246.447,45.0,0.0,5.95703125,246.447,5
11775519.852640806,3.6434326171875,88432943.03366123,198284.42863655454,2100599.5488157026,13046692.510222526,19.962500000000002,19.962500000000002,19.962500000000002,19.962500000000002,19.962500000000002,19.962500000000002,19.962500000000002,19.962500000000002,19.962500000000002,19.962500000000002,19.962500000000002,48.0,48.0,48.0,0.0,0.0,0.0,5.95703125,5.95703125,5.95703125,226.181,226.181,226.181,48.0,0.0,5.95703125,226.181,5
11775520.853703266,3.643444061279297,88226703.63495499,197748.89965587982,2094926.2241733272,13011455.845451524,19.775000000000002,19.775000000000002,19.775000000000002,19.775000000000002,19.775000000000002,19.775000000000002,19.775000000000002,19.775000000000002,19.775000000000002,19.775000000000002,19.775000000000002,46.0,46.0,46.0,0.0,0.0,0.0,5.95703125,5.95703125,5.95703125,243.253,243.253,243.253,46.0,0.0,5.95703125,243.253,5
11775521.853797156,3.643444061279297,88344793.27608196,197951.41427163186,2096955.1161417451,13024057.16666162,19.775000000000002,19.775000000000002,19.775000000000002,19.775000000000002,19.775000000000002,19.775000000000002,19.775000000000002,19.775000000000002,19.775000000000002,19.775000000000002,19.775000000000002,47.0,47.0,47.0,0.0,0.0,0.0,5.95703125,5.95703125,5.95703125,240.591,240.591,240.591,47.0,0.0,5.95703125,240.591,5
11775522.855982376,3.643463134765625,88195744.90324618,197551.3069530084,2092579.2541739214,12996878.96147084,21.3125,21.3125,21.3125,21.3125,21.3125,21.3125,21.3125,21.3125,21.3125,21.3125,21.3125,75.0,75.0,75.0,0.0,0.0,0.0,5.95703125,5.95703125,5.95703125,242.638,242.638,242.638,75.0,0.0,5.95703125,242.638,5
11775523.856865548,3.643463134765625,88345820.50377613,197809.30049603267,2095301.4897863255,13013786.596719757,19.6,19.6,19.6,19.6,19.6,19.6,19.6,19.6,19.6,19.6,19.6,61.0,61.0,61.0,0.0,0.0,0.0,5.95703125,5.95703125,5.95703125,232.798,232.798,232.798,61.0,0.0,5.95703125,232.798,5
11775524.8412987,3.643482208251953,89855252.070613,201122.84886148723,2130314.279039384,13231248.842471171,18.575000000000003,18.575000000000003,18.575000000000003,18.575000000000003,18.575000000000003,18.575000000000003,18.575000000000003,18.575000000000003,18.575000000000003,18.575000000000003,18.575000000000003,68.0,68.0,68.0,0.0,0.0,0.0,5.95703125,5.95703125,5.95703125,254.216,254.216,254.216,68.0,0.0,5.95703125,254.216,5
11775525.858087849,3.643482208251953,87028008.75100312,194732.60518046786,2062523.9766236125,12810207.511060718,23.325,23.325,23.325,23.325,23.325,23.325,23.325,23.325,23.325,23.325,23.325,53.0,53.0,53.0,0.0,0.0,0.0,5.95703125,5.95703125,5.95703125,225.757,225.757,225.757,53.0,0.0,5.95703125,225.757,5
11775526.849891089,3.64349365234375,89253366.4209776,199645.44579811033,2114483.9171269927,13132927.45403093,18.4,18.4,18.4,18.4,18.4,18.4,18.4,18.4,18.4,18.4,18.4,81.0,81.0,81.0,0.0,0.0,0.0,5.95703125,5.95703125,5.95703125,257.74,257.74,257.74,81.0,0.0,5.95703125,257.74,5
11775527.860631919,3.64349365234375,87616081.59459652,195911.74532066446,2074866.2154710835,12886864.385152433,18.087500000000002,18.087500000000002,18.087500000000002,18.087500000000002,18.087500000000002,18.087500000000002,18.087500000000002,18.087500000000002,18.087500000000002,18.087500000000002,18.087500000000002,74.0,74.0,74.0,0.0,0.0,0.0,5.95703125,5.95703125,5.95703125,250.772,250.772,250.772,74.0,0.0,5.95703125,250.772,5
11775528.86161578,3.643512725830078,88505460.8220425,197831.36120048608,2095090.719422307,13012477.515161986,19.362499999999997,19.362499999999997,19.362499999999997,19.362499999999997,19.362499999999997,19.362499999999997,19.362499999999997,19.362499999999997,19.362499999999997,19.362499999999997,19.362499999999997,74.0,74.0,74.0,0.0,0.0,0.0,5.95703125,5.95703125,5.95703125,262.66,262.66,262.66,74.0,0.0,5.95703125,262.66,5
11775529.860621568,3.6435165405273438,88713373.98307285,198223.07594422306,2099239.0906374883,13038242.789506275,18.5,18.5,18.5,18.5,18.5,18.5,18.5,18.5,18.5,18.5,18.5,74.0,74.0,74.0,0.0,0.0,0.0,5.95703125,5.95703125,5.95703125,261.14,261.14,261.14,74.0,0.0,5.95703125,261.14,5
11775530.863447728,3.6435317993164062,88407967.95320629,197474.90435984763,2091241.8164046558,12988572.219075792,18.5875,18.5875,18.5875,18.5875,18.5875,18.5875,18.5875,18.5875,18.5875,18.5875,18.5875,72.0,72.0,72.0,0.0,0.0,0.0,5.95703125,5.95703125,5.95703125,264.101,264.101,264.101,72.0,0.0,5.95703125,264.101,5
11775531.859705336,3.6435317993164062,89023651.33322069,198783.92722862426,2105029.8452603705,13074208.804546833,18.712500000000002,18.712500000000002,18.712500000000002,18.712500000000002,18.712500000000002,18.712500000000002,18.712500000000002,18.712500000000002,18.712500000000002,18.712500000000002,18.712500000000002,72.0,72.0,72.0,0.0,0.0,0.0,5.95703125,5.95703125,5.95703125,262.005,262.005,262.005,72.0,0.0,5.95703125,262.005,5
11775532.862813609,3.6435508728027344,88448235.79612844,197436.3141679374,2090653.6790200367,12989002.642505346,19.075,19.075,19.075,19.075,19.075,19.075,19.075,19.075,19.075,19.075,19.075,73.0,73.0,73.0,0.0,0.0,0.0,5.95703125,5.95703125,5.95703125,258.738,258.738,258.738,73.0,0.0,5.95703125,258.738,5
11775533.841566335,3.6435546875,90688176.47156934,202357.5460882849,2142678.066496374,13312224.47172845,18.875,18.875,18.875,18.875,18.875,18.875,18.875,18.875,18.875,18.875,18.875,79.0,79.0,79.0,0.0,0.0,0.0,5.95703125,5.95703125,5.95703125,263.777,263.777,263.777,79.0,0.0,5.95703125,263.777,5
11775534.860903634,3.643566131591797,87109506.48412193,194308.59669404005,2057368.0600108018,12782202.732215548,18.6375,18.6375,18.6375,18.6375,18.6375,18.6375,18.6375,18.6375,18.6375,18.6375,18.6375,74.0,74.0,74.0,0.0,0.0,0.0,5.95703125,5.95703125,5.95703125,255.403,255.403,255.403,74.0,0.0,5.95703125,255.403,5
11775535.862914937,3.643566131591797,88648365.28948383,197676.41286572712,2092942.458849649,13003222.581251433,18.3875,18.3875,18.3875,18.3875,18.3875,18.3875,18.3875,18.3875,18.3875,18.3875,18.3875,73.0,73.0,73.0,0.0,0.0,0.0,5.95703125,5.95703125,5.95703125,263.303,263.303,263.303,73.0,0.0,5.95703125,263.303,5
11775536.862307934,3.6435775756835938,88913294.5944602,198194.30444353944,2098425.749731805,13037289.66776733,18.3,18.3,18.3,18.3,18.3,18.3,18.3,18.3,18.3,18.3,18.3,48.0,48.0,48.0,0.0,0.0,0.0,5.95703125,5.95703125,5.95703125,258.715,258.715,258.715,48.0,0.0,5.95703125,258.715,5
11775537.871861344,3.6435775756835938,88050804.5533349,196205.5677449068,2077306.6377593235,12906078.934985172,19.675,19.675,19.675,19.675,19.675,19.675,19.675,19.675,19.675,19.675,19.675,47.0,47.0,47.0,0.0,0.0,0.0,5.95703125,5.95703125,5.95703125,243.448,243.448,243.448,47.0,0.0,5.95703125,243.448,5
11775538.872034485,3.643596649169922,88912001.74781436,198054.70874490464,2096788.9612941367,13027120.48022783,20.862499999999997,20.862499999999997,20.862499999999997,20.862499999999997,20.862499999999997,20.862499999999997,20.862499999999997,20.862499999999997,20.862499999999997,20.862499999999997,20.862499999999997,48.0,48.0,48.0,0.0,0.0,0.0,5.95703125,5.95703125,5.95703125,237.811,237.811,237.811,48.0,0.0,5.95703125,237.811,5
11775539.872863024,3.643596649169922,88886418.05139773,197933.00459774552,2095415.864239091,13018589.578407321,19.9,19.9,19.9,19.9,19.9,19.9,19.9,19.9,19.9,19.9,19.9,48.0,48.0,48.0,0.0,0.0,0.0,5.95703125,5.95703125,5.95703125,228.733,228.733,228.733,48.0,0.0,5.95703125,228.733,5
11775540.872893643,3.6436195373535156,88992738.20601706,198091.93478925515,2097087.7910284607,13028977.076682681,19.3875,19.3875,19.3875,19.3875,19.3875,19.3875,19.3875,19.3875,19.3875,19.3875,19.3875,50.0,50.0,50.0,0.0,0.0,0.0,5.95703125,5.95703125,5.95703125,248.025,248.025,248.025,50.0,0.0,5.95703125,248.025,5
11775541.8713053,3.6436195373535156,89169762.14176886,198420.15921366785,2100488.2952740313,13050104.037630262,19.7375,19.7375,19.7375,19.7375,19.7375,19.7375,19.7375,19.7375,19.7375,19.7375,19.7375,47.0,47.0,47.0,0.0,0.0,0.0,5.95703125,5.95703125,5.95703125,242.854,242.854,242.854,47.0,0.0,5.95703125,242.854,5
11775542.872720972,3.6436424255371094,88934876.4051527,197837.9264303992,2094187.3181102402,13010956.755681003,19.700000000000003,19.700000000000003,19.700000000000003,19.700000000000003,19.700000000000003,19.700000000000003,19.700000000000003,19.700000000000003,19.700000000000003,19.700000000000003,19.700000000000003,46.0,46.0,46.0,0.0,0.0,0.0,5.95703125,5.95703125,5.95703125,244.033,244.033,244.033,46.0,0.0,5.95703125,244.033,5
11775543.874176472,3.6436424255371094,88966653.97091751,197830.0582074593,2094104.03007243,13010439.296211718,19.4375,19.4375,19.4375,19.4375,19.4375,19.4375,19.4375,19.4375,19.4375,19.4375,19.4375,48.0,48.0,48.0,0.0,0.0,0.0,5.95703125,5.95703125,5.95703125,229.584,229.584,229.584,48.0,0.0,5.95703125,229.584,5
11775544.87385916,3.6436424255371094,89157086.68276832,198189.88818380132,2097817.664348803,13033511.699792076,20.150000000000002,20.150000000000002,20.150000000000002,20.150000000000002,20.150000000000002,20.150000000000002,20.150000000000002,20.150000000000002,20.150000000000002,20.150000000000002,20.150000000000002,47.0,47.0,47.0,0.0,0.0,0.0,5.95703125,5.95703125,5.95703125,240.32,240.32,240.32,47.0,0.0,5.95703125,240.32,5
11775545.872677088,3.643646240234375,89269699.19978581,198369.48698936624,2099633.9181806515,13044795.886196587,21.05,21.05,21.05,21.05,21.05,21.05,21.05,21.05,21.05,21.05,21.05,47.0,47.0,47.0,0.0,0.0,0.0,5.95703125,5.95703125,5.95703125,235.946,235.946,235.946,47.0,0.0,5.95703125,235.946,5
11775546.873071248,3.6436729431152344,89161647.05162096,198067.92955915295,2096325.7124082076,13024242.3655674,19.975,19.975,19.975,19.975,19.975,19.975,19.975,19.975,19.975,19.975,19.975,48.0,48.0,48.0,0.0,0.0,0.0,5.95703125,5.95703125,5.95703125,226.412,226.412,226.412,48.0,0.0,5.95703125,226.412,5
11775547.872520337,3.6436729431152344,89278563.52757862,198256.2214996377,2098307.980592228,13036557.980984136,19.475,19.475,19.475,19.475,19.475,19.475,19.475,19.475,19.475,19.475,19.475,48.0,48.0,48.0,0.0,0.0,0.0,5.95703125,5.95703125,5.95703125,245.17,245.17,245.17,48.0,0.0,5.95703125,245.17,5
11775548.874774247,3.6436920166015625,89061237.93829589,197709.38074552352,2092435.8368410394,13000074.994123723,19.549999999999997,19.549999999999997,19.549999999999997,19.549999999999997,19.549999999999997,19.549999999999997,19.549999999999997,19.549999999999997,19.549999999999997,19.549999999999997,19.549999999999997,47.0,47.0,47.0,0.0,0.0,0.0,5.95703125,5.95703125,5.95703125,241.73,241.73,241.73,47.0,0.0,5.95703125,241.73,5
11775549.875972869,3.6436920166015625,89190398.47376084,197927.7595385502,2094641.31795115,13013777.407036344,20.55,20.55,20.55,20.55,20.55,20.55,20.55,20.55,20.55,20.55,20.55,75.0,75.0,75.0,0.0,0.0,0.0,5.95703125,5.95703125,5.95703125,242.755,242.755,242.755,75.0,0.0,5.95703125,242.755,5
11775550.873233896,3.6436996459960938,89577976.67076614,198710.26206762696,2102911.818958086,13065161.125206389,19.325000000000003,19.325000000000003,19.325000000000003,19.325000000000003,19.325000000000003,19.325000000000003,19.325000000000003,19.325000000000003,19.325000000000003,19.325000000000003,19.325000000000003,48.0,48.0,48.0,0.0,0.0,0.0,5.95703125,5.95703125,5.95703125,232.496,232.496,232.496,48.0,0.0,5.95703125,232.496,5
11775551.875155369,3.6436996459960938,89193837.4432555,197793.94426249687,2093130.106865602,13004388.417850547,19.3,19.3,19.3,19.3,19.3,19.3,19.3,19.3,19.3,19.3,19.3,46.0,46.0,46.0,0.0,0.0,0.0,5.95703125,5.95703125,5.95703125,237.7,237.7,237.7,46.0,0.0,5.95703125,237.7,5
11775552.875606436,3.6437301635742188,89357510.73437205,198094.6459507036,2096206.4694668085,13027595.67547536,20.275000000000002,20.275000000000002,20.275000000000002,20.275000000000002,20.275000000000002,20.275000000000002,20.275000000000002,20.275000000000002,20.275000000000002,20.275000000000002,20.275000000000002,48.0,48.0,48.0,0.0,0.0,0.0,5.95703125,5.95703125,5.95703125,243.64,243.64,243.64,48.0,0.0,5.95703125,243.64,5
11775553.875353657,3.6437301635742188,89453023.89720237,198241.11130350642,2097682.2512241784,13036767.428506514,19.587500000000002,19.587500000000002,19.587500000000002,19.587500000000002,19.587500000000002,19.587500000000002,19.587500000000002,19.587500000000002,19.587500000000002,19.587500000000002,19.587500000000002,48.0,48.0,48.0,0.0,0.0,0.0,5.95703125,5.95703125,5.95703125,240.683,240.683,240.683,48.0,0.0,5.95703125,240.683,5
11775554.874278573,3.6437339782714844,89562019.63967857,198405.30224490727,2099409.0397872357,13047499.149615202,19.4125,19.4125,19.4125,19.4125,19.4125,19.4125,19.4125,19.4125,19.4125,19.4125,19.4125,49.0,49.0,49.0,0.0,0.0,0.0,5.95703125,5.95703125,5.95703125,230.088,230.088,230.088,49.0,0.0,5.95703125,230.088,5
11775555.875644716,3.643749237060547,89376227.36559,197928.6013883139,2094290.9008557324,13015690.715865117,19.475,19.475,19.475,19.475,19.475,19.475,19.475,19.475,19.475,19.475,19.475,49.0,49.0,49.0,0.0,0.0,0.0,5.95703125,5.95703125,5.95703125,242.904,242.904,242.904,49.0,0.0,5.95703125,242.904,5
11775556.86031212,3.643768310546875,90927815.4943756,201293.34968398593,2129807.4784264453,13236420.696001854,20.0375,20.0375,20.0375,20.0375,20.0375,20.0375,20.0375,20.0375,20.0375,20.0375,20.0375,47.0,47.0,47.0,0.0,0.0,0.0,5.95703125,5.95703125,5.95703125,241.338,241.338,241.338,47.0,0.0,5.95703125,241.338,5
11775557.876426743,3.643768310546875,88145816.2941063,195073.46442603634,2063893.1376622135,12826773.367267897,19.4625,19.4625,19.4625,19.4625,19.4625,19.4625,19.4625,19.4625,19.4625,19.4625,19.4625,50.0,50.0,50.0,0.0,0.0,0.0,5.95703125,5.95703125,5.95703125,231.798,231.798,231.798,50.0,0.0,5.95703125,231.798,5
11775558.875041002,3.643779754638672,89723174.07520615,198493.0599586574,2100062.1420780066,13051558.07830511,19.4125,19.4125,19.4125,19.4125,19.4125,19.4125,19.4125,19.4125,19.4125,19.4125,19.4125,49.0,49.0,49.0,0.0,0.0,0.0,5.95703125,5.95703125,5.95703125,246.998,246.998,246.998,49.0,0.0,5.95703125,246.998,5
11775559.876168331,3.643787384033203,89530506.68816578,198002.78577223248,2094790.4825189877,13018795.537842616,19.450000000000003,19.450000000000003,19.450000000000003,19.450000000000003,19.450000000000003,19.450000000000003,19.450000000000003,19.450000000000003,19.450000000000003,19.450000000000003,19.450000000000003,45.0,45.0,45.0,0.0,0.0,0.0,5.95703125,5.95703125,5.95703125,244.086,244.086,244.086,45.0,0.0,5.95703125,244.086,5
11775560.87537304,3.643798828125,89738135.99802807,198395.78252644377,2098821.175137444,13043845.6626706,20.1625,20.1625,20.1625,20.1625,20.1625,20.1625,20.1625,20.1625,20.1625,20.1625,20.1625,47.0,47.0,47.0,0.0,0.0,0.0,5.95703125,5.95703125,5.95703125,243.521,243.521,243.521,47.0,0.0,5.95703125,243.521,5
11775561.86409456,3.643798828125,90725332.87880123,200500.3391232135,2121074.4969099187,13182146.580405002,20.725,20.725,20.725,20.725,20.725,20.725,20.725,20.725,20.725,20.725,20.725,76.0,76.0,76.0,0.0,0.0,0.0,5.95703125,5.95703125,5.95703125,230.513,230.513,230.513,76.0,0.0,5.95703125,230.513,5
11775562.86427972,3.6438064575195312,89718072.80465853,198210.29938763523,2096763.7632921457,13031059.169522671,18.8375,18.8375,18.8375,18.8375,18.8375,18.8375,18.8375,18.8375,18.8375,18.8375,18.8375,75.0,75.0,75.0,0.0,0.0,0.0,5.95703125,5.95703125,5.95703125,259.623,259.623,259.623,75.0,0.0,5.95703125,259.623,5
11775563.862372035,3.643840789794922,89938882.9598104,198635.934576128,2101160.3497893945,13062487.096444616,18.7,18.7,18.7,18.7,18.7,18.7,18.7,18.7,18.7,18.7,18.7,74.0,74.0,74.0,0.0,0.0,0.0,5.95703125,5.95703125,5.95703125,264.044,264.044,264.044,74.0,0.0,5.95703125,264.044,5
11775564.86632214,3.643840789794922,89446605.59495251,197486.90615885062,2088900.6250402029,12986270.87793548,18.3,18.3,18.3,18.3,18.3,18.3,18.3,18.3,18.3,18.3,18.3,74.0,74.0,74.0,0.0,0.0,0.0,5.95703125,5.95703125,5.95703125,263.008,263.008,263.008,74.0,0.0,5.95703125,263.008,5
11775565.863720296,3.643840789794922,90069630.0659781,198792.22622732547,2102622.6948283347,13071578.198512869,19.625,19.625,19.625,19.625,19.625,19.625,19.625,19.625,19.625,19.625,19.625,72.0,72.0,72.0,0.0,0.0,0.0,5.95703125,5.95703125,5.95703125,256.909,256.909,256.909,72.0,0.0,5.95703125,256.909,5
11775566.85814771,3.643901824951172,90371535.09605943,199393.13527228887,2108904.04788408,13110628.094560599,18.75,18.75,18.75,18.75,18.75,18.75,18.75,18.75,18.75,18.75,18.75,78.0,78.0,78.0,0.0,0.0,0.0,5.95703125,5.95703125,5.95703125,260.255,260.255,260.255,78.0,0.0,5.95703125,260.255,5
11775567.864697646,3.6439208984375,89318280.00130434,197001.6518303975,2083505.174890675,12952728.460306676,18.65,18.65,18.65,18.65,18.65,18.65,18.65,18.65,18.65,18.65,18.65,75.0,75.0,75.0,0.0,0.0,0.0,5.95703125,5.95703125,5.95703125,261.281,261.281,261.281,75.0,0.0,5.95703125,261.281,5
11775568.864530444,3.6439247131347656,89950992.00415699,198333.16174186193,2097502.7070764964,13039748.274657203,18.712500000000002,18.712500000000002,18.712500000000002,18.712500000000002,18.712500000000002,18.712500000000002,18.712500000000002,18.712500000000002,18.712500000000002,18.712500000000002,18.712500000000002,76.0,76.0,76.0,0.0,0.0,0.0,5.95703125,5.95703125,5.95703125,258.935,258.935,258.935,76.0,0.0,5.95703125,258.935,5
11775569.863786524,3.643939971923828,90035567.25770932,198447.62915700933,2098713.2747447323,13047274.127954068,18.525,18.525,18.525,18.525,18.525,18.525,18.525,18.525,18.525,18.525,18.525,76.0,76.0,76.0,0.0,0.0,0.0,5.95703125,5.95703125,5.95703125,258.841,258.841,258.841,76.0,0.0,5.95703125,258.841,5
11775570.863820052,3.643939971923828,89998213.57475282,198300.35146262063,2097081.6898573313,13037130.896124776,19.025,19.025,19.025,19.025,19.025,19.025,19.025,19.025,19.025,19.025,19.025,74.0,74.0,74.0,0.0,0.0,0.0,5.95703125,5.95703125,5.95703125,253.063,253.063,253.063,74.0,0.0,5.95703125,253.063,5
11775571.878495999,3.6439590454101562,88734345.45731129,195447.6210899392,2066819.4672341524,12848996.805090444,18.8875,18.8875,18.8875,18.8875,18.8875,18.8875,18.8875,18.8875,18.8875,18.8875,18.8875,48.0,48.0,48.0,0.0,0.0,0.0,5.95703125,5.95703125,5.95703125,259.066,259.066,259.066,48.0,0.0,5.95703125,259.066,5
11775572.862203771,3.643962860107422,91563770.77805974,201609.67060603062,2131885.1578508927,13253496.987186313,20.724999999999998,20.724999999999998,20.724999999999998,20.724999999999998,20.724999999999998,20.724999999999998,20.724999999999998,20.724999999999998,20.724999999999998,20.724999999999998,20.724999999999998,83.0,83.0,83.0,0.0,0.0,0.0,5.95703125,5.95703125,5.95703125,241.676,241.676,241.676,83.0,0.0,5.95703125,241.676,5
11775573.877334855,3.64398193359375,88761577.0988937,195376.7381153938,2065892.801965252,12843235.915342571,19.875,19.875,19.875,19.875,19.875,19.875,19.875,19.875,19.875,19.875,19.875,48.0,48.0,48.0,0.0,0.0,0.0,5.95703125,5.95703125,5.95703125,231.585,231.585,231.585,48.0,0.0,5.95703125,231.585,5
11775574.878927195,3.64398193359375,89993971.00490595,198017.688524188,2093817.930066494,13016840.764456348,19.8,19.8,19.8,19.8,19.8,19.8,19.8,19.8,19.8,19.8,19.8,48.0,48.0,48.0,0.0,0.0,0.0,5.95703125,5.95703125,5.95703125,241.721,241.721,241.721,48.0,0.0,5.95703125,241.721,5
11775575.875782361,3.6439971923828125,90454379.02384432,198966.71733546944,2103768.0015403493,13078698.337701038,20.1125,20.1125,20.1125,20.1125,20.1125,20.1125,20.1125,20.1125,20.1125,20.1125,20.1125,48.0,48.0,48.0,0.0,0.0,0.0,5.95703125,5.95703125,5.95703125,246.884,246.884,246.884,48.0,0.0,5.95703125,246.884,5
11775576.875784213,3.644001007080078,90202390.99304424,198347.6327654515,2097148.1171946889,13037543.861388076,20.35,20.35,20.35,20.35,20.35,20.35,20.35,20.35,20.35,20.35,20.35,71.0,71.0,71.0,0.0,0.0,0.0,5.95703125,5.95703125,5.95703125,238.99,238.99,238.99,71.0,0.0,5.95703125,238.99,5
11775577.875858553,3.644031524658203,90233960.00465652,198336.25567669363,2096996.1092451734,13036598.858842554,20.925,20.925,20.925,20.925,20.925,20.925,20.925,20.925,20.925,20.925,20.925,46.0,46.0,46.0,0.0,0.0,0.0,5.95703125,5.95703125,5.95703125,228.247,228.247,228.247,46.0,0.0,5.95703125,228.247,5
11775578.877881132,3.644031524658203,90091090.62387939,197958.61300464036,2092918.9055193237,13011251.711460952,19.6625,19.6625,19.6625,19.6625,19.6625,19.6625,19.6625,19.6625,19.6625,19.6625,19.6625,54.0,54.0,54.0,0.0,0.0,0.0,5.95703125,5.95703125,5.95703125,240.65,240.65,240.65,54.0,0.0,5.95703125,240.65,5
11775579.866823751,3.6440467834472656,91315641.80497119,200583.93288552493,2120600.2844174122,13183341.221290281,19.475,19.475,19.475,19.475,19.475,19.475,19.475,19.475,19.475,19.475,19.475,74.0,74.0,74.0,0.0,0.0,0.0,5.95703125,5.95703125,5.95703125,256.371,256.371,256.371,74.0,0.0,5.95703125,256.371,5
11775580.861507256,3.644054412841797,90821400.60352181,199433.2862477394,2108361.0930974437,13107252.65493977,18.575,18.575,18.575,18.575,18.575,18.575,18.575,18.575,18.575,18.575,18.575,86.0,86.0,86.0,0.0,0.0,0.0,5.95703125,5.95703125,5.95703125,260.003,260.003,260.003,86.0,0.0,5.95703125,260.003,5
11775581.865507048,3.6440696716308594,90011170.03862295,197591.67439370943,2088797.2454059166,12985628.18774811,18.474999999999998,18.474999999999998,18.474999999999998,18.474999999999998,18.474999999999998,18.474999999999998,18.474999999999998,18.474999999999998,18.474999999999998,18.474999999999998,18.474999999999998,75.0,75.0,75.0,0.0,0.0,0.0,5.95703125,5.95703125,5.95703125,248.658,248.658,248.658,75.0,0.0,5.95703125,248.658,5
11775582.86936224,3.6440887451171875,90059908.66747917,197630.0978235984,2089098.1234674535,12987498.685540829,18.9625,18.9625,18.9625,18.9625,18.9625,18.9625,18.9625,18.9625,18.9625,18.9625,18.9625,75.0,75.0,75.0,0.0,0.0,0.0,5.95703125,5.95703125,5.95703125,262.486,262.486,262.486,75.0,0.0,5.95703125,262.486,5
11775583.864779616,3.6440887451171875,90858423.0703432,199307.35082514843,2106806.704828078,13097589.338804243,18.674999999999997,18.674999999999997,18.674999999999997,18.674999999999997,18.674999999999997,18.674999999999997,18.674999999999997,18.674999999999997,18.674999999999997,18.674999999999997,18.674999999999997,74.0,74.0,74.0,0.0,0.0,0.0,5.95703125,5.95703125,5.95703125,261.351,261.351,261.351,74.0,0.0,5.95703125,261.351,5
11775584.866578989,3.6441001892089844,90312238.60025273,198044.6438237918,2093385.2192496639,13014150.6892025,18.525,18.525,18.525,18.525,18.525,18.525,18.525,18.525,18.525,18.525,18.525,74.0,74.0,74.0,0.0,0.0,0.0,5.95703125,5.95703125,5.95703125,260.626,260.626,260.626,74.0,0.0,5.95703125,260.626,5
11775585.877400557,3.6441192626953125,89538491.14305876,196287.85763084548,2074700.4879051815,12897991.509769907,18.587500000000002,18.587500000000002,18.587500000000002,18.587500000000002,18.587500000000002,18.587500000000002,18.587500000000002,18.587500000000002,18.587500000000002,18.587500000000002,18.587500000000002,46.0,46.0,46.0,0.0,0.0,0.0,5.95703125,5.95703125,5.95703125,254.395,254.395,254.395,46.0,0.0,5.95703125,254.395,5
11775586.875891756,3.6441307067871094,90676942.39906241,198718.82702839494,2100320.9649290266,13057268.811267756,20.475,20.475,20.475,20.475,20.475,20.475,20.475,20.475,20.475,20.475,20.475,46.0,46.0,46.0,0.0,0.0,0.0,5.95703125,5.95703125,5.95703125,241.325,241.325,241.325,46.0,0.0,5.95703125,241.325,5
11775587.878515309,3.6441307067871094,90335820.23690769,197908.7759447077,2091664.408702379,13003452.759569673,19.625,19.625,19.625,19.625,19.625,19.625,19.625,19.625,19.625,19.625,19.625,48.0,48.0,48.0,0.0,0.0,0.0,5.95703125,5.95703125,5.95703125,227.029,227.029,227.029,48.0,0.0,5.95703125,227.029,5
11775588.876980796,3.6441307067871094,90750244.36316466,198735.96277267268,2100375.0512804757,13057605.055128425,20.3875,20.3875,20.3875,20.3875,20.3875,20.3875,20.3875,20.3875,20.3875,20.3875,20.3875,49.0,49.0,49.0,0.0,0.0,0.0,5.95703125,5.95703125,5.95703125,242.445,242.445,242.445,49.0,0.0,5.95703125,242.445,5
11775589.878723105,3.6441497802734375,90486027.38379188,198096.85407632083,2093504.4684082218,13014892.036998771,19.825000000000003,19.825000000000003,19.825000000000003,19.825000000000003,19.825000000000003,19.825000000000003,19.825000000000003,19.825000000000003,19.825000000000003,19.825000000000003,19.825000000000003,48.0,48.0,48.0,0.0,0.0,0.0,5.95703125,5.95703125,5.95703125,245.335,245.335,245.335,48.0,0.0,5.95703125,245.335,5
11775590.877739614,3.6441612243652344,90765645.24421626,198656.37686600586,2099216.5617289944,13079103.187334944,20.1625,20.1625,20.1625,20.1625,20.1625,20.1625,20.1625,20.1625,20.1625,20.1625,20.1625,72.0,72.0,72.0,0.0,0.0,0.0,5.95703125,5.95703125,5.95703125,247.57,247.57,247.57,72.0,0.0,5.95703125,247.57,5
11775591.879115475,3.6441612243652344,90584430.37283671,198189.31895309335,2094270.5738182503,13048287.364219178,20.2625,20.2625,20.2625,20.2625,20.2625,20.2625,20.2625,20.2625,20.2625,20.2625,20.2625,47.0,47.0,47.0,0.0,0.0,0.0,5.95703125,5.95703125,5.95703125,230.74,230.74,230.74,47.0,0.0,5.95703125,230.74,5
11775592.879627535,3.6441612243652344,90695315.57684234,198371.42197370753,2096078.6824152642,13059552.728329478,20.225,20.225,20.225,20.225,20.225,20.225,20.225,20.225,20.225,20.225,20.225,49.0,49.0,49.0,0.0,0.0,0.0,5.95703125,5.95703125,5.95703125,240.44,240.44,240.44,49.0,0.0,5.95703125,240.44,5
11775593.878077663,3.6441612243652344,90915367.1490406,198788.0960320951,2100407.3617991754,13086522.429959705,20.0375,20.0375,20.0375,20.0375,20.0375,20.0375,20.0375,20.0375,20.0375,20.0375,20.0375,48.0,48.0,48.0,0.0,0.0,0.0,5.95703125,5.95703125,5.95703125,241.059,241.059,241.059,48.0,0.0,5.95703125,241.059,5
11775594.87609154,3.6441612243652344,90990610.60104614,198883.00623659423,2101325.492196435,13096346.964060206,21.087500000000002,21.087500000000002,21.087500000000002,21.087500000000002,21.087500000000002,21.087500000000002,21.087500000000002,21.087500000000002,21.087500000000002,21.087500000000002,21.087500000000002,51.0,51.0,51.0,0.0,0.0,0.0,5.95703125,5.95703125,5.95703125,231.114,231.114,231.114,51.0,0.0,5.95703125,231.114,5
11775595.87790368,3.6441612243652344,90678254.35114075,198129.96086662685,2093358.542243491,13046693.570896443,19.6875,19.6875,19.6875,19.6875,19.6875,19.6875,19.6875,19.6875,19.6875,19.6875,19.6875,50.0,50.0,50.0,0.0,0.0,0.0,5.95703125,5.95703125,5.95703125,246.84,246.84,246.84,50.0,0.0,5.95703125,246.84,5
11775596.880201312,3.6441612243652344,90666952.67227353,198045.96317905898,2092344.561351781,13040374.014206119,19.5625,19.5625,19.5625,19.5625,19.5625,19.5625,19.5625,19.5625,19.5625,19.5625,19.5625,46.0,46.0,46.0,0.0,0.0,0.0,5.95703125,5.95703125,5.95703125,247.155,247.155,247.155,46.0,0.0,5.95703125,247.155,5
11775597.865513178,3.6441612243652344,92263136.32748392,201467.17693032214,2128414.4368679295,13265176.69540149,19.9375,19.9375,19.9375,19.9375,19.9375,19.9375,19.9375,19.9375,19.9375,19.9375,19.9375,85.0,85.0,85.0,0.0,0.0,0.0,5.95703125,5.95703125,5.95703125,243.443,243.443,243.443,85.0,0.0,5.95703125,243.443,5
11775598.87845085,3.6441612243652344,89781827.1298669,195980.46888960607,2070366.279255955,12903396.088097172,20.0875,20.0875,20.0875,20.0875,20.0875,20.0875,20.0875,20.0875,20.0875,20.0875,20.0875,48.0,48.0,48.0,0.0,0.0,0.0,5.95703125,5.95703125,5.95703125,230.776,230.776,230.776,48.0,0.0,5.95703125,230.776,5
11775599.877992649,3.6441650390625,91017783.47522026,198607.0020050746,2098113.358464538,13076327.591524104,19.8375,19.8375,19.8375,19.8375,19.8375,19.8375,19.8375,19.8375,19.8375,19.8375,19.8375,48.0,48.0,48.0,0.0,0.0,0.0,5.95703125,5.95703125,5.95703125,243.496,243.496,243.496,48.0,0.0,5.95703125,243.496,5
11775600.867230428,3.6441650390625,91998886.27673428,200686.83592926135,2119967.5577766364,13212532.181377435,20.4125,20.4125,20.4125,20.4125,20.4125,20.4125,20.4125,20.4125,20.4125,20.4125,20.4125,74.0,74.0,74.0,0.0,0.0,0.0,5.95703125,5.95703125,5.95703125,248.027,248.027,248.027,74.0,0.0,5.95703125,248.027,5
11775601.866421295,3.6441650390625,91115217.33396032,198695.77131602855,2098850.2491094866,13080920.204899162,18.825,18.825,18.825,18.825,18.825,18.825,18.825,18.825,18.825,18.825,18.825,73.0,73.0,73.0,0.0,0.0,0.0,5.95703125,5.95703125,5.95703125,256.457,256.457,256.457,73.0,0.0,5.95703125,256.457,5
11775602.866421696,3.644176483154297,91074147.52765389,198542.92048977333,2097151.1601565864,13070330.765741536,18.5625,18.5625,18.5625,18.5625,18.5625,18.5625,18.5625,18.5625,18.5625,18.5625,18.5625,76.0,76.0,76.0,0.0,0.0,0.0,5.95703125,5.95703125,5.95703125,262.39,262.39,262.39,76.0,0.0,5.95703125,262.39,5
11775603.869749907,3.644176483154297,90807391.78479223,197894.36567548613,2090195.3874536122,13026979.455789993,19.525,19.525,19.525,19.525,19.525,19.525,19.525,19.525,19.525,19.525,19.525,76.0,76.0,76.0,0.0,0.0,0.0,5.95703125,5.95703125,5.95703125,251.577,251.577,251.577,76.0,0.0,5.95703125,251.577,5
11775604.87279355,3.6441802978515625,90865739.19550921,197951.50642810334,2090788.3880894354,13030675.285924587,18.7625,18.7625,18.7625,18.7625,18.7625,18.7625,18.7625,18.7625,18.7625,18.7625,18.7625,76.0,76.0,76.0,0.0,0.0,0.0,5.95703125,5.95703125,5.95703125,261.227,261.227,261.227,76.0,0.0,5.95703125,261.227,5
11775605.867529554,3.6441802978515625,91657477.53823125,199611.75535783957,2108249.8172964677,13139502.27928326,18.5875,18.5875,18.5875,18.5875,18.5875,18.5875,18.5875,18.5875,18.5875,18.5875,18.5875,76.0,76.0,76.0,0.0,0.0,0.0,5.95703125,5.95703125,5.95703125,257.278,257.278,257.278,76.0,0.0,5.95703125,257.278,5
11775606.867819713,3.6441802978515625,91181230.93280794,198515.3989433486,2096543.6687003844,13066544.622701028,19.15,19.15,19.15,19.15,19.15,19.15,19.15,19.15,19.15,19.15,19.15,75.0,75.0,75.0,0.0,0.0,0.0,5.95703125,5.95703125,5.95703125,261.484,261.484,261.484,75.0,0.0,5.95703125,261.484,5
11775607.867014373,3.6441802978515625,91313917.81515978,198740.05345521888,2098842.2831288106,13080870.557546942,18.3,18.3,18.3,18.3,18.3,18.3,18.3,18.3,18.3,18.3,18.3,75.0,75.0,75.0,0.0,0.0,0.0,5.95703125,5.95703125,5.95703125,255.007,255.007,255.007,75.0,0.0,5.95703125,255.007,5
11775608.86406342,3.644184112548828,91548700.942959,199176.76132503297,2103358.9139696336,13109020.106400587,19.7375,19.7375,19.7375,19.7375,19.7375,19.7375,19.7375,19.7375,19.7375,19.7375,19.7375,78.0,78.0,78.0,0.0,0.0,0.0,5.95703125,5.95703125,5.95703125,260.221,260.221,260.221,78.0,0.0,5.95703125,260.221,5
11775609.880734185,3.644184112548828,89813975.292282,195340.52396068387,2062764.1429890487,12856016.367730575,18.8125,18.8125,18.8125,18.8125,18.8125,18.8125,18.8125,18.8125,18.8125,18.8125,18.8125,49.0,49.0,49.0,0.0,0.0,0.0,5.95703125,5.95703125,5.95703125,233.265,233.265,233.265,49.0,0.0,5.95703125,233.265,5
11775610.880822005,3.644195556640625,91335905.88133955,198579.56074426702,2096967.8442975525,13069188.26397166,19.525,19.525,19.525,19.525,19.525,19.525,19.525,19.525,19.525,19.525,19.525,47.0,47.0,47.0,0.0,0.0,0.0,5.95703125,5.95703125,5.95703125,243.015,243.015,243.015,47.0,0.0,5.95703125,243.015,5
11775611.880363204,3.644195556640625,91418552.93861124,198695.16157165327,2098114.617431249,13076335.437935773,19.8375,19.8375,19.8375,19.8375,19.8375,19.8375,19.8375,19.8375,19.8375,19.8375,19.8375,46.0,46.0,46.0,0.0,0.0,0.0,5.95703125,5.95703125,5.95703125,243.514,243.514,243.514,46.0,0.0,5.95703125,243.514,5
11775612.880477132,3.6442031860351562,91398866.04687327,198590.37485863597,2096913.1014361505,13068847.083364759,20.5,20.5,20.5,20.5,20.5,20.5,20.5,20.5,20.5,20.5,20.5,73.0,73.0,73.0,0.0,0.0,0.0,5.95703125,5.95703125,5.95703125,244.068,244.068,244.068,73.0,0.0,5.95703125,244.068,5
11775613.881202312,3.6442031860351562,91375675.19602486,198469.0742144924,2095632.2895634787,13060864.523431757,19.325,19.325,19.325,19.325,19.325,19.325,19.325,19.325,19.325,19.325,19.325,45.0,45.0,45.0,0.0,0.0,0.0,5.95703125,5.95703125,5.95703125,229.807,229.807,229.807,45.0,0.0,5.95703125,229.807,5
11775614.87890161,3.6442031860351562,91685546.12258348,199077.01689798394,2101988.048180893,13100476.292471154,20.1625,20.1625,20.1625,20.1625,20.1625,20.1625,20.1625,20.1625,20.1625,20.1625,20.1625,43.0,43.0,43.0,0.0,0.0,0.0,5.95703125,5.95703125,5.95703125,233.779,233.779,233.779,43.0,0.0,5.95703125,233.779,5
11775615.865987886,3.6442031860351562,92704431.47948502,201224.55849240255,2124588.348410878,13241330.898006076,20.125,20.125,20.125,20.125,20.125,20.125,20.125,20.125,20.125,20.125,20.125,44.0,44.0,44.0,0.0,0.0,0.0,5.95703125,5.95703125,5.95703125,233.067,233.067,233.067,44.0,0.0,5.95703125,233.067,5
11775616.88171474,3.6442031860351562,90127989.1804911,195564.38723397785,2064681.0602925448,12867963.40506545,21.525,21.525,21.525,21.525,21.525,21.525,21.525,21.525,21.525,21.525,21.525,48.0,48.0,48.0,0.0,0.0,0.0,5.95703125,5.95703125,5.95703125,228.448,228.448,228.448,48.0,0.0,5.95703125,228.448,5
11775617.883375892,3.6442031860351562,91426206.20692849,198310.57605984807,2093674.0898361986,13048660.19661584,19.912499999999998,19.912499999999998,19.912499999999998,19.912499999999998,19.912499999999998,19.912499999999998,19.912499999999998,19.912499999999998,19.912499999999998,19.912499999999998,19.912499999999998,48.0,48.0,48.0,0.0,0.0,0.0,5.95703125,5.95703125,5.95703125,239.3,239.3,239.3,48.0,0.0,5.95703125,239.3,5
11775618.88178767,3.6442108154296875,91756475.6201345,198963.99892855887,2100488.0405593063,13091127.612157708,20.2625,20.2625,20.2625,20.2625,20.2625,20.2625,20.2625,20.2625,20.2625,20.2625,20.2625,46.0,46.0,46.0,0.0,0.0,0.0,5.95703125,5.95703125,5.95703125,246.71,246.71,246.71,46.0,0.0,5.95703125,246.71,5
11775619.879706277,3.6442108154296875,91834558.91788319,199071.3459439494,2101526.1042351658,13097597.262918778,20.2125,20.2125,20.2125,20.2125,20.2125,20.2125,20.2125,20.2125,20.2125,20.2125,20.2125,73.0,73.0,73.0,0.0,0.0,0.0,5.95703125,5.95703125,5.95703125,226.809,226.809,226.809,73.0,0.0,5.95703125,226.809,5
11775620.871351898,3.6442108154296875,92448424.16083503,200330.63804835672,2114820.0075727883,13180450.47688431,19.650000000000002,19.650000000000002,19.650000000000002,19.650000000000002,19.650000000000002,19.650000000000002,19.650000000000002,19.650000000000002,19.650000000000002,19.650000000000002,19.650000000000002,73.0,73.0,73.0,0.0,0.0,0.0,5.95703125,5.95703125,5.95703125,244.934,244.934,244.934,73.0,0.0,5.95703125,244.934,5
11775621.880489048,3.6442108154296875,90883781.26706602,196865.21303833433,2078163.5085056624,12951991.71023744,18.8125,18.8125,18.8125,18.8125,18.8125,18.8125,18.8125,18.8125,18.8125,18.8125,18.8125,48.0,48.0,48.0,0.0,0.0,0.0,5.95703125,5.95703125,5.95703125,251.85,251.85,251.85,48.0,0.0,5.95703125,251.85,5
11775622.884835972,3.64422607421875,91349766.51642999,197813.1214142703,2088075.2955871194,13013766.148864254,19.762500000000003,19.762500000000003,19.762500000000003,19.762500000000003,19.762500000000003,19.762500000000003,19.762500000000003,19.762500000000003,19.762500000000003,19.762500000000003,19.762500000000003,47.0,47.0,47.0,0.0,0.0,0.0,5.95703125,5.95703125,5.95703125,245.065,245.065,245.065,47.0,0.0,5.95703125,245.065,5
11775623.880971717,3.64422607421875,92135535.18431371,199450.728435211,2105287.3668177957,13121039.038116377,19.925,19.925,19.925,19.925,19.925,19.925,19.925,19.925,19.925,19.925,19.925,73.0,73.0,73.0,0.0,0.0,0.0,5.95703125,5.95703125,5.95703125,230.393,230.393,230.393,73.0,0.0,5.95703125,230.393,5
11775624.882143676,3.64422607421875,91704661.84447974,198448.42646862153,2094697.0997001354,13055036.02567018,19.6375,19.6375,19.6375,19.6375,19.6375,19.6375,19.6375,19.6375,19.6375,19.6375,19.6375,49.0,49.0,49.0,0.0,0.0,0.0,5.95703125,5.95703125,5.95703125,229.471,229.471,229.471,49.0,0.0,5.95703125,229.471,5
11775625.880426925,3.64422607421875,92002724.82553366,199029.68453041444,2100758.480493677,13092813.107920554,19.675,19.675,19.675,19.675,19.675,19.675,19.675,19.675,19.675,19.675,19.675,47.0,47.0,47.0,0.0,0.0,0.0,5.95703125,5.95703125,5.95703125,241.362,241.362,241.362,47.0,0.0,5.95703125,241.362,5
11775626.861251494,3.6442489624023438,93673656.71842018,202583.62833826698,2138151.9853489613,13330041.283659931,19.5375,19.5375,19.5375,19.5375,19.5375,19.5375,19.5375,19.5375,19.5375,19.5375,19.5375,72.0,72.0,72.0,0.0,0.0,0.0,5.95703125,5.95703125,5.95703125,239.111,239.111,239.111,72.0,0.0,5.95703125,239.111,5
11775627.881349504,3.6442489624023438,90104617.48961289,194793.04737080313,2055833.830946789,12816839.039808888,20.037499999999998,20.037499999999998,20.037499999999998,20.037499999999998,20.037499999999998,20.037499999999998,20.037499999999998,20.037499999999998,20.037499999999998,20.037499999999998,20.037499999999998,46.0,46.0,46.0,0.0,0.0,0.0,5.95703125,5.95703125,5.95703125,229.236,229.236,229.236,46.0,0.0,5.95703125,229.236,5
11775628.880181782,3.6442527770996094,92055672.43819998,198941.3081514632,2099603.7535917214,13093817.939879622,19.65,19.65,19.65,19.65,19.65,19.65,19.65,19.65,19.65,19.65,19.65,46.0,46.0,46.0,0.0,0.0,0.0,5.95703125,5.95703125,5.95703125,243.393,243.393,243.393,46.0,0.0,5.95703125,243.393,5
11775629.880690482,3.6442527770996094,91934053.18703157,198614.96465365458,2096085.7221026039,13071878.341159401,19.875,19.875,19.875,19.875,19.875,19.875,19.875,19.875,19.875,19.875,19.875,47.0,47.0,47.0,0.0,0.0,0.0,5.95703125,5.95703125,5.95703125,241.64,241.64,241.64,47.0,0.0,5.95703125,241.64,5
11775630.881420152,3.6442527770996094,91946372.42164867,198578.1033667572,2095622.8852815307,13068991.938874858,19.6625,19.6625,19.6625,19.6625,19.6625,19.6625,19.6625,19.6625,19.6625,19.6625,19.6625,74.0,74.0,74.0,0.0,0.0,0.0,5.95703125,5.95703125,5.95703125,231.6,231.6,231.6,74.0,0.0,5.95703125,231.6,5
11775631.881719671,3.6442527770996094,92018537.70623638,198664.49622307316,2096524.0513637522,13074611.906258713,19.587500000000002,19.587500000000002,19.587500000000002,19.587500000000002,19.587500000000002,19.587500000000002,19.587500000000002,19.587500000000002,19.587500000000002,19.587500000000002,19.587500000000002,49.0,49.0,49.0,0.0,0.0,0.0,5.95703125,5.95703125,5.95703125,227.573,227.573,227.573,49.0,0.0,5.95703125,227.573,5
11775632.881543553,3.6442527770996094,92100436.60794866,198768.00676032752,2097521.4127167324,13080831.778915092,21.875,21.875,21.875,21.875,21.875,21.875,21.875,21.875,21.875,21.875,21.875,45.0,45.0,45.0,0.0,0.0,0.0,5.95703125,5.95703125,5.95703125,240.717,240.717,240.717,45.0,0.0,5.95703125,240.717,5
11775633.87053674,3.6442527770996094,93142057.07742715,200952.8501690673,2120491.8544123247,13224082.990504986,20.0625,20.0625,20.0625,20.0625,20.0625,20.0625,20.0625,20.0625,20.0625,20.0625,20.0625,73.0,73.0,73.0,0.0,0.0,0.0,5.95703125,5.95703125,5.95703125,239.022,239.022,239.022,73.0,0.0,5.95703125,239.022,5
11775634.88220079,3.6442527770996094,91087067.91284616,196465.41760474612,2072972.742900268,12927738.218907336,19.724999999999998,19.724999999999998,19.724999999999998,19.724999999999998,19.724999999999998,19.724999999999998,19.724999999999998,19.724999999999998,19.724999999999998,19.724999999999998,19.724999999999998,48.0,48.0,48.0,0.0,0.0,0.0,5.95703125,5.95703125,5.95703125,230.767,230.767,230.767,48.0,0.0,5.95703125,230.767,5
11775635.88254676,3.6442527770996094,92150266.81157039,198688.25990762655,2096426.700150429,13074004.792149061,19.325,19.325,19.325,19.325,19.325,19.325,19.325,19.325,19.325,19.325,19.325,47.0,47.0,47.0,0.0,0.0,0.0,5.95703125,5.95703125,5.95703125,243.966,243.966,243.966,47.0,0.0,5.95703125,243.966,5
11775636.88381287,3.6442527770996094,92098184.50421256,198513.65973360837,2094500.1309971889,13061990.074753953,20.275000000000002,20.275000000000002,20.275000000000002,20.275000000000002,20.275000000000002,20.275000000000002,20.275000000000002,20.275000000000002,20.275000000000002,20.275000000000002,20.275000000000002,45.0,45.0,45.0,0.0,0.0,0.0,5.95703125,5.95703125,5.95703125,240.97,240.97,240.97,45.0,0.0,5.95703125,240.97,5
11775637.8829877,3.6442527770996094,92328419.68154463,198942.16118820754,2098883.9369556583,13089328.927147299,20.9875,20.9875,20.9875,20.9875,20.9875,20.9875,20.9875,20.9875,20.9875,20.9875,20.9875,72.0,72.0,72.0,0.0,0.0,0.0,5.95703125,5.95703125,5.95703125,237.311,237.311,237.311,72.0,0.0,5.95703125,237.311,5
11775638.880917596,3.644256591796875,92476985.04168245,199191.34694416722,2101502.329857048,13105658.084440535,19.25,19.25,19.25,19.25,19.25,19.25,19.25,19.25,19.25,19.25,19.25,48.0,48.0,48.0,0.0,0.0,0.0,5.95703125,5.95703125,5.95703125,228.937,228.937,228.937,48.0,0.0,5.95703125,228.937,5
11775639.882219588,3.644256591796875,92198149.68357807,198528.51732276074,2094425.0738753658,13061521.993914146,19.549999999999997,19.549999999999997,19.549999999999997,19.549999999999997,19.549999999999997,19.549999999999997,19.549999999999997,19.549999999999997,19.549999999999997,19.549999999999997,19.549999999999997,48.0,48.0,48.0,0.0,0.0,0.0,5.95703125,5.95703125,5.95703125,239.02,239.02,239.02,48.0,0.0,5.95703125,239.02,5
11775640.874546248,3.6442642211914062,93064953.01899123,200331.20946647154,2113368.5956066567,13179660.011273544,20.0875,20.0875,20.0875,20.0875,20.0875,20.0875,20.0875,20.0875,20.0875,20.0875,20.0875,46.0,46.0,46.0,0.0,0.0,0.0,5.95703125,5.95703125,5.95703125,239.6,239.6,239.6,46.0,0.0,5.95703125,239.6,5
11775641.883843176,3.6442642211914062,91532509.88247575,196974.74010202618,2077834.5228737784,12958057.8740937,19.95,19.95,19.95,19.95,19.95,19.95,19.95,19.95,19.95,19.95,19.95,48.0,48.0,48.0,0.0,0.0,0.0,5.95703125,5.95703125,5.95703125,229.382,229.382,229.382,48.0,0.0,5.95703125,229.382,5
11775642.882920116,3.644268035888672,92501499.42302509,198989.67938972468,2099089.585382332,13090611.418214425,19.3875,19.3875,19.3875,19.3875,19.3875,19.3875,19.3875,19.3875,19.3875,19.3875,19.3875,49.0,49.0,49.0,0.0,0.0,0.0,5.95703125,5.95703125,5.95703125,245.932,245.932,245.932,49.0,0.0,5.95703125,245.932,5
11775643.882015575,3.644268035888672,92535200.92599311,198996.00013302377,2099050.6783708106,13090368.781324215,21.075,21.075,21.075,21.075,21.075,21.075,21.075,21.075,21.075,21.075,21.075,48.0,48.0,48.0,0.0,0.0,0.0,5.95703125,5.95703125,5.95703125,246.547,246.547,246.547,48.0,0.0,5.95703125,246.547,5
11775644.884740626,3.644268035888672,92235465.58623095,198286.65860072614,2091452.6832765671,13042985.190824373,20.15,20.15,20.15,20.15,20.15,20.15,20.15,20.15,20.15,20.15,20.15,73.0,73.0,73.0,0.0,0.0,0.0,5.95703125,5.95703125,5.95703125,243.608,243.608,243.608,73.0,0.0,5.95703125,243.608,5
11775645.883171273,3.644268035888672,92664777.75103824,199139.52021223234,2100448.3450040664,13099085.089058561,19.45,19.45,19.45,19.45,19.45,19.45,19.45,19.45,19.45,19.45,19.45,49.0,49.0,49.0,0.0,0.0,0.0,5.95703125,5.95703125,5.95703125,235.47,235.47,235.47,49.0,0.0,5.95703125,235.47,5
11775646.883478465,3.644268035888672,92523499.5985256,198778.93686714396,2096507.9712774325,13074511.625564145,19.925,19.925,19.925,19.925,19.925,19.925,19.925,19.925,19.925,19.925,19.925,47.0,47.0,47.0,0.0,0.0,0.0,5.95703125,5.95703125,5.95703125,240.578,240.578,240.578,47.0,0.0,5.95703125,240.578,5
11775647.883324184,3.644268035888672,92598779.23550627,198877.68305479316,2097475.600706702,13080546.080188476,19.9875,19.9875,19.9875,19.9875,19.9875,19.9875,19.9875,19.9875,19.9875,19.9875,19.9875,72.0,72.0,72.0,0.0,0.0,0.0,5.95703125,5.95703125,5.95703125,239.49,239.49,239.49,72.0,0.0,5.95703125,239.49,5
11775648.8726021,3.6442909240722656,93623633.45961517,201010.24876628447,2119881.5479656584,13220276.919246772,19.05,19.05,19.05,19.05,19.05,19.05,19.05,19.05,19.05,19.05,19.05,74.0,74.0,74.0,0.0,0.0,0.0,5.95703125,5.95703125,5.95703125,257.746,257.746,257.746,74.0,0.0,5.95703125,257.746,5
11775649.87159182,3.6442909240722656,92748799.26642884,199066.11253257198,2099272.853593686,13091754.33891531,18.8,18.8,18.8,18.8,18.8,18.8,18.8,18.8,18.8,18.8,18.8,78.0,78.0,78.0,0.0,0.0,0.0,5.95703125,5.95703125,5.95703125,250.373,250.373,250.373,78.0,0.0,5.95703125,250.373,5
11775650.883683313,3.6442909240722656,91580318.20208837,196489.15273909332,2072097.2501199057,12922278.358657928,18.75,18.75,18.75,18.75,18.75,18.75,18.75,18.75,18.75,18.75,18.75,48.0,48.0,48.0,0.0,0.0,0.0,5.95703125,5.95703125,5.95703125,239.509,239.509,239.509,48.0,0.0,5.95703125,239.509,5
11775651.88372454,3.6442909240722656,92716411.507467,198865.80120296063,2097065.5426269462,13077988.823452812,19.875,19.875,19.875,19.875,19.875,19.875,19.875,19.875,19.875,19.875,19.875,47.0,47.0,47.0,0.0,0.0,0.0,5.95703125,5.95703125,5.95703125,240.756,240.756,240.756,47.0,0.0,5.95703125,240.756,5
11775652.878514536,3.6442909240722656,93238578.43624836,199923.60292023455,2108135.395417261,13147024.057748662,19.9625,19.9625,19.9625,19.9625,19.9625,19.9625,19.9625,19.9625,19.9625,19.9625,19.9625,48.0,48.0,48.0,0.0,0.0,0.0,5.95703125,5.95703125,5.95703125,239.693,239.693,239.693,48.0,0.0,5.95703125,239.693,5
11775653.88386006,3.6442909240722656,92293469.10516366,197835.46589613182,2086001.2316924408,13008988.14998821,19.9125,19.9125,19.9125,19.9125,19.9125,19.9125,19.9125,19.9125,19.9125,19.9125,19.9125,50.0,50.0,50.0,0.0,0.0,0.0,5.95703125,5.95703125,5.95703125,230.342,230.342,230.342,50.0,0.0,5.95703125,230.342,5
11775654.88458837,3.6442909240722656,92755890.86277854,198750.24800471574,2095625.7326910463,13069009.696254903,20.55,20.55,20.55,20.55,20.55,20.55,20.55,20.55,20.55,20.55,20.55,49.0,49.0,49.0,0.0,0.0,0.0,5.95703125,5.95703125,5.95703125,245.12,245.12,245.12,49.0,0.0,5.95703125,245.12,5
11775655.882598229,3.6442909240722656,93041210.15931769,199302.64042528672,2101333.9515810027,13104608.022261996,19.887500000000003,19.887500000000003,19.887500000000003,19.887500000000003,19.887500000000003,19.887500000000003,19.887500000000003,19.887500000000003,19.887500000000003,19.887500000000003,19.887500000000003,46.0,46.0,46.0,0.0,0.0,0.0,5.95703125,5.95703125,5.95703125,245.747,245.747,245.747,46.0,0.0,5.95703125,245.747,5
11775656.882745696,3.644298553466797,92874947.96555106,198888.67038915423,2096842.7838805716,13076599.626817705,20.299999999999997,20.299999999999997,20.299999999999997,20.299999999999997,20.299999999999997,20.299999999999997,20.299999999999997,20.299999999999997,20.299999999999997,20.299999999999997,20.299999999999997,74.0,74.0,74.0,0.0,0.0,0.0,5.95703125,5.95703125,5.95703125,241.082,241.082,241.082,74.0,0.0,5.95703125,241.082,5
11775657.884997468,3.644298553466797,92712464.64858353,198471.0883188348,2092440.3010789424,13049144.299502077,19.65,19.65,19.65,19.65,19.65,19.65,19.65,19.65,19.65,19.65,19.65,47.0,47.0,47.0,0.0,0.0,0.0,5.95703125,5.95703125,5.95703125,228.798,228.798,228.798,47.0,0.0,5.95703125,228.798,5
11775658.886105347,3.644298553466797,92851003.32486399,198705.85795616725,2094831.1805620787,13068146.07561578,20.650000000000002,20.650000000000002,20.650000000000002,20.650000000000002,20.650000000000002,20.650000000000002,20.650000000000002,20.650000000000002,20.650000000000002,20.650000000000002,20.650000000000002,48.0,48.0,48.0,0.0,0.0,0.0,5.95703125,5.95703125,5.95703125,242.014,242.014,242.014,48.0,0.0,5.95703125,242.014,5
11775659.886284787,3.644306182861328,92973565.84351134,198899.30955103616,2096775.7550133187,13080276.87795418,20.3625,20.3625,20.3625,20.3625,20.3625,20.3625,20.3625,20.3625,20.3625,20.3625,20.3625,46.0,46.0,46.0,0.0,0.0,0.0,5.95703125,5.95703125,5.95703125,238.426,238.426,238.426,46.0,0.0,5.95703125,238.426,5
11775661.036480848,3.6443099975585938,80877188.84766869,172958.3388652,1823299.5851320622,11374255.615062123,20.0375,20.0375,20.0375,20.0375,20.0375,20.0375,20.0375,20.0375,20.0375,20.0375,20.0375,53.0,53.0,53.0,0.0,0.0,0.0,5.95703125,5.95703125,5.95703125,202.9,202.9,202.9,53.0,0.0,5.95703125,202.9,5
11775662.036731878,3.6443099975585938,93033912.64579505,198894.07151195456,2096625.68290292,13079340.685921732,19.0125,19.0125,19.0125,19.0125,19.0125,19.0125,19.0125,19.0125,19.0125,19.0125,19.0125,51.0,51.0,51.0,0.0,0.0,0.0,5.95703125,5.95703125,5.95703125,236.16,236.16,236.16,51.0,0.0,5.95703125,236.16,5
11775663.037233507,3.6443099975585938,93043264.8033635,198852.24995164113,2096100.5352576706,13076064.66721289,20.2375,20.2375,20.2375,20.2375,20.2375,20.2375,20.2375,20.2375,20.2375,20.2375,20.2375,51.0,51.0,51.0,0.0,0.0,0.0,5.95703125,5.95703125,5.95703125,240.766,240.766,240.766,51.0,0.0,5.95703125,240.766,5
11775664.036577895,3.6443099975585938,93183674.3329518,199090.52613343656,2098527.8199728024,13091206.751939708,19.349999999999998,19.349999999999998,19.349999999999998,19.349999999999998,19.349999999999998,19.349999999999998,19.349999999999998,19.349999999999998,19.349999999999998,19.349999999999998,19.349999999999998,54.0,54.0,54.0,0.0,0.0,0.0,5.95703125,5.95703125,5.95703125,228.419,228.419,228.419,54.0,0.0,5.95703125,228.419,5
11775665.036870727,3.6443099975585938,93130683.3527666,198902.75490214222,2096538.0664981448,13078794.11014663,20.5625,20.5625,20.5625,20.5625,20.5625,20.5625,20.5625,20.5625,20.5625,20.5625,20.5625,53.0,53.0,53.0,0.0,0.0,0.0,5.95703125,5.95703125,5.95703125,244.95,244.95,244.95,53.0,0.0,5.95703125,244.95,5
11775666.03944124,3.6443099975585938,92954393.63678332,198457.86172993341,2091775.067561886,13049081.183188796,19.3,19.3,19.3,19.3,19.3,19.3,19.3,19.3,19.3,19.3,19.3,52.0,52.0,52.0,0.0,0.0,0.0,5.95703125,5.95703125,5.95703125,246.518,246.518,246.518,52.0,0.0,5.95703125,246.518,5
11775667.038704216,3.6443099975585938,93294741.33361878,199126.76092476264,2098698.788455562,13092273.301420052,19.4375,19.4375,19.4375,19.4375,19.4375,19.4375,19.4375,19.4375,19.4375,19.4375,19.4375,70.0,70.0,70.0,0.0,0.0,0.0,5.95703125,5.95703125,5.95703125,240.334,240.334,240.334,70.0,0.0,5.95703125,240.334,5
11775668.037697896,3.6443099975585938,93352559.55883525,199180.43928334297,2099264.5321335876,13095802.569598984,18.625,18.625,18.625,18.625,18.625,18.625,18.625,18.625,18.625,18.625,18.625,55.0,55.0,55.0,0.0,0.0,0.0,5.95703125,5.95703125,5.95703125,229.062,229.062,229.062,55.0,0.0,5.95703125,229.062,5
11775669.037844555,3.6443099975585938,93277580.9947499,198959.82073352282,2096844.478694545,13080705.595606206,18.95,18.95,18.95,18.95,18.95,18.95,18.95,18.95,18.95,18.95,18.95,52.0,52.0,52.0,0.0,0.0,0.0,5.95703125,5.95703125,5.95703125,241.393,241.393,241.393,52.0,0.0,5.95703125,241.393,5
11775670.039352717,3.6443099975585938,93183368.4382149,198697.33234798504,2093993.9191457233,13067012.835294113,19.325,19.325,19.325,19.325,19.325,19.325,19.325,19.325,19.325,19.325,19.325,52.0,52.0,52.0,0.0,0.0,0.0,5.95703125,5.95703125,5.95703125,244.325,244.325,244.325,52.0,0.0,5.95703125,244.325,5
11775671.039045865,3.644317626953125,93387940.29137233,199066.08385818973,2097795.7131497716,13090736.920924844,19.975,19.975,19.975,19.975,19.975,19.975,19.975,19.975,19.975,19.975,19.975,54.0,54.0,54.0,0.0,0.0,0.0,5.95703125,5.95703125,5.95703125,244.267,244.267,244.267,54.0,0.0,5.95703125,244.267,5
11775672.039325384,3.644317626953125,93365848.40541323,198950.38944544175,2096565.9684948546,13083063.026056759,19.3625,19.3625,19.3625,19.3625,19.3625,19.3625,19.3625,19.3625,19.3625,19.3625,19.3625,53.0,53.0,53.0,0.0,0.0,0.0,5.95703125,5.95703125,5.95703125,235.23,235.23,235.23,53.0,0.0,5.95703125,235.23,5
11775673.040812455,3.644317626953125,93285890.2863387,198717.49303960323,2094038.0174309718,13067288.018929599,18.95,18.95,18.95,18.95,18.95,18.95,18.95,18.95,18.95,18.95,18.95,52.0,52.0,52.0,0.0,0.0,0.0,5.95703125,5.95703125,5.95703125,241.259,241.259,241.259,52.0,0.0,5.95703125,241.259,5
11775674.021732597,3.644317626953125,95275115.72053377,202891.13411711354,2137943.6624257504,13341269.534082565,18.8875,18.8875,18.8875,18.8875,18.8875,18.8875,18.8875,18.8875,18.8875,18.8875,18.8875,56.0,56.0,56.0,0.0,0.0,0.0,5.95703125,5.95703125,5.95703125,237.441,237.441,237.441,56.0,0.0,5.95703125,237.441,5
11775675.039571824,3.644317626953125,91854074.32895316,195539.72252739882,2060396.1260615566,12857354.731966158,18.975,18.975,18.975,18.975,18.975,18.975,18.975,18.975,18.975,18.975,18.975,54.0,54.0,54.0,0.0,0.0,0.0,5.95703125,5.95703125,5.95703125,227.376,227.376,227.376,54.0,0.0,5.95703125,227.376,5
11775676.03800766,3.644317626953125,93674608.4234798,199341.8032154019,2100437.42800978,13107221.840803217,19.05,19.05,19.05,19.05,19.05,19.05,19.05,19.05,19.05,19.05,19.05,53.0,53.0,53.0,0.0,0.0,0.0,5.95703125,5.95703125,5.95703125,242.795,242.795,242.795,53.0,0.0,5.95703125,242.795,5
11775677.03841031,3.644329071044922,93523113.93084304,198957.88963268738,2096307.921899183,13081452.754820097,18.5625,18.5625,18.5625,18.5625,18.5625,18.5625,18.5625,18.5625,18.5625,18.5625,18.5625,52.0,52.0,52.0,0.0,0.0,0.0,5.95703125,5.95703125,5.95703125,243.232,243.232,243.232,52.0,0.0,5.95703125,243.232,5
11775678.040697321,3.644329071044922,93379884.12240487,198597.80451860637,2092366.7330235536,13056858.812520027,19.25,19.25,19.25,19.25,19.25,19.25,19.25,19.25,19.25,19.25,19.25,54.0,54.0,54.0,0.0,0.0,0.0,5.95703125,5.95703125,5.95703125,242.793,242.793,242.793,54.0,0.0,5.95703125,242.793,5
11775679.038310908,3.644329071044922,93850070.07557583,199529.15908179237,2102168.6436612313,13118025.032221941,19.662499999999998,19.662499999999998,19.662499999999998,19.662499999999998,19.662499999999998,19.662499999999998,19.662499999999998,19.662499999999998,19.662499999999998,19.662499999999998,19.662499999999998,54.0,54.0,54.0,0.0,0.0,0.0,5.95703125,5.95703125,5.95703125,230.497,230.497,230.497,54.0,0.0,5.95703125,230.497,5
11775680.038020488,3.644329071044922,93685981.27391048,199119.82836191083,2097761.23162049,13090521.74810052,18.85,18.85,18.85,18.85,18.85,18.85,18.85,18.85,18.85,18.85,18.85,52.0,52.0,52.0,0.0,0.0,0.0,5.95703125,5.95703125,5.95703125,241.26,241.26,241.26,52.0,0.0,5.95703125,241.26,5
11775681.038327249,3.644329071044922,93665449.10325803,199011.95091636412,2096508.8730674416,13082706.73720796,18.675,18.675,18.675,18.675,18.675,18.675,18.675,18.675,18.675,18.675,18.675,52.0,52.0,52.0,0.0,0.0,0.0,5.95703125,5.95703125,5.95703125,238.359,238.359,238.359,52.0,0.0,5.95703125,238.359,5
11775682.029152287,3.644329071044922,94597516.58178365,200924.47433587429,2116571.461879473,13207901.99356429,19.3625,19.3625,19.3625,19.3625,19.3625,19.3625,19.3625,19.3625,19.3625,19.3625,19.3625,62.0,62.0,62.0,0.0,0.0,0.0,5.95703125,5.95703125,5.95703125,234.724,234.724,234.724,62.0,0.0,5.95703125,234.724,5
11775683.04289244,3.644329071044922,92491407.98444614,196383.65865606756,2068727.3712233624,12909343.65441141,19.5375,19.5375,19.5375,19.5375,19.5375,19.5375,19.5375,19.5375,19.5375,19.5375,19.5375,55.0,55.0,55.0,0.0,0.0,0.0,5.95703125,5.95703125,5.95703125,246.906,246.906,246.906,55.0,0.0,5.95703125,246.906,5
11775684.039109746,3.644329071044922,94151089.69586682,199844.9521609126,2105115.0044159256,13136411.013884535,19.175,19.175,19.175,19.175,19.175,19.175,19.175,19.175,19.175,19.175,19.175,52.0,52.0,52.0,0.0,0.0,0.0,5.95703125,5.95703125,5.95703125,242.933,242.933,242.933,52.0,0.0,5.95703125,242.933,5
11775685.026270244,3.6443405151367188,95048008.06335872,201688.58088187274,2124428.6047322247,13256932.406483317,19.05,19.05,19.05,19.05,19.05,19.05,19.05,19.05,19.05,19.05,19.05,66.0,66.0,66.0,0.0,0.0,0.0,5.95703125,5.95703125,5.95703125,239.322,239.322,239.322,66.0,0.0,5.95703125,239.322,5
11775686.040720375,3.6443405151367188,92523355.3954394,196270.86035942717,2067279.5398679776,12900308.847418336,19.262500000000003,19.262500000000003,19.262500000000003,19.262500000000003,19.262500000000003,19.262500000000003,19.262500000000003,19.262500000000003,19.262500000000003,19.262500000000003,19.262500000000003,55.0,55.0,55.0,0.0,0.0,0.0,5.95703125,5.95703125,5.95703125,230.1,230.1,230.1,55.0,0.0,5.95703125,230.1,5
11775687.041060125,3.6443519592285156,93866604.80219726,199042.37531307738,2096439.7341799552,13082275.29434562,21.6125,21.6125,21.6125,21.6125,21.6125,21.6125,21.6125,21.6125,21.6125,21.6125,21.6125,53.0,53.0,53.0,0.0,0.0,0.0,5.95703125,5.95703125,5.95703125,244.13,244.13,244.13,53.0,0.0,5.95703125,244.13,5
11775688.039713765,3.6443519592285156,94057825.77821974,199388.4488098055,2099979.3300441005,13104363.202130664,18.8875,18.8875,18.8875,18.8875,18.8875,18.8875,18.8875,18.8875,18.8875,18.8875,18.8875,53.0,53.0,53.0,0.0,0.0,0.0,5.95703125,5.95703125,5.95703125,241.387,241.387,241.387,53.0,0.0,5.95703125,241.387,5
11775689.040150804,3.644359588623047,93922832.97616419,199041.01113998925,2096235.8613266377,13081003.079958217,19.5875,19.5875,19.5875,19.5875,19.5875,19.5875,19.5875,19.5875,19.5875,19.5875,19.5875,54.0,54.0,54.0,0.0,0.0,0.0,5.95703125,5.95703125,5.95703125,239.827,239.827,239.827,54.0,0.0,5.95703125,239.827,5
11775690.040511593,3.644359588623047,93962664.32521023,199057.18240251427,2096395.6439785142,13086094.683897132,19.4875,19.4875,19.4875,19.4875,19.4875,19.4875,19.4875,19.4875,19.4875,19.4875,19.4875,55.0,55.0,55.0,0.0,0.0,0.0,5.95703125,5.95703125,5.95703125,229.396,229.396,229.396,55.0,0.0,5.95703125,229.396,5
11775691.041640945,3.644359588623047,93923183.70630853,198911.35914698138,2094786.24988857,13076048.54422631,19.05,19.05,19.05,19.05,19.05,19.05,19.05,19.05,19.05,19.05,19.05,53.0,53.0,53.0,0.0,0.0,0.0,5.95703125,5.95703125,5.95703125,238.251,238.251,238.251,53.0,0.0,5.95703125,238.251,5
11775692.040617352,3.644359588623047,94163807.36014645,199348.0511555744,2099300.8284307593,13104229.389970131,19.1125,19.1125,19.1125,19.1125,19.1125,19.1125,19.1125,19.1125,19.1125,19.1125,19.1125,55.0,55.0,55.0,0.0,0.0,0.0,5.95703125,5.95703125,5.95703125,244.154,244.154,244.154,55.0,0.0,5.95703125,244.154,5
11775693.0286758,3.644359588623047,95237402.40865254,201559.93851963608,2122497.9196212552,13249029.982635805,19.1625,19.1625,19.1625,19.1625,19.1625,19.1625,19.1625,19.1625,19.1625,19.1625,19.1625,63.0,63.0,63.0,0.0,0.0,0.0,5.95703125,5.95703125,5.95703125,238.73,238.73,238.73,63.0,0.0,5.95703125,238.73,5
11775694.042590523,3.644359588623047,92840947.93119022,196419.87190077038,2068371.1879632464,12911160.774864327,18.675,18.675,18.675,18.675,18.675,18.675,18.675,18.675,18.675,18.675,18.675,53.0,53.0,53.0,0.0,0.0,0.0,5.95703125,5.95703125,5.95703125,246.734,246.734,246.734,53.0,0.0,5.95703125,246.734,5
11775695.043020552,3.644359588623047,94125018.52317712,199074.39226094395,2096250.551711303,13085188.990760399,19.0875,19.0875,19.0875,19.0875,19.0875,19.0875,19.0875,19.0875,19.0875,19.0875,19.0875,54.0,54.0,54.0,0.0,0.0,0.0,5.95703125,5.95703125,5.95703125,241.067,241.067,241.067,54.0,0.0,5.95703125,241.067,5
11775696.014331324,3.644359588623047,96980484.22326252,205052.80672378102,2159094.7618938135,13477474.334009038,18.975,18.975,18.975,18.975,18.975,18.975,18.975,18.975,18.975,18.975,18.975,59.0,59.0,59.0,0.0,0.0,0.0,5.95703125,5.95703125,5.95703125,239.686,239.686,239.686,59.0,0.0,5.95703125,239.686,5
11775697.04147492,3.644359588623047,91740707.32738553,193913.49060251444,2041732.050608476,12744874.284657596,19.6125,19.6125,19.6125,19.6125,19.6125,19.6125,19.6125,19.6125,19.6125,19.6125,19.6125,55.0,55.0,55.0,0.0,0.0,0.0,5.95703125,5.95703125,5.95703125,230.034,230.034,230.034,55.0,0.0,5.95703125,230.034,5
11775698.040784728,3.644359588623047,94334154.67739241,199317.56738731632,2098600.437199745,13099857.416582782,19.4625,19.4625,19.4625,19.4625,19.4625,19.4625,19.4625,19.4625,19.4625,19.4625,19.4625,54.0,54.0,54.0,0.0,0.0,0.0,5.95703125,5.95703125,5.95703125,239.703,239.703,239.703,54.0,0.0,5.95703125,239.703,5
11775699.040808499,3.644359588623047,94299497.39934906,199185.26515164625,2097102.1496224971,13090504.82459668,18.6,18.6,18.6,18.6,18.6,18.6,18.6,18.6,18.6,18.6,18.6,53.0,53.0,53.0,0.0,0.0,0.0,5.95703125,5.95703125,5.95703125,243.859,243.859,243.859,53.0,0.0,5.95703125,243.859,5
11775700.042089768,3.644359588623047,94213720.88997233,198942.10167328527,2094468.4227590454,13074064.607691228,19.7,19.7,19.7,19.7,19.7,19.7,19.7,19.7,19.7,19.7,19.7,56.0,56.0,56.0,0.0,0.0,0.0,5.95703125,5.95703125,5.95703125,240.048,240.048,240.048,56.0,0.0,5.95703125,240.048,5
11775701.041351097,3.644359588623047,94436875.78614615,199345.25056544316,2098702.250593983,13100492.95487963,19.2875,19.2875,19.2875,19.2875,19.2875,19.2875,19.2875,19.2875,19.2875,19.2875,19.2875,54.0,54.0,54.0,0.0,0.0,0.0,5.95703125,5.95703125,5.95703125,227.692,227.692,227.692,54.0,0.0,5.95703125,227.692,5
11775702.043181228,3.644359588623047,94227360.60369538,198841.09478504493,2093320.9488248115,13066901.860242378,18.9875,18.9875,18.9875,18.9875,18.9875,18.9875,18.9875,18.9875,18.9875,18.9875,18.9875,53.0,53.0,53.0,0.0,0.0,0.0,5.95703125,5.95703125,5.95703125,239.624,239.624,239.624,53.0,0.0,5.95703125,239.624,5
11775703.010577856,3.6443748474121094,97620743.40112899,205928.97908779784,2167830.586812908,13532004.991121197,21.7,21.7,21.7,21.7,21.7,21.7,21.7,21.7,21.7,21.7,21.7,61.0,61.0,61.0,0.0,0.0,0.0,5.95703125,5.95703125,5.95703125,242.641,242.641,242.641,61.0,0.0,5.95703125,242.641,5
11775704.040839324,3.6443748474121094,91695819.86827672,193371.30054881258,2035553.1725179492,12706304.569076886,19.3875,19.3875,19.3875,19.3875,19.3875,19.3875,19.3875,19.3875,19.3875,19.3875,19.3875,56.0,56.0,56.0,0.0,0.0,0.0,5.95703125,5.95703125,5.95703125,232.159,232.159,232.159,56.0,0.0,5.95703125,232.159,5
11775705.042653546,3.6443748474121094,94332214.42474519,198862.21979318332,2093354.1908500222,13067109.363196623,19.175,19.175,19.175,19.175,19.175,19.175,19.175,19.175,19.175,19.175,19.175,54.0,54.0,54.0,0.0,0.0,0.0,5.95703125,5.95703125,5.95703125,246.644,246.644,246.644,54.0,0.0,5.95703125,246.644,5
11775706.042411536,3.6443748474121094,94558929.18365824,199278.22727574685,2097659.654107248,13093984.872122588,18.9375,18.9375,18.9375,18.9375,18.9375,18.9375,18.9375,18.9375,18.9375,18.9375,18.9375,53.0,53.0,53.0,0.0,0.0,0.0,5.95703125,5.95703125,5.95703125,244.3,244.3,244.3,53.0,0.0,5.95703125,244.3,5
11775707.043132056,3.644390106201172,94500649.43247028,199096.54704104047,2095642.0488868305,13081390.602035763,19.162499999999998,19.162499999999998,19.162499999999998,19.162499999999998,19.162499999999998,19.162499999999998,19.162499999999998,19.162499999999998,19.162499999999998,19.162499999999998,19.162499999999998,55.0,55.0,55.0,0.0,0.0,0.0,5.95703125,5.95703125,5.95703125,241.067,241.067,241.067,55.0,0.0,5.95703125,241.067,5
11775708.041867483,3.6443939208984375,94726674.71409501,199493.27363666747,2099807.357891621,13107391.241839102,18.8125,18.8125,18.8125,18.8125,18.8125,18.8125,18.8125,18.8125,18.8125,18.8125,18.8125,57.0,57.0,57.0,0.0,0.0,0.0,5.95703125,5.95703125,5.95703125,230.006,230.006,230.006,57.0,0.0,5.95703125,230.006,5
11775709.043511463,3.6443939208984375,94484265.7641448,198922.97462370666,2093709.9828258753,13073419.5607311,18.7375,18.7375,18.7375,18.7375,18.7375,18.7375,18.7375,18.7375,18.7375,18.7375,18.7375,54.0,54.0,54.0,0.0,0.0,0.0,5.95703125,5.95703125,5.95703125,242.173,242.173,242.173,54.0,0.0,5.95703125,242.173,5
11775710.033021824,3.6443939208984375,95675884.47912629,201371.31235032616,2119383.568311149,13233729.038849108,19.424999999999997,19.424999999999997,19.424999999999997,19.424999999999997,19.424999999999997,19.424999999999997,19.424999999999997,19.424999999999997,19.424999999999997,19.424999999999997,19.424999999999997,60.0,60.0,60.0,0.0,0.0,0.0,5.95703125,5.95703125,5.95703125,253.077,253.077,253.077,60.0,0.0,5.95703125,253.077,5
11775711.027588207,3.6443939208984375,95222327.67363635,200365.7105631362,2108609.376089073,13199400.488995075,18.9625,18.9625,18.9625,18.9625,18.9625,18.9625,18.9625,18.9625,18.9625,18.9625,18.9625,72.0,72.0,72.0,0.0,0.0,0.0,5.95703125,5.95703125,5.95703125,257.253,257.253,257.253,72.0,0.0,5.95703125,257.253,5
11775712.0307659,3.6444053649902344,94437475.68384568,198653.73938036332,2090509.0039341028,13086096.401579687,18.475,18.475,18.475,18.475,18.475,18.475,18.475,18.475,18.475,18.475,18.475,64.0,64.0,64.0,0.0,0.0,0.0,5.95703125,5.95703125,5.95703125,247.866,247.866,247.866,64.0,0.0,5.95703125,247.866,5
11775713.03047444,3.6444053649902344,94797834.88360427,199344.10105595912,2097763.416485387,13131507.323897783,18.8,18.8,18.8,18.8,18.8,18.8,18.8,18.8,18.8,18.8,18.8,65.0,65.0,65.0,0.0,0.0,0.0,5.95703125,5.95703125,5.95703125,262.961,262.961,262.961,65.0,0.0,5.95703125,262.961,5
11775714.045156112,3.6444053649902344,93433834.03175151,196410.36727718884,2066807.8043297397,12937732.44702503,19.974999999999998,19.974999999999998,19.974999999999998,19.974999999999998,19.974999999999998,19.974999999999998,19.974999999999998,19.974999999999998,19.974999999999998,19.974999999999998,19.974999999999998,54.0,54.0,54.0,0.0,0.0,0.0,5.95703125,5.95703125,5.95703125,246.787,246.787,246.787,54.0,0.0,5.95703125,246.787,5
11775715.03295436,3.6444091796875,96009728.9515694,201762.86049014627,2123057.0162850725,13289839.330456361,19.162499999999998,19.162499999999998,19.162499999999998,19.162499999999998,19.162499999999998,19.162499999999998,19.162499999999998,19.162499999999998,19.162499999999998,19.162499999999998,19.162499999999998,61.0,61.0,61.0,0.0,0.0,0.0,5.95703125,5.95703125,5.95703125,250.453,250.453,250.453,61.0,0.0,5.95703125,250.453,5
11775716.030586308,3.6444091796875,95096077.41435045,199781.0919261411,2102129.9521097527,13158840.813499527,18.9,18.9,18.9,18.9,18.9,18.9,18.9,18.9,18.9,18.9,18.9,63.0,63.0,63.0,0.0,0.0,0.0,5.95703125,5.95703125,5.95703125,258.372,258.372,258.372,63.0,0.0,5.95703125,258.372,5
11775717.030687686,3.644420623779297,94893907.82761611,199294.79585481065,2096939.4160826223,13126349.274501571,19.1125,19.1125,19.1125,19.1125,19.1125,19.1125,19.1125,19.1125,19.1125,19.1125,19.1125,76.0,76.0,76.0,0.0,0.0,0.0,5.95703125,5.95703125,5.95703125,261.243,261.243,261.243,76.0,0.0,5.95703125,261.243,5
11775718.031042716,3.644420623779297,94902483.82064475,199257.25779964234,2096407.7134624114,13123020.940716853,18.25,18.25,18.25,18.25,18.25,18.25,18.25,18.25,18.25,18.25,18.25,63.0,63.0,63.0,0.0,0.0,0.0,5.95703125,5.95703125,5.95703125,250.34,250.34,250.34,63.0,0.0,5.95703125,250.34,5
11775719.042798975,3.644420623779297,93865308.03859772,197012.86553961295,2072783.8146588323,12975140.871057728,19.0625,19.0625,19.0625,19.0625,19.0625,19.0625,19.0625,19.0625,19.0625,19.0625,19.0625,56.0,56.0,56.0,0.0,0.0,0.0,5.95703125,5.95703125,5.95703125,233.113,233.113,233.113,56.0,0.0,5.95703125,233.113,5
11775720.034537477,3.644420623779297,95795609.2402592,200998.54912441853,2114621.945105161,13237037.761839924,19.35,19.35,19.35,19.35,19.35,19.35,19.35,19.35,19.35,19.35,19.35,61.0,61.0,61.0,0.0,0.0,0.0,5.95703125,5.95703125,5.95703125,252.3,252.3,252.3,61.0,0.0,5.95703125,252.3,5
11775721.032082316,3.644420623779297,95270742.09469196,199836.63128023152,2102313.5200234773,13159989.905615713,18.8125,18.8125,18.8125,18.8125,18.8125,18.8125,18.8125,18.8125,18.8125,18.8125,18.8125,62.0,62.0,62.0,0.0,0.0,0.0,5.95703125,5.95703125,5.95703125,251.28,251.28,251.28,62.0,0.0,5.95703125,251.28,5
11775722.042807296,3.644420623779297,94060681.04091997,197238.61967301767,2074898.751590178,12992432.41718381,19.875,19.875,19.875,19.875,19.875,19.875,19.875,19.875,19.875,19.875,19.875,56.0,56.0,56.0,0.0,0.0,0.0,5.95703125,5.95703125,5.95703125,247.017,247.017,247.017,56.0,0.0,5.95703125,247.017,5
11775723.043194424,3.644428253173828,95065313.51324138,199276.85426177818,2096340.4469877537,13126694.283286598,19.375,19.375,19.375,19.375,19.375,19.375,19.375,19.375,19.375,19.375,19.375,56.0,56.0,56.0,0.0,0.0,0.0,5.95703125,5.95703125,5.95703125,230.645,230.645,230.645,56.0,0.0,5.95703125,230.645,5
11775724.044345217,3.644428253173828,95028166.30229324,199134.83712998868,2094741.3873960697,13116681.421858983,19.9375,19.9375,19.9375,19.9375,19.9375,19.9375,19.9375,19.9375,19.9375,19.9375,19.9375,54.0,54.0,54.0,0.0,0.0,0.0,5.95703125,5.95703125,5.95703125,239.449,239.449,239.449,54.0,0.0,5.95703125,239.449,5
11775725.042387951,3.644428253173828,95359547.96860798,199762.98923900977,2101264.733305418,13157528.779252287,19.925,19.925,19.925,19.925,19.925,19.925,19.925,19.925,19.925,19.925,19.925,52.0,52.0,52.0,0.0,0.0,0.0,5.95703125,5.95703125,5.95703125,238.966,238.966,238.966,52.0,0.0,5.95703125,238.966,5
11775726.045515863,3.644428253173828,94908680.99218032,198757.30462994892,2090612.747176516,13090829.037984202,18.9875,18.9875,18.9875,18.9875,18.9875,18.9875,18.9875,18.9875,18.9875,18.9875,18.9875,57.0,57.0,57.0,0.0,0.0,0.0,5.95703125,5.95703125,5.95703125,231.96,231.96,231.96,57.0,0.0,5.95703125,231.96,5
11775727.044404764,3.644428253173828,95344119.80350637,199600.77632206923,2099484.7364335265,13146382.939464623,18.8625,18.8625,18.8625,18.8625,18.8625,18.8625,18.8625,18.8625,18.8625,18.8625,18.8625,56.0,56.0,56.0,0.0,0.0,0.0,5.95703125,5.95703125,5.95703125,244.989,244.989,244.989,56.0,0.0,5.95703125,244.989,5
11775728.045207513,3.644428253173828,95194408.71050231,199226.07131749036,2095469.8620545953,13121242.925287172,19.0375,19.0375,19.0375,19.0375,19.0375,19.0375,19.0375,19.0375,19.0375,19.0375,19.0375,54.0,54.0,54.0,0.0,0.0,0.0,5.95703125,5.95703125,5.95703125,243.367,243.367,243.367,54.0,0.0,5.95703125,243.367,5
11775729.03271163,3.6444473266601562,96512217.35775489,201924.2214070336,2123689.3735347535,13297945.569438318,19.4375,19.4375,19.4375,19.4375,19.4375,19.4375,19.4375,19.4375,19.4375,19.4375,19.4375,69.0,69.0,69.0,0.0,0.0,0.0,5.95703125,5.95703125,5.95703125,245.131,245.131,245.131,69.0,0.0,5.95703125,245.131,5
11775730.046754174,3.6444473266601562,94021290.95558526,196650.52647732952,2068110.4692946489,12949926.102653602,18.837500000000002,18.837500000000002,18.837500000000002,18.837500000000002,18.837500000000002,18.837500000000002,18.837500000000002,18.837500000000002,18.837500000000002,18.837500000000002,18.837500000000002,56.0,56.0,56.0,0.0,0.0,0.0,5.95703125,5.95703125,5.95703125,231.017,231.017,231.017,56.0,0.0,5.95703125,231.017,5
11775731.047260543,3.6444473266601562,95325961.85017528,199313.07395891641,2096090.603864771,13125129.835918859,18.775,18.775,18.775,18.775,18.775,18.775,18.775,18.775,18.775,18.775,18.775,54.0,54.0,54.0,0.0,0.0,0.0,5.95703125,5.95703125,5.95703125,239.056,239.056,239.056,54.0,0.0,5.95703125,239.056,5
11775732.04407953,3.6444473266601562,95711352.1713139,200058.38857688993,2103844.358800944,13173681.668585598,18.85,18.85,18.85,18.85,18.85,18.85,18.85,18.85,18.85,18.85,18.85,54.0,54.0,54.0,0.0,0.0,0.0,5.95703125,5.95703125,5.95703125,242.974,242.974,242.974,54.0,0.0,5.95703125,242.974,5
11775733.042949207,3.644458770751953,95547559.50802544,199654.67406939017,2099525.1394429584,13146635.931746336,19.025,19.025,19.025,19.025,19.025,19.025,19.025,19.025,19.025,19.025,19.025,58.0,58.0,58.0,0.0,0.0,0.0,5.95703125,5.95703125,5.95703125,242.457,242.457,242.457,58.0,0.0,5.95703125,242.457,5
11775734.04442046,3.644458770751953,95334678.55749471,199137.01904102974,2094071.0913901299,13112484.21679054,19.4125,19.4125,19.4125,19.4125,19.4125,19.4125,19.4125,19.4125,19.4125,19.4125,19.4125,56.0,56.0,56.0,0.0,0.0,0.0,5.95703125,5.95703125,5.95703125,231.639,231.639,231.639,56.0,0.0,5.95703125,231.639,5
11775735.044017488,3.644458770751953,95546128.42422485,199518.40034920938,2097997.434436492,13137069.872662878,18.7125,18.7125,18.7125,18.7125,18.7125,18.7125,18.7125,18.7125,18.7125,18.7125,18.7125,54.0,54.0,54.0,0.0,0.0,0.0,5.95703125,5.95703125,5.95703125,241.315,241.315,241.315,54.0,0.0,5.95703125,241.315,5
11775736.043458257,3.644458770751953,95596495.54926744,199560.60052735233,2098325.449198231,13139123.808846736,18.7,18.7,18.7,18.7,18.7,18.7,18.7,18.7,18.7,18.7,18.7,55.0,55.0,55.0,0.0,0.0,0.0,5.95703125,5.95703125,5.95703125,243.003,243.003,243.003,55.0,0.0,5.95703125,243.003,5
11775737.044337047,3.644458770751953,95491786.73516169,199282.87212639189,2095310.6611196692,13120246.05380793,19.2125,19.2125,19.2125,19.2125,19.2125,19.2125,19.2125,19.2125,19.2125,19.2125,19.2125,56.0,56.0,56.0,0.0,0.0,0.0,5.95703125,5.95703125,5.95703125,227.39,227.39,227.39,56.0,0.0,5.95703125,227.39,5
11775738.044476585,3.6444625854492188,95595024.8424279,199430.1718730485,2096859.4080152586,13129943.871283045,18.925,18.925,18.925,18.925,18.925,18.925,18.925,18.925,18.925,18.925,18.925,57.0,57.0,57.0,0.0,0.0,0.0,5.95703125,5.95703125,5.95703125,242.776,242.776,242.776,57.0,0.0,5.95703125,242.776,5
11775739.045433296,3.6444625854492188,95549617.68437,199275.35119346995,2095147.5504902485,13119224.70092136,19.0375,19.0375,19.0375,19.0375,19.0375,19.0375,19.0375,19.0375,19.0375,19.0375,19.0375,55.0,55.0,55.0,0.0,0.0,0.0,5.95703125,5.95703125,5.95703125,243.294,243.294,243.294,55.0,0.0,5.95703125,243.294,5
11775740.045192355,3.6444625854492188,95699498.89474404,199526.07393209526,2097657.4108364903,13134940.740511306,19.837500000000002,19.837500000000002,19.837500000000002,19.837500000000002,19.837500000000002,19.837500000000002,19.837500000000002,19.837500000000002,19.837500000000002,19.837500000000002,19.837500000000002,56.0,56.0,56.0,0.0,0.0,0.0,5.95703125,5.95703125,5.95703125,243.28,243.28,243.28,56.0,0.0,5.95703125,243.28,5
11775741.045946276,3.6444625854492188,95639709.26015386,199329.7212318585,2095572.1051776344,13121883.142967766,20.025000000000002,20.025000000000002,20.025000000000002,20.025000000000002,20.025000000000002,20.025000000000002,20.025000000000002,20.025000000000002,20.025000000000002,20.025000000000002,20.025000000000002,56.0,56.0,56.0,0.0,0.0,0.0,5.95703125,5.95703125,5.95703125,233.192,233.192,233.192,56.0,0.0,5.95703125,233.192,5
11775742.044557285,3.6444625854492188,95877630.18955627,199765.47249366302,2100068.9774373914,13154142.9895346,18.675,18.675,18.675,18.675,18.675,18.675,18.675,18.675,18.675,18.675,18.675,55.0,55.0,55.0,0.0,0.0,0.0,5.95703125,5.95703125,5.95703125,238.048,238.048,238.048,55.0,0.0,5.95703125,238.048,5
11775743.044739025,3.6444625854492188,95759708.61620596,199458.75033682378,2096770.932536508,13133485.118446447,18.8875,18.8875,18.8875,18.8875,18.8875,18.8875,18.8875,18.8875,18.8875,18.8875,18.8875,47.0,47.0,47.0,0.0,0.0,0.0,5.95703125,5.95703125,5.95703125,238.969,238.969,238.969,47.0,0.0,5.95703125,238.969,5
11775744.045845674,3.6444625854492188,95703826.39523892,199288.45750080416,2094833.7529872158,13121351.26138672,18.925,18.925,18.925,18.925,18.925,18.925,18.925,18.925,18.925,18.925,18.925,50.0,50.0,50.0,0.0,0.0,0.0,5.95703125,5.95703125,5.95703125,230.701,230.701,230.701,50.0,0.0,5.95703125,230.701,5
11775745.035141481,3.6444625854492188,96882129.03302108,201668.70074815766,2119843.211424993,13278002.302812407,19.8625,19.8625,19.8625,19.8625,19.8625,19.8625,19.8625,19.8625,19.8625,19.8625,19.8625,49.0,49.0,49.0,0.0,0.0,0.0,5.95703125,5.95703125,5.95703125,252.212,252.212,252.212,49.0,0.0,5.95703125,252.212,5
11775746.044799222,3.6444854736328125,94963308.00543448,197611.51920929656,2077091.9844266977,13010222.644641444,18.9375,18.9375,18.9375,18.9375,18.9375,18.9375,18.9375,18.9375,18.9375,18.9375,18.9375,47.0,47.0,47.0,0.0,0.0,0.0,5.95703125,5.95703125,5.95703125,245.28,245.28,245.28,47.0,0.0,5.95703125,245.28,5
11775747.046040922,3.644512176513672,95794112.38132347,199281.55195270685,2094551.194266112,13119581.406272307,18.9375,18.9375,18.9375,18.9375,18.9375,18.9375,18.9375,18.9375,18.9375,18.9375,18.9375,46.0,46.0,46.0,0.0,0.0,0.0,5.95703125,5.95703125,5.95703125,240.749,240.749,240.749,46.0,0.0,5.95703125,240.749,5
11775748.048951654,3.644512176513672,95667239.36622186,198960.8783319631,2091065.470159532,13097747.974221913,19.175,19.175,19.175,19.175,19.175,19.175,19.175,19.175,19.175,19.175,19.175,55.0,55.0,55.0,0.0,0.0,0.0,5.95703125,5.95703125,5.95703125,230.22,230.22,230.22,55.0,0.0,5.95703125,230.22,5
11775749.035988891,3.644512176513672,97238820.71600644,202160.55926945186,2124693.9019397087,13308385.436563762,19.112499999999997,19.112499999999997,19.112499999999997,19.112499999999997,19.112499999999997,19.112499999999997,19.112499999999997,19.112499999999997,19.112499999999997,19.112499999999997,19.112499999999997,50.0,50.0,50.0,0.0,0.0,0.0,5.95703125,5.95703125,5.95703125,256.25,256.25,256.25,50.0,0.0,5.95703125,256.25,5
11775750.04612394,3.644512176513672,95050364.89429212,197544.8730320459,2076110.5181681565,13004075.062041558,19.075,19.075,19.075,19.075,19.075,19.075,19.075,19.075,19.075,19.075,19.075,48.0,48.0,48.0,0.0,0.0,0.0,5.95703125,5.95703125,5.95703125,246.566,246.566,246.566,48.0,0.0,5.95703125,246.566,5
11775751.04575934,3.644512176513672,96081391.2511766,199628.78460484912,2097916.8999760896,13140663.08246742,19.2,19.2,19.2,19.2,19.2,19.2,19.2,19.2,19.2,19.2,19.2,46.0,46.0,46.0,0.0,0.0,0.0,5.958984375,5.958984375,5.958984375,240.587,240.587,240.587,46.0,0.0,5.958984375,240.587,5
11775752.04661684,3.644512176513672,95999466.60169823,199393.02078441076,2095355.236034899,13124617.660085784,19.275,19.275,19.275,19.275,19.275,19.275,19.275,19.275,19.275,19.275,19.275,48.0,48.0,48.0,0.0,0.0,0.0,5.958984375,5.958984375,5.958984375,229.008,229.008,229.008,48.0,0.0,5.958984375,229.008,5
11775753.047301808,3.644512176513672,96048679.61975424,199428.39770448982,2095716.4988989362,13126880.492126735,18.95,18.95,18.95,18.95,18.95,18.95,18.95,18.95,18.95,18.95,18.95,46.0,46.0,46.0,0.0,0.0,0.0,5.958984375,5.958984375,5.958984375,242.697,242.697,242.697,46.0,0.0,5.958984375,242.697,5
11775754.045855056,3.644512176513672,96286463.62203896,199863.15239099783,2100190.4544834793,13159005.816373048,19.15,19.15,19.15,19.15,19.15,19.15,19.15,19.15,19.15,19.15,19.15,46.0,46.0,46.0,0.0,0.0,0.0,5.958984375,5.958984375,5.958984375,243.553,243.553,243.553,46.0,0.0,5.958984375,243.553,5
11775755.045760456,3.644512176513672,96188952.477005,199600.88224781977,2097350.409394533,13141211.15886262,19.25,19.25,19.25,19.25,19.25,19.25,19.25,19.25,19.25,19.25,19.25,65.0,65.0,65.0,0.0,0.0,0.0,5.958984375,5.958984375,5.958984375,243.02,243.02,243.02,65.0,0.0,5.958984375,243.02,5
11775756.047276288,3.644512176513672,96069652.5657877,199280.9236391502,2093977.8817418872,13120080.165289013,20.6375,20.6375,20.6375,20.6375,20.6375,20.6375,20.6375,20.6375,20.6375,20.6375,20.6375,49.0,49.0,49.0,0.0,0.0,0.0,5.958984375,5.958984375,5.958984375,233.503,233.503,233.503,49.0,0.0,5.958984375,233.503,5
11775757.046729716,3.644512176513672,96303346.78315413,199700.1506565148,2098298.8729432253,13147153.875784896,20.1125,20.1125,20.1125,20.1125,20.1125,20.1125,20.1125,20.1125,20.1125,20.1125,20.1125,49.0,49.0,49.0,0.0,0.0,0.0,5.958984375,5.958984375,5.958984375,242.981,242.981,242.981,49.0,0.0,5.958984375,242.981,5
11775758.050192688,3.644512176513672,95951124.92953908,198909.18304481314,2089914.6837182534,13094621.69017218,19.125,19.125,19.125,19.125,19.125,19.125,19.125,19.125,19.125,19.125,19.125,46.0,46.0,46.0,0.0,0.0,0.0,5.958984375,5.958984375,5.958984375,240.284,240.284,240.284,46.0,0.0,5.958984375,240.284,5
11775759.049510667,3.644512176513672,96381831.39060988,199746.2310363307,2098583.276941551,13148935.844586905,18.875,18.875,18.875,18.875,18.875,18.875,18.875,18.875,18.875,18.875,18.875,49.0,49.0,49.0,0.0,0.0,0.0,5.958984375,5.958984375,5.958984375,228.538,228.538,228.538,49.0,0.0,5.958984375,228.538,5
11775760.046843303,3.644512176513672,96606465.58267368,200143.85646412583,2102760.827971817,13175110.812760916,19.1125,19.1125,19.1125,19.1125,19.1125,19.1125,19.1125,19.1125,19.1125,19.1125,19.1125,49.0,49.0,49.0,0.0,0.0,0.0,5.958984375,5.958984375,5.958984375,243.814,243.814,243.814,49.0,0.0,5.958984375,243.814,5
11775761.046890425,3.644512176513672,96379673.47442085,199611.59406275564,2097053.184343812,13139348.858154196,19.7625,19.7625,19.7625,19.7625,19.7625,19.7625,19.7625,19.7625,19.7625,19.7625,19.7625,48.0,48.0,48.0,0.0,0.0,0.0,5.958984375,5.958984375,5.958984375,242.855,242.855,242.855,48.0,0.0,5.958984375,242.855,5
11775762.047699943,3.644512176513672,96341655.63584533,199467.52732247295,2095455.6896011038,13129339.555156916,19.05,19.05,19.05,19.05,19.05,19.05,19.05,19.05,19.05,19.05,19.05,64.0,64.0,64.0,0.0,0.0,0.0,5.958984375,5.958984375,5.958984375,242.095,242.095,242.095,64.0,0.0,5.958984375,242.095,5
11775763.047808504,3.644512176513672,96441862.21866141,199608.33041041845,2096924.3567443264,13138541.672726171,19.1875,19.1875,19.1875,19.1875,19.1875,19.1875,19.1875,19.1875,19.1875,19.1875,19.1875,49.0,49.0,49.0,0.0,0.0,0.0,5.958984375,5.958984375,5.958984375,230.038,230.038,230.038,49.0,0.0,5.958984375,230.038,5
11775764.047932811,3.644512176513672,96473030.69327325,199612.18673817377,2096891.34099558,13138334.80842543,18.775,18.775,18.775,18.775,18.775,18.775,18.775,18.775,18.775,18.775,18.775,47.0,47.0,47.0,0.0,0.0,0.0,5.958984375,5.958984375,5.958984375,237.518,237.518,237.518,47.0,0.0,5.958984375,237.518,5
11775765.049619364,3.644512176513672,96355208.87777624,199310.85177679235,2093620.9981888216,13117844.066776834,19.0375,19.0375,19.0375,19.0375,19.0375,19.0375,19.0375,19.0375,19.0375,19.0375,19.0375,47.0,47.0,47.0,0.0,0.0,0.0,5.958984375,5.958984375,5.958984375,239.581,239.581,239.581,47.0,0.0,5.958984375,239.581,5
11775766.047853053,3.644512176513672,96721250.80969912,200010.28035926327,2100862.7770425766,13163218.337407393,18.9,18.9,18.9,18.9,18.9,18.9,18.9,18.9,18.9,18.9,18.9,49.0,49.0,49.0,0.0,0.0,0.0,5.958984375,5.958984375,5.958984375,228.739,228.739,228.739,49.0,0.0,5.958984375,228.739,5
11775767.048808971,3.644512176513672,96490857.57484834,199466.3263878787,2095149.207475784,13127419.25309046,19.125,19.125,19.125,19.125,19.125,19.125,19.125,19.125,19.125,19.125,19.125,48.0,48.0,48.0,0.0,0.0,0.0,5.958984375,5.958984375,5.958984375,243.756,243.756,243.756,48.0,0.0,5.958984375,243.756,5
11775768.04806561,3.644512176513672,96687659.85388356,199813.5336261267,2098712.1011248785,13149743.008610567,18.8625,18.8625,18.8625,18.8625,18.8625,18.8625,18.8625,18.8625,18.8625,18.8625,18.8625,49.0,49.0,49.0,0.0,0.0,0.0,5.958984375,5.958984375,5.958984375,246.46,246.46,246.46,49.0,0.0,5.958984375,246.46,5
11775769.047134507,3.644512176513672,96738554.53730354,199862.09215011483,2099106.483887886,13152214.063110039,19.4375,19.4375,19.4375,19.4375,19.4375,19.4375,19.4375,19.4375,19.4375,19.4375,19.4375,60.0,60.0,60.0,0.0,0.0,0.0,5.958984375,5.958984375,5.958984375,244.417,244.417,244.417,60.0,0.0,5.958984375,244.417,5
11775770.04947689,3.644512176513672,96455229.96251751,199209.3754558672,2092251.1476392897,13109261.096927425,19.0375,19.0375,19.0375,19.0375,19.0375,19.0375,19.0375,19.0375,19.0375,19.0375,19.0375,48.0,48.0,48.0,0.0,0.0,0.0,5.958984375,5.958984375,5.958984375,231.67,231.67,231.67,48.0,0.0,5.958984375,231.67,5
11775771.046701789,3.644512176513672,96982994.60444956,200239.68534927632,2102988.004094497,13176534.213154582,18.6875,18.6875,18.6875,18.6875,18.6875,18.6875,18.6875,18.6875,18.6875,18.6875,18.6875,48.0,48.0,48.0,0.0,0.0,0.0,5.958984375,5.958984375,5.958984375,240.253,240.253,240.253,48.0,0.0,5.958984375,240.253,5
11775772.048580198,3.644512176513672,96565159.16344957,199316.60195781256,2093220.0771643717,13115332.045983016,19.1875,19.1875,19.1875,19.1875,19.1875,19.1875,19.1875,19.1875,19.1875,19.1875,19.1875,48.0,48.0,48.0,0.0,0.0,0.0,5.958984375,5.958984375,5.958984375,242.335,242.335,242.335,48.0,0.0,5.958984375,242.335,5
11775773.05084704,3.644512176513672,96565839.41525207,199251.32854616764,2092408.8379406047,13110249.1252216,18.925,18.925,18.925,18.925,18.925,18.925,18.925,18.925,18.925,18.925,18.925,49.0,49.0,49.0,0.0,0.0,0.0,5.958984375,5.958984375,5.958984375,233.59,233.59,233.59,49.0,0.0,5.958984375,233.59,5
11775774.049531229,3.644512176513672,96944984.3397029,199966.11774712996,2099915.0927408654,13157280.502954487,18.9875,18.9875,18.9875,18.9875,18.9875,18.9875,18.9875,18.9875,18.9875,18.9875,18.9875,49.0,49.0,49.0,0.0,0.0,0.0,5.958984375,5.958984375,5.958984375,239.696,239.696,239.696,49.0,0.0,5.958984375,239.696,5
11775775.048364906,3.644512176513672,96963207.438369,199946.2018939945,2099600.813138826,13155311.344822956,19.275,19.275,19.275,19.275,19.275,19.275,19.275,19.275,19.275,19.275,19.275,47.0,47.0,47.0,0.0,0.0,0.0,5.958984375,5.958984375,5.958984375,244.453,244.453,244.453,47.0,0.0,5.958984375,244.453,5
11775776.024844592,3.644512176513672,99216407.99085476,204531.6484310937,2147665.771604213,13456468.350207645,19.0125,19.0125,19.0125,19.0125,19.0125,19.0125,19.0125,19.0125,19.0125,19.0125,19.0125,46.0,46.0,46.0,0.0,0.0,0.0,5.958984375,5.958984375,5.958984375,240.115,240.115,240.115,46.0,0.0,5.958984375,240.115,5
11775777.048255296,3.644512176513672,94698542.45460594,195163.09456399817,2049179.2706780978,12839388.867842458,19.225,19.225,19.225,19.225,19.225,19.225,19.225,19.225,19.225,19.225,19.225,47.0,47.0,47.0,0.0,0.0,0.0,5.958984375,5.958984375,5.958984375,231.922,231.922,231.922,47.0,0.0,5.958984375,231.922,5
11775778.048408004,3.6445274353027344,96938864.74709547,199704.50370439942,2096831.7988969819,13137961.739963902,20.775,20.775,20.775,20.775,20.775,20.775,20.775,20.775,20.775,20.775,20.775,48.0,48.0,48.0,0.0,0.0,0.0,5.958984375,5.958984375,5.958984375,240.502,240.502,240.502,48.0,0.0,5.958984375,240.502,5
11775779.047383072,3.6445274353027344,97085865.37806109,199946.93194271452,2099303.642786833,13153449.386836251,19.349999999999998,19.349999999999998,19.349999999999998,19.349999999999998,19.349999999999998,19.349999999999998,19.349999999999998,19.349999999999998,19.349999999999998,19.349999999999998,19.349999999999998,48.0,48.0,48.0,0.0,0.0,0.0,5.958984375,5.958984375,5.958984375,242.524,242.524,242.524,48.0,0.0,5.958984375,242.524,5
11775780.048258483,3.6445274353027344,96934192.68763007,199574.2903601037,2095317.7346433385,13128475.181124667,18.6,18.6,18.6,18.6,18.6,18.6,18.6,18.6,18.6,18.6,18.6,61.0,61.0,61.0,0.0,0.0,0.0,5.958984375,5.958984375,5.958984375,244.368,244.368,244.368,61.0,0.0,5.958984375,244.368,5
11775781.051895065,3.6445274353027344,96700076.26036662,199025.2284717754,2089553.1689272071,13092356.574059533,19.0625,19.0625,19.0625,19.0625,19.0625,19.0625,19.0625,19.0625,19.0625,19.0625,19.0625,49.0,49.0,49.0,0.0,0.0,0.0,5.958984375,5.958984375,5.958984375,230.146,230.146,230.146,49.0,0.0,5.958984375,230.146,5
11775782.048580552,3.6445350646972656,97407282.77451402,200420.29581887953,2104126.1549948677,13183665.43988972,18.85,18.85,18.85,18.85,18.85,18.85,18.85,18.85,18.85,18.85,18.85,48.0,48.0,48.0,0.0,0.0,0.0,5.958984375,5.958984375,5.958984375,239.895,239.895,239.895,48.0,0.0,5.958984375,239.895,5
11775783.048954353,3.6445350646972656,97083567.04453823,199692.35475487026,2096368.3749512464,13135058.099303903,19.05,19.05,19.05,19.05,19.05,19.05,19.05,19.05,19.05,19.05,19.05,47.0,47.0,47.0,0.0,0.0,0.0,5.958984375,5.958984375,5.958984375,239.184,239.184,239.184,47.0,0.0,5.958984375,239.184,5
11775784.050121542,3.6445655822753906,97042025.58319105,199545.09309651132,2094707.0802467484,13124649.049671033,18.7125,18.7125,18.7125,18.7125,18.7125,18.7125,18.7125,18.7125,18.7125,18.7125,18.7125,50.0,50.0,50.0,0.0,0.0,0.0,5.958984375,5.958984375,5.958984375,231.163,231.163,231.163,50.0,0.0,5.958984375,231.163,5
11775785.052069684,3.6445655822753906,96999008.1171791,199389.560737779,2093074.392977979,13114419.243502649,19.087500000000002,19.087500000000002,19.087500000000002,19.087500000000002,19.087500000000002,19.087500000000002,19.087500000000002,19.087500000000002,19.087500000000002,19.087500000000002,19.087500000000002,49.0,49.0,49.0,0.0,0.0,0.0,5.958984375,5.958984375,5.958984375,246.167,246.167,246.167,49.0,0.0,5.958984375,246.167,5
11775786.052866852,3.6445655822753906,97143230.58146928,199628.8623747459,2095481.550378016,13129501.589087257,19.1125,19.1125,19.1125,19.1125,19.1125,19.1125,19.1125,19.1125,19.1125,19.1125,19.1125,49.0,49.0,49.0,0.0,0.0,0.0,5.958984375,5.958984375,5.958984375,242.949,242.949,242.949,49.0,0.0,5.958984375,242.949,5
11775787.0487559,3.6445655822753906,97654815.34039053,200619.73828270394,2105808.8809982687,13194208.77000478,18.7875,18.7875,18.7875,18.7875,18.7875,18.7875,18.7875,18.7875,18.7875,18.7875,18.7875,65.0,65.0,65.0,0.0,0.0,0.0,5.958984375,5.958984375,5.958984375,242.918,242.918,242.918,65.0,0.0,5.958984375,242.918,5
11775788.05053462,3.6445655822753906,97113335.39235528,199442.24772425965,2093428.3732960285,13124814.606016116,19.6875,19.6875,19.6875,19.6875,19.6875,19.6875,19.6875,19.6875,19.6875,19.6875,19.6875,49.0,49.0,49.0,0.0,0.0,0.0,5.958984375,5.958984375,5.958984375,234.262,234.262,234.262,49.0,0.0,5.958984375,234.262,5
11775789.049507689,3.6445655822753906,97418806.50442626,200009.39607916088,2099307.846720808,13161676.148386318,19.3,19.3,19.3,19.3,19.3,19.3,19.3,19.3,19.3,19.3,19.3,49.0,49.0,49.0,0.0,0.0,0.0,5.958984375,5.958984375,5.958984375,241.161,241.161,241.161,49.0,0.0,5.958984375,241.161,5
11775790.053112213,3.6445655822753906,97007271.97574614,199095.35604319355,2089619.915204193,13100937.358995039,21.287499999999998,21.287499999999998,21.287499999999998,21.287499999999998,21.287499999999998,21.287499999999998,21.287499999999998,21.287499999999998,21.287499999999998,21.287499999999998,21.287499999999998,46.0,46.0,46.0,0.0,0.0,0.0,5.958984375,5.958984375,5.958984375,239.224,239.224,239.224,46.0,0.0,5.958984375,239.224,5
11775791.050343739,3.6445655822753906,97659997.133576,200374.73217611178,2102974.0282884454,13184661.388292793,19.1125,19.1125,19.1125,19.1125,19.1125,19.1125,19.1125,19.1125,19.1125,19.1125,19.1125,51.0,51.0,51.0,0.0,0.0,0.0,5.958984375,5.958984375,5.958984375,231.71,231.71,231.71,51.0,0.0,5.958984375,231.71,5
11775792.051453657,3.6445655822753906,97314301.04921839,199598.46195864063,2094826.9126888555,13133582.7924438,18.95,18.95,18.95,18.95,18.95,18.95,18.95,18.95,18.95,18.95,18.95,51.0,51.0,51.0,0.0,0.0,0.0,5.958984375,5.958984375,5.958984375,244.465,244.465,244.465,51.0,0.0,5.958984375,244.465,5
11775793.051497076,3.6445655822753906,97450772.85716002,199821.32410611043,2097060.9492657643,13147589.154576374,19.1375,19.1375,19.1375,19.1375,19.1375,19.1375,19.1375,19.1375,19.1375,19.1375,19.1375,48.0,48.0,48.0,0.0,0.0,0.0,5.958984375,5.958984375,5.958984375,242.046,242.046,242.046,48.0,0.0,5.958984375,242.046,5
11775794.055674773,3.6445655822753906,97082118.32523866,199008.60235837853,2088427.1840126014,13093459.493516505,19.3125,19.3125,19.3125,19.3125,19.3125,19.3125,19.3125,19.3125,19.3125,19.3125,19.3125,50.0,50.0,50.0,0.0,0.0,0.0,5.958984375,5.958984375,5.958984375,242.736,242.736,242.736,50.0,0.0,5.958984375,242.736,5
11775795.052399509,3.6445655822753906,97840836.57510024,200496.6795676419,2104043.2973811016,13191365.20428386,18.575,18.575,18.575,18.575,18.575,18.575,18.575,18.575,18.575,18.575,18.575,50.0,50.0,50.0,0.0,0.0,0.0,5.958984375,5.958984375,5.958984375,230.475,230.475,230.475,50.0,0.0,5.958984375,230.475,5
11775796.039602093,3.6445655822753906,98817684.94897808,202438.69200557814,2124338.0359917646,13318603.702213993,19.224999999999998,19.224999999999998,19.224999999999998,19.224999999999998,19.224999999999998,19.224999999999998,19.224999999999998,19.224999999999998,19.224999999999998,19.224999999999998,19.224999999999998,58.0,58.0,58.0,0.0,0.0,0.0,5.958984375,5.958984375,5.958984375,252.725,252.725,252.725,58.0,0.0,5.958984375,252.725,5
11775797.040204016,3.6445693969726562,97527061.20964602,199734.77502639656,2095890.435146269,13140250.579725632,18.325,18.325,18.325,18.325,18.325,18.325,18.325,18.325,18.325,18.325,18.325,58.0,58.0,58.0,0.0,0.0,0.0,5.958984375,5.958984375,5.958984375,263.589,263.589,263.589,58.0,0.0,5.958984375,263.589,5
11775798.052369192,3.6445770263671875,96445183.39369261,197459.86602605344,2071946.407802734,12990132.752044484,18.9,18.9,18.9,18.9,18.9,18.9,18.9,18.9,18.9,18.9,18.9,46.0,46.0,46.0,0.0,0.0,0.0,5.958984375,5.958984375,5.958984375,249.281,249.281,249.281,46.0,0.0,5.958984375,249.281,5
11775799.051151993,3.6445770263671875,97772900.1241155,200117.58301988663,2099707.7632174334,13164183.4373593,19.375,19.375,19.375,19.375,19.375,19.375,19.375,19.375,19.375,19.375,19.375,50.0,50.0,50.0,0.0,0.0,0.0,5.958984375,5.958984375,5.958984375,243.891,243.891,243.891,50.0,0.0,5.958984375,243.891,5
11775800.052605376,3.6445770263671875,97547542.0709636,199584.92668158156,2094108.4585872777,13129078.422002267,18.8875,18.8875,18.8875,18.8875,18.8875,18.8875,18.8875,18.8875,18.8875,18.8875,18.8875,47.0,47.0,47.0,0.0,0.0,0.0,5.958984375,5.958984375,5.958984375,229.77,229.77,229.77,47.0,0.0,5.958984375,229.77,5
11775801.05283452,3.6445770263671875,97699619.67253806,199836.2086381039,2096671.559309077,13145147.862074487,18.8,18.8,18.8,18.8,18.8,18.8,18.8,18.8,18.8,18.8,18.8,48.0,48.0,48.0,0.0,0.0,0.0,5.958984375,5.958984375,5.958984375,239.02,239.02,239.02,48.0,0.0,5.958984375,239.02,5
11775802.024725635,3.6445770263671875,100581971.11049154,205670.1589511423,2157805.507980459,13528429.063705612,19.3875,19.3875,19.3875,19.3875,19.3875,19.3875,19.3875,19.3875,19.3875,19.3875,19.3875,48.0,48.0,48.0,0.0,0.0,0.0,5.958984375,5.958984375,5.958984375,240.511,240.511,240.511,48.0,0.0,5.958984375,240.511,5
11775803.050439263,3.6445846557617188,95336012.23141734,194888.70432480282,2044578.4694955922,12818548.607579786,19.225,19.225,19.225,19.225,19.225,19.225,19.225,19.225,19.225,19.225,19.225,48.0,48.0,48.0,0.0,0.0,0.0,5.958984375,5.958984375,5.958984375,234.322,234.322,234.322,48.0,0.0,5.958984375,234.322,5
11775804.051656427,3.6445846557617188,97704002.19617705,199657.98347039788,2094602.5250044365,13132175.986844221,20.325,20.325,20.325,20.325,20.325,20.325,20.325,20.325,20.325,20.325,20.325,48.0,48.0,48.0,0.0,0.0,0.0,5.958984375,5.958984375,5.958984375,246.423,246.423,246.423,48.0,0.0,5.958984375,246.423,5
11775805.05206478,3.6445846557617188,97818463.50919005,199827.399825048,2096295.9706561437,13142793.097277777,19.950000000000003,19.950000000000003,19.950000000000003,19.950000000000003,19.950000000000003,19.950000000000003,19.950000000000003,19.950000000000003,19.950000000000003,19.950000000000003,19.950000000000003,45.0,45.0,45.0,0.0,0.0,0.0,5.958984375,5.958984375,5.958984375,244.883,244.883,244.883,45.0,0.0,5.958984375,244.883,5
11775806.05121922,3.6445846557617188,97973993.96911255,200089.18757431893,2098926.7702073734,13159286.977276698,19.225,19.225,19.225,19.225,19.225,19.225,19.225,19.225,19.225,19.225,19.225,59.0,59.0,59.0,0.0,0.0,0.0,5.958984375,5.958984375,5.958984375,244.508,244.508,244.508,59.0,0.0,5.958984375,244.508,5
11775807.043669423,3.6445846557617188,98668822.50649111,201450.91335086903,2113105.5161086465,13248181.067790536,18.912499999999998,18.912499999999998,18.912499999999998,18.912499999999998,18.912499999999998,18.912499999999998,18.912499999999998,18.912499999999998,18.912499999999998,18.912499999999998,18.912499999999998,58.0,58.0,58.0,0.0,0.0,0.0,5.958984375,5.958984375,5.958984375,246.5,246.5,246.5,58.0,0.0,5.958984375,246.5,5
11775808.149411144,3.6445846557617188,88589064.85206741,180812.5679503917,1896602.037204149,11890805.741065074,20.724999999999998,20.724999999999998,20.724999999999998,20.724999999999998,20.724999999999998,20.724999999999998,20.724999999999998,20.724999999999998,20.724999999999998,20.724999999999998,20.724999999999998,49.0,49.0,49.0,0.0,0.0,0.0,5.958984375,5.958984375,5.958984375,203.681,203.681,203.681,49.0,0.0,5.958984375,203.681,5
11775809.147785006,3.6445846557617188,98151721.208686,200270.66767170047,2100567.8123936183,13169575.542545928,18.8875,18.8875,18.8875,18.8875,18.8875,18.8875,18.8875,18.8875,18.8875,18.8875,18.8875,48.0,48.0,48.0,0.0,0.0,0.0,5.958984375,5.958984375,5.958984375,244.037,244.037,244.037,48.0,0.0,5.958984375,244.037,5
11775810.153536864,3.6445846557617188,97466981.80637579,198810.4704974212,2085158.4655701204,13072966.161093919,18.8375,18.8375,18.8375,18.8375,18.8375,18.8375,18.8375,18.8375,18.8375,18.8375,18.8375,59.0,59.0,59.0,0.0,0.0,0.0,5.958984375,5.958984375,5.958984375,229.371,229.371,229.371,59.0,0.0,5.958984375,229.371,5
11775811.148595352,3.6445846557617188,98547302.66877505,200946.98190218458,2107566.565260661,13213454.442356877,18.5,18.5,18.5,18.5,18.5,18.5,18.5,18.5,18.5,18.5,18.5,50.0,50.0,50.0,0.0,0.0,0.0,5.958984375,5.958984375,5.958984375,231.229,231.229,231.229,50.0,0.0,5.958984375,231.229,5
11775812.150259916,3.6445846557617188,97930059.14770465,199629.70357939982,2093666.9573266197,13126310.416051658,18.55,18.55,18.55,18.55,18.55,18.55,18.55,18.55,18.55,18.55,18.55,49.0,49.0,49.0,0.0,0.0,0.0,5.958984375,5.958984375,5.958984375,242.353,242.353,242.353,49.0,0.0,5.958984375,242.353,5
11775813.128231406,3.644603729248047,100336062.91793402,204475.28578095272,2144389.7091383077,13444318.293621032,18.9875,18.9875,18.9875,18.9875,18.9875,18.9875,18.9875,18.9875,18.9875,18.9875,18.9875,62.0,62.0,62.0,0.0,0.0,0.0,5.958984375,5.958984375,5.958984375,240.299,240.299,240.299,62.0,0.0,5.958984375,240.299,5
11775814.141508412,3.644603729248047,96872372.98041803,197357.6810027593,2069672.9411750224,12975879.181976216,18.7,18.7,18.7,18.7,18.7,18.7,18.7,18.7,18.7,18.7,18.7,67.0,67.0,67.0,0.0,0.0,0.0,5.958984375,5.958984375,5.958984375,241.31,241.31,241.31,67.0,0.0,5.958984375,241.31,5
11775815.13741271,3.644603729248047,98597852.37193276,200801.42268826175,2105776.6325140814,13202232.4030668,18.1875,18.1875,18.1875,18.1875,18.1875,18.1875,18.1875,18.1875,18.1875,18.1875,18.1875,66.0,66.0,66.0,0.0,0.0,0.0,5.958984375,5.958984375,5.958984375,257.105,257.105,257.105,66.0,0.0,5.958984375,257.105,5
11775816.137752892,3.644603729248047,98196104.41999057,199918.99109096284,2096438.82854583,13143688.749281473,17.725,17.725,17.725,17.725,17.725,17.725,17.725,17.725,17.725,17.725,17.725,67.0,67.0,67.0,0.0,0.0,0.0,5.958984375,5.958984375,5.958984375,259.43,259.43,259.43,67.0,0.0,5.958984375,259.43,5
11775817.139488457,3.644603729248047,98092003.01935676,199647.49892403476,2093518.5638746028,13125380.058666945,17.5,17.5,17.5,17.5,17.5,17.5,17.5,17.5,17.5,17.5,17.5,64.0,64.0,64.0,0.0,0.0,0.0,5.958984375,5.958984375,5.958984375,261.941,261.941,261.941,64.0,0.0,5.958984375,261.941,5
11775818.138034368,3.6446075439453125,98438126.78127882,200295.247082869,2100205.885933946,13171408.397917774,17.7625,17.7625,17.7625,17.7625,17.7625,17.7625,17.7625,17.7625,17.7625,17.7625,17.7625,64.0,64.0,64.0,0.0,0.0,0.0,5.958984375,5.958984375,5.958984375,261.045,261.045,261.045,64.0,0.0,5.958984375,261.045,5
11775819.133091604,3.644603729248047,98816153.88821179,201006.5277480669,2107569.216400504,13217587.409886755,18.6375,18.6375,18.6375,18.6375,18.6375,18.6375,18.6375,18.6375,18.6375,18.6375,18.6375,69.0,69.0,69.0,0.0,0.0,0.0,5.958984375,5.958984375,5.958984375,244.875,244.875,244.875,69.0,0.0,5.958984375,244.875,5
11775820.149747863,3.644603729248047,96751694.70703301,196746.93212633033,2062793.5757838956,12936777.67937908,19.4125,19.4125,19.4125,19.4125,19.4125,19.4125,19.4125,19.4125,19.4125,19.4125,19.4125,48.0,48.0,48.0,0.0,0.0,0.0,5.958984375,5.958984375,5.958984375,227.778,227.778,227.778,48.0,0.0,5.958984375,227.778,5
11775821.149694908,3.6446189880371094,98403903.97889192,200035.5928851398,2097263.0605687127,13152952.51462136,19.650000000000002,19.650000000000002,19.650000000000002,19.650000000000002,19.650000000000002,19.650000000000002,19.650000000000002,19.650000000000002,19.650000000000002,19.650000000000002,19.650000000000002,50.0,50.0,50.0,0.0,0.0,0.0,5.958984375,5.958984375,5.958984375,242.028,242.028,242.028,50.0,0.0,5.958984375,242.028,5
11775822.15081138,3.6446189880371094,98321660.68128084,199810.9168329228,2094813.2010458112,13137588.258902539,18.65,18.65,18.65,18.65,18.65,18.65,18.65,18.65,18.65,18.65,18.65,48.0,48.0,48.0,0.0,0.0,0.0,5.958984375,5.958984375,5.958984375,245.481,245.481,245.481,48.0,0.0,5.958984375,245.481,5
11775823.150622144,3.6446189880371094,98482823.43982889,200084.86314590147,2097548.930582081,13154745.34394348,18.925,18.925,18.925,18.925,18.925,18.925,18.925,18.925,18.925,18.925,18.925,59.0,59.0,59.0,0.0,0.0,0.0,5.958984375,5.958984375,5.958984375,242.5,242.5,242.5,59.0,0.0,5.958984375,242.5,5
11775824.152356269,3.6446189880371094,98326432.72435147,199700.6941343178,2093521.5729562195,13129487.833520355,18.5625,18.5625,18.5625,18.5625,18.5625,18.5625,18.5625,18.5625,18.5625,18.5625,18.5625,57.0,57.0,57.0,0.0,0.0,0.0,5.958984375,5.958984375,5.958984375,236.199,236.199,236.199,57.0,0.0,5.958984375,236.199,5
11775825.138597336,3.6446189880371094,99907067.66740939,202845.94378466948,2126409.120991263,13335741.577154191,18.3625,18.3625,18.3625,18.3625,18.3625,18.3625,18.3625,18.3625,18.3625,18.3625,18.3625,63.0,63.0,63.0,0.0,0.0,0.0,5.958984375,5.958984375,5.958984375,253.279,253.279,253.279,63.0,0.0,5.958984375,253.279,5
11775826.151845952,3.6446304321289062,97279148.83162844,197447.09904071043,2069730.9279948014,12980285.175373647,18.1625,18.1625,18.1625,18.1625,18.1625,18.1625,18.1625,18.1625,18.1625,18.1625,18.1625,47.0,47.0,47.0,0.0,0.0,0.0,5.958984375,5.958984375,5.958984375,253.437,253.437,253.437,47.0,0.0,5.958984375,253.437,5
11775827.126769068,3.6446609497070312,101136929.1181296,205220.28545205155,2151094.7553222347,13490557.147147844,18.7,18.7,18.7,18.7,18.7,18.7,18.7,18.7,18.7,18.7,18.7,69.0,69.0,69.0,0.0,0.0,0.0,5.958984375,5.958984375,5.958984375,242.956,242.956,242.956,69.0,0.0,5.958984375,242.956,5
11775828.151799656,3.6446609497070312,96224926.44057882,195195.15046635782,2045940.8948916849,12831086.354486719,18.4875,18.4875,18.4875,18.4875,18.4875,18.4875,18.4875,18.4875,18.4875,18.4875,18.4875,47.0,47.0,47.0,0.0,0.0,0.0,5.958984375,5.958984375,5.958984375,229.844,229.844,229.844,47.0,0.0,5.958984375,229.844,5
11775829.150418598,3.6446609497070312,98802701.28532703,200358.70704450112,2100052.2945381873,13170445.151879141,18.525,18.525,18.525,18.525,18.525,18.525,18.525,18.525,18.525,18.525,18.525,48.0,48.0,48.0,0.0,0.0,0.0,5.958984375,5.958984375,5.958984375,241.021,241.021,241.021,48.0,0.0,5.958984375,241.021,5
11775830.138738738,3.6446609497070312,99865426.17983636,202453.63002111184,2121935.914048422,13307687.929706022,18.849999999999998,18.849999999999998,18.849999999999998,18.849999999999998,18.849999999999998,18.849999999999998,18.849999999999998,18.849999999999998,18.849999999999998,18.849999999999998,18.849999999999998,64.0,64.0,64.0,0.0,0.0,0.0,5.958984375,5.958984375,5.958984375,249.977,249.977,249.977,64.0,0.0,5.958984375,249.977,5
11775831.140570913,3.6446609497070312,98553956.98888282,199741.03963303997,2093316.6793191095,13177264.955948222,17.7875,17.7875,17.7875,17.7875,17.7875,17.7875,17.7875,17.7875,17.7875,17.7875,17.7875,64.0,64.0,64.0,0.0,0.0,0.0,5.958984375,5.958984375,5.958984375,257.481,257.481,257.481,64.0,0.0,5.958984375,257.481,5
11775832.139067303,3.6446609497070312,98918771.16654888,200417.3493544651,2100310.0453407783,13221287.648697907,18.9,18.9,18.9,18.9,18.9,18.9,18.9,18.9,18.9,18.9,18.9,66.0,66.0,66.0,0.0,0.0,0.0,5.958984375,5.958984375,5.958984375,258.505,258.505,258.505,66.0,0.0,5.958984375,258.505,5
11775833.140371809,3.6446609497070312,98674080.13032964,199870.26815730662,2094419.8180523352,13184209.128091164,17.775000000000002,17.775000000000002,17.775000000000002,17.775000000000002,17.775000000000002,17.775000000000002,17.775000000000002,17.775000000000002,17.775000000000002,17.775000000000002,17.775000000000002,67.0,67.0,67.0,0.0,0.0,0.0,5.958984375,5.958984375,5.958984375,247.272,247.272,247.272,67.0,0.0,5.958984375,247.272,5
11775834.13963712,3.6446609497070312,98908199.73808412,200278.14209068427,2098693.886713017,13211114.056398539,17.9875,17.9875,17.9875,17.9875,17.9875,17.9875,17.9875,17.9875,17.9875,17.9875,17.9875,65.0,65.0,65.0,0.0,0.0,0.0,5.958984375,5.958984375,5.958984375,261.558,261.558,261.558,65.0,0.0,5.958984375,261.558,5
11775835.140601613,3.6446609497070312,98773008.16854863,199948.1514956101,2095131.26148726,13188687.608932499,17.8375,17.8375,17.8375,17.8375,17.8375,17.8375,17.8375,17.8375,17.8375,17.8375,17.8375,66.0,66.0,66.0,0.0,0.0,0.0,5.958984375,5.958984375,5.958984375,259.841,259.841,259.841,66.0,0.0,5.958984375,259.841,5
11775836.141593656,3.6446609497070312,98805738.464346,199950.64037809757,2095073.5970212596,13188324.61562406,18.7,18.7,18.7,18.7,18.7,18.7,18.7,18.7,18.7,18.7,18.7,66.0,66.0,66.0,0.0,0.0,0.0,5.958984375,5.958984375,5.958984375,262.982,262.982,262.982,66.0,0.0,5.958984375,262.982,5
11775837.141047938,3.6446609497070312,98993264.384061,200266.28887373625,2098297.0780144273,13208616.176641598,18.55,18.55,18.55,18.55,18.55,18.55,18.55,18.55,18.55,18.55,18.55,64.0,64.0,64.0,0.0,0.0,0.0,5.958984375,5.958984375,5.958984375,257.799,257.799,257.799,64.0,0.0,5.958984375,257.799,5
11775838.139036218,3.644664764404297,99171487.27341264,200568.48765626055,2101379.3871321264,13228019.071732117,17.725,17.725,17.725,17.725,17.725,17.725,17.725,17.725,17.725,17.725,17.725,64.0,64.0,64.0,0.0,0.0,0.0,5.958984375,5.958984375,5.958984375,260.232,260.232,260.232,64.0,0.0,5.958984375,260.232,5
11775839.140596522,3.644664764404297,98850485.16157149,199862.15421858776,2093884.902354051,13180841.875560755,17.837500000000002,17.837500000000002,17.837500000000002,17.837500000000002,17.837500000000002,17.837500000000002,17.837500000000002,17.837500000000002,17.837500000000002,17.837500000000002,17.837500000000002,68.0,68.0,68.0,0.0,0.0,0.0,5.958984375,5.958984375,5.958984375,261.906,261.906,261.906,68.0,0.0,5.958984375,261.906,5
11775840.140773725,3.644664764404297,99019914.39923283,200145.53366178105,2096780.4447468612,13199069.088709246,17.650000000000002,17.650000000000002,17.650000000000002,17.650000000000002,17.650000000000002,17.650000000000002,17.650000000000002,17.650000000000002,17.650000000000002,17.650000000000002,17.650000000000002,67.0,67.0,67.0,0.0,0.0,0.0,5.958984375,5.958984375,5.958984375,249.219,249.219,249.219,67.0,0.0,5.958984375,249.219,5
11775841.140903369,3.6446800231933594,99060087.47109026,200156.05100341525,2096880.1524308594,13199696.740790352,18.424999999999997,18.424999999999997,18.424999999999997,18.424999999999997,18.424999999999997,18.424999999999997,18.424999999999997,18.424999999999997,18.424999999999997,18.424999999999997,18.424999999999997,67.0,67.0,67.0,0.0,0.0,0.0,5.958984375,5.958984375,5.958984375,263.063,263.063,263.063,67.0,0.0,5.958984375,263.063,5
11775842.143939544,3.6446800231933594,98808369.5063045,199583.0310061665,2090803.953467194,13161447.543017123,17.85,17.85,17.85,17.85,17.85,17.85,17.85,17.85,17.85,17.85,17.85,67.0,67.0,67.0,0.0,0.0,0.0,5.958984375,5.958984375,5.958984375,258.797,258.797,258.797,67.0,0.0,5.958984375,258.797,5
11775843.140024781,3.6446800231933594,99530742.1960789,200984.80774589127,2105394.1174932383,13253291.485704508,17.9875,17.9875,17.9875,17.9875,17.9875,17.9875,17.9875,17.9875,17.9875,17.9875,17.9875,67.0,67.0,67.0,0.0,0.0,0.0,5.958984375,5.958984375,5.958984375,260.021,260.021,260.021,67.0,0.0,5.958984375,260.021,5
11775844.142191065,3.6446800231933594,98959443.71586443,199773.23438912432,2092618.7928714466,13172871.815282563,17.775,17.775,17.775,17.775,17.775,17.775,17.775,17.775,17.775,17.775,17.775,67.0,67.0,67.0,0.0,0.0,0.0,5.958984375,5.958984375,5.958984375,256.395,256.395,256.395,67.0,0.0,5.958984375,256.395,5
11775845.14226706,3.6446800231933594,99198999.4653379,200203.78570160858,2096992.641016586,13200404.84764933,18.0,18.0,18.0,18.0,18.0,18.0,18.0,18.0,18.0,18.0,18.0,74.0,74.0,74.0,0.0,0.0,0.0,5.958984375,5.958984375,5.958984375,248.368,248.368,248.368,74.0,0.0,5.958984375,248.368,5
11775846.152362982,3.6446800231933594,98247358.30667637,198227.70846233977,2076190.9376624404,13069459.750168057,18.4375,18.4375,18.4375,18.4375,18.4375,18.4375,18.4375,18.4375,18.4375,18.4375,18.4375,50.0,50.0,50.0,0.0,0.0,0.0,5.958984375,5.958984375,5.958984375,232.588,232.588,232.588,50.0,0.0,5.958984375,232.588,5
11775847.151999135,3.6446800231933594,99310846.97765489,200301.87928610644,2097915.320700881,13206213.044177616,18.7875,18.7875,18.7875,18.7875,18.7875,18.7875,18.7875,18.7875,18.7875,18.7875,18.7875,48.0,48.0,48.0,0.0,0.0,0.0,5.958984375,5.958984375,5.958984375,238.77,238.77,238.77,48.0,0.0,5.958984375,238.77,5
11775848.150964584,3.6446800231933594,99410311.97491476,200447.37290355953,2099323.8562697046,13215079.66554152,18.65,18.65,18.65,18.65,18.65,18.65,18.65,18.65,18.65,18.65,18.65,48.0,48.0,48.0,0.0,0.0,0.0,5.958984375,5.958984375,5.958984375,243.336,243.336,243.336,48.0,0.0,5.958984375,243.336,5
11775849.15309963,3.6446800231933594,99128591.91355458,199824.36582173227,2092684.0237091323,13177369.711793443,19.45,19.45,19.45,19.45,19.45,19.45,19.45,19.45,19.45,19.45,19.45,60.0,60.0,60.0,0.0,0.0,0.0,5.958984375,5.958984375,5.958984375,227.842,227.842,227.842,60.0,0.0,5.958984375,227.842,5
11775850.15217432,3.6446800231933594,99465003.95844366,200436.4658574181,2099094.312866433,13217734.50133082,18.775,18.775,18.775,18.775,18.775,18.775,18.775,18.775,18.775,18.775,18.775,49.0,49.0,49.0,0.0,0.0,0.0,5.958984375,5.958984375,5.958984375,228.893,228.893,228.893,49.0,0.0,5.958984375,228.893,5
11775851.14817656,3.6446800231933594,99804702.23578458,201061.79678731874,2105569.561546201,13258508.332861234,19.05,19.05,19.05,19.05,19.05,19.05,19.05,19.05,19.05,19.05,19.05,62.0,62.0,62.0,0.0,0.0,0.0,5.958984375,5.958984375,5.958984375,245.038,245.038,245.038,62.0,0.0,5.958984375,245.038,5
11775852.144393438,3.6446800231933594,99816065.32323755,201028.51533971672,2105115.909689604,13255651.743826725,18.125,18.125,18.125,18.125,18.125,18.125,18.125,18.125,18.125,18.125,18.125,65.0,65.0,65.0,0.0,0.0,0.0,5.958984375,5.958984375,5.958984375,255.583,255.583,255.583,65.0,0.0,5.958984375,255.583,5
11775853.15257334,3.6446800231933594,98669571.655593,198654.02967071818,2080136.6874809938,13098360.703981884,20.424999999999997,20.424999999999997,20.424999999999997,20.424999999999997,20.424999999999997,20.424999999999997,20.424999999999997,20.424999999999997,20.424999999999997,20.424999999999997,20.424999999999997,62.0,62.0,62.0,0.0,0.0,0.0,5.958984375,5.958984375,5.958984375,250.61,250.61,250.61,62.0,0.0,5.958984375,250.61,5
11775854.155740855,3.644695281982422,99195208.62718578,199647.6130669969,2090530.2128953403,13163807.434325345,18.45,18.45,18.45,18.45,18.45,18.45,18.45,18.45,18.45,18.45,18.45,49.0,49.0,49.0,0.0,0.0,0.0,5.958984375,5.958984375,5.958984375,230.882,230.882,230.882,49.0,0.0,5.958984375,230.882,5
11775855.153520403,3.644702911376953,99763673.43141966,200736.72623147376,2101818.9878216577,13234891.4389395,19.575,19.575,19.575,19.575,19.575,19.575,19.575,19.575,19.575,19.575,19.575,43.0,43.0,43.0,0.0,0.0,0.0,5.958984375,5.958984375,5.958984375,236.333,236.333,236.333,43.0,0.0,5.958984375,236.333,5
11775856.153523128,3.64471435546875,99574621.65419187,200298.45417672684,2097146.285171823,13205468.014441324,18.9625,18.9625,18.9625,18.9625,18.9625,18.9625,18.9625,18.9625,18.9625,18.9625,18.9625,48.0,48.0,48.0,0.0,0.0,0.0,5.958984375,5.958984375,5.958984375,238.666,238.666,238.666,48.0,0.0,5.958984375,238.666,5
11775857.155391132,3.6447219848632812,99421911.47373493,199933.52338272054,2093241.8159581001,13180882.059861163,18.85,18.85,18.85,18.85,18.85,18.85,18.85,18.85,18.85,18.85,18.85,49.0,49.0,49.0,0.0,0.0,0.0,5.958984375,5.958984375,5.958984375,229.29,229.29,229.29,49.0,0.0,5.958984375,229.29,5
11775858.155479385,3.644725799560547,99634316.05966856,200290.32395285947,2096966.938207097,13204338.689022813,19.8,19.8,19.8,19.8,19.8,19.8,19.8,19.8,19.8,19.8,19.8,58.0,58.0,58.0,0.0,0.0,0.0,5.958984375,5.958984375,5.958984375,241.13,241.13,241.13,58.0,0.0,5.958984375,241.13,5
11775859.141313773,3.6447296142578125,101108109.23923168,203195.38699975758,2127286.3123814533,13395255.998276964,17.975,17.975,17.975,17.975,17.975,17.975,17.975,17.975,17.975,17.975,17.975,67.0,67.0,67.0,0.0,0.0,0.0,5.958984375,5.958984375,5.958984375,255.421,255.421,255.421,67.0,0.0,5.958984375,255.421,5
11775860.152871387,3.644733428955078,98569364.29281603,198036.17425461733,2073190.8594055623,13054623.6928194,18.075000000000003,18.075000000000003,18.075000000000003,18.075000000000003,18.075000000000003,18.075000000000003,18.075000000000003,18.075000000000003,18.075000000000003,18.075000000000003,18.075000000000003,46.0,46.0,46.0,0.0,0.0,0.0,5.958984375,5.958984375,5.958984375,244.456,244.456,244.456,46.0,0.0,5.958984375,244.456,5
11775861.155084923,3.644733428955078,99521038.61514889,199891.53292967088,2092520.1317126655,13176337.704378191,18.9375,18.9375,18.9375,18.9375,18.9375,18.9375,18.9375,18.9375,18.9375,18.9375,18.9375,49.0,49.0,49.0,0.0,0.0,0.0,5.958984375,5.958984375,5.958984375,228.154,228.154,228.154,49.0,0.0,5.958984375,228.154,5
11775862.154028513,3.644733428955078,99879577.82198782,200545.8587252706,2099369.7960277274,13219469.184362095,18.2375,18.2375,18.2375,18.2375,18.2375,18.2375,18.2375,18.2375,18.2375,18.2375,18.2375,49.0,49.0,49.0,0.0,0.0,0.0,5.958984375,5.958984375,5.958984375,244.893,244.893,244.893,49.0,0.0,5.958984375,244.893,5
11775863.153942116,3.644733428955078,99820915.2208846,200361.31060264818,2097333.203155397,13206645.01361914,19.875,19.875,19.875,19.875,19.875,19.875,19.875,19.875,19.875,19.875,19.875,47.0,47.0,47.0,0.0,0.0,0.0,5.958984375,5.958984375,5.958984375,245.984,245.984,245.984,47.0,0.0,5.958984375,245.984,5
11775864.154464127,3.644733428955078,99792938.899256,200247.46844033,2096057.8328869937,13202708.029415146,19.5125,19.5125,19.5125,19.5125,19.5125,19.5125,19.5125,19.5125,19.5125,19.5125,19.5125,61.0,61.0,61.0,0.0,0.0,0.0,5.958984375,5.958984375,5.958984375,240.893,240.893,240.893,61.0,0.0,5.958984375,240.893,5
11775865.154839752,3.644733428955078,99840261.5271149,200277.77071322952,2096364.5535968551,13204640.010448942,18.95,18.95,18.95,18.95,18.95,18.95,18.95,18.95,18.95,18.95,18.95,50.0,50.0,50.0,0.0,0.0,0.0,5.958984375,5.958984375,5.958984375,229.32,229.32,229.32,50.0,0.0,5.958984375,229.32,5
11775866.154485345,3.644733428955078,99945924.57078908,200431.0342327403,2097895.5095990207,13214283.239173518,18.8625,18.8625,18.8625,18.8625,18.8625,18.8625,18.8625,18.8625,18.8625,18.8625,18.8625,48.0,48.0,48.0,0.0,0.0,0.0,5.958984375,5.958984375,5.958984375,237.549,237.549,237.549,48.0,0.0,5.958984375,237.549,5
11775867.155128296,3.644733428955078,99879027.62159139,200241.25456941355,2095804.4991902718,13201112.324001225,19.25,19.25,19.25,19.25,19.25,19.25,19.25,19.25,19.25,19.25,19.25,48.0,48.0,48.0,0.0,0.0,0.0,5.958984375,5.958984375,5.958984375,240.932,240.932,240.932,48.0,0.0,5.958984375,240.932,5
11775868.154261539,3.644733428955078,100062715.12940244,200551.82984393105,2098971.2995481524,13221059.455161704,18.9125,18.9125,18.9125,18.9125,18.9125,18.9125,18.9125,18.9125,18.9125,18.9125,18.9125,50.0,50.0,50.0,0.0,0.0,0.0,5.958984375,5.958984375,5.958984375,227.941,227.941,227.941,50.0,0.0,5.958984375,227.941,5
11775869.15502774,3.644733428955078,99932148.89310408,200224.5877317115,2095546.390375861,13199486.540941702,18.625,18.625,18.625,18.625,18.625,18.625,18.625,18.625,18.625,18.625,18.625,50.0,50.0,50.0,0.0,0.0,0.0,5.958984375,5.958984375,5.958984375,242.664,242.664,242.664,50.0,0.0,5.958984375,242.664,5
11775870.155607974,3.6447372436523438,99988928.9784799,200272.79482442784,2095935.8657992128,13201939.779692307,19.9375,19.9375,19.9375,19.9375,19.9375,19.9375,19.9375,19.9375,19.9375,19.9375,19.9375,48.0,48.0,48.0,0.0,0.0,0.0,5.958984375,5.958984375,5.958984375,245.362,245.362,245.362,48.0,0.0,5.958984375,245.362,5
11775871.156203415,3.6447372436523438,100020131.90382923,200279.74521059133,2095904.012634205,13201739.142080685,19.05,19.05,19.05,19.05,19.05,19.05,19.05,19.05,19.05,19.05,19.05,76.0,76.0,76.0,0.0,0.0,0.0,5.958984375,5.958984375,5.958984375,242.904,242.904,242.904,76.0,0.0,5.958984375,242.904,5
11775872.144798568,3.6447372436523438,101267358.80682896,202710.8867963607,2121345.623814298,13361991.478127168,18.8375,18.8375,18.8375,18.8375,18.8375,18.8375,18.8375,18.8375,18.8375,18.8375,18.8375,65.0,65.0,65.0,0.0,0.0,0.0,5.958984375,5.958984375,5.958984375,233.177,233.177,233.177,65.0,0.0,5.958984375,233.177,5
11775873.1438472,3.6447372436523438,100240524.66372643,200598.84339300002,2099149.0640060115,13222179.162928492,17.625,17.625,17.625,17.625,17.625,17.625,17.625,17.625,17.625,17.625,17.625,68.0,68.0,68.0,0.0,0.0,0.0,5.958984375,5.958984375,5.958984375,256.692,256.692,256.692,68.0,0.0,5.958984375,256.692,5
11775874.144495225,3.6447410583496094,100113004.22805844,200293.2049111057,2095793.872288785,13201045.386975257,17.7375,17.7375,17.7375,17.7375,17.7375,17.7375,17.7375,17.7375,17.7375,17.7375,17.7375,66.0,66.0,66.0,0.0,0.0,0.0,5.958984375,5.958984375,5.958984375,261.881,261.881,261.881,66.0,0.0,5.958984375,261.881,5
11775875.146871328,3.6447410583496094,99978465.790146,199957.87932834425,2092180.7613975534,13178287.022474824,19.8375,19.8375,19.8375,19.8375,19.8375,19.8375,19.8375,19.8375,19.8375,19.8375,19.8375,64.0,64.0,64.0,0.0,0.0,0.0,5.958984375,5.958984375,5.958984375,258.631,258.631,258.631,64.0,0.0,5.958984375,258.631,5
11775876.143916328,3.6447410583496094,100545804.93881461,201034.0558052967,2103367.4526052163,13248750.067679342,17.725,17.725,17.725,17.725,17.725,17.725,17.725,17.725,17.725,17.725,17.725,66.0,66.0,66.0,0.0,0.0,0.0,5.958984375,5.958984375,5.958984375,254.294,254.294,254.294,66.0,0.0,5.958984375,254.294,5
11775877.129030596,3.6447410583496094,101796676.95404947,203475.8873322444,2128841.359913548,13409205.831486706,17.6,17.6,17.6,17.6,17.6,17.6,17.6,17.6,17.6,17.6,17.6,73.0,73.0,73.0,0.0,0.0,0.0,5.958984375,5.958984375,5.958984375,257.809,257.809,257.809,73.0,0.0,5.958984375,257.809,5
11775878.155244805,3.6447410583496094,97751550.47905084,195337.3850689637,2043581.1380545916,12872166.34809777,18.525,18.525,18.525,18.525,18.525,18.525,18.525,18.525,18.525,18.525,18.525,46.0,46.0,46.0,0.0,0.0,0.0,5.958984375,5.958984375,5.958984375,229.745,229.745,229.745,46.0,0.0,5.958984375,229.745,5
11775879.146108797,3.6447410583496094,101271925.12814385,202306.2717370115,2116488.25382782,13331395.73944281,18.4875,18.4875,18.4875,18.4875,18.4875,18.4875,18.4875,18.4875,18.4875,18.4875,18.4875,67.0,67.0,67.0,0.0,0.0,0.0,5.958984375,5.958984375,5.958984375,250.985,250.985,250.985,67.0,0.0,5.958984375,250.985,5
11775880.144090349,3.6447486877441406,100582419.37975042,200871.44856666302,2101393.553542618,13240421.1010322,17.6125,17.6125,17.6125,17.6125,17.6125,17.6125,17.6125,17.6125,17.6125,17.6125,17.6125,66.0,66.0,66.0,0.0,0.0,0.0,5.958984375,5.958984375,5.958984375,258.893,258.893,258.893,66.0,0.0,5.958984375,258.893,5
11775881.14397719,3.6447486877441406,100423453.85960296,200495.68797538406,2097389.339357184,13215191.42337163,17.875,17.875,17.875,17.875,17.875,17.875,17.875,17.875,17.875,17.875,17.875,67.0,67.0,67.0,0.0,0.0,0.0,5.958984375,5.958984375,5.958984375,256.172,256.172,256.172,67.0,0.0,5.958984375,256.172,5
11775882.142614752,3.6447486877441406,100581819.4307763,200755.51682082776,2100013.136400438,13231723.394585572,17.8125,17.8125,17.8125,17.8125,17.8125,17.8125,17.8125,17.8125,17.8125,17.8125,17.8125,69.0,69.0,69.0,0.0,0.0,0.0,5.958984375,5.958984375,5.958984375,256.96,256.96,256.96,69.0,0.0,5.958984375,256.96,5
11775883.156562168,3.6447486877441406,99095353.86635387,197735.10619690202,2068304.4965711792,13031934.191286376,17.7,17.7,17.7,17.7,17.7,17.7,17.7,17.7,17.7,17.7,17.7,62.0,62.0,62.0,0.0,0.0,0.0,5.958984375,5.958984375,5.958984375,248.837,248.837,248.837,62.0,0.0,5.958984375,248.837,5
11775884.15723969,3.6447486877441406,100442108.2346373,200357.2534984238,2095732.0948298767,13204749.48812731,18.7125,18.7125,18.7125,18.7125,18.7125,18.7125,18.7125,18.7125,18.7125,18.7125,18.7125,47.0,47.0,47.0,0.0,0.0,0.0,5.958984375,5.958984375,5.958984375,234.202,234.202,234.202,47.0,0.0,5.958984375,234.202,5
11775885.15466344,3.6447486877441406,100802548.62465544,201022.88532550278,2102568.7439522645,13247825.71873048,19.2875,19.2875,19.2875,19.2875,19.2875,19.2875,19.2875,19.2875,19.2875,19.2875,19.2875,59.0,59.0,59.0,0.0,0.0,0.0,5.958984375,5.958984375,5.958984375,237.26,237.26,237.26,59.0,0.0,5.958984375,237.26,5
11775886.157422516,3.644756317138672,100304281.79770434,199963.28596585232,2091381.7175266645,13177338.712384803,19.275,19.275,19.275,19.275,19.275,19.275,19.275,19.275,19.275,19.275,19.275,46.0,46.0,46.0,0.0,0.0,0.0,5.958984375,5.958984375,5.958984375,240.948,240.948,240.948,46.0,0.0,5.958984375,240.948,5
11775887.156329207,3.644756317138672,100723842.32086007,200741.47253340305,2099447.3454602053,13228158.469637932,18.8875,18.8875,18.8875,18.8875,18.8875,18.8875,18.8875,18.8875,18.8875,18.8875,18.8875,48.0,48.0,48.0,0.0,0.0,0.0,5.958984375,5.958984375,5.958984375,227.853,227.853,227.853,48.0,0.0,5.958984375,227.853,5
11775888.159035463,3.644763946533203,100374764.21580401,199980.80080517783,2091491.8880231609,13178032.872583432,18.925,18.925,18.925,18.925,18.925,18.925,18.925,18.925,18.925,18.925,18.925,50.0,50.0,50.0,0.0,0.0,0.0,5.958984375,5.958984375,5.958984375,243.489,243.489,243.489,50.0,0.0,5.958984375,243.489,5
11775889.157416344,3.6447677612304688,100842370.81847632,200854.20690221974,2100553.0457609817,13235125.245361187,18.95,18.95,18.95,18.95,18.95,18.95,18.95,18.95,18.95,18.95,18.95,60.0,60.0,60.0,0.0,0.0,0.0,5.958984375,5.958984375,5.958984375,245.032,245.032,245.032,60.0,0.0,5.958984375,245.032,5
11775890.155744774,3.6447677612304688,100880417.6213631,200875.77780778133,2100663.404712996,13235820.592976807,18.7125,18.7125,18.7125,18.7125,18.7125,18.7125,18.7125,18.7125,18.7125,18.7125,18.7125,69.0,69.0,69.0,0.0,0.0,0.0,5.958984375,5.958984375,5.958984375,242.543,242.543,242.543,69.0,0.0,5.958984375,242.543,5
11775891.15809178,3.6447677612304688,100511331.34937556,200071.4312442363,2092241.4976324674,13182755.99875457,19.8625,19.8625,19.8625,19.8625,19.8625,19.8625,19.8625,19.8625,19.8625,19.8625,19.8625,49.0,49.0,49.0,0.0,0.0,0.0,5.958984375,5.958984375,5.958984375,231.887,231.887,231.887,49.0,0.0,5.958984375,231.887,5
11775892.15736263,3.644775390625,100856229.23961876,200695.33684580462,2098682.2525011483,13223337.786267001,19.15,19.15,19.15,19.15,19.15,19.15,19.15,19.15,19.15,19.15,19.15,61.0,61.0,61.0,0.0,0.0,0.0,5.958984375,5.958984375,5.958984375,239.406,239.406,239.406,61.0,0.0,5.958984375,239.406,5
11775893.160203196,3.644775390625,100529847.38204253,199991.90987701542,2091211.775939383,13176267.947618065,19.2125,19.2125,19.2125,19.2125,19.2125,19.2125,19.2125,19.2125,19.2125,19.2125,19.2125,47.0,47.0,47.0,0.0,0.0,0.0,5.958984375,5.958984375,5.958984375,243.003,243.003,243.003,47.0,0.0,5.958984375,243.003,5
11775894.158786256,3.6447792053222656,100991222.52729295,200852.59612617182,2100127.7555302614,13232445.584649654,18.875,18.875,18.875,18.875,18.875,18.875,18.875,18.875,18.875,18.875,18.875,63.0,63.0,63.0,0.0,0.0,0.0,5.958984375,5.958984375,5.958984375,228.914,228.914,228.914,63.0,0.0,5.958984375,228.914,5
11775895.155971186,3.6447792053222656,101165620.26528399,201136.2124432916,2103072.294948765,13250998.48340765,18.3375,18.3375,18.3375,18.3375,18.3375,18.3375,18.3375,18.3375,18.3375,18.3375,18.3375,63.0,63.0,63.0,0.0,0.0,0.0,5.958984375,5.958984375,5.958984375,231.23,231.23,231.23,63.0,0.0,5.958984375,231.23,5
11775896.156575628,3.6447830200195312,100855329.86428425,200457.8349876956,2095885.1602616217,13205713.91992967,18.9375,18.9375,18.9375,18.9375,18.9375,18.9375,18.9375,18.9375,18.9375,18.9375,18.9375,46.0,46.0,46.0,0.0,0.0,0.0,5.958984375,5.958984375,5.958984375,246.897,246.897,246.897,46.0,0.0,5.958984375,246.897,5
11775897.13456759,3.644786834716797,103223495.52895895,205100.86752104998,2144344.8205691543,13511047.638976743,19.799999999999997,19.799999999999997,19.799999999999997,19.799999999999997,19.799999999999997,19.799999999999997,19.799999999999997,19.799999999999997,19.799999999999997,19.799999999999997,19.799999999999997,64.0,64.0,64.0,0.0,0.0,0.0,5.958984375,5.958984375,5.958984375,239.326,239.326,239.326,64.0,0.0,5.958984375,239.326,5
11775898.160274329,3.6447982788085938,98453548.40303737,195570.51984026385,2044592.2034319835,12882528.219280427,18.475,18.475,18.475,18.475,18.475,18.475,18.475,18.475,18.475,18.475,18.475,61.0,61.0,61.0,0.0,0.0,0.0,5.958984375,5.958984375,5.958984375,229.296,229.296,229.296,61.0,0.0,5.958984375,229.296,5
11775899.15971173,3.6447982788085938,101074040.14671695,200710.91974845077,2098332.519627828,13221134.195936276,18.475,18.475,18.475,18.475,18.475,18.475,18.475,18.475,18.475,18.475,18.475,61.0,61.0,61.0,0.0,0.0,0.0,5.958984375,5.958984375,5.958984375,244.733,244.733,244.733,61.0,0.0,5.958984375,244.733,5
11775900.160027264,3.6447982788085938,101018018.38554421,200543.7216471755,2096490.4860738527,13209527.945457518,19.025,19.025,19.025,19.025,19.025,19.025,19.025,19.025,19.025,19.025,19.025,48.0,48.0,48.0,0.0,0.0,0.0,5.958984375,5.958984375,5.958984375,243.049,243.049,243.049,48.0,0.0,5.958984375,243.049,5
11775901.158161812,3.6447982788085938,101271529.19241983,200993.9445871667,2101071.4482619585,13238391.586119294,19.15,19.15,19.15,19.15,19.15,19.15,19.15,19.15,19.15,19.15,19.15,63.0,63.0,63.0,0.0,0.0,0.0,5.958984375,5.958984375,5.958984375,243.609,243.609,243.609,63.0,0.0,5.958984375,243.609,5
11775902.156820543,3.644805908203125,101256618.30447,200890.4480138447,2099968.621595598,13231442.916537888,18.8875,18.8875,18.8875,18.8875,18.8875,18.8875,18.8875,18.8875,18.8875,18.8875,18.8875,62.0,62.0,62.0,0.0,0.0,0.0,5.958984375,5.958984375,5.958984375,230.712,230.712,230.712,62.0,0.0,5.958984375,230.712,5
11775903.15884176,3.644805908203125,100949480.12208164,200223.3051080149,2092921.7494760635,13187042.116815979,18.775,18.775,18.775,18.775,18.775,18.775,18.775,18.775,18.775,18.775,18.775,46.0,46.0,46.0,0.0,0.0,0.0,5.958984375,5.958984375,5.958984375,240.761,240.761,240.761,46.0,0.0,5.958984375,240.761,5
11775904.15708425,3.6448097229003906,101364384.9207937,200988.23884093724,2100844.2547997567,13236960.08981253,18.925,18.925,18.925,18.925,18.925,18.925,18.925,18.925,18.925,18.925,18.925,60.0,60.0,60.0,0.0,0.0,0.0,5.958984375,5.958984375,5.958984375,241.774,241.774,241.774,60.0,0.0,5.958984375,241.774,5
11775905.157513443,3.6448097229003906,101175531.21495783,200560.9207454043,2096252.3041115298,13208027.213015225,19.1375,19.1375,19.1375,19.1375,19.1375,19.1375,19.1375,19.1375,19.1375,19.1375,19.1375,64.0,64.0,64.0,0.0,0.0,0.0,5.958984375,5.958984375,5.958984375,228.758,228.758,228.758,64.0,0.0,5.958984375,228.758,5
11775906.16181938,3.6448097229003906,100817549.04619418,199788.72246838865,2088160.5136433584,13157042.61135444,18.962500000000002,18.962500000000002,18.962500000000002,18.962500000000002,18.962500000000002,18.962500000000002,18.962500000000002,18.962500000000002,18.962500000000002,18.962500000000002,18.962500000000002,58.0,58.0,58.0,0.0,0.0,0.0,5.958984375,5.958984375,5.958984375,246.492,246.492,246.492,58.0,0.0,5.958984375,246.492,5
11775907.15848444,3.6448097229003906,101623233.33290969,201327.4147438008,2104169.2771947575,13257910.328574782,18.875,18.875,18.875,18.875,18.875,18.875,18.875,18.875,18.875,18.875,18.875,61.0,61.0,61.0,0.0,0.0,0.0,5.958984375,5.958984375,5.958984375,243.603,243.603,243.603,61.0,0.0,5.958984375,243.603,5
11775908.15710628,3.6448097229003906,101456769.65863362,200940.92874433912,2100046.1996075446,13231931.718620973,18.7625,18.7625,18.7625,18.7625,18.7625,18.7625,18.7625,18.7625,18.7625,18.7625,18.7625,61.0,61.0,61.0,0.0,0.0,0.0,5.958984375,5.958984375,5.958984375,245.714,245.714,245.714,61.0,0.0,5.958984375,245.714,5
11775909.158405984,3.6448097229003906,101218020.5850188,200403.53482563442,2094429.862190771,13196544.405131694,18.4625,18.4625,18.4625,18.4625,18.4625,18.4625,18.4625,18.4625,18.4625,18.4625,18.4625,60.0,60.0,60.0,0.0,0.0,0.0,5.958984375,5.958984375,5.958984375,233.07,233.07,233.07,60.0,0.0,5.958984375,233.07,5
11775910.158088585,3.6448097229003906,101414405.77608526,200734.71288848226,2097817.8441504072,13217891.338338308,18.8125,18.8125,18.8125,18.8125,18.8125,18.8125,18.8125,18.8125,18.8125,18.8125,18.8125,62.0,62.0,62.0,0.0,0.0,0.0,5.958984375,5.958984375,5.958984375,243.833,243.833,243.833,62.0,0.0,5.958984375,243.833,5
11775911.160568053,3.6448135375976562,101164029.07359733,200183.6511347766,2091965.040585006,13181014.103373494,18.5375,18.5375,18.5375,18.5375,18.5375,18.5375,18.5375,18.5375,18.5375,18.5375,18.5375,61.0,61.0,61.0,0.0,0.0,0.0,5.958984375,5.958984375,5.958984375,241.064,241.064,241.064,61.0,0.0,5.958984375,241.064,5
11775912.159007031,3.644817352294922,101611626.92740257,201006.7758851904,2100430.8175231763,13242559.91985315,21.2875,21.2875,21.2875,21.2875,21.2875,21.2875,21.2875,21.2875,21.2875,21.2875,21.2875,64.0,64.0,64.0,0.0,0.0,0.0,5.958984375,5.958984375,5.958984375,230.132,230.132,230.132,64.0,0.0,5.958984375,230.132,5
11775913.157989684,3.644817352294922,101588996.25836055,200897.38234485433,2099287.704002013,13235352.94632519,18.5125,18.5125,18.5125,18.5125,18.5125,18.5125,18.5125,18.5125,18.5125,18.5125,18.5125,62.0,62.0,62.0,0.0,0.0,0.0,5.958984375,5.958984375,5.958984375,244.0,244.0,244.0,62.0,0.0,5.958984375,244.0,5
11775914.159208167,3.644824981689453,101394741.24650997,200456.74689134877,2094599.7661032374,13205796.962854005,18.5875,18.5875,18.5875,18.5875,18.5875,18.5875,18.5875,18.5875,18.5875,18.5875,18.5875,59.0,59.0,59.0,0.0,0.0,0.0,5.958984375,5.958984375,5.958984375,243.691,243.691,243.691,59.0,0.0,5.958984375,243.691,5
11775915.132878901,3.644824981689453,104296998.40433204,206138.47471450546,2153861.59465338,13579424.272541232,18.9875,18.9875,18.9875,18.9875,18.9875,18.9875,18.9875,18.9875,18.9875,18.9875,18.9875,65.0,65.0,65.0,0.0,0.0,0.0,5.958984375,5.958984375,5.958984375,240.222,240.222,240.222,65.0,0.0,5.958984375,240.222,5
11775916.160284163,3.6448287963867188,98873938.80278935,195369.83839322388,2041212.0490127052,12869204.09025979,18.6875,18.6875,18.6875,18.6875,18.6875,18.6875,18.6875,18.6875,18.6875,18.6875,18.6875,63.0,63.0,63.0,0.0,0.0,0.0,5.958984375,5.958984375,5.958984375,230.262,230.262,230.262,63.0,0.0,5.958984375,230.262,5
11775917.158853184,3.6448287963867188,101767369.9691627,201013.64630628462,2100157.280962692,13240835.357319474,20.45,20.45,20.45,20.45,20.45,20.45,20.45,20.45,20.45,20.45,20.45,62.0,62.0,62.0,0.0,0.0,0.0,5.958984375,5.958984375,5.958984375,245.945,245.945,245.945,62.0,0.0,5.958984375,245.945,5
11775918.159333749,3.6448287963867188,101605582.9830051,200637.5807392219,2096144.6676817117,13215537.084524542,18.8125,18.8125,18.8125,18.8125,18.8125,18.8125,18.8125,18.8125,18.8125,18.8125,18.8125,62.0,62.0,62.0,0.0,0.0,0.0,5.958984375,5.958984375,5.958984375,242.954,242.954,242.954,62.0,0.0,5.958984375,242.954,5
11775919.16115246,3.6448287963867188,101502474.33967462,200376.5729350648,2093344.8108952183,13197884.862440946,18.85,18.85,18.85,18.85,18.85,18.85,18.85,18.85,18.85,18.85,18.85,62.0,62.0,62.0,0.0,0.0,0.0,5.958984375,5.958984375,5.958984375,243.788,243.788,243.788,62.0,0.0,5.958984375,243.788,5
11775920.161178164,3.6448287963867188,101717123.41189006,200735.84018498185,2097098.0951355977,13221548.146675214,18.4125,18.4125,18.4125,18.4125,18.4125,18.4125,18.4125,18.4125,18.4125,18.4125,18.4125,63.0,63.0,63.0,0.0,0.0,0.0,5.958984375,5.958984375,5.958984375,231.229,231.229,231.229,63.0,0.0,5.958984375,231.229,5
11775921.158990284,3.6448287963867188,101975515.1652472,201188.17553642142,2101750.3771024235,13250879.330637934,18.6625,18.6625,18.6625,18.6625,18.6625,18.6625,18.6625,18.6625,18.6625,18.6625,18.6625,62.0,62.0,62.0,0.0,0.0,0.0,5.958984375,5.958984375,5.958984375,239.968,239.968,239.968,62.0,0.0,5.958984375,239.968,5
11775922.159056826,3.6448402404785156,101781859.3195268,200742.64235667224,2097012.4624099897,13221008.259100482,18.675,18.675,18.675,18.675,18.675,18.675,18.675,18.675,18.675,18.675,18.675,61.0,61.0,61.0,0.0,0.0,0.0,5.958984375,5.958984375,5.958984375,243.134,243.134,243.134,61.0,0.0,5.958984375,243.134,5
11775923.148696179,3.6448402404785156,102889216.85521507,202867.8420981952,2119107.3229128155,13360309.44992689,18.475,18.475,18.475,18.475,18.475,18.475,18.475,18.475,18.475,18.475,18.475,70.0,70.0,70.0,0.0,0.0,0.0,5.958984375,5.958984375,5.958984375,247.96,247.96,247.96,70.0,0.0,5.958984375,247.96,5
11775924.153066564,3.6448402404785156,101412667.51986495,199894.38442462278,2088026.5185929355,13164354.691441398,17.5125,17.5125,17.5125,17.5125,17.5125,17.5125,17.5125,17.5125,17.5125,17.5125,17.5125,67.0,67.0,67.0,0.0,0.0,0.0,5.958984375,5.958984375,5.958984375,248.372,248.372,248.372,67.0,0.0,5.958984375,248.372,5
11775925.158550644,3.6448402404785156,101332827.67228541,199677.95015865384,2085713.778900157,13149773.590409584,18.9125,18.9125,18.9125,18.9125,18.9125,18.9125,18.9125,18.9125,18.9125,18.9125,18.9125,61.0,61.0,61.0,0.0,0.0,0.0,5.958984375,5.958984375,5.958984375,240.741,240.741,240.741,61.0,0.0,5.958984375,240.741,5
11775926.159933796,3.6448402404785156,101780435.20183617,200505.67020950065,2094255.3268513505,13203625.381008124,18.7875,18.7875,18.7875,18.7875,18.7875,18.7875,18.7875,18.7875,18.7875,18.7875,18.7875,62.0,62.0,62.0,0.0,0.0,0.0,5.958984375,5.958984375,5.958984375,243.166,243.166,243.166,62.0,0.0,5.958984375,243.166,5
11775927.159232048,3.6448402404785156,102025477.15767784,200933.00430068426,2098624.7053427855,13231172.946965842,19.0,19.0,19.0,19.0,19.0,19.0,19.0,19.0,19.0,19.0,19.0,64.0,64.0,64.0,0.0,0.0,0.0,5.958984375,5.958984375,5.958984375,231.795,231.795,231.795,64.0,0.0,5.958984375,231.795,5
11775928.160733644,3.6448402404785156,101839097.85860096,200492.94068215202,2094007.6473273926,13202063.839009421,20.975,20.975,20.975,20.975,20.975,20.975,20.975,20.975,20.975,20.975,20.975,62.0,62.0,62.0,0.0,0.0,0.0,5.958984375,5.958984375,5.958984375,243.992,243.992,243.992,62.0,0.0,5.958984375,243.992,5
11775929.160271736,3.6448402404785156,102071833.80246001,200893.79446233014,2098121.1390593904,13227998.1189135,19.275,19.275,19.275,19.275,19.275,19.275,19.275,19.275,19.275,19.275,19.275,62.0,62.0,62.0,0.0,0.0,0.0,5.958984375,5.958984375,5.958984375,242.883,242.883,242.883,62.0,0.0,5.958984375,242.883,5
11775930.1429234,3.644855499267578,103859136.19722229,204353.18777562075,2134176.409555489,13455315.332119372,19.0375,19.0375,19.0375,19.0375,19.0375,19.0375,19.0375,19.0375,19.0375,19.0375,19.0375,65.0,65.0,65.0,0.0,0.0,0.0,5.958984375,5.958984375,5.958984375,238.44,238.44,238.44,65.0,0.0,5.958984375,238.44,5
11775931.16043848,3.644855499267578,100332700.71537425,197358.25437614578,2061052.500467808,12994291.936543133,18.575,18.575,18.575,18.575,18.575,18.575,18.575,18.575,18.575,18.575,18.575,65.0,65.0,65.0,0.0,0.0,0.0,5.958984375,5.958984375,5.958984375,229.722,229.722,229.722,65.0,0.0,5.958984375,229.722,5
11775932.161177864,3.6448707580566406,102047267.83775422,200666.63021547618,2095602.544081101,13212119.164636316,18.475,18.475,18.475,18.475,18.475,18.475,18.475,18.475,18.475,18.475,18.475,62.0,62.0,62.0,0.0,0.0,0.0,5.958984375,5.958984375,5.958984375,247.916,247.916,247.916,62.0,0.0,5.958984375,247.916,5
11775933.161071066,3.6448707580566406,102166322.20842186,200843.4497761425,2097375.996578745,13223300.228430057,19.0625,19.0625,19.0625,19.0625,19.0625,19.0625,19.0625,19.0625,19.0625,19.0625,19.0625,62.0,62.0,62.0,0.0,0.0,0.0,5.958984375,5.958984375,5.958984375,244.387,244.387,244.387,62.0,0.0,5.958984375,244.387,5
11775934.161529917,3.6448707580566406,102143974.08870219,200739.89020897142,2096190.160091643,13215823.89995278,20.3125,20.3125,20.3125,20.3125,20.3125,20.3125,20.3125,20.3125,20.3125,20.3125,20.3125,64.0,64.0,64.0,0.0,0.0,0.0,5.958984375,5.958984375,5.958984375,243.241,243.241,243.241,64.0,0.0,5.958984375,243.241,5
11775935.16057722,3.6448707580566406,102321007.85866591,201023.51438403796,2099151.854472962,13234496.457497505,18.375,18.375,18.375,18.375,18.375,18.375,18.375,18.375,18.375,18.375,18.375,63.0,63.0,63.0,0.0,0.0,0.0,5.958984375,5.958984375,5.958984375,231.25,231.25,231.25,63.0,0.0,5.958984375,231.25,5
11775936.162688157,3.6448707580566406,102040816.39295942,200415.9348387555,2092734.3722034355,13194036.237251347,18.9125,18.9125,18.9125,18.9125,18.9125,18.9125,18.9125,18.9125,18.9125,18.9125,18.9125,61.0,61.0,61.0,0.0,0.0,0.0,5.958984375,5.958984375,5.958984375,237.123,237.123,237.123,61.0,0.0,5.958984375,237.123,5
11775937.161514906,3.6448707580566406,102409064.47352003,201085.92413633817,2099615.3745300965,13237418.806607718,18.9,18.9,18.9,18.9,18.9,18.9,18.9,18.9,18.9,18.9,18.9,61.0,61.0,61.0,0.0,0.0,0.0,5.958984375,5.958984375,5.958984375,237.358,237.358,237.358,61.0,0.0,5.958984375,237.358,5
11775938.160878228,3.6448707580566406,102386794.43886487,200987.96465335417,2098488.0615787664,13230311.450734878,18.7375,18.7375,18.7375,18.7375,18.7375,18.7375,18.7375,18.7375,18.7375,18.7375,18.7375,64.0,64.0,64.0,0.0,0.0,0.0,5.958984375,5.958984375,5.958984375,227.404,227.404,227.404,64.0,0.0,5.958984375,227.404,5
11775939.15122368,3.6448707580566406,103357644.34043309,202822.15624683685,2117596.4364812328,13350783.783127774,21.3875,21.3875,21.3875,21.3875,21.3875,21.3875,21.3875,21.3875,21.3875,21.3875,21.3875,71.0,71.0,71.0,0.0,0.0,0.0,5.958984375,5.958984375,5.958984375,250.521,250.521,250.521,71.0,0.0,5.958984375,250.521,5
11775940.14986758,3.6448707580566406,102531511.05016917,201143.77120159398,2099999.811137323,13239842.55927984,17.5125,17.5125,17.5125,17.5125,17.5125,17.5125,17.5125,17.5125,17.5125,17.5125,17.5125,70.0,70.0,70.0,0.0,0.0,0.0,5.958984375,5.958984375,5.958984375,261.267,261.267,261.267,70.0,0.0,5.958984375,261.267,5
11775941.153146716,3.6448707580566406,102090390.67427348,200221.44654778333,2090297.6287626165,13178673.331339309,17.9875,17.9875,17.9875,17.9875,17.9875,17.9875,17.9875,17.9875,17.9875,17.9875,17.9875,70.0,70.0,70.0,0.0,0.0,0.0,5.958984375,5.958984375,5.958984375,259.654,259.654,259.654,70.0,0.0,5.958984375,259.654,5
11775942.150163095,3.6448707580566406,102764460.1386675,201487.16120254676,2103427.830163592,13261455.147984521,17.762500000000003,17.762500000000003,17.762500000000003,17.762500000000003,17.762500000000003,17.762500000000003,17.762500000000003,17.762500000000003,17.762500000000003,17.762500000000003,17.762500000000003,69.0,69.0,69.0,0.0,0.0,0.0,5.958984375,5.958984375,5.958984375,260.4,260.4,260.4,69.0,0.0,5.958984375,260.4,5
11775943.149521168,3.6448707580566406,102556382.72371428,201030.04663948985,2098499.0834794226,13230380.940374171,17.7875,17.7875,17.7875,17.7875,17.7875,17.7875,17.7875,17.7875,17.7875,17.7875,17.7875,81.0,81.0,81.0,0.0,0.0,0.0,5.958984375,5.958984375,5.958984375,262.045,262.045,262.045,81.0,0.0,5.958984375,262.045,5
11775944.150618011,3.644908905029297,102413642.33270906,200692.8714668107,2094854.2741503287,13207401.55655715,17.7625,17.7625,17.7625,17.7625,17.7625,17.7625,17.7625,17.7625,17.7625,17.7625,17.7625,71.0,71.0,71.0,0.0,0.0,0.0,5.958984375,5.958984375,5.958984375,257.95,257.95,257.95,71.0,0.0,5.958984375,257.95,5
11775945.16444166,3.6449127197265625,101162971.59746934,198176.4779457275,2068556.9943500683,13045645.575696036,19.412499999999998,19.412499999999998,19.412499999999998,19.412499999999998,19.412499999999998,19.412499999999998,19.412499999999998,19.412499999999998,19.412499999999998,19.412499999999998,19.412499999999998,63.0,63.0,63.0,0.0,0.0,0.0,5.958984375,5.958984375,5.958984375,243.441,243.441,243.441,63.0,0.0,5.958984375,243.441,5
11775946.161391677,3.644916534423828,102907971.53407224,201537.68645945186,2103567.845561794,13266446.432263738,18.6125,18.6125,18.6125,18.6125,18.6125,18.6125,18.6125,18.6125,18.6125,18.6125,18.6125,63.0,63.0,63.0,0.0,0.0,0.0,5.958984375,5.958984375,5.958984375,238.788,238.788,238.788,63.0,0.0,5.958984375,238.788,5
11775947.13133316,3.644916534423828,105807203.7437746,207157.85822096962,2162142.8086448726,13635857.674051354,18.775,18.775,18.775,18.775,18.775,18.775,18.775,18.775,18.775,18.775,18.775,71.0,71.0,71.0,0.0,0.0,0.0,5.958984375,5.958984375,5.958984375,240.041,240.041,240.041,71.0,0.0,5.958984375,240.041,5
11775948.163488597,3.644916534423828,99461268.41040428,194679.980088218,2031818.0033938817,12813945.962810243,18.3875,18.3875,18.3875,18.3875,18.3875,18.3875,18.3875,18.3875,18.3875,18.3875,18.3875,64.0,64.0,64.0,0.0,0.0,0.0,5.958984375,5.958984375,5.958984375,232.787,232.787,232.787,64.0,0.0,5.958984375,232.787,5
11775949.163451947,3.644916534423828,102695936.74507584,200949.36467484263,2097228.8621919537,13226468.742222302,18.75,18.75,18.75,18.75,18.75,18.75,18.75,18.75,18.75,18.75,18.75,63.0,63.0,63.0,0.0,0.0,0.0,5.958984375,5.958984375,5.958984375,242.651,242.651,242.651,63.0,0.0,5.958984375,242.651,5
11775950.16395535,3.6449203491210938,102678650.34118417,200848.8922251192,2096096.8202423148,13223423.299575541,19.650000000000002,19.650000000000002,19.650000000000002,19.650000000000002,19.650000000000002,19.650000000000002,19.650000000000002,19.650000000000002,19.650000000000002,19.650000000000002,19.650000000000002,62.0,62.0,62.0,0.0,0.0,0.0,5.958984375,5.958984375,5.958984375,247.377,247.377,247.377,62.0,0.0,5.958984375,247.377,5
11775951.161603272,3.644927978515625,103005319.49580158,201444.81381687714,2102096.2934238845,13318750.734115394,19.424999999999997,19.424999999999997,19.424999999999997,19.424999999999997,19.424999999999997,19.424999999999997,19.424999999999997,19.424999999999997,19.424999999999997,19.424999999999997,19.424999999999997,64.0,64.0,64.0,0.0,0.0,0.0,5.958984375,5.958984375,5.958984375,243.694,243.694,243.694,64.0,0.0,5.958984375,243.694,5
11775952.164683286,3.644927978515625,102480086.8833908,200355.90099202955,2090712.5757053772,13246624.210133288,18.9125,18.9125,18.9125,18.9125,18.9125,18.9125,18.9125,18.9125,18.9125,18.9125,18.9125,65.0,65.0,65.0,0.0,0.0,0.0,5.958984375,5.958984375,5.958984375,231.922,231.922,231.922,65.0,0.0,5.958984375,231.922,5
11775953.16539992,3.644927978515625,102754780.42095537,200836.07402190717,2095650.185626384,13277908.597992167,19.2125,19.2125,19.2125,19.2125,19.2125,19.2125,19.2125,19.2125,19.2125,19.2125,19.2125,62.0,62.0,62.0,0.0,0.0,0.0,5.958984375,5.958984375,5.958984375,239.17,239.17,239.17,62.0,0.0,5.958984375,239.17,5
11775954.164646592,3.644927978515625,102938657.59406346,201140.52483035324,2098733.0347880977,13297441.337602712,19.0,19.0,19.0,19.0,19.0,19.0,19.0,19.0,19.0,19.0,19.0,63.0,63.0,63.0,0.0,0.0,0.0,5.958984375,5.958984375,5.958984375,236.37,236.37,236.37,63.0,0.0,5.958984375,236.37,5
11775955.330508351,3.644927978515625,88260247.13145277,172402.94433765628,1798799.8861859548,11397083.653881323,20.25,20.25,20.25,20.25,20.25,20.25,20.25,20.25,20.25,20.25,20.25,54.0,54.0,54.0,0.0,0.0,0.0,5.958984375,5.958984375,5.958984375,203.294,203.294,203.294,54.0,0.0,5.958984375,203.294,5
11775956.331651356,3.644927978515625,102819886.38195987,200771.5172031268,2094757.6820293022,13272253.750982532,19.1,19.1,19.1,19.1,19.1,19.1,19.1,19.1,19.1,19.1,19.1,51.0,51.0,51.0,0.0,0.0,0.0,5.958984375,5.958984375,5.958984375,237.922,237.922,237.922,51.0,0.0,5.958984375,237.922,5
11775957.32372245,3.644927978515625,103788904.46826456,202617.5353938321,2113913.0176271237,13393620.760121856,19.2125,19.2125,19.2125,19.2125,19.2125,19.2125,19.2125,19.2125,19.2125,19.2125,19.2125,59.0,59.0,59.0,0.0,0.0,0.0,5.958984375,5.958984375,5.958984375,251.363,251.363,251.363,59.0,0.0,5.958984375,251.363,5
11775958.303367732,3.644927978515625,105137397.0653541,205194.679837005,2140725.871362439,13563505.325585453,17.65,17.65,17.65,17.65,17.65,17.65,17.65,17.65,17.65,17.65,17.65,64.0,64.0,64.0,0.0,0.0,0.0,5.958984375,5.958984375,5.958984375,254.86,254.86,254.86,64.0,0.0,5.958984375,254.86,5
11775959.321646264,3.644927978515625,101180614.91971144,197418.48004831397,2059507.2317165441,13048909.100954043,17.7,17.7,17.7,17.7,17.7,17.7,17.7,17.7,17.7,17.7,17.7,62.0,62.0,62.0,0.0,0.0,0.0,5.958984375,5.958984375,5.958984375,246.852,246.852,246.852,62.0,0.0,5.958984375,246.852,5
11775960.324366668,3.644927978515625,102785021.17446516,200482.60623260893,2091462.3765143575,13251374.901196437,17.75,17.75,17.75,17.75,17.75,17.75,17.75,17.75,17.75,17.75,17.75,61.0,61.0,61.0,0.0,0.0,0.0,5.958984375,5.958984375,5.958984375,245.656,245.656,245.656,61.0,0.0,5.958984375,245.656,5
11775961.320568185,3.644927978515625,103489411.76501876,201801.53970575752,2105148.3701694175,13338088.501620293,17.8125,17.8125,17.8125,17.8125,17.8125,17.8125,17.8125,17.8125,17.8125,17.8125,17.8125,60.0,60.0,60.0,0.0,0.0,0.0,5.958984375,5.958984375,5.958984375,257.854,257.854,257.854,60.0,0.0,5.958984375,257.854,5
11775962.323271831,3.644927978515625,102851190.76912601,200499.9191558919,2091497.3311925717,13251596.371852934,17.7125,17.7125,17.7125,17.7125,17.7125,17.7125,17.7125,17.7125,17.7125,17.7125,17.7125,60.0,60.0,60.0,0.0,0.0,0.0,5.958984375,5.958984375,5.958984375,260.252,260.252,260.252,60.0,0.0,5.958984375,260.252,5
11775963.322906774,3.644947052001953,103203990.438229,201126.42280164076,2097917.861615129,13292276.451327106,18.4375,18.4375,18.4375,18.4375,18.4375,18.4375,18.4375,18.4375,18.4375,18.4375,18.4375,58.0,58.0,58.0,0.0,0.0,0.0,5.958984375,5.958984375,5.958984375,259.912,259.912,259.912,58.0,0.0,5.958984375,259.912,5
11775964.302610416,3.644947052001953,105336987.15690194,205225.3266117589,2140598.3495200607,13562697.35516226,18.8375,18.8375,18.8375,18.8375,18.8375,18.8375,18.8375,18.8375,18.8375,18.8375,18.8375,56.0,56.0,56.0,0.0,0.0,0.0,5.958984375,5.958984375,5.958984375,244.058,244.058,244.058,56.0,0.0,5.958984375,244.058,5
11775965.333261289,3.644947052001953,100161656.80415192,195087.40090231792,2034784.091755971,12892264.831360098,18.4125,18.4125,18.4125,18.4125,18.4125,18.4125,18.4125,18.4125,18.4125,18.4125,18.4125,50.0,50.0,50.0,0.0,0.0,0.0,5.958984375,5.958984375,5.958984375,230.817,230.817,230.817,50.0,0.0,5.958984375,230.817,5
11775966.333684731,3.64495849609375,103220652.98118146,200981.8957090841,2096264.3524302703,13281799.920476165,18.6375,18.6375,18.6375,18.6375,18.6375,18.6375,18.6375,18.6375,18.6375,18.6375,18.6375,51.0,51.0,51.0,0.0,0.0,0.0,5.958984375,5.958984375,5.958984375,241.724,241.724,241.724,51.0,0.0,5.958984375,241.724,5
11775967.332838424,3.64495849609375,103384527.1239209,201248.31800611434,2098928.3392671435,13298678.774575418,19.2125,19.2125,19.2125,19.2125,19.2125,19.2125,19.2125,19.2125,19.2125,19.2125,19.2125,51.0,51.0,51.0,0.0,0.0,0.0,5.958984375,5.958984375,5.958984375,239.476,239.476,239.476,51.0,0.0,5.958984375,239.476,5
11775968.334845448,3.64495849609375,103122730.16820599,200683.22388049003,2092951.3955592008,13260809.232800873,18.9875,18.9875,18.9875,18.9875,18.9875,18.9875,18.9875,18.9875,18.9875,18.9875,18.9875,52.0,52.0,52.0,0.0,0.0,0.0,5.958984375,5.958984375,5.958984375,242.434,242.434,242.434,52.0,0.0,5.958984375,242.434,5
11775969.33362772,3.64495849609375,103488380.74865882,201331.16669573728,2099708.8752986225,13303624.202087367,18.7875,18.7875,18.7875,18.7875,18.7875,18.7875,18.7875,18.7875,18.7875,18.7875,18.7875,52.0,52.0,52.0,0.0,0.0,0.0,5.958984375,5.958984375,5.958984375,228.883,228.883,228.883,52.0,0.0,5.958984375,228.883,5
11775970.333158731,3.64495849609375,103443545.7787041,201187.3544492635,2098136.0005469206,13293658.565965254,18.475,18.475,18.475,18.475,18.475,18.475,18.475,18.475,18.475,18.475,18.475,52.0,52.0,52.0,0.0,0.0,0.0,5.958984375,5.958984375,5.958984375,242.883,242.883,242.883,52.0,0.0,5.958984375,242.883,5
11775971.333990917,3.64495849609375,103341694.57648103,200932.7867189066,2095408.2323875108,13276375.597392743,18.9625,18.9625,18.9625,18.9625,18.9625,18.9625,18.9625,18.9625,18.9625,18.9625,18.9625,51.0,51.0,51.0,0.0,0.0,0.0,5.958984375,5.958984375,5.958984375,239.54,239.54,239.54,51.0,0.0,5.958984375,239.54,5
11775972.332893956,3.6449737548828125,103573912.45528421,201328.84972663617,2099455.0185070434,13302015.78132197,18.8,18.8,18.8,18.8,18.8,18.8,18.8,18.8,18.8,18.8,18.8,53.0,53.0,53.0,0.0,0.0,0.0,5.958984375,5.958984375,5.958984375,227.787,227.787,227.787,53.0,0.0,5.958984375,227.787,5
11775973.33310116,3.6449737548828125,103471422.26896082,201066.33817573014,2096717.5509572409,13284671.358018143,18.5375,18.5375,18.5375,18.5375,18.5375,18.5375,18.5375,18.5375,18.5375,18.5375,18.5375,51.0,51.0,51.0,0.0,0.0,0.0,5.958984375,5.958984375,5.958984375,242.663,242.663,242.663,51.0,0.0,5.958984375,242.663,5
11775974.334029011,3.6449737548828125,103429493.8816246,200929.56737953392,2095207.9600286616,13275106.684244098,19.275,19.275,19.275,19.275,19.275,19.275,19.275,19.275,19.275,19.275,19.275,52.0,52.0,52.0,0.0,0.0,0.0,5.958984375,5.958984375,5.958984375,243.09,243.09,243.09,52.0,0.0,5.958984375,243.09,5
11775975.334244944,3.6449737548828125,103535705.25283737,201083.57947435734,2096699.2540126757,13284555.429720936,18.95,18.95,18.95,18.95,18.95,18.95,18.95,18.95,18.95,18.95,18.95,53.0,53.0,53.0,0.0,0.0,0.0,5.958984375,5.958984375,5.958984375,246.063,246.063,246.063,53.0,0.0,5.958984375,246.063,5
11775976.335648747,3.6449737548828125,103445432.99023053,200845.05311074015,2094212.1387048727,13268797.222575406,18.5375,18.5375,18.5375,18.5375,18.5375,18.5375,18.5375,18.5375,18.5375,18.5375,18.5375,53.0,53.0,53.0,0.0,0.0,0.0,5.958984375,5.958984375,5.958984375,228.633,228.633,228.633,53.0,0.0,5.958984375,228.633,5
11775977.333178388,3.6449737548828125,103879865.58227997,201632.10372369926,2102345.5486807963,13320329.999844734,18.7,18.7,18.7,18.7,18.7,18.7,18.7,18.7,18.7,18.7,18.7,50.0,50.0,50.0,0.0,0.0,0.0,5.958984375,5.958984375,5.958984375,242.672,242.672,242.672,50.0,0.0,5.958984375,242.672,5
11775978.335892944,3.6449737548828125,103375222.20024651,200596.46970763814,2091474.5757469274,13251452.194771549,18.4625,18.4625,18.4625,18.4625,18.4625,18.4625,18.4625,18.4625,18.4625,18.4625,18.4625,52.0,52.0,52.0,0.0,0.0,0.0,5.958984375,5.958984375,5.958984375,242.046,242.046,242.046,52.0,0.0,5.958984375,242.046,5
11775979.336041708,3.6449737548828125,103673027.1982088,201119.08074517944,2096840.0659357717,13285447.605264928,18.8,18.8,18.8,18.8,18.8,18.8,18.8,18.8,18.8,18.8,18.8,54.0,54.0,54.0,0.0,0.0,0.0,5.958984375,5.958984375,5.958984375,230.086,230.086,230.086,54.0,0.0,5.958984375,230.086,5
11775980.334449148,3.6449737548828125,103886499.45655857,201469.85277634472,2100497.167222392,13308618.770448122,18.4,18.4,18.4,18.4,18.4,18.4,18.4,18.4,18.4,18.4,18.4,52.0,52.0,52.0,0.0,0.0,0.0,5.958984375,5.958984375,5.958984375,244.14,244.14,244.14,52.0,0.0,5.958984375,244.14,5
11775981.33475053,3.644977569580078,103722388.98324451,201095.39355395138,2096520.1474599624,13283420.621797105,18.75,18.75,18.75,18.75,18.75,18.75,18.75,18.75,18.75,18.75,18.75,52.0,52.0,52.0,0.0,0.0,0.0,5.958984375,5.958984375,5.958984375,245.121,245.121,245.121,52.0,0.0,5.958984375,245.121,5
11775982.33159358,3.644977569580078,104114929.50537245,201800.07250372446,2103793.5686549256,13329504.563899567,19.1,19.1,19.1,19.1,19.1,19.1,19.1,19.1,19.1,19.1,19.1,66.0,66.0,66.0,0.0,0.0,0.0,5.958984375,5.958984375,5.958984375,243.049,243.049,243.049,66.0,0.0,5.958984375,243.049,5
11775983.334886856,3.644989013671875,103478055.22147982,200509.66636146285,2090268.1703498263,13243808.485575853,18.4125,18.4125,18.4125,18.4125,18.4125,18.4125,18.4125,18.4125,18.4125,18.4125,18.4125,53.0,53.0,53.0,0.0,0.0,0.0,5.958984375,5.958984375,5.958984375,229.179,229.179,229.179,53.0,0.0,5.958984375,229.179,5
11775984.336208249,3.644989013671875,103714379.63458559,200904.5263392441,2094384.496800708,13269889.272698235,18.9375,18.9375,18.9375,18.9375,18.9375,18.9375,18.9375,18.9375,18.9375,18.9375,18.9375,52.0,52.0,52.0,0.0,0.0,0.0,5.958984375,5.958984375,5.958984375,241.748,241.748,241.748,52.0,0.0,5.958984375,241.748,5
11775985.32397232,3.644989013671875,105166465.33219235,203671.1050435624,2123130.47228745,13452021.976758767,18.3875,18.3875,18.3875,18.3875,18.3875,18.3875,18.3875,18.3875,18.3875,18.3875,18.3875,59.0,59.0,59.0,0.0,0.0,0.0,5.958984375,5.958984375,5.958984375,255.496,255.496,255.496,59.0,0.0,5.958984375,255.496,5
11775986.324773213,3.644989013671875,103831820.85154277,201027.9981416446,2095473.750347913,13276790.71509498,17.6875,17.6875,17.6875,17.6875,17.6875,17.6875,17.6875,17.6875,17.6875,17.6875,17.6875,60.0,60.0,60.0,0.0,0.0,0.0,5.958984375,5.958984375,5.958984375,254.68,254.68,254.68,60.0,0.0,5.958984375,254.68,5
11775987.338069757,3.644989013671875,102585189.45801164,198556.8796042657,2069633.032181618,13113065.53983822,18.45,18.45,18.45,18.45,18.45,18.45,18.45,18.45,18.45,18.45,18.45,52.0,52.0,52.0,0.0,0.0,0.0,5.958984375,5.958984375,5.958984375,244.119,244.119,244.119,52.0,0.0,5.958984375,244.119,5
11775988.335273318,3.644989013671875,104273405.2644803,201761.21301635765,2103033.0044666696,13324685.676738039,18.2625,18.2625,18.2625,18.2625,18.2625,18.2625,18.2625,18.2625,18.2625,18.2625,18.2625,53.0,53.0,53.0,0.0,0.0,0.0,5.958984375,5.958984375,5.958984375,239.96,239.96,239.96,53.0,0.0,5.958984375,239.96,5
11775989.336879322,3.644989013671875,103847626.26436259,200881.38363155973,2093789.3652496608,13266118.556386523,19.05,19.05,19.05,19.05,19.05,19.05,19.05,19.05,19.05,19.05,19.05,51.0,51.0,51.0,0.0,0.0,0.0,5.958984375,5.958984375,5.958984375,241.979,241.979,241.979,51.0,0.0,5.958984375,241.979,5
11775990.320781328,3.644989013671875,105749348.43168002,204503.08961622274,2131464.300633866,13504824.592297385,18.6,18.6,18.6,18.6,18.6,18.6,18.6,18.6,18.6,18.6,18.6,55.0,55.0,55.0,0.0,0.0,0.0,5.958984375,5.958984375,5.958984375,240.621,240.621,240.621,55.0,0.0,5.958984375,240.621,5
11775991.336211907,3.644989013671875,102497985.73763275,198160.2722715881,2065283.48018023,13085507.050204426,18.8875,18.8875,18.8875,18.8875,18.8875,18.8875,18.8875,18.8875,18.8875,18.8875,18.8875,54.0,54.0,54.0,0.0,0.0,0.0,5.958984375,5.958984375,5.958984375,230.989,230.989,230.989,54.0,0.0,5.958984375,230.989,5
11775992.3365659,3.6450042724609375,104075336.97098726,201146.7952719356,2096409.8837983198,13282721.998128418,18.7125,18.7125,18.7125,18.7125,18.7125,18.7125,18.7125,18.7125,18.7125,18.7125,18.7125,51.0,51.0,51.0,0.0,0.0,0.0,5.958984375,5.958984375,5.958984375,244.125,244.125,244.125,51.0,0.0,5.958984375,244.125,5
11775993.33567668,3.6450042724609375,104237464.163626,201404.09279034627,2099018.4917553,13299249.975105848,18.725,18.725,18.725,18.725,18.725,18.725,18.725,18.725,18.725,18.725,18.725,50.0,50.0,50.0,0.0,0.0,0.0,5.958984375,5.958984375,5.958984375,245.684,245.684,245.684,50.0,0.0,5.958984375,245.684,5
11775994.336866025,3.64501953125,104053613.30389169,200992.94994067983,2094660.7247057953,13271639.435440624,18.975,18.975,18.975,18.975,18.975,18.975,18.975,18.975,18.975,18.975,18.975,63.0,63.0,63.0,0.0,0.0,0.0,5.958984375,5.958984375,5.958984375,243.166,243.166,243.166,63.0,0.0,5.958984375,243.166,5
11775995.33968597,3.64501953125,103916921.88807513,200667.12952359606,2091254.774389233,13254144.02908801,18.5875,18.5875,18.5875,18.5875,18.5875,18.5875,18.5875,18.5875,18.5875,18.5875,18.5875,54.0,54.0,54.0,0.0,0.0,0.0,5.958984375,5.958984375,5.958984375,232.498,232.498,232.498,54.0,0.0,5.958984375,232.498,5
11775996.33715543,3.64501953125,104507011.3052137,201750.53806300912,2102472.3931619744,13325240.06994259,19.1,19.1,19.1,19.1,19.1,19.1,19.1,19.1,19.1,19.1,19.1,52.0,52.0,52.0,0.0,0.0,0.0,5.958984375,5.958984375,5.958984375,242.441,242.441,242.441,52.0,0.0,5.958984375,242.441,5
11775997.336505992,3.64501953125,104342915.18197715,201381.78484429224,2098514.853838128,13300157.618563918,19.1125,19.1125,19.1125,19.1125,19.1125,19.1125,19.1125,19.1125,19.1125,19.1125,19.1125,52.0,52.0,52.0,0.0,0.0,0.0,5.958984375,5.958984375,5.958984375,242.28,242.28,242.28,52.0,0.0,5.958984375,242.28,5
11775998.338992776,3.64501953125,104048998.61387339,200758.75633465353,2091949.77275304,13258548.852702372,18.9875,18.9875,18.9875,18.9875,18.9875,18.9875,18.9875,18.9875,18.9875,18.9875,18.9875,54.0,54.0,54.0,0.0,0.0,0.0,5.958984375,5.958984375,5.958984375,242.077,242.077,242.077,54.0,0.0,5.958984375,242.077,5
11775999.338500367,3.64501953125,104391742.42009473,201357.15004705347,2098185.164989607,13298068.086701706,18.55,18.55,18.55,18.55,18.55,18.55,18.55,18.55,18.55,18.55,18.55,54.0,54.0,54.0,0.0,0.0,0.0,5.958984375,5.958984375,5.958984375,231.692,231.692,231.692,54.0,0.0,5.958984375,231.692,5
11776000.33730823,3.64501953125,104497504.40400077,201505.22195148148,2099655.0777631146,13307384.23308849,18.65,18.65,18.65,18.65,18.65,18.65,18.65,18.65,18.65,18.65,18.65,51.0,51.0,51.0,0.0,0.0,0.0,5.958984375,5.958984375,5.958984375,243.19,243.19,243.19,51.0,0.0,5.958984375,243.19,5
11776001.319708474,3.64501953125,106275954.86343588,204877.79925584653,2134722.5966105424,13529638.332033612,19.0,19.0,19.0,19.0,19.0,19.0,19.0,19.0,19.0,19.0,19.0,55.0,55.0,55.0,0.0,0.0,0.0,5.958984375,5.958984375,5.958984375,240.827,240.827,240.827,55.0,0.0,5.958984375,240.827,5
11776002.336184524,3.64501953125,102745280.61730593,198016.47072371785,2063159.284431989,13076077.886683213,18.7875,18.7875,18.7875,18.7875,18.7875,18.7875,18.7875,18.7875,18.7875,18.7875,18.7875,54.0,54.0,54.0,0.0,0.0,0.0,5.958984375,5.958984375,5.958984375,232.609,232.609,232.609,54.0,0.0,5.958984375,232.609,5
11776003.337041697,3.64501953125,104381239.26864763,201106.6169315868,2095355.9184580164,13280136.631633326,18.575,18.575,18.575,18.575,18.575,18.575,18.575,18.575,18.575,18.575,18.575,52.0,52.0,52.0,0.0,0.0,0.0,5.958984375,5.958984375,5.958984375,243.687,243.687,243.687,52.0,0.0,5.958984375,243.687,5
11776004.338149812,3.64501953125,104387635.4390952,201065.19653138058,2094830.6855658453,13276807.763010094,19.1375,19.1375,19.1375,19.1375,19.1375,19.1375,19.1375,19.1375,19.1375,19.1375,19.1375,52.0,52.0,52.0,0.0,0.0,0.0,5.958984375,5.958984375,5.958984375,240.943,240.943,240.943,52.0,0.0,5.958984375,240.943,5
11776005.336954461,3.64501953125,104661032.6346322,201536.90727550376,2099661.8321607844,13307427.04172216,18.775,18.775,18.775,18.775,18.775,18.775,18.775,18.775,18.775,18.775,18.775,54.0,54.0,54.0,0.0,0.0,0.0,5.958984375,5.958984375,5.958984375,244.746,244.746,244.746,54.0,0.0,5.958984375,244.746,5
11776006.339251757,3.64501953125,104328868.78452627,200834.62357173706,2092345.2651454352,13261055.440228393,18.5,18.5,18.5,18.5,18.5,18.5,18.5,18.5,18.5,18.5,18.5,53.0,53.0,53.0,0.0,0.0,0.0,5.958984375,5.958984375,5.958984375,229.265,229.265,229.265,53.0,0.0,5.958984375,229.265,5
11776007.338159388,3.64501953125,104715544.98760805,201524.13866880507,2099445.3684852854,13306055.118622562,19.1375,19.1375,19.1375,19.1375,19.1375,19.1375,19.1375,19.1375,19.1375,19.1375,19.1375,52.0,52.0,52.0,0.0,0.0,0.0,5.958984375,5.958984375,5.958984375,240.416,240.416,240.416,52.0,0.0,5.958984375,240.416,5
11776008.33775925,3.64501953125,104675693.63437916,201392.58465611376,2097991.484346379,13296840.55996875,19.275,19.275,19.275,19.275,19.275,19.275,19.275,19.275,19.275,19.275,19.275,51.0,51.0,51.0,0.0,0.0,0.0,5.958984375,5.958984375,5.958984375,241.412,241.412,241.412,51.0,0.0,5.958984375,241.412,5
11776009.337404422,3.64501953125,104703598.80132698,201390.45903683294,2097896.3930379758,13296237.881656703,18.6,18.6,18.6,18.6,18.6,18.6,18.6,18.6,18.6,18.6,18.6,53.0,53.0,53.0,0.0,0.0,0.0,5.958984375,5.958984375,5.958984375,229.955,229.955,229.955,53.0,0.0,5.958984375,229.955,5
11776010.336165264,3.64501953125,104828987.70108481,201568.77560380174,2099753.9273246145,13308010.730797604,18.325,18.325,18.325,18.325,18.325,18.325,18.325,18.325,18.325,18.325,18.325,53.0,53.0,53.0,0.0,0.0,0.0,5.958984375,5.958984375,5.958984375,244.557,244.557,244.557,53.0,0.0,5.958984375,244.557,5
11776011.337446395,3.64501953125,104597722.6088723,201068.40502135735,2094468.7110822727,13274513.608324168,19.025,19.025,19.025,19.025,19.025,19.025,19.025,19.025,19.025,19.025,19.025,53.0,53.0,53.0,0.0,0.0,0.0,5.958984375,5.958984375,5.958984375,245.429,245.429,245.429,53.0,0.0,5.958984375,245.429,5
11776012.333339583,3.64501953125,105196390.81901167,202163.24648281973,2105800.125602551,13346330.87418023,19.075,19.075,19.075,19.075,19.075,19.075,19.075,19.075,19.075,19.075,19.075,68.0,68.0,68.0,0.0,0.0,0.0,5.958984375,5.958984375,5.958984375,242.507,242.507,242.507,68.0,0.0,5.958984375,242.507,5
11776013.337576281,3.64501953125,104354918.70889638,200490.5819223499,2088304.4842536005,13235445.412896354,18.4125,18.4125,18.4125,18.4125,18.4125,18.4125,18.4125,18.4125,18.4125,18.4125,18.4125,53.0,53.0,53.0,0.0,0.0,0.0,5.958984375,5.958984375,5.958984375,231.16,231.16,231.16,53.0,0.0,5.958984375,231.16,5
11776014.339502228,3.64501953125,104628168.67728837,200952.97519122605,2093120.7600488232,13265970.442106312,19.0125,19.0125,19.0125,19.0125,19.0125,19.0125,19.0125,19.0125,19.0125,19.0125,19.0125,54.0,54.0,54.0,0.0,0.0,0.0,5.958984375,5.958984375,5.958984375,241.654,241.654,241.654,54.0,0.0,5.958984375,241.654,5
11776015.338117719,3.64501953125,105007699.1809636,201626.15337063157,2100059.5528789936,13309947.752133466,18.7625,18.7625,18.7625,18.7625,18.7625,18.7625,18.7625,18.7625,18.7625,18.7625,18.7625,52.0,52.0,52.0,0.0,0.0,0.0,5.958984375,5.958984375,5.958984375,243.65,243.65,243.65,52.0,0.0,5.958984375,243.65,5
11776016.33747348,3.64501953125,104962579.952457,201484.804301482,2098503.9373765816,13300088.431224624,18.9,18.9,18.9,18.9,18.9,18.9,18.9,18.9,18.9,18.9,18.9,53.0,53.0,53.0,0.0,0.0,0.0,5.958984375,5.958984375,5.958984375,246.659,246.659,246.659,53.0,0.0,5.958984375,246.659,5
11776017.338385744,3.64501953125,104831960.57742193,201171.47850445626,2095240.5874628266,13279405.676400142,18.575,18.575,18.575,18.575,18.575,18.575,18.575,18.575,18.575,18.575,18.575,54.0,54.0,54.0,0.0,0.0,0.0,5.958984375,5.958984375,5.958984375,231.711,231.711,231.711,54.0,0.0,5.958984375,231.711,5
11776018.338374415,3.64501953125,104961432.06689776,201364.28117696592,2097175.758081646,13291670.576122932,18.7875,18.7875,18.7875,18.7875,18.7875,18.7875,18.7875,18.7875,18.7875,18.7875,18.7875,53.0,53.0,53.0,0.0,0.0,0.0,5.958984375,5.958984375,5.958984375,239.411,239.411,239.411,53.0,0.0,5.958984375,239.411,5
11776019.338689338,3.64501953125,104959826.73613673,201305.60423453012,2096491.7665164615,13287335.51239437,19.3625,19.3625,19.3625,19.3625,19.3625,19.3625,19.3625,19.3625,19.3625,19.3625,19.3625,53.0,53.0,53.0,0.0,0.0,0.0,5.958984375,5.958984375,5.958984375,241.116,241.116,241.116,53.0,0.0,5.958984375,241.116,5
11776020.3382152,3.64501953125,105075354.23778667,201471.52534343247,2098146.81152188,13297825.006618164,18.6875,18.6875,18.6875,18.6875,18.6875,18.6875,18.6875,18.6875,18.6875,18.6875,18.6875,55.0,55.0,55.0,0.0,0.0,0.0,5.958984375,5.958984375,5.958984375,230.136,230.136,230.136,55.0,0.0,5.958984375,230.136,5
11776021.337904362,3.64501953125,105090860.25620341,201438.61482097456,2097804.0776906703,13295652.79708247,18.3875,18.3875,18.3875,18.3875,18.3875,18.3875,18.3875,18.3875,18.3875,18.3875,18.3875,55.0,55.0,55.0,0.0,0.0,0.0,5.958984375,5.958984375,5.958984375,243.245,243.245,243.245,55.0,0.0,5.958984375,243.245,5
11776022.337496083,3.64501953125,105133788.89487705,201469.2556215291,2098008.5723765735,13296948.862035118,18.5625,18.5625,18.5625,18.5625,18.5625,18.5625,18.5625,18.5625,18.5625,18.5625,18.5625,54.0,54.0,54.0,0.0,0.0,0.0,5.958984375,5.958984375,5.958984375,246.319,246.319,246.319,54.0,0.0,5.958984375,246.319,5
11776023.317140287,3.64501953125,107307869.14079423,205578.718547443,2140728.2280465513,13567701.3672091,18.6375,18.6375,18.6375,18.6375,18.6375,18.6375,18.6375,18.6375,18.6375,18.6375,18.6375,64.0,64.0,64.0,0.0,0.0,0.0,5.958984375,5.958984375,5.958984375,241.876,241.876,241.876,64.0,0.0,5.958984375,241.876,5
11776024.340236861,3.64501953125,102782280.40635696,196856.2939468886,2049808.4465638807,12991461.736523034,18.3875,18.3875,18.3875,18.3875,18.3875,18.3875,18.3875,18.3875,18.3875,18.3875,18.3875,55.0,55.0,55.0,0.0,0.0,0.0,5.958984375,5.958984375,5.958984375,230.088,230.088,230.088,55.0,0.0,5.958984375,230.088,5
11776025.337904053,3.64501953125,105434825.25125611,201873.9332172165,2102055.693283377,13322599.07168859,18.5125,18.5125,18.5125,18.5125,18.5125,18.5125,18.5125,18.5125,18.5125,18.5125,18.5125,54.0,54.0,54.0,0.0,0.0,0.0,5.958984375,5.958984375,5.958984375,244.536,244.536,244.536,54.0,0.0,5.958984375,244.536,5
11776026.327710574,3.64501953125,106300487.71652593,203487.2427970483,2118749.426334524,13428402.125889707,18.45,18.45,18.45,18.45,18.45,18.45,18.45,18.45,18.45,18.45,18.45,61.0,61.0,61.0,0.0,0.0,0.0,5.958984375,5.958984375,5.958984375,252.085,252.085,252.085,61.0,0.0,5.958984375,252.085,5
11776027.328688068,3.64501953125,105147819.65582924,201224.30448541362,2095104.0487347108,13278540.308875266,17.7375,17.7375,17.7375,17.7375,17.7375,17.7375,17.7375,17.7375,17.7375,17.7375,17.7375,61.0,61.0,61.0,0.0,0.0,0.0,5.958984375,5.958984375,5.958984375,256.086,256.086,256.086,61.0,0.0,5.958984375,256.086,5
11776028.32930658,3.6450843811035156,105216352.44331412,201303.4914129859,2095855.6885027217,13283304.11951432,17.9375,17.9375,17.9375,17.9375,17.9375,17.9375,17.9375,17.9375,17.9375,17.9375,17.9375,76.0,76.0,76.0,0.0,0.0,0.0,5.958984375,5.958984375,5.958984375,260.65,260.65,260.65,76.0,0.0,5.958984375,260.65,5
11776029.329422174,3.6450843811035156,105302001.73143528,201412.7179193695,2096909.6100500484,13289983.759008609,17.3625,17.3625,17.3625,17.3625,17.3625,17.3625,17.3625,17.3625,17.3625,17.3625,17.3625,63.0,63.0,63.0,0.0,0.0,0.0,5.958984375,5.958984375,5.958984375,246.755,246.755,246.755,63.0,0.0,5.958984375,246.755,5
11776030.33235524,3.6450843811035156,105039873.08407772,200846.90271050786,2091018.9028433198,13252649.101028463,17.6125,17.6125,17.6125,17.6125,17.6125,17.6125,17.6125,17.6125,17.6125,17.6125,17.6125,62.0,62.0,62.0,0.0,0.0,0.0,5.958984375,5.958984375,5.958984375,261.11,261.11,261.11,62.0,0.0,5.958984375,261.11,5
11776031.338995708,3.6450843811035156,104689723.2644307,200114.1484423948,2083317.795278392,13203840.323590592,18.025,18.025,18.025,18.025,18.025,18.025,18.025,18.025,18.025,18.025,18.025,53.0,53.0,53.0,0.0,0.0,0.0,5.958984375,5.958984375,5.958984375,246.468,246.468,246.468,53.0,0.0,5.958984375,246.468,5
11776032.339953423,3.6450843811035156,105316739.6425431,201257.25303192777,2095145.44904648,13278802.6995231,18.8875,18.8875,18.8875,18.8875,18.8875,18.8875,18.8875,18.8875,18.8875,18.8875,18.8875,54.0,54.0,54.0,0.0,0.0,0.0,5.958984375,5.958984375,5.958984375,241.932,241.932,241.932,54.0,0.0,5.958984375,241.932,5
11776033.341943735,3.6450843811035156,105240830.83673213,201060.826082284,2092986.3027589165,13265118.26650915,18.9375,18.9375,18.9375,18.9375,18.9375,18.9375,18.9375,18.9375,18.9375,18.9375,18.9375,55.0,55.0,55.0,0.0,0.0,0.0,5.958984375,5.958984375,5.958984375,242.053,242.053,242.053,55.0,0.0,5.958984375,242.053,5
11776034.34325442,3.6450843811035156,105344907.94091246,201197.29359456451,2094406.8909437964,13274121.799048085,18.675,18.675,18.675,18.675,18.675,18.675,18.675,18.675,18.675,18.675,18.675,54.0,54.0,54.0,0.0,0.0,0.0,5.958984375,5.958984375,5.958984375,230.481,230.481,230.481,54.0,0.0,5.958984375,230.481,5
11776035.34077049,3.6450843811035156,105778414.22285157,201969.67863246112,2102374.1511476915,13324617.422801288,19.0125,19.0125,19.0125,19.0125,19.0125,19.0125,19.0125,19.0125,19.0125,19.0125,19.0125,54.0,54.0,54.0,0.0,0.0,0.0,5.958984375,5.958984375,5.958984375,239.018,239.018,239.018,54.0,0.0,5.958984375,239.018,5
11776036.32801368,3.6450843811035156,106908546.97757675,204078.3891523085,2124250.661211277,13463268.350841004,18.1375,18.1375,18.1375,18.1375,18.1375,18.1375,18.1375,18.1375,18.1375,18.1375,18.1375,59.0,59.0,59.0,0.0,0.0,0.0,5.958984375,5.958984375,5.958984375,254.782,254.782,254.782,59.0,0.0,5.958984375,254.782,5
11776037.308508951,3.6450843811035156,107675800.37710351,205493.08711075824,2138870.082738173,13555924.645479243,17.825,17.825,17.825,17.825,17.825,17.825,17.825,17.825,17.825,17.825,17.825,66.0,66.0,66.0,0.0,0.0,0.0,5.958984375,5.958984375,5.958984375,261.953,261.953,261.953,66.0,0.0,5.958984375,261.953,5
11776038.329130135,3.6450958251953125,103474526.71836029,197426.8250625861,2054780.002946196,13022970.917110167,17.4125,17.4125,17.4125,17.4125,17.4125,17.4125,17.4125,17.4125,17.4125,17.4125,17.4125,64.0,64.0,64.0,0.0,0.0,0.0,5.958984375,5.958984375,5.958984375,253.101,253.101,253.101,64.0,0.0,5.958984375,253.101,5
11776039.335096175,3.6450958251953125,105019842.48463595,200309.94299300574,2084714.5111419964,13212692.555968316,17.5875,17.5875,17.5875,17.5875,17.5875,17.5875,17.5875,17.5875,17.5875,17.5875,17.5875,49.0,49.0,49.0,0.0,0.0,0.0,5.958984375,5.958984375,5.958984375,245.36,245.36,245.36,49.0,0.0,5.958984375,245.36,5
11776040.342560183,3.6450958251953125,104896116.50467286,200012.10794503556,2081614.8095637686,13193046.98639537,18.55,18.55,18.55,18.55,18.55,18.55,18.55,18.55,18.55,18.55,18.55,46.0,46.0,46.0,0.0,0.0,0.0,5.958984375,5.958984375,5.958984375,244.82,244.82,244.82,46.0,0.0,5.958984375,244.82,5
11776041.339588314,3.6450958251953125,106026832.85370232,202118.6702026259,2103403.038203919,13331138.396429135,18.9375,18.9375,18.9375,18.9375,18.9375,18.9375,18.9375,18.9375,18.9375,18.9375,18.9375,46.0,46.0,46.0,0.0,0.0,0.0,5.958984375,5.958984375,5.958984375,244.883,244.883,244.883,46.0,0.0,5.958984375,244.883,5
11776042.341315148,3.6450958251953125,105562111.74540424,201180.5944884819,2093536.8092409433,13268607.316380588,18.875,18.875,18.875,18.875,18.875,18.875,18.875,18.875,18.875,18.875,18.875,65.0,65.0,65.0,0.0,0.0,0.0,5.958984375,5.958984375,5.958984375,241.921,241.921,241.921,65.0,0.0,5.958984375,241.921,5
11776043.329641849,3.6450958251953125,107021963.44258682,203908.2824713353,2121921.829231302,13448508.468467917,18.425,18.425,18.425,18.425,18.425,18.425,18.425,18.425,18.425,18.425,18.425,59.0,59.0,59.0,0.0,0.0,0.0,5.958984375,5.958984375,5.958984375,233.611,233.611,233.611,59.0,0.0,5.958984375,233.611,5
11776044.32981288,3.6450958251953125,105787338.0008585,201500.53699987306,2096793.3816476434,13289247.116106646,17.925,17.925,17.925,17.925,17.925,17.925,17.925,17.925,17.925,17.925,17.925,58.0,58.0,58.0,0.0,0.0,0.0,5.958984375,5.958984375,5.958984375,256.377,256.377,256.377,58.0,0.0,5.958984375,256.377,5
11776045.341570375,3.6450958251953125,104612553.43838152,199199.90810006854,2072781.2846546872,13137061.071688397,17.7,17.7,17.7,17.7,17.7,17.7,17.7,17.7,17.7,17.7,17.7,48.0,48.0,48.0,0.0,0.0,0.0,5.958984375,5.958984375,5.958984375,256.969,256.969,256.969,48.0,0.0,5.958984375,256.969,5
11776046.342087839,3.6450958251953125,105820491.77789444,201444.75972753638,2096067.3620415998,13284645.683251936,19.0125,19.0125,19.0125,19.0125,19.0125,19.0125,19.0125,19.0125,19.0125,19.0125,19.0125,47.0,47.0,47.0,0.0,0.0,0.0,5.958984375,5.958984375,5.958984375,241.272,241.272,241.272,47.0,0.0,5.958984375,241.272,5
11776047.34155567,3.6450958251953125,105964351.93207774,201664.3194780588,2098268.633300009,13298597.099723693,18.9375,18.9375,18.9375,18.9375,18.9375,18.9375,18.9375,18.9375,18.9375,18.9375,18.9375,50.0,50.0,50.0,0.0,0.0,0.0,5.958984375,5.958984375,5.958984375,229.095,229.095,229.095,50.0,0.0,5.958984375,229.095,5
11776048.341463065,3.6450958251953125,105950485.55837049,201575.66694061697,2097346.225017483,13292750.976917444,19.025,19.025,19.025,19.025,19.025,19.025,19.025,19.025,19.025,19.025,19.025,50.0,50.0,50.0,0.0,0.0,0.0,5.958984375,5.958984375,5.958984375,243.424,243.424,243.424,50.0,0.0,5.958984375,243.424,5
11776049.343584068,3.6450958251953125,105749102.79926848,201145.3699974735,2092713.34798951,13263388.309035078,18.7,18.7,18.7,18.7,18.7,18.7,18.7,18.7,18.7,18.7,18.7,48.0,48.0,48.0,0.0,0.0,0.0,5.958984375,5.958984375,5.958984375,244.004,244.004,244.004,48.0,0.0,5.958984375,244.004,5
11776050.320906255,3.6450958251953125,108460309.58898772,206260.5378499827,2145814.376575242,13599936.820286443,19.650000000000002,19.650000000000002,19.650000000000002,19.650000000000002,19.650000000000002,19.650000000000002,19.650000000000002,19.650000000000002,19.650000000000002,19.650000000000002,19.650000000000002,57.0,57.0,57.0,0.0,0.0,0.0,5.958984375,5.958984375,5.958984375,243.223,243.223,243.223,57.0,0.0,5.958984375,243.223,5
11776051.332157392,3.6450958251953125,104853659.15152475,199347.1183287908,2073819.1770299135,13143639.120043105,17.65,17.65,17.65,17.65,17.65,17.65,17.65,17.65,17.65,17.65,17.65,60.0,60.0,60.0,0.0,0.0,0.0,5.958984375,5.958984375,5.958984375,248.002,248.002,248.002,60.0,0.0,5.958984375,248.002,5
11776052.333005125,3.6450958251953125,105977284.59587483,201427.24354939547,2095375.6816243308,13284354.419048004,17.6875,17.6875,17.6875,17.6875,17.6875,17.6875,17.6875,17.6875,17.6875,17.6875,17.6875,58.0,58.0,58.0,0.0,0.0,0.0,5.958984375,5.958984375,5.958984375,261.909,261.909,261.909,58.0,0.0,5.958984375,261.909,5
11776053.335113928,3.6450958251953125,105883062.47819269,201175.75995008223,2092738.8260458077,13267637.16668885,19.475,19.475,19.475,19.475,19.475,19.475,19.475,19.475,19.475,19.475,19.475,57.0,57.0,57.0,0.0,0.0,0.0,5.958984375,5.958984375,5.958984375,259.663,259.663,259.663,57.0,0.0,5.958984375,259.663,5
11776054.330960896,3.6450958251953125,106581527.47886184,202451.78872785484,2105897.8609014302,13351063.391574303,17.6875,17.6875,17.6875,17.6875,17.6875,17.6875,17.6875,17.6875,17.6875,17.6875,17.6875,58.0,58.0,58.0,0.0,0.0,0.0,5.958984375,5.958984375,5.958984375,261.229,261.229,261.229,58.0,0.0,5.958984375,261.229,5
11776055.329557918,3.6450958251953125,106320162.83389105,201902.26440563626,2100098.3915345725,13314295.661955511,18.075000000000003,18.075000000000003,18.075000000000003,18.075000000000003,18.075000000000003,18.075000000000003,18.075000000000003,18.075000000000003,18.075000000000003,18.075000000000003,18.075000000000003,58.0,58.0,58.0,0.0,0.0,0.0,5.958984375,5.958984375,5.958984375,257.959,257.959,257.959,58.0,0.0,5.958984375,257.959,5
11776056.329830611,3.6450958251953125,106175723.61145724,201572.03269501295,2096580.2769986747,13291991.365503317,17.625,17.625,17.625,17.625,17.625,17.625,17.625,17.625,17.625,17.625,17.625,52.0,52.0,52.0,0.0,0.0,0.0,5.958984375,5.958984375,5.958984375,257.384,257.384,257.384,52.0,0.0,5.958984375,257.384,5
11776057.312570635,3.6451377868652344,108101485.02578971,205176.33865954675,2133984.521400281,13529128.430596316,18.1,18.1,18.1,18.1,18.1,18.1,18.1,18.1,18.1,18.1,18.1,58.0,58.0,58.0,0.0,0.0,0.0,5.958984375,5.958984375,5.958984375,261.813,261.813,261.813,58.0,0.0,5.958984375,261.813,5
11776058.331034036,3.6451377868652344,104349411.95012373,197987.4777802379,2059133.3941757537,13054583.979481438,17.6375,17.6375,17.6375,17.6375,17.6375,17.6375,17.6375,17.6375,17.6375,17.6375,17.6375,49.0,49.0,49.0,0.0,0.0,0.0,5.958984375,5.958984375,5.958984375,247.381,247.381,247.381,49.0,0.0,5.958984375,247.381,5
11776059.34192101,3.6451377868652344,105166557.55161099,199472.3499576245,2074566.253686359,13152425.897394378,18.4375,18.4375,18.4375,18.4375,18.4375,18.4375,18.4375,18.4375,18.4375,18.4375,18.4375,48.0,48.0,48.0,0.0,0.0,0.0,5.958984375,5.958984375,5.958984375,228.194,228.194,228.194,48.0,0.0,5.958984375,228.194,5
11776060.341795731,3.6451377868652344,106357554.23907334,201677.26568162296,2097414.7594804266,13297281.854049735,18.7625,18.7625,18.7625,18.7625,18.7625,18.7625,18.7625,18.7625,18.7625,18.7625,18.7625,47.0,47.0,47.0,0.0,0.0,0.0,5.958984375,5.958984375,5.958984375,242.459,242.459,242.459,47.0,0.0,5.958984375,242.459,5
11776061.330997653,3.6451377868652344,107538145.28401569,203860.2994204319,2120044.4049120424,13440750.270204082,19.2,19.2,19.2,19.2,19.2,19.2,19.2,19.2,19.2,19.2,19.2,47.0,47.0,47.0,0.0,0.0,0.0,5.958984375,5.958984375,5.958984375,242.431,242.431,242.431,47.0,0.0,5.958984375,242.431,5
11776062.341195649,3.6451377868652344,105335445.62787846,199632.1522633528,2075981.154091848,13161396.144886991,18.7875,18.7875,18.7875,18.7875,18.7875,18.7875,18.7875,18.7875,18.7875,18.7875,18.7875,50.0,50.0,50.0,0.0,0.0,0.0,5.958984375,5.958984375,5.958984375,234.945,234.945,234.945,50.0,0.0,5.958984375,234.945,5
11776063.34128401,3.6451377868652344,106432964.36792962,201650.18178195218,2096966.7077790454,13294441.276271058,18.65,18.65,18.65,18.65,18.65,18.65,18.65,18.65,18.65,18.65,18.65,48.0,48.0,48.0,0.0,0.0,0.0,5.958984375,5.958984375,5.958984375,245.789,245.789,245.789,48.0,0.0,5.958984375,245.789,5
11776064.342581293,3.6451377868652344,106339874.18948087,201415.7070176867,2094434.9271535957,13278390.18269643,18.675,18.675,18.675,18.675,18.675,18.675,18.675,18.675,18.675,18.675,18.675,48.0,48.0,48.0,0.0,0.0,0.0,5.958984375,5.958984375,5.958984375,247.188,247.188,247.188,48.0,0.0,5.958984375,247.188,5
11776065.330778254,3.6451377868652344,107782698.32920691,204093.92847877534,2122200.413006027,13454419.024643682,19.025,19.025,19.025,19.025,19.025,19.025,19.025,19.025,19.025,19.025,19.025,46.0,46.0,46.0,0.0,0.0,0.0,5.958984375,5.958984375,5.958984375,242.571,242.571,242.571,46.0,0.0,5.958984375,242.571,5
11776066.34426984,3.6451377868652344,105127657.18776664,199008.06559799972,2069234.7418352463,13118624.94530705,19.6,19.6,19.6,19.6,19.6,19.6,19.6,19.6,19.6,19.6,19.6,50.0,50.0,50.0,0.0,0.0,0.0,5.958984375,5.958984375,5.958984375,232.436,232.436,232.436,50.0,0.0,5.958984375,232.436,5
11776067.34267178,3.6451377868652344,106749273.75841431,202016.8350498988,2100508.7392712,13320999.758620284,18.6625,18.6625,18.6625,18.6625,18.6625,18.6625,18.6625,18.6625,18.6625,18.6625,18.6625,51.0,51.0,51.0,0.0,0.0,0.0,5.958984375,5.958984375,5.958984375,244.783,244.783,244.783,51.0,0.0,5.958984375,244.783,5
11776068.344499804,3.6451377868652344,106416841.44240353,201333.9566622195,2093325.3506761806,13275444.167276481,18.8125,18.8125,18.8125,18.8125,18.8125,18.8125,18.8125,18.8125,18.8125,18.8125,18.8125,48.0,48.0,48.0,0.0,0.0,0.0,5.958984375,5.958984375,5.958984375,239.472,239.472,239.472,48.0,0.0,5.958984375,239.472,5
11776069.342348196,3.6451377868652344,106876757.93731435,202144.93675750928,2101673.9795294437,13328389.47564864,19.75,19.75,19.75,19.75,19.75,19.75,19.75,19.75,19.75,19.75,19.75,50.0,50.0,50.0,0.0,0.0,0.0,5.958984375,5.958984375,5.958984375,245.634,245.634,245.634,50.0,0.0,5.958984375,245.634,5
11776070.34362816,3.6451377868652344,106543102.55315197,201452.14829233487,2094471.1501441014,13282710.594761517,18.6125,18.6125,18.6125,18.6125,18.6125,18.6125,18.6125,18.6125,18.6125,18.6125,18.6125,49.0,49.0,49.0,0.0,0.0,0.0,5.958984375,5.958984375,5.958984375,233.873,233.873,233.873,49.0,0.0,5.958984375,233.873,5
11776071.34288954,3.6451377868652344,106793686.0333336,201867.10323281653,2098702.1449692524,13309542.704521801,20.0625,20.0625,20.0625,20.0625,20.0625,20.0625,20.0625,20.0625,20.0625,20.0625,20.0625,47.0,47.0,47.0,0.0,0.0,0.0,5.958984375,5.958984375,5.958984375,242.925,242.925,242.925,47.0,0.0,5.958984375,242.925,5
11776072.326335788,3.6451416015625,108544226.21529295,205131.69930310195,2132452.0832022983,13594382.030414652,19.3125,19.3125,19.3125,19.3125,19.3125,19.3125,19.3125,19.3125,19.3125,19.3125,19.3125,47.0,47.0,47.0,0.0,0.0,0.0,5.958984375,5.958984375,5.958984375,238.964,238.964,238.964,47.0,0.0,5.958984375,238.964,5
11776073.342392476,3.6451377868652344,105092613.63889396,198554.86636021227,2064010.8211786873,13158068.985014131,18.5125,18.5125,18.5125,18.5125,18.5125,18.5125,18.5125,18.5125,18.5125,18.5125,18.5125,49.0,49.0,49.0,0.0,0.0,0.0,5.958984375,5.958984375,5.958984375,228.107,228.107,228.107,49.0,0.0,5.958984375,228.107,5
11776074.34422629,3.6451377868652344,106619886.03867312,201375.71454342824,2093313.254386377,13344871.996713154,18.975,18.975,18.975,18.975,18.975,18.975,18.975,18.975,18.975,18.975,18.975,49.0,49.0,49.0,0.0,0.0,0.0,5.958984375,5.958984375,5.958984375,243.613,243.613,243.613,49.0,0.0,5.958984375,243.613,5
11776075.343713593,3.6451377868652344,106902862.75592548,201857.49169057386,2098227.754660975,13376201.935963716,18.95,18.95,18.95,18.95,18.95,18.95,18.95,18.95,18.95,18.95,18.95,47.0,47.0,47.0,0.0,0.0,0.0,5.958984375,5.958984375,5.958984375,242.913,242.913,242.913,47.0,0.0,5.958984375,242.913,5
11776076.331573011,3.6451377868652344,108188734.13158908,204240.59962168554,2122925.550417658,13533650.383912569,18.6,18.6,18.6,18.6,18.6,18.6,18.6,18.6,18.6,18.6,18.6,64.0,64.0,64.0,0.0,0.0,0.0,5.958984375,5.958984375,5.958984375,250.684,250.684,250.684,64.0,0.0,5.958984375,250.684,5
11776077.333124505,3.6451377868652344,106745365.2061049,201461.4337937657,2093903.3215551227,13348633.674913907,17.900000000000002,17.900000000000002,17.900000000000002,17.900000000000002,17.900000000000002,17.900000000000002,17.900000000000002,17.900000000000002,17.900000000000002,17.900000000000002,17.900000000000002,61.0,61.0,61.0,0.0,0.0,0.0,5.958984375,5.958984375,5.958984375,247.488,247.488,247.488,61.0,0.0,5.958984375,247.488,5
11776078.332986398,3.6451377868652344,106958963.85512707,201801.87038959918,2097441.672818543,13371190.664218212,17.575,17.575,17.575,17.575,17.575,17.575,17.575,17.575,17.575,17.575,17.575,58.0,58.0,58.0,0.0,0.0,0.0,5.958984375,5.958984375,5.958984375,259.396,259.396,259.396,58.0,0.0,5.958984375,259.396,5
11776079.33247509,3.6451377868652344,107033037.77027093,201884.22487174094,2098224.83761217,13376183.339777583,17.65,17.65,17.65,17.65,17.65,17.65,17.65,17.65,17.65,17.65,17.65,57.0,57.0,57.0,0.0,0.0,0.0,5.958984375,5.958984375,5.958984375,262.776,262.776,262.776,57.0,0.0,5.958984375,262.776,5
11776080.332334831,3.6451377868652344,107028051.65203275,201818.30684245293,2097446.185793468,13371219.434433356,17.5125,17.5125,17.5125,17.5125,17.5125,17.5125,17.5125,17.5125,17.5125,17.5125,17.5125,58.0,58.0,58.0,0.0,0.0,0.0,5.958984375,5.958984375,5.958984375,263.896,263.896,263.896,58.0,0.0,5.958984375,263.896,5
11776081.335582698,3.6451377868652344,106699226.1676732,201147.6991450939,2090362.780945248,13326062.728525955,17.75,17.75,17.75,17.75,17.75,17.75,17.75,17.75,17.75,17.75,17.75,56.0,56.0,56.0,0.0,0.0,0.0,5.958984375,5.958984375,5.958984375,266.701,266.701,266.701,56.0,0.0,5.958984375,266.701,5
11776082.332226276,3.6451377868652344,107441997.61644143,202488.63718829866,2104214.630946662,13414368.27228497,18.587500000000002,18.587500000000002,18.587500000000002,18.587500000000002,18.587500000000002,18.587500000000002,18.587500000000002,18.587500000000002,18.587500000000002,18.587500000000002,18.587500000000002,54.0,54.0,54.0,0.0,0.0,0.0,5.958984375,5.958984375,5.958984375,259.566,259.566,259.566,54.0,0.0,5.958984375,259.566,5
11776083.326182043,3.6451377868652344,107763472.56051959,203047.265024049,2109904.756415194,13454763.729874233,17.7,17.7,17.7,17.7,17.7,17.7,17.7,17.7,17.7,17.7,17.7,56.0,56.0,56.0,0.0,0.0,0.0,5.958984375,5.958984375,5.958984375,258.225,258.225,258.225,56.0,0.0,5.958984375,258.225,5
11776084.333668264,3.6451377868652344,106348676.36425558,200328.29819747875,2081568.9162130079,13274067.405147403,17.887500000000003,17.887500000000003,17.887500000000003,17.887500000000003,17.887500000000003,17.887500000000003,17.887500000000003,17.887500000000003,17.887500000000003,17.887500000000003,17.887500000000003,58.0,58.0,58.0,0.0,0.0,0.0,5.958984375,5.958984375,5.958984375,248.949,248.949,248.949,58.0,0.0,5.958984375,248.949,5
11776085.334153028,3.6451377868652344,107129932.20384277,201732.20737203618,2096135.8675849992,13366960.171220748,18.25,18.25,18.25,18.25,18.25,18.25,18.25,18.25,18.25,18.25,18.25,56.0,56.0,56.0,0.0,0.0,0.0,5.958984375,5.958984375,5.958984375,262.411,262.411,262.411,56.0,0.0,5.958984375,262.411,5
11776086.332899638,3.6451377868652344,107348432.52534698,202090.298097108,2099783.849516918,13390223.18100144,17.85,17.85,17.85,17.85,17.85,17.85,17.85,17.85,17.85,17.85,17.85,58.0,58.0,58.0,0.0,0.0,0.0,5.958984375,5.958984375,5.958984375,262.237,262.237,262.237,58.0,0.0,5.958984375,262.237,5
11776087.344210882,3.6451377868652344,106051493.65541643,199587.4179721691,2073695.9190228656,13223861.67111261,17.625,17.625,17.625,17.625,17.625,17.625,17.625,17.625,17.625,17.625,17.625,48.0,48.0,48.0,0.0,0.0,0.0,5.958984375,5.958984375,5.958984375,255.515,255.515,255.515,48.0,0.0,5.958984375,255.515,5
11776088.345809976,3.6451377868652344,107115213.71524386,201531.73183713795,2093803.8110996936,13352088.7563291,19.724999999999998,19.724999999999998,19.724999999999998,19.724999999999998,19.724999999999998,19.724999999999998,19.724999999999998,19.724999999999998,19.724999999999998,19.724999999999998,19.724999999999998,46.0,46.0,46.0,0.0,0.0,0.0,5.958984375,5.958984375,5.958984375,245.276,245.276,245.276,46.0,0.0,5.958984375,245.276,5
11776089.344531547,3.6451377868652344,107456565.52091824,202122.39900724782,2099836.4905225686,13390558.870226925,18.625,18.625,18.625,18.625,18.625,18.625,18.625,18.625,18.625,18.625,18.625,49.0,49.0,49.0,0.0,0.0,0.0,5.958984375,5.958984375,5.958984375,238.892,238.892,238.892,49.0,0.0,5.958984375,238.892,5
11776090.336834421,3.6451377868652344,108185489.33159342,203430.83273082235,2113419.2540713325,13477175.516685352,19.725,19.725,19.725,19.725,19.725,19.725,19.725,19.725,19.725,19.725,19.725,56.0,56.0,56.0,0.0,0.0,0.0,5.958984375,5.958984375,5.958984375,247.793,247.793,247.793,56.0,0.0,5.958984375,247.793,5
11776091.336113274,3.6451377868652344,107462161.04556128,202017.68450448255,2098665.4468868617,13383091.179854695,17.925,17.925,17.925,17.925,17.925,17.925,17.925,17.925,17.925,17.925,17.925,57.0,57.0,57.0,0.0,0.0,0.0,5.958984375,5.958984375,5.958984375,256.696,256.696,256.696,57.0,0.0,5.958984375,256.696,5
11776092.335487364,3.6451377868652344,107484892.8948321,202006.43789750713,2098465.4510086826,13381815.815514354,17.825,17.825,17.825,17.825,17.825,17.825,17.825,17.825,17.825,17.825,17.825,54.0,54.0,54.0,0.0,0.0,0.0,5.958984375,5.958984375,5.958984375,261.159,261.159,261.159,54.0,0.0,5.958984375,261.159,5
11776093.335159028,3.6451377868652344,107488081.1970653,201954.30885198448,2097840.796469116,13377832.42279622,18.0,18.0,18.0,18.0,18.0,18.0,18.0,18.0,18.0,18.0,18.0,56.0,56.0,56.0,0.0,0.0,0.0,5.958984375,5.958984375,5.958984375,256.707,256.707,256.707,56.0,0.0,5.958984375,256.707,5
11776094.34450113,3.6451377868652344,106490657.38114075,200027.3242671197,2077741.5260403308,13249660.317425156,18.4375,18.4375,18.4375,18.4375,18.4375,18.4375,18.4375,18.4375,18.4375,18.4375,18.4375,65.0,65.0,65.0,0.0,0.0,0.0,5.958984375,5.958984375,5.958984375,245.91,245.91,245.91,65.0,0.0,5.958984375,245.91,5
11776095.344702031,3.6451377868652344,107502098.70146403,201857.44660068405,2096730.7643142466,13370753.799777374,18.3125,18.3125,18.3125,18.3125,18.3125,18.3125,18.3125,18.3125,18.3125,18.3125,18.3125,49.0,49.0,49.0,0.0,0.0,0.0,5.958984375,5.958984375,5.958984375,229.521,229.521,229.521,49.0,0.0,5.958984375,229.521,5
11776096.344109993,3.6451377868652344,107620133.21223567,202025.60684337458,2098394.3292561723,13381362.275432426,18.7125,18.7125,18.7125,18.7125,18.7125,18.7125,18.7125,18.7125,18.7125,18.7125,18.7125,47.0,47.0,47.0,0.0,0.0,0.0,5.958984375,5.958984375,5.958984375,238.596,238.596,238.596,47.0,0.0,5.958984375,238.596,5
11776097.345337419,3.6451377868652344,107457266.22080708,201668.4669989388,2094581.0579833123,13357045.22327249,18.875,18.875,18.875,18.875,18.875,18.875,18.875,18.875,18.875,18.875,18.875,47.0,47.0,47.0,0.0,0.0,0.0,5.958984375,5.958984375,5.958984375,239.802,239.802,239.802,47.0,0.0,5.958984375,239.802,5
11776098.34495337,3.6451377868652344,107663218.00397633,202000.57821906375,2097957.719592449,13378578.03607294,18.925,18.925,18.925,18.925,18.925,18.925,18.925,18.925,18.925,18.925,18.925,49.0,49.0,49.0,0.0,0.0,0.0,5.958984375,5.958984375,5.958984375,230.432,230.432,230.432,49.0,0.0,5.958984375,230.432,5
11776099.345838284,3.6451377868652344,107559404.0945866,201744.4733356337,2095297.839992328,13361616.108544827,18.7375,18.7375,18.7375,18.7375,18.7375,18.7375,18.7375,18.7375,18.7375,18.7375,18.7375,49.0,49.0,49.0,0.0,0.0,0.0,5.958984375,5.958984375,5.958984375,245.873,245.873,245.873,49.0,0.0,5.958984375,245.873,5
11776100.346903076,3.6451377868652344,107575498.44023544,201717.21306970235,2094921.3439353467,13363306.854087584,20.075,20.075,20.075,20.075,20.075,20.075,20.075,20.075,20.075,20.075,20.075,47.0,47.0,47.0,0.0,0.0,0.0,5.958984375,5.958984375,5.958984375,244.026,244.026,244.026,47.0,0.0,5.958984375,244.026,5
11776101.34803001,3.6451377868652344,107604236.14464948,201714.68089948513,2094791.3087803281,13362477.372024514,20.6625,20.6625,20.6625,20.6625,20.6625,20.6625,20.6625,20.6625,20.6625,20.6625,20.6625,64.0,64.0,64.0,0.0,0.0,0.0,5.958984375,5.958984375,5.958984375,242.803,242.803,242.803,64.0,0.0,5.958984375,242.803,5
11776102.480987009,3.6451377868652344,95112365.3854619,178243.30515733227,1851042.8929955615,11807629.07914747,20.35,20.35,20.35,20.35,20.35,20.35,20.35,20.35,20.35,20.35,20.35,47.0,47.0,47.0,0.0,0.0,0.0,5.958984375,5.958984375,5.958984375,202.04,202.04,202.04,47.0,0.0,5.958984375,202.04,5
11776103.485193204,3.6451377868652344,107339418.42407817,201106.1083971324,2088367.9163230024,13321503.153732277,18.8375,18.8375,18.8375,18.8375,18.8375,18.8375,18.8375,18.8375,18.8375,18.8375,18.8375,48.0,48.0,48.0,0.0,0.0,0.0,5.958984375,5.958984375,5.958984375,243.513,243.513,243.513,48.0,0.0,5.958984375,243.513,5
11776104.487321807,3.6451377868652344,107594527.97176881,201533.01622977827,2092697.4780023566,13349121.021788469,19.0375,19.0375,19.0375,19.0375,19.0375,19.0375,19.0375,19.0375,19.0375,19.0375,19.0375,48.0,48.0,48.0,0.0,0.0,0.0,5.958984375,5.958984375,5.958984375,243.115,243.115,243.115,48.0,0.0,5.958984375,243.115,5
11776105.48455812,3.6451377868652344,108157851.41563702,202533.739803331,2102963.933456956,13414609.77865316,19.8,19.8,19.8,19.8,19.8,19.8,19.8,19.8,19.8,19.8,19.8,50.0,50.0,50.0,0.0,0.0,0.0,5.958984375,5.958984375,5.958984375,231.099,231.099,231.099,50.0,0.0,5.958984375,231.099,5
11776106.481697848,3.6451377868652344,108201077.54528172,202553.35775912338,2103167.63212721,13415909.15337396,18.825,18.825,18.825,18.825,18.825,18.825,18.825,18.825,18.825,18.825,18.825,50.0,50.0,50.0,0.0,0.0,0.0,5.958984375,5.958984375,5.958984375,238.115,238.115,238.115,50.0,0.0,5.958984375,238.115,5
11776107.484920293,3.6451377868652344,107580330.2997259,201337.2019350675,2090415.7501635298,13334566.093816578,20.037499999999998,20.037499999999998,20.037499999999998,20.037499999999998,20.037499999999998,20.037499999999998,20.037499999999998,20.037499999999998,20.037499999999998,20.037499999999998,20.037499999999998,48.0,48.0,48.0,0.0,0.0,0.0,5.958984375,5.958984375,5.958984375,241.972,241.972,241.972,48.0,0.0,5.958984375,241.972,5
11776108.474715466,3.6451377868652344,109072734.43032137,204075.555826413,2118773.720141162,13515458.92574421,18.7,18.7,18.7,18.7,18.7,18.7,18.7,18.7,18.7,18.7,18.7,78.0,78.0,78.0,0.0,0.0,0.0,5.958984375,5.958984375,5.958984375,239.995,239.995,239.995,78.0,0.0,5.958984375,239.995,5
11776109.470791804,3.6451377868652344,108417725.51045501,202795.70179026798,2105412.928717149,13430231.689824626,17.775,17.775,17.775,17.775,17.775,17.775,17.775,17.775,17.775,17.775,17.775,45.0,45.0,45.0,0.0,0.0,0.0,5.958984375,5.958984375,5.958984375,241.422,241.422,241.422,45.0,0.0,5.958984375,241.422,5
11776110.48499218,3.6451377868652344,106515179.36636065,199172.6730842243,2067788.6233430882,13190229.773122123,18.974999999999998,18.974999999999998,18.974999999999998,18.974999999999998,18.974999999999998,18.974999999999998,18.974999999999998,18.974999999999998,18.974999999999998,18.974999999999998,18.974999999999998,49.0,49.0,49.0,0.0,0.0,0.0,5.958984375,5.958984375,5.958984375,247.548,247.548,247.548,49.0,0.0,5.958984375,247.548,5
11776111.484044945,3.6451377868652344,108162857.66093077,202199.53050303573,2099140.379556762,13390219.686782,18.75,18.75,18.75,18.75,18.75,18.75,18.75,18.75,18.75,18.75,18.75,48.0,48.0,48.0,0.0,0.0,0.0,5.958984375,5.958984375,5.958984375,244.998,244.998,244.998,48.0,0.0,5.958984375,244.998,5
11776112.481749672,3.6451377868652344,108344488.11595348,202480.7484785391,2101976.608948129,13408311.728173027,19.075,19.075,19.075,19.075,19.075,19.075,19.075,19.075,19.075,19.075,19.075,46.0,46.0,46.0,0.0,0.0,0.0,5.958984375,5.958984375,5.958984375,242.99,242.99,242.99,46.0,0.0,5.958984375,242.99,5
11776113.483755188,3.6451377868652344,107912048.70073235,201612.6626558313,2092954.5469638787,13350760.840593804,18.9,18.9,18.9,18.9,18.9,18.9,18.9,18.9,18.9,18.9,18.9,49.0,49.0,49.0,0.0,0.0,0.0,5.958984375,5.958984375,5.958984375,228.426,228.426,228.426,49.0,0.0,5.958984375,228.426,5
11776114.48370776,3.6451377868652344,108166265.167324,202034.58220393705,2097251.4695614455,13382266.701283677,19.275,19.275,19.275,19.275,19.275,19.275,19.275,19.275,19.275,19.275,19.275,47.0,47.0,47.0,0.0,0.0,0.0,5.958984375,5.958984375,5.958984375,236.778,236.778,236.778,47.0,0.0,5.958984375,236.778,5
11776115.485243425,3.6451454162597656,108027911.29126278,201727.21452790799,2093936.4146251988,13361113.801915087,19.45,19.45,19.45,19.45,19.45,19.45,19.45,19.45,19.45,19.45,19.45,46.0,46.0,46.0,0.0,0.0,0.0,5.958984375,5.958984375,5.958984375,240.123,240.123,240.123,46.0,0.0,5.958984375,240.123,5
11776116.483924096,3.6451454162597656,108372190.50035338,202311.9158406503,2099922.4872134994,13399310.089309575,19.0125,19.0125,19.0125,19.0125,19.0125,19.0125,19.0125,19.0125,19.0125,19.0125,19.0125,49.0,49.0,49.0,0.0,0.0,0.0,5.958984375,5.958984375,5.958984375,229.922,229.922,229.922,49.0,0.0,5.958984375,229.922,5
11776117.484242288,3.6451454162597656,108227434.90192637,201982.73072194352,2096484.9153859513,13377375.426886529,18.4875,18.4875,18.4875,18.4875,18.4875,18.4875,18.4875,18.4875,18.4875,18.4875,18.4875,50.0,50.0,50.0,0.0,0.0,0.0,5.958984375,5.958984375,5.958984375,243.042,243.042,243.042,50.0,0.0,5.958984375,243.042,5
11776118.485983362,3.6451454162597656,108109056.13043582,201707.8117681636,2093507.0492540684,13358374.08186141,19.2125,19.2125,19.2125,19.2125,19.2125,19.2125,19.2125,19.2125,19.2125,19.2125,19.2125,45.0,45.0,45.0,0.0,0.0,0.0,5.958984375,5.958984375,5.958984375,244.883,244.883,244.883,45.0,0.0,5.958984375,244.883,5
11776119.486260816,3.6451454162597656,108299909.75321193,202012.95069201247,2096570.2981142844,13377920.242069077,18.9125,18.9125,18.9125,18.9125,18.9125,18.9125,18.9125,18.9125,18.9125,18.9125,18.9125,46.0,46.0,46.0,0.0,0.0,0.0,5.958984375,5.958984375,5.958984375,242.926,242.926,242.926,46.0,0.0,5.958984375,242.926,5
11776120.485352786,3.6451454162597656,108461103.9575961,202252.65151500388,2099058.008056621,13393793.969376916,18.4125,18.4125,18.4125,18.4125,18.4125,18.4125,18.4125,18.4125,18.4125,18.4125,18.4125,49.0,49.0,49.0,0.0,0.0,0.0,5.958984375,5.958984375,5.958984375,230.323,230.323,230.323,49.0,0.0,5.958984375,230.323,5
11776121.4853018,3.6451454162597656,108403551.08358282,202087.30366078598,2097258.931233266,13382314.313162263,20.0125,20.0125,20.0125,20.0125,20.0125,20.0125,20.0125,20.0125,20.0125,20.0125,20.0125,48.0,48.0,48.0,0.0,0.0,0.0,5.958984375,5.958984375,5.958984375,240.68,240.68,240.68,48.0,0.0,5.958984375,240.68,5
11776122.48409999,3.645160675048828,108561165.92904924,202332.16488286335,2099675.411568302,13397733.534362586,19.275,19.275,19.275,19.275,19.275,19.275,19.275,19.275,19.275,19.275,19.275,46.0,46.0,46.0,0.0,0.0,0.0,5.958984375,5.958984375,5.958984375,240.976,240.976,240.976,46.0,0.0,5.958984375,240.976,5
11776123.484522551,3.645160675048828,108420287.75610846,202011.6376510539,2096266.1985243866,13375979.825349944,19.9375,19.9375,19.9375,19.9375,19.9375,19.9375,19.9375,19.9375,19.9375,19.9375,19.9375,49.0,49.0,49.0,0.0,0.0,0.0,5.958984375,5.958984375,5.958984375,230.849,230.849,230.849,49.0,0.0,5.958984375,230.849,5
11776124.486797217,3.645160675048828,108252529.65338276,201639.33785763677,2092392.5059467123,13351262.337749822,18.8,18.8,18.8,18.8,18.8,18.8,18.8,18.8,18.8,18.8,18.8,49.0,49.0,49.0,0.0,0.0,0.0,5.958984375,5.958984375,5.958984375,242.308,242.308,242.308,49.0,0.0,5.958984375,242.308,5
11776125.48622844,3.645160675048828,108593218.3600097,202221.0187296407,2098345.491330804,13389247.500347141,18.8375,18.8375,18.8375,18.8375,18.8375,18.8375,18.8375,18.8375,18.8375,18.8375,18.8375,48.0,48.0,48.0,0.0,0.0,0.0,5.958984375,5.958984375,5.958984375,248.098,248.098,248.098,48.0,0.0,5.958984375,248.098,5
11776126.457879974,3.645160675048828,111734385.47015037,208010.7867964748,2158337.5597524205,13772048.452560855,20.1875,20.1875,20.1875,20.1875,20.1875,20.1875,20.1875,20.1875,20.1875,20.1875,20.1875,46.0,46.0,46.0,0.0,0.0,0.0,5.958984375,5.958984375,5.958984375,241.242,241.242,241.242,46.0,0.0,5.958984375,241.242,5
11776127.486774337,3.645160675048828,105549784.22312655,196444.85116657233,2038257.8381943463,13005836.635509629,18.525,18.525,18.525,18.525,18.525,18.525,18.525,18.525,18.525,18.525,18.525,50.0,50.0,50.0,0.0,0.0,0.0,5.958984375,5.958984375,5.958984375,230.752,230.752,230.752,50.0,0.0,5.958984375,230.752,5
11776128.484780125,3.645160675048828,108849330.55701578,202526.881380558,2101342.5208462174,13408371.124227718,18.4375,18.4375,18.4375,18.4375,18.4375,18.4375,18.4375,18.4375,18.4375,18.4375,18.4375,49.0,49.0,49.0,0.0,0.0,0.0,5.958984375,5.958984375,5.958984375,247.562,247.562,247.562,49.0,0.0,5.958984375,247.562,5
11776129.47640797,3.645160675048828,109582393.89097184,203839.5767250165,2114857.920319897,13494610.98766622,18.1875,18.1875,18.1875,18.1875,18.1875,18.1875,18.1875,18.1875,18.1875,18.1875,18.1875,79.0,79.0,79.0,0.0,0.0,0.0,5.958984375,5.958984375,5.958984375,253.309,253.309,253.309,79.0,0.0,5.958984375,253.309,5
11776130.47444256,3.645160675048828,108911700.051252,202538.07017528437,2101281.8786199563,13407984.174709762,17.8125,17.8125,17.8125,17.8125,17.8125,17.8125,17.8125,17.8125,17.8125,17.8125,17.8125,78.0,78.0,78.0,0.0,0.0,0.0,5.958984375,5.958984375,5.958984375,259.734,259.734,259.734,78.0,0.0,5.958984375,259.734,5
11776131.486092703,3.6451797485351562,107480900.12324318,199819.07911596165,2073001.2387331852,13227529.388557259,18.075,18.075,18.075,18.075,18.075,18.075,18.075,18.075,18.075,18.075,18.075,46.0,46.0,46.0,0.0,0.0,0.0,5.958984375,5.958984375,5.958984375,254.111,254.111,254.111,46.0,0.0,5.958984375,254.111,5
11776132.486454489,3.6451797485351562,108729189.37840381,202074.89227596569,2096393.5556440132,13376792.473220685,18.45,18.45,18.45,18.45,18.45,18.45,18.45,18.45,18.45,18.45,18.45,48.0,48.0,48.0,0.0,0.0,0.0,5.958984375,5.958984375,5.958984375,231.785,231.785,231.785,48.0,0.0,5.958984375,231.785,5
11776133.484614568,3.6451797485351562,109001826.7367979,202529.63851039216,2101017.706343812,13406298.528564908,19.1375,19.1375,19.1375,19.1375,19.1375,19.1375,19.1375,19.1375,19.1375,19.1375,19.1375,49.0,49.0,49.0,0.0,0.0,0.0,5.958984375,5.958984375,5.958984375,241.185,241.185,241.185,49.0,0.0,5.958984375,241.185,5
11776134.486437872,3.6451950073242188,108635912.6818513,201798.06074404888,2093335.2130699703,13357277.619335143,19.15,19.15,19.15,19.15,19.15,19.15,19.15,19.15,19.15,19.15,19.15,47.0,47.0,47.0,0.0,0.0,0.0,5.958984375,5.958984375,5.958984375,240.545,240.545,240.545,47.0,0.0,5.958984375,240.545,5
11776135.486960003,3.6451950073242188,108809890.97190365,202067.49427687895,2096057.5831478252,13374648.679968642,18.725,18.725,18.725,18.725,18.725,18.725,18.725,18.725,18.725,18.725,18.725,49.0,49.0,49.0,0.0,0.0,0.0,5.958984375,5.958984375,5.958984375,232.797,232.797,232.797,49.0,0.0,5.958984375,232.797,5
11776136.486058136,3.6451950073242188,108997693.39050628,202356.49858846058,2099045.0588492453,13393711.342305634,18.5875,18.5875,18.5875,18.5875,18.5875,18.5875,18.5875,18.5875,18.5875,18.5875,18.5875,49.0,49.0,49.0,0.0,0.0,0.0,5.958984375,5.958984375,5.958984375,244.687,244.687,244.687,49.0,0.0,5.958984375,244.687,5
11776137.487360472,3.6451950073242188,108790402.40653528,201919.0336922051,2094424.3569935767,13364227.29355081,18.875,18.875,18.875,18.875,18.875,18.875,18.875,18.875,18.875,18.875,18.875,47.0,47.0,47.0,0.0,0.0,0.0,5.958984375,5.958984375,5.958984375,245.238,245.238,245.238,47.0,0.0,5.958984375,245.238,5
11776138.471358608,3.6451950073242188,110742355.03848587,205479.04765315758,2131256.068489274,13599245.265145425,21.6625,21.6625,21.6625,21.6625,21.6625,21.6625,21.6625,21.6625,21.6625,21.6625,21.6625,47.0,47.0,47.0,0.0,0.0,0.0,5.958984375,5.958984375,5.958984375,241.15,241.15,241.15,47.0,0.0,5.958984375,241.15,5
11776139.485991623,3.6451950073242188,107430953.27100448,199283.8760921086,2066906.9204466755,13188642.400584549,18.925,18.925,18.925,18.925,18.925,18.925,18.925,18.925,18.925,18.925,18.925,49.0,49.0,49.0,0.0,0.0,0.0,5.958984375,5.958984375,5.958984375,229.213,229.213,229.213,49.0,0.0,5.958984375,229.213,5
11776140.486626497,3.6451988220214844,108966544.05212559,202072.7094349724,2095821.4189691013,13377235.150763717,18.0625,18.0625,18.0625,18.0625,18.0625,18.0625,18.0625,18.0625,18.0625,18.0625,18.0625,49.0,49.0,49.0,0.0,0.0,0.0,5.958984375,5.958984375,5.958984375,245.947,245.947,245.947,49.0,0.0,5.958984375,245.947,5
11776141.490032433,3.6451988220214844,108698243.73176141,201521.63021231914,2090033.4796003397,13340291.819011543,19.0625,19.0625,19.0625,19.0625,19.0625,19.0625,19.0625,19.0625,19.0625,19.0625,19.0625,47.0,47.0,47.0,0.0,0.0,0.0,5.958984375,5.958984375,5.958984375,244.656,244.656,244.656,47.0,0.0,5.958984375,244.656,5
11776142.485887662,3.64520263671875,109555283.56491001,203056.62320822346,2105880.392030128,13441439.689754799,19.125,19.125,19.125,19.125,19.125,19.125,19.125,19.125,19.125,19.125,19.125,46.0,46.0,46.0,0.0,0.0,0.0,5.958984375,5.958984375,5.958984375,243.896,243.896,243.896,46.0,0.0,5.958984375,243.896,5
11776143.486463595,3.64520263671875,109076603.11869752,202100.60347078298,2095944.8749114044,13378023.14689545,20.349999999999998,20.349999999999998,20.349999999999998,20.349999999999998,20.349999999999998,20.349999999999998,20.349999999999998,20.349999999999998,20.349999999999998,20.349999999999998,20.349999999999998,49.0,49.0,49.0,0.0,0.0,0.0,5.958984375,5.958984375,5.958984375,228.732,228.732,228.732,49.0,0.0,5.958984375,228.732,5
11776144.487696698,3.6452102661132812,109037708.30162975,201974.94414019052,2094569.1809750022,13369242.350442005,18.8375,18.8375,18.8375,18.8375,18.8375,18.8375,18.8375,18.8375,18.8375,18.8375,18.8375,47.0,47.0,47.0,0.0,0.0,0.0,5.958984375,5.958984375,5.958984375,240.219,240.219,240.219,47.0,0.0,5.958984375,240.219,5
11776145.639040785,3.644634246826172,94850165.32888539,175710.28703638748,1821481.5394676998,11640405.46316077,16.725,16.725,16.725,16.725,16.725,16.725,16.725,16.725,16.725,16.725,16.725,0.0,0.0,0.0,0.0,0.0,0.0,5.947265625,5.947265625,5.947265625,194.501,194.501,194.501,0.0,0.0,5.947265625,194.501,5
11776146.636478474,6.520538330078125,109519788.7096762,202831.71784983907,2102539.358773704,13436540.589663204,53.5,53.5,53.5,53.5,53.5,53.5,53.5,53.5,53.5,53.5,53.5,15.0,15.0,15.0,0.0,0.0,0.0,11.234375,11.234375,11.234375,139.639,139.639,139.639,15.0,0.0,11.234375,139.639,5
11776147.655633455,5.115898132324219,107218225.94293734,198525.25260231722,2057736.1044712286,13150219.792636445,13.625,13.625,13.625,13.625,13.625,13.625,13.625,13.625,13.625,13.625,13.625,0.0,0.0,0.0,0.0,0.0,0.0,11.2421875,11.2421875,11.2421875,160.64,160.64,160.64,0.0,0.0,11.2421875,160.64,5
11776148.664143508,5.115898132324219,108387850.62948272,200621.69867962695,2079455.721272665,13293083.155713735,20.362499999999997,20.362499999999997,20.362499999999997,20.362499999999997,20.362499999999997,20.362499999999997,20.362499999999997,20.362499999999997,20.362499999999997,20.362499999999997,20.362499999999997,57.0,57.0,57.0,0.0,0.0,0.0,11.2421875,11.2421875,11.2421875,247.956,247.956,247.956,57.0,0.0,11.2421875,247.956,5
11776149.662047967,5.115898132324219,109572615.90751882,202763.90006295466,2101555.8965143915,13434360.252522664,20.0625,20.0625,20.0625,20.0625,20.0625,20.0625,20.0625,20.0625,20.0625,20.0625,20.0625,55.0,55.0,55.0,0.0,0.0,0.0,11.2421875,11.2421875,11.2421875,267.293,267.293,267.293,55.0,0.0,11.2421875,267.293,5
11776150.66251999,5.115898132324219,109324161.56650391,202250.5332541976,2096162.5646917012,13399882.957492067,20.8,20.8,20.8,20.8,20.8,20.8,20.8,20.8,20.8,20.8,20.8,72.0,72.0,72.0,0.0,0.0,0.0,11.2421875,11.2421875,11.2421875,267.918,267.918,267.918,72.0,0.0,11.2421875,267.918,5
11776151.66114592,5.115898132324219,109559062.77770948,202625.42143203985,2100037.5978247523,13424654.40953206,19.474999999999998,19.474999999999998,19.474999999999998,19.474999999999998,19.474999999999998,19.474999999999998,19.474999999999998,19.474999999999998,19.474999999999998,19.474999999999998,19.474999999999998,58.0,58.0,58.0,0.0,0.0,0.0,11.2421875,11.2421875,11.2421875,249.964,249.964,249.964,58.0,0.0,11.2421875,249.964,5
11776152.661998557,5.115909576416016,109348049.80762911,202181.61247791082,2095365.4139343705,13394787.108998427,20.3375,20.3375,20.3375,20.3375,20.3375,20.3375,20.3375,20.3375,20.3375,20.3375,20.3375,56.0,56.0,56.0,0.0,0.0,0.0,11.2421875,11.2421875,11.2421875,266.843,266.843,266.843,56.0,0.0,11.2421875,266.843,5
11776153.65580648,5.115913391113281,110156144.32229836,203623.85457665188,2110218.6361792157,13489737.49260659,20.537499999999998,20.537499999999998,20.537499999999998,20.537499999999998,20.537499999999998,20.537499999999998,20.537499999999998,20.537499999999998,20.537499999999998,20.537499999999998,20.537499999999998,87.0,87.0,87.0,0.0,0.0,0.0,11.2421875,11.2421875,11.2421875,269.428,269.428,269.428,87.0,0.0,11.2421875,269.428,5
11776154.663291752,5.115924835205078,108693206.74353543,200859.51184715927,2081570.8750576626,13306604.441530723,19.325,19.325,19.325,19.325,19.325,19.325,19.325,19.325,19.325,19.325,19.325,57.0,57.0,57.0,0.0,0.0,0.0,11.2421875,11.2421875,11.2421875,251.599,251.599,251.599,57.0,0.0,11.2421875,251.599,5
11776155.662159892,5.115924835205078,109669193.23219827,202602.3175684299,2099528.3733169343,13421399.152082667,19.9875,19.9875,19.9875,19.9875,19.9875,19.9875,19.9875,19.9875,19.9875,19.9875,19.9875,54.0,54.0,54.0,0.0,0.0,0.0,11.2421875,11.2421875,11.2421875,261.904,261.904,261.904,54.0,0.0,11.2421875,261.904,5
11776156.641445143,5.115924835205078,111895720.7300213,206665.01381611265,2141512.90148672,13689788.528449286,20.7375,20.7375,20.7375,20.7375,20.7375,20.7375,20.7375,20.7375,20.7375,20.7375,20.7375,89.0,89.0,89.0,0.0,0.0,0.0,11.2421875,11.2421875,11.2421875,267.336,267.336,267.336,89.0,0.0,11.2421875,267.336,5
11776157.662561897,5.115932464599609,107343859.12905425,198199.66639392523,2053782.7743032,13128966.836512448,19.1875,19.1875,19.1875,19.1875,19.1875,19.1875,19.1875,19.1875,19.1875,19.1875,19.1875,56.0,56.0,56.0,0.0,0.0,0.0,11.2421875,11.2421875,11.2421875,250.22,250.22,250.22,56.0,0.0,11.2421875,250.22,5
11776158.6517115,5.115936279296875,110846103.32339178,204615.1558512063,2120156.5420275647,13553266.332141055,19.8625,19.8625,19.8625,19.8625,19.8625,19.8625,19.8625,19.8625,19.8625,19.8625,19.8625,79.0,79.0,79.0,0.0,0.0,0.0,11.2421875,11.2421875,11.2421875,276.396,276.396,276.396,79.0,0.0,11.2421875,276.396,5
11776159.652546512,5.115943908691406,109584637.44208969,202234.13194267245,2095402.312573625,13395022.986432567,19.1875,19.1875,19.1875,19.1875,19.1875,19.1875,19.1875,19.1875,19.1875,19.1875,19.1875,76.0,76.0,76.0,0.0,0.0,0.0,11.2421875,11.2421875,11.2421875,285.493,285.493,285.493,76.0,0.0,11.2421875,285.493,5
11776160.652197724,5.115943908691406,109747185.4744144,202483.6238085267,2097883.7161511336,13410885.552661445,18.9375,18.9375,18.9375,18.9375,18.9375,18.9375,18.9375,18.9375,18.9375,18.9375,18.9375,86.0,86.0,86.0,0.0,0.0,0.0,11.2421875,11.2421875,11.2421875,288.553,288.553,288.553,86.0,0.0,11.2421875,288.553,5
11776161.653555289,5.115943908691406,109598379.10905609,202150.56752491154,2094308.8402420813,13388032.87912565,19.4625,19.4625,19.4625,19.4625,19.4625,19.4625,19.4625,19.4625,19.4625,19.4625,19.4625,79.0,79.0,79.0,0.0,0.0,0.0,11.2421875,11.2421875,11.2421875,268.846,268.846,268.846,79.0,0.0,11.2421875,268.846,5
11776162.65319961,5.115943908691406,109818982.36533153,202497.02404873483,2097898.1794632697,13410978.010514222,18.412499999999998,18.412499999999998,18.412499999999998,18.412499999999998,18.412499999999998,18.412499999999998,18.412499999999998,18.412499999999998,18.412499999999998,18.412499999999998,18.412499999999998,80.0,80.0,80.0,0.0,0.0,0.0,11.2421875,11.2421875,11.2421875,289.654,289.654,289.654,80.0,0.0,11.2421875,289.654,5
11776163.655792195,5.115943908691406,109528726.35953529,201912.5244198226,2091729.0126858852,13371541.129923636,18.925,18.925,18.925,18.925,18.925,18.925,18.925,18.925,18.925,18.925,18.925,78.0,78.0,78.0,0.0,0.0,0.0,11.2421875,11.2421875,11.2421875,281.55,281.55,281.55,78.0,0.0,11.2421875,281.55,5
11776164.654792435,5.115955352783203,109955380.97878833,202645.5969382223,2099250.746680235,13419624.402117986,18.8125,18.8125,18.8125,18.8125,18.8125,18.8125,18.8125,18.8125,18.8125,18.8125,18.8125,79.0,79.0,79.0,0.0,0.0,0.0,11.2421875,11.2421875,11.2421875,284.431,284.431,284.431,79.0,0.0,11.2421875,284.431,5
11776165.65535394,5.115955352783203,109816552.60011184,202337.38680998088,2095975.1022386898,13398684.589115687,18.825,18.825,18.825,18.825,18.825,18.825,18.825,18.825,18.825,18.825,18.825,79.0,79.0,79.0,0.0,0.0,0.0,11.2421875,11.2421875,11.2421875,279.594,279.594,279.594,79.0,0.0,11.2421875,279.594,5
11776166.65328066,5.115955352783203,110144825.91605036,202873.61353171378,2101509.0137723847,13434060.550931672,20.225,20.225,20.225,20.225,20.225,20.225,20.225,20.225,20.225,20.225,20.225,80.0,80.0,80.0,0.0,0.0,0.0,11.2421875,11.2421875,11.2421875,284.935,284.935,284.935,80.0,0.0,11.2421875,284.935,5
11776167.654295724,5.115955352783203,109837735.73723444,202254.69866291815,2095025.4164295967,13392613.648386855,18.775,18.775,18.775,18.775,18.775,18.775,18.775,18.775,18.775,18.775,18.775,78.0,78.0,78.0,0.0,0.0,0.0,11.2421875,11.2421875,11.2421875,283.016,283.016,283.016,78.0,0.0,11.2421875,283.016,5
11776168.653049543,5.115955352783203,110119219.41128053,202719.62522067575,2099768.6905559455,13422935.398807831,18.6375,18.6375,18.6375,18.6375,18.6375,18.6375,18.6375,18.6375,18.6375,18.6375,18.6375,78.0,78.0,78.0,0.0,0.0,0.0,11.2421875,11.2421875,11.2421875,292.531,292.531,292.531,78.0,0.0,11.2421875,292.531,5
11776169.651909417,5.115955352783203,110140303.9297265,202705.10956003296,2099545.7487086845,13421510.225631885,18.9875,18.9875,18.9875,18.9875,18.9875,18.9875,18.9875,18.9875,18.9875,18.9875,18.9875,77.0,77.0,77.0,0.0,0.0,0.0,11.2421875,11.2421875,11.2421875,284.678,284.678,284.678,77.0,0.0,11.2421875,284.678,5
11776170.658750886,5.115955352783203,109299724.26395874,201106.1384760725,2082901.8901303443,13315113.059368392,18.75,18.75,18.75,18.75,18.75,18.75,18.75,18.75,18.75,18.75,18.75,78.0,78.0,78.0,0.0,0.0,0.0,11.2421875,11.2421875,11.2421875,266.488,266.488,266.488,78.0,0.0,11.2421875,266.488,5
11776171.652657432,5.115955352783203,110760645.8580033,203724.38509098042,2110009.243454116,13488398.933252582,18.875,18.875,18.875,18.875,18.875,18.875,18.875,18.875,18.875,18.875,18.875,79.0,79.0,79.0,0.0,0.0,0.0,11.2421875,11.2421875,11.2421875,286.724,286.724,286.724,79.0,0.0,11.2421875,286.724,5
11776172.654939909,5.115955352783203,109867737.52015232,202030.86937874858,2092376.201427125,13375678.334513633,18.725,18.725,18.725,18.725,18.725,18.725,18.725,18.725,18.725,18.725,18.725,79.0,79.0,79.0,0.0,0.0,0.0,11.2421875,11.2421875,11.2421875,288.631,288.631,288.631,79.0,0.0,11.2421875,288.631,5
11776173.65447718,5.115955352783203,110202264.63176365,202593.7457220275,2098122.8593997103,13412414.29456104,19.0375,19.0375,19.0375,19.0375,19.0375,19.0375,19.0375,19.0375,19.0375,19.0375,19.0375,78.0,78.0,78.0,0.0,0.0,0.0,11.2421875,11.2421875,11.2421875,288.171,288.171,288.171,78.0,0.0,11.2421875,288.171,5
11776174.63322449,5.115955352783203,112576589.55561419,206904.27272919382,2142689.928558392,13697312.765960189,18.7875,18.7875,18.7875,18.7875,18.7875,18.7875,18.7875,18.7875,18.7875,18.7875,18.7875,85.0,85.0,85.0,0.0,0.0,0.0,11.2421875,11.2421875,11.2421875,287.434,287.434,287.434,85.0,0.0,11.2421875,287.434,5
11776175.653722843,5.115955352783203,108002915.99618137,198447.15986910334,2055027.3224887531,13136922.708018923,18.275,18.275,18.275,18.275,18.275,18.275,18.275,18.275,18.275,18.275,18.275,81.0,81.0,81.0,0.0,0.0,0.0,11.2421875,11.2421875,11.2421875,270.267,270.267,270.267,81.0,0.0,11.2421875,270.267,5
11776176.665951747,5.115955352783203,108917610.95985995,200069.37081257487,2071815.9609034993,13244245.390697563,18.412499999999998,18.412499999999998,18.412499999999998,18.412499999999998,18.412499999999998,18.412499999999998,18.412499999999998,18.412499999999998,18.412499999999998,18.412499999999998,18.412499999999998,56.0,56.0,56.0,0.0,0.0,0.0,11.2421875,11.2421875,11.2421875,272.197,272.197,272.197,56.0,0.0,11.2421875,272.197,5
11776177.66610404,5.115955352783203,110271020.63549346,202497.1613569675,2096832.66972511,13404166.656270089,20.0125,20.0125,20.0125,20.0125,20.0125,20.0125,20.0125,20.0125,20.0125,20.0125,20.0125,57.0,57.0,57.0,0.0,0.0,0.0,11.2421875,11.2421875,11.2421875,273.218,273.218,273.218,57.0,0.0,11.2421875,273.218,5
11776178.664888281,5.115955352783203,110454863.36191532,202781.53323115341,2099704.732410595,13422526.541366948,20.537499999999998,20.537499999999998,20.537499999999998,20.537499999999998,20.537499999999998,20.537499999999998,20.537499999999998,20.537499999999998,20.537499999999998,20.537499999999998,20.537499999999998,75.0,75.0,75.0,0.0,0.0,0.0,11.2421875,11.2421875,11.2421875,269.773,269.773,269.773,75.0,0.0,11.2421875,269.773,5
11776179.665375356,5.115955352783203,110299608.90006417,202436.3984418531,2096131.0285389149,13399681.360171618,19.1875,19.1875,19.1875,19.1875,19.1875,19.1875,19.1875,19.1875,19.1875,19.1875,19.1875,59.0,59.0,59.0,0.0,0.0,0.0,11.2421875,11.2421875,11.2421875,250.277,250.277,250.277,59.0,0.0,11.2421875,250.277,5
11776180.66725888,5.115962982177734,110178572.06605227,202161.224574899,2093209.390840905,13381004.562934145,20.162499999999998,20.162499999999998,20.162499999999998,20.162499999999998,20.162499999999998,20.162499999999998,20.162499999999998,20.162499999999998,20.162499999999998,20.162499999999998,20.162499999999998,56.0,56.0,56.0,0.0,0.0,0.0,11.2421875,11.2421875,11.2421875,263.623,263.623,263.623,56.0,0.0,11.2421875,263.623,5
11776181.6569349,5.115962982177734,111570718.75301556,204667.98800202363,2119028.8088391786,13546057.209630141,20.4875,20.4875,20.4875,20.4875,20.4875,20.4875,20.4875,20.4875,20.4875,20.4875,20.4875,87.0,87.0,87.0,0.0,0.0,0.0,11.2421875,11.2421875,11.2421875,269.767,269.767,269.767,87.0,0.0,11.2421875,269.767,5
11776182.654875772,5.115962982177734,110685036.67318627,202984.97206705532,2101479.2149776085,13442078.96299154,21.425,21.425,21.425,21.425,21.425,21.425,21.425,21.425,21.425,21.425,21.425,79.0,79.0,79.0,0.0,0.0,0.0,11.2421875,11.2421875,11.2421875,259.699,259.699,259.699,79.0,0.0,11.2421875,259.699,5
11776183.654818434,5.115962982177734,110496213.6104187,202579.6154706162,2097272.2529887925,13415169.196363859,18.75,18.75,18.75,18.75,18.75,18.75,18.75,18.75,18.75,18.75,18.75,80.0,80.0,80.0,0.0,0.0,0.0,11.2421875,11.2421875,11.2421875,284.332,284.332,284.332,80.0,0.0,11.2421875,284.332,5
11776184.666407019,5.115962982177734,109256518.5877826,200254.33568307554,2073127.38781406,13260726.9435372,19.1875,19.1875,19.1875,19.1875,19.1875,19.1875,19.1875,19.1875,19.1875,19.1875,19.1875,73.0,73.0,73.0,0.0,0.0,0.0,11.2421875,11.2421875,11.2421875,276.222,276.222,276.222,73.0,0.0,11.2421875,276.222,5
11776185.649970803,5.115962982177734,112402914.52484597,205971.3901533566,2132197.2535263645,13638566.416599305,18.9375,18.9375,18.9375,18.9375,18.9375,18.9375,18.9375,18.9375,18.9375,18.9375,18.9375,91.0,91.0,91.0,0.0,0.0,0.0,11.2421875,11.2421875,11.2421875,286.224,286.224,286.224,91.0,0.0,11.2421875,286.224,5
11776186.657432204,5.115974426269531,109769196.04351753,201096.53814896574,2081620.1975951262,13315051.068601638,18.5375,18.5375,18.5375,18.5375,18.5375,18.5375,18.5375,18.5375,18.5375,18.5375,18.5375,82.0,82.0,82.0,0.0,0.0,0.0,11.2421875,11.2421875,11.2421875,267.993,267.993,267.993,82.0,0.0,11.2421875,267.993,5
11776187.655602235,5.115974426269531,110829311.17774363,202968.42587971783,2100996.758444113,13438992.937313419,18.175,18.175,18.175,18.175,18.175,18.175,18.175,18.175,18.175,18.175,18.175,82.0,82.0,82.0,0.0,0.0,0.0,11.2421875,11.2421875,11.2421875,288.605,288.605,288.605,82.0,0.0,11.2421875,288.605,5
11776188.667118428,5.115974426269531,109399430.0572522,200301.2916812795,2073275.756396483,13261675.98085641,18.487499999999997,18.487499999999997,18.487499999999997,18.487499999999997,18.487499999999997,18.487499999999997,18.487499999999997,18.487499999999997,18.487499999999997,18.487499999999997,18.487499999999997,55.0,55.0,55.0,0.0,0.0,0.0,11.2421875,11.2421875,11.2421875,275.984,275.984,275.984,55.0,0.0,11.2421875,275.984,5
11776189.635412008,5.115974426269531,114316653.92283352,209249.55440421577,2165822.478680798,13853649.643905496,20.599999999999998,20.599999999999998,20.599999999999998,20.599999999999998,20.599999999999998,20.599999999999998,20.599999999999998,20.599999999999998,20.599999999999998,20.599999999999998,20.599999999999998,80.0,80.0,80.0,0.0,0.0,0.0,11.2421875,11.2421875,11.2421875,265.857,265.857,265.857,80.0,0.0,11.2421875,265.857,5
11776190.668065064,5.115974426269531,107223682.09490316,196209.17093698186,2030838.9033878536,12990229.31366254,19.95,19.95,19.95,19.95,19.95,19.95,19.95,19.95,19.95,19.95,19.95,58.0,58.0,58.0,0.0,0.0,0.0,11.2421875,11.2421875,11.2421875,249.086,249.086,249.086,58.0,0.0,11.2421875,249.086,5
11776191.668147536,5.115974426269531,110748515.31087136,202605.29066772966,2096979.0572317448,13413293.774285085,20.6375,20.6375,20.6375,20.6375,20.6375,20.6375,20.6375,20.6375,20.6375,20.6375,20.6375,55.0,55.0,55.0,0.0,0.0,0.0,11.2421875,11.2421875,11.2421875,265.105,265.105,265.105,55.0,0.0,11.2421875,265.105,5
11776192.63777174,5.115985870361328,114261213.23997642,208987.15094650662,2162850.2982237786,13914900.160838136,21.0375,21.0375,21.0375,21.0375,21.0375,21.0375,21.0375,21.0375,21.0375,21.0375,21.0375,84.0,84.0,84.0,0.0,0.0,0.0,11.2421875,11.2421875,11.2421875,270.64,270.64,270.64,84.0,0.0,11.2421875,270.64,5
11776193.657211972,5.115985870361328,108715284.66111633,198786.54350660852,2057160.326314556,13234933.818125287,20.0,20.0,20.0,20.0,20.0,20.0,20.0,20.0,20.0,20.0,20.0,82.0,82.0,82.0,0.0,0.0,0.0,11.2421875,11.2421875,11.2421875,267.368,267.368,267.368,82.0,0.0,11.2421875,267.368,5
11776194.668116797,5.115985870361328,109665630.56027935,200464.964768623,2074529.6188740607,13346680.790178038,18.1,18.1,18.1,18.1,18.1,18.1,18.1,18.1,18.1,18.1,18.1,53.0,53.0,53.0,0.0,0.0,0.0,11.2421875,11.2421875,11.2421875,262.019,262.019,262.019,53.0,0.0,11.2421875,262.019,5
11776195.659227287,5.115993499755859,111888939.77799219,204475.6885482569,2115961.8627952216,13613239.015717696,19.525000000000002,19.525000000000002,19.525000000000002,19.525000000000002,19.525000000000002,19.525000000000002,19.525000000000002,19.525000000000002,19.525000000000002,19.525000000000002,19.525000000000002,80.0,80.0,80.0,0.0,0.0,0.0,11.2421875,11.2421875,11.2421875,281.111,281.111,281.111,80.0,0.0,11.2421875,281.111,5
11776196.65966728,5.115993499755859,110878303.41417524,202576.8677634481,2096229.6753468798,13486290.137876214,19.125,19.125,19.125,19.125,19.125,19.125,19.125,19.125,19.125,19.125,19.125,79.0,79.0,79.0,0.0,0.0,0.0,11.2421875,11.2421875,11.2421875,288.326,288.326,288.326,79.0,0.0,11.2421875,288.326,5
11776197.65570006,5.115997314453125,111401831.57019466,203480.2509136371,2105505.00147546,13545963.81808626,18.5625,18.5625,18.5625,18.5625,18.5625,18.5625,18.5625,18.5625,18.5625,18.5625,18.5625,82.0,82.0,82.0,0.0,0.0,0.0,11.2421875,11.2421875,11.2421875,291.26,291.26,291.26,82.0,0.0,11.2421875,291.26,5
11776198.658176674,5.115997314453125,110721201.32617423,202173.29479403305,2091970.995410837,13458891.52125644,19.174999999999997,19.174999999999997,19.174999999999997,19.174999999999997,19.174999999999997,19.174999999999997,19.174999999999997,19.174999999999997,19.174999999999997,19.174999999999997,19.174999999999997,82.0,82.0,82.0,0.0,0.0,0.0,11.2421875,11.2421875,11.2421875,270.286,270.286,270.286,82.0,0.0,11.2421875,270.286,5
11776199.668081556,5.115997314453125,109942015.31810632,200695.13834886462,2076583.6837751472,13359895.809287764,19.962500000000002,19.962500000000002,19.962500000000002,19.962500000000002,19.962500000000002,19.962500000000002,19.962500000000002,19.962500000000002,19.962500000000002,19.962500000000002,19.962500000000002,57.0,57.0,57.0,0.0,0.0,0.0,11.2421875,11.2421875,11.2421875,273.682,273.682,273.682,57.0,0.0,11.2421875,273.682,5
11776200.66792218,5.115997314453125,111081494.65426056,202724.30926170512,2097486.2876522182,13494374.670950012,20.0625,20.0625,20.0625,20.0625,20.0625,20.0625,20.0625,20.0625,20.0625,20.0625,20.0625,55.0,55.0,55.0,0.0,0.0,0.0,11.2421875,11.2421875,11.2421875,276.561,276.561,276.561,55.0,0.0,11.2421875,276.561,5
11776201.670151183,5.115997314453125,110849502.10114107,202248.18813423478,2092487.8378387992,13462216.675470712,20.175,20.175,20.175,20.175,20.175,20.175,20.175,20.175,20.175,20.175,20.175,75.0,75.0,75.0,0.0,0.0,0.0,11.2421875,11.2421875,11.2421875,251.395,251.395,251.395,75.0,0.0,11.2421875,251.395,5
11776202.672051517,5.115997314453125,110918569.68065621,202315.53293201074,2093174.2699527983,13466632.900829135,19.5875,19.5875,19.5875,19.5875,19.5875,19.5875,19.5875,19.5875,19.5875,19.5875,19.5875,59.0,59.0,59.0,0.0,0.0,0.0,11.2421875,11.2421875,11.2421875,256.641,256.641,256.641,59.0,0.0,11.2421875,256.641,5
11776203.67033902,5.115997314453125,111355584.13982423,203057.7358291745,2100749.527944477,13515369.033299038,20.2375,20.2375,20.2375,20.2375,20.2375,20.2375,20.2375,20.2375,20.2375,20.2375,20.2375,55.0,55.0,55.0,0.0,0.0,0.0,11.2421875,11.2421875,11.2421875,272.455,272.455,272.455,55.0,0.0,11.2421875,272.455,5
11776204.6676068,5.115997314453125,111505070.2911038,203273.3874468487,2102897.577082122,13529188.708805686,20.1125,20.1125,20.1125,20.1125,20.1125,20.1125,20.1125,20.1125,20.1125,20.1125,20.1125,75.0,75.0,75.0,0.0,0.0,0.0,11.2421875,11.2421875,11.2421875,254.96,254.96,254.96,75.0,0.0,11.2421875,254.96,5
11776205.668753613,5.115997314453125,111105788.5493188,202486.78572592215,2094749.7159057073,13476768.680065235,19.3875,19.3875,19.3875,19.3875,19.3875,19.3875,19.3875,19.3875,19.3875,19.3875,19.3875,57.0,57.0,57.0,0.0,0.0,0.0,11.2421875,11.2421875,11.2421875,249.56,249.56,249.56,57.0,0.0,11.2421875,249.56,5
11776206.671325928,5.115997314453125,110980517.17164361,202207.85773210248,2091771.3056834487,13457606.798674375,19.6375,19.6375,19.6375,19.6375,19.6375,19.6375,19.6375,19.6375,19.6375,19.6375,19.6375,53.0,53.0,53.0,0.0,0.0,0.0,11.2421875,11.2421875,11.2421875,273.003,273.003,273.003,53.0,0.0,11.2421875,273.003,5
11776207.67086112,5.115997314453125,111350537.64250624,202829.27671016904,2098127.2267308775,13498498.212600606,20.875,20.875,20.875,20.875,20.875,20.875,20.875,20.875,20.875,20.875,20.875,75.0,75.0,75.0,0.0,0.0,0.0,11.2421875,11.2421875,11.2421875,267.446,267.446,267.446,75.0,0.0,11.2421875,267.446,5
11776208.65824444,5.115997314453125,112754153.97477749,205336.6668271504,2123949.1852361676,13664626.203453002,18.425,18.425,18.425,18.425,18.425,18.425,18.425,18.425,18.425,18.425,18.425,83.0,83.0,83.0,0.0,0.0,0.0,11.2421875,11.2421875,11.2421875,267.079,267.079,267.079,83.0,0.0,11.2421875,267.079,5
11776209.657131031,5.115997314453125,111491235.36455074,202972.99199185907,2099489.590976494,13507263.11069643,19.650000000000002,19.650000000000002,19.650000000000002,19.650000000000002,19.650000000000002,19.650000000000002,19.650000000000002,19.650000000000002,19.650000000000002,19.650000000000002,19.650000000000002,82.0,82.0,82.0,0.0,0.0,0.0,11.2421875,11.2421875,11.2421875,283.466,283.466,283.466,82.0,0.0,11.2421875,283.466,5
11776210.658884296,5.116035461425781,111207659.4986285,202400.1389127311,2093481.5719519216,13468609.957050059,19.349999999999998,19.349999999999998,19.349999999999998,19.349999999999998,19.349999999999998,19.349999999999998,19.349999999999998,19.349999999999998,19.349999999999998,19.349999999999998,19.349999999999998,80.0,80.0,80.0,0.0,0.0,0.0,11.2421875,11.2421875,11.2421875,290.885,290.885,290.885,80.0,0.0,11.2421875,290.885,5
11776211.657414196,5.116035461425781,111599487.42148085,203062.52224128137,2100239.562463493,13512088.122567864,18.5375,18.5375,18.5375,18.5375,18.5375,18.5375,18.5375,18.5375,18.5375,18.5375,18.5375,80.0,80.0,80.0,0.0,0.0,0.0,11.2421875,11.2421875,11.2421875,284.716,284.716,284.716,80.0,0.0,11.2421875,284.716,5
11776212.65997666,5.116035461425781,111183310.84820919,202255.72712535583,2091791.8601615308,13457739.037836097,18.4375,18.4375,18.4375,18.4375,18.4375,18.4375,18.4375,18.4375,18.4375,18.4375,18.4375,82.0,82.0,82.0,0.0,0.0,0.0,11.2421875,11.2421875,11.2421875,281.039,281.039,281.039,82.0,0.0,11.2421875,281.039,5
11776213.659565004,5.116035461425781,111546912.92853133,202858.5078719831,2098015.6602181983,13501878.125818288,18.6125,18.6125,18.6125,18.6125,18.6125,18.6125,18.6125,18.6125,18.6125,18.6125,18.6125,83.0,83.0,83.0,0.0,0.0,0.0,11.2421875,11.2421875,11.2421875,280.681,280.681,280.681,83.0,0.0,11.2421875,280.681,5
11776214.657216124,5.1160430908203125,111799132.67433394,203260.43423710117,2102089.5547516565,13532201.50871379,20.075,20.075,20.075,20.075,20.075,20.075,20.075,20.075,20.075,20.075,20.075,80.0,80.0,80.0,0.0,0.0,0.0,11.2421875,11.2421875,11.2421875,284.861,284.861,284.861,80.0,0.0,11.2421875,284.861,5
11776215.669638518,5.1160430908203125,110203079.92039497,200302.7601921149,2071420.004548595,13334766.27928158,20.162499999999998,20.162499999999998,20.162499999999998,20.162499999999998,20.162499999999998,20.162499999999998,20.162499999999998,20.162499999999998,20.162499999999998,20.162499999999998,20.162499999999998,54.0,54.0,54.0,0.0,0.0,0.0,11.2421875,11.2421875,11.2421875,272.393,272.393,272.393,54.0,0.0,11.2421875,272.393,5
11776216.670193693,5.1160430908203125,111542945.20950325,202686.47365348463,2095988.3608664372,13492925.07307769,20.3375,20.3375,20.3375,20.3375,20.3375,20.3375,20.3375,20.3375,20.3375,20.3375,20.3375,56.0,56.0,56.0,0.0,0.0,0.0,11.2421875,11.2421875,11.2421875,255.727,255.727,255.727,56.0,0.0,11.2421875,255.727,5
11776217.670719763,5.1160430908203125,111578976.58142401,202692.3695046158,2096049.3300822196,13493317.562404288,19.375,19.375,19.375,19.375,19.375,19.375,19.375,19.375,19.375,19.375,19.375,58.0,58.0,58.0,0.0,0.0,0.0,11.2421875,11.2421875,11.2421875,259.199,259.199,259.199,58.0,0.0,11.2421875,259.199,5
11776218.669304475,5.116058349609375,111828755.90476409,203094.43713513963,2100124.2808523984,13519550.057987314,20.7,20.7,20.7,20.7,20.7,20.7,20.7,20.7,20.7,20.7,20.7,56.0,56.0,56.0,0.0,0.0,0.0,11.2421875,11.2421875,11.2421875,272.043,272.043,272.043,56.0,0.0,11.2421875,272.043,5
11776219.667648096,5.116058349609375,111890656.39516684,203151.4959836405,2100631.442965676,13522814.91409154,19.9875,19.9875,19.9875,19.9875,19.9875,19.9875,19.9875,19.9875,19.9875,19.9875,19.9875,76.0,76.0,76.0,0.0,0.0,0.0,11.2421875,11.2421875,11.2421875,261.611,261.611,261.611,76.0,0.0,11.2421875,261.611,5
11776220.6688702,5.116058349609375,111605225.8256071,202568.44033239156,2094592.1908525738,13483937.228613444,19.3625,19.3625,19.3625,19.3625,19.3625,19.3625,19.3625,19.3625,19.3625,19.3625,19.3625,57.0,57.0,57.0,0.0,0.0,0.0,11.2421875,11.2421875,11.2421875,251.102,251.102,251.102,57.0,0.0,11.2421875,251.102,5
11776221.668482851,5.116065979003906,111817754.40977354,202902.59396157763,2097964.642900793,13505647.388673855,19.0375,19.0375,19.0375,19.0375,19.0375,19.0375,19.0375,19.0375,19.0375,19.0375,19.0375,56.0,56.0,56.0,0.0,0.0,0.0,11.2421875,11.2421875,11.2421875,273.954,273.954,273.954,56.0,0.0,11.2421875,273.954,5
11776222.66455924,5.116065979003906,112247691.35683833,203630.96885502516,2105412.82241586,13553595.044302098,20.6125,20.6125,20.6125,20.6125,20.6125,20.6125,20.6125,20.6125,20.6125,20.6125,20.6125,85.0,85.0,85.0,0.0,0.0,0.0,11.2421875,11.2421875,11.2421875,269.388,269.388,269.388,85.0,0.0,11.2421875,269.388,5
11776223.669319348,5.116065979003906,111310277.95655663,201872.06697970087,2087216.621607991,13436457.00160144,18.987499999999997,18.987499999999997,18.987499999999997,18.987499999999997,18.987499999999997,18.987499999999997,18.987499999999997,18.987499999999997,18.987499999999997,18.987499999999997,18.987499999999997,56.0,56.0,56.0,0.0,0.0,0.0,11.2421875,11.2421875,11.2421875,249.903,249.903,249.903,56.0,0.0,11.2421875,249.903,5
11776224.670189,5.116069793701172,111775779.94076703,202663.7530099106,2095329.7917187933,13488685.534189733,20.425,20.425,20.425,20.425,20.425,20.425,20.425,20.425,20.425,20.425,20.425,56.0,56.0,56.0,0.0,0.0,0.0,11.2421875,11.2421875,11.2421875,267.341,267.341,267.341,56.0,0.0,11.2421875,267.341,5
11776225.640708504,5.116069793701172,115305096.48428051,209008.6796319428,2160855.080466993,13910504.580506267,20.987499999999997,20.987499999999997,20.987499999999997,20.987499999999997,20.987499999999997,20.987499999999997,20.987499999999997,20.987499999999997,20.987499999999997,20.987499999999997,20.987499999999997,92.0,92.0,92.0,0.0,0.0,0.0,11.2421875,11.2421875,11.2421875,268.885,268.885,268.885,92.0,0.0,11.2421875,268.885,5
11776226.669953916,5.116069793701172,108760719.93846576,197085.1632074111,2037562.6411308344,13116809.502279745,20.150000000000002,20.150000000000002,20.150000000000002,20.150000000000002,20.150000000000002,20.150000000000002,20.150000000000002,20.150000000000002,20.150000000000002,20.150000000000002,20.150000000000002,57.0,57.0,57.0,0.0,0.0,0.0,11.2421875,11.2421875,11.2421875,251.804,251.804,251.804,57.0,0.0,11.2421875,251.804,5
11776227.669465568,5.116069793701172,112029065.20412841,202956.11327395248,2098176.6410066993,13507012.126480626,20.175,20.175,20.175,20.175,20.175,20.175,20.175,20.175,20.175,20.175,20.175,54.0,54.0,54.0,0.0,0.0,0.0,11.2421875,11.2421875,11.2421875,263.814,263.814,263.814,54.0,0.0,11.2421875,263.814,5
11776228.64008115,5.116069793701172,115398147.33533935,209007.56555853848,2160641.182486075,13909127.612254107,21.049999999999997,21.049999999999997,21.049999999999997,21.049999999999997,21.049999999999997,21.049999999999997,21.049999999999997,21.049999999999997,21.049999999999997,21.049999999999997,21.049999999999997,83.0,83.0,83.0,0.0,0.0,0.0,11.2421875,11.2421875,11.2421875,267.441,267.441,267.441,83.0,0.0,11.2421875,267.441,5
11776229.670572354,5.116069793701172,108724961.13139871,196863.39815001914,2035099.3717878251,13100952.205884125,19.512500000000003,19.512500000000003,19.512500000000003,19.512500000000003,19.512500000000003,19.512500000000003,19.512500000000003,19.512500000000003,19.512500000000003,19.512500000000003,19.512500000000003,56.0,56.0,56.0,0.0,0.0,0.0,11.2421875,11.2421875,11.2421875,249.688,249.688,249.688,56.0,0.0,11.2421875,249.688,5
11776230.670265537,5.116069793701172,112107395.42914101,202935.263942532,2097795.6388854547,13504559.425325116,20.2125,20.2125,20.2125,20.2125,20.2125,20.2125,20.2125,20.2125,20.2125,20.2125,20.2125,53.0,53.0,53.0,0.0,0.0,0.0,11.2421875,11.2421875,11.2421875,265.022,265.022,265.022,53.0,0.0,11.2421875,265.022,5
11776231.635122312,5.116069793701172,116194857.98243333,210271.62285261383,2173537.1023974763,13992145.096683756,22.8125,22.8125,22.8125,22.8125,22.8125,22.8125,22.8125,22.8125,22.8125,22.8125,22.8125,85.0,85.0,85.0,0.0,0.0,0.0,11.2421875,11.2421875,11.2421875,265.593,265.593,265.593,85.0,0.0,11.2421875,265.593,5
11776232.670233212,5.116069793701172,108340353.65742517,196009.91542548928,2026016.7288724824,13042482.692116605,19.0625,19.0625,19.0625,19.0625,19.0625,19.0625,19.0625,19.0625,19.0625,19.0625,19.0625,59.0,59.0,59.0,0.0,0.0,0.0,11.2421875,11.2421875,11.2421875,251.327,251.327,251.327,59.0,0.0,11.2421875,251.327,5
11776233.671732884,5.116069793701172,112009180.02620839,202589.18277860704,2094011.6704002668,13480200.128201718,20.099999999999998,20.099999999999998,20.099999999999998,20.099999999999998,20.099999999999998,20.099999999999998,20.099999999999998,20.099999999999998,20.099999999999998,20.099999999999998,20.099999999999998,55.0,55.0,55.0,0.0,0.0,0.0,11.2421875,11.2421875,11.2421875,263.16,263.16,263.16,55.0,0.0,11.2421875,263.16,5
11776234.639977224,5.116069793701172,115890162.5684916,209554.54275442654,2165932.61925348,13943191.236444278,20.95,20.95,20.95,20.95,20.95,20.95,20.95,20.95,20.95,20.95,20.95,86.0,86.0,86.0,0.0,0.0,0.0,11.2421875,11.2421875,11.2421875,266.692,266.692,266.692,86.0,0.0,11.2421875,266.692,5
11776235.659661217,5.116069793701172,110076061.62953645,198983.21587308386,2056668.5516740738,13239803.80140185,19.4,19.4,19.4,19.4,19.4,19.4,19.4,19.4,19.4,19.4,19.4,81.0,81.0,81.0,0.0,0.0,0.0,11.2421875,11.2421875,11.2421875,253.05,253.05,253.05,81.0,0.0,11.2421875,253.05,5
11776236.661864012,5.1160888671875,112031601.25721656,202463.0153164705,2092542.5560077017,13470742.704299578,20.150000000000002,20.150000000000002,20.150000000000002,20.150000000000002,20.150000000000002,20.150000000000002,20.150000000000002,20.150000000000002,20.150000000000002,20.150000000000002,20.150000000000002,78.0,78.0,78.0,0.0,0.0,0.0,11.2421875,11.2421875,11.2421875,280.646,280.646,280.646,78.0,0.0,11.2421875,280.646,5
11776237.671529954,5.1160888671875,111238744.76502168,200974.39320803207,2077075.1128047965,13371171.038680878,19.525,19.525,19.525,19.525,19.525,19.525,19.525,19.525,19.525,19.525,19.525,54.0,54.0,54.0,0.0,0.0,0.0,11.2421875,11.2421875,11.2421875,270.951,270.951,270.951,54.0,0.0,11.2421875,270.951,5
11776238.671381507,5.1160888671875,112363489.04875392,202957.12842361626,2097463.3626271696,13502420.396912405,21.1,21.1,21.1,21.1,21.1,21.1,21.1,21.1,21.1,21.1,21.1,76.0,76.0,76.0,0.0,0.0,0.0,11.2421875,11.2421875,11.2421875,247.157,247.157,247.157,76.0,0.0,11.2421875,247.157,5
11776239.670497488,5.1160888671875,112479070.6173521,203106.55001641807,2099007.5622269646,13512361.181836084,19.1375,19.1375,19.1375,19.1375,19.1375,19.1375,19.1375,19.1375,19.1375,19.1375,19.1375,54.0,54.0,54.0,0.0,0.0,0.0,11.2421875,11.2421875,11.2421875,253.34,253.34,253.34,54.0,0.0,11.2421875,253.34,5
11776240.672467124,5.1160888671875,112191499.64101188,202539.07185664756,2093029.4948324717,13473877.372984037,20.349999999999998,20.349999999999998,20.349999999999998,20.349999999999998,20.349999999999998,20.349999999999998,20.349999999999998,20.349999999999998,20.349999999999998,20.349999999999998,20.349999999999998,51.0,51.0,51.0,0.0,0.0,0.0,11.2421875,11.2421875,11.2421875,268.969,268.969,268.969,51.0,0.0,11.2421875,268.969,5
11776241.672460524,5.1160888671875,112446053.07105866,202946.3393142823,2097165.839935085,13500505.094582107,19.9,19.9,19.9,19.9,19.9,19.9,19.9,19.9,19.9,19.9,19.9,74.0,74.0,74.0,0.0,0.0,0.0,11.2421875,11.2421875,11.2421875,247.968,247.968,247.968,74.0,0.0,11.2421875,247.968,5
11776242.673130907,5.1160888671875,112408269.43487464,202811.03897734862,2095747.0473247922,13491371.61715335,20.5,20.5,20.5,20.5,20.5,20.5,20.5,20.5,20.5,20.5,20.5,59.0,59.0,59.0,0.0,0.0,0.0,11.2421875,11.2421875,11.2421875,249.671,249.671,249.671,59.0,0.0,11.2421875,249.671,5
11776243.660815718,5.1160888671875,113919422.26908745,205490.6563666231,2123300.8522890043,13668749.236610467,19.5125,19.5125,19.5125,19.5125,19.5125,19.5125,19.5125,19.5125,19.5125,19.5125,19.5125,81.0,81.0,81.0,0.0,0.0,0.0,11.2421875,11.2421875,11.2421875,282.512,282.512,282.512,81.0,0.0,11.2421875,282.512,5
11776244.662737992,5.1160888671875,112333385.45286913,202580.5846076037,2093128.4336158314,13474514.291401913,18.675,18.675,18.675,18.675,18.675,18.675,18.675,18.675,18.675,18.675,18.675,82.0,82.0,82.0,0.0,0.0,0.0,11.2421875,11.2421875,11.2421875,288.802,288.802,288.802,82.0,0.0,11.2421875,288.802,5
11776245.662372964,5.1160888671875,112623266.66355902,203051.1193760512,2097917.7990694735,13505345.831509735,19.4125,19.4125,19.4125,19.4125,19.4125,19.4125,19.4125,19.4125,19.4125,19.4125,19.4125,82.0,82.0,82.0,0.0,0.0,0.0,11.2421875,11.2421875,11.2421875,275.549,275.549,275.549,82.0,0.0,11.2421875,275.549,5
11776246.672323128,5.1160888671875,111505493.96943434,200978.23347470327,2076490.5767518692,13371463.733497877,19.05,19.05,19.05,19.05,19.05,19.05,19.05,19.05,19.05,19.05,19.05,55.0,55.0,55.0,0.0,0.0,0.0,11.2421875,11.2421875,11.2421875,252.18,252.18,252.18,55.0,0.0,11.2421875,252.18,5
11776247.674334802,5.1160888671875,112424447.71497177,202581.47221569307,2092941.6846237243,13477399.871493006,19.7,19.7,19.7,19.7,19.7,19.7,19.7,19.7,19.7,19.7,19.7,55.0,55.0,55.0,0.0,0.0,0.0,11.2421875,11.2421875,11.2421875,274.061,274.061,274.061,55.0,0.0,11.2421875,274.061,5
11776248.672733972,5.116092681884766,112864144.2950659,203322.48470969577,2100514.5664906767,13526165.089296408,20.8875,20.8875,20.8875,20.8875,20.8875,20.8875,20.8875,20.8875,20.8875,20.8875,20.8875,77.0,77.0,77.0,0.0,0.0,0.0,11.2421875,11.2421875,11.2421875,269.527,269.527,269.527,77.0,0.0,11.2421875,269.527,5
11776249.675427038,5.1160888671875,112413592.73348878,202451.7839085075,2091519.3994359244,13468241.132695787,19.587500000000002,19.587500000000002,19.587500000000002,19.587500000000002,19.587500000000002,19.587500000000002,19.587500000000002,19.587500000000002,19.587500000000002,19.587500000000002,19.587500000000002,58.0,58.0,58.0,0.0,0.0,0.0,11.2421875,11.2421875,11.2421875,249.67,249.67,249.67,58.0,0.0,11.2421875,249.67,5
11776250.672404198,5.1160888671875,113091069.2356117,203619.50924753788,2103510.576429492,13545457.754859444,20.05,20.05,20.05,20.05,20.05,20.05,20.05,20.05,20.05,20.05,20.05,56.0,56.0,56.0,0.0,0.0,0.0,11.2421875,11.2421875,11.2421875,267.547,267.547,267.547,56.0,0.0,11.2421875,267.547,5
11776251.671537008,5.1160888671875,112879984.37553138,203187.20187698054,2098972.2073715883,13516233.140047124,20.925,20.925,20.925,20.925,20.925,20.925,20.925,20.925,20.925,20.925,20.925,74.0,74.0,74.0,0.0,0.0,0.0,11.2421875,11.2421875,11.2421875,266.98,266.98,266.98,74.0,0.0,11.2421875,266.98,5
11776252.675784426,5.1160888671875,112337826.33104248,202153.37020265003,2088282.1933049667,13447395.295559522,19.475,19.475,19.475,19.475,19.475,19.475,19.475,19.475,19.475,19.475,19.475,57.0,57.0,57.0,0.0,0.0,0.0,11.2421875,11.2421875,11.2421875,252.259,252.259,252.259,57.0,0.0,11.2421875,252.259,5
11776253.673589027,5.1160888671875,113101690.36672063,203468.69502137633,2101766.2159838313,13538330.0396771,21.3375,21.3375,21.3375,21.3375,21.3375,21.3375,21.3375,21.3375,21.3375,21.3375,21.3375,54.0,54.0,54.0,0.0,0.0,0.0,11.2421875,11.2421875,11.2421875,264.704,264.704,264.704,54.0,0.0,11.2421875,264.704,5
11776254.66638692,5.1160888671875,113705186.9752765,204501.84425797232,2112365.483203361,13606604.2257904,20.3875,20.3875,20.3875,20.3875,20.3875,20.3875,20.3875,20.3875,20.3875,20.3875,20.3875,86.0,86.0,86.0,0.0,0.0,0.0,11.2421875,11.2421875,11.2421875,270.137,270.137,270.137,86.0,0.0,11.2421875,270.137,5
11776255.67394262,5.1160888671875,112072360.76975194,201506.47734018433,2081425.3725670828,13407306.403762186,19.45,19.45,19.45,19.45,19.45,19.45,19.45,19.45,19.45,19.45,19.45,56.0,56.0,56.0,0.0,0.0,0.0,11.2421875,11.2421875,11.2421875,251.589,251.589,251.589,56.0,0.0,11.2421875,251.589,5
11776256.672619192,5.1160888671875,113101710.97171113,203306.06093462306,2099931.107636375,13526509.361298367,20.8125,20.8125,20.8125,20.8125,20.8125,20.8125,20.8125,20.8125,20.8125,20.8125,20.8125,53.0,53.0,53.0,0.0,0.0,0.0,11.2421875,11.2421875,11.2421875,263.765,263.765,263.765,53.0,0.0,11.2421875,263.765,5
11776257.661864035,5.1160888671875,114213293.91879658,205251.51225898316,2119952.4213320813,13655474.7764711,20.6875,20.6875,20.6875,20.6875,20.6875,20.6875,20.6875,20.6875,20.6875,20.6875,20.6875,88.0,88.0,88.0,0.0,0.0,0.0,11.2421875,11.2421875,11.2421875,269.539,269.539,269.539,88.0,0.0,11.2421875,269.539,5
11776258.673962587,5.1160888671875,111669505.60600407,200618.80284931118,2072082.7971643799,13347127.080172118,20.4,20.4,20.4,20.4,20.4,20.4,20.4,20.4,20.4,20.4,20.4,60.0,60.0,60.0,0.0,0.0,0.0,11.2421875,11.2421875,11.2421875,251.678,251.678,251.678,60.0,0.0,11.2421875,251.678,5
11776259.674885202,5.1160888671875,112951973.84756929,202866.8320768504,2095218.9202066,13496156.247737046,22.1,22.1,22.1,22.1,22.1,22.1,22.1,22.1,22.1,22.1,22.1,56.0,56.0,56.0,0.0,0.0,0.0,11.2421875,11.2421875,11.2421875,265.93,265.93,265.93,56.0,0.0,11.2421875,265.93,5
11776260.65159588,5.1160888671875,115785640.15532897,207905.98971762464,2147157.852442067,13830716.01045691,20.9,20.9,20.9,20.9,20.9,20.9,20.9,20.9,20.9,20.9,20.9,93.0,93.0,93.0,0.0,0.0,0.0,11.2421875,11.2421875,11.2421875,265.037,265.037,265.037,93.0,0.0,11.2421875,265.037,5
11776261.790795004,5.1160888671875,99299538.20394441,178251.54146123183,1840900.290935396,11857986.639658077,17.75,17.75,17.75,17.75,17.75,17.75,17.75,17.75,17.75,17.75,17.75,58.0,58.0,58.0,0.0,0.0,0.0,11.2421875,11.2421875,11.2421875,216.451,216.451,216.451,58.0,0.0,11.2421875,216.451,5
11776262.792750508,5.1160888671875,112933990.17589086,202677.6631006018,2093059.0155645395,13482243.424476271,19.575,19.575,19.575,19.575,19.575,19.575,19.575,19.575,19.575,19.575,19.575,55.0,55.0,55.0,0.0,0.0,0.0,11.2421875,11.2421875,11.2421875,270.675,270.675,270.675,55.0,0.0,11.2421875,270.675,5
11776263.792846972,5.1160888671875,113179556.18734826,203065.41139060535,2096949.7187317174,13507305.024174226,20.4,20.4,20.4,20.4,20.4,20.4,20.4,20.4,20.4,20.4,20.4,68.0,68.0,68.0,0.0,0.0,0.0,11.2421875,11.2421875,11.2421875,271.179,271.179,271.179,68.0,0.0,11.2421875,271.179,5
11776264.789755853,5.1160888671875,113577187.62874508,203715.70954719235,2103654.6473332164,13550494.193173725,20.575,20.575,20.575,20.575,20.575,20.575,20.575,20.575,20.575,20.575,20.575,58.0,58.0,58.0,0.0,0.0,0.0,11.2421875,11.2421875,11.2421875,246.86,246.86,246.86,58.0,0.0,11.2421875,246.86,5
11776265.791284297,5.1160888671875,113086144.18759915,202783.05749938326,2093951.5128583782,13487992.362122912,19.5625,19.5625,19.5625,19.5625,19.5625,19.5625,19.5625,19.5625,19.5625,19.5625,19.5625,57.0,57.0,57.0,0.0,0.0,0.0,11.2421875,11.2421875,11.2421875,267.502,267.502,267.502,57.0,0.0,11.2421875,267.502,5
11776266.78387195,5.1160888671875,114137902.63517101,204617.69718562133,2112812.9004200874,13609486.221846577,20.5,20.5,20.5,20.5,20.5,20.5,20.5,20.5,20.5,20.5,20.5,75.0,75.0,75.0,0.0,0.0,0.0,11.2421875,11.2421875,11.2421875,269.352,269.352,269.352,75.0,0.0,11.2421875,269.352,5
11776267.79037174,5.1160888671875,112592894.86669546,201789.4112720831,2083608.9799069015,13421371.905728439,19.4375,19.4375,19.4375,19.4375,19.4375,19.4375,19.4375,19.4375,19.4375,19.4375,19.4375,57.0,57.0,57.0,0.0,0.0,0.0,11.2421875,11.2421875,11.2421875,249.263,249.263,249.263,57.0,0.0,11.2421875,249.263,5
11776268.791616293,5.1160888671875,113216709.86822169,202860.52943443315,2094545.2286386413,13491816.726660624,20.2625,20.2625,20.2625,20.2625,20.2625,20.2625,20.2625,20.2625,20.2625,20.2625,20.2625,54.0,54.0,54.0,0.0,0.0,0.0,11.2421875,11.2421875,11.2421875,260.909,260.909,260.909,54.0,0.0,11.2421875,260.909,5
11776269.77548912,5.1160888671875,115251941.99064839,206450.46229189695,2131527.5126470244,13730034.642011497,21.075,21.075,21.075,21.075,21.075,21.075,21.075,21.075,21.075,21.075,21.075,74.0,74.0,74.0,0.0,0.0,0.0,11.2421875,11.2421875,11.2421875,270.8,270.8,270.8,74.0,0.0,11.2421875,270.8,5
11776270.782185199,5.1160888671875,112674417.20938829,201777.87939399137,2083202.7102327477,13418754.95771016,18.125,18.125,18.125,18.125,18.125,18.125,18.125,18.125,18.125,18.125,18.125,67.0,67.0,67.0,0.0,0.0,0.0,11.2421875,11.2421875,11.2421875,268.492,268.492,268.492,67.0,0.0,11.2421875,268.492,5
11776271.78094112,5.1160888671875,113603101.2691612,203382.023369664,2099764.2733127107,13525434.713643203,18.575,18.575,18.575,18.575,18.575,18.575,18.575,18.575,18.575,18.575,18.575,64.0,64.0,64.0,0.0,0.0,0.0,11.2421875,11.2421875,11.2421875,287.324,287.324,287.324,64.0,0.0,11.2421875,287.324,5
11776272.77917348,5.1161956787109375,113695627.83393262,203497.71050389472,2100865.572067579,13532528.626325928,18.45,18.45,18.45,18.45,18.45,18.45,18.45,18.45,18.45,18.45,18.45,62.0,62.0,62.0,0.0,0.0,0.0,11.2421875,11.2421875,11.2421875,285.335,285.335,285.335,62.0,0.0,11.2421875,285.335,5
11776273.781264996,5.1161956787109375,113290591.93592134,202724.9974628666,2092774.9281524676,13480413.502044605,19.0,19.0,19.0,19.0,19.0,19.0,19.0,19.0,19.0,19.0,19.0,64.0,64.0,64.0,0.0,0.0,0.0,11.2421875,11.2421875,11.2421875,281.65,281.65,281.65,64.0,0.0,11.2421875,281.65,5
11776274.781184008,5.1161956787109375,113572380.97853556,203176.45481634032,2097321.857506388,13509702.121203255,20.0625,20.0625,20.0625,20.0625,20.0625,20.0625,20.0625,20.0625,20.0625,20.0625,20.0625,82.0,82.0,82.0,0.0,0.0,0.0,11.2421875,11.2421875,11.2421875,285.631,285.631,285.631,82.0,0.0,11.2421875,285.631,5
11776275.782214692,5.1161956787109375,113481859.11827652,202958.8136960011,2094992.7255286074,13494699.235924507,19.3125,19.3125,19.3125,19.3125,19.3125,19.3125,19.3125,19.3125,19.3125,19.3125,19.3125,68.0,68.0,68.0,0.0,0.0,0.0,11.2421875,11.2421875,11.2421875,267.914,267.914,267.914,68.0,0.0,11.2421875,267.914,5
11776276.784292605,5.1161956787109375,113396071.83818313,202747.70791988095,2092803.3369244037,13480596.49448571,18.9,18.9,18.9,18.9,18.9,18.9,18.9,18.9,18.9,18.9,18.9,65.0,65.0,65.0,0.0,0.0,0.0,11.2421875,11.2421875,11.2421875,283.735,283.735,283.735,65.0,0.0,11.2421875,283.735,5
11776277.782648075,5.1161956787109375,113851814.65670314,203510.679295775,2100606.5091668954,13530859.896938322,18.662499999999998,18.662499999999998,18.662499999999998,18.662499999999998,18.662499999999998,18.662499999999998,18.662499999999998,18.662499999999998,18.662499999999998,18.662499999999998,18.662499999999998,66.0,66.0,66.0,0.0,0.0,0.0,11.2421875,11.2421875,11.2421875,286.677,286.677,286.677,66.0,0.0,11.2421875,286.677,5
11776278.783565748,5.1162109375,113593229.54765679,203002.70987169835,2095229.2644427205,13496222.879164241,18.8875,18.8875,18.8875,18.8875,18.8875,18.8875,18.8875,18.8875,18.8875,18.8875,18.8875,62.0,62.0,62.0,0.0,0.0,0.0,11.2421875,11.2421875,11.2421875,284.9,284.9,284.9,62.0,0.0,11.2421875,284.9,5
11776279.784967571,5.1162109375,113573896.49809694,202915.5483144701,2094216.2794231672,13493788.097298885,18.962500000000002,18.962500000000002,18.962500000000002,18.962500000000002,18.962500000000002,18.962500000000002,18.962500000000002,18.962500000000002,18.962500000000002,18.962500000000002,18.962500000000002,66.0,66.0,66.0,0.0,0.0,0.0,11.2421875,11.2421875,11.2421875,273.656,273.656,273.656,66.0,0.0,11.2421875,273.656,5
11776280.791927865,5.1162109375,112982384.46883805,201798.42378738188,2082656.102727595,13419301.724410813,19.9,19.9,19.9,19.9,19.9,19.9,19.9,19.9,19.9,19.9,19.9,55.0,55.0,55.0,0.0,0.0,0.0,11.2421875,11.2421875,11.2421875,250.149,250.149,250.149,55.0,0.0,11.2421875,250.149,5
11776281.793103905,5.1162109375,113667983.833862,202975.29281087682,2094688.561166632,13496831.17829828,19.8125,19.8125,19.8125,19.8125,19.8125,19.8125,19.8125,19.8125,19.8125,19.8125,19.8125,55.0,55.0,55.0,0.0,0.0,0.0,11.2421875,11.2421875,11.2421875,272.583,272.583,272.583,55.0,0.0,11.2421875,272.583,5
11776282.7928767,5.1162109375,113860414.7073646,203267.18341295555,2097628.592659452,13515774.857780337,20.85,20.85,20.85,20.85,20.85,20.85,20.85,20.85,20.85,20.85,20.85,78.0,78.0,78.0,0.0,0.0,0.0,11.2421875,11.2421875,11.2421875,268.387,268.387,268.387,78.0,0.0,11.2421875,268.387,5
11776283.794365192,5.1162261962890625,113698182.17760088,202919.95529165806,2094035.0458110406,13492620.344005123,19.8125,19.8125,19.8125,19.8125,19.8125,19.8125,19.8125,19.8125,19.8125,19.8125,19.8125,54.0,54.0,54.0,0.0,0.0,0.0,11.2421875,11.2421875,11.2421875,246.376,246.376,246.376,54.0,0.0,11.2421875,246.376,5
11776284.793558573,5.1162261962890625,113992252.25746137,203394.06140903605,2098844.9671410853,13523612.395700078,19.974999999999998,19.974999999999998,19.974999999999998,19.974999999999998,19.974999999999998,19.974999999999998,19.974999999999998,19.974999999999998,19.974999999999998,19.974999999999998,19.974999999999998,54.0,54.0,54.0,0.0,0.0,0.0,11.2421875,11.2421875,11.2421875,268.03,268.03,268.03,54.0,0.0,11.2421875,268.03,5
11776285.782609535,5.1162261962890625,115197242.98740618,205487.89476194148,2120367.9896269157,13662292.96441249,21.4,21.4,21.4,21.4,21.4,21.4,21.4,21.4,21.4,21.4,21.4,78.0,78.0,78.0,0.0,0.0,0.0,11.2421875,11.2421875,11.2421875,271.459,271.459,271.459,78.0,0.0,11.2421875,271.459,5
11776286.79555142,5.1162261962890625,112515415.55749157,200643.29773996712,2070357.671432629,13340058.5118286,19.25,19.25,19.25,19.25,19.25,19.25,19.25,19.25,19.25,19.25,19.25,58.0,58.0,58.0,0.0,0.0,0.0,11.2421875,11.2421875,11.2421875,247.588,247.588,247.588,58.0,0.0,11.2421875,247.588,5
11776287.785259431,5.1162261962890625,115189994.03984259,205360.56851298525,2118960.314189848,13653222.805688104,20.3,20.3,20.3,20.3,20.3,20.3,20.3,20.3,20.3,20.3,20.3,66.0,66.0,66.0,0.0,0.0,0.0,11.2421875,11.2421875,11.2421875,266.782,266.782,266.782,66.0,0.0,11.2421875,266.782,5
11776288.783617664,5.1162261962890625,114224873.63948582,203588.24448163484,2100600.697113707,13534925.194879143,18.975,18.975,18.975,18.975,18.975,18.975,18.975,18.975,18.975,18.975,18.975,65.0,65.0,65.0,0.0,0.0,0.0,11.2421875,11.2421875,11.2421875,287.894,287.894,287.894,65.0,0.0,11.2421875,287.894,5
11776289.783262257,5.1162261962890625,114110791.84216456,203334.26654278208,2097897.6087450115,13517508.22509725,19.075,19.075,19.075,19.075,19.075,19.075,19.075,19.075,19.075,19.075,19.075,67.0,67.0,67.0,0.0,0.0,0.0,11.2421875,11.2421875,11.2421875,280.045,280.045,280.045,67.0,0.0,11.2421875,280.045,5
11776290.781947028,5.1162261962890625,114256167.98454797,203530.6893920176,2099913.866861399,13530499.700733896,19.55,19.55,19.55,19.55,19.55,19.55,19.55,19.55,19.55,19.55,19.55,65.0,65.0,65.0,0.0,0.0,0.0,11.2421875,11.2421875,11.2421875,283.552,283.552,283.552,65.0,0.0,11.2421875,283.552,5
11776291.78297008,5.1162261962890625,114024907.56059195,203063.2556772996,2095008.6966176198,13498893.926057672,19.712500000000002,19.712500000000002,19.712500000000002,19.712500000000002,19.712500000000002,19.712500000000002,19.712500000000002,19.712500000000002,19.712500000000002,19.712500000000002,19.712500000000002,65.0,65.0,65.0,0.0,0.0,0.0,11.2421875,11.2421875,11.2421875,283.74,283.74,283.74,65.0,0.0,11.2421875,283.74,5
11776292.783248523,5.1162261962890625,114142688.7561209,203224.41356468396,2096568.2250481062,13508942.528190825,18.6125,18.6125,18.6125,18.6125,18.6125,18.6125,18.6125,18.6125,18.6125,18.6125,18.6125,64.0,64.0,64.0,0.0,0.0,0.0,11.2421875,11.2421875,11.2421875,290.319,290.319,290.319,64.0,0.0,11.2421875,290.319,5
11776293.77734354,5.1162261962890625,114885776.64177747,204496.54879328638,2109609.2080483357,13597090.59874904,18.724999999999998,18.724999999999998,18.724999999999998,18.724999999999998,18.724999999999998,18.724999999999998,18.724999999999998,18.724999999999998,18.724999999999998,18.724999999999998,18.724999999999998,67.0,67.0,67.0,0.0,0.0,0.0,11.2421875,11.2421875,11.2421875,286.424,286.424,286.424,67.0,0.0,11.2421875,286.424,5
11776294.78435606,5.1162261962890625,113444751.41347006,201881.30332574208,2082548.0898989493,13422673.235676821,18.9125,18.9125,18.9125,18.9125,18.9125,18.9125,18.9125,18.9125,18.9125,18.9125,18.9125,68.0,68.0,68.0,0.0,0.0,0.0,11.2421875,11.2421875,11.2421875,268.593,268.593,268.593,68.0,0.0,11.2421875,268.593,5
11776295.783897951,5.1162261962890625,114325558.48281044,203390.17471929145,2098113.1629729485,13522994.99572408,18.3,18.3,18.3,18.3,18.3,18.3,18.3,18.3,18.3,18.3,18.3,65.0,65.0,65.0,0.0,0.0,0.0,11.2421875,11.2421875,11.2421875,285.575,285.575,285.575,65.0,0.0,11.2421875,285.575,5
11776296.782736111,5.1162261962890625,114444564.2511277,203542.48376126954,2099591.388866605,13532522.623554287,19.162499999999998,19.162499999999998,19.162499999999998,19.162499999999998,19.162499999999998,19.162499999999998,19.162499999999998,19.162499999999998,19.162499999999998,19.162499999999998,19.162499999999998,62.0,62.0,62.0,0.0,0.0,0.0,11.2421875,11.2421875,11.2421875,285.89,285.89,285.89,62.0,0.0,11.2421875,285.89,5
11776297.783319507,5.1162261962890625,114277847.83360592,203195.45671299443,2095929.2445998292,13508918.959334837,18.9375,18.9375,18.9375,18.9375,18.9375,18.9375,18.9375,18.9375,18.9375,18.9375,18.9375,64.0,64.0,64.0,0.0,0.0,0.0,11.2421875,11.2421875,11.2421875,288.003,288.003,288.003,64.0,0.0,11.2421875,288.003,5
11776298.763870988,5.1162261962890625,116646016.23419961,207354.74259999013,2138747.4702838575,13784895.804563927,19.224999999999998,19.224999999999998,19.224999999999998,19.224999999999998,19.224999999999998,19.224999999999998,19.224999999999998,19.224999999999998,19.224999999999998,19.224999999999998,19.224999999999998,66.0,66.0,66.0,0.0,0.0,0.0,11.2421875,11.2421875,11.2421875,287.056,287.056,287.056,66.0,0.0,11.2421875,287.056,5
11776299.78305274,5.1162261962890625,112257047.09750345,199502.19819556054,2057682.0519956138,13262403.85075298,18.287499999999998,18.287499999999998,18.287499999999998,18.287499999999998,18.287499999999998,18.287499999999998,18.287499999999998,18.287499999999998,18.287499999999998,18.287499999999998,18.287499999999998,65.0,65.0,65.0,0.0,0.0,0.0,11.244140625,11.244140625,11.244140625,270.33,270.33,270.33,65.0,0.0,11.244140625,270.33,5
11776300.795800855,5.1162261962890625,113002615.68651806,200770.55393704015,2070753.7929974506,13346655.306428881,18.725,18.725,18.725,18.725,18.725,18.725,18.725,18.725,18.725,18.725,18.725,57.0,57.0,57.0,0.0,0.0,0.0,11.244140625,11.244140625,11.244140625,277.628,277.628,277.628,57.0,0.0,11.244140625,277.628,5
11776301.796233429,5.1162261962890625,114429302.94351472,203252.07858599257,2096245.220373618,13510955.521939335,20.375,20.375,20.375,20.375,20.375,20.375,20.375,20.375,20.375,20.375,20.375,57.0,57.0,57.0,0.0,0.0,0.0,11.244140625,11.244140625,11.244140625,274.346,274.346,274.346,57.0,0.0,11.244140625,274.346,5
11776302.798000433,5.1162261962890625,114309676.35507225,202989.31708327867,2093452.8606125067,13492957.890666548,20.7375,20.7375,20.7375,20.7375,20.7375,20.7375,20.7375,20.7375,20.7375,20.7375,20.7375,81.0,81.0,81.0,0.0,0.0,0.0,11.244140625,11.244140625,11.244140625,268.809,268.809,268.809,81.0,0.0,11.244140625,268.809,5
11776303.794259341,5.1162261962890625,114977409.96711385,204113.607604321,2105027.0981785934,13567557.468729217,20.45,20.45,20.45,20.45,20.45,20.45,20.45,20.45,20.45,20.45,20.45,57.0,57.0,57.0,0.0,0.0,0.0,11.244140625,11.244140625,11.244140625,248.256,248.256,248.256,57.0,0.0,11.244140625,248.256,5
11776304.796427336,5.1162261962890625,114332256.33636561,202919.07263628623,2092615.2224260196,13487559.050792705,20.4375,20.4375,20.4375,20.4375,20.4375,20.4375,20.4375,20.4375,20.4375,20.4375,20.4375,55.0,55.0,55.0,0.0,0.0,0.0,11.244140625,11.244140625,11.244140625,263.404,263.404,263.404,55.0,0.0,11.244140625,263.404,5
11776305.789916605,5.1162261962890625,115364067.39055867,204698.7383874576,2110895.4722359367,13605380.973395685,21.1875,21.1875,21.1875,21.1875,21.1875,21.1875,21.1875,21.1875,21.1875,21.1875,21.1875,79.0,79.0,79.0,0.0,0.0,0.0,11.244140625,11.244140625,11.244140625,269.404,269.404,269.404,79.0,0.0,11.244140625,269.404,5
11776306.783381248,5.1162261962890625,115402732.03698069,204704.81904430327,2110947.7971765264,13605718.223989332,19.3375,19.3375,19.3375,19.3375,19.3375,19.3375,19.3375,19.3375,19.3375,19.3375,19.3375,64.0,64.0,64.0,0.0,0.0,0.0,11.244140625,11.244140625,11.244140625,253.467,253.467,253.467,64.0,0.0,11.244140625,253.467,5
11776307.784650182,5.1162261962890625,114536062.24387851,203117.25751282714,2094494.224105915,13499669.803807655,18.8,18.8,18.8,18.8,18.8,18.8,18.8,18.8,18.8,18.8,18.8,67.0,67.0,67.0,0.0,0.0,0.0,11.244140625,11.244140625,11.244140625,282.776,282.776,282.776,67.0,0.0,11.244140625,282.776,5
11776308.795655137,5.1162261962890625,113468302.48527783,201172.1100666593,2074324.1568766518,13369667.417369045,20.85,20.85,20.85,20.85,20.85,20.85,20.85,20.85,20.85,20.85,20.85,55.0,55.0,55.0,0.0,0.0,0.0,11.244140625,11.244140625,11.244140625,272.302,272.302,272.302,55.0,0.0,11.244140625,272.302,5
11776309.795458458,5.1162261962890625,114772476.28581716,203433.01091244677,2097564.5459827012,13519458.987779131,20.425,20.425,20.425,20.425,20.425,20.425,20.425,20.425,20.425,20.425,20.425,56.0,56.0,56.0,0.0,0.0,0.0,11.244140625,11.244140625,11.244140625,249.192,249.192,249.192,56.0,0.0,11.244140625,249.192,5
11776310.800489835,5.1162261962890625,114208194.50813448,202374.77619009337,2086653.2606166718,13449132.343818393,19.6375,19.6375,19.6375,19.6375,19.6375,19.6375,19.6375,19.6375,19.6375,19.6375,19.6375,58.0,58.0,58.0,0.0,0.0,0.0,11.244140625,11.244140625,11.244140625,249.66,249.66,249.66,58.0,0.0,11.244140625,249.66,5
11776311.795100892,5.1162261962890625,115437838.98959106,204504.06082490197,2108514.6663605315,13594154.128234599,20.3875,20.3875,20.3875,20.3875,20.3875,20.3875,20.3875,20.3875,20.3875,20.3875,20.3875,56.0,56.0,56.0,0.0,0.0,0.0,11.244140625,11.244140625,11.244140625,267.062,267.062,267.062,56.0,0.0,11.244140625,267.062,5
11776312.795135176,5.1162261962890625,114847510.58556277,203414.0261847266,2097080.1040273705,13614637.237865195,20.175,20.175,20.175,20.175,20.175,20.175,20.175,20.175,20.175,20.175,20.175,57.0,57.0,57.0,0.0,0.0,0.0,11.244140625,11.244140625,11.244140625,246.779,246.779,246.779,57.0,0.0,11.244140625,246.779,5
11776313.795720758,5.1162261962890625,114818836.14397244,203303.94884521168,2095924.6640184904,13607135.904682543,19.8875,19.8875,19.8875,19.8875,19.8875,19.8875,19.8875,19.8875,19.8875,19.8875,19.8875,57.0,57.0,57.0,0.0,0.0,0.0,11.244140625,11.244140625,11.244140625,255.935,255.935,255.935,57.0,0.0,11.244140625,255.935,5
11776314.79644632,5.1162261962890625,114836762.83705682,203289.500913368,2095631.4899426925,13605232.563612323,20.412499999999998,20.412499999999998,20.412499999999998,20.412499999999998,20.412499999999998,20.412499999999998,20.412499999999998,20.412499999999998,20.412499999999998,20.412499999999998,20.412499999999998,57.0,57.0,57.0,0.0,0.0,0.0,11.244140625,11.244140625,11.244140625,268.347,268.347,268.347,57.0,0.0,11.244140625,268.347,5
11776315.796126164,5.1162261962890625,114989833.59012839,203513.15578970956,2097823.6290880274,13619464.341969926,20.349999999999998,20.349999999999998,20.349999999999998,20.349999999999998,20.349999999999998,20.349999999999998,20.349999999999998,20.349999999999998,20.349999999999998,20.349999999999998,20.349999999999998,59.0,59.0,59.0,0.0,0.0,0.0,11.244140625,11.244140625,11.244140625,247.845,247.845,247.845,59.0,0.0,11.244140625,247.845,5
11776316.796728676,5.1162261962890625,114916704.34236468,203326.49341102288,2095889.2022566514,13606905.680275604,19.6625,19.6625,19.6625,19.6625,19.6625,19.6625,19.6625,19.6625,19.6625,19.6625,19.6625,57.0,57.0,57.0,0.0,0.0,0.0,11.244140625,11.244140625,11.244140625,247.81,247.81,247.81,57.0,0.0,11.244140625,247.81,5
11776317.79750636,5.1162261962890625,114929496.15223055,203298.89766913795,2095522.3454814926,13604523.977305626,20.475,20.475,20.475,20.475,20.475,20.475,20.475,20.475,20.475,20.475,20.475,55.0,55.0,55.0,0.0,0.0,0.0,11.244140625,11.244140625,11.244140625,271.513,271.513,271.513,55.0,0.0,11.244140625,271.513,5
11776318.796652893,5.1162261962890625,115150086.88356903,203641.8017067791,2098943.3804479092,13626733.977751661,20.125,20.125,20.125,20.125,20.125,20.125,20.125,20.125,20.125,20.125,20.125,60.0,60.0,60.0,0.0,0.0,0.0,11.244140625,11.244140625,11.244140625,258.519,258.519,258.519,60.0,0.0,11.244140625,258.519,5
11776319.797022523,5.1162261962890625,115044970.84068494,203393.81938918147,2096377.1145464943,13610073.298344819,20.8625,20.8625,20.8625,20.8625,20.8625,20.8625,20.8625,20.8625,20.8625,20.8625,20.8625,59.0,59.0,59.0,0.0,0.0,0.0,11.244140625,11.244140625,11.244140625,249.737,249.737,249.737,59.0,0.0,11.244140625,249.737,5
11776320.784784475,5.1162261962890625,116546734.5334478,206001.05075064398,2123135.0284244865,13783790.692349596,19.462500000000002,19.462500000000002,19.462500000000002,19.462500000000002,19.462500000000002,19.462500000000002,19.462500000000002,19.462500000000002,19.462500000000002,19.462500000000002,19.462500000000002,63.0,63.0,63.0,0.0,0.0,0.0,11.244140625,11.244140625,11.244140625,278.672,278.672,278.672,63.0,0.0,11.244140625,278.672,5
11776321.788743831,5.1162261962890625,114699225.9457961,202684.4999342417,2088881.3752529393,13561409.553399941,19.45,19.45,19.45,19.45,19.45,19.45,19.45,19.45,19.45,19.45,19.45,64.0,64.0,64.0,0.0,0.0,0.0,11.244140625,11.244140625,11.244140625,281.061,281.061,281.061,64.0,0.0,11.244140625,281.061,5
11776322.797372792,5.1162261962890625,114203595.66137147,201755.0634863834,2079210.5736751384,13498624.896281563,19.95,19.95,19.95,19.95,19.95,19.95,19.95,19.95,19.95,19.95,19.95,56.0,56.0,56.0,0.0,0.0,0.0,11.244140625,11.244140625,11.244140625,261.225,261.225,261.225,56.0,0.0,11.244140625,261.225,5
11776323.797275484,5.1162261962890625,115233191.14684282,203517.80397312934,2097356.0901721693,13616428.991664631,19.65,19.65,19.65,19.65,19.65,19.65,19.65,19.65,19.65,19.65,19.65,58.0,58.0,58.0,0.0,0.0,0.0,11.244140625,11.244140625,11.244140625,247.521,247.521,247.521,58.0,0.0,11.244140625,247.521,5
11776324.798408259,5.1162261962890625,115127256.71048747,203276.7331786351,2094779.086414919,13603789.965487512,21.325000000000003,21.325000000000003,21.325000000000003,21.325000000000003,21.325000000000003,21.325000000000003,21.325000000000003,21.325000000000003,21.325000000000003,21.325000000000003,21.325000000000003,57.0,57.0,57.0,0.0,0.0,0.0,11.244140625,11.244140625,11.244140625,268.915,268.915,268.915,57.0,0.0,11.244140625,268.915,5
11776325.799212111,5.1162261962890625,115197998.80598375,203350.5361725105,2095467.553265391,13608260.966030126,19.9,19.9,19.9,19.9,19.9,19.9,19.9,19.9,19.9,19.9,19.9,58.0,58.0,58.0,0.0,0.0,0.0,11.244140625,11.244140625,11.244140625,252.645,252.645,252.645,58.0,0.0,11.244140625,252.645,5
11776326.798423631,5.1162261962890625,115414527.05129969,203674.59335220812,2098806.8673298643,13629946.941155856,19.487499999999997,19.487499999999997,19.487499999999997,19.487499999999997,19.487499999999997,19.487499999999997,19.487499999999997,19.487499999999997,19.487499999999997,19.487499999999997,19.487499999999997,58.0,58.0,58.0,0.0,0.0,0.0,11.244140625,11.244140625,11.244140625,247.789,247.789,247.789,58.0,0.0,11.244140625,247.789,5
11776327.797845984,5.1162261962890625,115425892.44807826,203639.63187109516,2098364.1142369425,13627071.640308268,19.974999999999998,19.974999999999998,19.974999999999998,19.974999999999998,19.974999999999998,19.974999999999998,19.974999999999998,19.974999999999998,19.974999999999998,19.974999999999998,19.974999999999998,57.0,57.0,57.0,0.0,0.0,0.0,11.244140625,11.244140625,11.244140625,270.817,270.817,270.817,57.0,0.0,11.244140625,270.817,5
11776328.799048427,5.1162261962890625,115253563.08900349,203286.5593747454,2094633.3215375843,13602843.347875914,20.625,20.625,20.625,20.625,20.625,20.625,20.625,20.625,20.625,20.625,20.625,61.0,61.0,61.0,0.0,0.0,0.0,11.244140625,11.244140625,11.244140625,271.103,271.103,271.103,61.0,0.0,11.244140625,271.103,5
11776329.800089642,5.1162261962890625,115307766.83357319,203319.30091176354,2094970.6852799167,13605034.235460397,19.299999999999997,19.299999999999997,19.299999999999997,19.299999999999997,19.299999999999997,19.299999999999997,19.299999999999997,19.299999999999997,19.299999999999997,19.299999999999997,19.299999999999997,59.0,59.0,59.0,0.0,0.0,0.0,11.244140625,11.244140625,11.244140625,247.941,247.941,247.941,59.0,0.0,11.244140625,247.941,5
11776330.797363803,5.1162261962890625,115776352.76884227,204095.33113882787,2102884.124853002,13656425.22487545,20.0125,20.0125,20.0125,20.0125,20.0125,20.0125,20.0125,20.0125,20.0125,20.0125,20.0125,57.0,57.0,57.0,0.0,0.0,0.0,11.244140625,11.244140625,11.244140625,267.796,267.796,267.796,57.0,0.0,11.244140625,267.796,5
11776331.797448264,5.1162261962890625,115483942.0363663,203528.80962207855,2096974.886053085,13618049.797122085,20.8875,20.8875,20.8875,20.8875,20.8875,20.8875,20.8875,20.8875,20.8875,20.8875,20.8875,80.0,80.0,80.0,0.0,0.0,0.0,11.244140625,11.244140625,11.244140625,266.339,266.339,266.339,80.0,0.0,11.244140625,266.339,5
11776332.799345788,5.1162261962890625,115307808.76008306,203160.49824539007,2093180.1421610657,13593406.196651451,19.75,19.75,19.75,19.75,19.75,19.75,19.75,19.75,19.75,19.75,19.75,58.0,58.0,58.0,0.0,0.0,0.0,11.244140625,11.244140625,11.244140625,251.449,251.449,251.449,58.0,0.0,11.244140625,251.449,5
11776333.799902372,5.1162261962890625,115497950.63694324,203445.7652511266,2095985.4071199538,13611623.981784856,20.849999999999998,20.849999999999998,20.849999999999998,20.849999999999998,20.849999999999998,20.849999999999998,20.849999999999998,20.849999999999998,20.849999999999998,20.849999999999998,20.849999999999998,58.0,58.0,58.0,0.0,0.0,0.0,11.244140625,11.244140625,11.244140625,264.509,264.509,264.509,58.0,0.0,11.244140625,264.509,5
11776334.797197832,5.116237640380859,115908573.40413,204119.04818519833,2102839.213328708,13656133.563121004,20.7875,20.7875,20.7875,20.7875,20.7875,20.7875,20.7875,20.7875,20.7875,20.7875,20.7875,79.0,79.0,79.0,0.0,0.0,0.0,11.244140625,11.244140625,11.244140625,266.82,266.82,266.82,79.0,0.0,11.244140625,266.82,5
11776335.786460323,5.116237640380859,116885762.87655199,205777.53807143256,2119914.601123855,13767023.532689096,20.7125,20.7125,20.7125,20.7125,20.7125,20.7125,20.7125,20.7125,20.7125,20.7125,20.7125,68.0,68.0,68.0,0.0,0.0,0.0,11.244140625,11.244140625,11.244140625,259.221,259.221,259.221,68.0,0.0,11.244140625,259.221,5
11776336.787861336,5.116237640380859,115501740.58724456,203290.187852149,2094217.9738892792,13600146.021839557,18.912499999999998,18.912499999999998,18.912499999999998,18.912499999999998,18.912499999999998,18.912499999999998,18.912499999999998,18.912499999999998,18.912499999999998,18.912499999999998,18.912499999999998,64.0,64.0,64.0,0.0,0.0,0.0,11.244140625,11.244140625,11.244140625,283.404,283.404,283.404,64.0,0.0,11.244140625,283.404,5
11776337.78777202,5.116237640380859,115706773.43118036,203600.18469251727,2097339.3253248422,13620416.517002149,18.8625,18.8625,18.8625,18.8625,18.8625,18.8625,18.8625,18.8625,18.8625,18.8625,18.8625,63.0,63.0,63.0,0.0,0.0,0.0,11.244140625,11.244140625,11.244140625,287.224,287.224,287.224,63.0,0.0,11.244140625,287.224,5
11776338.79591455,5.116237640380859,114797338.33709884,201946.64358693745,2080213.7987024628,13509200.938839234,21.1875,21.1875,21.1875,21.1875,21.1875,21.1875,21.1875,21.1875,21.1875,21.1875,21.1875,77.0,77.0,77.0,0.0,0.0,0.0,11.244140625,11.244140625,11.244140625,274.525,274.525,274.525,77.0,0.0,11.244140625,274.525,5
11776339.786743091,5.116237640380859,116836516.19663066,205475.5100020402,2116563.9775422225,13745264.111968534,18.75,18.75,18.75,18.75,18.75,18.75,18.75,18.75,18.75,18.75,18.75,67.0,67.0,67.0,0.0,0.0,0.0,11.244140625,11.244140625,11.244140625,260.962,260.962,260.962,67.0,0.0,11.244140625,260.962,5
11776340.788872307,5.116241455078125,115554555.42094651,203167.4127454811,2092696.1983006443,13590263.397167271,19.6875,19.6875,19.6875,19.6875,19.6875,19.6875,19.6875,19.6875,19.6875,19.6875,19.6875,67.0,67.0,67.0,0.0,0.0,0.0,11.244140625,11.244140625,11.244140625,282.647,282.647,282.647,67.0,0.0,11.244140625,282.647,5
11776341.786013588,5.116241455078125,116165591.76774065,204191.72673970874,2103164.3556030886,13658245.082773963,18.887500000000003,18.887500000000003,18.887500000000003,18.887500000000003,18.887500000000003,18.887500000000003,18.887500000000003,18.887500000000003,18.887500000000003,18.887500000000003,18.887500000000003,63.0,63.0,63.0,0.0,0.0,0.0,11.244140625,11.244140625,11.244140625,291.802,291.802,291.802,63.0,0.0,11.244140625,291.802,5
11776342.768314213,5.116241455078125,117954104.00792985,207283.79375222302,2134939.0891391207,13864594.670678858,19.5625,19.5625,19.5625,19.5625,19.5625,19.5625,19.5625,19.5625,19.5625,19.5625,19.5625,63.0,63.0,63.0,0.0,0.0,0.0,11.244140625,11.244140625,11.244140625,275.641,275.641,275.641,63.0,0.0,11.244140625,275.641,5
11776343.788751464,5.116241455078125,113580767.26249328,199544.85162661123,2055150.3743607106,13350449.502194773,19.8875,19.8875,19.8875,19.8875,19.8875,19.8875,19.8875,19.8875,19.8875,19.8875,19.8875,69.0,69.0,69.0,0.0,0.0,0.0,11.244140625,11.244140625,11.244140625,266.394,266.394,266.394,69.0,0.0,11.244140625,266.394,5
11776344.787215857,5.116241455078125,116113262.39680248,203939.17052017478,2100377.355223427,13644248.209908435,18.9,18.9,18.9,18.9,18.9,18.9,18.9,18.9,18.9,18.9,18.9,67.0,67.0,67.0,0.0,0.0,0.0,11.244140625,11.244140625,11.244140625,289.119,289.119,289.119,67.0,0.0,11.244140625,289.119,5
11776345.79841512,5.116241455078125,114683496.26541623,201379.69565317637,2073925.5604314099,13472414.871083729,18.787499999999998,18.787499999999998,18.787499999999998,18.787499999999998,18.787499999999998,18.787499999999998,18.787499999999998,18.787499999999998,18.787499999999998,18.787499999999998,18.787499999999998,57.0,57.0,57.0,0.0,0.0,0.0,11.244140625,11.244140625,11.244140625,280.348,280.348,280.348,57.0,0.0,11.244140625,280.348,5
11776346.791439386,5.116249084472656,116818427.3463031,205073.53857992587,2111883.9418981685,13718996.075690053,21.1125,21.1125,21.1125,21.1125,21.1125,21.1125,21.1125,21.1125,21.1125,21.1125,21.1125,78.0,78.0,78.0,0.0,0.0,0.0,11.244140625,11.244140625,11.244140625,268.732,268.732,268.732,78.0,0.0,11.244140625,268.732,5
11776347.800283637,5.116264343261719,115019174.57176849,201857.71969842137,2078766.8644686227,13503864.435981717,19.45,19.45,19.45,19.45,19.45,19.45,19.45,19.45,19.45,19.45,19.45,60.0,60.0,60.0,0.0,0.0,0.0,11.244140625,11.244140625,11.244140625,250.169,250.169,250.169,60.0,0.0,11.244140625,250.169,5
11776348.80049364,5.11627197265625,116044996.09507072,203607.24167961036,2096711.6823121938,13620435.655020228,20.212500000000002,20.212500000000002,20.212500000000002,20.212500000000002,20.212500000000002,20.212500000000002,20.212500000000002,20.212500000000002,20.212500000000002,20.212500000000002,20.212500000000002,58.0,58.0,58.0,0.0,0.0,0.0,11.244140625,11.244140625,11.244140625,265.158,265.158,265.158,58.0,0.0,11.244140625,265.158,5
11776349.773038475,5.11627197265625,119379891.74273951,209407.3125232212,2156355.086825454,14007884.80230754,20.9375,20.9375,20.9375,20.9375,20.9375,20.9375,20.9375,20.9375,20.9375,20.9375,20.9375,56.0,56.0,56.0,0.0,0.0,0.0,11.244140625,11.244140625,11.244140625,267.136,267.136,267.136,56.0,0.0,11.244140625,267.136,5
11776350.799803523,5.11627197265625,113107883.0246739,198349.1747179698,2042484.7953831416,13268172.713758454,19.2875,19.2875,19.2875,19.2875,19.2875,19.2875,19.2875,19.2875,19.2875,19.2875,19.2875,58.0,58.0,58.0,0.0,0.0,0.0,11.244140625,11.244140625,11.244140625,251.331,251.331,251.331,58.0,0.0,11.244140625,251.331,5
11776351.798529664,5.11627197265625,116316322.62842275,203924.77146505454,2099826.883988324,13640672.297158528,20.325,20.325,20.325,20.325,20.325,20.325,20.325,20.325,20.325,20.325,20.325,56.0,56.0,56.0,0.0,0.0,0.0,11.244140625,11.244140625,11.244140625,264.602,264.602,264.602,56.0,0.0,11.244140625,264.602,5
11776352.766356517,5.11627197265625,120066165.44151083,210442.60082071702,2166866.92916242,14076170.715613687,20.3875,20.3875,20.3875,20.3875,20.3875,20.3875,20.3875,20.3875,20.3875,20.3875,20.3875,52.0,52.0,52.0,0.0,0.0,0.0,11.244140625,11.244140625,11.244140625,266.875,266.875,266.875,52.0,0.0,11.244140625,266.875,5
11776353.79887369,5.11627197265625,112576120.66689181,197268.38940592905,2031106.1668348506,13194256.075962331,19.575,19.575,19.575,19.575,19.575,19.575,19.575,19.575,19.575,19.575,19.575,57.0,57.0,57.0,0.0,0.0,0.0,11.244140625,11.244140625,11.244140625,249.314,249.314,249.314,57.0,0.0,11.244140625,249.314,5
11776354.800188074,5.116283416748047,116117079.68443741,203415.63394877597,2094399.1573520785,13605413.276080104,20.2375,20.2375,20.2375,20.2375,20.2375,20.2375,20.2375,20.2375,20.2375,20.2375,20.2375,56.0,56.0,56.0,0.0,0.0,0.0,11.244140625,11.244140625,11.244140625,265.844,265.844,265.844,56.0,0.0,11.244140625,265.844,5
11776355.770038856,5.116283416748047,119918068.96684517,210021.99896761318,2162345.010451804,14046795.907739647,20.8875,20.8875,20.8875,20.8875,20.8875,20.8875,20.8875,20.8875,20.8875,20.8875,20.8875,55.0,55.0,55.0,0.0,0.0,0.0,11.244140625,11.244140625,11.244140625,270.615,270.615,270.615,55.0,0.0,11.244140625,270.615,5
11776356.799291559,5.116283416748047,113031827.58916469,197908.63752983103,2037548.2086861935,13236104.183770077,19.3875,19.3875,19.3875,19.3875,19.3875,19.3875,19.3875,19.3875,19.3875,19.3875,19.3875,57.0,57.0,57.0,0.0,0.0,0.0,11.244140625,11.244140625,11.244140625,252.118,252.118,252.118,57.0,0.0,11.244140625,252.118,5
11776357.79988282,5.116283416748047,116302484.84018202,203578.63183097405,2095912.7678662678,13615245.831881262,20.224999999999998,20.224999999999998,20.224999999999998,20.224999999999998,20.224999999999998,20.224999999999998,20.224999999999998,20.224999999999998,20.224999999999998,20.224999999999998,20.224999999999998,56.0,56.0,56.0,0.0,0.0,0.0,11.244140625,11.244140625,11.244140625,265.018,265.018,265.018,56.0,0.0,11.244140625,265.018,5
11776358.788362943,5.116291046142578,117763556.71672978,206083.0514540075,2121592.484980412,13782063.681728223,20.375,20.375,20.375,20.375,20.375,20.375,20.375,20.375,20.375,20.375,20.375,59.0,59.0,59.0,0.0,0.0,0.0,11.244140625,11.244140625,11.244140625,272.509,272.509,272.509,59.0,0.0,11.244140625,272.509,5
11776359.787347974,5.1162872314453125,116558177.8650021,203923.97638802542,2099282.705567529,13637137.263120314,19.425,19.425,19.425,19.425,19.425,19.425,19.425,19.425,19.425,19.425,19.425,68.0,68.0,68.0,0.0,0.0,0.0,11.244140625,11.244140625,11.244140625,267.504,267.504,267.504,68.0,0.0,11.244140625,267.504,5
11776360.79026764,5.1162872314453125,116133727.2506151,203124.9429151334,2091046.840654031,13583636.312529895,18.75,18.75,18.75,18.75,18.75,18.75,18.75,18.75,18.75,18.75,18.75,63.0,63.0,63.0,0.0,0.0,0.0,11.244140625,11.244140625,11.244140625,287.737,287.737,287.737,63.0,0.0,11.244140625,287.737,5
11776361.789696893,5.1162872314453125,116572263.38633908,203841.34203855836,2098349.6288567763,13631075.909331324,18.849999999999998,18.849999999999998,18.849999999999998,18.849999999999998,18.849999999999998,18.849999999999998,18.849999999999998,18.849999999999998,18.849999999999998,18.849999999999998,18.849999999999998,56.0,56.0,56.0,0.0,0.0,0.0,11.244140625,11.244140625,11.244140625,286.408,286.408,286.408,56.0,0.0,11.244140625,286.408,5
11776362.801043045,5.1162872314453125,115233959.96860944,201447.34776176582,2073624.3429060718,13470458.133799989,19.9375,19.9375,19.9375,19.9375,19.9375,19.9375,19.9375,19.9375,19.9375,19.9375,19.9375,56.0,56.0,56.0,0.0,0.0,0.0,11.244140625,11.244140625,11.244140625,268.515,268.515,268.515,56.0,0.0,11.244140625,268.515,5
11776363.800103417,5.1162872314453125,116683996.56308033,203935.62364447128,2099124.396287745,13636108.871197341,20.025,20.025,20.025,20.025,20.025,20.025,20.025,20.025,20.025,20.025,20.025,56.0,56.0,56.0,0.0,0.0,0.0,11.244140625,11.244140625,11.244140625,248.088,248.088,248.088,56.0,0.0,11.244140625,248.088,5
11776364.798666008,5.1162872314453125,116775134.61190403,204037.28499910547,2100170.804099478,13642906.434443092,20.175,20.175,20.175,20.175,20.175,20.175,20.175,20.175,20.175,20.175,20.175,68.0,68.0,68.0,0.0,0.0,0.0,11.244140625,11.244140625,11.244140625,266.327,266.327,266.327,68.0,0.0,11.244140625,266.327,5
11776365.800352981,5.1162872314453125,116443753.4739666,203411.84960069266,2093620.118346994,13600352.56566817,19.862499999999997,19.862499999999997,19.862499999999997,19.862499999999997,19.862499999999997,19.862499999999997,19.862499999999997,19.862499999999997,19.862499999999997,19.862499999999997,19.862499999999997,55.0,55.0,55.0,0.0,0.0,0.0,11.244140625,11.244140625,11.244140625,266.464,266.464,266.464,55.0,0.0,11.244140625,266.464,5
11776366.801396796,5.116291046142578,116551420.8593164,203554.52669797392,2094965.2435070912,13609090.624813642,20.525,20.525,20.525,20.525,20.525,20.525,20.525,20.525,20.525,20.525,20.525,56.0,56.0,56.0,0.0,0.0,0.0,11.244140625,11.244140625,11.244140625,244.581,244.581,244.581,56.0,0.0,11.244140625,244.581,5
11776367.800697688,5.116291046142578,116790361.13027246,203910.555595827,2098619.162424423,13632826.824655527,20.65,20.65,20.65,20.65,20.65,20.65,20.65,20.65,20.65,20.65,20.65,54.0,54.0,54.0,0.0,0.0,0.0,11.244140625,11.244140625,11.244140625,269.526,269.526,269.526,54.0,0.0,11.244140625,269.526,5
11776368.799716238,5.116291046142578,116856285.61096323,203978.19441540504,2099212.272054174,13636679.72041442,20.1875,20.1875,20.1875,20.1875,20.1875,20.1875,20.1875,20.1875,20.1875,20.1875,20.1875,55.0,55.0,55.0,0.0,0.0,0.0,11.244140625,11.244140625,11.244140625,269.147,269.147,269.147,55.0,0.0,11.244140625,269.147,5
11776369.801988684,5.116291046142578,116512471.73362066,203328.9460092248,2092397.1410962106,13596494.703959165,20.1875,20.1875,20.1875,20.1875,20.1875,20.1875,20.1875,20.1875,20.1875,20.1875,20.1875,59.0,59.0,59.0,0.0,0.0,0.0,11.244140625,11.244140625,11.244140625,248.285,248.285,248.285,59.0,0.0,11.244140625,248.285,5
11776370.799708553,5.116291046142578,117077067.04790433,204257.734388574,2101944.709254862,13658535.249396337,19.5,19.5,19.5,19.5,19.5,19.5,19.5,19.5,19.5,19.5,19.5,58.0,58.0,58.0,0.0,0.0,0.0,11.244140625,11.244140625,11.244140625,271.883,271.883,271.883,58.0,0.0,11.244140625,271.883,5
11776371.802262507,5.116294860839844,116545347.45970331,203279.83251217366,2091809.6129645878,13592676.918619499,20.5875,20.5875,20.5875,20.5875,20.5875,20.5875,20.5875,20.5875,20.5875,20.5875,20.5875,66.0,66.0,66.0,0.0,0.0,0.0,11.244140625,11.244140625,11.244140625,278.63,278.63,278.63,66.0,0.0,11.244140625,278.63,5
11776372.789465427,5.116310119628906,118390940.33238515,206447.93068070355,2124337.314519194,13804043.448057339,19.05,19.05,19.05,19.05,19.05,19.05,19.05,19.05,19.05,19.05,19.05,90.0,90.0,90.0,0.0,0.0,0.0,11.244140625,11.244140625,11.244140625,287.307,287.307,287.307,90.0,0.0,11.244140625,287.307,5
11776373.78932328,5.116313934326172,116928157.0761429,203844.97610767122,2097450.1478498005,13629329.378703684,18.799999999999997,18.799999999999997,18.799999999999997,18.799999999999997,18.799999999999997,18.799999999999997,18.799999999999997,18.799999999999997,18.799999999999997,18.799999999999997,18.799999999999997,69.0,69.0,69.0,0.0,0.0,0.0,11.244140625,11.244140625,11.244140625,267.077,267.077,267.077,69.0,0.0,11.244140625,267.077,5
11776374.791241644,5.116313934326172,116723251.27987093,203426.7533753592,2093136.601434823,13605387.909326348,19.85,19.85,19.85,19.85,19.85,19.85,19.85,19.85,19.85,19.85,19.85,66.0,66.0,66.0,0.0,0.0,0.0,11.244140625,11.244140625,11.244140625,287.849,287.849,287.849,66.0,0.0,11.244140625,287.849,5
11776375.791798998,5.116321563720703,116914891.05054152,203712.46010253744,2095983.795634299,13623894.671622943,19.1375,19.1375,19.1375,19.1375,19.1375,19.1375,19.1375,19.1375,19.1375,19.1375,19.1375,65.0,65.0,65.0,0.0,0.0,0.0,11.244140625,11.244140625,11.244140625,287.326,287.326,287.326,65.0,0.0,11.244140625,287.326,5
11776376.79224646,5.116325378417969,116960601.42984065,203741.83301841837,2096214.021273504,13625391.138277777,18.775,18.775,18.775,18.775,18.775,18.775,18.775,18.775,18.775,18.775,18.775,63.0,63.0,63.0,0.0,0.0,0.0,11.244140625,11.244140625,11.244140625,284.4,284.4,284.4,63.0,0.0,11.244140625,284.4,5
11776377.790449012,5.116325378417969,117256589.72161338,204214.06433380768,2100928.3111636345,13656034.022563625,18.4375,18.4375,18.4375,18.4375,18.4375,18.4375,18.4375,18.4375,18.4375,18.4375,18.4375,86.0,86.0,86.0,0.0,0.0,0.0,11.244140625,11.244140625,11.244140625,289.628,289.628,289.628,86.0,0.0,11.244140625,289.628,5
11776378.791473243,5.1163330078125,116958910.02182725,203639.42612286576,2095006.229015836,13617540.488602934,18.700000000000003,18.700000000000003,18.700000000000003,18.700000000000003,18.700000000000003,18.700000000000003,18.700000000000003,18.700000000000003,18.700000000000003,18.700000000000003,18.700000000000003,58.0,58.0,58.0,0.0,0.0,0.0,11.244140625,11.244140625,11.244140625,270.81,270.81,270.81,58.0,0.0,11.244140625,270.81,5
11776379.802494599,5.1163330078125,115840382.00721392,201636.69042017453,2074290.5075961808,13482888.299375176,21.3,21.3,21.3,21.3,21.3,21.3,21.3,21.3,21.3,21.3,21.3,51.0,51.0,51.0,0.0,0.0,0.0,11.244140625,11.244140625,11.244140625,265.574,265.574,265.574,51.0,0.0,11.244140625,265.574,5
11776380.776120564,5.1163330078125,120323396.41835,209389.44444934113,2153960.6322054313,14000744.109335303,20.8125,20.8125,20.8125,20.8125,20.8125,20.8125,20.8125,20.8125,20.8125,20.8125,20.8125,55.0,55.0,55.0,0.0,0.0,0.0,11.244140625,11.244140625,11.244140625,268.646,268.646,268.646,55.0,0.0,11.244140625,268.646,5
11776381.801616102,5.116336822509766,114269496.65014827,198798.5245655747,2045013.285081667,13292586.353030834,19.225,19.225,19.225,19.225,19.225,19.225,19.225,19.225,19.225,19.225,19.225,58.0,58.0,58.0,0.0,0.0,0.0,11.244140625,11.244140625,11.244140625,250.625,250.625,250.625,58.0,0.0,11.244140625,250.625,5
11776382.803763468,5.116336822509766,116964576.32029288,203437.146119191,2092658.2980573962,13602278.937373076,20.525000000000002,20.525000000000002,20.525000000000002,20.525000000000002,20.525000000000002,20.525000000000002,20.525000000000002,20.525000000000002,20.525000000000002,20.525000000000002,20.525000000000002,55.0,55.0,55.0,0.0,0.0,0.0,11.244140625,11.244140625,11.244140625,265.393,265.393,265.393,55.0,0.0,11.244140625,265.393,5
11776383.780844755,5.116336822509766,119998843.98740947,208663.29401301747,2146343.4276170298,13951232.279510694,20.849999999999998,20.849999999999998,20.849999999999998,20.849999999999998,20.849999999999998,20.849999999999998,20.849999999999998,20.849999999999998,20.849999999999998,20.849999999999998,20.849999999999998,53.0,53.0,53.0,0.0,0.0,0.0,11.244140625,11.244140625,11.244140625,265.984,265.984,265.984,53.0,0.0,11.244140625,265.984,5
11776384.804028612,5.116336822509766,114629463.01776138,199262.3307850822,2049633.5896773462,13322618.33290275,19.9625,19.9625,19.9625,19.9625,19.9625,19.9625,19.9625,19.9625,19.9625,19.9625,19.9625,56.0,56.0,56.0,0.0,0.0,0.0,11.244140625,11.244140625,11.244140625,251.132,251.132,251.132,56.0,0.0,11.244140625,251.132,5
11776385.790732851,5.116336822509766,118900828.93023063,206641.45527352794,2125410.9547597757,13815171.20593854,20.525,20.525,20.525,20.525,20.525,20.525,20.525,20.525,20.525,20.525,20.525,63.0,63.0,63.0,0.0,0.0,0.0,11.244140625,11.244140625,11.244140625,269.449,269.449,269.449,63.0,0.0,11.244140625,269.449,5
11776386.790988375,5.116352081298828,117322880.27639025,203848.91186363215,2096616.2657987939,13628005.72769216,18.975,18.975,18.975,18.975,18.975,18.975,18.975,18.975,18.975,18.975,18.975,66.0,66.0,66.0,0.0,0.0,0.0,11.244140625,11.244140625,11.244140625,284.717,284.717,284.717,66.0,0.0,11.244140625,284.717,5
11776387.841162128,5.116352081298828,111777464.03120458,194159.2991141851,1996957.1628187774,12980221.558322052,18.287499999999998,18.287499999999998,18.287499999999998,18.287499999999998,18.287499999999998,18.287499999999998,18.287499999999998,18.287499999999998,18.287499999999998,18.287499999999998,18.287499999999998,66.0,66.0,66.0,0.0,0.0,0.0,11.244140625,11.244140625,11.244140625,230.18,230.18,230.18,66.0,0.0,11.244140625,230.18,5
11776388.8519848,5.116352081298828,116161488.26734637,201725.78788372822,2074698.2208334915,13485538.435417695,19.237499999999997,19.237499999999997,19.237499999999997,19.237499999999997,19.237499999999997,19.237499999999997,19.237499999999997,19.237499999999997,19.237499999999997,19.237499999999997,19.237499999999997,56.0,56.0,56.0,0.0,0.0,0.0,11.244140625,11.244140625,11.244140625,277.364,277.364,277.364,56.0,0.0,11.244140625,277.364,5
11776389.84950306,5.116352081298828,117746550.32003058,204429.34046487612,2102369.534501407,13665401.974259146,20.1875,20.1875,20.1875,20.1875,20.1875,20.1875,20.1875,20.1875,20.1875,20.1875,20.1875,55.0,55.0,55.0,0.0,0.0,0.0,11.244140625,11.244140625,11.244140625,271.85,271.85,271.85,55.0,0.0,11.244140625,271.85,5
11776390.851081064,5.116355895996094,117304894.50483702,203610.70166770805,2093847.901378093,13610011.358957605,20.875,20.875,20.875,20.875,20.875,20.875,20.875,20.875,20.875,20.875,20.875,56.0,56.0,56.0,0.0,0.0,0.0,11.244140625,11.244140625,11.244140625,250.756,250.756,250.756,56.0,0.0,11.244140625,250.756,5
11776391.849072136,5.116363525390625,117759472.29952215,204342.50938583995,2101373.5080494136,13658927.802321188,19.75,19.75,19.75,19.75,19.75,19.75,19.75,19.75,19.75,19.75,19.75,58.0,58.0,58.0,0.0,0.0,0.0,11.244140625,11.244140625,11.244140625,270.672,270.672,270.672,58.0,0.0,11.244140625,270.672,5
11776392.85001126,5.116371154785156,117445518.17358558,203752.65113126382,2095184.3634783674,13618698.362609388,20.125,20.125,20.125,20.125,20.125,20.125,20.125,20.125,20.125,20.125,20.125,55.0,55.0,55.0,0.0,0.0,0.0,11.244140625,11.244140625,11.244140625,267.73,267.73,267.73,55.0,0.0,11.244140625,267.73,5
11776393.851590993,5.116371154785156,117403255.13716677,203629.3199283994,2093844.283903892,13609987.845375298,20.55,20.55,20.55,20.55,20.55,20.55,20.55,20.55,20.55,20.55,20.55,67.0,67.0,67.0,0.0,0.0,0.0,11.244140625,11.244140625,11.244140625,249.456,249.456,249.456,67.0,0.0,11.244140625,249.456,5
11776394.850614894,5.116371154785156,117736543.48720022,204150.27081422362,2099201.027396731,13644806.678078752,19.625,19.625,19.625,19.625,19.625,19.625,19.625,19.625,19.625,19.625,19.625,57.0,57.0,57.0,0.0,0.0,0.0,11.244140625,11.244140625,11.244140625,254.684,254.684,254.684,57.0,0.0,11.244140625,254.684,5
11776395.849218665,5.116371154785156,117824561.12696692,204250.18012495854,2100084.1994921532,13650547.296698997,21.25,21.25,21.25,21.25,21.25,21.25,21.25,21.25,21.25,21.25,21.25,54.0,54.0,54.0,0.0,0.0,0.0,11.244140625,11.244140625,11.244140625,271.928,271.928,271.928,54.0,0.0,11.244140625,271.928,5
11776396.8502651,5.116371154785156,117569931.60193141,203761.77636064368,2094959.7588835722,13617238.432743218,20.725,20.725,20.725,20.725,20.725,20.725,20.725,20.725,20.725,20.725,20.725,71.0,71.0,71.0,0.0,0.0,0.0,11.244140625,11.244140625,11.244140625,260.875,260.875,260.875,71.0,0.0,11.244140625,260.875,5
11776397.851623751,5.116371154785156,117566129.7044274,203698.2452518277,2094306.5690715087,13612992.698964806,19.325,19.325,19.325,19.325,19.325,19.325,19.325,19.325,19.325,19.325,19.325,64.0,64.0,64.0,0.0,0.0,0.0,11.244140625,11.244140625,11.244140625,259.706,259.706,259.706,64.0,0.0,11.244140625,259.706,5
11776398.837290492,5.116371154785156,119471118.52235015,206948.24282910806,2127648.132411436,13829712.860674337,18.537499999999998,18.537499999999998,18.537499999999998,18.537499999999998,18.537499999999998,18.537499999999998,18.537499999999998,18.537499999999998,18.537499999999998,18.537499999999998,18.537499999999998,62.0,62.0,62.0,0.0,0.0,0.0,11.244140625,11.244140625,11.244140625,287.245,287.245,287.245,62.0,0.0,11.244140625,287.245,5
11776399.841830488,5.116374969482422,117259189.70257494,203073.04909111877,2087673.967732238,13569880.790259548,19.1375,19.1375,19.1375,19.1375,19.1375,19.1375,19.1375,19.1375,19.1375,19.1375,19.1375,63.0,63.0,63.0,0.0,0.0,0.0,11.244140625,11.244140625,11.244140625,283.216,283.216,283.216,63.0,0.0,11.244140625,283.216,5
11776400.837811606,5.116371154785156,118302580.14414687,204828.18034639052,2105614.2156799766,13686492.401919847,19.862499999999997,19.862499999999997,19.862499999999997,19.862499999999997,19.862499999999997,19.862499999999997,19.862499999999997,19.862499999999997,19.862499999999997,19.862499999999997,19.862499999999997,80.0,80.0,80.0,0.0,0.0,0.0,11.244140625,11.244140625,11.244140625,288.572,288.572,288.572,80.0,0.0,11.244140625,288.572,5
11776401.8391734,5.116371154785156,117702438.43495081,203737.55126827833,2094299.9932229123,13612949.95594893,18.5,18.5,18.5,18.5,18.5,18.5,18.5,18.5,18.5,18.5,18.5,68.0,68.0,68.0,0.0,0.0,0.0,11.244140625,11.244140625,11.244140625,266.087,266.087,266.087,68.0,0.0,11.244140625,266.087,5
11776402.839324264,5.116371154785156,117877769.59647171,203984.22631109908,2096835.6649107863,13629431.82192011,19.025000000000002,19.025000000000002,19.025000000000002,19.025000000000002,19.025000000000002,19.025000000000002,19.025000000000002,19.025000000000002,19.025000000000002,19.025000000000002,19.025000000000002,67.0,67.0,67.0,0.0,0.0,0.0,11.244140625,11.244140625,11.244140625,285.818,285.818,285.818,67.0,0.0,11.244140625,285.818,5
11776403.840085875,5.116371154785156,117838669.72729102,203868.73125279738,2095556.0006875002,13621114.004468752,18.8625,18.8625,18.8625,18.8625,18.8625,18.8625,18.8625,18.8625,18.8625,18.8625,18.8625,64.0,64.0,64.0,0.0,0.0,0.0,11.244140625,11.244140625,11.244140625,290.053,290.053,290.053,64.0,0.0,11.244140625,290.053,5
11776404.838900436,5.116371154785156,118101253.89455898,204273.15347043588,2099640.9974309374,13647666.483301092,18.8875,18.8875,18.8875,18.8875,18.8875,18.8875,18.8875,18.8875,18.8875,18.8875,18.8875,59.0,59.0,59.0,0.0,0.0,0.0,11.244140625,11.244140625,11.244140625,287.734,287.734,287.734,59.0,0.0,11.244140625,287.734,5
11776405.842658952,5.116371154785156,117552264.91237262,203273.99141781306,2089299.3346820173,13580445.675433112,19.225,19.225,19.225,19.225,19.225,19.225,19.225,19.225,19.225,19.225,19.225,81.0,81.0,81.0,0.0,0.0,0.0,11.244140625,11.244140625,11.244140625,286.337,286.337,286.337,81.0,0.0,11.244140625,286.337,5
11776406.850324495,5.116371154785156,117134521.3035562,202487.8209248763,2081198.483769095,13531854.98528773,19.2375,19.2375,19.2375,19.2375,19.2375,19.2375,19.2375,19.2375,19.2375,19.2375,19.2375,55.0,55.0,55.0,0.0,0.0,0.0,11.244140625,11.244140625,11.244140625,259.196,259.196,259.196,55.0,0.0,11.244140625,259.196,5
11776407.850800088,5.116371154785156,118009133.69255385,203952.00187367498,2096155.0835014198,13629102.095656693,20.4625,20.4625,20.4625,20.4625,20.4625,20.4625,20.4625,20.4625,20.4625,20.4625,20.4625,56.0,56.0,56.0,0.0,0.0,0.0,11.244140625,11.244140625,11.244140625,266.529,266.529,266.529,56.0,0.0,11.244140625,266.529,5
11776408.819322908,5.116374969482422,121936303.91092765,210687.85954781043,2165309.846446121,14078743.122693628,20.675,20.675,20.675,20.675,20.675,20.675,20.675,20.675,20.675,20.675,20.675,55.0,55.0,55.0,0.0,0.0,0.0,11.244140625,11.244140625,11.244140625,266.555,266.555,266.555,55.0,0.0,11.244140625,266.555,5
11776409.85007782,5.116386413574219,114606217.0204751,197969.46671366517,2034578.71319672,13232709.208877105,19.3375,19.3375,19.3375,19.3375,19.3375,19.3375,19.3375,19.3375,19.3375,19.3375,19.3375,58.0,58.0,58.0,0.0,0.0,0.0,11.244140625,11.244140625,11.244140625,254.932,254.932,254.932,58.0,0.0,11.244140625,254.932,5
11776410.851248154,5.116401672363281,118025629.43513906,203830.45002147733,2094700.4979856873,13623735.660727225,19.4875,19.4875,19.4875,19.4875,19.4875,19.4875,19.4875,19.4875,19.4875,19.4875,19.4875,55.0,55.0,55.0,0.0,0.0,0.0,11.244140625,11.244140625,11.244140625,267.537,267.537,267.537,55.0,0.0,11.244140625,267.537,5
11776411.851772128,5.116401672363281,118140190.69957338,203971.12458564958,2096053.723904802,13632536.915240215,20.525,20.525,20.525,20.525,20.525,20.525,20.525,20.525,20.525,20.525,20.525,56.0,56.0,56.0,0.0,0.0,0.0,11.244140625,11.244140625,11.244140625,265.685,265.685,265.685,56.0,0.0,11.244140625,265.685,5
11776412.850644307,5.116401672363281,118368433.34117569,204316.43225301543,2099519.881482688,13655080.479174512,20.5625,20.5625,20.5625,20.5625,20.5625,20.5625,20.5625,20.5625,20.5625,20.5625,20.5625,56.0,56.0,56.0,0.0,0.0,0.0,11.244140625,11.244140625,11.244140625,246.969,246.969,246.969,56.0,0.0,11.244140625,246.969,5
11776413.852206713,5.116401672363281,118083285.04044501,203767.6323554217,2093880.5098313324,13618402.534645189,20.549999999999997,20.549999999999997,20.549999999999997,20.549999999999997,20.549999999999997,20.549999999999997,20.549999999999997,20.549999999999997,20.549999999999997,20.549999999999997,20.549999999999997,56.0,56.0,56.0,0.0,0.0,0.0,11.244140625,11.244140625,11.244140625,262.371,262.371,262.371,56.0,0.0,11.244140625,262.371,5
11776414.818633612,5.116401672363281,122410332.37178019,211183.0704138192,2170005.8232496055,14113514.436369505,20.825,20.825,20.825,20.825,20.825,20.825,20.825,20.825,20.825,20.825,20.825,50.0,50.0,50.0,0.0,0.0,0.0,11.244140625,11.244140625,11.244140625,263.174,263.174,263.174,50.0,0.0,11.244140625,263.174,5
11776415.852866888,5.116401672363281,114416633.81828317,197337.4912366302,2027735.9557744826,13188204.55611138,19.375,19.375,19.375,19.375,19.375,19.375,19.375,19.375,19.375,19.375,19.375,57.0,57.0,57.0,0.0,0.0,0.0,11.244140625,11.244140625,11.244140625,249.867,249.867,249.867,57.0,0.0,11.244140625,249.867,5
11776416.8525301,5.116401672363281,118408983.79525495,204170.76238414683,2097858.5348278717,13644275.236282839,21.4125,21.4125,21.4125,21.4125,21.4125,21.4125,21.4125,21.4125,21.4125,21.4125,21.4125,54.0,54.0,54.0,0.0,0.0,0.0,11.244140625,11.244140625,11.244140625,262.053,262.053,262.053,54.0,0.0,11.244140625,262.053,5
11776417.834442437,5.116401672363281,120585836.95199104,207871.9171336487,2135783.328567971,13890934.53931903,22.2,22.2,22.2,22.2,22.2,22.2,22.2,22.2,22.2,22.2,22.2,55.0,55.0,55.0,0.0,0.0,0.0,11.244140625,11.244140625,11.244140625,265.494,265.494,265.494,55.0,0.0,11.244140625,265.494,5
11776418.851991083,5.1164093017578125,116394998.28832756,200591.8838832261,2060984.5108052215,13404450.040979274,19.287499999999998,19.287499999999998,19.287499999999998,19.287499999999998,19.287499999999998,19.287499999999998,19.287499999999998,19.287499999999998,19.287499999999998,19.287499999999998,19.287499999999998,55.0,55.0,55.0,0.0,0.0,0.0,11.244140625,11.244140625,11.244140625,250.201,250.201,250.201,55.0,0.0,11.244140625,250.201,5
11776419.852015415,5.1164093017578125,118467554.47902602,204118.0334543902,2097100.9738978036,13639348.131015012,20.125,20.125,20.125,20.125,20.125,20.125,20.125,20.125,20.125,20.125,20.125,53.0,53.0,53.0,0.0,0.0,0.0,11.244140625,11.244140625,11.244140625,264.98,264.98,264.98,53.0,0.0,11.244140625,264.98,5
11776420.834952304,5.1164093017578125,120560432.04219964,207675.5916868194,2133557.122142519,13876455.501434742,20.6375,20.6375,20.6375,20.6375,20.6375,20.6375,20.6375,20.6375,20.6375,20.6375,20.6375,55.0,55.0,55.0,0.0,0.0,0.0,11.244140625,11.244140625,11.244140625,265.384,265.384,265.384,55.0,0.0,11.244140625,265.384,5
11776421.852092024,5.116413116455078,116538707.21261925,200693.17521127482,2061813.1011677457,13409839.115016785,19.3,19.3,19.3,19.3,19.3,19.3,19.3,19.3,19.3,19.3,19.3,58.0,58.0,58.0,0.0,0.0,0.0,11.244140625,11.244140625,11.244140625,250.512,250.512,250.512,58.0,0.0,11.244140625,250.512,5
11776422.852129497,5.116436004638672,118570073.85977282,204134.35053572044,2097073.4170072165,13639168.903582092,21.05,21.05,21.05,21.05,21.05,21.05,21.05,21.05,21.05,21.05,21.05,54.0,54.0,54.0,0.0,0.0,0.0,11.244140625,11.244140625,11.244140625,263.974,263.974,263.974,54.0,0.0,11.244140625,263.974,5
11776423.827674303,5.116436004638672,121580654.42123994,209266.65656477984,2149723.914141834,13981602.800961535,20.75,20.75,20.75,20.75,20.75,20.75,20.75,20.75,20.75,20.75,20.75,55.0,55.0,55.0,0.0,0.0,0.0,11.244140625,11.244140625,11.244140625,266.227,266.227,266.227,55.0,0.0,11.244140625,266.227,5
11776424.853870083,5.116436004638672,115611689.67623344,198937.67260556328,2043617.8378542252,13291498.82823158,19.1,19.1,19.1,19.1,19.1,19.1,19.1,19.1,19.1,19.1,19.1,57.0,57.0,57.0,0.0,0.0,0.0,11.244140625,11.244140625,11.244140625,250.806,250.806,250.806,57.0,0.0,11.244140625,250.806,5
11776425.842403684,5.116436004638672,120049624.8788752,206525.09915640287,2121477.7095375056,13797892.134296669,20.65,20.65,20.65,20.65,20.65,20.65,20.65,20.65,20.65,20.65,20.65,66.0,66.0,66.0,0.0,0.0,0.0,11.244140625,11.244140625,11.244140625,270.915,270.915,270.915,66.0,0.0,11.244140625,270.915,5
11776426.842334896,5.116436004638672,118714107.0449005,204178.04489427424,2097296.267736315,13640618.303831892,18.9375,18.9375,18.9375,18.9375,18.9375,18.9375,18.9375,18.9375,18.9375,18.9375,18.9375,66.0,66.0,66.0,0.0,0.0,0.0,11.244140625,11.244140625,11.244140625,285.046,285.046,285.046,66.0,0.0,11.244140625,285.046,5
11776427.8439992,5.116436004638672,118544241.43452255,203836.75382952625,2093667.5023856803,13617017.154188115,19.724999999999998,19.724999999999998,19.724999999999998,19.724999999999998,19.724999999999998,19.724999999999998,19.724999999999998,19.724999999999998,19.724999999999998,19.724999999999998,19.724999999999998,83.0,83.0,83.0,0.0,0.0,0.0,11.244140625,11.244140625,11.244140625,284.25,284.25,284.25,83.0,0.0,11.244140625,284.25,5
11776428.840422498,5.116447448730469,119200715.37832583,204915.92309092192,2104679.811453319,13688640.179960065,18.575,18.575,18.575,18.575,18.575,18.575,18.575,18.575,18.575,18.575,18.575,66.0,66.0,66.0,0.0,0.0,0.0,11.244140625,11.244140625,11.244140625,267.395,267.395,267.395,66.0,0.0,11.244140625,267.395,5
11776429.843593525,5.116447448730469,118431634.12527117,203537.57690780924,2090522.8960656174,13596564.92948927,18.9625,18.9625,18.9625,18.9625,18.9625,18.9625,18.9625,18.9625,18.9625,18.9625,18.9625,65.0,65.0,65.0,0.0,0.0,0.0,11.244140625,11.244140625,11.244140625,286.041,286.041,286.041,65.0,0.0,11.244140625,286.041,5
11776430.841049114,5.116447448730469,119143140.0597584,204710.86848872335,2102501.6272729477,13674473.474255694,18.7875,18.7875,18.7875,18.7875,18.7875,18.7875,18.7875,18.7875,18.7875,18.7875,18.7875,62.0,62.0,62.0,0.0,0.0,0.0,11.244140625,11.244140625,11.244140625,285.225,285.225,285.225,62.0,0.0,11.244140625,285.225,5
11776431.8438843,5.116447448730469,118536710.3548038,203623.6889274949,2091222.9934313435,13601118.297121823,19.474999999999998,19.474999999999998,19.474999999999998,19.474999999999998,19.474999999999998,19.474999999999998,19.474999999999998,19.474999999999998,19.474999999999998,19.474999999999998,19.474999999999998,60.0,60.0,60.0,0.0,0.0,0.0,11.244140625,11.244140625,11.244140625,284.507,284.507,284.507,60.0,0.0,11.244140625,284.507,5
11776432.854179623,5.116451263427734,117699313.64741307,202128.02684507577,2075781.1641710422,13500686.087284317,19.487499999999997,19.487499999999997,19.487499999999997,19.487499999999997,19.487499999999997,19.487499999999997,19.487499999999997,19.487499999999997,19.487499999999997,19.487499999999997,19.487499999999997,57.0,57.0,57.0,0.0,0.0,0.0,11.244140625,11.244140625,11.244140625,251.604,251.604,251.604,57.0,0.0,11.244140625,251.604,5
11776433.852391632,5.116451263427734,119156972.51480512,204586.79921898674,2100908.4039138798,13766694.717052864,19.8875,19.8875,19.8875,19.8875,19.8875,19.8875,19.8875,19.8875,19.8875,19.8875,19.8875,55.0,55.0,55.0,0.0,0.0,0.0,11.244140625,11.244140625,11.244140625,270.638,270.638,270.638,55.0,0.0,11.244140625,270.638,5
11776434.855904927,5.116458892822266,118560214.96544223,203516.98475364497,2089809.8809690746,13693969.044240713,19.9875,19.9875,19.9875,19.9875,19.9875,19.9875,19.9875,19.9875,19.9875,19.9875,19.9875,54.0,54.0,54.0,0.0,0.0,0.0,11.244140625,11.244140625,11.244140625,270.859,270.859,270.859,54.0,0.0,11.244140625,270.859,5
11776435.85468309,5.116458892822266,119155179.2634712,204492.85703627995,2099717.5135468463,13758891.128807949,20.15,20.15,20.15,20.15,20.15,20.15,20.15,20.15,20.15,20.15,20.15,56.0,56.0,56.0,0.0,0.0,0.0,11.244140625,11.244140625,11.244140625,250.947,250.947,250.947,56.0,0.0,11.244140625,250.947,5
11776436.853597712,5.116458892822266,119171765.4397935,204464.92177481495,2099430.6763507035,13757011.560852753,19.4625,19.4625,19.4625,19.4625,19.4625,19.4625,19.4625,19.4625,19.4625,19.4625,19.4625,56.0,56.0,56.0,0.0,0.0,0.0,11.244140625,11.244140625,11.244140625,255.767,255.767,255.767,56.0,0.0,11.244140625,255.767,5
11776437.853382984,5.116458892822266,119100872.24391276,204297.86839003465,2097602.413122377,13745031.437549949,20.5875,20.5875,20.5875,20.5875,20.5875,20.5875,20.5875,20.5875,20.5875,20.5875,20.5875,55.0,55.0,55.0,0.0,0.0,0.0,11.244140625,11.244140625,11.244140625,269.228,269.228,269.228,55.0,0.0,11.244140625,269.228,5
11776438.841799565,5.116458892822266,120509609.36102024,206657.80404059865,2121728.875667516,13907269.739726923,20.1625,20.1625,20.1625,20.1625,20.1625,20.1625,20.1625,20.1625,20.1625,20.1625,20.1625,85.0,85.0,85.0,0.0,0.0,0.0,11.244140625,11.244140625,11.244140625,281.628,281.628,281.628,85.0,0.0,11.244140625,281.628,5
11776439.84443244,5.116458892822266,118833708.69974546,203738.58178241257,2091644.9602846655,13710079.075615894,18.4375,18.4375,18.4375,18.4375,18.4375,18.4375,18.4375,18.4375,18.4375,18.4375,18.4375,60.0,60.0,60.0,0.0,0.0,0.0,11.244140625,11.244140625,11.244140625,264.68,264.68,264.68,60.0,0.0,11.244140625,264.68,5
11776440.856376104,5.116466522216797,117772819.9627153,201864.00408046547,2072399.9504851613,13583934.050445706,20.0,20.0,20.0,20.0,20.0,20.0,20.0,20.0,20.0,20.0,20.0,55.0,55.0,55.0,0.0,0.0,0.0,11.244140625,11.244140625,11.244140625,264.005,264.005,264.005,55.0,0.0,11.244140625,264.005,5
11776441.83011002,5.116466522216797,122428047.50005488,209794.4796311544,2153721.840904989,14121180.117027435,20.25,20.25,20.25,20.25,20.25,20.25,20.25,20.25,20.25,20.25,20.25,56.0,56.0,56.0,0.0,0.0,0.0,11.244140625,11.244140625,11.244140625,265.353,265.353,265.353,56.0,0.0,11.244140625,265.353,5
11776442.854035176,5.116466522216797,116458928.81335798,199520.44204667542,2048149.6964133526,13428981.505585205,20.1125,20.1125,20.1125,20.1125,20.1125,20.1125,20.1125,20.1125,20.1125,20.1125,20.1125,57.0,57.0,57.0,0.0,0.0,0.0,11.244140625,11.244140625,11.244140625,247.257,247.257,247.257,57.0,0.0,11.244140625,247.257,5
11776443.858023793,5.116466522216797,118809730.58760327,203485.37494344747,2088820.4967933977,13695645.327608274,22.3875,22.3875,22.3875,22.3875,22.3875,22.3875,22.3875,22.3875,22.3875,22.3875,22.3875,55.0,55.0,55.0,0.0,0.0,0.0,11.244140625,11.244140625,11.244140625,261.462,261.462,261.462,55.0,0.0,11.244140625,261.462,5
11776444.82291524,5.116466522216797,123657951.78447494,211737.8081101555,2173459.0010661995,14250589.583162563,20.6375,20.6375,20.6375,20.6375,20.6375,20.6375,20.6375,20.6375,20.6375,20.6375,20.6375,55.0,55.0,55.0,0.0,0.0,0.0,11.244140625,11.244140625,11.244140625,265.611,265.611,265.611,55.0,0.0,11.244140625,265.611,5
11776445.855736695,5.116466522216797,115556638.86539139,197811.53733685982,2030507.7783551486,13313309.788941862,19.6875,19.6875,19.6875,19.6875,19.6875,19.6875,19.6875,19.6875,19.6875,19.6875,19.6875,56.0,56.0,56.0,0.0,0.0,0.0,11.244140625,11.244140625,11.244140625,246.371,246.371,246.371,56.0,0.0,11.244140625,246.371,5
11776446.855896829,5.116474151611328,119363146.96554887,204280.28788943935,2096816.229549336,13748070.473822502,19.712500000000002,19.712500000000002,19.712500000000002,19.712500000000002,19.712500000000002,19.712500000000002,19.712500000000002,19.712500000000002,19.712500000000002,19.712500000000002,19.712500000000002,55.0,55.0,55.0,0.0,0.0,0.0,11.244140625,11.244140625,11.244140625,264.125,264.125,264.125,55.0,0.0,11.244140625,264.125,5
11776447.83467932,5.116474151611328,122003759.77860062,208749.13652462437,2142612.907012965,14048342.829770556,20.6625,20.6625,20.6625,20.6625,20.6625,20.6625,20.6625,20.6625,20.6625,20.6625,20.6625,62.0,62.0,62.0,0.0,0.0,0.0,11.244140625,11.244140625,11.244140625,268.071,268.071,268.071,62.0,0.0,11.244140625,268.071,5
11776448.846107252,5.116474151611328,118102678.67955272,202018.34815802006,2073456.6791284953,13594910.296551483,18.55,18.55,18.55,18.55,18.55,18.55,18.55,18.55,18.55,18.55,18.55,66.0,66.0,66.0,0.0,0.0,0.0,11.244140625,11.244140625,11.244140625,267.523,267.523,267.523,66.0,0.0,11.244140625,267.523,5
11776449.844250035,5.116474151611328,119708742.1590214,204709.18946888068,2101054.114262009,13775856.76089368,18.4375,18.4375,18.4375,18.4375,18.4375,18.4375,18.4375,18.4375,18.4375,18.4375,18.4375,64.0,64.0,64.0,0.0,0.0,0.0,11.244140625,11.244140625,11.244140625,288.019,288.019,288.019,64.0,0.0,11.244140625,288.019,5
11776450.846195249,5.116474151611328,119287261.70722593,203940.29241745168,2093080.509764965,13723576.70172068,18.5,18.5,18.5,18.5,18.5,18.5,18.5,18.5,18.5,18.5,18.5,64.0,64.0,64.0,0.0,0.0,0.0,11.244140625,11.244140625,11.244140625,292.537,292.537,292.537,64.0,0.0,11.244140625,292.537,5
11776451.858030144,5.116481781005859,118153848.58005542,201958.83830620133,2072622.7271556342,13589442.373166922,18.849999999999998,18.849999999999998,18.849999999999998,18.849999999999998,18.849999999999998,18.849999999999998,18.849999999999998,18.849999999999998,18.849999999999998,18.849999999999998,18.849999999999998,56.0,56.0,56.0,0.0,0.0,0.0,11.244140625,11.244140625,11.244140625,277.365,277.365,277.365,56.0,0.0,11.244140625,277.365,5
11776452.85309615,5.116489410400391,120178030.7141315,205373.31073703416,2107550.6427813303,13818452.163704934,20.462500000000002,20.462500000000002,20.462500000000002,20.462500000000002,20.462500000000002,20.462500000000002,20.462500000000002,20.462500000000002,20.462500000000002,20.462500000000002,20.462500000000002,58.0,58.0,58.0,0.0,0.0,0.0,11.244140625,11.244140625,11.244140625,255.074,255.074,255.074,58.0,0.0,11.244140625,255.074,5
11776453.855516477,5.116504669189453,119329133.51268639,203867.57386875193,2092088.4624463613,13717072.2039696,20.175,20.175,20.175,20.175,20.175,20.175,20.175,20.175,20.175,20.175,20.175,57.0,57.0,57.0,0.0,0.0,0.0,11.244140625,11.244140625,11.244140625,264.26,264.26,264.26,57.0,0.0,11.244140625,264.26,5
11776454.854878128,5.116504669189453,119730023.53860936,204504.5452682328,2098491.569956868,13759055.07879923,20.3875,20.3875,20.3875,20.3875,20.3875,20.3875,20.3875,20.3875,20.3875,20.3875,20.3875,51.0,51.0,51.0,0.0,0.0,0.0,11.244140625,11.244140625,11.244140625,269.051,269.051,269.051,51.0,0.0,11.244140625,269.051,5
11776455.85441144,5.116504669189453,119745117.56209975,204478.42754758237,2098131.1718110973,13756692.077675495,20.1625,20.1625,20.1625,20.1625,20.1625,20.1625,20.1625,20.1625,20.1625,20.1625,20.1625,57.0,57.0,57.0,0.0,0.0,0.0,11.244140625,11.244140625,11.244140625,247.797,247.797,247.797,57.0,0.0,11.244140625,247.797,5
11776456.855963271,5.116519927978516,119536609.36708096,204066.3235243023,2093902.6167129243,13728966.961533763,19.725,19.725,19.725,19.725,19.725,19.725,19.725,19.725,19.725,19.725,19.725,57.0,57.0,57.0,0.0,0.0,0.0,11.244140625,11.244140625,11.244140625,256.912,256.912,256.912,57.0,0.0,11.244140625,256.912,5
11776457.855487324,5.116519927978516,119812018.14829524,204487.32509084392,2098150.6080968417,13756819.514416208,19.8,19.8,19.8,19.8,19.8,19.8,19.8,19.8,19.8,19.8,19.8,54.0,54.0,54.0,0.0,0.0,0.0,11.244140625,11.244140625,11.244140625,271.677,271.677,271.677,54.0,0.0,11.244140625,271.677,5
11776458.856877107,5.116535186767578,119621631.90440685,204116.3226301422,2094241.4590824265,13731188.629179113,20.4875,20.4875,20.4875,20.4875,20.4875,20.4875,20.4875,20.4875,20.4875,20.4875,20.4875,54.0,54.0,54.0,0.0,0.0,0.0,11.244140625,11.244140625,11.244140625,253.788,253.788,253.788,54.0,0.0,11.244140625,253.788,5
11776459.856746431,5.116535186767578,119839173.07179399,204427.71374135694,2097426.0826909565,13752069.061706135,20.349999999999998,20.349999999999998,20.349999999999998,20.349999999999998,20.349999999999998,20.349999999999998,20.349999999999998,20.349999999999998,20.349999999999998,20.349999999999998,20.349999999999998,56.0,56.0,56.0,0.0,0.0,0.0,11.244140625,11.244140625,11.244140625,247.857,247.857,247.857,56.0,0.0,11.244140625,247.857,5
11776460.855910905,5.116535186767578,119959382.27095234,204579.93200254886,2098905.691818899,13761770.327023523,20.787499999999998,20.787499999999998,20.787499999999998,20.787499999999998,20.787499999999998,20.787499999999998,20.787499999999998,20.787499999999998,20.787499999999998,20.787499999999998,20.787499999999998,54.0,54.0,54.0,0.0,0.0,0.0,11.244140625,11.244140625,11.244140625,272.11,272.11,272.11,54.0,0.0,11.244140625,272.11,5
11776461.855787624,5.116535186767578,119906818.23627765,204443.20396913943,2097410.5709393923,13751967.356725663,21.2375,21.2375,21.2375,21.2375,21.2375,21.2375,21.2375,21.2375,21.2375,21.2375,21.2375,78.0,78.0,78.0,0.0,0.0,0.0,11.244140625,11.244140625,11.244140625,268.805,268.805,268.805,78.0,0.0,11.244140625,268.805,5
11776462.859175712,5.116535186767578,119519967.80782235,203727.7524067679,2090070.6562795746,13703842.17408307,19.7125,19.7125,19.7125,19.7125,19.7125,19.7125,19.7125,19.7125,19.7125,19.7125,19.7125,59.0,59.0,59.0,0.0,0.0,0.0,11.244140625,11.244140625,11.244140625,250.252,250.252,250.252,59.0,0.0,11.244140625,250.252,5
11776463.857608892,5.116535186767578,120146045.2081262,204752.8107675639,2100443.0158038773,13771850.007917218,20.4875,20.4875,20.4875,20.4875,20.4875,20.4875,20.4875,20.4875,20.4875,20.4875,20.4875,52.0,52.0,52.0,0.0,0.0,0.0,11.244140625,11.244140625,11.244140625,262.825,262.825,262.825,52.0,0.0,11.244140625,262.825,5
11776464.854943093,5.116535186767578,120314121.27755785,204987.4553763346,2102757.529152131,13787025.440163486,21.424999999999997,21.424999999999997,21.424999999999997,21.424999999999997,21.424999999999997,21.424999999999997,21.424999999999997,21.424999999999997,21.424999999999997,21.424999999999997,21.424999999999997,78.0,78.0,78.0,0.0,0.0,0.0,11.244140625,11.244140625,11.244140625,266.345,266.345,266.345,78.0,0.0,11.244140625,266.345,5
11776465.854570104,5.116535186767578,120073722.18995729,204517.28271786944,2097934.506710226,13755402.615285603,19.712500000000002,19.712500000000002,19.712500000000002,19.712500000000002,19.712500000000002,19.712500000000002,19.712500000000002,19.712500000000002,19.712500000000002,19.712500000000002,19.712500000000002,56.0,56.0,56.0,0.0,0.0,0.0,11.244140625,11.244140625,11.244140625,249.535,249.535,249.535,56.0,0.0,11.244140625,249.535,5
11776466.85765592,5.116535186767578,119692405.22746998,203820.04877549107,2090700.482416733,13707971.71772065,20.412499999999998,20.412499999999998,20.412499999999998,20.412499999999998,20.412499999999998,20.412499999999998,20.412499999999998,20.412499999999998,20.412499999999998,20.412499999999998,20.412499999999998,56.0,56.0,56.0,0.0,0.0,0.0,11.244140625,11.244140625,11.244140625,267.889,267.889,267.889,56.0,0.0,11.244140625,267.889,5
11776467.82509752,5.116535186767578,124136242.45931812,211336.78770777298,2167729.814800894,14213025.367747266,20.474999999999998,20.474999999999998,20.474999999999998,20.474999999999998,20.474999999999998,20.474999999999998,20.474999999999998,20.474999999999998,20.474999999999998,20.474999999999998,20.474999999999998,67.0,67.0,67.0,0.0,0.0,0.0,11.244140625,11.244140625,11.244140625,275.437,275.437,275.437,67.0,0.0,11.244140625,275.437,5
11776468.846109925,5.116542816162109,117655158.17392603,200255.15753973878,2053992.6741991376,13467291.811106455,18.275,18.275,18.275,18.275,18.275,18.275,18.275,18.275,18.275,18.275,18.275,67.0,67.0,67.0,0.0,0.0,0.0,11.244140625,11.244140625,11.244140625,268.843,268.843,268.843,67.0,0.0,11.244140625,268.843,5
11776469.847611096,5.116542816162109,119980069.40902211,204156.52616013796,2094008.5352840645,13729661.431540243,18.15,18.15,18.15,18.15,18.15,18.15,18.15,18.15,18.15,18.15,18.15,66.0,66.0,66.0,0.0,0.0,0.0,11.244140625,11.244140625,11.244140625,288.148,288.148,288.148,66.0,0.0,11.244140625,288.148,5
11776470.845585428,5.116542816162109,120439712.82136369,204886.03099015818,2101408.7555842744,13782286.3305703,18.425,18.425,18.425,18.425,18.425,18.425,18.425,18.425,18.425,18.425,18.425,66.0,66.0,66.0,0.0,0.0,0.0,11.244140625,11.244140625,11.244140625,287.775,287.775,287.775,66.0,0.0,11.244140625,287.775,5
11776471.848771911,5.116542816162109,119849405.91315076,203830.4975975397,2090490.6870973965,13710679.15483019,19.9,19.9,19.9,19.9,19.9,19.9,19.9,19.9,19.9,19.9,19.9,62.0,62.0,62.0,0.0,0.0,0.0,11.244140625,11.244140625,11.244140625,288.402,288.402,288.402,62.0,0.0,11.244140625,288.402,5
11776472.858296944,5.116550445556641,119129403.53413694,202558.62249423773,2077365.0301290816,13624593.303073157,19.7375,19.7375,19.7375,19.7375,19.7375,19.7375,19.7375,19.7375,19.7375,19.7375,19.7375,52.0,52.0,52.0,0.0,0.0,0.0,11.244140625,11.244140625,11.244140625,252.997,252.997,252.997,52.0,0.0,11.244140625,252.997,5
11776473.857438937,5.116550445556641,120400223.23420367,204665.60452111252,2098952.9162925333,13766179.478340482,19.55,19.55,19.55,19.55,19.55,19.55,19.55,19.55,19.55,19.55,19.55,58.0,58.0,58.0,0.0,0.0,0.0,11.244140625,11.244140625,11.244140625,251.43,251.43,251.43,58.0,0.0,11.244140625,251.43,5
11776474.85733368,5.116558074951172,120342422.78789504,204518.5268459796,2097372.7615177715,13755815.885110699,20.0625,20.0625,20.0625,20.0625,20.0625,20.0625,20.0625,20.0625,20.0625,20.0625,20.0625,54.0,54.0,54.0,0.0,0.0,0.0,11.244140625,11.244140625,11.244140625,272.911,272.911,272.911,54.0,0.0,11.244140625,272.911,5
11776475.857584052,5.116558074951172,120335215.5309314,204453.81065959588,2096627.065022336,13750925.164736338,21.8875,21.8875,21.8875,21.8875,21.8875,21.8875,21.8875,21.8875,21.8875,21.8875,21.8875,80.0,80.0,80.0,0.0,0.0,0.0,11.244140625,11.244140625,11.244140625,269.046,269.046,269.046,80.0,0.0,11.244140625,269.046,5
11776476.856903013,5.116558074951172,120482978.60074675,204645.37146807066,2098581.215538944,13763741.644101122,20.525000000000002,20.525000000000002,20.525000000000002,20.525000000000002,20.525000000000002,20.525000000000002,20.525000000000002,20.525000000000002,20.525000000000002,20.525000000000002,20.525000000000002,56.0,56.0,56.0,0.0,0.0,0.0,11.244140625,11.244140625,11.244140625,248.881,248.881,248.881,56.0,0.0,11.244140625,248.881,5
11776477.857669296,5.116558074951172,120341544.33227804,204356.4051809657,2095546.2187639542,13743836.333221402,20.325,20.325,20.325,20.325,20.325,20.325,20.325,20.325,20.325,20.325,20.325,57.0,57.0,57.0,0.0,0.0,0.0,11.244140625,11.244140625,11.244140625,263.315,263.315,263.315,57.0,0.0,11.244140625,263.315,5
11776478.85968716,5.116558074951172,120224000.2029458,204109.13532832518,2092928.7524120642,13726669.434765063,20.95,20.95,20.95,20.95,20.95,20.95,20.95,20.95,20.95,20.95,20.95,69.0,69.0,69.0,0.0,0.0,0.0,11.244140625,11.244140625,11.244140625,268.533,268.533,268.533,69.0,0.0,11.244140625,268.533,5
11776479.857967231,5.116558074951172,120707033.56106977,204873.36770337436,2100765.1675175996,13778065.297898632,19.475,19.475,19.475,19.475,19.475,19.475,19.475,19.475,19.475,19.475,19.475,57.0,57.0,57.0,0.0,0.0,0.0,11.244140625,11.244140625,11.244140625,249.24,249.24,249.24,57.0,0.0,11.244140625,249.24,5
11776480.857627394,5.1165618896484375,120575988.27193522,204597.5299631809,2097864.933688027,13759043.842430457,20.1625,20.1625,20.1625,20.1625,20.1625,20.1625,20.1625,20.1625,20.1625,20.1625,20.1625,55.0,55.0,55.0,0.0,0.0,0.0,11.244140625,11.244140625,11.244140625,263.812,263.812,263.812,55.0,0.0,11.244140625,263.812,5
11776481.86114438,5.116569519042969,120148032.93416402,203822.1601194508,2089802.192925684,13710245.246166743,20.825,20.825,20.825,20.825,20.825,20.825,20.825,20.825,20.825,20.825,20.825,67.0,67.0,67.0,0.0,0.0,0.0,11.244140625,11.244140625,11.244140625,268.899,268.899,268.899,67.0,0.0,11.244140625,268.899,5
11776482.859576732,5.116584777832031,120792792.66725959,204862.15189095068,2100444.7595465505,13780066.30335325,19.725,19.725,19.725,19.725,19.725,19.725,19.725,19.725,19.725,19.725,19.725,56.0,56.0,56.0,0.0,0.0,0.0,11.244140625,11.244140625,11.244140625,249.853,249.853,249.853,56.0,0.0,11.244140625,249.853,5
11776483.861307016,5.111576080322266,120427892.57776403,204196.68180532835,2093529.599811332,13734699.073762234,21.025000000000002,21.025000000000002,21.025000000000002,21.025000000000002,21.025000000000002,21.025000000000002,21.025000000000002,21.025000000000002,21.025000000000002,21.025000000000002,21.025000000000002,56.0,56.0,56.0,0.0,0.0,0.0,11.244140625,11.244140625,11.244140625,263.202,263.202,263.202,56.0,0.0,11.244140625,263.202,5
11776484.846461171,5.116584777832031,122487532.84848928,207639.58496093247,2128755.16789936,13965798.064402247,20.6,20.6,20.6,20.6,20.6,20.6,20.6,20.6,20.6,20.6,20.6,57.0,57.0,57.0,0.0,0.0,0.0,11.244140625,11.244140625,11.244140625,267.936,267.936,267.936,57.0,0.0,11.244140625,267.936,5
11776485.857880456,5.116584777832031,119339162.08588544,202247.47838582587,2073474.4046490295,13603126.025812676,19.4875,19.4875,19.4875,19.4875,19.4875,19.4875,19.4875,19.4875,19.4875,19.4875,19.4875,58.0,58.0,58.0,0.0,0.0,0.0,11.244140625,11.244140625,11.244140625,250.492,250.492,250.492,58.0,0.0,11.244140625,250.492,5
11776486.85752498,5.116584777832031,120780453.61455046,204638.7442673402,2097897.7533790614,13763356.55000052,20.712500000000002,20.712500000000002,20.712500000000002,20.712500000000002,20.712500000000002,20.712500000000002,20.712500000000002,20.712500000000002,20.712500000000002,20.712500000000002,20.712500000000002,54.0,54.0,54.0,0.0,0.0,0.0,11.244140625,11.244140625,11.244140625,264.736,264.736,264.736,54.0,0.0,11.244140625,264.736,5
11776487.851370076,5.116584777832031,121521059.4722889,205840.93120004082,2110139.707626717,13843670.464683872,21.2875,21.2875,21.2875,21.2875,21.2875,21.2875,21.2875,21.2875,21.2875,21.2875,21.2875,60.0,60.0,60.0,0.0,0.0,0.0,11.244140625,11.244140625,11.244140625,267.127,267.127,267.127,60.0,0.0,11.244140625,267.127,5
11776488.859794727,5.116584777832031,119796691.69615474,202864.93375776027,2079631.8278957955,13643522.089652298,19.0625,19.0625,19.0625,19.0625,19.0625,19.0625,19.0625,19.0625,19.0625,19.0625,19.0625,55.0,55.0,55.0,0.0,0.0,0.0,11.244140625,11.244140625,11.244140625,250.66,250.66,250.66,55.0,0.0,11.244140625,250.66,5
11776489.858030088,5.116584777832031,121052385.68206261,204942.6496590188,2100859.2568112905,13782785.632088134,20.275,20.275,20.275,20.275,20.275,20.275,20.275,20.275,20.275,20.275,20.275,55.0,55.0,55.0,0.0,0.0,0.0,11.244140625,11.244140625,11.244140625,265.341,265.341,265.341,55.0,0.0,11.244140625,265.341,5
11776490.826663379,5.116600036621094,124785724.58783813,211213.05867950135,2165062.899269916,14203996.63798369,20.6375,20.6375,20.6375,20.6375,20.6375,20.6375,20.6375,20.6375,20.6375,20.6375,20.6375,57.0,57.0,57.0,0.0,0.0,0.0,11.244140625,11.244140625,11.244140625,269.246,269.246,269.246,57.0,0.0,11.244140625,269.246,5
11776491.860131064,5.116600036621094,116991745.03551644,197963.61590240008,2029238.0969502276,13312911.655577762,20.175,20.175,20.175,20.175,20.175,20.175,20.175,20.175,20.175,20.175,20.175,57.0,57.0,57.0,0.0,0.0,0.0,11.244140625,11.244140625,11.244140625,252.018,252.018,252.018,57.0,0.0,11.244140625,252.018,5
11776492.857942315,5.116600036621094,121208072.12075013,205049.80267592,2101752.2093313863,13788643.888953373,21.862499999999997,21.862499999999997,21.862499999999997,21.862499999999997,21.862499999999997,21.862499999999997,21.862499999999997,21.862499999999997,21.862499999999997,21.862499999999997,21.862499999999997,56.0,56.0,56.0,0.0,0.0,0.0,11.244140625,11.244140625,11.244140625,263.737,263.737,263.737,56.0,0.0,11.244140625,263.737,5
11776493.827328617,5.116603851318359,124796092.90801264,211070.6532490067,2163381.0956627564,14192963.08658437,20.6125,20.6125,20.6125,20.6125,20.6125,20.6125,20.6125,20.6125,20.6125,20.6125,20.6125,56.0,56.0,56.0,0.0,0.0,0.0,11.244140625,11.244140625,11.244140625,268.405,268.405,268.405,56.0,0.0,11.244140625,268.405,5
11776494.85910609,5.116611480712891,117281548.73222616,198317.95646013605,2032562.3058659332,13334720.283991542,19.4875,19.4875,19.4875,19.4875,19.4875,19.4875,19.4875,19.4875,19.4875,19.4875,19.4875,56.0,56.0,56.0,0.0,0.0,0.0,11.244140625,11.244140625,11.244140625,251.245,251.245,251.245,56.0,0.0,11.244140625,251.245,5
11776495.861703657,5.116611480712891,120727689.77399693,204089.86296936343,2091718.6213758502,13722818.064846642,20.425,20.425,20.425,20.425,20.425,20.425,20.425,20.425,20.425,20.425,20.425,56.0,56.0,56.0,0.0,0.0,0.0,11.244140625,11.244140625,11.244140625,268.301,268.301,268.301,56.0,0.0,11.244140625,268.301,5
11776496.859476084,5.116611480712891,121344418.51692502,205083.8391663058,2101833.9880626537,13789180.40215323,20.4,20.4,20.4,20.4,20.4,20.4,20.4,20.4,20.4,20.4,20.4,54.0,54.0,54.0,0.0,0.0,0.0,11.244140625,11.244140625,11.244140625,272.785,272.785,272.785,54.0,0.0,11.244140625,272.785,5
11776497.859695068,5.116611480712891,121085919.1526093,204591.19785440163,2096692.858357054,13755451.779729187,20.2375,20.2375,20.2375,20.2375,20.2375,20.2375,20.2375,20.2375,20.2375,20.2375,20.2375,57.0,57.0,57.0,0.0,0.0,0.0,11.244140625,11.244140625,11.244140625,246.905,246.905,246.905,57.0,0.0,11.244140625,246.905,5
11776498.860587342,5.116611480712891,121037287.5653853,204455.56959439028,2095282.4337904728,13746198.62324648,20.1625,20.1625,20.1625,20.1625,20.1625,20.1625,20.1625,20.1625,20.1625,20.1625,20.1625,56.0,56.0,56.0,0.0,0.0,0.0,11.244140625,11.244140625,11.244140625,265.749,265.749,265.749,56.0,0.0,11.244140625,265.749,5
11776499.839413373,5.116611480712891,123799446.63425386,209071.8815194938,2142517.6010768376,14056087.152377144,20.6125,20.6125,20.6125,20.6125,20.6125,20.6125,20.6125,20.6125,20.6125,20.6125,20.6125,55.0,55.0,55.0,0.0,0.0,0.0,11.244140625,11.244140625,11.244140625,264.544,264.544,264.544,55.0,0.0,11.244140625,264.544,5
11776500.861898089,5.116611480712891,118545494.22593391,200151.6470534712,2051035.059131996,13455911.647703856,20.025,20.025,20.025,20.025,20.025,20.025,20.025,20.025,20.025,20.025,20.025,56.0,56.0,56.0,0.0,0.0,0.0,11.244140625,11.244140625,11.244140625,248.477,248.477,248.477,56.0,0.0,11.244140625,248.477,5
11776501.8619023,5.116611480712891,121243273.39114597,204651.1381238712,2097143.1680059454,13758406.057289004,20.3625,20.3625,20.3625,20.3625,20.3625,20.3625,20.3625,20.3625,20.3625,20.3625,20.3625,56.0,56.0,56.0,0.0,0.0,0.0,11.244140625,11.244140625,11.244140625,265.851,265.851,265.851,56.0,0.0,11.244140625,265.851,5
11776502.827876808,5.116611480712891,125548468.42646371,211871.01557659602,2171022.0952521204,14247332.50009204,20.4375,20.4375,20.4375,20.4375,20.4375,20.4375,20.4375,20.4375,20.4375,20.4375,20.4375,56.0,56.0,56.0,0.0,0.0,0.0,11.244140625,11.244140625,11.244140625,265.38,265.38,265.38,56.0,0.0,11.244140625,265.38,5
11776503.858973991,5.116611480712891,117656186.05082236,198499.23302447982,2033903.3357555205,13347490.640895603,20.3875,20.3875,20.3875,20.3875,20.3875,20.3875,20.3875,20.3875,20.3875,20.3875,20.3875,58.0,58.0,58.0,0.0,0.0,0.0,11.244140625,11.244140625,11.244140625,249.055,249.055,249.055,58.0,0.0,11.244140625,249.055,5
11776504.859482655,5.116611480712891,121286096.10787903,204569.94259874063,2096085.796245904,13755563.037863744,20.175,20.175,20.175,20.175,20.175,20.175,20.175,20.175,20.175,20.175,20.175,56.0,56.0,56.0,0.0,0.0,0.0,11.244140625,11.244140625,11.244140625,263.553,263.553,263.553,56.0,0.0,11.244140625,263.553,5
11776505.827621896,5.116611480712891,125375173.23957351,211416.90310005526,2166167.749669423,14215475.857205587,20.487499999999997,20.487499999999997,20.487499999999997,20.487499999999997,20.487499999999997,20.487499999999997,20.487499999999997,20.487499999999997,20.487499999999997,20.487499999999997,20.487499999999997,55.0,55.0,55.0,0.0,0.0,0.0,11.244140625,11.244140625,11.244140625,263.462,263.462,263.462,55.0,0.0,11.244140625,263.462,5
11776506.85881491,5.116611480712891,117740763.68249409,198489.51377156345,2033714.3202596325,13346250.22670384,19.425,19.425,19.425,19.425,19.425,19.425,19.425,19.425,19.425,19.425,19.425,58.0,58.0,58.0,0.0,0.0,0.0,11.244140625,11.244140625,11.244140625,247.538,247.538,247.538,58.0,0.0,11.244140625,247.538,5
11776507.859348403,5.116611480712891,121381532.77332565,204579.85802957925,2096033.7801564725,13755221.68227685,19.825000000000003,19.825000000000003,19.825000000000003,19.825000000000003,19.825000000000003,19.825000000000003,19.825000000000003,19.825000000000003,19.825000000000003,19.825000000000003,19.825000000000003,55.0,55.0,55.0,0.0,0.0,0.0,11.244140625,11.244140625,11.244140625,265.74,265.74,265.74,55.0,0.0,11.244140625,265.74,5
11776509.096431425,3.9136009216308594,98202695.27881098,165531.33171547335,1695239.4976450773,11138253.261871172,17.9375,17.9375,17.9375,17.9375,17.9375,17.9375,17.9375,17.9375,17.9375,17.9375,17.9375,0.0,0.0,0.0,0.0,0.0,0.0,5.947265625,5.947265625,5.947265625,205.797,205.797,205.797,0.0,0.0,5.947265625,205.797,5
11776509.85142424,5.306301116943359,160953764.89473036,271240.99197155045,2777711.2034334596,18250430.641308904,47.2875,47.2875,47.2875,47.2875,47.2875,47.2875,47.2875,47.2875,47.2875,47.2875,47.2875,15.0,15.0,15.0,0.0,0.0,0.0,11.234375,11.234375,11.234375,139.208,139.208,139.208,15.0,0.0,11.234375,139.208,5
11776510.84088864,4.1630859375,122846095.28013916,206979.65478133882,2119482.013994181,13925659.170071142,14.8375,14.8375,14.8375,14.8375,14.8375,14.8375,14.8375,14.8375,14.8375,14.8375,14.8375,0.0,0.0,0.0,0.0,0.0,0.0,11.2421875,11.2421875,11.2421875,142.751,142.751,142.751,0.0,0.0,11.2421875,142.751,5
11776511.871088743,4.1630859375,118020436.62273835,198795.35960480568,2035674.4221697247,13375017.10191202,18.975,18.975,18.975,18.975,18.975,18.975,18.975,18.975,18.975,18.975,18.975,59.0,59.0,59.0,0.0,0.0,0.0,11.2421875,11.2421875,11.2421875,325.608,325.608,325.608,59.0,0.0,11.2421875,325.608,5
11776512.872208048,4.163097381591797,121481527.18622614,204579.0137998115,2094807.272900972,13763538.410232168,20.0625,20.0625,20.0625,20.0625,20.0625,20.0625,20.0625,20.0625,20.0625,20.0625,20.0625,60.0,60.0,60.0,0.0,0.0,0.0,11.2421875,11.2421875,11.2421875,332.984,332.984,332.984,60.0,0.0,11.2421875,332.984,5
11776513.869259609,4.163097381591797,122015586.48313434,205421.67322115158,2103353.609283867,13819690.510997906,20.1875,20.1875,20.1875,20.1875,20.1875,20.1875,20.1875,20.1875,20.1875,20.1875,20.1875,61.0,61.0,61.0,0.0,0.0,0.0,11.2421875,11.2421875,11.2421875,292.766,292.766,292.766,61.0,0.0,11.2421875,292.766,5
11776514.86881682,4.163097381591797,121742577.15284587,204909.73157122193,2098081.005102316,13785047.85383631,19.4375,19.4375,19.4375,19.4375,19.4375,19.4375,19.4375,19.4375,19.4375,19.4375,19.4375,59.0,59.0,59.0,0.0,0.0,0.0,11.2421875,11.2421875,11.2421875,327.764,327.764,327.764,59.0,0.0,11.2421875,327.764,5
11776515.849924313,4.163097381591797,124065412.80393851,208770.1925326122,2137535.40473452,14044275.588919774,21.1,21.1,21.1,21.1,21.1,21.1,21.1,21.1,21.1,21.1,21.1,63.0,63.0,63.0,0.0,0.0,0.0,11.2421875,11.2421875,11.2421875,329.961,329.961,329.961,63.0,0.0,11.2421875,329.961,5
11776516.871197388,4.1631011962890625,119218196.4056461,200559.48313907962,2053468.413112042,13491929.183025213,18.1625,18.1625,18.1625,18.1625,18.1625,18.1625,18.1625,18.1625,18.1625,18.1625,18.1625,61.0,61.0,61.0,0.0,0.0,0.0,11.2421875,11.2421875,11.2421875,305.806,305.806,305.806,61.0,0.0,11.2421875,305.806,5
11776517.868276546,4.1631011962890625,122143932.10227917,205434.04033177134,2103295.3930980936,13823416.011279462,19.2875,19.2875,19.2875,19.2875,19.2875,19.2875,19.2875,19.2875,19.2875,19.2875,19.2875,58.0,58.0,58.0,0.0,0.0,0.0,11.2421875,11.2421875,11.2421875,331.322,331.322,331.322,58.0,0.0,11.2421875,331.322,5
11776518.868316848,4.1631011962890625,121815099.60138823,204837.74461834074,2097067.4838749233,13782484.5375764,20.625,20.625,20.625,20.625,20.625,20.625,20.625,20.625,20.625,20.625,20.625,68.0,68.0,68.0,0.0,0.0,0.0,11.2421875,11.2421875,11.2421875,305.216,305.216,305.216,68.0,0.0,11.2421875,305.216,5
11776519.869248291,4.1631011962890625,121744944.4449971,204657.3731900225,2095200.438862972,13770213.821824025,19.4375,19.4375,19.4375,19.4375,19.4375,19.4375,19.4375,19.4375,19.4375,19.4375,19.4375,60.0,60.0,60.0,0.0,0.0,0.0,11.2421875,11.2421875,11.2421875,302.908,302.908,302.908,60.0,0.0,11.2421875,302.908,5
11776520.869844845,4.163105010986328,121818511.79070894,204737.8629957561,2095901.6833802396,13774822.587059582,19.375,19.375,19.375,19.375,19.375,19.375,19.375,19.375,19.375,19.375,19.375,58.0,58.0,58.0,0.0,0.0,0.0,11.2421875,11.2421875,11.2421875,343.446,343.446,343.446,58.0,0.0,11.2421875,343.446,5
11776521.867462536,4.163105010986328,122215177.22432962,205361.23376033007,2102159.9930832116,13815953.86079103,20.6375,20.6375,20.6375,20.6375,20.6375,20.6375,20.6375,20.6375,20.6375,20.6375,20.6375,62.0,62.0,62.0,0.0,0.0,0.0,11.2421875,11.2421875,11.2421875,305.246,305.246,305.246,62.0,0.0,11.2421875,305.246,5
11776522.860785132,4.163135528564453,122776680.50315341,206250.21602699914,2111249.6670691273,13875693.61267112,18.175,18.175,18.175,18.175,18.175,18.175,18.175,18.175,18.175,18.175,18.175,69.0,69.0,69.0,0.0,0.0,0.0,11.2421875,11.2421875,11.2421875,324.971,324.971,324.971,69.0,0.0,11.2421875,324.971,5
11776523.858631503,4.163135528564453,122252974.60488077,205323.19006624367,2101678.23611659,13812787.626039697,18.599999999999998,18.599999999999998,18.599999999999998,18.599999999999998,18.599999999999998,18.599999999999998,18.599999999999998,18.599999999999998,18.599999999999998,18.599999999999998,18.599999999999998,68.0,68.0,68.0,0.0,0.0,0.0,11.244140625,11.244140625,11.244140625,358.348,358.348,358.348,68.0,0.0,11.244140625,358.348,5
11776524.863309048,4.163135528564453,121459920.72121067,203939.06578557708,2087388.1474250196,13718869.367353888,20.975,20.975,20.975,20.975,20.975,20.975,20.975,20.975,20.975,20.975,20.975,66.0,66.0,66.0,0.0,0.0,0.0,11.244140625,11.244140625,11.244140625,355.521,355.521,355.521,66.0,0.0,11.244140625,355.521,5
11776525.859060928,4.163135528564453,122581685.69724476,205777.16607224126,2106098.9608875075,13841841.803489184,19.225,19.225,19.225,19.225,19.225,19.225,19.225,19.225,19.225,19.225,19.225,72.0,72.0,72.0,0.0,0.0,0.0,11.244140625,11.244140625,11.244140625,331.936,331.936,331.936,72.0,0.0,11.244140625,331.936,5
11776526.858560909,4.163135528564453,122154875.83700734,205005.50677964272,2098201.1417789944,13789935.238449836,18.162499999999998,18.162499999999998,18.162499999999998,18.162499999999998,18.162499999999998,18.162499999999998,18.162499999999998,18.162499999999998,18.162499999999998,18.162499999999998,18.162499999999998,71.0,71.0,71.0,0.0,0.0,0.0,11.244140625,11.244140625,11.244140625,361.023,361.023,361.023,71.0,0.0,11.244140625,361.023,5
11776527.860855974,4.163135528564453,121847009.1122474,204442.79037009613,2092349.9195275428,13751479.451582385,18.1625,18.1625,18.1625,18.1625,18.1625,18.1625,18.1625,18.1625,18.1625,18.1625,18.1625,69.0,69.0,69.0,0.0,0.0,0.0,11.244140625,11.244140625,11.244140625,372.416,372.416,372.416,69.0,0.0,11.244140625,372.416,5
11776528.860300286,4.163135528564453,122227435.38209708,205032.93444693155,2098318.011220294,13790703.335461501,18.925,18.925,18.925,18.925,18.925,18.925,18.925,18.925,18.925,18.925,18.925,68.0,68.0,68.0,0.0,0.0,0.0,11.244140625,11.244140625,11.244140625,356.382,356.382,356.382,68.0,0.0,11.244140625,356.382,5
11776529.860112108,4.163135528564453,122215586.21754694,204964.5697103741,2097546.710994459,13785634.145500692,18.8625,18.8625,18.8625,18.8625,18.8625,18.8625,18.8625,18.8625,18.8625,18.8625,18.8625,71.0,71.0,71.0,0.0,0.0,0.0,11.244140625,11.244140625,11.244140625,338.667,338.667,338.667,71.0,0.0,11.244140625,338.667,5
11776530.859172389,4.163135528564453,122345570.50353064,205120.75594939015,2099124.588054221,13796004.372661043,18.2875,18.2875,18.2875,18.2875,18.2875,18.2875,18.2875,18.2875,18.2875,18.2875,18.2875,72.0,72.0,72.0,0.0,0.0,0.0,11.244140625,11.244140625,11.244140625,360.52,360.52,360.52,72.0,0.0,11.244140625,360.52,5
11776531.862905016,4.163135528564453,121808721.44610411,204173.89495438154,2089353.2232080803,13731784.367373418,18.225,18.225,18.225,18.225,18.225,18.225,18.225,18.225,18.225,18.225,18.225,69.0,69.0,69.0,0.0,0.0,0.0,11.244140625,11.244140625,11.244140625,367.468,367.468,367.468,69.0,0.0,11.244140625,367.468,5
11776532.859782783,4.163135528564453,122679216.07898973,205587.89327484267,2103720.3046515808,13826208.642876111,19.0625,19.0625,19.0625,19.0625,19.0625,19.0625,19.0625,19.0625,19.0625,19.0625,19.0625,68.0,68.0,68.0,0.0,0.0,0.0,11.244140625,11.244140625,11.244140625,362.119,362.119,362.119,68.0,0.0,11.244140625,362.119,5
11776533.860874588,4.163135528564453,122195580.33318369,204729.47546700985,2094864.8174683496,13768008.028869133,18.375,18.375,18.375,18.375,18.375,18.375,18.375,18.375,18.375,18.375,18.375,67.0,67.0,67.0,0.0,0.0,0.0,11.244140625,11.244140625,11.244140625,333.867,333.867,333.867,67.0,0.0,11.244140625,333.867,5
11776534.861203272,4.163135528564453,122321592.82197955,204887.65665921988,2096462.9257066005,13782605.87486019,18.3375,18.3375,18.3375,18.3375,18.3375,18.3375,18.3375,18.3375,18.3375,18.3375,18.3375,72.0,72.0,72.0,0.0,0.0,0.0,11.244140625,11.244140625,11.244140625,361.043,361.043,361.043,72.0,0.0,11.244140625,361.043,5
11776535.861857723,4.163135528564453,122317309.24748696,204828.94937678942,2095780.4132620653,13778118.888750218,18.8125,18.8125,18.8125,18.8125,18.8125,18.8125,18.8125,18.8125,18.8125,18.8125,18.8125,69.0,69.0,69.0,0.0,0.0,0.0,11.244140625,11.244140625,11.244140625,369.558,369.558,369.558,69.0,0.0,11.244140625,369.558,5
11776536.860813485,4.163135528564453,122560904.75236632,205185.26224504612,2099344.2149754013,13801548.100795314,19.987499999999997,19.987499999999997,19.987499999999997,19.987499999999997,19.987499999999997,19.987499999999997,19.987499999999997,19.987499999999997,19.987499999999997,19.987499999999997,19.987499999999997,70.0,70.0,70.0,0.0,0.0,0.0,11.244140625,11.244140625,11.244140625,360.385,360.385,360.385,70.0,0.0,11.244140625,360.385,5
11776537.860917928,4.163135528564453,122452943.74040715,204957.59377004602,2096932.991623725,13785696.191026287,18.5125,18.5125,18.5125,18.5125,18.5125,18.5125,18.5125,18.5125,18.5125,18.5125,18.5125,71.0,71.0,71.0,0.0,0.0,0.0,11.244140625,11.244140625,11.244140625,327.326,327.326,327.326,71.0,0.0,11.244140625,327.326,5
11776538.8611177,4.163135528564453,122474070.05893771,204938.05902850084,2096733.130553562,13784382.260631425,18.475,18.475,18.475,18.475,18.475,18.475,18.475,18.475,18.475,18.475,18.475,70.0,70.0,70.0,0.0,0.0,0.0,11.244140625,11.244140625,11.244140625,362.729,362.729,362.729,70.0,0.0,11.244140625,362.729,5
11776539.859746711,4.163135528564453,122699569.73417965,205267.41933007797,2100031.119115021,13806063.958869454,18.287499999999998,18.287499999999998,18.287499999999998,18.287499999999998,18.287499999999998,18.287499999999998,18.287499999999998,18.287499999999998,18.287499999999998,18.287499999999998,18.287499999999998,71.0,71.0,71.0,0.0,0.0,0.0,11.244140625,11.244140625,11.244140625,364.857,364.857,364.857,71.0,0.0,11.244140625,364.857,5
11776540.849960877,4.16314697265625,123778184.85645512,207019.86215059544,2117877.196156207,13923387.973167565,20.1625,20.1625,20.1625,20.1625,20.1625,20.1625,20.1625,20.1625,20.1625,20.1625,20.1625,69.0,69.0,69.0,0.0,0.0,0.0,11.244140625,11.244140625,11.244140625,357.309,357.309,357.309,69.0,0.0,11.244140625,357.309,5
11776541.873570872,4.16314697265625,119774596.27985772,200273.5424944475,2048780.3055058757,13469129.899087457,19.1875,19.1875,19.1875,19.1875,19.1875,19.1875,19.1875,19.1875,19.1875,19.1875,19.1875,60.0,60.0,60.0,0.0,0.0,0.0,11.244140625,11.244140625,11.244140625,313.439,313.439,313.439,60.0,0.0,11.244140625,313.439,5
11776542.872212961,4.16314697265625,122802032.24940243,205281.75438411976,2100003.6183381,13805883.162746182,19.7375,19.7375,19.7375,19.7375,19.7375,19.7375,19.7375,19.7375,19.7375,19.7375,19.7375,58.0,58.0,58.0,0.0,0.0,0.0,11.244140625,11.244140625,11.244140625,334.145,334.145,334.145,58.0,0.0,11.244140625,334.145,5
11776543.854184436,4.163158416748047,124920216.3223726,208773.88534396756,2135654.705608859,14040261.209139492,20.849999999999998,20.849999999999998,20.849999999999998,20.849999999999998,20.849999999999998,20.849999999999998,20.849999999999998,20.849999999999998,20.849999999999998,20.849999999999998,20.849999999999998,66.0,66.0,66.0,0.0,0.0,0.0,11.244140625,11.244140625,11.244140625,340.828,340.828,340.828,66.0,0.0,11.244140625,340.828,5
11776544.861365236,4.163166046142578,121826091.1242736,203557.29563684904,2082200.1358869628,13688839.174600618,18.6,18.6,18.6,18.6,18.6,18.6,18.6,18.6,18.6,18.6,18.6,68.0,68.0,68.0,0.0,0.0,0.0,11.244140625,11.244140625,11.244140625,325.715,325.715,325.715,68.0,0.0,11.244140625,325.715,5
11776545.861473449,4.163166046142578,122723174.85125884,204997.8167285758,2096925.0870547565,13785644.224660762,19.037499999999998,19.037499999999998,19.037499999999998,19.037499999999998,19.037499999999998,19.037499999999998,19.037499999999998,19.037499999999998,19.037499999999998,19.037499999999998,19.037499999999998,69.0,69.0,69.0,0.0,0.0,0.0,11.244140625,11.244140625,11.244140625,358.523,358.523,358.523,69.0,0.0,11.244140625,358.523,5
11776546.862395681,4.163166046142578,122658879.94956852,204840.08973691138,2095219.7195125723,13774432.765389293,18.75,18.75,18.75,18.75,18.75,18.75,18.75,18.75,18.75,18.75,18.75,67.0,67.0,67.0,0.0,0.0,0.0,11.244140625,11.244140625,11.244140625,363.55,363.55,363.55,67.0,0.0,11.244140625,363.55,5
11776547.840805532,4.163166046142578,125514711.32293072,209562.4852884945,2143428.950476189,14091370.795513382,19.162499999999998,19.162499999999998,19.162499999999998,19.162499999999998,19.162499999999998,19.162499999999998,19.162499999999998,19.162499999999998,19.162499999999998,19.162499999999998,19.162499999999998,93.0,93.0,93.0,0.0,0.0,0.0,11.244140625,11.244140625,11.244140625,359.56,359.56,359.56,93.0,0.0,11.244140625,359.56,5
11776548.860784616,4.163166046142578,120431531.33007623,201030.59291554577,2056073.5343312637,13517077.180779362,17.8875,17.8875,17.8875,17.8875,17.8875,17.8875,17.8875,17.8875,17.8875,17.8875,17.8875,72.0,72.0,72.0,0.0,0.0,0.0,11.244140625,11.244140625,11.244140625,327.059,327.059,327.059,72.0,0.0,11.244140625,327.059,5
11776549.86137062,4.163166046142578,122798486.71039693,204926.91220132666,2095923.7822393724,13779061.427768998,18.5,18.5,18.5,18.5,18.5,18.5,18.5,18.5,18.5,18.5,18.5,68.0,68.0,68.0,0.0,0.0,0.0,11.244140625,11.244140625,11.244140625,352.523,352.523,352.523,68.0,0.0,11.244140625,352.523,5
11776550.861935511,4.163166046142578,122833870.14846483,204938.23206398083,2095968.0047667518,13779352.15633767,18.825,18.825,18.825,18.825,18.825,18.825,18.825,18.825,18.825,18.825,18.825,69.0,69.0,69.0,0.0,0.0,0.0,11.244140625,11.244140625,11.244140625,358.272,358.272,358.272,69.0,0.0,11.244140625,358.272,5
11776551.84866432,4.163166046142578,124592308.45832792,207820.01939730378,2125358.0347362966,13972568.642426513,18.9375,18.9375,18.9375,18.9375,18.9375,18.9375,18.9375,18.9375,18.9375,18.9375,18.9375,94.0,94.0,94.0,0.0,0.0,0.0,11.244140625,11.244140625,11.244140625,360.086,360.086,360.086,94.0,0.0,11.244140625,360.086,5
11776552.863299768,4.163166046142578,121200566.26034999,202115.9423775883,2066901.9611898344,13588265.627665982,18.6875,18.6875,18.6875,18.6875,18.6875,18.6875,18.6875,18.6875,18.6875,18.6875,18.6875,70.0,70.0,70.0,0.0,0.0,0.0,11.244140625,11.244140625,11.244140625,325.008,325.008,325.008,70.0,0.0,11.244140625,325.008,5
11776553.87412688,4.163169860839844,121689683.28178295,202887.31648760696,2074689.1105430843,13756971.738855021,20.175,20.175,20.175,20.175,20.175,20.175,20.175,20.175,20.175,20.175,20.175,58.0,58.0,58.0,0.0,0.0,0.0,11.244140625,11.244140625,11.244140625,328.043,328.043,328.043,58.0,0.0,11.244140625,328.043,5
11776554.843111545,4.163177490234375,126978341.76319867,211656.60028903058,2164277.800252282,14351021.741907224,21.400000000000002,21.400000000000002,21.400000000000002,21.400000000000002,21.400000000000002,21.400000000000002,21.400000000000002,21.400000000000002,21.400000000000002,21.400000000000002,21.400000000000002,61.0,61.0,61.0,0.0,0.0,0.0,11.244140625,11.244140625,11.244140625,330.764,330.764,330.764,61.0,0.0,11.244140625,330.764,5
11776555.873318586,4.163185119628906,119464232.93978198,199079.4002643564,2035660.7120827895,13498179.91703334,18.2,18.2,18.2,18.2,18.2,18.2,18.2,18.2,18.2,18.2,18.2,59.0,59.0,59.0,0.0,0.0,0.0,11.244140625,11.244140625,11.244140625,304.425,304.425,304.425,59.0,0.0,11.244140625,304.425,5
11776556.863676328,4.1631927490234375,124307083.00113538,207097.89135906872,2117570.1584070954,14041309.937093923,21.1875,21.1875,21.1875,21.1875,21.1875,21.1875,21.1875,21.1875,21.1875,21.1875,21.1875,69.0,69.0,69.0,0.0,0.0,0.0,11.244140625,11.244140625,11.244140625,338.685,338.685,338.685,69.0,0.0,11.244140625,338.685,5
11776557.842262128,4.1631927490234375,125838807.36913359,209598.38163123073,2143043.5631353846,14210220.50164967,20.7,20.7,20.7,20.7,20.7,20.7,20.7,20.7,20.7,20.7,20.7,94.0,94.0,94.0,0.0,0.0,0.0,11.244140625,11.244140625,11.244140625,351.23,351.23,351.23,94.0,0.0,11.244140625,351.23,5
11776558.874784265,4.163196563720703,119297101.40256225,198649.49406892472,2031096.405760975,13467914.643668965,18.9125,18.9125,18.9125,18.9125,18.9125,18.9125,18.9125,18.9125,18.9125,18.9125,18.9125,60.0,60.0,60.0,0.0,0.0,0.0,11.244140625,11.244140625,11.244140625,303.075,303.075,303.075,60.0,0.0,11.244140625,303.075,5
11776559.873674337,4.1632080078125,123346638.87495625,205344.9180521672,2099482.2739360393,13921371.718775103,19.5375,19.5375,19.5375,19.5375,19.5375,19.5375,19.5375,19.5375,19.5375,19.5375,19.5375,56.0,56.0,56.0,0.0,0.0,0.0,11.244140625,11.244140625,11.244140625,332.879,332.879,332.879,56.0,0.0,11.244140625,332.879,5
11776560.873529708,4.1632232666015625,123260398.00442494,205156.67156484164,2097455.3524672557,13907931.487551432,20.5625,20.5625,20.5625,20.5625,20.5625,20.5625,20.5625,20.5625,20.5625,20.5625,20.5625,60.0,60.0,60.0,0.0,0.0,0.0,11.244140625,11.244140625,11.244140625,300.69,300.69,300.69,60.0,0.0,11.244140625,300.69,5
11776561.876334524,4.1632232666015625,122930597.3221143,204553.2657745152,2091286.3271317577,13867025.548070934,18.7875,18.7875,18.7875,18.7875,18.7875,18.7875,18.7875,18.7875,18.7875,18.7875,18.7875,62.0,62.0,62.0,0.0,0.0,0.0,11.244140625,11.244140625,11.244140625,305.395,305.395,305.395,62.0,0.0,11.244140625,305.395,5
11776562.875349184,4.1632232666015625,123435308.65864702,205344.3338388666,2099220.444369494,13919635.563739125,20.1125,20.1125,20.1125,20.1125,20.1125,20.1125,20.1125,20.1125,20.1125,20.1125,20.1125,54.0,54.0,54.0,0.0,0.0,0.0,11.244140625,11.244140625,11.244140625,343.005,343.005,343.005,54.0,0.0,11.244140625,343.005,5
11776563.874914875,4.1632232666015625,123400043.77974278,205243.13899256405,2098063.2082461645,13911962.09374166,20.65,20.65,20.65,20.65,20.65,20.65,20.65,20.65,20.65,20.65,20.65,78.0,78.0,78.0,0.0,0.0,0.0,11.244140625,11.244140625,11.244140625,330.897,330.897,330.897,78.0,0.0,11.244140625,330.897,5
11776564.87479214,4.1632232666015625,123394350.83980814,205179.18272378895,2097409.426126517,13907626.956444385,18.6,18.6,18.6,18.6,18.6,18.6,18.6,18.6,18.6,18.6,18.6,60.0,60.0,60.0,0.0,0.0,0.0,11.244140625,11.244140625,11.244140625,304.569,304.569,304.569,60.0,0.0,11.244140625,304.569,5
11776565.875977151,4.1632232666015625,123265898.53968005,204920.1673232862,2094669.7930053873,13893551.986418545,19.2875,19.2875,19.2875,19.2875,19.2875,19.2875,19.2875,19.2875,19.2875,19.2875,19.2875,59.0,59.0,59.0,0.0,0.0,0.0,11.244140625,11.244140625,11.244140625,346.96,346.96,346.96,59.0,0.0,11.244140625,346.96,5
11776566.877214707,4.1632232666015625,123292158.00839277,204922.39698874485,2094559.8641641333,13892822.849026166,20.3625,20.3625,20.3625,20.3625,20.3625,20.3625,20.3625,20.3625,20.3625,20.3625,20.3625,62.0,62.0,62.0,0.0,0.0,0.0,11.244140625,11.244140625,11.244140625,325.726,325.726,325.726,62.0,0.0,11.244140625,325.726,5
11776567.875425436,4.1632232666015625,123698845.86048877,205543.77368439626,2100911.101053627,13934949.412457261,18.8125,18.8125,18.8125,18.8125,18.8125,18.8125,18.8125,18.8125,18.8125,18.8125,18.8125,61.0,61.0,61.0,0.0,0.0,0.0,11.244140625,11.244140625,11.244140625,301.152,301.152,301.152,61.0,0.0,11.244140625,301.152,5
11776568.87519805,4.1632232666015625,123543896.16866751,205236.66797205067,2097628.9717380083,13913179.66410601,21.525000000000002,21.525000000000002,21.525000000000002,21.525000000000002,21.525000000000002,21.525000000000002,21.525000000000002,21.525000000000002,21.525000000000002,21.525000000000002,21.525000000000002,57.0,57.0,57.0,0.0,0.0,0.0,11.244140625,11.244140625,11.244140625,343.988,343.988,343.988,57.0,0.0,11.244140625,343.988,5
11776569.875762165,4.1632232666015625,123478938.66345629,205085.30827630937,2095969.6318355114,13902173.573658977,20.2875,20.2875,20.2875,20.2875,20.2875,20.2875,20.2875,20.2875,20.2875,20.2875,20.2875,61.0,61.0,61.0,0.0,0.0,0.0,11.244140625,11.244140625,11.244140625,302.607,302.607,302.607,61.0,0.0,11.244140625,302.607,5
11776570.872531822,4.1632232666015625,123981858.88552698,205866.0177756509,2103948.47447255,13955095.740837462,18.75,18.75,18.75,18.75,18.75,18.75,18.75,18.75,18.75,18.75,18.75,60.0,60.0,60.0,0.0,0.0,0.0,11.244140625,11.244140625,11.244140625,303.597,303.597,303.597,60.0,0.0,11.244140625,303.597,5
11776571.875862777,4.1632232666015625,123203731.87855504,204526.73060640632,2090189.6716730646,13863836.181643998,20.05,20.05,20.05,20.05,20.05,20.05,20.05,20.05,20.05,20.05,20.05,59.0,59.0,59.0,0.0,0.0,0.0,11.244140625,11.244140625,11.244140625,342.791,342.791,342.791,59.0,0.0,11.244140625,342.791,5
11776572.874485428,4.1632232666015625,123817420.8899202,205499.0440506612,2100044.4956968864,13929201.381614504,20.075,20.075,20.075,20.075,20.075,20.075,20.075,20.075,20.075,20.075,20.075,61.0,61.0,61.0,0.0,0.0,0.0,11.244140625,11.244140625,11.244140625,299.162,299.162,299.162,61.0,0.0,11.244140625,299.162,5
11776573.873867933,4.1632232666015625,123758804.41900562,205344.7993471689,2098447.780606545,13918610.66980435,18.5875,18.5875,18.5875,18.5875,18.5875,18.5875,18.5875,18.5875,18.5875,18.5875,18.5875,61.0,61.0,61.0,0.0,0.0,0.0,11.244140625,11.244140625,11.244140625,320.156,320.156,320.156,61.0,0.0,11.244140625,320.156,5
11776574.878529718,4.1632232666015625,123143824.91017325,204274.7151076255,2087420.891682805,13845471.383114856,19.962500000000002,19.962500000000002,19.962500000000002,19.962500000000002,19.962500000000002,19.962500000000002,19.962500000000002,19.962500000000002,19.962500000000002,19.962500000000002,19.962500000000002,56.0,56.0,56.0,0.0,0.0,0.0,11.244140625,11.244140625,11.244140625,341.442,341.442,341.442,56.0,0.0,11.244140625,341.442,5
11776575.875538949,4.1632232666015625,124121877.89222391,205849.6487940507,2103442.912323207,13951742.441893771,20.2,20.2,20.2,20.2,20.2,20.2,20.2,20.2,20.2,20.2,20.2,60.0,60.0,60.0,0.0,0.0,0.0,11.244140625,11.244140625,11.244140625,309.544,309.544,309.544,60.0,0.0,11.244140625,309.544,5
11776576.874828,4.1632232666015625,123871480.34245245,205380.01477809367,2098644.029507336,13919912.351966629,18.924999999999997,18.924999999999997,18.924999999999997,18.924999999999997,18.924999999999997,18.924999999999997,18.924999999999997,18.924999999999997,18.924999999999997,18.924999999999997,18.924999999999997,62.0,62.0,62.0,0.0,0.0,0.0,11.244140625,11.244140625,11.244140625,330.941,330.941,330.941,62.0,0.0,11.244140625,330.941,5
11776577.875154462,4.1632232666015625,123775768.9037904,205174.01846111633,2096467.582811266,13905476.38911535,20.175,20.175,20.175,20.175,20.175,20.175,20.175,20.175,20.175,20.175,20.175,59.0,59.0,59.0,0.0,0.0,0.0,11.244140625,11.244140625,11.244140625,336.794,336.794,336.794,59.0,0.0,11.244140625,336.794,5
11776578.865525676,4.1632232666015625,125053050.02912977,207245.52274111804,2117541.3520466806,14045254.749122122,19.775,19.775,19.775,19.775,19.775,19.775,19.775,19.775,19.775,19.775,19.775,70.0,70.0,70.0,0.0,0.0,0.0,11.244140625,11.244140625,11.244140625,311.209,311.209,311.209,70.0,0.0,11.244140625,311.209,5
11776579.863412084,4.1632232666015625,124146839.7523794,205685.7357007279,2101593.911826266,13939478.368285155,18.462500000000002,18.462500000000002,18.462500000000002,18.462500000000002,18.462500000000002,18.462500000000002,18.462500000000002,18.462500000000002,18.462500000000002,18.462500000000002,18.462500000000002,69.0,69.0,69.0,0.0,0.0,0.0,11.244140625,11.244140625,11.244140625,356.464,356.464,356.464,69.0,0.0,11.244140625,356.464,5
11776580.865051549,4.1632232666015625,123717124.12117413,204923.03588159886,2093719.420562152,13887248.3441974,19.400000000000002,19.400000000000002,19.400000000000002,19.400000000000002,19.400000000000002,19.400000000000002,19.400000000000002,19.400000000000002,19.400000000000002,19.400000000000002,19.400000000000002,68.0,68.0,68.0,0.0,0.0,0.0,11.244140625,11.244140625,11.244140625,367.117,367.117,367.117,68.0,0.0,11.244140625,367.117,5
11776581.84423953,4.1632232666015625,126587255.45502973,209630.84119794937,2141725.636143782,14205664.570984932,19.0875,19.0875,19.0875,19.0875,19.0875,19.0875,19.0875,19.0875,19.0875,19.0875,19.0875,92.0,92.0,92.0,0.0,0.0,0.0,11.244140625,11.244140625,11.244140625,353.199,353.199,353.199,92.0,0.0,11.244140625,353.199,5
11776582.866858676,4.163234710693359,121243069.21249112,200737.48925157846,2050765.4354530259,13602342.614840774,18.200000000000003,18.200000000000003,18.200000000000003,18.200000000000003,18.200000000000003,18.200000000000003,18.200000000000003,18.200000000000003,18.200000000000003,18.200000000000003,18.200000000000003,70.0,70.0,70.0,0.0,0.0,0.0,11.244140625,11.244140625,11.244140625,327.352,327.352,327.352,70.0,0.0,11.244140625,327.352,5
11776583.866599187,4.163234710693359,124050455.70649947,205331.28117207185,2097696.328747225,13913626.430518702,18.3125,18.3125,18.3125,18.3125,18.3125,18.3125,18.3125,18.3125,18.3125,18.3125,18.3125,71.0,71.0,71.0,0.0,0.0,0.0,11.244140625,11.244140625,11.244140625,356.354,356.354,356.354,71.0,0.0,11.244140625,356.354,5
11776584.86573415,4.163234710693359,124161206.99104045,205465.73538561098,2098967.6839143294,13922059.090963012,19.650000000000002,19.650000000000002,19.650000000000002,19.650000000000002,19.650000000000002,19.650000000000002,19.650000000000002,19.650000000000002,19.650000000000002,19.650000000000002,19.650000000000002,68.0,68.0,68.0,0.0,0.0,0.0,11.244140625,11.244140625,11.244140625,367.201,367.201,367.201,68.0,0.0,11.244140625,367.201,5
11776585.84512738,4.163234710693359,126700220.44243231,209614.47756074855,2141276.8009229596,14202687.531121816,20.4625,20.4625,20.4625,20.4625,20.4625,20.4625,20.4625,20.4625,20.4625,20.4625,20.4625,95.0,95.0,95.0,0.0,0.0,0.0,11.244140625,11.244140625,11.244140625,366.639,366.639,366.639,95.0,0.0,11.244140625,366.639,5
11776586.865260875,4.163238525390625,121672464.99415202,201255.03273806602,2055762.3189501606,13635486.006161613,18.05,18.05,18.05,18.05,18.05,18.05,18.05,18.05,18.05,18.05,18.05,71.0,71.0,71.0,0.0,0.0,0.0,11.244140625,11.244140625,11.244140625,329.277,329.277,329.277,71.0,0.0,11.244140625,329.277,5
11776587.866259567,4.163238525390625,124031068.09173685,205102.1659872472,2095059.6794287942,13896138.0299613,18.5875,18.5875,18.5875,18.5875,18.5875,18.5875,18.5875,18.5875,18.5875,18.5875,18.5875,70.0,70.0,70.0,0.0,0.0,0.0,11.244140625,11.244140625,11.244140625,356.193,356.193,356.193,70.0,0.0,11.244140625,356.193,5
11776588.86597863,4.163238525390625,124222622.75331897,205372.69682627957,2097741.333534451,13913924.938833978,18.762500000000003,18.762500000000003,18.762500000000003,18.762500000000003,18.762500000000003,18.762500000000003,18.762500000000003,18.762500000000003,18.762500000000003,18.762500000000003,18.762500000000003,69.0,69.0,69.0,0.0,0.0,0.0,11.244140625,11.244140625,11.244140625,367.367,367.367,367.367,69.0,0.0,11.244140625,367.367,5
11776589.844515933,4.163249969482422,126947902.4327116,209825.41951434902,2143149.7754032984,14215110.619667191,18.637500000000003,18.637500000000003,18.637500000000003,18.637500000000003,18.637500000000003,18.637500000000003,18.637500000000003,18.637500000000003,18.637500000000003,18.637500000000003,18.637500000000003,94.0,94.0,94.0,0.0,0.0,0.0,11.244140625,11.244140625,11.244140625,361.946,361.946,361.946,94.0,0.0,11.244140625,361.946,5
11776590.867542546,4.163249969482422,121461927.14637657,200708.36602558012,2049948.6252728652,13600928.671976412,17.75,17.75,17.75,17.75,17.75,17.75,17.75,17.75,17.75,17.75,17.75,73.0,73.0,73.0,0.0,0.0,0.0,11.244140625,11.244140625,11.244140625,330.661,330.661,330.661,73.0,0.0,11.244140625,330.661,5
11776591.863594636,4.163249969482422,124784212.831874,206144.84126407345,2105464.1829369855,13969261.385619022,18.275,18.275,18.275,18.275,18.275,18.275,18.275,18.275,18.275,18.275,18.275,58.0,58.0,58.0,0.0,0.0,0.0,11.244140625,11.244140625,11.244140625,353.707,353.707,353.707,58.0,0.0,11.244140625,353.707,5
11776592.878387332,4.163249969482422,122512079.10144283,202345.76074691946,2066581.6860992003,13711285.132185513,19.5875,19.5875,19.5875,19.5875,19.5875,19.5875,19.5875,19.5875,19.5875,19.5875,19.5875,55.0,55.0,55.0,0.0,0.0,0.0,11.244140625,11.244140625,11.244140625,340.786,340.786,340.786,55.0,0.0,11.244140625,340.786,5
11776593.878268696,4.163249969482422,124371904.93492393,205370.36423532455,2097400.8263946674,13915762.904809931,20.275,20.275,20.275,20.275,20.275,20.275,20.275,20.275,20.275,20.275,20.275,60.0,60.0,60.0,0.0,0.0,0.0,11.244140625,11.244140625,11.244140625,298.449,298.449,298.449,60.0,0.0,11.244140625,298.449,5
11776594.879097229,4.163249969482422,124289683.95717132,205177.00418335976,2095415.8798382315,13902593.24962983,19.55,19.55,19.55,19.55,19.55,19.55,19.55,19.55,19.55,19.55,19.55,60.0,60.0,60.0,0.0,0.0,0.0,11.244140625,11.244140625,11.244140625,333.729,333.729,333.729,60.0,0.0,11.244140625,333.729,5
11776595.846026989,4.163265228271484,128680941.6454876,212378.4048554407,2168877.292977513,14389992.508290257,21.575,21.575,21.575,21.575,21.575,21.575,21.575,21.575,21.575,21.575,21.575,62.0,62.0,62.0,0.0,0.0,0.0,11.244140625,11.244140625,11.244140625,332.856,332.856,332.856,62.0,0.0,11.244140625,332.856,5
11776596.863274869,4.163265228271484,122350652.64030349,201880.98108859442,2061593.8764622058,13678192.18426194,19.3125,19.3125,19.3125,19.3125,19.3125,19.3125,19.3125,19.3125,19.3125,19.3125,19.3125,71.0,71.0,71.0,0.0,0.0,0.0,11.244140625,11.244140625,11.244140625,324.001,324.001,324.001,71.0,0.0,11.244140625,324.001,5
11776597.864750031,4.163265228271484,124310320.03970833,205060.5023743019,2094062.916276408,13893616.653497964,18.3625,18.3625,18.3625,18.3625,18.3625,18.3625,18.3625,18.3625,18.3625,18.3625,18.3625,64.0,64.0,64.0,0.0,0.0,0.0,11.244140625,11.244140625,11.244140625,357.542,357.542,357.542,64.0,0.0,11.244140625,357.542,5
11776598.866642244,4.163291931152344,124291277.45656176,204985.12452800057,2093191.2367942499,13891921.528568087,19.0875,19.0875,19.0875,19.0875,19.0875,19.0875,19.0875,19.0875,19.0875,19.0875,19.0875,71.0,71.0,71.0,0.0,0.0,0.0,11.244140625,11.244140625,11.244140625,363.906,363.906,363.906,71.0,0.0,11.244140625,363.906,5
11776599.865933476,4.163291931152344,124647575.23058143,205526.67075702632,2098639.4487875667,13928079.77925811,19.0,19.0,19.0,19.0,19.0,19.0,19.0,19.0,19.0,19.0,19.0,95.0,95.0,95.0,0.0,0.0,0.0,11.244140625,11.244140625,11.244140625,341.502,341.502,341.502,95.0,0.0,11.244140625,341.502,5
11776600.868538432,4.163291931152344,124271011.50689256,204848.37902543592,2091703.205587398,13882045.88395699,18.725,18.725,18.725,18.725,18.725,18.725,18.725,18.725,18.725,18.725,18.725,70.0,70.0,70.0,0.0,0.0,0.0,11.244140625,11.244140625,11.244140625,328.596,328.596,328.596,70.0,0.0,11.244140625,328.596,5
11776601.867524184,4.163291931152344,124756776.25299615,205598.5278003623,2099281.1907765,13932338.840348726,19.4375,19.4375,19.4375,19.4375,19.4375,19.4375,19.4375,19.4375,19.4375,19.4375,19.4375,67.0,67.0,67.0,0.0,0.0,0.0,11.244140625,11.244140625,11.244140625,357.645,357.645,357.645,67.0,0.0,11.244140625,357.645,5
11776602.867382096,4.163291931152344,124680720.6541751,205427.18877124978,2097450.022814263,13920185.893599348,19.1875,19.1875,19.1875,19.1875,19.1875,19.1875,19.1875,19.1875,19.1875,19.1875,19.1875,69.0,69.0,69.0,0.0,0.0,0.0,11.244140625,11.244140625,11.244140625,352.908,352.908,352.908,69.0,0.0,11.244140625,352.908,5
11776603.865347696,4.163291931152344,124949966.16849548,205823.72772137553,2101427.1426612698,13946580.919458974,18.762500000000003,18.762500000000003,18.762500000000003,18.762500000000003,18.762500000000003,18.762500000000003,18.762500000000003,18.762500000000003,18.762500000000003,18.762500000000003,18.762500000000003,94.0,94.0,94.0,0.0,0.0,0.0,11.244140625,11.244140625,11.244140625,330.468,330.468,330.468,94.0,0.0,11.244140625,330.468,5
11776604.8658978,4.163291931152344,124659948.0259114,205293.0673998063,2095998.9819364506,13910555.743398553,18.425,18.425,18.425,18.425,18.425,18.425,18.425,18.425,18.425,18.425,18.425,70.0,70.0,70.0,0.0,0.0,0.0,11.244140625,11.244140625,11.244140625,348.304,348.304,348.304,70.0,0.0,11.244140625,348.304,5
11776605.880187007,4.163291931152344,123006370.64361519,202520.14790887228,2067607.5302919338,13722129.663929671,19.2625,19.2625,19.2625,19.2625,19.2625,19.2625,19.2625,19.2625,19.2625,19.2625,19.2625,60.0,60.0,60.0,0.0,0.0,0.0,11.244140625,11.244140625,11.244140625,355.303,355.303,355.303,60.0,0.0,11.244140625,355.303,5
11776606.846864544,4.163291931152344,129101505.10276878,212503.1275657577,2169443.1900224118,14397984.296281554,19.462500000000002,19.462500000000002,19.462500000000002,19.462500000000002,19.462500000000002,19.462500000000002,19.462500000000002,19.462500000000002,19.462500000000002,19.462500000000002,19.462500000000002,69.0,69.0,69.0,0.0,0.0,0.0,11.244140625,11.244140625,11.244140625,350.94,350.94,350.94,69.0,0.0,11.244140625,350.94,5
11776607.86928688,4.163291931152344,122094658.53735115,200924.7966894727,2051160.1967917106,13612973.337301234,18.3875,18.3875,18.3875,18.3875,18.3875,18.3875,18.3875,18.3875,18.3875,18.3875,18.3875,71.0,71.0,71.0,0.0,0.0,0.0,11.244140625,11.244140625,11.244140625,328.079,328.079,328.079,71.0,0.0,11.244140625,328.079,5
11776608.865474788,4.163291931152344,125342882.52767621,206217.11850916964,2105177.1276766513,13971468.515322775,18.4125,18.4125,18.4125,18.4125,18.4125,18.4125,18.4125,18.4125,18.4125,18.4125,18.4125,67.0,67.0,67.0,0.0,0.0,0.0,11.244140625,11.244140625,11.244140625,361.794,361.794,361.794,67.0,0.0,11.244140625,361.794,5
11776609.866563162,4.163291931152344,124762068.28816013,205217.64657984124,2094871.9971194027,13903076.262132287,18.837500000000002,18.837500000000002,18.837500000000002,18.837500000000002,18.837500000000002,18.837500000000002,18.837500000000002,18.837500000000002,18.837500000000002,18.837500000000002,18.837500000000002,68.0,68.0,68.0,0.0,0.0,0.0,11.244140625,11.244140625,11.244140625,366.447,366.447,366.447,68.0,0.0,11.244140625,366.447,5
11776610.846347764,4.163291931152344,127508273.45808055,209686.90416022058,2140421.471289158,14205375.31140734,18.9375,18.9375,18.9375,18.9375,18.9375,18.9375,18.9375,18.9375,18.9375,18.9375,18.9375,91.0,91.0,91.0,0.0,0.0,0.0,11.244140625,11.244140625,11.244140625,361.626,361.626,361.626,91.0,0.0,11.244140625,361.626,5
11776611.866697429,4.163291931152344,122473874.7254093,201364.30394947622,2055326.789169053,13640625.839055551,18.012500000000003,18.012500000000003,18.012500000000003,18.012500000000003,18.012500000000003,18.012500000000003,18.012500000000003,18.012500000000003,18.012500000000003,18.012500000000003,18.012500000000003,74.0,74.0,74.0,0.0,0.0,0.0,11.244140625,11.244140625,11.244140625,327.18,327.18,327.18,74.0,0.0,11.244140625,327.18,5
11776612.870709963,4.163311004638672,124502110.99739026,204642.86347165727,2088770.7355805056,13862583.905278433,19.4375,19.4375,19.4375,19.4375,19.4375,19.4375,19.4375,19.4375,19.4375,19.4375,19.4375,69.0,69.0,69.0,0.0,0.0,0.0,11.244140625,11.244140625,11.244140625,364.669,364.669,364.669,69.0,0.0,11.244140625,364.669,5
11776613.869211996,4.163311004638672,125222031.49197148,205779.25056133827,2100298.1777146733,13939088.296629805,18.725,18.725,18.725,18.725,18.725,18.725,18.725,18.725,18.725,18.725,18.725,65.0,65.0,65.0,0.0,0.0,0.0,11.244140625,11.244140625,11.244140625,365.967,365.967,365.967,65.0,0.0,11.244140625,365.967,5
11776614.853905322,4.1633148193359375,127011337.1245566,208673.09096427608,2129751.410421082,14134561.118380541,19.8125,19.8125,19.8125,19.8125,19.8125,19.8125,19.8125,19.8125,19.8125,19.8125,19.8125,95.0,95.0,95.0,0.0,0.0,0.0,11.244140625,11.244140625,11.244140625,359.633,359.633,359.633,95.0,0.0,11.244140625,359.633,5
11776615.87889154,4.1633148193359375,122050394.16375466,200470.01243432847,2046029.4605126404,13578922.083636625,18.5875,18.5875,18.5875,18.5875,18.5875,18.5875,18.5875,18.5875,18.5875,18.5875,18.5875,59.0,59.0,59.0,0.0,0.0,0.0,11.244140625,11.244140625,11.244140625,307.17,307.17,307.17,59.0,0.0,11.244140625,307.17,5
11776616.878997782,4.1633148193359375,125122189.82411048,205467.17084846858,2096929.2189811016,13916729.465034733,20.712500000000002,20.712500000000002,20.712500000000002,20.712500000000002,20.712500000000002,20.712500000000002,20.712500000000002,20.712500000000002,20.712500000000002,20.712500000000002,20.712500000000002,58.0,58.0,58.0,0.0,0.0,0.0,11.244140625,11.244140625,11.244140625,337.572,337.572,337.572,58.0,0.0,11.244140625,337.572,5
11776617.881407848,4.1633148193359375,124867310.61724815,205004.92472762702,2092109.878405211,13884744.857072085,20.5125,20.5125,20.5125,20.5125,20.5125,20.5125,20.5125,20.5125,20.5125,20.5125,20.5125,59.0,59.0,59.0,0.0,0.0,0.0,11.244140625,11.244140625,11.244140625,308.862,308.862,308.862,59.0,0.0,11.244140625,308.862,5
11776618.879617278,4.1633148193359375,125428340.23511323,205868.62219844473,2100913.8334827875,13943174.230809592,19.9875,19.9875,19.9875,19.9875,19.9875,19.9875,19.9875,19.9875,19.9875,19.9875,19.9875,60.0,60.0,60.0,0.0,0.0,0.0,11.244140625,11.244140625,11.244140625,306.333,306.333,306.333,60.0,0.0,11.244140625,306.333,5
11776619.87913777,4.1633148193359375,125296595.74400716,205605.58956438288,2098158.083988013,13924885.096467324,19.349999999999998,19.349999999999998,19.349999999999998,19.349999999999998,19.349999999999998,19.349999999999998,19.349999999999998,19.349999999999998,19.349999999999998,19.349999999999998,19.349999999999998,59.0,59.0,59.0,0.0,0.0,0.0,11.244140625,11.244140625,11.244140625,349.142,349.142,349.142,59.0,0.0,11.244140625,349.142,5
11776620.879827272,4.1633148193359375,125182967.99237202,205376.39240126172,2095707.0041411985,13908617.96889022,20.2625,20.2625,20.2625,20.2625,20.2625,20.2625,20.2625,20.2625,20.2625,20.2625,20.2625,58.0,58.0,58.0,0.0,0.0,0.0,11.244140625,11.244140625,11.244140625,300.478,300.478,300.478,58.0,0.0,11.244140625,300.478,5
11776621.879427204,4.163318634033203,125354935.52822872,205601.25453170872,2097991.339699405,13923778.46152066,19.4875,19.4875,19.4875,19.4875,19.4875,19.4875,19.4875,19.4875,19.4875,19.4875,19.4875,60.0,60.0,60.0,0.0,0.0,0.0,11.244140625,11.244140625,11.244140625,313.157,313.157,313.157,60.0,0.0,11.244140625,313.157,5
11776622.88166227,4.163330078125,125058064.95278248,205072.64906467503,2092475.1795655224,13887169.258132119,19.325,19.325,19.325,19.325,19.325,19.325,19.325,19.325,19.325,19.325,19.325,59.0,59.0,59.0,0.0,0.0,0.0,11.244140625,11.244140625,11.244140625,349.681,349.681,349.681,59.0,0.0,11.244140625,349.681,5
11776623.88011526,4.163330078125,125564640.83229499,205856.4621321812,2100401.3431746345,13939772.97677228,20.05,20.05,20.05,20.05,20.05,20.05,20.05,20.05,20.05,20.05,20.05,64.0,64.0,64.0,0.0,0.0,0.0,11.244140625,11.244140625,11.244140625,323.976,323.976,323.976,64.0,0.0,11.244140625,323.976,5
11776624.868452173,4.163330078125,126885826.395824,207966.5316923973,2121899.902558489,14082452.868933095,19.212500000000002,19.212500000000002,19.212500000000002,19.212500000000002,19.212500000000002,19.212500000000002,19.212500000000002,19.212500000000002,19.212500000000002,19.212500000000002,19.212500000000002,68.0,68.0,68.0,0.0,0.0,0.0,11.244140625,11.244140625,11.244140625,330.42,330.42,330.42,68.0,0.0,11.244140625,330.42,5
11776625.992241347,4.163330078125,111621254.10025822,182906.19332109514,1866143.6216150061,12385070.363765217,20.2625,20.2625,20.2625,20.2625,20.2625,20.2625,20.2625,20.2625,20.2625,20.2625,20.2625,55.0,55.0,55.0,0.0,0.0,0.0,11.244140625,11.244140625,11.244140625,304.466,304.466,304.466,55.0,0.0,11.244140625,304.466,5
11776626.989026798,4.163341522216797,125878951.09074655,206217.8975928387,2103915.138880674,13963093.050618222,19.9625,19.9625,19.9625,19.9625,19.9625,19.9625,19.9625,19.9625,19.9625,19.9625,19.9625,62.0,62.0,62.0,0.0,0.0,0.0,11.244140625,11.244140625,11.244140625,296.711,296.711,296.711,62.0,0.0,11.244140625,296.711,5
11776627.991611931,4.163341522216797,125183445.07777087,205025.98046181854,2091744.5609832052,13882320.348087756,19.175,19.175,19.175,19.175,19.175,19.175,19.175,19.175,19.175,19.175,19.175,56.0,56.0,56.0,0.0,0.0,0.0,11.244140625,11.244140625,11.244140625,335.237,335.237,335.237,56.0,0.0,11.244140625,335.237,5
11776628.958513502,4.163341522216797,129837189.04032776,212605.92211185404,2168940.5249270024,14394648.249417879,20.2,20.2,20.2,20.2,20.2,20.2,20.2,20.2,20.2,20.2,20.2,95.0,95.0,95.0,0.0,0.0,0.0,11.244140625,11.244140625,11.244140625,333.751,333.751,333.751,95.0,0.0,11.244140625,333.751,5
11776629.99282854,4.163341522216797,121409081.6908771,198749.8898823008,2027575.6631144958,13460409.529152678,19.787499999999998,19.787499999999998,19.787499999999998,19.787499999999998,19.787499999999998,19.787499999999998,19.787499999999998,19.787499999999998,19.787499999999998,19.787499999999998,19.787499999999998,60.0,60.0,60.0,0.0,0.0,0.0,11.244140625,11.244140625,11.244140625,297.719,297.719,297.719,60.0,0.0,11.244140625,297.719,5
11776630.9898677,4.163341522216797,125980987.57750966,206187.48821210786,2103379.7714676177,13963648.131286,20.162499999999998,20.162499999999998,20.162499999999998,20.162499999999998,20.162499999999998,20.162499999999998,20.162499999999998,20.162499999999998,20.162499999999998,20.162499999999998,20.162499999999998,57.0,57.0,57.0,0.0,0.0,0.0,11.244140625,11.244140625,11.244140625,323.442,323.442,323.442,57.0,0.0,11.244140625,323.442,5
11776631.98775324,4.163341522216797,125906948.18958381,206025.6329334919,2101595.739859616,13951804.530825848,20.5,20.5,20.5,20.5,20.5,20.5,20.5,20.5,20.5,20.5,20.5,85.0,85.0,85.0,0.0,0.0,0.0,11.244140625,11.244140625,11.244140625,323.605,323.605,323.605,85.0,0.0,11.244140625,323.605,5
11776632.989735514,4.163341522216797,125427568.25102949,205185.26667631307,2093003.0953576174,13894760.783438558,19.7375,19.7375,19.7375,19.7375,19.7375,19.7375,19.7375,19.7375,19.7375,19.7375,19.7375,63.0,63.0,63.0,0.0,0.0,0.0,11.244140625,11.244140625,11.244140625,307.192,307.192,307.192,63.0,0.0,11.244140625,307.192,5
11776633.990385028,4.163341522216797,125627346.32038952,205470.54407145374,2095790.7552408385,13913267.142702363,19.212500000000002,19.212500000000002,19.212500000000002,19.212500000000002,19.212500000000002,19.212500000000002,19.212500000000002,19.212500000000002,19.212500000000002,19.212500000000002,19.212500000000002,61.0,61.0,61.0,0.0,0.0,0.0,11.244140625,11.244140625,11.244140625,349.275,349.275,349.275,61.0,0.0,11.244140625,349.275,5
11776634.98949324,4.163360595703125,125856664.45443705,205796.52685896104,2099023.8841674593,13938830.480799535,21.925,21.925,21.925,21.925,21.925,21.925,21.925,21.925,21.925,21.925,21.925,84.0,84.0,84.0,0.0,0.0,0.0,11.244140625,11.244140625,11.244140625,327.825,327.825,327.825,84.0,0.0,11.244140625,327.825,5
11776635.990684383,4.163360595703125,125627518.6672555,205368.3769064175,2094656.9641318754,13909831.402438236,18.7625,18.7625,18.7625,18.7625,18.7625,18.7625,18.7625,18.7625,18.7625,18.7625,18.7625,60.0,60.0,60.0,0.0,0.0,0.0,11.244140625,11.244140625,11.244140625,307.219,307.219,307.219,60.0,0.0,11.244140625,307.219,5
11776636.993053429,4.163360595703125,125512557.95012487,205139.01619091487,2092195.492196034,13893485.690364288,19.4125,19.4125,19.4125,19.4125,19.4125,19.4125,19.4125,19.4125,19.4125,19.4125,19.4125,60.0,60.0,60.0,0.0,0.0,0.0,11.244140625,11.244140625,11.244140625,344.686,344.686,344.686,60.0,0.0,11.244140625,344.686,5
11776637.990821356,4.163360595703125,126126911.45786047,206093.0146276575,2101843.4677917515,13957554.2783046,21.375,21.375,21.375,21.375,21.375,21.375,21.375,21.375,21.375,21.375,21.375,85.0,85.0,85.0,0.0,0.0,0.0,11.244140625,11.244140625,11.244140625,316.286,316.286,316.286,85.0,0.0,11.244140625,316.286,5
11776638.99068766,4.163360595703125,125894950.53559378,205660.4957966186,2097432.416396543,13928262.140133291,18.8,18.8,18.8,18.8,18.8,18.8,18.8,18.8,18.8,18.8,18.8,58.0,58.0,58.0,0.0,0.0,0.0,11.244140625,11.244140625,11.244140625,303.618,303.618,303.618,58.0,0.0,11.244140625,303.618,5
11776639.990943972,4.163360595703125,125881339.20938447,205590.30491284683,2096614.614300446,13922831.423088897,19.6625,19.6625,19.6625,19.6625,19.6625,19.6625,19.6625,19.6625,19.6625,19.6625,19.6625,59.0,59.0,59.0,0.0,0.0,0.0,11.244140625,11.244140625,11.244140625,346.226,346.226,346.226,59.0,0.0,11.244140625,346.226,5
11776640.991290055,4.163360595703125,125902770.1671649,205578.85261406488,2096426.4620339966,13921581.974444509,19.849999999999998,19.849999999999998,19.849999999999998,19.849999999999998,19.849999999999998,19.849999999999998,19.849999999999998,19.849999999999998,19.849999999999998,19.849999999999998,19.849999999999998,85.0,85.0,85.0,0.0,0.0,0.0,11.244140625,11.244140625,11.244140625,305.571,305.571,305.571,85.0,0.0,11.244140625,305.571,5
11776641.990657607,4.163360595703125,126058800.65172182,205780.14526639914,2098479.1792157525,13935213.299479606,18.6625,18.6625,18.6625,18.6625,18.6625,18.6625,18.6625,18.6625,18.6625,18.6625,18.6625,84.0,84.0,84.0,0.0,0.0,0.0,11.244140625,11.244140625,11.244140625,315.717,315.717,315.717,84.0,0.0,11.244140625,315.717,5
11776642.99117414,4.163360595703125,125949500.05422616,205551.82590652636,2096069.3131486427,13919210.282627705,20.162499999999998,20.162499999999998,20.162499999999998,20.162499999999998,20.162499999999998,20.162499999999998,20.162499999999998,20.162499999999998,20.162499999999998,20.162499999999998,20.162499999999998,60.0,60.0,60.0,0.0,0.0,0.0,11.244140625,11.244140625,11.244140625,345.844,345.844,345.844,60.0,0.0,11.244140625,345.844,5
11776643.995206775,4.163360595703125,125541036.68827651,204839.95501062687,2088728.9164492243,13870465.46079563,20.1875,20.1875,20.1875,20.1875,20.1875,20.1875,20.1875,20.1875,20.1875,20.1875,20.1875,84.0,84.0,84.0,0.0,0.0,0.0,11.244140625,11.244140625,11.244140625,299.121,299.121,299.121,84.0,0.0,11.244140625,299.121,5
11776644.992026046,4.163360595703125,126482336.06279635,206324.26160878295,2103843.75732434,13970837.450981945,19.175,19.175,19.175,19.175,19.175,19.175,19.175,19.175,19.175,19.175,19.175,62.0,62.0,62.0,0.0,0.0,0.0,11.244140625,11.244140625,11.244140625,327.012,327.012,327.012,62.0,0.0,11.244140625,327.012,5
11776645.9923489,4.163360595703125,126072069.10974756,205611.61743677047,2096475.144306917,13921905.25516312,19.9625,19.9625,19.9625,19.9625,19.9625,19.9625,19.9625,19.9625,19.9625,19.9625,19.9625,60.0,60.0,60.0,0.0,0.0,0.0,11.244140625,11.244140625,11.244140625,346.839,346.839,346.839,60.0,0.0,11.244140625,346.839,5
11776646.99072774,4.163364410400391,126350347.21179871,206020.99312841386,2100557.340917216,13949013.592028387,20.15,20.15,20.15,20.15,20.15,20.15,20.15,20.15,20.15,20.15,20.15,85.0,85.0,85.0,0.0,0.0,0.0,11.244140625,11.244140625,11.244140625,300.329,300.329,300.329,85.0,0.0,11.244140625,300.329,5
11776647.994102264,4.163364410400391,125753913.34917933,204996.23519943087,2090098.9101987323,13879563.075538456,18.737499999999997,18.737499999999997,18.737499999999997,18.737499999999997,18.737499999999997,18.737499999999997,18.737499999999997,18.737499999999997,18.737499999999997,18.737499999999997,18.737499999999997,61.0,61.0,61.0,0.0,0.0,0.0,11.244140625,11.244140625,11.244140625,338.185,338.185,338.185,61.0,0.0,11.244140625,338.185,5
11776648.990179144,4.163364410400391,126710826.77584127,206506.1483961704,2105411.783026046,13981250.121657338,20.3625,20.3625,20.3625,20.3625,20.3625,20.3625,20.3625,20.3625,20.3625,20.3625,20.3625,83.0,83.0,83.0,0.0,0.0,0.0,11.244140625,11.244140625,11.244140625,342.584,342.584,342.584,83.0,0.0,11.244140625,342.584,5
11776649.992281267,4.163364410400391,125981589.1316691,205273.48975818063,2092752.775058205,13897186.396870892,20.0875,20.0875,20.0875,20.0875,20.0875,20.0875,20.0875,20.0875,20.0875,20.0875,20.0875,62.0,62.0,62.0,0.0,0.0,0.0,11.244140625,11.244140625,11.244140625,301.247,301.247,301.247,62.0,0.0,11.244140625,301.247,5
11776650.99086595,4.163364410400391,126460841.28956011,205998.55343554565,2100124.3435296877,13946138.218751831,19.4,19.4,19.4,19.4,19.4,19.4,19.4,19.4,19.4,19.4,19.4,59.0,59.0,59.0,0.0,0.0,0.0,11.244140625,11.244140625,11.244140625,335.522,335.522,335.522,59.0,0.0,11.244140625,335.522,5
11776651.9603818,4.163364410400391,130286239.15741676,212182.1936558867,2163092.0199394794,14364282.944910606,20.424999999999997,20.424999999999997,20.424999999999997,20.424999999999997,20.424999999999997,20.424999999999997,20.424999999999997,20.424999999999997,20.424999999999997,20.424999999999997,20.424999999999997,96.0,96.0,96.0,0.0,0.0,0.0,11.244140625,11.244140625,11.244140625,333.004,333.004,333.004,96.0,0.0,11.244140625,333.004,5
11776652.991783205,4.163364410400391,122500616.51448682,199450.95961728875,2033303.4157291984,13502405.495076708,18.725,18.725,18.725,18.725,18.725,18.725,18.725,18.725,18.725,18.725,18.725,85.0,85.0,85.0,0.0,0.0,0.0,11.244140625,11.244140625,11.244140625,303.08,303.08,303.08,85.0,0.0,11.244140625,303.08,5
11776653.991231175,4.163364410400391,126452597.66292398,205836.62805146535,2098310.3308399483,13934092.04073403,21.0,21.0,21.0,21.0,21.0,21.0,21.0,21.0,21.0,21.0,21.0,83.0,83.0,83.0,0.0,0.0,0.0,11.244140625,11.244140625,11.244140625,337.36,337.36,337.36,83.0,0.0,11.244140625,337.36,5
11776654.959819568,4.163383483886719,130515223.8968688,212403.9493434601,2165163.2569242315,14378037.253012476,19.212500000000002,19.212500000000002,19.212500000000002,19.212500000000002,19.212500000000002,19.212500000000002,19.212500000000002,19.212500000000002,19.212500000000002,19.212500000000002,19.212500000000002,96.0,96.0,96.0,0.0,0.0,0.0,11.244140625,11.244140625,11.244140625,358.74,358.74,358.74,96.0,0.0,11.244140625,358.74,5
11776655.980863452,4.163383483886719,123842153.14001627,201501.62328696437,2053929.3497657448,13639374.588288149,18.3875,18.3875,18.3875,18.3875,18.3875,18.3875,18.3875,18.3875,18.3875,18.3875,18.3875,91.0,91.0,91.0,0.0,0.0,0.0,11.244140625,11.244140625,11.244140625,322.025,322.025,322.025,91.0,0.0,11.244140625,322.025,5
11776656.992814146,4.163398742675781,124987319.78430755,203312.27718393767,2072385.5543391686,13761935.32178354,19.1,19.1,19.1,19.1,19.1,19.1,19.1,19.1,19.1,19.1,19.1,84.0,84.0,84.0,0.0,0.0,0.0,11.244140625,11.244140625,11.244140625,341.969,341.969,341.969,84.0,0.0,11.244140625,341.969,5
11776657.962316789,4.163398742675781,130493449.34331116,212221.18530407993,2163121.4888180345,14364478.63668226,20.625,20.625,20.625,20.625,20.625,20.625,20.625,20.625,20.625,20.625,20.625,95.0,95.0,95.0,0.0,0.0,0.0,11.244140625,11.244140625,11.244140625,335.902,335.902,335.902,95.0,0.0,11.244140625,335.902,5
11776658.992973112,4.163429260253906,122785079.94951601,199629.1056883802,2034773.3318392697,13512166.65674515,20.175,20.175,20.175,20.175,20.175,20.175,20.175,20.175,20.175,20.175,20.175,85.0,85.0,85.0,0.0,0.0,0.0,11.244140625,11.244140625,11.244140625,300.004,300.004,300.004,85.0,0.0,11.244140625,300.004,5
11776659.994705996,4.163429260253906,126362991.59684017,205401.06378813213,2093524.1655224797,13902308.911672717,19.9625,19.9625,19.9625,19.9625,19.9625,19.9625,19.9625,19.9625,19.9625,19.9625,19.9625,84.0,84.0,84.0,0.0,0.0,0.0,11.244140625,11.244140625,11.244140625,329.474,329.474,329.474,84.0,0.0,11.244140625,329.474,5
11776660.991995726,4.163429260253906,126961499.91441849,206329.20781338023,2102851.294281217,13968354.00752035,21.5625,21.5625,21.5625,21.5625,21.5625,21.5625,21.5625,21.5625,21.5625,21.5625,21.5625,85.0,85.0,85.0,0.0,0.0,0.0,11.244140625,11.244140625,11.244140625,314.983,314.983,314.983,85.0,0.0,11.244140625,314.983,5
11776661.991447557,4.163429260253906,126719547.72989327,205882.85860418488,2098302.224267306,13938136.454556849,18.650000000000002,18.650000000000002,18.650000000000002,18.650000000000002,18.650000000000002,18.650000000000002,18.650000000000002,18.650000000000002,18.650000000000002,18.650000000000002,18.650000000000002,83.0,83.0,83.0,0.0,0.0,0.0,11.244140625,11.244140625,11.244140625,304.772,304.772,304.772,83.0,0.0,11.244140625,304.772,5
11776662.993617833,4.163433074951172,126408433.82292344,205331.3742675728,2092610.45796172,13900328.452202752,18.975,18.975,18.975,18.975,18.975,18.975,18.975,18.975,18.975,18.975,18.975,83.0,83.0,83.0,0.0,0.0,0.0,11.244140625,11.244140625,11.244140625,345.278,345.278,345.278,83.0,0.0,11.244140625,345.278,5
11776663.992967164,4.163433074951172,126797971.44800963,205920.98630272635,2098517.439229568,13939566.036757346,20.2625,20.2625,20.2625,20.2625,20.2625,20.2625,20.2625,20.2625,20.2625,20.2625,20.2625,85.0,85.0,85.0,0.0,0.0,0.0,11.244140625,11.244140625,11.244140625,313.476,313.476,313.476,85.0,0.0,11.244140625,313.476,5
11776664.992075186,4.163433074951172,126864052.93420215,205973.72401415318,2099024.2833166304,13942932.788202852,19.4125,19.4125,19.4125,19.4125,19.4125,19.4125,19.4125,19.4125,19.4125,19.4125,19.4125,85.0,85.0,85.0,0.0,0.0,0.0,11.244140625,11.244140625,11.244140625,304.157,304.157,304.157,85.0,0.0,11.244140625,304.157,5
11776665.981601948,4.163433074951172,128128240.59728055,207975.17355400033,2119348.441275232,14077937.595267704,19.162499999999998,19.162499999999998,19.162499999999998,19.162499999999998,19.162499999999998,19.162499999999998,19.162499999999998,19.162499999999998,19.162499999999998,19.162499999999998,19.162499999999998,90.0,90.0,90.0,0.0,0.0,0.0,11.244140625,11.244140625,11.244140625,362.095,362.095,362.095,90.0,0.0,11.244140625,362.095,5
11776666.96165953,4.163433074951172,129399561.10299492,209997.86515153263,2139825.2898220057,14213956.66149344,19.1125,19.1125,19.1125,19.1125,19.1125,19.1125,19.1125,19.1125,19.1125,19.1125,19.1125,100.0,100.0,100.0,0.0,0.0,0.0,11.244140625,11.244140625,11.244140625,357.848,357.848,357.848,100.0,0.0,11.244140625,357.848,5
11776667.994726505,4.163433074951172,122791364.04083933,199222.32051740878,2030025.2073160917,13484601.035316462,19.025,19.025,19.025,19.025,19.025,19.025,19.025,19.025,19.025,19.025,19.025,86.0,86.0,86.0,0.0,0.0,0.0,11.244140625,11.244140625,11.244140625,303.155,303.155,303.155,86.0,0.0,11.244140625,303.155,5
11776668.993791267,4.163433074951172,127003175.17709514,206010.66897610246,2099115.1719702417,13943536.523185141,19.5625,19.5625,19.5625,19.5625,19.5625,19.5625,19.5625,19.5625,19.5625,19.5625,19.5625,84.0,84.0,84.0,0.0,0.0,0.0,11.244140625,11.244140625,11.244140625,329.941,329.941,329.941,84.0,0.0,11.244140625,329.941,5
11776669.99339132,4.163433074951172,126967886.44641349,205907.35206200695,2097991.085589904,13936069.6915845,20.5625,20.5625,20.5625,20.5625,20.5625,20.5625,20.5625,20.5625,20.5625,20.5625,20.5625,81.0,81.0,81.0,0.0,0.0,0.0,11.244140625,11.244140625,11.244140625,312.484,312.484,312.484,81.0,0.0,11.244140625,312.484,5
11776670.995151673,4.163433074951172,126726730.29580888,205464.3104074588,2093466.7607572563,13906016.51042076,18.7625,18.7625,18.7625,18.7625,18.7625,18.7625,18.7625,18.7625,18.7625,18.7625,18.7625,86.0,86.0,86.0,0.0,0.0,0.0,11.244140625,11.244140625,11.244140625,305.614,305.614,305.614,86.0,0.0,11.244140625,305.614,5
11776671.992617084,4.163433074951172,127305195.32210271,206356.02767632992,2102480.9246013546,13965893.797986733,19.0125,19.0125,19.0125,19.0125,19.0125,19.0125,19.0125,19.0125,19.0125,19.0125,19.0125,58.0,58.0,58.0,0.0,0.0,0.0,11.244140625,11.244140625,11.244140625,344.875,344.875,344.875,58.0,0.0,11.244140625,344.875,5
11776672.992762666,4.163433074951172,126996755.49710101,205810.03766385137,2096846.735847363,13928468.259017346,20.175,20.175,20.175,20.175,20.175,20.175,20.175,20.175,20.175,20.175,20.175,72.0,72.0,72.0,0.0,0.0,0.0,11.244140625,11.244140625,11.244140625,304.959,304.959,304.959,72.0,0.0,11.244140625,304.959,5
11776673.996366022,4.163433074951172,126591810.64474533,205100.94827582192,2089622.3468642463,13880479.690791605,19.15,19.15,19.15,19.15,19.15,19.15,19.15,19.15,19.15,19.15,19.15,62.0,62.0,62.0,0.0,0.0,0.0,11.244140625,11.244140625,11.244140625,313.846,313.846,313.846,62.0,0.0,11.244140625,313.846,5
11776674.996456036,4.163433074951172,127071985.71819974,205831.47224685588,2096963.2435532585,13929242.170555923,20.425,20.425,20.425,20.425,20.425,20.425,20.425,20.425,20.425,20.425,20.425,61.0,61.0,61.0,0.0,0.0,0.0,11.244140625,11.244140625,11.244140625,349.976,349.976,349.976,61.0,0.0,11.244140625,349.976,5
11776675.995423775,4.163444519042969,127247493.64767724,206079.72810287226,2099319.0455507427,14076098.209718164,20.337500000000002,20.337500000000002,20.337500000000002,20.337500000000002,20.337500000000002,20.337500000000002,20.337500000000002,20.337500000000002,20.337500000000002,20.337500000000002,20.337500000000002,71.0,71.0,71.0,0.0,0.0,0.0,11.244140625,11.244140625,11.244140625,305.819,305.819,305.819,71.0,0.0,11.244140625,305.819,5
11776676.995744849,4.163482666015625,127110780.10233448,205802.92214420324,2096478.8762784107,14057054.652858952,18.8375,18.8375,18.8375,18.8375,18.8375,18.8375,18.8375,18.8375,18.8375,18.8375,18.8375,62.0,62.0,62.0,0.0,0.0,0.0,11.244140625,11.244140625,11.244140625,306.751,306.751,306.751,62.0,0.0,11.244140625,306.751,5
11776677.99443334,4.163482666015625,127351329.40686864,206147.3641107145,2099906.0455491054,14080034.090566559,19.162499999999998,19.162499999999998,19.162499999999998,19.162499999999998,19.162499999999998,19.162499999999998,19.162499999999998,19.162499999999998,19.162499999999998,19.162499999999998,19.162499999999998,58.0,58.0,58.0,0.0,0.0,0.0,11.244140625,11.244140625,11.244140625,349.6,349.6,349.6,58.0,0.0,11.244140625,349.6,5
11776678.994680991,4.163482666015625,127185524.2872823,205833.025099132,2096632.7653081098,14058086.490825666,20.424999999999997,20.424999999999997,20.424999999999997,20.424999999999997,20.424999999999997,20.424999999999997,20.424999999999997,20.424999999999997,20.424999999999997,20.424999999999997,20.424999999999997,65.0,65.0,65.0,0.0,0.0,0.0,11.244140625,11.244140625,11.244140625,299.476,299.476,299.476,65.0,0.0,11.244140625,299.476,5
11776679.993110294,4.163482666015625,127452662.62620105,206208.8918680221,2100451.174193391,14083689.22071467,18.6625,18.6625,18.6625,18.6625,18.6625,18.6625,18.6625,18.6625,18.6625,18.6625,18.6625,60.0,60.0,60.0,0.0,0.0,0.0,11.244140625,11.244140625,11.244140625,316.03,316.03,316.03,60.0,0.0,11.244140625,316.03,5
11776680.994845368,4.163482666015625,127064722.24749045,205537.37734894513,2093519.5876620736,14037212.391491989,19.2625,19.2625,19.2625,19.2625,19.2625,19.2625,19.2625,19.2625,19.2625,19.2625,19.2625,60.0,60.0,60.0,0.0,0.0,0.0,11.244140625,11.244140625,11.244140625,346.084,346.084,346.084,60.0,0.0,11.244140625,346.084,5
11776681.99302322,4.163482666015625,127553070.51089527,206280.87418298516,2100980.2960326155,14087237.023984315,21.2,21.2,21.2,21.2,21.2,21.2,21.2,21.2,21.2,21.2,21.2,61.0,61.0,61.0,0.0,0.0,0.0,11.244140625,11.244140625,11.244140625,315.425,315.425,315.425,61.0,0.0,11.244140625,315.425,5
11776682.995580833,4.163486480712891,127028468.34363806,205379.71817199196,2091801.980155068,14025695.69896943,18.875,18.875,18.875,18.875,18.875,18.875,18.875,18.875,18.875,18.875,18.875,62.0,62.0,62.0,0.0,0.0,0.0,11.244140625,11.244140625,11.244140625,324.319,324.319,324.319,62.0,0.0,11.244140625,324.319,5
11776683.995535726,4.163494110107422,127391848.35042158,205924.28876642336,2097246.601923523,14062202.313287998,19.450000000000003,19.450000000000003,19.450000000000003,19.450000000000003,19.450000000000003,19.450000000000003,19.450000000000003,19.450000000000003,19.450000000000003,19.450000000000003,19.450000000000003,58.0,58.0,58.0,0.0,0.0,0.0,11.244140625,11.244140625,11.244140625,344.471,344.471,344.471,58.0,0.0,11.244140625,344.471,5
11776684.995238038,4.16351318359375,127456786.3491551,205988.32024031284,2097776.482775996,14065755.20580077,19.9875,19.9875,19.9875,19.9875,19.9875,19.9875,19.9875,19.9875,19.9875,19.9875,19.9875,63.0,63.0,63.0,0.0,0.0,0.0,11.244140625,11.244140625,11.244140625,297.787,297.787,297.787,63.0,0.0,11.244140625,297.787,5
11776685.99485982,4.16351318359375,127502544.69983695,206005.91505209167,2097945.479795483,14066888.34401932,18.8,18.8,18.8,18.8,18.8,18.8,18.8,18.8,18.8,18.8,18.8,63.0,63.0,63.0,0.0,0.0,0.0,11.244140625,11.244140625,11.244140625,345.639,345.639,345.639,63.0,0.0,11.244140625,345.639,5
11776686.995648105,4.16351318359375,127389385.92598324,205774.79092888415,2095500.149784115,14050492.215251692,19.6125,19.6125,19.6125,19.6125,19.6125,19.6125,19.6125,19.6125,19.6125,19.6125,19.6125,60.0,60.0,60.0,0.0,0.0,0.0,11.244140625,11.244140625,11.244140625,344.485,344.485,344.485,60.0,0.0,11.244140625,344.485,5
11776687.996121127,4.163516998291016,127462251.49212256,205846.6299205393,2096160.469016426,14054919.707291778,20.2125,20.2125,20.2125,20.2125,20.2125,20.2125,20.2125,20.2125,20.2125,20.2125,20.2125,63.0,63.0,63.0,0.0,0.0,0.0,11.244140625,11.244140625,11.244140625,297.788,297.788,297.788,63.0,0.0,11.244140625,297.788,5
11776688.99640062,4.163536071777344,127519635.07430543,205886.4560470455,2096566.0231517963,14057638.979453353,19.05,19.05,19.05,19.05,19.05,19.05,19.05,19.05,19.05,19.05,19.05,60.0,60.0,60.0,0.0,0.0,0.0,11.244140625,11.244140625,11.244140625,344.632,344.632,344.632,60.0,0.0,11.244140625,344.632,5
11776689.996963922,4.163536071777344,127516184.98685947,205835.05287882013,2095971.3369438527,14053651.56196923,19.525000000000002,19.525000000000002,19.525000000000002,19.525000000000002,19.525000000000002,19.525000000000002,19.525000000000002,19.525000000000002,19.525000000000002,19.525000000000002,19.525000000000002,61.0,61.0,61.0,0.0,0.0,0.0,11.244140625,11.244140625,11.244140625,345.236,345.236,345.236,61.0,0.0,11.244140625,345.236,5
11776690.981816648,4.163536071777344,129586379.4427462,209127.71487348116,2129406.7076245425,14277838.33452159,20.9375,20.9375,20.9375,20.9375,20.9375,20.9375,20.9375,20.9375,20.9375,20.9375,20.9375,71.0,71.0,71.0,0.0,0.0,0.0,11.244140625,11.244140625,11.244140625,324.864,324.864,324.864,71.0,0.0,11.244140625,324.864,5
11776691.984107284,4.163536071777344,127364485.2865393,205489.29875280143,2092359.1661392264,14029431.674523367,18.037499999999998,18.037499999999998,18.037499999999998,18.037499999999998,18.037499999999998,18.037499999999998,18.037499999999998,18.037499999999998,18.037499999999998,18.037499999999998,18.037499999999998,63.0,63.0,63.0,0.0,0.0,0.0,11.244140625,11.244140625,11.244140625,352.863,352.863,352.863,63.0,0.0,11.244140625,352.863,5
11776692.995420327,4.163536071777344,126263295.83735032,203666.90740988293,2073692.2295296465,13908318.586337512,18.925,18.925,18.925,18.925,18.925,18.925,18.925,18.925,18.925,18.925,18.925,60.0,60.0,60.0,0.0,0.0,0.0,11.244140625,11.244140625,11.244140625,351.744,351.744,351.744,60.0,0.0,11.244140625,351.744,5
11776693.994101848,4.163536071777344,127893061.31006043,206253.9414816044,2099920.7012555934,14084233.765843177,20.400000000000002,20.400000000000002,20.400000000000002,20.400000000000002,20.400000000000002,20.400000000000002,20.400000000000002,20.400000000000002,20.400000000000002,20.400000000000002,20.400000000000002,79.0,79.0,79.0,0.0,0.0,0.0,11.244140625,11.244140625,11.244140625,321.018,321.018,321.018,79.0,0.0,11.244140625,321.018,5
11776694.996546503,4.163536071777344,127445584.55232969,205480.67071193963,2092037.6902214536,14031362.164493108,18.450000000000003,18.450000000000003,18.450000000000003,18.450000000000003,18.450000000000003,18.450000000000003,18.450000000000003,18.450000000000003,18.450000000000003,18.450000000000003,18.450000000000003,63.0,63.0,63.0,0.0,0.0,0.0,11.244140625,11.244140625,11.244140625,303.678,303.678,303.678,63.0,0.0,11.244140625,303.678,5
11776695.996662997,4.163536071777344,127777710.72049378,205966.0062881461,2096907.723769106,14064025.631685762,18.8875,18.8875,18.8875,18.8875,18.8875,18.8875,18.8875,18.8875,18.8875,18.8875,18.8875,61.0,61.0,61.0,0.0,0.0,0.0,11.244140625,11.244140625,11.244140625,347.879,347.879,347.879,61.0,0.0,11.244140625,347.879,5
11776696.9970253,4.163536071777344,127779025.26201332,205926.3922280813,2096392.4704924012,14060569.811857238,20.275,20.275,20.275,20.275,20.275,20.275,20.275,20.275,20.275,20.275,20.275,73.0,73.0,73.0,0.0,0.0,0.0,11.244140625,11.244140625,11.244140625,310.035,310.035,310.035,73.0,0.0,11.244140625,310.035,5
11776697.997372411,4.163536071777344,127816404.47220604,205930.519174512,2096424.3072779207,14060783.342172617,19.162499999999998,19.162499999999998,19.162499999999998,19.162499999999998,19.162499999999998,19.162499999999998,19.162499999999998,19.162499999999998,19.162499999999998,19.162499999999998,19.162499999999998,61.0,61.0,61.0,0.0,0.0,0.0,11.244140625,11.244140625,11.244140625,304.189,304.189,304.189,61.0,0.0,11.244140625,304.189,5
11776699.028206816,4.163551330566406,124068205.72777767,199889.5254661595,2034421.814341006,13660824.604891365,13.15,13.15,13.15,13.15,13.15,13.15,13.15,13.15,13.15,13.15,13.15,0.0,0.0,0.0,0.0,0.0,0.0,5.947265625,5.947265625,5.947265625,221.985,221.985,221.985,0.0,0.0,5.947265625,221.985,5
11776700.045442875,4.1664886474609375,125759759.30199496,202570.48309405212,2061617.8323109434,13843441.616181687,75.9125,75.9125,75.9125,75.9125,75.9125,75.9125,75.9125,75.9125,75.9125,75.9125,75.9125,0.0,0.0,0.0,0.0,0.0,0.0,11.236328125,11.236328125,11.236328125,140.391,140.391,140.391,0.0,0.0,11.236328125,140.391,5
11776701.060098805,4.1800689697265625,126111830.95209199,203099.3897519124,2066860.2429055425,13878643.584197763,18.05,18.05,18.05,18.05,18.05,18.05,18.05,18.05,18.05,18.05,18.05,93.0,93.0,93.0,0.0,0.0,0.0,11.2421875,11.2421875,11.2421875,333.08,333.08,333.08,93.0,0.0,11.2421875,333.08,5
11776702.067060424,4.1800689697265625,127110681.80127259,204662.21950557435,2082653.3597973392,13984691.896451665,19.825,19.825,19.825,19.825,19.825,19.825,19.825,19.825,19.825,19.825,19.825,89.0,89.0,89.0,0.0,0.0,0.0,11.2421875,11.2421875,11.2421875,380.397,380.397,380.397,89.0,0.0,11.2421875,380.397,5
11776703.064235572,4.1800689697265625,128393720.28875326,206670.814513956,2103092.9267715667,14121940.39500126,18.412499999999998,18.412499999999998,18.412499999999998,18.412499999999998,18.412499999999998,18.412499999999998,18.412499999999998,18.412499999999998,18.412499999999998,18.412499999999998,18.412499999999998,85.0,85.0,85.0,0.0,0.0,0.0,11.2421875,11.2421875,11.2421875,425.66,425.66,425.66,85.0,0.0,11.2421875,425.66,5
11776704.067871688,4.1800689697265625,127599779.37993632,205351.31875101323,2089554.1384260154,14031029.546696564,18.925,18.925,18.925,18.925,18.925,18.925,18.925,18.925,18.925,18.925,18.925,90.0,90.0,90.0,0.0,0.0,0.0,11.2421875,11.2421875,11.2421875,386.569,386.569,386.569,90.0,0.0,11.2421875,386.569,5
11776705.06613602,4.1800689697265625,128319174.56584544,206457.34153100633,2100798.2896881253,14106532.265522998,18.775000000000002,18.775000000000002,18.775000000000002,18.775000000000002,18.775000000000002,18.775000000000002,18.775000000000002,18.775000000000002,18.775000000000002,18.775000000000002,18.775000000000002,86.0,86.0,86.0,0.0,0.0,0.0,11.2421875,11.2421875,11.2421875,421.533,421.533,421.533,86.0,0.0,11.2421875,421.533,5
11776706.062865138,4.1800689697265625,128549640.60922733,206782.36054604434,2104034.0455098734,14128259.86027919,19.0625,19.0625,19.0625,19.0625,19.0625,19.0625,19.0625,19.0625,19.0625,19.0625,19.0625,95.0,95.0,95.0,0.0,0.0,0.0,11.2421875,11.2421875,11.2421875,388.313,388.313,388.313,95.0,0.0,11.2421875,388.313,5
11776707.065834604,4.1800689697265625,127785167.27134033,205497.7812945853,2090943.0154943143,14040355.63919815,19.05,19.05,19.05,19.05,19.05,19.05,19.05,19.05,19.05,19.05,19.05,91.0,91.0,91.0,0.0,0.0,0.0,11.2421875,11.2421875,11.2421875,393.036,393.036,393.036,91.0,0.0,11.2421875,393.036,5
11776708.043119704,4.1800689697265625,131177008.61365856,210905.70189698978,2145895.8083820967,14409355.057065722,19.3125,19.3125,19.3125,19.3125,19.3125,19.3125,19.3125,19.3125,19.3125,19.3125,19.3125,95.0,95.0,95.0,0.0,0.0,0.0,11.2421875,11.2421875,11.2421875,389.795,389.795,389.795,95.0,0.0,11.2421875,389.795,5
11776709.064376196,4.180088043212891,125563769.78950502,201826.86886896624,2053501.7572654865,13792954.186007828,18.0,18.0,18.0,18.0,18.0,18.0,18.0,18.0,18.0,18.0,18.0,90.0,90.0,90.0,0.0,0.0,0.0,11.2421875,11.2421875,11.2421875,372.588,372.588,372.588,90.0,0.0,11.2421875,372.588,5
11776710.04432077,4.180088043212891,130890596.71374917,210343.52914318873,2140072.057390887,14374429.30735793,19.925,19.925,19.925,19.925,19.925,19.925,19.925,19.925,19.925,19.925,19.925,100.0,100.0,100.0,0.0,0.0,0.0,11.2421875,11.2421875,11.2421875,427.536,427.536,427.536,100.0,0.0,11.2421875,427.536,5
11776711.0705994,4.180095672607422,125013081.49875751,200847.99000470334,2043452.8586124196,13725457.774937717,18.587500000000002,18.587500000000002,18.587500000000002,18.587500000000002,18.587500000000002,18.587500000000002,18.587500000000002,18.587500000000002,18.587500000000002,18.587500000000002,18.587500000000002,91.0,91.0,91.0,0.0,0.0,0.0,11.2421875,11.2421875,11.2421875,373.911,373.911,373.911,91.0,0.0,11.2421875,373.911,5
11776712.070869332,4.180095672607422,128299105.8794858,206078.37271413326,2096586.062921158,14082342.715597387,18.625,18.625,18.625,18.625,18.625,18.625,18.625,18.625,18.625,18.625,18.625,87.0,87.0,87.0,0.0,0.0,0.0,11.2421875,11.2421875,11.2421875,431.16,431.16,431.16,87.0,0.0,11.2421875,431.16,5
11776713.064995088,4.180095672607422,129124981.71315382,207352.03655954121,2109543.9770970093,14169378.393040264,19.3875,19.3875,19.3875,19.3875,19.3875,19.3875,19.3875,19.3875,19.3875,19.3875,19.3875,92.0,92.0,92.0,0.0,0.0,0.0,11.2421875,11.2421875,11.2421875,374.611,374.611,374.611,92.0,0.0,11.2421875,374.611,5
11776714.072410058,4.180095672607422,127456865.09928088,204624.71377418414,2081716.1361632165,13982464.438018167,18.675,18.675,18.675,18.675,18.675,18.675,18.675,18.675,18.675,18.675,18.675,86.0,86.0,86.0,0.0,0.0,0.0,11.2421875,11.2421875,11.2421875,441.029,441.029,441.029,86.0,0.0,11.2421875,441.029,5
11776715.073122732,4.180095672607422,128343244.09259704,206003.18686191368,2095658.4784566383,14076112.319164803,19.075,19.075,19.075,19.075,19.075,19.075,19.075,19.075,19.075,19.075,19.075,90.0,90.0,90.0,0.0,0.0,0.0,11.2421875,11.2421875,11.2421875,378.189,378.189,378.189,90.0,0.0,11.2421875,378.189,5
11776716.071575332,4.180095672607422,128666565.63186055,206469.49087124178,2100402.1621130556,14107974.678724216,18.85,18.85,18.85,18.85,18.85,18.85,18.85,18.85,18.85,18.85,18.85,85.0,85.0,85.0,0.0,0.0,0.0,11.2421875,11.2421875,11.2421875,431.748,431.748,431.748,85.0,0.0,11.2421875,431.748,5
11776717.06676125,4.1800994873046875,129121839.21969298,207161.2916017429,2107296.7007100093,14154283.894026801,19.362499999999997,19.362499999999997,19.362499999999997,19.362499999999997,19.362499999999997,19.362499999999997,19.362499999999997,19.362499999999997,19.362499999999997,19.362499999999997,19.362499999999997,88.0,88.0,88.0,0.0,0.0,0.0,11.2421875,11.2421875,11.2421875,378.391,378.391,378.391,88.0,0.0,11.2421875,378.391,5
11776718.068838814,4.180110931396484,128269251.34450631,205737.56691467843,2092804.0643671413,14056939.799528515,18.825,18.825,18.825,18.825,18.825,18.825,18.825,18.825,18.825,18.825,18.825,84.0,84.0,84.0,0.0,0.0,0.0,11.2421875,11.2421875,11.2421875,422.244,422.244,422.244,84.0,0.0,11.2421875,422.244,5
11776719.057450216,4.180118560791016,130049584.43853068,208547.0586167423,2121310.7554479674,14248413.453096798,19.1375,19.1375,19.1375,19.1375,19.1375,19.1375,19.1375,19.1375,19.1375,19.1375,19.1375,96.0,96.0,96.0,0.0,0.0,0.0,11.2421875,11.2421875,11.2421875,376.076,376.076,376.076,96.0,0.0,11.2421875,376.076,5
11776720.0584659,4.180118560791016,128473516.5515703,205964.80491803854,2095024.1182858865,14071851.450752273,17.787499999999998,17.787499999999998,17.787499999999998,17.787499999999998,17.787499999999998,17.787499999999998,17.787499999999998,17.787499999999998,17.787499999999998,17.787499999999998,17.787499999999998,95.0,95.0,95.0,0.0,0.0,0.0,11.2421875,11.2421875,11.2421875,438.61,438.61,438.61,95.0,0.0,11.2421875,438.61,5
11776721.045736628,4.180118560791016,130295333.77606599,208841.39902449364,2124191.4107710863,14267762.229769073,18.6875,18.6875,18.6875,18.6875,18.6875,18.6875,18.6875,18.6875,18.6875,18.6875,18.6875,100.0,100.0,100.0,0.0,0.0,0.0,11.2421875,11.2421875,11.2421875,420.52,420.52,420.52,100.0,0.0,11.2421875,420.52,5
11776722.053337488,4.180118560791016,127698903.42731054,204627.65371484173,2081332.0848148866,13979884.843121866,17.4,17.4,17.4,17.4,17.4,17.4,17.4,17.4,17.4,17.4,17.4,93.0,93.0,93.0,0.0,0.0,0.0,11.2421875,11.2421875,11.2421875,387.572,387.572,387.572,93.0,0.0,11.2421875,387.572,5
11776723.060300387,4.180122375488281,127815071.5509462,204765.2402888601,2082650.713184686,13988741.80203542,19.150000000000002,19.150000000000002,19.150000000000002,19.150000000000002,19.150000000000002,19.150000000000002,19.150000000000002,19.150000000000002,19.150000000000002,19.150000000000002,19.150000000000002,95.0,95.0,95.0,0.0,0.0,0.0,11.2421875,11.2421875,11.2421875,443.421,443.421,443.421,95.0,0.0,11.2421875,443.421,5
11776724.058440808,4.180122375488281,128977635.13211176,206575.14284616904,2101059.085848214,14112387.10201564,18.05,18.05,18.05,18.05,18.05,18.05,18.05,18.05,18.05,18.05,18.05,95.0,95.0,95.0,0.0,0.0,0.0,11.2421875,11.2421875,11.2421875,389.042,389.042,389.042,95.0,0.0,11.2421875,389.042,5
11776725.059985591,4.180133819580078,128574688.02161674,205888.94627816445,2093917.3522971824,14068507.210746694,19.0125,19.0125,19.0125,19.0125,19.0125,19.0125,19.0125,19.0125,19.0125,19.0125,19.0125,94.0,94.0,94.0,0.0,0.0,0.0,11.2421875,11.2421875,11.2421875,445.164,445.164,445.164,94.0,0.0,11.2421875,445.164,5
11776726.068665454,4.180133819580078,127697670.704504,204445.44156287244,2079105.6476794735,13968991.070346463,19.0125,19.0125,19.0125,19.0125,19.0125,19.0125,19.0125,19.0125,19.0125,19.0125,19.0125,85.0,85.0,85.0,0.0,0.0,0.0,11.2421875,11.2421875,11.2421875,375.492,375.492,375.492,85.0,0.0,11.2421875,375.492,5
11776727.067213736,4.180141448974609,129026086.45212671,206520.80991302815,2100200.8987965668,14110724.788789434,19.125,19.125,19.125,19.125,19.125,19.125,19.125,19.125,19.125,19.125,19.125,82.0,82.0,82.0,0.0,0.0,0.0,11.2421875,11.2421875,11.2421875,426.69,426.69,426.69,82.0,0.0,11.2421875,426.69,5
11776728.067844018,4.180141448974609,128793077.05911523,206098.1001049699,2095831.0357048404,14081364.771141896,19.025,19.025,19.025,19.025,19.025,19.025,19.025,19.025,19.025,19.025,19.025,86.0,86.0,86.0,0.0,0.0,0.0,11.2421875,11.2421875,11.2421875,376.691,376.691,376.691,86.0,0.0,11.2421875,376.691,5
11776729.073178926,4.180141448974609,128222931.43898709,205134.62561545728,2086023.257537531,14015468.761580285,18.575,18.575,18.575,18.575,18.575,18.575,18.575,18.575,18.575,18.575,18.575,86.0,86.0,86.0,0.0,0.0,0.0,11.2421875,11.2421875,11.2421875,417.54,417.54,417.54,86.0,0.0,11.2421875,417.54,5
11776730.071266515,4.180141448974609,129186788.27400668,206633.16760516397,2101170.3018333423,14117237.965442767,19.0,19.0,19.0,19.0,19.0,19.0,19.0,19.0,19.0,19.0,19.0,95.0,95.0,95.0,0.0,0.0,0.0,11.2421875,11.2421875,11.2421875,377.209,377.209,377.209,95.0,0.0,11.2421875,377.209,5
11776731.067225205,4.180145263671875,129498550.840266,207077.865933158,2105661.6322528217,14147414.091698645,18.325,18.325,18.325,18.325,18.325,18.325,18.325,18.325,18.325,18.325,18.325,83.0,83.0,83.0,0.0,0.0,0.0,11.2421875,11.2421875,11.2421875,402.26,402.26,402.26,83.0,0.0,11.2421875,402.26,5
11776732.066948736,4.180152893066406,129043623.52209128,206306.03716070147,2097731.957215014,14094136.587538375,19.475,19.475,19.475,19.475,19.475,19.475,19.475,19.475,19.475,19.475,19.475,91.0,91.0,91.0,0.0,0.0,0.0,11.2421875,11.2421875,11.2421875,403.027,403.027,403.027,91.0,0.0,11.2421875,403.027,5
11776733.06860406,4.180171966552734,128827427.9399889,205908.15540574433,2093686.2720569193,14066954.640382426,17.7375,17.7375,17.7375,17.7375,17.7375,17.7375,17.7375,17.7375,17.7375,17.7375,17.7375,90.0,90.0,90.0,0.0,0.0,0.0,11.2421875,11.2421875,11.2421875,391.029,391.029,391.029,90.0,0.0,11.2421875,391.029,5
11776734.046404893,4.180171966552734,132003792.22002895,210938.66258453223,2144763.9734915686,14410132.946896477,20.387500000000003,20.387500000000003,20.387500000000003,20.387500000000003,20.387500000000003,20.387500000000003,20.387500000000003,20.387500000000003,20.387500000000003,20.387500000000003,20.387500000000003,100.0,100.0,100.0,0.0,0.0,0.0,11.2421875,11.2421875,11.2421875,432.174,432.174,432.174,100.0,0.0,11.2421875,432.174,5
11776735.071057707,4.180171966552734,125999897.89120372,201294.52345489356,2046695.2028414886,13751233.394091252,18.2125,18.2125,18.2125,18.2125,18.2125,18.2125,18.2125,18.2125,18.2125,18.2125,18.2125,85.0,85.0,85.0,0.0,0.0,0.0,11.2421875,11.2421875,11.2421875,374.656,374.656,374.656,85.0,0.0,11.2421875,374.656,5
11776736.076132206,4.180171966552734,128486882.42116159,205222.59809528387,2086563.7340530618,14019100.08816901,18.6875,18.6875,18.6875,18.6875,18.6875,18.6875,18.6875,18.6875,18.6875,18.6875,18.6875,88.0,88.0,88.0,0.0,0.0,0.0,11.2421875,11.2421875,11.2421875,435.427,435.427,435.427,88.0,0.0,11.2421875,435.427,5
11776737.074674437,4.180171966552734,129360194.33594984,206565.12432224455,2100213.627209032,14110810.307810685,18.9,18.9,18.9,18.9,18.9,18.9,18.9,18.9,18.9,18.9,18.9,92.0,92.0,92.0,0.0,0.0,0.0,11.2421875,11.2421875,11.2421875,374.837,374.837,374.837,92.0,0.0,11.2421875,374.837,5
11776738.068978654,4.180171966552734,129944472.46547325,207457.63357996228,2109165.347289481,14170954.677101202,18.575,18.575,18.575,18.575,18.575,18.575,18.575,18.575,18.575,18.575,18.575,86.0,86.0,86.0,0.0,0.0,0.0,11.2421875,11.2421875,11.2421875,442.404,442.404,442.404,86.0,0.0,11.2421875,442.404,5
11776739.07297748,4.180171966552734,128727788.0608699,205474.3439892969,2088799.2566304824,14034120.005486052,21.45,21.45,21.45,21.45,21.45,21.45,21.45,21.45,21.45,21.45,21.45,92.0,92.0,92.0,0.0,0.0,0.0,11.2421875,11.2421875,11.2421875,380.932,380.932,380.932,92.0,0.0,11.2421875,380.932,5
11776740.06939324,4.180171966552734,129740302.3334772,207038.07407039354,2104695.733862382,14140924.46188788,18.7,18.7,18.7,18.7,18.7,18.7,18.7,18.7,18.7,18.7,18.7,87.0,87.0,87.0,0.0,0.0,0.0,11.2421875,11.2421875,11.2421875,438.285,438.285,438.285,87.0,0.0,11.2421875,438.285,5
11776741.0674899,4.180171966552734,129554607.49519038,206696.41359742303,2101151.205598866,14117109.662617382,19.0,19.0,19.0,19.0,19.0,19.0,19.0,19.0,19.0,19.0,19.0,87.0,87.0,87.0,0.0,0.0,0.0,11.2421875,11.2421875,11.2421875,377.425,377.425,377.425,87.0,0.0,11.2421875,377.425,5
11776742.070231924,4.180171966552734,128987067.34776908,205740.8536131029,2091417.2833252999,14051709.872341858,18.900000000000002,18.900000000000002,18.900000000000002,18.900000000000002,18.900000000000002,18.900000000000002,18.900000000000002,18.900000000000002,18.900000000000002,18.900000000000002,18.900000000000002,86.0,86.0,86.0,0.0,0.0,0.0,11.2421875,11.2421875,11.2421875,425.224,425.224,425.224,86.0,0.0,11.2421875,425.224,5
11776743.073270611,4.180179595947266,128981559.33097096,205688.97545435344,2090798.7158023608,14047553.87179711,18.85,18.85,18.85,18.85,18.85,18.85,18.85,18.85,18.85,18.85,18.85,94.0,94.0,94.0,0.0,0.0,0.0,11.2421875,11.2421875,11.2421875,375.817,375.817,375.817,94.0,0.0,11.2421875,375.817,5
11776744.07860174,4.180179595947266,128725463.96715865,205221.9354223562,2086031.0994535817,14015521.449453752,19.85,19.85,19.85,19.85,19.85,19.85,19.85,19.85,19.85,19.85,19.85,88.0,88.0,88.0,0.0,0.0,0.0,11.2421875,11.2421875,11.2421875,408.753,408.753,408.753,88.0,0.0,11.2421875,408.753,5
11776745.07799658,4.180183410644531,129522837.08807643,206448.93471381435,2098421.8817633684,14098772.018097632,19.35,19.35,19.35,19.35,19.35,19.35,19.35,19.35,19.35,19.35,19.35,91.0,91.0,91.0,0.0,0.0,0.0,11.2421875,11.2421875,11.2421875,402.152,402.152,402.152,91.0,0.0,11.2421875,402.152,5
11776746.074328648,4.180194854736328,129953848.88132054,207084.57212959422,2104872.529314057,14142112.30632882,17.8625,17.8625,17.8625,17.8625,17.8625,17.8625,17.8625,17.8625,17.8625,17.8625,17.8625,87.0,87.0,87.0,0.0,0.0,0.0,11.2421875,11.2421875,11.2421875,383.782,383.782,383.782,87.0,0.0,11.2421875,383.782,5
11776747.048403144,4.180202484130859,132956905.79892771,211828.76757021318,2152968.8013657643,14465259.13417623,19.9375,19.9375,19.9375,19.9375,19.9375,19.9375,19.9375,19.9375,19.9375,19.9375,19.9375,100.0,100.0,100.0,0.0,0.0,0.0,11.2421875,11.2421875,11.2421875,408.3,408.3,408.3,100.0,0.0,11.2421875,408.3,5
11776748.068375168,4.180202484130859,127006094.17728744,202296.72485780966,2056087.7648168057,13814339.669862915,17.825,17.825,17.825,17.825,17.825,17.825,17.825,17.825,17.825,17.825,17.825,88.0,88.0,88.0,0.0,0.0,0.0,11.2421875,11.2421875,11.2421875,376.126,376.126,376.126,88.0,0.0,11.2421875,376.126,5
11776749.071319824,4.180202484130859,129200427.22341277,205738.17191598198,2090994.7403847235,14048870.911959862,19.1625,19.1625,19.1625,19.1625,19.1625,19.1625,19.1625,19.1625,19.1625,19.1625,19.1625,87.0,87.0,87.0,0.0,0.0,0.0,11.2421875,11.2421875,11.2421875,432.014,432.014,432.014,87.0,0.0,11.2421875,432.014,5
11776750.078498252,4.180202484130859,128689833.34186864,204876.3102295062,2082205.0417521426,13993881.93099438,19.549999999999997,19.549999999999997,19.549999999999997,19.549999999999997,19.549999999999997,19.549999999999997,19.549999999999997,19.549999999999997,19.549999999999997,19.549999999999997,19.549999999999997,90.0,90.0,90.0,0.0,0.0,0.0,11.2421875,11.2421875,11.2421875,370.618,370.618,370.618,90.0,0.0,11.2421875,370.618,5
11776751.0730663,4.180202484130859,130354442.06642053,207481.02697006732,2108605.8456454957,14171313.89622295,18.45,18.45,18.45,18.45,18.45,18.45,18.45,18.45,18.45,18.45,18.45,86.0,86.0,86.0,0.0,0.0,0.0,11.2421875,11.2421875,11.2421875,432.247,432.247,432.247,86.0,0.0,11.2421875,432.247,5
11776752.067894557,4.180202484130859,130353248.40746143,207428.76813236636,2108054.3136440343,14167607.213377193,19.1625,19.1625,19.1625,19.1625,19.1625,19.1625,19.1625,19.1625,19.1625,19.1625,19.1625,91.0,91.0,91.0,0.0,0.0,0.0,11.2421875,11.2421875,11.2421875,371.9,371.9,371.9,91.0,0.0,11.2421875,371.9,5
11776753.073254084,4.180210113525391,129020346.00768071,205262.88806604195,2085972.1763759784,14019199.724433089,18.525,18.525,18.525,18.525,18.525,18.525,18.525,18.525,18.525,18.525,18.525,87.0,87.0,87.0,0.0,0.0,0.0,11.2421875,11.2421875,11.2421875,435.014,435.014,435.014,87.0,0.0,11.2421875,435.014,5
11776754.07528212,4.180210113525391,129481979.01469326,205952.32148370668,2092907.5103173833,14065810.044926008,18.825,18.825,18.825,18.825,18.825,18.825,18.825,18.825,18.825,18.825,18.825,87.0,87.0,87.0,0.0,0.0,0.0,11.2421875,11.2421875,11.2421875,376.223,376.223,376.223,87.0,0.0,11.2421875,376.223,5
11776755.076752994,4.1802215576171875,129592181.10127151,206068.89841008282,2094071.8820310023,14073635.441540388,19.75,19.75,19.75,19.75,19.75,19.75,19.75,19.75,19.75,19.75,19.75,91.0,91.0,91.0,0.0,0.0,0.0,11.2421875,11.2421875,11.2421875,424.982,424.982,424.982,91.0,0.0,11.2421875,424.982,5
11776756.072501002,4.180233001708984,130369865.66888136,207261.2733445578,2106107.1514540464,14154520.914362056,19.325,19.325,19.325,19.325,19.325,19.325,19.325,19.325,19.325,19.325,19.325,91.0,91.0,91.0,0.0,0.0,0.0,11.2421875,11.2421875,11.2421875,386.259,386.259,386.259,91.0,0.0,11.2421875,386.259,5
11776757.072725955,4.180233001708984,129819062.74522057,206333.5845344182,2096680.3443818402,14091166.14261311,18.400000000000002,18.400000000000002,18.400000000000002,18.400000000000002,18.400000000000002,18.400000000000002,18.400000000000002,18.400000000000002,18.400000000000002,18.400000000000002,18.400000000000002,92.0,92.0,92.0,0.0,0.0,0.0,11.2421875,11.2421875,11.2421875,423.377,423.377,423.377,92.0,0.0,11.2421875,423.377,5
11776758.073062338,4.180233001708984,129837334.98771925,206322.59668126504,2096446.7919071882,14089596.505766865,18.55,18.55,18.55,18.55,18.55,18.55,18.55,18.55,18.55,18.55,18.55,91.0,91.0,91.0,0.0,0.0,0.0,11.2421875,11.2421875,11.2421875,417.537,417.537,417.537,91.0,0.0,11.2421875,417.537,5
11776759.060065277,4.180233001708984,131624459.12622134,209109.81299820042,2124767.735904502,14279933.162592562,17.6,17.6,17.6,17.6,17.6,17.6,17.6,17.6,17.6,17.6,17.6,95.0,95.0,95.0,0.0,0.0,0.0,11.2421875,11.2421875,11.2421875,413.978,413.978,413.978,95.0,0.0,11.2421875,413.978,5
11776760.05161758,4.180233001708984,131059078.43432026,208160.4767150445,2115019.040822807,14218545.973656448,20.775,20.775,20.775,20.775,20.775,20.775,20.775,20.775,20.775,20.775,20.775,100.0,100.0,100.0,0.0,0.0,0.0,11.244140625,11.244140625,11.244140625,441.505,441.505,441.505,100.0,0.0,11.244140625,441.505,5
11776761.061953824,4.180233001708984,128654831.2112193,204290.4044350816,2075697.0874402395,13954197.997986922,18.2,18.2,18.2,18.2,18.2,18.2,18.2,18.2,18.2,18.2,18.2,94.0,94.0,94.0,0.0,0.0,0.0,11.244140625,11.244140625,11.244140625,391.028,391.028,391.028,94.0,0.0,11.244140625,391.028,5
11776762.069761824,4.180233001708984,129010046.57577565,204814.80602541516,2080904.2995427223,13989204.294972753,18.400000000000002,18.400000000000002,18.400000000000002,18.400000000000002,18.400000000000002,18.400000000000002,18.400000000000002,18.400000000000002,18.400000000000002,18.400000000000002,18.400000000000002,86.0,86.0,86.0,0.0,0.0,0.0,11.244140625,11.244140625,11.244140625,436.445,436.445,436.445,86.0,0.0,11.244140625,436.445,5
11776763.074212952,4.180233001708984,129473760.75412445,205499.29638483337,2087858.6743730856,14035956.166390939,18.9375,18.9375,18.9375,18.9375,18.9375,18.9375,18.9375,18.9375,18.9375,18.9375,18.9375,90.0,90.0,90.0,0.0,0.0,0.0,11.244140625,11.244140625,11.244140625,375.914,375.914,375.914,90.0,0.0,11.244140625,375.914,5
11776764.075025044,4.180233001708984,129977226.43077566,206253.50301605748,2095450.2999071362,14086992.055235084,18.474999999999998,18.474999999999998,18.474999999999998,18.474999999999998,18.474999999999998,18.474999999999998,18.474999999999998,18.474999999999998,18.474999999999998,18.474999999999998,18.474999999999998,89.0,89.0,89.0,0.0,0.0,0.0,11.244140625,11.244140625,11.244140625,436.234,436.234,436.234,89.0,0.0,11.244140625,436.234,5
11776765.075094769,4.180233001708984,130111903.02616586,206416.60772672849,2097005.7875383256,14097449.063880697,18.975,18.975,18.975,18.975,18.975,18.975,18.975,18.975,18.975,18.975,18.975,90.0,90.0,90.0,0.0,0.0,0.0,11.244140625,11.244140625,11.244140625,374.186,374.186,374.186,90.0,0.0,11.244140625,374.186,5
11776766.0752541,4.180233001708984,130132957.82915205,206401.11397303408,2096817.9126053671,14096186.045288425,18.6625,18.6625,18.6625,18.6625,18.6625,18.6625,18.6625,18.6625,18.6625,18.6625,18.6625,87.0,87.0,87.0,0.0,0.0,0.0,11.244140625,11.244140625,11.244140625,427.838,427.838,427.838,87.0,0.0,11.244140625,427.838,5
11776767.075329412,4.180233001708984,130176605.09638701,206427.45346723116,2096994.0704877898,14097370.294177681,18.825,18.825,18.825,18.825,18.825,18.825,18.825,18.825,18.825,18.825,18.825,95.0,95.0,95.0,0.0,0.0,0.0,11.244140625,11.244140625,11.244140625,371.585,371.585,371.585,95.0,0.0,11.244140625,371.585,5
11776768.077416915,4.180233001708984,129947850.38519838,206012.94721627937,2092783.3071623389,14069062.779790567,18.5625,18.5625,18.5625,18.5625,18.5625,18.5625,18.5625,18.5625,18.5625,18.5625,18.5625,89.0,89.0,89.0,0.0,0.0,0.0,11.244140625,11.244140625,11.244140625,409.994,409.994,409.994,89.0,0.0,11.244140625,409.994,5
11776769.074789396,4.180233001708984,130594973.89152098,206994.88317280263,2102676.825181808,14135573.500538636,19.525,19.525,19.525,19.525,19.525,19.525,19.525,19.525,19.525,19.525,19.525,95.0,95.0,95.0,0.0,0.0,0.0,11.244140625,11.244140625,11.244140625,393.228,393.228,393.228,95.0,0.0,11.244140625,393.228,5
11776770.078338273,4.180233001708984,129823840.1190199,205722.91461540633,2089735.7840841673,14048575.329722079,17.912499999999998,17.912499999999998,17.912499999999998,17.912499999999998,17.912499999999998,17.912499999999998,17.912499999999998,17.912499999999998,17.912499999999998,17.912499999999998,17.912499999999998,86.0,86.0,86.0,0.0,0.0,0.0,11.244140625,11.244140625,11.244140625,388.457,388.457,388.457,86.0,0.0,11.244140625,388.457,5
11776771.049322106,4.180233001708984,134217239.83533253,212631.75860122082,2159821.748380174,14519739.175633904,20.7625,20.7625,20.7625,20.7625,20.7625,20.7625,20.7625,20.7625,20.7625,20.7625,20.7625,95.0,95.0,95.0,0.0,0.0,0.0,11.244140625,11.244140625,11.244140625,393.751,393.751,393.751,95.0,0.0,11.244140625,393.751,5
11776772.077723188,4.18023681640625,126755485.02741592,200762.13798011927,2039235.5044428234,13709079.30916445,17.7,17.7,17.7,17.7,17.7,17.7,17.7,17.7,17.7,17.7,17.7,91.0,91.0,91.0,0.0,0.0,0.0,11.244140625,11.244140625,11.244140625,375.653,375.653,375.653,91.0,0.0,11.244140625,375.653,5
11776773.049466193,4.180248260498047,134179714.60568394,212481.07685449204,2158134.3940853057,14508395.672737544,19.5875,19.5875,19.5875,19.5875,19.5875,19.5875,19.5875,19.5875,19.5875,19.5875,19.5875,100.0,100.0,100.0,0.0,0.0,0.0,11.244140625,11.244140625,11.244140625,432.311,432.311,432.311,100.0,0.0,11.244140625,432.311,5
11776774.06611039,4.180248260498047,128285694.67874664,203096.61993213688,2062818.0508430514,13867616.662112858,18.4375,18.4375,18.4375,18.4375,18.4375,18.4375,18.4375,18.4375,18.4375,18.4375,18.4375,93.0,93.0,93.0,0.0,0.0,0.0,11.244140625,11.244140625,11.244140625,384.55,384.55,384.55,93.0,0.0,11.244140625,384.55,5
11776775.079359567,4.180255889892578,128747819.29131201,203784.02922800617,2069729.7827607542,13914081.859887727,18.75,18.75,18.75,18.75,18.75,18.75,18.75,18.75,18.75,18.75,18.75,84.0,84.0,84.0,0.0,0.0,0.0,11.244140625,11.244140625,11.244140625,433.714,433.714,433.714,84.0,0.0,11.244140625,433.714,5
11776776.075768476,4.180255889892578,130962090.71205671,207231.1859308215,2104710.2046966353,14149243.212042615,21.825,21.825,21.825,21.825,21.825,21.825,21.825,21.825,21.825,21.825,21.825,92.0,92.0,92.0,0.0,0.0,0.0,11.244140625,11.244140625,11.244140625,374.891,374.891,374.891,92.0,0.0,11.244140625,374.891,5
11776777.075613327,4.180255889892578,130544762.89303486,206526.0423146609,2097477.421582592,14100619.697436098,18.5625,18.5625,18.5625,18.5625,18.5625,18.5625,18.5625,18.5625,18.5625,18.5625,18.5625,85.0,85.0,85.0,0.0,0.0,0.0,11.244140625,11.244140625,11.244140625,439.137,439.137,439.137,85.0,0.0,11.244140625,439.137,5
11776778.07598932,4.180259704589844,130508153.77598083,206424.385762427,2096363.7807403575,14093133.072867794,18.875,18.875,18.875,18.875,18.875,18.875,18.875,18.875,18.875,18.875,18.875,87.0,87.0,87.0,0.0,0.0,0.0,11.244140625,11.244140625,11.244140625,378.266,378.266,378.266,87.0,0.0,11.244140625,378.266,5
11776779.075667592,4.180271148681641,130631960.10409087,206568.45908622554,2097826.9319890174,14102969.335754292,18.7625,18.7625,18.7625,18.7625,18.7625,18.7625,18.7625,18.7625,18.7625,18.7625,18.7625,86.0,86.0,86.0,0.0,0.0,0.0,11.244140625,11.244140625,11.244140625,428.051,428.051,428.051,86.0,0.0,11.244140625,428.051,5
11776780.064446172,4.180271148681641,132105061.38050064,208855.6570512975,2120952.0942920637,14258431.85264313,19.0625,19.0625,19.0625,19.0625,19.0625,19.0625,19.0625,19.0625,19.0625,19.0625,19.0625,94.0,94.0,94.0,0.0,0.0,0.0,11.244140625,11.244140625,11.244140625,377.199,377.199,377.199,94.0,0.0,11.244140625,377.199,5
11776781.061838984,4.180271148681641,131002153.14421459,207053.82810197843,2102633.960466217,14135285.335790465,18.150000000000002,18.150000000000002,18.150000000000002,18.150000000000002,18.150000000000002,18.150000000000002,18.150000000000002,18.150000000000002,18.150000000000002,18.150000000000002,18.150000000000002,96.0,96.0,96.0,0.0,0.0,0.0,11.244140625,11.244140625,11.244140625,437.276,437.276,437.276,96.0,0.0,11.244140625,437.276,5
11776782.051365675,4.180271148681641,132076849.66953212,208713.92545155037,2119348.5928715225,14247652.063796446,18.5125,18.5125,18.5125,18.5125,18.5125,18.5125,18.5125,18.5125,18.5125,18.5125,18.5125,95.0,95.0,95.0,0.0,0.0,0.0,11.244140625,11.244140625,11.244140625,411.813,411.813,411.813,95.0,0.0,11.244140625,411.813,5
11776783.06342877,4.180278778076172,129168108.78801563,204066.32842330253,2072155.391935165,13930388.396564137,17.125,17.125,17.125,17.125,17.125,17.125,17.125,17.125,17.125,17.125,17.125,95.0,95.0,95.0,0.0,0.0,0.0,11.244140625,11.244140625,11.244140625,399.242,399.242,399.242,95.0,0.0,11.244140625,399.242,5
11776784.066810116,4.180278778076172,130318339.67884474,205838.98728287217,2090084.7016643665,14050920.98267334,18.3125,18.3125,18.3125,18.3125,18.3125,18.3125,18.3125,18.3125,18.3125,18.3125,18.3125,96.0,96.0,96.0,0.0,0.0,0.0,11.244140625,11.244140625,11.244140625,441.752,441.752,441.752,96.0,0.0,11.244140625,441.752,5
11776785.064814046,4.180278778076172,131053290.56089714,206948.082890145,2101346.434886258,14126629.743903322,18.4375,18.4375,18.4375,18.4375,18.4375,18.4375,18.4375,18.4375,18.4375,18.4375,18.4375,95.0,95.0,95.0,0.0,0.0,0.0,11.244140625,11.244140625,11.244140625,387.558,387.558,387.558,95.0,0.0,11.244140625,387.558,5
11776786.060765645,4.180278778076172,131356205.65869018,207387.58822113162,2105676.624383304,14155740.11938932,17.987499999999997,17.987499999999997,17.987499999999997,17.987499999999997,17.987499999999997,17.987499999999997,17.987499999999997,17.987499999999997,17.987499999999997,17.987499999999997,17.987499999999997,96.0,96.0,96.0,0.0,0.0,0.0,11.244140625,11.244140625,11.244140625,444.067,444.067,444.067,96.0,0.0,11.244140625,444.067,5
11776787.077277284,4.180278778076172,128734267.17873253,203204.7563029573,2063087.0502045872,13869425.052351931,18.9375,18.9375,18.9375,18.9375,18.9375,18.9375,18.9375,18.9375,18.9375,18.9375,18.9375,92.0,92.0,92.0,0.0,0.0,0.0,11.244140625,11.244140625,11.244140625,378.098,378.098,378.098,92.0,0.0,11.244140625,378.098,5
11776788.078163167,4.180278778076172,130779476.63962021,206378.17301350815,2095295.8123344902,14090045.863022754,19.475,19.475,19.475,19.475,19.475,19.475,19.475,19.475,19.475,19.475,19.475,89.0,89.0,89.0,0.0,0.0,0.0,11.244140625,11.244140625,11.244140625,424.168,424.168,424.168,89.0,0.0,11.244140625,424.168,5
11776789.061498333,4.180278778076172,133146921.43561628,210071.81202100462,2132692.97589436,14341527.179695863,18.4625,18.4625,18.4625,18.4625,18.4625,18.4625,18.4625,18.4625,18.4625,18.4625,18.4625,93.0,93.0,93.0,0.0,0.0,0.0,11.244140625,11.244140625,11.244140625,385.726,385.726,385.726,93.0,0.0,11.244140625,385.726,5
11776790.073745776,4.180278778076172,129376229.9720956,204072.63203070138,2071778.0164226005,13931897.872154323,18.075000000000003,18.075000000000003,18.075000000000003,18.075000000000003,18.075000000000003,18.075000000000003,18.075000000000003,18.075000000000003,18.075000000000003,18.075000000000003,18.075000000000003,88.0,88.0,88.0,0.0,0.0,0.0,11.244140625,11.244140625,11.244140625,409.589,409.589,409.589,88.0,0.0,11.244140625,409.589,5
11776791.078651516,4.180278778076172,130353990.24209242,205570.5244964473,2086914.1422350456,14033682.40569387,19.425,19.425,19.425,19.425,19.425,19.425,19.425,19.425,19.425,19.425,19.425,94.0,94.0,94.0,0.0,0.0,0.0,11.244140625,11.244140625,11.244140625,400.189,400.189,400.189,94.0,0.0,11.244140625,400.189,5
11776792.078767896,4.1802825927734375,131013676.63727833,206557.9607986572,2096907.9619948764,14104982.463106161,18.775000000000002,18.775000000000002,18.775000000000002,18.775000000000002,18.775000000000002,18.775000000000002,18.775000000000002,18.775000000000002,18.775000000000002,18.775000000000002,18.775000000000002,88.0,88.0,88.0,0.0,0.0,0.0,11.244140625,11.244140625,11.244140625,382.962,382.962,382.962,88.0,0.0,11.244140625,382.962,5
11776793.052076492,4.180301666259766,134658607.18408245,212254.36689627197,2154662.9784027734,14493475.190662405,19.849999999999998,19.849999999999998,19.849999999999998,19.849999999999998,19.849999999999998,19.849999999999998,19.849999999999998,19.849999999999998,19.849999999999998,19.849999999999998,19.849999999999998,100.0,100.0,100.0,0.0,0.0,0.0,11.244140625,11.244140625,11.244140625,403.98,403.98,403.98,100.0,0.0,11.244140625,403.98,5
11776794.078302901,4.180301666259766,127746761.21997236,201310.35240622476,2043556.8428743845,13746112.825897226,17.8625,17.8625,17.8625,17.8625,17.8625,17.8625,17.8625,17.8625,17.8625,17.8625,17.8625,90.0,90.0,90.0,0.0,0.0,0.0,11.244140625,11.244140625,11.244140625,372.39,372.39,372.39,90.0,0.0,11.244140625,372.39,5
11776795.052090488,4.180301666259766,134659567.17076352,212158.17774758724,2153603.134506833,14486346.084456116,19.0375,19.0375,19.0375,19.0375,19.0375,19.0375,19.0375,19.0375,19.0375,19.0375,19.0375,98.0,98.0,98.0,0.0,0.0,0.0,11.244140625,11.244140625,11.244140625,428.738,428.738,428.738,98.0,0.0,11.244140625,428.738,5
11776796.075045334,4.180301666259766,128219269.44125955,201961.9935797159,2050092.4440686181,13790074.955805315,18.5375,18.5375,18.5375,18.5375,18.5375,18.5375,18.5375,18.5375,18.5375,18.5375,18.5375,88.0,88.0,88.0,0.0,0.0,0.0,11.244140625,11.244140625,11.244140625,373.714,373.714,373.714,88.0,0.0,11.244140625,373.714,5
11776797.07987066,4.180301666259766,130567950.11695541,205615.83662276214,2087081.1537070146,14038881.822982341,19.424999999999997,19.424999999999997,19.424999999999997,19.424999999999997,19.424999999999997,19.424999999999997,19.424999999999997,19.424999999999997,19.424999999999997,19.424999999999997,19.424999999999997,87.0,87.0,87.0,0.0,0.0,0.0,11.244140625,11.244140625,11.244140625,434.827,434.827,434.827,87.0,0.0,11.244140625,434.827,5
11776798.072435876,4.180301666259766,132216415.42427684,208155.59175975865,2112860.6615918134,14212289.293988682,18.9125,18.9125,18.9125,18.9125,18.9125,18.9125,18.9125,18.9125,18.9125,18.9125,18.9125,88.0,88.0,88.0,0.0,0.0,0.0,11.244140625,11.244140625,11.244140625,372.399,372.399,372.399,88.0,0.0,11.244140625,372.399,5
11776799.081732249,4.180301666259766,130057093.80544548,204716.87566010366,2077835.6655906385,13976691.46932453,18.125,18.125,18.125,18.125,18.125,18.125,18.125,18.125,18.125,18.125,18.125,84.0,84.0,84.0,0.0,0.0,0.0,11.244140625,11.244140625,11.244140625,439.525,439.525,439.525,84.0,0.0,11.244140625,439.525,5
11776800.265508186,4.179340362548828,110918009.79860127,174549.92411098667,1771578.5007317686,11916633.508828538,20.375,20.375,20.375,20.375,20.375,20.375,20.375,20.375,20.375,20.375,20.375,88.0,88.0,88.0,0.0,0.0,0.0,11.244140625,11.244140625,11.244140625,306.116,306.116,306.116,88.0,0.0,11.244140625,306.116,5
11776801.262979645,4.179393768310547,131666798.87164634,207160.81456974603,2102468.1765442393,14277894.237977188,18.0875,18.0875,18.0875,18.0875,18.0875,18.0875,18.0875,18.0875,18.0875,18.0875,18.0875,83.0,83.0,83.0,0.0,0.0,0.0,11.244140625,11.244140625,11.244140625,429.436,429.436,429.436,83.0,0.0,11.244140625,429.436,5
11776802.260636916,4.179386138916016,131672766.59537327,207131.25237059285,2102076.59558614,14275235.005572286,18.825,18.825,18.825,18.825,18.825,18.825,18.825,18.825,18.825,18.825,18.825,90.0,90.0,90.0,0.0,0.0,0.0,11.244140625,11.244140625,11.244140625,374.526,374.526,374.526,90.0,0.0,11.244140625,374.526,5
11776803.264668012,4.179386138916016,130870158.87136514,205816.3346678451,2088732.1210250412,14184612.470320446,17.6875,17.6875,17.6875,17.6875,17.6875,17.6875,17.6875,17.6875,17.6875,17.6875,17.6875,88.0,88.0,88.0,0.0,0.0,0.0,11.244140625,11.244140625,11.244140625,424.874,424.874,424.874,88.0,0.0,11.244140625,424.874,5
11776804.256097408,4.179386138916016,132565887.73114088,208441.46929599985,2115281.237894291,14364907.937809471,18.525,18.525,18.525,18.525,18.525,18.525,18.525,18.525,18.525,18.525,18.525,95.0,95.0,95.0,0.0,0.0,0.0,11.244140625,11.244140625,11.244140625,390.161,390.161,390.161,95.0,0.0,11.244140625,390.161,5
11776805.25647556,4.179386138916016,131412731.96585763,206576.88246529322,2096359.256808955,14236408.468603002,17.025,17.025,17.025,17.025,17.025,17.025,17.025,17.025,17.025,17.025,17.025,95.0,95.0,95.0,0.0,0.0,0.0,11.244140625,11.244140625,11.244140625,435.263,435.263,435.263,95.0,0.0,11.244140625,435.263,5
11776806.241220895,4.179386138916016,133532128.91552816,209863.39583407788,2129638.9287833665,14462411.240976105,17.3375,17.3375,17.3375,17.3375,17.3375,17.3375,17.3375,17.3375,17.3375,17.3375,17.3375,100.0,100.0,100.0,0.0,0.0,0.0,11.244140625,11.244140625,11.244140625,421.505,421.505,421.505,100.0,0.0,11.244140625,421.505,5
11776807.254404591,4.179386138916016,129819089.56282943,203975.84443574204,2069863.5478194435,14056475.694859775,16.5125,16.5125,16.5125,16.5125,16.5125,16.5125,16.5125,16.5125,16.5125,16.5125,16.5125,95.0,95.0,95.0,0.0,0.0,0.0,11.244140625,11.244140625,11.244140625,389.432,389.432,389.432,95.0,0.0,11.244140625,389.432,5
11776808.256568989,4.179386138916016,131281906.78377408,206230.63495224013,2092622.7328215537,14211033.675821371,17.837500000000002,17.837500000000002,17.837500000000002,17.837500000000002,17.837500000000002,17.837500000000002,17.837500000000002,17.837500000000002,17.837500000000002,17.837500000000002,17.837500000000002,94.0,94.0,94.0,0.0,0.0,0.0,11.244140625,11.244140625,11.244140625,441.618,441.618,441.618,94.0,0.0,11.244140625,441.618,5
11776809.259016352,4.179401397705078,131277477.36059381,206172.42124684935,2092032.0382174726,14207022.259535454,18.2625,18.2625,18.2625,18.2625,18.2625,18.2625,18.2625,18.2625,18.2625,18.2625,18.2625,96.0,96.0,96.0,0.0,0.0,0.0,11.244140625,11.244140625,11.244140625,375.7,375.7,375.7,96.0,0.0,11.244140625,375.7,5
11776810.26425481,4.179401397705078,130949543.25022846,205608.9261701059,2086223.4052402675,14167575.742227364,17.7,17.7,17.7,17.7,17.7,17.7,17.7,17.7,17.7,17.7,17.7,83.0,83.0,83.0,0.0,0.0,0.0,11.244140625,11.244140625,11.244140625,435.238,435.238,435.238,83.0,0.0,11.244140625,435.238,5
11776811.260580428,4.179401397705078,132149766.76976779,207456.2736690986,2104886.1565294466,14294314.777837668,19.025,19.025,19.025,19.025,19.025,19.025,19.025,19.025,19.025,19.025,19.025,90.0,90.0,90.0,0.0,0.0,0.0,11.244140625,11.244140625,11.244140625,375.483,375.483,375.483,90.0,0.0,11.244140625,375.483,5
11776812.262352152,4.179401397705078,131466706.3007607,206330.4394391425,2093442.9971101354,14216604.10342176,18.1625,18.1625,18.1625,18.1625,18.1625,18.1625,18.1625,18.1625,18.1625,18.1625,18.1625,89.0,89.0,89.0,0.0,0.0,0.0,11.244140625,11.244140625,11.244140625,427.038,427.038,427.038,89.0,0.0,11.244140625,427.038,5
11776813.266275708,4.179401397705078,131217521.72683254,205897.15103143806,2088955.8650244665,14186131.919316543,19.037499999999998,19.037499999999998,19.037499999999998,19.037499999999998,19.037499999999998,19.037499999999998,19.037499999999998,19.037499999999998,19.037499999999998,19.037499999999998,19.037499999999998,92.0,92.0,92.0,0.0,0.0,0.0,11.244140625,11.244140625,11.244140625,376.979,376.979,376.979,92.0,0.0,11.244140625,376.979,5
11776814.269777795,4.179401397705078,131311729.81042175,205984.62378931543,2089833.2208499531,14192090.056436108,18.5375,18.5375,18.5375,18.5375,18.5375,18.5375,18.5375,18.5375,18.5375,18.5375,18.5375,85.0,85.0,85.0,0.0,0.0,0.0,11.244140625,11.244140625,11.244140625,419.71,419.71,419.71,85.0,0.0,11.244140625,419.71,5
11776815.26233481,4.179405212402344,132788872.55070955,208263.0990661731,2112878.1195803992,14348588.323791109,19.1625,19.1625,19.1625,19.1625,19.1625,19.1625,19.1625,19.1625,19.1625,19.1625,19.1625,94.0,94.0,94.0,0.0,0.0,0.0,11.244140625,11.244140625,11.244140625,386.23,386.23,386.23,94.0,0.0,11.244140625,386.23,5
11776816.265560556,4.179405212402344,131412823.65793309,206048.3404655061,2090408.8727071693,14195999.317193022,17.2625,17.2625,17.2625,17.2625,17.2625,17.2625,17.2625,17.2625,17.2625,17.2625,17.2625,86.0,86.0,86.0,0.0,0.0,0.0,11.244140625,11.244140625,11.244140625,388.936,388.936,388.936,86.0,0.0,11.244140625,388.936,5
11776817.264502736,4.179405212402344,132005589.20446633,206940.90631118027,2099372.7593207513,14256873.211246585,19.2,19.2,19.2,19.2,19.2,19.2,19.2,19.2,19.2,19.2,19.2,91.0,91.0,91.0,0.0,0.0,0.0,11.244140625,11.244140625,11.244140625,386.862,386.862,386.862,91.0,0.0,11.244140625,386.862,5
11776818.266924722,4.179405212402344,131585805.97910799,206224.5270184299,2092084.99877012,14207381.91547599,17.7625,17.7625,17.7625,17.7625,17.7625,17.7625,17.7625,17.7625,17.7625,17.7625,17.7625,86.0,86.0,86.0,0.0,0.0,0.0,11.244140625,11.244140625,11.244140625,373.78,373.78,373.78,86.0,0.0,11.244140625,373.78,5
11776819.458288768,4.179416656494141,110745115.58608702,173582.54234883754,1760294.8542163894,11967942.163139163,16.675,16.675,16.675,16.675,16.675,16.675,16.675,16.675,16.675,16.675,16.675,0.0,0.0,0.0,0.0,0.0,0.0,5.947265625,5.947265625,5.947265625,289.976,289.976,289.976,0.0,0.0,5.947265625,289.976,5
11776820.442965336,4.1794281005859375,134024462.76325539,210025.3085682333,2129787.656677422,14480060.2204963,64.775,64.775,64.775,64.775,64.775,64.775,64.775,64.775,64.775,64.775,64.775,21.0,21.0,21.0,0.0,0.0,0.0,11.236328125,11.236328125,11.236328125,142.107,142.107,142.107,21.0,0.0,11.236328125,142.107,5
11776821.440506244,4.1822357177734375,132334346.34110594,207334.85549809676,2102321.802864956,14293324.60111897,18.75,18.75,18.75,18.75,18.75,18.75,18.75,18.75,18.75,18.75,18.75,100.0,100.0,100.0,0.0,0.0,0.0,11.2421875,11.2421875,11.2421875,369.816,369.816,369.816,100.0,0.0,11.2421875,369.816,5
11776822.448091866,4.1822357177734375,131047535.88026145,205269.9000542112,2081363.5620034577,14154898.286906328,17.25,17.25,17.25,17.25,17.25,17.25,17.25,17.25,17.25,17.25,17.25,97.0,97.0,97.0,0.0,0.0,0.0,11.2421875,11.2421875,11.2421875,433.344,433.344,433.344,97.0,0.0,11.2421875,433.344,5
11776823.44970726,4.1822357177734375,131864047.62094297,206494.43015573174,2093769.7371243406,14243359.364070466,18.0875,18.0875,18.0875,18.0875,18.0875,18.0875,18.0875,18.0875,18.0875,18.0875,18.0875,97.0,97.0,97.0,0.0,0.0,0.0,11.2421875,11.2421875,11.2421875,437.184,437.184,437.184,97.0,0.0,11.2421875,437.184,5
11776824.449810993,4.1822357177734375,132098777.05422944,206817.54628419483,2096934.4795952009,14264888.266465008,17.525,17.525,17.525,17.525,17.525,17.525,17.525,17.525,17.525,17.525,17.525,97.0,97.0,97.0,0.0,0.0,0.0,11.2421875,11.2421875,11.2421875,540.151,540.151,540.151,97.0,0.0,11.2421875,540.151,5
11776825.45509535,4.1822357177734375,131450508.47810905,205751.73421514855,2086128.1523927655,14191375.692937505,17.3375,17.3375,17.3375,17.3375,17.3375,17.3375,17.3375,17.3375,17.3375,17.3375,17.3375,96.0,96.0,96.0,0.0,0.0,0.0,11.2421875,11.2421875,11.2421875,461.595,461.595,461.595,96.0,0.0,11.2421875,461.595,5
11776826.448370406,4.1822357177734375,133072734.73401865,208248.4592972907,2111350.7160438187,14362958.09371215,17.2,17.2,17.2,17.2,17.2,17.2,17.2,17.2,17.2,17.2,17.2,97.0,97.0,97.0,0.0,0.0,0.0,11.2421875,11.2421875,11.2421875,446.653,446.653,446.653,97.0,0.0,11.2421875,446.653,5
11776827.457664168,4.1822357177734375,130993095.46443485,204945.28745889565,2077841.041745216,14135000.68046599,16.6125,16.6125,16.6125,16.6125,16.6125,16.6125,16.6125,16.6125,16.6125,16.6125,16.6125,95.0,95.0,95.0,0.0,0.0,0.0,11.2421875,11.2421875,11.2421875,525.982,525.982,525.982,95.0,0.0,11.2421875,525.982,5
11776828.44832674,4.1822357177734375,133489647.85472448,208799.65152347388,2116918.572839044,14400834.744528107,17.75,17.75,17.75,17.75,17.75,17.75,17.75,17.75,17.75,17.75,17.75,96.0,96.0,96.0,0.0,0.0,0.0,11.2421875,11.2421875,11.2421875,441.781,441.781,441.781,96.0,0.0,11.2421875,441.781,5
11776829.45485271,4.1822357177734375,131420977.75576597,205518.79071558363,2083554.7857815316,14173869.763431786,17.275,17.275,17.275,17.275,17.275,17.275,17.275,17.275,17.275,17.275,17.275,97.0,97.0,97.0,0.0,0.0,0.0,11.2421875,11.2421875,11.2421875,448.122,448.122,448.122,97.0,0.0,11.2421875,448.122,5
11776830.449600697,4.1822357177734375,133012641.1180504,207953.172763201,2108224.4220355335,14341690.745995631,16.3625,16.3625,16.3625,16.3625,16.3625,16.3625,16.3625,16.3625,16.3625,16.3625,16.3625,97.0,97.0,97.0,0.0,0.0,0.0,11.2421875,11.2421875,11.2421875,527.295,527.295,527.295,97.0,0.0,11.2421875,527.295,5
11776831.452131063,4.1822357177734375,132012728.45627749,206339.8845341096,2091858.8311554417,14230359.978348443,17.4125,17.4125,17.4125,17.4125,17.4125,17.4125,17.4125,17.4125,17.4125,17.4125,17.4125,97.0,97.0,97.0,0.0,0.0,0.0,11.2421875,11.2421875,11.2421875,441.116,441.116,441.116,97.0,0.0,11.2421875,441.116,5
11776832.441670984,4.1822357177734375,133773290.14505276,209057.7606324644,2119320.2567101913,14417172.761956243,17.700000000000003,17.700000000000003,17.700000000000003,17.700000000000003,17.700000000000003,17.700000000000003,17.700000000000003,17.700000000000003,17.700000000000003,17.700000000000003,17.700000000000003,97.0,97.0,97.0,0.0,0.0,0.0,11.2421875,11.2421875,11.2421875,462.272,462.272,462.272,97.0,0.0,11.2421875,462.272,5
11776833.453122469,4.182262420654297,130912946.40565127,204528.84111842143,2073408.3956145607,14104846.56626077,16.2625,16.2625,16.2625,16.2625,16.2625,16.2625,16.2625,16.2625,16.2625,16.2625,16.2625,97.0,97.0,97.0,0.0,0.0,0.0,11.2421875,11.2421875,11.2421875,499.62,499.62,499.62,97.0,0.0,11.2421875,499.62,5
11776834.455148373,4.182262420654297,132179683.6325092,206453.74450554381,2092911.9610062754,14237524.14098605,18.65,18.65,18.65,18.65,18.65,18.65,18.65,18.65,18.65,18.65,18.65,97.0,97.0,97.0,0.0,0.0,0.0,11.2421875,11.2421875,11.2421875,438.428,438.428,438.428,97.0,0.0,11.2421875,438.428,5
11776835.442813762,4.182281494140625,134131874.5308319,209463.65273097128,2123342.6056267493,14444535.733199157,18.3375,18.3375,18.3375,18.3375,18.3375,18.3375,18.3375,18.3375,18.3375,18.3375,18.3375,100.0,100.0,100.0,0.0,0.0,0.0,11.2421875,11.2421875,11.2421875,494.122,494.122,494.122,100.0,0.0,11.2421875,494.122,5
11776836.45702994,4.182281494140625,130658044.8430428,203980.18122550307,2067756.4047632744,14066397.57380954,16.55,16.55,16.55,16.55,16.55,16.55,16.55,16.55,16.55,16.55,16.55,96.0,96.0,96.0,0.0,0.0,0.0,11.2421875,11.2421875,11.2421875,456.865,456.865,456.865,96.0,0.0,11.2421875,456.865,5
11776837.4547946,4.182281494140625,132845116.99778476,207344.48541258706,2101850.3500658725,14298329.627498895,17.587500000000002,17.587500000000002,17.587500000000002,17.587500000000002,17.587500000000002,17.587500000000002,17.587500000000002,17.587500000000002,17.587500000000002,17.587500000000002,17.587500000000002,96.0,96.0,96.0,0.0,0.0,0.0,11.2421875,11.2421875,11.2421875,435.431,435.431,435.431,96.0,0.0,11.2421875,435.431,5
11776838.442209888,4.182281494140625,134270583.6734467,209527.84769386804,2123880.424218022,14448194.370217519,17.125,17.125,17.125,17.125,17.125,17.125,17.125,17.125,17.125,17.125,17.125,100.0,100.0,100.0,0.0,0.0,0.0,11.2421875,11.2421875,11.2421875,533.741,533.741,533.741,100.0,0.0,11.2421875,533.741,5
11776839.45152324,4.182304382324219,131392526.10090445,204981.9310393629,2077800.7097605115,14134726.312687231,17.525000000000002,17.525000000000002,17.525000000000002,17.525000000000002,17.525000000000002,17.525000000000002,17.525000000000002,17.525000000000002,17.525000000000002,17.525000000000002,17.525000000000002,97.0,97.0,97.0,0.0,0.0,0.0,11.2421875,11.2421875,11.2421875,439.12,439.12,439.12,97.0,0.0,11.2421875,439.12,5
11776840.450392323,4.182304382324219,132801812.96614388,207127.2439369243,2099526.392274309,14282520.359944178,18.275000000000002,18.275000000000002,18.275000000000002,18.275000000000002,18.275000000000002,18.275000000000002,18.275000000000002,18.275000000000002,18.275000000000002,18.275000000000002,18.275000000000002,97.0,97.0,97.0,0.0,0.0,0.0,11.2421875,11.2421875,11.2421875,440.593,440.593,440.593,97.0,0.0,11.2421875,440.593,5
11776841.452940367,4.182304382324219,132347065.78066806,206374.14947370125,2091821.944500104,14230109.0482302,16.5,16.5,16.5,16.5,16.5,16.5,16.5,16.5,16.5,16.5,16.5,96.0,96.0,96.0,0.0,0.0,0.0,11.2421875,11.2421875,11.2421875,543.274,543.274,543.274,96.0,0.0,11.2421875,543.274,5
11776842.447934324,4.182304382324219,133384681.48311518,207942.97150690664,2107703.2536256406,14338145.375738489,17.175,17.175,17.175,17.175,17.175,17.175,17.175,17.175,17.175,17.175,17.175,97.0,97.0,97.0,0.0,0.0,0.0,11.244140625,11.244140625,11.244140625,441.216,441.216,441.216,97.0,0.0,11.244140625,441.216,5
11776843.46053243,4.182304382324219,131098035.96295911,204335.75635160838,2071060.558234441,14088874.852208123,16.95,16.95,16.95,16.95,16.95,16.95,16.95,16.95,16.95,16.95,16.95,97.0,97.0,97.0,0.0,0.0,0.0,11.244140625,11.244140625,11.244140625,443.291,443.291,443.291,97.0,0.0,11.244140625,443.291,5
11776844.455547176,4.182304382324219,133447554.9917312,207946.66700711695,2107659.217086218,14337845.806858001,16.8125,16.8125,16.8125,16.8125,16.8125,16.8125,16.8125,16.8125,16.8125,16.8125,16.8125,96.0,96.0,96.0,0.0,0.0,0.0,11.244140625,11.244140625,11.244140625,523.2,523.2,523.2,96.0,0.0,11.244140625,523.2,5
11776845.458723232,4.182304382324219,132399883.57541654,206255.9196799923,2090512.4158151825,14221200.672430236,18.1625,18.1625,18.1625,18.1625,18.1625,18.1625,18.1625,18.1625,18.1625,18.1625,18.1625,97.0,97.0,97.0,0.0,0.0,0.0,11.244140625,11.244140625,11.244140625,437.757,437.757,437.757,97.0,0.0,11.244140625,437.757,5
11776846.456532331,4.182304382324219,133144605.64519566,207376.34102598828,2101756.7408749834,14297692.829038218,17.15,17.15,17.15,17.15,17.15,17.15,17.15,17.15,17.15,17.15,17.15,96.0,96.0,96.0,0.0,0.0,0.0,11.244140625,11.244140625,11.244140625,438.56,438.56,438.56,96.0,0.0,11.244140625,438.56,5
11776847.452442031,4.182304382324219,133431451.64395466,207772.8532663609,2105765.211084584,14324961.387124227,16.4375,16.4375,16.4375,16.4375,16.4375,16.4375,16.4375,16.4375,16.4375,16.4375,16.4375,97.0,97.0,97.0,0.0,0.0,0.0,11.244140625,11.244140625,11.244140625,521.067,521.067,521.067,97.0,0.0,11.244140625,521.067,5
11776848.451208305,4.182304382324219,133082500.43940264,207179.60301619951,2099742.508479581,14283990.541082775,17.325,17.325,17.325,17.325,17.325,17.325,17.325,17.325,17.325,17.325,17.325,97.0,97.0,97.0,0.0,0.0,0.0,11.244140625,11.244140625,11.244140625,436.734,436.734,436.734,97.0,0.0,11.244140625,436.734,5
11776849.443022016,4.182308197021484,134042842.33555263,208638.9788056599,2114461.591932805,14384120.556058515,17.2125,17.2125,17.2125,17.2125,17.2125,17.2125,17.2125,17.2125,17.2125,17.2125,17.2125,100.0,100.0,100.0,0.0,0.0,0.0,11.244140625,11.244140625,11.244140625,470.821,470.821,470.821,100.0,0.0,11.244140625,470.821,5
11776850.45385366,4.182308197021484,131561338.56178726,204714.60450838224,2074679.8091835135,14113495.655051129,17.037499999999998,17.037499999999998,17.037499999999998,17.037499999999998,17.037499999999998,17.037499999999998,17.037499999999998,17.037499999999998,17.037499999999998,17.037499999999998,17.037499999999998,96.0,96.0,96.0,0.0,0.0,0.0,11.244140625,11.244140625,11.244140625,508.484,508.484,508.484,96.0,0.0,11.244140625,508.484,5
11776851.453172611,4.182315826416016,133112442.99757324,207074.02740587768,2098581.235096825,14276090.706723126,17.5,17.5,17.5,17.5,17.5,17.5,17.5,17.5,17.5,17.5,17.5,96.0,96.0,96.0,0.0,0.0,0.0,11.244140625,11.244140625,11.244140625,441.699,441.699,441.699,96.0,0.0,11.244140625,441.699,5
11776852.444589276,4.182315826416016,134200929.56338762,208733.63072122747,2115308.4010702693,14389881.173687007,16.975,16.975,16.975,16.975,16.975,16.975,16.975,16.975,16.975,16.975,16.975,100.0,100.0,100.0,0.0,0.0,0.0,11.244140625,11.244140625,11.244140625,503.536,503.536,503.536,100.0,0.0,11.244140625,503.536,5
11776853.451349624,4.182315826416016,132193511.9044931,205552.39435703156,2083069.7245152623,14170570.020481756,16.1875,16.1875,16.1875,16.1875,16.1875,16.1875,16.1875,16.1875,16.1875,16.1875,16.1875,97.0,97.0,97.0,0.0,0.0,0.0,11.244140625,11.244140625,11.244140625,469.102,469.102,469.102,97.0,0.0,11.244140625,469.102,5
11776854.449012555,4.182315826416016,133431709.01994333,207426.770533994,2102064.668742481,14299787.580527466,16.725,16.725,16.725,16.725,16.725,16.725,16.725,16.725,16.725,16.725,16.725,97.0,97.0,97.0,0.0,0.0,0.0,11.244140625,11.244140625,11.244140625,441.547,441.547,441.547,97.0,0.0,11.244140625,441.547,5
11776855.445633214,4.182323455810547,133604054.68848592,207650.72264533816,2104263.0227597924,14314742.398969445,16.9375,16.9375,16.9375,16.9375,16.9375,16.9375,16.9375,16.9375,16.9375,16.9375,16.9375,99.0,99.0,99.0,0.0,0.0,0.0,11.244140625,11.244140625,11.244140625,526.141,526.141,526.141,99.0,0.0,11.244140625,526.141,5
11776856.453727096,4.182323455810547,132115914.3325504,205287.42771173318,2080314.1817574217,14151824.795041211,16.7875,16.7875,16.7875,16.7875,16.7875,16.7875,16.7875,16.7875,16.7875,16.7875,16.7875,97.0,97.0,97.0,0.0,0.0,0.0,11.244140625,11.244140625,11.244140625,441.48,441.48,441.48,97.0,0.0,11.244140625,441.48,5
11776857.452582816,4.182334899902344,133370508.29287677,207186.079022661,2099554.4795796624,14282711.430421803,16.675,16.675,16.675,16.675,16.675,16.675,16.675,16.675,16.675,16.675,16.675,96.0,96.0,96.0,0.0,0.0,0.0,11.244140625,11.244140625,11.244140625,444.441,444.441,444.441,96.0,0.0,11.244140625,444.441,5
11776858.451809227,4.182334899902344,133359177.08514708,207120.22576168677,2098775.588019776,14281512.009103322,17.35,17.35,17.35,17.35,17.35,17.35,17.35,17.35,17.35,17.35,17.35,97.0,97.0,97.0,0.0,0.0,0.0,11.244140625,11.244140625,11.244140625,527.664,527.664,527.664,97.0,0.0,11.244140625,527.664,5
11776859.452694012,4.182334899902344,133170820.53737606,206777.0468976124,2095298.1129465674,14257848.877941096,16.675,16.675,16.675,16.675,16.675,16.675,16.675,16.675,16.675,16.675,16.675,96.0,96.0,96.0,0.0,0.0,0.0,11.244140625,11.244140625,11.244140625,438.972,438.972,438.972,96.0,0.0,11.244140625,438.972,5
11776860.45890213,4.182334899902344,132498723.28420638,205690.05187597786,2084212.9599009056,14182417.875575693,16.9,16.9,16.9,16.9,16.9,16.9,16.9,16.9,16.9,16.9,16.9,97.0,97.0,97.0,0.0,0.0,0.0,11.244140625,11.244140625,11.244140625,441.252,441.252,441.252,97.0,0.0,11.244140625,441.252,5
11776861.459207572,4.182334899902344,133313212.52714124,206903.8028597825,2096511.6370000949,14266106.529899083,16.525,16.525,16.525,16.525,16.525,16.525,16.525,16.525,16.525,16.525,16.525,97.0,97.0,97.0,0.0,0.0,0.0,11.244140625,11.244140625,11.244140625,526.585,526.585,526.585,97.0,0.0,11.244140625,526.585,5
11776862.457455784,4.182334899902344,133620643.03374471,207332.20205539066,2100832.2125770845,14299609.884435821,17.35,17.35,17.35,17.35,17.35,17.35,17.35,17.35,17.35,17.35,17.35,96.0,96.0,96.0,0.0,0.0,0.0,11.244140625,11.244140625,11.244140625,438.119,438.119,438.119,96.0,0.0,11.244140625,438.119,5
11776863.45267334,4.182334899902344,134061591.03372335,207973.62217368212,2107229.7077905578,14343155.335254088,19.325,19.325,19.325,19.325,19.325,19.325,19.325,19.325,19.325,19.325,19.325,92.0,92.0,92.0,0.0,0.0,0.0,11.244140625,11.244140625,11.244140625,451.073,451.073,451.073,92.0,0.0,11.244140625,451.073,5
11776864.459653,4.182334899902344,132532291.77048486,205544.37034457494,2082616.0497290352,14175619.010362672,16.2375,16.2375,16.2375,16.2375,16.2375,16.2375,16.2375,16.2375,16.2375,16.2375,16.2375,95.0,95.0,95.0,0.0,0.0,0.0,11.244140625,11.244140625,11.244140625,514.684,514.684,514.684,95.0,0.0,11.244140625,514.684,5
11776865.458741162,4.182334899902344,133611790.23325573,207167.90345150186,2099066.006981984,14287587.957680104,17.4375,17.4375,17.4375,17.4375,17.4375,17.4375,17.4375,17.4375,17.4375,17.4375,17.4375,97.0,97.0,97.0,0.0,0.0,0.0,11.244140625,11.244140625,11.244140625,435.136,435.136,435.136,97.0,0.0,11.244140625,435.136,5
11776866.446596531,4.182334899902344,135158615.48105812,209530.67265540705,2122934.2526578233,14450050.528344754,17.462500000000002,17.462500000000002,17.462500000000002,17.462500000000002,17.462500000000002,17.462500000000002,17.462500000000002,17.462500000000002,17.462500000000002,17.462500000000002,17.462500000000002,100.0,100.0,100.0,0.0,0.0,0.0,11.244140625,11.244140625,11.244140625,476.635,476.635,476.635,100.0,0.0,11.244140625,476.635,5
11776867.454132263,4.182334899902344,132556323.1507239,205437.87534789904,2081466.6265428443,14167795.299808227,16.475,16.475,16.475,16.475,16.475,16.475,16.475,16.475,16.475,16.475,16.475,97.0,97.0,97.0,0.0,0.0,0.0,11.244140625,11.244140625,11.244140625,493.118,493.118,493.118,97.0,0.0,11.244140625,493.118,5
11776868.45948466,4.182334899902344,132882109.26108752,205889.00043100026,2085986.9706019734,14198563.657320073,18.875,18.875,18.875,18.875,18.875,18.875,18.875,18.875,18.875,18.875,18.875,97.0,97.0,97.0,0.0,0.0,0.0,11.244140625,11.244140625,11.244140625,438.47,438.47,438.47,97.0,0.0,11.244140625,438.47,5
11776869.446341148,4.182361602783203,135400464.5615857,209765.0493359447,2125083.053529212,14464676.643650984,17.887500000000003,17.887500000000003,17.887500000000003,17.887500000000003,17.887500000000003,17.887500000000003,17.887500000000003,17.887500000000003,17.887500000000003,17.887500000000003,17.887500000000003,100.0,100.0,100.0,0.0,0.0,0.0,11.244140625,11.244140625,11.244140625,511.032,511.032,511.032,100.0,0.0,11.244140625,511.032,5
11776870.461659877,4.182361602783203,131642042.23222299,203884.74484979585,2065510.9968273647,14059191.062389385,16.8,16.8,16.8,16.8,16.8,16.8,16.8,16.8,16.8,16.8,16.8,96.0,96.0,96.0,0.0,0.0,0.0,11.244140625,11.244140625,11.244140625,461.567,461.567,461.567,96.0,0.0,11.244140625,461.567,5
11776871.453847472,4.182361602783203,134743941.2409574,208637.96427636602,2113664.8055056306,14386956.732787348,16.85,16.85,16.85,16.85,16.85,16.85,16.85,16.85,16.85,16.85,16.85,96.0,96.0,96.0,0.0,0.0,0.0,11.244140625,11.244140625,11.244140625,438.968,438.968,438.968,96.0,0.0,11.244140625,438.968,5
11776872.446285486,4.182361602783203,134742841.39986485,208595.39533471657,2113131.4693262978,14383326.50508232,17.125,17.125,17.125,17.125,17.125,17.125,17.125,17.125,17.125,17.125,17.125,98.0,98.0,98.0,0.0,0.0,0.0,11.244140625,11.244140625,11.244140625,528.857,528.857,528.857,98.0,0.0,11.244140625,528.857,5
11776873.455365129,4.182361602783203,132555720.43468139,205157.24553500128,2078281.9427505506,14146118.301729823,17.075,17.075,17.075,17.075,17.075,17.075,17.075,17.075,17.075,17.075,17.075,97.0,97.0,97.0,0.0,0.0,0.0,11.244140625,11.244140625,11.244140625,437.614,437.614,437.614,97.0,0.0,11.244140625,437.614,5
11776874.452940779,4.182361602783203,134119817.38038853,207525.11351067628,2102248.5863779783,14309250.631889168,17.5,17.5,17.5,17.5,17.5,17.5,17.5,17.5,17.5,17.5,17.5,97.0,97.0,97.0,0.0,0.0,0.0,11.244140625,11.244140625,11.244140625,441.224,441.224,441.224,97.0,0.0,11.244140625,441.224,5
11776875.459773617,4.182361602783203,132919092.36697741,205624.00447647777,2082919.7466821282,14177686.166381283,16.825,16.825,16.825,16.825,16.825,16.825,16.825,16.825,16.825,16.825,16.825,95.0,95.0,95.0,0.0,0.0,0.0,11.244140625,11.244140625,11.244140625,530.281,530.281,530.281,95.0,0.0,11.244140625,530.281,5
11776876.454211473,4.182361602783203,134608655.6456241,208186.96575761962,2108881.9035619334,14354401.238111988,17.225,17.225,17.225,17.225,17.225,17.225,17.225,17.225,17.225,17.225,17.225,96.0,96.0,96.0,0.0,0.0,0.0,11.244140625,11.244140625,11.244140625,437.024,437.024,437.024,96.0,0.0,11.244140625,437.024,5
11776877.459151002,4.182361602783203,133234463.61215426,206018.3664727675,2086843.9753719028,14204396.980802894,17.4125,17.4125,17.4125,17.4125,17.4125,17.4125,17.4125,17.4125,17.4125,17.4125,17.4125,97.0,97.0,97.0,0.0,0.0,0.0,11.244140625,11.244140625,11.244140625,433.968,433.968,433.968,97.0,0.0,11.244140625,433.968,5
11776878.462743059,4.182361602783203,133445876.78368308,206295.97307416366,2089645.872594891,14223468.48826796,16.6875,16.6875,16.6875,16.6875,16.6875,16.6875,16.6875,16.6875,16.6875,16.6875,16.6875,96.0,96.0,96.0,0.0,0.0,0.0,11.244140625,11.244140625,11.244140625,526.465,526.465,526.465,96.0,0.0,11.244140625,526.465,5
11776879.455378424,4.182361602783203,134951728.1427186,208573.06436987096,2112711.346712924,14380466.881434647,17.45,17.45,17.45,17.45,17.45,17.45,17.45,17.45,17.45,17.45,17.45,96.0,96.0,96.0,0.0,0.0,0.0,11.244140625,11.244140625,11.244140625,435.778,435.778,435.778,96.0,0.0,11.244140625,435.778,5
11776880.4588249,4.182361602783203,133532943.84252958,206339.8545333201,2089949.039677477,14225532.037648452,17.4625,17.4625,17.4625,17.4625,17.4625,17.4625,17.4625,17.4625,17.4625,17.4625,17.4625,97.0,97.0,97.0,0.0,0.0,0.0,11.244140625,11.244140625,11.244140625,449.352,449.352,449.352,97.0,0.0,11.244140625,449.352,5
11776881.460692292,4.182361602783203,133778797.65465075,206665.07546312473,2093243.0963271994,14247953.497461503,16.15,16.15,16.15,16.15,16.15,16.15,16.15,16.15,16.15,16.15,16.15,97.0,97.0,97.0,0.0,0.0,0.0,11.244140625,11.244140625,11.244140625,504.578,504.578,504.578,97.0,0.0,11.244140625,504.578,5
11776882.460056975,4.182365417480469,134146476.48272863,207182.62656094,2098485.202474407,14283634.630123649,17.45,17.45,17.45,17.45,17.45,17.45,17.45,17.45,17.45,17.45,17.45,97.0,97.0,97.0,0.0,0.0,0.0,11.244140625,11.244140625,11.244140625,436.248,436.248,436.248,97.0,0.0,11.244140625,436.248,5
11776883.447512925,4.182384490966797,135791838.72491822,209692.3920205468,2123792.9668923984,14455895.487539077,17.85,17.85,17.85,17.85,17.85,17.85,17.85,17.85,17.85,17.85,17.85,100.0,100.0,100.0,0.0,0.0,0.0,11.244140625,11.244140625,11.244140625,478.013,478.013,478.013,100.0,0.0,11.244140625,478.013,5
11776884.462182902,4.182384490966797,132187346.64799604,204068.3223780613,2066831.6272990508,14068180.119408578,16.3125,16.3125,16.3125,16.3125,16.3125,16.3125,16.3125,16.3125,16.3125,16.3125,16.3125,96.0,96.0,96.0,0.0,0.0,0.0,11.244140625,11.244140625,11.244140625,472.462,472.462,472.462,96.0,0.0,11.244140625,472.462,5
11776885.455830527,4.182384490966797,135022354.53897154,208387.75703853182,2110559.061202677,14365817.047444,19.125,19.125,19.125,19.125,19.125,19.125,19.125,19.125,19.125,19.125,19.125,97.0,97.0,97.0,0.0,0.0,0.0,11.244140625,11.244140625,11.244140625,438.698,438.698,438.698,97.0,0.0,11.244140625,438.698,5
11776886.448974004,4.182384490966797,135118290.72947663,208501.59608378436,2111630.4436635594,14373109.562827157,17.2375,17.2375,17.2375,17.2375,17.2375,17.2375,17.2375,17.2375,17.2375,17.2375,17.2375,100.0,100.0,100.0,0.0,0.0,0.0,11.244140625,11.244140625,11.244140625,510.012,510.012,510.012,100.0,0.0,11.244140625,510.012,5
11776887.461585827,4.182395935058594,132558122.4023076,204492.9708153346,2071032.5043043992,14096773.979493812,16.3625,16.3625,16.3625,16.3625,16.3625,16.3625,16.3625,16.3625,16.3625,16.3625,16.3625,97.0,97.0,97.0,0.0,0.0,0.0,11.244140625,11.244140625,11.244140625,442.423,442.423,442.423,97.0,0.0,11.244140625,442.423,5
11776888.459059197,4.182395935058594,134602649.0529708,207597.5220682584,2102464.14839449,14310717.885067966,17.325,17.325,17.325,17.325,17.325,17.325,17.325,17.325,17.325,17.325,17.325,97.0,97.0,97.0,0.0,0.0,0.0,11.244140625,11.244140625,11.244140625,436.22,436.22,436.22,97.0,0.0,11.244140625,436.22,5
11776889.447816627,4.182395935058594,135822193.56702027,209436.6057754549,2120997.463203981,14436867.49856616,17.175,17.175,17.175,17.175,17.175,17.175,17.175,17.175,17.175,17.175,17.175,99.0,99.0,99.0,0.0,0.0,0.0,11.244140625,11.244140625,11.244140625,526.045,526.045,526.045,99.0,0.0,11.244140625,526.045,5
11776890.458130673,4.182395935058594,132961882.10170329,204969.93081280775,2075742.6954469753,14132888.742828429,19.0,19.0,19.0,19.0,19.0,19.0,19.0,19.0,19.0,19.0,19.0,97.0,97.0,97.0,0.0,0.0,0.0,11.244140625,11.244140625,11.244140625,438.719,438.719,438.719,97.0,0.0,11.244140625,438.719,5
11776891.455616321,4.182399749755859,134704539.51509735,207606.99689332463,2102438.2680968177,14314648.051924817,17.2,17.2,17.2,17.2,17.2,17.2,17.2,17.2,17.2,17.2,17.2,97.0,97.0,97.0,0.0,0.0,0.0,11.244140625,11.244140625,11.244140625,442.444,442.444,442.444,97.0,0.0,11.244140625,442.444,5
11776892.46091891,4.182399749755859,133689587.01478289,206000.66307034966,2086090.319611527,14203341.512042545,16.8625,16.8625,16.8625,16.8625,16.8625,16.8625,16.8625,16.8625,16.8625,16.8625,16.8625,97.0,97.0,97.0,0.0,0.0,0.0,11.244140625,11.244140625,11.244140625,535.632,535.632,535.632,97.0,0.0,11.244140625,535.632,5
11776893.462524135,4.182399749755859,134215653.82950798,206763.0989393225,2093790.9967251648,14255772.294109227,17.5625,17.5625,17.5625,17.5625,17.5625,17.5625,17.5625,17.5625,17.5625,17.5625,17.5625,97.0,97.0,97.0,0.0,0.0,0.0,11.244140625,11.244140625,11.244140625,436.081,436.081,436.081,97.0,0.0,11.244140625,436.081,5
11776894.455564888,4.182399749755859,135406035.9781037,208553.37433446158,2111848.876844573,14378721.06382848,17.15,17.15,17.15,17.15,17.15,17.15,17.15,17.15,17.15,17.15,17.15,96.0,96.0,96.0,0.0,0.0,0.0,11.244140625,11.244140625,11.244140625,442.0,442.0,442.0,96.0,0.0,11.244140625,442.0,5
11776895.460422847,4.182407379150391,133848831.83254007,206100.77085876756,2087013.374124857,14209626.215232912,16.775,16.775,16.775,16.775,16.775,16.775,16.775,16.775,16.775,16.775,16.775,96.0,96.0,96.0,0.0,0.0,0.0,11.244140625,11.244140625,11.244140625,540.829,540.829,540.829,96.0,0.0,11.244140625,540.829,5
11776896.462214552,4.182407379150391,134293798.20467606,206733.59449958155,2093401.2436842672,14253118.623990927,17.400000000000002,17.400000000000002,17.400000000000002,17.400000000000002,17.400000000000002,17.400000000000002,17.400000000000002,17.400000000000002,17.400000000000002,17.400000000000002,17.400000000000002,96.0,96.0,96.0,0.0,0.0,0.0,11.244140625,11.244140625,11.244140625,439.281,439.281,439.281,96.0,0.0,11.244140625,439.281,5
11776897.457900248,4.182407379150391,135148605.08617613,208008.4113961264,2106238.953875986,14340525.377366576,17.637500000000003,17.637500000000003,17.637500000000003,17.637500000000003,17.637500000000003,17.637500000000003,17.637500000000003,17.637500000000003,17.637500000000003,17.637500000000003,17.637500000000003,97.0,97.0,97.0,0.0,0.0,0.0,11.244140625,11.244140625,11.244140625,448.226,448.226,448.226,97.0,0.0,11.244140625,448.226,5
11776898.464030128,4.182407379150391,133779591.22563334,205850.16330298295,2084375.0322104818,14195733.861949122,16.1875,16.1875,16.1875,16.1875,16.1875,16.1875,16.1875,16.1875,16.1875,16.1875,16.1875,96.0,96.0,96.0,0.0,0.0,0.0,11.244140625,11.244140625,11.244140625,506.194,506.194,506.194,96.0,0.0,11.244140625,506.194,5
11776899.46465778,4.182407379150391,134547832.80911887,206982.0873181235,2095836.5443980903,14273793.027961213,17.6,17.6,17.6,17.6,17.6,17.6,17.6,17.6,17.6,17.6,17.6,96.0,96.0,96.0,0.0,0.0,0.0,11.244140625,11.244140625,11.244140625,439.496,439.496,439.496,96.0,0.0,11.244140625,439.496,5
11776900.447989777,4.182407379150391,136942038.3126064,210630.79472949606,2132699.847569294,14524852.28217603,17.425,17.425,17.425,17.425,17.425,17.425,17.425,17.425,17.425,17.425,17.425,100.0,100.0,100.0,0.0,0.0,0.0,11.244140625,11.244140625,11.244140625,476.631,476.631,476.631,100.0,0.0,11.244140625,476.631,5
11776901.461536003,4.182422637939453,132902704.85148327,204353.77743529622,2069123.188536159,14091860.465674974,18.0125,18.0125,18.0125,18.0125,18.0125,18.0125,18.0125,18.0125,18.0125,18.0125,18.0125,97.0,97.0,97.0,0.0,0.0,0.0,11.244140625,11.244140625,11.244140625,474.483,474.483,474.483,97.0,0.0,11.244140625,474.483,5
11776902.460240465,4.182422637939453,134910452.70160338,207390.6826386124,2099872.465874853,14301279.860362524,17.0875,17.0875,17.0875,17.0875,17.0875,17.0875,17.0875,17.0875,17.0875,17.0875,17.0875,97.0,97.0,97.0,0.0,0.0,0.0,11.244140625,11.244140625,11.244140625,435.547,435.547,435.547,97.0,0.0,11.244140625,435.547,5
11776903.449176555,4.182422637939453,136270562.1202228,209446.294778937,2120614.283795303,14442542.983582465,17.5875,17.5875,17.5875,17.5875,17.5875,17.5875,17.5875,17.5875,17.5875,17.5875,17.5875,100.0,100.0,100.0,0.0,0.0,0.0,11.244140625,11.244140625,11.244140625,507.524,507.524,507.524,100.0,0.0,11.244140625,507.524,5
11776904.463520473,4.182422637939453,132894719.12991211,204199.97246799496,2067496.008097372,14080778.477022532,16.5,16.5,16.5,16.5,16.5,16.5,16.5,16.5,16.5,16.5,16.5,97.0,97.0,97.0,0.0,0.0,0.0,11.244140625,11.244140625,11.244140625,444.651,444.651,444.651,97.0,0.0,11.244140625,444.651,5
11776905.45898151,4.182422637939453,135448381.1385912,208073.4375547592,2106714.297441876,14347876.474960592,17.525,17.525,17.525,17.525,17.525,17.525,17.525,17.525,17.525,17.525,17.525,97.0,97.0,97.0,0.0,0.0,0.0,11.244140625,11.244140625,11.244140625,437.654,437.654,437.654,97.0,0.0,11.244140625,437.654,5
11776906.448753553,4.182422637939453,136259884.33873188,209276.47090043515,2118823.2345019183,14430344.958414434,17.4625,17.4625,17.4625,17.4625,17.4625,17.4625,17.4625,17.4625,17.4625,17.4625,17.4625,100.0,100.0,100.0,0.0,0.0,0.0,11.244140625,11.244140625,11.244140625,526.795,526.795,526.795,100.0,0.0,11.244140625,526.795,5
11776907.459962856,4.182422637939453,133408917.9473645,204843.84318889165,2073904.9697367507,14124427.010687597,19.0375,19.0375,19.0375,19.0375,19.0375,19.0375,19.0375,19.0375,19.0375,19.0375,19.0375,96.0,96.0,96.0,0.0,0.0,0.0,11.244140625,11.244140625,11.244140625,435.94,435.94,435.94,96.0,0.0,11.244140625,435.94,5
11776908.459971488,4.182422637939453,134935805.30191746,207138.21208701504,2097133.8985937422,14282628.719524179,17.2375,17.2375,17.2375,17.2375,17.2375,17.2375,17.2375,17.2375,17.2375,17.2375,17.2375,97.0,97.0,97.0,0.0,0.0,0.0,11.244140625,11.244140625,11.244140625,440.605,440.605,440.605,97.0,0.0,11.244140625,440.605,5
11776909.45922091,4.182430267333984,135070996.19354683,207307.60033275353,2098727.2565702223,14293480.358711652,16.7,16.7,16.7,16.7,16.7,16.7,16.7,16.7,16.7,16.7,16.7,97.0,97.0,97.0,0.0,0.0,0.0,11.244140625,11.244140625,11.244140625,538.54,538.54,538.54,97.0,0.0,11.244140625,538.54,5
11776910.454928529,4.182441711425781,135584232.30839702,208046.01294603114,2106192.582978741,14344323.314154042,17.025,17.025,17.025,17.025,17.025,17.025,17.025,17.025,17.025,17.025,17.025,96.0,96.0,96.0,0.0,0.0,0.0,11.244140625,11.244140625,11.244140625,443.548,443.548,443.548,96.0,0.0,11.244140625,443.548,5
11776911.45538948,4.182441711425781,134972767.2141776,207127.52443138033,2096185.7617943864,14292547.840672271,16.925,16.925,16.925,16.925,16.925,16.925,16.925,16.925,16.925,16.925,16.925,97.0,97.0,97.0,0.0,0.0,0.0,11.244140625,11.244140625,11.244140625,444.631,444.631,444.631,97.0,0.0,11.244140625,444.631,5
11776912.453774212,4.725807189941406,135289956.43547308,207565.2733877098,2100544.9414446866,14322270.294108205,17.4375,17.4375,17.4375,17.4375,17.4375,17.4375,17.4375,17.4375,17.4375,17.4375,17.4375,0.0,0.0,0.0,0.0,0.0,0.0,11.234375,11.234375,11.234375,151.73,151.73,151.73,0.0,0.0,11.234375,151.73,5
11776913.44970371,4.181552886962891,135654586.23399124,208084.0063169686,2105723.3506354718,14357578.548961783,38.9125,38.9125,38.9125,38.9125,38.9125,38.9125,38.9125,38.9125,38.9125,38.9125,38.9125,0.0,0.0,0.0,0.0,0.0,0.0,11.236328125,11.236328125,11.236328125,140.0,140.0,140.0,0.0,0.0,11.236328125,140.0,5
11776914.450355312,4.182003021240234,135046139.70552275,207116.04283398308,2095786.3820264959,14289824.72588769,16.8125,16.8125,16.8125,16.8125,16.8125,16.8125,16.8125,16.8125,16.8125,16.8125,16.8125,100.0,100.0,100.0,0.0,0.0,0.0,17.310546875,17.310546875,17.310546875,469.672,469.672,469.672,100.0,0.0,17.310546875,469.672,5
11776915.456610192,4.182003021240234,134331973.65715167,205962.72790238992,2084116.1043659756,14210252.578792227,16.2375,16.2375,16.2375,16.2375,16.2375,16.2375,16.2375,16.2375,16.2375,16.2375,16.2375,97.0,97.0,97.0,0.0,0.0,0.0,17.3125,17.3125,17.3125,518.686,518.686,518.686,97.0,0.0,17.3125,518.686,5
11776916.458875649,4.182003021240234,134899231.58289406,206782.54302720504,2092411.7310632477,14266815.142855072,16.7375,16.7375,16.7375,16.7375,16.7375,16.7375,16.7375,16.7375,16.7375,16.7375,16.7375,97.0,97.0,97.0,0.0,0.0,0.0,17.3125,17.3125,17.3125,475.98,475.98,475.98,97.0,0.0,17.3125,475.98,5
11776917.457287489,4.182018280029297,135452596.4188406,207582.67453611727,2100487.9112426233,14321881.441695308,17.1125,17.1125,17.1125,17.1125,17.1125,17.1125,17.1125,17.1125,17.1125,17.1125,17.1125,98.0,98.0,98.0,0.0,0.0,0.0,17.3125,17.3125,17.3125,477.859,477.859,477.859,98.0,0.0,17.3125,477.859,5
11776918.451044794,4.182018280029297,136117161.83483702,208562.99502717043,2110326.1209162385,14388961.89085662,16.55,16.55,16.55,16.55,16.55,16.55,16.55,16.55,16.55,16.55,16.55,100.0,100.0,100.0,0.0,0.0,0.0,17.3125,17.3125,17.3125,524.808,524.808,524.808,100.0,0.0,17.3125,524.808,5
11776919.459063824,4.182064056396484,134229104.76934424,205613.18170812924,2080468.659211851,14185382.986930804,16.0125,16.0125,16.0125,16.0125,16.0125,16.0125,16.0125,16.0125,16.0125,16.0125,16.0125,97.0,97.0,97.0,0.0,0.0,0.0,17.3125,17.3125,17.3125,620.678,620.678,620.678,97.0,0.0,17.3125,620.678,5
11776920.460454797,4.182064056396484,135150137.79305407,206975.10319783472,2094238.969915255,14279273.914012022,16.7625,16.7625,16.7625,16.7625,16.7625,16.7625,16.7625,16.7625,16.7625,16.7625,16.7625,98.0,98.0,98.0,0.0,0.0,0.0,17.3125,17.3125,17.3125,475.958,475.958,475.958,98.0,0.0,17.3125,475.958,5
11776921.456116876,4.182064056396484,135960550.22642255,208167.01220751952,2106288.9164786167,14365548.625670565,17.0125,17.0125,17.0125,17.0125,17.0125,17.0125,17.0125,17.0125,17.0125,17.0125,17.0125,98.0,98.0,98.0,0.0,0.0,0.0,17.3125,17.3125,17.3125,480.756,480.756,480.756,98.0,0.0,17.3125,480.756,5
11776922.456482628,4.1821136474609375,135353889.9456703,207197.21705287893,2096385.2413815556,14445404.55389478,17.049999999999997,17.049999999999997,17.049999999999997,17.049999999999997,17.049999999999997,17.049999999999997,17.049999999999997,17.049999999999997,17.049999999999997,17.049999999999997,17.049999999999997,97.0,97.0,97.0,0.0,0.0,0.0,17.3125,17.3125,17.3125,482.459,482.459,482.459,97.0,0.0,17.3125,482.459,5
11776923.452219157,4.1821136474609375,136013198.43760002,208168.52061981036,2106131.4319926887,14512561.89857462,17.3875,17.3875,17.3875,17.3875,17.3875,17.3875,17.3875,17.3875,17.3875,17.3875,17.3875,100.0,100.0,100.0,0.0,0.0,0.0,17.3125,17.3125,17.3125,623.942,623.942,623.942,100.0,0.0,17.3125,623.942,5
11776924.45372634,4.1821136474609375,135270178.0146645,206970.05813574922,2093995.963757117,14428940.937763885,16.900000000000002,16.900000000000002,16.900000000000002,16.900000000000002,16.900000000000002,16.900000000000002,16.900000000000002,16.900000000000002,16.900000000000002,16.900000000000002,16.900000000000002,97.0,97.0,97.0,0.0,0.0,0.0,17.3125,17.3125,17.3125,513.278,513.278,513.278,97.0,0.0,17.3125,513.278,5
11776925.454884414,4.1821136474609375,135349897.86403257,207042.22987099164,2094726.1530591652,14433972.39842331,16.8,16.8,16.8,16.8,16.8,16.8,16.8,16.8,16.8,16.8,16.8,98.0,98.0,98.0,0.0,0.0,0.0,17.3125,17.3125,17.3125,482.979,482.979,482.979,98.0,0.0,17.3125,482.979,5
11776926.45719954,4.182132720947266,135226165.340132,206803.2244039605,2092308.0424986954,14417310.105342573,16.4875,16.4875,16.4875,16.4875,16.4875,16.4875,16.4875,16.4875,16.4875,16.4875,16.4875,97.0,97.0,97.0,0.0,0.0,0.0,17.3125,17.3125,17.3125,482.181,482.181,482.181,97.0,0.0,17.3125,482.181,5
11776927.451410215,4.182140350341797,136355810.0511034,208497.05715058534,2109363.7917770483,14534834.877713725,16.45,16.45,16.45,16.45,16.45,16.45,16.45,16.45,16.45,16.45,16.45,100.0,100.0,100.0,0.0,0.0,0.0,17.3125,17.3125,17.3125,538.135,538.135,538.135,100.0,0.0,17.3125,538.135,5
11776928.458469367,4.182140350341797,134656585.78648308,205836.96571449935,2082451.6586525822,14349393.460402949,16.425,16.425,16.425,16.425,16.425,16.425,16.425,16.425,16.425,16.425,16.425,97.0,97.0,97.0,0.0,0.0,0.0,17.3125,17.3125,17.3125,594.685,594.685,594.685,97.0,0.0,17.3125,594.685,5
11776929.458397139,4.182140350341797,135651852.83366868,207308.97346919816,2097303.4835975757,14451731.816664545,17.2875,17.2875,17.2875,17.2875,17.2875,17.2875,17.2875,17.2875,17.2875,17.2875,17.2875,97.0,97.0,97.0,0.0,0.0,0.0,17.3125,17.3125,17.3125,476.763,476.763,476.763,97.0,0.0,17.3125,476.763,5
11776930.45784417,4.182140350341797,135749666.36450726,207409.6911405734,2098312.30176722,14458683.204364749,16.4875,16.4875,16.4875,16.4875,16.4875,16.4875,16.4875,16.4875,16.4875,16.4875,16.4875,97.0,97.0,97.0,0.0,0.0,0.0,17.3125,17.3125,17.3125,481.811,481.811,481.811,97.0,0.0,17.3125,481.811,5
11776931.459644385,4.182140350341797,135463785.07951438,206929.4824682542,2093383.4599630693,14424720.403808024,16.7625,16.7625,16.7625,16.7625,16.7625,16.7625,16.7625,16.7625,16.7625,16.7625,16.7625,97.0,97.0,97.0,0.0,0.0,0.0,17.3125,17.3125,17.3125,483.003,483.003,483.003,97.0,0.0,17.3125,483.003,5
11776932.452149129,4.182140350341797,136761561.93693706,208868.52308024289,2112989.3967515063,14563944.49440638,16.5875,16.5875,16.5875,16.5875,16.5875,16.5875,16.5875,16.5875,16.5875,16.5875,16.5875,100.0,100.0,100.0,0.0,0.0,0.0,17.3125,17.3125,17.3125,648.827,648.827,648.827,100.0,0.0,17.3125,648.827,5
11776933.454491453,4.182140350341797,135455487.26589397,206818.56376885253,2092251.268167738,14421005.32297646,16.05,16.05,16.05,16.05,16.05,16.05,16.05,16.05,16.05,16.05,16.05,98.0,98.0,98.0,0.0,0.0,0.0,17.3125,17.3125,17.3125,489.179,489.179,489.179,98.0,0.0,17.3125,489.179,5
11776934.45776802,4.182140350341797,135366991.11350724,206627.96981048243,2090302.984221282,14407576.623665828,18.1875,18.1875,18.1875,18.1875,18.1875,18.1875,18.1875,18.1875,18.1875,18.1875,18.1875,98.0,98.0,98.0,0.0,0.0,0.0,17.3125,17.3125,17.3125,483.685,483.685,483.685,98.0,0.0,17.3125,483.685,5
11776935.45560911,4.182140350341797,136136718.92877528,207753.5211618688,2101689.3582482594,14486058.096207242,16.45,16.45,16.45,16.45,16.45,16.45,16.45,16.45,16.45,16.45,16.45,97.0,97.0,97.0,0.0,0.0,0.0,17.3125,17.3125,17.3125,484.661,484.661,484.661,97.0,0.0,17.3125,484.661,5
11776936.451407608,4.182140350341797,136443909.3043296,208186.69674110005,2106000.363915217,14515772.039564064,16.325,16.325,16.325,16.325,16.325,16.325,16.325,16.325,16.325,16.325,16.325,100.0,100.0,100.0,0.0,0.0,0.0,17.3125,17.3125,17.3125,561.431,561.431,561.431,100.0,0.0,17.3125,561.431,5
11776937.458203277,4.182151794433594,134991295.83903658,205913.67880153935,2082996.6443300992,14357217.105158048,16.075,16.075,16.075,16.075,16.075,16.075,16.075,16.075,16.075,16.075,16.075,97.0,97.0,97.0,0.0,0.0,0.0,17.3125,17.3125,17.3125,577.483,577.483,577.483,97.0,0.0,17.3125,577.483,5
11776938.4582486,4.182163238525391,135935078.91322613,207303.60422442557,2097056.9535266121,14454128.884756668,16.45,16.45,16.45,16.45,16.45,16.45,16.45,16.45,16.45,16.45,16.45,97.0,97.0,97.0,0.0,0.0,0.0,17.3125,17.3125,17.3125,477.511,477.511,477.511,97.0,0.0,17.3125,477.511,5
11776939.45750872,4.182209014892578,136077241.8169084,207467.5010352008,2098704.7895027515,14465486.722959395,17.45,17.45,17.45,17.45,17.45,17.45,17.45,17.45,17.45,17.45,17.45,97.0,97.0,97.0,0.0,0.0,0.0,17.3125,17.3125,17.3125,483.201,483.201,483.201,97.0,0.0,17.3125,483.201,5
11776940.452096708,4.182209014892578,136749239.5718623,208451.14014245418,2108563.57206884,14533439.152013546,16.4625,16.4625,16.4625,16.4625,16.4625,16.4625,16.4625,16.4625,16.4625,16.4625,16.4625,98.0,98.0,98.0,0.0,0.0,0.0,17.3125,17.3125,17.3125,486.383,486.383,486.383,98.0,0.0,17.3125,486.383,5
11776941.453101682,4.182209014892578,135905288.79624423,207114.85507442485,2095046.5339062246,14440271.910459114,15.9875,15.9875,15.9875,15.9875,15.9875,15.9875,15.9875,15.9875,15.9875,15.9875,15.9875,100.0,100.0,100.0,0.0,0.0,0.0,17.3125,17.3125,17.3125,654.634,654.634,654.634,100.0,0.0,17.3125,654.634,5
11776942.456064628,4.182209014892578,135675066.98199302,206711.52473030429,2090956.6066215541,14412081.767123954,16.4375,16.4375,16.4375,16.4375,16.4375,16.4375,16.4375,16.4375,16.4375,16.4375,16.4375,98.0,98.0,98.0,0.0,0.0,0.0,17.3125,17.3125,17.3125,481.968,481.968,481.968,98.0,0.0,17.3125,481.968,5
11776943.458109451,4.182209014892578,135831940.72066846,206900.92422713694,2092872.4462425415,14425286.84138658,16.9375,16.9375,16.9375,16.9375,16.9375,16.9375,16.9375,16.9375,16.9375,16.9375,16.9375,97.0,97.0,97.0,0.0,0.0,0.0,17.3125,17.3125,17.3125,477.118,477.118,477.118,97.0,0.0,17.3125,477.118,5
11776944.458396584,4.182209014892578,136105952.57966235,207265.48737608737,2096550.0126937726,14450634.755461568,17.2875,17.2875,17.2875,17.2875,17.2875,17.2875,17.2875,17.2875,17.2875,17.2875,17.2875,97.0,97.0,97.0,0.0,0.0,0.0,17.3125,17.3125,17.3125,484.184,484.184,484.184,97.0,0.0,17.3125,484.184,5
11776945.45251644,4.182209014892578,136980478.87156135,208560.364872489,2109556.4948974606,14540282.950181909,17.2375,17.2375,17.2375,17.2375,17.2375,17.2375,17.2375,17.2375,17.2375,17.2375,17.2375,100.0,100.0,100.0,0.0,0.0,0.0,17.3125,17.3125,17.3125,578.89,578.89,578.89,100.0,0.0,17.3125,578.89,5
11776946.456034148,4.182209014892578,135735100.5766368,206607.21618207407,2089800.6917855681,14404114.533811074,15.775,15.775,15.775,15.775,15.775,15.775,15.775,15.775,15.775,15.775,15.775,97.0,97.0,97.0,0.0,0.0,0.0,17.3125,17.3125,17.3125,556.142,556.142,556.142,97.0,0.0,17.3125,556.142,5
11776947.459537024,4.182209014892578,135769692.66090927,206610.269933665,2089831.5800202833,14404327.433381991,16.5,16.5,16.5,16.5,16.5,16.5,16.5,16.5,16.5,16.5,16.5,97.0,97.0,97.0,0.0,0.0,0.0,17.3125,17.3125,17.3125,479.658,479.658,479.658,97.0,0.0,17.3125,479.658,5
11776948.456263771,4.182209014892578,136725892.354989,208014.88522182536,2104039.050868268,14502253.536160387,16.45,16.45,16.45,16.45,16.45,16.45,16.45,16.45,16.45,16.45,16.45,98.0,98.0,98.0,0.0,0.0,0.0,17.3125,17.3125,17.3125,482.433,482.433,482.433,98.0,0.0,17.3125,482.433,5
11776949.459650869,4.182209014892578,135846257.51213646,206642.08316439213,2090072.720396115,14405989.512261502,16.525,16.525,16.525,16.525,16.525,16.525,16.525,16.525,16.525,16.525,16.525,95.0,95.0,95.0,0.0,0.0,0.0,17.3125,17.3125,17.3125,497.797,497.797,497.797,95.0,0.0,17.3125,497.797,5
11776950.45799658,4.182209014892578,136574921.22599646,207689.5783356679,2100627.041687819,14478735.996320926,17.787499999999998,17.787499999999998,17.787499999999998,17.787499999999998,17.787499999999998,17.787499999999998,17.787499999999998,17.787499999999998,17.787499999999998,17.787499999999998,17.787499999999998,97.0,97.0,97.0,0.0,0.0,0.0,17.3125,17.3125,17.3125,643.355,643.355,643.355,97.0,0.0,17.3125,643.355,5
11776951.459124872,4.182209014892578,136228116.94481725,207112.31688956375,2094788.467535339,14438493.167836351,16.3375,16.3375,16.3375,16.3375,16.3375,16.3375,16.3375,16.3375,16.3375,16.3375,16.3375,97.0,97.0,97.0,0.0,0.0,0.0,17.3125,17.3125,17.3125,478.226,478.226,478.226,97.0,0.0,17.3125,478.226,5
11776952.459856404,4.182209014892578,136314763.45244572,207195.43000994762,2095618.9886336513,14444217.599390928,16.974999999999998,16.974999999999998,16.974999999999998,16.974999999999998,16.974999999999998,16.974999999999998,16.974999999999998,16.974999999999998,16.974999999999998,16.974999999999998,16.974999999999998,98.0,98.0,98.0,0.0,0.0,0.0,17.3125,17.3125,17.3125,479.541,479.541,479.541,98.0,0.0,17.3125,479.541,5
11776953.4604049,4.182209014892578,136372370.18556476,207234.3326229227,2096002.3493297624,14450953.697527464,16.7125,16.7125,16.7125,16.7125,16.7125,16.7125,16.7125,16.7125,16.7125,16.7125,16.7125,97.0,97.0,97.0,0.0,0.0,0.0,17.3125,17.3125,17.3125,485.446,485.446,485.446,97.0,0.0,17.3125,485.446,5
11776954.453321563,4.182209014892578,137447991.54774314,208834.2434811806,2112112.808396445,14562027.761014553,16.725,16.725,16.725,16.725,16.725,16.725,16.725,16.725,16.725,16.725,16.725,100.0,100.0,100.0,0.0,0.0,0.0,17.3125,17.3125,17.3125,593.148,593.148,593.148,100.0,0.0,17.3125,593.148,5
11776955.462674076,4.182209014892578,135250284.00687596,205435.66038590966,2077720.0964984603,14324906.13406165,17.025,17.025,17.025,17.025,17.025,17.025,17.025,17.025,17.025,17.025,17.025,97.0,97.0,97.0,0.0,0.0,0.0,17.3125,17.3125,17.3125,540.573,540.573,540.573,97.0,0.0,17.3125,540.573,5
11776956.462576428,4.182209014892578,136563894.09680653,207378.2499281135,2097356.801248291,14460292.00860638,16.925,16.925,16.925,16.925,16.925,16.925,16.925,16.925,16.925,16.925,16.925,97.0,97.0,97.0,0.0,0.0,0.0,17.3125,17.3125,17.3125,477.966,477.966,477.966,97.0,0.0,17.3125,477.966,5
11776957.46134918,4.182209014892578,136751018.47683656,207612.7924798585,2099728.889045613,14476646.442052761,16.725,16.725,16.725,16.725,16.725,16.725,16.725,16.725,16.725,16.725,16.725,97.0,97.0,97.0,0.0,0.0,0.0,17.3125,17.3125,17.3125,477.414,477.414,477.414,97.0,0.0,17.3125,477.414,5
11776958.454232054,4.182209014892578,137589644.85759908,208851.4219136551,2112184.6848265887,14562523.315308318,16.7,16.7,16.7,16.7,16.7,16.7,16.7,16.7,16.7,16.7,16.7,100.0,100.0,100.0,0.0,0.0,0.0,17.3125,17.3125,17.3125,510.676,510.676,510.676,100.0,0.0,17.3125,510.676,5
11776959.458159292,4.182209014892578,136113918.2092137,206553.81395381596,2088948.2026420708,14402318.66274709,16.2375,16.2375,16.2375,16.2375,16.2375,16.2375,16.2375,16.2375,16.2375,16.2375,16.2375,97.0,97.0,97.0,0.0,0.0,0.0,17.3125,17.3125,17.3125,623.892,623.892,623.892,97.0,0.0,17.3125,623.892,5
11776960.461918335,4.182209014892578,136171966.68219227,206590.417676405,2089298.2374770725,14404731.988855598,16.9,16.9,16.9,16.9,16.9,16.9,16.9,16.9,16.9,16.9,16.9,96.0,96.0,96.0,0.0,0.0,0.0,17.3125,17.3125,17.3125,476.041,476.041,476.041,96.0,0.0,17.3125,476.041,5
11776961.46207676,4.182209014892578,136697561.63131413,207336.15268282167,2096819.8104397708,14456589.708696077,17.45,17.45,17.45,17.45,17.45,17.45,17.45,17.45,17.45,17.45,17.45,97.0,97.0,97.0,0.0,0.0,0.0,17.3125,17.3125,17.3125,479.843,479.843,479.843,97.0,0.0,17.3125,479.843,5
11776962.463017512,4.182209014892578,136623325.431127,207175.0997588143,2095180.9558248394,14445290.574339224,16.9,16.9,16.9,16.9,16.9,16.9,16.9,16.9,16.9,16.9,16.9,97.0,97.0,97.0,0.0,0.0,0.0,17.3125,17.3125,17.3125,479.182,479.182,479.182,97.0,0.0,17.3125,479.182,5
11776963.454933168,4.182209014892578,137893850.28621522,209071.20347635643,2114244.2775029913,14576723.241378047,16.5375,16.5375,16.5375,16.5375,16.5375,16.5375,16.5375,16.5375,16.5375,16.5375,16.5375,100.0,100.0,100.0,0.0,0.0,0.0,17.3125,17.3125,17.3125,605.985,605.985,605.985,100.0,0.0,17.3125,605.985,5
11776964.459543005,4.182209014892578,136189326.50371668,206429.3942919392,2087528.8338764347,14392532.780437138,16.375,16.375,16.375,16.375,16.375,16.375,16.375,16.375,16.375,16.375,16.375,97.0,97.0,97.0,0.0,0.0,0.0,17.3125,17.3125,17.3125,525.493,525.493,525.493,97.0,0.0,17.3125,525.493,5
11776965.457273036,4.182212829589844,137161124.4168268,207852.81932974752,2101923.2994489307,14491775.87315376,16.8,16.8,16.8,16.8,16.8,16.8,16.8,16.8,16.8,16.8,16.8,97.0,97.0,97.0,0.0,0.0,0.0,17.3125,17.3125,17.3125,476.85,476.85,476.85,97.0,0.0,17.3125,476.85,5
11776966.45994499,4.182212829589844,136523119.6013245,206830.35894180858,2091563.4401832926,14420349.499701217,18.049999999999997,18.049999999999997,18.049999999999997,18.049999999999997,18.049999999999997,18.049999999999997,18.049999999999997,18.049999999999997,18.049999999999997,18.049999999999997,18.049999999999997,97.0,97.0,97.0,0.0,0.0,0.0,17.3125,17.3125,17.3125,481.406,481.406,481.406,97.0,0.0,17.3125,481.406,5
11776967.4569778,4.182216644287109,137322702.54942533,208008.19984997925,2103393.167166288,14501909.922064448,16.7375,16.7375,16.7375,16.7375,16.7375,16.7375,16.7375,16.7375,16.7375,16.7375,16.7375,100.0,100.0,100.0,0.0,0.0,0.0,17.3125,17.3125,17.3125,529.987,529.987,529.987,100.0,0.0,17.3125,529.987,5
11776968.462413868,4.182216644287109,136212768.07568634,206269.70378124464,2085813.3758178742,14380705.501244329,16.2375,16.2375,16.2375,16.2375,16.2375,16.2375,16.2375,16.2375,16.2375,16.2375,16.2375,96.0,96.0,96.0,0.0,0.0,0.0,17.3125,17.3125,17.3125,613.368,613.368,613.368,96.0,0.0,17.3125,613.368,5
11776969.46323573,4.182216644287109,136873398.90401748,207220.69311009397,2095429.8450618386,14447006.548961505,16.95,16.95,16.95,16.95,16.95,16.95,16.95,16.95,16.95,16.95,16.95,96.0,96.0,96.0,0.0,0.0,0.0,17.3125,17.3125,17.3125,480.926,480.926,480.926,96.0,0.0,17.3125,480.926,5
11776970.46131666,4.182216644287109,137282007.81826368,207790.76507729996,2101184.320337283,14486680.958575409,16.525,16.525,16.525,16.525,16.525,16.525,16.525,16.525,16.525,16.525,16.525,96.0,96.0,96.0,0.0,0.0,0.0,17.3125,17.3125,17.3125,485.274,485.274,485.274,96.0,0.0,17.3125,485.274,5
11776971.464393916,4.182228088378906,136633496.81198692,206757.75355290348,2090718.3254046822,14418606.263679557,17.45,17.45,17.45,17.45,17.45,17.45,17.45,17.45,17.45,17.45,17.45,97.0,97.0,97.0,0.0,0.0,0.0,17.3125,17.3125,17.3125,500.71,500.71,500.71,97.0,0.0,17.3125,500.71,5
11776972.45644658,4.182228088378906,138182102.46199304,209063.4976562662,2113952.2870407905,14578838.917072326,17.349999999999998,17.349999999999998,17.349999999999998,17.349999999999998,17.349999999999998,17.349999999999998,17.349999999999998,17.349999999999998,17.349999999999998,17.349999999999998,17.349999999999998,100.0,100.0,100.0,0.0,0.0,0.0,17.3125,17.3125,17.3125,630.591,630.591,630.591,100.0,0.0,17.3125,630.591,5
11776973.46276806,4.182228088378906,136260682.00987414,206100.14235342736,2083978.176481415,14372122.93194507,16.2625,16.2625,16.2625,16.2625,16.2625,16.2625,16.2625,16.2625,16.2625,16.2625,16.2625,96.0,96.0,96.0,0.0,0.0,0.0,17.3125,17.3125,17.3125,506.759,506.759,506.759,96.0,0.0,17.3125,506.759,5
11776974.463740803,4.182228088378906,137021424.22110596,207201.44602054567,2095113.9902743904,14448920.897771236,16.5375,16.5375,16.5375,16.5375,16.5375,16.5375,16.5375,16.5375,16.5375,16.5375,16.5375,96.0,96.0,96.0,0.0,0.0,0.0,17.3125,17.3125,17.3125,479.11,479.11,479.11,96.0,0.0,17.3125,479.11,5
11776975.462156514,4.1822357177734375,137405060.40757066,207732.10781706267,2100479.7682423526,14485925.901687006,16.9375,16.9375,16.9375,16.9375,16.9375,16.9375,16.9375,16.9375,16.9375,16.9375,16.9375,96.0,96.0,96.0,0.0,0.0,0.0,17.3125,17.3125,17.3125,485.183,485.183,485.183,96.0,0.0,17.3125,485.183,5
11776976.456609331,4.1822357177734375,137982749.5119495,208567.96459128815,2108850.177081009,14543652.29545516,16.95,16.95,16.95,16.95,16.95,16.95,16.95,16.95,16.95,16.95,16.95,100.0,100.0,100.0,0.0,0.0,0.0,17.3125,17.3125,17.3125,537.024,537.024,537.024,100.0,0.0,17.3125,537.024,5
11776977.46346516,4.1822357177734375,136323564.99233663,206000.69452879456,2082872.185120752,14364495.479807373,16.799999999999997,16.799999999999997,16.799999999999997,16.799999999999997,16.799999999999997,16.799999999999997,16.799999999999997,16.799999999999997,16.799999999999997,16.799999999999997,16.799999999999997,96.0,96.0,96.0,0.0,0.0,0.0,17.3125,17.3125,17.3125,585.754,585.754,585.754,96.0,0.0,17.3125,585.754,5
11776978.46142922,4.1822357177734375,137570922.15232372,207836.14192851094,2101430.386319375,14492481.824401787,16.85,16.85,16.85,16.85,16.85,16.85,16.85,16.85,16.85,16.85,16.85,96.0,96.0,96.0,0.0,0.0,0.0,17.3125,17.3125,17.3125,479.204,479.204,479.204,96.0,0.0,17.3125,479.204,5
11776979.462437363,4.182239532470703,137185193.61838466,207204.10849407752,2095039.8988326269,14448409.927300792,16.7875,16.7875,16.7875,16.7875,16.7875,16.7875,16.7875,16.7875,16.7875,16.7875,16.7875,96.0,96.0,96.0,0.0,0.0,0.0,17.3125,17.3125,17.3125,481.046,481.046,481.046,96.0,0.0,17.3125,481.046,5
11776980.464248808,4.182239532470703,137107797.79820982,207045.94770308468,2093359.9940093793,14436824.489935778,16.525,16.525,16.525,16.525,16.525,16.525,16.525,16.525,16.525,16.525,16.525,97.0,97.0,97.0,0.0,0.0,0.0,17.3125,17.3125,17.3125,481.493,481.493,481.493,97.0,0.0,17.3125,481.493,5
11776981.457360974,4.182239532470703,138338990.07115617,208860.5972312996,2111697.01962576,14563285.500583122,16.3,16.3,16.3,16.3,16.3,16.3,16.3,16.3,16.3,16.3,16.3,100.0,100.0,100.0,0.0,0.0,0.0,17.3125,17.3125,17.3125,653.649,653.649,653.649,100.0,0.0,17.3125,653.649,5
11776982.46230972,4.182239532470703,136750211.87948543,206401.57096604578,2086824.8330926888,14391754.854785712,17.15,17.15,17.15,17.15,17.15,17.15,17.15,17.15,17.15,17.15,17.15,96.0,96.0,96.0,0.0,0.0,0.0,17.3125,17.3125,17.3125,482.139,482.139,482.139,96.0,0.0,17.3125,482.139,5
11776983.463423995,4.182239532470703,137306623.61988652,207194.12869874682,2094817.7962580898,14446878.20036585,17.2,17.2,17.2,17.2,17.2,17.2,17.2,17.2,17.2,17.2,17.2,97.0,97.0,97.0,0.0,0.0,0.0,17.3125,17.3125,17.3125,476.651,476.651,476.651,97.0,0.0,17.3125,476.651,5
11776984.464167697,4.182239532470703,137390103.6976775,207270.8522414488,2095593.5028075632,14452227.848463878,16.6125,16.6125,16.6125,16.6125,16.6125,16.6125,16.6125,16.6125,16.6125,16.6125,16.6125,97.0,97.0,97.0,0.0,0.0,0.0,17.3125,17.3125,17.3125,481.956,481.956,481.956,97.0,0.0,17.3125,481.956,5
11776985.457205104,4.182247161865234,138484487.2105636,208949.83277779268,2111855.99513055,14580880.747629872,14.625,14.625,14.625,14.625,14.625,14.625,14.625,14.625,14.625,14.625,14.625,0.0,0.0,0.0,0.0,0.0,0.0,5.947265625,5.947265625,5.947265625,333.293,333.293,333.293,0.0,0.0,5.947265625,333.293,5
11776986.456565645,4.182254791259766,137642134.5179725,207636.77522920372,2098493.901059618,14492723.50419299,64.45,64.45,64.45,64.45,64.45,64.45,64.45,64.45,64.45,64.45,64.45,0.0,0.0,0.0,0.0,0.0,0.0,11.236328125,11.236328125,11.236328125,144.17,144.17,144.17,0.0,0.0,11.236328125,144.17,5
11776987.45764892,4.184173583984375,137439927.72062054,207292.44521355096,2094882.6653454362,14467783.407541918,18.65,18.65,18.65,18.65,18.65,18.65,18.65,18.65,18.65,18.65,18.65,100.0,100.0,100.0,0.0,0.0,0.0,28.37890625,28.37890625,28.37890625,377.051,377.051,377.051,100.0,0.0,28.37890625,377.051,5
11776988.45765778,4.184173583984375,137622990.57732028,207516.161281684,2097133.4181333967,14483327.66898377,17.0625,17.0625,17.0625,17.0625,17.0625,17.0625,17.0625,17.0625,17.0625,17.0625,17.0625,100.0,100.0,100.0,0.0,0.0,0.0,28.37890625,28.37890625,28.37890625,660.028,660.028,660.028,100.0,0.0,28.37890625,660.028,5
11776989.462271137,4.1841888427734375,137030109.23229808,206565.04178775856,2087521.5186888915,14416945.488445157,16.3125,16.3125,16.3125,16.3125,16.3125,16.3125,16.3125,16.3125,16.3125,16.3125,16.3125,97.0,97.0,97.0,0.0,0.0,0.0,28.380859375,28.380859375,28.380859375,592.712,592.712,592.712,97.0,0.0,28.380859375,592.712,5
11776990.460996429,4.1841888427734375,137870658.92267588,207783.8638903887,2099828.669786653,14501941.750714071,16.6,16.6,16.6,16.6,16.6,16.6,16.6,16.6,16.6,16.6,16.6,98.0,98.0,98.0,0.0,0.0,0.0,28.380859375,28.380859375,28.380859375,573.307,573.307,573.307,98.0,0.0,28.380859375,573.307,5
11776991.457708947,4.1841888427734375,138181820.12812456,208205.4715618519,2104069.0874508163,14531227.1352072,16.525,16.525,16.525,16.525,16.525,16.525,16.525,16.525,16.525,16.525,16.525,98.0,98.0,98.0,0.0,0.0,0.0,28.3828125,28.3828125,28.3828125,581.577,581.577,581.577,98.0,0.0,28.3828125,581.577,5
11776992.458661202,4.1841888427734375,137629137.96786654,207323.5750929799,2095156.876428858,14469677.1778368,16.325,16.325,16.325,16.325,16.325,16.325,16.325,16.325,16.325,16.325,16.325,98.0,98.0,98.0,0.0,0.0,0.0,28.3828125,28.3828125,28.3828125,581.576,581.576,581.576,98.0,0.0,28.3828125,581.576,5
11776993.46532378,4.1841888427734375,136883451.41146895,206149.5129161471,2083272.0388155708,14387597.518070035,16.675,16.675,16.675,16.675,16.675,16.675,16.675,16.675,16.675,16.675,16.675,97.0,97.0,97.0,0.0,0.0,0.0,28.3828125,28.3828125,28.3828125,581.462,581.462,581.462,97.0,0.0,28.3828125,581.462,5
11776994.456723137,4.1841888427734375,139021181.53859448,209334.41051247093,2115345.32980162,14609103.683942439,17.25,17.25,17.25,17.25,17.25,17.25,17.25,17.25,17.25,17.25,17.25,100.0,100.0,100.0,0.0,0.0,0.0,28.3828125,28.3828125,28.3828125,608.209,608.209,608.209,100.0,0.0,28.3828125,608.209,5
11776995.457534797,4.1841888427734375,137746346.70900166,207365.6894271826,2095451.2046873998,14471709.882372355,15.975,15.975,15.975,15.975,15.975,15.975,15.975,15.975,15.975,15.975,15.975,100.0,100.0,100.0,0.0,0.0,0.0,28.3828125,28.3828125,28.3828125,684.394,684.394,684.394,100.0,0.0,28.3828125,684.394,5
11776996.458892543,4.1841888427734375,137709239.91582984,207252.60373494972,2094308.462362588,14463817.818191621,15.925,15.925,15.925,15.925,15.925,15.925,15.925,15.925,15.925,15.925,15.925,98.0,98.0,98.0,0.0,0.0,0.0,28.3828125,28.3828125,28.3828125,632.461,632.461,632.461,98.0,0.0,28.3828125,632.461,5
11776997.466951044,4.1841888427734375,136826232.6119134,205874.95637428795,2080387.1968460626,14367674.07821812,16.4625,16.4625,16.4625,16.4625,16.4625,16.4625,16.4625,16.4625,16.4625,16.4625,16.4625,97.0,97.0,97.0,0.0,0.0,0.0,28.3828125,28.3828125,28.3828125,588.251,588.251,588.251,97.0,0.0,28.3828125,588.251,5
11776998.460152268,4.1841888427734375,138908631.6525456,208955.64257996838,2111507.667371122,14582599.827781811,17.037499999999998,17.037499999999998,17.037499999999998,17.037499999999998,17.037499999999998,17.037499999999998,17.037499999999998,17.037499999999998,17.037499999999998,17.037499999999998,17.037499999999998,98.0,98.0,98.0,0.0,0.0,0.0,28.3828125,28.3828125,28.3828125,583.912,583.912,583.912,98.0,0.0,28.3828125,583.912,5
11776999.462256871,4.1841888427734375,137707040.3835476,207099.13858256408,2092747.597642332,14453038.096217357,16.4125,16.4125,16.4125,16.4125,16.4125,16.4125,16.4125,16.4125,16.4125,16.4125,16.4125,98.0,98.0,98.0,0.0,0.0,0.0,28.3828125,28.3828125,28.3828125,585.182,585.182,585.182,98.0,0.0,28.3828125,585.182,5
11777000.45856482,4.184207916259766,138539968.684753,208305.07303564803,2104923.4856933514,14537127.823069708,16.45,16.45,16.45,16.45,16.45,16.45,16.45,16.45,16.45,16.45,16.45,98.0,98.0,98.0,0.0,0.0,0.0,28.3828125,28.3828125,28.3828125,586.841,586.841,586.841,98.0,0.0,28.3828125,586.841,5
11777001.468957864,4.184207916259766,136640751.65855208,205411.1528544012,2075580.401602118,14334477.14856463,16.275,16.275,16.275,16.275,16.275,16.275,16.275,16.275,16.275,16.275,16.275,100.0,100.0,100.0,0.0,0.0,0.0,28.3828125,28.3828125,28.3828125,601.158,601.158,601.158,100.0,0.0,28.3828125,601.158,5
11777002.458758837,4.184207916259766,139515012.39731514,209684.5787082394,2118761.3040344873,14632695.255988177,15.925,15.925,15.925,15.925,15.925,15.925,15.925,15.925,15.925,15.925,15.925,100.0,100.0,100.0,0.0,0.0,0.0,28.3828125,28.3828125,28.3828125,684.932,684.932,684.932,100.0,0.0,28.3828125,684.932,5
11777003.468519308,4.184234619140625,136797712.8822196,205540.82472841057,2076880.666359117,14343457.102042653,16.575000000000003,16.575000000000003,16.575000000000003,16.575000000000003,16.575000000000003,16.575000000000003,16.575000000000003,16.575000000000003,16.575000000000003,16.575000000000003,16.575000000000003,98.0,98.0,98.0,0.0,0.0,0.0,28.3828125,28.3828125,28.3828125,637.855,637.855,637.855,98.0,0.0,28.3828125,637.855,5
11777004.46677311,4.184234619140625,138407276.53194794,207911.0539002709,2100820.4488073164,14508791.224575529,16.6,16.6,16.6,16.6,16.6,16.6,16.6,16.6,16.6,16.6,16.6,97.0,97.0,97.0,0.0,0.0,0.0,28.3828125,28.3828125,28.3828125,582.47,582.47,582.47,97.0,0.0,28.3828125,582.47,5
11777005.463156668,4.184234619140625,138699849.82933542,208301.3094042718,2104763.7540221415,14536024.676215414,16.3125,16.3125,16.3125,16.3125,16.3125,16.3125,16.3125,16.3125,16.3125,16.3125,16.3125,98.0,98.0,98.0,0.0,0.0,0.0,28.3828125,28.3828125,28.3828125,579.899,579.899,579.899,98.0,0.0,28.3828125,579.899,5
11777006.467523295,4.184234619140625,137632658.52230448,206646.65116122176,2088034.332981891,14420487.112156186,17.3625,17.3625,17.3625,17.3625,17.3625,17.3625,17.3625,17.3625,17.3625,17.3625,17.3625,98.0,98.0,98.0,0.0,0.0,0.0,28.3828125,28.3828125,28.3828125,577.374,577.374,577.374,98.0,0.0,28.3828125,577.374,5
11777007.45960522,4.184234619140625,139369849.88609704,209205.50482048054,2113889.9384978027,14599052.387750449,16.2875,16.2875,16.2875,16.2875,16.2875,16.2875,16.2875,16.2875,16.2875,16.2875,16.2875,98.0,98.0,98.0,0.0,0.0,0.0,28.3828125,28.3828125,28.3828125,579.697,579.697,579.697,98.0,0.0,28.3828125,579.697,5
11777008.468821552,4.184234619140625,137036004.82805663,205660.56417809808,2078000.4600552467,14351190.677256547,16.5375,16.5375,16.5375,16.5375,16.5375,16.5375,16.5375,16.5375,16.5375,16.5375,16.5375,97.0,97.0,97.0,0.0,0.0,0.0,28.3828125,28.3828125,28.3828125,583.164,583.164,583.164,97.0,0.0,28.3828125,583.164,5
11777009.459710963,4.184234619140625,139598024.16479802,209464.34345548018,2116433.9590585055,14616622.029747805,16.1125,16.1125,16.1125,16.1125,16.1125,16.1125,16.1125,16.1125,16.1125,16.1125,16.1125,100.0,100.0,100.0,0.0,0.0,0.0,28.3828125,28.3828125,28.3828125,657.973,657.973,657.973,100.0,0.0,28.3828125,657.973,5
11777010.460689347,4.184234619140625,138228450.47263473,207353.1289816356,2095102.1851938516,14469299.466495037,15.9875,15.9875,15.9875,15.9875,15.9875,15.9875,15.9875,15.9875,15.9875,15.9875,15.9875,96.0,96.0,96.0,0.0,0.0,0.0,28.3828125,28.3828125,28.3828125,672.589,672.589,672.589,96.0,0.0,28.3828125,672.589,5
11777011.459553888,4.184234619140625,138559750.9397622,207794.94267308488,2099535.937332254,14499920.067200879,17.337500000000002,17.337500000000002,17.337500000000002,17.337500000000002,17.337500000000002,17.337500000000002,17.337500000000002,17.337500000000002,17.337500000000002,17.337500000000002,17.337500000000002,97.0,97.0,97.0,0.0,0.0,0.0,28.3828125,28.3828125,28.3828125,564.002,564.002,564.002,97.0,0.0,28.3828125,564.002,5
11777012.46734402,4.184234619140625,137365002.56727195,205956.57122799754,2080941.1944630132,14375564.46253062,16.475,16.475,16.475,16.475,16.475,16.475,16.475,16.475,16.475,16.475,16.475,97.0,97.0,97.0,0.0,0.0,0.0,28.3828125,28.3828125,28.3828125,591.067,591.067,591.067,97.0,0.0,28.3828125,591.067,5
11777013.467940211,4.184234619140625,138384981.01819676,207438.3269841216,2095902.4402896706,14478919.787704227,16.6125,16.6125,16.6125,16.6125,16.6125,16.6125,16.6125,16.6125,16.6125,16.6125,16.6125,97.0,97.0,97.0,0.0,0.0,0.0,28.3828125,28.3828125,28.3828125,584.588,584.588,584.588,97.0,0.0,28.3828125,584.588,5
11777014.465068972,4.184234619140625,138899226.95498967,208159.67629693556,2103190.764520823,14529269.011933887,16.3125,16.3125,16.3125,16.3125,16.3125,16.3125,16.3125,16.3125,16.3125,16.3125,16.3125,98.0,98.0,98.0,0.0,0.0,0.0,28.3828125,28.3828125,28.3828125,584.014,584.014,584.014,98.0,0.0,28.3828125,584.014,5
11777015.4603686,4.184234619140625,139186170.7793014,208543.2307617378,2107055.946765271,14555970.47599368,16.25,16.25,16.25,16.25,16.25,16.25,16.25,16.25,16.25,16.25,16.25,98.0,98.0,98.0,0.0,0.0,0.0,28.3828125,28.3828125,28.3828125,586.118,586.118,586.118,98.0,0.0,28.3828125,586.118,5
11777016.460514244,4.184234619140625,138540163.4634276,207543.7725052764,2096846.6069786458,14485442.282975528,16.3125,16.3125,16.3125,16.3125,16.3125,16.3125,16.3125,16.3125,16.3125,16.3125,16.3125,100.0,100.0,100.0,0.0,0.0,0.0,28.3828125,28.3828125,28.3828125,639.35,639.35,639.35,100.0,0.0,28.3828125,639.35,5
11777017.463414058,4.184234619140625,138198664.5229568,206975.80857045666,2091088.2322385553,14449746.417304704,17.7625,17.7625,17.7625,17.7625,17.7625,17.7625,17.7625,17.7625,17.7625,17.7625,17.7625,100.0,100.0,100.0,0.0,0.0,0.0,28.3828125,28.3828125,28.3828125,683.892,683.892,683.892,100.0,0.0,28.3828125,683.892,5
11777018.462178309,4.184234619140625,138808079.02431598,207832.82932999922,2099746.761162497,14509578.205064287,16.3375,16.3375,16.3375,16.3375,16.3375,16.3375,16.3375,16.3375,16.3375,16.3375,16.3375,98.0,98.0,98.0,0.0,0.0,0.0,28.3828125,28.3828125,28.3828125,570.919,570.919,570.919,98.0,0.0,28.3828125,570.919,5
11777019.468661947,4.184234619140625,137775893.8880924,206238.8220006652,2083642.4154831918,14398294.660116274,16.3125,16.3125,16.3125,16.3125,16.3125,16.3125,16.3125,16.3125,16.3125,16.3125,16.3125,97.0,97.0,97.0,0.0,0.0,0.0,28.3828125,28.3828125,28.3828125,559.585,559.585,559.585,97.0,0.0,28.3828125,559.585,5
11777020.469934251,4.184234619140625,138525574.35991567,207312.235816528,2094487.1756229205,14473233.647175571,16.375,16.375,16.375,16.375,16.375,16.375,16.375,16.375,16.375,16.375,16.375,97.0,97.0,97.0,0.0,0.0,0.0,28.3828125,28.3828125,28.3828125,569.401,569.401,569.401,97.0,0.0,28.3828125,569.401,5
11777021.4662861,4.184242248535156,139242414.31295145,208338.04860039064,2104830.7397624333,14544709.291561503,16.4125,16.4125,16.4125,16.4125,16.4125,16.4125,16.4125,16.4125,16.4125,16.4125,16.4125,98.0,98.0,98.0,0.0,0.0,0.0,28.3828125,28.3828125,28.3828125,559.708,559.708,559.708,98.0,0.0,28.3828125,559.708,5
11777022.460943248,4.184242248535156,139515816.40394306,208695.0267085084,2108416.960457664,14569490.636912528,18.0125,18.0125,18.0125,18.0125,18.0125,18.0125,18.0125,18.0125,18.0125,18.0125,18.0125,98.0,98.0,98.0,0.0,0.0,0.0,28.3828125,28.3828125,28.3828125,586.314,586.314,586.314,98.0,0.0,28.3828125,586.314,5
11777023.4608873,4.184242248535156,138807480.03869706,207600.6148957417,2097269.338596142,14492458.828033496,16.5125,16.5125,16.5125,16.5125,16.5125,16.5125,16.5125,16.5125,16.5125,16.5125,16.5125,100.0,100.0,100.0,0.0,0.0,0.0,28.3828125,28.3828125,28.3828125,623.186,623.186,623.186,100.0,0.0,28.3828125,623.186,5
11777024.464257777,4.184242248535156,138366708.2081055,206891.6763867025,2090107.3415148484,14442968.309139714,16.1625,16.1625,16.1625,16.1625,16.1625,16.1625,16.1625,16.1625,16.1625,16.1625,16.1625,100.0,100.0,100.0,0.0,0.0,0.0,28.3828125,28.3828125,28.3828125,684.131,684.131,684.131,100.0,0.0,28.3828125,684.131,5
11777025.467376271,4.184268951416016,138438641.8532558,206943.64736858336,2090632.3743855373,14446596.36831256,15.8,15.8,15.8,15.8,15.8,15.8,15.8,15.8,15.8,15.8,15.8,98.0,98.0,98.0,0.0,0.0,0.0,28.3828125,28.3828125,28.3828125,603.587,603.587,603.587,98.0,0.0,28.3828125,603.587,5
11777026.469081346,4.184268951416016,138666458.33253923,207235.64774365205,2093582.2858479756,14466980.717441674,16.5125,16.5125,16.5125,16.5125,16.5125,16.5125,16.5125,16.5125,16.5125,16.5125,16.5125,97.0,97.0,97.0,0.0,0.0,0.0,28.3828125,28.3828125,28.3828125,563.833,563.833,563.833,97.0,0.0,28.3828125,563.833,5
11777027.468330428,4.184268951416016,139042051.17082375,207746.0001987892,2098727.9724885165,14502538.216141352,17.424999999999997,17.424999999999997,17.424999999999997,17.424999999999997,17.424999999999997,17.424999999999997,17.424999999999997,17.424999999999997,17.424999999999997,17.424999999999997,17.424999999999997,97.0,97.0,97.0,0.0,0.0,0.0,28.3828125,28.3828125,28.3828125,569.964,569.964,569.964,97.0,0.0,28.3828125,569.964,5
11777028.46776264,4.184268951416016,139052502.37812293,207708.93469424156,2098343.414752557,14499880.862098726,16.2875,16.2875,16.2875,16.2875,16.2875,16.2875,16.2875,16.2875,16.2875,16.2875,16.2875,97.0,97.0,97.0,0.0,0.0,0.0,28.3828125,28.3828125,28.3828125,577.35,577.35,577.35,97.0,0.0,28.3828125,577.35,5
11777029.469204191,4.184268951416016,138806183.7553087,207292.1776767804,2094133.19941238,14470787.616251955,16.25,16.25,16.25,16.25,16.25,16.25,16.25,16.25,16.25,16.25,16.25,98.0,98.0,98.0,0.0,0.0,0.0,28.3828125,28.3828125,28.3828125,580.978,580.978,580.978,98.0,0.0,28.3828125,580.978,5
11777030.46329534,4.184268951416016,139860272.4520608,208831.9568293283,2109617.4140817323,14577785.959025722,16.9375,16.9375,16.9375,16.9375,16.9375,16.9375,16.9375,16.9375,16.9375,16.9375,16.9375,96.0,96.0,96.0,0.0,0.0,0.0,28.3828125,28.3828125,28.3828125,604.509,604.509,604.509,96.0,0.0,28.3828125,604.509,5
11777031.462158972,4.184284210205078,139224445.22394216,207835.17727394556,2099537.847920315,14508134.581918113,16.125,16.125,16.125,16.125,16.125,16.125,16.125,16.125,16.125,16.125,16.125,100.0,100.0,100.0,0.0,0.0,0.0,28.3828125,28.3828125,28.3828125,682.707,682.707,682.707,100.0,0.0,28.3828125,682.707,5
11777032.46839266,4.184284210205078,138242963.43637627,206313.90340453145,2084159.9959182078,14401871.221794179,16.25,16.25,16.25,16.25,16.25,16.25,16.25,16.25,16.25,16.25,16.25,97.0,97.0,97.0,0.0,0.0,0.0,28.3828125,28.3828125,28.3828125,626.032,626.032,626.032,97.0,0.0,28.3828125,626.032,5
11777033.470165364,4.184284210205078,138896033.50098288,207235.63264735468,2093440.9496860122,14466004.062478732,17.337500000000002,17.337500000000002,17.337500000000002,17.337500000000002,17.337500000000002,17.337500000000002,17.337500000000002,17.337500000000002,17.337500000000002,17.337500000000002,17.337500000000002,97.0,97.0,97.0,0.0,0.0,0.0,28.3828125,28.3828125,28.3828125,565.36,565.36,565.36,97.0,0.0,28.3828125,565.36,5
11777034.469406426,4.181491851806641,139280596.4057097,207761.67833471455,2098744.8182260613,14502654.622819932,16.6125,16.6125,16.6125,16.6125,16.6125,16.6125,16.6125,16.6125,16.6125,16.6125,16.6125,97.0,97.0,97.0,0.0,0.0,0.0,28.3828125,28.3828125,28.3828125,576.848,576.848,576.848,97.0,0.0,28.3828125,576.848,5
11777035.4629306,4.184284210205078,140113877.1905046,208957.17042871867,2110821.313071657,14586105.089155316,16.525,16.525,16.525,16.525,16.525,16.525,16.525,16.525,16.525,16.525,16.525,98.0,98.0,98.0,0.0,0.0,0.0,28.3828125,28.3828125,28.3828125,582.769,582.769,582.769,98.0,0.0,28.3828125,582.769,5
11777036.462423231,4.184284210205078,139309060.9282588,207709.38504850632,2098216.567470979,14499004.327563131,16.55,16.55,16.55,16.55,16.55,16.55,16.55,16.55,16.55,16.55,16.55,98.0,98.0,98.0,0.0,0.0,0.0,28.3828125,28.3828125,28.3828125,579.442,579.442,579.442,98.0,0.0,28.3828125,579.442,5
11777037.467466412,4.184284210205078,138571033.24518296,206569.23403408946,2086628.7542233253,14418930.727426024,16.4,16.4,16.4,16.4,16.4,16.4,16.4,16.4,16.4,16.4,16.4,99.0,99.0,99.0,0.0,0.0,0.0,28.3828125,28.3828125,28.3828125,583.503,583.503,583.503,99.0,0.0,28.3828125,583.503,5
11777038.4629147,4.184284210205078,139942566.31769353,208562.31568338312,2106741.2804595004,14557911.42630022,17.974999999999998,17.974999999999998,17.974999999999998,17.974999999999998,17.974999999999998,17.974999999999998,17.974999999999998,17.974999999999998,17.974999999999998,17.974999999999998,17.974999999999998,100.0,100.0,100.0,0.0,0.0,0.0,28.3828125,28.3828125,28.3828125,688.522,688.522,688.522,100.0,0.0,28.3828125,688.522,5
11777039.468453996,4.184284210205078,138575938.82933643,206469.30536243992,2085599.2480213263,14411816.678709868,16.1875,16.1875,16.1875,16.1875,16.1875,16.1875,16.1875,16.1875,16.1875,16.1875,16.1875,97.0,97.0,97.0,0.0,0.0,0.0,28.3828125,28.3828125,28.3828125,655.484,655.484,655.484,97.0,0.0,28.3828125,655.484,5
11777040.46941772,4.184295654296875,139242017.22547287,207413.1111547539,2095132.8716622484,14477695.507697335,16.3125,16.3125,16.3125,16.3125,16.3125,16.3125,16.3125,16.3125,16.3125,16.3125,16.3125,97.0,97.0,97.0,0.0,0.0,0.0,28.3828125,28.3828125,28.3828125,574.377,574.377,574.377,97.0,0.0,28.3828125,574.377,5
11777041.469123622,4.184295654296875,139449879.75892147,207675.07656879275,2097768.9470671383,14495911.200631905,16.6125,16.6125,16.6125,16.6125,16.6125,16.6125,16.6125,16.6125,16.6125,16.6125,16.6125,97.0,97.0,97.0,0.0,0.0,0.0,28.3828125,28.3828125,28.3828125,577.719,577.719,577.719,97.0,0.0,28.3828125,577.719,5
11777042.46446851,4.184318542480469,140093681.7202129,208596.0378314782,2106960.134523107,14715799.689559828,17.15,17.15,17.15,17.15,17.15,17.15,17.15,17.15,17.15,17.15,17.15,98.0,98.0,98.0,0.0,0.0,0.0,28.3828125,28.3828125,28.3828125,582.306,582.306,582.306,98.0,0.0,28.3828125,582.306,5
11777043.462675951,4.184318542480469,139729590.5911003,207999.8520901045,2100918.020346423,14677702.65386554,17.275000000000002,17.275000000000002,17.275000000000002,17.275000000000002,17.275000000000002,17.275000000000002,17.275000000000002,17.275000000000002,17.275000000000002,17.275000000000002,17.275000000000002,98.0,98.0,98.0,0.0,0.0,0.0,28.3828125,28.3828125,28.3828125,581.428,581.428,581.428,98.0,0.0,28.3828125,581.428,5
11777044.470669452,4.184318542480469,138406067.00928235,206046.96345754553,2080521.3511652648,14551458.90336487,16.4125,16.4125,16.4125,16.4125,16.4125,16.4125,16.4125,16.4125,16.4125,16.4125,16.4125,98.0,98.0,98.0,0.0,0.0,0.0,28.3828125,28.3828125,28.3828125,585.906,585.906,585.906,98.0,0.0,28.3828125,585.906,5
11777045.46653103,4.581451416015625,140126048.61970645,208564.1262155201,2105866.9646324785,14728729.688181456,15.975,15.975,15.975,15.975,15.975,15.975,15.975,15.975,15.975,15.975,15.975,0.0,0.0,0.0,0.0,0.0,0.0,11.234375,11.234375,11.234375,187.468,187.468,187.468,0.0,0.0,11.234375,187.468,5
11777046.46451705,4.184360504150391,139858407.22271252,208126.16220753375,2101384.1484680525,14697376.241531437,46.9125,46.9125,46.9125,46.9125,46.9125,46.9125,46.9125,46.9125,46.9125,46.9125,46.9125,0.0,0.0,0.0,0.0,0.0,0.0,11.236328125,11.236328125,11.236328125,142.605,142.605,142.605,0.0,0.0,11.236328125,142.605,5
11777047.46265434,4.184528350830078,139867249.17151245,208103.63679642923,2101065.6767649343,14695148.805654747,16.5125,16.5125,16.5125,16.5125,16.5125,16.5125,16.5125,16.5125,16.5125,16.5125,16.5125,100.0,100.0,100.0,0.0,0.0,0.0,49.515625,49.515625,49.515625,467.709,467.709,467.709,100.0,0.0,49.515625,467.709,5
11777048.462797172,4.184528350830078,139622376.28669316,207686.33549237147,2096852.499809826,14665681.253552709,16.0625,16.0625,16.0625,16.0625,16.0625,16.0625,16.0625,16.0625,16.0625,16.0625,16.0625,100.0,100.0,100.0,0.0,0.0,0.0,49.515625,49.515625,49.515625,674.491,674.491,674.491,100.0,0.0,49.515625,674.491,5
11777049.463522905,4.184528350830078,139576433.7597698,207567.36149190873,2095631.1310886845,14661231.858514976,16.7625,16.7625,16.7625,16.7625,16.7625,16.7625,16.7625,16.7625,16.7625,16.7625,16.7625,100.0,100.0,100.0,0.0,0.0,0.0,49.515625,49.515625,49.515625,693.027,693.027,693.027,100.0,0.0,49.515625,693.027,5
11777050.463307148,4.184528350830078,139743600.74925345,207762.82641673676,2097604.5742088426,14675038.251593893,16.25,16.25,16.25,16.25,16.25,16.25,16.25,16.25,16.25,16.25,16.25,100.0,100.0,100.0,0.0,0.0,0.0,49.5234375,49.5234375,49.5234375,694.673,694.673,694.673,100.0,0.0,49.5234375,694.673,5
11777051.471352529,4.184528350830078,138632171.3714603,206060.1674572614,2080414.2746576162,14554773.304342931,16.2,16.2,16.2,16.2,16.2,16.2,16.2,16.2,16.2,16.2,16.2,99.0,99.0,99.0,0.0,0.0,0.0,49.5234375,49.5234375,49.5234375,574.63,574.63,574.63,99.0,0.0,49.5234375,574.63,5
11777052.466108667,4.184528350830078,140515349.10631076,208812.98649496696,2108207.147449393,14749214.847976023,16.4375,16.4375,16.4375,16.4375,16.4375,16.4375,16.4375,16.4375,16.4375,16.4375,16.4375,99.0,99.0,99.0,0.0,0.0,0.0,49.5234375,49.5234375,49.5234375,577.175,577.175,577.175,99.0,0.0,49.5234375,577.175,5
11777053.470104773,4.184528350830078,139254386.72851676,206891.24069969647,2088804.9144313436,14613475.006822407,16.0125,16.0125,16.0125,16.0125,16.0125,16.0125,16.0125,16.0125,16.0125,16.0125,16.0125,98.0,98.0,98.0,0.0,0.0,0.0,49.5234375,49.5234375,49.5234375,576.187,576.187,576.187,98.0,0.0,49.5234375,576.187,5
11777054.4637842,4.184528350830078,140733796.2878244,209041.26062924706,2110491.5165181337,14765196.508140538,16.3375,16.3375,16.3375,16.3375,16.3375,16.3375,16.3375,16.3375,16.3375,16.3375,16.3375,99.0,99.0,99.0,0.0,0.0,0.0,49.5234375,49.5234375,49.5234375,577.567,577.567,577.567,99.0,0.0,49.5234375,577.567,5
11777055.463712431,4.184539794921875,139885288.24786335,207735.90873203322,2097302.5186148775,14672925.042340802,16.2875,16.2875,16.2875,16.2875,16.2875,16.2875,16.2875,16.2875,16.2875,16.2875,16.2875,99.0,99.0,99.0,0.0,0.0,0.0,49.5234375,49.5234375,49.5234375,575.439,575.439,575.439,99.0,0.0,49.5234375,575.439,5
11777056.46968805,4.184539794921875,139077038.6113855,206487.11170064128,2084694.6590726178,14584719.274996322,16.0125,16.0125,16.0125,16.0125,16.0125,16.0125,16.0125,16.0125,16.0125,16.0125,16.0125,98.0,98.0,98.0,0.0,0.0,0.0,49.5234375,49.5234375,49.5234375,577.875,577.875,577.875,98.0,0.0,49.5234375,577.875,5
11777057.463330247,4.184539794921875,140835873.87391782,209050.0995467171,2110570.5940400674,14765749.741897505,16.4125,16.4125,16.4125,16.4125,16.4125,16.4125,16.4125,16.4125,16.4125,16.4125,16.4125,99.0,99.0,99.0,0.0,0.0,0.0,49.5234375,49.5234375,49.5234375,584.926,584.926,584.926,99.0,0.0,49.5234375,584.926,5
11777058.464482969,4.184539794921875,139812175.4064737,207481.83109446501,2094737.349827025,14654978.881016415,16.1625,16.1625,16.1625,16.1625,16.1625,16.1625,16.1625,16.1625,16.1625,16.1625,16.1625,99.0,99.0,99.0,0.0,0.0,0.0,49.5234375,49.5234375,49.5234375,579.44,579.44,579.44,99.0,0.0,49.5234375,579.44,5
11777059.469806587,4.184539794921875,139267708.82788035,206624.01255314407,2086046.6829728447,14594178.16095455,17.5875,17.5875,17.5875,17.5875,17.5875,17.5875,17.5875,17.5875,17.5875,17.5875,17.5875,98.0,98.0,98.0,0.0,0.0,0.0,49.5234375,49.5234375,49.5234375,579.391,579.391,579.391,98.0,0.0,49.5234375,579.391,5
11777060.465199525,4.184539794921875,140689777.6390465,208694.46851973192,2106858.429065641,14739779.087720951,17.25,17.25,17.25,17.25,17.25,17.25,17.25,17.25,17.25,17.25,17.25,96.0,96.0,96.0,0.0,0.0,0.0,49.5234375,49.5234375,49.5234375,597.146,597.146,597.146,96.0,0.0,49.5234375,597.146,5
11777061.464721637,4.184539794921875,140141078.69638175,207832.3205075687,2098154.6822945257,14678886.859333966,16.1625,16.1625,16.1625,16.1625,16.1625,16.1625,16.1625,16.1625,16.1625,16.1625,16.1625,100.0,100.0,100.0,0.0,0.0,0.0,49.5234375,49.5234375,49.5234375,684.972,684.972,684.972,100.0,0.0,49.5234375,684.972,5
11777062.464726208,4.184539794921875,140106432.58313653,207732.05047109004,2097142.4141063164,14671804.936189113,15.9625,15.9625,15.9625,15.9625,15.9625,15.9625,15.9625,15.9625,15.9625,15.9625,15.9625,100.0,100.0,100.0,0.0,0.0,0.0,49.5234375,49.5234375,49.5234375,688.556,688.556,688.556,100.0,0.0,49.5234375,688.556,5
11777063.464823171,4.184539794921875,140125861.87536985,207712.85938876643,2096948.6720591832,14670449.498664051,16.1875,16.1875,16.1875,16.1875,16.1875,16.1875,16.1875,16.1875,16.1875,16.1875,16.1875,100.0,100.0,100.0,0.0,0.0,0.0,49.5234375,49.5234375,49.5234375,690.133,690.133,690.133,100.0,0.0,49.5234375,690.133,5
11777064.465571804,4.184539794921875,140072803.94999593,207579.59917076098,2095583.1783770656,14660896.376848923,16.55,16.55,16.55,16.55,16.55,16.55,16.55,16.55,16.55,16.55,16.55,99.0,99.0,99.0,0.0,0.0,0.0,49.5234375,49.5234375,49.5234375,629.524,629.524,629.524,99.0,0.0,49.5234375,629.524,5
11777065.471873553,4.184562683105469,139336657.28991875,206435.09772660362,2084019.0340987707,14579992.539339447,16.7625,16.7625,16.7625,16.7625,16.7625,16.7625,16.7625,16.7625,16.7625,16.7625,16.7625,98.0,98.0,98.0,0.0,0.0,0.0,49.525390625,49.525390625,49.525390625,580.133,580.133,580.133,98.0,0.0,49.525390625,580.133,5
11777066.46513834,4.184562683105469,141197950.28457835,209145.64045760833,2111372.5440193815,14771360.259135595,16.15,16.15,16.15,16.15,16.15,16.15,16.15,16.15,16.15,16.15,16.15,99.0,99.0,99.0,0.0,0.0,0.0,49.525390625,49.525390625,49.525390625,575.905,575.905,575.905,99.0,0.0,49.525390625,575.905,5
11777067.47305664,4.184562683105469,139175965.93403578,206104.9987661914,2080676.578426163,14556608.406098664,16.3125,16.3125,16.3125,16.3125,16.3125,16.3125,16.3125,16.3125,16.3125,16.3125,16.3125,99.0,99.0,99.0,0.0,0.0,0.0,49.525390625,49.525390625,49.525390625,579.661,579.661,579.661,99.0,0.0,49.525390625,579.661,5
11777068.473675352,4.184562683105469,140225602.86105236,207608.55028259332,2095855.2710506127,14662799.962701747,16.025,16.025,16.025,16.025,16.025,16.025,16.025,16.025,16.025,16.025,16.025,98.0,98.0,98.0,0.0,0.0,0.0,49.525390625,49.525390625,49.525390625,581.329,581.329,581.329,98.0,0.0,49.525390625,581.329,5
11777069.470070822,4.184562683105469,140855246.88212293,208489.5065613086,2104738.592188533,14724948.510193994,16.25,16.25,16.25,16.25,16.25,16.25,16.25,16.25,16.25,16.25,16.25,99.0,99.0,99.0,0.0,0.0,0.0,49.525390625,49.525390625,49.525390625,580.035,580.035,580.035,99.0,0.0,49.525390625,580.035,5
11777070.4656258,4.184574127197266,141006739.05330047,208666.5272986761,2106515.5077162846,14737379.977811974,16.2875,16.2875,16.2875,16.2875,16.2875,16.2875,16.2875,16.2875,16.2875,16.2875,16.2875,99.0,99.0,99.0,0.0,0.0,0.0,49.525390625,49.525390625,49.525390625,575.261,575.261,575.261,99.0,0.0,49.525390625,575.261,5
11777071.466228064,4.184589385986328,140330797.81838018,207614.96099200615,2095889.7211625478,14663040.978914544,17.275,17.275,17.275,17.275,17.275,17.275,17.275,17.275,17.275,17.275,17.275,99.0,99.0,99.0,0.0,0.0,0.0,49.525390625,49.525390625,49.525390625,578.397,578.397,578.397,99.0,0.0,49.525390625,578.397,5
11777072.473582111,4.184600830078125,139422725.7014906,206223.4232223084,2081842.035513192,14564762.05314112,16.4375,16.4375,16.4375,16.4375,16.4375,16.4375,16.4375,16.4375,16.4375,16.4375,16.4375,98.0,98.0,98.0,0.0,0.0,0.0,49.525390625,49.525390625,49.525390625,582.792,582.792,582.792,98.0,0.0,49.525390625,582.792,5
11777073.469032252,4.184612274169922,141121262.86085108,208689.50785464223,2106737.3581225504,14738932.064052688,16.1375,16.1375,16.1375,16.1375,16.1375,16.1375,16.1375,16.1375,16.1375,16.1375,16.1375,99.0,99.0,99.0,0.0,0.0,0.0,49.525390625,49.525390625,49.525390625,583.45,583.45,583.45,99.0,0.0,49.525390625,583.45,5
11777074.465399528,4.184612274169922,141022678.50897303,208506.44643155718,2104798.1513597323,14725365.191739377,16.525,16.525,16.525,16.525,16.525,16.525,16.525,16.525,16.525,16.525,16.525,100.0,100.0,100.0,0.0,0.0,0.0,49.525390625,49.525390625,49.525390625,649.57,649.57,649.57,100.0,0.0,49.525390625,649.57,5
11777075.465502972,4.184612274169922,140530966.93418917,207728.5117607021,2096935.0849385315,14670354.44189418,16.975,16.975,16.975,16.975,16.975,16.975,16.975,16.975,16.975,16.975,16.975,100.0,100.0,100.0,0.0,0.0,0.0,49.525390625,49.525390625,49.525390625,690.417,690.417,690.417,100.0,0.0,49.525390625,690.417,5
11777076.466227496,4.184612274169922,140479527.17458948,207602.58688944968,2095633.6625723005,14661249.56901168,17.275000000000002,17.275000000000002,17.275000000000002,17.275000000000002,17.275000000000002,17.275000000000002,17.275000000000002,17.275000000000002,17.275000000000002,17.275000000000002,17.275000000000002,100.0,100.0,100.0,0.0,0.0,0.0,49.525390625,49.525390625,49.525390625,685.821,685.821,685.821,100.0,0.0,49.525390625,685.821,5
11777077.466392888,4.184623718261719,140594601.81791323,207718.64505739283,2096805.205794388,14669445.795225581,15.9375,15.9375,15.9375,15.9375,15.9375,15.9375,15.9375,15.9375,15.9375,15.9375,15.9375,100.0,100.0,100.0,0.0,0.0,0.0,49.525390625,49.525390625,49.525390625,688.467,688.467,688.467,100.0,0.0,49.525390625,688.467,5
11777078.46744984,4.184623718261719,140502516.52766964,207533.64681350553,2094937.7505125643,14656380.90300001,16.225,16.225,16.225,16.225,16.225,16.225,16.225,16.225,16.225,16.225,16.225,98.0,98.0,98.0,0.0,0.0,0.0,49.525390625,49.525390625,49.525390625,573.703,573.703,573.703,98.0,0.0,49.525390625,573.703,5
11777079.471041469,4.184650421142578,140178509.83461893,207010.49515504343,2089646.7646129057,14619364.669616072,16.3875,16.3875,16.3875,16.3875,16.3875,16.3875,16.3875,16.3875,16.3875,16.3875,16.3875,99.0,99.0,99.0,0.0,0.0,0.0,49.525390625,49.525390625,49.525390625,576.561,576.561,576.561,99.0,0.0,49.525390625,576.561,5
11777080.466968557,4.184650421142578,141293957.86178327,208604.62830166146,2105728.446738158,14735986.376294568,16.825,16.825,16.825,16.825,16.825,16.825,16.825,16.825,16.825,16.825,16.825,98.0,98.0,98.0,0.0,0.0,0.0,49.525390625,49.525390625,49.525390625,579.044,579.044,579.044,98.0,0.0,49.525390625,579.044,5
11777081.467407988,4.184650421142578,140689726.49987265,207663.74600479388,2096230.8500948015,14669521.749784518,16.4375,16.4375,16.4375,16.4375,16.4375,16.4375,16.4375,16.4375,16.4375,16.4375,16.4375,99.0,99.0,99.0,0.0,0.0,0.0,49.525390625,49.525390625,49.525390625,580.686,580.686,580.686,99.0,0.0,49.525390625,580.686,5
11777082.46726212,4.184650421142578,140807262.19866177,207786.30926259415,2097457.9508782797,14678109.058587648,16.35,16.35,16.35,16.35,16.35,16.35,16.35,16.35,16.35,16.35,16.35,99.0,99.0,99.0,0.0,0.0,0.0,49.525390625,49.525390625,49.525390625,581.553,581.553,581.553,99.0,0.0,49.525390625,581.553,5
11777083.466653151,4.184650421142578,140902935.58738685,207882.59415522203,2098429.879752268,14684910.662406985,16.125,16.125,16.125,16.125,16.125,16.125,16.125,16.125,16.125,16.125,16.125,99.0,99.0,99.0,0.0,0.0,0.0,49.525390625,49.525390625,49.525390625,578.971,578.971,578.971,99.0,0.0,49.525390625,578.971,5
11777084.466242185,4.184650421142578,140909912.26404724,207843.4166971266,2098014.213716018,14682001.812000962,16.4125,16.4125,16.4125,16.4125,16.4125,16.4125,16.4125,16.4125,16.4125,16.4125,16.4125,99.0,99.0,99.0,0.0,0.0,0.0,49.525390625,49.525390625,49.525390625,580.101,580.101,580.101,99.0,0.0,49.525390625,580.101,5
11777085.475233875,4.184650421142578,139631623.67647606,205906.552042471,2078463.10336532,14545182.22530848,17.1125,17.1125,17.1125,17.1125,17.1125,17.1125,17.1125,17.1125,17.1125,17.1125,17.1125,98.0,98.0,98.0,0.0,0.0,0.0,49.525390625,49.525390625,49.525390625,580.052,580.052,580.052,98.0,0.0,49.525390625,580.052,5
11777086.467547933,4.184650421142578,142009302.34297153,209369.1996455194,2113395.435959763,14793768.05171834,16.275,16.275,16.275,16.275,16.275,16.275,16.275,16.275,16.275,16.275,16.275,99.0,99.0,99.0,0.0,0.0,0.0,49.525390625,49.525390625,49.525390625,583.734,583.734,583.734,99.0,0.0,49.525390625,583.734,5
11777087.470184807,4.184650421142578,140581976.02924004,207223.57751665486,2091636.6175877547,14641456.323114283,17.175,17.175,17.175,17.175,17.175,17.175,17.175,17.175,17.175,17.175,17.175,96.0,96.0,96.0,0.0,0.0,0.0,49.525390625,49.525390625,49.525390625,603.819,603.819,603.819,96.0,0.0,49.525390625,603.819,5
11777088.467442585,4.184650421142578,141372814.58282673,208341.31805816718,2102918.668952791,14720430.682669537,15.925,15.925,15.925,15.925,15.925,15.925,15.925,15.925,15.925,15.925,15.925,100.0,100.0,100.0,0.0,0.0,0.0,49.525390625,49.525390625,49.525390625,691.928,691.928,691.928,100.0,0.0,49.525390625,691.928,5
11777089.466867547,4.184650421142578,141098321.85067755,207890.5448951993,2098358.635266986,14688510.446868904,16.125,16.125,16.125,16.125,16.125,16.125,16.125,16.125,16.125,16.125,16.125,100.0,100.0,100.0,0.0,0.0,0.0,49.525390625,49.525390625,49.525390625,688.962,688.962,688.962,100.0,0.0,49.525390625,688.962,5
11777090.468026832,4.184650421142578,140886984.93538323,207530.4132576403,2094723.619870371,14663065.339092597,16.125,16.125,16.125,16.125,16.125,16.125,16.125,16.125,16.125,16.125,16.125,100.0,100.0,100.0,0.0,0.0,0.0,49.525390625,49.525390625,49.525390625,686.131,686.131,686.131,100.0,0.0,49.525390625,686.131,5
11777091.468494674,4.184650421142578,141023122.39764732,207674.84089471705,2096171.3220840038,14673199.254588027,16.8,16.8,16.8,16.8,16.8,16.8,16.8,16.8,16.8,16.8,16.8,99.0,99.0,99.0,0.0,0.0,0.0,49.525390625,49.525390625,49.525390625,624.685,624.685,624.685,99.0,0.0,49.525390625,624.685,5
11777092.467391336,4.184650421142578,141280093.6753895,208002.4970287289,2099468.4229846653,14696278.960892657,16.8125,16.8125,16.8125,16.8125,16.8125,16.8125,16.8125,16.8125,16.8125,16.8125,16.8125,98.0,98.0,98.0,0.0,0.0,0.0,49.525390625,49.525390625,49.525390625,574.472,574.472,574.472,98.0,0.0,49.525390625,574.472,5
11777093.467266647,4.184661865234375,141175006.9974938,207798.91027813376,2097413.5247968156,14681894.67357771,16.3,16.3,16.3,16.3,16.3,16.3,16.3,16.3,16.3,16.3,16.3,99.0,99.0,99.0,0.0,0.0,0.0,49.525390625,49.525390625,49.525390625,575.363,575.363,575.363,99.0,0.0,49.525390625,575.363,5
11777094.474681048,4.184661865234375,140149242.37638202,206245.81094024834,2081717.313945199,14572021.197616393,16.4125,16.4125,16.4125,16.4125,16.4125,16.4125,16.4125,16.4125,16.4125,16.4125,16.4125,98.0,98.0,98.0,0.0,0.0,0.0,49.525390625,49.525390625,49.525390625,572.875,572.875,572.875,98.0,0.0,49.525390625,572.875,5
11777095.467568671,4.1846771240234375,142233325.94962376,209263.35977978483,2112174.5806227666,14785222.064359367,16.0,16.0,16.0,16.0,16.0,16.0,16.0,16.0,16.0,16.0,16.0,98.0,98.0,98.0,0.0,0.0,0.0,49.525390625,49.525390625,49.525390625,577.721,577.721,577.721,98.0,0.0,49.525390625,577.721,5
11777096.475150604,4.1846771240234375,140194545.42390522,206213.50314471291,2081371.1842356997,14569598.289649898,17.224999999999998,17.224999999999998,17.224999999999998,17.224999999999998,17.224999999999998,17.224999999999998,17.224999999999998,17.224999999999998,17.224999999999998,17.224999999999998,17.224999999999998,98.0,98.0,98.0,0.0,0.0,0.0,49.525390625,49.525390625,49.525390625,576.336,576.336,576.336,98.0,0.0,49.525390625,576.336,5
11777097.467686199,4.1846771240234375,142353597.92939436,209339.59555499666,2112923.7186856694,14790466.030799685,16.4375,16.4375,16.4375,16.4375,16.4375,16.4375,16.4375,16.4375,16.4375,16.4375,16.4375,99.0,99.0,99.0,0.0,0.0,0.0,49.525390625,49.525390625,49.525390625,576.185,576.185,576.185,99.0,0.0,49.525390625,576.185,5
11777098.4765672,4.1846771240234375,140079691.15055907,205947.9758612225,2078691.1422983028,14550837.996088121,16.25,16.25,16.25,16.25,16.25,16.25,16.25,16.25,16.25,16.25,16.25,99.0,99.0,99.0,0.0,0.0,0.0,49.525390625,49.525390625,49.525390625,577.484,577.484,577.484,99.0,0.0,49.525390625,577.484,5
11777099.471356155,4.1846771240234375,142097652.13218036,208867.4173233322,2108137.597998165,14756963.185987156,16.325,16.325,16.325,16.325,16.325,16.325,16.325,16.325,16.325,16.325,16.325,99.0,99.0,99.0,0.0,0.0,0.0,49.525390625,49.525390625,49.525390625,579.154,579.154,579.154,99.0,0.0,49.525390625,579.154,5
11777100.469615389,4.1846771240234375,141636212.6008774,208141.32548604815,2100809.018359492,14705663.128516443,16.1125,16.1125,16.1125,16.1125,16.1125,16.1125,16.1125,16.1125,16.1125,16.1125,16.1125,99.0,99.0,99.0,0.0,0.0,0.0,49.525390625,49.525390625,49.525390625,580.597,580.597,580.597,99.0,0.0,49.525390625,580.597,5
11777101.48840668,4.184684753417969,138820443.529131,204022.1600441466,2058470.6767228376,14425376.53922176,10.825,10.825,10.825,10.825,10.825,10.825,10.825,10.825,10.825,10.825,10.825,0.0,0.0,0.0,0.0,0.0,0.0,5.947265625,5.947265625,5.947265625,255.198,255.198,255.198,0.0,0.0,5.947265625,255.198,5
11777102.469181633,4.1846771240234375,144232947.32119167,211937.50875794797,2138260.153883799,14984526.23463881,65.9625,65.9625,65.9625,65.9625,65.9625,65.9625,65.9625,65.9625,65.9625,65.9625,65.9625,21.0,21.0,21.0,0.0,0.0,0.0,11.236328125,11.236328125,11.236328125,145.239,145.239,145.239,21.0,0.0,11.236328125,145.239,5
11777103.469675684,4.185695648193359,141421383.52156562,207772.34971228542,2096116.4100724896,14689190.77996112,17.175,17.175,17.175,17.175,17.175,17.175,17.175,17.175,17.175,17.175,17.175,100.0,100.0,100.0,0.0,0.0,0.0,71.244140625,71.244140625,71.244140625,438.486,438.486,438.486,100.0,0.0,71.244140625,438.486,5
11777104.469393408,4.185695648193359,141563387.00633997,207935.69534404317,2097744.143710708,14700597.632097695,16.1125,16.1125,16.1125,16.1125,16.1125,16.1125,16.1125,16.1125,16.1125,16.1125,16.1125,100.0,100.0,100.0,0.0,0.0,0.0,71.244140625,71.244140625,71.244140625,686.122,686.122,686.122,100.0,0.0,71.244140625,686.122,5
11777105.46987783,4.185695648193359,141490708.80918685,207777.34811279477,2096136.5856389026,14689332.166547623,16.625,16.625,16.625,16.625,16.625,16.625,16.625,16.625,16.625,16.625,16.625,100.0,100.0,100.0,0.0,0.0,0.0,71.244140625,71.244140625,71.244140625,689.803,689.803,689.803,100.0,0.0,71.244140625,689.803,5
11777106.469861561,4.185695648193359,141593952.49894822,207882.381901837,2097186.117742539,14696687.090742638,15.875,15.875,15.875,15.875,15.875,15.875,15.875,15.875,15.875,15.875,15.875,100.0,100.0,100.0,0.0,0.0,0.0,71.244140625,71.244140625,71.244140625,692.404,692.404,692.404,100.0,0.0,71.244140625,692.404,5
11777107.470493965,4.185695648193359,141537843.98362872,207748.61906313206,2095826.5920987376,14687159.789941935,16.725,16.725,16.725,16.725,16.725,16.725,16.725,16.725,16.725,16.725,16.725,100.0,100.0,100.0,0.0,0.0,0.0,71.244140625,71.244140625,71.244140625,692.209,692.209,692.209,100.0,0.0,71.244140625,692.209,5
11777108.470353236,4.185695648193359,141680103.41836894,207909.25874334917,2097447.170445123,14698516.499134963,16.05,16.05,16.05,16.05,16.05,16.05,16.05,16.05,16.05,16.05,16.05,100.0,100.0,100.0,0.0,0.0,0.0,71.244140625,71.244140625,71.244140625,690.286,690.286,690.286,100.0,0.0,71.244140625,690.286,5
11777109.469928848,3.9717750549316406,141756899.03972107,207969.2598238006,2098042.3856822075,14702687.655913597,15.8625,15.8625,15.8625,15.8625,15.8625,15.8625,15.8625,15.8625,15.8625,15.8625,15.8625,100.0,100.0,100.0,0.0,0.0,0.0,82.7890625,82.7890625,82.7890625,696.177,696.177,696.177,100.0,0.0,82.7890625,696.177,5
11777110.470641203,4.185756683349609,141628607.06880325,207733.02021998912,2095659.1454745294,14685986.355395725,16.9375,16.9375,16.9375,16.9375,16.9375,16.9375,16.9375,16.9375,16.9375,16.9375,16.9375,99.0,99.0,99.0,0.0,0.0,0.0,82.7890625,82.7890625,82.7890625,648.768,648.768,648.768,99.0,0.0,82.7890625,648.768,5
11777111.469732273,4.185756683349609,141892749.5562274,208071.1220547222,2099059.898208141,14709818.192911739,16.0625,16.0625,16.0625,16.0625,16.0625,16.0625,16.0625,16.0625,16.0625,16.0625,16.0625,99.0,99.0,99.0,0.0,0.0,0.0,82.7890625,82.7890625,82.7890625,634.293,634.293,634.293,99.0,0.0,82.7890625,634.293,5
11777112.477534924,4.185756683349609,140700076.50131118,206273.5198517529,2080915.3451900508,14586728.855248226,17.1,17.1,17.1,17.1,17.1,17.1,17.1,17.1,17.1,17.1,17.1,99.0,99.0,99.0,0.0,0.0,0.0,82.7890625,82.7890625,82.7890625,613.588,613.588,613.588,99.0,0.0,82.7890625,613.588,5
11777113.47082765,4.185756683349609,142787433.35698962,209286.7434120142,2111313.1546109705,14799810.374802293,15.95,15.95,15.95,15.95,15.95,15.95,15.95,15.95,15.95,15.95,15.95,100.0,100.0,100.0,0.0,0.0,0.0,82.7890625,82.7890625,82.7890625,627.345,627.345,627.345,100.0,0.0,82.7890625,627.345,5
11777114.470359592,4.185756683349609,141930107.5949142,207982.34790820407,2098134.0495003774,14707427.936829794,16.2125,16.2125,16.2125,16.2125,16.2125,16.2125,16.2125,16.2125,16.2125,16.2125,16.2125,99.0,99.0,99.0,0.0,0.0,0.0,82.7890625,82.7890625,82.7890625,641.248,641.248,641.248,99.0,0.0,82.7890625,641.248,5
11777115.47524562,4.185756683349609,141205015.42202595,206875.20208893192,2086955.080242093,14629065.98240014,16.25,16.25,16.25,16.25,16.25,16.25,16.25,16.25,16.25,16.25,16.25,99.0,99.0,99.0,0.0,0.0,0.0,82.7890625,82.7890625,82.7890625,644.215,644.215,644.215,99.0,0.0,82.7890625,644.215,5
11777116.470895648,4.185756683349609,142550691.40072125,208795.25333664299,2106314.4069876783,14764770.325544488,17.087500000000002,17.087500000000002,17.087500000000002,17.087500000000002,17.087500000000002,17.087500000000002,17.087500000000002,17.087500000000002,17.087500000000002,17.087500000000002,17.087500000000002,99.0,99.0,99.0,0.0,0.0,0.0,82.7890625,82.7890625,82.7890625,645.567,645.567,645.567,99.0,0.0,82.7890625,645.567,5
11777117.47199114,4.185756683349609,141808760.58155358,207660.5094915715,2094857.099983011,14684457.288748097,16.3,16.3,16.3,16.3,16.3,16.3,16.3,16.3,16.3,16.3,16.3,100.0,100.0,100.0,0.0,0.0,0.0,82.7890625,82.7890625,82.7890625,646.803,646.803,646.803,100.0,0.0,82.7890625,646.803,5
11777118.471517552,4.185756683349609,142067983.79247516,207987.50053104575,2098145.6580852456,14707509.31028896,16.3375,16.3375,16.3375,16.3375,16.3375,16.3375,16.3375,16.3375,16.3375,16.3375,16.3375,100.0,100.0,100.0,0.0,0.0,0.0,82.7890625,82.7890625,82.7890625,646.019,646.019,646.019,100.0,0.0,82.7890625,646.019,5
11777119.471867546,4.185760498046875,141982732.78909916,207817.26504851665,2096418.2646160314,14695400.686927611,16.225,16.225,16.225,16.225,16.225,16.225,16.225,16.225,16.225,16.225,16.225,100.0,100.0,100.0,0.0,0.0,0.0,82.7890625,82.7890625,82.7890625,644.095,644.095,644.095,100.0,0.0,82.7890625,644.095,5
11777120.471176889,4.185760498046875,142163276.15357968,208033.68005164166,2098601.4151121285,14710704.060229355,16.2625,16.2625,16.2625,16.2625,16.2625,16.2625,16.2625,16.2625,16.2625,16.2625,16.2625,99.0,99.0,99.0,0.0,0.0,0.0,82.7890625,82.7890625,82.7890625,642.824,642.824,642.824,99.0,0.0,82.7890625,642.824,5
11777121.47108473,4.185760498046875,142115240.06966007,207910.16060413458,2097345.2873442434,14701898.898981424,16.825,16.825,16.825,16.825,16.825,16.825,16.825,16.825,16.825,16.825,16.825,99.0,99.0,99.0,0.0,0.0,0.0,82.7890625,82.7890625,82.7890625,617.824,617.824,617.824,99.0,0.0,82.7890625,617.824,5
11777122.471201083,4.185760498046875,142117945.29398146,207866.81428211005,2096908.020574992,14698833.761413373,16.2625,16.2625,16.2625,16.2625,16.2625,16.2625,16.2625,16.2625,16.2625,16.2625,16.2625,99.0,99.0,99.0,0.0,0.0,0.0,82.7890625,82.7890625,82.7890625,614.056,614.056,614.056,99.0,0.0,82.7890625,614.056,5
11777123.471342204,4.185760498046875,142148677.77289128,207862.66611976197,2096856.0886344402,14698469.730681652,17.175,17.175,17.175,17.175,17.175,17.175,17.175,17.175,17.175,17.175,17.175,100.0,100.0,100.0,0.0,0.0,0.0,82.7890625,82.7890625,82.7890625,616.588,616.588,616.588,100.0,0.0,82.7890625,616.588,5
11777124.472056087,4.185760498046875,142100988.52458054,207744.69460086746,2095655.9469130677,14690057.018498046,16.375,16.375,16.375,16.375,16.375,16.375,16.375,16.375,16.375,16.375,16.375,99.0,99.0,99.0,0.0,0.0,0.0,82.7890625,82.7890625,82.7890625,613.693,613.693,613.693,99.0,0.0,82.7890625,613.693,5
11777125.47169056,4.1857757568359375,142286837.73027018,207970.0187291455,2097918.8467096933,14710016.913452731,16.4,16.4,16.4,16.4,16.4,16.4,16.4,16.4,16.4,16.4,16.4,100.0,100.0,100.0,0.0,0.0,0.0,82.7890625,82.7890625,82.7890625,624.997,624.997,624.997,100.0,0.0,82.7890625,624.997,5
11777126.482662413,4.1857757568359375,140727088.99472514,205637.77248427333,2074392.0740422467,14545053.80041341,16.4625,16.4625,16.4625,16.4625,16.4625,16.4625,16.4625,16.4625,16.4625,16.4625,16.4625,99.0,99.0,99.0,0.0,0.0,0.0,82.7890625,82.7890625,82.7890625,646.449,646.449,646.449,99.0,0.0,82.7890625,646.449,5
11777127.472103996,4.185787200927734,143820804.03186995,210114.47627228269,2119530.891134847,14861554.490574418,16.0875,16.0875,16.0875,16.0875,16.0875,16.0875,16.0875,16.0875,16.0875,16.0875,16.0875,100.0,100.0,100.0,0.0,0.0,0.0,82.7890625,82.7890625,82.7890625,646.753,646.753,646.753,100.0,0.0,82.7890625,646.753,5
11777128.485291151,4.185787200927734,140485897.67414144,205199.99582291566,2069856.4814869182,14513251.501050852,16.900000000000002,16.900000000000002,16.900000000000002,16.900000000000002,16.900000000000002,16.900000000000002,16.900000000000002,16.900000000000002,16.900000000000002,16.900000000000002,16.900000000000002,99.0,99.0,99.0,0.0,0.0,0.0,82.791015625,82.791015625,82.791015625,654.209,654.209,654.209,99.0,0.0,82.791015625,654.209,5
11777129.473093232,4.185787200927734,144127876.1867421,210474.34910189806,2123048.7774232887,14886220.919823451,16.1375,16.1375,16.1375,16.1375,16.1375,16.1375,16.1375,16.1375,16.1375,16.1375,16.1375,100.0,100.0,100.0,0.0,0.0,0.0,82.791015625,82.791015625,82.791015625,693.441,693.441,693.441,100.0,0.0,82.791015625,693.441,5
11777130.472600924,4.185787200927734,142472504.39484146,208009.40475411143,2098184.9538442395,14711882.781837538,16.2,16.2,16.2,16.2,16.2,16.2,16.2,16.2,16.2,16.2,16.2,100.0,100.0,100.0,0.0,0.0,0.0,82.791015625,82.791015625,82.791015625,689.053,689.053,689.053,100.0,0.0,82.791015625,689.053,5
11777131.472448805,4.185787200927734,142456534.27488568,207938.63131352907,2097471.0641605626,14706877.18815707,16.225,16.225,16.225,16.225,16.225,16.225,16.225,16.225,16.225,16.225,16.225,100.0,100.0,100.0,0.0,0.0,0.0,82.791015625,82.791015625,82.791015625,691.662,691.662,691.662,100.0,0.0,82.791015625,691.662,5
11777132.47293084,4.185798645019531,142402120.34512636,207807.82957352823,2096141.588615079,14697555.279547136,16.8875,16.8875,16.8875,16.8875,16.8875,16.8875,16.8875,16.8875,16.8875,16.8875,16.8875,100.0,100.0,100.0,0.0,0.0,0.0,82.791015625,82.791015625,82.791015625,693.223,693.223,693.223,100.0,0.0,82.791015625,693.223,5
11777133.472426193,4.185798645019531,142575243.0903235,208012.97300844113,2098210.8546597455,14712064.391071262,16.1,16.1,16.1,16.1,16.1,16.1,16.1,16.1,16.1,16.1,16.1,100.0,100.0,100.0,0.0,0.0,0.0,82.791015625,82.791015625,82.791015625,691.072,691.072,691.072,100.0,0.0,82.791015625,691.072,5
11777134.472306931,4.185798645019531,142555569.38299996,207934.79860425933,2097402.139206963,14706393.905767571,16.775000000000002,16.775000000000002,16.775000000000002,16.775000000000002,16.775000000000002,16.775000000000002,16.775000000000002,16.775000000000002,16.775000000000002,16.775000000000002,16.775000000000002,100.0,100.0,100.0,0.0,0.0,0.0,82.791015625,82.791015625,82.791015625,688.404,688.404,688.404,100.0,0.0,82.791015625,688.404,5
11777135.591684816,4.196765899658203,127371834.75644588,186131.0668983137,1902771.1986410257,13198645.602881115,26.275000000000002,26.275000000000002,26.275000000000002,26.275000000000002,26.275000000000002,26.275000000000002,26.275000000000002,26.275000000000002,26.275000000000002,26.275000000000002,26.275000000000002,0.0,0.0,0.0,0.0,0.0,0.0,79.791015625,79.791015625,79.791015625,362.051,362.051,362.051,0.0,0.0,79.791015625,362.051,
11777136.47309118,4.196796417236328,161794282.37670976,236443.7207681013,2416501.72856626,16762157.18257404,5.4875,5.4875,5.4875,5.4875,5.4875,5.4875,5.4875,5.4875,5.4875,5.4875,5.4875,0.0,0.0,0.0,0.0,0.0,0.0,79.791015625,79.791015625,79.791015625,145.731,145.731,145.731,0.0,0.0,79.791015625,145.731,
11777137.47319806,4.196811676025391,142626766.98820198,208382.72796207445,2129692.3775388384,14772693.088043442,4.25,4.25,4.25,4.25,4.25,4.25,4.25,4.25,4.25,4.25,4.25,0.0,0.0,0.0,0.0,0.0,0.0,79.791015625,79.791015625,79.791015625,141.45,141.45,141.45,0.0,0.0,79.791015625,141.45,
11777138.473332863,4.196811676025391,142655546.55375227,208377.90995868383,2129632.918338243,14772280.647011619,3.8625,3.8625,3.8625,3.8625,3.8625,3.8625,3.8625,3.8625,3.8625,3.8625,3.8625,0.0,0.0,0.0,0.0,0.0,0.0,79.791015625,79.791015625,79.791015625,139.665,139.665,139.665,0.0,0.0,79.791015625,139.665,
11777139.472097935,4.196811676025391,142886574.65272486,208665.6871301424,2132553.550402254,14792539.723655635,4.2375,4.2375,4.2375,4.2375,4.2375,4.2375,4.2375,4.2375,4.2375,4.2375,4.2375,0.0,0.0,0.0,0.0,0.0,0.0,79.791015625,79.791015625,79.791015625,138.782,138.782,138.782,0.0,0.0,79.791015625,138.782,
11777140.471982855,4.196811676025391,142759210.70216596,208431.98631239374,2130165.138989356,14775972.416028088,3.6875,3.6875,3.6875,3.6875,3.6875,3.6875,3.6875,3.6875,3.6875,3.6875,3.6875,0.0,0.0,0.0,0.0,0.0,0.0,79.791015625,79.791015625,79.791015625,138.445,138.445,138.445,0.0,0.0,79.791015625,138.445,
11777141.472994352,4.196811676025391,142631514.73492503,208197.4090682033,2127767.770539267,14759342.97756757,3.4875,3.4875,3.4875,3.4875,3.4875,3.4875,3.4875,3.4875,3.4875,3.4875,3.4875,0.0,0.0,0.0,0.0,0.0,0.0,79.791015625,79.791015625,79.791015625,138.249,138.249,138.249,0.0,0.0,79.791015625,138.249,
11777142.473039832,4.196811676025391,142805213.18939933,208398.52199216283,2129823.135203771,14773600.093615387,3.7,3.7,3.7,3.7,3.7,3.7,3.7,3.7,3.7,3.7,3.7,0.0,0.0,0.0,0.0,0.0,0.0,79.791015625,79.791015625,79.791015625,137.882,137.882,137.882,0.0,0.0,79.791015625,137.882,
11777143.472438456,4.196811676025391,142929979.5844395,208534.40747846087,2131201.6524071577,14783162.231216574,3.875,3.875,3.875,3.875,3.875,3.875,3.875,3.875,3.875,3.875,3.875,0.0,0.0,0.0,0.0,0.0,0.0,79.791015625,79.791015625,79.791015625,137.76,137.76,137.76,0.0,0.0,79.791015625,137.76,
11777144.47369252,4.196811676025391,142700987.95672378,208148.9680599315,2127252.29139777,14759858.206467606,4.5625,4.5625,4.5625,4.5625,4.5625,4.5625,4.5625,4.5625,4.5625,4.5625,4.5625,0.0,0.0,0.0,0.0,0.0,0.0,79.791015625,79.791015625,79.791015625,137.614,137.614,137.614,0.0,0.0,79.791015625,137.614,
11777145.475954792,4.196811676025391,142590335.88411322,207941.57959916626,2125112.4178063464,14745010.77585634,4.0375,4.0375,4.0375,4.0375,4.0375,4.0375,4.0375,4.0375,4.0375,4.0375,4.0375,0.0,0.0,0.0,0.0,0.0,0.0,79.791015625,79.791015625,79.791015625,137.48,137.48,137.48,0.0,0.0,79.791015625,137.48,
11777146.474287555,4.196811676025391,143184418.34710068,208760.05246465027,2133477.0116188508,14803048.188309256,3.5125,3.5125,3.5125,3.5125,3.5125,3.5125,3.5125,3.5125,3.5125,3.5125,3.5125,0.0,0.0,0.0,0.0,0.0,0.0,79.791015625,79.791015625,79.791015625,137.387,137.387,137.387,0.0,0.0,79.791015625,137.387,
11777147.474202575,4.19683837890625,142990767.2781373,208429.71224432014,2130101.0148332263,14779623.96445823,3.525,3.525,3.525,3.525,3.525,3.525,3.525,3.525,3.525,3.525,3.525,0.0,0.0,0.0,0.0,0.0,0.0,79.791015625,79.791015625,79.791015625,137.276,137.276,137.276,0.0,0.0,79.791015625,137.276,
11777148.473621229,4.19683837890625,143096545.66915202,208534.23063514955,2131158.941689903,14786964.349263787,4.6375,4.6375,4.6375,4.6375,4.6375,4.6375,4.6375,4.6375,4.6375,4.6375,4.6375,0.0,0.0,0.0,0.0,0.0,0.0,79.791015625,79.791015625,79.791015625,137.178,137.178,137.178,0.0,0.0,79.791015625,137.178,
11777149.473967431,4.19683837890625,142996819.1575424,208340.8718894448,2129182.871772712,14773253.46414605,3.675,3.675,3.675,3.675,3.675,3.675,3.675,3.675,3.675,3.675,3.675,0.0,0.0,0.0,0.0,0.0,0.0,79.791015625,79.791015625,79.791015625,137.26,137.26,137.26,0.0,0.0,79.791015625,137.26,
11777150.473545292,4.19683837890625,143139651.78949514,208501.0163523182,2130819.5014184797,14784609.155995913,3.725,3.725,3.725,3.725,3.725,3.725,3.725,3.725,3.725,3.725,3.725,0.0,0.0,0.0,0.0,0.0,0.0,79.791015625,79.791015625,79.791015625,136.98,136.98,136.98,0.0,0.0,79.791015625,136.98,
11777151.474412736,4.19683837890625,142988460.63797182,208232.37025489367,2128074.016751849,14765559.716232061,3.6875,3.6875,3.6875,3.6875,3.6875,3.6875,3.6875,3.6875,3.6875,3.6875,3.6875,0.0,0.0,0.0,0.0,0.0,0.0,79.791015625,79.791015625,79.791015625,137.275,137.275,137.275,0.0,0.0,79.791015625,137.275,
11777152.473694239,4.19683837890625,143247053.54096437,208562.8517290241,2131451.440911474,14788993.84386269,3.5375,3.5375,3.5375,3.5375,3.5375,3.5375,3.5375,3.5375,3.5375,3.5375,3.5375,0.0,0.0,0.0,0.0,0.0,0.0,79.791015625,79.791015625,79.791015625,136.956,136.956,136.956,0.0,0.0,79.791015625,136.956,
11777153.47369332,4.19683837890625,143180765.48061442,208415.19138434783,2129921.955873378,14778381.570752207,4.4125,4.4125,4.4125,4.4125,4.4125,4.4125,4.4125,4.4125,4.4125,4.4125,4.4125,0.0,0.0,0.0,0.0,0.0,0.0,79.791015625,79.791015625,79.791015625,137.154,137.154,137.154,0.0,0.0,79.791015625,137.154,
11777154.474314405,4.19683837890625,143124067.913678,208286.63647687412,2128597.961599991,14769195.087409168,3.7125,3.7125,3.7125,3.7125,3.7125,3.7125,3.7125,3.7125,3.7125,3.7125,3.7125,0.0,0.0,0.0,0.0,0.0,0.0,79.791015625,79.791015625,79.791015625,137.166,137.166,137.166,0.0,0.0,79.791015625,137.166,
11777155.473363344,4.19683837890625,143381576.6292727,208614.40502993215,2131947.6122819413,14792436.509833163,3.6875,3.6875,3.6875,3.6875,3.6875,3.6875,3.6875,3.6875,3.6875,3.6875,3.6875,0.0,0.0,0.0,0.0,0.0,0.0,79.791015625,79.791015625,79.791015625,137.084,137.084,137.084,0.0,0.0,79.791015625,137.084,
11777156.47469934,4.19683837890625,143087050.1110751,208137.92832418912,2127078.2295805356,14758650.485243408,3.4875,3.4875,3.4875,3.4875,3.4875,3.4875,3.4875,3.4875,3.4875,3.4875,3.4875,0.0,0.0,0.0,0.0,0.0,0.0,79.791015625,79.791015625,79.791015625,137.114,137.114,137.114,0.0,0.0,79.791015625,137.114,
11777157.474793402,4.196865081787109,143297599.18172297,208396.3978769176,2129719.6749098166,14776978.052066574,3.5,3.5,3.5,3.5,3.5,3.5,3.5,3.5,3.5,3.5,3.5,0.0,0.0,0.0,0.0,0.0,0.0,79.791015625,79.791015625,79.791015625,136.856,136.856,136.856,0.0,0.0,79.791015625,136.856,
11777158.473837253,4.196865081787109,143486148.24790508,208619.47146003155,2131958.4716061335,14792511.856836405,5.550000000000001,5.550000000000001,5.550000000000001,5.550000000000001,5.550000000000001,5.550000000000001,5.550000000000001,5.550000000000001,5.550000000000001,5.550000000000001,5.550000000000001,0.0,0.0,0.0,0.0,0.0,0.0,79.791015625,79.791015625,79.791015625,137.04,137.04,137.04,0.0,0.0,79.791015625,137.04,
11777159.473754896,4.196865081787109,143393457.43422103,208437.16622953274,2130095.4279608787,14779585.200159328,3.5,3.5,3.5,3.5,3.5,3.5,3.5,3.5,3.5,3.5,3.5,0.0,0.0,0.0,0.0,0.0,0.0,79.791015625,79.791015625,79.791015625,136.897,136.897,136.897,0.0,0.0,79.791015625,136.897,
11777160.47486734,4.196865081787109,143255038.74493694,208188.4019934048,2127553.2154965587,14761946.156753046,3.675,3.675,3.675,3.675,3.675,3.675,3.675,3.675,3.675,3.675,3.675,0.0,0.0,0.0,0.0,0.0,0.0,79.791015625,79.791015625,79.791015625,136.918,136.918,136.918,0.0,0.0,79.791015625,136.918,
11777161.475810401,4.196865081787109,143312478.5957327,208223.63242041,2127913.248080221,14764444.228987379,3.6875,3.6875,3.6875,3.6875,3.6875,3.6875,3.6875,3.6875,3.6875,3.6875,3.6875,0.0,0.0,0.0,0.0,0.0,0.0,79.791015625,79.791015625,79.791015625,136.786,136.786,136.786,0.0,0.0,79.791015625,136.786,
11777162.474325644,4.196880340576172,143693753.34770852,208738.9266428917,2133087.1166451303,14960324.450778443,4.275,4.275,4.275,4.275,4.275,4.275,4.275,4.275,4.275,4.275,4.275,0.0,0.0,0.0,0.0,0.0,0.0,79.791015625,79.791015625,79.791015625,136.843,136.843,136.843,0.0,0.0,79.791015625,136.843,
11777163.474521786,4.196880340576172,143487978.9633032,208390.12591846735,2129502.314896834,14939277.778353173,4.4125,4.4125,4.4125,4.4125,4.4125,4.4125,4.4125,4.4125,4.4125,4.4125,4.4125,0.0,0.0,0.0,0.0,0.0,0.0,79.791015625,79.791015625,79.791015625,136.738,136.738,136.738,0.0,0.0,79.791015625,136.738,
11777164.4763462,4.196880340576172,143287665.92502755,208051.42798767198,2126041.2198737343,14914996.865575735,3.5,3.5,3.5,3.5,3.5,3.5,3.5,3.5,3.5,3.5,3.5,0.0,0.0,0.0,0.0,0.0,0.0,79.791015625,79.791015625,79.791015625,136.964,136.964,136.964,0.0,0.0,79.791015625,136.964,
11777165.475191591,4.196880340576172,143747222.8407423,208671.93449873728,2132382.067578961,14959480.351015482,3.7125,3.7125,3.7125,3.7125,3.7125,3.7125,3.7125,3.7125,3.7125,3.7125,3.7125,0.0,0.0,0.0,0.0,0.0,0.0,79.791015625,79.791015625,79.791015625,136.781,136.781,136.781,0.0,0.0,79.791015625,136.781,
11777166.475544304,4.196880340576172,143563472.39055124,208357.5097334969,2129169.015796929,14936939.55697538,3.5,3.5,3.5,3.5,3.5,3.5,3.5,3.5,3.5,3.5,3.5,0.0,0.0,0.0,0.0,0.0,0.0,79.791015625,79.791015625,79.791015625,137.022,137.022,137.022,0.0,0.0,79.791015625,137.022,
11777167.473094383,4.196880340576172,144002127.75056022,208945.90082513203,2135150.949871255,14978905.125250652,4.6125,4.6125,4.6125,4.6125,4.6125,4.6125,4.6125,4.6125,4.6125,4.6125,4.6125,0.0,0.0,0.0,0.0,0.0,0.0,79.791015625,79.791015625,79.791015625,137.025,137.025,137.025,0.0,0.0,79.791015625,137.025,
11777168.474757537,4.196880340576172,143446118.01631293,208089.91442831024,2126383.49680068,14917398.069863232,4.4375,4.4375,4.4375,4.4375,4.4375,4.4375,4.4375,4.4375,4.4375,4.4375,4.4375,0.0,0.0,0.0,0.0,0.0,0.0,79.791015625,79.791015625,79.791015625,136.855,136.855,136.855,0.0,0.0,79.791015625,136.855,
11777169.476265842,4.196880340576172,143501081.6227134,208122.0884447592,2126712.2695708107,14919704.537296765,3.7,3.7,3.7,3.7,3.7,3.7,3.7,3.7,3.7,3.7,3.7,0.0,0.0,0.0,0.0,0.0,0.0,79.791015625,79.791015625,79.791015625,136.945,136.945,136.945,0.0,0.0,79.791015625,136.945,
11777170.477488946,4.196880340576172,143575051.7691706,208181.37251502162,2127318.0686023277,14923954.450502485,3.4875,3.4875,3.4875,3.4875,3.4875,3.4875,3.4875,3.4875,3.4875,3.4875,3.4875,0.0,0.0,0.0,0.0,0.0,0.0,79.791015625,79.791015625,79.791015625,136.821,136.821,136.821,0.0,0.0,79.791015625,136.821,
11777171.477840409,4.196907043457031,143733121.19599319,208362.768297795,2129171.675971711,14936958.219124617,3.675,3.675,3.675,3.675,3.675,3.675,3.675,3.675,3.675,3.675,3.675,0.0,0.0,0.0,0.0,0.0,0.0,79.791015625,79.791015625,79.791015625,136.997,136.997,136.997,0.0,0.0,79.791015625,136.997,
11777172.4757484,4.196910858154297,144117858.91704127,208873.96630306478,2134385.1538269296,14973532.771462768,3.5,3.5,3.5,3.5,3.5,3.5,3.5,3.5,3.5,3.5,3.5,0.0,0.0,0.0,0.0,0.0,0.0,79.791015625,79.791015625,79.791015625,136.972,136.972,136.972,0.0,0.0,79.791015625,136.972,
11777173.476829432,4.196907043457031,143696553.33006454,208212.91503476482,2127619.9732814855,14926072.42794396,4.0875,4.0875,4.0875,4.0875,4.0875,4.0875,4.0875,4.0875,4.0875,4.0875,4.0875,0.0,0.0,0.0,0.0,0.0,0.0,79.791015625,79.791015625,79.791015625,136.967,136.967,136.967,0.0,0.0,79.791015625,136.967,
11777174.475861544,4.196907043457031,144023254.40292305,208639.94012807438,2131983.5216111657,14956684.397764487,3.7,3.7,3.7,3.7,3.7,3.7,3.7,3.7,3.7,3.7,3.7,0.0,0.0,0.0,0.0,0.0,0.0,79.791015625,79.791015625,79.791015625,136.79,136.79,136.79,0.0,0.0,79.791015625,136.79,
11777175.476696167,4.196907043457031,143797422.31342393,208264.177853842,2128143.8014875175,14929747.284281662,3.6875,3.6875,3.6875,3.6875,3.6875,3.6875,3.6875,3.6875,3.6875,3.6875,3.6875,0.0,0.0,0.0,0.0,0.0,0.0,79.791015625,79.791015625,79.791015625,136.731,136.731,136.731,0.0,0.0,79.791015625,136.731,
11777176.47679586,4.196907043457031,143935428.7181826,208417.22236737693,2129707.6841301657,14940718.522513162,3.725,3.725,3.725,3.725,3.725,3.725,3.725,3.725,3.725,3.725,3.725,0.0,0.0,0.0,0.0,0.0,0.0,79.791015625,79.791015625,79.791015625,136.945,136.945,136.945,0.0,0.0,79.791015625,136.945,
11777177.477272864,4.196907043457031,143914062.30203173,208338.6214783073,2128904.5023415894,14935083.893350229,3.5,3.5,3.5,3.5,3.5,3.5,3.5,3.5,3.5,3.5,3.5,0.0,0.0,0.0,0.0,0.0,0.0,79.791015625,79.791015625,79.791015625,136.642,136.642,136.642,0.0,0.0,79.791015625,136.642,
11777178.613938283,4.197116851806641,126710320.9307952,184771.17059834237,1873831.9692644204,13715008.605808431,27.825,27.825,27.825,27.825,27.825,27.825,27.825,27.825,27.825,27.825,27.825,0.0,0.0,0.0,0.0,0.0,0.0,79.791015625,79.791015625,79.791015625,136.712,136.712,136.712,0.0,0.0,79.791015625,136.712,
11777179.61786649,4.197147369384766,143497689.39199,210015.01756707596,2121585.9714307836,15528377.321664544,20.15,20.15,20.15,20.15,20.15,20.15,20.15,20.15,20.15,20.15,20.15,0.0,0.0,0.0,0.0,0.0,0.0,79.791015625,79.791015625,79.791015625,137.07,137.07,137.07,0.0,0.0,79.791015625,137.07,
11777180.478969453,4.197147369384766,167333309.9683591,244948.64040169245,2473478.889109796,18103962.79221516,4.925,4.925,4.925,4.925,4.925,4.925,4.925,4.925,4.925,4.925,4.925,0.0,0.0,0.0,0.0,0.0,0.0,79.791015625,79.791015625,79.791015625,136.991,136.991,136.991,0.0,0.0,79.791015625,136.991,
11777181.477407964,4.197147369384766,144349723.49907622,211255.87371373913,2133251.0479522073,15613756.708665578,3.5,3.5,3.5,3.5,3.5,3.5,3.5,3.5,3.5,3.5,3.5,0.0,0.0,0.0,0.0,0.0,0.0,79.791015625,79.791015625,79.791015625,136.755,136.755,136.755,0.0,0.0,79.791015625,136.755,
11777182.476186493,4.197147369384766,144333523.14570656,211183.95497842898,2132524.816227755,15608441.251082378,3.7,3.7,3.7,3.7,3.7,3.7,3.7,3.7,3.7,3.7,3.7,0.0,0.0,0.0,0.0,0.0,0.0,79.791015625,79.791015625,79.791015625,136.799,136.799,136.799,0.0,0.0,79.791015625,136.799,
11777183.477153417,4.197147369384766,144056089.80862173,210724.24581445477,2127862.5201259363,15578408.873306615,4.45,4.45,4.45,4.45,4.45,4.45,4.45,4.45,4.45,4.45,4.45,0.0,0.0,0.0,0.0,0.0,0.0,79.791015625,79.791015625,79.791015625,136.629,136.629,136.629,0.0,0.0,79.791015625,136.629,
11777184.4779044,4.197147369384766,144119545.6519483,210770.71474810157,2128321.6663250504,15581770.353268204,3.5,3.5,3.5,3.5,3.5,3.5,3.5,3.5,3.5,3.5,3.5,0.0,0.0,0.0,0.0,0.0,0.0,79.791015625,79.791015625,79.791015625,136.639,136.639,136.639,0.0,0.0,79.791015625,136.639,
11777185.477060212,4.197147369384766,144382625.084491,211107.21418421823,2131719.572155797,15606646.944609843,3.325,3.325,3.325,3.325,3.325,3.325,3.325,3.325,3.325,3.325,3.325,0.0,0.0,0.0,0.0,0.0,0.0,79.791015625,79.791015625,79.791015625,136.74,136.74,136.74,0.0,0.0,79.791015625,136.74,
11777186.477509344,4.197147369384766,144228351.40694362,210834.30752905225,2128963.813853377,15586471.614115013,3.5125,3.5125,3.5125,3.5125,3.5125,3.5125,3.5125,3.5125,3.5125,3.5125,3.5125,0.0,0.0,0.0,0.0,0.0,0.0,79.791015625,79.791015625,79.791015625,136.698,136.698,136.698,0.0,0.0,79.791015625,136.698,
11777187.477968749,4.197147369384766,144259761.39304075,210832.14273067706,2128941.954140605,15586311.575794775,3.675,3.675,3.675,3.675,3.675,3.675,3.675,3.675,3.675,3.675,3.675,0.0,0.0,0.0,0.0,0.0,0.0,79.791015625,79.791015625,79.791015625,136.912,136.912,136.912,0.0,0.0,79.791015625,136.912,
11777188.47827732,4.197147369384766,144314319.73072246,210866.93249893453,2129262.970379699,15588661.785068296,3.8625,3.8625,3.8625,3.8625,3.8625,3.8625,3.8625,3.8625,3.8625,3.8625,3.8625,0.0,0.0,0.0,0.0,0.0,0.0,79.791015625,79.791015625,79.791015625,136.758,136.758,136.758,0.0,0.0,79.791015625,136.758,
11777189.478717225,4.197147369384766,144330844.19336095,210840.2503976209,2128983.450322618,15586615.375727318,4.225,4.225,4.225,4.225,4.225,4.225,4.225,4.225,4.225,4.225,4.225,0.0,0.0,0.0,0.0,0.0,0.0,79.791015625,79.791015625,79.791015625,136.737,136.737,136.737,0.0,0.0,79.791015625,136.737,
11777190.478104167,4.197147369384766,144518545.24827537,211170.45973672817,2131226.565465725,15603037.566784644,6.7875,6.7875,6.7875,6.7875,6.7875,6.7875,6.7875,6.7875,6.7875,6.7875,6.7875,0.0,0.0,0.0,0.0,0.0,0.0,79.791015625,79.791015625,79.791015625,136.782,136.782,136.782,0.0,0.0,79.791015625,136.782,
11777191.479496768,4.197147369384766,144259038.71008256,210849.37094296998,2126957.996044627,15571786.713349797,4.2125,4.2125,4.2125,4.2125,4.2125,4.2125,4.2125,4.2125,4.2125,4.2125,4.2125,0.0,0.0,0.0,0.0,0.0,0.0,79.791015625,79.791015625,79.791015625,136.71,136.71,136.71,0.0,0.0,79.791015625,136.71,
11777192.47822298,4.197147369384766,144680088.8350375,211651.59937577904,2132636.5279089953,15613360.118749127,5.1375,5.1375,5.1375,5.1375,5.1375,5.1375,5.1375,5.1375,5.1375,5.1375,5.1375,0.0,0.0,0.0,0.0,0.0,0.0,79.791015625,79.791015625,79.791015625,136.603,136.603,136.603,0.0,0.0,79.791015625,136.603,
11777193.477760673,4.197147369384766,144592687.16275337,211544.79856998523,2130905.131641418,15600684.300305538,4.075,4.075,4.075,4.075,4.075,4.075,4.075,4.075,4.075,4.075,4.075,0.0,0.0,0.0,0.0,0.0,0.0,79.791015625,79.791015625,79.791015625,136.857,136.857,136.857,0.0,0.0,79.791015625,136.857,
11777194.479534756,4.197147369384766,144305339.23210075,211073.53785104235,2126148.035165583,15565856.865144948,4.6125,4.6125,4.6125,4.6125,4.6125,4.6125,4.6125,4.6125,4.6125,4.6125,4.6125,0.0,0.0,0.0,0.0,0.0,0.0,79.791015625,79.791015625,79.791015625,136.619,136.619,136.619,0.0,0.0,79.791015625,136.619,
11777195.477761948,4.199138641357422,144852605.84557757,213273.0922251083,2133702.6449287334,16261276.118947249,18.662499999999998,18.662499999999998,18.662499999999998,18.662499999999998,18.662499999999998,18.662499999999998,18.662499999999998,18.662499999999998,18.662499999999998,18.662499999999998,18.662499999999998,0.0,0.0,0.0,0.0,0.0,0.0,79.791015625,79.791015625,79.791015625,136.717,136.717,136.717,0.0,0.0,79.791015625,136.717,
11777196.47796688,4.199138641357422,144599564.92996934,213251.2979968112,2129483.600784679,16229122.134441696,3.8875,3.8875,3.8875,3.8875,3.8875,3.8875,3.8875,3.8875,3.8875,3.8875,3.8875,0.0,0.0,0.0,0.0,0.0,0.0,79.791015625,79.791015625,79.791015625,136.763,136.763,136.763,0.0,0.0,79.791015625,136.763,
11777197.478361044,4.199138641357422,144605121.91686594,213210.9599890968,2129080.793736267,16226052.279955434,3.675,3.675,3.675,3.675,3.675,3.675,3.675,3.675,3.675,3.675,3.675,0.0,0.0,0.0,0.0,0.0,0.0,79.791015625,79.791015625,79.791015625,136.951,136.951,136.951,0.0,0.0,79.791015625,136.951,
11777198.479075266,4.199138641357422,144596227.19786507,214110.07787854198,2128399.85006774,16863475.73515209,3.5125,3.5125,3.5125,3.5125,3.5125,3.5125,3.5125,3.5125,3.5125,3.5125,3.5125,0.0,0.0,0.0,0.0,0.0,0.0,79.791015625,79.791015625,79.791015625,136.684,136.684,136.684,0.0,0.0,79.791015625,136.684,
11777199.47921154,4.202228546142578,144715664.89528298,214627.75163654008,2129629.785032398,16873220.60448746,10.3375,10.3375,10.3375,10.3375,10.3375,10.3375,10.3375,10.3375,10.3375,10.3375,10.3375,0.0,0.0,0.0,0.0,0.0,0.0,79.791015625,79.791015625,79.791015625,136.631,136.631,136.631,0.0,0.0,79.791015625,136.631,
11777200.478785831,4.206142425537109,144832332.4870295,216467.15210393164,2130827.113156354,17521955.261262633,19.4625,19.4625,19.4625,19.4625,19.4625,19.4625,19.4625,19.4625,19.4625,19.4625,19.4625,0.0,0.0,0.0,0.0,0.0,0.0,79.791015625,79.791015625,79.791015625,137.003,137.003,137.003,0.0,0.0,79.791015625,137.003,
11777201.479160853,4.1922760009765625,144747177.7326094,216293.88519701027,2129121.534182859,17507930.1541652,3.7,3.7,3.7,3.7,3.7,3.7,3.7,3.7,3.7,3.7,3.7,0.0,0.0,0.0,0.0,0.0,0.0,79.791015625,79.791015625,79.791015625,136.443,136.443,136.443,0.0,0.0,79.791015625,136.443,
11777202.48346288,4.1922760009765625,144216280.70924395,215716.9797924367,2120796.2777793477,17439470.93035479,6.575,6.575,6.575,6.575,6.575,6.575,6.575,6.575,6.575,6.575,6.575,0.0,0.0,0.0,0.0,0.0,0.0,79.791015625,79.791015625,79.791015625,136.569,136.569,136.569,0.0,0.0,79.791015625,136.569,
11777203.480101308,4.1922760009765625,145358401.67199975,217473.0512284628,2137104.0281649497,17573570.81621793,4.675,4.675,4.675,4.675,4.675,4.675,4.675,4.675,4.675,4.675,4.675,0.0,0.0,0.0,0.0,0.0,0.0,79.791015625,79.791015625,79.791015625,136.65,136.65,136.65,0.0,0.0,79.791015625,136.65,
11777204.480032682,4.1922760009765625,144912106.65638983,216757.87510351918,2130066.1767184525,17515698.0224002,3.6875,3.6875,3.6875,3.6875,3.6875,3.6875,3.6875,3.6875,3.6875,3.6875,3.6875,0.0,0.0,0.0,0.0,0.0,0.0,79.791015625,79.791015625,79.791015625,137.075,137.075,137.075,0.0,0.0,79.791015625,137.075,
11777205.480215915,4.1922760009765625,144911255.602175,216704.29281114708,2129529.8017214704,17511287.3695404,4.2375,4.2375,4.2375,4.2375,4.2375,4.2375,4.2375,4.2375,4.2375,4.2375,4.2375,0.0,0.0,0.0,0.0,0.0,0.0,79.791015625,79.791015625,79.791015625,136.89,136.89,136.89,0.0,0.0,79.791015625,136.89,
11777206.480114676,4.1922760009765625,144988230.3893893,216854.95406791475,2130135.6517150663,17516269.320641585,3.9625,3.9625,3.9625,3.9625,3.9625,3.9625,3.9625,3.9625,3.9625,3.9625,3.9625,0.0,0.0,0.0,0.0,0.0,0.0,79.791015625,79.791015625,79.791015625,136.784,136.784,136.784,0.0,0.0,79.791015625,136.784,
11777207.479761148,4.1922760009765625,145056020.39185598,217168.7752833292,2130673.2530515566,17520690.057785492,5.65,5.65,5.65,5.65,5.65,5.65,5.65,5.65,5.65,5.65,5.65,0.0,0.0,0.0,0.0,0.0,0.0,79.791015625,79.791015625,79.791015625,136.798,136.798,136.798,0.0,0.0,79.791015625,136.798,
11777208.484219426,4.1922760009765625,144395824.21332002,216439.05443488993,2120466.37054498,17436758.0777891,5.175,5.175,5.175,5.175,5.175,5.175,5.175,5.175,5.175,5.175,5.175,0.0,0.0,0.0,0.0,0.0,0.0,79.791015625,79.791015625,79.791015625,136.987,136.987,136.987,0.0,0.0,79.791015625,136.987,
11777209.481061945,4.1922760009765625,145532469.08623606,218093.62660242498,2136666.485007415,17569972.865176357,4.7,4.7,4.7,4.7,4.7,4.7,4.7,4.7,4.7,4.7,4.7,0.0,0.0,0.0,0.0,0.0,0.0,79.791015625,79.791015625,79.791015625,136.954,136.954,136.954,0.0,0.0,79.791015625,136.954,
11777210.480999377,4.1922760009765625,145115245.58711407,217515.60954128223,2130053.2734143496,17523784.430128053,4.4375,4.4375,4.4375,4.4375,4.4375,4.4375,4.4375,4.4375,4.4375,4.4375,4.4375,0.0,0.0,0.0,0.0,0.0,0.0,79.791015625,79.791015625,79.791015625,136.987,136.987,136.987,0.0,0.0,79.791015625,136.987,
11777211.772696484,4.195648193359375,112369257.61055705,169645.80842454615,1648931.4623654769,14060311.738708701,22.625,22.625,22.625,22.625,22.625,22.625,22.625,22.625,22.625,22.625,22.625,0.0,0.0,0.0,0.0,0.0,0.0,79.791015625,79.791015625,79.791015625,136.967,136.967,136.967,0.0,0.0,79.791015625,136.967,
11777212.671383744,4.195747375488281,161548309.87988475,244584.52871009536,2370034.7098119073,20209103.66020384,29.900000000000002,29.900000000000002,29.900000000000002,29.900000000000002,29.900000000000002,29.900000000000002,29.900000000000002,29.900000000000002,29.900000000000002,29.900000000000002,29.900000000000002,0.0,0.0,0.0,0.0,0.0,0.0,79.791015625,79.791015625,79.791015625,136.969,136.969,136.969,0.0,0.0,79.791015625,136.969,
11777213.840973848,4.204254150390625,124159938.98824768,188947.3920598785,1821082.439086553,16074554.606552457,15.475,15.475,15.475,15.475,15.475,15.475,15.475,15.475,15.475,15.475,15.475,0.0,0.0,0.0,0.0,0.0,0.0,79.791015625,79.791015625,79.791015625,136.795,136.795,136.795,0.0,0.0,79.791015625,136.795,
11777214.600873938,4.204254150390625,191146228.34642628,291144.85325074336,2802894.7881984953,24740936.68813672,9.525,9.525,9.525,9.525,9.525,9.525,9.525,9.525,9.525,9.525,9.525,0.0,0.0,0.0,0.0,0.0,0.0,79.791015625,79.791015625,79.791015625,136.779,136.779,136.779,0.0,0.0,79.791015625,136.779,
11777215.60021836,4.204254150390625,145380149.09271115,221386.13597973727,2131317.245655019,18812973.379916415,4.3500000000000005,4.3500000000000005,4.3500000000000005,4.3500000000000005,4.3500000000000005,4.3500000000000005,4.3500000000000005,4.3500000000000005,4.3500000000000005,4.3500000000000005,4.3500000000000005,0.0,0.0,0.0,0.0,0.0,0.0,79.791015625,79.791015625,79.791015625,136.823,136.823,136.823,0.0,0.0,79.791015625,136.823,
11777216.8057831,4.205711364746094,120543534.53801534,185007.89912503827,1766740.4557247902,16131699.391887123,22.8625,22.8625,22.8625,22.8625,22.8625,22.8625,22.8625,22.8625,22.8625,22.8625,22.8625,0.0,0.0,0.0,0.0,0.0,0.0,79.791015625,79.791015625,79.791015625,136.748,136.748,136.748,0.0,0.0,79.791015625,136.748,
11777217.807233416,4.205715179443359,145145718.96948937,223116.41089623986,2126835.418439488,19419643.39759748,5.925,5.925,5.925,5.925,5.925,5.925,5.925,5.925,5.925,5.925,5.925,0.0,0.0,0.0,0.0,0.0,0.0,79.791015625,79.791015625,79.791015625,136.835,136.835,136.835,0.0,0.0,79.791015625,136.835,
11777218.805364337,4.210357666015625,145665579.4355718,225982.37885667617,2133908.4428729014,20124398.08432444,16.2625,16.2625,16.2625,16.2625,16.2625,16.2625,16.2625,16.2625,16.2625,16.2625,16.2625,0.0,0.0,0.0,0.0,0.0,0.0,79.791015625,79.791015625,79.791015625,136.899,136.899,136.899,0.0,0.0,79.791015625,136.899,
11777219.809165481,4.216602325439453,144879947.36181423,224994.7623606331,2121854.524007791,20010720.35718117,17.3,17.3,17.3,17.3,17.3,17.3,17.3,17.3,17.3,17.3,17.3,0.0,0.0,0.0,0.0,0.0,0.0,79.791015625,79.791015625,79.791015625,136.697,136.697,136.697,0.0,0.0,79.791015625,136.697,
11777220.808071032,4.216655731201172,145624432.55995205,226830.2542155524,2132253.643532096,20108792.053618073,19.9875,19.9875,19.9875,19.9875,19.9875,19.9875,19.9875,19.9875,19.9875,19.9875,19.9875,0.0,0.0,0.0,0.0,0.0,0.0,79.791015625,79.791015625,79.791015625,136.84,136.84,136.84,0.0,0.0,79.791015625,136.84,
11777221.807556303,4.216670989990234,145575507.9281194,226698.68837748896,2131016.8960861024,20097128.573858168,4.625,4.625,4.625,4.625,4.625,4.625,4.625,4.625,4.625,4.625,4.625,0.0,0.0,0.0,0.0,0.0,0.0,79.791015625,79.791015625,79.791015625,136.898,136.898,136.898,0.0,0.0,79.791015625,136.898,
11777222.807571247,4.216670989990234,145531188.18162805,226579.613993788,2129888.170946845,20086483.82754486,4.8,4.8,4.8,4.8,4.8,4.8,4.8,4.8,4.8,4.8,4.8,0.0,0.0,0.0,0.0,0.0,0.0,79.791015625,79.791015625,79.791015625,136.849,136.849,136.849,0.0,0.0,79.791015625,136.849,
11777223.95527432,4.222644805908203,126834041.43826774,198153.16830385628,1855811.012324058,18058468.69684564,16.775,16.775,16.775,16.775,16.775,16.775,16.775,16.775,16.775,16.775,16.775,0.0,0.0,0.0,0.0,0.0,0.0,79.791015625,79.791015625,79.791015625,136.852,136.852,136.852,0.0,0.0,79.791015625,136.852,
11777224.808464663,4.222644805908203,170657905.41755387,266941.60529104446,2496418.314401197,24292070.520903956,6.1875,6.1875,6.1875,6.1875,6.1875,6.1875,6.1875,6.1875,6.1875,6.1875,6.1875,0.0,0.0,0.0,0.0,0.0,0.0,79.791015625,79.791015625,79.791015625,136.75,136.75,136.75,0.0,0.0,79.791015625,136.75,
11777225.809045715,4.222644805908203,145551885.76321447,227620.74047838108,2128683.124084923,20713724.245903287,4.6375,4.6375,4.6375,4.6375,4.6375,4.6375,4.6375,4.6375,4.6375,4.6375,4.6375,0.0,0.0,0.0,0.0,0.0,0.0,79.791015625,79.791015625,79.791015625,136.763,136.763,136.763,0.0,0.0,79.791015625,136.763,
11777226.809285209,4.224212646484375,145639664.27250013,229417.0561463309,2129410.020513148,21359620.513454963,10.537500000000001,10.537500000000001,10.537500000000001,10.537500000000001,10.537500000000001,10.537500000000001,10.537500000000001,10.537500000000001,10.537500000000001,10.537500000000001,10.537500000000001,0.0,0.0,0.0,0.0,0.0,0.0,79.791015625,79.791015625,79.791015625,136.895,136.895,136.895,0.0,0.0,79.791015625,136.895,
11777227.80759411,4.2242889404296875,145954552.635412,230265.40164947577,2133528.007626944,21400927.091888733,11.85,11.85,11.85,11.85,11.85,11.85,11.85,11.85,11.85,11.85,11.85,0.0,0.0,0.0,0.0,0.0,0.0,79.791015625,79.791015625,79.791015625,136.863,136.863,136.863,0.0,0.0,79.791015625,136.863,
11777228.808259351,4.225902557373047,145646307.9802836,231550.96260870856,2128504.030036212,21989083.941066407,16.825,16.825,16.825,16.825,16.825,16.825,16.825,16.825,16.825,16.825,16.825,0.0,0.0,0.0,0.0,0.0,0.0,79.791015625,79.791015625,79.791015625,136.834,136.834,136.834,0.0,0.0,79.791015625,136.834,
11777229.809270667,4.226081848144531,145629642.45136946,232097.27637277267,2127768.1545886747,21981481.781635307,6.4375,6.4375,6.4375,6.4375,6.4375,6.4375,6.4375,6.4375,6.4375,6.4375,6.4375,0.0,0.0,0.0,0.0,0.0,0.0,79.791015625,79.791015625,79.791015625,136.723,136.723,136.723,0.0,0.0,79.791015625,136.723,
11777230.808684748,4.226093292236328,145898358.65630785,232868.44210203167,2131168.6927537224,22016611.956678838,9.875,9.875,9.875,9.875,9.875,9.875,9.875,9.875,9.875,9.875,9.875,0.0,0.0,0.0,0.0,0.0,0.0,79.791015625,79.791015625,79.791015625,136.615,136.615,136.615,0.0,0.0,79.791015625,136.615,
11777231.809832072,4.226108551025391,145678694.30578026,232622.10702265758,2127479.0917119267,21978495.53976244,5.612500000000001,5.612500000000001,5.612500000000001,5.612500000000001,5.612500000000001,5.612500000000001,5.612500000000001,5.612500000000001,5.612500000000001,5.612500000000001,5.612500000000001,0.0,0.0,0.0,0.0,0.0,0.0,79.791015625,79.791015625,79.791015625,136.868,136.868,136.868,0.0,0.0,79.791015625,136.868,
11777232.809074812,4.226108551025391,145991943.8956499,233066.49198953965,2131534.12606106,22020387.16384618,5.362500000000001,5.362500000000001,5.362500000000001,5.362500000000001,5.362500000000001,5.362500000000001,5.362500000000001,5.362500000000001,5.362500000000001,5.362500000000001,5.362500000000001,0.0,0.0,0.0,0.0,0.0,0.0,79.791015625,79.791015625,79.791015625,136.877,136.877,136.877,0.0,0.0,79.791015625,136.877,
11777233.810660768,4.2262115478515625,145683658.03186968,232770.83554244423,2126547.3880010415,21968870.323733836,10.5375,10.5375,10.5375,10.5375,10.5375,10.5375,10.5375,10.5375,10.5375,10.5375,10.5375,0.0,0.0,0.0,0.0,0.0,0.0,79.791015625,79.791015625,79.791015625,136.978,136.978,136.978,0.0,0.0,79.791015625,136.978,
11777234.809016978,4.226295471191406,146188094.51796615,233806.32848883866,2133426.905668477,22039941.03317511,5.925000000000001,5.925000000000001,5.925000000000001,5.925000000000001,5.925000000000001,5.925000000000001,5.925000000000001,5.925000000000001,5.925000000000001,5.925000000000001,5.925000000000001,0.0,0.0,0.0,0.0,0.0,0.0,79.791015625,79.791015625,79.791015625,136.736,136.736,136.736,0.0,0.0,79.791015625,136.736,
11777235.809028711,4.226295471191406,145981634.2264199,233420.26132633892,2129895.0103639993,22003453.837837316,5.2625,5.2625,5.2625,5.2625,5.2625,5.2625,5.2625,5.2625,5.2625,5.2625,5.2625,0.0,0.0,0.0,0.0,0.0,0.0,79.791015625,79.791015625,79.791015625,136.799,136.799,136.799,0.0,0.0,79.791015625,136.799,
11777236.809201352,4.227191925048828,145992530.68477896,233730.64847712824,2129552.3516792287,21999913.910040032,23.2,23.2,23.2,23.2,23.2,23.2,23.2,23.2,23.2,23.2,23.2,0.0,0.0,0.0,0.0,0.0,0.0,79.791015625,79.791015625,79.791015625,136.871,136.871,136.871,0.0,0.0,79.791015625,136.871,
11777238.01060085,4.23046875,121572734.36612755,196195.35421284896,1772865.7320892764,18850335.83215694,30.7875,30.7875,30.7875,30.7875,30.7875,30.7875,30.7875,30.7875,30.7875,30.7875,30.7875,0.0,0.0,0.0,0.0,0.0,0.0,79.791015625,79.791015625,79.791015625,136.779,136.779,136.779,0.0,0.0,79.791015625,136.779,
11777239.540192628,4.231605529785156,95515149.90687273,154982.52760257127,1392476.1039030987,14811125.635938536,17.325,17.325,17.325,17.325,17.325,17.325,17.325,17.325,17.325,17.325,17.325,0.0,0.0,0.0,0.0,0.0,0.0,79.791015625,79.791015625,79.791015625,136.838,136.838,136.838,0.0,0.0,79.791015625,136.838,
11777240.4216984,4.233097076416016,165772890.61908722,270749.219634561,2416229.214277819,26425183.733842224,13.55,13.55,13.55,13.55,13.55,13.55,13.55,13.55,13.55,13.55,13.55,0.0,0.0,0.0,0.0,0.0,0.0,79.791015625,79.791015625,79.791015625,136.798,136.798,136.798,0.0,0.0,79.791015625,136.798,
11777241.423245365,4.233097076416016,145939080.48908976,238618.86519405065,2126630.1795659713,23257972.75229169,5.7375,5.7375,5.7375,5.7375,5.7375,5.7375,5.7375,5.7375,5.7375,5.7375,5.7375,0.0,0.0,0.0,0.0,0.0,0.0,79.791015625,79.791015625,79.791015625,136.615,136.615,136.615,0.0,0.0,79.791015625,136.615,
11777242.422039876,4.234722137451172,146376631.42481,240968.4848673535,2132490.6941584754,23970015.591069788,22.162499999999998,22.162499999999998,22.162499999999998,22.162499999999998,22.162499999999998,22.162499999999998,22.162499999999998,22.162499999999998,22.162499999999998,22.162499999999998,22.162499999999998,0.0,0.0,0.0,0.0,0.0,0.0,79.791015625,79.791015625,79.791015625,136.781,136.781,136.781,0.0,0.0,79.791015625,136.781,
11777243.534864064,4.236808776855469,131417563.9830107,218703.01032738798,1913977.0881366031,22662224.868571278,22.725,22.725,22.725,22.725,22.725,22.725,22.725,22.725,22.725,22.725,22.725,0.0,0.0,0.0,0.0,0.0,0.0,79.791015625,79.791015625,79.791015625,136.659,136.659,136.659,0.0,0.0,79.791015625,136.659,
11777244.423211033,4.236824035644531,164656658.07731128,274254.327099842,2397621.735875253,28388763.514969103,5.575,5.575,5.575,5.575,5.575,5.575,5.575,5.575,5.575,5.575,5.575,0.0,0.0,0.0,0.0,0.0,0.0,79.791015625,79.791015625,79.791015625,136.684,136.684,136.684,0.0,0.0,79.791015625,136.684,
11777245.423366005,4.236827850341797,146282377.31624424,243595.24953837396,2129589.9730199664,25215164.353622947,3.7125,3.7125,3.7125,3.7125,3.7125,3.7125,3.7125,3.7125,3.7125,3.7125,3.7125,0.0,0.0,0.0,0.0,0.0,0.0,79.791015625,79.791015625,79.791015625,136.581,136.581,136.581,0.0,0.0,79.791015625,136.581,
11777246.423196208,4.236827850341797,146365454.39590943,243675.37531581972,2130281.715165661,25223354.846682645,4.45,4.45,4.45,4.45,4.45,4.45,4.45,4.45,4.45,4.45,4.45,0.0,0.0,0.0,0.0,0.0,0.0,79.791015625,79.791015625,79.791015625,136.625,136.625,136.625,0.0,0.0,79.791015625,136.625,
11777247.42422327,4.240440368652344,146224988.79228884,244309.07929762322,2127734.683421629,25831517.416232202,6.1,6.1,6.1,6.1,6.1,6.1,6.1,6.1,6.1,6.1,6.1,0.0,0.0,0.0,0.0,0.0,0.0,79.791015625,79.791015625,79.791015625,136.593,136.593,136.593,0.0,0.0,79.791015625,136.593,
11777248.423839182,4.242053985595703,146469659.3272199,246504.67963868674,2130738.3923381018,26507205.115452267,20.425,20.425,20.425,20.425,20.425,20.425,20.425,20.425,20.425,20.425,20.425,0.0,0.0,0.0,0.0,0.0,0.0,79.791015625,79.791015625,79.791015625,136.603,136.603,136.603,0.0,0.0,79.791015625,136.603,
11777249.585530268,4.243610382080078,126070009.24664147,213737.54426967076,1833465.0450503114,23362575.747121852,17.625,17.625,17.625,17.625,17.625,17.625,17.625,17.625,17.625,17.625,17.625,0.0,0.0,0.0,0.0,0.0,0.0,79.791015625,79.791015625,79.791015625,136.746,136.746,136.746,0.0,0.0,79.791015625,136.746,
11777250.423740117,4.245281219482422,174765262.18441755,298543.3782996425,2541034.3280023923,33140951.56252351,17.225,17.225,17.225,17.225,17.225,17.225,17.225,17.225,17.225,17.225,17.225,0.0,0.0,0.0,0.0,0.0,0.0,79.791015625,79.791015625,79.791015625,136.4,136.4,136.4,0.0,0.0,79.791015625,136.4,
11777251.42341366,4.245296478271484,146568028.08576563,250524.78544514076,2130615.5533008077,27792240.957768038,11.6125,11.6125,11.6125,11.6125,11.6125,11.6125,11.6125,11.6125,11.6125,11.6125,11.6125,0.0,0.0,0.0,0.0,0.0,0.0,79.791015625,79.791015625,79.791015625,136.618,136.618,136.618,0.0,0.0,79.791015625,136.618,
11777252.423774472,4.2453765869140625,146500450.00720277,250460.63101689954,2129151.7783425916,27773147.139418844,6.5125,6.5125,6.5125,6.5125,6.5125,6.5125,6.5125,6.5125,6.5125,6.5125,6.5125,0.0,0.0,0.0,0.0,0.0,0.0,79.791015625,79.791015625,79.791015625,136.565,136.565,136.565,0.0,0.0,79.791015625,136.565,
11777253.423761657,4.2454681396484375,146600796.68900824,252664.23789186162,2129947.295271664,28422508.23440399,3.5375,3.5375,3.5375,3.5375,3.5375,3.5375,3.5375,3.5375,3.5375,3.5375,3.5375,0.0,0.0,0.0,0.0,0.0,0.0,79.791015625,79.791015625,79.791015625,136.516,136.516,136.516,0.0,0.0,79.791015625,136.516,
11777255.084478876,4.23992919921875,88294364.81558372,152174.61292704637,1282530.207723102,17114379.06036655,13.875,13.875,13.875,13.875,13.875,13.875,13.875,13.875,13.875,13.875,13.875,0.0,0.0,0.0,0.0,0.0,0.0,79.791015625,79.791015625,79.791015625,136.459,136.459,136.459,0.0,0.0,79.791015625,136.459,
11777256.180774936,4.241371154785156,133784180.42377318,231891.73899562095,1942832.8497201381,26508459.74762381,17.6375,17.6375,17.6375,17.6375,17.6375,17.6375,17.6375,17.6375,17.6375,17.6375,17.6375,0.0,0.0,0.0,0.0,0.0,0.0,79.791015625,79.791015625,79.791015625,136.631,136.631,136.631,0.0,0.0,79.791015625,136.631,
11777257.087289015,4.241371154785156,161831913.5896728,280809.75913279055,2349571.89391853,32058101.129523024,6.4875,6.4875,6.4875,6.4875,6.4875,6.4875,6.4875,6.4875,6.4875,6.4875,6.4875,0.0,0.0,0.0,0.0,0.0,0.0,79.791015625,79.791015625,79.791015625,136.496,136.496,136.496,0.0,0.0,79.791015625,136.496,
11777258.088142168,4.241371154785156,146610582.74946564,254341.00821964096,2128104.401461269,29036347.554553274,4.7875,4.7875,4.7875,4.7875,4.7875,4.7875,4.7875,4.7875,4.7875,4.7875,4.7875,0.0,0.0,0.0,0.0,0.0,0.0,79.791015625,79.791015625,79.791015625,136.484,136.484,136.484,0.0,0.0,79.791015625,136.484,
11777259.086110009,4.241390228271484,147070029.6691753,255077.35772174582,2134257.1496537183,29120297.070756022,4.475,4.475,4.475,4.475,4.475,4.475,4.475,4.475,4.475,4.475,4.475,0.0,0.0,0.0,0.0,0.0,0.0,79.791015625,79.791015625,79.791015625,136.492,136.492,136.492,0.0,0.0,79.791015625,136.492,
11777260.08755594,4.241390228271484,146591961.2193784,254194.45250061477,2126844.73043938,29019160.312437307,4.6,4.6,4.6,4.6,4.6,4.6,4.6,4.6,4.6,4.6,4.6,0.0,0.0,0.0,0.0,0.0,0.0,79.791015625,79.791015625,79.791015625,136.685,136.685,136.685,0.0,0.0,79.791015625,136.685,
11777261.087277824,4.241390228271484,146877555.8914841,254633.81755356223,2130512.5280723562,29069204.589756478,4.2875,4.2875,4.2875,4.2875,4.2875,4.2875,4.2875,4.2875,4.2875,4.2875,4.2875,0.0,0.0,0.0,0.0,0.0,0.0,79.791015625,79.791015625,79.791015625,136.265,136.265,136.265,0.0,0.0,79.791015625,136.265,
11777262.086994655,4.241390228271484,146913811.3825227,254636.10495668658,2130523.2973607653,29069351.528412748,4.987500000000001,4.987500000000001,4.987500000000001,4.987500000000001,4.987500000000001,4.987500000000001,4.987500000000001,4.987500000000001,4.987500000000001,4.987500000000001,4.987500000000001,0.0,0.0,0.0,0.0,0.0,0.0,79.791015625,79.791015625,79.791015625,136.224,136.224,136.224,0.0,0.0,79.791015625,136.224,
11777263.087064328,4.241428375244141,146894731.51474574,254546.26519106055,2129771.6140371133,29059095.387679458,4.45,4.45,4.45,4.45,4.45,4.45,4.45,4.45,4.45,4.45,4.45,0.0,0.0,0.0,0.0,0.0,0.0,79.791015625,79.791015625,79.791015625,136.323,136.323,136.323,0.0,0.0,79.791015625,136.323,
11777264.08699424,4.241428375244141,146948021.2358488,254582.84310344662,2130069.291469342,29063156.96725958,5.0125,5.0125,5.0125,5.0125,5.0125,5.0125,5.0125,5.0125,5.0125,5.0125,5.0125,0.0,0.0,0.0,0.0,0.0,0.0,79.791015625,79.791015625,79.791015625,136.567,136.567,136.567,0.0,0.0,79.791015625,136.567,
11777265.088082384,4.241428375244141,146813470.7648394,254289.2965621603,2127604.8589901105,29029531.681797758,4.975,4.975,4.975,4.975,4.975,4.975,4.975,4.975,4.975,4.975,4.975,0.0,0.0,0.0,0.0,0.0,0.0,79.791015625,79.791015625,79.791015625,136.722,136.722,136.722,0.0,0.0,79.791015625,136.722,
11777266.088443996,4.241428375244141,146952841.07944062,254473.97913850105,2129150.0736417123,29050614.94709221,4.6,4.6,4.6,4.6,4.6,4.6,4.6,4.6,4.6,4.6,4.6,0.0,0.0,0.0,0.0,0.0,0.0,79.791015625,79.791015625,79.791015625,136.37,136.37,136.37,0.0,0.0,79.791015625,136.37,
11777267.088350909,4.241432189941406,147055171.00616878,254589.69913236023,2130118.2875010674,29063825.480423216,4.4625,4.4625,4.4625,4.4625,4.4625,4.4625,4.4625,4.4625,4.4625,4.4625,4.4625,0.0,0.0,0.0,0.0,0.0,0.0,79.791015625,79.791015625,79.791015625,136.323,136.323,136.323,0.0,0.0,79.791015625,136.323,
11777268.087583913,4.241432189941406,147187131.9847951,254762.40181811128,2131554.894705251,29083426.880641833,4.475,4.475,4.475,4.475,4.475,4.475,4.475,4.475,4.475,4.475,4.475,0.0,0.0,0.0,0.0,0.0,0.0,79.791015625,79.791015625,79.791015625,136.299,136.299,136.299,0.0,0.0,79.791015625,136.299,
11777269.087823484,4.241432189941406,147071761.7891185,254507.02735532928,2129409.853966967,29054159.449799296,4.4125,4.4125,4.4125,4.4125,4.4125,4.4125,4.4125,4.4125,4.4125,4.4125,4.4125,0.0,0.0,0.0,0.0,0.0,0.0,79.791015625,79.791015625,79.791015625,136.395,136.395,136.395,0.0,0.0,79.791015625,136.395,
11777270.088138167,4.241432189941406,147096210.36411324,254490.91610577222,2129249.961825999,29051977.844529737,5.550000000000001,5.550000000000001,5.550000000000001,5.550000000000001,5.550000000000001,5.550000000000001,5.550000000000001,5.550000000000001,5.550000000000001,5.550000000000001,5.550000000000001,0.0,0.0,0.0,0.0,0.0,0.0,79.791015625,79.791015625,79.791015625,136.584,136.584,136.584,0.0,0.0,79.791015625,136.584,
11777271.08950552,4.241447448730469,146974291.27617344,254223.38691392093,2127011.624480787,29021437.45325228,4.625,4.625,4.625,4.625,4.625,4.625,4.625,4.625,4.625,4.625,4.625,0.0,0.0,0.0,0.0,0.0,0.0,79.791015625,79.791015625,79.791015625,136.416,136.416,136.416,0.0,0.0,79.791015625,136.416,
