time,memory,io_read_count,io_write_count,io_read,io_write,cpu_util_avg,cpu_util_min,cpu_util_max,cpu_util_0,cpu_util_1,cpu_util_2,cpu_util_3,cpu_util_4,cpu_util_5,cpu_util_6,cpu_util_7,gpu_util_avg,gpu_util_min,gpu_util_max,gpu_band_avg,gpu_band_min,gpu_band_max,gpu_mem_avg,gpu_mem_min,gpu_mem_max,gpu_power_avg,gpu_power_min,gpu_power_max,gpu_util_0,gpu_band_0,gpu_mem_0,gpu_power_0,cell_index
11775459.823776497,1.0000724792480469,7.326798043656385,0.016774461715810204,0.17809512591308935,1.1019635915872403,10.625,10.625,10.625,10.625,10.625,10.625,10.625,10.625,10.625,10.625,10.625,0.0,0.0,0.0,0.0,0.0,0.0,0.0,0.0,0.0,0.0,0.0,0.0,0.0,0.0,0.0,0.0,2
11775460.816677038,1.9473304748535156,86927170.88111696,198946.411883978,2112147.1016397593,13068910.191396011,20.4,20.4,20.4,20.4,20.4,20.4,20.4,20.4,20.4,20.4,20.4,0.0,0.0,0.0,0.0,0.0,0.0,0.0,0.0,0.0,0.0,0.0,0.0,0.0,0.0,0.0,0.0,5
11775461.81812922,3.423931121826172,86217971.85731216,197264.53609239336,2094110.9708137894,12957311.631910322,67.125,67.125,67.125,67.125,67.125,67.125,67.125,67.125,67.125,67.125,67.125,0.0,0.0,0.0,0.0,0.0,0.0,5.794921875,5.794921875,5.794921875,131.35,131.35,131.35,0.0,0.0,5.794921875,131.35,5
11775462.844444135,3.636157989501953,84163902.95597585,192499.39458429682,2043380.6106914042,12643417.528653063,20.737499999999997,20.737499999999997,20.737499999999997,20.737499999999997,20.737499999999997,20.737499999999997,20.737499999999997,20.737499999999997,20.737499999999997,20.737499999999997,20.737499999999997,68.0,68.0,68.0,0.0,0.0,0.0,5.95703125,5.95703125,5.95703125,185.211,185.211,185.211,68.0,0.0,5.95703125,185.211,5
11775463.849393029,3.6430702209472656,85993966.01521993,196600.04729167733,2086824.5275307642,12912226.764096605,19.9625,19.9625,19.9625,19.9625,19.9625,19.9625,19.9625,19.9625,19.9625,19.9625,19.9625,41.0,41.0,41.0,0.0,0.0,0.0,5.95703125,5.95703125,5.95703125,245.133,245.133,245.133,41.0,0.0,5.95703125,245.133,5
11775464.847953975,3.6430740356445312,86571365.83265123,197857.72786870445,2100174.2632612213,12994828.253928807,18.975,18.975,18.975,18.975,18.975,18.975,18.975,18.975,18.975,18.975,18.975,55.0,55.0,55.0,0.0,0.0,0.0,5.95703125,5.95703125,5.95703125,226.296,226.296,226.296,55.0,0.0,5.95703125,226.296,5
11775465.837444756,3.6430892944335938,87397960.3068185,199680.4859611061,2119425.5068493364,13113945.32363027,19.425,19.425,19.425,19.425,19.425,19.425,19.425,19.425,19.425,19.425,19.425,92.0,92.0,92.0,0.0,0.0,0.0,5.95703125,5.95703125,5.95703125,252.127,252.127,252.127,92.0,0.0,5.95703125,252.127,5
11775466.816936005,3.643085479736328,88323573.19419609,201727.17240386782,2141062.5186553784,13247824.334180154,19.2375,19.2375,19.2375,19.2375,19.2375,19.2375,19.2375,19.2375,19.2375,19.2375,19.2375,85.0,85.0,85.0,0.0,0.0,0.0,5.95703125,5.95703125,5.95703125,261.972,261.972,261.972,85.0,0.0,5.95703125,261.972,5
11775467.839740928,3.6430931091308594,84617882.6711725,193191.28749569497,2050392.9460172558,12686806.353481771,19.425,19.425,19.425,19.425,19.425,19.425,19.425,19.425,19.425,19.425,19.425,86.0,86.0,86.0,0.0,0.0,0.0,5.95703125,5.95703125,5.95703125,259.123,259.123,259.123,86.0,0.0,5.95703125,259.123,5
11775468.839286996,3.6430931091308594,86622351.67560107,197695.7404645354,2098104.397167502,12982020.957473917,19.4125,19.4125,19.4125,19.4125,19.4125,19.4125,19.4125,19.4125,19.4125,19.4125,19.4125,40.0,40.0,40.0,0.0,0.0,0.0,5.95703125,5.95703125,5.95703125,258.148,258.148,258.148,40.0,0.0,5.95703125,258.148,5
11775469.849995285,3.6431198120117188,85699174.45395222,195528.22719236856,2074933.0171384267,12875121.4754859,19.8,19.8,19.8,19.8,19.8,19.8,19.8,19.8,19.8,19.8,19.8,63.0,63.0,63.0,0.0,0.0,0.0,5.95703125,5.95703125,5.95703125,251.393,251.393,251.393,63.0,0.0,5.95703125,251.393,5
11775470.839362344,3.6431198120117188,87579637.1584402,199746.89707123564,2119690.5455677523,13152845.436071776,19.2875,19.2875,19.2875,19.2875,19.2875,19.2875,19.2875,19.2875,19.2875,19.2875,19.2875,52.0,52.0,52.0,0.0,0.0,0.0,5.95703125,5.95703125,5.95703125,240.947,240.947,240.947,52.0,0.0,5.95703125,240.947,5
11775471.840186143,3.6431236267089844,86609749.92951743,197468.32568793872,2095425.7892390976,13006373.355862992,19.025,19.025,19.025,19.025,19.025,19.025,19.025,19.025,19.025,19.025,19.025,51.0,51.0,51.0,0.0,0.0,0.0,5.95703125,5.95703125,5.95703125,254.197,254.197,254.197,51.0,0.0,5.95703125,254.197,5
11775472.823241267,3.6431236267089844,88208475.67726783,201044.6771122004,2133300.512528994,13241462.946908481,18.95,18.95,18.95,18.95,18.95,18.95,18.95,18.95,18.95,18.95,18.95,85.0,85.0,85.0,0.0,0.0,0.0,5.95703125,5.95703125,5.95703125,259.89,259.89,259.89,85.0,0.0,5.95703125,259.89,5
11775473.83675841,3.64312744140625,85592295.6820376,195015.94159030335,2069182.5629793163,12843480.83036771,20.337500000000002,20.337500000000002,20.337500000000002,20.337500000000002,20.337500000000002,20.337500000000002,20.337500000000002,20.337500000000002,20.337500000000002,20.337500000000002,20.337500000000002,85.0,85.0,85.0,0.0,0.0,0.0,5.95703125,5.95703125,5.95703125,257.829,257.829,257.829,85.0,0.0,5.95703125,257.829,5
11775474.837110508,3.6431541442871094,86756998.06267443,197593.42781343125,2096413.857554489,13012506.326773763,19.025,19.025,19.025,19.025,19.025,19.025,19.025,19.025,19.025,19.025,19.025,40.0,40.0,40.0,0.0,0.0,0.0,5.95703125,5.95703125,5.95703125,256.899,256.899,256.899,40.0,0.0,5.95703125,256.899,5
11775475.848819872,3.6431541442871094,85817954.32383668,195385.1639692705,2072879.8945151009,12866430.282751935,18.975,18.975,18.975,18.975,18.975,18.975,18.975,18.975,18.975,18.975,18.975,43.0,43.0,43.0,0.0,0.0,0.0,5.95703125,5.95703125,5.95703125,235.245,235.245,235.245,43.0,0.0,5.95703125,235.245,5
11775476.849519512,3.6431541442871094,86794786.95424336,197536.79549065416,2095685.775828083,13007987.100745406,19.2375,19.2375,19.2375,19.2375,19.2375,19.2375,19.2375,19.2375,19.2375,19.2375,19.2375,43.0,43.0,43.0,0.0,0.0,0.0,5.95703125,5.95703125,5.95703125,236.491,236.491,236.491,43.0,0.0,5.95703125,236.491,5
11775477.847718198,3.643157958984375,87041996.95311156,198040.73351265542,2100936.4458809635,13040578.173847074,19.1125,19.1125,19.1125,19.1125,19.1125,19.1125,19.1125,19.1125,19.1125,19.1125,19.1125,42.0,42.0,42.0,0.0,0.0,0.0,5.95703125,5.95703125,5.95703125,242.55,242.55,242.55,42.0,0.0,5.95703125,242.55,5
11775478.84965248,3.6431655883789062,86755826.72418457,197310.34605417508,2093103.3468638356,12991957.883463418,19.8,19.8,19.8,19.8,19.8,19.8,19.8,19.8,19.8,19.8,19.8,39.0,39.0,39.0,0.0,0.0,0.0,5.95703125,5.95703125,5.95703125,241.804,241.804,241.804,39.0,0.0,5.95703125,241.804,5
11775479.848404298,3.6431846618652344,87067738.44737323,197941.06662069334,2099772.9002686995,13033356.009870952,20.0625,20.0625,20.0625,20.0625,20.0625,20.0625,20.0625,20.0625,20.0625,20.0625,20.0625,42.0,42.0,42.0,0.0,0.0,0.0,5.95703125,5.95703125,5.95703125,226.708,226.708,226.708,42.0,0.0,5.95703125,226.708,5
11775480.847987097,3.6431846618652344,87028061.18096454,197783.51545045737,2098027.298769139,13022521.006813133,18.925,18.925,18.925,18.925,18.925,18.925,18.925,18.925,18.925,18.925,18.925,38.0,38.0,38.0,0.0,0.0,0.0,5.95703125,5.95703125,5.95703125,240.554,240.554,240.554,38.0,0.0,5.95703125,240.554,5
11775481.849324755,3.6431922912597656,86907362.61778124,197443.8874831423,2094350.474047822,12999698.840867145,19.0375,19.0375,19.0375,19.0375,19.0375,19.0375,19.0375,19.0375,19.0375,19.0375,19.0375,42.0,42.0,42.0,0.0,0.0,0.0,5.95703125,5.95703125,5.95703125,239.968,239.968,239.968,42.0,0.0,5.95703125,239.968,5
11775482.849475296,3.643199920654297,87044032.31794399,197686.24014663903,2096836.3404883991,13015128.691547133,18.9375,18.9375,18.9375,18.9375,18.9375,18.9375,18.9375,18.9375,18.9375,18.9375,18.9375,42.0,42.0,42.0,0.0,0.0,0.0,5.95703125,5.95703125,5.95703125,235.952,235.952,235.952,42.0,0.0,5.95703125,235.952,5
11775483.849404017,3.6432037353515625,87096028.1791579,197730.09414269525,2097301.4950309615,13018015.920328898,19.025,19.025,19.025,19.025,19.025,19.025,19.025,19.025,19.025,19.025,19.025,41.0,41.0,41.0,0.0,0.0,0.0,5.95703125,5.95703125,5.95703125,234.806,234.806,234.806,41.0,0.0,5.95703125,234.806,5
11775484.852104288,3.6432151794433594,86887916.07260153,197192.52672193348,2091504.3712224364,12982032.991689263,20.5625,20.5625,20.5625,20.5625,20.5625,20.5625,20.5625,20.5625,20.5625,20.5625,20.5625,43.0,43.0,43.0,0.0,0.0,0.0,5.95703125,5.95703125,5.95703125,241.263,241.263,241.263,43.0,0.0,5.95703125,241.263,5
11775485.849079944,3.6432266235351562,87425088.4894719,198333.82960881086,2103513.7479228503,13056575.568161756,19.075,19.075,19.075,19.075,19.075,19.075,19.075,19.075,19.075,19.075,19.075,39.0,39.0,39.0,0.0,0.0,0.0,5.95703125,5.95703125,5.95703125,239.565,239.565,239.565,39.0,0.0,5.95703125,239.565,5
11775486.850333404,3.6432266235351562,87084212.45766057,197487.45745006728,2094526.5955259488,13000792.032385673,19.1625,19.1625,19.1625,19.1625,19.1625,19.1625,19.1625,19.1625,19.1625,19.1625,19.1625,42.0,42.0,42.0,0.0,0.0,0.0,5.95703125,5.95703125,5.95703125,226.064,226.064,226.064,42.0,0.0,5.95703125,226.064,5
11775487.844242418,3.6432342529296875,87760608.60422808,198954.831012955,2110004.0040278574,13096860.790626036,18.8125,18.8125,18.8125,18.8125,18.8125,18.8125,18.8125,18.8125,18.8125,18.8125,18.8125,41.0,41.0,41.0,0.0,0.0,0.0,5.95703125,5.95703125,5.95703125,238.209,238.209,238.209,41.0,0.0,5.95703125,238.209,5
11775488.849996552,3.6432342529296875,86757383.41753124,196625.59006857357,2085153.7465854012,12942614.466110166,19.2375,19.2375,19.2375,19.2375,19.2375,19.2375,19.2375,19.2375,19.2375,19.2375,19.2375,41.0,41.0,41.0,0.0,0.0,0.0,5.95703125,5.95703125,5.95703125,244.424,244.424,244.424,41.0,0.0,5.95703125,244.424,5
11775489.851980716,3.6432571411132812,87118593.41287275,197374.37684350318,2092999.1461935134,12991311.106646456,18.825,18.825,18.825,18.825,18.825,18.825,18.825,18.825,18.825,18.825,18.825,41.0,41.0,41.0,0.0,0.0,0.0,5.95703125,5.95703125,5.95703125,234.439,234.439,234.439,41.0,0.0,5.95703125,234.439,5
11775490.850934744,3.6432571411132812,87421056.98733415,197976.0774552359,2099347.859307591,13030717.767342819,19.912499999999998,19.912499999999998,19.912499999999998,19.912499999999998,19.912499999999998,19.912499999999998,19.912499999999998,19.912499999999998,19.912499999999998,19.912499999999998,19.912499999999998,41.0,41.0,41.0,0.0,0.0,0.0,5.95703125,5.95703125,5.95703125,237.889,237.889,237.889,41.0,0.0,5.95703125,237.889,5
11775491.851962112,3.643280029296875,87269837.76052633,197573.0197999981,2094999.6643657754,13003728.385457879,19.2,19.2,19.2,19.2,19.2,19.2,19.2,19.2,19.2,19.2,19.2,43.0,43.0,43.0,0.0,0.0,0.0,5.95703125,5.95703125,5.95703125,241.583,241.583,241.583,43.0,0.0,5.95703125,241.583,5
11775492.850493873,3.643280029296875,87523504.45347291,198073.81977681848,2100235.6486280137,13036228.3033981,18.9375,18.9375,18.9375,18.9375,18.9375,18.9375,18.9375,18.9375,18.9375,18.9375,18.9375,41.0,41.0,41.0,0.0,0.0,0.0,5.95703125,5.95703125,5.95703125,241.533,241.533,241.533,41.0,0.0,5.95703125,241.533,5
11775493.850706013,3.643280029296875,87409139.99170989,197741.05113800577,2096707.2037342493,13014327.135678602,18.6875,18.6875,18.6875,18.6875,18.6875,18.6875,18.6875,18.6875,18.6875,18.6875,18.6875,41.0,41.0,41.0,0.0,0.0,0.0,5.95703125,5.95703125,5.95703125,229.457,229.457,229.457,41.0,0.0,5.95703125,229.457,5
11775494.8520779,3.643280029296875,87340552.66780198,197519.02629829315,2094278.8868978112,12999254.49718993,19.1625,19.1625,19.1625,19.1625,19.1625,19.1625,19.1625,19.1625,19.1625,19.1625,19.1625,41.0,41.0,41.0,0.0,0.0,0.0,5.95703125,5.95703125,5.95703125,240.271,240.271,240.271,41.0,0.0,5.95703125,240.271,5
11775495.85117362,3.6432876586914062,87577068.08863921,197977.0264337698,2099050.126591943,13028869.731072647,20.2375,20.2375,20.2375,20.2375,20.2375,20.2375,20.2375,20.2375,20.2375,20.2375,20.2375,41.0,41.0,41.0,0.0,0.0,0.0,5.95703125,5.95703125,5.95703125,242.092,242.092,242.092,41.0,0.0,5.95703125,242.092,5
11775496.8510484,3.6432876586914062,87539909.75147754,197832.77262877955,2097414.638356337,13018718.204485232,19.0,19.0,19.0,19.0,19.0,19.0,19.0,19.0,19.0,19.0,19.0,43.0,43.0,43.0,0.0,0.0,0.0,5.95703125,5.95703125,5.95703125,232.489,232.489,232.489,43.0,0.0,5.95703125,232.489,5
11775497.853412492,3.643299102783203,87357402.10166484,197342.4643426291,2092205.8338148077,12986386.991920818,18.825,18.825,18.825,18.825,18.825,18.825,18.825,18.825,18.825,18.825,18.825,44.0,44.0,44.0,0.0,0.0,0.0,5.95703125,5.95703125,5.95703125,235.001,235.001,235.001,44.0,0.0,5.95703125,235.001,5
11775498.85195672,3.643299102783203,87721752.93031581,198107.39933730822,2100209.4274818627,13036065.547924532,18.9875,18.9875,18.9875,18.9875,18.9875,18.9875,18.9875,18.9875,18.9875,18.9875,18.9875,42.0,42.0,42.0,0.0,0.0,0.0,5.95703125,5.95703125,5.95703125,238.508,238.508,238.508,42.0,0.0,5.95703125,238.508,5
11775499.851519696,3.6433067321777344,87667620.77699172,197913.49277173274,2098068.904614764,13022779.255597107,19.0375,19.0375,19.0375,19.0375,19.0375,19.0375,19.0375,19.0375,19.0375,19.0375,19.0375,40.0,40.0,40.0,0.0,0.0,0.0,5.95703125,5.95703125,5.95703125,238.448,238.448,238.448,40.0,0.0,5.95703125,238.448,5
11775500.8532518,3.643321990966797,87513141.17953975,197486.93218830077,2093525.7965847238,12998668.959653977,20.287499999999998,20.287499999999998,20.287499999999998,20.287499999999998,20.287499999999998,20.287499999999998,20.287499999999998,20.287499999999998,20.287499999999998,20.287499999999998,20.287499999999998,41.0,41.0,41.0,0.0,0.0,0.0,5.95703125,5.95703125,5.95703125,225.607,225.607,225.607,41.0,0.0,5.95703125,225.607,5
11775501.852611547,3.6433258056640625,87756315.2094251,197964.74744526597,2098495.567253684,13029526.188084887,19.450000000000003,19.450000000000003,19.450000000000003,19.450000000000003,19.450000000000003,19.450000000000003,19.450000000000003,19.450000000000003,19.450000000000003,19.450000000000003,19.450000000000003,42.0,42.0,42.0,0.0,0.0,0.0,5.95703125,5.95703125,5.95703125,239.036,239.036,239.036,42.0,0.0,5.95703125,239.036,5
11775502.851564245,3.6433258056640625,87821367.4971138,198052.42070373037,2099350.6542175417,13034835.409682745,19.45,19.45,19.45,19.45,19.45,19.45,19.45,19.45,19.45,19.45,19.45,41.0,41.0,41.0,0.0,0.0,0.0,5.95703125,5.95703125,5.95703125,241.233,241.233,241.233,41.0,0.0,5.95703125,241.233,5
11775503.849733844,3.643360137939453,87926405.5718091,198216.8162386506,2100997.668020452,13045061.692650424,19.25,19.25,19.25,19.25,19.25,19.25,19.25,19.25,19.25,19.25,19.25,52.0,52.0,52.0,0.0,0.0,0.0,5.95703125,5.95703125,5.95703125,244.07,244.07,244.07,52.0,0.0,5.95703125,244.07,5
11775504.850748245,3.643360137939453,87709152.81139427,197653.50023529094,2095026.8042366637,13007988.692711629,18.75,18.75,18.75,18.75,18.75,18.75,18.75,18.75,18.75,18.75,18.75,42.0,42.0,42.0,0.0,0.0,0.0,5.95703125,5.95703125,5.95703125,239.851,239.851,239.851,42.0,0.0,5.95703125,239.851,5
11775505.856810728,3.643360137939453,87303051.69700734,196670.68722050753,2084514.664418622,12942718.980833592,18.8125,18.8125,18.8125,18.8125,18.8125,18.8125,18.8125,18.8125,18.8125,18.8125,18.8125,41.0,41.0,41.0,0.0,0.0,0.0,5.95703125,5.95703125,5.95703125,241.933,241.933,241.933,41.0,0.0,5.95703125,241.933,5
11775506.854945716,3.6433639526367188,88033104.84722322,198245.73078009472,2101070.5229382906,13045514.047696926,19.875,19.875,19.875,19.875,19.875,19.875,19.875,19.875,19.875,19.875,19.875,39.0,39.0,39.0,0.0,0.0,0.0,5.95703125,5.95703125,5.95703125,242.176,242.176,242.176,39.0,0.0,5.95703125,242.176,5
11775507.853011094,3.6433639526367188,88071943.87467723,198259.5571985838,2101217.0596642564,13046423.891938811,18.95,18.95,18.95,18.95,18.95,18.95,18.95,18.95,18.95,18.95,18.95,39.0,39.0,39.0,0.0,0.0,0.0,5.95703125,5.95703125,5.95703125,226.763,226.763,226.763,39.0,0.0,5.95703125,226.763,5
11775508.842355382,3.6433639526367188,88875804.0010932,200014.2947884136,2119739.3325556573,13161428.394911006,19.2125,19.2125,19.2125,19.2125,19.2125,19.2125,19.2125,19.2125,19.2125,19.2125,19.2125,91.0,91.0,91.0,0.0,0.0,0.0,5.95703125,5.95703125,5.95703125,246.674,246.674,246.674,91.0,0.0,5.95703125,246.674,5
11775509.84113865,3.6433753967285156,88068567.84165242,198133.07484559572,2099706.7803579266,13037046.591323921,19.175,19.175,19.175,19.175,19.175,19.175,19.175,19.175,19.175,19.175,19.175,90.0,90.0,90.0,0.0,0.0,0.0,5.95703125,5.95703125,5.95703125,257.864,257.864,257.864,90.0,0.0,5.95703125,257.864,5
11775510.840410229,3.6433753967285156,88058200.43477716,198045.26030937335,2098680.7229287517,13030675.816778325,19.55,19.55,19.55,19.55,19.55,19.55,19.55,19.55,19.55,19.55,19.55,87.0,87.0,87.0,0.0,0.0,0.0,5.95703125,5.95703125,5.95703125,258.73,258.73,258.73,87.0,0.0,5.95703125,258.73,5
11775511.840131817,3.643383026123047,88056681.9870261,197969.11686553623,2097736.033695408,13028907.396780074,20.675,20.675,20.675,20.675,20.675,20.675,20.675,20.675,20.675,20.675,20.675,91.0,91.0,91.0,0.0,0.0,0.0,5.95703125,5.95703125,5.95703125,260.27,260.27,260.27,91.0,0.0,5.95703125,260.27,5
11775512.839304997,3.6433868408203125,88137695.07348368,198085.78143063548,2098887.403617688,13036058.483406734,19.737499999999997,19.737499999999997,19.737499999999997,19.737499999999997,19.737499999999997,19.737499999999997,19.737499999999997,19.737499999999997,19.737499999999997,19.737499999999997,19.737499999999997,93.0,93.0,93.0,0.0,0.0,0.0,5.95703125,5.95703125,5.95703125,251.539,251.539,251.539,93.0,0.0,5.95703125,251.539,5
11775513.84206578,3.643402099609375,87854890.72546239,197377.08473188384,2091378.1590709456,12989419.0348547,19.1,19.1,19.1,19.1,19.1,19.1,19.1,19.1,19.1,19.1,19.1,41.0,41.0,41.0,0.0,0.0,0.0,5.95703125,5.95703125,5.95703125,240.515,240.515,240.515,41.0,0.0,5.95703125,240.515,5
11775514.852982627,3.643402099609375,87183742.35963629,195791.57320737303,2074504.9453843993,12884620.559223417,19.0,19.0,19.0,19.0,19.0,19.0,19.0,19.0,19.0,19.0,19.0,41.0,41.0,41.0,0.0,0.0,0.0,5.95703125,5.95703125,5.95703125,240.487,240.487,240.487,41.0,0.0,5.95703125,240.487,5
11775515.852302138,3.6434097290039062,88225439.48216504,198070.78508269077,2098580.061624642,13034149.601496799,18.925,18.925,18.925,18.925,18.925,18.925,18.925,18.925,18.925,18.925,18.925,41.0,41.0,41.0,0.0,0.0,0.0,5.95703125,5.95703125,5.95703125,240.464,240.464,240.464,41.0,0.0,5.95703125,240.464,5
11775516.851216055,3.6434326171875,88297188.0138791,198159.21722028425,2099432.15612473,13039441.90718094,20.55,20.55,20.55,20.55,20.55,20.55,20.55,20.55,20.55,20.55,20.55,50.0,50.0,50.0,0.0,0.0,0.0,5.95703125,5.95703125,5.95703125,245.05,245.05,245.05,50.0,0.0,5.95703125,245.05,5
11775517.853270076,3.6434326171875,88049884.70867762,197539.25027853038,2092853.2360005078,12998580.645471904,19.3,19.3,19.3,19.3,19.3,19.3,19.3,19.3,19.3,19.3,19.3,53.0,53.0,53.0,0.0,0.0,0.0,5.95703125,5.95703125,5.95703125,231.932,231.932,231.932,53.0,0.0,5.95703125,231.932,5
11775518.854282027,3.6434326171875,88179582.59245805,197751.8848031479,2095031.9305624152,13012112.3812275,18.9375,18.9375,18.9375,18.9375,18.9375,18.9375,18.9375,18.9375,18.9375,18.9375,18.9375,41.0,41.0,41.0,0.0,0.0,0.0,5.95703125,5.95703125,5.95703125,240.937,240.937,240.937,41.0,0.0,5.95703125,240.937,5
11775519.852640806,3.643444061279297,88444218.5392617,198284.42863655454,2100599.5488157026,13046692.510222526,19.075,19.075,19.075,19.075,19.075,19.075,19.075,19.075,19.075,19.075,19.075,41.0,41.0,41.0,0.0,0.0,0.0,5.95703125,5.95703125,5.95703125,240.111,240.111,240.111,41.0,0.0,5.95703125,240.111,5
11775520.853703266,3.643444061279297,88239753.76970564,197759.887981221,2094926.2241733272,13011455.845451524,18.925,18.925,18.925,18.925,18.925,18.925,18.925,18.925,18.925,18.925,18.925,39.0,39.0,39.0,0.0,0.0,0.0,5.95703125,5.95703125,5.95703125,233.527,233.527,233.527,39.0,0.0,5.95703125,233.527,5
11775521.853797156,3.643463134765625,88361175.73792681,197953.4140838688,2096955.1161417451,13024057.16666162,19.1625,19.1625,19.1625,19.1625,19.1625,19.1625,19.1625,19.1625,19.1625,19.1625,19.1625,41.0,41.0,41.0,0.0,0.0,0.0,5.95703125,5.95703125,5.95703125,227.964,227.964,227.964,41.0,0.0,5.95703125,227.964,5
11775522.855982376,3.643463134765625,88209142.62627521,197552.30477255327,2092579.2541739214,12996878.96147084,20.25,20.25,20.25,20.25,20.25,20.25,20.25,20.25,20.25,20.25,20.25,43.0,43.0,43.0,0.0,0.0,0.0,5.95703125,5.95703125,5.95703125,244.035,244.035,244.035,43.0,0.0,5.95703125,244.035,5
11775523.856865548,3.643482208251953,88354043.24168973,197817.2934368964,2095301.4897863255,13013786.596719757,19.5375,19.5375,19.5375,19.5375,19.5375,19.5375,19.5375,19.5375,19.5375,19.5375,19.5375,51.0,51.0,51.0,0.0,0.0,0.0,5.95703125,5.95703125,5.95703125,245.938,245.938,245.938,51.0,0.0,5.95703125,245.938,5
11775524.8412987,3.643482208251953,89869142.29766929,201133.00699155618,2130314.279039384,13231248.842471171,16.6875,16.6875,16.6875,16.6875,16.6875,16.6875,16.6875,16.6875,16.6875,16.6875,16.6875,57.0,57.0,57.0,0.0,0.0,0.0,5.95703125,5.95703125,5.95703125,232.663,232.663,232.663,57.0,0.0,5.95703125,232.663,5
11775525.858087849,3.64349365234375,87036094.98992896,194732.60518046786,2062523.9766236125,12810207.511060718,19.425,19.425,19.425,19.425,19.425,19.425,19.425,19.425,19.425,19.425,19.425,51.0,51.0,51.0,0.0,0.0,0.0,5.95703125,5.95703125,5.95703125,236.991,236.991,236.991,51.0,0.0,5.95703125,236.991,5
11775526.849891089,3.64349365234375,89261656.37171395,199645.44579811033,2114483.9171269927,13132927.45403093,19.5125,19.5125,19.5125,19.5125,19.5125,19.5125,19.5125,19.5125,19.5125,19.5125,19.5125,91.0,91.0,91.0,0.0,0.0,0.0,5.95703125,5.95703125,5.95703125,258.802,258.802,258.802,91.0,0.0,5.95703125,258.802,5
11775527.860631919,3.6435089111328125,87626924.13669902,195913.7240672841,2074866.2154710835,12886864.385152433,21.3125,21.3125,21.3125,21.3125,21.3125,21.3125,21.3125,21.3125,21.3125,21.3125,21.3125,90.0,90.0,90.0,0.0,0.0,0.0,5.95703125,5.95703125,5.95703125,264.072,264.072,264.072,90.0,0.0,5.95703125,264.072,5
11775528.86161578,3.6435165405273438,88513674.74067838,197831.36120048608,2095090.719422307,13012477.515161986,19.224999999999998,19.224999999999998,19.224999999999998,19.224999999999998,19.224999999999998,19.224999999999998,19.224999999999998,19.224999999999998,19.224999999999998,19.224999999999998,19.224999999999998,51.0,51.0,51.0,0.0,0.0,0.0,5.95703125,5.95703125,5.95703125,260.654,260.654,260.654,51.0,0.0,5.95703125,260.654,5
11775529.860621568,3.6435317993164062,88721611.17259313,198230.08291063964,2099239.0906374883,13038242.789506275,19.775000000000002,19.775000000000002,19.775000000000002,19.775000000000002,19.775000000000002,19.775000000000002,19.775000000000002,19.775000000000002,19.775000000000002,19.775000000000002,19.775000000000002,89.0,89.0,89.0,0.0,0.0,0.0,5.95703125,5.95703125,5.95703125,265.03,265.03,265.03,89.0,0.0,5.95703125,265.03,5
11775530.863447728,3.6435317993164062,88416179.74536923,197481.88463248158,2091241.8164046558,12988572.219075792,19.025,19.025,19.025,19.025,19.025,19.025,19.025,19.025,19.025,19.025,19.025,55.0,55.0,55.0,0.0,0.0,0.0,5.95703125,5.95703125,5.95703125,251.059,251.059,251.059,55.0,0.0,5.95703125,251.059,5
11775531.859705336,3.6435508728027344,89031910.24128592,198784.9309850736,2105029.8452603705,13078320.190963358,19.475,19.475,19.475,19.475,19.475,19.475,19.475,19.475,19.475,19.475,19.475,55.0,55.0,55.0,0.0,0.0,0.0,5.95703125,5.95703125,5.95703125,262.018,262.018,262.018,55.0,0.0,5.95703125,262.018,5
11775532.862813609,3.6435508728027344,88459168.81333359,197437.3110692965,2090653.6790200367,12989002.642505346,20.525000000000002,20.525000000000002,20.525000000000002,20.525000000000002,20.525000000000002,20.525000000000002,20.525000000000002,20.525000000000002,20.525000000000002,20.525000000000002,20.525000000000002,52.0,52.0,52.0,0.0,0.0,0.0,5.95703125,5.95703125,5.95703125,258.534,258.534,258.534,52.0,0.0,5.95703125,258.534,5
11775533.841566335,3.643566131591797,90696585.13269037,202358.5677968051,2142678.066496374,13312224.47172845,20.4,20.4,20.4,20.4,20.4,20.4,20.4,20.4,20.4,20.4,20.4,91.0,91.0,91.0,0.0,0.0,0.0,5.95703125,5.95703125,5.95703125,263.119,263.119,263.119,91.0,0.0,5.95703125,263.119,5
11775534.860903634,3.643566131591797,87117605.86399685,194309.57772357916,2057368.0600108018,12782202.732215548,19.1,19.1,19.1,19.1,19.1,19.1,19.1,19.1,19.1,19.1,19.1,87.0,87.0,87.0,0.0,0.0,0.0,5.95703125,5.95703125,5.95703125,263.721,263.721,263.721,87.0,0.0,5.95703125,263.721,5
11775535.862914937,3.6435775756835938,88656576.77370216,197676.41286572712,2092942.458849649,13003222.581251433,19.65,19.65,19.65,19.65,19.65,19.65,19.65,19.65,19.65,19.65,19.65,91.0,91.0,91.0,0.0,0.0,0.0,5.95703125,5.95703125,5.95703125,263.914,263.914,263.914,91.0,0.0,5.95703125,263.914,5
11775536.862307934,3.6435775756835938,88926972.89722455,198200.30808776664,2098425.749731805,13037289.66776733,19.0375,19.0375,19.0375,19.0375,19.0375,19.0375,19.0375,19.0375,19.0375,19.0375,19.0375,49.0,49.0,49.0,0.0,0.0,0.0,5.95703125,5.95703125,5.95703125,253.683,253.683,253.683,49.0,0.0,5.95703125,253.683,5
11775537.871861344,3.643596649169922,88064339.25081909,196206.55828190065,2077306.6377593235,12906078.934985172,19.1125,19.1125,19.1125,19.1125,19.1125,19.1125,19.1125,19.1125,19.1125,19.1125,19.1125,51.0,51.0,51.0,0.0,0.0,0.0,5.95703125,5.95703125,5.95703125,229.917,229.917,229.917,51.0,0.0,5.95703125,229.917,5
11775538.872034485,3.643596649169922,88925663.3824346,198054.70874490464,2096788.9612941367,13027120.48022783,19.1125,19.1125,19.1125,19.1125,19.1125,19.1125,19.1125,19.1125,19.1125,19.1125,19.1125,48.0,48.0,48.0,0.0,0.0,0.0,5.95703125,5.95703125,5.95703125,239.721,239.721,239.721,48.0,0.0,5.95703125,239.721,5
11775539.872863024,3.6436195373535156,88902807.47210787,197934.00376989148,2095415.864239091,13018589.578407321,20.1,20.1,20.1,20.1,20.1,20.1,20.1,20.1,20.1,20.1,20.1,40.0,40.0,40.0,0.0,0.0,0.0,5.95703125,5.95703125,5.95703125,243.745,243.745,243.745,40.0,0.0,5.95703125,243.745,5
11775540.872893643,3.6436195373535156,89006408.787449,198098.93457493457,2097087.7910284607,13028977.076682681,19.3625,19.3625,19.3625,19.3625,19.3625,19.3625,19.3625,19.3625,19.3625,19.3625,19.3625,51.0,51.0,51.0,0.0,0.0,0.0,5.95703125,5.95703125,5.95703125,245.202,245.202,245.202,51.0,0.0,5.95703125,245.202,5
11775541.8713053,3.6436424255371094,89183439.86668354,198420.15921366785,2100488.2952740313,13050104.037630262,19.0875,19.0875,19.0875,19.0875,19.0875,19.0875,19.0875,19.0875,19.0875,19.0875,19.0875,47.0,47.0,47.0,0.0,0.0,0.0,5.95703125,5.95703125,5.95703125,234.076,234.076,234.076,47.0,0.0,5.95703125,234.076,5
11775542.872720972,3.6436424255371094,88948511.10289587,197837.9264303992,2094187.3181102402,13010956.755681003,19.450000000000003,19.450000000000003,19.450000000000003,19.450000000000003,19.450000000000003,19.450000000000003,19.450000000000003,19.450000000000003,19.450000000000003,19.450000000000003,19.450000000000003,41.0,41.0,41.0,0.0,0.0,0.0,5.95703125,5.95703125,5.95703125,243.983,243.983,243.983,41.0,0.0,5.95703125,243.983,5
11775543.874176472,3.6436424255371094,88980303.10459359,197839.04512699143,2094104.03007243,13010439.296211718,19.7125,19.7125,19.7125,19.7125,19.7125,19.7125,19.7125,19.7125,19.7125,19.7125,19.7125,46.0,46.0,46.0,0.0,0.0,0.0,5.95703125,5.95703125,5.95703125,239.904,239.904,239.904,46.0,0.0,5.95703125,239.904,5
11775544.87385916,3.643646240234375,89173475.88327104,198189.88818380132,2097817.664348803,13033511.699792076,18.825,18.825,18.825,18.825,18.825,18.825,18.825,18.825,18.825,18.825,18.825,50.0,50.0,50.0,0.0,0.0,0.0,5.95703125,5.95703125,5.95703125,228.986,228.986,228.986,50.0,0.0,5.95703125,228.986,5
11775545.872677088,3.6436729431152344,89283359.34706157,198369.48698936624,2099633.9181806515,13044795.886196587,18.825,18.825,18.825,18.825,18.825,18.825,18.825,18.825,18.825,18.825,18.825,48.0,48.0,48.0,0.0,0.0,0.0,5.95703125,5.95703125,5.95703125,236.055,236.055,236.055,48.0,0.0,5.95703125,236.055,5
11775546.873071248,3.6436729431152344,89175275.67976187,198067.92955915295,2096325.7124082076,13024242.3655674,19.1,19.1,19.1,19.1,19.1,19.1,19.1,19.1,19.1,19.1,19.1,37.0,37.0,37.0,0.0,0.0,0.0,5.95703125,5.95703125,5.95703125,238.587,238.587,238.587,37.0,0.0,5.95703125,238.587,5
11775547.872520337,3.6436920166015625,89292212.04669562,198264.2259093537,2098307.980592228,13036557.980984136,19.3125,19.3125,19.3125,19.3125,19.3125,19.3125,19.3125,19.3125,19.3125,19.3125,19.3125,48.0,48.0,48.0,0.0,0.0,0.0,5.95703125,5.95703125,5.95703125,232.763,232.763,232.763,48.0,0.0,5.95703125,232.763,5
11775548.874774247,3.6436920166015625,89077568.13150151,197709.38074552352,2092435.8368410394,13000074.994123723,19.9875,19.9875,19.9875,19.9875,19.9875,19.9875,19.9875,19.9875,19.9875,19.9875,19.9875,53.0,53.0,53.0,0.0,0.0,0.0,5.95703125,5.95703125,5.95703125,230.634,230.634,230.634,53.0,0.0,5.95703125,230.634,5
11775549.875972869,3.6436996459960938,89204016.15132019,197927.7595385502,2094641.31795115,13013777.407036344,18.75,18.75,18.75,18.75,18.75,18.75,18.75,18.75,18.75,18.75,18.75,40.0,40.0,40.0,0.0,0.0,0.0,5.95703125,5.95703125,5.95703125,239.893,239.893,239.893,40.0,0.0,5.95703125,239.893,5
11775550.873233896,3.6436996459960938,89591656.13846053,198718.2840395926,2102911.818958086,13065161.125206389,20.474999999999998,20.474999999999998,20.474999999999998,20.474999999999998,20.474999999999998,20.474999999999998,20.474999999999998,20.474999999999998,20.474999999999998,20.474999999999998,20.474999999999998,47.0,47.0,47.0,0.0,0.0,0.0,5.95703125,5.95703125,5.95703125,241.978,241.978,241.978,47.0,0.0,5.95703125,241.978,5
11775551.875155369,3.643726348876953,89207451.2846259,197801.92892019212,2093130.106865602,13004388.417850547,19.15,19.15,19.15,19.15,19.15,19.15,19.15,19.15,19.15,19.15,19.15,50.0,50.0,50.0,0.0,0.0,0.0,5.95703125,5.95703125,5.95703125,226.478,226.478,226.478,50.0,0.0,5.95703125,226.478,5
11775552.875606436,3.6437301635742188,89371138.58729102,198094.6459507036,2096206.4694668085,13027595.67547536,19.462500000000002,19.462500000000002,19.462500000000002,19.462500000000002,19.462500000000002,19.462500000000002,19.462500000000002,19.462500000000002,19.462500000000002,19.462500000000002,19.462500000000002,48.0,48.0,48.0,0.0,0.0,0.0,5.95703125,5.95703125,5.95703125,244.744,244.744,244.744,48.0,0.0,5.95703125,244.744,5
11775553.875353657,3.6437339782714844,89466661.34447047,198241.11130350642,2097682.2512241784,13036767.428506514,19.1,19.1,19.1,19.1,19.1,19.1,19.1,19.1,19.1,19.1,19.1,38.0,38.0,38.0,0.0,0.0,0.0,5.95703125,5.95703125,5.95703125,240.923,240.923,240.923,38.0,0.0,5.95703125,240.923,5
11775554.874278573,3.643749237060547,89575675.32067439,198412.30977859034,2099409.0397872357,13047499.149615202,20.5,20.5,20.5,20.5,20.5,20.5,20.5,20.5,20.5,20.5,20.5,64.0,64.0,64.0,0.0,0.0,0.0,5.95703125,5.95703125,5.95703125,244.423,244.423,244.423,64.0,0.0,5.95703125,244.423,5
11775555.875644716,3.643768310546875,89392572.03644568,197929.60002403552,2094290.9008557324,13015690.715865117,20.025,20.025,20.025,20.025,20.025,20.025,20.025,20.025,20.025,20.025,20.025,49.0,49.0,49.0,0.0,0.0,0.0,5.95703125,5.95703125,5.95703125,228.423,228.423,228.423,49.0,0.0,5.95703125,228.423,5
11775556.86031212,3.643768310546875,90941661.7941006,201293.34968398593,2129807.4784264453,13236420.696001854,19.025,19.025,19.025,19.025,19.025,19.025,19.025,19.025,19.025,19.025,19.025,41.0,41.0,41.0,0.0,0.0,0.0,5.95703125,5.95703125,5.95703125,240.644,240.644,240.644,41.0,0.0,5.95703125,240.644,5
11775557.876426743,3.643779754638672,88159234.07166316,195074.44856697493,2063893.1376622135,12826773.367267897,19.2375,19.2375,19.2375,19.2375,19.2375,19.2375,19.2375,19.2375,19.2375,19.2375,19.2375,40.0,40.0,40.0,0.0,0.0,0.0,5.95703125,5.95703125,5.95703125,246.156,246.156,246.156,40.0,0.0,5.95703125,246.156,5
11775558.875041002,3.643787384033203,89736835.00571677,198501.07105996844,2100062.1420780066,13051558.07830511,19.125,19.125,19.125,19.125,19.125,19.125,19.125,19.125,19.125,19.125,19.125,49.0,49.0,49.0,0.0,0.0,0.0,5.95703125,5.95703125,5.95703125,233.038,233.038,233.038,49.0,0.0,5.95703125,233.038,5
11775559.876168331,3.6437950134277344,89546855.25795348,198003.78464617318,2094790.4825189877,13018795.537842616,20.1625,20.1625,20.1625,20.1625,20.1625,20.1625,20.1625,20.1625,20.1625,20.1625,20.1625,47.0,47.0,47.0,0.0,0.0,0.0,5.95703125,5.95703125,5.95703125,228.637,228.637,228.637,47.0,0.0,5.95703125,228.637,5
11775560.87537304,3.643798828125,89751780.84966582,198395.78252644377,2098821.175137444,13043845.6626706,19.0125,19.0125,19.0125,19.0125,19.0125,19.0125,19.0125,19.0125,19.0125,19.0125,19.0125,40.0,40.0,40.0,0.0,0.0,0.0,5.95703125,5.95703125,5.95703125,241.877,241.877,241.877,40.0,0.0,5.95703125,241.877,5
11775561.86409456,3.6438064575195312,90733644.62264031,200507.41897316158,2121074.4969099187,13182146.580405002,19.05,19.05,19.05,19.05,19.05,19.05,19.05,19.05,19.05,19.05,19.05,89.0,89.0,89.0,0.0,0.0,0.0,5.95703125,5.95703125,5.95703125,246.735,246.735,246.735,89.0,0.0,5.95703125,246.735,5
11775562.86427972,3.643840789794922,89726298.2816295,198220.29753637835,2096763.7632921457,13035154.411247851,19.8125,19.8125,19.8125,19.8125,19.8125,19.8125,19.8125,19.8125,19.8125,19.8125,19.8125,87.0,87.0,87.0,0.0,0.0,0.0,5.95703125,5.95703125,5.95703125,263.197,263.197,263.197,87.0,0.0,5.95703125,263.197,5
11775563.862372035,3.643840789794922,89947123.68050067,198645.95368942924,2101160.3497893945,13062487.096444616,19.2625,19.2625,19.2625,19.2625,19.2625,19.2625,19.2625,19.2625,19.2625,19.2625,19.2625,87.0,87.0,87.0,0.0,0.0,0.0,5.95703125,5.95703125,5.95703125,249.726,249.726,249.726,87.0,0.0,5.95703125,249.726,5
11775564.86632214,3.643840789794922,89454789.26858957,197486.90615885062,2088900.6250402029,12986270.87793548,19.35,19.35,19.35,19.35,19.35,19.35,19.35,19.35,19.35,19.35,19.35,86.0,86.0,86.0,0.0,0.0,0.0,5.95703125,5.95703125,5.95703125,260.866,260.866,260.866,86.0,0.0,5.95703125,260.866,5
11775565.863720296,3.643901824951172,90077875.51935594,198792.22622732547,2102622.6948283347,13071578.198512869,19.2375,19.2375,19.2375,19.2375,19.2375,19.2375,19.2375,19.2375,19.2375,19.2375,19.2375,86.0,86.0,86.0,0.0,0.0,0.0,5.95703125,5.95703125,5.95703125,257.21,257.21,257.21,86.0,0.0,5.95703125,257.21,5
11775566.85814771,3.6439208984375,90382551.48583212,199394.14087610197,2108904.04788408,13110628.094560599,20.337500000000002,20.337500000000002,20.337500000000002,20.337500000000002,20.337500000000002,20.337500000000002,20.337500000000002,20.337500000000002,20.337500000000002,20.337500000000002,20.337500000000002,89.0,89.0,89.0,0.0,0.0,0.0,5.95703125,5.95703125,5.95703125,260.71,260.71,260.71,89.0,0.0,5.95703125,260.71,5
11775567.864697646,3.6439208984375,89326448.49817435,197001.6518303975,2083505.174890675,12952728.460306676,19.275,19.275,19.275,19.275,19.275,19.275,19.275,19.275,19.275,19.275,19.275,91.0,91.0,91.0,0.0,0.0,0.0,5.95703125,5.95703125,5.95703125,265.023,265.023,265.023,91.0,0.0,5.95703125,265.023,5
11775568.864530444,3.643939971923828,89959215.3791234,198333.16174186193,2097502.7070764964,13039748.274657203,19.5375,19.5375,19.5375,19.5375,19.5375,19.5375,19.5375,19.5375,19.5375,19.5375,19.5375,91.0,91.0,91.0,0.0,0.0,0.0,5.95703125,5.95703125,5.95703125,262.953,262.953,262.953,91.0,0.0,5.95703125,262.953,5
11775569.863786524,3.643939971923828,90043802.38398433,198454.63436832602,2098713.2747447323,13047274.127954068,18.8125,18.8125,18.8125,18.8125,18.8125,18.8125,18.8125,18.8125,18.8125,18.8125,18.8125,50.0,50.0,50.0,0.0,0.0,0.0,5.95703125,5.95703125,5.95703125,255.944,255.944,255.944,50.0,0.0,5.95703125,255.944,5
11775570.863820052,3.6439590454101562,90006444.2987963,198309.35116088224,2097081.6898573313,13037130.896124776,19.2125,19.2125,19.2125,19.2125,19.2125,19.2125,19.2125,19.2125,19.2125,19.2125,19.2125,88.0,88.0,88.0,0.0,0.0,0.0,5.95703125,5.95703125,5.95703125,243.94,243.94,243.94,88.0,0.0,5.95703125,243.94,5
11775571.878495999,3.643962860107422,88750506.28190756,195448.60662626047,2066819.4672341524,12848996.805090444,20.712500000000002,20.712500000000002,20.712500000000002,20.712500000000002,20.712500000000002,20.712500000000002,20.712500000000002,20.712500000000002,20.712500000000002,20.712500000000002,20.712500000000002,52.0,52.0,52.0,0.0,0.0,0.0,5.95703125,5.95703125,5.95703125,240.051,240.051,240.051,52.0,0.0,5.95703125,240.051,5
11775572.862203771,3.64398193359375,91576952.53829545,201610.6871680909,2131885.1578508927,13253496.987186313,19.0375,19.0375,19.0375,19.0375,19.0375,19.0375,19.0375,19.0375,19.0375,19.0375,19.0375,40.0,40.0,40.0,0.0,0.0,0.0,5.95703125,5.95703125,5.95703125,241.895,241.895,241.895,40.0,0.0,5.95703125,241.895,5
11775573.877334855,3.64398193359375,88775027.5785528,195376.7381153938,2065892.801965252,12843235.915342571,19.0125,19.0125,19.0125,19.0125,19.0125,19.0125,19.0125,19.0125,19.0125,19.0125,19.0125,42.0,42.0,42.0,0.0,0.0,0.0,5.95703125,5.95703125,5.95703125,242.806,242.806,242.806,42.0,0.0,5.95703125,242.806,5
11775574.878927195,3.6439971923828125,90007610.28653297,198025.67580572056,2093817.930066494,13016840.764456348,18.725,18.725,18.725,18.725,18.725,18.725,18.725,18.725,18.725,18.725,18.725,54.0,54.0,54.0,0.0,0.0,0.0,5.95703125,5.95703125,5.95703125,231.849,231.849,231.849,54.0,0.0,5.95703125,231.849,5
11775575.875782361,3.6439971923828125,90468076.09887418,198966.71733546944,2103768.0015403493,13078698.337701038,18.7375,18.7375,18.7375,18.7375,18.7375,18.7375,18.7375,18.7375,18.7375,18.7375,18.7375,50.0,50.0,50.0,0.0,0.0,0.0,5.95703125,5.95703125,5.95703125,245.661,245.661,245.661,50.0,0.0,5.95703125,245.661,5
11775576.875784213,3.644031524658203,90218781.96269687,198347.6327654515,2097148.1171946889,13037543.861388076,19.825,19.825,19.825,19.825,19.825,19.825,19.825,19.825,19.825,19.825,19.825,39.0,39.0,39.0,0.0,0.0,0.0,5.95703125,5.95703125,5.95703125,242.424,242.424,242.424,39.0,0.0,5.95703125,242.424,5
11775577.875858553,3.644031524658203,90247619.98917286,198344.2550820176,2096996.1092451734,13036598.858842554,19.1875,19.1875,19.1875,19.1875,19.1875,19.1875,19.1875,19.1875,19.1875,19.1875,19.1875,47.0,47.0,47.0,0.0,0.0,0.0,5.95703125,5.95703125,5.95703125,240.936,240.936,240.936,47.0,0.0,5.95703125,240.936,5
11775578.877881132,3.6440467834472656,90099292.03587316,197958.61300464036,2092918.9055193237,13011251.711460952,19.45,19.45,19.45,19.45,19.45,19.45,19.45,19.45,19.45,19.45,19.45,53.0,53.0,53.0,0.0,0.0,0.0,5.95703125,5.95703125,5.95703125,233.869,233.869,233.869,53.0,0.0,5.95703125,233.869,5
11775579.866823751,3.644054412841797,91323949.6681765,200583.93288552493,2120600.2844174122,13183341.221290281,19.2375,19.2375,19.2375,19.2375,19.2375,19.2375,19.2375,19.2375,19.2375,19.2375,19.2375,85.0,85.0,85.0,0.0,0.0,0.0,5.95703125,5.95703125,5.95703125,256.035,256.035,256.035,85.0,0.0,5.95703125,256.035,5
11775580.861507256,3.6440696716308594,90829668.5600789,199433.2862477394,2108361.0930974437,13107252.65493977,19.4125,19.4125,19.4125,19.4125,19.4125,19.4125,19.4125,19.4125,19.4125,19.4125,19.4125,92.0,92.0,92.0,0.0,0.0,0.0,5.95703125,5.95703125,5.95703125,260.464,260.464,260.464,92.0,0.0,5.95703125,260.464,5
11775581.865507048,3.6440887451171875,90019369.24350852,197591.67439370943,2088797.2454059166,12985628.18774811,19.175,19.175,19.175,19.175,19.175,19.175,19.175,19.175,19.175,19.175,19.175,90.0,90.0,90.0,0.0,0.0,0.0,5.95703125,5.95703125,5.95703125,262.076,262.076,262.076,90.0,0.0,5.95703125,262.076,5
11775582.86936224,3.6440887451171875,90070364.35877094,197631.0939832108,2089098.1234674535,12987498.685540829,21.1625,21.1625,21.1625,21.1625,21.1625,21.1625,21.1625,21.1625,21.1625,21.1625,21.1625,93.0,93.0,93.0,0.0,0.0,0.0,5.95703125,5.95703125,5.95703125,261.25,261.25,261.25,93.0,0.0,5.95703125,261.25,5
11775583.864779616,3.644092559814453,90866702.00961632,199314.38305120255,2106806.704828078,13097589.338804243,19.55,19.55,19.55,19.55,19.55,19.55,19.55,19.55,19.55,19.55,19.55,85.0,85.0,85.0,0.0,0.0,0.0,5.95703125,5.95703125,5.95703125,263.644,263.644,263.644,85.0,0.0,5.95703125,263.644,5
11775584.866578989,3.6441192626953125,90320467.7928661,198054.62586238148,2093385.2192496639,13014150.6892025,19.05,19.05,19.05,19.05,19.05,19.05,19.05,19.05,19.05,19.05,19.05,87.0,87.0,87.0,0.0,0.0,0.0,5.95703125,5.95703125,5.95703125,247.324,247.324,247.324,87.0,0.0,5.95703125,247.324,5
11775585.877400557,3.6441307067871094,89552018.75310878,196287.85763084548,2074700.4879051815,12897991.509769907,18.975,18.975,18.975,18.975,18.975,18.975,18.975,18.975,18.975,18.975,18.975,51.0,51.0,51.0,0.0,0.0,0.0,5.95703125,5.95703125,5.95703125,239.243,239.243,239.243,51.0,0.0,5.95703125,239.243,5
11775586.875891756,3.6441307067871094,90690637.06157349,198718.82702839494,2100320.9649290266,13057268.811267756,18.8625,18.8625,18.8625,18.8625,18.8625,18.8625,18.8625,18.8625,18.8625,18.8625,18.8625,46.0,46.0,46.0,0.0,0.0,0.0,5.95703125,5.95703125,5.95703125,238.515,238.515,238.515,46.0,0.0,5.95703125,238.515,5
11775587.878515309,3.6441307067871094,90354926.11164309,197909.7733280203,2091664.408702379,13003452.759569673,20.625,20.625,20.625,20.625,20.625,20.625,20.625,20.625,20.625,20.625,20.625,40.0,40.0,40.0,0.0,0.0,0.0,5.95703125,5.95703125,5.95703125,243.54,243.54,243.54,40.0,0.0,5.95703125,243.54,5
11775588.876980796,3.6441497802734375,90763950.39523901,198746.97967824942,2100375.0512804757,13057605.055128425,19.15,19.15,19.15,19.15,19.15,19.15,19.15,19.15,19.15,19.15,19.15,51.0,51.0,51.0,0.0,0.0,0.0,5.95703125,5.95703125,5.95703125,231.232,231.232,231.232,51.0,0.0,5.95703125,231.232,5
11775589.878723105,3.6441612243652344,90499679.59741777,198104.84016209203,2093504.4684082218,13043514.16840279,19.225,19.225,19.225,19.225,19.225,19.225,19.225,19.225,19.225,19.225,19.225,49.0,49.0,49.0,0.0,0.0,0.0,5.95703125,5.95703125,5.95703125,230.193,230.193,230.193,49.0,0.0,5.95703125,230.193,5
11775590.877739614,3.6441612243652344,90779332.70571885,198656.37686600586,2099216.5617289944,13079103.187334944,18.925,18.925,18.925,18.925,18.925,18.925,18.925,18.925,18.925,18.925,18.925,40.0,40.0,40.0,0.0,0.0,0.0,5.95703125,5.95703125,5.95703125,246.348,246.348,246.348,40.0,0.0,5.95703125,246.348,5
11775591.879115475,3.6441612243652344,90598096.5700426,198200.30383941156,2094270.5738182503,13048287.364219178,19.025,19.025,19.025,19.025,19.025,19.025,19.025,19.025,19.025,19.025,19.025,51.0,51.0,51.0,0.0,0.0,0.0,5.95703125,5.95703125,5.95703125,242.187,242.187,242.187,51.0,0.0,5.95703125,242.187,5
11775592.879627535,3.6441612243652344,90708994.57237892,198371.42197370753,2096078.6824152642,13059552.728329478,18.8125,18.8125,18.8125,18.8125,18.8125,18.8125,18.8125,18.8125,18.8125,18.8125,18.8125,49.0,49.0,49.0,0.0,0.0,0.0,5.95703125,5.95703125,5.95703125,228.831,228.831,228.831,49.0,0.0,5.95703125,228.831,5
11775593.878077663,3.6441612243652344,90929062.3748827,198788.0960320951,2100407.3617991754,13086522.429959705,18.875,18.875,18.875,18.875,18.875,18.875,18.875,18.875,18.875,18.875,18.875,51.0,51.0,51.0,0.0,0.0,0.0,5.95703125,5.95703125,5.95703125,242.429,242.429,242.429,51.0,0.0,5.95703125,242.429,5
11775594.87609154,3.6441612243652344,91004311.81334755,198883.00623659423,2101325.492196435,13096346.964060206,18.95,18.95,18.95,18.95,18.95,18.95,18.95,18.95,18.95,18.95,18.95,39.0,39.0,39.0,0.0,0.0,0.0,5.95703125,5.95703125,5.95703125,244.347,244.347,244.347,39.0,0.0,5.95703125,244.347,5
11775595.87790368,3.6441612243652344,90691915.59506066,198141.93916028747,2093358.542243491,13046693.570896443,18.825,18.825,18.825,18.825,18.825,18.825,18.825,18.825,18.825,18.825,18.825,50.0,50.0,50.0,0.0,0.0,0.0,5.95703125,5.95703125,5.95703125,248.538,248.538,248.538,50.0,0.0,5.95703125,248.538,5
11775596.880201312,3.6441612243652344,90680595.32646929,198045.96317905898,2092344.561351781,13040374.014206119,19.0375,19.0375,19.0375,19.0375,19.0375,19.0375,19.0375,19.0375,19.0375,19.0375,19.0375,50.0,50.0,50.0,0.0,0.0,0.0,5.95703125,5.95703125,5.95703125,234.936,234.936,234.936,50.0,0.0,5.95703125,234.936,5
11775597.865513178,3.6441612243652344,92279025.71290931,201467.17693032214,2128414.4368679295,13265176.69540149,19.1125,19.1125,19.1125,19.1125,19.1125,19.1125,19.1125,19.1125,19.1125,19.1125,19.1125,42.0,42.0,42.0,0.0,0.0,0.0,5.95703125,5.95703125,5.95703125,241.15,241.15,241.15,42.0,0.0,5.95703125,241.15,5
11775598.87845085,3.6441650390625,89795326.47970064,195980.46888960607,2070366.279255955,12903396.088097172,18.875,18.875,18.875,18.875,18.875,18.875,18.875,18.875,18.875,18.875,18.875,40.0,40.0,40.0,0.0,0.0,0.0,5.95703125,5.95703125,5.95703125,246.472,246.472,246.472,40.0,0.0,5.95703125,246.472,5
11775599.877992649,3.6441650390625,91031474.7485808,198618.00704760043,2098113.358464538,13076327.591524104,18.9625,18.9625,18.9625,18.9625,18.9625,18.9625,18.9625,18.9625,18.9625,18.9625,18.9625,53.0,53.0,53.0,0.0,0.0,0.0,5.95703125,5.95703125,5.95703125,235.902,235.902,235.902,53.0,0.0,5.95703125,235.902,5
11775600.867230428,3.6441650390625,92007238.16155824,200687.8468085671,2119967.5577766364,13212532.181377435,19.275,19.275,19.275,19.275,19.275,19.275,19.275,19.275,19.275,19.275,19.275,86.0,86.0,86.0,0.0,0.0,0.0,5.95703125,5.95703125,5.95703125,251.456,251.456,251.456,86.0,0.0,5.95703125,251.456,5
11775601.866421295,3.644176483154297,91123458.00175701,198696.77212581682,2098850.2491094866,13080920.204899162,19.3125,19.3125,19.3125,19.3125,19.3125,19.3125,19.3125,19.3125,19.3125,19.3125,19.3125,86.0,86.0,86.0,0.0,0.0,0.0,5.95703125,5.95703125,5.95703125,256.106,256.106,256.106,86.0,0.0,5.95703125,256.106,5
11775602.866421696,3.644176483154297,91082381.52435644,198542.92048977333,2097151.1601565864,13070330.765741536,19.5,19.5,19.5,19.5,19.5,19.5,19.5,19.5,19.5,19.5,19.5,91.0,91.0,91.0,0.0,0.0,0.0,5.95703125,5.95703125,5.95703125,261.533,261.533,261.533,91.0,0.0,5.95703125,261.533,5
11775603.869749907,3.6441802978515625,90815598.47120328,197894.36567548613,2090195.3874536122,13026979.455789993,19.25,19.25,19.25,19.25,19.25,19.25,19.25,19.25,19.25,19.25,19.25,89.0,89.0,89.0,0.0,0.0,0.0,5.95703125,5.95703125,5.95703125,264.624,264.624,264.624,89.0,0.0,5.95703125,264.624,5
11775604.87279355,3.6441802978515625,90873955.18896426,197958.485187257,2090788.3880894354,13030675.285924587,19.4375,19.4375,19.4375,19.4375,19.4375,19.4375,19.4375,19.4375,19.4375,19.4375,19.4375,81.0,81.0,81.0,0.0,0.0,0.0,5.95703125,5.95703125,5.95703125,259.19,259.19,259.19,81.0,0.0,5.95703125,259.19,5
11775605.867529554,3.6441802978515625,91665766.1695482,199622.81356820784,2108249.8172964677,13139502.27928326,19.2375,19.2375,19.2375,19.2375,19.2375,19.2375,19.2375,19.2375,19.2375,19.2375,19.2375,86.0,86.0,86.0,0.0,0.0,0.0,5.95703125,5.95703125,5.95703125,247.077,247.077,247.077,86.0,0.0,5.95703125,247.077,5
11775606.867819713,3.6441802978515625,91189462.54433064,198515.3989433486,2096543.6687003844,13066544.622701028,19.45,19.45,19.45,19.45,19.45,19.45,19.45,19.45,19.45,19.45,19.45,86.0,86.0,86.0,0.0,0.0,0.0,5.95703125,5.95703125,5.95703125,259.529,259.529,259.529,86.0,0.0,5.95703125,259.529,5
11775607.867014373,3.644184112548828,91322158.45167983,198740.05345521888,2098842.2831288106,13080870.557546942,19.2875,19.2875,19.2875,19.2875,19.2875,19.2875,19.2875,19.2875,19.2875,19.2875,19.2875,84.0,84.0,84.0,0.0,0.0,0.0,5.95703125,5.95703125,5.95703125,254.71,254.71,254.71,84.0,0.0,5.95703125,254.71,5
11775608.86406342,3.644184112548828,91556966.33374135,199177.7642847202,2103358.9139696336,13109020.106400587,20.1875,20.1875,20.1875,20.1875,20.1875,20.1875,20.1875,20.1875,20.1875,20.1875,20.1875,41.0,41.0,41.0,0.0,0.0,0.0,5.95703125,5.95703125,5.95703125,255.821,255.821,255.821,41.0,0.0,5.95703125,255.821,5
11775609.880734185,3.644195556640625,89827425.07412481,195340.52396068387,2062764.1429890487,12856016.367730575,19.3,19.3,19.3,19.3,19.3,19.3,19.3,19.3,19.3,19.3,19.3,44.0,44.0,44.0,0.0,0.0,0.0,5.95703125,5.95703125,5.95703125,246.064,246.064,246.064,44.0,0.0,5.95703125,246.064,5
11775610.880822005,3.644195556640625,91349585.67997973,198586.56012958105,2096967.8442975525,13069188.26397166,19.125,19.125,19.125,19.125,19.125,19.125,19.125,19.125,19.125,19.125,19.125,54.0,54.0,54.0,0.0,0.0,0.0,5.95703125,5.95703125,5.95703125,235.857,235.857,235.857,54.0,0.0,5.95703125,235.857,5
11775611.880363204,3.6442031860351562,91432223.21054794,198695.16157165327,2098114.617431249,13076335.437935773,19.0625,19.0625,19.0625,19.0625,19.0625,19.0625,19.0625,19.0625,19.0625,19.0625,19.0625,53.0,53.0,53.0,0.0,0.0,0.0,5.95703125,5.95703125,5.95703125,228.237,228.237,228.237,53.0,0.0,5.95703125,228.237,5
11775612.880477132,3.6442031860351562,91412528.49032898,198590.37485863597,2096913.1014361505,13068847.083364759,19.0125,19.0125,19.0125,19.0125,19.0125,19.0125,19.0125,19.0125,19.0125,19.0125,19.0125,41.0,41.0,41.0,0.0,0.0,0.0,5.95703125,5.95703125,5.95703125,241.694,241.694,241.694,41.0,0.0,5.95703125,241.694,5
11775613.881202312,3.6442031860351562,91389340.28637587,198475.06986656596,2095632.2895634787,13060864.523431757,19.337500000000002,19.337500000000002,19.337500000000002,19.337500000000002,19.337500000000002,19.337500000000002,19.337500000000002,19.337500000000002,19.337500000000002,19.337500000000002,19.337500000000002,50.0,50.0,50.0,0.0,0.0,0.0,5.95703125,5.95703125,5.95703125,239.313,239.313,239.313,50.0,0.0,5.95703125,239.313,5
11775614.87890161,3.6442031860351562,91699241.63186957,199077.01689798394,2101988.048180893,13100476.292471154,18.9375,18.9375,18.9375,18.9375,18.9375,18.9375,18.9375,18.9375,18.9375,18.9375,18.9375,45.0,45.0,45.0,0.0,0.0,0.0,5.95703125,5.95703125,5.95703125,220.112,220.112,220.112,45.0,0.0,5.95703125,220.112,5
11775615.865987886,3.6442031860351562,92718274.24109346,201224.55849240255,2124588.348410878,13241330.898006076,18.8875,18.8875,18.8875,18.8875,18.8875,18.8875,18.8875,18.8875,18.8875,18.8875,18.8875,43.0,43.0,43.0,0.0,0.0,0.0,5.95703125,5.95703125,5.95703125,235.619,235.619,235.619,43.0,0.0,5.95703125,235.619,5
11775616.88171474,3.6442031860351562,90141441.61598831,195564.38723397785,2064681.0602925448,12867963.40506545,19.8375,19.8375,19.8375,19.8375,19.8375,19.8375,19.8375,19.8375,19.8375,19.8375,19.8375,51.0,51.0,51.0,0.0,0.0,0.0,5.95703125,5.95703125,5.95703125,239.946,239.946,239.946,51.0,0.0,5.95703125,239.946,5
11775617.883375892,3.6442108154296875,91439854.53498586,198317.56445107047,2093674.0898361986,13048660.19661584,18.9375,18.9375,18.9375,18.9375,18.9375,18.9375,18.9375,18.9375,18.9375,18.9375,18.9375,56.0,56.0,56.0,0.0,0.0,0.0,5.95703125,5.95703125,5.95703125,230.308,230.308,230.308,56.0,0.0,5.95703125,230.308,5
11775618.88178767,3.6442108154296875,91770166.36407027,198963.99892855887,2100488.0405593063,13091127.612157708,19.0,19.0,19.0,19.0,19.0,19.0,19.0,19.0,19.0,19.0,19.0,56.0,56.0,56.0,0.0,0.0,0.0,5.95703125,5.95703125,5.95703125,244.536,244.536,244.536,56.0,0.0,5.95703125,244.536,5
11775619.879706277,3.6442108154296875,91848251.41737215,199071.3459439494,2101526.1042351658,13097597.262918778,19.25,19.25,19.25,19.25,19.25,19.25,19.25,19.25,19.25,19.25,19.25,36.0,36.0,36.0,0.0,0.0,0.0,5.95703125,5.95703125,5.95703125,240.123,240.123,240.123,36.0,0.0,5.95703125,240.123,5
11775620.871351898,3.6442108154296875,92456728.53875439,200337.69702169436,2114820.0075727883,13180450.47688431,19.487499999999997,19.487499999999997,19.487499999999997,19.487499999999997,19.487499999999997,19.487499999999997,19.487499999999997,19.487499999999997,19.487499999999997,19.487499999999997,19.487499999999997,43.0,43.0,43.0,0.0,0.0,0.0,5.95703125,5.95703125,5.95703125,248.453,248.453,248.453,43.0,0.0,5.95703125,248.453,5
11775621.880489048,3.64422607421875,90897330.46600428,196874.13154856942,2078163.5085056624,12951991.71023744,20.825000000000003,20.825000000000003,20.825000000000003,20.825000000000003,20.825000000000003,20.825000000000003,20.825000000000003,20.825000000000003,20.825000000000003,20.825000000000003,20.825000000000003,56.0,56.0,56.0,0.0,0.0,0.0,5.95703125,5.95703125,5.95703125,239.197,239.197,239.197,56.0,0.0,5.95703125,239.197,5
11775622.884835972,3.64422607421875,91363361.42041689,197813.1214142703,2088075.2955871194,13013766.148864254,19.05,19.05,19.05,19.05,19.05,19.05,19.05,19.05,19.05,19.05,19.05,54.0,54.0,54.0,0.0,0.0,0.0,5.95703125,5.95703125,5.95703125,244.116,244.116,244.116,54.0,0.0,5.95703125,244.116,5
11775623.880971717,3.64422607421875,92149242.1515276,199450.728435211,2105287.3668177957,13121039.038116377,19.125,19.125,19.125,19.125,19.125,19.125,19.125,19.125,19.125,19.125,19.125,40.0,40.0,40.0,0.0,0.0,0.0,5.95703125,5.95703125,5.95703125,241.576,241.576,241.576,40.0,0.0,5.95703125,241.576,5
11775624.882143676,3.64422607421875,91718306.8530814,198455.41827450774,2094697.0997001354,13055036.02567018,19.1875,19.1875,19.1875,19.1875,19.1875,19.1875,19.1875,19.1875,19.1875,19.1875,19.1875,58.0,58.0,58.0,0.0,0.0,0.0,5.95703125,5.95703125,5.95703125,242.94,242.94,242.94,58.0,0.0,5.95703125,242.94,5
11775625.880426925,3.6442489624023438,92016402.30637084,199029.68453041444,2100758.480493677,13092813.107920554,19.1875,19.1875,19.1875,19.1875,19.1875,19.1875,19.1875,19.1875,19.1875,19.1875,19.1875,52.0,52.0,52.0,0.0,0.0,0.0,5.95703125,5.95703125,5.95703125,230.291,230.291,230.291,52.0,0.0,5.95703125,230.291,5
11775626.861251494,3.6442489624023438,93693158.67687419,202584.64788858348,2138151.9853489613,13330041.283659931,21.037499999999998,21.037499999999998,21.037499999999998,21.037499999999998,21.037499999999998,21.037499999999998,21.037499999999998,21.037499999999998,21.037499999999998,21.037499999999998,21.037499999999998,37.0,37.0,37.0,0.0,0.0,0.0,5.95703125,5.95703125,5.95703125,236.05,236.05,236.05,37.0,0.0,5.95703125,236.05,5
11775627.881349504,3.6442527770996094,90118002.47798176,194793.04737080313,2055833.830946789,12816839.039808888,19.125,19.125,19.125,19.125,19.125,19.125,19.125,19.125,19.125,19.125,19.125,42.0,42.0,42.0,0.0,0.0,0.0,5.95703125,5.95703125,5.95703125,243.189,243.189,243.189,42.0,0.0,5.95703125,243.189,5
11775628.880181782,3.6442527770996094,92069349.40910043,198948.3163350737,2099603.7535917214,13093817.939879622,18.825,18.825,18.825,18.825,18.825,18.825,18.825,18.825,18.825,18.825,18.825,55.0,55.0,55.0,0.0,0.0,0.0,5.95703125,5.95703125,5.95703125,238.22,238.22,238.22,55.0,0.0,5.95703125,238.22,5
11775629.880690482,3.6442527770996094,91947700.24477921,198614.96465365458,2096085.7221026039,13071878.341159401,19.2875,19.2875,19.2875,19.2875,19.2875,19.2875,19.2875,19.2875,19.2875,19.2875,19.2875,49.0,49.0,49.0,0.0,0.0,0.0,5.95703125,5.95703125,5.95703125,238.354,238.354,238.354,49.0,0.0,5.95703125,238.354,5
11775630.881420152,3.6442527770996094,91960016.46598864,198578.1033667572,2095622.8852815307,13068991.938874858,19.1,19.1,19.1,19.1,19.1,19.1,19.1,19.1,19.1,19.1,19.1,41.0,41.0,41.0,0.0,0.0,0.0,5.95703125,5.95703125,5.95703125,242.085,242.085,242.085,41.0,0.0,5.95703125,242.085,5
11775631.881719671,3.6442527770996094,92034923.79829165,198671.49412706846,2096524.0513637522,13074611.906258713,19.3375,19.3375,19.3375,19.3375,19.3375,19.3375,19.3375,19.3375,19.3375,19.3375,19.3375,57.0,57.0,57.0,0.0,0.0,0.0,5.95703125,5.95703125,5.95703125,243.051,243.051,243.051,57.0,0.0,5.95703125,243.051,5
11775632.881543553,3.6442527770996094,92114093.0130968,198768.00676032752,2097521.4127167324,13080831.778915092,18.875,18.875,18.875,18.875,18.875,18.875,18.875,18.875,18.875,18.875,18.875,49.0,49.0,49.0,0.0,0.0,0.0,5.95703125,5.95703125,5.95703125,228.769,228.769,228.769,49.0,0.0,5.95703125,228.769,5
11775633.87053674,3.6442527770996094,93155863.03702384,200952.8501690673,2120491.8544123247,13224082.990504986,18.825,18.825,18.825,18.825,18.825,18.825,18.825,18.825,18.825,18.825,18.825,46.0,46.0,46.0,0.0,0.0,0.0,5.95703125,5.95703125,5.95703125,239.597,239.597,239.597,46.0,0.0,5.95703125,239.597,5
11775634.88220079,3.6442527770996094,91100564.48812138,196465.41760474612,2072972.742900268,12927738.218907336,19.3125,19.3125,19.3125,19.3125,19.3125,19.3125,19.3125,19.3125,19.3125,19.3125,19.3125,41.0,41.0,41.0,0.0,0.0,0.0,5.95703125,5.95703125,5.95703125,245.532,245.532,245.532,41.0,0.0,5.95703125,245.532,5
11775635.88254676,3.6442527770996094,92163923.08691464,198695.25748667712,2096426.700150429,13074004.792149061,18.8375,18.8375,18.8375,18.8375,18.8375,18.8375,18.8375,18.8375,18.8375,18.8375,18.8375,54.0,54.0,54.0,0.0,0.0,0.0,5.95703125,5.95703125,5.95703125,228.6,228.6,228.6,54.0,0.0,5.95703125,228.6,5
11775636.88381287,3.6442527770996094,92111821.23859741,198514.65846909868,2094500.1309971889,13061990.074753953,19.225,19.225,19.225,19.225,19.225,19.225,19.225,19.225,19.225,19.225,19.225,52.0,52.0,52.0,0.0,0.0,0.0,5.95703125,5.95703125,5.95703125,240.871,240.871,240.871,52.0,0.0,5.95703125,240.871,5
11775637.8829877,3.644256591796875,92342764.51847985,198943.16201405943,2098883.9369556583,13089328.927147299,20.1875,20.1875,20.1875,20.1875,20.1875,20.1875,20.1875,20.1875,20.1875,20.1875,20.1875,39.0,39.0,39.0,0.0,0.0,0.0,5.95703125,5.95703125,5.95703125,242.086,242.086,242.086,39.0,0.0,5.95703125,242.086,5
11775638.880917596,3.644256591796875,92490674.38004619,199198.3614649597,2101502.329857048,13105658.084440535,19.2375,19.2375,19.2375,19.2375,19.2375,19.2375,19.2375,19.2375,19.2375,19.2375,19.2375,57.0,57.0,57.0,0.0,0.0,0.0,5.95703125,5.95703125,5.95703125,241.134,241.134,241.134,57.0,0.0,5.95703125,241.134,5
11775639.882219588,3.6442642211914062,92211785.92928591,198528.51732276074,2094425.0738753658,13061521.993914146,18.95,18.95,18.95,18.95,18.95,18.95,18.95,18.95,18.95,18.95,18.95,52.0,52.0,52.0,0.0,0.0,0.0,5.95703125,5.95703125,5.95703125,226.059,226.059,226.059,52.0,0.0,5.95703125,226.059,5
11775640.874546248,3.6442642211914062,93078712.60094066,200331.20946647154,2113368.5956066567,13179660.011273544,19.0375,19.0375,19.0375,19.0375,19.0375,19.0375,19.0375,19.0375,19.0375,19.0375,19.0375,51.0,51.0,51.0,0.0,0.0,0.0,5.95703125,5.95703125,5.95703125,240.84,240.84,240.84,51.0,0.0,5.95703125,240.84,5
11775641.883843176,3.644268035888672,91546038.11150984,196974.74010202618,2077834.5228737784,12958057.8740937,19.1375,19.1375,19.1375,19.1375,19.1375,19.1375,19.1375,19.1375,19.1375,19.1375,19.1375,40.0,40.0,40.0,0.0,0.0,0.0,5.95703125,5.95703125,5.95703125,241.852,241.852,241.852,40.0,0.0,5.95703125,241.852,5
11775642.882920116,3.644268035888672,92517914.5751935,198998.68770493905,2099089.585382332,13090611.418214425,18.8375,18.8375,18.8375,18.8375,18.8375,18.8375,18.8375,18.8375,18.8375,18.8375,18.8375,55.0,55.0,55.0,0.0,0.0,0.0,5.95703125,5.95703125,5.95703125,234.048,234.048,234.048,55.0,0.0,5.95703125,234.048,5
11775643.882015575,3.644268035888672,92551606.76575541,198997.0010383842,2099050.6783708106,13090368.781324215,20.2125,20.2125,20.2125,20.2125,20.2125,20.2125,20.2125,20.2125,20.2125,20.2125,20.2125,49.0,49.0,49.0,0.0,0.0,0.0,5.95703125,5.95703125,5.95703125,244.252,244.252,244.252,49.0,0.0,5.95703125,244.252,5
11775644.884740626,3.644268035888672,92249044.58276315,198286.65860072614,2091452.6832765671,13042985.190824373,18.9,18.9,18.9,18.9,18.9,18.9,18.9,18.9,18.9,18.9,18.9,41.0,41.0,41.0,0.0,0.0,0.0,5.95703125,5.95703125,5.95703125,246.063,246.063,246.063,41.0,0.0,5.95703125,246.063,5
11775645.883171273,3.644268035888672,92678425.16865462,199151.53907406976,2100448.3450040664,13099085.089058561,19.05,19.05,19.05,19.05,19.05,19.05,19.05,19.05,19.05,19.05,19.05,50.0,50.0,50.0,0.0,0.0,0.0,5.95703125,5.95703125,5.95703125,243.414,243.414,243.414,50.0,0.0,5.95703125,243.414,5
11775646.883478465,3.644268035888672,92537119.41463844,198778.93686714396,2096507.9712774325,13074511.625564145,19.0375,19.0375,19.0375,19.0375,19.0375,19.0375,19.0375,19.0375,19.0375,19.0375,19.0375,53.0,53.0,53.0,0.0,0.0,0.0,5.95703125,5.95703125,5.95703125,228.668,228.668,228.668,53.0,0.0,5.95703125,228.668,5
11775647.883324184,3.6442909240722656,92606984.5014232,198878.683209098,2097475.600706702,13080546.080188476,19.2875,19.2875,19.2875,19.2875,19.2875,19.2875,19.2875,19.2875,19.2875,19.2875,19.2875,79.0,79.0,79.0,0.0,0.0,0.0,5.95703125,5.95703125,5.95703125,241.445,241.445,241.445,79.0,0.0,5.95703125,241.445,5
11775648.8726021,3.6442909240722656,93631928.39864801,201011.25960457753,2119881.5479656584,13220276.919246772,20.875,20.875,20.875,20.875,20.875,20.875,20.875,20.875,20.875,20.875,20.875,88.0,88.0,88.0,0.0,0.0,0.0,5.95703125,5.95703125,5.95703125,258.664,258.664,258.664,88.0,0.0,5.95703125,258.664,5
11775649.87159182,3.6442909240722656,92757011.56314881,199066.11253257198,2099272.853593686,13091754.33891531,19.4375,19.4375,19.4375,19.4375,19.4375,19.4375,19.4375,19.4375,19.4375,19.4375,19.4375,91.0,91.0,91.0,0.0,0.0,0.0,5.95703125,5.95703125,5.95703125,261.777,261.777,261.777,91.0,0.0,5.95703125,261.777,5
11775650.883683313,3.6442909240722656,91593788.32815023,196498.04521577174,2072097.2501199057,12922278.358657928,19.1,19.1,19.1,19.1,19.1,19.1,19.1,19.1,19.1,19.1,19.1,50.0,50.0,50.0,0.0,0.0,0.0,5.95703125,5.95703125,5.95703125,245.664,245.664,245.664,50.0,0.0,5.95703125,245.664,5
11775651.88372454,3.6442909240722656,92730034.94580278,198866.80116173456,2097065.5426269462,13077988.823452812,19.0125,19.0125,19.0125,19.0125,19.0125,19.0125,19.0125,19.0125,19.0125,19.0125,19.0125,55.0,55.0,55.0,0.0,0.0,0.0,5.95703125,5.95703125,5.95703125,231.791,231.791,231.791,55.0,0.0,5.95703125,231.791,5
11775652.878514536,3.6442909240722656,93252283.84147465,199923.60292023455,2108135.395417261,13147024.057748662,18.95,18.95,18.95,18.95,18.95,18.95,18.95,18.95,18.95,18.95,18.95,52.0,52.0,52.0,0.0,0.0,0.0,5.95703125,5.95703125,5.95703125,238.179,238.179,238.179,52.0,0.0,5.95703125,238.179,5
11775653.88386006,3.6442909240722656,92308322.70489934,197836.46057903115,2086001.2316924408,13008988.14998821,20.0,20.0,20.0,20.0,20.0,20.0,20.0,20.0,20.0,20.0,20.0,43.0,43.0,43.0,0.0,0.0,0.0,5.95703125,5.95703125,5.95703125,242.278,242.278,242.278,43.0,0.0,5.95703125,242.278,5
11775654.88458837,3.6442909240722656,92769525.93220727,198761.23999912513,2095625.7326910463,13069009.696254903,18.8375,18.8375,18.8375,18.8375,18.8375,18.8375,18.8375,18.8375,18.8375,18.8375,18.8375,52.0,52.0,52.0,0.0,0.0,0.0,5.95703125,5.95703125,5.95703125,233.088,233.088,233.088,52.0,0.0,5.95703125,233.088,5
11775655.882598229,3.644298553466797,93054871.34701216,199302.64042528672,2101333.9515810027,13104608.022261996,18.7375,18.7375,18.7375,18.7375,18.7375,18.7375,18.7375,18.7375,18.7375,18.7375,18.7375,50.0,50.0,50.0,0.0,0.0,0.0,5.95703125,5.95703125,5.95703125,242.991,242.991,242.991,50.0,0.0,5.95703125,242.991,5
11775656.882745696,3.644298553466797,92888579.95527591,198888.67038915423,2096842.7838805716,13076599.626817705,18.9375,18.9375,18.9375,18.9375,18.9375,18.9375,18.9375,18.9375,18.9375,18.9375,18.9375,40.0,40.0,40.0,0.0,0.0,0.0,5.95703125,5.95703125,5.95703125,238.844,238.844,238.844,40.0,0.0,5.95703125,238.844,5
11775657.884997468,3.644298553466797,92726090.9652224,198479.07034512982,2092440.3010789424,13053231.096965121,18.825,18.825,18.825,18.825,18.825,18.825,18.825,18.825,18.825,18.825,18.825,50.0,50.0,50.0,0.0,0.0,0.0,5.95703125,5.95703125,5.95703125,242.404,242.404,242.404,50.0,0.0,5.95703125,242.404,5
11775658.886105347,3.644306182861328,92867381.1801823,198705.85795616725,2094831.1805620787,13068146.07561578,19.2875,19.2875,19.2875,19.2875,19.2875,19.2875,19.2875,19.2875,19.2875,19.2875,19.2875,53.0,53.0,53.0,0.0,0.0,0.0,5.95703125,5.95703125,5.95703125,230.073,230.073,230.073,53.0,0.0,5.95703125,230.073,5
11775659.886284787,3.6443099975585938,92988969.07955801,198900.30937162857,2096775.7550133187,13080276.87795418,18.2875,18.2875,18.2875,18.2875,18.2875,18.2875,18.2875,18.2875,18.2875,18.2875,18.2875,0.0,0.0,0.0,0.0,0.0,0.0,5.95703125,5.95703125,5.95703125,204.634,204.634,204.634,0.0,0.0,5.95703125,204.634,5
11775661.036480848,3.6443099975585938,80889077.25562724,172964.4247841491,1823299.5851320622,11374255.615062123,20.275000000000002,20.275000000000002,20.275000000000002,20.275000000000002,20.275000000000002,20.275000000000002,20.275000000000002,20.275000000000002,20.275000000000002,20.275000000000002,20.275000000000002,41.0,41.0,41.0,0.0,0.0,0.0,5.95703125,5.95703125,5.95703125,228.557,228.557,228.557,41.0,0.0,5.95703125,228.557,5
11775662.036731878,3.6443099975585938,93047604.20879446,198895.071260987,2096625.68290292,13079340.685921732,18.8625,18.8625,18.8625,18.8625,18.8625,18.8625,18.8625,18.8625,18.8625,18.8625,18.8625,43.0,43.0,43.0,0.0,0.0,0.0,5.95703125,5.95703125,5.95703125,227.47,227.47,227.47,43.0,0.0,5.95703125,227.47,5
11775663.037233507,3.6443099975585938,93056924.95103776,198852.24995164113,2096100.5352576706,13076064.66721289,19.4125,19.4125,19.4125,19.4125,19.4125,19.4125,19.4125,19.4125,19.4125,19.4125,19.4125,41.0,41.0,41.0,0.0,0.0,0.0,5.95703125,5.95703125,5.95703125,239.011,239.011,239.011,41.0,0.0,5.95703125,239.011,5
11775664.036577895,3.6443099975585938,93197350.29907899,199090.52613343656,2098527.8199728024,13091206.751939708,18.8875,18.8875,18.8875,18.8875,18.8875,18.8875,18.8875,18.8875,18.8875,18.8875,18.8875,43.0,43.0,43.0,0.0,0.0,0.0,5.95703125,5.95703125,5.95703125,243.618,243.618,243.618,43.0,0.0,5.95703125,243.618,5
11775665.036870727,3.6443099975585938,93147088.54879971,198909.75285291809,2096538.0664981448,13078794.11014663,20.3,20.3,20.3,20.3,20.3,20.3,20.3,20.3,20.3,20.3,20.3,44.0,44.0,44.0,0.0,0.0,0.0,5.95703125,5.95703125,5.95703125,243.81,243.81,243.81,44.0,0.0,5.95703125,243.81,5
11775666.03944124,3.6443099975585938,92968025.5956725,198457.86172993341,2091775.067561886,13049081.183188796,19.65,19.65,19.65,19.65,19.65,19.65,19.65,19.65,19.65,19.65,19.65,42.0,42.0,42.0,0.0,0.0,0.0,5.95703125,5.95703125,5.95703125,234.449,234.449,234.449,42.0,0.0,5.95703125,234.449,5
11775667.038704216,3.6443099975585938,93308418.41393618,199126.76092476264,2098698.788455562,13092273.301420052,19.5625,19.5625,19.5625,19.5625,19.5625,19.5625,19.5625,19.5625,19.5625,19.5625,19.5625,42.0,42.0,42.0,0.0,0.0,0.0,5.95703125,5.95703125,5.95703125,239.156,239.156,239.156,42.0,0.0,5.95703125,239.156,5
11775668.037697896,3.6443138122558594,93366248.33412522,199189.44834934737,2099264.5321335876,13095802.569598984,20.2625,20.2625,20.2625,20.2625,20.2625,20.2625,20.2625,20.2625,20.2625,20.2625,20.2625,41.0,41.0,41.0,0.0,0.0,0.0,5.95703125,5.95703125,5.95703125,241.802,241.802,241.802,41.0,0.0,5.95703125,241.802,5
11775669.037844555,3.6443099975585938,93291252.98962756,198966.8197070597,2096844.478694545,13080705.595606206,19.8,19.8,19.8,19.8,19.8,19.8,19.8,19.8,19.8,19.8,19.8,42.0,42.0,42.0,0.0,0.0,0.0,5.95703125,5.95703125,5.95703125,230.187,230.187,230.187,42.0,0.0,5.95703125,230.187,5
11775670.039352717,3.644317626953125,93197014.85721217,198697.33234798504,2093993.9191457233,13067012.835294113,19.875,19.875,19.875,19.875,19.875,19.875,19.875,19.875,19.875,19.875,19.875,43.0,43.0,43.0,0.0,0.0,0.0,5.95703125,5.95703125,5.95703125,245.34,245.34,245.34,43.0,0.0,5.95703125,245.34,5
11775671.039045865,3.644317626953125,93401623.49009144,199066.08385818973,2097795.7131497716,13090736.920924844,19.4,19.4,19.4,19.4,19.4,19.4,19.4,19.4,19.4,19.4,19.4,41.0,41.0,41.0,0.0,0.0,0.0,5.95703125,5.95703125,5.95703125,244.405,244.405,244.405,41.0,0.0,5.95703125,244.405,5
11775672.039325384,3.644317626953125,93379528.5815344,198957.38748935054,2096565.9684948546,13083063.026056759,19.9125,19.9125,19.9125,19.9125,19.9125,19.9125,19.9125,19.9125,19.9125,19.9125,19.9125,42.0,42.0,42.0,0.0,0.0,0.0,5.95703125,5.95703125,5.95703125,245.803,245.803,245.803,42.0,0.0,5.95703125,245.803,5
11775673.040812455,3.644317626953125,93299546.97787294,198717.49303960323,2094038.0174309718,13067288.018929599,20.0125,20.0125,20.0125,20.0125,20.0125,20.0125,20.0125,20.0125,20.0125,20.0125,20.0125,43.0,43.0,43.0,0.0,0.0,0.0,5.95703125,5.95703125,5.95703125,229.25,229.25,229.25,43.0,0.0,5.95703125,229.25,5
11775674.021732597,3.644317626953125,95289058.75159256,202891.13411711354,2137943.6624257504,13341269.534082565,19.400000000000002,19.400000000000002,19.400000000000002,19.400000000000002,19.400000000000002,19.400000000000002,19.400000000000002,19.400000000000002,19.400000000000002,19.400000000000002,19.400000000000002,41.0,41.0,41.0,0.0,0.0,0.0,5.95703125,5.95703125,5.95703125,236.45,236.45,236.45,41.0,0.0,5.95703125,236.45,5
11775675.039571824,3.644317626953125,91867518.49541749,195540.70500083233,2060396.1260615566,12857354.731966158,20.9,20.9,20.9,20.9,20.9,20.9,20.9,20.9,20.9,20.9,20.9,42.0,42.0,42.0,0.0,0.0,0.0,5.95703125,5.95703125,5.95703125,240.239,240.239,240.239,42.0,0.0,5.95703125,240.239,5
11775676.03800766,3.644329071044922,93688317.86729436,199348.814181701,2100437.42800978,13107221.840803217,20.900000000000002,20.900000000000002,20.900000000000002,20.900000000000002,20.900000000000002,20.900000000000002,20.900000000000002,20.900000000000002,20.900000000000002,20.900000000000002,20.900000000000002,43.0,43.0,43.0,0.0,0.0,0.0,5.95703125,5.95703125,5.95703125,230.788,230.788,230.788,43.0,0.0,5.95703125,230.788,5
11775677.03841031,3.644329071044922,93536785.42601736,198957.88963268738,2096307.921899183,13081452.754820097,19.900000000000002,19.900000000000002,19.900000000000002,19.900000000000002,19.900000000000002,19.900000000000002,19.900000000000002,19.900000000000002,19.900000000000002,19.900000000000002,19.900000000000002,43.0,43.0,43.0,0.0,0.0,0.0,5.95703125,5.95703125,5.95703125,242.626,242.626,242.626,43.0,0.0,5.95703125,242.626,5
11775678.040697321,3.644329071044922,93393529.91432056,198597.80451860637,2092366.7330235536,13056858.812520027,19.325,19.325,19.325,19.325,19.325,19.325,19.325,19.325,19.325,19.325,19.325,42.0,42.0,42.0,0.0,0.0,0.0,5.95703125,5.95703125,5.95703125,242.46,242.46,242.46,42.0,0.0,5.95703125,242.46,5
11775679.038310908,3.644329071044922,93863787.81176688,199537.17821876923,2102168.6436612313,13118025.032221941,19.924999999999997,19.924999999999997,19.924999999999997,19.924999999999997,19.924999999999997,19.924999999999997,19.924999999999997,19.924999999999997,19.924999999999997,19.924999999999997,19.924999999999997,40.0,40.0,40.0,0.0,0.0,0.0,5.95703125,5.95703125,5.95703125,242.706,242.706,242.706,40.0,0.0,5.95703125,242.706,5
11775680.038020488,3.644329071044922,93702402.04282865,199120.8286524151,2097761.23162049,13090521.74810052,20.7875,20.7875,20.7875,20.7875,20.7875,20.7875,20.7875,20.7875,20.7875,20.7875,20.7875,43.0,43.0,43.0,0.0,0.0,0.0,5.95703125,5.95703125,5.95703125,229.935,229.935,229.935,43.0,0.0,5.95703125,229.935,5
11775681.038327249,3.644329071044922,93681860.06901553,199012.9506096973,2096508.8730674416,13082706.73720796,20.75,20.75,20.75,20.75,20.75,20.75,20.75,20.75,20.75,20.75,20.75,38.0,38.0,38.0,0.0,0.0,0.0,5.95703125,5.95703125,5.95703125,237.825,237.825,237.825,38.0,0.0,5.95703125,237.825,5
11775682.029152287,3.644329071044922,94611317.20194362,200925.4835957953,2116571.461879473,13207901.99356429,19.075,19.075,19.075,19.075,19.075,19.075,19.075,19.075,19.075,19.075,19.075,90.0,90.0,90.0,0.0,0.0,0.0,5.95703125,5.95703125,5.95703125,248.435,248.435,248.435,90.0,0.0,5.95703125,248.435,5
11775683.04289244,3.644329071044922,92504916.37707649,196390.5637786331,2068727.3712233624,12909343.65441141,19.7375,19.7375,19.7375,19.7375,19.7375,19.7375,19.7375,19.7375,19.7375,19.7375,19.7375,61.0,61.0,61.0,0.0,0.0,0.0,5.95703125,5.95703125,5.95703125,247.046,247.046,247.046,61.0,0.0,5.95703125,247.046,5
11775684.039109746,3.6443405151367188,94164828.66617772,199844.9521609126,2105115.0044159256,13136411.013884535,19.862499999999997,19.862499999999997,19.862499999999997,19.862499999999997,19.862499999999997,19.862499999999997,19.862499999999997,19.862499999999997,19.862499999999997,19.862499999999997,19.862499999999997,41.0,41.0,41.0,0.0,0.0,0.0,5.95703125,5.95703125,5.95703125,227.892,227.892,227.892,41.0,0.0,5.95703125,227.892,5
11775685.026270244,3.6443405151367188,95061873.08330624,201688.58088187274,2124428.6047322247,13256932.406483317,18.9625,18.9625,18.9625,18.9625,18.9625,18.9625,18.9625,18.9625,18.9625,18.9625,18.9625,44.0,44.0,44.0,0.0,0.0,0.0,5.95703125,5.95703125,5.95703125,238.421,238.421,238.421,44.0,0.0,5.95703125,238.421,5
11775686.040720375,3.6443519592285156,92536847.43371902,196270.86035942717,2067279.5398679776,12900308.847418336,19.825,19.825,19.825,19.825,19.825,19.825,19.825,19.825,19.825,19.825,19.825,43.0,43.0,43.0,0.0,0.0,0.0,5.95703125,5.95703125,5.95703125,245.397,245.397,245.397,43.0,0.0,5.95703125,245.397,5
11775687.041060125,3.6443519592285156,93880297.15021928,199052.3719167293,2096439.7341799552,13082275.29434562,20.075,20.075,20.075,20.075,20.075,20.075,20.075,20.075,20.075,20.075,20.075,42.0,42.0,42.0,0.0,0.0,0.0,5.95703125,5.95703125,5.95703125,231.097,231.097,231.097,42.0,0.0,5.95703125,231.097,5
11775688.039713765,3.644359588623047,94071531.23070498,199388.4488098055,2099979.3300441005,13104363.202130664,19.9625,19.9625,19.9625,19.9625,19.9625,19.9625,19.9625,19.9625,19.9625,19.9625,19.9625,44.0,44.0,44.0,0.0,0.0,0.0,5.95703125,5.95703125,5.95703125,241.439,241.439,241.439,44.0,0.0,5.95703125,241.439,5
11775689.040150804,3.644359588623047,93936513.99701245,199041.01113998925,2096235.8613266377,13081003.079958217,19.349999999999998,19.349999999999998,19.349999999999998,19.349999999999998,19.349999999999998,19.349999999999998,19.349999999999998,19.349999999999998,19.349999999999998,19.349999999999998,19.349999999999998,43.0,43.0,43.0,0.0,0.0,0.0,5.95703125,5.95703125,5.95703125,238.031,238.031,238.031,43.0,0.0,5.95703125,238.031,5
11775690.040511593,3.644359588623047,93976353.3863506,199064.17987790366,2096395.6439785142,13086094.683897132,19.7625,19.7625,19.7625,19.7625,19.7625,19.7625,19.7625,19.7625,19.7625,19.7625,19.7625,41.0,41.0,41.0,0.0,0.0,0.0,5.95703125,5.95703125,5.95703125,240.717,240.717,240.717,41.0,0.0,5.95703125,240.717,5
11775691.041640945,3.644359588623047,93936855.26631096,198911.35914698138,2094786.24988857,13076048.54422631,20.3,20.3,20.3,20.3,20.3,20.3,20.3,20.3,20.3,20.3,20.3,42.0,42.0,42.0,0.0,0.0,0.0,5.95703125,5.95703125,5.95703125,229.059,229.059,229.059,42.0,0.0,5.95703125,229.059,5
11775692.040617352,3.644359588623047,94177515.39158362,199350.05320485687,2099300.8284307593,13104229.389970131,21.75,21.75,21.75,21.75,21.75,21.75,21.75,21.75,21.75,21.75,21.75,47.0,47.0,47.0,0.0,0.0,0.0,5.95703125,5.95703125,5.95703125,245.662,245.662,245.662,47.0,0.0,5.95703125,245.662,5
11775693.0286758,3.644359588623047,95251246.73135424,201559.93851963608,2122497.9196212552,13249029.982635805,19.25,19.25,19.25,19.25,19.25,19.25,19.25,19.25,19.25,19.25,19.25,84.0,84.0,84.0,0.0,0.0,0.0,5.95703125,5.95703125,5.95703125,250.008,250.008,250.008,84.0,0.0,5.95703125,250.008,5
11775694.042590523,3.644359588623047,92854453.99801226,196426.77583444602,2068371.1879632464,12911160.774864327,20.0125,20.0125,20.0125,20.0125,20.0125,20.0125,20.0125,20.0125,20.0125,20.0125,20.0125,40.0,40.0,40.0,0.0,0.0,0.0,5.95703125,5.95703125,5.95703125,247.237,247.237,247.237,40.0,0.0,5.95703125,247.237,5
11775695.043020552,3.644359588623047,94138699.63990174,199074.39226094395,2096250.551711303,13085188.990760399,20.0625,20.0625,20.0625,20.0625,20.0625,20.0625,20.0625,20.0625,20.0625,20.0625,20.0625,42.0,42.0,42.0,0.0,0.0,0.0,5.95703125,5.95703125,5.95703125,229.065,229.065,229.065,42.0,0.0,5.95703125,229.065,5
11775696.014331324,3.644359588623047,96994575.49085115,205052.80672378102,2159094.7618938135,13477474.334009038,19.1,19.1,19.1,19.1,19.1,19.1,19.1,19.1,19.1,19.1,19.1,43.0,43.0,43.0,0.0,0.0,0.0,5.95703125,5.95703125,5.95703125,238.903,238.903,238.903,43.0,0.0,5.95703125,238.903,5
11775697.04147492,3.644359588623047,91759369.76180997,193916.41132364093,2041732.050608476,12744874.284657596,21.6875,21.6875,21.6875,21.6875,21.6875,21.6875,21.6875,21.6875,21.6875,21.6875,21.6875,40.0,40.0,40.0,0.0,0.0,0.0,5.95703125,5.95703125,5.95703125,242.066,242.066,242.066,40.0,0.0,5.95703125,242.066,5
11775698.040784728,3.644359588623047,94347860.13679063,199326.57360333443,2098600.437199745,13099857.416582782,19.8625,19.8625,19.8625,19.8625,19.8625,19.8625,19.8625,19.8625,19.8625,19.8625,19.8625,44.0,44.0,44.0,0.0,0.0,0.0,5.95703125,5.95703125,5.95703125,228.343,228.343,228.343,44.0,0.0,5.95703125,228.343,5
11775699.040808499,3.644359588623047,94313188.07390697,199185.26515164625,2097102.1496224971,13090504.82459668,20.175,20.175,20.175,20.175,20.175,20.175,20.175,20.175,20.175,20.175,20.175,42.0,42.0,42.0,0.0,0.0,0.0,5.95703125,5.95703125,5.95703125,242.518,242.518,242.518,42.0,0.0,5.95703125,242.518,5
11775700.042089768,3.644359588623047,94227390.37568548,198943.1003936559,2094468.4227590454,13074064.607691228,19.275,19.275,19.275,19.275,19.275,19.275,19.275,19.275,19.275,19.275,19.275,43.0,43.0,43.0,0.0,0.0,0.0,5.95703125,5.95703125,5.95703125,240.041,240.041,240.041,43.0,0.0,5.95703125,240.041,5
11775701.041351097,3.644359588623047,94450579.90898496,199352.25573996277,2098702.250593983,13100492.95487963,20.1875,20.1875,20.1875,20.1875,20.1875,20.1875,20.1875,20.1875,20.1875,20.1875,20.1875,42.0,42.0,42.0,0.0,0.0,0.0,5.95703125,5.95703125,5.95703125,241.306,241.306,241.306,42.0,0.0,5.95703125,241.306,5
11775702.043181228,3.6443748474121094,94241022.6004541,198842.0929582574,2093320.9488248115,13066901.860242378,19.7375,19.7375,19.7375,19.7375,19.7375,19.7375,19.7375,19.7375,19.7375,19.7375,19.7375,42.0,42.0,42.0,0.0,0.0,0.0,5.95703125,5.95703125,5.95703125,227.135,227.135,227.135,42.0,0.0,5.95703125,227.135,5
11775703.010577856,3.6443748474121094,97634891.6828185,205928.97908779784,2167830.586812908,13532004.991121197,19.262500000000003,19.262500000000003,19.262500000000003,19.262500000000003,19.262500000000003,19.262500000000003,19.262500000000003,19.262500000000003,19.262500000000003,19.262500000000003,19.262500000000003,43.0,43.0,43.0,0.0,0.0,0.0,5.95703125,5.95703125,5.95703125,243.386,243.386,243.386,43.0,0.0,5.95703125,243.386,5
11775704.040839324,3.6443748474121094,91709104.84536576,193371.30054881258,2035553.1725179492,12706304.569076886,19.5125,19.5125,19.5125,19.5125,19.5125,19.5125,19.5125,19.5125,19.5125,19.5125,19.5125,41.0,41.0,41.0,0.0,0.0,0.0,5.95703125,5.95703125,5.95703125,246.849,246.849,246.849,41.0,0.0,5.95703125,246.849,5
11775705.042653546,3.6443748474121094,94345883.62578045,198869.20711662766,2093354.1908500222,13067109.363196623,19.7125,19.7125,19.7125,19.7125,19.7125,19.7125,19.7125,19.7125,19.7125,19.7125,19.7125,41.0,41.0,41.0,0.0,0.0,0.0,5.95703125,5.95703125,5.95703125,243.205,243.205,243.205,41.0,0.0,5.95703125,243.205,5
11775706.042411536,3.644390106201172,94572619.49684763,199278.22727574685,2097659.654107248,13093984.872122588,19.95,19.95,19.95,19.95,19.95,19.95,19.95,19.95,19.95,19.95,19.95,41.0,41.0,41.0,0.0,0.0,0.0,5.95703125,5.95703125,5.95703125,232.415,232.415,232.415,41.0,0.0,5.95703125,232.415,5
11775707.043132056,3.6443939208984375,94514326.57781936,199097.54632103967,2095642.0488868305,13081390.602035763,19.4875,19.4875,19.4875,19.4875,19.4875,19.4875,19.4875,19.4875,19.4875,19.4875,19.4875,43.0,43.0,43.0,0.0,0.0,0.0,5.95703125,5.95703125,5.95703125,241.412,241.412,241.412,43.0,0.0,5.95703125,241.412,5
11775708.041867483,3.6443939208984375,94740405.07712963,199502.28503222726,2099807.357891621,13111492.428084984,22.4125,22.4125,22.4125,22.4125,22.4125,22.4125,22.4125,22.4125,22.4125,22.4125,22.4125,40.0,40.0,40.0,0.0,0.0,0.0,5.95703125,5.95703125,5.95703125,241.624,241.624,241.624,40.0,0.0,5.95703125,241.624,5
11775709.043511463,3.6443939208984375,94497927.30484617,198923.97298242495,2093709.9828258753,13073419.5607311,19.5125,19.5125,19.5125,19.5125,19.5125,19.5125,19.5125,19.5125,19.5125,19.5125,19.5125,80.0,80.0,80.0,0.0,0.0,0.0,5.95703125,5.95703125,5.95703125,233.935,233.935,233.935,80.0,0.0,5.95703125,233.935,5
11775710.033021824,3.6443939208984375,95689688.27597056,201373.3335520019,2119383.568311149,13233729.038849108,19.3375,19.3375,19.3375,19.3375,19.3375,19.3375,19.3375,19.3375,19.3375,19.3375,19.3375,92.0,92.0,92.0,0.0,0.0,0.0,5.95703125,5.95703125,5.95703125,252.809,252.809,252.809,92.0,0.0,5.95703125,252.809,5
11775711.027588207,3.6444053649902344,95236061.29688732,200365.7105631362,2108609.376089073,13199400.488995075,19.6625,19.6625,19.6625,19.6625,19.6625,19.6625,19.6625,19.6625,19.6625,19.6625,19.6625,83.0,83.0,83.0,0.0,0.0,0.0,5.95703125,5.95703125,5.95703125,257.54,257.54,257.54,83.0,0.0,5.95703125,257.54,5
11775712.0307659,3.6444053649902344,94451091.41722348,198653.73938036332,2090509.0039341028,13086096.401579687,19.7,19.7,19.7,19.7,19.7,19.7,19.7,19.7,19.7,19.7,19.7,88.0,88.0,88.0,0.0,0.0,0.0,5.95703125,5.95703125,5.95703125,263.178,263.178,263.178,88.0,0.0,5.95703125,263.178,5
11775713.03047444,3.6444053649902344,94814254.6693335,199351.10309678182,2097763.416485387,13131507.323897783,18.9125,18.9125,18.9125,18.9125,18.9125,18.9125,18.9125,18.9125,18.9125,18.9125,18.9125,91.0,91.0,91.0,0.0,0.0,0.0,5.95703125,5.95703125,5.95703125,257.7,257.7,257.7,91.0,0.0,5.95703125,257.7,5
11775714.045156112,3.6444091796875,93447310.17936333,196417.26599250862,2066807.8043297397,12937732.44702503,19.575,19.575,19.575,19.575,19.575,19.575,19.575,19.575,19.575,19.575,19.575,60.0,60.0,60.0,0.0,0.0,0.0,5.95703125,5.95703125,5.95703125,237.23,237.23,237.23,60.0,0.0,5.95703125,237.23,5
11775715.03295436,3.6444091796875,96023556.67401652,201762.86049014627,2123057.0162850725,13289839.330456361,18.975,18.975,18.975,18.975,18.975,18.975,18.975,18.975,18.975,18.975,18.975,91.0,91.0,91.0,0.0,0.0,0.0,5.95703125,5.95703125,5.95703125,253.768,253.768,253.768,91.0,0.0,5.95703125,253.768,5
11775716.030586308,3.644420623779297,95109768.83634363,199781.0919261411,2102129.9521097527,13158840.813499527,19.3625,19.3625,19.3625,19.3625,19.3625,19.3625,19.3625,19.3625,19.3625,19.3625,19.3625,90.0,90.0,90.0,0.0,0.0,0.0,5.95703125,5.95703125,5.95703125,258.195,258.195,258.195,90.0,0.0,5.95703125,258.195,5
11775717.030687686,3.644420623779297,94907565.44303182,199294.79585481065,2096939.4160826223,13126349.274501571,19.25,19.25,19.25,19.25,19.25,19.25,19.25,19.25,19.25,19.25,19.25,83.0,83.0,83.0,0.0,0.0,0.0,5.95703125,5.95703125,5.95703125,260.645,260.645,260.645,83.0,0.0,5.95703125,260.645,5
11775718.031042716,3.644420623779297,94916142.97124363,199258.25744473888,2096407.7134624114,13123020.940716853,19.2125,19.2125,19.2125,19.2125,19.2125,19.2125,19.2125,19.2125,19.2125,19.2125,19.2125,86.0,86.0,86.0,0.0,0.0,0.0,5.95703125,5.95703125,5.95703125,257.853,257.853,257.853,86.0,0.0,5.95703125,257.853,5
11775719.042798975,3.644420623779297,93881526.37165834,197020.77258236296,2072783.8146588323,12975140.871057728,20.5375,20.5375,20.5375,20.5375,20.5375,20.5375,20.5375,20.5375,20.5375,20.5375,20.5375,63.0,63.0,63.0,0.0,0.0,0.0,5.95703125,5.95703125,5.95703125,245.743,245.743,245.743,63.0,0.0,5.95703125,245.743,5
11775720.034537477,3.644420623779297,95809382.02408612,200999.5574547375,2114621.945105161,13237037.761839924,19.4625,19.4625,19.4625,19.4625,19.4625,19.4625,19.4625,19.4625,19.4625,19.4625,19.4625,86.0,86.0,86.0,0.0,0.0,0.0,5.95703125,5.95703125,5.95703125,243.04,243.04,243.04,86.0,0.0,5.95703125,243.04,5
11775721.032082316,3.644420623779297,95284442.73197442,199836.63128023152,2102313.5200234773,13159989.905615713,19.1375,19.1375,19.1375,19.1375,19.1375,19.1375,19.1375,19.1375,19.1375,19.1375,19.1375,76.0,76.0,76.0,0.0,0.0,0.0,5.95703125,5.95703125,5.95703125,250.892,250.892,250.892,76.0,0.0,5.95703125,250.892,5
11775722.042807296,3.644428253173828,94074203.01798123,197238.61967301767,2074898.751590178,12992432.41718381,19.3625,19.3625,19.3625,19.3625,19.3625,19.3625,19.3625,19.3625,19.3625,19.3625,19.3625,72.0,72.0,72.0,0.0,0.0,0.0,5.95703125,5.95703125,5.95703125,245.319,245.319,245.319,72.0,0.0,5.95703125,245.319,5
11775723.043194424,3.644428253173828,95078982.22169557,199283.85155292775,2096340.4469877537,13126694.283286598,19.9875,19.9875,19.9875,19.9875,19.9875,19.9875,19.9875,19.9875,19.9875,19.9875,19.9875,41.0,41.0,41.0,0.0,0.0,0.0,5.95703125,5.95703125,5.95703125,243.334,243.334,243.334,41.0,0.0,5.95703125,243.334,5
11775724.044345217,3.644428253173828,95041817.59249134,199134.83712998868,2094741.3873960697,13116681.421858983,19.9375,19.9375,19.9375,19.9375,19.9375,19.9375,19.9375,19.9375,19.9375,19.9375,19.9375,42.0,42.0,42.0,0.0,0.0,0.0,5.95703125,5.95703125,5.95703125,227.32,227.32,227.32,42.0,0.0,5.95703125,227.32,5
11775725.042387951,3.644428253173828,95373241.7710172,199762.98923900977,2101264.733305418,13157528.779252287,19.875,19.875,19.875,19.875,19.875,19.875,19.875,19.875,19.875,19.875,19.875,41.0,41.0,41.0,0.0,0.0,0.0,5.95703125,5.95703125,5.95703125,240.097,240.097,240.097,41.0,0.0,5.95703125,240.097,5
11775726.045515863,3.644428253173828,94922305.37630491,198757.30462994892,2090612.747176516,13090829.037984202,19.6125,19.6125,19.6125,19.6125,19.6125,19.6125,19.6125,19.6125,19.6125,19.6125,19.6125,41.0,41.0,41.0,0.0,0.0,0.0,5.95703125,5.95703125,5.95703125,242.661,242.661,242.661,41.0,0.0,5.95703125,242.661,5
11775727.044404764,3.644428253173828,95357809.01358078,199607.7841084171,2099484.7364335265,13146382.939464623,19.775000000000002,19.775000000000002,19.775000000000002,19.775000000000002,19.775000000000002,19.775000000000002,19.775000000000002,19.775000000000002,19.775000000000002,19.775000000000002,19.775000000000002,58.0,58.0,58.0,0.0,0.0,0.0,5.95703125,5.95703125,5.95703125,247.326,247.326,247.326,58.0,0.0,5.95703125,247.326,5
11775728.045207513,3.6444473266601562,95208064.74812128,199227.07051538446,2095469.8620545953,13121242.925287172,19.525,19.525,19.525,19.525,19.525,19.525,19.525,19.525,19.525,19.525,19.525,43.0,43.0,43.0,0.0,0.0,0.0,5.95703125,5.95703125,5.95703125,230.953,230.953,230.953,43.0,0.0,5.95703125,230.953,5
11775729.03271163,3.6444473266601562,96526057.30005191,201924.2214070336,2123689.3735347535,13297945.569438318,20.1875,20.1875,20.1875,20.1875,20.1875,20.1875,20.1875,20.1875,20.1875,20.1875,20.1875,73.0,73.0,73.0,0.0,0.0,0.0,5.95703125,5.95703125,5.95703125,242.193,242.193,242.193,73.0,0.0,5.95703125,242.193,5
11775730.046754174,3.6444473266601562,94034775.59692605,196652.49878116755,2068110.4692946489,12949926.102653602,21.325,21.325,21.325,21.325,21.325,21.325,21.325,21.325,21.325,21.325,21.325,40.0,40.0,40.0,0.0,0.0,0.0,5.95703125,5.95703125,5.95703125,241.583,241.583,241.583,40.0,0.0,5.95703125,241.583,5
11775731.047260543,3.6444473266601562,95339632.92756006,199320.0704161246,2096090.603864771,13125129.835918859,20.025,20.025,20.025,20.025,20.025,20.025,20.025,20.025,20.025,20.025,20.025,41.0,41.0,41.0,0.0,0.0,0.0,5.95703125,5.95703125,5.95703125,229.711,229.711,229.711,41.0,0.0,5.95703125,229.711,5
11775732.04407953,3.644458770751953,95725072.81688242,200058.38857688993,2103844.358800944,13173681.668585598,20.3125,20.3125,20.3125,20.3125,20.3125,20.3125,20.3125,20.3125,20.3125,20.3125,20.3125,41.0,41.0,41.0,0.0,0.0,0.0,5.95703125,5.95703125,5.95703125,242.034,242.034,242.034,41.0,0.0,5.95703125,242.034,5
11775733.042949207,3.644458770751953,95561251.98493326,199654.67406939017,2099525.1394429584,13146635.931746336,19.3375,19.3375,19.3375,19.3375,19.3375,19.3375,19.3375,19.3375,19.3375,19.3375,19.3375,72.0,72.0,72.0,0.0,0.0,0.0,5.95703125,5.95703125,5.95703125,241.237,241.237,241.237,72.0,0.0,5.95703125,241.237,5
11775734.04442046,3.644458770751953,95348361.42653108,199145.0072882961,2094071.0913901299,13112484.21679054,20.775000000000002,20.775000000000002,20.775000000000002,20.775000000000002,20.775000000000002,20.775000000000002,20.775000000000002,20.775000000000002,20.775000000000002,20.775000000000002,20.775000000000002,40.0,40.0,40.0,0.0,0.0,0.0,5.95703125,5.95703125,5.95703125,244.804,244.804,244.804,40.0,0.0,5.95703125,244.804,5
11775735.044017488,3.644458770751953,95562551.0420817,199519.4007523439,2097997.434436492,13137069.872662878,21.137500000000003,21.137500000000003,21.137500000000003,21.137500000000003,21.137500000000003,21.137500000000003,21.137500000000003,21.137500000000003,21.137500000000003,21.137500000000003,21.137500000000003,39.0,39.0,39.0,0.0,0.0,0.0,5.95703125,5.95703125,5.95703125,229.823,229.823,229.823,39.0,0.0,5.95703125,229.823,5
11775736.043458257,3.644458770751953,95610180.2021532,199560.60052735233,2098325.449198231,13139123.808846736,19.9,19.9,19.9,19.9,19.9,19.9,19.9,19.9,19.9,19.9,19.9,41.0,41.0,41.0,0.0,0.0,0.0,5.95703125,5.95703125,5.95703125,240.853,240.853,240.853,41.0,0.0,5.95703125,240.853,5
11775737.044337047,3.6444625854492188,95505451.72649857,199282.87212639189,2095310.6611196692,13120246.05380793,19.575,19.575,19.575,19.575,19.575,19.575,19.575,19.575,19.575,19.575,19.575,89.0,89.0,89.0,0.0,0.0,0.0,5.95703125,5.95703125,5.95703125,240.104,240.104,240.104,89.0,0.0,5.95703125,240.104,5
11775738.044476585,3.6444625854492188,95608706.93325359,199437.1708964174,2096859.4080152586,13129943.871283045,19.674999999999997,19.674999999999997,19.674999999999997,19.674999999999997,19.674999999999997,19.674999999999997,19.674999999999997,19.674999999999997,19.674999999999997,19.674999999999997,19.674999999999997,69.0,69.0,69.0,0.0,0.0,0.0,5.95703125,5.95703125,5.95703125,241.274,241.274,241.274,69.0,0.0,5.95703125,241.274,5
11775739.045433296,3.6444625854492188,95566006.00549228,199275.35119346995,2095147.5504902485,13119224.70092136,20.0125,20.0125,20.0125,20.0125,20.0125,20.0125,20.0125,20.0125,20.0125,20.0125,20.0125,44.0,44.0,44.0,0.0,0.0,0.0,5.95703125,5.95703125,5.95703125,233.095,233.095,233.095,44.0,0.0,5.95703125,233.095,5
11775740.045192355,3.6444625854492188,95713169.18847282,199527.07417309395,2097657.4108364903,13134940.740511306,19.400000000000002,19.400000000000002,19.400000000000002,19.400000000000002,19.400000000000002,19.400000000000002,19.400000000000002,19.400000000000002,19.400000000000002,19.400000000000002,19.400000000000002,69.0,69.0,69.0,0.0,0.0,0.0,5.95703125,5.95703125,5.95703125,243.081,243.081,243.081,69.0,0.0,5.95703125,243.081,5
11775741.045946276,3.6444625854492188,95653372.95881099,199336.7159583906,2095572.1051776344,13121883.142967766,20.287499999999998,20.287499999999998,20.287499999999998,20.287499999999998,20.287499999999998,20.287499999999998,20.287499999999998,20.287499999999998,20.287499999999998,20.287499999999998,20.287499999999998,41.0,41.0,41.0,0.0,0.0,0.0,5.95703125,5.95703125,5.95703125,242.585,242.585,242.585,41.0,0.0,5.95703125,242.585,5
11775742.044557285,3.6444625854492188,95891328.21599516,199765.47249366302,2100068.9774373914,13154142.9895346,20.099999999999998,20.099999999999998,20.099999999999998,20.099999999999998,20.099999999999998,20.099999999999998,20.099999999999998,20.099999999999998,20.099999999999998,20.099999999999998,20.099999999999998,43.0,43.0,43.0,0.0,0.0,0.0,5.95703125,5.95703125,5.95703125,229.366,229.366,229.366,43.0,0.0,5.95703125,229.366,5
11775743.044739025,3.6444625854492188,95773363.13463174,199458.75033682378,2096770.932536508,13133485.118446447,20.15,20.15,20.15,20.15,20.15,20.15,20.15,20.15,20.15,20.15,20.15,45.0,45.0,45.0,0.0,0.0,0.0,5.95703125,5.95703125,5.95703125,239.601,239.601,239.601,45.0,0.0,5.95703125,239.601,5
11775744.045845674,3.6444625854492188,95717468.29843171,199288.45750080416,2094833.7529872158,13121351.26138672,20.150000000000002,20.150000000000002,20.150000000000002,20.150000000000002,20.150000000000002,20.150000000000002,20.150000000000002,20.150000000000002,20.150000000000002,20.150000000000002,20.150000000000002,55.0,55.0,55.0,0.0,0.0,0.0,5.95703125,5.95703125,5.95703125,246.824,246.824,246.824,55.0,0.0,5.95703125,246.824,5
11775745.035141481,3.6444854736328125,96895943.91013563,201678.80894828538,2119843.211424993,13278002.302812407,19.675,19.675,19.675,19.675,19.675,19.675,19.675,19.675,19.675,19.675,19.675,89.0,89.0,89.0,0.0,0.0,0.0,5.95703125,5.95703125,5.95703125,251.608,251.608,251.608,89.0,0.0,5.95703125,251.608,5
11775746.044799222,3.6444854736328125,94976836.35217105,197612.50964393574,2077091.9844266977,13010222.644641444,20.6625,20.6625,20.6625,20.6625,20.6625,20.6625,20.6625,20.6625,20.6625,20.6625,20.6625,45.0,45.0,45.0,0.0,0.0,0.0,5.95703125,5.95703125,5.95703125,230.11,230.11,230.11,45.0,0.0,5.95703125,230.11,5
11775747.046040922,3.644512176513672,95807756.43948656,199281.55195270685,2094551.194266112,13119581.406272307,19.887500000000003,19.887500000000003,19.887500000000003,19.887500000000003,19.887500000000003,19.887500000000003,19.887500000000003,19.887500000000003,19.887500000000003,19.887500000000003,19.887500000000003,45.0,45.0,45.0,0.0,0.0,0.0,5.95703125,5.95703125,5.95703125,239.917,239.917,239.917,45.0,0.0,5.95703125,239.917,5
11775748.048951654,3.644512176513672,95680858.72393027,198960.8783319631,2091065.470159532,13097747.974221913,19.325,19.325,19.325,19.325,19.325,19.325,19.325,19.325,19.325,19.325,19.325,51.0,51.0,51.0,0.0,0.0,0.0,5.95703125,5.95703125,5.95703125,247.94,247.94,247.94,51.0,0.0,5.95703125,247.94,5
11775749.035988891,3.644512176513672,97252674.29667924,202167.65120046763,2124693.9019397087,13308385.436563762,19.2125,19.2125,19.2125,19.2125,19.2125,19.2125,19.2125,19.2125,19.2125,19.2125,19.2125,88.0,88.0,88.0,0.0,0.0,0.0,5.95703125,5.95703125,5.95703125,255.003,255.003,255.003,88.0,0.0,5.95703125,255.003,5
11775750.04612394,3.644512176513672,95063906.6479552,197546.8529653251,2076110.5181681565,13004075.062041558,21.1375,21.1375,21.1375,21.1375,21.1375,21.1375,21.1375,21.1375,21.1375,21.1375,21.1375,45.0,45.0,45.0,0.0,0.0,0.0,5.95703125,5.95703125,5.95703125,234.05,234.05,234.05,45.0,0.0,5.95703125,234.05,5
11775751.04575934,3.644512176513672,96097819.2408175,199629.78496958184,2097916.8999760896,13140663.08246742,20.4125,20.4125,20.4125,20.4125,20.4125,20.4125,20.4125,20.4125,20.4125,20.4125,20.4125,42.0,42.0,42.0,0.0,0.0,0.0,5.958984375,5.958984375,5.958984375,241.381,241.381,241.381,42.0,0.0,5.958984375,241.381,5
11775752.04661684,3.644512176513672,96013141.8751718,199394.01992764694,2095355.236034899,13124617.660085784,20.3375,20.3375,20.3375,20.3375,20.3375,20.3375,20.3375,20.3375,20.3375,20.3375,20.3375,71.0,71.0,71.0,0.0,0.0,0.0,5.958984375,5.958984375,5.958984375,240.143,240.143,240.143,71.0,0.0,5.958984375,240.143,5
11775753.047301808,3.644512176513672,96062364.2462076,199435.39291298794,2095716.4988989362,13126880.492126735,19.875,19.875,19.875,19.875,19.875,19.875,19.875,19.875,19.875,19.875,19.875,63.0,63.0,63.0,0.0,0.0,0.0,5.958984375,5.958984375,5.958984375,236.172,236.172,236.172,63.0,0.0,5.958984375,236.172,5
11775754.045855056,3.644512176513672,96300170.45242155,199863.15239099783,2100190.4544834793,13159005.816373048,19.7375,19.7375,19.7375,19.7375,19.7375,19.7375,19.7375,19.7375,19.7375,19.7375,19.7375,46.0,46.0,46.0,0.0,0.0,0.0,5.958984375,5.958984375,5.958984375,242.751,242.751,242.751,46.0,0.0,5.958984375,242.751,5
11775755.045760456,3.644512176513672,96205363.02944362,199600.88224781977,2097350.409394533,13141211.15886262,19.425,19.425,19.425,19.425,19.425,19.425,19.425,19.425,19.425,19.425,19.425,70.0,70.0,70.0,0.0,0.0,0.0,5.958984375,5.958984375,5.958984375,243.836,243.836,243.836,70.0,0.0,5.958984375,243.836,5
11775756.047276288,3.644512176513672,96083325.83940476,199287.91304438747,2093977.8817418872,13120080.165289013,19.662499999999998,19.662499999999998,19.662499999999998,19.662499999999998,19.662499999999998,19.662499999999998,19.662499999999998,19.662499999999998,19.662499999999998,19.662499999999998,19.662499999999998,39.0,39.0,39.0,0.0,0.0,0.0,5.958984375,5.958984375,5.958984375,244.628,244.628,244.628,39.0,0.0,5.958984375,244.628,5
11775757.046729716,3.644512176513672,96317041.2681862,199700.1506565148,2098298.8729432253,13147153.875784896,19.775,19.775,19.775,19.775,19.775,19.775,19.775,19.775,19.775,19.775,19.775,44.0,44.0,44.0,0.0,0.0,0.0,5.958984375,5.958984375,5.958984375,231.064,231.064,231.064,44.0,0.0,5.958984375,231.064,5
11775758.050192688,3.644512176513672,95964764.69541016,198909.18304481314,2089914.6837182534,13094621.69017218,19.787499999999998,19.787499999999998,19.787499999999998,19.787499999999998,19.787499999999998,19.787499999999998,19.787499999999998,19.787499999999998,19.787499999999998,19.787499999999998,19.787499999999998,42.0,42.0,42.0,0.0,0.0,0.0,5.958984375,5.958984375,5.958984375,239.404,239.404,239.404,42.0,0.0,5.958984375,239.404,5
11775759.049510667,3.644512176513672,96395527.73179616,199746.2310363307,2098583.276941551,13148935.844586905,20.037499999999998,20.037499999999998,20.037499999999998,20.037499999999998,20.037499999999998,20.037499999999998,20.037499999999998,20.037499999999998,20.037499999999998,20.037499999999998,20.037499999999998,71.0,71.0,71.0,0.0,0.0,0.0,5.958984375,5.958984375,5.958984375,243.543,243.543,243.543,71.0,0.0,5.958984375,243.543,5
11775760.046843303,3.644512176513672,96620198.21259268,200152.88053460413,2102760.827971817,13175110.812760916,19.9875,19.9875,19.9875,19.9875,19.9875,19.9875,19.9875,19.9875,19.9875,19.9875,19.9875,89.0,89.0,89.0,0.0,0.0,0.0,5.958984375,5.958984375,5.958984375,228.039,228.039,228.039,89.0,0.0,5.958984375,228.039,5
11775761.046890425,3.644512176513672,96393359.8295034,199611.59406275564,2097053.184343812,13139348.858154196,20.175,20.175,20.175,20.175,20.175,20.175,20.175,20.175,20.175,20.175,20.175,43.0,43.0,43.0,0.0,0.0,0.0,5.958984375,5.958984375,5.958984375,226.709,226.709,226.709,43.0,0.0,5.958984375,226.709,5
11775762.047699943,3.644512176513672,96355333.56330836,199468.5265136091,2095455.6896011038,13129339.555156916,20.6625,20.6625,20.6625,20.6625,20.6625,20.6625,20.6625,20.6625,20.6625,20.6625,20.6625,73.0,73.0,73.0,0.0,0.0,0.0,5.958984375,5.958984375,5.958984375,242.847,242.847,242.847,73.0,0.0,5.958984375,242.847,5
11775763.047808504,3.644512176513672,96455552.73241174,199615.3296505771,2096924.3567443264,13138541.672726171,19.700000000000003,19.700000000000003,19.700000000000003,19.700000000000003,19.700000000000003,19.700000000000003,19.700000000000003,19.700000000000003,19.700000000000003,19.700000000000003,19.700000000000003,42.0,42.0,42.0,0.0,0.0,0.0,5.958984375,5.958984375,5.958984375,239.706,239.706,239.706,42.0,0.0,5.958984375,239.706,5
11775764.047932811,3.644512176513672,96486715.99209002,199612.18673817377,2096891.34099558,13138334.80842543,20.0875,20.0875,20.0875,20.0875,20.0875,20.0875,20.0875,20.0875,20.0875,20.0875,20.0875,43.0,43.0,43.0,0.0,0.0,0.0,5.958984375,5.958984375,5.958984375,227.943,227.943,227.943,43.0,0.0,5.958984375,227.943,5
11775765.049619364,3.644512176513672,96368872.8327982,199310.85177679235,2093620.9981888216,13117844.066776834,19.8875,19.8875,19.8875,19.8875,19.8875,19.8875,19.8875,19.8875,19.8875,19.8875,19.8875,45.0,45.0,45.0,0.0,0.0,0.0,5.958984375,5.958984375,5.958984375,239.209,239.209,239.209,45.0,0.0,5.958984375,239.209,5
11775766.047853053,3.644512176513672,96734962.02797484,200010.28035926327,2100862.7770425766,13163218.337407393,20.0375,20.0375,20.0375,20.0375,20.0375,20.0375,20.0375,20.0375,20.0375,20.0375,20.0375,72.0,72.0,72.0,0.0,0.0,0.0,5.958984375,5.958984375,5.958984375,241.752,241.752,241.752,72.0,0.0,5.958984375,241.752,5
11775767.048808971,3.644512176513672,96504538.49699761,199474.31874783154,2095149.207475784,13127419.25309046,19.95,19.95,19.95,19.95,19.95,19.95,19.95,19.95,19.95,19.95,19.95,88.0,88.0,88.0,0.0,0.0,0.0,5.958984375,5.958984375,5.958984375,231.366,231.366,231.366,88.0,0.0,5.958984375,231.366,5
11775768.04806561,3.644512176513672,96701357.03583704,199813.5336261267,2098712.1011248785,13149743.008610567,19.8,19.8,19.8,19.8,19.8,19.8,19.8,19.8,19.8,19.8,19.8,44.0,44.0,44.0,0.0,0.0,0.0,5.958984375,5.958984375,5.958984375,231.479,231.479,231.479,44.0,0.0,5.958984375,231.479,5
11775769.047134507,3.644512176513672,96752254.29318435,199862.09215011483,2099106.483887886,13152214.063110039,19.525000000000002,19.525000000000002,19.525000000000002,19.525000000000002,19.525000000000002,19.525000000000002,19.525000000000002,19.525000000000002,19.525000000000002,19.525000000000002,19.525000000000002,71.0,71.0,71.0,0.0,0.0,0.0,5.958984375,5.958984375,5.958984375,242.743,242.743,242.743,71.0,0.0,5.958984375,242.743,5
11775770.04947689,3.644512176513672,96468892.95855545,199217.35676059913,2092251.1476392897,13109261.096927425,20.162499999999998,20.162499999999998,20.162499999999998,20.162499999999998,20.162499999999998,20.162499999999998,20.162499999999998,20.162499999999998,20.162499999999998,20.162499999999998,20.162499999999998,42.0,42.0,42.0,0.0,0.0,0.0,5.958984375,5.958984375,5.958984375,241.908,241.908,241.908,42.0,0.0,5.958984375,241.908,5
11775771.046701789,3.644512176513672,96996726.71243604,200246.70482904156,2102988.004094497,13176534.213154582,20.15,20.15,20.15,20.15,20.15,20.15,20.15,20.15,20.15,20.15,20.15,43.0,43.0,43.0,0.0,0.0,0.0,5.958984375,5.958984375,5.958984375,227.876,227.876,227.876,43.0,0.0,5.958984375,227.876,5
11775772.048580198,3.644512176513672,96584292.22374237,199321.59258337802,2093220.0771643717,13115332.045983016,22.162499999999998,22.162499999999998,22.162499999999998,22.162499999999998,22.162499999999998,22.162499999999998,22.162499999999998,22.162499999999998,22.162499999999998,22.162499999999998,22.162499999999998,44.0,44.0,44.0,0.0,0.0,0.0,5.958984375,5.958984375,5.958984375,241.522,241.522,241.522,44.0,0.0,5.958984375,241.522,5
11775773.05084704,3.644512176513672,96579495.45914632,199251.32854616764,2092408.8379406047,13110249.1252216,20.125,20.125,20.125,20.125,20.125,20.125,20.125,20.125,20.125,20.125,20.125,44.0,44.0,44.0,0.0,0.0,0.0,5.958984375,5.958984375,5.958984375,239.395,239.395,239.395,44.0,0.0,5.958984375,239.395,5
11775774.049531229,3.644512176513672,96958699.38612074,199976.13092258287,2099915.0927408654,13157280.502954487,19.675,19.675,19.675,19.675,19.675,19.675,19.675,19.675,19.675,19.675,19.675,86.0,86.0,86.0,0.0,0.0,0.0,5.958984375,5.958984375,5.958984375,243.216,243.216,243.216,86.0,0.0,5.958984375,243.216,5
11775775.048364906,3.644512176513672,96976910.42047495,199946.2018939945,2099600.813138826,13155311.344822956,20.0875,20.0875,20.0875,20.0875,20.0875,20.0875,20.0875,20.0875,20.0875,20.0875,20.0875,45.0,45.0,45.0,0.0,0.0,0.0,5.958984375,5.958984375,5.958984375,229.847,229.847,229.847,45.0,0.0,5.958984375,229.847,5
11775776.024844592,3.644512176513672,99230424.66747902,204531.6484310937,2147665.771604213,13456468.350207645,19.1375,19.1375,19.1375,19.1375,19.1375,19.1375,19.1375,19.1375,19.1375,19.1375,19.1375,67.0,67.0,67.0,0.0,0.0,0.0,5.958984375,5.958984375,5.958984375,238.552,238.552,238.552,67.0,0.0,5.958984375,238.552,5
11775777.048255296,3.6445274353027344,94711916.36201835,195164.07168881822,2049179.2706780978,12839388.867842458,19.925,19.925,19.925,19.925,19.925,19.925,19.925,19.925,19.925,19.925,19.925,73.0,73.0,73.0,0.0,0.0,0.0,5.958984375,5.958984375,5.958984375,246.38,246.38,246.38,73.0,0.0,5.958984375,246.38,5
11775778.048408004,3.6445274353027344,96952556.65624373,199711.50263561294,2096831.7988969819,13137961.739963902,19.9875,19.9875,19.9875,19.9875,19.9875,19.9875,19.9875,19.9875,19.9875,19.9875,19.9875,50.0,50.0,50.0,0.0,0.0,0.0,5.958984375,5.958984375,5.958984375,234.802,234.802,234.802,50.0,0.0,5.958984375,234.802,5
11775779.047383072,3.6445274353027344,97099566.42069358,199946.93194271452,2099303.642786833,13153449.386836251,19.6875,19.6875,19.6875,19.6875,19.6875,19.6875,19.6875,19.6875,19.6875,19.6875,19.6875,43.0,43.0,43.0,0.0,0.0,0.0,5.958984375,5.958984375,5.958984375,234.581,234.581,234.581,43.0,0.0,5.958984375,234.581,5
11775780.048258483,3.6445274353027344,96947867.71635191,199574.2903601037,2095317.7346433385,13128475.181124667,20.1,20.1,20.1,20.1,20.1,20.1,20.1,20.1,20.1,20.1,20.1,71.0,71.0,71.0,0.0,0.0,0.0,5.958984375,5.958984375,5.958984375,243.982,243.982,243.982,71.0,0.0,5.958984375,243.982,5
11775781.051895065,3.6445350646972656,96713720.64145835,199032.2031079403,2089553.1689272071,13092356.574059533,20.0,20.0,20.0,20.0,20.0,20.0,20.0,20.0,20.0,20.0,20.0,42.0,42.0,42.0,0.0,0.0,0.0,5.958984375,5.958984375,5.958984375,241.147,241.147,241.147,42.0,0.0,5.958984375,241.147,5
11775782.048580552,3.6445388793945312,97421015.29112865,200423.30579548827,2104126.1549948677,13183665.43988972,20.4125,20.4125,20.4125,20.4125,20.4125,20.4125,20.4125,20.4125,20.4125,20.4125,20.4125,42.0,42.0,42.0,0.0,0.0,0.0,5.958984375,5.958984375,5.958984375,227.534,227.534,227.534,42.0,0.0,5.958984375,227.534,5
11775783.048954353,3.6445655822753906,97097248.93023272,199692.35475487026,2096368.3749512464,13135058.099303903,21.162499999999998,21.162499999999998,21.162499999999998,21.162499999999998,21.162499999999998,21.162499999999998,21.162499999999998,21.162499999999998,21.162499999999998,21.162499999999998,21.162499999999998,43.0,43.0,43.0,0.0,0.0,0.0,5.958984375,5.958984375,5.958984375,240.277,240.277,240.277,43.0,0.0,5.958984375,240.277,5
11775784.050121542,3.6445655822753906,97055696.62649517,199545.09309651132,2094707.0802467484,13124649.049671033,20.625,20.625,20.625,20.625,20.625,20.625,20.625,20.625,20.625,20.625,20.625,71.0,71.0,71.0,0.0,0.0,0.0,5.958984375,5.958984375,5.958984375,244.087,244.087,244.087,71.0,0.0,5.958984375,244.087,5
11775785.052069684,3.6445655822753906,97012678.4853549,199399.54129423352,2093074.392977979,13114419.243502649,19.975,19.975,19.975,19.975,19.975,19.975,19.975,19.975,19.975,19.975,19.975,61.0,61.0,61.0,0.0,0.0,0.0,5.958984375,5.958984375,5.958984375,244.774,244.774,244.774,61.0,0.0,5.958984375,244.774,5
11775786.052866852,3.6445655822753906,97156906.67932963,199628.8623747459,2095481.550378016,13129501.589087257,20.075,20.075,20.075,20.075,20.075,20.075,20.075,20.075,20.075,20.075,20.075,44.0,44.0,44.0,0.0,0.0,0.0,5.958984375,5.958984375,5.958984375,228.992,228.992,228.992,44.0,0.0,5.958984375,228.992,5
11775787.0487559,3.6445655822753906,97668586.9548481,200620.74241062647,2105808.8809982687,13202434.585946178,19.35,19.35,19.35,19.35,19.35,19.35,19.35,19.35,19.35,19.35,19.35,70.0,70.0,70.0,0.0,0.0,0.0,5.958984375,5.958984375,5.958984375,245.345,245.345,245.345,70.0,0.0,5.958984375,245.345,5
11775788.05053462,3.6445655822753906,97127005.07778768,199449.23529531463,2093428.3732960285,13124814.606016116,19.724999999999998,19.724999999999998,19.724999999999998,19.724999999999998,19.724999999999998,19.724999999999998,19.724999999999998,19.724999999999998,19.724999999999998,19.724999999999998,19.724999999999998,43.0,43.0,43.0,0.0,0.0,0.0,5.958984375,5.958984375,5.958984375,245.15,245.15,245.15,43.0,0.0,5.958984375,245.15,5
11775789.049507689,3.6445655822753906,97437964.17805722,200009.39607916088,2099307.846720808,13161676.148386318,19.675,19.675,19.675,19.675,19.675,19.675,19.675,19.675,19.675,19.675,19.675,43.0,43.0,43.0,0.0,0.0,0.0,5.958984375,5.958984375,5.958984375,228.148,228.148,228.148,43.0,0.0,5.958984375,228.148,5
11775790.053112213,3.6445655822753906,97020909.8178193,199095.35604319355,2089619.915204193,13100937.358995039,20.037499999999998,20.037499999999998,20.037499999999998,20.037499999999998,20.037499999999998,20.037499999999998,20.037499999999998,20.037499999999998,20.037499999999998,20.037499999999998,20.037499999999998,45.0,45.0,45.0,0.0,0.0,0.0,5.958984375,5.958984375,5.958984375,239.4,239.4,239.4,45.0,0.0,5.958984375,239.4,5
11775791.050343739,3.6445655822753906,97673722.13087003,200374.73217611178,2102974.0282884454,13184661.388292793,19.8625,19.8625,19.8625,19.8625,19.8625,19.8625,19.8625,19.8625,19.8625,19.8625,19.8625,74.0,74.0,74.0,0.0,0.0,0.0,5.958984375,5.958984375,5.958984375,242.56,242.56,242.56,74.0,0.0,5.958984375,242.56,5
11775792.051453657,3.6445655822753906,97327980.86573587,199606.45308913643,2094826.9126888555,13133582.7924438,20.1875,20.1875,20.1875,20.1875,20.1875,20.1875,20.1875,20.1875,20.1875,20.1875,20.1875,52.0,52.0,52.0,0.0,0.0,0.0,5.958984375,5.958984375,5.958984375,246.419,246.419,246.419,52.0,0.0,5.958984375,246.419,5
11775793.051497076,3.6445655822753906,97464459.26292013,199821.32410611043,2097060.9492657643,13147589.154576374,20.162499999999998,20.162499999999998,20.162499999999998,20.162499999999998,20.162499999999998,20.162499999999998,20.162499999999998,20.162499999999998,20.162499999999998,20.162499999999998,20.162499999999998,44.0,44.0,44.0,0.0,0.0,0.0,5.958984375,5.958984375,5.958984375,228.271,228.271,228.271,44.0,0.0,5.958984375,228.271,5
11775794.055674773,3.6445655822753906,97095748.38298726,199008.60235837853,2088427.1840126014,13093459.493516505,19.6875,19.6875,19.6875,19.6875,19.6875,19.6875,19.6875,19.6875,19.6875,19.6875,19.6875,73.0,73.0,73.0,0.0,0.0,0.0,5.958984375,5.958984375,5.958984375,243.064,243.064,243.064,73.0,0.0,5.958984375,243.064,5
11775795.052399509,3.6445655822753906,97854573.56737725,200504.70585585517,2104043.2973811016,13191365.20428386,19.6125,19.6125,19.6125,19.6125,19.6125,19.6125,19.6125,19.6125,19.6125,19.6125,19.6125,74.0,74.0,74.0,0.0,0.0,0.0,5.958984375,5.958984375,5.958984375,244.333,244.333,244.333,74.0,0.0,5.958984375,244.333,5
11775796.039602093,3.6445693969726562,98831548.3648681,202445.78274876316,2124338.0359917646,13318603.702213993,19.45,19.45,19.45,19.45,19.45,19.45,19.45,19.45,19.45,19.45,19.45,59.0,59.0,59.0,0.0,0.0,0.0,5.958984375,5.958984375,5.958984375,244.255,244.255,244.255,59.0,0.0,5.958984375,244.255,5
11775797.040204016,3.6445770263671875,97540736.97788529,199734.77502639656,2095890.435146269,13140250.579725632,19.35,19.35,19.35,19.35,19.35,19.35,19.35,19.35,19.35,19.35,19.35,55.0,55.0,55.0,0.0,0.0,0.0,5.958984375,5.958984375,5.958984375,248.01,248.01,248.01,55.0,0.0,5.958984375,248.01,5
11775798.052369192,3.6445770263671875,96461413.9461692,197461.84198812753,2071946.407802734,12990132.752044484,20.900000000000002,20.900000000000002,20.900000000000002,20.900000000000002,20.900000000000002,20.900000000000002,20.900000000000002,20.900000000000002,20.900000000000002,20.900000000000002,20.900000000000002,44.0,44.0,44.0,0.0,0.0,0.0,5.958984375,5.958984375,5.958984375,246.181,246.181,246.181,44.0,0.0,5.958984375,246.181,5
11775799.051151993,3.6445770263671875,97789348.14463767,200118.5842385695,2099707.7632174334,13164183.4373593,20.5875,20.5875,20.5875,20.5875,20.5875,20.5875,20.5875,20.5875,20.5875,20.5875,20.5875,72.0,72.0,72.0,0.0,0.0,0.0,5.958984375,5.958984375,5.958984375,242.602,242.602,242.602,72.0,0.0,5.958984375,242.602,5
11775800.052605376,3.6445770263671875,97561216.19722241,199591.91652266608,2094108.4585872777,13129078.422002267,20.2125,20.2125,20.2125,20.2125,20.2125,20.2125,20.2125,20.2125,20.2125,20.2125,20.2125,41.0,41.0,41.0,0.0,0.0,0.0,5.958984375,5.958984375,5.958984375,240.155,240.155,240.155,41.0,0.0,5.958984375,240.155,5
11775801.05283452,3.6445770263671875,97713315.5342071,199836.2086381039,2096671.559309077,13145147.862074487,19.7375,19.7375,19.7375,19.7375,19.7375,19.7375,19.7375,19.7375,19.7375,19.7375,19.7375,42.0,42.0,42.0,0.0,0.0,0.0,5.958984375,5.958984375,5.958984375,227.819,227.819,227.819,42.0,0.0,5.958984375,227.819,5
11775802.024725635,3.6445846557617188,100596064.25302142,205670.1589511423,2157805.507980459,13528429.063705612,19.3625,19.3625,19.3625,19.3625,19.3625,19.3625,19.3625,19.3625,19.3625,19.3625,19.3625,68.0,68.0,68.0,0.0,0.0,0.0,5.958984375,5.958984375,5.958984375,241.261,241.261,241.261,68.0,0.0,5.958984375,241.261,5
11775803.050439263,3.6445846557617188,95349375.61045776,194888.70432480282,2044578.4694955922,12818548.607579786,19.6125,19.6125,19.6125,19.6125,19.6125,19.6125,19.6125,19.6125,19.6125,19.6125,19.6125,72.0,72.0,72.0,0.0,0.0,0.0,5.958984375,5.958984375,5.958984375,248.124,248.124,248.124,72.0,0.0,5.958984375,248.124,5
11775804.051656427,3.6445846557617188,97717699.52428102,199664.97496060698,2094602.5250044365,13132175.986844221,19.862499999999997,19.862499999999997,19.862499999999997,19.862499999999997,19.862499999999997,19.862499999999997,19.862499999999997,19.862499999999997,19.862499999999997,19.862499999999997,19.862499999999997,89.0,89.0,89.0,0.0,0.0,0.0,5.958984375,5.958984375,5.958984375,231.439,231.439,231.439,89.0,0.0,5.958984375,231.439,5
11775805.05206478,3.6445846557617188,97832164.91417633,199827.399825048,2096295.9706561437,13142793.097277777,19.775,19.775,19.775,19.775,19.775,19.775,19.775,19.775,19.775,19.775,19.775,45.0,45.0,45.0,0.0,0.0,0.0,5.958984375,5.958984375,5.958984375,231.433,231.433,231.433,45.0,0.0,5.958984375,231.433,5
11775806.05121922,3.6445846557617188,97987704.5622527,200089.18757431893,2098926.7702073734,13159286.977276698,19.2375,19.2375,19.2375,19.2375,19.2375,19.2375,19.2375,19.2375,19.2375,19.2375,19.2375,53.0,53.0,53.0,0.0,0.0,0.0,5.958984375,5.958984375,5.958984375,246.297,246.297,246.297,53.0,0.0,5.958984375,246.297,5
11775807.043669423,3.6445846557617188,98682633.77878292,201450.91335086903,2113105.5161086465,13248181.067790536,17.6375,17.6375,17.6375,17.6375,17.6375,17.6375,17.6375,17.6375,17.6375,17.6375,17.6375,0.0,0.0,0.0,0.0,0.0,0.0,5.958984375,5.958984375,5.958984375,232.718,232.718,232.718,0.0,0.0,5.958984375,232.718,5
11775808.149411144,3.6445846557617188,88601471.00419484,180823.42039429967,1896602.037204149,11890805.741065074,19.9,19.9,19.9,19.9,19.9,19.9,19.9,19.9,19.9,19.9,19.9,40.0,40.0,40.0,0.0,0.0,0.0,5.958984375,5.958984375,5.958984375,219.442,219.442,219.442,40.0,0.0,5.958984375,219.442,5
11775809.147785006,3.6445846557617188,98165450.53445946,200270.66767170047,2100567.8123936183,13169575.542545928,21.037499999999998,21.037499999999998,21.037499999999998,21.037499999999998,21.037499999999998,21.037499999999998,21.037499999999998,21.037499999999998,21.037499999999998,21.037499999999998,21.037499999999998,41.0,41.0,41.0,0.0,0.0,0.0,5.958984375,5.958984375,5.958984375,243.517,243.517,243.517,41.0,0.0,5.958984375,243.517,5
11775810.153536864,3.6445846557617188,97480610.41655168,198810.4704974212,2085158.4655701204,13072966.161093919,21.125,21.125,21.125,21.125,21.125,21.125,21.125,21.125,21.125,21.125,21.125,42.0,42.0,42.0,0.0,0.0,0.0,5.958984375,5.958984375,5.958984375,242.826,242.826,242.826,42.0,0.0,5.958984375,242.826,5
11775811.148595352,3.6445846557617188,98561085.77817416,200955.0216305982,2107566.565260661,13213454.442356877,20.337500000000002,20.337500000000002,20.337500000000002,20.337500000000002,20.337500000000002,20.337500000000002,20.337500000000002,20.337500000000002,20.337500000000002,20.337500000000002,20.337500000000002,40.0,40.0,40.0,0.0,0.0,0.0,5.958984375,5.958984375,5.958984375,243.844,243.844,243.844,40.0,0.0,5.958984375,243.844,5
11775812.150259916,3.644603729248047,97943743.3694416,199629.70357939982,2093666.9573266197,13126310.416051658,19.612499999999997,19.612499999999997,19.612499999999997,19.612499999999997,19.612499999999997,19.612499999999997,19.612499999999997,19.612499999999997,19.612499999999997,19.612499999999997,19.612499999999997,39.0,39.0,39.0,0.0,0.0,0.0,5.958984375,5.958984375,5.958984375,231.619,231.619,231.619,39.0,0.0,5.958984375,231.619,5
11775813.128231406,3.644603729248047,100350078.66392818,204475.28578095272,2144389.7091383077,13444318.293621032,20.2,20.2,20.2,20.2,20.2,20.2,20.2,20.2,20.2,20.2,20.2,51.0,51.0,51.0,0.0,0.0,0.0,5.958984375,5.958984375,5.958984375,243.195,243.195,243.195,51.0,0.0,5.958984375,243.195,5
11775814.141508412,3.644603729248047,96888609.40926449,197358.66789972296,2069672.9411750224,12975879.181976216,21.2,21.2,21.2,21.2,21.2,21.2,21.2,21.2,21.2,21.2,21.2,87.0,87.0,87.0,0.0,0.0,0.0,5.958984375,5.958984375,5.958984375,254.884,254.884,254.884,87.0,0.0,5.958984375,254.884,5
11775815.13741271,3.644603729248047,98614379.06031518,200809.45558862382,2105776.6325140814,13202232.4030668,21.3,21.3,21.3,21.3,21.3,21.3,21.3,21.3,21.3,21.3,21.3,91.0,91.0,91.0,0.0,0.0,0.0,5.958984375,5.958984375,5.958984375,257.452,257.452,257.452,91.0,0.0,5.958984375,257.452,5
11775816.137752892,3.644603729248047,98209813.75631654,199925.98871049628,2096438.82854583,13143688.749281473,20.4,20.4,20.4,20.4,20.4,20.4,20.4,20.4,20.4,20.4,20.4,92.0,92.0,92.0,0.0,0.0,0.0,5.958984375,5.958984375,5.958984375,247.344,247.344,247.344,92.0,0.0,5.958984375,247.344,5
11775817.139488457,3.644603729248047,98105686.27119307,199647.49892403476,2093518.5638746028,13125380.058666945,20.412499999999998,20.412499999999998,20.412499999999998,20.412499999999998,20.412499999999998,20.412499999999998,20.412499999999998,20.412499999999998,20.412499999999998,20.412499999999998,20.412499999999998,92.0,92.0,92.0,0.0,0.0,0.0,5.958984375,5.958984375,5.958984375,262.539,262.539,262.539,92.0,0.0,5.958984375,262.539,5
11775818.138034368,3.644603729248047,98451853.74149844,200296.24853907528,2100205.885933946,13171408.397917774,20.375,20.375,20.375,20.375,20.375,20.375,20.375,20.375,20.375,20.375,20.375,41.0,41.0,41.0,0.0,0.0,0.0,5.958984375,5.958984375,5.958984375,254.201,254.201,254.201,41.0,0.0,5.958984375,254.201,5
11775819.133091604,3.644603729248047,98832675.5508846,201006.5277480669,2107569.216400504,13217587.409886755,20.25,20.25,20.25,20.25,20.25,20.25,20.25,20.25,20.25,20.25,20.25,41.0,41.0,41.0,0.0,0.0,0.0,5.958984375,5.958984375,5.958984375,243.718,243.718,243.718,41.0,0.0,5.958984375,243.718,5
11775820.149747863,3.6446189880371094,96767865.3643749,196746.93212633033,2062793.5757838956,12936777.67937908,20.137500000000003,20.137500000000003,20.137500000000003,20.137500000000003,20.137500000000003,20.137500000000003,20.137500000000003,20.137500000000003,20.137500000000003,20.137500000000003,20.137500000000003,40.0,40.0,40.0,0.0,0.0,0.0,5.958984375,5.958984375,5.958984375,243.013,243.013,243.013,40.0,0.0,5.958984375,243.013,5
11775821.149694908,3.6446189880371094,98417620.70526119,200044.59336176008,2097263.0605687127,13152952.51462136,20.224999999999998,20.224999999999998,20.224999999999998,20.224999999999998,20.224999999999998,20.224999999999998,20.224999999999998,20.224999999999998,20.224999999999998,20.224999999999998,20.224999999999998,39.0,39.0,39.0,0.0,0.0,0.0,5.958984375,5.958984375,5.958984375,229.513,229.513,229.513,39.0,0.0,5.958984375,229.513,5
11775822.15081138,3.6446189880371094,98335352.39487468,199810.9168329228,2094813.2010458112,13137588.258902539,19.7625,19.7625,19.7625,19.7625,19.7625,19.7625,19.7625,19.7625,19.7625,19.7625,19.7625,39.0,39.0,39.0,0.0,0.0,0.0,5.958984375,5.958984375,5.958984375,245.244,245.244,245.244,39.0,0.0,5.958984375,245.244,5
11775823.150622144,3.6446189880371094,98496543.03606264,200084.86314590147,2097548.930582081,13154745.34394348,20.2375,20.2375,20.2375,20.2375,20.2375,20.2375,20.2375,20.2375,20.2375,20.2375,20.2375,43.0,43.0,43.0,0.0,0.0,0.0,5.958984375,5.958984375,5.958984375,242.53,242.53,242.53,43.0,0.0,5.958984375,242.53,5
11775824.152356269,3.6446189880371094,98340132.96642607,199707.68201646022,2093521.5729562195,13129487.833520355,20.55,20.55,20.55,20.55,20.55,20.55,20.55,20.55,20.55,20.55,20.55,51.0,51.0,51.0,0.0,0.0,0.0,5.958984375,5.958984375,5.958984375,246.55,246.55,246.55,51.0,0.0,5.958984375,246.55,5
11775825.138597336,3.6446189880371094,99920983.12931988,202853.0414408465,2126409.120991263,13335741.577154191,20.925,20.925,20.925,20.925,20.925,20.925,20.925,20.925,20.925,20.925,20.925,92.0,92.0,92.0,0.0,0.0,0.0,5.958984375,5.958984375,5.958984375,240.295,240.295,240.295,92.0,0.0,5.958984375,240.295,5
11775826.151845952,3.6446609497070312,97292686.476558,197447.09904071043,2069730.9279948014,12980285.175373647,21.0625,21.0625,21.0625,21.0625,21.0625,21.0625,21.0625,21.0625,21.0625,21.0625,21.0625,41.0,41.0,41.0,0.0,0.0,0.0,5.958984375,5.958984375,5.958984375,252.454,252.454,252.454,41.0,0.0,5.958984375,252.454,5
11775827.126769068,3.6446609497070312,101150998.94557118,205220.28545205155,2151094.7553222347,13490557.147147844,19.9375,19.9375,19.9375,19.9375,19.9375,19.9375,19.9375,19.9375,19.9375,19.9375,19.9375,42.0,42.0,42.0,0.0,0.0,0.0,5.958984375,5.958984375,5.958984375,241.093,241.093,241.093,42.0,0.0,5.958984375,241.093,5
11775828.151799656,3.6446609497070312,96238308.48024748,195196.12604699997,2045940.8948916849,12831086.354486719,19.962500000000002,19.962500000000002,19.962500000000002,19.962500000000002,19.962500000000002,19.962500000000002,19.962500000000002,19.962500000000002,19.962500000000002,19.962500000000002,19.962500000000002,37.0,37.0,37.0,0.0,0.0,0.0,5.958984375,5.958984375,5.958984375,244.644,244.644,244.644,37.0,0.0,5.958984375,244.644,5
11775829.150418598,3.6446609497070312,98816444.26518267,200365.71672527856,2100052.2945381873,13170445.151879141,20.162499999999998,20.162499999999998,20.162499999999998,20.162499999999998,20.162499999999998,20.162499999999998,20.162499999999998,20.162499999999998,20.162499999999998,20.162499999999998,20.162499999999998,40.0,40.0,40.0,0.0,0.0,0.0,5.958984375,5.958984375,5.958984375,228.84,228.84,228.84,40.0,0.0,5.958984375,228.84,5
11775830.138738738,3.6446609497070312,99882084.74959616,202454.641839003,2121935.914048422,13311832.335788148,21.825,21.825,21.825,21.825,21.825,21.825,21.825,21.825,21.825,21.825,21.825,93.0,93.0,93.0,0.0,0.0,0.0,5.958984375,5.958984375,5.958984375,253.427,253.427,253.427,93.0,0.0,5.958984375,253.427,5
11775831.140570913,3.6446609497070312,98570371.91388178,199741.03963303997,2093316.6793191095,13177264.955948222,20.85,20.85,20.85,20.85,20.85,20.85,20.85,20.85,20.85,20.85,20.85,91.0,91.0,91.0,0.0,0.0,0.0,5.958984375,5.958984375,5.958984375,255.041,255.041,255.041,91.0,0.0,5.958984375,255.041,5
11775832.139067303,3.6446609497070312,98932508.82261384,200417.3493544651,2100310.0453407783,13221287.648697907,20.2125,20.2125,20.2125,20.2125,20.2125,20.2125,20.2125,20.2125,20.2125,20.2125,20.2125,88.0,88.0,88.0,0.0,0.0,0.0,5.958984375,5.958984375,5.958984375,260.079,260.079,260.079,88.0,0.0,5.958984375,260.079,5
11775833.140371809,3.6446609497070312,98687769.27276951,199870.26815730662,2094419.8180523352,13184209.128091164,20.7,20.7,20.7,20.7,20.7,20.7,20.7,20.7,20.7,20.7,20.7,91.0,91.0,91.0,0.0,0.0,0.0,5.958984375,5.958984375,5.958984375,259.38,259.38,259.38,91.0,0.0,5.958984375,259.38,5
11775834.13963712,3.6446609497070312,98921925.82248342,200288.14944297305,2098693.886713017,13211114.056398539,20.462500000000002,20.462500000000002,20.462500000000002,20.462500000000002,20.462500000000002,20.462500000000002,20.462500000000002,20.462500000000002,20.462500000000002,20.462500000000002,20.462500000000002,92.0,92.0,92.0,0.0,0.0,0.0,5.958984375,5.958984375,5.958984375,259.986,259.986,259.986,92.0,0.0,5.958984375,259.986,5
11775835.140601613,3.6446609497070312,98786708.95424277,199955.14475066765,2095131.26148726,13188687.608932499,20.575000000000003,20.575000000000003,20.575000000000003,20.575000000000003,20.575000000000003,20.575000000000003,20.575000000000003,20.575000000000003,20.575000000000003,20.575000000000003,20.575000000000003,93.0,93.0,93.0,0.0,0.0,0.0,5.958984375,5.958984375,5.958984375,250.346,250.346,250.346,93.0,0.0,5.958984375,250.346,5
11775836.141593656,3.6446609497070312,98819431.87988974,199950.64037809757,2095073.5970212596,13188324.61562406,20.75,20.75,20.75,20.75,20.75,20.75,20.75,20.75,20.75,20.75,20.75,93.0,93.0,93.0,0.0,0.0,0.0,5.958984375,5.958984375,5.958984375,261.928,261.928,261.928,93.0,0.0,5.958984375,261.928,5
11775837.141047938,3.6446609497070312,99006978.86829883,200266.28887373625,2098297.0780144273,13208616.176641598,20.6125,20.6125,20.6125,20.6125,20.6125,20.6125,20.6125,20.6125,20.6125,20.6125,20.6125,92.0,92.0,92.0,0.0,0.0,0.0,5.958984375,5.958984375,5.958984375,259.155,259.155,259.155,92.0,0.0,5.958984375,259.155,5
11775838.139036218,3.644664764404297,99185221.90364422,200568.48765626055,2101379.3871321264,13228019.071732117,20.424999999999997,20.424999999999997,20.424999999999997,20.424999999999997,20.424999999999997,20.424999999999997,20.424999999999997,20.424999999999997,20.424999999999997,20.424999999999997,20.424999999999997,92.0,92.0,92.0,0.0,0.0,0.0,5.958984375,5.958984375,5.958984375,258.517,258.517,258.517,92.0,0.0,5.958984375,258.517,5
11775839.140596522,3.644664764404297,98864170.80779864,199862.15421858776,2093884.902354051,13180841.875560755,20.475,20.475,20.475,20.475,20.475,20.475,20.475,20.475,20.475,20.475,20.475,88.0,88.0,88.0,0.0,0.0,0.0,5.958984375,5.958984375,5.958984375,263.095,263.095,263.095,88.0,0.0,5.958984375,263.095,5
11775840.140773725,3.6446800231933594,99033618.97074512,200145.53366178105,2096780.4447468612,13199069.088709246,20.625,20.625,20.625,20.625,20.625,20.625,20.625,20.625,20.625,20.625,20.625,89.0,89.0,89.0,0.0,0.0,0.0,5.958984375,5.958984375,5.958984375,260.389,260.389,260.389,89.0,0.0,5.958984375,260.389,5
11775841.140903369,3.6446800231933594,99073789.69468154,200163.0500960261,2096880.1524308594,13199696.740790352,20.837500000000002,20.837500000000002,20.837500000000002,20.837500000000002,20.837500000000002,20.837500000000002,20.837500000000002,20.837500000000002,20.837500000000002,20.837500000000002,20.837500000000002,92.0,92.0,92.0,0.0,0.0,0.0,5.958984375,5.958984375,5.958984375,259.804,259.804,259.804,92.0,0.0,5.958984375,259.804,5
11775842.143939544,3.6446800231933594,98822050.96699664,199591.00679029076,2090803.953467194,13161447.543017123,21.3,21.3,21.3,21.3,21.3,21.3,21.3,21.3,21.3,21.3,21.3,92.0,92.0,92.0,0.0,0.0,0.0,5.958984375,5.958984375,5.958984375,249.606,249.606,249.606,92.0,0.0,5.958984375,249.606,5
11775843.140024781,3.6446800231933594,99544493.02731445,200984.80774589127,2105394.1174932383,13253291.485704508,20.3125,20.3125,20.3125,20.3125,20.3125,20.3125,20.3125,20.3125,20.3125,20.3125,20.3125,93.0,93.0,93.0,0.0,0.0,0.0,5.958984375,5.958984375,5.958984375,259.473,259.473,259.473,93.0,0.0,5.958984375,259.473,5
11775844.142191065,3.6446800231933594,98973111.10840726,199774.2322275227,2092618.7928714466,13172871.815282563,20.712500000000002,20.712500000000002,20.712500000000002,20.712500000000002,20.712500000000002,20.712500000000002,20.712500000000002,20.712500000000002,20.712500000000002,20.712500000000002,20.712500000000002,42.0,42.0,42.0,0.0,0.0,0.0,5.958984375,5.958984375,5.958984375,252.617,252.617,252.617,42.0,0.0,5.958984375,252.617,5
11775845.14226706,3.6446800231933594,99212695.42452636,200203.78570160858,2096992.641016586,13200404.84764933,20.0,20.0,20.0,20.0,20.0,20.0,20.0,20.0,20.0,20.0,20.0,41.0,41.0,41.0,0.0,0.0,0.0,5.958984375,5.958984375,5.958984375,246.932,246.932,246.932,41.0,0.0,5.958984375,246.932,5
11775846.152362982,3.6446800231933594,98260918.40497786,198227.70846233977,2076190.9376624404,13069459.750168057,20.2,20.2,20.2,20.2,20.2,20.2,20.2,20.2,20.2,20.2,20.2,40.0,40.0,40.0,0.0,0.0,0.0,5.958984375,5.958984375,5.958984375,244.6,244.6,244.6,40.0,0.0,5.958984375,244.6,5
11775847.151999135,3.6446800231933594,99324580.97473183,200312.88328988286,2097915.320700881,13206213.044177616,21.2125,21.2125,21.2125,21.2125,21.2125,21.2125,21.2125,21.2125,21.2125,21.2125,21.2125,41.0,41.0,41.0,0.0,0.0,0.0,5.958984375,5.958984375,5.958984375,226.907,226.907,226.907,41.0,0.0,5.958984375,226.907,5
11775848.150964584,3.6446800231933594,99424061.1991798,200448.3739391813,2099323.8562697046,13215079.66554152,19.700000000000003,19.700000000000003,19.700000000000003,19.700000000000003,19.700000000000003,19.700000000000003,19.700000000000003,19.700000000000003,19.700000000000003,19.700000000000003,19.700000000000003,40.0,40.0,40.0,0.0,0.0,0.0,5.958984375,5.958984375,5.958984375,243.742,243.742,243.742,40.0,0.0,5.958984375,243.742,5
11775849.15309963,3.6446800231933594,99142269.71083058,199824.36582173227,2092684.0237091323,13177369.711793443,20.1,20.1,20.1,20.1,20.1,20.1,20.1,20.1,20.1,20.1,20.1,42.0,42.0,42.0,0.0,0.0,0.0,5.958984375,5.958984375,5.958984375,240.172,240.172,240.172,42.0,0.0,5.958984375,240.172,5
11775850.15217432,3.6446800231933594,99478730.65989718,200443.47234058674,2099094.312866433,13217734.50133082,19.975,19.975,19.975,19.975,19.975,19.975,19.975,19.975,19.975,19.975,19.975,51.0,51.0,51.0,0.0,0.0,0.0,5.958984375,5.958984375,5.958984375,243.814,243.814,243.814,51.0,0.0,5.958984375,243.814,5
11775851.14817656,3.6446800231933594,99818464.25302516,201061.79678731874,2105569.561546201,13258508.332861234,20.2,20.2,20.2,20.2,20.2,20.2,20.2,20.2,20.2,20.2,20.2,90.0,90.0,90.0,0.0,0.0,0.0,5.958984375,5.958984375,5.958984375,238.844,238.844,238.844,90.0,0.0,5.958984375,238.844,5
11775852.144393438,3.6446800231933594,99835316.15146366,201028.51533971672,2105115.909689604,13255651.743826725,19.8875,19.8875,19.8875,19.8875,19.8875,19.8875,19.8875,19.8875,19.8875,19.8875,19.8875,44.0,44.0,44.0,0.0,0.0,0.0,5.958984375,5.958984375,5.958984375,251.12,251.12,251.12,44.0,0.0,5.958984375,251.12,5
11775853.15257334,3.6446800231933594,98683167.44339249,198654.02967071818,2080136.6874809938,13098360.703981884,19.9125,19.9125,19.9125,19.9125,19.9125,19.9125,19.9125,19.9125,19.9125,19.9125,19.9125,43.0,43.0,43.0,0.0,0.0,0.0,5.958984375,5.958984375,5.958984375,247.343,247.343,247.343,43.0,0.0,5.958984375,247.343,5
11775854.155740855,3.644695281982422,99208882.31556424,199658.57833434132,2090530.2128953403,13163807.434325345,20.2,20.2,20.2,20.2,20.2,20.2,20.2,20.2,20.2,20.2,20.2,37.0,37.0,37.0,0.0,0.0,0.0,5.958984375,5.958984375,5.958984375,242.172,242.172,242.172,37.0,0.0,5.958984375,242.172,5
11775855.153520403,3.644702911376953,99777410.93488438,200736.72623147376,2101818.9878216577,13234891.4389395,19.637500000000003,19.637500000000003,19.637500000000003,19.637500000000003,19.637500000000003,19.637500000000003,19.637500000000003,19.637500000000003,19.637500000000003,19.637500000000003,19.637500000000003,39.0,39.0,39.0,0.0,0.0,0.0,5.958984375,5.958984375,5.958984375,225.525,225.525,225.525,39.0,0.0,5.958984375,225.525,5
11775856.153523128,3.64471435546875,99588328.6168397,200298.45417672684,2097146.285171823,13205468.014441324,19.9375,19.9375,19.9375,19.9375,19.9375,19.9375,19.9375,19.9375,19.9375,19.9375,19.9375,39.0,39.0,39.0,0.0,0.0,0.0,5.958984375,5.958984375,5.958984375,239.603,239.603,239.603,39.0,0.0,5.958984375,239.603,5
11775857.155391132,3.6447219848632812,99435592.91674495,199933.52338272054,2093241.8159581001,13180882.059861163,20.2375,20.2375,20.2375,20.2375,20.2375,20.2375,20.2375,20.2375,20.2375,20.2375,20.2375,40.0,40.0,40.0,0.0,0.0,0.0,5.958984375,5.958984375,5.958984375,240.905,240.905,240.905,40.0,0.0,5.958984375,240.905,5
11775858.155479385,3.644725799560547,99648031.84922095,200299.32315866044,2096966.938207097,13204338.689022813,19.9,19.9,19.9,19.9,19.9,19.9,19.9,19.9,19.9,19.9,19.9,54.0,54.0,54.0,0.0,0.0,0.0,5.958984375,5.958984375,5.958984375,233.572,233.572,233.572,54.0,0.0,5.958984375,233.572,5
11775859.141313773,3.6447296142578125,101122013.19730616,203195.38699975758,2127286.3123814533,13395255.998276964,20.4875,20.4875,20.4875,20.4875,20.4875,20.4875,20.4875,20.4875,20.4875,20.4875,20.4875,44.0,44.0,44.0,0.0,0.0,0.0,5.958984375,5.958984375,5.958984375,253.53,253.53,253.53,44.0,0.0,5.958984375,253.53,5
11775860.152871387,3.644733428955078,98582914.68263511,198036.17425461733,2073190.8594055623,13054623.6928194,20.037499999999998,20.037499999999998,20.037499999999998,20.037499999999998,20.037499999999998,20.037499999999998,20.037499999999998,20.037499999999998,20.037499999999998,20.037499999999998,20.037499999999998,42.0,42.0,42.0,0.0,0.0,0.0,5.958984375,5.958984375,5.958984375,242.848,242.848,242.848,42.0,0.0,5.958984375,242.848,5
11775861.155084923,3.644733428955078,99534715.34122567,199891.53292967088,2092520.1317126655,13176337.704378191,20.3875,20.3875,20.3875,20.3875,20.3875,20.3875,20.3875,20.3875,20.3875,20.3875,20.3875,40.0,40.0,40.0,0.0,0.0,0.0,5.958984375,5.958984375,5.958984375,243.016,243.016,243.016,40.0,0.0,5.958984375,243.016,5
11775862.154028513,3.644733428955078,99893306.32492071,200552.8661279635,2099369.7960277274,13219469.184362095,20.25,20.25,20.25,20.25,20.25,20.25,20.25,20.25,20.25,20.25,20.25,40.0,40.0,40.0,0.0,0.0,0.0,5.958984375,5.958984375,5.958984375,232.407,232.407,232.407,40.0,0.0,5.958984375,232.407,5
11775863.153942116,3.644733428955078,99834625.4054025,200362.31068905257,2097333.203155397,13210741.367531553,20.8875,20.8875,20.8875,20.8875,20.8875,20.8875,20.8875,20.8875,20.8875,20.8875,20.8875,42.0,42.0,42.0,0.0,0.0,0.0,5.958984375,5.958984375,5.958984375,244.463,244.463,244.463,42.0,0.0,5.958984375,244.463,5
11775864.154464127,3.644733428955078,99806638.74777219,200247.46844033,2096057.8328869937,13202708.029415146,19.7,19.7,19.7,19.7,19.7,19.7,19.7,19.7,19.7,19.7,19.7,41.0,41.0,41.0,0.0,0.0,0.0,5.958984375,5.958984375,5.958984375,239.668,239.668,239.668,41.0,0.0,5.958984375,239.668,5
11775865.154839752,3.644733428955078,99853970.37773137,200284.76808484358,2096364.5535968551,13204640.010448942,20.1,20.1,20.1,20.1,20.1,20.1,20.1,20.1,20.1,20.1,20.1,43.0,43.0,43.0,0.0,0.0,0.0,5.958984375,5.958984375,5.958984375,241.41,241.41,241.41,43.0,0.0,5.958984375,241.41,5
11775866.154485345,3.644733428955078,99959636.43037297,200431.0342327403,2097895.5095990207,13214283.239173518,20.025,20.025,20.025,20.025,20.025,20.025,20.025,20.025,20.025,20.025,20.025,42.0,42.0,42.0,0.0,0.0,0.0,5.958984375,5.958984375,5.958984375,226.883,226.883,226.883,42.0,0.0,5.958984375,226.883,5
11775867.155128296,3.644733428955078,99892725.81431676,200241.25456941355,2095804.4991902718,13201112.324001225,20.025,20.025,20.025,20.025,20.025,20.025,20.025,20.025,20.025,20.025,20.025,40.0,40.0,40.0,0.0,0.0,0.0,5.958984375,5.958984375,5.958984375,240.157,240.157,240.157,40.0,0.0,5.958984375,240.157,5
11775868.154261539,3.644733428955078,100076434.0203569,200551.82984393105,2098971.2995481524,13221059.455161704,20.087500000000002,20.087500000000002,20.087500000000002,20.087500000000002,20.087500000000002,20.087500000000002,20.087500000000002,20.087500000000002,20.087500000000002,20.087500000000002,20.087500000000002,42.0,42.0,42.0,0.0,0.0,0.0,5.958984375,5.958984375,5.958984375,240.901,240.901,240.901,42.0,0.0,5.958984375,240.901,5
11775869.15502774,3.644733428955078,99951336.1917777,200234.5800755682,2095546.390375861,13199486.540941702,20.7875,20.7875,20.7875,20.7875,20.7875,20.7875,20.7875,20.7875,20.7875,20.7875,20.7875,40.0,40.0,40.0,0.0,0.0,0.0,5.958984375,5.958984375,5.958984375,235.427,235.427,235.427,40.0,0.0,5.958984375,235.427,5
11775870.155607974,3.6447372436523438,100002628.02981834,200272.79482442784,2095935.8657992128,13201939.779692307,19.875,19.875,19.875,19.875,19.875,19.875,19.875,19.875,19.875,19.875,19.875,42.0,42.0,42.0,0.0,0.0,0.0,5.958984375,5.958984375,5.958984375,241.426,241.426,241.426,42.0,0.0,5.958984375,241.426,5
11775871.156203415,3.6447372436523438,100033830.74697517,200279.74521059133,2095904.012634205,13201739.142080685,19.95,19.95,19.95,19.95,19.95,19.95,19.95,19.95,19.95,19.95,19.95,43.0,43.0,43.0,0.0,0.0,0.0,5.958984375,5.958984375,5.958984375,241.687,241.687,241.687,43.0,0.0,5.958984375,241.687,5
11775872.144798568,3.6447372436523438,101281231.01727675,202717.96755129247,2121345.623814298,13361991.478127168,20.6625,20.6625,20.6625,20.6625,20.6625,20.6625,20.6625,20.6625,20.6625,20.6625,20.6625,91.0,91.0,91.0,0.0,0.0,0.0,5.958984375,5.958984375,5.958984375,246.661,246.661,246.661,91.0,0.0,5.958984375,246.661,5
11775873.1438472,3.6447372436523438,100254259.73083472,200613.8576771149,2099149.0640060115,13222179.162928492,20.662499999999998,20.662499999999998,20.662499999999998,20.662499999999998,20.662499999999998,20.662499999999998,20.662499999999998,20.662499999999998,20.662499999999998,20.662499999999998,20.662499999999998,93.0,93.0,93.0,0.0,0.0,0.0,5.958984375,5.958984375,5.958984375,258.962,258.962,258.962,93.0,0.0,5.958984375,258.962,5
11775874.144495225,3.6447410583496094,100126679.36622125,200300.2003778654,2095793.872288785,13201045.386975257,20.425,20.425,20.425,20.425,20.425,20.425,20.425,20.425,20.425,20.425,20.425,93.0,93.0,93.0,0.0,0.0,0.0,5.958984375,5.958984375,5.958984375,249.043,249.043,249.043,93.0,0.0,5.958984375,249.043,5
11775875.146871328,3.6447410583496094,99992110.36921018,199957.87932834425,2092180.7613975534,13178287.022474824,20.425,20.425,20.425,20.425,20.425,20.425,20.425,20.425,20.425,20.425,20.425,89.0,89.0,89.0,0.0,0.0,0.0,5.958984375,5.958984375,5.958984375,258.285,258.285,258.285,89.0,0.0,5.958984375,258.285,5
11775876.143916328,3.6447410583496094,100559522.47414313,201034.0558052967,2103367.4526052163,13248750.067679342,20.775000000000002,20.775000000000002,20.775000000000002,20.775000000000002,20.775000000000002,20.775000000000002,20.775000000000002,20.775000000000002,20.775000000000002,20.775000000000002,20.775000000000002,92.0,92.0,92.0,0.0,0.0,0.0,5.958984375,5.958984375,5.958984375,253.775,253.775,253.775,92.0,0.0,5.958984375,253.775,5
11775877.129030596,3.6447410583496094,101810560.62260546,203475.8873322444,2128841.359913548,13409205.831486706,19.75,19.75,19.75,19.75,19.75,19.75,19.75,19.75,19.75,19.75,19.75,42.0,42.0,42.0,0.0,0.0,0.0,5.958984375,5.958984375,5.958984375,251.025,251.025,251.025,42.0,0.0,5.958984375,251.025,5
11775878.155244805,3.6447410583496094,97764878.10586339,195337.3850689637,2043581.1380545916,12872166.34809777,20.25,20.25,20.25,20.25,20.25,20.25,20.25,20.25,20.25,20.25,20.25,49.0,49.0,49.0,0.0,0.0,0.0,5.958984375,5.958984375,5.958984375,244.759,244.759,244.759,49.0,0.0,5.958984375,244.759,5
11775879.146108797,3.6447410583496094,101285749.4270506,202314.34549896608,2116488.25382782,13335529.505563568,20.599999999999998,20.599999999999998,20.599999999999998,20.599999999999998,20.599999999999998,20.599999999999998,20.599999999999998,20.599999999999998,20.599999999999998,20.599999999999998,20.599999999999998,87.0,87.0,87.0,0.0,0.0,0.0,5.958984375,5.958984375,5.958984375,240.924,240.924,240.924,87.0,0.0,5.958984375,240.924,5
11775880.144090349,3.6447486877441406,100596134.06212313,200871.44856666302,2101393.553542618,13240421.1010322,20.362499999999997,20.362499999999997,20.362499999999997,20.362499999999997,20.362499999999997,20.362499999999997,20.362499999999997,20.362499999999997,20.362499999999997,20.362499999999997,20.362499999999997,90.0,90.0,90.0,0.0,0.0,0.0,5.958984375,5.958984375,5.958984375,258.394,258.394,258.394,90.0,0.0,5.958984375,258.394,5
11775881.14397719,3.6447486877441406,100437142.4085912,200495.68797538406,2097389.339357184,13215191.42337163,20.299999999999997,20.299999999999997,20.299999999999997,20.299999999999997,20.299999999999997,20.299999999999997,20.299999999999997,20.299999999999997,20.299999999999997,20.299999999999997,20.299999999999997,91.0,91.0,91.0,0.0,0.0,0.0,5.958984375,5.958984375,5.958984375,255.685,255.685,255.685,91.0,0.0,5.958984375,255.685,5
11775882.142614752,3.6447486877441406,100595525.10389772,200755.51682082776,2100013.136400438,13231723.394585572,20.474999999999998,20.474999999999998,20.474999999999998,20.474999999999998,20.474999999999998,20.474999999999998,20.474999999999998,20.474999999999998,20.474999999999998,20.474999999999998,20.474999999999998,91.0,91.0,91.0,0.0,0.0,0.0,5.958984375,5.958984375,5.958984375,259.029,259.029,259.029,91.0,0.0,5.958984375,259.029,5
11775883.156562168,3.6447486877441406,99108852.59398285,197735.10619690202,2068304.4965711792,13031934.191286376,20.2,20.2,20.2,20.2,20.2,20.2,20.2,20.2,20.2,20.2,20.2,47.0,47.0,47.0,0.0,0.0,0.0,5.958984375,5.958984375,5.958984375,253.979,253.979,253.979,47.0,0.0,5.958984375,253.979,5
11775884.15723969,3.6447486877441406,100455797.95954378,200367.24672778833,2095732.0948298767,13204749.48812731,19.8125,19.8125,19.8125,19.8125,19.8125,19.8125,19.8125,19.8125,19.8125,19.8125,19.8125,42.0,42.0,42.0,0.0,0.0,0.0,5.958984375,5.958984375,5.958984375,242.14,242.14,242.14,42.0,0.0,5.958984375,242.14,5
11775885.15466344,3.6447525024414062,100819019.05661538,201024.89049131237,2102568.7439522645,13247825.71873048,20.8,20.8,20.8,20.8,20.8,20.8,20.8,20.8,20.8,20.8,20.8,41.0,41.0,41.0,0.0,0.0,0.0,5.958984375,5.958984375,5.958984375,228.71,228.71,228.71,41.0,0.0,5.958984375,228.71,5
11775886.157422516,3.644756317138672,100317931.13812782,199963.28596585232,2091381.7175266645,13177338.712384803,20.925,20.925,20.925,20.925,20.925,20.925,20.925,20.925,20.925,20.925,20.925,39.0,39.0,39.0,0.0,0.0,0.0,5.958984375,5.958984375,5.958984375,238.997,238.997,238.997,39.0,0.0,5.958984375,238.997,5
11775887.156329207,3.644756317138672,100737544.30136378,200741.47253340305,2099447.3454602053,13228158.469637932,19.9,19.9,19.9,19.9,19.9,19.9,19.9,19.9,19.9,19.9,19.9,40.0,40.0,40.0,0.0,0.0,0.0,5.958984375,5.958984375,5.958984375,240.851,240.851,240.851,40.0,0.0,5.958984375,240.851,5
11775888.159035463,3.644763946533203,100388421.2563593,199987.78191251584,2091491.8880231609,13178032.872583432,19.625,19.625,19.625,19.625,19.625,19.625,19.625,19.625,19.625,19.625,19.625,41.0,41.0,41.0,0.0,0.0,0.0,5.958984375,5.958984375,5.958984375,230.255,230.255,230.255,41.0,0.0,5.958984375,230.255,5
11775889.157416344,3.6447677612304688,100856080.01530007,200854.20690221974,2100553.0457609817,13235125.245361187,20.125,20.125,20.125,20.125,20.125,20.125,20.125,20.125,20.125,20.125,20.125,41.0,41.0,41.0,0.0,0.0,0.0,5.958984375,5.958984375,5.958984375,244.014,244.014,244.014,41.0,0.0,5.958984375,244.014,5
11775890.155744774,3.6447677612304688,100894311.84652503,200875.77780778133,2100663.404712996,13235820.592976807,20.0,20.0,20.0,20.0,20.0,20.0,20.0,20.0,20.0,20.0,20.0,42.0,42.0,42.0,0.0,0.0,0.0,5.958984375,5.958984375,5.958984375,243.739,243.739,243.739,42.0,0.0,5.958984375,243.739,5
11775891.15809178,3.6447677612304688,100527739.83856069,200079.41251215636,2092241.4976324674,13182755.99875457,20.6625,20.6625,20.6625,20.6625,20.6625,20.6625,20.6625,20.6625,20.6625,20.6625,20.6625,42.0,42.0,42.0,0.0,0.0,0.0,5.958984375,5.958984375,5.958984375,242.162,242.162,242.162,42.0,0.0,5.958984375,242.162,5
11775892.15736263,3.644775390625,100869947.24208939,200706.3448722984,2098682.2525011483,13223337.786267001,19.8,19.8,19.8,19.8,19.8,19.8,19.8,19.8,19.8,19.8,19.8,43.0,43.0,43.0,0.0,0.0,0.0,5.958984375,5.958984375,5.958984375,228.116,228.116,228.116,43.0,0.0,5.958984375,228.116,5
11775893.160203196,3.644775390625,100543505.58502212,199991.90987701542,2091211.775939383,13176267.947618065,20.0875,20.0875,20.0875,20.0875,20.0875,20.0875,20.0875,20.0875,20.0875,20.0875,20.0875,42.0,42.0,42.0,0.0,0.0,0.0,5.958984375,5.958984375,5.958984375,240.934,240.934,240.934,42.0,0.0,5.958984375,240.934,5
11775894.158786256,3.6447792053222656,101004938.9626622,200852.59612617182,2100127.7555302614,13232445.584649654,19.912499999999998,19.912499999999998,19.912499999999998,19.912499999999998,19.912499999999998,19.912499999999998,19.912499999999998,19.912499999999998,19.912499999999998,19.912499999999998,19.912499999999998,41.0,41.0,41.0,0.0,0.0,0.0,5.958984375,5.958984375,5.958984375,242.443,242.443,242.443,41.0,0.0,5.958984375,242.443,5
11775895.155971186,3.6447792053222656,101179363.95472676,201143.23220440792,2103072.294948765,13250998.48340765,20.25,20.25,20.25,20.25,20.25,20.25,20.25,20.25,20.25,20.25,20.25,58.0,58.0,58.0,0.0,0.0,0.0,5.958984375,5.958984375,5.958984375,245.813,245.813,245.813,58.0,0.0,5.958984375,245.813,5
11775896.156575628,3.6447830200195312,100871752.93749906,200457.8349876956,2095885.1602616217,13205713.91992967,21.0125,21.0125,21.0125,21.0125,21.0125,21.0125,21.0125,21.0125,21.0125,21.0125,21.0125,40.0,40.0,40.0,0.0,0.0,0.0,5.958984375,5.958984375,5.958984375,232.175,232.175,232.175,40.0,0.0,5.958984375,232.175,5
11775897.13456759,3.644786834716797,103237500.75652821,205100.86752104998,2144344.8205691543,13511047.638976743,20.125,20.125,20.125,20.125,20.125,20.125,20.125,20.125,20.125,20.125,20.125,42.0,42.0,42.0,0.0,0.0,0.0,5.958984375,5.958984375,5.958984375,237.151,237.151,237.151,42.0,0.0,5.958984375,237.151,5
11775898.160274329,3.6447982788085938,98466902.12246753,195570.51984026385,2044592.2034319835,12882528.219280427,20.037499999999998,20.037499999999998,20.037499999999998,20.037499999999998,20.037499999999998,20.037499999999998,20.037499999999998,20.037499999999998,20.037499999999998,20.037499999999998,20.037499999999998,40.0,40.0,40.0,0.0,0.0,0.0,5.958984375,5.958984375,5.958984375,244.298,244.298,244.298,40.0,0.0,5.958984375,244.298,5
11775899.15971173,3.6447982788085938,101087753.86203851,200719.9248146914,2098332.519627828,13221134.195936276,19.862499999999997,19.862499999999997,19.862499999999997,19.862499999999997,19.862499999999997,19.862499999999997,19.862499999999997,19.862499999999997,19.862499999999997,19.862499999999997,19.862499999999997,42.0,42.0,42.0,0.0,0.0,0.0,5.958984375,5.958984375,5.958984375,231.089,231.089,231.089,42.0,0.0,5.958984375,231.089,5
11775900.160027264,3.6447982788085938,101031711.06503895,200544.72133174108,2096490.4860738527,13209527.945457518,19.974999999999998,19.974999999999998,19.974999999999998,19.974999999999998,19.974999999999998,19.974999999999998,19.974999999999998,19.974999999999998,19.974999999999998,19.974999999999998,19.974999999999998,41.0,41.0,41.0,0.0,0.0,0.0,5.958984375,5.958984375,5.958984375,243.571,243.571,243.571,41.0,0.0,5.958984375,243.571,5
11775901.158161812,3.6447982788085938,101287999.91776994,200994.9464561053,2101071.4482619585,13238391.586119294,20.8125,20.8125,20.8125,20.8125,20.8125,20.8125,20.8125,20.8125,20.8125,20.8125,20.8125,41.0,41.0,41.0,0.0,0.0,0.0,5.958984375,5.958984375,5.958984375,242.559,242.559,242.559,41.0,0.0,5.958984375,242.559,5
11775902.156820543,3.644805908203125,101270340.70989905,200897.45741533357,2099968.621595598,13231442.916537888,20.6125,20.6125,20.6125,20.6125,20.6125,20.6125,20.6125,20.6125,20.6125,20.6125,20.6125,38.0,38.0,38.0,0.0,0.0,0.0,5.958984375,5.958984375,5.958984375,242.343,242.343,242.343,38.0,0.0,5.958984375,242.343,5
11775903.15884176,3.644805908203125,100963149.49330631,200223.3051080149,2092921.7494760635,13187042.116815979,19.8125,19.8125,19.8125,19.8125,19.8125,19.8125,19.8125,19.8125,19.8125,19.8125,19.8125,42.0,42.0,42.0,0.0,0.0,0.0,5.958984375,5.958984375,5.958984375,229.566,229.566,229.566,42.0,0.0,5.958984375,229.566,5
11775904.15708425,3.6448097229003906,101378106.03579059,200988.23884093724,2100844.2547997567,13236960.08981253,19.9125,19.9125,19.9125,19.9125,19.9125,19.9125,19.9125,19.9125,19.9125,19.9125,19.9125,37.0,37.0,37.0,0.0,0.0,0.0,5.958984375,5.958984375,5.958984375,239.77,239.77,239.77,37.0,0.0,5.958984375,239.77,5
11775905.157513443,3.6448097229003906,101189222.33882935,200561.92031639587,2096252.3041115298,13208027.213015225,19.924999999999997,19.924999999999997,19.924999999999997,19.924999999999997,19.924999999999997,19.924999999999997,19.924999999999997,19.924999999999997,19.924999999999997,19.924999999999997,19.924999999999997,41.0,41.0,41.0,0.0,0.0,0.0,5.958984375,5.958984375,5.958984375,243.438,243.438,243.438,41.0,0.0,5.958984375,243.438,5
11775906.16181938,3.6448097229003906,100831188.31636433,199795.69245606504,2088160.5136433584,13157042.61135444,19.6875,19.6875,19.6875,19.6875,19.6875,19.6875,19.6875,19.6875,19.6875,19.6875,19.6875,43.0,43.0,43.0,0.0,0.0,0.0,5.958984375,5.958984375,5.958984375,232.619,232.619,232.619,43.0,0.0,5.958984375,232.619,5
11775907.15848444,3.6448097229003906,101636936.03057711,201327.4147438008,2104169.2771947575,13257910.328574782,20.012500000000003,20.012500000000003,20.012500000000003,20.012500000000003,20.012500000000003,20.012500000000003,20.012500000000003,20.012500000000003,20.012500000000003,20.012500000000003,20.012500000000003,39.0,39.0,39.0,0.0,0.0,0.0,5.958984375,5.958984375,5.958984375,243.884,243.884,243.884,39.0,0.0,5.958984375,243.884,5
11775908.15710628,3.6448097229003906,101470445.5061392,200940.92874433912,2100046.1996075446,13231931.718620973,20.174999999999997,20.174999999999997,20.174999999999997,20.174999999999997,20.174999999999997,20.174999999999997,20.174999999999997,20.174999999999997,20.174999999999997,20.174999999999997,20.174999999999997,41.0,41.0,41.0,0.0,0.0,0.0,5.958984375,5.958984375,5.958984375,245.633,245.633,245.633,41.0,0.0,5.958984375,245.633,5
11775909.158405984,3.6448097229003906,101231676.83594176,200410.52573951922,2094429.862190771,13196544.405131694,20.012500000000003,20.012500000000003,20.012500000000003,20.012500000000003,20.012500000000003,20.012500000000003,20.012500000000003,20.012500000000003,20.012500000000003,20.012500000000003,20.012500000000003,37.0,37.0,37.0,0.0,0.0,0.0,5.958984375,5.958984375,5.958984375,243.939,243.939,243.939,37.0,0.0,5.958984375,243.939,5
11775910.158088585,3.6448097229003906,101428086.11820476,200743.71574597535,2097817.8441504072,13217891.338338308,19.725,19.725,19.725,19.725,19.725,19.725,19.725,19.725,19.725,19.725,19.725,38.0,38.0,38.0,0.0,0.0,0.0,5.958984375,5.958984375,5.958984375,231.396,231.396,231.396,38.0,0.0,5.958984375,231.396,5
11775911.160568053,3.6448135375976562,101183141.68449897,200185.6461881066,2091965.040585006,13189185.84181328,20.037499999999998,20.037499999999998,20.037499999999998,20.037499999999998,20.037499999999998,20.037499999999998,20.037499999999998,20.037499999999998,20.037499999999998,20.037499999999998,20.037499999999998,42.0,42.0,42.0,0.0,0.0,0.0,5.958984375,5.958984375,5.958984375,243.082,243.082,243.082,42.0,0.0,5.958984375,243.082,5
11775912.159007031,3.644817352294922,101625315.29523814,201006.7758851904,2100430.8175231763,13242559.91985315,20.15,20.15,20.15,20.15,20.15,20.15,20.15,20.15,20.15,20.15,20.15,43.0,43.0,43.0,0.0,0.0,0.0,5.958984375,5.958984375,5.958984375,242.413,242.413,242.413,43.0,0.0,5.958984375,242.413,5
11775913.157989684,3.644817352294922,101602685.18474844,200905.39049191854,2099287.704002013,13235352.94632519,19.95,19.95,19.95,19.95,19.95,19.95,19.95,19.95,19.95,19.95,19.95,52.0,52.0,52.0,0.0,0.0,0.0,5.958984375,5.958984375,5.958984375,243.011,243.011,243.011,52.0,0.0,5.958984375,243.011,5
11775914.159208167,3.644824981689453,101408391.61377153,200456.74689134877,2094599.7661032374,13205796.962854005,19.9375,19.9375,19.9375,19.9375,19.9375,19.9375,19.9375,19.9375,19.9375,19.9375,19.9375,42.0,42.0,42.0,0.0,0.0,0.0,5.958984375,5.958984375,5.958984375,230.561,230.561,230.561,42.0,0.0,5.958984375,230.561,5
11775915.132878901,3.644824981689453,104311045.24739829,206140.52879698938,2153861.59465338,13579424.272541232,20.2125,20.2125,20.2125,20.2125,20.2125,20.2125,20.2125,20.2125,20.2125,20.2125,20.2125,40.0,40.0,40.0,0.0,0.0,0.0,5.958984375,5.958984375,5.958984375,239.721,239.721,239.721,40.0,0.0,5.958984375,239.721,5
11775916.160284163,3.6448287963867188,98887250.97910959,195369.83839322388,2041212.0490127052,12869204.09025979,20.175,20.175,20.175,20.175,20.175,20.175,20.175,20.175,20.175,20.175,20.175,38.0,38.0,38.0,0.0,0.0,0.0,5.958984375,5.958984375,5.958984375,245.815,245.815,245.815,38.0,0.0,5.958984375,245.815,5
11775917.158853184,3.6448287963867188,101781074.58017325,201021.65777052168,2100157.280962692,13240835.357319474,20.25,20.25,20.25,20.25,20.25,20.25,20.25,20.25,20.25,20.25,20.25,41.0,41.0,41.0,0.0,0.0,0.0,5.958984375,5.958984375,5.958984375,232.278,232.278,232.278,41.0,0.0,5.958984375,232.278,5
11775918.159333749,3.6448287963867188,101619253.4134841,200637.5807392219,2096144.6676817117,13215537.084524542,19.849999999999998,19.849999999999998,19.849999999999998,19.849999999999998,19.849999999999998,19.849999999999998,19.849999999999998,19.849999999999998,19.849999999999998,19.849999999999998,19.849999999999998,42.0,42.0,42.0,0.0,0.0,0.0,5.958984375,5.958984375,5.958984375,242.571,242.571,242.571,42.0,0.0,5.958984375,242.571,5
11775919.16115246,3.6448287963867188,101516126.51032254,200376.5729350648,2093344.8108952183,13197884.862440946,20.4875,20.4875,20.4875,20.4875,20.4875,20.4875,20.4875,20.4875,20.4875,20.4875,20.4875,40.0,40.0,40.0,0.0,0.0,0.0,5.958984375,5.958984375,5.958984375,243.375,243.375,243.375,40.0,0.0,5.958984375,243.375,5
11775920.161178164,3.6448287963867188,101730807.06015868,200742.84000505495,2097098.0951355977,13221548.146675214,19.9125,19.9125,19.9125,19.9125,19.9125,19.9125,19.9125,19.9125,19.9125,19.9125,19.9125,38.0,38.0,38.0,0.0,0.0,0.0,5.958984375,5.958984375,5.958984375,240.837,240.837,240.837,38.0,0.0,5.958984375,240.837,5
11775921.158990284,3.6448287963867188,101989222.15449148,201188.17553642142,2101750.3771024235,13250879.330637934,20.012500000000003,20.012500000000003,20.012500000000003,20.012500000000003,20.012500000000003,20.012500000000003,20.012500000000003,20.012500000000003,20.012500000000003,20.012500000000003,20.012500000000003,40.0,40.0,40.0,0.0,0.0,0.0,5.958984375,5.958984375,5.958984375,230.926,230.926,230.926,40.0,0.0,5.958984375,230.926,5
11775922.159056826,3.6448402404785156,101797453.28188685,200744.6422235988,2097012.4624099897,13221008.259100482,22.5625,22.5625,22.5625,22.5625,22.5625,22.5625,22.5625,22.5625,22.5625,22.5625,22.5625,51.0,51.0,51.0,0.0,0.0,0.0,5.958984375,5.958984375,5.958984375,244.705,244.705,244.705,51.0,0.0,5.958984375,244.705,5
11775923.148696179,3.6448402404785156,102903037.04128431,202867.8420981952,2119107.3229128155,13360309.44992689,20.262500000000003,20.262500000000003,20.262500000000003,20.262500000000003,20.262500000000003,20.262500000000003,20.262500000000003,20.262500000000003,20.262500000000003,20.262500000000003,20.262500000000003,90.0,90.0,90.0,0.0,0.0,0.0,5.958984375,5.958984375,5.958984375,251.867,251.867,251.867,90.0,0.0,5.958984375,251.867,5
11775924.153066564,3.6448402404785156,101426289.98443948,199899.36266777967,2088026.5185929355,13164354.691441398,20.2375,20.2375,20.2375,20.2375,20.2375,20.2375,20.2375,20.2375,20.2375,20.2375,20.2375,39.0,39.0,39.0,0.0,0.0,0.0,5.958984375,5.958984375,5.958984375,251.2,251.2,251.2,39.0,0.0,5.958984375,251.2,5
11775925.158550644,3.6448402404785156,101346438.03198478,199686.90107113426,2085713.778900157,13149773.590409584,20.0125,20.0125,20.0125,20.0125,20.0125,20.0125,20.0125,20.0125,20.0125,20.0125,20.0125,43.0,43.0,43.0,0.0,0.0,0.0,5.958984375,5.958984375,5.958984375,229.216,229.216,229.216,43.0,0.0,5.958984375,229.216,5
11775926.159933796,3.6448402404785156,101794093.31059764,200506.66882825928,2094255.3268513505,13203625.381008124,20.2875,20.2875,20.2875,20.2875,20.2875,20.2875,20.2875,20.2875,20.2875,20.2875,20.2875,44.0,44.0,44.0,0.0,0.0,0.0,5.958984375,5.958984375,5.958984375,243.705,243.705,243.705,44.0,0.0,5.958984375,243.705,5
11775927.159232048,3.6448402404785156,102041902.68425556,200933.00430068426,2098624.7053427855,13231172.946965842,20.1375,20.1375,20.1375,20.1375,20.1375,20.1375,20.1375,20.1375,20.1375,20.1375,20.1375,42.0,42.0,42.0,0.0,0.0,0.0,5.958984375,5.958984375,5.958984375,240.931,240.931,240.931,42.0,0.0,5.958984375,240.931,5
11775928.160733644,3.6448402404785156,101852761.34157503,200499.93018674265,2094007.6473273926,13202063.839009421,19.849999999999998,19.849999999999998,19.849999999999998,19.849999999999998,19.849999999999998,19.849999999999998,19.849999999999998,19.849999999999998,19.849999999999998,19.849999999999998,19.849999999999998,51.0,51.0,51.0,0.0,0.0,0.0,5.958984375,5.958984375,5.958984375,243.889,243.889,243.889,51.0,0.0,5.958984375,243.889,5
11775929.160271736,3.6448402404785156,102085517.12289597,200893.79446233014,2098121.1390593904,13227998.1189135,19.875,19.875,19.875,19.875,19.875,19.875,19.875,19.875,19.875,19.875,19.875,43.0,43.0,43.0,0.0,0.0,0.0,5.958984375,5.958984375,5.958984375,230.109,230.109,230.109,43.0,0.0,5.958984375,230.109,5
11775930.1429234,3.644855499267578,103873054.6593812,204353.18777562075,2134176.409555489,13455315.332119372,19.95,19.95,19.95,19.95,19.95,19.95,19.95,19.95,19.95,19.95,19.95,40.0,40.0,40.0,0.0,0.0,0.0,5.958984375,5.958984375,5.958984375,237.761,237.761,237.761,40.0,0.0,5.958984375,237.761,5
11775931.16043848,3.644855499267578,100346152.11306688,197358.25437614578,2061052.500467808,12994291.936543133,20.474999999999998,20.474999999999998,20.474999999999998,20.474999999999998,20.474999999999998,20.474999999999998,20.474999999999998,20.474999999999998,20.474999999999998,20.474999999999998,20.474999999999998,41.0,41.0,41.0,0.0,0.0,0.0,5.958984375,5.958984375,5.958984375,245.551,245.551,245.551,41.0,0.0,5.958984375,245.551,5
11775932.161177864,3.6448707580566406,102060951.72010449,200673.62504360906,2095602.544081101,13212119.164636316,19.662499999999998,19.662499999999998,19.662499999999998,19.662499999999998,19.662499999999998,19.662499999999998,19.662499999999998,19.662499999999998,19.662499999999998,19.662499999999998,19.662499999999998,46.0,46.0,46.0,0.0,0.0,0.0,5.958984375,5.958984375,5.958984375,234.259,234.259,234.259,46.0,0.0,5.958984375,234.259,5
11775933.161071066,3.6448707580566406,102182739.96181305,200845.44998976227,2097375.996578745,13223300.228430057,19.9,19.9,19.9,19.9,19.9,19.9,19.9,19.9,19.9,19.9,19.9,44.0,44.0,44.0,0.0,0.0,0.0,5.958984375,5.958984375,5.958984375,245.039,245.039,245.039,44.0,0.0,5.958984375,245.039,5
11775934.161529917,3.6448707580566406,102157654.8112827,200739.89020897142,2096190.160091643,13215823.89995278,20.2,20.2,20.2,20.2,20.2,20.2,20.2,20.2,20.2,20.2,20.2,42.0,42.0,42.0,0.0,0.0,0.0,5.958984375,5.958984375,5.958984375,241.657,241.657,241.657,42.0,0.0,5.958984375,241.657,5
11775935.16057722,3.6448707580566406,102334714.91733174,201030.52105927243,2099151.854472962,13234496.457497505,20.15,20.15,20.15,20.15,20.15,20.15,20.15,20.15,20.15,20.15,20.15,41.0,41.0,41.0,0.0,0.0,0.0,5.958984375,5.958984375,5.958984375,240.666,240.666,240.666,41.0,0.0,5.958984375,240.666,5
11775936.162688157,3.6448707580566406,102054474.56144333,200415.9348387555,2092734.3722034355,13194036.237251347,20.025,20.025,20.025,20.025,20.025,20.025,20.025,20.025,20.025,20.025,20.025,46.0,46.0,46.0,0.0,0.0,0.0,5.958984375,5.958984375,5.958984375,228.612,228.612,228.612,46.0,0.0,5.958984375,228.612,5
11775937.161514906,3.6448707580566406,102422767.55066045,201085.92413633817,2099615.3745300965,13237418.806607718,19.987499999999997,19.987499999999997,19.987499999999997,19.987499999999997,19.987499999999997,19.987499999999997,19.987499999999997,19.987499999999997,19.987499999999997,19.987499999999997,19.987499999999997,40.0,40.0,40.0,0.0,0.0,0.0,5.958984375,5.958984375,5.958984375,234.912,234.912,234.912,40.0,0.0,5.958984375,234.912,5
11775938.160878228,3.6448707580566406,102403220.89723264,200987.96465335417,2098488.0615787664,13230311.450734878,20.3125,20.3125,20.3125,20.3125,20.3125,20.3125,20.3125,20.3125,20.3125,20.3125,20.3125,42.0,42.0,42.0,0.0,0.0,0.0,5.958984375,5.958984375,5.958984375,244.055,244.055,244.055,42.0,0.0,5.958984375,244.055,5
11775939.15122368,3.6448707580566406,103371475.87767355,202829.2244875058,2117596.4364812328,13350783.783127774,20.425,20.425,20.425,20.425,20.425,20.425,20.425,20.425,20.425,20.425,20.425,92.0,92.0,92.0,0.0,0.0,0.0,5.958984375,5.958984375,5.958984375,251.616,251.616,251.616,92.0,0.0,5.958984375,251.616,5
11775940.14986758,3.6448707580566406,102545223.64582925,201150.78070718917,2099999.811137323,13239842.55927984,20.5625,20.5625,20.5625,20.5625,20.5625,20.5625,20.5625,20.5625,20.5625,20.5625,20.5625,89.0,89.0,89.0,0.0,0.0,0.0,5.958984375,5.958984375,5.958984375,249.095,249.095,249.095,89.0,0.0,5.958984375,249.095,5
11775941.153146716,3.6448707580566406,102104032.93942396,200221.44654778333,2090297.6287626165,13178673.331339309,20.2625,20.2625,20.2625,20.2625,20.2625,20.2625,20.2625,20.2625,20.2625,20.2625,20.2625,91.0,91.0,91.0,0.0,0.0,0.0,5.958984375,5.958984375,5.958984375,260.719,260.719,260.719,91.0,0.0,5.958984375,260.719,5
11775942.150163095,3.6448707580566406,102778188.09768593,201487.16120254676,2103427.830163592,13261455.147984521,20.474999999999998,20.474999999999998,20.474999999999998,20.474999999999998,20.474999999999998,20.474999999999998,20.474999999999998,20.474999999999998,20.474999999999998,20.474999999999998,20.474999999999998,91.0,91.0,91.0,0.0,0.0,0.0,5.958984375,5.958984375,5.958984375,260.026,260.026,260.026,91.0,0.0,5.958984375,260.026,5
11775943.149521168,3.6448707580566406,102570078.51541445,201030.04663948985,2098499.0834794226,13230380.940374171,20.35,20.35,20.35,20.35,20.35,20.35,20.35,20.35,20.35,20.35,20.35,92.0,92.0,92.0,0.0,0.0,0.0,5.958984375,5.958984375,5.958984375,260.024,260.024,260.024,92.0,0.0,5.958984375,260.024,5
11775944.150618011,3.644908905029297,102427326.32352212,200693.87037116964,2094854.2741503287,13211493.068811351,20.675,20.675,20.675,20.675,20.675,20.675,20.675,20.675,20.675,20.675,20.675,40.0,40.0,40.0,0.0,0.0,0.0,5.958984375,5.958984375,5.958984375,256.016,256.016,256.016,40.0,0.0,5.958984375,256.016,5
11775945.16444166,3.6449127197265625,101176478.87757142,198183.38249959887,2068556.9943500683,13045645.575696036,20.1125,20.1125,20.1125,20.1125,20.1125,20.1125,20.1125,20.1125,20.1125,20.1125,20.1125,39.0,39.0,39.0,0.0,0.0,0.0,5.958984375,5.958984375,5.958984375,244.954,244.954,244.954,39.0,0.0,5.958984375,244.954,5
11775946.161391677,3.644916534423828,102921700.40689701,201537.68645945186,2103567.845561794,13266446.432263738,20.05,20.05,20.05,20.05,20.05,20.05,20.05,20.05,20.05,20.05,20.05,41.0,41.0,41.0,0.0,0.0,0.0,5.958984375,5.958984375,5.958984375,227.16,227.16,227.16,41.0,0.0,5.958984375,227.16,5
11775947.13133316,3.644916534423828,105821314.90434946,207157.85822096962,2162142.8086448726,13635857.674051354,19.799999999999997,19.799999999999997,19.799999999999997,19.799999999999997,19.799999999999997,19.799999999999997,19.799999999999997,19.799999999999997,19.799999999999997,19.799999999999997,19.799999999999997,42.0,42.0,42.0,0.0,0.0,0.0,5.958984375,5.958984375,5.958984375,242.086,242.086,242.086,42.0,0.0,5.958984375,242.086,5
11775948.163488597,3.644916534423828,99474529.0100234,194679.980088218,2031818.0033938817,12813945.962810243,19.95,19.95,19.95,19.95,19.95,19.95,19.95,19.95,19.95,19.95,19.95,41.0,41.0,41.0,0.0,0.0,0.0,5.958984375,5.958984375,5.958984375,245.297,245.297,245.297,41.0,0.0,5.958984375,245.297,5
11775949.163451947,3.644916534423828,102712365.34717433,200956.36493139787,2097228.8621919537,13226468.742222302,20.0875,20.0875,20.0875,20.0875,20.0875,20.0875,20.0875,20.0875,20.0875,20.0875,20.0875,44.0,44.0,44.0,0.0,0.0,0.0,5.958984375,5.958984375,5.958984375,234.914,234.914,234.914,44.0,0.0,5.958984375,234.914,5
11775950.16395535,3.6449203491210938,102692337.4510629,200849.89172197029,2096096.8202423148,13223423.299575541,21.125,21.125,21.125,21.125,21.125,21.125,21.125,21.125,21.125,21.125,21.125,40.0,40.0,40.0,0.0,0.0,0.0,5.958984375,5.958984375,5.958984375,240.706,240.706,240.706,40.0,0.0,5.958984375,240.706,5
11775951.161603272,3.644927978515625,103019038.7645852,201444.81381687714,2102096.2934238845,13318750.734115394,19.6875,19.6875,19.6875,19.6875,19.6875,19.6875,19.6875,19.6875,19.6875,19.6875,19.6875,41.0,41.0,41.0,0.0,0.0,0.0,5.958984375,5.958984375,5.958984375,243.185,243.185,243.185,41.0,0.0,5.958984375,243.185,5
11775952.164683286,3.644927978515625,102493738.83518624,200362.8794981321,2090712.5757053772,13246624.210133288,20.3,20.3,20.3,20.3,20.3,20.3,20.3,20.3,20.3,20.3,20.3,47.0,47.0,47.0,0.0,0.0,0.0,5.958984375,5.958984375,5.958984375,243.671,243.671,243.671,47.0,0.0,5.958984375,243.671,5
11775953.16539992,3.644927978515625,102768466.61296356,200845.0675768191,2095650.185626384,13277908.597992167,19.7125,19.7125,19.7125,19.7125,19.7125,19.7125,19.7125,19.7125,19.7125,19.7125,19.7125,47.0,47.0,47.0,0.0,0.0,0.0,5.958984375,5.958984375,5.958984375,226.575,226.575,226.575,47.0,0.0,5.958984375,226.575,5
11775954.164646592,3.644927978515625,102952354.91263987,201140.52483035324,2098733.0347880977,13297441.337602712,17.675,17.675,17.675,17.675,17.675,17.675,17.675,17.675,17.675,17.675,17.675,0.0,0.0,0.0,0.0,0.0,0.0,5.958984375,5.958984375,5.958984375,204.607,204.607,204.607,0.0,0.0,5.958984375,204.607,5
11775955.330508351,3.644927978515625,88272020.39692795,172405.517541534,1798799.8861859548,11397083.653881323,21.9,21.9,21.9,21.9,21.9,21.9,21.9,21.9,21.9,21.9,21.9,42.0,42.0,42.0,0.0,0.0,0.0,5.958984375,5.958984375,5.958984375,231.834,231.834,231.834,42.0,0.0,5.958984375,231.834,5
11775956.331651356,3.644927978515625,102828133.9549448,200781.505786129,2094757.6820293022,13272253.750982532,19.9375,19.9375,19.9375,19.9375,19.9375,19.9375,19.9375,19.9375,19.9375,19.9375,19.9375,48.0,48.0,48.0,0.0,0.0,0.0,5.958984375,5.958984375,5.958984375,227.058,227.058,227.058,48.0,0.0,5.958984375,227.058,5
11775957.32372245,3.644927978515625,103801382.40464933,202617.5353938321,2113913.0176271237,13393620.760121856,20.55,20.55,20.55,20.55,20.55,20.55,20.55,20.55,20.55,20.55,20.55,92.0,92.0,92.0,0.0,0.0,0.0,5.958984375,5.958984375,5.958984375,253.541,253.541,253.541,92.0,0.0,5.958984375,253.541,5
11775958.303367732,3.644927978515625,105151368.44892634,205194.679837005,2140725.871362439,13563505.325585453,20.424999999999997,20.424999999999997,20.424999999999997,20.424999999999997,20.424999999999997,20.424999999999997,20.424999999999997,20.424999999999997,20.424999999999997,20.424999999999997,20.424999999999997,78.0,78.0,78.0,0.0,0.0,0.0,5.958984375,5.958984375,5.958984375,253.759,253.759,253.759,78.0,0.0,5.958984375,253.759,5
11775959.321646264,3.644927978515625,101194056.23225364,197419.46209788963,2059507.2317165441,13048909.100954043,20.375,20.375,20.375,20.375,20.375,20.375,20.375,20.375,20.375,20.375,20.375,78.0,78.0,78.0,0.0,0.0,0.0,5.958984375,5.958984375,5.958984375,258.436,258.436,258.436,78.0,0.0,5.958984375,258.436,5
11775960.324366668,3.644927978515625,102796777.1933395,200489.58724144165,2091462.3765143575,13251374.901196437,20.3375,20.3375,20.3375,20.3375,20.3375,20.3375,20.3375,20.3375,20.3375,20.3375,20.3375,92.0,92.0,92.0,0.0,0.0,0.0,5.958984375,5.958984375,5.958984375,257.785,257.785,257.785,92.0,0.0,5.958984375,257.785,5
11775961.320568185,3.644927978515625,103502294.70062989,201808.5663965225,2105148.3701694175,13338088.501620293,20.6125,20.6125,20.6125,20.6125,20.6125,20.6125,20.6125,20.6125,20.6125,20.6125,20.6125,90.0,90.0,90.0,0.0,0.0,0.0,5.958984375,5.958984375,5.958984375,258.045,258.045,258.045,90.0,0.0,5.958984375,258.045,5
11775962.323271831,3.644927978515625,102863752.80582327,200509.89219232983,2091497.3311925717,13251596.371852934,20.362499999999997,20.362499999999997,20.362499999999997,20.362499999999997,20.362499999999997,20.362499999999997,20.362499999999997,20.362499999999997,20.362499999999997,20.362499999999997,20.362499999999997,88.0,88.0,88.0,0.0,0.0,0.0,5.958984375,5.958984375,5.958984375,251.654,251.654,251.654,88.0,0.0,5.958984375,251.654,5
11775963.322906774,3.644947052001953,103212246.4521526,201126.42280164076,2097917.861615129,13292276.451327106,19.7625,19.7625,19.7625,19.7625,19.7625,19.7625,19.7625,19.7625,19.7625,19.7625,19.7625,43.0,43.0,43.0,0.0,0.0,0.0,5.958984375,5.958984375,5.958984375,251.286,251.286,251.286,43.0,0.0,5.958984375,251.286,5
11775964.302610416,3.644947052001953,105345402.96719696,205225.3266117589,2140598.3495200607,13562697.35516226,19.787499999999998,19.787499999999998,19.787499999999998,19.787499999999998,19.787499999999998,19.787499999999998,19.787499999999998,19.787499999999998,19.787499999999998,19.787499999999998,19.787499999999998,43.0,43.0,43.0,0.0,0.0,0.0,5.958984375,5.958984375,5.958984375,242.842,242.842,242.842,43.0,0.0,5.958984375,242.842,5
11775965.333261289,3.644947052001953,100169654.6628042,195087.40090231792,2034784.091755971,12892264.831360098,20.3,20.3,20.3,20.3,20.3,20.3,20.3,20.3,20.3,20.3,20.3,41.0,41.0,41.0,0.0,0.0,0.0,5.958984375,5.958984375,5.958984375,243.035,243.035,243.035,41.0,0.0,5.958984375,243.035,5
11775966.333684731,3.64495849609375,103228901.48841234,200992.8910531873,2096264.3524302703,13281799.920476165,19.825,19.825,19.825,19.825,19.825,19.825,19.825,19.825,19.825,19.825,19.825,41.0,41.0,41.0,0.0,0.0,0.0,5.958984375,5.958984375,5.958984375,229.528,229.528,229.528,41.0,0.0,5.958984375,229.528,5
11775967.332838424,3.64495849609375,103392775.10425037,201248.31800611434,2098928.3392671435,13298678.774575418,20.0,20.0,20.0,20.0,20.0,20.0,20.0,20.0,20.0,20.0,20.0,43.0,43.0,43.0,0.0,0.0,0.0,5.958984375,5.958984375,5.958984375,240.387,240.387,240.387,43.0,0.0,5.958984375,240.387,5
11775968.334845448,3.64495849609375,103130954.66144769,200683.22388049003,2092951.3955592008,13260809.232800873,19.8,19.8,19.8,19.8,19.8,19.8,19.8,19.8,19.8,19.8,19.8,39.0,39.0,39.0,0.0,0.0,0.0,5.958984375,5.958984375,5.958984375,240.382,240.382,240.382,39.0,0.0,5.958984375,240.382,5
11775969.33362772,3.64495849609375,103496638.8047289,201338.17523022936,2099708.8752986225,13303624.202087367,20.4125,20.4125,20.4125,20.4125,20.4125,20.4125,20.4125,20.4125,20.4125,20.4125,20.4125,42.0,42.0,42.0,0.0,0.0,0.0,5.958984375,5.958984375,5.958984375,242.218,242.218,242.218,42.0,0.0,5.958984375,242.218,5
11775970.333158731,3.64495849609375,103451785.6431014,201187.3544492635,2098136.0005469206,13293658.565965254,19.9875,19.9875,19.9875,19.9875,19.9875,19.9875,19.9875,19.9875,19.9875,19.9875,19.9875,42.0,42.0,42.0,0.0,0.0,0.0,5.958984375,5.958984375,5.958984375,230.422,230.422,230.422,42.0,0.0,5.958984375,230.422,5
11775971.333990917,3.64495849609375,103349928.72414564,200932.7867189066,2095408.2323875108,13276375.597392743,19.9375,19.9375,19.9375,19.9375,19.9375,19.9375,19.9375,19.9375,19.9375,19.9375,19.9375,41.0,41.0,41.0,0.0,0.0,0.0,5.958984375,5.958984375,5.958984375,238.561,238.561,238.561,41.0,0.0,5.958984375,238.561,5
11775972.332893956,3.6449737548828125,103582140.48110071,201328.84972663617,2099455.0185070434,13302015.78132197,20.425,20.425,20.425,20.425,20.425,20.425,20.425,20.425,20.425,20.425,20.425,43.0,43.0,43.0,0.0,0.0,0.0,5.958984375,5.958984375,5.958984375,242.843,242.843,242.843,43.0,0.0,5.958984375,242.843,5
11775973.33310116,3.6449737548828125,103479644.56526507,201073.3367256,2096717.5509572409,13284671.358018143,19.799999999999997,19.799999999999997,19.799999999999997,19.799999999999997,19.799999999999997,19.799999999999997,19.799999999999997,19.799999999999997,19.799999999999997,19.799999999999997,19.799999999999997,45.0,45.0,45.0,0.0,0.0,0.0,5.958984375,5.958984375,5.958984375,229.457,229.457,229.457,45.0,0.0,5.958984375,229.457,5
11775974.334029011,3.6449737548828125,103437711.25712776,200929.56737953392,2095207.9600286616,13275106.684244098,19.775,19.775,19.775,19.775,19.775,19.775,19.775,19.775,19.775,19.775,19.775,43.0,43.0,43.0,0.0,0.0,0.0,5.958984375,5.958984375,5.958984375,243.028,243.028,243.028,43.0,0.0,5.958984375,243.028,5
11775975.334244944,3.6449737548828125,103543926.4776059,201083.57947435734,2096699.2540126757,13284555.429720936,20.025000000000002,20.025000000000002,20.025000000000002,20.025000000000002,20.025000000000002,20.025000000000002,20.025000000000002,20.025000000000002,20.025000000000002,20.025000000000002,20.025000000000002,43.0,43.0,43.0,0.0,0.0,0.0,5.958984375,5.958984375,5.958984375,242.528,242.528,242.528,43.0,0.0,5.958984375,242.528,5
11775976.335648747,3.6449737548828125,103453651.45312761,200852.04329789442,2094212.1387048727,13268797.222575406,20.3375,20.3375,20.3375,20.3375,20.3375,20.3375,20.3375,20.3375,20.3375,20.3375,20.3375,42.0,42.0,42.0,0.0,0.0,0.0,5.958984375,5.958984375,5.958984375,243.771,243.771,243.771,42.0,0.0,5.958984375,243.771,5
11775977.333178388,3.6449737548828125,103888108.94635029,201632.10372369926,2102345.5486807963,13320329.999844734,20.0875,20.0875,20.0875,20.0875,20.0875,20.0875,20.0875,20.0875,20.0875,20.0875,20.0875,43.0,43.0,43.0,0.0,0.0,0.0,5.958984375,5.958984375,5.958984375,229.616,229.616,229.616,43.0,0.0,5.958984375,229.616,5
11775978.335892944,3.6449737548828125,103383422.93888462,200596.46970763814,2091474.5757469274,13251452.194771549,20.362499999999997,20.362499999999997,20.362499999999997,20.362499999999997,20.362499999999997,20.362499999999997,20.362499999999997,20.362499999999997,20.362499999999997,20.362499999999997,20.362499999999997,43.0,43.0,43.0,0.0,0.0,0.0,5.958984375,5.958984375,5.958984375,243.763,243.763,243.763,43.0,0.0,5.958984375,243.763,5
11775979.336041708,3.6449737548828125,103681254.97421291,201119.08074517944,2096840.0659357717,13285447.605264928,20.224999999999998,20.224999999999998,20.224999999999998,20.224999999999998,20.224999999999998,20.224999999999998,20.224999999999998,20.224999999999998,20.224999999999998,20.224999999999998,20.224999999999998,44.0,44.0,44.0,0.0,0.0,0.0,5.958984375,5.958984375,5.958984375,241.4,241.4,241.4,44.0,0.0,5.958984375,241.4,5
11775980.334449148,3.6449737548828125,103894742.58423184,201476.86394204493,2100497.167222392,13308618.770448122,20.174999999999997,20.174999999999997,20.174999999999997,20.174999999999997,20.174999999999997,20.174999999999997,20.174999999999997,20.174999999999997,20.174999999999997,20.174999999999997,20.174999999999997,52.0,52.0,52.0,0.0,0.0,0.0,5.958984375,5.958984375,5.958984375,246.418,246.418,246.418,52.0,0.0,5.958984375,246.418,5
11775981.33475053,3.644977569580078,103730609.50573051,201095.39355395138,2096520.1474599624,13283420.621797105,19.7625,19.7625,19.7625,19.7625,19.7625,19.7625,19.7625,19.7625,19.7625,19.7625,19.7625,41.0,41.0,41.0,0.0,0.0,0.0,5.958984375,5.958984375,5.958984375,230.651,230.651,230.651,41.0,0.0,5.958984375,230.651,5
11775982.33159358,3.644977569580078,104123178.54717536,201800.07250372446,2103793.5686549256,13329504.563899567,19.912499999999998,19.912499999999998,19.912499999999998,19.912499999999998,19.912499999999998,19.912499999999998,19.912499999999998,19.912499999999998,19.912499999999998,19.912499999999998,19.912499999999998,77.0,77.0,77.0,0.0,0.0,0.0,5.958984375,5.958984375,5.958984375,241.922,241.922,241.922,77.0,0.0,5.958984375,241.922,5
11775983.334886856,3.644989013671875,103486253.22319888,200509.66636146285,2090268.1703498263,13243808.485575853,19.8375,19.8375,19.8375,19.8375,19.8375,19.8375,19.8375,19.8375,19.8375,19.8375,19.8375,41.0,41.0,41.0,0.0,0.0,0.0,5.958984375,5.958984375,5.958984375,242.096,242.096,242.096,41.0,0.0,5.958984375,242.096,5
11775984.336208249,3.644989013671875,103722600.7712403,200913.51446240884,2094384.496800708,13269889.272698235,20.299999999999997,20.299999999999997,20.299999999999997,20.299999999999997,20.299999999999997,20.299999999999997,20.299999999999997,20.299999999999997,20.299999999999997,20.299999999999997,20.299999999999997,87.0,87.0,87.0,0.0,0.0,0.0,5.958984375,5.958984375,5.958984375,232.859,232.859,232.859,87.0,0.0,5.958984375,232.859,5
11775985.32397232,3.644989013671875,105179212.30321619,203671.1050435624,2123130.47228745,13452021.976758767,20.349999999999998,20.349999999999998,20.349999999999998,20.349999999999998,20.349999999999998,20.349999999999998,20.349999999999998,20.349999999999998,20.349999999999998,20.349999999999998,20.349999999999998,91.0,91.0,91.0,0.0,0.0,0.0,5.958984375,5.958984375,5.958984375,254.11,254.11,254.11,91.0,0.0,5.958984375,254.11,5
11775986.324773213,3.644989013671875,103841678.95625857,201027.9981416446,2095473.750347913,13276790.71509498,20.0125,20.0125,20.0125,20.0125,20.0125,20.0125,20.0125,20.0125,20.0125,20.0125,20.0125,90.0,90.0,90.0,0.0,0.0,0.0,5.958984375,5.958984375,5.958984375,253.745,253.745,253.745,90.0,0.0,5.958984375,253.745,5
11775987.338069757,3.644989013671875,102593304.55525954,198556.8796042657,2069633.032181618,13113065.53983822,19.95,19.95,19.95,19.95,19.95,19.95,19.95,19.95,19.95,19.95,19.95,42.0,42.0,42.0,0.0,0.0,0.0,5.958984375,5.958984375,5.958984375,246.229,246.229,246.229,42.0,0.0,5.958984375,246.229,5
11775988.335273318,3.644989013671875,104281653.32969528,201768.23264632787,2103033.0044666696,13324685.676738039,20.275,20.275,20.275,20.275,20.275,20.275,20.275,20.275,20.275,20.275,20.275,42.0,42.0,42.0,0.0,0.0,0.0,5.958984375,5.958984375,5.958984375,243.577,243.577,243.577,42.0,0.0,5.958984375,243.577,5
11775989.336879322,3.644989013671875,103855831.08738142,200881.38363155973,2093789.3652496608,13266118.556386523,20.0,20.0,20.0,20.0,20.0,20.0,20.0,20.0,20.0,20.0,20.0,44.0,44.0,44.0,0.0,0.0,0.0,5.958984375,5.958984375,5.958984375,228.332,228.332,228.332,44.0,0.0,5.958984375,228.332,5
11775990.320781328,3.644989013671875,105757705.97130716,204503.08961622274,2131464.300633866,13504824.592297385,20.0125,20.0125,20.0125,20.0125,20.0125,20.0125,20.0125,20.0125,20.0125,20.0125,20.0125,43.0,43.0,43.0,0.0,0.0,0.0,5.958984375,5.958984375,5.958984375,240.256,240.256,240.256,43.0,0.0,5.958984375,240.256,5
11775991.336211907,3.644989013671875,102506085.74975608,198160.2722715881,2065283.48018023,13085507.050204426,19.7125,19.7125,19.7125,19.7125,19.7125,19.7125,19.7125,19.7125,19.7125,19.7125,19.7125,85.0,85.0,85.0,0.0,0.0,0.0,5.958984375,5.958984375,5.958984375,243.924,243.924,243.924,85.0,0.0,5.958984375,243.924,5
11775992.3365659,3.6450042724609375,104083564.05864884,201153.79279485554,2096409.8837983198,13282721.998128418,19.512500000000003,19.512500000000003,19.512500000000003,19.512500000000003,19.512500000000003,19.512500000000003,19.512500000000003,19.512500000000003,19.512500000000003,19.512500000000003,19.512500000000003,44.0,44.0,44.0,0.0,0.0,0.0,5.958984375,5.958984375,5.958984375,244.66,244.66,244.66,44.0,0.0,5.958984375,244.66,5
11775993.33567668,3.6450042724609375,104245694.48219982,201404.09279034627,2099018.4917553,13299249.975105848,19.975,19.975,19.975,19.975,19.975,19.975,19.975,19.975,19.975,19.975,19.975,44.0,44.0,44.0,0.0,0.0,0.0,5.958984375,5.958984375,5.958984375,231.403,231.403,231.403,44.0,0.0,5.958984375,231.403,5
11775994.336866025,3.64501953125,104061826.53552166,200992.94994067983,2094660.7247057953,13271639.435440624,19.75,19.75,19.75,19.75,19.75,19.75,19.75,19.75,19.75,19.75,19.75,43.0,43.0,43.0,0.0,0.0,0.0,5.958984375,5.958984375,5.958984375,243.401,243.401,243.401,43.0,0.0,5.958984375,243.401,5
11775995.33968597,3.64501953125,103925123.75924106,200674.10983948194,2091254.774389233,13254144.02908801,20.25,20.25,20.25,20.25,20.25,20.25,20.25,20.25,20.25,20.25,20.25,42.0,42.0,42.0,0.0,0.0,0.0,5.958984375,5.958984375,5.958984375,245.22,245.22,245.22,42.0,0.0,5.958984375,245.22,5
11775996.33715543,3.64501953125,104515266.19455187,201761.56596958183,2102472.3931619744,13325240.06994259,19.8,19.8,19.8,19.8,19.8,19.8,19.8,19.8,19.8,19.8,19.8,44.0,44.0,44.0,0.0,0.0,0.0,5.958984375,5.958984375,5.958984375,229.449,229.449,229.449,44.0,0.0,5.958984375,229.449,5
11775997.336505992,3.64501953125,104351143.5257706,201381.78484429224,2098514.853838128,13300157.618563918,20.162499999999998,20.162499999999998,20.162499999999998,20.162499999999998,20.162499999999998,20.162499999999998,20.162499999999998,20.162499999999998,20.162499999999998,20.162499999999998,20.162499999999998,43.0,43.0,43.0,0.0,0.0,0.0,5.958984375,5.958984375,5.958984375,241.441,241.441,241.441,43.0,0.0,5.958984375,241.441,5
11775998.338992776,3.64501953125,104057201.21577413,200758.75633465353,2091949.77275304,13258548.852702372,19.9375,19.9375,19.9375,19.9375,19.9375,19.9375,19.9375,19.9375,19.9375,19.9375,19.9375,43.0,43.0,43.0,0.0,0.0,0.0,5.958984375,5.958984375,5.958984375,243.109,243.109,243.109,43.0,0.0,5.958984375,243.109,5
11775999.338500367,3.64501953125,104399971.47215296,201364.15349561366,2098185.164989607,13298068.086701706,20.2875,20.2875,20.2875,20.2875,20.2875,20.2875,20.2875,20.2875,20.2875,20.2875,20.2875,46.0,46.0,46.0,0.0,0.0,0.0,5.958984375,5.958984375,5.958984375,244.365,244.365,244.365,46.0,0.0,5.958984375,244.365,5
11776000.33730823,3.64501953125,104505737.21864867,201505.22195148148,2099655.0777631146,13307384.23308849,19.837500000000002,19.837500000000002,19.837500000000002,19.837500000000002,19.837500000000002,19.837500000000002,19.837500000000002,19.837500000000002,19.837500000000002,19.837500000000002,19.837500000000002,42.0,42.0,42.0,0.0,0.0,0.0,5.958984375,5.958984375,5.958984375,228.723,228.723,228.723,42.0,0.0,5.958984375,228.723,5
11776001.319708474,3.64501953125,106284325.17894565,204877.79925584653,2134722.5966105424,13529638.332033612,19.5625,19.5625,19.5625,19.5625,19.5625,19.5625,19.5625,19.5625,19.5625,19.5625,19.5625,42.0,42.0,42.0,0.0,0.0,0.0,5.958984375,5.958984375,5.958984375,242.703,242.703,242.703,42.0,0.0,5.958984375,242.703,5
11776002.336184524,3.64501953125,102753372.29836407,198016.47072371785,2063159.284431989,13076077.886683213,20.3125,20.3125,20.3125,20.3125,20.3125,20.3125,20.3125,20.3125,20.3125,20.3125,20.3125,92.0,92.0,92.0,0.0,0.0,0.0,5.958984375,5.958984375,5.958984375,246.708,246.708,246.708,92.0,0.0,5.958984375,246.708,5
11776003.337041697,3.64501953125,104389459.22272876,201115.60922364102,2095355.9184580164,13280136.631633326,19.5625,19.5625,19.5625,19.5625,19.5625,19.5625,19.5625,19.5625,19.5625,19.5625,19.5625,43.0,43.0,43.0,0.0,0.0,0.0,5.958984375,5.958984375,5.958984375,239.735,239.735,239.735,43.0,0.0,5.958984375,239.735,5
11776004.338149812,3.64501953125,104395850.33604024,201065.19653138058,2094830.6855658453,13276807.763010094,19.787499999999998,19.787499999999998,19.787499999999998,19.787499999999998,19.787499999999998,19.787499999999998,19.787499999999998,19.787499999999998,19.787499999999998,19.787499999999998,19.787499999999998,42.0,42.0,42.0,0.0,0.0,0.0,5.958984375,5.958984375,5.958984375,231.677,231.677,231.677,42.0,0.0,5.958984375,231.677,5
11776005.336954461,3.64501953125,104669271.482945,201536.90727550376,2099661.8321607844,13307427.04172216,20.162499999999998,20.162499999999998,20.162499999999998,20.162499999999998,20.162499999999998,20.162499999999998,20.162499999999998,20.162499999999998,20.162499999999998,20.162499999999998,20.162499999999998,76.0,76.0,76.0,0.0,0.0,0.0,5.958984375,5.958984375,5.958984375,241.816,241.816,241.816,76.0,0.0,5.958984375,241.816,5
11776006.339251757,3.64501953125,104337080.91882908,200842.60523549875,2092345.2651454352,13261055.440228393,19.737499999999997,19.737499999999997,19.737499999999997,19.737499999999997,19.737499999999997,19.737499999999997,19.737499999999997,19.737499999999997,19.737499999999997,19.737499999999997,19.737499999999997,39.0,39.0,39.0,0.0,0.0,0.0,5.958984375,5.958984375,5.958984375,240.873,240.873,240.873,39.0,0.0,5.958984375,240.873,5
11776007.338159388,3.64501953125,104723790.99528904,201524.13866880507,2099445.3684852854,13306055.118622562,19.700000000000003,19.700000000000003,19.700000000000003,19.700000000000003,19.700000000000003,19.700000000000003,19.700000000000003,19.700000000000003,19.700000000000003,19.700000000000003,19.700000000000003,44.0,44.0,44.0,0.0,0.0,0.0,5.958984375,5.958984375,5.958984375,229.57,229.57,229.57,44.0,0.0,5.958984375,229.57,5
11776008.33775925,3.64501953125,104683926.92882618,201392.58465611376,2097991.484346379,13296840.55996875,19.6625,19.6625,19.6625,19.6625,19.6625,19.6625,19.6625,19.6625,19.6625,19.6625,19.6625,40.0,40.0,40.0,0.0,0.0,0.0,5.958984375,5.958984375,5.958984375,240.754,240.754,240.754,40.0,0.0,5.958984375,240.754,5
11776009.337404422,3.64501953125,104711836.72437531,201390.45903683294,2097896.3930379758,13296237.881656703,20.3,20.3,20.3,20.3,20.3,20.3,20.3,20.3,20.3,20.3,20.3,75.0,75.0,75.0,0.0,0.0,0.0,5.958984375,5.958984375,5.958984375,244.751,244.751,244.751,75.0,0.0,5.958984375,244.751,5
11776010.336165264,3.64501953125,104837234.92069472,201575.78428867116,2099753.9273246145,13308010.730797604,20.125,20.125,20.125,20.125,20.125,20.125,20.125,20.125,20.125,20.125,20.125,47.0,47.0,47.0,0.0,0.0,0.0,5.958984375,5.958984375,5.958984375,245.967,245.967,245.967,47.0,0.0,5.958984375,245.967,5
11776011.337446395,3.64501953125,104605947.0722568,201068.40502135735,2094468.7110822727,13274513.608324168,19.712500000000002,19.712500000000002,19.712500000000002,19.712500000000002,19.712500000000002,19.712500000000002,19.712500000000002,19.712500000000002,19.712500000000002,19.712500000000002,19.712500000000002,42.0,42.0,42.0,0.0,0.0,0.0,5.958984375,5.958984375,5.958984375,231.135,231.135,231.135,42.0,0.0,5.958984375,231.135,5
11776012.333339583,3.64501953125,105204659.77807346,202163.24648281973,2105800.125602551,13346330.87418023,19.95,19.95,19.95,19.95,19.95,19.95,19.95,19.95,19.95,19.95,19.95,74.0,74.0,74.0,0.0,0.0,0.0,5.958984375,5.958984375,5.958984375,243.052,243.052,243.052,74.0,0.0,5.958984375,243.052,5
11776013.337576281,3.64501953125,104363115.97953503,200490.5819223499,2088304.4842536005,13235445.412896354,20.075,20.075,20.075,20.075,20.075,20.075,20.075,20.075,20.075,20.075,20.075,40.0,40.0,40.0,0.0,0.0,0.0,5.958984375,5.958984375,5.958984375,242.246,242.246,242.246,40.0,0.0,5.958984375,242.246,5
11776014.339502228,3.64501953125,104636389.84375627,200959.96173551102,2093120.7600488232,13265970.442106312,20.15,20.15,20.15,20.15,20.15,20.15,20.15,20.15,20.15,20.15,20.15,42.0,42.0,42.0,0.0,0.0,0.0,5.958984375,5.958984375,5.958984375,230.678,230.678,230.678,42.0,0.0,5.958984375,230.678,5
11776015.338117719,3.64501953125,105015945.5982085,201626.15337063157,2100059.5528789936,13309947.752133466,19.737499999999997,19.737499999999997,19.737499999999997,19.737499999999997,19.737499999999997,19.737499999999997,19.737499999999997,19.737499999999997,19.737499999999997,19.737499999999997,19.737499999999997,43.0,43.0,43.0,0.0,0.0,0.0,5.958984375,5.958984375,5.958984375,245.192,245.192,245.192,43.0,0.0,5.958984375,245.192,5
11776016.33747348,3.64501953125,104970820.26118249,201484.804301482,2098503.9373765816,13300088.431224624,19.95,19.95,19.95,19.95,19.95,19.95,19.95,19.95,19.95,19.95,19.95,76.0,76.0,76.0,0.0,0.0,0.0,5.958984375,5.958984375,5.958984375,244.047,244.047,244.047,76.0,0.0,5.958984375,244.047,5
11776017.338385744,3.64501953125,104840195.06539507,201178.4721244286,2095240.5874628266,13279405.676400142,19.9375,19.9375,19.9375,19.9375,19.9375,19.9375,19.9375,19.9375,19.9375,19.9375,19.9375,42.0,42.0,42.0,0.0,0.0,0.0,5.958984375,5.958984375,5.958984375,241.623,241.623,241.623,42.0,0.0,5.958984375,241.623,5
11776018.338374415,3.64501953125,104969662.16013326,201364.28117696592,2097175.758081646,13291670.576122932,19.862499999999997,19.862499999999997,19.862499999999997,19.862499999999997,19.862499999999997,19.862499999999997,19.862499999999997,19.862499999999997,19.862499999999997,19.862499999999997,19.862499999999997,42.0,42.0,42.0,0.0,0.0,0.0,5.958984375,5.958984375,5.958984375,229.048,229.048,229.048,42.0,0.0,5.958984375,229.048,5
11776019.338689338,3.64501953125,104968059.14356227,201305.60423453012,2096491.7665164615,13287335.51239437,19.799999999999997,19.799999999999997,19.799999999999997,19.799999999999997,19.799999999999997,19.799999999999997,19.799999999999997,19.799999999999997,19.799999999999997,19.799999999999997,19.799999999999997,42.0,42.0,42.0,0.0,0.0,0.0,5.958984375,5.958984375,5.958984375,241.303,241.303,241.303,42.0,0.0,5.958984375,241.303,5
11776020.3382152,3.64501953125,105083599.14701296,201471.52534343247,2098146.81152188,13297825.006618164,20.3125,20.3125,20.3125,20.3125,20.3125,20.3125,20.3125,20.3125,20.3125,20.3125,20.3125,77.0,77.0,77.0,0.0,0.0,0.0,5.958984375,5.958984375,5.958984375,242.211,242.211,242.211,77.0,0.0,5.958984375,242.211,5
11776021.337904362,3.64501953125,105099114.822038,201449.61824125814,2097804.0776906703,13295652.79708247,20.475,20.475,20.475,20.475,20.475,20.475,20.475,20.475,20.475,20.475,20.475,61.0,61.0,61.0,0.0,0.0,0.0,5.958984375,5.958984375,5.958984375,246.184,246.184,246.184,61.0,0.0,5.958984375,246.184,5
11776022.337496083,3.64501953125,105142033.26087673,201469.2556215291,2098008.5723765735,13296948.862035118,19.637500000000003,19.637500000000003,19.637500000000003,19.637500000000003,19.637500000000003,19.637500000000003,19.637500000000003,19.637500000000003,19.637500000000003,19.637500000000003,19.637500000000003,43.0,43.0,43.0,0.0,0.0,0.0,5.958984375,5.958984375,5.958984375,231.453,231.453,231.453,43.0,0.0,5.958984375,231.453,5
11776023.317140287,3.64501953125,107316281.37859452,205578.718547443,2140728.2280465513,13567701.3672091,20.3625,20.3625,20.3625,20.3625,20.3625,20.3625,20.3625,20.3625,20.3625,20.3625,20.3625,78.0,78.0,78.0,0.0,0.0,0.0,5.958984375,5.958984375,5.958984375,240.736,240.736,240.736,78.0,0.0,5.958984375,240.736,5
11776024.340236861,3.64501953125,102790337.31926791,196856.2939468886,2049808.4465638807,12991461.736523034,20.075,20.075,20.075,20.075,20.075,20.075,20.075,20.075,20.075,20.075,20.075,42.0,42.0,42.0,0.0,0.0,0.0,5.958984375,5.958984375,5.958984375,244.44,244.44,244.44,42.0,0.0,5.958984375,244.44,5
11776025.337904053,3.64501953125,105443090.5325742,201883.95659984817,2102055.693283377,13322599.07168859,20.1375,20.1375,20.1375,20.1375,20.1375,20.1375,20.1375,20.1375,20.1375,20.1375,20.1375,65.0,65.0,65.0,0.0,0.0,0.0,5.958984375,5.958984375,5.958984375,231.998,231.998,231.998,65.0,0.0,5.958984375,231.998,5
11776026.327710574,3.64501953125,106313476.11346853,203487.2427970483,2118749.426334524,13428402.125889707,20.3,20.3,20.3,20.3,20.3,20.3,20.3,20.3,20.3,20.3,20.3,87.0,87.0,87.0,0.0,0.0,0.0,5.958984375,5.958984375,5.958984375,255.443,255.443,255.443,87.0,0.0,5.958984375,255.443,5
11776027.328688068,3.64501953125,105159647.09458092,201224.30448541362,2095104.0487347108,13278540.308875266,20.625,20.625,20.625,20.625,20.625,20.625,20.625,20.625,20.625,20.625,20.625,92.0,92.0,92.0,0.0,0.0,0.0,5.958984375,5.958984375,5.958984375,255.857,255.857,255.857,92.0,0.0,5.958984375,255.857,5
11776028.32930658,3.6450843811035156,105230020.98915708,201303.4914129859,2095855.6885027217,13283304.11951432,20.450000000000003,20.450000000000003,20.450000000000003,20.450000000000003,20.450000000000003,20.450000000000003,20.450000000000003,20.450000000000003,20.450000000000003,20.450000000000003,20.450000000000003,79.0,79.0,79.0,0.0,0.0,0.0,5.958984375,5.958984375,5.958984375,260.333,260.333,260.333,79.0,0.0,5.958984375,260.333,5
11776029.329422174,3.6450843811035156,105315605.1589621,201412.7179193695,2096909.6100500484,13289983.759008609,20.375,20.375,20.375,20.375,20.375,20.375,20.375,20.375,20.375,20.375,20.375,88.0,88.0,88.0,0.0,0.0,0.0,5.958984375,5.958984375,5.958984375,260.768,260.768,260.768,88.0,0.0,5.958984375,260.768,5
11776030.33235524,3.6450843811035156,105052344.50457406,200853.8822390875,2091018.9028433198,13252649.101028463,20.4875,20.4875,20.4875,20.4875,20.4875,20.4875,20.4875,20.4875,20.4875,20.4875,20.4875,92.0,92.0,92.0,0.0,0.0,0.0,5.958984375,5.958984375,5.958984375,257.566,257.566,257.566,92.0,0.0,5.958984375,257.566,5
11776031.338995708,3.6450843811035156,104697917.84855872,200121.10226575474,2083317.795278392,13203840.323590592,20.2125,20.2125,20.2125,20.2125,20.2125,20.2125,20.2125,20.2125,20.2125,20.2125,20.2125,41.0,41.0,41.0,0.0,0.0,0.0,5.958984375,5.958984375,5.958984375,240.021,240.021,240.021,41.0,0.0,5.958984375,240.021,5
11776032.339953423,3.6450843811035156,105324973.75661354,201257.25303192777,2095145.44904648,13278802.6995231,19.974999999999998,19.974999999999998,19.974999999999998,19.974999999999998,19.974999999999998,19.974999999999998,19.974999999999998,19.974999999999998,19.974999999999998,19.974999999999998,19.974999999999998,42.0,42.0,42.0,0.0,0.0,0.0,5.958984375,5.958984375,5.958984375,234.008,234.008,234.008,42.0,0.0,5.958984375,234.008,5
11776033.341943735,3.6450843811035156,105249061.45522752,201060.826082284,2092986.3027589165,13265118.26650915,20.0625,20.0625,20.0625,20.0625,20.0625,20.0625,20.0625,20.0625,20.0625,20.0625,20.0625,70.0,70.0,70.0,0.0,0.0,0.0,5.958984375,5.958984375,5.958984375,241.814,241.814,241.814,70.0,0.0,5.958984375,241.814,5
11776034.34325442,3.6450843811035156,105353146.1432189,201204.2844317745,2094406.8909437964,13274121.799048085,19.6875,19.6875,19.6875,19.6875,19.6875,19.6875,19.6875,19.6875,19.6875,19.6875,19.6875,39.0,39.0,39.0,0.0,0.0,0.0,5.958984375,5.958984375,5.958984375,240.839,240.839,240.839,39.0,0.0,5.958984375,240.839,5
11776035.34077049,3.6450843811035156,105786681.75883587,201969.67863246112,2102374.1511476915,13324617.422801288,20.4375,20.4375,20.4375,20.4375,20.4375,20.4375,20.4375,20.4375,20.4375,20.4375,20.4375,88.0,88.0,88.0,0.0,0.0,0.0,5.958984375,5.958984375,5.958984375,231.851,231.851,231.851,88.0,0.0,5.958984375,231.851,5
11776036.32801368,3.6450843811035156,106920571.3704673,204078.3891523085,2124250.661211277,13463268.350841004,20.387500000000003,20.387500000000003,20.387500000000003,20.387500000000003,20.387500000000003,20.387500000000003,20.387500000000003,20.387500000000003,20.387500000000003,20.387500000000003,20.387500000000003,92.0,92.0,92.0,0.0,0.0,0.0,5.958984375,5.958984375,5.958984375,258.178,258.178,258.178,92.0,0.0,5.958984375,258.178,5
11776037.308508951,3.6450843811035156,107689757.60914119,205493.08711075824,2138870.082738173,13555924.645479243,20.3125,20.3125,20.3125,20.3125,20.3125,20.3125,20.3125,20.3125,20.3125,20.3125,20.3125,79.0,79.0,79.0,0.0,0.0,0.0,5.958984375,5.958984375,5.958984375,260.64,260.64,260.64,79.0,0.0,5.958984375,260.64,5
11776038.329130135,3.6450958251953125,103487927.3808303,197426.8250625861,2054780.002946196,13022970.917110167,20.7375,20.7375,20.7375,20.7375,20.7375,20.7375,20.7375,20.7375,20.7375,20.7375,20.7375,52.0,52.0,52.0,0.0,0.0,0.0,5.958984375,5.958984375,5.958984375,261.831,261.831,261.831,52.0,0.0,5.958984375,261.831,5
11776039.335096175,3.6450958251953125,105028036.5982316,200309.94299300574,2084714.5111419964,13212692.555968316,20.2125,20.2125,20.2125,20.2125,20.2125,20.2125,20.2125,20.2125,20.2125,20.2125,20.2125,66.0,66.0,66.0,0.0,0.0,0.0,5.958984375,5.958984375,5.958984375,255.874,255.874,255.874,66.0,0.0,5.958984375,255.874,5
11776040.342560183,3.6450958251953125,104904304.39022626,200025.011631809,2081614.8095637686,13193046.98639537,19.9,19.9,19.9,19.9,19.9,19.9,19.9,19.9,19.9,19.9,19.9,41.0,41.0,41.0,0.0,0.0,0.0,5.958984375,5.958984375,5.958984375,241.328,241.328,241.328,41.0,0.0,5.958984375,241.328,5
11776041.339588314,3.6450958251953125,106035093.40297231,202118.6702026259,2103403.038203919,13331138.396429135,19.974999999999998,19.974999999999998,19.974999999999998,19.974999999999998,19.974999999999998,19.974999999999998,19.974999999999998,19.974999999999998,19.974999999999998,19.974999999999998,19.974999999999998,44.0,44.0,44.0,0.0,0.0,0.0,5.958984375,5.958984375,5.958984375,235.156,235.156,235.156,44.0,0.0,5.958984375,235.156,5
11776042.341315148,3.6450958251953125,105570338.53909634,201180.5944884819,2093536.8092409433,13268607.316380588,20.412499999999998,20.412499999999998,20.412499999999998,20.412499999999998,20.412499999999998,20.412499999999998,20.412499999999998,20.412499999999998,20.412499999999998,20.412499999999998,20.412499999999998,69.0,69.0,69.0,0.0,0.0,0.0,5.958984375,5.958984375,5.958984375,240.475,240.475,240.475,69.0,0.0,5.958984375,240.475,5
11776043.329641849,3.6450958251953125,107034809.39726438,203915.36514956015,2121921.829231302,13448508.468467917,20.262500000000003,20.262500000000003,20.262500000000003,20.262500000000003,20.262500000000003,20.262500000000003,20.262500000000003,20.262500000000003,20.262500000000003,20.262500000000003,20.262500000000003,48.0,48.0,48.0,0.0,0.0,0.0,5.958984375,5.958984375,5.958984375,249.573,249.573,249.573,48.0,0.0,5.958984375,249.573,5
11776044.32981288,3.6450958251953125,105799979.83870217,201507.5358028552,2096793.3816476434,13289247.116106646,20.4375,20.4375,20.4375,20.4375,20.4375,20.4375,20.4375,20.4375,20.4375,20.4375,20.4375,49.0,49.0,49.0,0.0,0.0,0.0,5.958984375,5.958984375,5.958984375,248.6,248.6,248.6,49.0,0.0,5.958984375,248.6,5
11776045.341570375,3.6450958251953125,104620712.50816035,199206.82675403001,2072781.2846546872,13137061.071688397,19.675,19.675,19.675,19.675,19.675,19.675,19.675,19.675,19.675,19.675,19.675,45.0,45.0,45.0,0.0,0.0,0.0,5.958984375,5.958984375,5.958984375,239.355,239.355,239.355,45.0,0.0,5.958984375,239.355,5
11776046.342087839,3.6450958251953125,105828735.51206446,201444.75972753638,2096067.3620415998,13284645.683251936,20.15,20.15,20.15,20.15,20.15,20.15,20.15,20.15,20.15,20.15,20.15,44.0,44.0,44.0,0.0,0.0,0.0,5.958984375,5.958984375,5.958984375,239.826,239.826,239.826,44.0,0.0,5.958984375,239.826,5
11776047.34155567,3.6450958251953125,105972609.32640615,201664.3194780588,2098268.633300009,13298597.099723693,19.712500000000002,19.712500000000002,19.712500000000002,19.712500000000002,19.712500000000002,19.712500000000002,19.712500000000002,19.712500000000002,19.712500000000002,19.712500000000002,19.712500000000002,47.0,47.0,47.0,0.0,0.0,0.0,5.958984375,5.958984375,5.958984375,241.625,241.625,241.625,47.0,0.0,5.958984375,241.625,5
11776048.341463065,3.6450958251953125,105958749.32363753,201590.66832982257,2097346.225017483,13292750.976917444,20.087500000000002,20.087500000000002,20.087500000000002,20.087500000000002,20.087500000000002,20.087500000000002,20.087500000000002,20.087500000000002,20.087500000000002,20.087500000000002,20.087500000000002,82.0,82.0,82.0,0.0,0.0,0.0,5.958984375,5.958984375,5.958984375,244.954,244.954,244.954,82.0,0.0,5.958984375,244.954,5
11776049.343584068,3.6450958251953125,105757333.34225927,201145.3699974735,2092713.34798951,13263388.309035078,19.9,19.9,19.9,19.9,19.9,19.9,19.9,19.9,19.9,19.9,19.9,45.0,45.0,45.0,0.0,0.0,0.0,5.958984375,5.958984375,5.958984375,228.785,228.785,228.785,45.0,0.0,5.958984375,228.785,5
11776050.320906255,3.6450958251953125,108474324.41457784,206260.5378499827,2145814.376575242,13599936.820286443,20.1,20.1,20.1,20.1,20.1,20.1,20.1,20.1,20.1,20.1,20.1,53.0,53.0,53.0,0.0,0.0,0.0,5.958984375,5.958984375,5.958984375,247.003,247.003,247.003,53.0,0.0,5.958984375,247.003,5
11776051.332157392,3.6450958251953125,104867203.75929175,199347.1183287908,2073819.1770299135,13143639.120043105,20.5125,20.5125,20.5125,20.5125,20.5125,20.5125,20.5125,20.5125,20.5125,20.5125,20.5125,51.0,51.0,51.0,0.0,0.0,0.0,5.958984375,5.958984375,5.958984375,264.411,264.411,264.411,51.0,0.0,5.958984375,264.411,5
11776052.333005125,3.6450958251953125,105989942.86504678,201427.24354939547,2095375.6816243308,13284354.419048004,20.475,20.475,20.475,20.475,20.475,20.475,20.475,20.475,20.475,20.475,20.475,48.0,48.0,48.0,0.0,0.0,0.0,5.958984375,5.958984375,5.958984375,258.62,258.62,258.62,48.0,0.0,5.958984375,258.62,5
11776053.335113928,3.6450958251953125,105894686.964441,201185.73890642895,2092738.8260458077,13267637.16668885,20.875,20.875,20.875,20.875,20.875,20.875,20.875,20.875,20.875,20.875,20.875,61.0,61.0,61.0,0.0,0.0,0.0,5.958984375,5.958984375,5.958984375,260.511,260.511,260.511,61.0,0.0,5.958984375,260.511,5
11776054.330960896,3.6450958251953125,106593398.78075679,202458.81792031505,2105897.8609014302,13351063.391574303,20.474999999999998,20.474999999999998,20.474999999999998,20.474999999999998,20.474999999999998,20.474999999999998,20.474999999999998,20.474999999999998,20.474999999999998,20.474999999999998,20.474999999999998,51.0,51.0,51.0,0.0,0.0,0.0,5.958984375,5.958984375,5.958984375,248.456,248.456,248.456,51.0,0.0,5.958984375,248.456,5
11776055.329557918,3.6450958251953125,106332603.28757206,201902.26440563626,2100098.3915345725,13314295.661955511,20.525000000000002,20.525000000000002,20.525000000000002,20.525000000000002,20.525000000000002,20.525000000000002,20.525000000000002,20.525000000000002,20.525000000000002,20.525000000000002,20.525000000000002,50.0,50.0,50.0,0.0,0.0,0.0,5.958984375,5.958984375,5.958984375,256.41,256.41,256.41,50.0,0.0,5.958984375,256.41,5
11776056.329830611,3.6450958251953125,106187179.48751874,201572.03269501295,2096580.2769986747,13291991.365503317,20.3875,20.3875,20.3875,20.3875,20.3875,20.3875,20.3875,20.3875,20.3875,20.3875,20.3875,55.0,55.0,55.0,0.0,0.0,0.0,5.958984375,5.958984375,5.958984375,260.737,260.737,260.737,55.0,0.0,5.958984375,260.737,5
11776057.312570635,3.6451377868652344,108114911.77108994,205176.33865954675,2133984.521400281,13529128.430596316,20.1875,20.1875,20.1875,20.1875,20.1875,20.1875,20.1875,20.1875,20.1875,20.1875,20.1875,48.0,48.0,48.0,0.0,0.0,0.0,5.958984375,5.958984375,5.958984375,261.839,261.839,261.839,48.0,0.0,5.958984375,261.839,5
11776058.331034036,3.6451377868652344,104357515.334095,197988.45965155397,2059133.3941757537,13054583.979481438,21.275,21.275,21.275,21.275,21.275,21.275,21.275,21.275,21.275,21.275,21.275,67.0,67.0,67.0,0.0,0.0,0.0,5.958984375,5.958984375,5.958984375,251.814,251.814,251.814,67.0,0.0,5.958984375,251.814,5
11776059.34192101,3.6451377868652344,105174735.51831023,199480.2637998398,2074566.253686359,13152425.897394378,21.125,21.125,21.125,21.125,21.125,21.125,21.125,21.125,21.125,21.125,21.125,42.0,42.0,42.0,0.0,0.0,0.0,5.958984375,5.958984375,5.958984375,240.395,240.395,240.395,42.0,0.0,5.958984375,240.395,5
11776060.341795731,3.6451377868652344,106365803.272494,201677.26568162296,2097414.7594804266,13297281.854049735,20.125,20.125,20.125,20.125,20.125,20.125,20.125,20.125,20.125,20.125,20.125,46.0,46.0,46.0,0.0,0.0,0.0,5.958984375,5.958984375,5.958984375,231.507,231.507,231.507,46.0,0.0,5.958984375,231.507,5
11776061.330997653,3.6451377868652344,107546488.37334527,203861.3103363812,2120044.4049120424,13440750.270204082,19.6125,19.6125,19.6125,19.6125,19.6125,19.6125,19.6125,19.6125,19.6125,19.6125,19.6125,59.0,59.0,59.0,0.0,0.0,0.0,5.958984375,5.958984375,5.958984375,243.286,243.286,243.286,59.0,0.0,5.958984375,243.286,5
11776062.341195649,3.6451377868652344,105343615.31346382,199632.1522633528,2075981.154091848,13161396.144886991,20.075,20.075,20.075,20.075,20.075,20.075,20.075,20.075,20.075,20.075,20.075,66.0,66.0,66.0,0.0,0.0,0.0,5.958984375,5.958984375,5.958984375,245.929,245.929,245.929,66.0,0.0,5.958984375,245.929,5
11776063.34128401,3.6451377868652344,106443961.39620996,201658.18107511845,2096966.7077790454,13294441.276271058,20.7375,20.7375,20.7375,20.7375,20.7375,20.7375,20.7375,20.7375,20.7375,20.7375,20.7375,84.0,84.0,84.0,0.0,0.0,0.0,5.958984375,5.958984375,5.958984375,246.173,246.173,246.173,84.0,0.0,5.958984375,246.173,5
11776064.342581293,3.6451377868652344,106348109.5059526,201415.7070176867,2094434.9271535957,13278390.18269643,20.375,20.375,20.375,20.375,20.375,20.375,20.375,20.375,20.375,20.375,20.375,43.0,43.0,43.0,0.0,0.0,0.0,5.958984375,5.958984375,5.958984375,230.97,230.97,230.97,43.0,0.0,5.958984375,230.97,5
11776065.330778254,3.6451377868652344,107793813.52225752,204093.92847877534,2122200.413006027,13454419.024643682,20.125,20.125,20.125,20.125,20.125,20.125,20.125,20.125,20.125,20.125,20.125,66.0,66.0,66.0,0.0,0.0,0.0,5.958984375,5.958984375,5.958984375,243.252,243.252,243.252,66.0,0.0,5.958984375,243.252,5
11776066.34426984,3.6451377868652344,105135791.44375366,199008.06559799972,2069234.7418352463,13118624.94530705,19.8625,19.8625,19.8625,19.8625,19.8625,19.8625,19.8625,19.8625,19.8625,19.8625,19.8625,43.0,43.0,43.0,0.0,0.0,0.0,5.958984375,5.958984375,5.958984375,244.244,244.244,244.244,43.0,0.0,5.958984375,244.244,5
11776067.34267178,3.6451377868652344,106757536.96351294,202024.84785484293,2100508.7392712,13320999.758620284,20.0125,20.0125,20.0125,20.0125,20.0125,20.0125,20.0125,20.0125,20.0125,20.0125,20.0125,43.0,43.0,43.0,0.0,0.0,0.0,5.958984375,5.958984375,5.958984375,234.988,234.988,234.988,43.0,0.0,5.958984375,234.988,5
11776068.344499804,3.6451377868652344,106425068.40332018,201333.9566622195,2093325.3506761806,13275444.167276481,20.25,20.25,20.25,20.25,20.25,20.25,20.25,20.25,20.25,20.25,20.25,44.0,44.0,44.0,0.0,0.0,0.0,5.958984375,5.958984375,5.958984375,237.861,237.861,237.861,44.0,0.0,5.958984375,237.861,5
11776069.342348196,3.6451377868652344,106885022.7198905,202144.93675750928,2101673.9795294437,13328389.47564864,20.0875,20.0875,20.0875,20.0875,20.0875,20.0875,20.0875,20.0875,20.0875,20.0875,20.0875,66.0,66.0,66.0,0.0,0.0,0.0,5.958984375,5.958984375,5.958984375,245.265,245.265,245.265,66.0,0.0,5.958984375,245.265,5
11776070.34362816,3.6451377868652344,106551321.03378405,201459.1393440331,2094471.1501441014,13282710.594761517,19.674999999999997,19.674999999999997,19.674999999999997,19.674999999999997,19.674999999999997,19.674999999999997,19.674999999999997,19.674999999999997,19.674999999999997,19.674999999999997,19.674999999999997,43.0,43.0,43.0,0.0,0.0,0.0,5.958984375,5.958984375,5.958984375,245.772,245.772,245.772,43.0,0.0,5.958984375,245.772,5
11776071.34288954,3.6451377868652344,106801910.10780573,201868.10397198325,2098702.1449692524,13309542.704521801,20.099999999999998,20.099999999999998,20.099999999999998,20.099999999999998,20.099999999999998,20.099999999999998,20.099999999999998,20.099999999999998,20.099999999999998,20.099999999999998,20.099999999999998,44.0,44.0,44.0,0.0,0.0,0.0,5.958984375,5.958984375,5.958984375,230.122,230.122,230.122,44.0,0.0,5.958984375,230.122,5
11776072.326335788,3.6451377868652344,108552593.72904143,205131.69930310195,2132452.0832022983,13594382.030414652,20.525,20.525,20.525,20.525,20.525,20.525,20.525,20.525,20.525,20.525,20.525,73.0,73.0,73.0,0.0,0.0,0.0,5.958984375,5.958984375,5.958984375,238.578,238.578,238.578,73.0,0.0,5.958984375,238.578,5
11776073.342392476,3.6451377868652344,105100714.56484932,198554.86636021227,2064010.8211786873,13158068.985014131,20.325000000000003,20.325000000000003,20.325000000000003,20.325000000000003,20.325000000000003,20.325000000000003,20.325000000000003,20.325000000000003,20.325000000000003,20.325000000000003,20.325000000000003,78.0,78.0,78.0,0.0,0.0,0.0,5.958984375,5.958984375,5.958984375,242.571,242.571,242.571,78.0,0.0,5.958984375,242.571,5
11776074.34422629,3.6451377868652344,106628111.9538807,201384.6980693193,2093313.254386377,13344871.996713154,20.650000000000002,20.650000000000002,20.650000000000002,20.650000000000002,20.650000000000002,20.650000000000002,20.650000000000002,20.650000000000002,20.650000000000002,20.650000000000002,20.650000000000002,45.0,45.0,45.0,0.0,0.0,0.0,5.958984375,5.958984375,5.958984375,229.856,229.856,229.856,45.0,0.0,5.958984375,229.856,5
11776075.343713593,3.6451377868652344,106911096.97758459,201857.49169057386,2098227.754660975,13376201.935963716,20.087500000000002,20.087500000000002,20.087500000000002,20.087500000000002,20.087500000000002,20.087500000000002,20.087500000000002,20.087500000000002,20.087500000000002,20.087500000000002,20.087500000000002,83.0,83.0,83.0,0.0,0.0,0.0,5.958984375,5.958984375,5.958984375,244.226,244.226,244.226,83.0,0.0,5.958984375,244.226,5
11776076.331573011,3.6451377868652344,108205339.73324744,204241.61191147208,2122925.550417658,13533650.383912569,21.237499999999997,21.237499999999997,21.237499999999997,21.237499999999997,21.237499999999997,21.237499999999997,21.237499999999997,21.237499999999997,21.237499999999997,21.237499999999997,21.237499999999997,50.0,50.0,50.0,0.0,0.0,0.0,5.958984375,5.958984375,5.958984375,253.975,253.975,253.975,50.0,0.0,5.958984375,253.975,5
11776077.333124505,3.6451377868652344,106758675.55517814,201461.4337937657,2093903.3215551227,13348633.674913907,20.2625,20.2625,20.2625,20.2625,20.2625,20.2625,20.2625,20.2625,20.2625,20.2625,20.2625,47.0,47.0,47.0,0.0,0.0,0.0,5.958984375,5.958984375,5.958984375,258.849,258.849,258.849,47.0,0.0,5.958984375,258.849,5
11776078.332986398,3.6451377868652344,106971727.61790083,201808.87135648652,2097441.672818543,13371190.664218212,20.825,20.825,20.825,20.825,20.825,20.825,20.825,20.825,20.825,20.825,20.825,45.0,45.0,45.0,0.0,0.0,0.0,5.958984375,5.958984375,5.958984375,262.919,262.919,262.919,45.0,0.0,5.958984375,262.919,5
11776079.33247509,3.6451377868652344,107047072.9465586,201893.22947586048,2098224.83761217,13376183.339777583,21.6875,21.6875,21.6875,21.6875,21.6875,21.6875,21.6875,21.6875,21.6875,21.6875,21.6875,64.0,64.0,64.0,0.0,0.0,0.0,5.958984375,5.958984375,5.958984375,260.413,260.413,260.413,64.0,0.0,5.958984375,260.413,5
11776080.332334831,3.6451377868652344,107040023.33116901,201829.30838551882,2097446.185793468,13371219.434433356,20.450000000000003,20.450000000000003,20.450000000000003,20.450000000000003,20.450000000000003,20.450000000000003,20.450000000000003,20.450000000000003,20.450000000000003,20.450000000000003,20.450000000000003,52.0,52.0,52.0,0.0,0.0,0.0,5.958984375,5.958984375,5.958984375,260.117,260.117,260.117,52.0,0.0,5.958984375,260.117,5
11776081.335582698,3.6451377868652344,106711102.59462506,201147.6991450939,2090362.780945248,13326062.728525955,20.6625,20.6625,20.6625,20.6625,20.6625,20.6625,20.6625,20.6625,20.6625,20.6625,20.6625,53.0,53.0,53.0,0.0,0.0,0.0,5.958984375,5.958984375,5.958984375,264.952,264.952,264.952,53.0,0.0,5.958984375,264.952,5
11776082.332226276,3.6451377868652344,107453778.15689912,202488.63718829866,2104214.630946662,13414368.27228497,20.4625,20.4625,20.4625,20.4625,20.4625,20.4625,20.4625,20.4625,20.4625,20.4625,20.4625,51.0,51.0,51.0,0.0,0.0,0.0,5.958984375,5.958984375,5.958984375,258.847,258.847,258.847,51.0,0.0,5.958984375,258.847,5
11776083.326182043,3.6451377868652344,107777242.7910041,203048.27110503713,2109904.756415194,13454763.729874233,20.400000000000002,20.400000000000002,20.400000000000002,20.400000000000002,20.400000000000002,20.400000000000002,20.400000000000002,20.400000000000002,20.400000000000002,20.400000000000002,20.400000000000002,51.0,51.0,51.0,0.0,0.0,0.0,5.958984375,5.958984375,5.958984375,257.318,257.318,257.318,51.0,0.0,5.958984375,257.318,5
11776084.333668264,3.6451377868652344,106362251.73602979,200328.29819747875,2081568.9162130079,13274067.405147403,20.7375,20.7375,20.7375,20.7375,20.7375,20.7375,20.7375,20.7375,20.7375,20.7375,20.7375,46.0,46.0,46.0,0.0,0.0,0.0,5.958984375,5.958984375,5.958984375,263.82,263.82,263.82,46.0,0.0,5.958984375,263.82,5
11776085.334153028,3.6451377868652344,107141996.35556938,201739.2039803283,2096135.8675849992,13366960.171220748,20.775000000000002,20.775000000000002,20.775000000000002,20.775000000000002,20.775000000000002,20.775000000000002,20.775000000000002,20.775000000000002,20.775000000000002,20.775000000000002,20.775000000000002,48.0,48.0,48.0,0.0,0.0,0.0,5.958984375,5.958984375,5.958984375,261.081,261.081,261.081,48.0,0.0,5.958984375,261.081,5
11776086.332899638,3.6451377868652344,107361191.51734869,202097.3068818535,2099783.849516918,13390223.18100144,20.3375,20.3375,20.3375,20.3375,20.3375,20.3375,20.3375,20.3375,20.3375,20.3375,20.3375,64.0,64.0,64.0,0.0,0.0,0.0,5.958984375,5.958984375,5.958984375,264.232,264.232,264.232,64.0,0.0,5.958984375,264.232,5
11776087.344210882,3.6451377868652344,106059651.38138571,199595.32849432112,2073695.9190228656,13223861.67111261,20.224999999999998,20.224999999999998,20.224999999999998,20.224999999999998,20.224999999999998,20.224999999999998,20.224999999999998,20.224999999999998,20.224999999999998,20.224999999999998,20.224999999999998,42.0,42.0,42.0,0.0,0.0,0.0,5.958984375,5.958984375,5.958984375,239.508,239.508,239.508,42.0,0.0,5.958984375,239.508,5
11776088.345809976,3.6451377868652344,107123442.55655393,201531.73183713795,2093803.8110996936,13352088.7563291,20.25,20.25,20.25,20.25,20.25,20.25,20.25,20.25,20.25,20.25,20.25,42.0,42.0,42.0,0.0,0.0,0.0,5.958984375,5.958984375,5.958984375,243.31,243.31,243.31,42.0,0.0,5.958984375,243.31,5
11776089.344531547,3.6451377868652344,107464831.08785342,202122.39900724782,2099836.4905225686,13390558.870226925,20.575,20.575,20.575,20.575,20.575,20.575,20.575,20.575,20.575,20.575,20.575,75.0,75.0,75.0,0.0,0.0,0.0,5.958984375,5.958984375,5.958984375,239.991,239.991,239.991,75.0,0.0,5.958984375,239.991,5
11776090.336834421,3.6451377868652344,108195698.91605034,203437.88702864075,2113419.2540713325,13477175.516685352,20.5375,20.5375,20.5375,20.5375,20.5375,20.5375,20.5375,20.5375,20.5375,20.5375,20.5375,64.0,64.0,64.0,0.0,0.0,0.0,5.958984375,5.958984375,5.958984375,251.685,251.685,251.685,64.0,0.0,5.958984375,251.685,5
11776091.336113274,3.6451377868652344,107473122.95070942,202025.69027782424,2098665.4468868617,13383091.179854695,20.375,20.375,20.375,20.375,20.375,20.375,20.375,20.375,20.375,20.375,20.375,53.0,53.0,53.0,0.0,0.0,0.0,5.958984375,5.958984375,5.958984375,244.996,244.996,244.996,53.0,0.0,5.958984375,244.996,5
11776092.335487364,3.6451377868652344,107495609.60252917,202006.43789750713,2098465.4510086826,13381815.815514354,20.2125,20.2125,20.2125,20.2125,20.2125,20.2125,20.2125,20.2125,20.2125,20.2125,20.2125,52.0,52.0,52.0,0.0,0.0,0.0,5.958984375,5.958984375,5.958984375,260.783,260.783,260.783,52.0,0.0,5.958984375,260.783,5
11776093.335159028,3.6451377868652344,107496336.90771158,201955.30918042822,2097840.796469116,13377832.42279622,20.325,20.325,20.325,20.325,20.325,20.325,20.325,20.325,20.325,20.325,20.325,58.0,58.0,58.0,0.0,0.0,0.0,5.958984375,5.958984375,5.958984375,252.323,252.323,252.323,58.0,0.0,5.958984375,252.323,5
11776094.34450113,3.6451377868652344,106501551.60617562,200028.31501148446,2077741.5260403308,13249660.317425156,21.15,21.15,21.15,21.15,21.15,21.15,21.15,21.15,21.15,21.15,21.15,74.0,74.0,74.0,0.0,0.0,0.0,5.958984375,5.958984375,5.958984375,246.502,246.502,246.502,74.0,0.0,5.958984375,246.502,5
11776095.344702031,3.6451377868652344,107510359.04195188,201865.44499379743,2096730.7643142466,13370753.799777374,21.75,21.75,21.75,21.75,21.75,21.75,21.75,21.75,21.75,21.75,21.75,41.0,41.0,41.0,0.0,0.0,0.0,5.958984375,5.958984375,5.958984375,241.11,241.11,241.11,41.0,0.0,5.958984375,241.11,5
11776096.344109993,3.6451377868652344,107628414.114845,202026.60743576335,2098394.3292561723,13381362.275432426,19.9625,19.9625,19.9625,19.9625,19.9625,19.9625,19.9625,19.9625,19.9625,19.9625,19.9625,84.0,84.0,84.0,0.0,0.0,0.0,5.958984375,5.958984375,5.958984375,225.879,225.879,225.879,84.0,0.0,5.958984375,225.879,5
11776097.345337419,3.6451377868652344,107465504.10941327,201668.4669989388,2094581.0579833123,13357045.22327249,19.787499999999998,19.787499999999998,19.787499999999998,19.787499999999998,19.787499999999998,19.787499999999998,19.787499999999998,19.787499999999998,19.787499999999998,19.787499999999998,19.787499999999998,44.0,44.0,44.0,0.0,0.0,0.0,5.958984375,5.958984375,5.958984375,241.25,241.25,241.25,44.0,0.0,5.958984375,241.25,5
11776098.34495337,3.6451377868652344,107671476.1755229,202000.57821906375,2097957.719592449,13378578.03607294,20.4625,20.4625,20.4625,20.4625,20.4625,20.4625,20.4625,20.4625,20.4625,20.4625,20.4625,70.0,70.0,70.0,0.0,0.0,0.0,5.958984375,5.958984375,5.958984375,245.558,245.558,245.558,70.0,0.0,5.958984375,245.558,5
11776099.345838284,3.6451377868652344,107570383.37885578,201752.46626257457,2095297.839992328,13361616.108544827,19.65,19.65,19.65,19.65,19.65,19.65,19.65,19.65,19.65,19.65,19.65,85.0,85.0,85.0,0.0,0.0,0.0,5.958984375,5.958984375,5.958984375,230.909,230.909,230.909,85.0,0.0,5.958984375,230.909,5
11776100.346903076,3.6451377868652344,107586470.7569973,201717.21306970235,2094921.3439353467,13363306.854087584,19.799999999999997,19.799999999999997,19.799999999999997,19.799999999999997,19.799999999999997,19.799999999999997,19.799999999999997,19.799999999999997,19.799999999999997,19.799999999999997,19.799999999999997,42.0,42.0,42.0,0.0,0.0,0.0,5.958984375,5.958984375,5.958984375,230.873,230.873,230.873,42.0,0.0,5.958984375,230.873,5
11776101.34803001,3.6451377868652344,107612479.8545338,201714.68089948513,2094791.3087803281,13362477.372024514,17.2625,17.2625,17.2625,17.2625,17.2625,17.2625,17.2625,17.2625,17.2625,17.2625,17.2625,29.0,29.0,29.0,0.0,0.0,0.0,5.958984375,5.958984375,5.958984375,221.398,221.398,221.398,29.0,0.0,5.958984375,221.398,5
11776102.480987009,3.6451377868652344,95119646.33258653,178251.24897162753,1851042.8929955615,11807629.07914747,20.262500000000003,20.262500000000003,20.262500000000003,20.262500000000003,20.262500000000003,20.262500000000003,20.262500000000003,20.262500000000003,20.262500000000003,20.262500000000003,20.262500000000003,53.0,53.0,53.0,0.0,0.0,0.0,5.958984375,5.958984375,5.958984375,232.162,232.162,232.162,53.0,0.0,5.958984375,232.162,5
11776103.485193204,3.6451377868652344,107347605.98559397,201107.1042085549,2088367.9163230024,13321503.153732277,20.462500000000002,20.462500000000002,20.462500000000002,20.462500000000002,20.462500000000002,20.462500000000002,20.462500000000002,20.462500000000002,20.462500000000002,20.462500000000002,20.462500000000002,61.0,61.0,61.0,0.0,0.0,0.0,5.958984375,5.958984375,5.958984375,229.33,229.33,229.33,61.0,0.0,5.958984375,229.33,5
11776104.487321807,3.6451377868652344,107602732.5075698,201533.01622977827,2092697.4780023566,13349121.021788469,19.9625,19.9625,19.9625,19.9625,19.9625,19.9625,19.9625,19.9625,19.9625,19.9625,19.9625,39.0,39.0,39.0,0.0,0.0,0.0,5.958984375,5.958984375,5.958984375,242.97,242.97,242.97,39.0,0.0,5.958984375,242.97,5
11776105.48455812,3.6451377868652344,108166096.20164245,202533.739803331,2102963.933456956,13414609.77865316,20.0375,20.0375,20.0375,20.0375,20.0375,20.0375,20.0375,20.0375,20.0375,20.0375,20.0375,55.0,55.0,55.0,0.0,0.0,0.0,5.958984375,5.958984375,5.958984375,241.5,241.5,241.5,55.0,0.0,5.958984375,241.5,5
11776106.481697848,3.6451377868652344,108209339.17579466,202563.38644389264,2103167.63212721,13415909.15337396,20.0125,20.0125,20.0125,20.0125,20.0125,20.0125,20.0125,20.0125,20.0125,20.0125,20.0125,50.0,50.0,50.0,0.0,0.0,0.0,5.958984375,5.958984375,5.958984375,225.997,225.997,225.997,50.0,0.0,5.958984375,225.997,5
11776107.484920293,3.6451377868652344,107588531.87061459,201337.2019350675,2090415.7501635298,13334566.093816578,20.212500000000002,20.212500000000002,20.212500000000002,20.212500000000002,20.212500000000002,20.212500000000002,20.212500000000002,20.212500000000002,20.212500000000002,20.212500000000002,20.212500000000002,60.0,60.0,60.0,0.0,0.0,0.0,5.958984375,5.958984375,5.958984375,243.755,243.755,243.755,60.0,0.0,5.958984375,243.755,5
11776108.474715466,3.6451377868652344,109081050.29225722,204075.555826413,2118773.720141162,13515458.92574421,20.4375,20.4375,20.4375,20.4375,20.4375,20.4375,20.4375,20.4375,20.4375,20.4375,20.4375,51.0,51.0,51.0,0.0,0.0,0.0,5.958984375,5.958984375,5.958984375,254.595,254.595,254.595,51.0,0.0,5.958984375,254.595,5
11776109.470791804,3.6451377868652344,108425990.94121164,202795.70179026798,2105412.928717149,13430231.689824626,20.2375,20.2375,20.2375,20.2375,20.2375,20.2375,20.2375,20.2375,20.2375,20.2375,20.2375,40.0,40.0,40.0,0.0,0.0,0.0,5.958984375,5.958984375,5.958984375,253.669,253.669,253.669,40.0,0.0,5.958984375,253.669,5
11776110.48499218,3.6451377868652344,106523299.06360397,199179.57507338075,2067788.6233430882,13190229.773122123,20.2125,20.2125,20.2125,20.2125,20.2125,20.2125,20.2125,20.2125,20.2125,20.2125,20.2125,54.0,54.0,54.0,0.0,0.0,0.0,5.958984375,5.958984375,5.958984375,248.828,248.828,248.828,54.0,0.0,5.958984375,248.828,5
11776111.484044945,3.6451377868652344,108171093.46217121,202199.53050303573,2099140.379556762,13390219.686782,19.599999999999998,19.599999999999998,19.599999999999998,19.599999999999998,19.599999999999998,19.599999999999998,19.599999999999998,19.599999999999998,19.599999999999998,19.599999999999998,19.599999999999998,55.0,55.0,55.0,0.0,0.0,0.0,5.958984375,5.958984375,5.958984375,230.979,230.979,230.979,55.0,0.0,5.958984375,230.979,5
11776112.481749672,3.6451377868652344,108352735.04490207,202480.7484785391,2101976.608948129,13408311.728173027,21.05,21.05,21.05,21.05,21.05,21.05,21.05,21.05,21.05,21.05,21.05,42.0,42.0,42.0,0.0,0.0,0.0,5.958984375,5.958984375,5.958984375,241.003,241.003,241.003,42.0,0.0,5.958984375,241.003,5
11776113.483755188,3.6451377868652344,107920267.21836686,201620.64664381865,2092954.5469638787,13354848.642443342,19.675,19.675,19.675,19.675,19.675,19.675,19.675,19.675,19.675,19.675,19.675,51.0,51.0,51.0,0.0,0.0,0.0,5.958984375,5.958984375,5.958984375,239.451,239.451,239.451,51.0,0.0,5.958984375,239.451,5
11776114.48370776,3.6451377868652344,108174493.5575845,202034.58220393705,2097251.4695614455,13382266.701283677,19.7125,19.7125,19.7125,19.7125,19.7125,19.7125,19.7125,19.7125,19.7125,19.7125,19.7125,54.0,54.0,54.0,0.0,0.0,0.0,5.958984375,5.958984375,5.958984375,226.63,226.63,226.63,54.0,0.0,5.958984375,226.63,5
11776115.485243425,3.6451454162597656,108038861.47544551,201728.2129945974,2093936.4146251988,13361113.801915087,20.6625,20.6625,20.6625,20.6625,20.6625,20.6625,20.6625,20.6625,20.6625,20.6625,20.6625,54.0,54.0,54.0,0.0,0.0,0.0,5.958984375,5.958984375,5.958984375,241.535,241.535,241.535,54.0,0.0,5.958984375,241.535,5
11776116.483924096,3.6451454162597656,108380429.37012763,202311.9158406503,2099922.4872134994,13399310.089309575,20.474999999999998,20.474999999999998,20.474999999999998,20.474999999999998,20.474999999999998,20.474999999999998,20.474999999999998,20.474999999999998,20.474999999999998,20.474999999999998,20.474999999999998,39.0,39.0,39.0,0.0,0.0,0.0,5.958984375,5.958984375,5.958984375,241.647,241.647,241.647,39.0,0.0,5.958984375,241.647,5
11776117.484242288,3.6451454162597656,108238409.40992631,201994.72690485473,2096484.9153859513,13377375.426886529,20.700000000000003,20.700000000000003,20.700000000000003,20.700000000000003,20.700000000000003,20.700000000000003,20.700000000000003,20.700000000000003,20.700000000000003,20.700000000000003,20.700000000000003,55.0,55.0,55.0,0.0,0.0,0.0,5.958984375,5.958984375,5.958984375,246.391,246.391,246.391,55.0,0.0,5.958984375,246.391,5
11776118.485983362,3.6451454162597656,108117269.82977724,201707.8117681636,2093507.0492540684,13358374.08186141,19.875,19.875,19.875,19.875,19.875,19.875,19.875,19.875,19.875,19.875,19.875,57.0,57.0,57.0,0.0,0.0,0.0,5.958984375,5.958984375,5.958984375,228.975,228.975,228.975,57.0,0.0,5.958984375,228.975,5
11776119.486260816,3.6451454162597656,108308135.47095338,202012.95069201247,2096570.2981142844,13377920.242069077,19.875,19.875,19.875,19.875,19.875,19.875,19.875,19.875,19.875,19.875,19.875,40.0,40.0,40.0,0.0,0.0,0.0,5.958984375,5.958984375,5.958984375,242.484,242.484,242.484,40.0,0.0,5.958984375,242.484,5
11776120.485352786,3.6451454162597656,108472087.93137597,202260.6587858476,2099058.008056621,13393793.969376916,20.2125,20.2125,20.2125,20.2125,20.2125,20.2125,20.2125,20.2125,20.2125,20.2125,20.2125,55.0,55.0,55.0,0.0,0.0,0.0,5.958984375,5.958984375,5.958984375,242.536,242.536,242.536,55.0,0.0,5.958984375,242.536,5
11776121.4853018,3.6451454162597656,108411791.50373042,202099.3042726514,2097258.931233266,13382314.313162263,20.025,20.025,20.025,20.025,20.025,20.025,20.025,20.025,20.025,20.025,20.025,55.0,55.0,55.0,0.0,0.0,0.0,5.958984375,5.958984375,5.958984375,229.26,229.26,229.26,55.0,0.0,5.958984375,229.26,5
11776122.48409999,3.645160675048828,108572134.11072312,202332.16488286335,2099675.411568302,13397733.534362586,19.5625,19.5625,19.5625,19.5625,19.5625,19.5625,19.5625,19.5625,19.5625,19.5625,19.5625,54.0,54.0,54.0,0.0,0.0,0.0,5.958984375,5.958984375,5.958984375,240.525,240.525,240.525,54.0,0.0,5.958984375,240.525,5
11776123.484522551,3.645160675048828,108428512.28074066,202011.6376510539,2096266.1985243866,13375979.825349944,20.3,20.3,20.3,20.3,20.3,20.3,20.3,20.3,20.3,20.3,20.3,47.0,47.0,47.0,0.0,0.0,0.0,5.958984375,5.958984375,5.958984375,241.08,241.08,241.08,47.0,0.0,5.958984375,241.08,5
11776124.486797217,3.645160675048828,108260751.95040344,201646.32197111144,2092392.5059467123,13351262.337749822,20.175,20.175,20.175,20.175,20.175,20.175,20.175,20.175,20.175,20.175,20.175,75.0,75.0,75.0,0.0,0.0,0.0,5.958984375,5.958984375,5.958984375,248.903,248.903,248.903,75.0,0.0,5.958984375,248.903,5
11776125.48622844,3.645160675048828,108601459.04712565,202221.0187296407,2098345.491330804,13389247.500347141,19.662499999999998,19.662499999999998,19.662499999999998,19.662499999999998,19.662499999999998,19.662499999999998,19.662499999999998,19.662499999999998,19.662499999999998,19.662499999999998,19.662499999999998,55.0,55.0,55.0,0.0,0.0,0.0,5.958984375,5.958984375,5.958984375,231.395,231.395,231.395,55.0,0.0,5.958984375,231.395,5
11776126.457879974,3.645160675048828,111742859.70161618,208010.7867964748,2158337.5597524205,13772048.452560855,19.875,19.875,19.875,19.875,19.875,19.875,19.875,19.875,19.875,19.875,19.875,41.0,41.0,41.0,0.0,0.0,0.0,5.958984375,5.958984375,5.958984375,239.851,239.851,239.851,41.0,0.0,5.958984375,239.851,5
11776127.486774337,3.645160675048828,105557786.98832417,196444.85116657233,2038257.8381943463,13005836.635509629,20.0125,20.0125,20.0125,20.0125,20.0125,20.0125,20.0125,20.0125,20.0125,20.0125,20.0125,40.0,40.0,40.0,0.0,0.0,0.0,5.958984375,5.958984375,5.958984375,246.634,246.634,246.634,40.0,0.0,5.958984375,246.634,5
11776128.484780125,3.645160675048828,108857591.03014402,202536.90136251852,2101342.5208462174,13408371.124227718,20.7125,20.7125,20.7125,20.7125,20.7125,20.7125,20.7125,20.7125,20.7125,20.7125,20.7125,48.0,48.0,48.0,0.0,0.0,0.0,5.958984375,5.958984375,5.958984375,234.515,234.515,234.515,48.0,0.0,5.958984375,234.515,5
11776129.47640797,3.645160675048828,109590700.43465091,203839.5767250165,2114857.920319897,13494610.98766622,20.4625,20.4625,20.4625,20.4625,20.4625,20.4625,20.4625,20.4625,20.4625,20.4625,20.4625,54.0,54.0,54.0,0.0,0.0,0.0,5.958984375,5.958984375,5.958984375,254.502,254.502,254.502,54.0,0.0,5.958984375,254.502,5
11776130.47444256,3.645160675048828,108919953.27220795,202538.07017528437,2101281.8786199563,13407984.174709762,20.762500000000003,20.762500000000003,20.762500000000003,20.762500000000003,20.762500000000003,20.762500000000003,20.762500000000003,20.762500000000003,20.762500000000003,20.762500000000003,20.762500000000003,51.0,51.0,51.0,0.0,0.0,0.0,5.958984375,5.958984375,5.958984375,257.605,257.605,257.605,51.0,0.0,5.958984375,257.605,5
11776131.486092703,3.6451797485351562,107489064.0127613,199820.0675999813,2073001.2387331852,13227529.388557259,20.75,20.75,20.75,20.75,20.75,20.75,20.75,20.75,20.75,20.75,20.75,45.0,45.0,45.0,0.0,0.0,0.0,5.958984375,5.958984375,5.958984375,250.46,250.46,250.46,45.0,0.0,5.958984375,250.46,5
11776132.486454489,3.6451797485351562,108737446.39113805,202083.88902107562,2096393.5556440132,13376792.473220685,20.8875,20.8875,20.8875,20.8875,20.8875,20.8875,20.8875,20.8875,20.8875,20.8875,20.8875,57.0,57.0,57.0,0.0,0.0,0.0,5.958984375,5.958984375,5.958984375,242.457,242.457,242.457,57.0,0.0,5.958984375,242.457,5
11776133.484614568,3.6451797485351562,109010090.94228211,202538.65510020402,2101017.706343812,13406298.528564908,20.0375,20.0375,20.0375,20.0375,20.0375,20.0375,20.0375,20.0375,20.0375,20.0375,20.0375,57.0,57.0,57.0,0.0,0.0,0.0,5.958984375,5.958984375,5.958984375,229.383,229.383,229.383,57.0,0.0,5.958984375,229.383,5
11776134.486437872,3.6451950073242188,108644137.68516803,201798.06074404888,2093335.2130699703,13357277.619335143,19.9625,19.9625,19.9625,19.9625,19.9625,19.9625,19.9625,19.9625,19.9625,19.9625,19.9625,54.0,54.0,54.0,0.0,0.0,0.0,5.958984375,5.958984375,5.958984375,240.256,240.256,240.256,54.0,0.0,5.958984375,240.256,5
11776135.486960003,3.6451950073242188,108818124.67283233,202067.49427687895,2096057.5831478252,13374648.679968642,20.1375,20.1375,20.1375,20.1375,20.1375,20.1375,20.1375,20.1375,20.1375,20.1375,20.1375,47.0,47.0,47.0,0.0,0.0,0.0,5.958984375,5.958984375,5.958984375,244.148,244.148,244.148,47.0,0.0,5.958984375,244.148,5
11776136.486058136,3.6451950073242188,109005942.83040145,202364.50580990702,2099045.0588492453,13393711.342305634,20.0125,20.0125,20.0125,20.0125,20.0125,20.0125,20.0125,20.0125,20.0125,20.0125,20.0125,72.0,72.0,72.0,0.0,0.0,0.0,5.958984375,5.958984375,5.958984375,245.302,245.302,245.302,72.0,0.0,5.958984375,245.302,5
11776137.487360472,3.6451950073242188,108804091.5786417,201919.0336922051,2094424.3569935767,13364227.29355081,19.662499999999998,19.662499999999998,19.662499999999998,19.662499999999998,19.662499999999998,19.662499999999998,19.662499999999998,19.662499999999998,19.662499999999998,19.662499999999998,19.662499999999998,58.0,58.0,58.0,0.0,0.0,0.0,5.958984375,5.958984375,5.958984375,230.563,230.563,230.563,58.0,0.0,5.958984375,230.563,5
11776138.471358608,3.6451950073242188,110750729.0380836,205479.04765315758,2131256.068489274,13599245.265145425,19.987499999999997,19.987499999999997,19.987499999999997,19.987499999999997,19.987499999999997,19.987499999999997,19.987499999999997,19.987499999999997,19.987499999999997,19.987499999999997,19.987499999999997,48.0,48.0,48.0,0.0,0.0,0.0,5.958984375,5.958984375,5.958984375,238.386,238.386,238.386,48.0,0.0,5.958984375,238.386,5
11776139.485991623,3.6451950073242188,107439080.34737568,199283.8760921086,2066906.9204466755,13188642.400584549,20.5625,20.5625,20.5625,20.5625,20.5625,20.5625,20.5625,20.5625,20.5625,20.5625,20.5625,40.0,40.0,40.0,0.0,0.0,0.0,5.958984375,5.958984375,5.958984375,243.44,243.44,243.44,40.0,0.0,5.958984375,243.44,5
11776140.486626497,3.6451988220214844,108974791.81584074,202079.70499367904,2095821.4189691013,13377235.150763717,19.912499999999998,19.912499999999998,19.912499999999998,19.912499999999998,19.912499999999998,19.912499999999998,19.912499999999998,19.912499999999998,19.912499999999998,19.912499999999998,19.912499999999998,57.0,57.0,57.0,0.0,0.0,0.0,5.958984375,5.958984375,5.958984375,246.236,246.236,246.236,57.0,0.0,5.958984375,246.236,5
11776141.490032433,3.6451988220214844,108706461.74174485,201521.63021231914,2090033.4796003397,13340291.819011543,19.775,19.775,19.775,19.775,19.775,19.775,19.775,19.775,19.775,19.775,19.775,60.0,60.0,60.0,0.0,0.0,0.0,5.958984375,5.958984375,5.958984375,231.448,231.448,231.448,60.0,0.0,5.958984375,231.448,5
11776142.485887662,3.64520263671875,109563563.88494055,203056.62320822346,2105880.392030128,13441439.689754799,19.974999999999998,19.974999999999998,19.974999999999998,19.974999999999998,19.974999999999998,19.974999999999998,19.974999999999998,19.974999999999998,19.974999999999998,19.974999999999998,19.974999999999998,38.0,38.0,38.0,0.0,0.0,0.0,5.958984375,5.958984375,5.958984375,242.603,242.603,242.603,38.0,0.0,5.958984375,242.603,5
11776143.486463595,3.64520263671875,109084851.36825341,202107.5994415683,2095944.8749114044,13378023.14689545,20.3375,20.3375,20.3375,20.3375,20.3375,20.3375,20.3375,20.3375,20.3375,20.3375,20.3375,57.0,57.0,57.0,0.0,0.0,0.0,5.958984375,5.958984375,5.958984375,242.46,242.46,242.46,57.0,0.0,5.958984375,242.46,5
11776144.487696698,3.6452102661132812,109045980.10165037,202002.90965583618,2094569.1809750022,13369242.350442005,19.724999999999998,19.724999999999998,19.724999999999998,19.724999999999998,19.724999999999998,19.724999999999998,19.724999999999998,19.724999999999998,19.724999999999998,19.724999999999998,19.724999999999998,58.0,58.0,58.0,0.0,0.0,0.0,5.958984375,5.958984375,5.958984375,227.6,227.6,227.6,58.0,0.0,5.958984375,227.6,5
11776145.639040785,3.529041290283203,94857733.87429121,175714.62978679247,1821481.5394676998,11640405.46316077,11.275,11.275,11.275,11.275,11.275,11.275,11.275,11.275,11.275,11.275,11.275,0.0,0.0,0.0,0.0,0.0,0.0,5.947265625,5.947265625,5.947265625,157.42,157.42,157.42,0.0,0.0,5.947265625,157.42,5
11776146.636478474,5.0853271484375,109528073.9390067,202833.72298762476,2102539.358773704,13436540.589663204,70.275,70.275,70.275,70.275,70.275,70.275,70.275,70.275,70.275,70.275,70.275,16.0,16.0,16.0,0.0,0.0,0.0,11.236328125,11.236328125,11.236328125,139.712,139.712,139.712,16.0,0.0,11.236328125,139.712,5
11776147.655633455,5.115898132324219,107226322.84689762,198525.25260231722,2057736.1044712286,13150219.792636445,19.4625,19.4625,19.4625,19.4625,19.4625,19.4625,19.4625,19.4625,19.4625,19.4625,19.4625,50.0,50.0,50.0,0.0,0.0,0.0,11.2421875,11.2421875,11.2421875,216.265,216.265,216.265,50.0,0.0,11.2421875,216.265,5
11776148.664143508,5.115898132324219,108396041.92115515,200629.6311736809,2079455.721272665,13293083.155713735,20.3125,20.3125,20.3125,20.3125,20.3125,20.3125,20.3125,20.3125,20.3125,20.3125,20.3125,77.0,77.0,77.0,0.0,0.0,0.0,11.2421875,11.2421875,11.2421875,271.906,271.906,271.906,77.0,0.0,11.2421875,271.906,5
11776149.662047967,5.115898132324219,109580885.23623608,202763.90006295466,2101555.8965143915,13434360.252522664,19.1,19.1,19.1,19.1,19.1,19.1,19.1,19.1,19.1,19.1,19.1,54.0,54.0,54.0,0.0,0.0,0.0,11.2421875,11.2421875,11.2421875,246.428,246.428,246.428,54.0,0.0,11.2421875,246.428,5
11776150.66251999,5.115898132324219,109332409.67321427,202250.5332541976,2096162.5646917012,13399882.957492067,19.125,19.125,19.125,19.125,19.125,19.125,19.125,19.125,19.125,19.125,19.125,49.0,49.0,49.0,0.0,0.0,0.0,11.2421875,11.2421875,11.2421875,267.754,267.754,267.754,49.0,0.0,11.2421875,267.754,5
11776151.66114592,5.115898132324219,109567333.14176533,202632.4310637617,2100037.5978247523,13424654.40953206,18.8,18.8,18.8,18.8,18.8,18.8,18.8,18.8,18.8,18.8,18.8,52.0,52.0,52.0,0.0,0.0,0.0,11.2421875,11.2421875,11.2421875,268.855,268.855,268.855,52.0,0.0,11.2421875,268.855,5
11776152.661998557,5.115909576416016,109356294.77766266,202181.61247791082,2095365.4139343705,13394787.108998427,18.9625,18.9625,18.9625,18.9625,18.9625,18.9625,18.9625,18.9625,18.9625,18.9625,18.9625,51.0,51.0,51.0,0.0,0.0,0.0,11.2421875,11.2421875,11.2421875,248.698,248.698,248.698,51.0,0.0,11.2421875,248.698,5
11776153.65580648,5.115913391113281,110164447.7376854,203623.85457665188,2110218.6361792157,13489737.49260659,19.0125,19.0125,19.0125,19.0125,19.0125,19.0125,19.0125,19.0125,19.0125,19.0125,19.0125,49.0,49.0,49.0,0.0,0.0,0.0,11.2421875,11.2421875,11.2421875,268.908,268.908,268.908,49.0,0.0,11.2421875,268.908,5
11776154.663291752,5.115924835205078,108701405.3745493,200867.45240988457,2081570.8750576626,13306604.441530723,19.1375,19.1375,19.1375,19.1375,19.1375,19.1375,19.1375,19.1375,19.1375,19.1375,19.1375,54.0,54.0,54.0,0.0,0.0,0.0,11.2421875,11.2421875,11.2421875,268.431,268.431,268.431,54.0,0.0,11.2421875,268.431,5
11776155.662159892,5.115924835205078,109677454.58289513,202603.318701573,2099528.3733169343,13421399.152082667,21.25,21.25,21.25,21.25,21.25,21.25,21.25,21.25,21.25,21.25,21.25,56.0,56.0,56.0,0.0,0.0,0.0,11.2421875,11.2421875,11.2421875,245.341,245.341,245.341,56.0,0.0,11.2421875,245.341,5
11776156.641445143,5.115924835205078,111904147.2839683,206665.01381611265,2141512.90148672,13689788.528449286,19.025,19.025,19.025,19.025,19.025,19.025,19.025,19.025,19.025,19.025,19.025,50.0,50.0,50.0,0.0,0.0,0.0,11.2421875,11.2421875,11.2421875,266.216,266.216,266.216,50.0,0.0,11.2421875,266.216,5
11776157.662561897,5.115932464599609,107351950.2704123,198209.4595933419,2053782.7743032,13128966.836512448,19.462500000000002,19.462500000000002,19.462500000000002,19.462500000000002,19.462500000000002,19.462500000000002,19.462500000000002,19.462500000000002,19.462500000000002,19.462500000000002,19.462500000000002,60.0,60.0,60.0,0.0,0.0,0.0,11.2421875,11.2421875,11.2421875,270.907,270.907,270.907,60.0,0.0,11.2421875,270.907,5
11776158.6517115,5.115936279296875,110854445.8430493,204615.1558512063,2120156.5420275647,13553266.332141055,19.425,19.425,19.425,19.425,19.425,19.425,19.425,19.425,19.425,19.425,19.425,64.0,64.0,64.0,0.0,0.0,0.0,11.2421875,11.2421875,11.2421875,263.251,263.251,263.251,64.0,0.0,11.2421875,263.251,5
11776159.652546512,5.115943908691406,109592882.55731422,202235.13110835647,2095402.312573625,13395022.986432567,19.275,19.275,19.275,19.275,19.275,19.275,19.275,19.275,19.275,19.275,19.275,90.0,90.0,90.0,0.0,0.0,0.0,11.2421875,11.2421875,11.2421875,284.705,284.705,284.705,90.0,0.0,11.2421875,284.705,5
11776160.652197724,5.115943908691406,109760934.26982588,202484.62415743613,2097883.7161511336,13410885.552661445,20.75,20.75,20.75,20.75,20.75,20.75,20.75,20.75,20.75,20.75,20.75,89.0,89.0,89.0,0.0,0.0,0.0,11.2421875,11.2421875,11.2421875,287.547,287.547,287.547,89.0,0.0,11.2421875,287.547,5
11776161.653555289,5.115943908691406,109606619.92161982,202150.56752491154,2094308.8402420813,13388032.87912565,19.75,19.75,19.75,19.75,19.75,19.75,19.75,19.75,19.75,19.75,19.75,94.0,94.0,94.0,0.0,0.0,0.0,11.2421875,11.2421875,11.2421875,289.316,289.316,289.316,94.0,0.0,11.2421875,289.316,5
11776162.65319961,5.115943908691406,109827248.30535729,202508.0279626019,2097898.1794632697,13410978.010514222,19.45,19.45,19.45,19.45,19.45,19.45,19.45,19.45,19.45,19.45,19.45,74.0,74.0,74.0,0.0,0.0,0.0,11.2421875,11.2421875,11.2421875,287.555,287.555,287.555,74.0,0.0,11.2421875,287.555,5
11776163.655792195,5.115943908691406,109536957.02083819,201912.5244198226,2091729.0126858852,13371541.129923636,19.4625,19.4625,19.4625,19.4625,19.4625,19.4625,19.4625,19.4625,19.4625,19.4625,19.4625,59.0,59.0,59.0,0.0,0.0,0.0,11.2421875,11.2421875,11.2421875,263.469,263.469,263.469,59.0,0.0,11.2421875,263.469,5
11776164.654792435,5.115955352783203,109963641.23706317,202645.5969382223,2099250.746680235,13419624.402117986,19.425,19.425,19.425,19.425,19.425,19.425,19.425,19.425,19.425,19.425,19.425,62.0,62.0,62.0,0.0,0.0,0.0,11.2421875,11.2421875,11.2421875,285.354,285.354,285.354,62.0,0.0,11.2421875,285.354,5
11776165.65535394,5.115955352783203,109825025.84235503,202337.38680998088,2095975.1022386898,13398684.589115687,19.9,19.9,19.9,19.9,19.9,19.9,19.9,19.9,19.9,19.9,19.9,94.0,94.0,94.0,0.0,0.0,0.0,11.2421875,11.2421875,11.2421875,288.838,288.838,288.838,94.0,0.0,11.2421875,288.838,5
11776166.65328066,5.115955352783203,110153102.07483368,202880.62807481625,2101509.0137723847,13434060.550931672,19.3875,19.3875,19.3875,19.3875,19.3875,19.3875,19.3875,19.3875,19.3875,19.3875,19.3875,92.0,92.0,92.0,0.0,0.0,0.0,11.2421875,11.2421875,11.2421875,286.687,286.687,286.687,92.0,0.0,11.2421875,286.687,5
11776167.654295724,5.115955352783203,109845986.36232708,202261.6915646797,2095025.4164295967,13392613.648386855,19.5,19.5,19.5,19.5,19.5,19.5,19.5,19.5,19.5,19.5,19.5,91.0,91.0,91.0,0.0,0.0,0.0,11.2421875,11.2421875,11.2421875,266.451,266.451,266.451,91.0,0.0,11.2421875,266.451,5
11776168.653049543,5.115955352783203,110127475.70010571,202719.62522067575,2099768.6905559455,13422935.398807831,19.1875,19.1875,19.1875,19.1875,19.1875,19.1875,19.1875,19.1875,19.1875,19.1875,19.1875,59.0,59.0,59.0,0.0,0.0,0.0,11.2421875,11.2421875,11.2421875,291.576,291.576,291.576,59.0,0.0,11.2421875,291.576,5
11776169.651909417,5.115955352783203,110148567.35107595,202705.10956003296,2099545.7487086845,13421510.225631885,19.3875,19.3875,19.3875,19.3875,19.3875,19.3875,19.3875,19.3875,19.3875,19.3875,19.3875,90.0,90.0,90.0,0.0,0.0,0.0,11.2421875,11.2421875,11.2421875,284.384,284.384,284.384,90.0,0.0,11.2421875,284.384,5
11776170.658750886,5.115955352783203,109307920.19176815,201107.1316810906,2082901.8901303443,13315113.059368392,20.025,20.025,20.025,20.025,20.025,20.025,20.025,20.025,20.025,20.025,20.025,94.0,94.0,94.0,0.0,0.0,0.0,11.2421875,11.2421875,11.2421875,284.301,284.301,284.301,94.0,0.0,11.2421875,284.301,5
11776171.652657432,5.115955352783203,110768969.57820627,203733.4402682833,2110009.243454116,13488398.933252582,21.6375,21.6375,21.6375,21.6375,21.6375,21.6375,21.6375,21.6375,21.6375,21.6375,21.6375,92.0,92.0,92.0,0.0,0.0,0.0,11.2421875,11.2421875,11.2421875,290.872,290.872,290.872,92.0,0.0,11.2421875,290.872,5
11776172.654939909,5.115955352783203,109875977.71211149,202038.85116052284,2092376.201427125,13375678.334513633,19.45,19.45,19.45,19.45,19.45,19.45,19.45,19.45,19.45,19.45,19.45,64.0,64.0,64.0,0.0,0.0,0.0,11.2421875,11.2421875,11.2421875,267.502,267.502,267.502,64.0,0.0,11.2421875,267.502,5
11776173.65447718,5.115955352783203,110210520.4519597,202593.7457220275,2098122.8593997103,13412414.29456104,19.2375,19.2375,19.2375,19.2375,19.2375,19.2375,19.2375,19.2375,19.2375,19.2375,19.2375,90.0,90.0,90.0,0.0,0.0,0.0,11.2421875,11.2421875,11.2421875,289.215,289.215,289.215,90.0,0.0,11.2421875,289.215,5
11776174.63322449,5.115955352783203,112585020.74099821,206904.27272919382,2142689.928558392,13697312.765960189,19.375,19.375,19.375,19.375,19.375,19.375,19.375,19.375,19.375,19.375,19.375,92.0,92.0,92.0,0.0,0.0,0.0,11.2421875,11.2421875,11.2421875,284.355,284.355,284.355,92.0,0.0,11.2421875,284.355,5
11776175.653722843,5.115955352783203,108011002.24146315,198448.13978249184,2055027.3224887531,13136922.708018923,19.9125,19.9125,19.9125,19.9125,19.9125,19.9125,19.9125,19.9125,19.9125,19.9125,19.9125,93.0,93.0,93.0,0.0,0.0,0.0,11.2421875,11.2421875,11.2421875,289.81,289.81,289.81,93.0,0.0,11.2421875,289.81,5
11776176.665951747,5.115955352783203,108931200.77135582,200081.2258385963,2071815.9609034993,13244245.390697563,21.287499999999998,21.287499999999998,21.287499999999998,21.287499999999998,21.287499999999998,21.287499999999998,21.287499999999998,21.287499999999998,21.287499999999998,21.287499999999998,21.287499999999998,88.0,88.0,88.0,0.0,0.0,0.0,11.2421875,11.2421875,11.2421875,280.002,280.002,280.002,88.0,0.0,11.2421875,280.002,5
11776177.66610404,5.115955352783203,110279271.37897345,202497.1613569675,2096832.66972511,13404166.656270089,18.9,18.9,18.9,18.9,18.9,18.9,18.9,18.9,18.9,18.9,18.9,57.0,57.0,57.0,0.0,0.0,0.0,11.2421875,11.2421875,11.2421875,250.207,250.207,250.207,57.0,0.0,11.2421875,250.207,5
11776178.664888281,5.115955352783203,110463125.40656056,202781.53323115341,2099704.732410595,13422526.541366948,19.1625,19.1625,19.1625,19.1625,19.1625,19.1625,19.1625,19.1625,19.1625,19.1625,19.1625,50.0,50.0,50.0,0.0,0.0,0.0,11.2421875,11.2421875,11.2421875,269.122,269.122,269.122,50.0,0.0,11.2421875,269.122,5
11776179.665375356,5.115955352783203,110307863.8792763,202443.39503399318,2096131.0285389149,13399681.360171618,19.075,19.075,19.075,19.075,19.075,19.075,19.075,19.075,19.075,19.075,19.075,52.0,52.0,52.0,0.0,0.0,0.0,11.2421875,11.2421875,11.2421875,266.649,266.649,266.649,52.0,0.0,11.2421875,266.649,5
11776180.66725888,5.115962982177734,110186808.55243629,202161.224574899,2093209.390840905,13381004.562934145,19.0875,19.0875,19.0875,19.0875,19.0875,19.0875,19.0875,19.0875,19.0875,19.0875,19.0875,59.0,59.0,59.0,0.0,0.0,0.0,11.2421875,11.2421875,11.2421875,247.323,247.323,247.323,59.0,0.0,11.2421875,247.323,5
11776181.6569349,5.115962982177734,111581807.23022094,204671.0192970497,2119028.8088391786,13550195.937772406,19.4375,19.4375,19.4375,19.4375,19.4375,19.4375,19.4375,19.4375,19.4375,19.4375,19.4375,56.0,56.0,56.0,0.0,0.0,0.0,11.2421875,11.2421875,11.2421875,270.485,270.485,270.485,56.0,0.0,11.2421875,270.485,5
11776182.654875772,5.115962982177734,110693305.7001724,202985.97413043224,2101479.2149776085,13442078.96299154,19.5625,19.5625,19.5625,19.5625,19.5625,19.5625,19.5625,19.5625,19.5625,19.5625,19.5625,59.0,59.0,59.0,0.0,0.0,0.0,11.2421875,11.2421875,11.2421875,282.194,282.194,282.194,59.0,0.0,11.2421875,282.194,5
11776183.654818434,5.115962982177734,110504473.0839988,202586.61587200387,2097272.2529887925,13415169.196363859,19.3625,19.3625,19.3625,19.3625,19.3625,19.3625,19.3625,19.3625,19.3625,19.3625,19.3625,50.0,50.0,50.0,0.0,0.0,0.0,11.2421875,11.2421875,11.2421875,263.228,263.228,263.228,50.0,0.0,11.2421875,263.228,5
11776184.666407019,5.115962982177734,109264681.98555662,200254.33568307554,2073127.38781406,13260726.9435372,19.475,19.475,19.475,19.475,19.475,19.475,19.475,19.475,19.475,19.475,19.475,61.0,61.0,61.0,0.0,0.0,0.0,11.2421875,11.2421875,11.2421875,278.161,278.161,278.161,61.0,0.0,11.2421875,278.161,5
11776185.649970803,5.115962982177734,112411312.55670734,205972.4068642357,2132197.2535263645,13638566.416599305,19.2125,19.2125,19.2125,19.2125,19.2125,19.2125,19.2125,19.2125,19.2125,19.2125,19.2125,89.0,89.0,89.0,0.0,0.0,0.0,11.2421875,11.2421875,11.2421875,284.966,284.966,284.966,89.0,0.0,11.2421875,284.966,5
11776186.657432204,5.115974426269531,109777392.88360912,201096.53814896574,2081620.1975951262,13315051.068601638,19.625,19.625,19.625,19.625,19.625,19.625,19.625,19.625,19.625,19.625,19.625,91.0,91.0,91.0,0.0,0.0,0.0,11.2421875,11.2421875,11.2421875,287.02,287.02,287.02,91.0,0.0,11.2421875,287.02,5
11776187.655602235,5.115974426269531,110837602.35033049,202979.4460462784,2100996.758444113,13438992.937313419,21.7875,21.7875,21.7875,21.7875,21.7875,21.7875,21.7875,21.7875,21.7875,21.7875,21.7875,86.0,86.0,86.0,0.0,0.0,0.0,11.2421875,11.2421875,11.2421875,292.06,292.06,292.06,86.0,0.0,11.2421875,292.06,5
11776188.667118428,5.115974426269531,109407594.03926033,200301.2916812795,2073275.756396483,13261675.98085641,19.1375,19.1375,19.1375,19.1375,19.1375,19.1375,19.1375,19.1375,19.1375,19.1375,19.1375,61.0,61.0,61.0,0.0,0.0,0.0,11.2421875,11.2421875,11.2421875,254.773,254.773,254.773,61.0,0.0,11.2421875,254.773,5
11776189.635412008,5.115974426269531,114325182.32803683,209249.55440421577,2165822.478680798,13853649.643905496,18.7875,18.7875,18.7875,18.7875,18.7875,18.7875,18.7875,18.7875,18.7875,18.7875,18.7875,47.0,47.0,47.0,0.0,0.0,0.0,11.2421875,11.2421875,11.2421875,263.405,263.405,263.405,47.0,0.0,11.2421875,263.405,5
11776190.668065064,5.115974426269531,107231684.78269002,196214.98121369063,2030838.9033878536,12990229.31366254,18.9875,18.9875,18.9875,18.9875,18.9875,18.9875,18.9875,18.9875,18.9875,18.9875,18.9875,55.0,55.0,55.0,0.0,0.0,0.0,11.2421875,11.2421875,11.2421875,267.681,267.681,267.681,55.0,0.0,11.2421875,267.681,5
11776191.668147536,5.115974426269531,110756772.62987094,202607.29050279857,2096979.0572317448,13413293.774285085,18.875,18.875,18.875,18.875,18.875,18.875,18.875,18.875,18.875,18.875,18.875,57.0,57.0,57.0,0.0,0.0,0.0,11.2421875,11.2421875,11.2421875,248.308,248.308,248.308,57.0,0.0,11.2421875,248.308,5
11776192.63777174,5.115985870361328,114275403.273533,208990.24492867608,2162850.2982237786,13914900.160838136,20.175,20.175,20.175,20.175,20.175,20.175,20.175,20.175,20.175,20.175,20.175,93.0,93.0,93.0,0.0,0.0,0.0,11.2421875,11.2421875,11.2421875,272.886,272.886,272.886,93.0,0.0,11.2421875,272.886,5
11776193.657211972,5.115985870361328,108723385.18505295,198786.54350660852,2057160.326314556,13234933.818125287,19.6,19.6,19.6,19.6,19.6,19.6,19.6,19.6,19.6,19.6,19.6,94.0,94.0,94.0,0.0,0.0,0.0,11.2421875,11.2421875,11.2421875,286.861,286.861,286.861,94.0,0.0,11.2421875,286.861,5
11776194.668116797,5.115985870361328,109673806.40413806,200471.8892582795,2074529.6188740607,13346680.790178038,19.55,19.55,19.55,19.55,19.55,19.55,19.55,19.55,19.55,19.55,19.55,82.0,82.0,82.0,0.0,0.0,0.0,11.2421875,11.2421875,11.2421875,282.779,282.779,282.779,82.0,0.0,11.2421875,282.779,5
11776195.659227287,5.115993499755859,111897271.84598868,204476.69751749843,2115961.8627952216,13613239.015717696,19.375,19.375,19.375,19.375,19.375,19.375,19.375,19.375,19.375,19.375,19.375,88.0,88.0,88.0,0.0,0.0,0.0,11.2421875,11.2421875,11.2421875,276.661,276.661,276.661,88.0,0.0,11.2421875,276.661,5
11776196.65966728,5.115993499755859,110886557.78231785,202576.8677634481,2096229.6753468798,13486290.137876214,18.975,18.975,18.975,18.975,18.975,18.975,18.975,18.975,18.975,18.975,18.975,88.0,88.0,88.0,0.0,0.0,0.0,11.2421875,11.2421875,11.2421875,287.824,287.824,287.824,88.0,0.0,11.2421875,287.824,5
11776197.65570006,5.115997314453125,111410122.46198608,203480.2509136371,2105505.00147546,13545963.81808626,19.837500000000002,19.837500000000002,19.837500000000002,19.837500000000002,19.837500000000002,19.837500000000002,19.837500000000002,19.837500000000002,19.837500000000002,19.837500000000002,19.837500000000002,91.0,91.0,91.0,0.0,0.0,0.0,11.2421875,11.2421875,11.2421875,289.061,289.061,289.061,91.0,0.0,11.2421875,289.061,5
11776198.658176674,5.115997314453125,110729452.89023541,202181.275030069,2091970.995410837,13458891.52125644,19.3125,19.3125,19.3125,19.3125,19.3125,19.3125,19.3125,19.3125,19.3125,19.3125,19.3125,89.0,89.0,89.0,0.0,0.0,0.0,11.2421875,11.2421875,11.2421875,285.248,285.248,285.248,89.0,0.0,11.2421875,285.248,5
11776199.668081556,5.115997314453125,109950207.17869434,200704.0500792275,2076583.6837751472,13359895.809287764,18.825,18.825,18.825,18.825,18.825,18.825,18.825,18.825,18.825,18.825,18.825,55.0,55.0,55.0,0.0,0.0,0.0,11.2421875,11.2421875,11.2421875,256.626,256.626,256.626,55.0,0.0,11.2421875,256.626,5
11776200.66792218,5.115997314453125,111089759.97154856,202724.30926170512,2097486.2876522182,13494374.670950012,18.925,18.925,18.925,18.925,18.925,18.925,18.925,18.925,18.925,18.925,18.925,54.0,54.0,54.0,0.0,0.0,0.0,11.2421875,11.2421875,11.2421875,275.345,275.345,275.345,54.0,0.0,11.2421875,275.345,5
11776201.670151183,5.115997314453125,110857735.74831489,202249.18591018894,2092487.8378387992,13462216.675470712,19.4125,19.4125,19.4125,19.4125,19.4125,19.4125,19.4125,19.4125,19.4125,19.4125,19.4125,48.0,48.0,48.0,0.0,0.0,0.0,11.2421875,11.2421875,11.2421875,270.968,270.968,270.968,48.0,0.0,11.2421875,270.968,5
11776202.672051517,5.115997314453125,110926821.00039351,202325.51396471582,2093174.2699527983,13466632.900829135,19.125,19.125,19.125,19.125,19.125,19.125,19.125,19.125,19.125,19.125,19.125,60.0,60.0,60.0,0.0,0.0,0.0,11.2421875,11.2421875,11.2421875,251.593,251.593,251.593,60.0,0.0,11.2421875,251.593,5
11776203.67033902,5.115997314453125,111363858.30931734,203058.7375446095,2100749.527944477,13515369.033299038,19.962500000000002,19.962500000000002,19.962500000000002,19.962500000000002,19.962500000000002,19.962500000000002,19.962500000000002,19.962500000000002,19.962500000000002,19.962500000000002,19.962500000000002,59.0,59.0,59.0,0.0,0.0,0.0,11.2421875,11.2421875,11.2421875,247.201,247.201,247.201,59.0,0.0,11.2421875,247.201,5
11776204.6676068,5.115997314453125,111513362.94846123,203274.39018655336,2102897.577082122,13529188.708805686,20.725,20.725,20.725,20.725,20.725,20.725,20.725,20.725,20.725,20.725,20.725,50.0,50.0,50.0,0.0,0.0,0.0,11.2421875,11.2421875,11.2421875,266.134,266.134,266.134,50.0,0.0,11.2421875,266.134,5
11776205.668753613,5.115997314453125,111114045.08062968,202495.77541643727,2094749.7159057073,13476768.680065235,19.5125,19.5125,19.5125,19.5125,19.5125,19.5125,19.5125,19.5125,19.5125,19.5125,19.5125,87.0,87.0,87.0,0.0,0.0,0.0,11.2421875,11.2421875,11.2421875,276.61,276.61,276.61,87.0,0.0,11.2421875,276.61,5
11776206.671325928,5.115997314453125,110988753.98396926,202207.85773210248,2091771.3056834487,13457606.798674375,19.0875,19.0875,19.0875,19.0875,19.0875,19.0875,19.0875,19.0875,19.0875,19.0875,19.0875,58.0,58.0,58.0,0.0,0.0,0.0,11.2421875,11.2421875,11.2421875,247.148,247.148,247.148,58.0,0.0,11.2421875,247.148,5
11776207.67086112,5.115997314453125,111358799.48267727,202830.2771751934,2098127.2267308775,13498498.212600606,19.75,19.75,19.75,19.75,19.75,19.75,19.75,19.75,19.75,19.75,19.75,91.0,91.0,91.0,0.0,0.0,0.0,11.2421875,11.2421875,11.2421875,271.27,271.27,271.27,91.0,0.0,11.2421875,271.27,5
11776208.65824444,5.115997314453125,112765299.59549718,205336.6668271504,2123949.1852361676,13664626.203453002,19.475,19.475,19.475,19.475,19.475,19.475,19.475,19.475,19.475,19.475,19.475,87.0,87.0,87.0,0.0,0.0,0.0,11.2421875,11.2421875,11.2421875,284.323,284.323,284.323,87.0,0.0,11.2421875,284.323,5
11776209.657131031,5.115997314453125,111502254.63350591,202979.99979441075,2099489.590976494,13507263.11069643,19.575,19.575,19.575,19.575,19.575,19.575,19.575,19.575,19.575,19.575,19.575,92.0,92.0,92.0,0.0,0.0,0.0,11.2421875,11.2421875,11.2421875,267.138,267.138,267.138,92.0,0.0,11.2421875,267.138,5
11776210.658884296,5.116035461425781,111215903.04550596,202400.1389127311,2093481.5719519216,13468609.957050059,19.35,19.35,19.35,19.35,19.35,19.35,19.35,19.35,19.35,19.35,19.35,90.0,90.0,90.0,0.0,0.0,0.0,11.2421875,11.2421875,11.2421875,290.887,290.887,290.887,90.0,0.0,11.2421875,290.887,5
11776211.657414196,5.116035461425781,111607757.57944119,203062.52224128137,2100239.562463493,13512088.122567864,19.525,19.525,19.525,19.525,19.525,19.525,19.525,19.525,19.525,19.525,19.525,91.0,91.0,91.0,0.0,0.0,0.0,11.2421875,11.2421875,11.2421875,284.286,284.286,284.286,91.0,0.0,11.2421875,284.286,5
11776212.65997666,5.116035461425781,111191547.74147262,202256.72456944198,2091791.8601615308,13461824.568812976,19.4625,19.4625,19.4625,19.4625,19.4625,19.4625,19.4625,19.4625,19.4625,19.4625,19.4625,93.0,93.0,93.0,0.0,0.0,0.0,11.2421875,11.2421875,11.2421875,290.09,290.09,290.09,93.0,0.0,11.2421875,290.09,5
11776213.659565004,5.116035461425781,111555181.33226731,202865.5107547601,2098015.6602181983,13501878.125818288,19.3125,19.3125,19.3125,19.3125,19.3125,19.3125,19.3125,19.3125,19.3125,19.3125,19.3125,87.0,87.0,87.0,0.0,0.0,0.0,11.2421875,11.2421875,11.2421875,289.008,289.008,289.008,87.0,0.0,11.2421875,289.008,5
11776214.657216124,5.1160430908203125,111807417.1335291,203267.4507179682,2102089.5547516565,13532201.50871379,19.0625,19.0625,19.0625,19.0625,19.0625,19.0625,19.0625,19.0625,19.0625,19.0625,19.0625,49.0,49.0,49.0,0.0,0.0,0.0,11.2421875,11.2421875,11.2421875,261.374,261.374,261.374,49.0,0.0,11.2421875,261.374,5
11776215.669638518,5.1160430908203125,110211236.59496962,200303.74792214332,2071420.004548595,13334766.27928158,19.1,19.1,19.1,19.1,19.1,19.1,19.1,19.1,19.1,19.1,19.1,56.0,56.0,56.0,0.0,0.0,0.0,11.2421875,11.2421875,11.2421875,271.296,271.296,271.296,56.0,0.0,11.2421875,271.296,5
11776216.670193693,5.1160430908203125,111551204.62408751,202686.47365348463,2095988.3608664372,13492925.07307769,19.125,19.125,19.125,19.125,19.125,19.125,19.125,19.125,19.125,19.125,19.125,45.0,45.0,45.0,0.0,0.0,0.0,11.2421875,11.2421875,11.2421875,265.161,265.161,265.161,45.0,0.0,11.2421875,265.161,5
11776217.670719763,5.1160430908203125,111587243.23258193,202700.36529826387,2096049.3300822196,13493317.562404288,18.9875,18.9875,18.9875,18.9875,18.9875,18.9875,18.9875,18.9875,18.9875,18.9875,18.9875,60.0,60.0,60.0,0.0,0.0,0.0,11.2421875,11.2421875,11.2421875,251.992,251.992,251.992,60.0,0.0,11.2421875,251.992,5
11776218.669304475,5.116058349609375,111837059.65696557,203095.4385524336,2100124.2808523984,13519550.057987314,19.25,19.25,19.25,19.25,19.25,19.25,19.25,19.25,19.25,19.25,19.25,56.0,56.0,56.0,0.0,0.0,0.0,11.2421875,11.2421875,11.2421875,271.614,271.614,271.614,56.0,0.0,11.2421875,271.614,5
11776219.667648096,5.116058349609375,111899688.35552128,203152.49764276817,2100631.442965676,13522814.91409154,20.4875,20.4875,20.4875,20.4875,20.4875,20.4875,20.4875,20.4875,20.4875,20.4875,20.4875,50.0,50.0,50.0,0.0,0.0,0.0,11.2421875,11.2421875,11.2421875,273.793,273.793,273.793,50.0,0.0,11.2421875,273.793,5
11776220.6688702,5.116058349609375,111613498.71527691,202576.4305674946,2094592.1908525738,13483937.228613444,20.6625,20.6625,20.6625,20.6625,20.6625,20.6625,20.6625,20.6625,20.6625,20.6625,20.6625,84.0,84.0,84.0,0.0,0.0,0.0,11.2421875,11.2421875,11.2421875,275.121,275.121,275.121,84.0,0.0,11.2421875,275.121,5
11776221.668482851,5.116065979003906,111826025.61360975,202902.59396157763,2097964.642900793,13505647.388673855,19.3625,19.3625,19.3625,19.3625,19.3625,19.3625,19.3625,19.3625,19.3625,19.3625,19.3625,57.0,57.0,57.0,0.0,0.0,0.0,11.2421875,11.2421875,11.2421875,251.471,251.471,251.471,57.0,0.0,11.2421875,251.471,5
11776222.66455924,5.116065979003906,112255999.95655753,203631.97279409223,2105412.82241586,13553595.044302098,18.9625,18.9625,18.9625,18.9625,18.9625,18.9625,18.9625,18.9625,18.9625,18.9625,18.9625,49.0,49.0,49.0,0.0,0.0,0.0,11.2421875,11.2421875,11.2421875,266.969,266.969,266.969,49.0,0.0,11.2421875,266.969,5
11776223.669319348,5.116065979003906,111318521.71536705,201879.0338167977,2087216.621607991,13436457.00160144,19.0,19.0,19.0,19.0,19.0,19.0,19.0,19.0,19.0,19.0,19.0,55.0,55.0,55.0,0.0,0.0,0.0,11.2421875,11.2421875,11.2421875,272.106,272.106,272.106,55.0,0.0,11.2421875,272.106,5
11776224.670189,5.116069793701172,111784048.74977863,202663.7530099106,2095329.7917187933,13488685.534189733,18.8375,18.8375,18.8375,18.8375,18.8375,18.8375,18.8375,18.8375,18.8375,18.8375,18.8375,59.0,59.0,59.0,0.0,0.0,0.0,11.2421875,11.2421875,11.2421875,247.365,247.365,247.365,59.0,0.0,11.2421875,247.365,5
11776225.640708504,5.116069793701172,115316455.34925885,209009.71000793867,2160855.080466993,13910504.580506267,18.8,18.8,18.8,18.8,18.8,18.8,18.8,18.8,18.8,18.8,18.8,50.0,50.0,50.0,0.0,0.0,0.0,11.2421875,11.2421875,11.2421875,266.318,266.318,266.318,50.0,0.0,11.2421875,266.318,5
11776226.669953916,5.116069793701172,108768774.38291946,197092.93589204675,2037562.6411308344,13116809.502279745,19.0625,19.0625,19.0625,19.0625,19.0625,19.0625,19.0625,19.0625,19.0625,19.0625,19.0625,57.0,57.0,57.0,0.0,0.0,0.0,11.2421875,11.2421875,11.2421875,270.078,270.078,270.078,57.0,0.0,11.2421875,270.078,5
11776227.669465568,5.116069793701172,112037351.25060517,202957.11376253937,2098176.6410066993,13507012.126480626,18.9375,18.9375,18.9375,18.9375,18.9375,18.9375,18.9375,18.9375,18.9375,18.9375,18.9375,58.0,58.0,58.0,0.0,0.0,0.0,11.2421875,11.2421875,11.2421875,247.134,247.134,247.134,58.0,0.0,11.2421875,247.134,5
11776228.64008115,5.116069793701172,115406680.06461856,209007.56555853848,2160641.182486075,13909127.612254107,19.0875,19.0875,19.0875,19.0875,19.0875,19.0875,19.0875,19.0875,19.0875,19.0875,19.0875,48.0,48.0,48.0,0.0,0.0,0.0,11.2421875,11.2421875,11.2421875,266.7,266.7,266.7,48.0,0.0,11.2421875,266.7,5
11776229.670572354,5.116069793701172,108733004.86818686,196870.19102702689,2035099.3717878251,13100952.205884125,18.925,18.925,18.925,18.925,18.925,18.925,18.925,18.925,18.925,18.925,18.925,55.0,55.0,55.0,0.0,0.0,0.0,11.2421875,11.2421875,11.2421875,270.069,270.069,270.069,55.0,0.0,11.2421875,270.069,5
11776230.670265537,5.116069793701172,112118435.81651704,202935.263942532,2097795.6388854547,13504559.425325116,18.875,18.875,18.875,18.875,18.875,18.875,18.875,18.875,18.875,18.875,18.875,55.0,55.0,55.0,0.0,0.0,0.0,11.2421875,11.2421875,11.2421875,245.451,245.451,245.451,55.0,0.0,11.2421875,245.451,5
11776231.635122312,5.116069793701172,116203441.63983254,210271.62285261383,2173537.1023974763,13992145.096683756,19.150000000000002,19.150000000000002,19.150000000000002,19.150000000000002,19.150000000000002,19.150000000000002,19.150000000000002,19.150000000000002,19.150000000000002,19.150000000000002,19.150000000000002,49.0,49.0,49.0,0.0,0.0,0.0,11.2421875,11.2421875,11.2421875,265.131,265.131,265.131,49.0,0.0,11.2421875,265.131,5
11776232.670233212,5.116069793701172,108348354.73247766,196010.88150554875,2026016.7288724824,13042482.692116605,19.3625,19.3625,19.3625,19.3625,19.3625,19.3625,19.3625,19.3625,19.3625,19.3625,19.3625,56.0,56.0,56.0,0.0,0.0,0.0,11.2421875,11.2421875,11.2421875,267.679,267.679,267.679,56.0,0.0,11.2421875,267.679,5
11776233.671732884,5.116069793701172,112017449.62452757,202589.18277860704,2094011.6704002668,13480200.128201718,19.15,19.15,19.15,19.15,19.15,19.15,19.15,19.15,19.15,19.15,19.15,61.0,61.0,61.0,0.0,0.0,0.0,11.2421875,11.2421875,11.2421875,247.159,247.159,247.159,61.0,0.0,11.2421875,247.159,5
11776234.639977224,5.116069793701172,115898697.60418071,209554.54275442654,2165932.61925348,13943191.236444278,18.85,18.85,18.85,18.85,18.85,18.85,18.85,18.85,18.85,18.85,18.85,49.0,49.0,49.0,0.0,0.0,0.0,11.2421875,11.2421875,11.2421875,263.502,263.502,263.502,49.0,0.0,11.2421875,263.502,5
11776235.659661217,5.116069793701172,110084176.88883339,198991.06144098422,2056668.5516740738,13239803.80140185,19.25,19.25,19.25,19.25,19.25,19.25,19.25,19.25,19.25,19.25,19.25,87.0,87.0,87.0,0.0,0.0,0.0,11.2421875,11.2421875,11.2421875,275.325,275.325,275.325,87.0,0.0,11.2421875,275.325,5
11776236.661864012,5.1160888671875,112042607.01378202,202470.9977328371,2092542.5560077017,13470742.704299578,20.0,20.0,20.0,20.0,20.0,20.0,20.0,20.0,20.0,20.0,20.0,50.0,50.0,50.0,0.0,0.0,0.0,11.2421875,11.2421875,11.2421875,259.8,259.8,259.8,50.0,0.0,11.2421875,259.8,5
11776237.671529954,5.1160888671875,111246935.59295543,200974.39320803207,2077075.1128047965,13371171.038680878,18.8125,18.8125,18.8125,18.8125,18.8125,18.8125,18.8125,18.8125,18.8125,18.8125,18.8125,58.0,58.0,58.0,0.0,0.0,0.0,11.2421875,11.2421875,11.2421875,271.501,271.501,271.501,58.0,0.0,11.2421875,271.501,5
11776238.671381507,5.1160888671875,112371760.27659477,202957.12842361626,2097463.3626271696,13502420.396912405,19.15,19.15,19.15,19.15,19.15,19.15,19.15,19.15,19.15,19.15,19.15,46.0,46.0,46.0,0.0,0.0,0.0,11.2421875,11.2421875,11.2421875,266.816,266.816,266.816,46.0,0.0,11.2421875,266.816,5
11776239.670497488,5.1160888671875,112487358.94438933,203117.5597492293,2099007.5622269646,13512361.181836084,19.0375,19.0375,19.0375,19.0375,19.0375,19.0375,19.0375,19.0375,19.0375,19.0375,19.0375,59.0,59.0,59.0,0.0,0.0,0.0,11.2421875,11.2421875,11.2421875,250.358,250.358,250.358,59.0,0.0,11.2421875,250.358,5
11776240.672467124,5.1160888671875,112199753.38414651,202539.07185664756,2093029.4948324717,13473877.372984037,18.825,18.825,18.825,18.825,18.825,18.825,18.825,18.825,18.825,18.825,18.825,59.0,59.0,59.0,0.0,0.0,0.0,11.2421875,11.2421875,11.2421875,267.899,267.899,267.899,59.0,0.0,11.2421875,267.899,5
11776241.672460524,5.1160888671875,112457064.1437246,202946.3393142823,2097165.839935085,13500505.094582107,19.3375,19.3375,19.3375,19.3375,19.3375,19.3375,19.3375,19.3375,19.3375,19.3375,19.3375,48.0,48.0,48.0,0.0,0.0,0.0,11.2421875,11.2421875,11.2421875,268.939,268.939,268.939,48.0,0.0,11.2421875,268.939,5
11776242.673130907,5.1160888671875,112416562.87509535,202823.03093814492,2095747.0473247922,13491371.61715335,20.325,20.325,20.325,20.325,20.325,20.325,20.325,20.325,20.325,20.325,20.325,65.0,65.0,65.0,0.0,0.0,0.0,11.2421875,11.2421875,11.2421875,274.044,274.044,274.044,65.0,0.0,11.2421875,274.044,5
11776243.660815718,5.1160888671875,113927795.38560377,205490.6563666231,2123300.8522890043,13668749.236610467,19.5,19.5,19.5,19.5,19.5,19.5,19.5,19.5,19.5,19.5,19.5,90.0,90.0,90.0,0.0,0.0,0.0,11.2421875,11.2421875,11.2421875,285.401,285.401,285.401,90.0,0.0,11.2421875,285.401,5
11776244.662737992,5.1160888671875,112341639.58616324,202580.5846076037,2093128.4336158314,13474514.291401913,19.0625,19.0625,19.0625,19.0625,19.0625,19.0625,19.0625,19.0625,19.0625,19.0625,19.0625,87.0,87.0,87.0,0.0,0.0,0.0,11.2421875,11.2421875,11.2421875,287.837,287.837,287.837,87.0,0.0,11.2421875,287.837,5
11776245.662372964,5.1160888671875,112631539.68344423,203052.11974121266,2097917.7990694735,13509443.327211045,18.9875,18.9875,18.9875,18.9875,18.9875,18.9875,18.9875,18.9875,18.9875,18.9875,18.9875,50.0,50.0,50.0,0.0,0.0,0.0,11.2421875,11.2421875,11.2421875,281.666,281.666,281.666,50.0,0.0,11.2421875,281.666,5
11776246.672323128,5.1160888671875,111513698.33464913,200988.1349533598,2076490.5767518692,13371463.733497877,19.2375,19.2375,19.2375,19.2375,19.2375,19.2375,19.2375,19.2375,19.2375,19.2375,19.2375,78.0,78.0,78.0,0.0,0.0,0.0,11.2421875,11.2421875,11.2421875,275.306,275.306,275.306,78.0,0.0,11.2421875,275.306,5
11776247.674334802,5.1160888671875,112432707.099786,202581.47221569307,2092941.6846237243,13477399.871493006,19.962500000000002,19.962500000000002,19.962500000000002,19.962500000000002,19.962500000000002,19.962500000000002,19.962500000000002,19.962500000000002,19.962500000000002,19.962500000000002,19.962500000000002,60.0,60.0,60.0,0.0,0.0,0.0,11.2421875,11.2421875,11.2421875,250.022,250.022,250.022,60.0,0.0,11.2421875,250.022,5
11776248.672733972,5.1160888671875,112872433.56477657,203322.48470969577,2100514.5664906767,13526165.089296408,19.1875,19.1875,19.1875,19.1875,19.1875,19.1875,19.1875,19.1875,19.1875,19.1875,19.1875,44.0,44.0,44.0,0.0,0.0,0.0,11.2421875,11.2421875,11.2421875,266.926,266.926,266.926,44.0,0.0,11.2421875,266.926,5
11776249.675427038,5.1160888671875,112421859.470617,202458.7651076748,2091519.3994359244,13468241.132695787,19.175,19.175,19.175,19.175,19.175,19.175,19.175,19.175,19.175,19.175,19.175,71.0,71.0,71.0,0.0,0.0,0.0,11.2421875,11.2421875,11.2421875,272.627,272.627,272.627,71.0,0.0,11.2421875,272.627,5
11776250.672404198,5.1160888671875,113099376.34668139,203619.50924753788,2103510.576429492,13545457.754859444,19.1125,19.1125,19.1125,19.1125,19.1125,19.1125,19.1125,19.1125,19.1125,19.1125,19.1125,59.0,59.0,59.0,0.0,0.0,0.0,11.2421875,11.2421875,11.2421875,247.063,247.063,247.063,59.0,0.0,11.2421875,247.063,5
11776251.671537008,5.1160888671875,112888273.56383125,203187.20187698054,2098972.2073715883,13516233.140047124,18.9,18.9,18.9,18.9,18.9,18.9,18.9,18.9,18.9,18.9,18.9,49.0,49.0,49.0,0.0,0.0,0.0,11.2421875,11.2421875,11.2421875,267.344,267.344,267.344,49.0,0.0,11.2421875,267.344,5
11776252.675784426,5.1160888671875,112351586.8842257,202161.33636702268,2088282.1933049667,13447395.295559522,20.400000000000002,20.400000000000002,20.400000000000002,20.400000000000002,20.400000000000002,20.400000000000002,20.400000000000002,20.400000000000002,20.400000000000002,20.400000000000002,20.400000000000002,57.0,57.0,57.0,0.0,0.0,0.0,11.2421875,11.2421875,11.2421875,269.678,269.678,269.678,57.0,0.0,11.2421875,269.678,5
11776253.673589027,5.1160888671875,113109990.58902249,203468.69502137633,2101766.2159838313,13538330.0396771,19.15,19.15,19.15,19.15,19.15,19.15,19.15,19.15,19.15,19.15,19.15,60.0,60.0,60.0,0.0,0.0,0.0,11.2421875,11.2421875,11.2421875,248.579,248.579,248.579,60.0,0.0,11.2421875,248.579,5
11776254.66638692,5.1160888671875,113713529.05583714,204501.84425797232,2112365.483203361,13606604.2257904,18.9625,18.9625,18.9625,18.9625,18.9625,18.9625,18.9625,18.9625,18.9625,18.9625,18.9625,50.0,50.0,50.0,0.0,0.0,0.0,11.2421875,11.2421875,11.2421875,268.443,268.443,268.443,50.0,0.0,11.2421875,268.443,5
11776255.67394262,5.1160888671875,112080587.6102066,201514.41734786166,2081425.3725670828,13407306.403762186,18.85,18.85,18.85,18.85,18.85,18.85,18.85,18.85,18.85,18.85,18.85,57.0,57.0,57.0,0.0,0.0,0.0,11.2421875,11.2421875,11.2421875,268.516,268.516,268.516,57.0,0.0,11.2421875,268.516,5
11776256.672619192,5.1160888671875,113110003.94686669,203306.06093462306,2099931.107636375,13526509.361298367,19.075,19.075,19.075,19.075,19.075,19.075,19.075,19.075,19.075,19.075,19.075,55.0,55.0,55.0,0.0,0.0,0.0,11.2421875,11.2421875,11.2421875,245.333,245.333,245.333,55.0,0.0,11.2421875,245.333,5
11776257.661864035,5.1160888671875,114221665.96143034,205251.51225898316,2119952.4213320813,13655474.7764711,18.7625,18.7625,18.7625,18.7625,18.7625,18.7625,18.7625,18.7625,18.7625,18.7625,18.7625,48.0,48.0,48.0,0.0,0.0,0.0,11.2421875,11.2421875,11.2421875,268.942,268.942,268.942,48.0,0.0,11.2421875,268.942,5
11776258.673962587,5.1160888671875,111680412.64659908,200625.7191718191,2072082.7971643799,13347127.080172118,19.0625,19.0625,19.0625,19.0625,19.0625,19.0625,19.0625,19.0625,19.0625,19.0625,19.0625,59.0,59.0,59.0,0.0,0.0,0.0,11.2421875,11.2421875,11.2421875,270.802,270.802,270.802,59.0,0.0,11.2421875,270.802,5
11776259.674885202,5.1160888671875,112960248.21351756,202866.8320768504,2095218.9202066,13496156.247737046,18.7625,18.7625,18.7625,18.7625,18.7625,18.7625,18.7625,18.7625,18.7625,18.7625,18.7625,61.0,61.0,61.0,0.0,0.0,0.0,11.2421875,11.2421875,11.2421875,247.707,247.707,247.707,61.0,0.0,11.2421875,247.707,5
11776260.65159588,5.1160888671875,115794119.63670844,207905.98971762464,2147157.852442067,13830716.01045691,18.9,18.9,18.9,18.9,18.9,18.9,18.9,18.9,18.9,18.9,18.9,48.0,48.0,48.0,0.0,0.0,0.0,11.2421875,11.2421875,11.2421875,265.552,265.552,265.552,48.0,0.0,11.2421875,265.552,5
11776261.790795004,5.1160888671875,99306817.00167221,178260.31955786448,1840900.290935396,11857986.639658077,19.6625,19.6625,19.6625,19.6625,19.6625,19.6625,19.6625,19.6625,19.6625,19.6625,19.6625,85.0,85.0,85.0,0.0,0.0,0.0,11.2421875,11.2421875,11.2421875,235.458,235.458,235.458,85.0,0.0,11.2421875,235.458,5
11776262.792750508,5.1160888671875,112944148.3116199,202678.66114891475,2093059.0155645395,13482243.424476271,19.1125,19.1125,19.1125,19.1125,19.1125,19.1125,19.1125,19.1125,19.1125,19.1125,19.1125,51.0,51.0,51.0,0.0,0.0,0.0,11.2421875,11.2421875,11.2421875,248.723,248.723,248.723,51.0,0.0,11.2421875,248.723,5
11776263.792846972,5.1160888671875,113187837.38850608,203065.41139060535,2096949.7187317174,13507305.024174226,20.375,20.375,20.375,20.375,20.375,20.375,20.375,20.375,20.375,20.375,20.375,92.0,92.0,92.0,0.0,0.0,0.0,11.2421875,11.2421875,11.2421875,268.062,268.062,268.062,92.0,0.0,11.2421875,268.062,5
11776264.789755853,5.1160888671875,113585502.3304795,203722.7312521195,2103654.6473332164,13550494.193173725,19.3625,19.3625,19.3625,19.3625,19.3625,19.3625,19.3625,19.3625,19.3625,19.3625,19.3625,84.0,84.0,84.0,0.0,0.0,0.0,11.2421875,11.2421875,11.2421875,270.054,270.054,270.054,84.0,0.0,11.2421875,270.054,5
11776265.791284297,5.1160888671875,113094413.54834624,202784.05597327207,2093951.5128583782,13487992.362122912,19.075,19.075,19.075,19.075,19.075,19.075,19.075,19.075,19.075,19.075,19.075,93.0,93.0,93.0,0.0,0.0,0.0,11.2421875,11.2421875,11.2421875,249.192,249.192,249.192,93.0,0.0,11.2421875,249.192,5
11776266.78387195,5.1160888671875,114146240.43785003,204617.69718562133,2112812.9004200874,13609486.221846577,18.95,18.95,18.95,18.95,18.95,18.95,18.95,18.95,18.95,18.95,18.95,87.0,87.0,87.0,0.0,0.0,0.0,11.2421875,11.2421875,11.2421875,268.823,268.823,268.823,87.0,0.0,11.2421875,268.823,5
11776267.79037174,5.1160888671875,112602024.52583146,201800.34023611574,2083608.9799069015,13421371.905728439,19.1625,19.1625,19.1625,19.1625,19.1625,19.1625,19.1625,19.1625,19.1625,19.1625,19.1625,47.0,47.0,47.0,0.0,0.0,0.0,11.2421875,11.2421875,11.2421875,265.435,265.435,265.435,47.0,0.0,11.2421875,265.435,5
11776268.791616293,5.1160888671875,113227739.14171253,202861.5281914277,2094545.2286386413,13491816.726660624,20.225,20.225,20.225,20.225,20.225,20.225,20.225,20.225,20.225,20.225,20.225,51.0,51.0,51.0,0.0,0.0,0.0,11.2421875,11.2421875,11.2421875,244.709,244.709,244.709,51.0,0.0,11.2421875,244.709,5
11776269.77548912,5.1160888671875,115263161.93665713,206451.4786834187,2131527.5126470244,13730034.642011497,20.825000000000003,20.825000000000003,20.825000000000003,20.825000000000003,20.825000000000003,20.825000000000003,20.825000000000003,20.825000000000003,20.825000000000003,20.825000000000003,20.825000000000003,64.0,64.0,64.0,0.0,0.0,0.0,11.2421875,11.2421875,11.2421875,274.391,274.391,274.391,64.0,0.0,11.2421875,274.391,5
11776270.782185199,5.1160888671875,112682644.12133655,201777.87939399137,2083202.7102327477,13418754.95771016,19.4,19.4,19.4,19.4,19.4,19.4,19.4,19.4,19.4,19.4,19.4,65.0,65.0,65.0,0.0,0.0,0.0,11.2421875,11.2421875,11.2421875,288.018,288.018,288.018,65.0,0.0,11.2421875,288.018,5
11776271.78094112,5.1160888671875,113611402.59667109,203391.03458032486,2099764.2733127107,13525434.713643203,19.5375,19.5375,19.5375,19.5375,19.5375,19.5375,19.5375,19.5375,19.5375,19.5375,19.5375,86.0,86.0,86.0,0.0,0.0,0.0,11.2421875,11.2421875,11.2421875,288.44,288.44,288.44,86.0,0.0,11.2421875,288.44,5
11776272.77917348,5.1161956787109375,113703924.49944274,203497.71050389472,2100865.572067579,13532528.626325928,19.2875,19.2875,19.2875,19.2875,19.2875,19.2875,19.2875,19.2875,19.2875,19.2875,19.2875,77.0,77.0,77.0,0.0,0.0,0.0,11.2421875,11.2421875,11.2421875,265.913,265.913,265.913,77.0,0.0,11.2421875,265.913,5
11776273.781264996,5.1161956787109375,113301588.93552282,202725.9953757161,2092774.9281524676,13480413.502044605,19.1375,19.1375,19.1375,19.1375,19.1375,19.1375,19.1375,19.1375,19.1375,19.1375,19.1375,79.0,79.0,79.0,0.0,0.0,0.0,11.2421875,11.2421875,11.2421875,279.634,279.634,279.634,79.0,0.0,11.2421875,279.634,5
11776274.781184008,5.1161956787109375,113583413.87206547,203176.45481634032,2097321.857506388,13509702.121203255,19.6375,19.6375,19.6375,19.6375,19.6375,19.6375,19.6375,19.6375,19.6375,19.6375,19.6375,62.0,62.0,62.0,0.0,0.0,0.0,11.2421875,11.2421875,11.2421875,284.876,284.876,284.876,62.0,0.0,11.2421875,284.876,5
11776275.782214692,5.1161956787109375,113490132.59094462,202958.8136960011,2094992.7255286074,13494699.235924507,19.475,19.475,19.475,19.475,19.475,19.475,19.475,19.475,19.475,19.475,19.475,75.0,75.0,75.0,0.0,0.0,0.0,11.2421875,11.2421875,11.2421875,287.196,287.196,287.196,75.0,0.0,11.2421875,287.196,5
11776276.784292605,5.1161956787109375,113404343.65007839,202754.69340465195,2092803.3369244037,13480596.49448571,19.55,19.55,19.55,19.55,19.55,19.55,19.55,19.55,19.55,19.55,19.55,79.0,79.0,79.0,0.0,0.0,0.0,11.2421875,11.2421875,11.2421875,266.273,266.273,266.273,79.0,0.0,11.2421875,266.273,5
11776277.782648075,5.1161956787109375,113860110.29913104,203510.679295775,2100606.5091668954,13530859.896938322,19.2125,19.2125,19.2125,19.2125,19.2125,19.2125,19.2125,19.2125,19.2125,19.2125,19.2125,77.0,77.0,77.0,0.0,0.0,0.0,11.2421875,11.2421875,11.2421875,287.316,287.316,287.316,77.0,0.0,11.2421875,287.316,5
11776278.783565748,5.1162109375,113601503.95445617,203003.70895486657,2095229.2644427205,13500315.123821357,19.775000000000002,19.775000000000002,19.775000000000002,19.775000000000002,19.775000000000002,19.775000000000002,19.775000000000002,19.775000000000002,19.775000000000002,19.775000000000002,19.775000000000002,78.0,78.0,78.0,0.0,0.0,0.0,11.2421875,11.2421875,11.2421875,282.444,282.444,282.444,78.0,0.0,11.2421875,282.444,5
11776279.784967571,5.1162109375,113582201.85545585,202917.54551474878,2094216.2794231672,13493788.097298885,20.625,20.625,20.625,20.625,20.625,20.625,20.625,20.625,20.625,20.625,20.625,76.0,76.0,76.0,0.0,0.0,0.0,11.2421875,11.2421875,11.2421875,282.1,282.1,282.1,76.0,0.0,11.2421875,282.1,5
11776280.791927865,5.1162109375,112990620.1461089,201809.3477533748,2082656.102727595,13419301.724410813,19.225,19.225,19.225,19.225,19.225,19.225,19.225,19.225,19.225,19.225,19.225,82.0,82.0,82.0,0.0,0.0,0.0,11.2421875,11.2421875,11.2421875,277.093,277.093,277.093,82.0,0.0,11.2421875,277.093,5
11776281.793103905,5.1162109375,113677932.13425665,202975.29281087682,2094688.561166632,13496831.17829828,18.925,18.925,18.925,18.925,18.925,18.925,18.925,18.925,18.925,18.925,18.925,49.0,49.0,49.0,0.0,0.0,0.0,11.2421875,11.2421875,11.2421875,248.198,248.198,248.198,49.0,0.0,11.2421875,248.198,5
11776282.7928767,5.1162109375,113868698.58950782,203267.18341295555,2097628.592659452,13515774.857780337,19.0,19.0,19.0,19.0,19.0,19.0,19.0,19.0,19.0,19.0,19.0,93.0,93.0,93.0,0.0,0.0,0.0,11.2421875,11.2421875,11.2421875,266.027,266.027,266.027,93.0,0.0,11.2421875,266.027,5
11776283.794365192,5.1162261962890625,113706462.85188434,202927.94340142145,2094035.0458110406,13492620.344005123,19.1625,19.1625,19.1625,19.1625,19.1625,19.1625,19.1625,19.1625,19.1625,19.1625,19.1625,84.0,84.0,84.0,0.0,0.0,0.0,11.2421875,11.2421875,11.2421875,267.36,267.36,267.36,84.0,0.0,11.2421875,267.36,5
11776284.793558573,5.1162261962890625,114005295.7786066,203395.06221630567,2098844.9671410853,13523612.395700078,20.0375,20.0375,20.0375,20.0375,20.0375,20.0375,20.0375,20.0375,20.0375,20.0375,20.0375,51.0,51.0,51.0,0.0,0.0,0.0,11.2421875,11.2421875,11.2421875,249.694,249.694,249.694,51.0,0.0,11.2421875,249.694,5
11776285.782609535,5.1162261962890625,115208404.1918575,205488.905832188,2120367.9896269157,13662292.96441249,19.662499999999998,19.662499999999998,19.662499999999998,19.662499999999998,19.662499999999998,19.662499999999998,19.662499999999998,19.662499999999998,19.662499999999998,19.662499999999998,19.662499999999998,83.0,83.0,83.0,0.0,0.0,0.0,11.2421875,11.2421875,11.2421875,267.698,267.698,267.698,83.0,0.0,11.2421875,267.698,5
11776286.79555142,5.1162261962890625,112523602.60171592,200650.20830424668,2070357.671432629,13340058.5118286,19.1875,19.1875,19.1875,19.1875,19.1875,19.1875,19.1875,19.1875,19.1875,19.1875,19.1875,48.0,48.0,48.0,0.0,0.0,0.0,11.2421875,11.2421875,11.2421875,265.686,265.686,265.686,48.0,0.0,11.2421875,265.686,5
11776287.785259431,5.1162261962890625,115198362.16448121,205360.56851298525,2118960.314189848,13653222.805688104,19.525,19.525,19.525,19.525,19.525,19.525,19.525,19.525,19.525,19.525,19.525,79.0,79.0,79.0,0.0,0.0,0.0,11.2421875,11.2421875,11.2421875,254.43,254.43,254.43,79.0,0.0,11.2421875,254.43,5
11776288.783617664,5.1162261962890625,114233169.25896095,203589.2461261018,2100600.697113707,13534925.194879143,19.3375,19.3375,19.3375,19.3375,19.3375,19.3375,19.3375,19.3375,19.3375,19.3375,19.3375,80.0,80.0,80.0,0.0,0.0,0.0,11.2421875,11.2421875,11.2421875,287.253,287.253,287.253,80.0,0.0,11.2421875,287.253,5
11776289.783262257,5.1162261962890625,114119082.78882998,203334.26654278208,2097897.6087450115,13517508.22509725,19.775,19.775,19.775,19.775,19.775,19.775,19.775,19.775,19.775,19.775,19.775,65.0,65.0,65.0,0.0,0.0,0.0,11.2421875,11.2421875,11.2421875,287.364,287.364,287.364,65.0,0.0,11.2421875,287.364,5
11776290.781947028,5.1162261962890625,114267224.52642852,203537.69861074284,2099913.866861399,13530499.700733896,19.1875,19.1875,19.1875,19.1875,19.1875,19.1875,19.1875,19.1875,19.1875,19.1875,19.1875,79.0,79.0,79.0,0.0,0.0,0.0,11.2421875,11.2421875,11.2421875,287.888,287.888,287.888,79.0,0.0,11.2421875,287.888,5
11776291.78297008,5.1162261962890625,114033197.0799804,203073.24545723264,2095008.6966176198,13498893.926057672,19.5,19.5,19.5,19.5,19.5,19.5,19.5,19.5,19.5,19.5,19.5,80.0,80.0,80.0,0.0,0.0,0.0,11.2421875,11.2421875,11.2421875,267.714,267.714,267.714,80.0,0.0,11.2421875,267.714,5
11776292.783248523,5.1162261962890625,114150974.4490269,203224.41356468396,2096568.2250481062,13508942.528190825,19.5875,19.5875,19.5875,19.5875,19.5875,19.5875,19.5875,19.5875,19.5875,19.5875,19.5875,78.0,78.0,78.0,0.0,0.0,0.0,11.2421875,11.2421875,11.2421875,289.038,289.038,289.038,78.0,0.0,11.2421875,289.038,5
11776293.77734354,5.1162261962890625,114894113.87299214,204497.55473334607,2109609.2080483357,13597090.59874904,19.4875,19.4875,19.4875,19.4875,19.4875,19.4875,19.4875,19.4875,19.4875,19.4875,19.4875,74.0,74.0,74.0,0.0,0.0,0.0,11.2421875,11.2421875,11.2421875,285.163,285.163,285.163,74.0,0.0,11.2421875,285.163,5
11776294.78435606,5.1162261962890625,113452981.69843228,201881.30332574208,2082548.0898989493,13422673.235676821,19.900000000000002,19.900000000000002,19.900000000000002,19.900000000000002,19.900000000000002,19.900000000000002,19.900000000000002,19.900000000000002,19.900000000000002,19.900000000000002,19.900000000000002,72.0,72.0,72.0,0.0,0.0,0.0,11.2421875,11.2421875,11.2421875,287.25,287.25,287.25,72.0,0.0,11.2421875,287.25,5
11776295.783897951,5.1162261962890625,114336617.54906005,203398.1783858372,2098113.1629729485,13522994.99572408,20.724999999999998,20.724999999999998,20.724999999999998,20.724999999999998,20.724999999999998,20.724999999999998,20.724999999999998,20.724999999999998,20.724999999999998,20.724999999999998,20.724999999999998,88.0,88.0,88.0,0.0,0.0,0.0,11.2421875,11.2421875,11.2421875,285.833,285.833,285.833,88.0,0.0,11.2421875,285.833,5
11776296.782736111,5.1162261962890625,114452880.91375746,203550.49306679956,2099591.388866605,13532522.623554287,20.3125,20.3125,20.3125,20.3125,20.3125,20.3125,20.3125,20.3125,20.3125,20.3125,20.3125,79.0,79.0,79.0,0.0,0.0,0.0,11.2421875,11.2421875,11.2421875,268.199,268.199,268.199,79.0,0.0,11.2421875,268.199,5
11776297.783319507,5.1162261962890625,114286131.00124434,203195.45671299443,2095929.2445998292,13508918.959334837,19.25,19.25,19.25,19.25,19.25,19.25,19.25,19.25,19.25,19.25,19.25,79.0,79.0,79.0,0.0,0.0,0.0,11.2421875,11.2421875,11.2421875,287.361,287.361,287.361,79.0,0.0,11.2421875,287.361,5
11776298.763870988,5.1162261962890625,116654468.62059493,207354.74259999013,2138747.4702838575,13784895.804563927,19.1375,19.1375,19.1375,19.1375,19.1375,19.1375,19.1375,19.1375,19.1375,19.1375,19.1375,63.0,63.0,63.0,0.0,0.0,0.0,11.2421875,11.2421875,11.2421875,285.186,285.186,285.186,63.0,0.0,11.2421875,285.186,5
11776299.78305274,5.1162261962890625,112265167.33707708,199503.1793748227,2057682.0519956138,13262403.85075298,19.725,19.725,19.725,19.725,19.725,19.725,19.725,19.725,19.725,19.725,19.725,59.0,59.0,59.0,0.0,0.0,0.0,11.244140625,11.244140625,11.244140625,290.831,290.831,290.831,59.0,0.0,11.244140625,290.831,5
11776300.795800855,5.1162261962890625,113010796.39787088,200779.44064822607,2070753.7929974506,13346655.306428881,19.775,19.775,19.775,19.775,19.775,19.775,19.775,19.775,19.775,19.775,19.775,85.0,85.0,85.0,0.0,0.0,0.0,11.244140625,11.244140625,11.244140625,281.365,281.365,281.365,85.0,0.0,11.244140625,281.365,5
11776301.796233429,5.1162261962890625,114439556.50809687,203252.07858599257,2096245.220373618,13510955.521939335,18.8875,18.8875,18.8875,18.8875,18.8875,18.8875,18.8875,18.8875,18.8875,18.8875,18.8875,50.0,50.0,50.0,0.0,0.0,0.0,11.244140625,11.244140625,11.244140625,250.908,250.908,250.908,50.0,0.0,11.244140625,250.908,5
11776302.798000433,5.1162261962890625,114320685.90116128,202989.31708327867,2093452.8606125067,13492957.890666548,19.025,19.025,19.025,19.025,19.025,19.025,19.025,19.025,19.025,19.025,19.025,92.0,92.0,92.0,0.0,0.0,0.0,11.244140625,11.244140625,11.244140625,265.1,265.1,265.1,92.0,0.0,11.244140625,265.1,5
11776303.794259341,5.1162261962890625,114986942.62967308,204122.64140057593,2105027.0981785934,13567557.468729217,19.225,19.225,19.225,19.225,19.225,19.225,19.225,19.225,19.225,19.225,19.225,49.0,49.0,49.0,0.0,0.0,0.0,11.244140625,11.244140625,11.244140625,267.316,267.316,267.316,49.0,0.0,11.244140625,267.316,5
11776304.796427336,5.1162261962890625,114343048.93806818,202919.07263628623,2092615.2224260196,13487559.050792705,18.65,18.65,18.65,18.65,18.65,18.65,18.65,18.65,18.65,18.65,18.65,50.0,50.0,50.0,0.0,0.0,0.0,11.244140625,11.244140625,11.244140625,247.305,247.305,247.305,50.0,0.0,11.244140625,247.305,5
11776305.789916605,5.1162261962890625,115372391.58716217,204698.7383874576,2110895.4722359367,13605380.973395685,18.9125,18.9125,18.9125,18.9125,18.9125,18.9125,18.9125,18.9125,18.9125,18.9125,18.9125,87.0,87.0,87.0,0.0,0.0,0.0,11.244140625,11.244140625,11.244140625,266.072,266.072,266.072,87.0,0.0,11.244140625,266.072,5
11776306.783381248,5.1162261962890625,115411075.56491323,204712.87167109302,2110947.7971765264,13605718.223989332,20.650000000000002,20.650000000000002,20.650000000000002,20.650000000000002,20.650000000000002,20.650000000000002,20.650000000000002,20.650000000000002,20.650000000000002,20.650000000000002,20.650000000000002,79.0,79.0,79.0,0.0,0.0,0.0,11.244140625,11.244140625,11.244140625,276.221,276.221,276.221,79.0,0.0,11.244140625,276.221,5
11776307.784650182,5.1162261962890625,114544333.74788205,203127.24483956408,2094494.224105915,13499669.803807655,18.9625,18.9625,18.9625,18.9625,18.9625,18.9625,18.9625,18.9625,18.9625,18.9625,18.9625,92.0,92.0,92.0,0.0,0.0,0.0,11.244140625,11.244140625,11.244140625,261.569,261.569,261.569,92.0,0.0,11.244140625,261.569,5
11776308.795655137,5.1162261962890625,113477697.09799165,201172.1100666593,2074324.1568766518,13369667.417369045,18.875,18.875,18.875,18.875,18.875,18.875,18.875,18.875,18.875,18.875,18.875,50.0,50.0,50.0,0.0,0.0,0.0,11.244140625,11.244140625,11.244140625,268.905,268.905,268.905,50.0,0.0,11.244140625,268.905,5
11776309.795458458,5.1162261962890625,114780765.91620976,203433.01091244677,2097564.5459827012,13519458.987779131,19.2,19.2,19.2,19.2,19.2,19.2,19.2,19.2,19.2,19.2,19.2,92.0,92.0,92.0,0.0,0.0,0.0,11.244140625,11.244140625,11.244140625,268.354,268.354,268.354,92.0,0.0,11.244140625,268.354,5
11776310.800489835,5.1162261962890625,114216454.94675298,202383.7311343919,2086653.2606166718,13453207.838468034,19.025,19.025,19.025,19.025,19.025,19.025,19.025,19.025,19.025,19.025,19.025,80.0,80.0,80.0,0.0,0.0,0.0,11.244140625,11.244140625,11.244140625,248.75,248.75,248.75,80.0,0.0,11.244140625,248.75,5
11776311.795100892,5.1162261962890625,115449575.23555721,204505.06624304352,2108514.6663605315,13594154.128234599,20.1,20.1,20.1,20.1,20.1,20.1,20.1,20.1,20.1,20.1,20.1,83.0,83.0,83.0,0.0,0.0,0.0,11.244140625,11.244140625,11.244140625,265.489,265.489,265.489,83.0,0.0,11.244140625,265.489,5
11776312.795135176,5.1162261962890625,114855820.30067377,203415.0261504439,2097080.1040273705,13614637.237865195,19.7375,19.7375,19.7375,19.7375,19.7375,19.7375,19.7375,19.7375,19.7375,19.7375,19.7375,93.0,93.0,93.0,0.0,0.0,0.0,11.244140625,11.244140625,11.244140625,265.63,265.63,265.63,93.0,0.0,11.244140625,265.63,5
11776313.795720758,5.1162261962890625,114828212.65325637,203317.94065186006,2095924.6640184904,13607135.904682543,20.075,20.075,20.075,20.075,20.075,20.075,20.075,20.075,20.075,20.075,20.075,83.0,83.0,83.0,0.0,0.0,0.0,11.244140625,11.244140625,11.244140625,251.451,251.451,251.451,83.0,0.0,11.244140625,251.451,5
11776314.79644632,5.1162261962890625,114846711.61860144,203289.500913368,2095631.4899426925,13605232.563612323,18.9625,18.9625,18.9625,18.9625,18.9625,18.9625,18.9625,18.9625,18.9625,18.9625,18.9625,51.0,51.0,51.0,0.0,0.0,0.0,11.244140625,11.244140625,11.244140625,248.444,248.444,248.444,51.0,0.0,11.244140625,248.444,5
11776315.796126164,5.1162261962890625,114998130.2463458,203513.15578970956,2097823.6290880274,13619464.341969926,18.9625,18.9625,18.9625,18.9625,18.9625,18.9625,18.9625,18.9625,18.9625,18.9625,18.9625,91.0,91.0,91.0,0.0,0.0,0.0,11.244140625,11.244140625,11.244140625,266.842,266.842,266.842,91.0,0.0,11.244140625,266.842,5
11776316.796728676,5.1162261962890625,114925001.34332462,203334.48859383177,2095889.2022566514,13606905.680275604,19.0875,19.0875,19.0875,19.0875,19.0875,19.0875,19.0875,19.0875,19.0875,19.0875,19.0875,76.0,76.0,76.0,0.0,0.0,0.0,11.244140625,11.244140625,11.244140625,255.116,255.116,255.116,76.0,0.0,11.244140625,255.116,5
11776317.79750636,5.1162261962890625,114941146.09225681,203298.89766913795,2095522.3454814926,13604523.977305626,18.9875,18.9875,18.9875,18.9875,18.9875,18.9875,18.9875,18.9875,18.9875,18.9875,18.9875,50.0,50.0,50.0,0.0,0.0,0.0,11.244140625,11.244140625,11.244140625,248.313,248.313,248.313,50.0,0.0,11.244140625,248.313,5
11776318.796652893,5.1162261962890625,115161149.32500584,203641.8017067791,2098943.3804479092,13626733.977751661,19.3375,19.3375,19.3375,19.3375,19.3375,19.3375,19.3375,19.3375,19.3375,19.3375,19.3375,92.0,92.0,92.0,0.0,0.0,0.0,11.244140625,11.244140625,11.244140625,269.254,269.254,269.254,92.0,0.0,11.244140625,269.254,5
11776319.797022523,5.1162261962890625,115053272.77203579,203404.81532474552,2096377.1145464943,13610073.298344819,19.4375,19.4375,19.4375,19.4375,19.4375,19.4375,19.4375,19.4375,19.4375,19.4375,19.4375,81.0,81.0,81.0,0.0,0.0,0.0,11.244140625,11.244140625,11.244140625,275.585,275.585,275.585,81.0,0.0,11.244140625,275.585,5
11776320.784784475,5.1162261962890625,116555131.29339927,206001.05075064398,2123135.0284244865,13783790.692349596,19.225,19.225,19.225,19.225,19.225,19.225,19.225,19.225,19.225,19.225,19.225,79.0,79.0,79.0,0.0,0.0,0.0,11.244140625,11.244140625,11.244140625,272.317,272.317,272.317,79.0,0.0,11.244140625,272.317,5
11776321.788743831,5.1162261962890625,114707487.23640658,202684.4999342417,2088881.3752529393,13561409.553399941,18.9125,18.9125,18.9125,18.9125,18.9125,18.9125,18.9125,18.9125,18.9125,18.9125,18.9125,77.0,77.0,77.0,0.0,0.0,0.0,11.244140625,11.244140625,11.244140625,281.102,281.102,281.102,77.0,0.0,11.244140625,281.102,5
11776322.797372792,5.1162261962890625,114211818.70505074,201756.05493124467,2079210.5736751384,13498624.896281563,19.6125,19.6125,19.6125,19.6125,19.6125,19.6125,19.6125,19.6125,19.6125,19.6125,19.6125,91.0,91.0,91.0,0.0,0.0,0.0,11.244140625,11.244140625,11.244140625,274.355,274.355,274.355,91.0,0.0,11.244140625,274.355,5
11776323.797275484,5.1162261962890625,115241492.95467769,203525.80475167156,2097356.0901721693,13616428.991664631,19.2875,19.2875,19.2875,19.2875,19.2875,19.2875,19.2875,19.2875,19.2875,19.2875,19.2875,81.0,81.0,81.0,0.0,0.0,0.0,11.244140625,11.244140625,11.244140625,246.912,246.912,246.912,81.0,0.0,11.244140625,246.912,5
11776324.798408259,5.1162261962890625,115138612.84653935,203276.7331786351,2094779.086414919,13603789.965487512,19.400000000000002,19.400000000000002,19.400000000000002,19.400000000000002,19.400000000000002,19.400000000000002,19.400000000000002,19.400000000000002,19.400000000000002,19.400000000000002,19.400000000000002,51.0,51.0,51.0,0.0,0.0,0.0,11.244140625,11.244140625,11.244140625,248.126,248.126,248.126,51.0,0.0,11.244140625,248.126,5
11776325.799212111,5.1162261962890625,115206286.1441866,203350.5361725105,2095467.553265391,13608260.966030126,19.7125,19.7125,19.7125,19.7125,19.7125,19.7125,19.7125,19.7125,19.7125,19.7125,19.7125,93.0,93.0,93.0,0.0,0.0,0.0,11.244140625,11.244140625,11.244140625,268.65,268.65,268.65,93.0,0.0,11.244140625,268.65,5
11776326.798423631,5.1162261962890625,115422834.60163735,203681.59887592375,2098806.8673298643,13629946.941155856,19.125,19.125,19.125,19.125,19.125,19.125,19.125,19.125,19.125,19.125,19.125,78.0,78.0,78.0,0.0,0.0,0.0,11.244140625,11.244140625,11.244140625,271.541,271.541,271.541,78.0,0.0,11.244140625,271.541,5
11776327.797845984,5.1162261962890625,115436018.29724707,203640.63244907628,2098364.1142369425,13627071.640308268,20.1,20.1,20.1,20.1,20.1,20.1,20.1,20.1,20.1,20.1,20.1,48.0,48.0,48.0,0.0,0.0,0.0,11.244140625,11.244140625,11.244140625,248.609,248.609,248.609,48.0,0.0,11.244140625,248.609,5
11776328.799048427,5.1162261962890625,115261847.1279138,203286.5593747454,2094633.3215375843,13602843.347875914,19.05,19.05,19.05,19.05,19.05,19.05,19.05,19.05,19.05,19.05,19.05,93.0,93.0,93.0,0.0,0.0,0.0,11.244140625,11.244140625,11.244140625,268.148,268.148,268.148,93.0,0.0,11.244140625,268.148,5
11776329.800089642,5.1162261962890625,115316066.19215727,203327.29259070824,2094970.6852799167,13605034.235460397,20.475,20.475,20.475,20.475,20.475,20.475,20.475,20.475,20.475,20.475,20.475,80.0,80.0,80.0,0.0,0.0,0.0,11.244140625,11.244140625,11.244140625,270.606,270.606,270.606,80.0,0.0,11.244140625,270.606,5
11776330.797363803,5.1162261962890625,115787421.94163196,204095.33113882787,2102884.124853002,13656425.22487545,19.075,19.075,19.075,19.075,19.075,19.075,19.075,19.075,19.075,19.075,19.075,50.0,50.0,50.0,0.0,0.0,0.0,11.244140625,11.244140625,11.244140625,246.097,246.097,246.097,50.0,0.0,11.244140625,246.097,5
11776331.797448264,5.1162261962890625,115492235.33590059,203528.80962207855,2096974.886053085,13618049.797122085,18.8125,18.8125,18.8125,18.8125,18.8125,18.8125,18.8125,18.8125,18.8125,18.8125,18.8125,94.0,94.0,94.0,0.0,0.0,0.0,11.244140625,11.244140625,11.244140625,264.739,264.739,264.739,94.0,0.0,11.244140625,264.739,5
11776332.799345788,5.1162261962890625,115321572.64279656,203172.47551823722,2093180.1421610657,13593406.196651451,20.0125,20.0125,20.0125,20.0125,20.0125,20.0125,20.0125,20.0125,20.0125,20.0125,20.0125,50.0,50.0,50.0,0.0,0.0,0.0,11.244140625,11.244140625,11.244140625,270.833,270.833,270.833,50.0,0.0,11.244140625,270.833,5
11776333.799902372,5.1162261962890625,115509309.31487975,203446.76469485176,2095985.4071199538,13611623.981784856,19.075,19.075,19.075,19.075,19.075,19.075,19.075,19.075,19.075,19.075,19.075,49.0,49.0,49.0,0.0,0.0,0.0,11.244140625,11.244140625,11.244140625,246.326,246.326,246.326,49.0,0.0,11.244140625,246.326,5
11776334.797197832,5.116237640380859,115919632.31339543,204119.04818519833,2102839.213328708,13656133.563121004,18.7,18.7,18.7,18.7,18.7,18.7,18.7,18.7,18.7,18.7,18.7,94.0,94.0,94.0,0.0,0.0,0.0,11.244140625,11.244140625,11.244140625,265.777,265.777,265.777,94.0,0.0,11.244140625,265.777,5
11776335.786460323,5.116237640380859,116894135.78068154,205784.61404981077,2119914.601123855,13767023.532689096,19.4375,19.4375,19.4375,19.4375,19.4375,19.4375,19.4375,19.4375,19.4375,19.4375,19.4375,84.0,84.0,84.0,0.0,0.0,0.0,11.244140625,11.244140625,11.244140625,280.606,280.606,280.606,84.0,0.0,11.244140625,280.606,5
11776336.787861336,5.116237640380859,115510011.99889126,203297.17805878032,2094217.9738892792,13600146.021839557,19.4875,19.4875,19.4875,19.4875,19.4875,19.4875,19.4875,19.4875,19.4875,19.4875,19.4875,79.0,79.0,79.0,0.0,0.0,0.0,11.244140625,11.244140625,11.244140625,264.72,264.72,264.72,79.0,0.0,11.244140625,264.72,5
11776337.78777202,5.116237640380859,115717806.41659914,203601.18478184094,2097339.3253248422,13620416.517002149,18.9,18.9,18.9,18.9,18.9,18.9,18.9,18.9,18.9,18.9,18.9,93.0,93.0,93.0,0.0,0.0,0.0,11.244140625,11.244140625,11.244140625,283.51,283.51,283.51,93.0,0.0,11.244140625,283.51,5
11776338.79591455,5.116237640380859,114805553.44534129,201946.64358693745,2080213.7987024628,13509200.938839234,19.2125,19.2125,19.2125,19.2125,19.2125,19.2125,19.2125,19.2125,19.2125,19.2125,19.2125,89.0,89.0,89.0,0.0,0.0,0.0,11.244140625,11.244140625,11.244140625,273.896,273.896,273.896,89.0,0.0,11.244140625,273.896,5
11776339.786743091,5.116237640380859,116844882.93179044,205483.58405285783,2116563.9775422225,13745264.111968534,19.5875,19.5875,19.5875,19.5875,19.5875,19.5875,19.5875,19.5875,19.5875,19.5875,19.5875,85.0,85.0,85.0,0.0,0.0,0.0,11.244140625,11.244140625,11.244140625,283.089,283.089,283.089,85.0,0.0,11.244140625,283.089,5
11776340.788872307,5.116241455078125,115562854.74988464,203175.39574794655,2092696.1983006443,13590263.397167271,19.9,19.9,19.9,19.9,19.9,19.9,19.9,19.9,19.9,19.9,19.9,81.0,81.0,81.0,0.0,0.0,0.0,11.244140625,11.244140625,11.244140625,265.495,265.495,265.495,81.0,0.0,11.244140625,265.495,5
11776341.786013588,5.116241455078125,116173897.51152703,204191.72673970874,2103164.3556030886,13658245.082773963,19.2125,19.2125,19.2125,19.2125,19.2125,19.2125,19.2125,19.2125,19.2125,19.2125,19.2125,86.0,86.0,86.0,0.0,0.0,0.0,11.244140625,11.244140625,11.244140625,284.059,284.059,284.059,86.0,0.0,11.244140625,284.059,5
11776342.768314213,5.116241455078125,117962543.37953904,207283.79375222302,2134939.0891391207,13864594.670678858,18.825,18.825,18.825,18.825,18.825,18.825,18.825,18.825,18.825,18.825,18.825,85.0,85.0,85.0,0.0,0.0,0.0,11.244140625,11.244140625,11.244140625,277.196,277.196,277.196,85.0,0.0,11.244140625,277.196,5
11776343.788751464,5.116241455078125,113588901.03062606,199546.8115707396,2055150.3743607106,13350449.502194773,20.325,20.325,20.325,20.325,20.325,20.325,20.325,20.325,20.325,20.325,20.325,71.0,71.0,71.0,0.0,0.0,0.0,11.244140625,11.244140625,11.244140625,287.748,287.748,287.748,71.0,0.0,11.244140625,287.748,5
11776344.787215857,5.116241455078125,116121572.15733309,203948.18436189776,2100377.355223427,13644248.209908435,19.225,19.225,19.225,19.225,19.225,19.225,19.225,19.225,19.225,19.225,19.225,80.0,80.0,80.0,0.0,0.0,0.0,11.244140625,11.244140625,11.244140625,274.225,274.225,274.225,80.0,0.0,11.244140625,274.225,5
11776345.79841512,5.116241455078125,114696143.62430695,201380.68457794693,2073925.5604314099,13472414.871083729,19.8,19.8,19.8,19.8,19.8,19.8,19.8,19.8,19.8,19.8,19.8,81.0,81.0,81.0,0.0,0.0,0.0,11.244140625,11.244140625,11.244140625,254.494,254.494,254.494,81.0,0.0,11.244140625,254.494,5
11776346.791439386,5.116249084472656,116826773.56732592,205073.53857992587,2111883.9418981685,13718996.075690053,19.075,19.075,19.075,19.075,19.075,19.075,19.075,19.075,19.075,19.075,19.075,92.0,92.0,92.0,0.0,0.0,0.0,11.244140625,11.244140625,11.244140625,268.082,268.082,268.082,92.0,0.0,11.244140625,268.082,5
11776347.800283637,5.116264343261719,115029823.39094086,201864.6583314109,2078766.8644686227,13503864.435981717,18.6625,18.6625,18.6625,18.6625,18.6625,18.6625,18.6625,18.6625,18.6625,18.6625,18.6625,81.0,81.0,81.0,0.0,0.0,0.0,11.244140625,11.244140625,11.244140625,269.718,269.718,269.718,81.0,0.0,11.244140625,269.718,5
11776348.80049364,5.11627197265625,116054973.99967156,203608.24146965053,2096711.6823121938,13620435.655020228,18.975,18.975,18.975,18.975,18.975,18.975,18.975,18.975,18.975,18.975,18.975,81.0,81.0,81.0,0.0,0.0,0.0,11.244140625,11.244140625,11.244140625,247.716,247.716,247.716,81.0,0.0,11.244140625,247.716,5
11776349.773038475,5.11627197265625,119388419.88428107,209407.3125232212,2156355.086825454,14007884.80230754,18.85,18.85,18.85,18.85,18.85,18.85,18.85,18.85,18.85,18.85,18.85,88.0,88.0,88.0,0.0,0.0,0.0,11.244140625,11.244140625,11.244140625,265.096,265.096,265.096,88.0,0.0,11.244140625,265.096,5
11776350.799803523,5.11627197265625,113117533.7232582,198355.99224648834,2042484.7953831416,13268172.713758454,19.15,19.15,19.15,19.15,19.15,19.15,19.15,19.15,19.15,19.15,19.15,72.0,72.0,72.0,0.0,0.0,0.0,11.244140625,11.244140625,11.244140625,271.992,271.992,271.992,72.0,0.0,11.244140625,271.992,5
11776351.798529664,5.11627197265625,116325612.46236403,203924.77146505454,2099826.883988324,13640672.297158528,19.0625,19.0625,19.0625,19.0625,19.0625,19.0625,19.0625,19.0625,19.0625,19.0625,19.0625,71.0,71.0,71.0,0.0,0.0,0.0,11.244140625,11.244140625,11.244140625,245.684,245.684,245.684,71.0,0.0,11.244140625,245.684,5
11776352.766356517,5.11627197265625,120075339.60316627,210443.63406338575,2166866.92916242,14076170.715613687,19.975,19.975,19.975,19.975,19.975,19.975,19.975,19.975,19.975,19.975,19.975,46.0,46.0,46.0,0.0,0.0,0.0,11.244140625,11.244140625,11.244140625,264.672,264.672,264.672,46.0,0.0,11.244140625,264.672,5
11776353.79887369,5.11627197265625,112587071.57432647,197268.38940592905,2031106.1668348506,13194256.075962331,18.9625,18.9625,18.9625,18.9625,18.9625,18.9625,18.9625,18.9625,18.9625,18.9625,18.9625,74.0,74.0,74.0,0.0,0.0,0.0,11.244140625,11.244140625,11.244140625,269.45,269.45,269.45,74.0,0.0,11.244140625,269.45,5
11776354.800188074,5.116283416748047,116127116.49222787,203415.63394877597,2094399.1573520785,13605413.276080104,18.975,18.975,18.975,18.975,18.975,18.975,18.975,18.975,18.975,18.975,18.975,73.0,73.0,73.0,0.0,0.0,0.0,11.244140625,11.244140625,11.244140625,248.099,248.099,248.099,73.0,0.0,11.244140625,248.099,5
11776355.770038856,5.116283416748047,119926620.79786013,210021.99896761318,2162345.010451804,14046795.907739647,18.725,18.725,18.725,18.725,18.725,18.725,18.725,18.725,18.725,18.725,18.725,57.0,57.0,57.0,0.0,0.0,0.0,11.244140625,11.244140625,11.244140625,270.172,270.172,270.172,57.0,0.0,11.244140625,270.172,5
11776356.799291559,5.116283416748047,113042136.0391455,197909.60910852856,2037548.2086861935,13236104.183770077,20.35,20.35,20.35,20.35,20.35,20.35,20.35,20.35,20.35,20.35,20.35,73.0,73.0,73.0,0.0,0.0,0.0,11.244140625,11.244140625,11.244140625,268.812,268.812,268.812,73.0,0.0,11.244140625,268.812,5
11776357.79988282,5.116283416748047,116310773.93915848,203578.63183097405,2095912.7678662678,13615245.831881262,18.9625,18.9625,18.9625,18.9625,18.9625,18.9625,18.9625,18.9625,18.9625,18.9625,18.9625,70.0,70.0,70.0,0.0,0.0,0.0,11.244140625,11.244140625,11.244140625,246.0,246.0,246.0,70.0,0.0,11.244140625,246.0,5
11776358.788362943,5.1162872314453125,117771954.45767455,206084.06310813891,2121592.484980412,13782063.681728223,20.5375,20.5375,20.5375,20.5375,20.5375,20.5375,20.5375,20.5375,20.5375,20.5375,20.5375,57.0,57.0,57.0,0.0,0.0,0.0,11.244140625,11.244140625,11.244140625,274.968,274.968,274.968,57.0,0.0,11.244140625,274.968,5
11776359.787347974,5.1162872314453125,116566480.29170267,203923.97638802542,2099282.705567529,13637137.263120314,19.1375,19.1375,19.1375,19.1375,19.1375,19.1375,19.1375,19.1375,19.1375,19.1375,19.1375,58.0,58.0,58.0,0.0,0.0,0.0,11.244140625,11.244140625,11.244140625,286.384,286.384,286.384,58.0,0.0,11.244140625,286.384,5
11776360.79026764,5.1162872314453125,116142004.08501923,203131.92253696558,2091046.840654031,13583636.312529895,19.6375,19.6375,19.6375,19.6375,19.6375,19.6375,19.6375,19.6375,19.6375,19.6375,19.6375,67.0,67.0,67.0,0.0,0.0,0.0,11.244140625,11.244140625,11.244140625,290.35,290.35,290.35,67.0,0.0,11.244140625,290.35,5
11776361.789696893,5.1162872314453125,116583324.6995615,203842.34260963232,2098349.6288567763,13631075.909331324,19.8875,19.8875,19.8875,19.8875,19.8875,19.8875,19.8875,19.8875,19.8875,19.8875,19.8875,60.0,60.0,60.0,0.0,0.0,0.0,11.244140625,11.244140625,11.244140625,258.891,258.891,258.891,60.0,0.0,11.244140625,258.891,5
11776362.801043045,5.1162872314453125,115245761.07150163,201447.34776176582,2073624.3429060718,13470458.133799989,19.0875,19.0875,19.0875,19.0875,19.0875,19.0875,19.0875,19.0875,19.0875,19.0875,19.0875,74.0,74.0,74.0,0.0,0.0,0.0,11.244140625,11.244140625,11.244140625,267.326,267.326,267.326,74.0,0.0,11.244140625,267.326,5
11776363.800103417,5.1162872314453125,116692302.36744758,203935.62364447128,2099124.396287745,13636108.871197341,19.125,19.125,19.125,19.125,19.125,19.125,19.125,19.125,19.125,19.125,19.125,60.0,60.0,60.0,0.0,0.0,0.0,11.244140625,11.244140625,11.244140625,263.26,263.26,263.26,60.0,0.0,11.244140625,263.26,5
11776364.798666008,5.1162872314453125,116783440.5509343,204038.28643858343,2100170.804099478,13642906.434443092,18.925,18.925,18.925,18.925,18.925,18.925,18.925,18.925,18.925,18.925,18.925,49.0,49.0,49.0,0.0,0.0,0.0,11.244140625,11.244140625,11.244140625,251.358,251.358,251.358,49.0,0.0,11.244140625,251.358,5
11776365.800352981,5.1162872314453125,116455702.31658578,203411.84960069266,2093620.118346994,13600352.56566817,18.9125,18.9125,18.9125,18.9125,18.9125,18.9125,18.9125,18.9125,18.9125,18.9125,18.9125,76.0,76.0,76.0,0.0,0.0,0.0,11.244140625,11.244140625,11.244140625,266.265,266.265,266.265,76.0,0.0,11.244140625,266.265,5
11776366.801396796,5.116291046142578,116559694.22345343,203554.52669797392,2094965.2435070912,13609090.624813642,19.2125,19.2125,19.2125,19.2125,19.2125,19.2125,19.2125,19.2125,19.2125,19.2125,19.2125,57.0,57.0,57.0,0.0,0.0,0.0,11.244140625,11.244140625,11.244140625,266.295,266.295,266.295,57.0,0.0,11.244140625,266.295,5
11776367.800697688,5.116291046142578,116799032.19228533,203919.56189220503,2098619.162424423,13632826.824655527,18.9125,18.9125,18.9125,18.9125,18.9125,18.9125,18.9125,18.9125,18.9125,18.9125,18.9125,70.0,70.0,70.0,0.0,0.0,0.0,11.244140625,11.244140625,11.244140625,246.919,246.919,246.919,70.0,0.0,11.244140625,246.919,5
11776368.799716238,5.116291046142578,116869533.61321612,203981.19736264786,2099212.272054174,13640779.744383276,20.475,20.475,20.475,20.475,20.475,20.475,20.475,20.475,20.475,20.475,20.475,71.0,71.0,71.0,0.0,0.0,0.0,11.244140625,11.244140625,11.244140625,271.213,271.213,271.213,71.0,0.0,11.244140625,271.213,5
11776369.801988684,5.116291046142578,116520734.95589666,203328.9460092248,2092397.1410962106,13596494.703959165,19.125,19.125,19.125,19.125,19.125,19.125,19.125,19.125,19.125,19.125,19.125,52.0,52.0,52.0,0.0,0.0,0.0,11.244140625,11.244140625,11.244140625,269.359,269.359,269.359,52.0,0.0,11.244140625,269.359,5
11776370.799708553,5.116291046142578,117085374.99110302,204264.75038596703,2101944.709254862,13658535.249396337,19.1625,19.1625,19.1625,19.1625,19.1625,19.1625,19.1625,19.1625,19.1625,19.1625,19.1625,74.0,74.0,74.0,0.0,0.0,0.0,11.244140625,11.244140625,11.244140625,252.632,252.632,252.632,74.0,0.0,11.244140625,252.632,5
11776371.802262507,5.116294860839844,116553608.36173357,203279.83251217366,2091809.6129645878,13592676.918619499,19.2375,19.2375,19.2375,19.2375,19.2375,19.2375,19.2375,19.2375,19.2375,19.2375,19.2375,57.0,57.0,57.0,0.0,0.0,0.0,11.244140625,11.244140625,11.244140625,281.457,281.457,281.457,57.0,0.0,11.244140625,281.457,5
11776372.789465427,5.116310119628906,118402134.58614585,206448.94364367166,2124337.314519194,13804043.448057339,20.525000000000002,20.525000000000002,20.525000000000002,20.525000000000002,20.525000000000002,20.525000000000002,20.525000000000002,20.525000000000002,20.525000000000002,20.525000000000002,20.525000000000002,60.0,60.0,60.0,0.0,0.0,0.0,11.244140625,11.244140625,11.244140625,284.689,284.689,284.689,60.0,0.0,11.244140625,284.689,5
11776373.78932328,5.116313934326172,116936440.25357807,203844.97610767122,2097450.1478498005,13629329.378703684,19.0875,19.0875,19.0875,19.0875,19.0875,19.0875,19.0875,19.0875,19.0875,19.0875,19.0875,63.0,63.0,63.0,0.0,0.0,0.0,11.244140625,11.244140625,11.244140625,288.507,288.507,288.507,63.0,0.0,11.244140625,288.507,5
11776374.791241644,5.116313934326172,116731526.40516585,203435.73614313803,2093136.601434823,13605387.909326348,18.9375,18.9375,18.9375,18.9375,18.9375,18.9375,18.9375,18.9375,18.9375,18.9375,18.9375,65.0,65.0,65.0,0.0,0.0,0.0,11.244140625,11.244140625,11.244140625,273.726,273.726,273.726,65.0,0.0,11.244140625,273.726,5
11776375.791798998,5.116321563720703,116923168.43710934,203712.46010253744,2095983.795634299,13623894.671622943,19.325,19.325,19.325,19.325,19.325,19.325,19.325,19.325,19.325,19.325,19.325,60.0,60.0,60.0,0.0,0.0,0.0,11.244140625,11.244140625,11.244140625,286.046,286.046,286.046,60.0,0.0,11.244140625,286.046,5
11776376.79224646,5.116325378417969,116968879.72560757,203741.83301841837,2096214.021273504,13625391.138277777,19.5125,19.5125,19.5125,19.5125,19.5125,19.5125,19.5125,19.5125,19.5125,19.5125,19.5125,61.0,61.0,61.0,0.0,0.0,0.0,11.244140625,11.244140625,11.244140625,284.46,284.46,284.46,61.0,0.0,11.244140625,284.46,5
11776377.790449012,5.116325378417969,117264886.63489056,204214.06433380768,2100928.3111636345,13656034.022563625,19.525,19.525,19.525,19.525,19.525,19.525,19.525,19.525,19.525,19.525,19.525,60.0,60.0,60.0,0.0,0.0,0.0,11.244140625,11.244140625,11.244140625,288.612,288.612,288.612,60.0,0.0,11.244140625,288.612,5
11776378.791473243,5.1163330078125,116969942.72179046,203647.41793739903,2095006.229015836,13617540.488602934,18.8,18.8,18.8,18.8,18.8,18.8,18.8,18.8,18.8,18.8,18.8,52.0,52.0,52.0,0.0,0.0,0.0,11.244140625,11.244140625,11.244140625,277.312,277.312,277.312,52.0,0.0,11.244140625,277.312,5
11776379.802494599,5.1163330078125,115852123.59896104,201636.69042017453,2074290.5075961808,13482888.299375176,20.1875,20.1875,20.1875,20.1875,20.1875,20.1875,20.1875,20.1875,20.1875,20.1875,20.1875,75.0,75.0,75.0,0.0,0.0,0.0,11.244140625,11.244140625,11.244140625,249.249,249.249,249.249,75.0,0.0,11.244140625,249.249,5
11776380.776120564,5.1163330078125,120331902.76503155,209389.44444934113,2153960.6322054313,14000744.109335303,18.8375,18.8375,18.8375,18.8375,18.8375,18.8375,18.8375,18.8375,18.8375,18.8375,18.8375,47.0,47.0,47.0,0.0,0.0,0.0,11.244140625,11.244140625,11.244140625,266.31,266.31,266.31,47.0,0.0,11.244140625,266.31,5
11776381.801616102,5.116336822509766,114280812.15525238,198805.35053383815,2045013.285081667,13292586.353030834,19.05,19.05,19.05,19.05,19.05,19.05,19.05,19.05,19.05,19.05,19.05,74.0,74.0,74.0,0.0,0.0,0.0,11.244140625,11.244140625,11.244140625,271.144,271.144,271.144,74.0,0.0,11.244140625,271.144,5
11776382.803763468,5.116336822509766,116975996.79635817,203437.146119191,2092658.2980573962,13602278.937373076,18.8875,18.8875,18.8875,18.8875,18.8875,18.8875,18.8875,18.8875,18.8875,18.8875,18.8875,75.0,75.0,75.0,0.0,0.0,0.0,11.244140625,11.244140625,11.244140625,246.827,246.827,246.827,75.0,0.0,11.244140625,246.827,5
11776383.780844755,5.116336822509766,120007324.34631586,208663.29401301747,2146343.4276170298,13951232.279510694,18.9,18.9,18.9,18.9,18.9,18.9,18.9,18.9,18.9,18.9,18.9,47.0,47.0,47.0,0.0,0.0,0.0,11.244140625,11.244140625,11.244140625,264.389,264.389,264.389,47.0,0.0,11.244140625,264.389,5
11776384.804028612,5.116336822509766,114639979.21183074,199274.0588825573,2049633.5896773462,13322618.33290275,20.212500000000002,20.212500000000002,20.212500000000002,20.212500000000002,20.212500000000002,20.212500000000002,20.212500000000002,20.212500000000002,20.212500000000002,20.212500000000002,20.212500000000002,73.0,73.0,73.0,0.0,0.0,0.0,11.244140625,11.244140625,11.244140625,270.048,270.048,270.048,73.0,0.0,11.244140625,270.048,5
11776385.790732851,5.116336822509766,118909228.61036496,206641.45527352794,2125410.9547597757,13815171.20593854,19.3875,19.3875,19.3875,19.3875,19.3875,19.3875,19.3875,19.3875,19.3875,19.3875,19.3875,61.0,61.0,61.0,0.0,0.0,0.0,11.244140625,11.244140625,11.244140625,253.313,253.313,253.313,61.0,0.0,11.244140625,253.313,5
11776386.790988375,5.116352081298828,117331166.15915458,203848.91186363215,2096616.2657987939,13628005.72769216,19.3,19.3,19.3,19.3,19.3,19.3,19.3,19.3,19.3,19.3,19.3,61.0,61.0,61.0,0.0,0.0,0.0,11.244140625,11.244140625,11.244140625,284.732,284.732,284.732,61.0,0.0,11.244140625,284.732,5
11776387.841162128,5.116352081298828,111785362.72412984,194165.9646778351,1996957.1628187774,12980221.558322052,19.3,19.3,19.3,19.3,19.3,19.3,19.3,19.3,19.3,19.3,19.3,66.0,66.0,66.0,0.0,0.0,0.0,11.244140625,11.244140625,11.244140625,246.447,246.447,246.447,66.0,0.0,11.244140625,246.447,5
11776388.8519848,5.116352081298828,116174912.97612128,201737.65940217325,2074698.2208334915,13485538.435417695,19.2375,19.2375,19.2375,19.2375,19.2375,19.2375,19.2375,19.2375,19.2375,19.2375,19.2375,50.0,50.0,50.0,0.0,0.0,0.0,11.244140625,11.244140625,11.244140625,256.574,256.574,256.574,50.0,0.0,11.244140625,256.574,5
11776389.84950306,5.116352081298828,117763116.43281479,204430.34295279044,2102369.534501407,13665401.974259146,20.849999999999998,20.849999999999998,20.849999999999998,20.849999999999998,20.849999999999998,20.849999999999998,20.849999999999998,20.849999999999998,20.849999999999998,20.849999999999998,20.849999999999998,51.0,51.0,51.0,0.0,0.0,0.0,11.244140625,11.244140625,11.244140625,271.897,271.897,271.897,51.0,0.0,11.244140625,271.897,5
11776390.851081064,5.116355895996094,117317489.6296901,203610.70166770805,2093847.901378093,13610011.358957605,19.2625,19.2625,19.2625,19.2625,19.2625,19.2625,19.2625,19.2625,19.2625,19.2625,19.2625,80.0,80.0,80.0,0.0,0.0,0.0,11.244140625,11.244140625,11.244140625,267.988,267.988,267.988,80.0,0.0,11.244140625,267.988,5
11776391.849072136,5.116363525390625,117773240.95976904,204354.53354150278,2101373.5080494136,13658927.802321188,19.1,19.1,19.1,19.1,19.1,19.1,19.1,19.1,19.1,19.1,19.1,63.0,63.0,63.0,0.0,0.0,0.0,11.244140625,11.244140625,11.244140625,261.948,261.948,261.948,63.0,0.0,11.244140625,261.948,5
11776392.85001126,5.116371154785156,117459269.25961983,203752.65113126382,2095184.3634783674,13618698.362609388,18.875,18.875,18.875,18.875,18.875,18.875,18.875,18.875,18.875,18.875,18.875,51.0,51.0,51.0,0.0,0.0,0.0,11.244140625,11.244140625,11.244140625,256.359,256.359,256.359,51.0,0.0,11.244140625,256.359,5
11776393.851590993,5.116371154785156,117412708.20384005,203629.3199283994,2093844.283903892,13609987.845375298,19.3875,19.3875,19.3875,19.3875,19.3875,19.3875,19.3875,19.3875,19.3875,19.3875,19.3875,70.0,70.0,70.0,0.0,0.0,0.0,11.244140625,11.244140625,11.244140625,268.363,268.363,268.363,70.0,0.0,11.244140625,268.363,5
11776394.850614894,5.116371154785156,117751023.62124024,204163.28351590483,2099201.027396731,13644806.678078752,20.075,20.075,20.075,20.075,20.075,20.075,20.075,20.075,20.075,20.075,20.075,94.0,94.0,94.0,0.0,0.0,0.0,11.244140625,11.244140625,11.244140625,259.056,259.056,259.056,94.0,0.0,11.244140625,259.056,5
11776395.849218665,5.116371154785156,117838344.37153947,204250.18012495854,2100084.1994921532,13650547.296698997,18.9,18.9,18.9,18.9,18.9,18.9,18.9,18.9,18.9,18.9,18.9,50.0,50.0,50.0,0.0,0.0,0.0,11.244140625,11.244140625,11.244140625,248.484,248.484,248.484,50.0,0.0,11.244140625,248.484,5
11776396.8502651,5.116371154785156,117579285.8133487,203761.77636064368,2094959.7588835722,13617238.432743218,19.1875,19.1875,19.1875,19.1875,19.1875,19.1875,19.1875,19.1875,19.1875,19.1875,19.1875,70.0,70.0,70.0,0.0,0.0,0.0,11.244140625,11.244140625,11.244140625,267.453,267.453,267.453,70.0,0.0,11.244140625,267.453,5
11776397.851623751,5.116371154785156,117574407.45785254,203705.23575417732,2094306.5690715087,13612992.698964806,19.9625,19.9625,19.9625,19.9625,19.9625,19.9625,19.9625,19.9625,19.9625,19.9625,19.9625,90.0,90.0,90.0,0.0,0.0,0.0,11.244140625,11.244140625,11.244140625,279.987,279.987,279.987,90.0,0.0,11.244140625,279.987,5
11776398.837290492,5.116371154785156,119479508.78211914,206949.25737079716,2127648.132411436,13829712.860674337,19.2375,19.2375,19.2375,19.2375,19.2375,19.2375,19.2375,19.2375,19.2375,19.2375,19.2375,64.0,64.0,64.0,0.0,0.0,0.0,11.244140625,11.244140625,11.244140625,265.668,265.668,265.668,64.0,0.0,11.244140625,265.668,5
11776399.841830488,5.116371154785156,117267422.3264921,203073.04909111877,2087673.967732238,13569880.790259548,19.7125,19.7125,19.7125,19.7125,19.7125,19.7125,19.7125,19.7125,19.7125,19.7125,19.7125,63.0,63.0,63.0,0.0,0.0,0.0,11.244140625,11.244140625,11.244140625,282.107,282.107,282.107,63.0,0.0,11.244140625,282.107,5
11776400.837811606,5.116371154785156,118313647.6230418,204830.1884165883,2105614.2156799766,13686492.401919847,20.6625,20.6625,20.6625,20.6625,20.6625,20.6625,20.6625,20.6625,20.6625,20.6625,20.6625,55.0,55.0,55.0,0.0,0.0,0.0,11.244140625,11.244140625,11.244140625,286.384,286.384,286.384,55.0,0.0,11.244140625,286.384,5
11776401.8391734,5.116371154785156,117710697.18822381,203737.55126827833,2094299.9932229123,13612949.95594893,19.2875,19.2875,19.2875,19.2875,19.2875,19.2875,19.2875,19.2875,19.2875,19.2875,19.2875,61.0,61.0,61.0,0.0,0.0,0.0,11.244140625,11.244140625,11.244140625,286.697,286.697,286.697,61.0,0.0,11.244140625,286.697,5
11776402.839324264,5.116371154785156,117886074.34359197,203993.22495353615,2096835.6649107863,13629431.82192011,19.175,19.175,19.175,19.175,19.175,19.175,19.175,19.175,19.175,19.175,19.175,60.0,60.0,60.0,0.0,0.0,0.0,11.244140625,11.244140625,11.244140625,268.833,268.833,268.833,60.0,0.0,11.244140625,268.833,5
11776403.840085875,5.116371154785156,117846933.43355823,203868.73125279738,2095556.0006875002,13621114.004468752,19.375,19.375,19.375,19.375,19.375,19.375,19.375,19.375,19.375,19.375,19.375,67.0,67.0,67.0,0.0,0.0,0.0,11.244140625,11.244140625,11.244140625,272.414,272.414,272.414,67.0,0.0,11.244140625,272.414,5
11776404.838900436,5.116371154785156,118109533.70977922,204273.15347043588,2099640.9974309374,13647666.483301092,19.15,19.15,19.15,19.15,19.15,19.15,19.15,19.15,19.15,19.15,19.15,68.0,68.0,68.0,0.0,0.0,0.0,11.244140625,11.244140625,11.244140625,286.279,286.279,286.279,68.0,0.0,11.244140625,286.279,5
11776405.842658952,5.116371154785156,117563246.63738169,203274.98767337043,2089299.3346820173,13584526.338196164,20.3875,20.3875,20.3875,20.3875,20.3875,20.3875,20.3875,20.3875,20.3875,20.3875,20.3875,57.0,57.0,57.0,0.0,0.0,0.0,11.244140625,11.244140625,11.244140625,283.857,283.857,283.857,57.0,0.0,11.244140625,283.857,5
11776406.850324495,5.116371154785156,117148159.75740334,202496.7524598122,2081198.483769095,13531854.98528773,19.05,19.05,19.05,19.05,19.05,19.05,19.05,19.05,19.05,19.05,19.05,49.0,49.0,49.0,0.0,0.0,0.0,11.244140625,11.244140625,11.244140625,277.016,277.016,277.016,49.0,0.0,11.244140625,277.016,5
11776407.850800088,5.116371154785156,118022861.16386579,203952.00187367498,2096155.0835014198,13629102.095656693,18.875,18.875,18.875,18.875,18.875,18.875,18.875,18.875,18.875,18.875,18.875,51.0,51.0,51.0,0.0,0.0,0.0,11.244140625,11.244140625,11.244140625,247.39,247.39,247.39,51.0,0.0,11.244140625,247.39,5
11776408.819322908,5.116374969482422,121946405.89282387,210687.85954781043,2165309.846446121,14078743.122693628,19.0,19.0,19.0,19.0,19.0,19.0,19.0,19.0,19.0,19.0,19.0,70.0,70.0,70.0,0.0,0.0,0.0,11.244140625,11.244140625,11.244140625,266.958,266.958,266.958,70.0,0.0,11.244140625,266.958,5
11776409.85007782,5.116386413574219,114616905.3032907,197980.13850371432,2034578.71319672,13232709.208877105,19.7125,19.7125,19.7125,19.7125,19.7125,19.7125,19.7125,19.7125,19.7125,19.7125,19.7125,75.0,75.0,75.0,0.0,0.0,0.0,11.244140625,11.244140625,11.244140625,273.691,273.691,273.691,75.0,0.0,11.244140625,273.691,5
11776410.851248154,5.116401672363281,118042097.16237594,203831.44885251008,2094700.4979856873,13623735.660727225,20.0,20.0,20.0,20.0,20.0,20.0,20.0,20.0,20.0,20.0,20.0,53.0,53.0,53.0,0.0,0.0,0.0,11.244140625,11.244140625,11.244140625,248.004,248.004,248.004,53.0,0.0,11.244140625,248.004,5
11776411.851772128,5.116401672363281,118153924.50342746,203972.12406195072,2096053.723904802,13632536.915240215,20.05,20.05,20.05,20.05,20.05,20.05,20.05,20.05,20.05,20.05,20.05,52.0,52.0,52.0,0.0,0.0,0.0,11.244140625,11.244140625,11.244140625,264.548,264.548,264.548,52.0,0.0,11.244140625,264.548,5
11776412.850644307,5.116401672363281,118382182.848151,204316.43225301543,2099519.881482688,13655080.479174512,18.875,18.875,18.875,18.875,18.875,18.875,18.875,18.875,18.875,18.875,18.875,49.0,49.0,49.0,0.0,0.0,0.0,11.244140625,11.244140625,11.244140625,264.781,264.781,264.781,49.0,0.0,11.244140625,264.781,5
11776413.852206713,5.116401672363281,118097007.60024379,203767.6323554217,2093880.5098313324,13618402.534645189,18.95,18.95,18.95,18.95,18.95,18.95,18.95,18.95,18.95,18.95,18.95,50.0,50.0,50.0,0.0,0.0,0.0,11.244140625,11.244140625,11.244140625,245.093,245.093,245.093,50.0,0.0,11.244140625,245.093,5
11776414.818633612,5.116401672363281,122418900.01409534,211183.0704138192,2170005.8232496055,14113514.436369505,18.8625,18.8625,18.8625,18.8625,18.8625,18.8625,18.8625,18.8625,18.8625,18.8625,18.8625,64.0,64.0,64.0,0.0,0.0,0.0,11.244140625,11.244140625,11.244140625,261.923,261.923,261.923,64.0,0.0,11.244140625,261.923,5
11776415.852866888,5.116401672363281,114429930.62503052,197345.22643543608,2027735.9557744826,13188204.55611138,19.0375,19.0375,19.0375,19.0375,19.0375,19.0375,19.0375,19.0375,19.0375,19.0375,19.0375,49.0,49.0,49.0,0.0,0.0,0.0,11.244140625,11.244140625,11.244140625,269.309,269.309,269.309,49.0,0.0,11.244140625,269.309,5
11776416.8525301,5.116401672363281,118425481.35144372,204170.76238414683,2097858.5348278717,13644275.236282839,19.075,19.075,19.075,19.075,19.075,19.075,19.075,19.075,19.075,19.075,19.075,50.0,50.0,50.0,0.0,0.0,0.0,11.244140625,11.244140625,11.244140625,243.086,243.086,243.086,50.0,0.0,11.244140625,243.086,5
11776417.834442437,5.116401672363281,120595964.1289526,207871.9171336487,2135783.328567971,13890934.53931903,19.175,19.175,19.175,19.175,19.175,19.175,19.175,19.175,19.175,19.175,19.175,68.0,68.0,68.0,0.0,0.0,0.0,11.244140625,11.244140625,11.244140625,264.219,264.219,264.219,68.0,0.0,11.244140625,264.219,5
11776418.851991083,5.1164093017578125,116408515.08680551,200601.71142319843,2060984.5108052215,13404450.040979274,18.9375,18.9375,18.9375,18.9375,18.9375,18.9375,18.9375,18.9375,18.9375,18.9375,18.9375,48.0,48.0,48.0,0.0,0.0,0.0,11.244140625,11.244140625,11.244140625,269.017,269.017,269.017,48.0,0.0,11.244140625,269.017,5
11776419.852015415,5.1164093017578125,118481298.14461881,204120.03340572794,2097100.9738978036,13639348.131015012,19.599999999999998,19.599999999999998,19.599999999999998,19.599999999999998,19.599999999999998,19.599999999999998,19.599999999999998,19.599999999999998,19.599999999999998,19.599999999999998,19.599999999999998,52.0,52.0,52.0,0.0,0.0,0.0,11.244140625,11.244140625,11.244140625,245.64,245.64,245.64,52.0,0.0,11.244140625,245.64,5
11776420.834952304,5.1164093017578125,120569232.20027427,207676.60904613437,2133557.122142519,13876455.501434742,19.075,19.075,19.075,19.075,19.075,19.075,19.075,19.075,19.075,19.075,19.075,64.0,64.0,64.0,0.0,0.0,0.0,11.244140625,11.244140625,11.244140625,264.377,264.377,264.377,64.0,0.0,11.244140625,264.377,5
11776421.852092024,5.116413116455078,116554935.0716623,200701.0404040741,2061813.1011677457,13409839.115016785,20.1375,20.1375,20.1375,20.1375,20.1375,20.1375,20.1375,20.1375,20.1375,20.1375,20.1375,50.0,50.0,50.0,0.0,0.0,0.0,11.244140625,11.244140625,11.244140625,268.958,268.958,268.958,50.0,0.0,11.244140625,268.958,5
11776422.852129497,5.116436004638672,118583817.34476739,204134.35053572044,2097073.4170072165,13639168.903582092,18.7625,18.7625,18.7625,18.7625,18.7625,18.7625,18.7625,18.7625,18.7625,18.7625,18.7625,51.0,51.0,51.0,0.0,0.0,0.0,11.244140625,11.244140625,11.244140625,246.402,246.402,246.402,51.0,0.0,11.244140625,246.402,5
11776423.827674303,5.116436004638672,121589137.8860119,209266.65656477984,2149723.914141834,13981602.800961535,19.0125,19.0125,19.0125,19.0125,19.0125,19.0125,19.0125,19.0125,19.0125,19.0125,19.0125,62.0,62.0,62.0,0.0,0.0,0.0,11.244140625,11.244140625,11.244140625,265.211,265.211,265.211,62.0,0.0,11.244140625,265.211,5
11776424.853870083,5.116436004638672,115625090.6278603,198945.4683889413,2043617.8378542252,13291498.82823158,19.0,19.0,19.0,19.0,19.0,19.0,19.0,19.0,19.0,19.0,19.0,51.0,51.0,51.0,0.0,0.0,0.0,11.244140625,11.244140625,11.244140625,269.336,269.336,269.336,51.0,0.0,11.244140625,269.336,5
11776425.842403684,5.116436004638672,120057996.87552786,206525.09915640287,2121477.7095375056,13797892.134296669,19.525,19.525,19.525,19.525,19.525,19.525,19.525,19.525,19.525,19.525,19.525,66.0,66.0,66.0,0.0,0.0,0.0,11.244140625,11.244140625,11.244140625,257.839,257.839,257.839,66.0,0.0,11.244140625,257.839,5
11776426.842334896,5.116436004638672,118722379.61394973,204178.04489427424,2097296.267736315,13640618.303831892,19.1875,19.1875,19.1875,19.1875,19.1875,19.1875,19.1875,19.1875,19.1875,19.1875,19.1875,66.0,66.0,66.0,0.0,0.0,0.0,11.244140625,11.244140625,11.244140625,283.01,283.01,283.01,66.0,0.0,11.244140625,283.01,5
11776427.8439992,5.116436004638672,118552497.69360378,203836.75382952625,2093667.5023856803,13617017.154188115,19.6,19.6,19.6,19.6,19.6,19.6,19.6,19.6,19.6,19.6,19.6,56.0,56.0,56.0,0.0,0.0,0.0,11.244140625,11.244140625,11.244140625,284.74,284.74,284.74,56.0,0.0,11.244140625,284.74,5
11776428.840422498,5.116447448730469,119209015.06382346,204915.92309092192,2104679.811453319,13688640.179960065,19.724999999999998,19.724999999999998,19.724999999999998,19.724999999999998,19.724999999999998,19.724999999999998,19.724999999999998,19.724999999999998,19.724999999999998,19.724999999999998,19.724999999999998,66.0,66.0,66.0,0.0,0.0,0.0,11.244140625,11.244140625,11.244140625,288.226,288.226,288.226,66.0,0.0,11.244140625,288.226,5
11776429.843593525,5.116447448730469,118439878.98061468,203544.55478078767,2090522.8960656174,13596564.92948927,19.3,19.3,19.3,19.3,19.3,19.3,19.3,19.3,19.3,19.3,19.3,69.0,69.0,69.0,0.0,0.0,0.0,11.244140625,11.244140625,11.244140625,273.514,273.514,273.514,69.0,0.0,11.244140625,273.514,5
11776430.841049114,5.116447448730469,119151419.1250994,204711.8710396244,2102501.6272729477,13674473.474255694,19.325,19.325,19.325,19.325,19.325,19.325,19.325,19.325,19.325,19.325,19.325,63.0,63.0,63.0,0.0,0.0,0.0,11.244140625,11.244140625,11.244140625,285.209,285.209,285.209,63.0,0.0,11.244140625,285.209,5
11776431.8438843,5.116447448730469,118546654.16225815,203624.68610032424,2091222.9934313435,13601118.297121823,18.9125,18.9125,18.9125,18.9125,18.9125,18.9125,18.9125,18.9125,18.9125,18.9125,18.9125,74.0,74.0,74.0,0.0,0.0,0.0,11.244140625,11.244140625,11.244140625,279.542,279.542,279.542,74.0,0.0,11.244140625,279.542,5
11776432.854179623,5.116451263427734,117710240.15549226,202139.90456017226,2075781.1641710422,13602042.589441106,21.912499999999998,21.912499999999998,21.912499999999998,21.912499999999998,21.912499999999998,21.912499999999998,21.912499999999998,21.912499999999998,21.912499999999998,21.912499999999998,21.912499999999998,74.0,74.0,74.0,0.0,0.0,0.0,11.244140625,11.244140625,11.244140625,272.033,272.033,272.033,74.0,0.0,11.244140625,272.033,5
11776433.852391632,5.116451263427734,119167891.03701729,204597.81892210938,2100908.4039138798,13766694.717052864,18.95,18.95,18.95,18.95,18.95,18.95,18.95,18.95,18.95,18.95,18.95,51.0,51.0,51.0,0.0,0.0,0.0,11.244140625,11.244140625,11.244140625,248.906,248.906,248.906,51.0,0.0,11.244140625,248.906,5
11776434.855904927,5.116458892822266,118573900.8827745,203516.98475364497,2089809.8809690746,13693969.044240713,19.15,19.15,19.15,19.15,19.15,19.15,19.15,19.15,19.15,19.15,19.15,50.0,50.0,50.0,0.0,0.0,0.0,11.244140625,11.244140625,11.244140625,270.365,270.365,270.365,50.0,0.0,11.244140625,270.365,5
11776435.85468309,5.116458892822266,119168704.78946574,204492.85703627995,2099717.5135468463,13758891.128807949,19.2875,19.2875,19.2875,19.2875,19.2875,19.2875,19.2875,19.2875,19.2875,19.2875,19.2875,81.0,81.0,81.0,0.0,0.0,0.0,11.244140625,11.244140625,11.244140625,263.897,263.897,263.897,81.0,0.0,11.244140625,263.897,5
11776436.853597712,5.116458892822266,119185537.38756579,204475.93372694805,2099430.6763507035,13757011.560852753,19.075,19.075,19.075,19.075,19.075,19.075,19.075,19.075,19.075,19.075,19.075,94.0,94.0,94.0,0.0,0.0,0.0,11.244140625,11.244140625,11.244140625,248.995,248.995,248.995,94.0,0.0,11.244140625,248.995,5
11776437.853382984,5.116458892822266,119116475.59438269,204299.86881958207,2097602.413122377,13749128.317263078,20.7125,20.7125,20.7125,20.7125,20.7125,20.7125,20.7125,20.7125,20.7125,20.7125,20.7125,92.0,92.0,92.0,0.0,0.0,0.0,11.244140625,11.244140625,11.244140625,271.794,271.794,271.794,92.0,0.0,11.244140625,271.794,5
11776438.841799565,5.116458892822266,120517988.4191659,206657.80404059865,2121728.875667516,13907269.739726923,19.825,19.825,19.825,19.825,19.825,19.825,19.825,19.825,19.825,19.825,19.825,59.0,59.0,59.0,0.0,0.0,0.0,11.244140625,11.244140625,11.244140625,281.628,281.628,281.628,59.0,0.0,11.244140625,281.628,5
11776439.84443244,5.116458892822266,118847426.58227557,203738.58178241257,2091644.9602846655,13710079.075615894,19.1125,19.1125,19.1125,19.1125,19.1125,19.1125,19.1125,19.1125,19.1125,19.1125,19.1125,48.0,48.0,48.0,0.0,0.0,0.0,11.244140625,11.244140625,11.244140625,277.492,277.492,277.492,48.0,0.0,11.244140625,277.492,5
11776440.856376104,5.116466522216797,117786411.62842144,201864.00408046547,2072399.9504851613,13583934.050445706,19.075,19.075,19.075,19.075,19.075,19.075,19.075,19.075,19.075,19.075,19.075,51.0,51.0,51.0,0.0,0.0,0.0,11.244140625,11.244140625,11.244140625,247.236,247.236,247.236,51.0,0.0,11.244140625,247.236,5
11776441.83011002,5.116466522216797,122442172.50873323,209794.4796311544,2153721.840904989,14121180.117027435,18.775,18.775,18.775,18.775,18.775,18.775,18.775,18.775,18.775,18.775,18.775,87.0,87.0,87.0,0.0,0.0,0.0,11.244140625,11.244140625,11.244140625,262.538,262.538,262.538,87.0,0.0,11.244140625,262.538,5
11776442.854035176,5.1164703369140625,116472361.43575467,199521.41868055623,2048149.6964133526,13428981.505585205,19.025000000000002,19.025000000000002,19.025000000000002,19.025000000000002,19.025000000000002,19.025000000000002,19.025000000000002,19.025000000000002,19.025000000000002,19.025000000000002,19.025000000000002,49.0,49.0,49.0,0.0,0.0,0.0,11.244140625,11.244140625,11.244140625,264.411,264.411,264.411,49.0,0.0,11.244140625,264.411,5
11776443.858023793,5.116466522216797,118823429.9461204,203485.37494344747,2088820.4967933977,13695645.327608274,19.125,19.125,19.125,19.125,19.125,19.125,19.125,19.125,19.125,19.125,19.125,49.0,49.0,49.0,0.0,0.0,0.0,11.244140625,11.244140625,11.244140625,245.528,245.528,245.528,49.0,0.0,11.244140625,245.528,5
11776444.82291524,5.116466522216797,123670389.45302343,211737.8081101555,2173459.0010661995,14250589.583162563,19.025,19.025,19.025,19.025,19.025,19.025,19.025,19.025,19.025,19.025,19.025,71.0,71.0,71.0,0.0,0.0,0.0,11.244140625,11.244140625,11.244140625,263.129,263.129,263.129,71.0,0.0,11.244140625,263.129,5
11776445.855736695,5.116466522216797,115569964.49870433,197820.25133088848,2030507.7783551486,13313309.788941862,19.1625,19.1625,19.1625,19.1625,19.1625,19.1625,19.1625,19.1625,19.1625,19.1625,19.1625,48.0,48.0,48.0,0.0,0.0,0.0,11.244140625,11.244140625,11.244140625,265.189,265.189,265.189,48.0,0.0,11.244140625,265.189,5
11776446.855896829,5.116474151611328,119376898.76342581,204280.28788943935,2096816.229549336,13748070.473822502,18.9625,18.9625,18.9625,18.9625,18.9625,18.9625,18.9625,18.9625,18.9625,18.9625,18.9625,52.0,52.0,52.0,0.0,0.0,0.0,11.244140625,11.244140625,11.244140625,246.208,246.208,246.208,52.0,0.0,11.244140625,246.208,5
11776447.83467932,5.116474151611328,122012221.31123911,208749.13652462437,2142612.907012965,14048342.829770556,19.175,19.175,19.175,19.175,19.175,19.175,19.175,19.175,19.175,19.175,19.175,56.0,56.0,56.0,0.0,0.0,0.0,11.244140625,11.244140625,11.244140625,272.408,272.408,272.408,56.0,0.0,11.244140625,272.408,5
11776448.846107252,5.116474151611328,118112046.62333302,202020.3255604011,2073456.6791284953,13594910.296551483,22.400000000000002,22.400000000000002,22.400000000000002,22.400000000000002,22.400000000000002,22.400000000000002,22.400000000000002,22.400000000000002,22.400000000000002,22.400000000000002,22.400000000000002,58.0,58.0,58.0,0.0,0.0,0.0,11.244140625,11.244140625,11.244140625,288.502,288.502,288.502,58.0,0.0,11.244140625,288.502,5
11776449.844250035,5.116474151611328,119717047.58400121,204717.2043542653,2101054.114262009,13775856.76089368,19.575,19.575,19.575,19.575,19.575,19.575,19.575,19.575,19.575,19.575,19.575,80.0,80.0,80.0,0.0,0.0,0.0,11.244140625,11.244140625,11.244140625,290.384,290.384,290.384,80.0,0.0,11.244140625,290.384,5
11776450.846195249,5.116474151611328,119295527.6282378,203940.29241745168,2093080.509764965,13723576.70172068,19.6625,19.6625,19.6625,19.6625,19.6625,19.6625,19.6625,19.6625,19.6625,19.6625,19.6625,69.0,69.0,69.0,0.0,0.0,0.0,11.244140625,11.244140625,11.244140625,269.86,269.86,269.86,69.0,0.0,11.244140625,269.86,5
11776451.858030144,5.116481781005859,118167441.70682414,201958.83830620133,2072622.7271556342,13589442.373166922,18.9125,18.9125,18.9125,18.9125,18.9125,18.9125,18.9125,18.9125,18.9125,18.9125,18.9125,53.0,53.0,53.0,0.0,0.0,0.0,11.244140625,11.244140625,11.244140625,273.213,273.213,273.213,53.0,0.0,11.244140625,273.213,5
11776452.85309615,5.116489410400391,120191226.82366022,205373.31073703416,2107550.6427813303,13818452.163704934,18.9,18.9,18.9,18.9,18.9,18.9,18.9,18.9,18.9,18.9,18.9,81.0,81.0,81.0,0.0,0.0,0.0,11.244140625,11.244140625,11.244140625,267.041,267.041,267.041,81.0,0.0,11.244140625,267.041,5
11776453.855516477,5.116504669189453,119345616.61818613,203880.5424804748,2092088.4624463613,13717072.2039696,19.95,19.95,19.95,19.95,19.95,19.95,19.95,19.95,19.95,19.95,19.95,94.0,94.0,94.0,0.0,0.0,0.0,11.244140625,11.244140625,11.244140625,251.683,251.683,251.683,94.0,0.0,11.244140625,251.683,5
11776454.854878128,5.116504669189453,119746545.08512174,204505.54590698952,2098491.569956868,13759055.07879923,20.0375,20.0375,20.0375,20.0375,20.0375,20.0375,20.0375,20.0375,20.0375,20.0375,20.0375,49.0,49.0,49.0,0.0,0.0,0.0,11.244140625,11.244140625,11.244140625,248.345,248.345,248.345,49.0,0.0,11.244140625,248.345,5
11776455.85441144,5.116504669189453,119758877.98391806,204478.42754758237,2098131.1718110973,13756692.077675495,19.2125,19.2125,19.2125,19.2125,19.2125,19.2125,19.2125,19.2125,19.2125,19.2125,19.2125,85.0,85.0,85.0,0.0,0.0,0.0,11.244140625,11.244140625,11.244140625,267.111,267.111,267.111,85.0,0.0,11.244140625,267.111,5
11776456.855963271,5.116519927978516,119548044.62149705,204073.31267831544,2093902.6167129243,13728966.961533763,18.9875,18.9875,18.9875,18.9875,18.9875,18.9875,18.9875,18.9875,18.9875,18.9875,18.9875,94.0,94.0,94.0,0.0,0.0,0.0,11.244140625,11.244140625,11.244140625,250.32,250.32,250.32,94.0,0.0,11.244140625,250.32,5
11776457.855487324,5.116519927978516,119825778.69758484,204487.32509084392,2098150.6080968417,13756819.514416208,19.2,19.2,19.2,19.2,19.2,19.2,19.2,19.2,19.2,19.2,19.2,51.0,51.0,51.0,0.0,0.0,0.0,11.244140625,11.244140625,11.244140625,246.607,246.607,246.607,51.0,0.0,11.244140625,246.607,5
11776458.856877107,5.116535186767578,119632636.61025509,204116.3226301422,2094241.4590824265,13731188.629179113,19.15,19.15,19.15,19.15,19.15,19.15,19.15,19.15,19.15,19.15,19.15,70.0,70.0,70.0,0.0,0.0,0.0,11.244140625,11.244140625,11.244140625,265.279,265.279,265.279,70.0,0.0,11.244140625,265.279,5
11776459.856746431,5.116535186767578,119851750.7153868,204434.71465620663,2097426.0826909565,13752069.061706135,19.3625,19.3625,19.3625,19.3625,19.3625,19.3625,19.3625,19.3625,19.3625,19.3625,19.3625,93.0,93.0,93.0,0.0,0.0,0.0,11.244140625,11.244140625,11.244140625,272.507,272.507,272.507,93.0,0.0,11.244140625,272.507,5
11776460.855910905,5.116535186767578,119973147.77239682,204579.93200254886,2098905.691818899,13761770.327023523,18.9375,18.9375,18.9375,18.9375,18.9375,18.9375,18.9375,18.9375,18.9375,18.9375,18.9375,51.0,51.0,51.0,0.0,0.0,0.0,11.244140625,11.244140625,11.244140625,250.082,250.082,250.082,51.0,0.0,11.244140625,250.082,5
11776461.855787624,5.116535186767578,119916657.44926599,204443.20396913943,2097410.5709393923,13751967.356725663,18.9875,18.9875,18.9875,18.9875,18.9875,18.9875,18.9875,18.9875,18.9875,18.9875,18.9875,71.0,71.0,71.0,0.0,0.0,0.0,11.244140625,11.244140625,11.244140625,266.245,266.245,266.245,71.0,0.0,11.244140625,266.245,5
11776462.859175712,5.116535186767578,119533699.28436874,203739.7118869941,2090070.6562795746,13703842.17408307,19.2,19.2,19.2,19.2,19.2,19.2,19.2,19.2,19.2,19.2,19.2,48.0,48.0,48.0,0.0,0.0,0.0,11.244140625,11.244140625,11.244140625,268.424,268.424,268.424,48.0,0.0,11.244140625,268.424,5
11776463.857608892,5.116535186767578,120159818.78884584,204753.81233684253,2100443.0158038773,13771850.007917218,19.0125,19.0125,19.0125,19.0125,19.0125,19.0125,19.0125,19.0125,19.0125,19.0125,19.0125,50.0,50.0,50.0,0.0,0.0,0.0,11.244140625,11.244140625,11.244140625,245.458,245.458,245.458,50.0,0.0,11.244140625,245.458,5
11776464.854943093,5.116535186767578,120325143.66101788,204987.4553763346,2102757.529152131,13787025.440163486,20.0875,20.0875,20.0875,20.0875,20.0875,20.0875,20.0875,20.0875,20.0875,20.0875,20.0875,75.0,75.0,75.0,0.0,0.0,0.0,11.244140625,11.244140625,11.244140625,265.665,265.665,265.665,75.0,0.0,11.244140625,265.665,5
11776465.854570104,5.116535186767578,120087465.31599353,204525.28570289564,2097934.506710226,13755402.615285603,19.8,19.8,19.8,19.8,19.8,19.8,19.8,19.8,19.8,19.8,19.8,49.0,49.0,49.0,0.0,0.0,0.0,11.244140625,11.244140625,11.244140625,268.566,268.566,268.566,49.0,0.0,11.244140625,268.566,5
11776466.85765592,5.116535186767578,119705296.44753325,203820.04877549107,2090700.482416733,13707971.71772065,18.975,18.975,18.975,18.975,18.975,18.975,18.975,18.975,18.975,18.975,18.975,94.0,94.0,94.0,0.0,0.0,0.0,11.244140625,11.244140625,11.244140625,249.472,249.472,249.472,94.0,0.0,11.244140625,249.472,5
11776467.82509752,5.116535186767578,124144784.57700415,211336.78770777298,2167729.814800894,14213025.367747266,19.3375,19.3375,19.3375,19.3375,19.3375,19.3375,19.3375,19.3375,19.3375,19.3375,19.3375,60.0,60.0,60.0,0.0,0.0,0.0,11.244140625,11.244140625,11.244140625,275.874,275.874,275.874,60.0,0.0,11.244140625,275.874,5
11776468.846109925,5.116542816162109,117663252.10105176,200255.15753973878,2053992.6741991376,13467291.811106455,19.95,19.95,19.95,19.95,19.95,19.95,19.95,19.95,19.95,19.95,19.95,58.0,58.0,58.0,0.0,0.0,0.0,11.244140625,11.244140625,11.244140625,288.75,288.75,288.75,58.0,0.0,11.244140625,288.75,5
11776469.847611096,5.116542816162109,119991074.88791725,204164.5141687717,2094008.5352840645,13733751.29196072,21.25,21.25,21.25,21.25,21.25,21.25,21.25,21.25,21.25,21.25,21.25,86.0,86.0,86.0,0.0,0.0,0.0,11.244140625,11.244140625,11.244140625,289.704,289.704,289.704,86.0,0.0,11.244140625,289.704,5
11776470.845585428,5.116542816162109,120450755.18953088,204893.04519861282,2101408.7555842744,13782286.3305703,19.7,19.7,19.7,19.7,19.7,19.7,19.7,19.7,19.7,19.7,19.7,68.0,68.0,68.0,0.0,0.0,0.0,11.244140625,11.244140625,11.244140625,268.395,268.395,268.395,68.0,0.0,11.244140625,268.395,5
11776471.848771911,5.116542816162109,119861679.80261144,203831.4944211782,2090490.6870973965,13710679.15483019,18.9125,18.9125,18.9125,18.9125,18.9125,18.9125,18.9125,18.9125,18.9125,18.9125,18.9125,80.0,80.0,80.0,0.0,0.0,0.0,11.244140625,11.244140625,11.244140625,278.604,278.604,278.604,80.0,0.0,11.244140625,278.604,5
11776472.858296944,5.116550445556641,119139537.01242474,202558.62249423773,2077365.0301290816,13624593.303073157,19.1,19.1,19.1,19.1,19.1,19.1,19.1,19.1,19.1,19.1,19.1,72.0,72.0,72.0,0.0,0.0,0.0,11.244140625,11.244140625,11.244140625,269.579,269.579,269.579,72.0,0.0,11.244140625,269.579,5
11776473.857438937,5.116550445556641,120412065.39486039,204672.61053231917,2098952.9162925333,13766179.478340482,19.6375,19.6375,19.6375,19.6375,19.6375,19.6375,19.6375,19.6375,19.6375,19.6375,19.6375,94.0,94.0,94.0,0.0,0.0,0.0,11.244140625,11.244140625,11.244140625,276.723,276.723,276.723,94.0,0.0,11.244140625,276.723,5
11776474.85733368,5.116558074951172,120358904.52270006,204518.5268459796,2097372.7615177715,13755815.885110699,18.875,18.875,18.875,18.875,18.875,18.875,18.875,18.875,18.875,18.875,18.875,49.0,49.0,49.0,0.0,0.0,0.0,11.244140625,11.244140625,11.244140625,248.357,248.357,248.357,49.0,0.0,11.244140625,248.357,5
11776475.857584052,5.116558074951172,120346188.78354527,204453.81065959588,2096627.065022336,13750925.164736338,19.225,19.225,19.225,19.225,19.225,19.225,19.225,19.225,19.225,19.225,19.225,75.0,75.0,75.0,0.0,0.0,0.0,11.244140625,11.244140625,11.244140625,267.802,267.802,267.802,75.0,0.0,11.244140625,267.802,5
11776476.856903013,5.116558074951172,120496728.96528052,204652.37623859217,2098581.215538944,13763741.644101122,19.212500000000002,19.212500000000002,19.212500000000002,19.212500000000002,19.212500000000002,19.212500000000002,19.212500000000002,19.212500000000002,19.212500000000002,19.212500000000002,19.212500000000002,50.0,50.0,50.0,0.0,0.0,0.0,11.244140625,11.244140625,11.244140625,266.757,266.757,266.757,50.0,0.0,11.244140625,266.757,5
11776477.857669296,5.116558074951172,120355267.81620696,204356.4051809657,2095546.2187639542,13743836.333221402,18.975,18.975,18.975,18.975,18.975,18.975,18.975,18.975,18.975,18.975,18.975,52.0,52.0,52.0,0.0,0.0,0.0,11.244140625,11.244140625,11.244140625,246.291,246.291,246.291,52.0,0.0,11.244140625,246.291,5
11776478.85968716,5.116558074951172,120234241.53731605,204109.13532832518,2092928.7524120642,13726669.434765063,18.9625,18.9625,18.9625,18.9625,18.9625,18.9625,18.9625,18.9625,18.9625,18.9625,18.9625,70.0,70.0,70.0,0.0,0.0,0.0,11.244140625,11.244140625,11.244140625,265.855,265.855,265.855,70.0,0.0,11.244140625,265.855,5
11776479.857967231,5.116558074951172,120720798.23533604,204880.3797636221,2100765.1675175996,13778065.297898632,18.9125,18.9125,18.9125,18.9125,18.9125,18.9125,18.9125,18.9125,18.9125,18.9125,18.9125,51.0,51.0,51.0,0.0,0.0,0.0,11.244140625,11.244140625,11.244140625,268.945,268.945,268.945,51.0,0.0,11.244140625,268.945,5
11776480.857627394,5.1165618896484375,120589728.9415334,204598.53030313418,2097864.933688027,13763141.234879065,20.4125,20.4125,20.4125,20.4125,20.4125,20.4125,20.4125,20.4125,20.4125,20.4125,20.4125,51.0,51.0,51.0,0.0,0.0,0.0,11.244140625,11.244140625,11.244140625,247.393,247.393,247.393,51.0,0.0,11.244140625,247.393,5
11776481.86114438,5.116569519042969,120159002.35485442,203824.15311012857,2089802.192925684,13710245.246166743,19.725,19.725,19.725,19.725,19.725,19.725,19.725,19.725,19.725,19.725,19.725,74.0,74.0,74.0,0.0,0.0,0.0,11.244140625,11.244140625,11.244140625,266.802,266.802,266.802,74.0,0.0,11.244140625,266.802,5
11776482.859576732,5.116584777832031,120806555.24214254,204869.16288172142,2100444.7595465505,13780066.30335325,18.9,18.9,18.9,18.9,18.9,18.9,18.9,18.9,18.9,18.9,18.9,49.0,49.0,49.0,0.0,0.0,0.0,11.244140625,11.244140625,11.244140625,269.051,269.051,269.051,49.0,0.0,11.244140625,269.051,5
11776483.861307016,5.116584777832031,120441602.85509434,204196.68180532835,2093529.599811332,13734699.073762234,19.462500000000002,19.462500000000002,19.462500000000002,19.462500000000002,19.462500000000002,19.462500000000002,19.462500000000002,19.462500000000002,19.462500000000002,19.462500000000002,19.462500000000002,51.0,51.0,51.0,0.0,0.0,0.0,11.244140625,11.244140625,11.244140625,245.237,245.237,245.237,51.0,0.0,11.244140625,245.237,5
11776484.846461171,5.116584777832031,122498519.96145837,207639.58496093247,2128755.16789936,13965798.064402247,19.0875,19.0875,19.0875,19.0875,19.0875,19.0875,19.0875,19.0875,19.0875,19.0875,19.0875,70.0,70.0,70.0,0.0,0.0,0.0,11.244140625,11.244140625,11.244140625,266.713,266.713,266.713,70.0,0.0,11.244140625,266.713,5
11776485.857880456,5.116584777832031,119355470.8514421,202256.37677261035,2073474.4046490295,13603126.025812676,19.85,19.85,19.85,19.85,19.85,19.85,19.85,19.85,19.85,19.85,19.85,49.0,49.0,49.0,0.0,0.0,0.0,11.244140625,11.244140625,11.244140625,272.391,272.391,272.391,49.0,0.0,11.244140625,272.391,5
11776486.85752498,5.116584777832031,120796948.47808704,204639.7446229431,2097897.7533790614,13763356.55000052,19.4875,19.4875,19.4875,19.4875,19.4875,19.4875,19.4875,19.4875,19.4875,19.4875,19.4875,50.0,50.0,50.0,0.0,0.0,0.0,11.244140625,11.244140625,11.244140625,242.779,242.779,242.779,50.0,0.0,11.244140625,242.779,5
11776487.851370076,5.116584777832031,121530485.48851523,205840.93120004082,2110139.707626717,13843670.464683872,19.0625,19.0625,19.0625,19.0625,19.0625,19.0625,19.0625,19.0625,19.0625,19.0625,19.0625,67.0,67.0,67.0,0.0,0.0,0.0,11.244140625,11.244140625,11.244140625,266.328,266.328,266.328,67.0,0.0,11.244140625,266.328,5
11776488.859794727,5.116584777832031,119810317.90014334,202871.8752778767,2079631.8278957955,13643522.089652298,19.0375,19.0375,19.0375,19.0375,19.0375,19.0375,19.0375,19.0375,19.0375,19.0375,19.0375,49.0,49.0,49.0,0.0,0.0,0.0,11.244140625,11.244140625,11.244140625,268.473,268.473,268.473,49.0,0.0,11.244140625,268.473,5
11776489.858030088,5.116584777832031,121066143.96044827,204942.6496590188,2100859.2568112905,13782785.632088134,19.2125,19.2125,19.2125,19.2125,19.2125,19.2125,19.2125,19.2125,19.2125,19.2125,19.2125,51.0,51.0,51.0,0.0,0.0,0.0,11.244140625,11.244140625,11.244140625,250.531,250.531,250.531,51.0,0.0,11.244140625,250.531,5
11776490.826663379,5.116600036621094,124796128.93807065,211213.05867950135,2165062.899269916,14203996.63798369,19.2375,19.2375,19.2375,19.2375,19.2375,19.2375,19.2375,19.2375,19.2375,19.2375,19.2375,68.0,68.0,68.0,0.0,0.0,0.0,11.244140625,11.244140625,11.244140625,268.665,268.665,268.665,68.0,0.0,11.244140625,268.665,5
11776491.860131064,5.116600036621094,117005042.98395623,197974.2596798022,2029238.0969502276,13312911.655577762,19.025000000000002,19.025000000000002,19.025000000000002,19.025000000000002,19.025000000000002,19.025000000000002,19.025000000000002,19.025000000000002,19.025000000000002,19.025000000000002,19.025000000000002,50.0,50.0,50.0,0.0,0.0,0.0,11.244140625,11.244140625,11.244140625,267.834,267.834,267.834,50.0,0.0,11.244140625,267.834,5
11776492.857942315,5.116600036621094,121221846.26891157,205049.80267592,2101752.2093313863,13788643.888953373,18.9375,18.9375,18.9375,18.9375,18.9375,18.9375,18.9375,18.9375,18.9375,18.9375,18.9375,51.0,51.0,51.0,0.0,0.0,0.0,11.244140625,11.244140625,11.244140625,247.372,247.372,247.372,51.0,0.0,11.244140625,247.372,5
11776493.827328617,5.116603851318359,124806567.57634635,211072.71640999423,2163381.0956627564,14192963.08658437,19.175,19.175,19.175,19.175,19.175,19.175,19.175,19.175,19.175,19.175,19.175,69.0,69.0,69.0,0.0,0.0,0.0,11.244140625,11.244140625,11.244140625,265.741,265.741,265.741,69.0,0.0,11.244140625,265.741,5
11776494.85910609,5.116611480712891,117294859.74197116,198317.95646013605,2032562.3058659332,13334720.283991542,18.925,18.925,18.925,18.925,18.925,18.925,18.925,18.925,18.925,18.925,18.925,49.0,49.0,49.0,0.0,0.0,0.0,11.244140625,11.244140625,11.244140625,270.978,270.978,270.978,49.0,0.0,11.244140625,270.978,5
11776495.861703657,5.116611480712891,120741388.19144402,204089.86296936343,2091718.6213758502,13722818.064846642,18.9125,18.9125,18.9125,18.9125,18.9125,18.9125,18.9125,18.9125,18.9125,18.9125,18.9125,94.0,94.0,94.0,0.0,0.0,0.0,11.244140625,11.244140625,11.244140625,250.202,250.202,250.202,94.0,0.0,11.244140625,250.202,5
11776496.859476084,5.116611480712891,121358183.17871016,205083.8391663058,2101833.9880626537,13789180.40215323,18.925,18.925,18.925,18.925,18.925,18.925,18.925,18.925,18.925,18.925,18.925,52.0,52.0,52.0,0.0,0.0,0.0,11.244140625,11.244140625,11.244140625,268.788,268.788,268.788,52.0,0.0,11.244140625,268.788,5
11776497.859695068,5.116611480712891,121099673.14070955,204593.19741653005,2096692.858357054,13755451.779729187,21.1625,21.1625,21.1625,21.1625,21.1625,21.1625,21.1625,21.1625,21.1625,21.1625,21.1625,49.0,49.0,49.0,0.0,0.0,0.0,11.244140625,11.244140625,11.244140625,264.886,264.886,264.886,49.0,0.0,11.244140625,264.886,5
11776498.860587342,5.116611480712891,121051009.32181767,204455.56959439028,2095282.4337904728,13746198.62324648,18.6875,18.6875,18.6875,18.6875,18.6875,18.6875,18.6875,18.6875,18.6875,18.6875,18.6875,53.0,53.0,53.0,0.0,0.0,0.0,11.244140625,11.244140625,11.244140625,247.908,247.908,247.908,53.0,0.0,11.244140625,247.908,5
11776499.839413373,5.116611480712891,123813477.72820088,209071.8815194938,2142517.6010768376,14056087.152377144,18.8625,18.8625,18.8625,18.8625,18.8625,18.8625,18.8625,18.8625,18.8625,18.8625,18.8625,90.0,90.0,90.0,0.0,0.0,0.0,11.244140625,11.244140625,11.244140625,262.98,262.98,262.98,90.0,0.0,11.244140625,262.98,5
11776500.861898089,5.116611480712891,118558926.2115516,200151.6470534712,2051035.059131996,13455911.647703856,18.7375,18.7375,18.7375,18.7375,18.7375,18.7375,18.7375,18.7375,18.7375,18.7375,18.7375,50.0,50.0,50.0,0.0,0.0,0.0,11.244140625,11.244140625,11.244140625,268.897,268.897,268.897,50.0,0.0,11.244140625,268.897,5
11776501.8619023,5.116611480712891,121257007.33330628,204653.13811544835,2097143.1680059454,13762502.040039016,19.0625,19.0625,19.0625,19.0625,19.0625,19.0625,19.0625,19.0625,19.0625,19.0625,19.0625,52.0,52.0,52.0,0.0,0.0,0.0,11.244140625,11.244140625,11.244140625,246.653,246.653,246.653,52.0,0.0,11.244140625,246.653,5
11776502.827876808,5.116611480712891,125568371.64320876,211872.0508006023,2171022.0952521204,14247332.50009204,20.05,20.05,20.05,20.05,20.05,20.05,20.05,20.05,20.05,20.05,20.05,84.0,84.0,84.0,0.0,0.0,0.0,11.244140625,11.244140625,11.244140625,262.701,262.701,262.701,84.0,0.0,11.244140625,262.701,5
11776503.858973991,5.116611480712891,117669505.84281324,198501.17270585318,2033903.3357555205,13347490.640895603,19.625,19.625,19.625,19.625,19.625,19.625,19.625,19.625,19.625,19.625,19.625,51.0,51.0,51.0,0.0,0.0,0.0,11.244140625,11.244140625,11.244140625,267.893,267.893,267.893,51.0,0.0,11.244140625,267.893,5
11776504.859482655,5.116611480712891,121299823.12543696,204569.94259874063,2096085.796245904,13755563.037863744,18.95,18.95,18.95,18.95,18.95,18.95,18.95,18.95,18.95,18.95,18.95,51.0,51.0,51.0,0.0,0.0,0.0,11.244140625,11.244140625,11.244140625,247.414,247.414,247.414,51.0,0.0,11.244140625,247.414,5
11776505.827621896,5.116611480712891,125388901.6367335,211416.90310005526,2166167.749669423,14215475.857205587,19.1125,19.1125,19.1125,19.1125,19.1125,19.1125,19.1125,19.1125,19.1125,19.1125,19.1125,80.0,80.0,80.0,0.0,0.0,0.0,11.244140625,11.244140625,11.244140625,260.52,260.52,260.52,80.0,0.0,11.244140625,260.52,5
11776506.85881491,5.116611480712891,117754089.99464934,198497.27177602,2033714.3202596325,13346250.22670384,19.175,19.175,19.175,19.175,19.175,19.175,19.175,19.175,19.175,19.175,19.175,50.0,50.0,50.0,0.0,0.0,0.0,11.244140625,11.244140625,11.244140625,267.984,267.984,267.984,50.0,0.0,11.244140625,267.984,5
11776507.859348403,5.116611480712891,121398003.98604508,204579.85802957925,2096033.7801564725,13755221.68227685,19.0375,19.0375,19.0375,19.0375,19.0375,19.0375,19.0375,19.0375,19.0375,19.0375,19.0375,49.0,49.0,49.0,0.0,0.0,0.0,11.244140625,11.244140625,11.244140625,249.32,249.32,249.32,49.0,0.0,11.244140625,249.32,5
11776509.096431425,4.0399932861328125,98209854.05461317,165535.373481396,1695239.4976450773,11138253.261871172,12.0375,12.0375,12.0375,12.0375,12.0375,12.0375,12.0375,12.0375,12.0375,12.0375,12.0375,0.0,0.0,0.0,0.0,0.0,0.0,5.947265625,5.947265625,5.947265625,171.314,171.314,171.314,0.0,0.0,5.947265625,171.314,5
11776509.85142424,4.152545928955078,160964733.21103534,271242.31648746703,2777711.2034334596,18250430.641308904,93.1375,93.1375,93.1375,93.1375,93.1375,93.1375,93.1375,93.1375,93.1375,93.1375,93.1375,11.0,11.0,11.0,0.0,0.0,0.0,11.236328125,11.236328125,11.236328125,138.519,138.519,138.519,11.0,0.0,11.236328125,138.519,5
11776510.84088864,4.1630859375,122855411.43137904,206979.65478133882,2119482.013994181,13925659.170071142,23.125,23.125,23.125,23.125,23.125,23.125,23.125,23.125,23.125,23.125,23.125,71.0,71.0,71.0,0.0,0.0,0.0,11.2421875,11.2421875,11.2421875,233.43,233.43,233.43,71.0,0.0,11.2421875,233.43,5
11776511.871088743,4.1630859375,118033773.83747558,198804.09577166414,2035674.4221697247,13375017.10191202,19.0625,19.0625,19.0625,19.0625,19.0625,19.0625,19.0625,19.0625,19.0625,19.0625,19.0625,54.0,54.0,54.0,0.0,0.0,0.0,11.2421875,11.2421875,11.2421875,300.904,300.904,300.904,54.0,0.0,11.2421875,300.904,5
11776512.872208048,4.163097381591797,121495245.83088616,204579.0137998115,2094807.272900972,13763538.410232168,18.925,18.925,18.925,18.925,18.925,18.925,18.925,18.925,18.925,18.925,18.925,54.0,54.0,54.0,0.0,0.0,0.0,11.2421875,11.2421875,11.2421875,329.204,329.204,329.204,54.0,0.0,11.2421875,329.204,5
11776513.869259609,4.163097381591797,122029373.13222474,205424.68209262483,2103353.609283867,13819690.510997906,21.8125,21.8125,21.8125,21.8125,21.8125,21.8125,21.8125,21.8125,21.8125,21.8125,21.8125,95.0,95.0,95.0,0.0,0.0,0.0,11.2421875,11.2421875,11.2421875,327.422,327.422,327.422,95.0,0.0,11.2421875,327.422,5
11776514.86881682,4.163097381591797,121756317.23679022,204909.73157122193,2098081.005102316,13785047.85383631,18.9375,18.9375,18.9375,18.9375,18.9375,18.9375,18.9375,18.9375,18.9375,18.9375,18.9375,53.0,53.0,53.0,0.0,0.0,0.0,11.2421875,11.2421875,11.2421875,293.795,293.795,293.795,53.0,0.0,11.2421875,293.795,5
11776515.849924313,4.163097381591797,124073842.05360527,208770.1925326122,2137535.40473452,14044275.588919774,19.4125,19.4125,19.4125,19.4125,19.4125,19.4125,19.4125,19.4125,19.4125,19.4125,19.4125,50.0,50.0,50.0,0.0,0.0,0.0,11.2421875,11.2421875,11.2421875,330.72,330.72,330.72,50.0,0.0,11.2421875,330.72,5
11776516.871197388,4.1631011962890625,119231651.18120104,200567.31649942018,2053468.413112042,13495939.863519574,19.8875,19.8875,19.8875,19.8875,19.8875,19.8875,19.8875,19.8875,19.8875,19.8875,19.8875,92.0,92.0,92.0,0.0,0.0,0.0,11.2421875,11.2421875,11.2421875,343.928,343.928,343.928,92.0,0.0,11.2421875,343.928,5
11776517.868276546,4.1631011962890625,122157706.33463277,205434.04033177134,2103295.3930980936,13823416.011279462,19.0625,19.0625,19.0625,19.0625,19.0625,19.0625,19.0625,19.0625,19.0625,19.0625,19.0625,56.0,56.0,56.0,0.0,0.0,0.0,11.2421875,11.2421875,11.2421875,297.397,297.397,297.397,56.0,0.0,11.2421875,297.397,5
11776518.868316848,4.1631011962890625,121828873.04629011,204838.74457804032,2097067.4838749233,13782484.5375764,20.375,20.375,20.375,20.375,20.375,20.375,20.375,20.375,20.375,20.375,20.375,48.0,48.0,48.0,0.0,0.0,0.0,11.2421875,11.2421875,11.2421875,332.269,332.269,332.269,48.0,0.0,11.2421875,332.269,5
11776519.869248291,4.1631011962890625,121753218.73795949,204669.3620231001,2095200.438862972,13770213.821824025,19.3125,19.3125,19.3125,19.3125,19.3125,19.3125,19.3125,19.3125,19.3125,19.3125,19.3125,94.0,94.0,94.0,0.0,0.0,0.0,11.2421875,11.2421875,11.2421875,345.745,345.745,345.745,94.0,0.0,11.2421875,345.745,5
11776520.869844845,4.163105010986328,121832237.60253352,204737.8629957561,2095901.6833802396,13774822.587059582,19.0125,19.0125,19.0125,19.0125,19.0125,19.0125,19.0125,19.0125,19.0125,19.0125,19.0125,54.0,54.0,54.0,0.0,0.0,0.0,11.2421875,11.2421875,11.2421875,305.709,305.709,305.709,54.0,0.0,11.2421875,305.709,5
11776521.867462536,4.163105010986328,122223466.97306639,205362.23614832727,2102159.9930832116,13815953.86079103,19.4125,19.4125,19.4125,19.4125,19.4125,19.4125,19.4125,19.4125,19.4125,19.4125,19.4125,63.0,63.0,63.0,0.0,0.0,0.0,11.2421875,11.2421875,11.2421875,334.249,334.249,334.249,63.0,0.0,11.2421875,334.249,5
11776522.860785132,4.163135528564453,122785014.15028247,206258.2698053312,2111249.6670691273,13875693.61267112,19.8,19.8,19.8,19.8,19.8,19.8,19.8,19.8,19.8,19.8,19.8,94.0,94.0,94.0,0.0,0.0,0.0,11.2421875,11.2421875,11.2421875,364.327,364.327,364.327,94.0,0.0,11.2421875,364.327,5
11776523.858631503,4.163135528564453,122261266.46246935,205325.1943827988,2101678.23611659,13812787.626039697,19.4125,19.4125,19.4125,19.4125,19.4125,19.4125,19.4125,19.4125,19.4125,19.4125,19.4125,72.0,72.0,72.0,0.0,0.0,0.0,11.244140625,11.244140625,11.244140625,324.629,324.629,324.629,72.0,0.0,11.244140625,324.629,5
11776524.863309048,4.163135528564453,121468158.19007705,203939.06578557708,2087388.1474250196,13718869.367353888,19.2,19.2,19.2,19.2,19.2,19.2,19.2,19.2,19.2,19.2,19.2,71.0,71.0,71.0,0.0,0.0,0.0,11.244140625,11.244140625,11.244140625,351.09,351.09,351.09,71.0,0.0,11.244140625,351.09,5
11776525.859060928,4.163135528564453,122589997.00467516,205777.16607224126,2106098.9608875075,13841841.803489184,19.6,19.6,19.6,19.6,19.6,19.6,19.6,19.6,19.6,19.6,19.6,64.0,64.0,64.0,0.0,0.0,0.0,11.244140625,11.244140625,11.244140625,359.957,359.957,359.957,64.0,0.0,11.244140625,359.957,5
11776526.858560909,4.163135528564453,122163163.98124224,205014.51128207077,2098201.1417789944,13789935.238449836,19.7125,19.7125,19.7125,19.7125,19.7125,19.7125,19.7125,19.7125,19.7125,19.7125,19.7125,96.0,96.0,96.0,0.0,0.0,0.0,11.244140625,11.244140625,11.244140625,371.574,371.574,371.574,96.0,0.0,11.244140625,371.574,5
11776527.860855974,4.163135528564453,121855266.1617765,204442.79037009613,2092349.9195275428,13751479.451582385,19.25,19.25,19.25,19.25,19.25,19.25,19.25,19.25,19.25,19.25,19.25,73.0,73.0,73.0,0.0,0.0,0.0,11.244140625,11.244140625,11.244140625,337.557,337.557,337.557,73.0,0.0,11.244140625,337.557,5
11776528.860300286,4.163135528564453,122235703.97686023,205032.93444693155,2098318.011220294,13790703.335461501,19.375,19.375,19.375,19.375,19.375,19.375,19.375,19.375,19.375,19.375,19.375,71.0,71.0,71.0,0.0,0.0,0.0,11.244140625,11.244140625,11.244140625,355.668,355.668,355.668,71.0,0.0,11.244140625,355.668,5
11776529.860112108,4.163135528564453,122229078.75653854,204966.57008679985,2097546.710994459,13785634.145500692,22.275,22.275,22.275,22.275,22.275,22.275,22.275,22.275,22.275,22.275,22.275,64.0,64.0,64.0,0.0,0.0,0.0,11.244140625,11.244140625,11.244140625,365.23,365.23,365.23,64.0,0.0,11.244140625,365.23,5
11776530.859172389,4.163135528564453,122353844.27855738,205128.7634742164,2099124.588054221,13796004.372661043,19.6125,19.6125,19.6125,19.6125,19.6125,19.6125,19.6125,19.6125,19.6125,19.6125,19.6125,95.0,95.0,95.0,0.0,0.0,0.0,11.244140625,11.244140625,11.244140625,366.704,366.704,366.704,95.0,0.0,11.244140625,366.704,5
11776531.862905016,4.163135528564453,121816948.73669499,204174.89123563498,2089353.2232080803,13731784.367373418,19.325,19.325,19.325,19.325,19.325,19.325,19.325,19.325,19.325,19.325,19.325,75.0,75.0,75.0,0.0,0.0,0.0,11.244140625,11.244140625,11.244140625,339.203,339.203,339.203,75.0,0.0,11.244140625,339.203,5
11776532.859782783,4.163135528564453,122687505.96193461,205587.89327484267,2103720.3046515808,13826208.642876111,19.3125,19.3125,19.3125,19.3125,19.3125,19.3125,19.3125,19.3125,19.3125,19.3125,19.3125,70.0,70.0,70.0,0.0,0.0,0.0,11.244140625,11.244140625,11.244140625,358.864,358.864,358.864,70.0,0.0,11.244140625,358.864,5
11776533.860874588,4.163135528564453,122203835.32035275,204729.47546700985,2094864.8174683496,13768008.028869133,19.825,19.825,19.825,19.825,19.825,19.825,19.825,19.825,19.825,19.825,19.825,61.0,61.0,61.0,0.0,0.0,0.0,11.244140625,11.244140625,11.244140625,367.409,367.409,367.409,61.0,0.0,11.244140625,367.409,5
11776534.861203272,4.163135528564453,122332609.20106952,204894.6543591863,2096462.9257066005,13782605.87486019,20.650000000000002,20.650000000000002,20.650000000000002,20.650000000000002,20.650000000000002,20.650000000000002,20.650000000000002,20.650000000000002,20.650000000000002,20.650000000000002,20.650000000000002,79.0,79.0,79.0,0.0,0.0,0.0,11.244140625,11.244140625,11.244140625,354.848,354.848,354.848,79.0,0.0,11.244140625,354.848,5
11776535.861857723,4.163135528564453,122328315.04472591,204828.94937678942,2095780.4132620653,13778118.888750218,19.0375,19.0375,19.0375,19.0375,19.0375,19.0375,19.0375,19.0375,19.0375,19.0375,19.0375,74.0,74.0,74.0,0.0,0.0,0.0,11.244140625,11.244140625,11.244140625,352.077,352.077,352.077,74.0,0.0,11.244140625,352.077,5
11776536.860813485,4.163135528564453,122569177.3909698,205186.26329037567,2099344.2149754013,13801548.100795314,19.3,19.3,19.3,19.3,19.3,19.3,19.3,19.3,19.3,19.3,19.3,71.0,71.0,71.0,0.0,0.0,0.0,11.244140625,11.244140625,11.244140625,357.391,357.391,357.391,71.0,0.0,11.244140625,357.391,5
11776537.860917928,4.163135528564453,122461206.87738663,204957.59377004602,2096932.991623725,13785696.191026287,19.65,19.65,19.65,19.65,19.65,19.65,19.65,19.65,19.65,19.65,19.65,64.0,64.0,64.0,0.0,0.0,0.0,11.244140625,11.244140625,11.244140625,363.466,363.466,363.466,64.0,0.0,11.244140625,363.466,5
11776538.8611177,4.163135528564453,122482339.40695007,204945.05763037322,2096733.130553562,13784382.260631425,19.35,19.35,19.35,19.35,19.35,19.35,19.35,19.35,19.35,19.35,19.35,69.0,69.0,69.0,0.0,0.0,0.0,11.244140625,11.244140625,11.244140625,343.399,343.399,343.399,69.0,0.0,11.244140625,343.399,5
11776539.859746711,4.163135528564453,122707845.0795854,205267.41933007797,2100031.119115021,13806063.958869454,19.525,19.525,19.525,19.525,19.525,19.525,19.525,19.525,19.525,19.525,19.525,78.0,78.0,78.0,0.0,0.0,0.0,11.244140625,11.244140625,11.244140625,356.627,356.627,356.627,78.0,0.0,11.244140625,356.627,5
11776540.849960877,4.16314697265625,123786530.52579574,207019.86215059544,2117877.196156207,13923387.973167565,19.5125,19.5125,19.5125,19.5125,19.5125,19.5125,19.5125,19.5125,19.5125,19.5125,19.5125,69.0,69.0,69.0,0.0,0.0,0.0,11.244140625,11.244140625,11.244140625,353.836,353.836,353.836,69.0,0.0,11.244140625,353.836,5
11776541.873570872,4.16314697265625,119786220.8244092,200274.51942902614,2048780.3055058757,13469129.899087457,19.2125,19.2125,19.2125,19.2125,19.2125,19.2125,19.2125,19.2125,19.2125,19.2125,19.2125,78.0,78.0,78.0,0.0,0.0,0.0,11.244140625,11.244140625,11.244140625,345.578,345.578,345.578,78.0,0.0,11.244140625,345.578,5
11776542.872212961,4.16314697265625,122815779.91751431,205288.76390242286,2100003.6183381,13805883.162746182,18.7625,18.7625,18.7625,18.7625,18.7625,18.7625,18.7625,18.7625,18.7625,18.7625,18.7625,91.0,91.0,91.0,0.0,0.0,0.0,11.244140625,11.244140625,11.244140625,301.295,301.295,301.295,91.0,0.0,11.244140625,301.295,5
11776543.854184436,4.163158416748047,124928632.04545188,208773.88534396756,2135654.705608859,14040261.209139492,19.375,19.375,19.375,19.375,19.375,19.375,19.375,19.375,19.375,19.375,19.375,73.0,73.0,73.0,0.0,0.0,0.0,11.244140625,11.244140625,11.244140625,345.706,345.706,345.706,73.0,0.0,11.244140625,345.706,5
11776544.861365236,4.163166046142578,121834296.20522289,203557.29563684904,2082200.1358869628,13688839.174600618,19.837500000000002,19.837500000000002,19.837500000000002,19.837500000000002,19.837500000000002,19.837500000000002,19.837500000000002,19.837500000000002,19.837500000000002,19.837500000000002,19.837500000000002,54.0,54.0,54.0,0.0,0.0,0.0,11.244140625,11.244140625,11.244140625,358.2,358.2,358.2,54.0,0.0,11.244140625,358.2,5
11776545.861473449,4.163166046142578,122731446.95611592,205006.81575477106,2096925.0870547565,13785644.224660762,19.8875,19.8875,19.8875,19.8875,19.8875,19.8875,19.8875,19.8875,19.8875,19.8875,19.8875,72.0,72.0,72.0,0.0,0.0,0.0,11.244140625,11.244140625,11.244140625,327.143,327.143,327.143,72.0,0.0,11.244140625,327.143,5
11776546.862395681,4.163166046142578,122667155.317752,204841.08881552826,2095219.7195125723,13774432.765389293,20.125,20.125,20.125,20.125,20.125,20.125,20.125,20.125,20.125,20.125,20.125,71.0,71.0,71.0,0.0,0.0,0.0,11.244140625,11.244140625,11.244140625,363.824,363.824,363.824,71.0,0.0,11.244140625,363.824,5
11776547.840805532,4.163166046142578,125523157.68106152,209562.4852884945,2143428.950476189,14091370.795513382,19.475,19.475,19.475,19.475,19.475,19.475,19.475,19.475,19.475,19.475,19.475,65.0,65.0,65.0,0.0,0.0,0.0,11.244140625,11.244140625,11.244140625,355.314,355.314,355.314,65.0,0.0,11.244140625,355.314,5
11776548.860784616,4.163166046142578,120439633.4570025,201030.59291554577,2056073.5343312637,13517077.180779362,19.4375,19.4375,19.4375,19.4375,19.4375,19.4375,19.4375,19.4375,19.4375,19.4375,19.4375,65.0,65.0,65.0,0.0,0.0,0.0,11.244140625,11.244140625,11.244140625,358.211,358.211,358.211,65.0,0.0,11.244140625,358.211,5
11776549.86137062,4.163166046142578,122806752.86640418,204933.90810170758,2095923.7822393724,13779061.427768998,19.2125,19.2125,19.2125,19.2125,19.2125,19.2125,19.2125,19.2125,19.2125,19.2125,19.2125,74.0,74.0,74.0,0.0,0.0,0.0,11.244140625,11.244140625,11.244140625,322.053,322.053,322.053,74.0,0.0,11.244140625,322.053,5
11776550.861935511,4.163166046142578,122844878.92969409,204939.2314994079,2095968.0047667518,13779352.15633767,20.775000000000002,20.775000000000002,20.775000000000002,20.775000000000002,20.775000000000002,20.775000000000002,20.775000000000002,20.775000000000002,20.775000000000002,20.775000000000002,20.775000000000002,77.0,77.0,77.0,0.0,0.0,0.0,11.244140625,11.244140625,11.244140625,361.603,361.603,361.603,77.0,0.0,11.244140625,361.603,5
11776551.84866432,4.163166046142578,124603464.51246533,207820.01939730378,2125358.0347362966,13972568.642426513,19.6125,19.6125,19.6125,19.6125,19.6125,19.6125,19.6125,19.6125,19.6125,19.6125,19.6125,86.0,86.0,86.0,0.0,0.0,0.0,11.244140625,11.244140625,11.244140625,360.499,360.499,360.499,86.0,0.0,11.244140625,360.499,5
11776552.863299768,4.163169860839844,121211526.84723659,202124.81255850542,2066901.9611898344,13705336.2465615,19.175,19.175,19.175,19.175,19.175,19.175,19.175,19.175,19.175,19.175,19.175,73.0,73.0,73.0,0.0,0.0,0.0,11.244140625,11.244140625,11.244140625,351.14,351.14,351.14,73.0,0.0,11.244140625,351.14,5
11776553.87412688,4.163169860839844,121703270.17498107,202887.31648760696,2074689.1105430843,13756971.738855021,18.875,18.875,18.875,18.875,18.875,18.875,18.875,18.875,18.875,18.875,18.875,54.0,54.0,54.0,0.0,0.0,0.0,11.244140625,11.244140625,11.244140625,298.842,298.842,298.842,54.0,0.0,11.244140625,298.842,5
11776554.843111545,4.163177490234375,126986876.46998583,211656.60028903058,2164277.800252282,14351021.741907224,19.2625,19.2625,19.2625,19.2625,19.2625,19.2625,19.2625,19.2625,19.2625,19.2625,19.2625,52.0,52.0,52.0,0.0,0.0,0.0,11.244140625,11.244140625,11.244140625,325.299,325.299,325.299,52.0,0.0,11.244140625,325.299,5
11776555.873318586,4.163185119628906,119480236.51899804,199086.1950150395,2035660.7120827895,13498179.91703334,19.4375,19.4375,19.4375,19.4375,19.4375,19.4375,19.4375,19.4375,19.4375,19.4375,19.4375,92.0,92.0,92.0,0.0,0.0,0.0,11.244140625,11.244140625,11.244140625,343.463,343.463,343.463,92.0,0.0,11.244140625,343.463,5
11776556.863676328,4.1631927490234375,124315433.51898532,207097.89135906872,2117570.1584070954,14041309.937093923,19.175,19.175,19.175,19.175,19.175,19.175,19.175,19.175,19.175,19.175,19.175,74.0,74.0,74.0,0.0,0.0,0.0,11.244140625,11.244140625,11.244140625,308.272,308.272,308.272,74.0,0.0,11.244140625,308.272,5
11776557.842262128,4.1631927490234375,125847258.33991069,209598.38163123073,2143043.5631353846,14210220.50164967,18.9,18.9,18.9,18.9,18.9,18.9,18.9,18.9,18.9,18.9,18.9,51.0,51.0,51.0,0.0,0.0,0.0,11.244140625,11.244140625,11.244140625,338.516,338.516,338.516,51.0,0.0,11.244140625,338.516,5
11776558.874784265,4.163196563720703,119310409.5918168,198656.2735845918,2031096.405760975,13467914.643668965,19.2125,19.2125,19.2125,19.2125,19.2125,19.2125,19.2125,19.2125,19.2125,19.2125,19.2125,92.0,92.0,92.0,0.0,0.0,0.0,11.244140625,11.244140625,11.244140625,341.588,341.588,341.588,92.0,0.0,11.244140625,341.588,5
11776559.873674337,4.1632080078125,123360388.1356442,205344.9180521672,2099482.2739360393,13921371.718775103,18.8,18.8,18.8,18.8,18.8,18.8,18.8,18.8,18.8,18.8,18.8,52.0,52.0,52.0,0.0,0.0,0.0,11.244140625,11.244140625,11.244140625,299.853,299.853,299.853,52.0,0.0,11.244140625,299.853,5
11776560.873529708,4.1632232666015625,123268669.2006782,205156.67156484164,2097455.3524672557,13907931.487551432,19.5,19.5,19.5,19.5,19.5,19.5,19.5,19.5,19.5,19.5,19.5,57.0,57.0,57.0,0.0,0.0,0.0,11.244140625,11.244140625,11.244140625,334.637,334.637,334.637,57.0,0.0,11.244140625,334.637,5
11776561.876334524,4.1632232666015625,122938846.185572,204565.23221086583,2091286.3271317577,13867025.548070934,19.7125,19.7125,19.7125,19.7125,19.7125,19.7125,19.7125,19.7125,19.7125,19.7125,19.7125,91.0,91.0,91.0,0.0,0.0,0.0,11.244140625,11.244140625,11.244140625,350.293,350.293,350.293,91.0,0.0,11.244140625,350.293,5
11776562.875349184,4.1632232666015625,123449026.1750548,205344.3338388666,2099220.444369494,13919635.563739125,20.1375,20.1375,20.1375,20.1375,20.1375,20.1375,20.1375,20.1375,20.1375,20.1375,20.1375,55.0,55.0,55.0,0.0,0.0,0.0,11.244140625,11.244140625,11.244140625,301.555,301.555,301.555,55.0,0.0,11.244140625,301.555,5
11776563.874914875,4.1632232666015625,123408299.36521988,205243.13899256405,2098063.2082461645,13911962.09374166,19.375,19.375,19.375,19.375,19.375,19.375,19.375,19.375,19.375,19.375,19.375,60.0,60.0,60.0,0.0,0.0,0.0,11.244140625,11.244140625,11.244140625,338.933,338.933,338.933,60.0,0.0,11.244140625,338.933,5
11776564.87479214,4.1632232666015625,123402611.85372597,205187.1837057917,2097409.426126517,13907626.956444385,19.825,19.825,19.825,19.825,19.825,19.825,19.825,19.825,19.825,19.825,19.825,91.0,91.0,91.0,0.0,0.0,0.0,11.244140625,11.244140625,11.244140625,342.63,342.63,342.63,91.0,0.0,11.244140625,342.63,5
11776565.875977151,4.1632232666015625,123279591.31359072,204920.1673232862,2094669.7930053873,13893551.986418545,18.9625,18.9625,18.9625,18.9625,18.9625,18.9625,18.9625,18.9625,18.9625,18.9625,18.9625,55.0,55.0,55.0,0.0,0.0,0.0,11.244140625,11.244140625,11.244140625,307.054,307.054,307.054,55.0,0.0,11.244140625,307.054,5
11776566.877214707,4.1632232666015625,123300399.80870056,204922.39698874485,2094559.8641641333,13892822.849026166,19.3625,19.3625,19.3625,19.3625,19.3625,19.3625,19.3625,19.3625,19.3625,19.3625,19.3625,61.0,61.0,61.0,0.0,0.0,0.0,11.244140625,11.244140625,11.244140625,337.485,337.485,337.485,61.0,0.0,11.244140625,337.485,5
11776567.875425436,4.1632232666015625,123710520.75003979,205555.79519414503,2100911.101053627,13934949.412457261,19.2375,19.2375,19.2375,19.2375,19.2375,19.2375,19.2375,19.2375,19.2375,19.2375,19.2375,91.0,91.0,91.0,0.0,0.0,0.0,11.244140625,11.244140625,11.244140625,332.424,332.424,332.424,91.0,0.0,11.244140625,332.424,5
11776568.87519805,4.1632232666015625,123557613.28775015,205236.66797205067,2097628.9717380083,13913179.66410601,19.25,19.25,19.25,19.25,19.25,19.25,19.25,19.25,19.25,19.25,19.25,52.0,52.0,52.0,0.0,0.0,0.0,11.244140625,11.244140625,11.244140625,298.181,298.181,298.181,52.0,0.0,11.244140625,298.181,5
11776569.875762165,4.1632232666015625,123487190.00874764,205085.30827630937,2095969.6318355114,13902173.573658977,19.2125,19.2125,19.2125,19.2125,19.2125,19.2125,19.2125,19.2125,19.2125,19.2125,19.2125,61.0,61.0,61.0,0.0,0.0,0.0,11.244140625,11.244140625,11.244140625,328.134,328.134,328.134,61.0,0.0,11.244140625,328.134,5
11776570.872531822,4.1632232666015625,123990148.66435301,205873.0404613319,2103948.47447255,13955095.740837462,18.8375,18.8375,18.8375,18.8375,18.8375,18.8375,18.8375,18.8375,18.8375,18.8375,18.8375,91.0,91.0,91.0,0.0,0.0,0.0,11.244140625,11.244140625,11.244140625,309.393,309.393,309.393,91.0,0.0,11.244140625,309.393,5
11776571.875862777,4.1632232666015625,123217395.36608908,204526.73060640632,2090189.6716730646,13863836.181643998,19.175,19.175,19.175,19.175,19.175,19.175,19.175,19.175,19.175,19.175,19.175,56.0,56.0,56.0,0.0,0.0,0.0,11.244140625,11.244140625,11.244140625,311.155,311.155,311.155,56.0,0.0,11.244140625,311.155,5
11776572.874485428,4.1632232666015625,123825684.27148649,205499.0440506612,2100044.4956968864,13929201.381614504,19.4625,19.4625,19.4625,19.4625,19.4625,19.4625,19.4625,19.4625,19.4625,19.4625,19.4625,60.0,60.0,60.0,0.0,0.0,0.0,11.244140625,11.244140625,11.244140625,334.07,334.07,334.07,60.0,0.0,11.244140625,334.07,5
11776573.873867933,4.1632232666015625,123769789.2020521,205352.80429017966,2098447.780606545,13918610.66980435,20.3,20.3,20.3,20.3,20.3,20.3,20.3,20.3,20.3,20.3,20.3,91.0,91.0,91.0,0.0,0.0,0.0,11.244140625,11.244140625,11.244140625,308.412,308.412,308.412,91.0,0.0,11.244140625,308.412,5
11776574.878529718,4.1632232666015625,123157470.29830156,204274.7151076255,2087420.891682805,13845471.383114856,20.2375,20.2375,20.2375,20.2375,20.2375,20.2375,20.2375,20.2375,20.2375,20.2375,20.2375,53.0,53.0,53.0,0.0,0.0,0.0,11.244140625,11.244140625,11.244140625,320.725,320.725,320.725,53.0,0.0,11.244140625,320.725,5
11776575.875538949,4.1632232666015625,124131767.46966776,205849.6487940507,2103442.912323207,13951742.441893771,19.4125,19.4125,19.4125,19.4125,19.4125,19.4125,19.4125,19.4125,19.4125,19.4125,19.4125,72.0,72.0,72.0,0.0,0.0,0.0,11.244140625,11.244140625,11.244140625,336.661,336.661,336.661,72.0,0.0,11.244140625,336.661,5
11776576.874828,4.1632232666015625,123885201.09721346,205387.01975827944,2098644.029507336,13919912.351966629,19.075,19.075,19.075,19.075,19.075,19.075,19.075,19.075,19.075,19.075,19.075,56.0,56.0,56.0,0.0,0.0,0.0,11.244140625,11.244140625,11.244140625,305.067,305.067,305.067,56.0,0.0,11.244140625,305.067,5
11776577.875154462,4.1632232666015625,123788907.61449945,205174.01846111633,2096467.582811266,13905476.38911535,18.9125,18.9125,18.9125,18.9125,18.9125,18.9125,18.9125,18.9125,18.9125,18.9125,18.9125,94.0,94.0,94.0,0.0,0.0,0.0,11.244140625,11.244140625,11.244140625,339.52,339.52,339.52,94.0,0.0,11.244140625,339.52,5
11776578.865525676,4.1632232666015625,125064155.96581493,207246.53246351873,2117541.3520466806,14045254.749122122,21.05,21.05,21.05,21.05,21.05,21.05,21.05,21.05,21.05,21.05,21.05,56.0,56.0,56.0,0.0,0.0,0.0,11.244140625,11.244140625,11.244140625,346.605,346.605,346.605,56.0,0.0,11.244140625,346.605,5
11776579.863412084,4.1632232666015625,124157862.04901607,205692.75052720818,2101593.911826266,13939478.368285155,19.237499999999997,19.237499999999997,19.237499999999997,19.237499999999997,19.237499999999997,19.237499999999997,19.237499999999997,19.237499999999997,19.237499999999997,19.237499999999997,19.237499999999997,75.0,75.0,75.0,0.0,0.0,0.0,11.244140625,11.244140625,11.244140625,332.884,332.884,332.884,75.0,0.0,11.244140625,332.884,5
11776580.865051549,4.1632232666015625,123725362.61445381,204923.03588159886,2093719.420562152,13887248.3441974,19.2625,19.2625,19.2625,19.2625,19.2625,19.2625,19.2625,19.2625,19.2625,19.2625,19.2625,76.0,76.0,76.0,0.0,0.0,0.0,11.244140625,11.244140625,11.244140625,362.731,362.731,362.731,76.0,0.0,11.244140625,362.731,5
11776581.84423953,4.1632232666015625,126595682.84605786,209630.84119794937,2141725.636143782,14205664.570984932,19.0625,19.0625,19.0625,19.0625,19.0625,19.0625,19.0625,19.0625,19.0625,19.0625,19.0625,56.0,56.0,56.0,0.0,0.0,0.0,11.244140625,11.244140625,11.244140625,352.097,352.097,352.097,56.0,0.0,11.244140625,352.097,5
11776582.866858676,4.163234710693359,121251146.5108924,200737.48925157846,2050765.4354530259,13602342.614840774,19.6875,19.6875,19.6875,19.6875,19.6875,19.6875,19.6875,19.6875,19.6875,19.6875,19.6875,65.0,65.0,65.0,0.0,0.0,0.0,11.244140625,11.244140625,11.244140625,360.263,360.263,360.263,65.0,0.0,11.244140625,360.263,5
11776583.866599187,4.163234710693359,124060718.3695458,205340.2835080774,2097696.328747225,13913626.430518702,19.8625,19.8625,19.8625,19.8625,19.8625,19.8625,19.8625,19.8625,19.8625,19.8625,19.8625,75.0,75.0,75.0,0.0,0.0,0.0,11.244140625,11.244140625,11.244140625,328.741,328.741,328.741,75.0,0.0,11.244140625,328.741,5
11776584.86573415,4.163234710693359,124169472.1406976,205465.73538561098,2098967.6839143294,13922059.090963012,19.4875,19.4875,19.4875,19.4875,19.4875,19.4875,19.4875,19.4875,19.4875,19.4875,19.4875,76.0,76.0,76.0,0.0,0.0,0.0,11.244140625,11.244140625,11.244140625,368.234,368.234,368.234,76.0,0.0,11.244140625,368.234,5
11776585.84512738,4.163234710693359,126708652.19359867,209614.47756074855,2141276.8009229596,14202687.531121816,19.3625,19.3625,19.3625,19.3625,19.3625,19.3625,19.3625,19.3625,19.3625,19.3625,19.3625,65.0,65.0,65.0,0.0,0.0,0.0,11.244140625,11.244140625,11.244140625,361.441,361.441,361.441,65.0,0.0,11.244140625,361.441,5
11776586.865260875,4.163238525390625,121680560.01312533,201255.03273806602,2055762.3189501606,13635486.006161613,19.525000000000002,19.525000000000002,19.525000000000002,19.525000000000002,19.525000000000002,19.525000000000002,19.525000000000002,19.525000000000002,19.525000000000002,19.525000000000002,19.525000000000002,62.0,62.0,62.0,0.0,0.0,0.0,11.244140625,11.244140625,11.244140625,361.963,361.963,361.963,62.0,0.0,11.244140625,361.963,5
11776587.866259567,4.163238525390625,124039324.84577781,205109.15900337382,2095059.6794287942,13896138.0299613,19.575,19.575,19.575,19.575,19.575,19.575,19.575,19.575,19.575,19.575,19.575,75.0,75.0,75.0,0.0,0.0,0.0,11.244140625,11.244140625,11.244140625,326.789,326.789,326.789,75.0,0.0,11.244140625,326.789,5
11776588.86597863,4.163238525390625,124230883.07395014,205372.69682627957,2097741.333534451,13913924.938833978,19.225,19.225,19.225,19.225,19.225,19.225,19.225,19.225,19.225,19.225,19.225,75.0,75.0,75.0,0.0,0.0,0.0,11.244140625,11.244140625,11.244140625,364.184,364.184,364.184,75.0,0.0,11.244140625,364.184,5
11776589.844515933,4.163249969482422,126956343.60299627,209826.44144779752,2143149.7754032984,14219296.459072275,20.8625,20.8625,20.8625,20.8625,20.8625,20.8625,20.8625,20.8625,20.8625,20.8625,20.8625,86.0,86.0,86.0,0.0,0.0,0.0,11.244140625,11.244140625,11.244140625,358.4,358.4,358.4,86.0,0.0,11.244140625,358.4,5
11776590.867542546,4.163249969482422,121470011.00254484,200709.34351725708,2049948.6252728652,13600928.671976412,20.9,20.9,20.9,20.9,20.9,20.9,20.9,20.9,20.9,20.9,20.9,67.0,67.0,67.0,0.0,0.0,0.0,11.244140625,11.244140625,11.244140625,366.286,366.286,366.286,67.0,0.0,11.244140625,366.286,5
11776591.863594636,4.163249969482422,124795254.42308149,206151.8690089773,2105464.1829369855,13969261.385619022,18.95,18.95,18.95,18.95,18.95,18.95,18.95,18.95,18.95,18.95,18.95,94.0,94.0,94.0,0.0,0.0,0.0,11.244140625,11.244140625,11.244140625,313.909,313.909,313.909,94.0,0.0,11.244140625,313.909,5
11776592.878387332,4.163249969482422,122525598.11873466,202345.76074691946,2066581.6860992003,13711285.132185513,19.35,19.35,19.35,19.35,19.35,19.35,19.35,19.35,19.35,19.35,19.35,89.0,89.0,89.0,0.0,0.0,0.0,11.244140625,11.244140625,11.244140625,336.386,336.386,336.386,89.0,0.0,11.244140625,336.386,5
11776593.878268696,4.163249969482422,124385620.56208552,205371.36435397423,2097400.8263946674,13915762.904809931,19.487499999999997,19.487499999999997,19.487499999999997,19.487499999999997,19.487499999999997,19.487499999999997,19.487499999999997,19.487499999999997,19.487499999999997,19.487499999999997,19.487499999999997,84.0,84.0,84.0,0.0,0.0,0.0,11.244140625,11.244140625,11.244140625,333.48,333.48,333.48,84.0,0.0,11.244140625,333.48,5
11776594.879097229,4.163249969482422,124303388.60242729,205178.00335551318,2095415.8798382315,13902593.24962983,20.0375,20.0375,20.0375,20.0375,20.0375,20.0375,20.0375,20.0375,20.0375,20.0375,20.0375,86.0,86.0,86.0,0.0,0.0,0.0,11.244140625,11.244140625,11.244140625,301.633,301.633,301.633,86.0,0.0,11.244140625,301.633,5
11776595.846026989,4.163265228271484,128692314.75701737,212378.4048554407,2168877.292977513,14389992.508290257,18.9375,18.9375,18.9375,18.9375,18.9375,18.9375,18.9375,18.9375,18.9375,18.9375,18.9375,58.0,58.0,58.0,0.0,0.0,0.0,11.244140625,11.244140625,11.244140625,334.931,334.931,334.931,58.0,0.0,11.244140625,334.931,5
11776596.863274869,4.163265228271484,122358764.72405736,201880.98108859442,2061593.8764622058,13678192.18426194,19.25,19.25,19.25,19.25,19.25,19.25,19.25,19.25,19.25,19.25,19.25,70.0,70.0,70.0,0.0,0.0,0.0,11.244140625,11.244140625,11.244140625,359.227,359.227,359.227,70.0,0.0,11.244140625,359.227,5
11776597.864750031,4.163265228271484,124318568.87133874,205069.48911739275,2094062.916276408,13893616.653497964,19.4,19.4,19.4,19.4,19.4,19.4,19.4,19.4,19.4,19.4,19.4,75.0,75.0,75.0,0.0,0.0,0.0,11.244140625,11.244140625,11.244140625,327.141,327.141,327.141,75.0,0.0,11.244140625,327.141,5
11776598.866642244,4.163291931152344,124299513.87151213,204985.12452800057,2093191.2367942499,13891921.528568087,19.2125,19.2125,19.2125,19.2125,19.2125,19.2125,19.2125,19.2125,19.2125,19.2125,19.2125,74.0,74.0,74.0,0.0,0.0,0.0,11.244140625,11.244140625,11.244140625,361.571,361.571,361.571,74.0,0.0,11.244140625,361.571,5
11776599.865933476,4.163291931152344,124658563.0183754,205526.67075702632,2098639.4487875667,13928079.77925811,19.625,19.625,19.625,19.625,19.625,19.625,19.625,19.625,19.625,19.625,19.625,65.0,65.0,65.0,0.0,0.0,0.0,11.244140625,11.244140625,11.244140625,362.509,362.509,362.509,65.0,0.0,11.244140625,362.509,5
11776600.868538432,4.163291931152344,124279249.04846083,204855.3608381224,2091703.205587398,13882045.88395699,19.6875,19.6875,19.6875,19.6875,19.6875,19.6875,19.6875,19.6875,19.6875,19.6875,19.6875,91.0,91.0,91.0,0.0,0.0,0.0,11.244140625,11.244140625,11.244140625,364.662,364.662,364.662,91.0,0.0,11.244140625,364.662,5
11776601.867524184,4.163291931152344,124765036.63106425,205598.5278003623,2099281.1907765,13932338.840348726,19.3625,19.3625,19.3625,19.3625,19.3625,19.3625,19.3625,19.3625,19.3625,19.3625,19.3625,75.0,75.0,75.0,0.0,0.0,0.0,11.244140625,11.244140625,11.244140625,321.962,321.962,321.962,75.0,0.0,11.244140625,321.962,5
11776602.867382096,4.163291931152344,124688973.82685322,205427.18877124978,2097450.022814263,13920185.893599348,19.2,19.2,19.2,19.2,19.2,19.2,19.2,19.2,19.2,19.2,19.2,74.0,74.0,74.0,0.0,0.0,0.0,11.244140625,11.244140625,11.244140625,357.047,357.047,357.047,74.0,0.0,11.244140625,357.047,5
11776603.865347696,4.163291931152344,124958234.9905843,205824.7297599224,2101427.1426612698,13946580.919458974,19.4625,19.4625,19.4625,19.4625,19.4625,19.4625,19.4625,19.4625,19.4625,19.4625,19.4625,62.0,62.0,62.0,0.0,0.0,0.0,11.244140625,11.244140625,11.244140625,364.496,364.496,364.496,62.0,0.0,11.244140625,364.496,5
11776604.8658978,4.163291931152344,124668202.48509787,205300.0635511933,2095998.9819364506,13910555.743398553,19.8625,19.8625,19.8625,19.8625,19.8625,19.8625,19.8625,19.8625,19.8625,19.8625,19.8625,96.0,96.0,96.0,0.0,0.0,0.0,11.244140625,11.244140625,11.244140625,371.005,371.005,371.005,96.0,0.0,11.244140625,371.005,5
11776605.880187007,4.163291931152344,123017796.37893078,202520.14790887228,2067607.5302919338,13722129.663929671,19.3,19.3,19.3,19.3,19.3,19.3,19.3,19.3,19.3,19.3,19.3,95.0,95.0,95.0,0.0,0.0,0.0,11.244140625,11.244140625,11.244140625,313.895,313.895,313.895,95.0,0.0,11.244140625,313.895,5
11776606.846864544,4.163291931152344,129110061.21344872,212504.1620368833,2169443.1900224118,14397984.296281554,20.4625,20.4625,20.4625,20.4625,20.4625,20.4625,20.4625,20.4625,20.4625,20.4625,20.4625,68.0,68.0,68.0,0.0,0.0,0.0,11.244140625,11.244140625,11.244140625,350.426,350.426,350.426,68.0,0.0,11.244140625,350.426,5
11776607.86928688,4.163291931152344,122102731.52217261,200924.7966894727,2051160.1967917106,13612973.337301234,20.05,20.05,20.05,20.05,20.05,20.05,20.05,20.05,20.05,20.05,20.05,65.0,65.0,65.0,0.0,0.0,0.0,11.244140625,11.244140625,11.244140625,362.061,362.061,362.061,65.0,0.0,11.244140625,362.061,5
11776608.865474788,4.163291931152344,125351184.17431216,206227.1567759604,2105177.1276766513,13971468.515322775,19.4875,19.4875,19.4875,19.4875,19.4875,19.4875,19.4875,19.4875,19.4875,19.4875,19.4875,75.0,75.0,75.0,0.0,0.0,0.0,11.244140625,11.244140625,11.244140625,330.352,330.352,330.352,75.0,0.0,11.244140625,330.352,5
11776609.866563162,4.163291931152344,124770317.31014434,205217.64657984124,2094871.9971194027,13903076.262132287,19.0625,19.0625,19.0625,19.0625,19.0625,19.0625,19.0625,19.0625,19.0625,19.0625,19.0625,75.0,75.0,75.0,0.0,0.0,0.0,11.244140625,11.244140625,11.244140625,365.535,365.535,365.535,75.0,0.0,11.244140625,365.535,5
11776610.846347764,4.163291931152344,127519507.55991699,209687.92479271232,2140421.471289158,14205375.31140734,20.25,20.25,20.25,20.25,20.25,20.25,20.25,20.25,20.25,20.25,20.25,60.0,60.0,60.0,0.0,0.0,0.0,11.244140625,11.244140625,11.244140625,358.689,358.689,358.689,60.0,0.0,11.244140625,358.689,5
11776611.866697429,4.163291931152344,122484647.50299841,201364.30394947622,2055326.789169053,13640625.839055551,19.85,19.85,19.85,19.85,19.85,19.85,19.85,19.85,19.85,19.85,19.85,60.0,60.0,60.0,0.0,0.0,0.0,11.244140625,11.244140625,11.244140625,364.889,364.889,364.889,60.0,0.0,11.244140625,364.889,5
11776612.870709963,4.163311004638672,124510346.95034575,204649.83549616914,2088770.7355805056,13862583.905278433,19.3375,19.3375,19.3375,19.3375,19.3375,19.3375,19.3375,19.3375,19.3375,19.3375,19.3375,78.0,78.0,78.0,0.0,0.0,0.0,11.244140625,11.244140625,11.244140625,328.932,328.932,328.932,78.0,0.0,11.244140625,328.932,5
11776613.869211996,4.163311004638672,125230295.87174106,205780.25206155272,2100298.1777146733,13939088.296629805,19.0125,19.0125,19.0125,19.0125,19.0125,19.0125,19.0125,19.0125,19.0125,19.0125,19.0125,77.0,77.0,77.0,0.0,0.0,0.0,11.244140625,11.244140625,11.244140625,368.535,368.535,368.535,77.0,0.0,11.244140625,368.535,5
11776614.853905322,4.1633148193359375,127019717.39868017,208673.09096427608,2129751.410421082,14134561.118380541,19.0125,19.0125,19.0125,19.0125,19.0125,19.0125,19.0125,19.0125,19.0125,19.0125,19.0125,48.0,48.0,48.0,0.0,0.0,0.0,11.244140625,11.244140625,11.244140625,345.788,345.788,345.788,48.0,0.0,11.244140625,345.788,5
11776615.87889154,4.1633148193359375,122066451.94063044,200477.81741731687,2046029.4605126404,13578922.083636625,19.15,19.15,19.15,19.15,19.15,19.15,19.15,19.15,19.15,19.15,19.15,90.0,90.0,90.0,0.0,0.0,0.0,11.244140625,11.244140625,11.244140625,348.907,348.907,348.907,90.0,0.0,11.244140625,348.907,5
11776616.878997782,4.1633148193359375,125135897.36779973,205467.17084846858,2096929.2189811016,13916729.465034733,18.8625,18.8625,18.8625,18.8625,18.8625,18.8625,18.8625,18.8625,18.8625,18.8625,18.8625,89.0,89.0,89.0,0.0,0.0,0.0,11.244140625,11.244140625,11.244140625,300.275,300.275,300.275,89.0,0.0,11.244140625,300.275,5
11776617.881407848,4.1633148193359375,124875542.77720441,205004.92472762702,2092109.878405211,13884744.857072085,19.2375,19.2375,19.2375,19.2375,19.2375,19.2375,19.2375,19.2375,19.2375,19.2375,19.2375,59.0,59.0,59.0,0.0,0.0,0.0,11.244140625,11.244140625,11.244140625,336.908,336.908,336.908,59.0,0.0,11.244140625,336.908,5
11776618.879617278,4.1633148193359375,125436614.04995868,205875.63475491866,2100913.8334827875,13943174.230809592,19.3,19.3,19.3,19.3,19.3,19.3,19.3,19.3,19.3,19.3,19.3,89.0,89.0,89.0,0.0,0.0,0.0,11.244140625,11.244140625,11.244140625,320.1,320.1,320.1,89.0,0.0,11.244140625,320.1,5
11776619.87913777,4.1633148193359375,125310306.31833985,205605.58956438288,2098158.083988013,13924885.096467324,18.9,18.9,18.9,18.9,18.9,18.9,18.9,18.9,18.9,18.9,18.9,90.0,90.0,90.0,0.0,0.0,0.0,11.244140625,11.244140625,11.244140625,303.799,303.799,303.799,90.0,0.0,11.244140625,303.799,5
11776620.879827272,4.1633148193359375,125191214.30651529,205376.39240126172,2095707.0041411985,13908617.96889022,19.475,19.475,19.475,19.475,19.475,19.475,19.475,19.475,19.475,19.475,19.475,61.0,61.0,61.0,0.0,0.0,0.0,11.244140625,11.244140625,11.244140625,335.935,335.935,335.935,61.0,0.0,11.244140625,335.935,5
11776621.879427204,4.163318634033203,125363213.84011836,205612.25893422065,2097991.339699405,13923778.46152066,19.537499999999998,19.537499999999998,19.537499999999998,19.537499999999998,19.537499999999998,19.537499999999998,19.537499999999998,19.537499999999998,19.537499999999998,19.537499999999998,19.537499999999998,90.0,90.0,90.0,0.0,0.0,0.0,11.244140625,11.244140625,11.244140625,316.02,316.02,316.02,90.0,0.0,11.244140625,316.02,5
11776622.88166227,4.163330078125,125071765.33152975,205072.64906467503,2092475.1795655224,13887169.258132119,18.975,18.975,18.975,18.975,18.975,18.975,18.975,18.975,18.975,18.975,18.975,88.0,88.0,88.0,0.0,0.0,0.0,11.244140625,11.244140625,11.244140625,304.789,304.789,304.789,88.0,0.0,11.244140625,304.789,5
11776623.88011526,4.163330078125,125575672.89901933,205858.4652309963,2100401.3431746345,13939772.97677228,21.037499999999998,21.037499999999998,21.037499999999998,21.037499999999998,21.037499999999998,21.037499999999998,21.037499999999998,21.037499999999998,21.037499999999998,21.037499999999998,21.037499999999998,64.0,64.0,64.0,0.0,0.0,0.0,11.244140625,11.244140625,11.244140625,335.294,335.294,335.294,64.0,0.0,11.244140625,335.294,5
11776624.868452173,4.163330078125,126899732.5849132,207973.61429743396,2121899.902558489,14082452.868933095,18.8875,18.8875,18.8875,18.8875,18.8875,18.8875,18.8875,18.8875,18.8875,18.8875,18.8875,68.0,68.0,68.0,0.0,0.0,0.0,11.244140625,11.244140625,11.244140625,331.303,331.303,331.303,68.0,0.0,11.244140625,331.303,5
11776625.992241347,4.163330078125,111633477.92329542,182906.19332109514,1866143.6216150061,12385070.363765217,19.3125,19.3125,19.3125,19.3125,19.3125,19.3125,19.3125,19.3125,19.3125,19.3125,19.3125,72.0,72.0,72.0,0.0,0.0,0.0,11.244140625,11.244140625,11.244140625,282.011,282.011,282.011,72.0,0.0,11.244140625,282.011,5
11776626.989026798,4.163341522216797,125892730.38496676,206218.90081775465,2103915.138880674,13963093.050618222,20.85,20.85,20.85,20.85,20.85,20.85,20.85,20.85,20.85,20.85,20.85,50.0,50.0,50.0,0.0,0.0,0.0,11.244140625,11.244140625,11.244140625,331.375,331.375,331.375,50.0,0.0,11.244140625,331.375,5
11776627.991611931,4.163341522216797,125197119.7269766,205038.94694173645,2091744.5609832052,13882320.348087756,18.9,18.9,18.9,18.9,18.9,18.9,18.9,18.9,18.9,18.9,18.9,71.0,71.0,71.0,0.0,0.0,0.0,11.244140625,11.244140625,11.244140625,305.009,305.009,305.009,71.0,0.0,11.244140625,305.009,5
11776628.958513502,4.163341522216797,129854188.70244487,212605.92211185404,2168940.5249270024,14394648.249417879,19.95,19.95,19.95,19.95,19.95,19.95,19.95,19.95,19.95,19.95,19.95,50.0,50.0,50.0,0.0,0.0,0.0,11.244140625,11.244140625,11.244140625,327.362,327.362,327.362,50.0,0.0,11.244140625,327.362,5
11776629.99282854,4.163341522216797,121422340.70722115,198756.6576462215,2027575.6631144958,13460409.529152678,19.2875,19.2875,19.2875,19.2875,19.2875,19.2875,19.2875,19.2875,19.2875,19.2875,19.2875,80.0,80.0,80.0,0.0,0.0,0.0,11.244140625,11.244140625,11.244140625,332.517,332.517,332.517,80.0,0.0,11.244140625,332.517,5
11776630.9898677,4.163341522216797,125994735.28226711,206187.48821210786,2103379.7714676177,13963648.131286,19.0125,19.0125,19.0125,19.0125,19.0125,19.0125,19.0125,19.0125,19.0125,19.0125,19.0125,68.0,68.0,68.0,0.0,0.0,0.0,11.244140625,11.244140625,11.244140625,290.558,290.558,290.558,68.0,0.0,11.244140625,290.558,5
11776631.98775324,4.163341522216797,125923425.02919999,206025.6329334919,2101595.739859616,13951804.530825848,18.9625,18.9625,18.9625,18.9625,18.9625,18.9625,18.9625,18.9625,18.9625,18.9625,18.9625,84.0,84.0,84.0,0.0,0.0,0.0,11.244140625,11.244140625,11.244140625,332.52,332.52,332.52,84.0,0.0,11.244140625,332.52,5
11776632.989735514,4.163341522216797,125441251.12782495,205196.24491444216,2093003.0953576174,13894760.783438558,19.2125,19.2125,19.2125,19.2125,19.2125,19.2125,19.2125,19.2125,19.2125,19.2125,19.2125,81.0,81.0,81.0,0.0,0.0,0.0,11.244140625,11.244140625,11.244140625,351.399,351.399,351.399,81.0,0.0,11.244140625,351.399,5
11776633.990385028,4.163341522216797,125641044.42328434,205470.54407145374,2095790.7552408385,13913267.142702363,19.0375,19.0375,19.0375,19.0375,19.0375,19.0375,19.0375,19.0375,19.0375,19.0375,19.0375,66.0,66.0,66.0,0.0,0.0,0.0,11.244140625,11.244140625,11.244140625,311.827,311.827,311.827,66.0,0.0,11.244140625,311.827,5
11776634.98949324,4.163360595703125,125870375.68194425,205796.52685896104,2099023.8841674593,13938830.480799535,19.1375,19.1375,19.1375,19.1375,19.1375,19.1375,19.1375,19.1375,19.1375,19.1375,19.1375,84.0,84.0,84.0,0.0,0.0,0.0,11.244140625,11.244140625,11.244140625,332.679,332.679,332.679,84.0,0.0,11.244140625,332.679,5
11776635.990684383,4.163360595703125,125641213.35492487,205380.36262970776,2094656.9641318754,13909831.402438236,19.6625,19.6625,19.6625,19.6625,19.6625,19.6625,19.6625,19.6625,19.6625,19.6625,19.6625,71.0,71.0,71.0,0.0,0.0,0.0,11.244140625,11.244140625,11.244140625,341.06,341.06,341.06,71.0,0.0,11.244140625,341.06,5
11776636.993053429,4.163360595703125,125526232.55435553,205139.01619091487,2092195.492196034,13893485.690364288,18.9875,18.9875,18.9875,18.9875,18.9875,18.9875,18.9875,18.9875,18.9875,18.9875,18.9875,72.0,72.0,72.0,0.0,0.0,0.0,11.244140625,11.244140625,11.244140625,310.328,310.328,310.328,72.0,0.0,11.244140625,310.328,5
11776637.990821356,4.163360595703125,126140641.10342993,206093.0146276575,2101843.4677917515,13957554.2783046,19.2,19.2,19.2,19.2,19.2,19.2,19.2,19.2,19.2,19.2,19.2,84.0,84.0,84.0,0.0,0.0,0.0,11.244140625,11.244140625,11.244140625,338.258,338.258,338.258,84.0,0.0,11.244140625,338.258,5
11776638.99068766,4.163360595703125,125908659.3683973,205668.49686632227,2097432.416396543,13928262.140133291,19.3125,19.3125,19.3125,19.3125,19.3125,19.3125,19.3125,19.3125,19.3125,19.3125,19.3125,67.0,67.0,67.0,0.0,0.0,0.0,11.244140625,11.244140625,11.244140625,324.478,324.478,324.478,67.0,0.0,11.244140625,324.478,5
11776639.990943972,4.163360595703125,125895042.69702782,205590.30491284683,2096614.614300446,13922831.423088897,20.0625,20.0625,20.0625,20.0625,20.0625,20.0625,20.0625,20.0625,20.0625,20.0625,20.0625,71.0,71.0,71.0,0.0,0.0,0.0,11.244140625,11.244140625,11.244140625,328.847,328.847,328.847,71.0,0.0,11.244140625,328.847,5
11776640.991290055,4.163360595703125,125916464.42781144,205578.85261406488,2096426.4620339966,13921581.974444509,19.7375,19.7375,19.7375,19.7375,19.7375,19.7375,19.7375,19.7375,19.7375,19.7375,19.7375,84.0,84.0,84.0,0.0,0.0,0.0,11.244140625,11.244140625,11.244140625,338.509,338.509,338.509,84.0,0.0,11.244140625,338.509,5
11776641.990657607,4.163360595703125,126072513.32427582,205787.1496963377,2098479.1792157525,13935213.299479606,18.875,18.875,18.875,18.875,18.875,18.875,18.875,18.875,18.875,18.875,18.875,69.0,69.0,69.0,0.0,0.0,0.0,11.244140625,11.244140625,11.244140625,309.435,309.435,309.435,69.0,0.0,11.244140625,309.435,5
11776642.99117414,4.163360595703125,125963201.97674486,205552.82539026104,2096069.3131486427,13919210.282627705,19.7125,19.7125,19.7125,19.7125,19.7125,19.7125,19.7125,19.7125,19.7125,19.7125,19.7125,72.0,72.0,72.0,0.0,0.0,0.0,11.244140625,11.244140625,11.244140625,345.046,345.046,345.046,72.0,0.0,11.244140625,345.046,5
11776643.995206775,4.163360595703125,125554680.66707559,204840.95099418765,2088728.9164492243,13870465.46079563,19.6125,19.6125,19.6125,19.6125,19.6125,19.6125,19.6125,19.6125,19.6125,19.6125,19.6125,90.0,90.0,90.0,0.0,0.0,0.0,11.244140625,11.244140625,11.244140625,335.595,335.595,335.595,90.0,0.0,11.244140625,335.595,5
11776644.992026046,4.163360595703125,126496091.81612298,206334.2935175684,2103843.75732434,13970837.450981945,19.1125,19.1125,19.1125,19.1125,19.1125,19.1125,19.1125,19.1125,19.1125,19.1125,19.1125,70.0,70.0,70.0,0.0,0.0,0.0,11.244140625,11.244140625,11.244140625,311.787,311.787,311.787,70.0,0.0,11.244140625,311.787,5
11776645.9923489,4.163360595703125,126085771.68581407,205611.61743677047,2096475.144306917,13921905.25516312,18.825,18.825,18.825,18.825,18.825,18.825,18.825,18.825,18.825,18.825,18.825,69.0,69.0,69.0,0.0,0.0,0.0,11.244140625,11.244140625,11.244140625,341.316,341.316,341.316,69.0,0.0,11.244140625,341.316,5
11776646.99072774,4.163364410400391,126364068.45614019,206020.99312841386,2100557.340917216,13949013.592028387,19.5125,19.5125,19.5125,19.5125,19.5125,19.5125,19.5125,19.5125,19.5125,19.5125,19.5125,53.0,53.0,53.0,0.0,0.0,0.0,11.244140625,11.244140625,11.244140625,336.885,336.885,336.885,53.0,0.0,11.244140625,336.885,5
11776647.994102264,4.163364410400391,125770308.02494569,205003.2116572038,2090098.9101987323,13879563.075538456,20.25,20.25,20.25,20.25,20.25,20.25,20.25,20.25,20.25,20.25,20.25,70.0,70.0,70.0,0.0,0.0,0.0,11.244140625,11.244140625,11.244140625,308.678,308.678,308.678,70.0,0.0,11.244140625,308.678,5
11776648.990179144,4.163364410400391,126724567.68306892,206506.1483961704,2105411.783026046,13981250.121657338,18.7625,18.7625,18.7625,18.7625,18.7625,18.7625,18.7625,18.7625,18.7625,18.7625,18.7625,68.0,68.0,68.0,0.0,0.0,0.0,11.244140625,11.244140625,11.244140625,338.329,338.329,338.329,68.0,0.0,11.244140625,338.329,5
11776649.992281267,4.163364410400391,125997979.67671797,205275.4855627528,2092752.775058205,13897186.396870892,20.2875,20.2875,20.2875,20.2875,20.2875,20.2875,20.2875,20.2875,20.2875,20.2875,20.2875,48.0,48.0,48.0,0.0,0.0,0.0,11.244140625,11.244140625,11.244140625,335.192,335.192,335.192,48.0,0.0,11.244140625,335.192,5
11776650.99086595,4.163364410400391,126474557.70264477,205998.55343554565,2100124.3435296877,13946138.218751831,19.2,19.2,19.2,19.2,19.2,19.2,19.2,19.2,19.2,19.2,19.2,70.0,70.0,70.0,0.0,0.0,0.0,11.244140625,11.244140625,11.244140625,300.766,300.766,300.766,70.0,0.0,11.244140625,300.766,5
11776651.9603818,4.163364410400391,130300370.95318797,212182.1936558867,2163092.0199394794,14364282.944910606,19.0375,19.0375,19.0375,19.0375,19.0375,19.0375,19.0375,19.0375,19.0375,19.0375,19.0375,51.0,51.0,51.0,0.0,0.0,0.0,11.244140625,11.244140625,11.244140625,329.4,329.4,329.4,51.0,0.0,11.244140625,329.4,5
11776652.991783205,4.163364410400391,122513910.0779162,199458.7160542689,2033303.4157291984,13502405.495076708,19.6375,19.6375,19.6375,19.6375,19.6375,19.6375,19.6375,19.6375,19.6375,19.6375,19.6375,85.0,85.0,85.0,0.0,0.0,0.0,11.244140625,11.244140625,11.244140625,343.041,343.041,343.041,85.0,0.0,11.244140625,343.041,5
11776653.991231175,4.163364410400391,126466304.2293637,205837.62860380055,2098310.3308399483,13934092.04073403,19.3375,19.3375,19.3375,19.3375,19.3375,19.3375,19.3375,19.3375,19.3375,19.3375,19.3375,80.0,80.0,80.0,0.0,0.0,0.0,11.244140625,11.244140625,11.244140625,308.524,308.524,308.524,80.0,0.0,11.244140625,308.524,5
11776654.959819568,4.163383483886719,130526554.81935067,212403.9493434601,2165163.2569242315,14378037.253012476,19.700000000000003,19.700000000000003,19.700000000000003,19.700000000000003,19.700000000000003,19.700000000000003,19.700000000000003,19.700000000000003,19.700000000000003,19.700000000000003,19.700000000000003,89.0,89.0,89.0,0.0,0.0,0.0,11.244140625,11.244140625,11.244140625,351.754,351.754,351.754,89.0,0.0,11.244140625,351.754,5
11776655.980863452,4.163383483886719,123855569.80135624,201501.62328696437,2053929.3497657448,13639374.588288149,19.1,19.1,19.1,19.1,19.1,19.1,19.1,19.1,19.1,19.1,19.1,100.0,100.0,100.0,0.0,0.0,0.0,11.244140625,11.244140625,11.244140625,356.679,356.679,356.679,100.0,0.0,11.244140625,356.679,5
11776656.992814146,4.163398742675781,125000871.8279802,203319.1945170067,2072385.5543391686,13761935.32178354,18.9625,18.9625,18.9625,18.9625,18.9625,18.9625,18.9625,18.9625,18.9625,18.9625,18.9625,72.0,72.0,72.0,0.0,0.0,0.0,11.244140625,11.244140625,11.244140625,308.545,308.545,308.545,72.0,0.0,11.244140625,308.545,5
11776657.962316789,4.163398742675781,130507584.42597698,212221.18530407993,2163121.4888180345,14364478.63668226,18.7,18.7,18.7,18.7,18.7,18.7,18.7,18.7,18.7,18.7,18.7,56.0,56.0,56.0,0.0,0.0,0.0,11.244140625,11.244140625,11.244140625,330.226,330.226,330.226,56.0,0.0,11.244140625,330.226,5
11776658.992973112,4.163429260253906,122798388.94466412,199636.86773264533,2034773.3318392697,13512166.65674515,20.0,20.0,20.0,20.0,20.0,20.0,20.0,20.0,20.0,20.0,20.0,90.0,90.0,90.0,0.0,0.0,0.0,11.244140625,11.244140625,11.244140625,335.673,335.673,335.673,90.0,0.0,11.244140625,335.673,5
11776659.994705996,4.163429260253906,126378771.2525277,205402.06205824585,2093524.1655224797,13902308.911672717,19.4875,19.4875,19.4875,19.4875,19.4875,19.4875,19.4875,19.4875,19.4875,19.4875,19.4875,72.0,72.0,72.0,0.0,0.0,0.0,11.244140625,11.244140625,11.244140625,296.461,296.461,296.461,72.0,0.0,11.244140625,296.461,5
11776660.991995726,4.163429260253906,126975211.07536343,206329.20781338023,2102851.294281217,13968354.00752035,19.4375,19.4375,19.4375,19.4375,19.4375,19.4375,19.4375,19.4375,19.4375,19.4375,19.4375,93.0,93.0,93.0,0.0,0.0,0.0,11.244140625,11.244140625,11.244140625,337.831,337.831,337.831,93.0,0.0,11.244140625,337.831,5
11776661.991447557,4.163429260253906,126733241.23624918,205889.86244347258,2098302.224267306,13938136.454556849,19.3375,19.3375,19.3375,19.3375,19.3375,19.3375,19.3375,19.3375,19.3375,19.3375,19.3375,62.0,62.0,62.0,0.0,0.0,0.0,11.244140625,11.244140625,11.244140625,330.229,330.229,330.229,62.0,0.0,11.244140625,330.229,5
11776662.993617833,4.163433074951172,126422091.18268473,205332.3721019968,2092610.45796172,13900328.452202752,19.375,19.375,19.375,19.375,19.375,19.375,19.375,19.375,19.375,19.375,19.375,71.0,71.0,71.0,0.0,0.0,0.0,11.244140625,11.244140625,11.244140625,306.447,306.447,306.447,71.0,0.0,11.244140625,306.447,5
11776663.992967164,4.163433074951172,126814397.13568747,205921.9869538185,2098517.439229568,13939566.036757346,19.424999999999997,19.424999999999997,19.424999999999997,19.424999999999997,19.424999999999997,19.424999999999997,19.424999999999997,19.424999999999997,19.424999999999997,19.424999999999997,19.424999999999997,91.0,91.0,91.0,0.0,0.0,0.0,11.244140625,11.244140625,11.244140625,336.654,336.654,336.654,91.0,0.0,11.244140625,336.654,5
11776664.992075186,4.163433074951172,126877751.15271063,205980.73026357297,2099024.2833166304,13942932.788202852,19.8875,19.8875,19.8875,19.8875,19.8875,19.8875,19.8875,19.8875,19.8875,19.8875,19.8875,58.0,58.0,58.0,0.0,0.0,0.0,11.244140625,11.244140625,11.244140625,325.697,325.697,325.697,58.0,0.0,11.244140625,325.697,5
11776665.981601948,4.163433074951172,128142061.34526776,207976.1841380883,2119348.441275232,14077937.595267704,20.4375,20.4375,20.4375,20.4375,20.4375,20.4375,20.4375,20.4375,20.4375,20.4375,20.4375,82.0,82.0,82.0,0.0,0.0,0.0,11.244140625,11.244140625,11.244140625,356.402,356.402,356.402,82.0,0.0,11.244140625,356.402,5
11776666.96165953,4.163433074951172,129413518.44616294,209997.86515153263,2139825.2898220057,14213956.66149344,19.0125,19.0125,19.0125,19.0125,19.0125,19.0125,19.0125,19.0125,19.0125,19.0125,19.0125,79.0,79.0,79.0,0.0,0.0,0.0,11.244140625,11.244140625,11.244140625,349.67,349.67,349.67,79.0,0.0,11.244140625,349.67,5
11776667.994726505,4.163433074951172,122804622.61974283,199230.06444901627,2030025.2073160917,13484601.035316462,19.2875,19.2875,19.2875,19.2875,19.2875,19.2875,19.2875,19.2875,19.2875,19.2875,19.2875,85.0,85.0,85.0,0.0,0.0,0.0,11.244140625,11.244140625,11.244140625,338.662,338.662,338.662,85.0,0.0,11.244140625,338.662,5
11776668.993791267,4.163433074951172,127016878.99342293,206010.66897610246,2099115.1719702417,13943536.523185141,19.3625,19.3625,19.3625,19.3625,19.3625,19.3625,19.3625,19.3625,19.3625,19.3625,19.3625,71.0,71.0,71.0,0.0,0.0,0.0,11.244140625,11.244140625,11.244140625,296.748,296.748,296.748,71.0,0.0,11.244140625,296.748,5
11776669.99339132,4.163433074951172,126981575.92148025,205908.35246211416,2097991.085589904,13936069.6915845,19.3875,19.3875,19.3875,19.3875,19.3875,19.3875,19.3875,19.3875,19.3875,19.3875,19.3875,59.0,59.0,59.0,0.0,0.0,0.0,11.244140625,11.244140625,11.244140625,335.82,335.82,335.82,59.0,0.0,11.244140625,335.82,5
11776670.995151673,4.163433074951172,126740402.22838952,205471.29810664576,2093466.7607572563,13906016.51042076,19.8375,19.8375,19.8375,19.8375,19.8375,19.8375,19.8375,19.8375,19.8375,19.8375,19.8375,72.0,72.0,72.0,0.0,0.0,0.0,11.244140625,11.244140625,11.244140625,346.62,346.62,346.62,72.0,0.0,11.244140625,346.62,5
11776671.992617084,4.163433074951172,127318927.12658052,206356.02767632992,2102480.9246013546,13965893.797986733,19.0375,19.0375,19.0375,19.0375,19.0375,19.0375,19.0375,19.0375,19.0375,19.0375,19.0375,55.0,55.0,55.0,0.0,0.0,0.0,11.244140625,11.244140625,11.244140625,304.789,304.789,304.789,55.0,0.0,11.244140625,304.789,5
11776672.992762666,4.163433074951172,127010456.50247464,205810.03766385137,2096846.735847363,13928468.259017346,19.4375,19.4375,19.4375,19.4375,19.4375,19.4375,19.4375,19.4375,19.4375,19.4375,19.4375,67.0,67.0,67.0,0.0,0.0,0.0,11.244140625,11.244140625,11.244140625,338.331,338.331,338.331,67.0,0.0,11.244140625,338.331,5
11776673.996366022,4.163433074951172,126605457.47037488,205107.9231428931,2089622.3468642463,13880479.690791605,19.2125,19.2125,19.2125,19.2125,19.2125,19.2125,19.2125,19.2125,19.2125,19.2125,19.2125,84.0,84.0,84.0,0.0,0.0,0.0,11.244140625,11.244140625,11.244140625,320.629,320.629,320.629,84.0,0.0,11.244140625,320.629,5
11776674.996456036,4.163433074951172,127085681.48538636,205832.47215684978,2096963.2435532585,13929242.170555923,19.450000000000003,19.450000000000003,19.450000000000003,19.450000000000003,19.450000000000003,19.450000000000003,19.450000000000003,19.450000000000003,19.450000000000003,19.450000000000003,19.450000000000003,56.0,56.0,56.0,0.0,0.0,0.0,11.244140625,11.244140625,11.244140625,309.762,309.762,309.762,56.0,0.0,11.244140625,309.762,5
11776675.995423775,4.163475036621094,127263942.62732035,206080.7291362001,2099319.0455507427,14076098.209718164,21.6,21.6,21.6,21.6,21.6,21.6,21.6,21.6,21.6,21.6,21.6,69.0,69.0,69.0,0.0,0.0,0.0,11.244140625,11.244140625,11.244140625,340.526,340.526,340.526,69.0,0.0,11.244140625,340.526,5
11776676.995744849,4.163482666015625,127124471.70632385,205809.91989741044,2096478.8762784107,14057054.652858952,19.4625,19.4625,19.4625,19.4625,19.4625,19.4625,19.4625,19.4625,19.4625,19.4625,19.4625,84.0,84.0,84.0,0.0,0.0,0.0,11.244140625,11.244140625,11.244140625,319.503,319.503,319.503,84.0,0.0,11.244140625,319.503,5
11776677.99443334,4.163482666015625,127365044.3941971,206147.3641107145,2099906.0455491054,14080034.090566559,18.9,18.9,18.9,18.9,18.9,18.9,18.9,18.9,18.9,18.9,18.9,55.0,55.0,55.0,0.0,0.0,0.0,11.244140625,11.244140625,11.244140625,304.658,304.658,304.658,55.0,0.0,11.244140625,304.658,5
11776678.994680991,4.163482666015625,127199209.89801739,205833.025099132,2096632.7653081098,14058086.490825666,19.5375,19.5375,19.5375,19.5375,19.5375,19.5375,19.5375,19.5375,19.5375,19.5375,19.5375,71.0,71.0,71.0,0.0,0.0,0.0,11.244140625,11.244140625,11.244140625,335.267,335.267,335.267,71.0,0.0,11.244140625,335.267,5
11776679.993110294,4.163482666015625,127466381.17389475,206217.90602654172,2100451.174193391,14083689.22071467,20.5,20.5,20.5,20.5,20.5,20.5,20.5,20.5,20.5,20.5,20.5,84.0,84.0,84.0,0.0,0.0,0.0,11.244140625,11.244140625,11.244140625,310.569,310.569,310.569,84.0,0.0,11.244140625,310.569,5
11776680.994845368,4.163482666015625,127078395.52333893,205537.37734894513,2093519.5876620736,14037212.391491989,19.0625,19.0625,19.0625,19.0625,19.0625,19.0625,19.0625,19.0625,19.0625,19.0625,19.0625,53.0,53.0,53.0,0.0,0.0,0.0,11.244140625,11.244140625,11.244140625,315.738,315.738,315.738,53.0,0.0,11.244140625,315.738,5
11776681.99302322,4.163482666015625,127566784.49980612,206280.87418298516,2100980.2960326155,14087237.023984315,19.5,19.5,19.5,19.5,19.5,19.5,19.5,19.5,19.5,19.5,19.5,71.0,71.0,71.0,0.0,0.0,0.0,11.244140625,11.244140625,11.244140625,334.837,334.837,334.837,71.0,0.0,11.244140625,334.837,5
11776682.995580833,4.163486480712891,127042144.36566694,205389.69266110935,2091801.980155068,14025695.69896943,19.3625,19.3625,19.3625,19.3625,19.3625,19.3625,19.3625,19.3625,19.3625,19.3625,19.3625,81.0,81.0,81.0,0.0,0.0,0.0,11.244140625,11.244140625,11.244140625,324.24,324.24,324.24,81.0,0.0,11.244140625,324.24,5
11776683.995535726,4.163494110107422,127405555.9687404,205924.28876642336,2097246.601923523,14062202.313287998,19.075,19.075,19.075,19.075,19.075,19.075,19.075,19.075,19.075,19.075,19.075,53.0,53.0,53.0,0.0,0.0,0.0,11.244140625,11.244140625,11.244140625,325.065,325.065,325.065,53.0,0.0,11.244140625,325.065,5
11776684.995238038,4.16351318359375,127473235.24579339,205988.32024031284,2097776.482775996,14065755.20580077,20.9375,20.9375,20.9375,20.9375,20.9375,20.9375,20.9375,20.9375,20.9375,20.9375,20.9375,70.0,70.0,70.0,0.0,0.0,0.0,11.244140625,11.244140625,11.244140625,333.75,333.75,333.75,70.0,0.0,11.244140625,333.75,5
11776685.99485982,4.16351318359375,127516253.88489132,206013.9180789769,2097945.479795483,14066888.34401932,19.587500000000002,19.587500000000002,19.587500000000002,19.587500000000002,19.587500000000002,19.587500000000002,19.587500000000002,19.587500000000002,19.587500000000002,19.587500000000002,19.587500000000002,57.0,57.0,57.0,0.0,0.0,0.0,11.244140625,11.244140625,11.244140625,310.815,310.815,310.815,57.0,0.0,11.244140625,310.815,5
11776686.995648105,4.16351318359375,127403082.12947878,205774.79092888415,2095500.149784115,14050492.215251692,19.675,19.675,19.675,19.675,19.675,19.675,19.675,19.675,19.675,19.675,19.675,54.0,54.0,54.0,0.0,0.0,0.0,11.244140625,11.244140625,11.244140625,339.412,339.412,339.412,54.0,0.0,11.244140625,339.412,5
11776687.996121127,4.163516998291016,127475944.01525158,205846.6299205393,2096160.469016426,14054919.707291778,19.5,19.5,19.5,19.5,19.5,19.5,19.5,19.5,19.5,19.5,19.5,74.0,74.0,74.0,0.0,0.0,0.0,11.244140625,11.244140625,11.244140625,335.295,335.295,335.295,74.0,0.0,11.244140625,335.295,5
11776688.99640062,4.163536071777344,127533340.24379785,205893.45409113675,2096566.0231517963,14057638.979453353,19.1375,19.1375,19.1375,19.1375,19.1375,19.1375,19.1375,19.1375,19.1375,19.1375,19.1375,54.0,54.0,54.0,0.0,0.0,0.0,11.244140625,11.244140625,11.244140625,310.96,310.96,310.96,54.0,0.0,11.244140625,310.96,5
11776689.996963922,4.163536071777344,127529881.27172652,205835.05287882013,2095971.3369438527,14053651.56196923,19.25,19.25,19.25,19.25,19.25,19.25,19.25,19.25,19.25,19.25,19.25,62.0,62.0,62.0,0.0,0.0,0.0,11.244140625,11.244140625,11.244140625,344.703,344.703,344.703,62.0,0.0,11.244140625,344.703,5
11776690.981816648,4.163536071777344,129598147.699764,209127.71487348116,2129406.7076245425,14277838.33452159,19.9125,19.9125,19.9125,19.9125,19.9125,19.9125,19.9125,19.9125,19.9125,19.9125,19.9125,60.0,60.0,60.0,0.0,0.0,0.0,11.244140625,11.244140625,11.244140625,356.289,356.289,356.289,60.0,0.0,11.244140625,356.289,5
11776691.984107284,4.163536071777344,127380901.68254668,205499.27589878868,2092359.1661392264,14029431.674523367,20.599999999999998,20.599999999999998,20.599999999999998,20.599999999999998,20.599999999999998,20.599999999999998,20.599999999999998,20.599999999999998,20.599999999999998,20.599999999999998,20.599999999999998,89.0,89.0,89.0,0.0,0.0,0.0,11.244140625,11.244140625,11.244140625,338.075,338.075,338.075,89.0,0.0,11.244140625,338.075,5
11776692.995420327,4.163536071777344,126276839.6159929,203666.90740988293,2073692.2295296465,13908318.586337512,19.0,19.0,19.0,19.0,19.0,19.0,19.0,19.0,19.0,19.0,19.0,55.0,55.0,55.0,0.0,0.0,0.0,11.244140625,11.244140625,11.244140625,307.428,307.428,307.428,55.0,0.0,11.244140625,307.428,5
11776693.994101848,4.163536071777344,127906768.38254705,206253.9414816044,2099920.7012555934,14084233.765843177,19.3125,19.3125,19.3125,19.3125,19.3125,19.3125,19.3125,19.3125,19.3125,19.3125,19.3125,63.0,63.0,63.0,0.0,0.0,0.0,11.244140625,11.244140625,11.244140625,343.042,343.042,343.042,63.0,0.0,11.244140625,343.042,5
11776694.996546503,4.163536071777344,127459247.15199117,205487.65364108907,2092037.6902214536,14031362.164493108,19.95,19.95,19.95,19.95,19.95,19.95,19.95,19.95,19.95,19.95,19.95,82.0,82.0,82.0,0.0,0.0,0.0,11.244140625,11.244140625,11.244140625,334.433,334.433,334.433,82.0,0.0,11.244140625,334.433,5
11776695.996662997,4.163536071777344,127791413.12425208,205968.00605518612,2096907.723769106,14064025.631685762,20.712500000000002,20.712500000000002,20.712500000000002,20.712500000000002,20.712500000000002,20.712500000000002,20.712500000000002,20.712500000000002,20.712500000000002,20.712500000000002,20.712500000000002,54.0,54.0,54.0,0.0,0.0,0.0,11.244140625,11.244140625,11.244140625,301.08,301.08,301.08,54.0,0.0,11.244140625,301.08,5
11776696.9970253,4.163536071777344,127792709.30424228,205926.3922280813,2096392.4704924012,14060569.811857238,19.25,19.25,19.25,19.25,19.25,19.25,19.25,19.25,19.25,19.25,19.25,68.0,68.0,68.0,0.0,0.0,0.0,11.244140625,11.244140625,11.244140625,336.056,336.056,336.056,68.0,0.0,11.244140625,336.056,5
11776697.997372411,4.163539886474609,127830164.6958759,205979.50217195647,2096424.3072779207,14077161.657073226,17.1125,17.1125,17.1125,17.1125,17.1125,17.1125,17.1125,17.1125,17.1125,17.1125,17.1125,0.0,0.0,0.0,0.0,0.0,0.0,5.947265625,5.947265625,5.947265625,258.014,258.014,258.014,0.0,0.0,5.947265625,258.014,5
11776699.028206816,4.750114440917969,124079655.67545655,199892.4357299091,2034421.814341006,13660824.604891365,24.5375,24.5375,24.5375,24.5375,24.5375,24.5375,24.5375,24.5375,24.5375,24.5375,24.5375,9.0,9.0,9.0,0.0,0.0,0.0,11.234375,11.234375,11.234375,141.754,141.754,141.754,9.0,0.0,11.234375,141.754,5
11776700.045442875,4.1795806884765625,125773257.64377251,202583.2628219021,2061617.8323109434,13843441.616181687,16.05,16.05,16.05,16.05,16.05,16.05,16.05,16.05,16.05,16.05,16.05,0.0,0.0,0.0,0.0,0.0,0.0,11.2421875,11.2421875,11.2421875,141.22,141.22,141.22,0.0,0.0,11.2421875,141.22,5
11776701.060098805,4.1800689697265625,126128023.63330486,203099.3897519124,2066860.2429055425,13878643.584197763,19.425,19.425,19.425,19.425,19.425,19.425,19.425,19.425,19.425,19.425,19.425,84.0,84.0,84.0,0.0,0.0,0.0,11.2421875,11.2421875,11.2421875,412.213,412.213,412.213,84.0,0.0,11.2421875,412.213,5
11776702.067060424,4.1800689697265625,127124281.12793516,204662.21950557435,2082653.3597973392,13984691.896451665,19.9,19.9,19.9,19.9,19.9,19.9,19.9,19.9,19.9,19.9,19.9,86.0,86.0,86.0,0.0,0.0,0.0,11.2421875,11.2421875,11.2421875,430.579,430.579,430.579,86.0,0.0,11.2421875,430.579,5
11776703.064235572,4.1800689697265625,128407458.09602895,206671.81734681063,2103092.9267715667,14121940.39500126,21.125,21.125,21.125,21.125,21.125,21.125,21.125,21.125,21.125,21.125,21.125,82.0,82.0,82.0,0.0,0.0,0.0,11.2421875,11.2421875,11.2421875,374.882,374.882,374.882,82.0,0.0,11.2421875,374.882,5
11776704.067871688,4.1800689697265625,127613423.76735869,205351.31875101323,2089554.1384260154,14031029.546696564,19.3,19.3,19.3,19.3,19.3,19.3,19.3,19.3,19.3,19.3,19.3,78.0,78.0,78.0,0.0,0.0,0.0,11.2421875,11.2421875,11.2421875,426.853,426.853,426.853,78.0,0.0,11.2421875,426.853,5
11776705.06613602,4.1800689697265625,128332895.38063325,206457.34153100633,2100798.2896881253,14106532.265522998,19.912499999999998,19.912499999999998,19.912499999999998,19.912499999999998,19.912499999999998,19.912499999999998,19.912499999999998,19.912499999999998,19.912499999999998,19.912499999999998,19.912499999999998,80.0,80.0,80.0,0.0,0.0,0.0,11.2421875,11.2421875,11.2421875,376.612,376.612,376.612,80.0,0.0,11.2421875,376.612,5
11776706.062865138,4.1800689697265625,128563374.53125538,206782.36054604434,2104034.0455098734,14128259.86027919,19.6875,19.6875,19.6875,19.6875,19.6875,19.6875,19.6875,19.6875,19.6875,19.6875,19.6875,82.0,82.0,82.0,0.0,0.0,0.0,11.2421875,11.2421875,11.2421875,423.221,423.221,423.221,82.0,0.0,11.2421875,423.221,5
11776707.065834604,4.1800689697265625,127798823.71898134,205497.7812945853,2090943.0154943143,14040355.63919815,20.0875,20.0875,20.0875,20.0875,20.0875,20.0875,20.0875,20.0875,20.0875,20.0875,20.0875,81.0,81.0,81.0,0.0,0.0,0.0,11.2421875,11.2421875,11.2421875,379.096,379.096,379.096,81.0,0.0,11.2421875,379.096,5
11776708.043119704,4.1800689697265625,131189822.68398269,210905.70189698978,2145895.8083820967,14409355.057065722,20.075,20.075,20.075,20.075,20.075,20.075,20.075,20.075,20.075,20.075,20.075,76.0,76.0,76.0,0.0,0.0,0.0,11.2421875,11.2421875,11.2421875,416.199,416.199,416.199,76.0,0.0,11.2421875,416.199,5
11776709.064376196,4.180088043212891,125577188.55365829,201833.72317056233,2053501.7572654865,13792954.186007828,20.3,20.3,20.3,20.3,20.3,20.3,20.3,20.3,20.3,20.3,20.3,81.0,81.0,81.0,0.0,0.0,0.0,11.2421875,11.2421875,11.2421875,382.222,382.222,382.222,81.0,0.0,11.2421875,382.222,5
11776710.04432077,4.180088043212891,130904570.97348519,210343.52914318873,2140072.057390887,14374429.30735793,18.7875,18.7875,18.7875,18.7875,18.7875,18.7875,18.7875,18.7875,18.7875,18.7875,18.7875,77.0,77.0,77.0,0.0,0.0,0.0,11.2421875,11.2421875,11.2421875,417.5,417.5,417.5,77.0,0.0,11.2421875,417.5,5
11776711.0705994,4.180095672607422,125026444.34155717,200854.8107644815,2043452.8586124196,13725457.774937717,19.875,19.875,19.875,19.875,19.875,19.875,19.875,19.875,19.875,19.875,19.875,83.0,83.0,83.0,0.0,0.0,0.0,11.2421875,11.2421875,11.2421875,389.977,389.977,389.977,83.0,0.0,11.2421875,389.977,5
11776712.070869332,4.180095672607422,128312809.18051714,206078.37271413326,2096586.062921158,14082342.715597387,21.0875,21.0875,21.0875,21.0875,21.0875,21.0875,21.0875,21.0875,21.0875,21.0875,21.0875,81.0,81.0,81.0,0.0,0.0,0.0,11.2421875,11.2421875,11.2421875,419.804,419.804,419.804,81.0,0.0,11.2421875,419.804,5
11776713.064995088,4.180095672607422,129138768.701293,207359.0779222272,2109543.9770970093,14169378.393040264,19.6125,19.6125,19.6125,19.6125,19.6125,19.6125,19.6125,19.6125,19.6125,19.6125,19.6125,97.0,97.0,97.0,0.0,0.0,0.0,11.2421875,11.2421875,11.2421875,402.839,402.839,402.839,97.0,0.0,11.2421875,402.839,5
11776714.072410058,4.180095672607422,127470475.18092632,204624.71377418414,2081716.1361632165,13982464.438018167,21.2,21.2,21.2,21.2,21.2,21.2,21.2,21.2,21.2,21.2,21.2,81.0,81.0,81.0,0.0,0.0,0.0,11.2421875,11.2421875,11.2421875,392.02,392.02,392.02,81.0,0.0,11.2421875,392.02,5
11776715.073122732,4.180095672607422,128356948.32594472,206003.18686191368,2095658.4784566383,14076112.319164803,19.9125,19.9125,19.9125,19.9125,19.9125,19.9125,19.9125,19.9125,19.9125,19.9125,19.9125,97.0,97.0,97.0,0.0,0.0,0.0,11.2421875,11.2421875,11.2421875,433.872,433.872,433.872,97.0,0.0,11.2421875,433.872,5
11776716.071575332,4.180095672607422,128680303.89044063,206469.49087124178,2100402.1621130556,14107974.678724216,19.9625,19.9625,19.9625,19.9625,19.9625,19.9625,19.9625,19.9625,19.9625,19.9625,19.9625,81.0,81.0,81.0,0.0,0.0,0.0,11.2421875,11.2421875,11.2421875,375.507,375.507,375.507,81.0,0.0,11.2421875,375.507,5
11776717.06676125,4.1800994873046875,129138379.84764478,207161.2916017429,2107296.7007100093,14154283.894026801,21.337500000000002,21.337500000000002,21.337500000000002,21.337500000000002,21.337500000000002,21.337500000000002,21.337500000000002,21.337500000000002,21.337500000000002,21.337500000000002,21.337500000000002,78.0,78.0,78.0,0.0,0.0,0.0,11.2421875,11.2421875,11.2421875,423.743,423.743,423.743,78.0,0.0,11.2421875,423.743,5
11776718.068838814,4.180110931396484,128282939.90563631,205737.56691467843,2092804.0643671413,14056939.799528515,19.8125,19.8125,19.8125,19.8125,19.8125,19.8125,19.8125,19.8125,19.8125,19.8125,19.8125,80.0,80.0,80.0,0.0,0.0,0.0,11.2421875,11.2421875,11.2421875,374.495,374.495,374.495,80.0,0.0,11.2421875,374.495,5
11776719.057450216,4.180118560791016,130066224.9506337,208547.0586167423,2121310.7554479674,14248413.453096798,21.3625,21.3625,21.3625,21.3625,21.3625,21.3625,21.3625,21.3625,21.3625,21.3625,21.3625,91.0,91.0,91.0,0.0,0.0,0.0,11.2421875,11.2421875,11.2421875,426.458,426.458,426.458,91.0,0.0,11.2421875,426.458,5
11776720.0584659,4.180118560791016,128487211.64169136,205964.80491803854,2095024.1182858865,14071851.450752273,19.6375,19.6375,19.6375,19.6375,19.6375,19.6375,19.6375,19.6375,19.6375,19.6375,19.6375,96.0,96.0,96.0,0.0,0.0,0.0,11.2421875,11.2421875,11.2421875,392.113,392.113,392.113,96.0,0.0,11.2421875,392.113,5
11776721.045736628,4.180118560791016,130306258.844233,208841.39902449364,2124191.4107710863,14267762.229769073,19.775,19.775,19.775,19.775,19.775,19.775,19.775,19.775,19.775,19.775,19.775,89.0,89.0,89.0,0.0,0.0,0.0,11.2421875,11.2421875,11.2421875,441.749,441.749,441.749,89.0,0.0,11.2421875,441.749,5
11776722.053337488,4.180118560791016,127712513.97543064,204634.60091017792,2081332.0848148866,13979884.843121866,19.65,19.65,19.65,19.65,19.65,19.65,19.65,19.65,19.65,19.65,19.65,96.0,96.0,96.0,0.0,0.0,0.0,11.2421875,11.2421875,11.2421875,392.025,392.025,392.025,96.0,0.0,11.2421875,392.025,5
11776723.060300387,4.180122375488281,127828685.75660563,204765.2402888601,2082650.713184686,13988741.80203542,19.675,19.675,19.675,19.675,19.675,19.675,19.675,19.675,19.675,19.675,19.675,88.0,88.0,88.0,0.0,0.0,0.0,11.2421875,11.2421875,11.2421875,438.376,438.376,438.376,88.0,0.0,11.2421875,438.376,5
11776724.058440808,4.180122375488281,128989503.20172757,206589.168928781,2101059.085848214,14112387.10201564,20.0875,20.0875,20.0875,20.0875,20.0875,20.0875,20.0875,20.0875,20.0875,20.0875,20.0875,96.0,96.0,96.0,0.0,0.0,0.0,11.2421875,11.2421875,11.2421875,404.664,404.664,404.664,96.0,0.0,11.2421875,404.664,5
11776725.059985591,4.180133819580078,128588383.86451295,205888.94627816445,2093917.3522971824,14068507.210746694,19.525,19.525,19.525,19.525,19.525,19.525,19.525,19.525,19.525,19.525,19.525,78.0,78.0,78.0,0.0,0.0,0.0,11.2421875,11.2421875,11.2421875,401.852,401.852,401.852,78.0,0.0,11.2421875,401.852,5
11776726.068665454,4.180133819580078,127711246.86528744,204445.44156287244,2079105.6476794735,13968991.070346463,19.7,19.7,19.7,19.7,19.7,19.7,19.7,19.7,19.7,19.7,19.7,75.0,75.0,75.0,0.0,0.0,0.0,11.2421875,11.2421875,11.2421875,430.153,430.153,430.153,75.0,0.0,11.2421875,430.153,5
11776727.067213736,4.180141448974609,129039807.37102741,206520.80991302815,2100200.8987965668,14110724.788789434,19.8125,19.8125,19.8125,19.8125,19.8125,19.8125,19.8125,19.8125,19.8125,19.8125,19.8125,77.0,77.0,77.0,0.0,0.0,0.0,11.2421875,11.2421875,11.2421875,370.559,370.559,370.559,77.0,0.0,11.2421875,370.559,5
11776728.067844018,4.180141448974609,128806774.42591333,206099.09947508504,2095831.0357048404,14081364.771141896,21.099999999999998,21.099999999999998,21.099999999999998,21.099999999999998,21.099999999999998,21.099999999999998,21.099999999999998,21.099999999999998,21.099999999999998,21.099999999999998,21.099999999999998,75.0,75.0,75.0,0.0,0.0,0.0,11.2421875,11.2421875,11.2421875,420.976,420.976,420.976,75.0,0.0,11.2421875,420.976,5
11776729.073178926,4.180141448974609,128236565.70144926,205134.62561545728,2086023.257537531,14015468.761580285,20.0,20.0,20.0,20.0,20.0,20.0,20.0,20.0,20.0,20.0,20.0,81.0,81.0,81.0,0.0,0.0,0.0,11.2421875,11.2421875,11.2421875,377.144,377.144,377.144,81.0,0.0,11.2421875,377.144,5
11776730.071266515,4.180141448974609,129200513.5223267,206634.16952123962,2101170.3018333423,14117237.965442767,19.7625,19.7625,19.7625,19.7625,19.7625,19.7625,19.7625,19.7625,19.7625,19.7625,19.7625,91.0,91.0,91.0,0.0,0.0,0.0,11.2421875,11.2421875,11.2421875,424.134,424.134,424.134,91.0,0.0,11.2421875,424.134,5
11776731.067225205,4.180145263671875,129512313.45928136,207077.865933158,2105661.6322528217,14147414.091698645,20.775,20.775,20.775,20.775,20.775,20.775,20.775,20.775,20.775,20.775,20.775,80.0,80.0,80.0,0.0,0.0,0.0,11.2421875,11.2421875,11.2421875,380.48,380.48,380.48,80.0,0.0,11.2421875,380.48,5
11776732.066948736,4.180152893066406,129054611.55993976,206306.03716070147,2097731.957215014,14094136.587538375,19.75,19.75,19.75,19.75,19.75,19.75,19.75,19.75,19.75,19.75,19.75,83.0,83.0,83.0,0.0,0.0,0.0,11.2421875,11.2421875,11.2421875,430.606,430.606,430.606,83.0,0.0,11.2421875,430.606,5
11776733.06860406,4.180171966552734,128841119.27639894,205915.1438376293,2093686.2720569193,14066954.640382426,19.95,19.95,19.95,19.95,19.95,19.95,19.95,19.95,19.95,19.95,19.95,82.0,82.0,82.0,0.0,0.0,0.0,11.2421875,11.2421875,11.2421875,385.68,385.68,385.68,82.0,0.0,11.2421875,385.68,5
11776734.046404893,4.180171966552734,132017807.34410805,210938.66258453223,2144763.9734915686,14410132.946896477,19.1,19.1,19.1,19.1,19.1,19.1,19.1,19.1,19.1,19.1,19.1,80.0,80.0,80.0,0.0,0.0,0.0,11.2421875,11.2421875,11.2421875,423.055,423.055,423.055,80.0,0.0,11.2421875,423.055,5
11776735.071057707,4.180171966552734,126013281.93681023,201301.3550371632,2046695.2028414886,13751233.394091252,19.912499999999998,19.912499999999998,19.912499999999998,19.912499999999998,19.912499999999998,19.912499999999998,19.912499999999998,19.912499999999998,19.912499999999998,19.912499999999998,19.912499999999998,80.0,80.0,80.0,0.0,0.0,0.0,11.2421875,11.2421875,11.2421875,383.591,383.591,383.591,80.0,0.0,11.2421875,383.591,5
11776736.076132206,4.180171966552734,128500520.21618202,205222.59809528387,2086563.7340530618,14019100.08816901,20.075,20.075,20.075,20.075,20.075,20.075,20.075,20.075,20.075,20.075,20.075,81.0,81.0,81.0,0.0,0.0,0.0,11.2421875,11.2421875,11.2421875,428.835,428.835,428.835,81.0,0.0,11.2421875,428.835,5
11776737.074674437,4.180171966552734,129373920.34530659,206577.14184101598,2100213.627209032,14110810.307810685,20.05,20.05,20.05,20.05,20.05,20.05,20.05,20.05,20.05,20.05,20.05,93.0,93.0,93.0,0.0,0.0,0.0,11.2421875,11.2421875,11.2421875,395.083,395.083,395.083,93.0,0.0,11.2421875,395.083,5
11776738.068978654,4.180171966552734,129963741.21608776,207457.63357996228,2109165.347289481,14170954.677101202,19.849999999999998,19.849999999999998,19.849999999999998,19.849999999999998,19.849999999999998,19.849999999999998,19.849999999999998,19.849999999999998,19.849999999999998,19.849999999999998,19.849999999999998,81.0,81.0,81.0,0.0,0.0,0.0,11.2421875,11.2421875,11.2421875,398.245,398.245,398.245,81.0,0.0,11.2421875,398.245,5
11776739.07297748,4.180171966552734,128741439.47126427,205474.3439892969,2088799.2566304824,14034120.005486052,19.912499999999998,19.912499999999998,19.912499999999998,19.912499999999998,19.912499999999998,19.912499999999998,19.912499999999998,19.912499999999998,19.912499999999998,19.912499999999998,19.912499999999998,100.0,100.0,100.0,0.0,0.0,0.0,11.2421875,11.2421875,11.2421875,439.727,439.727,439.727,100.0,0.0,11.2421875,439.727,5
11776740.06939324,4.180171966552734,129754058.63937399,207038.07407039354,2104695.733862382,14140924.46188788,19.65,19.65,19.65,19.65,19.65,19.65,19.65,19.65,19.65,19.65,19.65,80.0,80.0,80.0,0.0,0.0,0.0,11.2421875,11.2421875,11.2421875,377.511,377.511,377.511,80.0,0.0,11.2421875,377.511,5
11776741.0674899,4.180171966552734,129568340.63402589,206698.4174113627,2101151.205598866,14117109.662617382,19.8,19.8,19.8,19.8,19.8,19.8,19.8,19.8,19.8,19.8,19.8,78.0,78.0,78.0,0.0,0.0,0.0,11.2421875,11.2421875,11.2421875,428.261,428.261,428.261,78.0,0.0,11.2421875,428.261,5
11776742.070231924,4.180171966552734,129000736.86562116,205740.8536131029,2091417.2833252999,14051709.872341858,20.1375,20.1375,20.1375,20.1375,20.1375,20.1375,20.1375,20.1375,20.1375,20.1375,20.1375,79.0,79.0,79.0,0.0,0.0,0.0,11.2421875,11.2421875,11.2421875,372.773,372.773,372.773,79.0,0.0,11.2421875,372.773,5
11776743.073270611,4.180179595947266,128995216.83009729,205688.97545435344,2090798.7158023608,14047553.87179711,19.775,19.775,19.775,19.775,19.775,19.775,19.775,19.775,19.775,19.775,19.775,92.0,92.0,92.0,0.0,0.0,0.0,11.2421875,11.2421875,11.2421875,422.892,422.892,422.892,92.0,0.0,11.2421875,422.892,5
11776744.07860174,4.180179595947266,128739098.28087562,205222.93011949759,2086031.0994535817,14015521.449453752,19.9375,19.9375,19.9375,19.9375,19.9375,19.9375,19.9375,19.9375,19.9375,19.9375,19.9375,80.0,80.0,80.0,0.0,0.0,0.0,11.2421875,11.2421875,11.2421875,379.381,379.381,379.381,80.0,0.0,11.2421875,379.381,5
11776745.07799658,4.180183410644531,129536539.38016059,206449.93531934117,2098421.8817633684,14098772.018097632,19.825,19.825,19.825,19.825,19.825,19.825,19.825,19.825,19.825,19.825,19.825,77.0,77.0,77.0,0.0,0.0,0.0,11.2421875,11.2421875,11.2421875,422.068,422.068,422.068,77.0,0.0,11.2421875,422.068,5
11776746.074328648,4.180194854736328,129967606.34275362,207084.57212959422,2104872.529314057,14142112.30632882,19.775,19.775,19.775,19.775,19.775,19.775,19.775,19.775,19.775,19.775,19.775,83.0,83.0,83.0,0.0,0.0,0.0,11.2421875,11.2421875,11.2421875,383.598,383.598,383.598,83.0,0.0,11.2421875,383.598,5
11776747.048403144,4.180202484130859,132970969.40500392,211828.76757021318,2152968.8013657643,14465259.13417623,19.275,19.275,19.275,19.275,19.275,19.275,19.275,19.275,19.275,19.275,19.275,86.0,86.0,86.0,0.0,0.0,0.0,11.2421875,11.2421875,11.2421875,424.901,424.901,424.901,86.0,0.0,11.2421875,424.901,5
11776748.068375168,4.180202484130859,127019539.64409515,202303.5877911372,2056087.7648168057,13814339.669862915,20.1625,20.1625,20.1625,20.1625,20.1625,20.1625,20.1625,20.1625,20.1625,20.1625,20.1625,85.0,85.0,85.0,0.0,0.0,0.0,11.2421875,11.2421875,11.2421875,386.709,386.709,386.709,85.0,0.0,11.2421875,386.709,5
11776749.071319824,4.180202484130859,129214107.93841714,205740.1660439616,2090994.7403847235,14052954.886062175,21.712500000000002,21.712500000000002,21.712500000000002,21.712500000000002,21.712500000000002,21.712500000000002,21.712500000000002,21.712500000000002,21.712500000000002,21.712500000000002,21.712500000000002,81.0,81.0,81.0,0.0,0.0,0.0,11.2421875,11.2421875,11.2421875,422.039,422.039,422.039,81.0,0.0,11.2421875,422.039,5
11776750.078498252,4.180202484130859,128703444.63419147,204883.26033865052,2082205.0417521426,13993881.93099438,20.175,20.175,20.175,20.175,20.175,20.175,20.175,20.175,20.175,20.175,20.175,79.0,79.0,79.0,0.0,0.0,0.0,11.2421875,11.2421875,11.2421875,376.218,376.218,376.218,79.0,0.0,11.2421875,376.218,5
11776751.0730663,4.180202484130859,130368223.928835,207483.03789330577,2108605.8456454957,14171313.89622295,19.9125,19.9125,19.9125,19.9125,19.9125,19.9125,19.9125,19.9125,19.9125,19.9125,19.9125,80.0,80.0,80.0,0.0,0.0,0.0,11.2421875,11.2421875,11.2421875,400.469,400.469,400.469,80.0,0.0,11.2421875,400.469,5
11776752.067894557,4.180202484130859,130367025.6598603,207435.80452276414,2108054.3136440343,14167607.213377193,19.924999999999997,19.924999999999997,19.924999999999997,19.924999999999997,19.924999999999997,19.924999999999997,19.924999999999997,19.924999999999997,19.924999999999997,19.924999999999997,19.924999999999997,100.0,100.0,100.0,0.0,0.0,0.0,11.2421875,11.2421875,11.2421875,417.895,417.895,417.895,100.0,0.0,11.2421875,417.895,5
11776753.073254084,4.180210113525391,129033979.93627606,205262.88806604195,2085972.1763759784,14019199.724433089,19.8,19.8,19.8,19.8,19.8,19.8,19.8,19.8,19.8,19.8,19.8,81.0,81.0,81.0,0.0,0.0,0.0,11.2421875,11.2421875,11.2421875,377.74,377.74,377.74,81.0,0.0,11.2421875,377.74,5
11776754.07528212,4.180210113525391,129501134.1673732,205952.32148370668,2092907.5103173833,14065810.044926008,21.2375,21.2375,21.2375,21.2375,21.2375,21.2375,21.2375,21.2375,21.2375,21.2375,21.2375,82.0,82.0,82.0,0.0,0.0,0.0,11.2421875,11.2421875,11.2421875,428.398,428.398,428.398,82.0,0.0,11.2421875,428.398,5
11776755.076752994,4.1802215576171875,129605867.96959913,206069.89694136812,2094071.8820310023,14073635.441540388,19.975,19.975,19.975,19.975,19.975,19.975,19.975,19.975,19.975,19.975,19.975,84.0,84.0,84.0,0.0,0.0,0.0,11.2421875,11.2421875,11.2421875,373.899,373.899,373.899,84.0,0.0,11.2421875,373.899,5
11776756.072501002,4.180233001708984,130383628.18700285,207261.2733445578,2106107.1514540464,14154520.914362056,19.6875,19.6875,19.6875,19.6875,19.6875,19.6875,19.6875,19.6875,19.6875,19.6875,19.6875,77.0,77.0,77.0,0.0,0.0,0.0,11.2421875,11.2421875,11.2421875,422.76,422.76,422.76,77.0,0.0,11.2421875,422.76,5
11776757.072725955,4.180233001708984,129832758.66427541,206333.5845344182,2096680.3443818402,14091166.14261311,19.5375,19.5375,19.5375,19.5375,19.5375,19.5375,19.5375,19.5375,19.5375,19.5375,19.5375,94.0,94.0,94.0,0.0,0.0,0.0,11.2421875,11.2421875,11.2421875,378.349,378.349,378.349,94.0,0.0,11.2421875,378.349,5
11776758.073062338,4.180233001708984,129851024.38284579,206322.59668126504,2096446.7919071882,14089596.505766865,20.3625,20.3625,20.3625,20.3625,20.3625,20.3625,20.3625,20.3625,20.3625,20.3625,20.3625,82.0,82.0,82.0,0.0,0.0,0.0,11.2421875,11.2421875,11.2421875,435.548,435.548,435.548,82.0,0.0,11.2421875,435.548,5
11776759.060065277,4.180233001708984,131638330.41217117,209109.81299820042,2124767.735904502,14279933.162592562,19.2375,19.2375,19.2375,19.2375,19.2375,19.2375,19.2375,19.2375,19.2375,19.2375,19.2375,95.0,95.0,95.0,0.0,0.0,0.0,11.2421875,11.2421875,11.2421875,390.566,390.566,390.566,95.0,0.0,11.2421875,390.566,5
11776760.05161758,4.180233001708984,131072884.0600688,208160.4767150445,2115019.040822807,14218545.973656448,20.0625,20.0625,20.0625,20.0625,20.0625,20.0625,20.0625,20.0625,20.0625,20.0625,20.0625,93.0,93.0,93.0,0.0,0.0,0.0,11.244140625,11.244140625,11.244140625,441.286,441.286,441.286,93.0,0.0,11.244140625,441.286,5
11776761.061953824,4.180233001708984,128668388.08406717,204300.3021300863,2075697.0874402395,13954197.997986922,19.1875,19.1875,19.1875,19.1875,19.1875,19.1875,19.1875,19.1875,19.1875,19.1875,19.1875,79.0,79.0,79.0,0.0,0.0,0.0,11.244140625,11.244140625,11.244140625,396.835,396.835,396.835,79.0,0.0,11.244140625,396.835,5
11776762.069761824,4.180233001708984,129023637.45816797,204814.80602541516,2080904.2995427223,13989204.294972753,20.325,20.325,20.325,20.325,20.325,20.325,20.325,20.325,20.325,20.325,20.325,82.0,82.0,82.0,0.0,0.0,0.0,11.244140625,11.244140625,11.244140625,404.556,404.556,404.556,82.0,0.0,11.244140625,404.556,5
11776763.074212952,4.180233001708984,129487401.03947219,205506.26536501248,2087858.6743730856,14035956.166390939,19.9625,19.9625,19.9625,19.9625,19.9625,19.9625,19.9625,19.9625,19.9625,19.9625,19.9625,100.0,100.0,100.0,0.0,0.0,0.0,11.244140625,11.244140625,11.244140625,425.001,425.001,425.001,100.0,0.0,11.244140625,425.001,5
11776764.075025044,4.180233001708984,129990912.31656641,206253.50301605748,2095450.2999071362,14086992.055235084,19.7625,19.7625,19.7625,19.7625,19.7625,19.7625,19.7625,19.7625,19.7625,19.7625,19.7625,80.0,80.0,80.0,0.0,0.0,0.0,11.244140625,11.244140625,11.244140625,375.662,375.662,375.662,80.0,0.0,11.244140625,375.662,5
11776765.075094769,4.180233001708984,130125605.07079907,206419.60751756988,2097005.7875383256,14097449.063880697,22.4125,22.4125,22.4125,22.4125,22.4125,22.4125,22.4125,22.4125,22.4125,22.4125,22.4125,80.0,80.0,80.0,0.0,0.0,0.0,11.244140625,11.244140625,11.244140625,427.229,427.229,427.229,80.0,0.0,11.244140625,427.229,5
11776766.0752541,4.180233001708984,130146652.64714757,206401.11397303408,2096817.9126053671,14096186.045288425,19.9375,19.9375,19.9375,19.9375,19.9375,19.9375,19.9375,19.9375,19.9375,19.9375,19.9375,78.0,78.0,78.0,0.0,0.0,0.0,11.244140625,11.244140625,11.244140625,372.803,372.803,372.803,78.0,0.0,11.244140625,372.803,5
11776767.075329412,4.180233001708984,130190298.06513762,206427.45346723116,2096994.0704877898,14097370.294177681,19.8,19.8,19.8,19.8,19.8,19.8,19.8,19.8,19.8,19.8,19.8,76.0,76.0,76.0,0.0,0.0,0.0,11.244140625,11.244140625,11.244140625,419.732,419.732,419.732,76.0,0.0,11.244140625,419.732,5
11776768.077416915,4.180233001708984,129961518.85222328,206012.94721627937,2092783.3071623389,14069062.779790567,19.5125,19.5125,19.5125,19.5125,19.5125,19.5125,19.5125,19.5125,19.5125,19.5125,19.5125,83.0,83.0,83.0,0.0,0.0,0.0,11.244140625,11.244140625,11.244140625,379.502,379.502,379.502,83.0,0.0,11.244140625,379.502,5
11776769.074789396,4.180233001708984,130608698.95439668,206994.88317280263,2102676.825181808,14135573.500538636,19.7625,19.7625,19.7625,19.7625,19.7625,19.7625,19.7625,19.7625,19.7625,19.7625,19.7625,83.0,83.0,83.0,0.0,0.0,0.0,11.244140625,11.244140625,11.244140625,419.272,419.272,419.272,83.0,0.0,11.244140625,419.272,5
11776770.078338273,4.180233001708984,129842948.30640717,205723.911079079,2089735.7840841673,14048575.329722079,21.2625,21.2625,21.2625,21.2625,21.2625,21.2625,21.2625,21.2625,21.2625,21.2625,21.2625,81.0,81.0,81.0,0.0,0.0,0.0,11.244140625,11.244140625,11.244140625,379.883,379.883,379.883,81.0,0.0,11.244140625,379.883,5
11776771.049322106,4.180233001708984,134231332.757927,212631.75860122082,2159821.748380174,14519739.175633904,19.9125,19.9125,19.9125,19.9125,19.9125,19.9125,19.9125,19.9125,19.9125,19.9125,19.9125,73.0,73.0,73.0,0.0,0.0,0.0,11.244140625,11.244140625,11.244140625,424.437,424.437,424.437,73.0,0.0,11.244140625,424.437,5
11776772.077723188,4.18023681640625,126768816.40194954,200774.77896253625,2039235.5044428234,13709079.30916445,19.6875,19.6875,19.6875,19.6875,19.6875,19.6875,19.6875,19.6875,19.6875,19.6875,19.6875,84.0,84.0,84.0,0.0,0.0,0.0,11.244140625,11.244140625,11.244140625,385.097,385.097,385.097,84.0,0.0,11.244140625,385.097,5
11776773.049466193,4.180248260498047,134193801.66361804,212481.07685449204,2158134.3940853057,14508395.672737544,19.45,19.45,19.45,19.45,19.45,19.45,19.45,19.45,19.45,19.45,19.45,94.0,94.0,94.0,0.0,0.0,0.0,11.244140625,11.244140625,11.244140625,427.896,427.896,427.896,94.0,0.0,11.244140625,427.896,5
11776774.06611039,4.180248260498047,128299169.40279073,203103.50533021768,2062818.0508430514,13867616.662112858,19.425,19.425,19.425,19.425,19.425,19.425,19.425,19.425,19.425,19.425,19.425,78.0,78.0,78.0,0.0,0.0,0.0,11.244140625,11.244140625,11.244140625,384.481,384.481,384.481,78.0,0.0,11.244140625,384.481,5
11776775.079359567,4.180255889892578,128764020.63681,203785.01615207404,2069729.7827607542,13914081.859887727,19.8625,19.8625,19.8625,19.8625,19.8625,19.8625,19.8625,19.8625,19.8625,19.8625,19.8625,79.0,79.0,79.0,0.0,0.0,0.0,11.244140625,11.244140625,11.244140625,412.794,412.794,412.794,79.0,0.0,11.244140625,412.794,5
11776776.075768476,4.180255889892578,130975836.07289061,207238.21115905143,2104710.2046966353,14149243.212042615,20.087500000000002,20.087500000000002,20.087500000000002,20.087500000000002,20.087500000000002,20.087500000000002,20.087500000000002,20.087500000000002,20.087500000000002,20.087500000000002,20.087500000000002,100.0,100.0,100.0,0.0,0.0,0.0,11.244140625,11.244140625,11.244140625,409.217,409.217,409.217,100.0,0.0,11.244140625,409.217,5
11776777.075613327,4.180255889892578,130558462.01844084,206526.0423146609,2097477.421582592,14100619.697436098,20.0,20.0,20.0,20.0,20.0,20.0,20.0,20.0,20.0,20.0,20.0,83.0,83.0,83.0,0.0,0.0,0.0,11.244140625,11.244140625,11.244140625,384.824,384.824,384.824,83.0,0.0,11.244140625,384.824,5
11776778.07598932,4.180259704589844,130521842.62906036,206424.385762427,2096363.7807403575,14093133.072867794,20.212500000000002,20.212500000000002,20.212500000000002,20.212500000000002,20.212500000000002,20.212500000000002,20.212500000000002,20.212500000000002,20.212500000000002,20.212500000000002,20.212500000000002,89.0,89.0,89.0,0.0,0.0,0.0,11.244140625,11.244140625,11.244140625,430.905,430.905,430.905,89.0,0.0,11.244140625,430.905,5
11776779.075667592,4.180271148681641,130645665.51352003,206568.45908622554,2097826.9319890174,14102969.335754292,19.8,19.8,19.8,19.8,19.8,19.8,19.8,19.8,19.8,19.8,19.8,84.0,84.0,84.0,0.0,0.0,0.0,11.244140625,11.244140625,11.244140625,373.184,373.184,373.184,84.0,0.0,11.244140625,373.184,5
11776780.064446172,4.180271148681641,132118900.67706013,208856.66840006682,2120952.0942920637,14258431.85264313,20.5,20.5,20.5,20.5,20.5,20.5,20.5,20.5,20.5,20.5,20.5,98.0,98.0,98.0,0.0,0.0,0.0,11.244140625,11.244140625,11.244140625,430.887,430.887,430.887,98.0,0.0,11.244140625,430.887,5
11776781.061838984,4.180271148681641,131016121.56249672,207054.83071598088,2102633.960466217,14135285.335790465,22.05,22.05,22.05,22.05,22.05,22.05,22.05,22.05,22.05,22.05,22.05,95.0,95.0,95.0,0.0,0.0,0.0,11.244140625,11.244140625,11.244140625,388.733,388.733,388.733,95.0,0.0,11.244140625,388.733,5
11776782.051365675,4.180271148681641,132085176.88301271,208713.92545155037,2119348.5928715225,14247652.063796446,20.3375,20.3375,20.3375,20.3375,20.3375,20.3375,20.3375,20.3375,20.3375,20.3375,20.3375,86.0,86.0,86.0,0.0,0.0,0.0,11.244140625,11.244140625,11.244140625,439.711,439.711,439.711,86.0,0.0,11.244140625,439.711,5
11776783.06342877,4.180278778076172,129181634.62455976,204066.32842330253,2072155.391935165,13930388.396564137,19.5625,19.5625,19.5625,19.5625,19.5625,19.5625,19.5625,19.5625,19.5625,19.5625,19.5625,96.0,96.0,96.0,0.0,0.0,0.0,11.244140625,11.244140625,11.244140625,393.34,393.34,393.34,96.0,0.0,11.244140625,393.34,5
11776784.066810116,4.180278778076172,130331982.54759297,205838.98728287217,2090084.7016643665,14050920.98267334,19.425,19.425,19.425,19.425,19.425,19.425,19.425,19.425,19.425,19.425,19.425,95.0,95.0,95.0,0.0,0.0,0.0,11.244140625,11.244140625,11.244140625,438.048,438.048,438.048,95.0,0.0,11.244140625,438.048,5
11776785.064814046,4.180278778076172,131067013.95375194,206960.10689089392,2101346.434886258,14126629.743903322,20.05,20.05,20.05,20.05,20.05,20.05,20.05,20.05,20.05,20.05,20.05,96.0,96.0,96.0,0.0,0.0,0.0,11.244140625,11.244140625,11.244140625,398.491,398.491,398.491,96.0,0.0,11.244140625,398.491,5
11776786.060765645,4.180278778076172,131372708.46869078,207388.5922859893,2105676.624383304,14155740.11938932,20.037499999999998,20.037499999999998,20.037499999999998,20.037499999999998,20.037499999999998,20.037499999999998,20.037499999999998,20.037499999999998,20.037499999999998,20.037499999999998,20.037499999999998,82.0,82.0,82.0,0.0,0.0,0.0,11.244140625,11.244140625,11.244140625,408.923,408.923,408.923,82.0,0.0,11.244140625,408.923,5
11776787.077277284,4.180278778076172,128747738.74114932,203204.7563029573,2063087.0502045872,13869425.052351931,19.8625,19.8625,19.8625,19.8625,19.8625,19.8625,19.8625,19.8625,19.8625,19.8625,19.8625,85.0,85.0,85.0,0.0,0.0,0.0,11.244140625,11.244140625,11.244140625,430.936,430.936,430.936,85.0,0.0,11.244140625,430.936,5
11776788.078163167,4.180278778076172,130793163.51464556,206378.17301350815,2095295.8123344902,14090045.863022754,20.2,20.2,20.2,20.2,20.2,20.2,20.2,20.2,20.2,20.2,20.2,88.0,88.0,88.0,0.0,0.0,0.0,11.244140625,11.244140625,11.244140625,377.55,377.55,377.55,88.0,0.0,11.244140625,377.55,5
11776789.061498333,4.180278778076172,133160842.4266303,210071.81202100462,2132692.97589436,14341527.179695863,20.125,20.125,20.125,20.125,20.125,20.125,20.125,20.125,20.125,20.125,20.125,93.0,93.0,93.0,0.0,0.0,0.0,11.244140625,11.244140625,11.244140625,429.394,429.394,429.394,93.0,0.0,11.244140625,429.394,5
11776790.073745776,4.180278778076172,129389761.24855573,204072.63203070138,2071778.0164226005,13931897.872154323,19.95,19.95,19.95,19.95,19.95,19.95,19.95,19.95,19.95,19.95,19.95,81.0,81.0,81.0,0.0,0.0,0.0,11.244140625,11.244140625,11.244140625,379.53,379.53,379.53,81.0,0.0,11.244140625,379.53,5
11776791.078651516,4.180278778076172,130367607.43966433,205570.5244964473,2086914.1422350456,14033682.40569387,19.5875,19.5875,19.5875,19.5875,19.5875,19.5875,19.5875,19.5875,19.5875,19.5875,19.5875,79.0,79.0,79.0,0.0,0.0,0.0,11.244140625,11.244140625,11.244140625,420.224,420.224,420.224,79.0,0.0,11.244140625,420.224,5
11776792.078767896,4.1802825927734375,131027372.0434079,206557.9607986572,2096907.9619948764,14104982.463106161,19.675,19.675,19.675,19.675,19.675,19.675,19.675,19.675,19.675,19.675,19.675,82.0,82.0,82.0,0.0,0.0,0.0,11.244140625,11.244140625,11.244140625,380.344,380.344,380.344,82.0,0.0,11.244140625,380.344,5
11776793.052076492,4.180301666259766,134672683.91169548,212255.39431964347,2154662.9784027734,14493475.190662405,20.4125,20.4125,20.4125,20.4125,20.4125,20.4125,20.4125,20.4125,20.4125,20.4125,20.4125,81.0,81.0,81.0,0.0,0.0,0.0,11.244140625,11.244140625,11.244140625,417.987,417.987,417.987,81.0,0.0,11.244140625,417.987,5
11776794.078302901,4.180301666259766,127760114.99832259,201317.17351308785,2043556.8428743845,13746112.825897226,19.787499999999998,19.787499999999998,19.787499999999998,19.787499999999998,19.787499999999998,19.787499999999998,19.787499999999998,19.787499999999998,19.787499999999998,19.787499999999998,19.787499999999998,80.0,80.0,80.0,0.0,0.0,0.0,11.244140625,11.244140625,11.244140625,383.646,383.646,383.646,80.0,0.0,11.244140625,383.646,5
11776795.052090488,4.180301666259766,134673632.86658975,212158.17774758724,2153603.134506833,14486346.084456116,19.95,19.95,19.95,19.95,19.95,19.95,19.95,19.95,19.95,19.95,19.95,75.0,75.0,75.0,0.0,0.0,0.0,11.244140625,11.244140625,11.244140625,423.008,423.008,423.008,75.0,0.0,11.244140625,423.008,5
11776796.075045334,4.180301666259766,128232662.99431445,201970.79162201166,2050092.4440686181,13790074.955805315,20.049999999999997,20.049999999999997,20.049999999999997,20.049999999999997,20.049999999999997,20.049999999999997,20.049999999999997,20.049999999999997,20.049999999999997,20.049999999999997,20.049999999999997,84.0,84.0,84.0,0.0,0.0,0.0,11.244140625,11.244140625,11.244140625,383.501,383.501,383.501,84.0,0.0,11.244140625,383.501,5
11776797.07987066,4.180301666259766,130581581.34185582,205615.83662276214,2087081.1537070146,14038881.822982341,20.099999999999998,20.099999999999998,20.099999999999998,20.099999999999998,20.099999999999998,20.099999999999998,20.099999999999998,20.099999999999998,20.099999999999998,20.099999999999998,20.099999999999998,84.0,84.0,84.0,0.0,0.0,0.0,11.244140625,11.244140625,11.244140625,407.185,407.185,407.185,84.0,0.0,11.244140625,407.185,5
11776798.072435876,4.180301666259766,132230237.18608351,208167.6816454413,2112860.6615918134,14212289.293988682,21.4375,21.4375,21.4375,21.4375,21.4375,21.4375,21.4375,21.4375,21.4375,21.4375,21.4375,100.0,100.0,100.0,0.0,0.0,0.0,11.244140625,11.244140625,11.244140625,413.433,413.433,413.433,100.0,0.0,11.244140625,413.433,5
11776799.081732249,4.179340362548828,130070664.64585742,204716.87566010366,2077835.6655906385,13976691.46932453,17.4875,17.4875,17.4875,17.4875,17.4875,17.4875,17.4875,17.4875,17.4875,17.4875,17.4875,0.0,0.0,0.0,0.0,0.0,0.0,11.244140625,11.244140625,11.244140625,314.691,314.691,314.691,0.0,0.0,11.244140625,314.691,5
11776800.265508186,4.179340362548828,110926874.65188165,174549.92411098667,1771578.5007317686,11916633.508828538,20.912499999999998,20.912499999999998,20.912499999999998,20.912499999999998,20.912499999999998,20.912499999999998,20.912499999999998,20.912499999999998,20.912499999999998,20.912499999999998,20.912499999999998,100.0,100.0,100.0,0.0,0.0,0.0,11.244140625,11.244140625,11.244140625,409.736,409.736,409.736,100.0,0.0,11.244140625,409.736,5
11776801.262979645,4.179386138916016,131678228.77261718,207161.81710469653,2102468.1765442393,14277894.237977188,21.05,21.05,21.05,21.05,21.05,21.05,21.05,21.05,21.05,21.05,21.05,77.0,77.0,77.0,0.0,0.0,0.0,11.244140625,11.244140625,11.244140625,373.233,373.233,373.233,77.0,0.0,11.244140625,373.233,5
11776802.260636916,4.179386138916016,131686495.75908183,207131.25237059285,2102076.59558614,14275235.005572286,21.0375,21.0375,21.0375,21.0375,21.0375,21.0375,21.0375,21.0375,21.0375,21.0375,21.0375,100.0,100.0,100.0,0.0,0.0,0.0,11.244140625,11.244140625,11.244140625,427.977,427.977,427.977,100.0,0.0,11.244140625,427.977,5
11776803.264668012,4.179386138916016,130883095.72168405,205816.3346678451,2088732.1210250412,14184612.470320446,20.275,20.275,20.275,20.275,20.275,20.275,20.275,20.275,20.275,20.275,20.275,85.0,85.0,85.0,0.0,0.0,0.0,11.244140625,11.244140625,11.244140625,377.895,377.895,377.895,85.0,0.0,11.244140625,377.895,5
11776804.256097408,4.179386138916016,132579703.1375184,208441.46929599985,2115281.237894291,14364907.937809471,21.3625,21.3625,21.3625,21.3625,21.3625,21.3625,21.3625,21.3625,21.3625,21.3625,21.3625,91.0,91.0,91.0,0.0,0.0,0.0,11.244140625,11.244140625,11.244140625,438.405,438.405,438.405,91.0,0.0,11.244140625,438.405,5
11776805.25647556,4.179386138916016,131426423.78826272,206576.88246529322,2096359.256808955,14236408.468603002,20.974999999999998,20.974999999999998,20.974999999999998,20.974999999999998,20.974999999999998,20.974999999999998,20.974999999999998,20.974999999999998,20.974999999999998,20.974999999999998,20.974999999999998,96.0,96.0,96.0,0.0,0.0,0.0,11.244140625,11.244140625,11.244140625,388.897,388.897,388.897,96.0,0.0,11.244140625,388.897,5
11776806.241220895,4.179386138916016,133546038.09541,209863.39583407788,2129638.9287833665,14462411.240976105,21.224999999999998,21.224999999999998,21.224999999999998,21.224999999999998,21.224999999999998,21.224999999999998,21.224999999999998,21.224999999999998,21.224999999999998,21.224999999999998,21.224999999999998,88.0,88.0,88.0,0.0,0.0,0.0,11.244140625,11.244140625,11.244140625,439.553,439.553,439.553,88.0,0.0,11.244140625,439.553,5
11776807.254404591,4.179386138916016,129832625.1142319,203986.70130211415,2069863.5478194435,14056475.694859775,21.8125,21.8125,21.8125,21.8125,21.8125,21.8125,21.8125,21.8125,21.8125,21.8125,21.8125,96.0,96.0,96.0,0.0,0.0,0.0,11.244140625,11.244140625,11.244140625,392.015,392.015,392.015,96.0,0.0,11.244140625,392.015,5
11776808.256568989,4.179386138916016,131295574.20204966,206230.63495224013,2092622.7328215537,14211033.675821371,21.3375,21.3375,21.3375,21.3375,21.3375,21.3375,21.3375,21.3375,21.3375,21.3375,21.3375,76.0,76.0,76.0,0.0,0.0,0.0,11.244140625,11.244140625,11.244140625,433.383,433.383,433.383,76.0,0.0,11.244140625,433.383,5
11776809.259016352,4.179401397705078,131291149.89892952,206181.3992743571,2092032.0382174726,14207022.259535454,20.337500000000002,20.337500000000002,20.337500000000002,20.337500000000002,20.337500000000002,20.337500000000002,20.337500000000002,20.337500000000002,20.337500000000002,20.337500000000002,20.337500000000002,89.0,89.0,89.0,0.0,0.0,0.0,11.244140625,11.244140625,11.244140625,385.194,385.194,385.194,89.0,0.0,11.244140625,385.194,5
11776810.26425481,4.179401397705078,130959150.92084453,205608.9261701059,2086223.4052402675,14167575.742227364,19.8125,19.8125,19.8125,19.8125,19.8125,19.8125,19.8125,19.8125,19.8125,19.8125,19.8125,81.0,81.0,81.0,0.0,0.0,0.0,11.244140625,11.244140625,11.244140625,375.796,375.796,375.796,81.0,0.0,11.244140625,375.796,5
11776811.260580428,4.179401397705078,132163510.26863737,207456.2736690986,2104886.1565294466,14294314.777837668,21.0875,21.0875,21.0875,21.0875,21.0875,21.0875,21.0875,21.0875,21.0875,21.0875,21.0875,93.0,93.0,93.0,0.0,0.0,0.0,11.244140625,11.244140625,11.244140625,429.926,429.926,429.926,93.0,0.0,11.244140625,429.926,5
11776812.262352152,4.179401397705078,131480395.04808058,206331.43767055208,2093442.9971101354,14216604.10342176,20.875,20.875,20.875,20.875,20.875,20.875,20.875,20.875,20.875,20.875,20.875,75.0,75.0,75.0,0.0,0.0,0.0,11.244140625,11.244140625,11.244140625,373.278,373.278,373.278,75.0,0.0,11.244140625,373.278,5
11776813.266275708,4.179401397705078,131233895.48348406,205897.15103143806,2088955.8650244665,14186131.919316543,20.974999999999998,20.974999999999998,20.974999999999998,20.974999999999998,20.974999999999998,20.974999999999998,20.974999999999998,20.974999999999998,20.974999999999998,20.974999999999998,20.974999999999998,76.0,76.0,76.0,0.0,0.0,0.0,11.244140625,11.244140625,11.244140625,424.251,424.251,424.251,76.0,0.0,11.244140625,424.251,5
11776814.269777795,4.179401397705078,131321609.2118917,205984.62378931543,2089833.2208499531,14192090.056436108,19.875,19.875,19.875,19.875,19.875,19.875,19.875,19.875,19.875,19.875,19.875,83.0,83.0,83.0,0.0,0.0,0.0,11.244140625,11.244140625,11.244140625,375.627,375.627,375.627,83.0,0.0,11.244140625,375.627,5
11776815.26233481,4.179405212402344,132802672.26174809,208263.0990661731,2112878.1195803992,14348588.323791109,21.0625,21.0625,21.0625,21.0625,21.0625,21.0625,21.0625,21.0625,21.0625,21.0625,21.0625,85.0,85.0,85.0,0.0,0.0,0.0,11.244140625,11.244140625,11.244140625,420.01,420.01,420.01,85.0,0.0,11.244140625,420.01,5
11776816.265560556,4.179405212402344,131422994.84826031,206048.3404655061,2090408.8727071693,14195999.317193022,20.075,20.075,20.075,20.075,20.075,20.075,20.075,20.075,20.075,20.075,20.075,77.0,77.0,77.0,0.0,0.0,0.0,11.244140625,11.244140625,11.244140625,382.705,382.705,382.705,77.0,0.0,11.244140625,382.705,5
11776817.264502736,4.179405212402344,132019300.70877522,206941.9073701208,2099372.7593207513,14256873.211246585,21.650000000000002,21.650000000000002,21.650000000000002,21.650000000000002,21.650000000000002,21.650000000000002,21.650000000000002,21.650000000000002,21.650000000000002,21.650000000000002,21.650000000000002,76.0,76.0,76.0,0.0,0.0,0.0,11.244140625,11.244140625,11.244140625,423.682,423.682,423.682,76.0,0.0,11.244140625,423.682,5
11776818.266924722,4.179405212402344,131596374.38257945,206224.5270184299,2092084.99877012,14207381.91547599,19.662499999999998,19.662499999999998,19.662499999999998,19.662499999999998,19.662499999999998,19.662499999999998,19.662499999999998,19.662499999999998,19.662499999999998,19.662499999999998,19.662499999999998,82.0,82.0,82.0,0.0,0.0,0.0,11.244140625,11.244140625,11.244140625,379.184,379.184,379.184,82.0,0.0,11.244140625,379.184,5
11776819.458288768,4.179424285888672,110756471.47687733,173584.22109682928,1760294.8542163894,11967942.163139163,13.375,13.375,13.375,13.375,13.375,13.375,13.375,13.375,13.375,13.375,13.375,0.0,0.0,0.0,0.0,0.0,0.0,5.947265625,5.947265625,5.947265625,197.563,197.563,197.563,0.0,0.0,5.947265625,197.563,5
11776820.442965336,4.180400848388672,134038415.56811412,210043.58868232145,2129787.656677422,14480060.2204963,11.1,11.1,11.1,11.1,11.1,11.1,11.1,11.1,11.1,11.1,11.1,0.0,0.0,0.0,0.0,0.0,0.0,11.236328125,11.236328125,11.236328125,140.648,140.648,140.648,0.0,0.0,11.236328125,140.648,5
11776821.440506244,4.1822357177734375,132342613.67123187,207334.85549809676,2102321.802864956,14293324.60111897,20.6125,20.6125,20.6125,20.6125,20.6125,20.6125,20.6125,20.6125,20.6125,20.6125,20.6125,96.0,96.0,96.0,0.0,0.0,0.0,11.2421875,11.2421875,11.2421875,488.126,488.126,488.126,96.0,0.0,11.2421875,488.126,5
11776822.448091866,4.1822357177734375,131055715.83024983,205269.9000542112,2081363.5620034577,14154898.286906328,20.837500000000002,20.837500000000002,20.837500000000002,20.837500000000002,20.837500000000002,20.837500000000002,20.837500000000002,20.837500000000002,20.837500000000002,20.837500000000002,20.837500000000002,98.0,98.0,98.0,0.0,0.0,0.0,11.2421875,11.2421875,11.2421875,434.636,434.636,434.636,98.0,0.0,11.2421875,434.636,5
11776823.44970726,4.1822357177734375,131872291.30414733,206504.41402784555,2093769.7371243406,14243359.364070466,22.0125,22.0125,22.0125,22.0125,22.0125,22.0125,22.0125,22.0125,22.0125,22.0125,22.0125,98.0,98.0,98.0,0.0,0.0,0.0,11.2421875,11.2421875,11.2421875,441.639,441.639,441.639,98.0,0.0,11.2421875,441.639,5
11776824.449810993,4.1822357177734375,132107012.1999766,206817.54628419483,2096934.4795952009,14264888.266465008,20.95,20.95,20.95,20.95,20.95,20.95,20.95,20.95,20.95,20.95,20.95,97.0,97.0,97.0,0.0,0.0,0.0,11.2421875,11.2421875,11.2421875,527.846,527.846,527.846,97.0,0.0,11.2421875,527.846,5
11776825.45509535,4.1822357177734375,131458701.1849148,205751.73421514855,2086128.1523927655,14191375.692937505,21.049999999999997,21.049999999999997,21.049999999999997,21.049999999999997,21.049999999999997,21.049999999999997,21.049999999999997,21.049999999999997,21.049999999999997,21.049999999999997,21.049999999999997,98.0,98.0,98.0,0.0,0.0,0.0,11.2421875,11.2421875,11.2421875,457.178,457.178,457.178,98.0,0.0,11.2421875,457.178,5
11776826.448370406,4.1822357177734375,133081034.54981792,208248.4592972907,2111350.7160438187,14362958.09371215,21.724999999999998,21.724999999999998,21.724999999999998,21.724999999999998,21.724999999999998,21.724999999999998,21.724999999999998,21.724999999999998,21.724999999999998,21.724999999999998,21.724999999999998,100.0,100.0,100.0,0.0,0.0,0.0,11.2421875,11.2421875,11.2421875,477.121,477.121,477.121,100.0,0.0,11.2421875,477.121,5
11776827.457664168,4.1822357177734375,131001261.57059504,204945.28745889565,2077841.041745216,14135000.68046599,20.8625,20.8625,20.8625,20.8625,20.8625,20.8625,20.8625,20.8625,20.8625,20.8625,20.8625,97.0,97.0,97.0,0.0,0.0,0.0,11.2421875,11.2421875,11.2421875,473.07,473.07,473.07,97.0,0.0,11.2421875,473.07,5
11776828.44832674,4.1822357177734375,133500734.37429269,208800.6609489103,2116918.572839044,14400834.744528107,21.975,21.975,21.975,21.975,21.975,21.975,21.975,21.975,21.975,21.975,21.975,97.0,97.0,97.0,0.0,0.0,0.0,11.2421875,11.2421875,11.2421875,439.146,439.146,439.146,97.0,0.0,11.2421875,439.146,5
11776829.45485271,4.1822357177734375,131431892.52631031,205518.79071558363,2083554.7857815316,14173869.763431786,23.8875,23.8875,23.8875,23.8875,23.8875,23.8875,23.8875,23.8875,23.8875,23.8875,23.8875,100.0,100.0,100.0,0.0,0.0,0.0,11.2421875,11.2421875,11.2421875,508.34,508.34,508.34,100.0,0.0,11.2421875,508.34,5
11776830.449600697,4.1822357177734375,133020926.6336861,207953.172763201,2108224.4220355335,14341690.745995631,20.825,20.825,20.825,20.825,20.825,20.825,20.825,20.825,20.825,20.825,20.825,97.0,97.0,97.0,0.0,0.0,0.0,11.2421875,11.2421875,11.2421875,443.102,443.102,443.102,97.0,0.0,11.2421875,443.102,5
11776831.452131063,4.1822357177734375,132020949.6536377,206339.8845341096,2091858.8311554417,14230359.978348443,21.099999999999998,21.099999999999998,21.099999999999998,21.099999999999998,21.099999999999998,21.099999999999998,21.099999999999998,21.099999999999998,21.099999999999998,21.099999999999998,21.099999999999998,97.0,97.0,97.0,0.0,0.0,0.0,11.2421875,11.2421875,11.2421875,439.595,439.595,439.595,97.0,0.0,11.2421875,439.595,5
11776832.441670984,4.1822357177734375,133787111.71981274,209057.7606324644,2119320.2567101913,14417172.761956243,21.8625,21.8625,21.8625,21.8625,21.8625,21.8625,21.8625,21.8625,21.8625,21.8625,21.8625,100.0,100.0,100.0,0.0,0.0,0.0,11.2421875,11.2421875,11.2421875,525.924,525.924,525.924,100.0,0.0,11.2421875,525.924,5
11776833.453122469,4.182262420654297,130921083.22696699,204528.84111842143,2073408.3956145607,14104846.56626077,21.025000000000002,21.025000000000002,21.025000000000002,21.025000000000002,21.025000000000002,21.025000000000002,21.025000000000002,21.025000000000002,21.025000000000002,21.025000000000002,21.025000000000002,98.0,98.0,98.0,0.0,0.0,0.0,11.2421875,11.2421875,11.2421875,445.856,445.856,445.856,98.0,0.0,11.2421875,445.856,5
11776834.455148373,4.182262420654297,132190616.48360097,206453.74450554381,2092911.9610062754,14237524.14098605,20.7125,20.7125,20.7125,20.7125,20.7125,20.7125,20.7125,20.7125,20.7125,20.7125,20.7125,97.0,97.0,97.0,0.0,0.0,0.0,11.2421875,11.2421875,11.2421875,436.232,436.232,436.232,97.0,0.0,11.2421875,436.232,5
11776835.442813762,4.182281494140625,134145712.21326555,209463.65273097128,2123342.6056267493,14444535.733199157,21.6125,21.6125,21.6125,21.6125,21.6125,21.6125,21.6125,21.6125,21.6125,21.6125,21.6125,96.0,96.0,96.0,0.0,0.0,0.0,11.2421875,11.2421875,11.2421875,525.702,525.702,525.702,96.0,0.0,11.2421875,525.702,5
11776836.45702994,4.182281494140625,130666165.39975478,203980.18122550307,2067756.4047632744,14066397.57380954,20.700000000000003,20.700000000000003,20.700000000000003,20.700000000000003,20.700000000000003,20.700000000000003,20.700000000000003,20.700000000000003,20.700000000000003,20.700000000000003,20.700000000000003,98.0,98.0,98.0,0.0,0.0,0.0,11.2421875,11.2421875,11.2421875,437.895,437.895,437.895,98.0,0.0,11.2421875,437.895,5
11776837.4547946,4.182281494140625,132853380.46945316,207354.50781606598,2101850.3500658725,14298329.627498895,20.8625,20.8625,20.8625,20.8625,20.8625,20.8625,20.8625,20.8625,20.8625,20.8625,20.8625,97.0,97.0,97.0,0.0,0.0,0.0,11.2421875,11.2421875,11.2421875,440.904,440.904,440.904,97.0,0.0,11.2421875,440.904,5
11776838.442209888,4.182281494140625,134278929.705864,209527.84769386804,2123880.424218022,14448194.370217519,20.95,20.95,20.95,20.95,20.95,20.95,20.95,20.95,20.95,20.95,20.95,94.0,94.0,94.0,0.0,0.0,0.0,11.2421875,11.2421875,11.2421875,532.576,532.576,532.576,94.0,0.0,11.2421875,532.576,5
11776839.45152324,4.182304382324219,131400686.10392073,204982.92181194868,2077800.7097605115,14134726.312687231,21.462500000000002,21.462500000000002,21.462500000000002,21.462500000000002,21.462500000000002,21.462500000000002,21.462500000000002,21.462500000000002,21.462500000000002,21.462500000000002,21.462500000000002,97.0,97.0,97.0,0.0,0.0,0.0,11.2421875,11.2421875,11.2421875,441.981,441.981,441.981,97.0,0.0,11.2421875,441.981,5
11776840.450392323,4.182304382324219,132810070.3045168,207134.25186231354,2099526.392274309,14282520.359944178,21.5,21.5,21.5,21.5,21.5,21.5,21.5,21.5,21.5,21.5,21.5,97.0,97.0,97.0,0.0,0.0,0.0,11.2421875,11.2421875,11.2421875,444.748,444.748,444.748,97.0,0.0,11.2421875,444.748,5
11776841.452940367,4.182304382324219,132355285.83560191,206374.14947370125,2091821.944500104,14230109.0482302,21.475,21.475,21.475,21.475,21.475,21.475,21.475,21.475,21.475,21.475,21.475,97.0,97.0,97.0,0.0,0.0,0.0,11.2421875,11.2421875,11.2421875,537.715,537.715,537.715,97.0,0.0,11.2421875,537.715,5
11776842.447934324,4.182304382324219,133392963.94547991,207942.97150690664,2107703.2536256406,14338145.375738489,21.1125,21.1125,21.1125,21.1125,21.1125,21.1125,21.1125,21.1125,21.1125,21.1125,21.1125,95.0,95.0,95.0,0.0,0.0,0.0,11.244140625,11.244140625,11.244140625,440.723,440.723,440.723,95.0,0.0,11.244140625,440.723,5
11776843.46053243,4.182304382324219,131106171.47096173,204335.75635160838,2071060.558234441,14088874.852208123,22.0625,22.0625,22.0625,22.0625,22.0625,22.0625,22.0625,22.0625,22.0625,22.0625,22.0625,100.0,100.0,100.0,0.0,0.0,0.0,11.244140625,11.244140625,11.244140625,477.633,477.633,477.633,100.0,0.0,11.244140625,477.633,5
11776844.455547176,4.182304382324219,133458569.90386882,207946.66700711695,2107659.217086218,14337845.806858001,20.662499999999998,20.662499999999998,20.662499999999998,20.662499999999998,20.662499999999998,20.662499999999998,20.662499999999998,20.662499999999998,20.662499999999998,20.662499999999998,20.662499999999998,97.0,97.0,97.0,0.0,0.0,0.0,11.244140625,11.244140625,11.244140625,466.982,466.982,466.982,97.0,0.0,11.244140625,466.982,5
11776845.458723232,4.182304382324219,132408089.5129008,206256.91651399183,2090512.4158151825,14221200.672430236,21.9625,21.9625,21.9625,21.9625,21.9625,21.9625,21.9625,21.9625,21.9625,21.9625,21.9625,97.0,97.0,97.0,0.0,0.0,0.0,11.244140625,11.244140625,11.244140625,436.62,436.62,436.62,97.0,0.0,11.244140625,436.62,5
11776846.456532331,4.182304382324219,133152996.02769278,207376.34102598828,2101756.7408749834,14297692.829038218,23.112499999999997,23.112499999999997,23.112499999999997,23.112499999999997,23.112499999999997,23.112499999999997,23.112499999999997,23.112499999999997,23.112499999999997,23.112499999999997,23.112499999999997,100.0,100.0,100.0,0.0,0.0,0.0,11.244140625,11.244140625,11.244140625,490.253,490.253,490.253,100.0,0.0,11.244140625,490.253,5
11776847.452442031,4.182304382324219,133439715.44538023,207773.85737346,2105765.211084584,14324961.387124227,20.3,20.3,20.3,20.3,20.3,20.3,20.3,20.3,20.3,20.3,20.3,98.0,98.0,98.0,0.0,0.0,0.0,11.244140625,11.244140625,11.244140625,441.218,441.218,441.218,98.0,0.0,11.244140625,441.218,5
11776848.451208305,4.182304382324219,133090738.60304542,207179.60301619951,2099742.508479581,14283990.541082775,21.05,21.05,21.05,21.05,21.05,21.05,21.05,21.05,21.05,21.05,21.05,98.0,98.0,98.0,0.0,0.0,0.0,11.244140625,11.244140625,11.244140625,439.649,439.649,439.649,98.0,0.0,11.244140625,439.649,5
11776849.443022016,4.182308197021484,134056632.22354972,208638.9788056599,2114461.591932805,14384120.556058515,22.375,22.375,22.375,22.375,22.375,22.375,22.375,22.375,22.375,22.375,22.375,100.0,100.0,100.0,0.0,0.0,0.0,11.244140625,11.244140625,11.244140625,539.258,539.258,539.258,100.0,0.0,11.244140625,539.258,5
11776850.45385366,4.182308197021484,131572194.96906054,204714.60450838224,2074679.8091835135,14113495.655051129,21.587500000000002,21.587500000000002,21.587500000000002,21.587500000000002,21.587500000000002,21.587500000000002,21.587500000000002,21.587500000000002,21.587500000000002,21.587500000000002,21.587500000000002,95.0,95.0,95.0,0.0,0.0,0.0,11.244140625,11.244140625,11.244140625,437.798,437.798,437.798,95.0,0.0,11.244140625,437.798,5
11776851.453172611,4.182315826416016,133120695.61800602,207074.02740587768,2098581.235096825,14276090.706723126,21.325,21.325,21.325,21.325,21.325,21.325,21.325,21.325,21.325,21.325,21.325,96.0,96.0,96.0,0.0,0.0,0.0,11.244140625,11.244140625,11.244140625,443.826,443.826,443.826,96.0,0.0,11.244140625,443.826,5
11776852.444589276,4.182315826416016,134214735.06059787,208733.63072122747,2115308.4010702693,14389881.173687007,22.5,22.5,22.5,22.5,22.5,22.5,22.5,22.5,22.5,22.5,22.5,99.0,99.0,99.0,0.0,0.0,0.0,11.244140625,11.244140625,11.244140625,532.215,532.215,532.215,99.0,0.0,11.244140625,532.215,5
11776853.451349624,4.182315826416016,132201703.5262821,205552.39435703156,2083069.7245152623,14170570.020481756,21.3875,21.3875,21.3875,21.3875,21.3875,21.3875,21.3875,21.3875,21.3875,21.3875,21.3875,97.0,97.0,97.0,0.0,0.0,0.0,11.244140625,11.244140625,11.244140625,440.024,440.024,440.024,97.0,0.0,11.244140625,440.024,5
11776854.449012555,4.182315826416016,133439982.35529326,207433.786931795,2102064.668742481,14299787.580527466,21.037499999999998,21.037499999999998,21.037499999999998,21.037499999999998,21.037499999999998,21.037499999999998,21.037499999999998,21.037499999999998,21.037499999999998,21.037499999999998,21.037499999999998,96.0,96.0,96.0,0.0,0.0,0.0,11.244140625,11.244140625,11.244140625,441.629,441.629,441.629,96.0,0.0,11.244140625,441.629,5
11776855.445633214,4.182323455810547,133612329.65241256,207650.72264533816,2104263.0227597924,14314742.398969445,20.974999999999998,20.974999999999998,20.974999999999998,20.974999999999998,20.974999999999998,20.974999999999998,20.974999999999998,20.974999999999998,20.974999999999998,20.974999999999998,20.974999999999998,94.0,94.0,94.0,0.0,0.0,0.0,11.244140625,11.244140625,11.244140625,526.356,526.356,526.356,94.0,0.0,11.244140625,526.356,5
11776856.453727096,4.182323455810547,132124095.11823353,205287.42771173318,2080314.1817574217,14151824.795041211,21.3875,21.3875,21.3875,21.3875,21.3875,21.3875,21.3875,21.3875,21.3875,21.3875,21.3875,97.0,97.0,97.0,0.0,0.0,0.0,11.244140625,11.244140625,11.244140625,443.556,443.556,443.556,97.0,0.0,11.244140625,443.556,5
11776857.452582816,4.182334899902344,133384230.99549994,207195.0893329848,2099554.4795796624,14286812.122764733,23.662499999999998,23.662499999999998,23.662499999999998,23.662499999999998,23.662499999999998,23.662499999999998,23.662499999999998,23.662499999999998,23.662499999999998,23.662499999999998,23.662499999999998,95.0,95.0,95.0,0.0,0.0,0.0,11.244140625,11.244140625,11.244140625,462.097,462.097,462.097,95.0,0.0,11.244140625,462.097,5
11776858.451809227,4.182334899902344,133367418.46057783,207120.22576168677,2098775.588019776,14281512.009103322,21.2625,21.2625,21.2625,21.2625,21.2625,21.2625,21.2625,21.2625,21.2625,21.2625,21.2625,96.0,96.0,96.0,0.0,0.0,0.0,11.244140625,11.244140625,11.244140625,512.457,512.457,512.457,96.0,0.0,11.244140625,512.457,5
11776859.452694012,4.182334899902344,133179048.25761765,206777.0468976124,2095298.1129465674,14257848.877941096,21.049999999999997,21.049999999999997,21.049999999999997,21.049999999999997,21.049999999999997,21.049999999999997,21.049999999999997,21.049999999999997,21.049999999999997,21.049999999999997,21.049999999999997,96.0,96.0,96.0,0.0,0.0,0.0,11.244140625,11.244140625,11.244140625,438.606,438.606,438.606,96.0,0.0,11.244140625,438.606,5
11776860.45890213,4.182334899902344,132506907.47577894,205690.05187597786,2084212.9599009056,14182417.875575693,21.737499999999997,21.737499999999997,21.737499999999997,21.737499999999997,21.737499999999997,21.737499999999997,21.737499999999997,21.737499999999997,21.737499999999997,21.737499999999997,21.737499999999997,100.0,100.0,100.0,0.0,0.0,0.0,11.244140625,11.244140625,11.244140625,491.497,491.497,491.497,100.0,0.0,11.244140625,491.497,5
11776861.459207572,4.182334899902344,133321440.01412003,206903.8028597825,2096511.6370000949,14266106.529899083,21.400000000000002,21.400000000000002,21.400000000000002,21.400000000000002,21.400000000000002,21.400000000000002,21.400000000000002,21.400000000000002,21.400000000000002,21.400000000000002,21.400000000000002,98.0,98.0,98.0,0.0,0.0,0.0,11.244140625,11.244140625,11.244140625,456.105,456.105,456.105,98.0,0.0,11.244140625,456.105,5
11776862.457455784,4.182334899902344,133629815.10126215,207332.20205539066,2100832.2125770845,14299609.884435821,20.837500000000002,20.837500000000002,20.837500000000002,20.837500000000002,20.837500000000002,20.837500000000002,20.837500000000002,20.837500000000002,20.837500000000002,20.837500000000002,20.837500000000002,97.0,97.0,97.0,0.0,0.0,0.0,11.244140625,11.244140625,11.244140625,439.15,439.15,439.15,97.0,0.0,11.244140625,439.15,5
11776863.45267334,4.182334899902344,134074117.94296362,207973.62217368212,2107229.7077905578,14343155.335254088,22.6625,22.6625,22.6625,22.6625,22.6625,22.6625,22.6625,22.6625,22.6625,22.6625,22.6625,100.0,100.0,100.0,0.0,0.0,0.0,11.244140625,11.244140625,11.244140625,513.2,513.2,513.2,100.0,0.0,11.244140625,513.2,5
11776864.459653,4.182334899902344,132540464.72604044,205544.37034457494,2082616.0497290352,14175619.010362672,20.525000000000002,20.525000000000002,20.525000000000002,20.525000000000002,20.525000000000002,20.525000000000002,20.525000000000002,20.525000000000002,20.525000000000002,20.525000000000002,20.525000000000002,97.0,97.0,97.0,0.0,0.0,0.0,11.244140625,11.244140625,11.244140625,442.405,442.405,442.405,97.0,0.0,11.244140625,442.405,5
11776865.458741162,4.182334899902344,133620027.74452694,207167.90345150186,2099066.006981984,14287587.957680104,21.05,21.05,21.05,21.05,21.05,21.05,21.05,21.05,21.05,21.05,21.05,97.0,97.0,97.0,0.0,0.0,0.0,11.244140625,11.244140625,11.244140625,433.446,433.446,433.446,97.0,0.0,11.244140625,433.446,5
11776866.446596531,4.182334899902344,135172450.50228268,209530.67265540705,2122934.2526578233,14450050.528344754,21.875,21.875,21.875,21.875,21.875,21.875,21.875,21.875,21.875,21.875,21.875,94.0,94.0,94.0,0.0,0.0,0.0,11.244140625,11.244140625,11.244140625,525.436,525.436,525.436,94.0,0.0,11.244140625,525.436,5
11776867.454132263,4.182334899902344,132564496.55812097,205439.86038916124,2081466.6265428443,14167795.299808227,21.25,21.25,21.25,21.25,21.25,21.25,21.25,21.25,21.25,21.25,21.25,95.0,95.0,95.0,0.0,0.0,0.0,11.244140625,11.244140625,11.244140625,439.619,439.619,439.619,95.0,0.0,11.244140625,439.619,5
11776868.45948466,4.182334899902344,132890295.4453832,205889.00043100026,2085986.9706019734,14198563.657320073,20.6375,20.6375,20.6375,20.6375,20.6375,20.6375,20.6375,20.6375,20.6375,20.6375,20.6375,98.0,98.0,98.0,0.0,0.0,0.0,11.244140625,11.244140625,11.244140625,439.308,439.308,439.308,98.0,0.0,11.244140625,439.308,5
11776869.446341148,4.182361602783203,135414046.07030153,209765.0493359447,2125083.053529212,14464676.643650984,20.5,20.5,20.5,20.5,20.5,20.5,20.5,20.5,20.5,20.5,20.5,94.0,94.0,94.0,0.0,0.0,0.0,11.244140625,11.244140625,11.244140625,534.432,534.432,534.432,94.0,0.0,11.244140625,534.432,5
11776870.461659877,4.182361602783203,131650152.98578727,203884.74484979585,2065510.9968273647,14059191.062389385,21.212500000000002,21.212500000000002,21.212500000000002,21.212500000000002,21.212500000000002,21.212500000000002,21.212500000000002,21.212500000000002,21.212500000000002,21.212500000000002,21.212500000000002,94.0,94.0,94.0,0.0,0.0,0.0,11.244140625,11.244140625,11.244140625,438.214,438.214,438.214,94.0,0.0,11.244140625,438.214,5
11776871.453847472,4.182361602783203,134752251.16142163,208648.04301555853,2113664.8055056306,14386956.732787348,20.975,20.975,20.975,20.975,20.975,20.975,20.975,20.975,20.975,20.975,20.975,96.0,96.0,96.0,0.0,0.0,0.0,11.244140625,11.244140625,11.244140625,441.633,441.633,441.633,96.0,0.0,11.244140625,441.633,5
11776872.446285486,4.182361602783203,134751134.1092119,208597.41057392606,2113131.4693262978,14383326.50508232,21.474999999999998,21.474999999999998,21.474999999999998,21.474999999999998,21.474999999999998,21.474999999999998,21.474999999999998,21.474999999999998,21.474999999999998,21.474999999999998,21.474999999999998,97.0,97.0,97.0,0.0,0.0,0.0,11.244140625,11.244140625,11.244140625,523.168,523.168,523.168,97.0,0.0,11.244140625,523.168,5
11776873.455365129,4.182361602783203,132566600.64624901,205159.22753911233,2078281.9427505506,14146118.301729823,23.2875,23.2875,23.2875,23.2875,23.2875,23.2875,23.2875,23.2875,23.2875,23.2875,23.2875,97.0,97.0,97.0,0.0,0.0,0.0,11.244140625,11.244140625,11.244140625,436.183,436.183,436.183,97.0,0.0,11.244140625,436.183,5
11776874.452940779,4.182361602783203,134128074.39828995,207532.13052236862,2102248.5863779783,14309250.631889168,21.2875,21.2875,21.2875,21.2875,21.2875,21.2875,21.2875,21.2875,21.2875,21.2875,21.2875,95.0,95.0,95.0,0.0,0.0,0.0,11.244140625,11.244140625,11.244140625,462.841,462.841,462.841,95.0,0.0,11.244140625,462.841,5
11776875.459773617,4.182361602783203,132927266.51435213,205624.00447647777,2082919.7466821282,14177686.166381283,21.025,21.025,21.025,21.025,21.025,21.025,21.025,21.025,21.025,21.025,21.025,97.0,97.0,97.0,0.0,0.0,0.0,11.244140625,11.244140625,11.244140625,491.108,491.108,491.108,97.0,0.0,11.244140625,491.108,5
11776876.454211473,4.182361602783203,134616931.67810354,208186.96575761962,2108881.9035619334,14354401.238111988,21.05,21.05,21.05,21.05,21.05,21.05,21.05,21.05,21.05,21.05,21.05,97.0,97.0,97.0,0.0,0.0,0.0,11.244140625,11.244140625,11.244140625,437.063,437.063,437.063,97.0,0.0,11.244140625,437.063,5
11776877.459151002,4.182361602783203,133242660.12524685,206018.3664727675,2086843.9753719028,14204396.980802894,21.8875,21.8875,21.8875,21.8875,21.8875,21.8875,21.8875,21.8875,21.8875,21.8875,21.8875,100.0,100.0,100.0,0.0,0.0,0.0,11.244140625,11.244140625,11.244140625,485.668,485.668,485.668,100.0,0.0,11.244140625,485.668,5
11776878.462743059,4.182361602783203,133454077.32686327,206295.97307416366,2089645.872594891,14223468.48826796,20.987499999999997,20.987499999999997,20.987499999999997,20.987499999999997,20.987499999999997,20.987499999999997,20.987499999999997,20.987499999999997,20.987499999999997,20.987499999999997,20.987499999999997,97.0,97.0,97.0,0.0,0.0,0.0,11.244140625,11.244140625,11.244140625,455.838,455.838,455.838,97.0,0.0,11.244140625,455.838,5
11776879.455378424,4.182361602783203,134965533.8164587,208576.08662769498,2112711.346712924,14380466.881434647,23.025,23.025,23.025,23.025,23.025,23.025,23.025,23.025,23.025,23.025,23.025,97.0,97.0,97.0,0.0,0.0,0.0,11.244140625,11.244140625,11.244140625,437.279,437.279,437.279,97.0,0.0,11.244140625,437.279,5
11776880.4588249,4.182361602783203,133543952.9000711,206339.8545333201,2089949.039677477,14225532.037648452,22.6375,22.6375,22.6375,22.6375,22.6375,22.6375,22.6375,22.6375,22.6375,22.6375,22.6375,100.0,100.0,100.0,0.0,0.0,0.0,11.244140625,11.244140625,11.244140625,504.397,504.397,504.397,100.0,0.0,11.244140625,504.397,5
11776881.460692292,4.182361602783203,133787012.31466717,206665.07546312473,2093243.0963271994,14247953.497461503,21.0,21.0,21.0,21.0,21.0,21.0,21.0,21.0,21.0,21.0,21.0,97.0,97.0,97.0,0.0,0.0,0.0,11.244140625,11.244140625,11.244140625,442.661,442.661,442.661,97.0,0.0,11.244140625,442.661,5
11776882.460056975,4.182369232177734,134154711.71470816,207184.62783238097,2098485.202474407,14283634.630123649,20.575000000000003,20.575000000000003,20.575000000000003,20.575000000000003,20.575000000000003,20.575000000000003,20.575000000000003,20.575000000000003,20.575000000000003,20.575000000000003,20.575000000000003,98.0,98.0,98.0,0.0,0.0,0.0,11.244140625,11.244140625,11.244140625,434.036,434.036,434.036,98.0,0.0,11.244140625,434.036,5
11776883.447512925,4.182384490966797,135805679.34232628,209692.3920205468,2123792.9668923984,14455895.487539077,22.1375,22.1375,22.1375,22.1375,22.1375,22.1375,22.1375,22.1375,22.1375,22.1375,22.1375,100.0,100.0,100.0,0.0,0.0,0.0,11.244140625,11.244140625,11.244140625,529.506,529.506,529.506,100.0,0.0,11.244140625,529.506,5
11776884.462182902,4.182384490966797,132200816.05214524,204068.3223780613,2066831.6272990508,14068180.119408578,20.974999999999998,20.974999999999998,20.974999999999998,20.974999999999998,20.974999999999998,20.974999999999998,20.974999999999998,20.974999999999998,20.974999999999998,20.974999999999998,20.974999999999998,98.0,98.0,98.0,0.0,0.0,0.0,11.244140625,11.244140625,11.244140625,438.593,438.593,438.593,98.0,0.0,11.244140625,438.593,5
11776885.455830527,4.182384490966797,135030637.1532378,208387.75703853182,2110559.061202677,14365817.047444,21.1875,21.1875,21.1875,21.1875,21.1875,21.1875,21.1875,21.1875,21.1875,21.1875,21.1875,98.0,98.0,98.0,0.0,0.0,0.0,11.244140625,11.244140625,11.244140625,444.271,444.271,444.271,98.0,0.0,11.244140625,444.271,5
11776886.448974004,4.182384490966797,135132052.08453032,208501.59608378436,2111630.4436635594,14373109.562827157,21.650000000000002,21.650000000000002,21.650000000000002,21.650000000000002,21.650000000000002,21.650000000000002,21.650000000000002,21.650000000000002,21.650000000000002,21.650000000000002,21.650000000000002,95.0,95.0,95.0,0.0,0.0,0.0,11.244140625,11.244140625,11.244140625,528.291,528.291,528.291,95.0,0.0,11.244140625,528.291,5
11776887.461585827,4.182395935058594,132566249.89974718,204493.9583605885,2071032.5043043992,14096773.979493812,21.087500000000002,21.087500000000002,21.087500000000002,21.087500000000002,21.087500000000002,21.087500000000002,21.087500000000002,21.087500000000002,21.087500000000002,21.087500000000002,21.087500000000002,97.0,97.0,97.0,0.0,0.0,0.0,11.244140625,11.244140625,11.244140625,436.463,436.463,436.463,97.0,0.0,11.244140625,436.463,5
11776888.459059197,4.182395935058594,134610908.92260286,207606.5448655261,2102464.14839449,14310717.885067966,21.15,21.15,21.15,21.15,21.15,21.15,21.15,21.15,21.15,21.15,21.15,97.0,97.0,97.0,0.0,0.0,0.0,11.244140625,11.244140625,11.244140625,444.327,444.327,444.327,97.0,0.0,11.244140625,444.327,5
11776889.447816627,4.182395935058594,135830505.00899136,209437.6171458578,2120997.463203981,14441010.071736481,20.6875,20.6875,20.6875,20.6875,20.6875,20.6875,20.6875,20.6875,20.6875,20.6875,20.6875,98.0,98.0,98.0,0.0,0.0,0.0,11.244140625,11.244140625,11.244140625,523.804,523.804,523.804,98.0,0.0,11.244140625,523.804,5
11776890.458130673,4.182395935058594,132970016.20617983,204970.9206040558,2075742.6954469753,14132888.742828429,21.6875,21.6875,21.6875,21.6875,21.6875,21.6875,21.6875,21.6875,21.6875,21.6875,21.6875,97.0,97.0,97.0,0.0,0.0,0.0,11.244140625,11.244140625,11.244140625,438.461,438.461,438.461,97.0,0.0,11.244140625,438.461,5
11776891.455616321,4.182399749755859,134712785.24776486,207614.014538148,2102438.2680968177,14314648.051924817,21.299999999999997,21.299999999999997,21.299999999999997,21.299999999999997,21.299999999999997,21.299999999999997,21.299999999999997,21.299999999999997,21.299999999999997,21.299999999999997,21.299999999999997,95.0,95.0,95.0,0.0,0.0,0.0,11.244140625,11.244140625,11.244140625,460.237,460.237,460.237,95.0,0.0,11.244140625,460.237,5
11776892.46091891,4.182399749755859,133697767.63630603,206002.65252110918,2086090.319611527,14203341.512042545,21.0,21.0,21.0,21.0,21.0,21.0,21.0,21.0,21.0,21.0,21.0,97.0,97.0,97.0,0.0,0.0,0.0,11.244140625,11.244140625,11.244140625,496.776,496.776,496.776,97.0,0.0,11.244140625,496.776,5
11776893.462524135,4.182399749755859,134223864.6493041,206763.0989393225,2093790.9967251648,14255772.294109227,21.1875,21.1875,21.1875,21.1875,21.1875,21.1875,21.1875,21.1875,21.1875,21.1875,21.1875,97.0,97.0,97.0,0.0,0.0,0.0,11.244140625,11.244140625,11.244140625,438.2,438.2,438.2,97.0,0.0,11.244140625,438.2,5
11776894.455564888,4.182399749755859,135414324.66109154,208553.37433446158,2111848.876844573,14378721.06382848,21.8,21.8,21.8,21.8,21.8,21.8,21.8,21.8,21.8,21.8,21.8,100.0,100.0,100.0,0.0,0.0,0.0,11.244140625,11.244140625,11.244140625,496.952,496.952,496.952,100.0,0.0,11.244140625,496.952,5
11776895.460422847,4.182407379150391,133859739.84187548,206102.76118982045,2087013.374124857,14209626.215232912,23.05,23.05,23.05,23.05,23.05,23.05,23.05,23.05,23.05,23.05,23.05,97.0,97.0,97.0,0.0,0.0,0.0,11.244140625,11.244140625,11.244140625,462.252,462.252,462.252,97.0,0.0,11.244140625,462.252,5
11776896.462214552,4.182407379150391,134302007.4960522,206733.59449958155,2093401.2436842672,14253118.623990927,21.0,21.0,21.0,21.0,21.0,21.0,21.0,21.0,21.0,21.0,21.0,97.0,97.0,97.0,0.0,0.0,0.0,11.244140625,11.244140625,11.244140625,441.006,441.006,441.006,97.0,0.0,11.244140625,441.006,5
11776897.457900248,4.182407379150391,135158370.21590853,208008.4113961264,2106238.953875986,14340525.377366576,22.225,22.225,22.225,22.225,22.225,22.225,22.225,22.225,22.225,22.225,22.225,100.0,100.0,100.0,0.0,0.0,0.0,11.244140625,11.244140625,11.244140625,503.079,503.079,503.079,100.0,0.0,11.244140625,503.079,5
11776898.464030128,4.182407379150391,133787773.07190159,205850.16330298295,2084375.0322104818,14195733.861949122,20.8,20.8,20.8,20.8,20.8,20.8,20.8,20.8,20.8,20.8,20.8,97.0,97.0,97.0,0.0,0.0,0.0,11.244140625,11.244140625,11.244140625,440.5,440.5,440.5,97.0,0.0,11.244140625,440.5,5
11776899.46465778,4.182407379150391,134556057.6467846,206983.08669086537,2095836.5443980903,14273793.027961213,20.9125,20.9125,20.9125,20.9125,20.9125,20.9125,20.9125,20.9125,20.9125,20.9125,20.9125,98.0,98.0,98.0,0.0,0.0,0.0,11.244140625,11.244140625,11.244140625,439.672,439.672,439.672,98.0,0.0,11.244140625,439.672,5
11776900.447989777,4.182407379150391,136958708.16576982,210630.79472949606,2132699.847569294,14524852.28217603,21.900000000000002,21.900000000000002,21.900000000000002,21.900000000000002,21.900000000000002,21.900000000000002,21.900000000000002,21.900000000000002,21.900000000000002,21.900000000000002,21.900000000000002,100.0,100.0,100.0,0.0,0.0,0.0,11.244140625,11.244140625,11.244140625,530.118,530.118,530.118,100.0,0.0,11.244140625,530.118,5
11776901.461536003,4.182422637939453,132910824.85606168,204353.77743529622,2069123.188536159,14091860.465674974,20.9375,20.9375,20.9375,20.9375,20.9375,20.9375,20.9375,20.9375,20.9375,20.9375,20.9375,96.0,96.0,96.0,0.0,0.0,0.0,11.244140625,11.244140625,11.244140625,439.518,439.518,439.518,96.0,0.0,11.244140625,439.518,5
11776902.460240465,4.182422637939453,134918693.37771752,207390.6826386124,2099872.465874853,14301279.860362524,20.875,20.875,20.875,20.875,20.875,20.875,20.875,20.875,20.875,20.875,20.875,98.0,98.0,98.0,0.0,0.0,0.0,11.244140625,11.244140625,11.244140625,438.204,438.204,438.204,98.0,0.0,11.244140625,438.204,5
11776903.449176555,4.182422637939453,136284382.02236468,209446.294778937,2120614.283795303,14442542.983582465,21.162499999999998,21.162499999999998,21.162499999999998,21.162499999999998,21.162499999999998,21.162499999999998,21.162499999999998,21.162499999999998,21.162499999999998,21.162499999999998,21.162499999999998,99.0,99.0,99.0,0.0,0.0,0.0,11.244140625,11.244140625,11.244140625,526.508,526.508,526.508,99.0,0.0,11.244140625,526.508,5
11776904.463520473,4.182422637939453,132902832.74883275,204199.97246799496,2067496.008097372,14080778.477022532,20.950000000000003,20.950000000000003,20.950000000000003,20.950000000000003,20.950000000000003,20.950000000000003,20.950000000000003,20.950000000000003,20.950000000000003,20.950000000000003,20.950000000000003,97.0,97.0,97.0,0.0,0.0,0.0,11.244140625,11.244140625,11.244140625,440.377,440.377,440.377,97.0,0.0,11.244140625,440.377,5
11776905.45898151,4.182422637939453,135456655.6965002,208080.46947237037,2106714.297441876,14347876.474960592,20.725,20.725,20.725,20.725,20.725,20.725,20.725,20.725,20.725,20.725,20.725,98.0,98.0,98.0,0.0,0.0,0.0,11.244140625,11.244140625,11.244140625,438.599,438.599,438.599,98.0,0.0,11.244140625,438.599,5
11776906.448753553,4.182422637939453,136273710.75473043,209278.4915677349,2118823.2345019183,14430344.958414434,21.0,21.0,21.0,21.0,21.0,21.0,21.0,21.0,21.0,21.0,21.0,97.0,97.0,97.0,0.0,0.0,0.0,11.244140625,11.244140625,11.244140625,522.488,522.488,522.488,97.0,0.0,11.244140625,522.488,5
11776907.459962856,4.182422637939453,133417056.71742071,204843.84318889165,2073904.9697367507,14124427.010687597,21.099999999999998,21.099999999999998,21.099999999999998,21.099999999999998,21.099999999999998,21.099999999999998,21.099999999999998,21.099999999999998,21.099999999999998,21.099999999999998,21.099999999999998,97.0,97.0,97.0,0.0,0.0,0.0,11.244140625,11.244140625,11.244140625,437.251,437.251,437.251,97.0,0.0,11.244140625,437.251,5
11776908.459971488,4.182422637939453,134944051.23074275,207149.21199206938,2097133.8985937422,14282628.719524179,21.049999999999997,21.049999999999997,21.049999999999997,21.049999999999997,21.049999999999997,21.049999999999997,21.049999999999997,21.049999999999997,21.049999999999997,21.049999999999997,21.049999999999997,93.0,93.0,93.0,0.0,0.0,0.0,11.244140625,11.244140625,11.244140625,459.735,459.735,459.735,93.0,0.0,11.244140625,459.735,5
11776909.45922091,4.182430267333984,135079239.38069415,207308.60108389438,2098727.2565702223,14293480.358711652,21.375,21.375,21.375,21.375,21.375,21.375,21.375,21.375,21.375,21.375,21.375,95.0,95.0,95.0,0.0,0.0,0.0,11.244140625,11.244140625,11.244140625,524.642,524.642,524.642,95.0,0.0,11.244140625,524.642,5
11776910.454928529,4.182441711425781,135592502.8085424,208046.01294603114,2106192.582978741,14344323.314154042,21.212500000000002,21.212500000000002,21.212500000000002,21.212500000000002,21.212500000000002,21.212500000000002,21.212500000000002,21.212500000000002,21.212500000000002,21.212500000000002,21.212500000000002,97.0,97.0,97.0,0.0,0.0,0.0,11.244140625,11.244140625,11.244140625,445.161,445.161,445.161,97.0,0.0,11.244140625,445.161,5
11776911.45538948,4.181480407714844,134981020.40986162,207130.5230491655,2096185.7617943864,14292547.840672271,13.950000000000001,13.950000000000001,13.950000000000001,13.950000000000001,13.950000000000001,13.950000000000001,13.950000000000001,13.950000000000001,13.950000000000001,13.950000000000001,13.950000000000001,0.0,0.0,0.0,0.0,0.0,0.0,5.947265625,5.947265625,5.947265625,305.771,305.771,305.771,0.0,0.0,5.947265625,305.771,5
11776912.453774212,6.502723693847656,135298216.77813402,207567.2766234709,2100544.9414446866,14322270.294108205,85.23750000000001,85.23750000000001,85.23750000000001,85.23750000000001,85.23750000000001,85.23750000000001,85.23750000000001,85.23750000000001,85.23750000000001,85.23750000000001,85.23750000000001,13.0,13.0,13.0,0.0,0.0,0.0,11.236328125,11.236328125,11.236328125,141.139,141.139,141.139,13.0,0.0,11.236328125,141.139,5
11776913.44970371,4.182003021240234,135667401.39813966,208098.06353690728,2105723.3506354718,14357578.548961783,19.4625,19.4625,19.4625,19.4625,19.4625,19.4625,19.4625,19.4625,19.4625,19.4625,19.4625,8.0,8.0,8.0,0.0,0.0,0.0,17.310546875,17.310546875,17.310546875,172.616,172.616,172.616,8.0,0.0,17.310546875,172.616,5
11776914.450355312,4.182003021240234,135059797.8058813,207116.04283398308,2095786.3820264959,14289824.72588769,22.1625,22.1625,22.1625,22.1625,22.1625,22.1625,22.1625,22.1625,22.1625,22.1625,22.1625,100.0,100.0,100.0,0.0,0.0,0.0,17.3125,17.3125,17.3125,614.149,614.149,614.149,100.0,0.0,17.3125,614.149,5
11776915.456610192,4.182003021240234,134340157.46839637,205962.72790238992,2084116.1043659756,14210252.578792227,21.425,21.425,21.425,21.425,21.425,21.425,21.425,21.425,21.425,21.425,21.425,97.0,97.0,97.0,0.0,0.0,0.0,17.3125,17.3125,17.3125,473.704,473.704,473.704,97.0,0.0,17.3125,473.704,5
11776916.458875649,4.182003021240234,134907447.96902406,206783.54076686868,2092411.7310632477,14266815.142855072,21.4125,21.4125,21.4125,21.4125,21.4125,21.4125,21.4125,21.4125,21.4125,21.4125,21.4125,98.0,98.0,98.0,0.0,0.0,0.0,17.3125,17.3125,17.3125,477.258,477.258,477.258,98.0,0.0,17.3125,477.258,5
11776917.457287489,4.182018280029297,135463585.8718522,207583.6761268037,2100487.9112426233,14321881.441695308,23.025,23.025,23.025,23.025,23.025,23.025,23.025,23.025,23.025,23.025,23.025,98.0,98.0,98.0,0.0,0.0,0.0,17.3125,17.3125,17.3125,481.829,481.829,481.829,98.0,0.0,17.3125,481.829,5
11776918.451044794,4.182064056396484,136130914.68970618,208562.99502717043,2110326.1209162385,14388961.89085662,22.599999999999998,22.599999999999998,22.599999999999998,22.599999999999998,22.599999999999998,22.599999999999998,22.599999999999998,22.599999999999998,22.599999999999998,22.599999999999998,22.599999999999998,100.0,100.0,100.0,0.0,0.0,0.0,17.3125,17.3125,17.3125,578.578,578.578,578.578,100.0,0.0,17.3125,578.578,5
11776919.459063824,4.182064056396484,134237274.2579691,205613.18170812924,2080468.659211851,14185382.986930804,21.9625,21.9625,21.9625,21.9625,21.9625,21.9625,21.9625,21.9625,21.9625,21.9625,21.9625,97.0,97.0,97.0,0.0,0.0,0.0,17.3125,17.3125,17.3125,543.115,543.115,543.115,97.0,0.0,17.3125,543.115,5
11776920.460454797,4.182064056396484,135158361.35430154,206975.10319783472,2094238.969915255,14279273.914012022,21.1875,21.1875,21.1875,21.1875,21.1875,21.1875,21.1875,21.1875,21.1875,21.1875,21.1875,98.0,98.0,98.0,0.0,0.0,0.0,17.3125,17.3125,17.3125,477.382,477.382,477.382,98.0,0.0,17.3125,477.382,5
11776921.456116876,4.1821136474609375,135968823.1135595,208175.04706208984,2106288.9164786167,14513647.065110467,21.3875,21.3875,21.3875,21.3875,21.3875,21.3875,21.3875,21.3875,21.3875,21.3875,21.3875,98.0,98.0,98.0,0.0,0.0,0.0,17.3125,17.3125,17.3125,479.724,479.724,479.724,98.0,0.0,17.3125,479.724,5
11776922.456482628,4.1821136474609375,135362122.9344322,207204.21449354594,2096385.2413815556,14445404.55389478,22.2,22.2,22.2,22.2,22.2,22.2,22.2,22.2,22.2,22.2,22.2,98.0,98.0,98.0,0.0,0.0,0.0,17.3125,17.3125,17.3125,490.904,490.904,490.904,98.0,0.0,17.3125,490.904,5
11776923.452219157,4.1821136474609375,136029646.56372207,208168.52061981036,2106131.4319926887,14512561.89857462,22.25,22.25,22.25,22.25,22.25,22.25,22.25,22.25,22.25,22.25,22.25,100.0,100.0,100.0,0.0,0.0,0.0,17.3125,17.3125,17.3125,644.868,644.868,644.868,100.0,0.0,17.3125,644.868,5
11776924.45372634,4.1821136474609375,135278388.63974556,206970.05813574922,2093995.963757117,14428940.937763885,21.225,21.225,21.225,21.225,21.225,21.225,21.225,21.225,21.225,21.225,21.225,97.0,97.0,97.0,0.0,0.0,0.0,17.3125,17.3125,17.3125,479.828,479.828,479.828,97.0,0.0,17.3125,479.828,5
11776925.454884414,4.1821136474609375,135358111.3522092,207042.22987099164,2094726.1530591652,14433972.39842331,21.5375,21.5375,21.5375,21.5375,21.5375,21.5375,21.5375,21.5375,21.5375,21.5375,21.5375,95.0,95.0,95.0,0.0,0.0,0.0,17.3125,17.3125,17.3125,482.156,482.156,482.156,95.0,0.0,17.3125,482.156,5
11776926.45719954,4.182132720947266,135234369.34681985,206803.2244039605,2092308.0424986954,14417310.105342573,21.799999999999997,21.799999999999997,21.799999999999997,21.799999999999997,21.799999999999997,21.799999999999997,21.799999999999997,21.799999999999997,21.799999999999997,21.799999999999997,21.799999999999997,97.0,97.0,97.0,0.0,0.0,0.0,17.3125,17.3125,17.3125,483.378,483.378,483.378,97.0,0.0,17.3125,483.378,5
11776927.451410215,4.182140350341797,136369536.5180769,208497.05715058534,2109363.7917770483,14534834.877713725,23.0125,23.0125,23.0125,23.0125,23.0125,23.0125,23.0125,23.0125,23.0125,23.0125,23.0125,100.0,100.0,100.0,0.0,0.0,0.0,17.3125,17.3125,17.3125,594.825,594.825,594.825,100.0,0.0,17.3125,594.825,5
11776928.458469367,4.182140350341797,134664751.14597493,205837.95870483038,2082451.6586525822,14349393.460402949,22.5375,22.5375,22.5375,22.5375,22.5375,22.5375,22.5375,22.5375,22.5375,22.5375,22.5375,97.0,97.0,97.0,0.0,0.0,0.0,17.3125,17.3125,17.3125,517.309,517.309,517.309,97.0,0.0,17.3125,517.309,5
11776929.458397139,4.182140350341797,135660489.45747295,207308.97346919816,2097303.4835975757,14451731.816664545,21.862499999999997,21.862499999999997,21.862499999999997,21.862499999999997,21.862499999999997,21.862499999999997,21.862499999999997,21.862499999999997,21.862499999999997,21.862499999999997,21.862499999999997,97.0,97.0,97.0,0.0,0.0,0.0,17.3125,17.3125,17.3125,479.74,479.74,479.74,97.0,0.0,17.3125,479.74,5
11776930.45784417,4.182140350341797,135758349.1658277,207409.6911405734,2098312.30176722,14458683.204364749,21.6,21.6,21.6,21.6,21.6,21.6,21.6,21.6,21.6,21.6,21.6,97.0,97.0,97.0,0.0,0.0,0.0,17.3125,17.3125,17.3125,481.052,481.052,481.052,97.0,0.0,17.3125,481.052,5
11776931.459644385,4.182140350341797,135471995.29935452,206929.4824682542,2093383.4599630693,14424720.403808024,21.8875,21.8875,21.8875,21.8875,21.8875,21.8875,21.8875,21.8875,21.8875,21.8875,21.8875,95.0,95.0,95.0,0.0,0.0,0.0,17.3125,17.3125,17.3125,515.04,515.04,515.04,95.0,0.0,17.3125,515.04,5
11776932.452149129,4.182140350341797,136773615.2798294,208868.52308024289,2112989.3967515063,14563944.49440638,22.0125,22.0125,22.0125,22.0125,22.0125,22.0125,22.0125,22.0125,22.0125,22.0125,22.0125,97.0,97.0,97.0,0.0,0.0,0.0,17.3125,17.3125,17.3125,627.347,627.347,627.347,97.0,0.0,17.3125,627.347,5
11776933.454491453,4.182140350341797,135466469.54183772,206818.56376885253,2092251.268167738,14421005.32297646,22.05,22.05,22.05,22.05,22.05,22.05,22.05,22.05,22.05,22.05,22.05,98.0,98.0,98.0,0.0,0.0,0.0,17.3125,17.3125,17.3125,479.313,479.313,479.313,98.0,0.0,17.3125,479.313,5
11776934.45776802,4.182140350341797,135375537.11197883,206627.96981048243,2090302.984221282,14407576.623665828,21.7,21.7,21.7,21.7,21.7,21.7,21.7,21.7,21.7,21.7,21.7,98.0,98.0,98.0,0.0,0.0,0.0,17.3125,17.3125,17.3125,485.185,485.185,485.185,98.0,0.0,17.3125,485.185,5
11776935.45560911,4.182140350341797,136145618.14137468,207753.5211618688,2101689.3582482594,14486058.096207242,21.7625,21.7625,21.7625,21.7625,21.7625,21.7625,21.7625,21.7625,21.7625,21.7625,21.7625,98.0,98.0,98.0,0.0,0.0,0.0,17.3125,17.3125,17.3125,483.239,483.239,483.239,98.0,0.0,17.3125,483.239,5
11776936.451407608,4.182140350341797,136457613.88414374,208186.69674110005,2106000.363915217,14515772.039564064,22.8625,22.8625,22.8625,22.8625,22.8625,22.8625,22.8625,22.8625,22.8625,22.8625,22.8625,100.0,100.0,100.0,0.0,0.0,0.0,17.3125,17.3125,17.3125,621.089,621.089,621.089,100.0,0.0,17.3125,621.089,5
11776937.458203277,4.182151794433594,134999463.3354347,205913.67880153935,2082996.6443300992,14357217.105158048,21.625,21.625,21.625,21.625,21.625,21.625,21.625,21.625,21.625,21.625,21.625,97.0,97.0,97.0,0.0,0.0,0.0,17.3125,17.3125,17.3125,497.792,497.792,497.792,97.0,0.0,17.3125,497.792,5
11776938.4582486,4.182163238525391,135943301.54054588,207303.60422442557,2097056.9535266121,14454128.884756668,21.775000000000002,21.775000000000002,21.775000000000002,21.775000000000002,21.775000000000002,21.775000000000002,21.775000000000002,21.775000000000002,21.775000000000002,21.775000000000002,21.775000000000002,97.0,97.0,97.0,0.0,0.0,0.0,17.3125,17.3125,17.3125,479.066,479.066,479.066,97.0,0.0,17.3125,479.066,5
11776939.45750872,4.182209014892578,136088203.92755377,207467.5010352008,2098704.7895027515,14465486.722959395,23.65,23.65,23.65,23.65,23.65,23.65,23.65,23.65,23.65,23.65,23.65,96.0,96.0,96.0,0.0,0.0,0.0,17.3125,17.3125,17.3125,484.421,484.421,484.421,96.0,0.0,17.3125,484.421,5
11776940.452096708,4.182209014892578,136760260.2157229,208451.14014245418,2108563.57206884,14533439.152013546,22.4375,22.4375,22.4375,22.4375,22.4375,22.4375,22.4375,22.4375,22.4375,22.4375,22.4375,100.0,100.0,100.0,0.0,0.0,0.0,17.3125,17.3125,17.3125,537.951,537.951,537.951,100.0,0.0,17.3125,537.951,5
11776941.453101682,4.182209014892578,135916107.92330903,207114.85507442485,2095046.5339062246,14440271.910459114,22.224999999999998,22.224999999999998,22.224999999999998,22.224999999999998,22.224999999999998,22.224999999999998,22.224999999999998,22.224999999999998,22.224999999999998,22.224999999999998,22.224999999999998,98.0,98.0,98.0,0.0,0.0,0.0,17.3125,17.3125,17.3125,604.848,604.848,604.848,98.0,0.0,17.3125,604.848,5
11776942.456064628,4.182209014892578,135683265.68965763,206711.52473030429,2090956.6066215541,14412081.767123954,21.1375,21.1375,21.1375,21.1375,21.1375,21.1375,21.1375,21.1375,21.1375,21.1375,21.1375,98.0,98.0,98.0,0.0,0.0,0.0,17.3125,17.3125,17.3125,477.354,477.354,477.354,98.0,0.0,17.3125,477.354,5
11776943.458109451,4.182209014892578,135840158.91591364,206900.92422713694,2092872.4462425415,14425286.84138658,22.2625,22.2625,22.2625,22.2625,22.2625,22.2625,22.2625,22.2625,22.2625,22.2625,22.2625,97.0,97.0,97.0,0.0,0.0,0.0,17.3125,17.3125,17.3125,478.598,478.598,478.598,97.0,0.0,17.3125,478.598,5
11776944.458396584,4.182209014892578,136114225.2043243,207273.48507968805,2096550.0126937726,14450634.755461568,21.75,21.75,21.75,21.75,21.75,21.75,21.75,21.75,21.75,21.75,21.75,96.0,96.0,96.0,0.0,0.0,0.0,17.3125,17.3125,17.3125,484.307,484.307,484.307,96.0,0.0,17.3125,484.307,5
11776945.45251644,4.182209014892578,136994226.71082896,208560.364872489,2109556.4948974606,14540282.950181909,22.6,22.6,22.6,22.6,22.6,22.6,22.6,22.6,22.6,22.6,22.6,100.0,100.0,100.0,0.0,0.0,0.0,17.3125,17.3125,17.3125,633.048,633.048,633.048,100.0,0.0,17.3125,633.048,5
11776946.456034148,4.182209014892578,135743809.93964252,206607.21618207407,2089800.6917855681,14404114.533811074,21.975,21.975,21.975,21.975,21.975,21.975,21.975,21.975,21.975,21.975,21.975,97.0,97.0,97.0,0.0,0.0,0.0,17.3125,17.3125,17.3125,495.814,495.814,495.814,97.0,0.0,17.3125,495.814,5
11776947.459537024,4.182209014892578,135778338.37604496,206610.269933665,2089831.5800202833,14404327.433381991,21.625,21.625,21.625,21.625,21.625,21.625,21.625,21.625,21.625,21.625,21.625,97.0,97.0,97.0,0.0,0.0,0.0,17.3125,17.3125,17.3125,480.258,480.258,480.258,97.0,0.0,17.3125,480.258,5
11776948.456263771,4.182209014892578,136734162.42501554,208014.88522182536,2104039.050868268,14502253.536160387,21.8625,21.8625,21.8625,21.8625,21.8625,21.8625,21.8625,21.8625,21.8625,21.8625,21.8625,98.0,98.0,98.0,0.0,0.0,0.0,17.3125,17.3125,17.3125,482.699,482.699,482.699,98.0,0.0,17.3125,482.699,5
11776949.459650869,4.182209014892578,135859097.0234627,206643.07978872856,2090072.720396115,14405989.512261502,22.95,22.95,22.95,22.95,22.95,22.95,22.95,22.95,22.95,22.95,22.95,100.0,100.0,100.0,0.0,0.0,0.0,17.3125,17.3125,17.3125,552.217,552.217,552.217,100.0,0.0,17.3125,552.217,5
11776950.45799658,4.182209014892578,136583351.17155254,207689.5783356679,2100627.041687819,14478735.996320926,21.6625,21.6625,21.6625,21.6625,21.6625,21.6625,21.6625,21.6625,21.6625,21.6625,21.6625,98.0,98.0,98.0,0.0,0.0,0.0,17.3125,17.3125,17.3125,587.914,587.914,587.914,98.0,0.0,17.3125,587.914,5
11776951.459124872,4.182209014892578,136236348.6570446,207112.31688956375,2094788.467535339,14438493.167836351,21.4125,21.4125,21.4125,21.4125,21.4125,21.4125,21.4125,21.4125,21.4125,21.4125,21.4125,97.0,97.0,97.0,0.0,0.0,0.0,17.3125,17.3125,17.3125,478.009,478.009,478.009,97.0,0.0,17.3125,478.009,5
11776952.459856404,4.182209014892578,136322998.42830122,207195.43000994762,2095618.9886336513,14444217.599390928,21.4125,21.4125,21.4125,21.4125,21.4125,21.4125,21.4125,21.4125,21.4125,21.4125,21.4125,98.0,98.0,98.0,0.0,0.0,0.0,17.3125,17.3125,17.3125,481.349,481.349,481.349,98.0,0.0,17.3125,481.349,5
11776953.4604049,4.182209014892578,136380613.66404283,207241.3287855496,2096002.3493297624,14450953.697527464,21.575,21.575,21.575,21.575,21.575,21.575,21.575,21.575,21.575,21.575,21.575,96.0,96.0,96.0,0.0,0.0,0.0,17.3125,17.3125,17.3125,490.67,490.67,490.67,96.0,0.0,17.3125,490.67,5
11776954.453321563,4.182209014892578,137461766.11767438,208835.25061504997,2112112.808396445,14562027.761014553,22.6625,22.6625,22.6625,22.6625,22.6625,22.6625,22.6625,22.6625,22.6625,22.6625,22.6625,100.0,100.0,100.0,0.0,0.0,0.0,17.3125,17.3125,17.3125,650.911,650.911,650.911,100.0,0.0,17.3125,650.911,5
11776955.462674076,4.182209014892578,135261144.4345883,205436.65112005602,2077720.0964984603,14324906.13406165,22.200000000000003,22.200000000000003,22.200000000000003,22.200000000000003,22.200000000000003,22.200000000000003,22.200000000000003,22.200000000000003,22.200000000000003,22.200000000000003,22.200000000000003,96.0,96.0,96.0,0.0,0.0,0.0,17.3125,17.3125,17.3125,479.222,479.222,479.222,96.0,0.0,17.3125,479.222,5
11776956.462576428,4.182209014892578,136572123.90042472,207378.2499281135,2097356.801248291,14460292.00860638,22.0125,22.0125,22.0125,22.0125,22.0125,22.0125,22.0125,22.0125,22.0125,22.0125,22.0125,98.0,98.0,98.0,0.0,0.0,0.0,17.3125,17.3125,17.3125,479.168,479.168,479.168,98.0,0.0,17.3125,479.168,5
11776957.46134918,4.182209014892578,136759263.59564593,207612.7924798585,2099728.889045613,14476646.442052761,21.5,21.5,21.5,21.5,21.5,21.5,21.5,21.5,21.5,21.5,21.5,97.0,97.0,97.0,0.0,0.0,0.0,17.3125,17.3125,17.3125,479.165,479.165,479.165,97.0,0.0,17.3125,479.165,5
11776958.454232054,4.182209014892578,137603409.82460552,208851.4219136551,2112184.6848265887,14562523.315308318,22.3125,22.3125,22.3125,22.3125,22.3125,22.3125,22.3125,22.3125,22.3125,22.3125,22.3125,100.0,100.0,100.0,0.0,0.0,0.0,17.3125,17.3125,17.3125,567.848,567.848,567.848,100.0,0.0,17.3125,567.848,5
11776959.458159292,4.182209014892578,136122122.9870959,206554.81004194054,2088948.2026420708,14402318.66274709,21.099999999999998,21.099999999999998,21.099999999999998,21.099999999999998,21.099999999999998,21.099999999999998,21.099999999999998,21.099999999999998,21.099999999999998,21.099999999999998,21.099999999999998,97.0,97.0,97.0,0.0,0.0,0.0,17.3125,17.3125,17.3125,544.36,544.36,544.36,97.0,0.0,17.3125,544.36,5
11776960.461918335,4.182209014892578,136180172.83490896,206591.4139314392,2089298.2374770725,14404731.988855598,23.4375,23.4375,23.4375,23.4375,23.4375,23.4375,23.4375,23.4375,23.4375,23.4375,23.4375,96.0,96.0,96.0,0.0,0.0,0.0,17.3125,17.3125,17.3125,476.989,476.989,476.989,96.0,0.0,17.3125,476.989,5
11776961.46207676,4.182209014892578,136705795.32688746,207336.15268282167,2096819.8104397708,14456589.708696077,21.475,21.475,21.475,21.475,21.475,21.475,21.475,21.475,21.475,21.475,21.475,95.0,95.0,95.0,0.0,0.0,0.0,17.3125,17.3125,17.3125,480.361,480.361,480.361,95.0,0.0,17.3125,480.361,5
11776962.463017512,4.182209014892578,136631563.6809829,207186.08942027617,2095180.9558248394,14445290.574339224,21.9125,21.9125,21.9125,21.9125,21.9125,21.9125,21.9125,21.9125,21.9125,21.9125,21.9125,98.0,98.0,98.0,0.0,0.0,0.0,17.3125,17.3125,17.3125,481.476,481.476,481.476,98.0,0.0,17.3125,481.476,5
11776963.454933168,4.182209014892578,137907628.67545006,209071.20347635643,2114244.2775029913,14576723.241378047,21.975,21.975,21.975,21.975,21.975,21.975,21.975,21.975,21.975,21.975,21.975,99.0,99.0,99.0,0.0,0.0,0.0,17.3125,17.3125,17.3125,645.944,645.944,645.944,99.0,0.0,17.3125,645.944,5
11776964.459543005,4.182209014892578,136197523.7159106,206429.3942919392,2087528.8338764347,14392532.780437138,21.4375,21.4375,21.4375,21.4375,21.4375,21.4375,21.4375,21.4375,21.4375,21.4375,21.4375,97.0,97.0,97.0,0.0,0.0,0.0,17.3125,17.3125,17.3125,481.05,481.05,481.05,97.0,0.0,17.3125,481.05,5
11776965.457273036,4.182212829589844,137172109.35228306,207853.8216048804,2101923.2994489307,14491775.87315376,21.2375,21.2375,21.2375,21.2375,21.2375,21.2375,21.2375,21.2375,21.2375,21.2375,21.2375,98.0,98.0,98.0,0.0,0.0,0.0,17.3125,17.3125,17.3125,478.986,478.986,478.986,98.0,0.0,17.3125,478.986,5
11776966.45994499,4.182212829589844,136531338.64043587,206831.3562769756,2091563.4401832926,14420349.499701217,22.099999999999998,22.099999999999998,22.099999999999998,22.099999999999998,22.099999999999998,22.099999999999998,22.099999999999998,22.099999999999998,22.099999999999998,22.099999999999998,22.099999999999998,98.0,98.0,98.0,0.0,0.0,0.0,17.3125,17.3125,17.3125,484.083,484.083,484.083,98.0,0.0,17.3125,484.083,5
11776967.4569778,4.182216644287109,137336313.9369984,208008.19984997925,2103393.167166288,14501909.922064448,21.650000000000002,21.650000000000002,21.650000000000002,21.650000000000002,21.650000000000002,21.650000000000002,21.650000000000002,21.650000000000002,21.650000000000002,21.650000000000002,21.650000000000002,100.0,100.0,100.0,0.0,0.0,0.0,17.3125,17.3125,17.3125,584.543,584.543,584.543,100.0,0.0,17.3125,584.543,5
11776968.462413868,4.182216644287109,136220964.51925844,206269.70378124464,2085813.3758178742,14380705.501244329,21.45,21.45,21.45,21.45,21.45,21.45,21.45,21.45,21.45,21.45,21.45,96.0,96.0,96.0,0.0,0.0,0.0,17.3125,17.3125,17.3125,536.587,536.587,536.587,96.0,0.0,17.3125,536.587,5
11776969.46323573,4.182216644287109,136881637.13332683,207221.6922889065,2095429.8450618386,14447006.548961505,21.175,21.175,21.175,21.175,21.175,21.175,21.175,21.175,21.175,21.175,21.175,97.0,97.0,97.0,0.0,0.0,0.0,17.3125,17.3125,17.3125,480.281,480.281,480.281,97.0,0.0,17.3125,480.281,5
11776970.46131666,4.182216644287109,137290264.66373023,207790.76507729996,2101184.320337283,14486680.958575409,22.200000000000003,22.200000000000003,22.200000000000003,22.200000000000003,22.200000000000003,22.200000000000003,22.200000000000003,22.200000000000003,22.200000000000003,22.200000000000003,22.200000000000003,95.0,95.0,95.0,0.0,0.0,0.0,17.3125,17.3125,17.3125,493.574,493.574,493.574,95.0,0.0,17.3125,493.574,5
11776971.464393916,4.182228088378906,136644438.14271608,206764.7320781977,2090718.3254046822,14418606.263679557,21.925,21.925,21.925,21.925,21.925,21.925,21.925,21.925,21.925,21.925,21.925,95.0,95.0,95.0,0.0,0.0,0.0,17.3125,17.3125,17.3125,519.783,519.783,519.783,95.0,0.0,17.3125,519.783,5
11776972.45644658,4.182228088378906,138195889.02845547,209064.50566726734,2113952.2870407905,14578838.917072326,22.1875,22.1875,22.1875,22.1875,22.1875,22.1875,22.1875,22.1875,22.1875,22.1875,22.1875,97.0,97.0,97.0,0.0,0.0,0.0,17.3125,17.3125,17.3125,637.331,637.331,637.331,97.0,0.0,17.3125,637.331,5
11776973.46276806,4.182228088378906,136268871.24181935,206100.14235342736,2083978.176481415,14372122.93194507,22.0375,22.0375,22.0375,22.0375,22.0375,22.0375,22.0375,22.0375,22.0375,22.0375,22.0375,95.0,95.0,95.0,0.0,0.0,0.0,17.3125,17.3125,17.3125,478.451,478.451,478.451,95.0,0.0,17.3125,478.451,5
11776974.463740803,4.182228088378906,137029657.21251234,207201.44602054567,2095113.9902743904,14448920.897771236,21.275,21.275,21.275,21.275,21.275,21.275,21.275,21.275,21.275,21.275,21.275,95.0,95.0,95.0,0.0,0.0,0.0,17.3125,17.3125,17.3125,480.555,480.555,480.555,95.0,0.0,17.3125,480.555,5
11776975.462156514,4.1822357177734375,137413314.48441875,207732.10781706267,2100479.7682423526,14485925.901687006,21.55,21.55,21.55,21.55,21.55,21.55,21.55,21.55,21.55,21.55,21.55,97.0,97.0,97.0,0.0,0.0,0.0,17.3125,17.3125,17.3125,485.69,485.69,485.69,97.0,0.0,17.3125,485.69,5
11776976.456609331,4.1822357177734375,137996509.84301907,208568.97016941366,2108850.177081009,14543652.29545516,23.7625,23.7625,23.7625,23.7625,23.7625,23.7625,23.7625,23.7625,23.7625,23.7625,23.7625,100.0,100.0,100.0,0.0,0.0,0.0,17.3125,17.3125,17.3125,586.464,586.464,586.464,100.0,0.0,17.3125,586.464,5
11776977.46346516,4.1822357177734375,136331749.8781616,206000.69452879456,2082872.185120752,14364495.479807373,21.462500000000002,21.462500000000002,21.462500000000002,21.462500000000002,21.462500000000002,21.462500000000002,21.462500000000002,21.462500000000002,21.462500000000002,21.462500000000002,21.462500000000002,96.0,96.0,96.0,0.0,0.0,0.0,17.3125,17.3125,17.3125,515.866,515.866,515.866,96.0,0.0,17.3125,515.866,5
11776978.46142922,4.1822357177734375,137579179.96473488,207836.14192851094,2101430.386319375,14492481.824401787,21.462500000000002,21.462500000000002,21.462500000000002,21.462500000000002,21.462500000000002,21.462500000000002,21.462500000000002,21.462500000000002,21.462500000000002,21.462500000000002,21.462500000000002,96.0,96.0,96.0,0.0,0.0,0.0,17.3125,17.3125,17.3125,480.905,480.905,480.905,96.0,0.0,17.3125,480.905,5
11776979.462437363,4.182239532470703,137193426.3186402,207205.1074869492,2095039.8988326269,14448409.927300792,21.625,21.625,21.625,21.625,21.625,21.625,21.625,21.625,21.625,21.625,21.625,96.0,96.0,96.0,0.0,0.0,0.0,17.3125,17.3125,17.3125,479.743,479.743,479.743,96.0,0.0,17.3125,479.743,5
11776980.464248808,4.182239532470703,137116025.89346978,207045.94770308468,2093359.9940093793,14436824.489935778,22.075,22.075,22.075,22.075,22.075,22.075,22.075,22.075,22.075,22.075,22.075,96.0,96.0,96.0,0.0,0.0,0.0,17.3125,17.3125,17.3125,515.163,515.163,515.163,96.0,0.0,17.3125,515.163,5
11776981.457360974,4.182239532470703,138352741.7907249,208860.5972312996,2111697.01962576,14563285.500583122,22.4,22.4,22.4,22.4,22.4,22.4,22.4,22.4,22.4,22.4,22.4,98.0,98.0,98.0,0.0,0.0,0.0,17.3125,17.3125,17.3125,624.749,624.749,624.749,98.0,0.0,17.3125,624.749,5
11776982.46230972,4.182239532470703,136758419.2632246,206402.56604166885,2086824.8330926888,14391754.854785712,22.2,22.2,22.2,22.2,22.2,22.2,22.2,22.2,22.2,22.2,22.2,95.0,95.0,95.0,0.0,0.0,0.0,17.3125,17.3125,17.3125,476.445,476.445,476.445,95.0,0.0,17.3125,476.445,5
11776983.463423995,4.182239532470703,137314855.44736442,207194.12869874682,2094817.7962580898,14446878.20036585,21.2875,21.2875,21.2875,21.2875,21.2875,21.2875,21.2875,21.2875,21.2875,21.2875,21.2875,96.0,96.0,96.0,0.0,0.0,0.0,17.3125,17.3125,17.3125,478.647,478.647,478.647,96.0,0.0,17.3125,478.647,5
11776984.464167697,4.182239532470703,137398338.57338354,207270.8522414488,2095593.5028075632,14452227.848463878,21.974999999999998,21.974999999999998,21.974999999999998,21.974999999999998,21.974999999999998,21.974999999999998,21.974999999999998,21.974999999999998,21.974999999999998,21.974999999999998,21.974999999999998,97.0,97.0,97.0,0.0,0.0,0.0,17.3125,17.3125,17.3125,483.72,483.72,483.72,97.0,0.0,17.3125,483.72,5
11776985.457205104,4.182254791259766,138498221.8392017,208951.8468006152,2111855.99513055,14580880.747629872,13.9,13.9,13.9,13.9,13.9,13.9,13.9,13.9,13.9,13.9,13.9,0.0,0.0,0.0,0.0,0.0,0.0,5.947265625,5.947265625,5.947265625,231.823,231.823,231.823,0.0,0.0,5.947265625,231.823,5
11776986.456565645,4.184173583984375,137655109.8151446,207648.7829076232,2098493.901059618,14492723.50419299,10.9125,10.9125,10.9125,10.9125,10.9125,10.9125,10.9125,10.9125,10.9125,10.9125,10.9125,0.0,0.0,0.0,0.0,0.0,0.0,28.37890625,28.37890625,28.37890625,142.191,142.191,142.191,0.0,0.0,28.37890625,142.191,5
11776987.45764892,4.184173583984375,137453599.90987557,207292.44521355096,2094882.6653454362,14467783.407541918,22.3625,22.3625,22.3625,22.3625,22.3625,22.3625,22.3625,22.3625,22.3625,22.3625,22.3625,100.0,100.0,100.0,0.0,0.0,0.0,28.37890625,28.37890625,28.37890625,574.661,574.661,574.661,100.0,0.0,28.37890625,574.661,5
11776988.45765778,4.184173583984375,137636657.4562235,207516.161281684,2097133.4181333967,14483327.66898377,22.2625,22.2625,22.2625,22.2625,22.2625,22.2625,22.2625,22.2625,22.2625,22.2625,22.2625,100.0,100.0,100.0,0.0,0.0,0.0,28.380859375,28.380859375,28.380859375,664.018,664.018,664.018,100.0,0.0,28.380859375,664.018,5
11776989.462271137,4.1841888427734375,137038306.4157671,206565.04178775856,2087521.5186888915,14416945.488445157,21.6375,21.6375,21.6375,21.6375,21.6375,21.6375,21.6375,21.6375,21.6375,21.6375,21.6375,99.0,99.0,99.0,0.0,0.0,0.0,28.380859375,28.380859375,28.380859375,557.506,557.506,557.506,99.0,0.0,28.380859375,557.506,5
11776990.460996429,4.1841888427734375,137878904.43329966,207784.8651667243,2099828.669786653,14501941.750714071,21.35,21.35,21.35,21.35,21.35,21.35,21.35,21.35,21.35,21.35,21.35,99.0,99.0,99.0,0.0,0.0,0.0,28.3828125,28.3828125,28.3828125,581.353,581.353,581.353,99.0,0.0,28.3828125,581.353,5
11776991.457708947,4.1841888427734375,138190082.28982538,208205.4715618519,2104069.0874508163,14531227.1352072,21.974999999999998,21.974999999999998,21.974999999999998,21.974999999999998,21.974999999999998,21.974999999999998,21.974999999999998,21.974999999999998,21.974999999999998,21.974999999999998,21.974999999999998,99.0,99.0,99.0,0.0,0.0,0.0,28.3828125,28.3828125,28.3828125,582.869,582.869,582.869,99.0,0.0,28.3828125,582.869,5
11776992.458661202,4.1841888427734375,137640089.53917822,207324.57414163087,2095156.876428858,14469677.1778368,23.5625,23.5625,23.5625,23.5625,23.5625,23.5625,23.5625,23.5625,23.5625,23.5625,23.5625,98.0,98.0,98.0,0.0,0.0,0.0,28.3828125,28.3828125,28.3828125,582.338,582.338,582.338,98.0,0.0,28.3828125,582.338,5
11776993.46532378,4.1841888427734375,136891742.1736245,206149.5129161471,2083272.0388155708,14387597.518070035,21.712500000000002,21.712500000000002,21.712500000000002,21.712500000000002,21.712500000000002,21.712500000000002,21.712500000000002,21.712500000000002,21.712500000000002,21.712500000000002,21.712500000000002,99.0,99.0,99.0,0.0,0.0,0.0,28.3828125,28.3828125,28.3828125,582.73,582.73,582.73,99.0,0.0,28.3828125,582.73,5
11776994.456723137,4.1841888427734375,139034967.10331386,209334.41051247093,2115345.32980162,14609103.683942439,22.3,22.3,22.3,22.3,22.3,22.3,22.3,22.3,22.3,22.3,22.3,100.0,100.0,100.0,0.0,0.0,0.0,28.3828125,28.3828125,28.3828125,645.083,645.083,645.083,100.0,0.0,28.3828125,645.083,5
11776995.457534797,4.1841888427734375,137759998.62827584,207365.6894271826,2095451.2046873998,14471709.882372355,22.4875,22.4875,22.4875,22.4875,22.4875,22.4875,22.4875,22.4875,22.4875,22.4875,22.4875,100.0,100.0,100.0,0.0,0.0,0.0,28.3828125,28.3828125,28.3828125,685.178,685.178,685.178,100.0,0.0,28.3828125,685.178,5
11776996.458892543,4.1841888427734375,137717463.74995705,207252.60373494972,2094308.462362588,14463817.818191621,21.8625,21.8625,21.8625,21.8625,21.8625,21.8625,21.8625,21.8625,21.8625,21.8625,21.8625,99.0,99.0,99.0,0.0,0.0,0.0,28.3828125,28.3828125,28.3828125,600.639,600.639,600.639,99.0,0.0,28.3828125,600.639,5
11776997.466951044,4.1841888427734375,136837112.93283197,205874.95637428795,2080387.1968460626,14367674.07821812,22.55,22.55,22.55,22.55,22.55,22.55,22.55,22.55,22.55,22.55,22.55,98.0,98.0,98.0,0.0,0.0,0.0,28.3828125,28.3828125,28.3828125,587.834,587.834,587.834,98.0,0.0,28.3828125,587.834,5
11776998.460152268,4.1841888427734375,138916923.02371985,208955.64257996838,2111507.667371122,14582599.827781811,21.674999999999997,21.674999999999997,21.674999999999997,21.674999999999997,21.674999999999997,21.674999999999997,21.674999999999997,21.674999999999997,21.674999999999997,21.674999999999997,21.674999999999997,99.0,99.0,99.0,0.0,0.0,0.0,28.3828125,28.3828125,28.3828125,584.249,584.249,584.249,99.0,0.0,28.3828125,584.249,5
11776999.462256871,4.1841888427734375,137715258.08854306,207099.13858256408,2092747.597642332,14453038.096217357,21.775,21.775,21.775,21.775,21.775,21.775,21.775,21.775,21.775,21.775,21.775,99.0,99.0,99.0,0.0,0.0,0.0,28.3828125,28.3828125,28.3828125,585.891,585.891,585.891,99.0,0.0,28.3828125,585.891,5
11777000.45856482,4.184207916259766,138552006.1276107,208305.07303564803,2104923.4856933514,14537127.823069708,23.175,23.175,23.175,23.175,23.175,23.175,23.175,23.175,23.175,23.175,23.175,99.0,99.0,99.0,0.0,0.0,0.0,28.3828125,28.3828125,28.3828125,588.025,588.025,588.025,99.0,0.0,28.3828125,588.025,5
11777001.468957864,4.184207916259766,136652870.70477173,205411.1528544012,2075580.401602118,14334477.14856463,23.25,23.25,23.25,23.25,23.25,23.25,23.25,23.25,23.25,23.25,23.25,100.0,100.0,100.0,0.0,0.0,0.0,28.3828125,28.3828125,28.3828125,625.174,625.174,625.174,100.0,0.0,28.3828125,625.174,5
11777002.458758837,4.184207916259766,139528830.32675245,209684.5787082394,2118761.3040344873,14632695.255988177,22.3125,22.3125,22.3125,22.3125,22.3125,22.3125,22.3125,22.3125,22.3125,22.3125,22.3125,100.0,100.0,100.0,0.0,0.0,0.0,28.3828125,28.3828125,28.3828125,687.606,687.606,687.606,100.0,0.0,28.3828125,687.606,5
11777003.468519308,4.184234619140625,136805881.15601957,205541.81506228543,2076880.666359117,14343457.102042653,22.5,22.5,22.5,22.5,22.5,22.5,22.5,22.5,22.5,22.5,22.5,98.0,98.0,98.0,0.0,0.0,0.0,28.3828125,28.3828125,28.3828125,606.018,606.018,606.018,98.0,0.0,28.3828125,606.018,5
11777004.46677311,4.184234619140625,138415531.94753945,207911.0539002709,2100820.4488073164,14508791.224575529,22.1,22.1,22.1,22.1,22.1,22.1,22.1,22.1,22.1,22.1,22.1,98.0,98.0,98.0,0.0,0.0,0.0,28.3828125,28.3828125,28.3828125,583.273,583.273,583.273,98.0,0.0,28.3828125,583.273,5
11777005.463156668,4.184234619140625,138708120.74059835,208301.3094042718,2104763.7540221415,14536024.676215414,22.1625,22.1625,22.1625,22.1625,22.1625,22.1625,22.1625,22.1625,22.1625,22.1625,22.1625,97.0,97.0,97.0,0.0,0.0,0.0,28.3828125,28.3828125,28.3828125,579.143,579.143,579.143,97.0,0.0,28.3828125,579.143,5
11777006.467523295,4.184234619140625,137640863.6933832,206646.65116122176,2088034.332981891,14420487.112156186,21.375,21.375,21.375,21.375,21.375,21.375,21.375,21.375,21.375,21.375,21.375,98.0,98.0,98.0,0.0,0.0,0.0,28.3828125,28.3828125,28.3828125,577.232,577.232,577.232,98.0,0.0,28.3828125,577.232,5
11777007.45960522,4.184234619140625,139378156.65975156,209205.50482048054,2113889.9384978027,14599052.387750449,21.5375,21.5375,21.5375,21.5375,21.5375,21.5375,21.5375,21.5375,21.5375,21.5375,21.5375,98.0,98.0,98.0,0.0,0.0,0.0,28.3828125,28.3828125,28.3828125,579.854,579.854,579.854,98.0,0.0,28.3828125,579.854,5
11777008.468821552,4.184234619140625,137044172.55161324,205660.56417809808,2078000.4600552467,14351190.677256547,22.287499999999998,22.287499999999998,22.287499999999998,22.287499999999998,22.287499999999998,22.287499999999998,22.287499999999998,22.287499999999998,22.287499999999998,22.287499999999998,22.287499999999998,100.0,100.0,100.0,0.0,0.0,0.0,28.3828125,28.3828125,28.3828125,603.468,603.468,603.468,100.0,0.0,28.3828125,603.468,5
11777009.459710963,4.184234619140625,139611822.87920794,209464.34345548018,2116433.9590585055,14616622.029747805,22.6625,22.6625,22.6625,22.6625,22.6625,22.6625,22.6625,22.6625,22.6625,22.6625,22.6625,100.0,100.0,100.0,0.0,0.0,0.0,28.3828125,28.3828125,28.3828125,676.763,676.763,676.763,100.0,0.0,28.3828125,676.763,5
11777010.460689347,4.184234619140625,138237287.8263078,207353.1289816356,2095102.1851938516,14469299.466495037,21.7125,21.7125,21.7125,21.7125,21.7125,21.7125,21.7125,21.7125,21.7125,21.7125,21.7125,98.0,98.0,98.0,0.0,0.0,0.0,28.3828125,28.3828125,28.3828125,638.302,638.302,638.302,98.0,0.0,28.3828125,638.302,5
11777011.459553888,4.184234619140625,138568013.32135916,207796.9449465847,2099535.937332254,14504020.72332848,23.35,23.35,23.35,23.35,23.35,23.35,23.35,23.35,23.35,23.35,23.35,98.0,98.0,98.0,0.0,0.0,0.0,28.3828125,28.3828125,28.3828125,578.285,578.285,578.285,98.0,0.0,28.3828125,578.285,5
11777012.46734402,4.184234619140625,137373179.86504704,205956.57122799754,2080941.1944630132,14375564.46253062,21.55,21.55,21.55,21.55,21.55,21.55,21.55,21.55,21.55,21.55,21.55,98.0,98.0,98.0,0.0,0.0,0.0,28.3828125,28.3828125,28.3828125,586.288,586.288,586.288,98.0,0.0,28.3828125,586.288,5
11777013.467940211,4.184234619140625,138393485.9476281,207438.3269841216,2095902.4402896706,14478919.787704227,22.0,22.0,22.0,22.0,22.0,22.0,22.0,22.0,22.0,22.0,22.0,99.0,99.0,99.0,0.0,0.0,0.0,28.3828125,28.3828125,28.3828125,582.874,582.874,582.874,99.0,0.0,28.3828125,582.874,5
11777014.465068972,4.184234619140625,138907519.76563564,208160.67917644288,2103190.764520823,14529269.011933887,22.1875,22.1875,22.1875,22.1875,22.1875,22.1875,22.1875,22.1875,22.1875,22.1875,22.1875,99.0,99.0,99.0,0.0,0.0,0.0,28.3828125,28.3828125,28.3828125,585.527,585.527,585.527,99.0,0.0,28.3828125,585.527,5
11777015.4603686,4.184234619140625,139195625.2186835,208554.28271000594,2107055.946765271,14555970.47599368,22.175,22.175,22.175,22.175,22.175,22.175,22.175,22.175,22.175,22.175,22.175,99.0,99.0,99.0,0.0,0.0,0.0,28.3828125,28.3828125,28.3828125,586.185,586.185,586.185,99.0,0.0,28.3828125,586.185,5
11777016.460514244,4.184234619140625,138556566.07448655,207543.7725052764,2096846.6069786458,14485442.282975528,22.1875,22.1875,22.1875,22.1875,22.1875,22.1875,22.1875,22.1875,22.1875,22.1875,22.1875,100.0,100.0,100.0,0.0,0.0,0.0,28.3828125,28.3828125,28.3828125,666.798,666.798,666.798,100.0,0.0,28.3828125,666.798,5
11777017.463414058,4.184234619140625,138211358.7121642,206975.80857045666,2091088.2322385553,14449746.417304704,22.05,22.05,22.05,22.05,22.05,22.05,22.05,22.05,22.05,22.05,22.05,98.0,98.0,98.0,0.0,0.0,0.0,28.3828125,28.3828125,28.3828125,660.965,660.965,660.965,98.0,0.0,28.3828125,660.965,5
11777018.462178309,4.184234619140625,138816324.21330476,207832.82932999922,2099746.761162497,14509578.205064287,22.025000000000002,22.025000000000002,22.025000000000002,22.025000000000002,22.025000000000002,22.025000000000002,22.025000000000002,22.025000000000002,22.025000000000002,22.025000000000002,22.025000000000002,99.0,99.0,99.0,0.0,0.0,0.0,28.3828125,28.3828125,28.3828125,559.285,559.285,559.285,99.0,0.0,28.3828125,559.285,5
11777019.468661947,4.184234619140625,137784077.82639366,206238.8220006652,2083642.4154831918,14398294.660116274,21.4375,21.4375,21.4375,21.4375,21.4375,21.4375,21.4375,21.4375,21.4375,21.4375,21.4375,97.0,97.0,97.0,0.0,0.0,0.0,28.3828125,28.3828125,28.3828125,562.072,562.072,562.072,97.0,0.0,28.3828125,562.072,5
11777020.469934251,4.184234619140625,138533796.8983473,207312.235816528,2094487.1756229205,14473233.647175571,22.275000000000002,22.275000000000002,22.275000000000002,22.275000000000002,22.275000000000002,22.275000000000002,22.275000000000002,22.275000000000002,22.275000000000002,22.275000000000002,22.275000000000002,99.0,99.0,99.0,0.0,0.0,0.0,28.3828125,28.3828125,28.3828125,565.97,565.97,565.97,99.0,0.0,28.3828125,565.97,5
11777021.4662861,4.184242248535156,139250673.44350445,208338.04860039064,2104830.7397624333,14544709.291561503,21.8,21.8,21.8,21.8,21.8,21.8,21.8,21.8,21.8,21.8,21.8,99.0,99.0,99.0,0.0,0.0,0.0,28.3828125,28.3828125,28.3828125,566.65,566.65,566.65,99.0,0.0,28.3828125,566.65,5
11777022.460943248,4.184242248535156,139526215.9672742,208695.0267085084,2108416.960457664,14569490.636912528,22.1875,22.1875,22.1875,22.1875,22.1875,22.1875,22.1875,22.1875,22.1875,22.1875,22.1875,98.0,98.0,98.0,0.0,0.0,0.0,28.3828125,28.3828125,28.3828125,587.254,587.254,587.254,98.0,0.0,28.3828125,587.254,5
11777023.4608873,4.184242248535156,138821133.80260158,207600.6148957417,2097269.338596142,14492458.828033496,22.8125,22.8125,22.8125,22.8125,22.8125,22.8125,22.8125,22.8125,22.8125,22.8125,22.8125,100.0,100.0,100.0,0.0,0.0,0.0,28.3828125,28.3828125,28.3828125,650.828,650.828,650.828,100.0,0.0,28.3828125,650.828,5
11777024.464257777,4.184242248535156,138379573.84477448,206891.6763867025,2090107.3415148484,14442968.309139714,22.45,22.45,22.45,22.45,22.45,22.45,22.45,22.45,22.45,22.45,22.45,100.0,100.0,100.0,0.0,0.0,0.0,28.3828125,28.3828125,28.3828125,683.376,683.376,683.376,100.0,0.0,28.3828125,683.376,5
11777025.467376271,4.184268951416016,138446845.27094266,206943.64736858336,2090632.3743855373,14446596.36831256,21.875,21.875,21.875,21.875,21.875,21.875,21.875,21.875,21.875,21.875,21.875,97.0,97.0,97.0,0.0,0.0,0.0,28.3828125,28.3828125,28.3828125,555.101,555.101,555.101,97.0,0.0,28.3828125,555.101,5
11777026.469081346,4.184268951416016,138674752.19089136,207235.64774365205,2093582.2858479756,14466980.717441674,21.925,21.925,21.925,21.925,21.925,21.925,21.925,21.925,21.925,21.925,21.925,99.0,99.0,99.0,0.0,0.0,0.0,28.3828125,28.3828125,28.3828125,572.44,572.44,572.44,99.0,0.0,28.3828125,572.44,5
11777027.468330428,4.184268951416016,139053702.9203315,207747.00095027144,2098727.9724885165,14502538.216141352,23.287499999999998,23.287499999999998,23.287499999999998,23.287499999999998,23.287499999999998,23.287499999999998,23.287499999999998,23.287499999999998,23.287499999999998,23.287499999999998,23.287499999999998,99.0,99.0,99.0,0.0,0.0,0.0,28.3828125,28.3828125,28.3828125,573.589,573.589,573.589,99.0,0.0,28.3828125,573.589,5
11777028.46776264,4.184268951416016,139060854.12014398,207708.93469424156,2098343.414752557,14499880.862098726,22.7625,22.7625,22.7625,22.7625,22.7625,22.7625,22.7625,22.7625,22.7625,22.7625,22.7625,99.0,99.0,99.0,0.0,0.0,0.0,28.3828125,28.3828125,28.3828125,577.456,577.456,577.456,99.0,0.0,28.3828125,577.456,5
11777029.469204191,4.184268951416016,138814398.91273722,207292.1776767804,2094133.19941238,14470787.616251955,21.5,21.5,21.5,21.5,21.5,21.5,21.5,21.5,21.5,21.5,21.5,99.0,99.0,99.0,0.0,0.0,0.0,28.3828125,28.3828125,28.3828125,582.498,582.498,582.498,99.0,0.0,28.3828125,582.498,5
11777030.46329534,4.184268951416016,139873620.32263356,208831.9568293283,2109617.4140817323,14577785.959025722,22.087500000000002,22.087500000000002,22.087500000000002,22.087500000000002,22.087500000000002,22.087500000000002,22.087500000000002,22.087500000000002,22.087500000000002,22.087500000000002,22.087500000000002,100.0,100.0,100.0,0.0,0.0,0.0,28.3828125,28.3828125,28.3828125,631.042,631.042,631.042,100.0,0.0,28.3828125,631.042,5
11777031.462158972,4.184284210205078,139237965.5880532,207836.1784116065,2099537.847920315,14508134.581918113,22.400000000000002,22.400000000000002,22.400000000000002,22.400000000000002,22.400000000000002,22.400000000000002,22.400000000000002,22.400000000000002,22.400000000000002,22.400000000000002,22.400000000000002,100.0,100.0,100.0,0.0,0.0,0.0,28.3828125,28.3828125,28.3828125,688.158,688.158,688.158,100.0,0.0,28.3828125,688.158,5
11777032.46839266,4.184284210205078,138255965.38627148,206314.89720946114,2084159.9959182078,14401871.221794179,23.325,23.325,23.325,23.325,23.325,23.325,23.325,23.325,23.325,23.325,23.325,98.0,98.0,98.0,0.0,0.0,0.0,28.3828125,28.3828125,28.3828125,578.841,578.841,578.841,98.0,0.0,28.3828125,578.841,5
11777033.470165364,4.184284210205078,138904253.92860124,207235.63264735468,2093440.9496860122,14466004.062478732,21.787499999999998,21.787499999999998,21.787499999999998,21.787499999999998,21.787499999999998,21.787499999999998,21.787499999999998,21.787499999999998,21.787499999999998,21.787499999999998,21.787499999999998,98.0,98.0,98.0,0.0,0.0,0.0,28.3828125,28.3828125,28.3828125,576.906,576.906,576.906,98.0,0.0,28.3828125,576.906,5
11777034.469406426,4.184284210205078,139288837.66031504,207761.67833471455,2098744.8182260613,14502654.622819932,22.4375,22.4375,22.4375,22.4375,22.4375,22.4375,22.4375,22.4375,22.4375,22.4375,22.4375,98.0,98.0,98.0,0.0,0.0,0.0,28.3828125,28.3828125,28.3828125,580.91,580.91,580.91,98.0,0.0,28.3828125,580.91,5
11777035.4629306,4.184284210205078,140123175.40412486,208957.17042871867,2110821.313071657,14586105.089155316,21.625,21.625,21.625,21.625,21.625,21.625,21.625,21.625,21.625,21.625,21.625,98.0,98.0,98.0,0.0,0.0,0.0,28.3828125,28.3828125,28.3828125,581.387,581.387,581.387,98.0,0.0,28.3828125,581.387,5
11777036.462423231,4.184284210205078,139319084.01364934,207709.38504850632,2098216.567470979,14499004.327563131,21.875,21.875,21.875,21.875,21.875,21.875,21.875,21.875,21.875,21.875,21.875,99.0,99.0,99.0,0.0,0.0,0.0,28.3828125,28.3828125,28.3828125,580.741,580.741,580.741,99.0,0.0,28.3828125,580.741,5
11777037.467466412,4.184284210205078,138582605.88228336,206569.23403408946,2086628.7542233253,14418930.727426024,22.5,22.5,22.5,22.5,22.5,22.5,22.5,22.5,22.5,22.5,22.5,100.0,100.0,100.0,0.0,0.0,0.0,28.3828125,28.3828125,28.3828125,624.985,624.985,624.985,100.0,0.0,28.3828125,624.985,5
11777038.4629147,4.184284210205078,139956191.3348534,208562.31568338312,2106741.2804595004,14557911.42630022,22.1125,22.1125,22.1125,22.1125,22.1125,22.1125,22.1125,22.1125,22.1125,22.1125,22.1125,100.0,100.0,100.0,0.0,0.0,0.0,28.3828125,28.3828125,28.3828125,691.207,691.207,691.207,100.0,0.0,28.3828125,691.207,5
11777039.468453996,4.184284210205078,138584128.4645214,206469.30536243992,2085599.2480213263,14411816.678709868,22.0875,22.0875,22.0875,22.0875,22.0875,22.0875,22.0875,22.0875,22.0875,22.0875,22.0875,98.0,98.0,98.0,0.0,0.0,0.0,28.3828125,28.3828125,28.3828125,619.035,619.035,619.035,98.0,0.0,28.3828125,619.035,5
11777040.46941772,4.184295654296875,139250250.29107583,207413.1111547539,2095132.8716622484,14477695.507697335,21.637500000000003,21.637500000000003,21.637500000000003,21.637500000000003,21.637500000000003,21.637500000000003,21.637500000000003,21.637500000000003,21.637500000000003,21.637500000000003,21.637500000000003,98.0,98.0,98.0,0.0,0.0,0.0,28.3828125,28.3828125,28.3828125,572.002,572.002,572.002,98.0,0.0,28.3828125,572.002,5
11777041.469123622,4.184295654296875,139458123.18328592,207677.07715715934,2097768.9470671383,14495911.200631905,22.037499999999998,22.037499999999998,22.037499999999998,22.037499999999998,22.037499999999998,22.037499999999998,22.037499999999998,22.037499999999998,22.037499999999998,22.037499999999998,22.037499999999998,99.0,99.0,99.0,0.0,0.0,0.0,28.3828125,28.3828125,28.3828125,584.611,584.611,584.611,99.0,0.0,28.3828125,584.611,5
11777042.46446851,4.184318542480469,140101961.26240563,208596.0378314782,2106960.134523107,14715799.689559828,21.8875,21.8875,21.8875,21.8875,21.8875,21.8875,21.8875,21.8875,21.8875,21.8875,21.8875,98.0,98.0,98.0,0.0,0.0,0.0,28.3828125,28.3828125,28.3828125,581.568,581.568,581.568,98.0,0.0,28.3828125,581.568,5
11777043.462675951,4.184318542480469,139738398.37958434,208000.85388588294,2100918.020346423,14677702.65386554,23.675,23.675,23.675,23.675,23.675,23.675,23.675,23.675,23.675,23.675,23.675,99.0,99.0,99.0,0.0,0.0,0.0,28.3828125,28.3828125,28.3828125,583.014,583.014,583.014,99.0,0.0,28.3828125,583.014,5
11777044.470669452,4.184322357177734,138414267.4589821,206050.9317371002,2080521.3511652648,14551458.90336487,14.4,14.4,14.4,14.4,14.4,14.4,14.4,14.4,14.4,14.4,14.4,0.0,0.0,0.0,0.0,0.0,0.0,5.947265625,5.947265625,5.947265625,356.561,356.561,356.561,0.0,0.0,5.947265625,356.561,5
11777045.46653103,6.256816864013672,140134335.9160298,208566.13452675805,2105866.9646324785,14728729.688181456,84.98750000000001,84.98750000000001,84.98750000000001,84.98750000000001,84.98750000000001,84.98750000000001,84.98750000000001,84.98750000000001,84.98750000000001,84.98750000000001,84.98750000000001,14.0,14.0,14.0,0.0,0.0,0.0,11.236328125,11.236328125,11.236328125,144.359,144.359,144.359,14.0,0.0,11.236328125,144.359,5
11777046.46451705,4.184528350830078,139868819.19222486,208135.18036994457,2101384.1484680525,14697376.241531437,18.75,18.75,18.75,18.75,18.75,18.75,18.75,18.75,18.75,18.75,18.75,0.0,0.0,0.0,0.0,0.0,0.0,49.515625,49.515625,49.515625,158.208,158.208,158.208,0.0,0.0,49.515625,158.208,5
11777047.46265434,4.184528350830078,139880342.5607039,208103.63679642923,2101065.6767649343,14695148.805654747,22.625,22.625,22.625,22.625,22.625,22.625,22.625,22.625,22.625,22.625,22.625,100.0,100.0,100.0,0.0,0.0,0.0,49.515625,49.515625,49.515625,625.981,625.981,625.981,100.0,0.0,49.515625,625.981,5
11777048.462797172,4.184528350830078,139637716.0956589,207687.33534955865,2096852.499809826,14669776.668591399,24.150000000000002,24.150000000000002,24.150000000000002,24.150000000000002,24.150000000000002,24.150000000000002,24.150000000000002,24.150000000000002,24.150000000000002,24.150000000000002,24.150000000000002,100.0,100.0,100.0,0.0,0.0,0.0,49.515625,49.515625,49.515625,681.483,681.483,681.483,100.0,0.0,49.515625,681.483,5
11777049.463522905,4.184528350830078,139589279.43723625,207567.36149190873,2095631.1310886845,14661231.858514976,22.7625,22.7625,22.7625,22.7625,22.7625,22.7625,22.7625,22.7625,22.7625,22.7625,22.7625,100.0,100.0,100.0,0.0,0.0,0.0,49.515625,49.515625,49.515625,691.074,691.074,691.074,100.0,0.0,49.515625,691.074,5
11777050.463307148,4.184528350830078,139753396.8628398,207762.82641673676,2097604.5742088426,14675038.251593893,21.8,21.8,21.8,21.8,21.8,21.8,21.8,21.8,21.8,21.8,21.8,99.0,99.0,99.0,0.0,0.0,0.0,49.5234375,49.5234375,49.5234375,644.435,644.435,644.435,99.0,0.0,49.5234375,644.435,5
11777051.471352529,4.184528350830078,138640488.45733616,206060.1674572614,2080414.2746576162,14554773.304342931,22.1125,22.1125,22.1125,22.1125,22.1125,22.1125,22.1125,22.1125,22.1125,22.1125,22.1125,99.0,99.0,99.0,0.0,0.0,0.0,49.5234375,49.5234375,49.5234375,576.169,576.169,576.169,99.0,0.0,49.5234375,576.169,5
11777052.466108667,4.184528350830078,140525460.127109,208812.98649496696,2108207.147449393,14749214.847976023,22.162499999999998,22.162499999999998,22.162499999999998,22.162499999999998,22.162499999999998,22.162499999999998,22.162499999999998,22.162499999999998,22.162499999999998,22.162499999999998,22.162499999999998,98.0,98.0,98.0,0.0,0.0,0.0,49.5234375,49.5234375,49.5234375,578.111,578.111,578.111,98.0,0.0,49.5234375,578.111,5
11777053.470104773,4.184528350830078,139264695.53344095,206893.23273929534,2088804.9144313436,14613475.006822407,22.275000000000002,22.275000000000002,22.275000000000002,22.275000000000002,22.275000000000002,22.275000000000002,22.275000000000002,22.275000000000002,22.275000000000002,22.275000000000002,22.275000000000002,99.0,99.0,99.0,0.0,0.0,0.0,49.5234375,49.5234375,49.5234375,576.548,576.548,576.548,99.0,0.0,49.5234375,576.548,5
11777054.4637842,4.184528350830078,140743403.00780305,209042.26699002422,2110491.5165181337,14765196.508140538,22.15,22.15,22.15,22.15,22.15,22.15,22.15,22.15,22.15,22.15,22.15,99.0,99.0,99.0,0.0,0.0,0.0,49.5234375,49.5234375,49.5234375,576.189,576.189,576.189,99.0,0.0,49.5234375,576.189,5
11777055.463712431,4.184539794921875,139896476.05078644,207735.90873203322,2097302.5186148775,14672925.042340802,22.2625,22.2625,22.2625,22.2625,22.2625,22.2625,22.2625,22.2625,22.2625,22.2625,22.2625,99.0,99.0,99.0,0.0,0.0,0.0,49.5234375,49.5234375,49.5234375,573.874,573.874,573.874,99.0,0.0,49.5234375,573.874,5
11777056.46968805,4.184539794921875,139087911.6383196,206487.11170064128,2084694.6590726178,14584719.274996322,22.575000000000003,22.575000000000003,22.575000000000003,22.575000000000003,22.575000000000003,22.575000000000003,22.575000000000003,22.575000000000003,22.575000000000003,22.575000000000003,22.575000000000003,98.0,98.0,98.0,0.0,0.0,0.0,49.5234375,49.5234375,49.5234375,582.114,582.114,582.114,98.0,0.0,49.5234375,582.114,5
11777057.463330247,4.184539794921875,140847138.492152,209050.0995467171,2110570.5940400674,14765749.741897505,21.5125,21.5125,21.5125,21.5125,21.5125,21.5125,21.5125,21.5125,21.5125,21.5125,21.5125,99.0,99.0,99.0,0.0,0.0,0.0,49.5234375,49.5234375,49.5234375,582.752,582.752,582.752,99.0,0.0,49.5234375,582.752,5
11777058.464482969,4.184539794921875,139823098.81481877,207481.83109446501,2094737.349827025,14654978.881016415,21.875,21.875,21.875,21.875,21.875,21.875,21.875,21.875,21.875,21.875,21.875,99.0,99.0,99.0,0.0,0.0,0.0,49.5234375,49.5234375,49.5234375,581.244,581.244,581.244,99.0,0.0,49.5234375,581.244,5
11777059.469806587,4.184539794921875,139278185.05643463,206624.01255314407,2086046.6829728447,14594178.16095455,22.375,22.375,22.375,22.375,22.375,22.375,22.375,22.375,22.375,22.375,22.375,99.0,99.0,99.0,0.0,0.0,0.0,49.5234375,49.5234375,49.5234375,578.122,578.122,578.122,99.0,0.0,49.5234375,578.122,5
11777060.465199525,4.184539794921875,140703258.74735892,208694.46851973192,2106858.429065641,14739779.087720951,21.5625,21.5625,21.5625,21.5625,21.5625,21.5625,21.5625,21.5625,21.5625,21.5625,21.5625,100.0,100.0,100.0,0.0,0.0,0.0,49.5234375,49.5234375,49.5234375,629.204,629.204,629.204,100.0,0.0,49.5234375,629.204,5
11777061.464721637,4.184539794921875,140154644.179159,207832.3205075687,2098154.6822945257,14678886.859333966,22.7125,22.7125,22.7125,22.7125,22.7125,22.7125,22.7125,22.7125,22.7125,22.7125,22.7125,100.0,100.0,100.0,0.0,0.0,0.0,49.5234375,49.5234375,49.5234375,683.731,683.731,683.731,100.0,0.0,49.5234375,683.731,5
11777062.464726208,4.184539794921875,140119661.52266794,207732.05047109004,2097142.4141063164,14671804.936189113,22.225,22.225,22.225,22.225,22.225,22.225,22.225,22.225,22.225,22.225,22.225,100.0,100.0,100.0,0.0,0.0,0.0,49.5234375,49.5234375,49.5234375,689.438,689.438,689.438,100.0,0.0,49.5234375,689.438,5
11777063.464823171,4.184539794921875,140139349.56755307,207712.85938876643,2096948.6720591832,14670449.498664051,22.9125,22.9125,22.9125,22.9125,22.9125,22.9125,22.9125,22.9125,22.9125,22.9125,22.9125,100.0,100.0,100.0,0.0,0.0,0.0,49.5234375,49.5234375,49.5234375,693.271,693.271,693.271,100.0,0.0,49.5234375,693.271,5
11777064.465571804,4.184539794921875,140083439.98751286,207579.59917076098,2095583.1783770656,14660896.376848923,22.9875,22.9875,22.9875,22.9875,22.9875,22.9875,22.9875,22.9875,22.9875,22.9875,22.9875,99.0,99.0,99.0,0.0,0.0,0.0,49.5234375,49.5234375,49.5234375,580.856,580.856,580.856,99.0,0.0,49.5234375,580.856,5
11777065.471873553,4.184562683105469,139345571.11721206,206436.0914643175,2084019.0340987707,14579992.539339447,22.3375,22.3375,22.3375,22.3375,22.3375,22.3375,22.3375,22.3375,22.3375,22.3375,22.3375,99.0,99.0,99.0,0.0,0.0,0.0,49.525390625,49.525390625,49.525390625,578.452,578.452,578.452,99.0,0.0,49.525390625,578.452,5
11777066.46513834,4.184562683105469,141207414.02488607,209145.64045760833,2111372.5440193815,14771360.259135595,22.275,22.275,22.275,22.275,22.275,22.275,22.275,22.275,22.275,22.275,22.275,99.0,99.0,99.0,0.0,0.0,0.0,49.525390625,49.525390625,49.525390625,577.906,577.906,577.906,99.0,0.0,49.525390625,577.906,5
11777067.47305664,4.184562683105469,139186888.44630572,206104.9987661914,2080676.578426163,14556608.406098664,22.4625,22.4625,22.4625,22.4625,22.4625,22.4625,22.4625,22.4625,22.4625,22.4625,22.4625,98.0,98.0,98.0,0.0,0.0,0.0,49.525390625,49.525390625,49.525390625,580.461,580.461,580.461,98.0,0.0,49.525390625,580.461,5
11777068.473675352,4.184562683105469,140234907.1044136,207608.55028259332,2095855.2710506127,14662799.962701747,22.575000000000003,22.575000000000003,22.575000000000003,22.575000000000003,22.575000000000003,22.575000000000003,22.575000000000003,22.575000000000003,22.575000000000003,22.575000000000003,22.575000000000003,99.0,99.0,99.0,0.0,0.0,0.0,49.525390625,49.525390625,49.525390625,580.385,580.385,580.385,99.0,0.0,49.525390625,580.385,5
11777069.470070822,4.184562683105469,140864822.39734933,208490.51017887765,2104738.592188533,14724948.510193994,23.400000000000002,23.400000000000002,23.400000000000002,23.400000000000002,23.400000000000002,23.400000000000002,23.400000000000002,23.400000000000002,23.400000000000002,23.400000000000002,23.400000000000002,99.0,99.0,99.0,0.0,0.0,0.0,49.525390625,49.525390625,49.525390625,577.698,577.698,577.698,99.0,0.0,49.525390625,577.698,5
11777070.4656258,4.184574127197266,141019297.8775502,208666.5272986761,2106515.5077162846,14737379.977811974,22.2375,22.2375,22.2375,22.2375,22.2375,22.2375,22.2375,22.2375,22.2375,22.2375,22.2375,99.0,99.0,99.0,0.0,0.0,0.0,49.525390625,49.525390625,49.525390625,576.8,576.8,576.8,99.0,0.0,49.525390625,576.8,5
11777071.466228064,4.184589385986328,140340647.88603944,207614.96099200615,2095889.7211625478,14663040.978914544,21.775000000000002,21.775000000000002,21.775000000000002,21.775000000000002,21.775000000000002,21.775000000000002,21.775000000000002,21.775000000000002,21.775000000000002,21.775000000000002,21.775000000000002,99.0,99.0,99.0,0.0,0.0,0.0,49.525390625,49.525390625,49.525390625,580.075,580.075,580.075,99.0,0.0,49.525390625,580.075,5
11777072.473582111,4.184600830078125,139432484.93165186,206223.4232223084,2081842.035513192,14564762.05314112,22.025,22.025,22.025,22.025,22.025,22.025,22.025,22.025,22.025,22.025,22.025,99.0,99.0,99.0,0.0,0.0,0.0,49.525390625,49.525390625,49.525390625,583.61,583.61,583.61,99.0,0.0,49.525390625,583.61,5
11777073.469032252,4.184612274169922,141132727.02116513,208696.5398492267,2106737.3581225504,14738932.064052688,22.4625,22.4625,22.4625,22.4625,22.4625,22.4625,22.4625,22.4625,22.4625,22.4625,22.4625,98.0,98.0,98.0,0.0,0.0,0.0,49.525390625,49.525390625,49.525390625,588.33,588.33,588.33,98.0,0.0,49.525390625,588.33,5
11777074.465399528,4.184612274169922,141035648.6258315,208506.44643155718,2104798.1513597323,14725365.191739377,22.4875,22.4875,22.4875,22.4875,22.4875,22.4875,22.4875,22.4875,22.4875,22.4875,22.4875,100.0,100.0,100.0,0.0,0.0,0.0,49.525390625,49.525390625,49.525390625,678.616,678.616,678.616,100.0,0.0,49.525390625,678.616,5
11777075.465502972,4.184612274169922,140544223.56287232,207728.5117607021,2096935.0849385315,14670354.44189418,22.1875,22.1875,22.1875,22.1875,22.1875,22.1875,22.1875,22.1875,22.1875,22.1875,22.1875,100.0,100.0,100.0,0.0,0.0,0.0,49.525390625,49.525390625,49.525390625,689.523,689.523,689.523,100.0,0.0,49.525390625,689.523,5
11777076.466227496,4.184612274169922,140492440.81834128,207602.58688944968,2095633.6625723005,14661249.56901168,22.2875,22.2875,22.2875,22.2875,22.2875,22.2875,22.2875,22.2875,22.2875,22.2875,22.2875,100.0,100.0,100.0,0.0,0.0,0.0,49.525390625,49.525390625,49.525390625,688.808,688.808,688.808,100.0,0.0,49.525390625,688.808,5
11777077.466392888,4.184623718261719,140603684.31574336,207718.64505739283,2096805.205794388,14669445.795225581,22.35,22.35,22.35,22.35,22.35,22.35,22.35,22.35,22.35,22.35,22.35,98.0,98.0,98.0,0.0,0.0,0.0,49.525390625,49.525390625,49.525390625,639.315,639.315,639.315,98.0,0.0,49.525390625,639.315,5
11777078.46744984,4.184623718261719,140511133.42002457,207533.64681350553,2094937.7505125643,14656380.90300001,22.0125,22.0125,22.0125,22.0125,22.0125,22.0125,22.0125,22.0125,22.0125,22.0125,22.0125,99.0,99.0,99.0,0.0,0.0,0.0,49.525390625,49.525390625,49.525390625,576.026,576.026,576.026,99.0,0.0,49.525390625,576.026,5
11777079.471041469,4.184650421142578,140188852.68693325,207010.49515504343,2089646.7646129057,14619364.669616072,22.424999999999997,22.424999999999997,22.424999999999997,22.424999999999997,22.424999999999997,22.424999999999997,22.424999999999997,22.424999999999997,22.424999999999997,22.424999999999997,22.424999999999997,98.0,98.0,98.0,0.0,0.0,0.0,49.525390625,49.525390625,49.525390625,578.684,578.684,578.684,98.0,0.0,49.525390625,578.684,5
11777080.466968557,4.184650421142578,141303326.01745728,208604.62830166146,2105728.446738158,14735986.376294568,22.05,22.05,22.05,22.05,22.05,22.05,22.05,22.05,22.05,22.05,22.05,99.0,99.0,99.0,0.0,0.0,0.0,49.525390625,49.525390625,49.525390625,578.512,578.512,578.512,99.0,0.0,49.525390625,578.512,5
11777081.467407988,4.184650421142578,140701432.35595056,207664.74556555538,2096230.8500948015,14669521.749784518,23.549999999999997,23.549999999999997,23.549999999999997,23.549999999999997,23.549999999999997,23.549999999999997,23.549999999999997,23.549999999999997,23.549999999999997,23.549999999999997,23.549999999999997,99.0,99.0,99.0,0.0,0.0,0.0,49.525390625,49.525390625,49.525390625,581.296,581.296,581.296,99.0,0.0,49.525390625,581.296,5
11777082.46726212,4.184650421142578,140816509.54754913,207786.30926259415,2097457.9508782797,14678109.058587648,22.05,22.05,22.05,22.05,22.05,22.05,22.05,22.05,22.05,22.05,22.05,99.0,99.0,99.0,0.0,0.0,0.0,49.525390625,49.525390625,49.525390625,580.963,580.963,580.963,99.0,0.0,49.525390625,580.963,5
11777083.466653151,4.184650421142578,140914489.62344217,207882.59415522203,2098429.879752268,14684910.662406985,22.412499999999998,22.412499999999998,22.412499999999998,22.412499999999998,22.412499999999998,22.412499999999998,22.412499999999998,22.412499999999998,22.412499999999998,22.412499999999998,22.412499999999998,99.0,99.0,99.0,0.0,0.0,0.0,49.525390625,49.525390625,49.525390625,579.658,579.658,579.658,99.0,0.0,49.525390625,579.658,5
11777084.466242185,4.184650421142578,140919298.12132084,207843.4166971266,2098014.213716018,14682001.812000962,22.175,22.175,22.175,22.175,22.175,22.175,22.175,22.175,22.175,22.175,22.175,99.0,99.0,99.0,0.0,0.0,0.0,49.525390625,49.525390625,49.525390625,578.721,578.721,578.721,99.0,0.0,49.525390625,578.721,5
11777085.475233875,4.184650421142578,139641225.3412793,205907.54313091064,2078463.10336532,14545182.22530848,22.162499999999998,22.162499999999998,22.162499999999998,22.162499999999998,22.162499999999998,22.162499999999998,22.162499999999998,22.162499999999998,22.162499999999998,22.162499999999998,22.162499999999998,99.0,99.0,99.0,0.0,0.0,0.0,49.525390625,49.525390625,49.525390625,582.699,582.699,582.699,99.0,0.0,49.525390625,582.699,5
11777086.467547933,4.184650421142578,142021079.86432433,209369.1996455194,2113395.435959763,14793768.05171834,22.3625,22.3625,22.3625,22.3625,22.3625,22.3625,22.3625,22.3625,22.3625,22.3625,22.3625,98.0,98.0,98.0,0.0,0.0,0.0,49.525390625,49.525390625,49.525390625,584.81,584.81,584.81,98.0,0.0,49.525390625,584.81,5
11777087.470184807,4.184650421142578,140594218.74673545,207223.57751665486,2091636.6175877547,14641456.323114283,23.0,23.0,23.0,23.0,23.0,23.0,23.0,23.0,23.0,23.0,23.0,100.0,100.0,100.0,0.0,0.0,0.0,49.525390625,49.525390625,49.525390625,639.051,639.051,639.051,100.0,0.0,49.525390625,639.051,5
11777088.467442585,4.184650421142578,141385341.93560383,208341.31805816718,2102918.668952791,14720430.682669537,22.337500000000002,22.337500000000002,22.337500000000002,22.337500000000002,22.337500000000002,22.337500000000002,22.337500000000002,22.337500000000002,22.337500000000002,22.337500000000002,22.337500000000002,100.0,100.0,100.0,0.0,0.0,0.0,49.525390625,49.525390625,49.525390625,690.21,690.21,690.21,100.0,0.0,49.525390625,690.21,5
11777089.466867547,4.184650421142578,141111460.40584174,207890.5448951993,2098358.635266986,14688510.446868904,22.325,22.325,22.325,22.325,22.325,22.325,22.325,22.325,22.325,22.325,22.325,100.0,100.0,100.0,0.0,0.0,0.0,49.525390625,49.525390625,49.525390625,687.693,687.693,687.693,100.0,0.0,49.525390625,687.693,5
11777090.468026832,4.184650421142578,140902386.0810774,207530.4132576403,2094723.619870371,14663065.339092597,22.4125,22.4125,22.4125,22.4125,22.4125,22.4125,22.4125,22.4125,22.4125,22.4125,22.4125,100.0,100.0,100.0,0.0,0.0,0.0,49.525390625,49.525390625,49.525390625,690.375,690.375,690.375,100.0,0.0,49.525390625,690.375,5
11777091.468494674,4.184650421142578,141032478.0206898,207674.84089471705,2096171.3220840038,14673199.254588027,22.3875,22.3875,22.3875,22.3875,22.3875,22.3875,22.3875,22.3875,22.3875,22.3875,22.3875,98.0,98.0,98.0,0.0,0.0,0.0,49.525390625,49.525390625,49.525390625,569.336,569.336,569.336,98.0,0.0,49.525390625,569.336,5
11777092.467391336,4.184650421142578,141289810.39621538,208002.4970287289,2099468.4229846653,14696278.960892657,22.325,22.325,22.325,22.325,22.325,22.325,22.325,22.325,22.325,22.325,22.325,99.0,99.0,99.0,0.0,0.0,0.0,49.525390625,49.525390625,49.525390625,574.65,574.65,574.65,99.0,0.0,49.525390625,574.65,5
11777093.467266647,4.184661865234375,141184256.15076324,207798.91027813376,2097413.5247968156,14681894.67357771,22.2125,22.2125,22.2125,22.2125,22.2125,22.2125,22.2125,22.2125,22.2125,22.2125,22.2125,98.0,98.0,98.0,0.0,0.0,0.0,49.525390625,49.525390625,49.525390625,576.547,576.547,576.547,98.0,0.0,49.525390625,576.547,5
11777094.474681048,4.184661865234375,140160174.32255402,206245.81094024834,2081717.313945199,14572021.197616393,22.5125,22.5125,22.5125,22.5125,22.5125,22.5125,22.5125,22.5125,22.5125,22.5125,22.5125,99.0,99.0,99.0,0.0,0.0,0.0,49.525390625,49.525390625,49.525390625,573.691,573.691,573.691,99.0,0.0,49.525390625,573.691,5
11777095.467568671,4.1846771240234375,142243777.2834437,209263.35977978483,2112174.5806227666,14785222.064359367,22.150000000000002,22.150000000000002,22.150000000000002,22.150000000000002,22.150000000000002,22.150000000000002,22.150000000000002,22.150000000000002,22.150000000000002,22.150000000000002,22.150000000000002,99.0,99.0,99.0,0.0,0.0,0.0,49.525390625,49.525390625,49.525390625,577.652,577.652,577.652,99.0,0.0,49.525390625,577.652,5
11777096.475150604,4.1846771240234375,140204515.82896733,206213.50314471291,2081371.1842356997,14569598.289649898,21.6875,21.6875,21.6875,21.6875,21.6875,21.6875,21.6875,21.6875,21.6875,21.6875,21.6875,98.0,98.0,98.0,0.0,0.0,0.0,49.525390625,49.525390625,49.525390625,575.741,575.741,575.741,98.0,0.0,49.525390625,575.741,5
11777097.467686199,4.1846771240234375,142362899.35903367,209339.59555499666,2112923.7186856694,14790466.030799685,22.0625,22.0625,22.0625,22.0625,22.0625,22.0625,22.0625,22.0625,22.0625,22.0625,22.0625,99.0,99.0,99.0,0.0,0.0,0.0,49.525390625,49.525390625,49.525390625,579.192,579.192,579.192,99.0,0.0,49.525390625,579.192,5
11777098.4765672,4.1846771240234375,140091540.91281098,205947.9758612225,2078691.1422983028,14550837.996088121,23.4,23.4,23.4,23.4,23.4,23.4,23.4,23.4,23.4,23.4,23.4,99.0,99.0,99.0,0.0,0.0,0.0,49.525390625,49.525390625,49.525390625,578.311,578.311,578.311,99.0,0.0,49.525390625,578.311,5
11777099.471356155,4.1846771240234375,142108939.95351514,208867.4173233322,2108137.597998165,14756963.185987156,23.0375,23.0375,23.0375,23.0375,23.0375,23.0375,23.0375,23.0375,23.0375,23.0375,23.0375,98.0,98.0,98.0,0.0,0.0,0.0,49.525390625,49.525390625,49.525390625,579.646,579.646,579.646,98.0,0.0,49.525390625,579.646,5
11777100.469615389,4.1846771240234375,141647770.7208677,208213.4510398096,2100809.018359492,14722075.698972378,22.275,22.275,22.275,22.275,22.275,22.275,22.275,22.275,22.275,22.275,22.275,95.0,95.0,95.0,0.0,0.0,0.0,5.947265625,5.947265625,5.947265625,466.524,466.524,466.524,95.0,0.0,5.947265625,466.524,5
11777101.48840668,5.413505554199219,138828952.63209373,204025.1047100698,2058470.6767228376,14425376.53922176,59.175,59.175,59.175,59.175,59.175,59.175,59.175,59.175,59.175,59.175,59.175,16.0,16.0,16.0,0.0,0.0,0.0,11.234375,11.234375,11.234375,148.0,148.0,148.0,16.0,0.0,11.234375,148.0,5
11777102.469181633,4.185661315917969,144243606.2394049,211949.7439806913,2138260.153883799,14984526.23463881,15.700000000000001,15.700000000000001,15.700000000000001,15.700000000000001,15.700000000000001,15.700000000000001,15.700000000000001,15.700000000000001,15.700000000000001,15.700000000000001,15.700000000000001,35.0,35.0,35.0,0.0,0.0,0.0,71.244140625,71.244140625,71.244140625,181.844,181.844,181.844,35.0,0.0,71.244140625,181.844,5
11777103.469675684,4.185695648193359,141433348.61019295,207772.34971228542,2096116.4100724896,14689190.77996112,22.675,22.675,22.675,22.675,22.675,22.675,22.675,22.675,22.675,22.675,22.675,100.0,100.0,100.0,0.0,0.0,0.0,71.244140625,71.244140625,71.244140625,604.893,604.893,604.893,100.0,0.0,71.244140625,604.893,5
11777104.469393408,4.185695648193359,141575895.5372033,207935.69534404317,2097744.143710708,14700597.632097695,23.287499999999998,23.287499999999998,23.287499999999998,23.287499999999998,23.287499999999998,23.287499999999998,23.287499999999998,23.287499999999998,23.287499999999998,23.287499999999998,23.287499999999998,100.0,100.0,100.0,0.0,0.0,0.0,71.244140625,71.244140625,71.244140625,688.877,688.877,688.877,100.0,0.0,71.244140625,688.877,5
11777105.46987783,4.185695648193359,141502835.93454236,207777.34811279477,2096136.5856389026,14689332.166547623,22.825,22.825,22.825,22.825,22.825,22.825,22.825,22.825,22.825,22.825,22.825,100.0,100.0,100.0,0.0,0.0,0.0,71.244140625,71.244140625,71.244140625,692.469,692.469,692.469,100.0,0.0,71.244140625,692.469,5
11777106.469861561,4.185695648193359,141606394.70136225,207882.381901837,2097186.117742539,14696687.090742638,22.9375,22.9375,22.9375,22.9375,22.9375,22.9375,22.9375,22.9375,22.9375,22.9375,22.9375,100.0,100.0,100.0,0.0,0.0,0.0,71.244140625,71.244140625,71.244140625,689.008,689.008,689.008,100.0,0.0,71.244140625,689.008,5
11777107.470493965,4.185695648193359,141550025.28013515,207748.61906313206,2095826.5920987376,14687159.789941935,22.5375,22.5375,22.5375,22.5375,22.5375,22.5375,22.5375,22.5375,22.5375,22.5375,22.5375,100.0,100.0,100.0,0.0,0.0,0.0,71.244140625,71.244140625,71.244140625,695.128,695.128,695.128,100.0,0.0,71.244140625,695.128,5
11777108.470353236,4.185695648193359,141692206.12156335,207909.25874334917,2097447.170445123,14698516.499134963,22.9375,22.9375,22.9375,22.9375,22.9375,22.9375,22.9375,22.9375,22.9375,22.9375,22.9375,100.0,100.0,100.0,0.0,0.0,0.0,71.244140625,71.244140625,71.244140625,688.264,688.264,688.264,100.0,0.0,71.244140625,688.264,5
11777109.469928848,4.185695648193359,141765161.54623628,207969.2598238006,2098042.3856822075,14702687.655913597,20.6375,20.6375,20.6375,20.6375,20.6375,20.6375,20.6375,20.6375,20.6375,20.6375,20.6375,100.0,100.0,100.0,0.0,0.0,0.0,82.7890625,82.7890625,82.7890625,676.812,676.812,676.812,100.0,0.0,82.7890625,676.812,5
11777110.470641203,4.185756683349609,141639577.2541303,207734.01950814063,2095659.1454745294,14685986.355395725,22.137500000000003,22.137500000000003,22.137500000000003,22.137500000000003,22.137500000000003,22.137500000000003,22.137500000000003,22.137500000000003,22.137500000000003,22.137500000000003,22.137500000000003,99.0,99.0,99.0,0.0,0.0,0.0,82.7890625,82.7890625,82.7890625,651.277,651.277,651.277,99.0,0.0,82.7890625,651.277,5
11777111.469732273,4.185756683349609,141902186.13341412,208071.1220547222,2099059.898208141,14709818.192911739,22.1,22.1,22.1,22.1,22.1,22.1,22.1,22.1,22.1,22.1,22.1,100.0,100.0,100.0,0.0,0.0,0.0,82.7890625,82.7890625,82.7890625,627.301,627.301,627.301,100.0,0.0,82.7890625,627.301,5
11777112.477534924,4.185756683349609,140710767.08641377,206273.5198517529,2080915.3451900508,14586728.855248226,22.962500000000002,22.962500000000002,22.962500000000002,22.962500000000002,22.962500000000002,22.962500000000002,22.962500000000002,22.962500000000002,22.962500000000002,22.962500000000002,22.962500000000002,99.0,99.0,99.0,0.0,0.0,0.0,82.7890625,82.7890625,82.7890625,615.357,615.357,615.357,99.0,0.0,82.7890625,615.357,5
11777113.47082765,4.185756683349609,142799209.34173918,209286.7434120142,2111313.1546109705,14799810.374802293,22.325,22.325,22.325,22.325,22.325,22.325,22.325,22.325,22.325,22.325,22.325,100.0,100.0,100.0,0.0,0.0,0.0,82.7890625,82.7890625,82.7890625,634.709,634.709,634.709,100.0,0.0,82.7890625,634.709,5
11777114.470359592,4.185756683349609,141940584.4987182,207983.34837648176,2098134.0495003774,14707427.936829794,23.212500000000002,23.212500000000002,23.212500000000002,23.212500000000002,23.212500000000002,23.212500000000002,23.212500000000002,23.212500000000002,23.212500000000002,23.212500000000002,23.212500000000002,99.0,99.0,99.0,0.0,0.0,0.0,82.7890625,82.7890625,82.7890625,642.372,642.372,642.372,99.0,0.0,82.7890625,642.372,5
11777115.47524562,4.185756683349609,141216890.40055516,206875.20208893192,2086955.080242093,14629065.98240014,22.45,22.45,22.45,22.45,22.45,22.45,22.45,22.45,22.45,22.45,22.45,99.0,99.0,99.0,0.0,0.0,0.0,82.7890625,82.7890625,82.7890625,645.898,645.898,645.898,99.0,0.0,82.7890625,645.898,5
11777116.470895648,4.185756683349609,142562499.76677337,208795.25333664299,2106314.4069876783,14764770.325544488,22.225,22.225,22.225,22.225,22.225,22.225,22.225,22.225,22.225,22.225,22.225,99.0,99.0,99.0,0.0,0.0,0.0,82.7890625,82.7890625,82.7890625,645.523,645.523,645.523,99.0,0.0,82.7890625,645.523,5
11777117.47199114,4.185756683349609,141822466.56675106,207660.5094915715,2094857.099983011,14684457.288748097,22.675,22.675,22.675,22.675,22.675,22.675,22.675,22.675,22.675,22.675,22.675,99.0,99.0,99.0,0.0,0.0,0.0,82.7890625,82.7890625,82.7890625,646.501,646.501,646.501,99.0,0.0,82.7890625,646.501,5
11777118.471517552,4.185756683349609,142077852.46616757,207987.50053104575,2098145.6580852456,14707509.31028896,22.237499999999997,22.237499999999997,22.237499999999997,22.237499999999997,22.237499999999997,22.237499999999997,22.237499999999997,22.237499999999997,22.237499999999997,22.237499999999997,22.237499999999997,100.0,100.0,100.0,0.0,0.0,0.0,82.7890625,82.7890625,82.7890625,645.844,645.844,645.844,100.0,0.0,82.7890625,645.844,5
11777119.471867546,4.185760498046875,141993600.98528758,207817.26504851665,2096418.2646160314,14695400.686927611,22.075000000000003,22.075000000000003,22.075000000000003,22.075000000000003,22.075000000000003,22.075000000000003,22.075000000000003,22.075000000000003,22.075000000000003,22.075000000000003,22.075000000000003,99.0,99.0,99.0,0.0,0.0,0.0,82.7890625,82.7890625,82.7890625,644.267,644.267,644.267,99.0,0.0,82.7890625,644.267,5
11777120.471176889,4.185760498046875,142174223.7145964,208033.68005164166,2098601.4151121285,14710704.060229355,22.6875,22.6875,22.6875,22.6875,22.6875,22.6875,22.6875,22.6875,22.6875,22.6875,22.6875,99.0,99.0,99.0,0.0,0.0,0.0,82.7890625,82.7890625,82.7890625,635.277,635.277,635.277,99.0,0.0,82.7890625,635.277,5
11777121.47108473,4.185760498046875,142124604.932708,207910.16060413458,2097345.2873442434,14701898.898981424,21.912499999999998,21.912499999999998,21.912499999999998,21.912499999999998,21.912499999999998,21.912499999999998,21.912499999999998,21.912499999999998,21.912499999999998,21.912499999999998,21.912499999999998,99.0,99.0,99.0,0.0,0.0,0.0,82.7890625,82.7890625,82.7890625,615.21,615.21,615.21,99.0,0.0,82.7890625,615.21,5
11777122.471201083,4.185760498046875,142127702.1587508,207866.81428211005,2096908.020574992,14698833.761413373,22.212500000000002,22.212500000000002,22.212500000000002,22.212500000000002,22.212500000000002,22.212500000000002,22.212500000000002,22.212500000000002,22.212500000000002,22.212500000000002,22.212500000000002,100.0,100.0,100.0,0.0,0.0,0.0,82.7890625,82.7890625,82.7890625,621.092,621.092,621.092,100.0,0.0,82.7890625,621.092,5
11777123.471342204,4.185760498046875,142159654.22387862,207862.66611976197,2096856.0886344402,14698469.730681652,21.625,21.625,21.625,21.625,21.625,21.625,21.625,21.625,21.625,21.625,21.625,99.0,99.0,99.0,0.0,0.0,0.0,82.7890625,82.7890625,82.7890625,613.127,613.127,613.127,99.0,0.0,82.7890625,613.127,5
11777124.472056087,4.185760498046875,142110997.37942952,207745.69388749375,2095655.9469130677,14694150.096519362,22.8125,22.8125,22.8125,22.8125,22.8125,22.8125,22.8125,22.8125,22.8125,22.8125,22.8125,100.0,100.0,100.0,0.0,0.0,0.0,82.7890625,82.7890625,82.7890625,614.138,614.138,614.138,100.0,0.0,82.7890625,614.138,5
11777125.47169056,4.1857757568359375,142297193.5155929,207970.0187291455,2097918.8467096933,14710016.913452731,21.525000000000002,21.525000000000002,21.525000000000002,21.525000000000002,21.525000000000002,21.525000000000002,21.525000000000002,21.525000000000002,21.525000000000002,21.525000000000002,21.525000000000002,99.0,99.0,99.0,0.0,0.0,0.0,82.7890625,82.7890625,82.7890625,630.484,630.484,630.484,99.0,0.0,82.7890625,630.484,5
11777126.482662413,4.1857757568359375,140736516.55689406,205638.76163149494,2074392.0740422467,14545053.80041341,23.962500000000002,23.962500000000002,23.962500000000002,23.962500000000002,23.962500000000002,23.962500000000002,23.962500000000002,23.962500000000002,23.962500000000002,23.962500000000002,23.962500000000002,99.0,99.0,99.0,0.0,0.0,0.0,82.7890625,82.7890625,82.7890625,646.999,646.999,646.999,99.0,0.0,82.7890625,646.999,5
11777127.472103996,4.185787200927734,143832027.53428945,210114.47627228269,2119530.891134847,14861554.490574418,22.737499999999997,22.737499999999997,22.737499999999997,22.737499999999997,22.737499999999997,22.737499999999997,22.737499999999997,22.737499999999997,22.737499999999997,22.737499999999997,22.737499999999997,99.0,99.0,99.0,0.0,0.0,0.0,82.7890625,82.7890625,82.7890625,647.802,647.802,647.802,99.0,0.0,82.7890625,647.802,5
11777128.485291151,4.185787200927734,140496130.7292562,205199.99582291566,2069856.4814869182,14513251.501050852,22.9,22.9,22.9,22.9,22.9,22.9,22.9,22.9,22.9,22.9,22.9,100.0,100.0,100.0,0.0,0.0,0.0,82.791015625,82.791015625,82.791015625,665.647,665.647,665.647,100.0,0.0,82.791015625,665.647,5
11777129.473093232,4.185787200927734,144139812.7884451,210474.34910189806,2123048.7774232887,14886220.919823451,22.525,22.525,22.525,22.525,22.525,22.525,22.525,22.525,22.525,22.525,22.525,100.0,100.0,100.0,0.0,0.0,0.0,82.791015625,82.791015625,82.791015625,689.736,689.736,689.736,100.0,0.0,82.791015625,689.736,5
11777130.472600924,4.185787200927734,142484485.293137,208009.40475411143,2098184.9538442395,14711882.781837538,22.125,22.125,22.125,22.125,22.125,22.125,22.125,22.125,22.125,22.125,22.125,100.0,100.0,100.0,0.0,0.0,0.0,82.791015625,82.791015625,82.791015625,694.158,694.158,694.158,100.0,0.0,82.791015625,694.158,5
11777131.472448805,4.185787200927734,142471476.5478819,207938.63131352907,2097471.0641605626,14706877.18815707,22.5,22.5,22.5,22.5,22.5,22.5,22.5,22.5,22.5,22.5,22.5,100.0,100.0,100.0,0.0,0.0,0.0,82.791015625,82.791015625,82.791015625,690.341,690.341,690.341,100.0,0.0,82.791015625,690.341,5
11777132.47293084,4.185798645019531,142413899.6670934,207807.82957352823,2096141.588615079,14697555.279547136,22.2,22.2,22.2,22.2,22.2,22.2,22.2,22.2,22.2,22.2,22.2,100.0,100.0,100.0,0.0,0.0,0.0,82.791015625,82.791015625,82.791015625,694.71,694.71,694.71,100.0,0.0,82.791015625,694.71,5
11777133.472426193,4.185798645019531,142589975.52499437,208012.97300844113,2098210.8546597455,14712064.391071262,22.525000000000002,22.525000000000002,22.525000000000002,22.525000000000002,22.525000000000002,22.525000000000002,22.525000000000002,22.525000000000002,22.525000000000002,22.525000000000002,22.525000000000002,100.0,100.0,100.0,0.0,0.0,0.0,82.791015625,82.791015625,82.791015625,688.801,688.801,688.801,100.0,0.0,82.791015625,688.801,5
11777134.472306931,4.185798645019531,142567759.8368511,207934.79860425933,2097402.139206963,14706393.905767571,23.0,23.0,23.0,23.0,23.0,23.0,23.0,23.0,23.0,23.0,23.0,100.0,100.0,100.0,0.0,0.0,0.0,82.791015625,82.791015625,82.791015625,687.998,687.998,687.998,100.0,0.0,82.791015625,687.998,5
11777135.591684816,4.196796417236328,127379524.74220961,186177.52127328052,1902771.1986410257,13198645.602881115,14.9,14.9,14.9,14.9,14.9,14.9,14.9,14.9,14.9,14.9,14.9,0.0,0.0,0.0,0.0,0.0,0.0,79.791015625,79.791015625,79.791015625,198.552,198.552,198.552,0.0,0.0,79.791015625,198.552,
11777136.47309118,4.196796417236328,161807975.26628405,236443.7207681013,2416501.72856626,16762157.18257404,10.4375,10.4375,10.4375,10.4375,10.4375,10.4375,10.4375,10.4375,10.4375,10.4375,10.4375,0.0,0.0,0.0,0.0,0.0,0.0,79.791015625,79.791015625,79.791015625,144.216,144.216,144.216,0.0,0.0,79.791015625,144.216,
11777137.47319806,4.196811676025391,142638836.69818604,208382.72796207445,2129692.3775388384,14772693.088043442,10.100000000000001,10.100000000000001,10.100000000000001,10.100000000000001,10.100000000000001,10.100000000000001,10.100000000000001,10.100000000000001,10.100000000000001,10.100000000000001,10.100000000000001,0.0,0.0,0.0,0.0,0.0,0.0,79.791015625,79.791015625,79.791015625,140.515,140.515,140.515,0.0,0.0,79.791015625,140.515,
11777138.473332863,4.196811676025391,142667633.92433417,208377.90995868383,2129632.918338243,14772280.647011619,10.15,10.15,10.15,10.15,10.15,10.15,10.15,10.15,10.15,10.15,10.15,0.0,0.0,0.0,0.0,0.0,0.0,79.791015625,79.791015625,79.791015625,139.374,139.374,139.374,0.0,0.0,79.791015625,139.374,
11777139.472097935,4.196811676025391,142898842.80300894,208665.6871301424,2132553.550402254,14792539.723655635,10.5125,10.5125,10.5125,10.5125,10.5125,10.5125,10.5125,10.5125,10.5125,10.5125,10.5125,0.0,0.0,0.0,0.0,0.0,0.0,79.791015625,79.791015625,79.791015625,138.723,138.723,138.723,0.0,0.0,79.791015625,138.723,
11777140.471982855,4.196811676025391,142771559.12321985,208431.98631239374,2130165.138989356,14775972.416028088,10.15,10.15,10.15,10.15,10.15,10.15,10.15,10.15,10.15,10.15,10.15,0.0,0.0,0.0,0.0,0.0,0.0,79.791015625,79.791015625,79.791015625,138.315,138.315,138.315,0.0,0.0,79.791015625,138.315,
11777141.472994352,4.196811676025391,142643601.50919625,208197.4090682033,2127767.770539267,14759342.97756757,10.0625,10.0625,10.0625,10.0625,10.0625,10.0625,10.0625,10.0625,10.0625,10.0625,10.0625,0.0,0.0,0.0,0.0,0.0,0.0,79.791015625,79.791015625,79.791015625,138.105,138.105,138.105,0.0,0.0,79.791015625,138.105,
11777142.473039832,4.196811676025391,142816892.6582147,208399.5219466847,2129823.135203771,14773600.093615387,11.237499999999999,11.237499999999999,11.237499999999999,11.237499999999999,11.237499999999999,11.237499999999999,11.237499999999999,11.237499999999999,11.237499999999999,11.237499999999999,11.237499999999999,0.0,0.0,0.0,0.0,0.0,0.0,79.791015625,79.791015625,79.791015625,137.871,137.871,137.871,0.0,0.0,79.791015625,137.871,
11777143.472438456,4.196811676025391,142942105.87689438,208534.40747846087,2131201.6524071577,14783162.231216574,9.7875,9.7875,9.7875,9.7875,9.7875,9.7875,9.7875,9.7875,9.7875,9.7875,9.7875,0.0,0.0,0.0,0.0,0.0,0.0,79.791015625,79.791015625,79.791015625,137.726,137.726,137.726,0.0,0.0,79.791015625,137.726,
11777144.47369252,4.196811676025391,142712676.29880527,208149.9668074391,2127252.29139777,14759858.206467606,10.1875,10.1875,10.1875,10.1875,10.1875,10.1875,10.1875,10.1875,10.1875,10.1875,10.1875,0.0,0.0,0.0,0.0,0.0,0.0,79.791015625,79.791015625,79.791015625,137.524,137.524,137.524,0.0,0.0,79.791015625,137.524,
11777145.475954792,4.196811676025391,142601798.95153743,207941.57959916626,2125112.4178063464,14745010.77585634,10.075000000000001,10.075000000000001,10.075000000000001,10.075000000000001,10.075000000000001,10.075000000000001,10.075000000000001,10.075000000000001,10.075000000000001,10.075000000000001,10.075000000000001,0.0,0.0,0.0,0.0,0.0,0.0,79.791015625,79.791015625,79.791015625,137.476,137.476,137.476,0.0,0.0,79.791015625,137.476,
11777146.474287555,4.196811676025391,143195900.49055403,208760.05246465027,2133477.0116188508,14803048.188309256,10.3375,10.3375,10.3375,10.3375,10.3375,10.3375,10.3375,10.3375,10.3375,10.3375,10.3375,0.0,0.0,0.0,0.0,0.0,0.0,79.791015625,79.791015625,79.791015625,137.363,137.363,137.363,0.0,0.0,79.791015625,137.363,
11777147.474202575,4.19683837890625,143002337.26134822,208429.71224432014,2130101.0148332263,14779623.96445823,9.987499999999999,9.987499999999999,9.987499999999999,9.987499999999999,9.987499999999999,9.987499999999999,9.987499999999999,9.987499999999999,9.987499999999999,9.987499999999999,9.987499999999999,0.0,0.0,0.0,0.0,0.0,0.0,79.791015625,79.791015625,79.791015625,137.355,137.355,137.355,0.0,0.0,79.791015625,137.355,
11777148.473621229,4.19683837890625,143108613.68485013,208534.23063514955,2131158.941689903,14786964.349263787,9.725,9.725,9.725,9.725,9.725,9.725,9.725,9.725,9.725,9.725,9.725,0.0,0.0,0.0,0.0,0.0,0.0,79.791015625,79.791015625,79.791015625,137.131,137.131,137.131,0.0,0.0,79.791015625,137.131,
11777149.473967431,4.19683837890625,143008664.0568098,208340.8718894448,2129182.871772712,14773253.46414605,10.275,10.275,10.275,10.275,10.275,10.275,10.275,10.275,10.275,10.275,10.275,0.0,0.0,0.0,0.0,0.0,0.0,79.791015625,79.791015625,79.791015625,137.195,137.195,137.195,0.0,0.0,79.791015625,137.195,
11777150.473545292,4.19683837890625,143151363.7335602,208501.0163523182,2130819.5014184797,14784609.155995913,9.674999999999999,9.674999999999999,9.674999999999999,9.674999999999999,9.674999999999999,9.674999999999999,9.674999999999999,9.674999999999999,9.674999999999999,9.674999999999999,9.674999999999999,0.0,0.0,0.0,0.0,0.0,0.0,79.791015625,79.791015625,79.791015625,137.04,137.04,137.04,0.0,0.0,79.791015625,137.04,
11777151.474412736,4.19683837890625,142999645.93536213,208232.37025489367,2128074.016751849,14765559.716232061,10.325,10.325,10.325,10.325,10.325,10.325,10.325,10.325,10.325,10.325,10.325,0.0,0.0,0.0,0.0,0.0,0.0,79.791015625,79.791015625,79.791015625,137.099,137.099,137.099,0.0,0.0,79.791015625,137.099,
11777152.473694239,4.19683837890625,143262033.30387518,208563.85244803748,2131451.440911474,14788993.84386269,10.475,10.475,10.475,10.475,10.475,10.475,10.475,10.475,10.475,10.475,10.475,0.0,0.0,0.0,0.0,0.0,0.0,79.791015625,79.791015625,79.791015625,137.031,137.031,137.031,0.0,0.0,79.791015625,137.031,
11777153.47369332,4.19683837890625,143191922.49085975,208415.19138434783,2129921.955873378,14778381.570752207,10.0625,10.0625,10.0625,10.0625,10.0625,10.0625,10.0625,10.0625,10.0625,10.0625,10.0625,0.0,0.0,0.0,0.0,0.0,0.0,79.791015625,79.791015625,79.791015625,137.168,137.168,137.168,0.0,0.0,79.791015625,137.168,
11777154.474314405,4.19683837890625,143135591.75640225,208286.63647687412,2128597.961599991,14769195.087409168,10.100000000000001,10.100000000000001,10.100000000000001,10.100000000000001,10.100000000000001,10.100000000000001,10.100000000000001,10.100000000000001,10.100000000000001,10.100000000000001,10.100000000000001,0.0,0.0,0.0,0.0,0.0,0.0,79.791015625,79.791015625,79.791015625,137.104,137.104,137.104,0.0,0.0,79.791015625,137.104,
11777155.473363344,4.19683837890625,143393575.04049397,208614.40502993215,2131947.6122819413,14792436.509833163,10.1375,10.1375,10.1375,10.1375,10.1375,10.1375,10.1375,10.1375,10.1375,10.1375,10.1375,0.0,0.0,0.0,0.0,0.0,0.0,79.791015625,79.791015625,79.791015625,137.103,137.103,137.103,0.0,0.0,79.791015625,137.103,
11777156.47469934,4.19683837890625,143098727.51010346,208137.92832418912,2127078.2295805356,14758650.485243408,10.1375,10.1375,10.1375,10.1375,10.1375,10.1375,10.1375,10.1375,10.1375,10.1375,10.1375,0.0,0.0,0.0,0.0,0.0,0.0,79.791015625,79.791015625,79.791015625,137.054,137.054,137.054,0.0,0.0,79.791015625,137.054,
11777157.474793402,4.196865081787109,143311898.83667284,208398.39768881185,2129719.6749098166,14776978.052066574,10.475,10.475,10.475,10.475,10.475,10.475,10.475,10.475,10.475,10.475,10.475,0.0,0.0,0.0,0.0,0.0,0.0,79.791015625,79.791015625,79.791015625,136.905,136.905,136.905,0.0,0.0,79.791015625,136.905,
11777158.473837253,4.196865081787109,143498068.6455906,208619.47146003155,2131958.4716061335,14792511.856836405,10.1375,10.1375,10.1375,10.1375,10.1375,10.1375,10.1375,10.1375,10.1375,10.1375,10.1375,0.0,0.0,0.0,0.0,0.0,0.0,79.791015625,79.791015625,79.791015625,137.005,137.005,137.005,0.0,0.0,79.791015625,137.005,
11777159.473754896,4.196865081787109,143405405.41821942,208437.16622953274,2130095.4279608787,14779585.200159328,10.15,10.15,10.15,10.15,10.15,10.15,10.15,10.15,10.15,10.15,10.15,0.0,0.0,0.0,0.0,0.0,0.0,79.791015625,79.791015625,79.791015625,136.985,136.985,136.985,0.0,0.0,79.791015625,136.985,
11777160.47486734,4.196865081787109,143266950.49377954,208188.4019934048,2127553.2154965587,14761946.156753046,10.0625,10.0625,10.0625,10.0625,10.0625,10.0625,10.0625,10.0625,10.0625,10.0625,10.0625,0.0,0.0,0.0,0.0,0.0,0.0,79.791015625,79.791015625,79.791015625,136.818,136.818,136.818,0.0,0.0,79.791015625,136.818,
11777161.475810401,4.196865081787109,143323895.82858607,208223.63242041,2127913.248080221,14764444.228987379,10.0,10.0,10.0,10.0,10.0,10.0,10.0,10.0,10.0,10.0,10.0,0.0,0.0,0.0,0.0,0.0,0.0,79.791015625,79.791015625,79.791015625,136.803,136.803,136.803,0.0,0.0,79.791015625,136.803,
11777162.474325644,4.196880340576172,143705160.28424066,208739.92812985677,2133087.1166451303,14964426.541387375,10.45,10.45,10.45,10.45,10.45,10.45,10.45,10.45,10.45,10.45,10.45,0.0,0.0,0.0,0.0,0.0,0.0,79.791015625,79.791015625,79.791015625,136.836,136.836,136.836,0.0,0.0,79.791015625,136.836,
11777163.474521786,4.196880340576172,143499123.77733573,208390.12591846735,2129502.314896834,14939277.778353173,10.075,10.075,10.075,10.075,10.075,10.075,10.075,10.075,10.075,10.075,10.075,0.0,0.0,0.0,0.0,0.0,0.0,79.791015625,79.791015625,79.791015625,136.717,136.717,136.717,0.0,0.0,79.791015625,136.717,
11777164.4763462,4.196880340576172,143298566.03870368,208051.42798767198,2126041.2198737343,14914996.865575735,10.0625,10.0625,10.0625,10.0625,10.0625,10.0625,10.0625,10.0625,10.0625,10.0625,10.0625,0.0,0.0,0.0,0.0,0.0,0.0,79.791015625,79.791015625,79.791015625,136.908,136.908,136.908,0.0,0.0,79.791015625,136.908,
11777165.475191591,4.196880340576172,143758719.11444366,208671.93449873728,2132382.067578961,14959480.351015482,10.45,10.45,10.45,10.45,10.45,10.45,10.45,10.45,10.45,10.45,10.45,0.0,0.0,0.0,0.0,0.0,0.0,79.791015625,79.791015625,79.791015625,136.863,136.863,136.863,0.0,0.0,79.791015625,136.863,
11777166.475544304,4.196880340576172,143574825.3862095,208357.5097334969,2129169.015796929,14936939.55697538,9.725,9.725,9.725,9.725,9.725,9.725,9.725,9.725,9.725,9.725,9.725,0.0,0.0,0.0,0.0,0.0,0.0,79.791015625,79.791015625,79.791015625,136.905,136.905,136.905,0.0,0.0,79.791015625,136.905,
11777167.473094383,4.196880340576172,144013765.26153576,208945.90082513203,2135150.949871255,14978905.125250652,10.025,10.025,10.025,10.025,10.025,10.025,10.025,10.025,10.025,10.025,10.025,0.0,0.0,0.0,0.0,0.0,0.0,79.791015625,79.791015625,79.791015625,137.044,137.044,137.044,0.0,0.0,79.791015625,137.044,
11777168.474757537,4.196880340576172,143457827.54156926,208089.91442831024,2126383.49680068,14917398.069863232,9.987499999999999,9.987499999999999,9.987499999999999,9.987499999999999,9.987499999999999,9.987499999999999,9.987499999999999,9.987499999999999,9.987499999999999,9.987499999999999,9.987499999999999,0.0,0.0,0.0,0.0,0.0,0.0,79.791015625,79.791015625,79.791015625,136.803,136.803,136.803,0.0,0.0,79.791015625,136.803,
11777169.476265842,4.196880340576172,143512691.1120643,208122.0884447592,2126712.2695708107,14919704.537296765,10.15,10.15,10.15,10.15,10.15,10.15,10.15,10.15,10.15,10.15,10.15,0.0,0.0,0.0,0.0,0.0,0.0,79.791015625,79.791015625,79.791015625,136.899,136.899,136.899,0.0,0.0,79.791015625,136.899,
11777170.477488946,4.196880340576172,143586263.05659926,208181.37251502162,2127318.0686023277,14923954.450502485,10.5125,10.5125,10.5125,10.5125,10.5125,10.5125,10.5125,10.5125,10.5125,10.5125,10.5125,0.0,0.0,0.0,0.0,0.0,0.0,79.791015625,79.791015625,79.791015625,136.92,136.92,136.92,0.0,0.0,79.791015625,136.92,
11777171.477840409,4.196907043457031,143744095.33899328,208362.768297795,2129171.675971711,14936958.219124617,10.15,10.15,10.15,10.15,10.15,10.15,10.15,10.15,10.15,10.15,10.15,0.0,0.0,0.0,0.0,0.0,0.0,79.791015625,79.791015625,79.791015625,136.951,136.951,136.951,0.0,0.0,79.791015625,136.951,
11777172.4757484,4.196907043457031,144131610.68587106,208873.96630306478,2134385.1538269296,14973532.771462768,11.175,11.175,11.175,11.175,11.175,11.175,11.175,11.175,11.175,11.175,11.175,0.0,0.0,0.0,0.0,0.0,0.0,79.791015625,79.791015625,79.791015625,136.978,136.978,136.978,0.0,0.0,79.791015625,136.978,
11777173.476829432,4.196907043457031,143707472.52605686,208212.91503476482,2127619.9732814855,14926072.42794396,10.0125,10.0125,10.0125,10.0125,10.0125,10.0125,10.0125,10.0125,10.0125,10.0125,10.0125,0.0,0.0,0.0,0.0,0.0,0.0,79.791015625,79.791015625,79.791015625,136.96,136.96,136.96,0.0,0.0,79.791015625,136.96,
11777174.475861544,4.196907043457031,144034966.73915464,208639.94012807438,2131983.5216111657,14956684.397764487,10.45,10.45,10.45,10.45,10.45,10.45,10.45,10.45,10.45,10.45,10.45,0.0,0.0,0.0,0.0,0.0,0.0,79.791015625,79.791015625,79.791015625,136.703,136.703,136.703,0.0,0.0,79.791015625,136.703,
11777175.476696167,4.196907043457031,143808263.26531234,208264.177853842,2128143.8014875175,14929747.284281662,9.5375,9.5375,9.5375,9.5375,9.5375,9.5375,9.5375,9.5375,9.5375,9.5375,9.5375,0.0,0.0,0.0,0.0,0.0,0.0,79.791015625,79.791015625,79.791015625,136.985,136.985,136.985,0.0,0.0,79.791015625,136.985,
11777176.47679586,4.196907043457031,143946670.59745163,208417.22236737693,2129707.6841301657,14940718.522513162,10.075000000000001,10.075000000000001,10.075000000000001,10.075000000000001,10.075000000000001,10.075000000000001,10.075000000000001,10.075000000000001,10.075000000000001,10.075000000000001,10.075000000000001,0.0,0.0,0.0,0.0,0.0,0.0,79.791015625,79.791015625,79.791015625,136.831,136.831,136.831,0.0,0.0,79.791015625,136.831,
11777177.477272864,4.196907043457031,143925100.03697923,208339.62100152991,2128904.5023415894,14935083.893350229,10.375,10.375,10.375,10.375,10.375,10.375,10.375,10.375,10.375,10.375,10.375,0.0,0.0,0.0,0.0,0.0,0.0,79.791015625,79.791015625,79.791015625,136.532,136.532,136.532,0.0,0.0,79.791015625,136.532,
11777178.613938283,4.197116851806641,126717575.48421437,184771.17059834237,1873831.9692644204,13715008.605808431,9.3125,9.3125,9.3125,9.3125,9.3125,9.3125,9.3125,9.3125,9.3125,9.3125,9.3125,0.0,0.0,0.0,0.0,0.0,0.0,79.791015625,79.791015625,79.791015625,136.856,136.856,136.856,0.0,0.0,79.791015625,136.856,
11777179.61786649,4.197147369384766,143506283.63203728,210100.68106314295,2121585.9714307836,15528377.321664544,13.887500000000001,13.887500000000001,13.887500000000001,13.887500000000001,13.887500000000001,13.887500000000001,13.887500000000001,13.887500000000001,13.887500000000001,13.887500000000001,13.887500000000001,0.0,0.0,0.0,0.0,0.0,0.0,79.791015625,79.791015625,79.791015625,136.96,136.96,136.96,0.0,0.0,79.791015625,136.96,
11777180.478969453,4.197147369384766,167346698.61117786,244948.64040169245,2473478.889109796,18103962.79221516,10.1125,10.1125,10.1125,10.1125,10.1125,10.1125,10.1125,10.1125,10.1125,10.1125,10.1125,0.0,0.0,0.0,0.0,0.0,0.0,79.791015625,79.791015625,79.791015625,136.936,136.936,136.936,0.0,0.0,79.791015625,136.936,
11777181.477407964,4.197147369384766,144360887.93221524,211255.87371373913,2133251.0479522073,15613756.708665578,10.100000000000001,10.100000000000001,10.100000000000001,10.100000000000001,10.100000000000001,10.100000000000001,10.100000000000001,10.100000000000001,10.100000000000001,10.100000000000001,10.100000000000001,0.0,0.0,0.0,0.0,0.0,0.0,79.791015625,79.791015625,79.791015625,136.665,136.665,136.665,0.0,0.0,79.791015625,136.665,
11777182.476186493,4.197147369384766,144344514.5714092,211184.95620139333,2132524.816227755,15612542.260344354,10.6875,10.6875,10.6875,10.6875,10.6875,10.6875,10.6875,10.6875,10.6875,10.6875,10.6875,0.0,0.0,0.0,0.0,0.0,0.0,79.791015625,79.791015625,79.791015625,136.801,136.801,136.801,0.0,0.0,79.791015625,136.801,
11777183.477153417,4.197147369384766,144067122.14120218,210725.24484846552,2127862.5201259363,15578408.873306615,12.412500000000001,12.412500000000001,12.412500000000001,12.412500000000001,12.412500000000001,12.412500000000001,12.412500000000001,12.412500000000001,12.412500000000001,12.412500000000001,12.412500000000001,0.0,0.0,0.0,0.0,0.0,0.0,79.791015625,79.791015625,79.791015625,136.504,136.504,136.504,0.0,0.0,79.791015625,136.504,
11777184.4779044,4.197147369384766,144130910.11742643,210770.71474810157,2128321.6663250504,15581770.353268204,10.0375,10.0375,10.0375,10.0375,10.0375,10.0375,10.0375,10.0375,10.0375,10.0375,10.0375,0.0,0.0,0.0,0.0,0.0,0.0,79.791015625,79.791015625,79.791015625,136.822,136.822,136.822,0.0,0.0,79.791015625,136.822,
11777185.477060212,4.197147369384766,144393753.47894844,211107.21418421823,2131719.572155797,15606646.944609843,10.8,10.8,10.8,10.8,10.8,10.8,10.8,10.8,10.8,10.8,10.8,0.0,0.0,0.0,0.0,0.0,0.0,79.791015625,79.791015625,79.791015625,136.655,136.655,136.655,0.0,0.0,79.791015625,136.655,
11777186.477509344,4.197147369384766,144239783.27252495,210834.30752905225,2128963.813853377,15586471.614115013,9.775,9.775,9.775,9.775,9.775,9.775,9.775,9.775,9.775,9.775,9.775,0.0,0.0,0.0,0.0,0.0,0.0,79.791015625,79.791015625,79.791015625,136.88,136.88,136.88,0.0,0.0,79.791015625,136.88,
11777187.477968749,4.197147369384766,144270995.23216268,210832.14273067706,2128941.954140605,15586311.575794775,9.775,9.775,9.775,9.775,9.775,9.775,9.775,9.775,9.775,9.775,9.775,0.0,0.0,0.0,0.0,0.0,0.0,79.791015625,79.791015625,79.791015625,136.705,136.705,136.705,0.0,0.0,79.791015625,136.705,
11777188.47827732,4.197147369384766,144328177.45462543,210866.93249893453,2129262.970379699,15588661.785068296,10.175,10.175,10.175,10.175,10.175,10.175,10.175,10.175,10.175,10.175,10.175,0.0,0.0,0.0,0.0,0.0,0.0,79.791015625,79.791015625,79.791015625,136.897,136.897,136.897,0.0,0.0,79.791015625,136.897,
11777189.478717225,4.197147369384766,144341936.31388578,210840.2503976209,2128983.450322618,15586615.375727318,11.275,11.275,11.275,11.275,11.275,11.275,11.275,11.275,11.275,11.275,11.275,0.0,0.0,0.0,0.0,0.0,0.0,79.791015625,79.791015625,79.791015625,136.612,136.612,136.612,0.0,0.0,79.791015625,136.612,
11777190.478104167,4.197147369384766,144526883.36002135,211201.4787531839,2131226.565465725,15603037.566784644,17.425,17.425,17.425,17.425,17.425,17.425,17.425,17.425,17.425,17.425,17.425,0.0,0.0,0.0,0.0,0.0,0.0,79.791015625,79.791015625,79.791015625,136.783,136.783,136.783,0.0,0.0,79.791015625,136.783,
11777191.479496768,4.197147369384766,144270247.10126516,210922.26942446755,2126957.996044627,15571786.713349797,10.2875,10.2875,10.2875,10.2875,10.2875,10.2875,10.2875,10.2875,10.2875,10.2875,10.2875,0.0,0.0,0.0,0.0,0.0,0.0,79.791015625,79.791015625,79.791015625,136.806,136.806,136.806,0.0,0.0,79.791015625,136.806,
11777192.47822298,4.197147369384766,144688422.45030087,211716.6822776317,2132636.5279089953,15613360.118749127,10.5125,10.5125,10.5125,10.5125,10.5125,10.5125,10.5125,10.5125,10.5125,10.5125,10.5125,0.0,0.0,0.0,0.0,0.0,0.0,79.791015625,79.791015625,79.791015625,136.642,136.642,136.642,0.0,0.0,79.791015625,136.642,
11777193.477760673,4.197147369384766,144603703.2555665,211544.79856998523,2130905.131641418,15600684.300305538,10.025,10.025,10.025,10.025,10.025,10.025,10.025,10.025,10.025,10.025,10.025,0.0,0.0,0.0,0.0,0.0,0.0,79.791015625,79.791015625,79.791015625,136.701,136.701,136.701,0.0,0.0,79.791015625,136.701,
11777194.479534756,4.197147369384766,144316299.78715736,211073.53785104235,2126148.035165583,15565856.865144948,9.7,9.7,9.7,9.7,9.7,9.7,9.7,9.7,9.7,9.7,9.7,0.0,0.0,0.0,0.0,0.0,0.0,79.791015625,79.791015625,79.791015625,136.636,136.636,136.636,0.0,0.0,79.791015625,136.636,
11777195.477761948,4.199138641357422,144864564.0451684,213673.8026076445,2133702.6449287334,16261276.118947249,12.2875,12.2875,12.2875,12.2875,12.2875,12.2875,12.2875,12.2875,12.2875,12.2875,12.2875,0.0,0.0,0.0,0.0,0.0,0.0,79.791015625,79.791015625,79.791015625,136.652,136.652,136.652,0.0,0.0,79.791015625,136.652,
11777196.47796688,4.199138641357422,144610843.61860573,213251.2979968112,2129483.600784679,16229122.134441696,9.6875,9.6875,9.6875,9.6875,9.6875,9.6875,9.6875,9.6875,9.6875,9.6875,9.6875,0.0,0.0,0.0,0.0,0.0,0.0,79.791015625,79.791015625,79.791015625,136.881,136.881,136.881,0.0,0.0,79.791015625,136.881,
11777197.478361044,4.199138641357422,144616208.54691932,213210.9599890968,2129080.793736267,16226052.279955434,10.524999999999999,10.524999999999999,10.524999999999999,10.524999999999999,10.524999999999999,10.524999999999999,10.524999999999999,10.524999999999999,10.524999999999999,10.524999999999999,10.524999999999999,0.0,0.0,0.0,0.0,0.0,0.0,79.791015625,79.791015625,79.791015625,136.942,136.942,136.942,0.0,0.0,79.791015625,136.942,
11777198.479075266,4.202213287353516,144604495.29261017,214111.07716482977,2128399.85006774,16863475.73515209,22.55,22.55,22.55,22.55,22.55,22.55,22.55,22.55,22.55,22.55,22.55,0.0,0.0,0.0,0.0,0.0,0.0,79.791015625,79.791015625,79.791015625,136.64,136.64,136.64,0.0,0.0,79.791015625,136.64,
11777199.47921154,4.202228546142578,144723926.76939738,214628.7515002838,2129629.785032398,16873220.60448746,11.925,11.925,11.925,11.925,11.925,11.925,11.925,11.925,11.925,11.925,11.925,0.0,0.0,0.0,0.0,0.0,0.0,79.791015625,79.791015625,79.791015625,136.739,136.739,136.739,0.0,0.0,79.791015625,136.739,
11777200.478785831,4.1922760009765625,144840597.0053127,216467.15210393164,2130827.113156354,17521955.261262633,11.8125,11.8125,11.8125,11.8125,11.8125,11.8125,11.8125,11.8125,11.8125,11.8125,11.8125,0.0,0.0,0.0,0.0,0.0,0.0,79.791015625,79.791015625,79.791015625,136.801,136.801,136.801,0.0,0.0,79.791015625,136.801,
11777201.479160853,4.1922760009765625,144757381.9058276,216293.88519701027,2129121.534182859,17507930.1541652,10.35,10.35,10.35,10.35,10.35,10.35,10.35,10.35,10.35,10.35,10.35,0.0,0.0,0.0,0.0,0.0,0.0,79.791015625,79.791015625,79.791015625,136.449,136.449,136.449,0.0,0.0,79.791015625,136.449,
11777202.48346288,4.1922760009765625,144224599.91977808,215812.56856697603,2120796.2777793477,17439470.93035479,11.15,11.15,11.15,11.15,11.15,11.15,11.15,11.15,11.15,11.15,11.15,0.0,0.0,0.0,0.0,0.0,0.0,79.791015625,79.791015625,79.791015625,136.675,136.675,136.675,0.0,0.0,79.791015625,136.675,
11777203.480101308,4.1922760009765625,145369203.9847473,217474.05460137266,2137104.0281649497,17573570.81621793,10.8125,10.8125,10.8125,10.8125,10.8125,10.8125,10.8125,10.8125,10.8125,10.8125,10.8125,0.0,0.0,0.0,0.0,0.0,0.0,79.791015625,79.791015625,79.791015625,136.782,136.782,136.782,0.0,0.0,79.791015625,136.782,
11777204.480032682,4.1922760009765625,144923212.4185276,216757.87510351918,2130066.1767184525,17515698.0224002,9.674999999999999,9.674999999999999,9.674999999999999,9.674999999999999,9.674999999999999,9.674999999999999,9.674999999999999,9.674999999999999,9.674999999999999,9.674999999999999,9.674999999999999,0.0,0.0,0.0,0.0,0.0,0.0,79.791015625,79.791015625,79.791015625,136.945,136.945,136.945,0.0,0.0,79.791015625,136.945,
11777205.480215915,4.1922760009765625,144922189.59871554,216704.29281114708,2129529.8017214704,17511287.3695404,10.387500000000001,10.387500000000001,10.387500000000001,10.387500000000001,10.387500000000001,10.387500000000001,10.387500000000001,10.387500000000001,10.387500000000001,10.387500000000001,10.387500000000001,0.0,0.0,0.0,0.0,0.0,0.0,79.791015625,79.791015625,79.791015625,136.984,136.984,136.984,0.0,0.0,79.791015625,136.984,
11777206.480114676,4.1922760009765625,144996622.23896748,216989.96773649455,2130135.6517150663,17516269.320641585,18.5375,18.5375,18.5375,18.5375,18.5375,18.5375,18.5375,18.5375,18.5375,18.5375,18.5375,0.0,0.0,0.0,0.0,0.0,0.0,79.791015625,79.791015625,79.791015625,136.74,136.74,136.74,0.0,0.0,79.791015625,136.74,
11777207.479761148,4.1922760009765625,145066218.99735048,217303.82302651295,2130673.2530515566,17520690.057785492,10.787500000000001,10.787500000000001,10.787500000000001,10.787500000000001,10.787500000000001,10.787500000000001,10.787500000000001,10.787500000000001,10.787500000000001,10.787500000000001,10.787500000000001,0.0,0.0,0.0,0.0,0.0,0.0,79.791015625,79.791015625,79.791015625,136.754,136.754,136.754,0.0,0.0,79.791015625,136.754,
11777208.484219426,4.1922760009765625,144406767.42543364,216439.05443488993,2120466.37054498,17436758.0777891,10.637500000000001,10.637500000000001,10.637500000000001,10.637500000000001,10.637500000000001,10.637500000000001,10.637500000000001,10.637500000000001,10.637500000000001,10.637500000000001,10.637500000000001,0.0,0.0,0.0,0.0,0.0,0.0,79.791015625,79.791015625,79.791015625,137.088,137.088,137.088,0.0,0.0,79.791015625,137.088,
11777209.481061945,4.1922760009765625,145542962.21810636,218179.8990059475,2136666.485007415,17578190.813195616,9.325,9.325,9.325,9.325,9.325,9.325,9.325,9.325,9.325,9.325,9.325,0.0,0.0,0.0,0.0,0.0,0.0,79.791015625,79.791015625,79.791015625,136.978,136.978,136.978,0.0,0.0,79.791015625,136.978,
11777210.480999377,4.1922760009765625,145125308.21671382,217515.60954128223,2130053.2734143496,17523784.430128053,9.837499999999999,9.837499999999999,9.837499999999999,9.837499999999999,9.837499999999999,9.837499999999999,9.837499999999999,9.837499999999999,9.837499999999999,9.837499999999999,9.837499999999999,0.0,0.0,0.0,0.0,0.0,0.0,79.791015625,79.791015625,79.791015625,136.846,136.846,136.846,0.0,0.0,79.791015625,136.846,
11777211.772696484,4.195667266845703,112376618.46934244,170149.02237180123,1648931.4623654769,14060311.738708701,9.7,9.7,9.7,9.7,9.7,9.7,9.7,9.7,9.7,9.7,9.7,0.0,0.0,0.0,0.0,0.0,0.0,79.791015625,79.791015625,79.791015625,136.97,136.97,136.97,0.0,0.0,79.791015625,136.97,
11777212.671383744,4.195747375488281,161557505.51485783,244584.52871009536,2370034.7098119073,20209103.66020384,8.525,8.525,8.525,8.525,8.525,8.525,8.525,8.525,8.525,8.525,8.525,0.0,0.0,0.0,0.0,0.0,0.0,79.791015625,79.791015625,79.791015625,136.815,136.815,136.815,0.0,0.0,79.791015625,136.815,
11777213.840973848,4.204254150390625,124169356.81758706,188948.24706027246,1821082.439086553,16074554.606552457,10.8375,10.8375,10.8375,10.8375,10.8375,10.8375,10.8375,10.8375,10.8375,10.8375,10.8375,0.0,0.0,0.0,0.0,0.0,0.0,79.791015625,79.791015625,79.791015625,136.852,136.852,136.852,0.0,0.0,79.791015625,136.852,
11777214.600873938,4.204254150390625,191157108.72414413,291144.85325074336,2802894.7881984953,24740936.68813672,8.799999999999999,8.799999999999999,8.799999999999999,8.799999999999999,8.799999999999999,8.799999999999999,8.799999999999999,8.799999999999999,8.799999999999999,8.799999999999999,8.799999999999999,0.0,0.0,0.0,0.0,0.0,0.0,79.791015625,79.791015625,79.791015625,136.784,136.784,136.784,0.0,0.0,79.791015625,136.784,
11777215.60021836,4.204254150390625,145399278.63362592,223184.31482703768,2131317.245655019,19456467.2406238,9.3375,9.3375,9.3375,9.3375,9.3375,9.3375,9.3375,9.3375,9.3375,9.3375,9.3375,0.0,0.0,0.0,0.0,0.0,0.0,79.791015625,79.791015625,79.791015625,136.903,136.903,136.903,0.0,0.0,79.791015625,136.903,
11777216.8057831,4.205711364746094,120550722.04085529,185340.52331878527,1766740.4557247902,16131699.391887123,8.85,8.85,8.85,8.85,8.85,8.85,8.85,8.85,8.85,8.85,8.85,0.0,0.0,0.0,0.0,0.0,0.0,79.791015625,79.791015625,79.791015625,136.707,136.707,136.707,0.0,0.0,79.791015625,136.707,
11777217.807233416,4.210243225097656,145161677.82412124,223563.76209603183,2126835.418439488,19419643.39759748,29.4375,29.4375,29.4375,29.4375,29.4375,29.4375,29.4375,29.4375,29.4375,29.4375,29.4375,0.0,0.0,0.0,0.0,0.0,0.0,79.791015625,79.791015625,79.791015625,136.901,136.901,136.901,0.0,0.0,79.791015625,136.901,
11777218.805364337,4.216564178466797,145683890.6606931,226272.92190450573,2133908.4428729014,20124398.08432444,31.537499999999998,31.537499999999998,31.537499999999998,31.537499999999998,31.537499999999998,31.537499999999998,31.537499999999998,31.537499999999998,31.537499999999998,31.537499999999998,31.537499999999998,0.0,0.0,0.0,0.0,0.0,0.0,79.791015625,79.791015625,79.791015625,136.74,136.74,136.74,0.0,0.0,79.791015625,136.74,
11777219.809165481,4.216625213623047,144889784.96765134,225723.99045914088,2121854.524007791,20010720.35718117,16.0625,16.0625,16.0625,16.0625,16.0625,16.0625,16.0625,16.0625,16.0625,16.0625,16.0625,0.0,0.0,0.0,0.0,0.0,0.0,79.791015625,79.791015625,79.791015625,136.756,136.756,136.756,0.0,0.0,79.791015625,136.756,
11777220.808071032,4.216655731201172,145632699.6078169,226830.2542155524,2132253.643532096,20108792.053618073,8.075,8.075,8.075,8.075,8.075,8.075,8.075,8.075,8.075,8.075,8.075,0.0,0.0,0.0,0.0,0.0,0.0,79.791015625,79.791015625,79.791015625,136.822,136.822,136.822,0.0,0.0,79.791015625,136.822,
11777221.807556303,4.216670989990234,145583777.18454507,226699.68889248298,2131016.8960861024,20097128.573858168,9.675,9.675,9.675,9.675,9.675,9.675,9.675,9.675,9.675,9.675,9.675,0.0,0.0,0.0,0.0,0.0,0.0,79.791015625,79.791015625,79.791015625,136.967,136.967,136.967,0.0,0.0,79.791015625,136.967,
11777222.807571247,4.216670989990234,145539446.05822232,226579.613993788,2129888.170946845,20086483.82754486,8.1375,8.1375,8.1375,8.1375,8.1375,8.1375,8.1375,8.1375,8.1375,8.1375,8.1375,0.0,0.0,0.0,0.0,0.0,0.0,79.791015625,79.791015625,79.791015625,136.904,136.904,136.904,0.0,0.0,79.791015625,136.904,
11777223.95527432,4.222644805908203,126841236.67909358,198153.16830385628,1855811.012324058,18058468.69684564,8.825,8.825,8.825,8.825,8.825,8.825,8.825,8.825,8.825,8.825,8.825,0.0,0.0,0.0,0.0,0.0,0.0,79.791015625,79.791015625,79.791015625,136.863,136.863,136.863,0.0,0.0,79.791015625,136.863,
11777224.808464663,4.222644805908203,170667586.72731054,266942.77736244356,2496418.314401197,24292070.520903956,11.2625,11.2625,11.2625,11.2625,11.2625,11.2625,11.2625,11.2625,11.2625,11.2625,11.2625,0.0,0.0,0.0,0.0,0.0,0.0,79.791015625,79.791015625,79.791015625,136.764,136.764,136.764,0.0,0.0,79.791015625,136.764,
11777225.809045715,4.222644805908203,145560138.96767226,227620.74047838108,2128683.124084923,20713724.245903287,8.4625,8.4625,8.4625,8.4625,8.4625,8.4625,8.4625,8.4625,8.4625,8.4625,8.4625,0.0,0.0,0.0,0.0,0.0,0.0,79.791015625,79.791015625,79.791015625,136.766,136.766,136.766,0.0,0.0,79.791015625,136.766,
11777226.809285209,4.224273681640625,145650878.58674672,229418.0559068949,2129410.020513148,21359620.513454963,21.3125,21.3125,21.3125,21.3125,21.3125,21.3125,21.3125,21.3125,21.3125,21.3125,21.3125,0.0,0.0,0.0,0.0,0.0,0.0,79.791015625,79.791015625,79.791015625,136.911,136.911,136.911,0.0,0.0,79.791015625,136.911,
11777227.80759411,4.225902557373047,145970969.39778665,232097.49990948068,2133528.007626944,22040985.494176816,20.7,20.7,20.7,20.7,20.7,20.7,20.7,20.7,20.7,20.7,20.7,0.0,0.0,0.0,0.0,0.0,0.0,79.791015625,79.791015625,79.791015625,136.786,136.786,136.786,0.0,0.0,79.791015625,136.786,
11777228.808259351,4.22601318359375,145655383.9425736,232077.61225931943,2128504.030036212,21989083.941066407,12.137500000000001,12.137500000000001,12.137500000000001,12.137500000000001,12.137500000000001,12.137500000000001,12.137500000000001,12.137500000000001,12.137500000000001,12.137500000000001,12.137500000000001,0.0,0.0,0.0,0.0,0.0,0.0,79.791015625,79.791015625,79.791015625,136.809,136.809,136.809,0.0,0.0,79.791015625,136.809,
11777229.809270667,4.226081848144531,145640775.19265306,232227.14503455174,2127768.1545886747,21981481.781635307,11.8,11.8,11.8,11.8,11.8,11.8,11.8,11.8,11.8,11.8,11.8,0.0,0.0,0.0,0.0,0.0,0.0,79.791015625,79.791015625,79.791015625,136.595,136.595,136.595,0.0,0.0,79.791015625,136.595,
11777230.808684748,4.226093292236328,145906650.51466724,232891.45558607488,2131168.6927537224,22016611.956678838,9.6375,9.6375,9.6375,9.6375,9.6375,9.6375,9.6375,9.6375,9.6375,9.6375,9.6375,0.0,0.0,0.0,0.0,0.0,0.0,79.791015625,79.791015625,79.791015625,136.819,136.819,136.819,0.0,0.0,79.791015625,136.819,
11777231.809832072,4.226108551025391,145686948.8351588,232622.10702265758,2127479.0917119267,21978495.53976244,8.5,8.5,8.5,8.5,8.5,8.5,8.5,8.5,8.5,8.5,8.5,0.0,0.0,0.0,0.0,0.0,0.0,79.791015625,79.791015625,79.791015625,136.877,136.877,136.877,0.0,0.0,79.791015625,136.877,
11777232.809074812,4.226108551025391,146000214.15839112,233066.49198953965,2131534.12606106,22020387.16384618,8.4375,8.4375,8.4375,8.4375,8.4375,8.4375,8.4375,8.4375,8.4375,8.4375,8.4375,0.0,0.0,0.0,0.0,0.0,0.0,79.791015625,79.791015625,79.791015625,136.956,136.956,136.956,0.0,0.0,79.791015625,136.956,
11777233.810660768,4.226226806640625,145692034.7467629,232896.63602832545,2126547.3880010415,21968870.323733836,10.1375,10.1375,10.1375,10.1375,10.1375,10.1375,10.1375,10.1375,10.1375,10.1375,10.1375,0.0,0.0,0.0,0.0,0.0,0.0,79.791015625,79.791015625,79.791015625,136.833,136.833,136.833,0.0,0.0,79.791015625,136.833,
11777234.809016978,4.226295471191406,146196372.12461263,233806.32848883866,2133426.905668477,22039941.03317511,8.875,8.875,8.875,8.875,8.875,8.875,8.875,8.875,8.875,8.875,8.875,0.0,0.0,0.0,0.0,0.0,0.0,79.791015625,79.791015625,79.791015625,136.639,136.639,136.639,0.0,0.0,79.791015625,136.639,
11777235.809028711,4.226295471191406,145989898.12946117,233420.26132633892,2129895.0103639993,22003453.837837316,8.95,8.95,8.95,8.95,8.95,8.95,8.95,8.95,8.95,8.95,8.95,0.0,0.0,0.0,0.0,0.0,0.0,79.791015625,79.791015625,79.791015625,136.843,136.843,136.843,0.0,0.0,79.791015625,136.843,
11777236.809201352,4.23040771484375,146013128.128813,235667.31412898496,2129552.3516792287,22642874.9085278,24.3375,24.3375,24.3375,24.3375,24.3375,24.3375,24.3375,24.3375,24.3375,24.3375,24.3375,0.0,0.0,0.0,0.0,0.0,0.0,79.791015625,79.791015625,79.791015625,136.764,136.764,136.764,0.0,0.0,79.791015625,136.764,
11777238.01060085,4.230487823486328,121582485.49389358,196627.35039813025,1772865.7320892764,18850335.83215694,26.012500000000003,26.012500000000003,26.012500000000003,26.012500000000003,26.012500000000003,26.012500000000003,26.012500000000003,26.012500000000003,26.012500000000003,26.012500000000003,26.012500000000003,0.0,0.0,0.0,0.0,0.0,0.0,79.791015625,79.791015625,79.791015625,136.914,136.914,136.914,0.0,0.0,79.791015625,136.914,
11777239.540192628,4.233089447021484,95522153.7363598,156033.13471409297,1392476.1039030987,15228868.467109466,25.2875,25.2875,25.2875,25.2875,25.2875,25.2875,25.2875,25.2875,25.2875,25.2875,25.2875,0.0,0.0,0.0,0.0,0.0,0.0,79.791015625,79.791015625,79.791015625,136.869,136.869,136.869,0.0,0.0,79.791015625,136.869,
11777240.4216984,4.233097076416016,165791059.53017113,271113.36926355324,2416229.214277819,26425183.733842224,11.537500000000001,11.537500000000001,11.537500000000001,11.537500000000001,11.537500000000001,11.537500000000001,11.537500000000001,11.537500000000001,11.537500000000001,11.537500000000001,11.537500000000001,0.0,0.0,0.0,0.0,0.0,0.0,79.791015625,79.791015625,79.791015625,136.754,136.754,136.754,0.0,0.0,79.791015625,136.754,
11777241.423245365,4.233299255371094,145955321.3650385,240306.25486289573,2126630.1795659713,23904141.15300597,9.700000000000001,9.700000000000001,9.700000000000001,9.700000000000001,9.700000000000001,9.700000000000001,9.700000000000001,9.700000000000001,9.700000000000001,9.700000000000001,9.700000000000001,0.0,0.0,0.0,0.0,0.0,0.0,79.791015625,79.791015625,79.791015625,136.685,136.685,136.685,0.0,0.0,79.791015625,136.685,
11777242.422039876,4.234722137451172,146390385.0045997,240968.4848673535,2132490.6941584754,23970015.591069788,10.0625,10.0625,10.0625,10.0625,10.0625,10.0625,10.0625,10.0625,10.0625,10.0625,10.0625,0.0,0.0,0.0,0.0,0.0,0.0,79.791015625,79.791015625,79.791015625,136.7,136.7,136.7,0.0,0.0,79.791015625,136.7,
11777243.534864064,4.236808776855469,131425001.81558587,218703.01032738798,1913977.0881366031,22662224.868571278,10.387500000000001,10.387500000000001,10.387500000000001,10.387500000000001,10.387500000000001,10.387500000000001,10.387500000000001,10.387500000000001,10.387500000000001,10.387500000000001,10.387500000000001,0.0,0.0,0.0,0.0,0.0,0.0,79.791015625,79.791015625,79.791015625,136.645,136.645,136.645,0.0,0.0,79.791015625,136.645,
11777244.423211033,4.236824035644531,164672121.6298324,274254.327099842,2397621.735875253,28388763.514969103,10.35,10.35,10.35,10.35,10.35,10.35,10.35,10.35,10.35,10.35,10.35,0.0,0.0,0.0,0.0,0.0,0.0,79.791015625,79.791015625,79.791015625,136.718,136.718,136.718,0.0,0.0,79.791015625,136.718,
11777245.423366005,4.236827850341797,146298843.76440457,243595.24953837396,2129589.9730199664,25215164.353622947,10.35,10.35,10.35,10.35,10.35,10.35,10.35,10.35,10.35,10.35,10.35,0.0,0.0,0.0,0.0,0.0,0.0,79.791015625,79.791015625,79.791015625,136.583,136.583,136.583,0.0,0.0,79.791015625,136.583,
11777246.423196208,4.240398406982422,146380959.0285475,244601.53257442257,2130281.715165661,25862439.361232344,25.975,25.975,25.975,25.975,25.975,25.975,25.975,25.975,25.975,25.975,25.975,0.0,0.0,0.0,0.0,0.0,0.0,79.791015625,79.791015625,79.791015625,136.563,136.563,136.563,0.0,0.0,79.791015625,136.563,
11777247.42422327,4.240440368652344,146239091.30812317,244688.68941429435,2127734.683421629,25831517.416232202,10.025,10.025,10.025,10.025,10.025,10.025,10.025,10.025,10.025,10.025,10.025,0.0,0.0,0.0,0.0,0.0,0.0,79.791015625,79.791015625,79.791015625,136.657,136.657,136.657,0.0,0.0,79.791015625,136.657,
11777248.423839182,4.242053985595703,146483413.61008322,246506.6804071591,2130738.3923381018,26507205.115452267,11.5125,11.5125,11.5125,11.5125,11.5125,11.5125,11.5125,11.5125,11.5125,11.5125,11.5125,0.0,0.0,0.0,0.0,0.0,0.0,79.791015625,79.791015625,79.791015625,136.656,136.656,136.656,0.0,0.0,79.791015625,136.656,
11777249.585530268,4.243610382080078,126077129.90039967,213737.54426967076,1833465.0450503114,23362575.747121852,10.05,10.05,10.05,10.05,10.05,10.05,10.05,10.05,10.05,10.05,10.05,0.0,0.0,0.0,0.0,0.0,0.0,79.791015625,79.791015625,79.791015625,136.617,136.617,136.617,0.0,0.0,79.791015625,136.617,
11777250.423740117,4.245296478271484,174778366.30150118,298543.3782996425,2541034.3280023923,33140951.56252351,12.112499999999999,12.112499999999999,12.112499999999999,12.112499999999999,12.112499999999999,12.112499999999999,12.112499999999999,12.112499999999999,12.112499999999999,12.112499999999999,12.112499999999999,0.0,0.0,0.0,0.0,0.0,0.0,79.791015625,79.791015625,79.791015625,136.507,136.507,136.507,0.0,0.0,79.791015625,136.507,
11777251.42341366,4.245296478271484,146581739.5619662,250524.78544514076,2130615.5533008077,27792240.957768038,10.3125,10.3125,10.3125,10.3125,10.3125,10.3125,10.3125,10.3125,10.3125,10.3125,10.3125,0.0,0.0,0.0,0.0,0.0,0.0,79.791015625,79.791015625,79.791015625,136.568,136.568,136.568,0.0,0.0,79.791015625,136.568,
11777252.423774472,4.245391845703125,146514152.06334844,250460.63101689954,2129151.7783425916,27773147.139418844,9.899999999999999,9.899999999999999,9.899999999999999,9.899999999999999,9.899999999999999,9.899999999999999,9.899999999999999,9.899999999999999,9.899999999999999,9.899999999999999,9.899999999999999,0.0,0.0,0.0,0.0,0.0,0.0,79.791015625,79.791015625,79.791015625,136.599,136.599,136.599,0.0,0.0,79.791015625,136.599,
11777253.423761657,4.239910125732422,146614811.86861277,252722.23863514105,2129947.295271664,28422508.23440399,28.8625,28.8625,28.8625,28.8625,28.8625,28.8625,28.8625,28.8625,28.8625,28.8625,28.8625,0.0,0.0,0.0,0.0,0.0,0.0,79.791015625,79.791015625,79.791015625,136.489,136.489,136.489,0.0,0.0,79.791015625,136.489,
11777255.084478876,4.23992919921875,88299333.7530434,152174.61292704637,1282530.207723102,17114379.06036655,8.4625,8.4625,8.4625,8.4625,8.4625,8.4625,8.4625,8.4625,8.4625,8.4625,8.4625,0.0,0.0,0.0,0.0,0.0,0.0,79.791015625,79.791015625,79.791015625,136.711,136.711,136.711,0.0,0.0,79.791015625,136.711,
11777256.180774936,4.241371154785156,133797399.48066647,231892.65115797904,1942832.8497201381,26508459.74762381,10.325000000000001,10.325000000000001,10.325000000000001,10.325000000000001,10.325000000000001,10.325000000000001,10.325000000000001,10.325000000000001,10.325000000000001,10.325000000000001,10.325000000000001,0.0,0.0,0.0,0.0,0.0,0.0,79.791015625,79.791015625,79.791015625,136.537,136.537,136.537,0.0,0.0,79.791015625,136.537,
11777257.087289015,4.241371154785156,161841016.5922591,280809.75913279055,2349571.89391853,32058101.129523024,8.525,8.525,8.525,8.525,8.525,8.525,8.525,8.525,8.525,8.525,8.525,0.0,0.0,0.0,0.0,0.0,0.0,79.791015625,79.791015625,79.791015625,136.366,136.366,136.366,0.0,0.0,79.791015625,136.366,
11777258.088142168,4.241371154785156,146618827.7152488,254341.00821964096,2128104.401461269,29036347.554553274,8.4,8.4,8.4,8.4,8.4,8.4,8.4,8.4,8.4,8.4,8.4,0.0,0.0,0.0,0.0,0.0,0.0,79.791015625,79.791015625,79.791015625,136.595,136.595,136.595,0.0,0.0,79.791015625,136.595,
11777259.086110009,4.241390228271484,147078305.486952,255079.36179433978,2134257.1496537183,29120297.070756022,10.425,10.425,10.425,10.425,10.425,10.425,10.425,10.425,10.425,10.425,10.425,0.0,0.0,0.0,0.0,0.0,0.0,79.791015625,79.791015625,79.791015625,136.632,136.632,136.632,0.0,0.0,79.791015625,136.632,
11777260.08755594,4.241390228271484,146600229.2643604,254195.451056772,2126844.73043938,29019160.312437307,8.4375,8.4375,8.4375,8.4375,8.4375,8.4375,8.4375,8.4375,8.4375,8.4375,8.4375,0.0,0.0,0.0,0.0,0.0,0.0,79.791015625,79.791015625,79.791015625,136.455,136.455,136.455,0.0,0.0,79.791015625,136.455,
11777261.087277824,4.241390228271484,146885810.1871298,254633.81755356223,2130512.5280723562,29069204.589756478,8.8625,8.8625,8.8625,8.8625,8.8625,8.8625,8.8625,8.8625,8.8625,8.8625,8.8625,0.0,0.0,0.0,0.0,0.0,0.0,79.791015625,79.791015625,79.791015625,136.379,136.379,136.379,0.0,0.0,79.791015625,136.379,
11777262.086994655,4.241390228271484,146922065.7198921,254636.10495668658,2130523.2973607653,29069351.528412748,8.425,8.425,8.425,8.425,8.425,8.425,8.425,8.425,8.425,8.425,8.425,0.0,0.0,0.0,0.0,0.0,0.0,79.791015625,79.791015625,79.791015625,136.138,136.138,136.138,0.0,0.0,79.791015625,136.138,
11777263.087064328,4.241428375244141,146902982.93985045,254546.26519106055,2129771.6140371133,29059095.387679458,8.4,8.4,8.4,8.4,8.4,8.4,8.4,8.4,8.4,8.4,8.4,0.0,0.0,0.0,0.0,0.0,0.0,79.791015625,79.791015625,79.791015625,136.469,136.469,136.469,0.0,0.0,79.791015625,136.469,
11777264.08699424,4.241428375244141,146959014.00630584,254582.84310344662,2130069.291469342,29063156.96725958,8.5125,8.5125,8.5125,8.5125,8.5125,8.5125,8.5125,8.5125,8.5125,8.5125,8.5125,0.0,0.0,0.0,0.0,0.0,0.0,79.791015625,79.791015625,79.791015625,136.565,136.565,136.565,0.0,0.0,79.791015625,136.565,
11777265.088082384,4.241428375244141,146821713.79523322,254289.2965621603,2127604.8589901105,29029531.681797758,8.525,8.525,8.525,8.525,8.525,8.525,8.525,8.525,8.525,8.525,8.525,0.0,0.0,0.0,0.0,0.0,0.0,79.791015625,79.791015625,79.791015625,136.628,136.628,136.628,0.0,0.0,79.791015625,136.628,
11777266.088443996,4.241428375244141,146961090.09649652,254473.97913850105,2129150.0736417123,29050614.94709221,8.4875,8.4875,8.4875,8.4875,8.4875,8.4875,8.4875,8.4875,8.4875,8.4875,8.4875,0.0,0.0,0.0,0.0,0.0,0.0,79.791015625,79.791015625,79.791015625,136.346,136.346,136.346,0.0,0.0,79.791015625,136.346,
11777267.088350909,4.241432189941406,147063425.77458498,254590.69922545642,2130118.2875010674,29063825.480423216,10.2875,10.2875,10.2875,10.2875,10.2875,10.2875,10.2875,10.2875,10.2875,10.2875,10.2875,0.0,0.0,0.0,0.0,0.0,0.0,79.791015625,79.791015625,79.791015625,136.242,136.242,136.242,0.0,0.0,79.791015625,136.242,
11777268.087583913,4.241432189941406,147195390.31890675,254762.40181811128,2131554.894705251,29083426.880641833,8.5375,8.5375,8.5375,8.5375,8.5375,8.5375,8.5375,8.5375,8.5375,8.5375,8.5375,0.0,0.0,0.0,0.0,0.0,0.0,79.791015625,79.791015625,79.791015625,136.423,136.423,136.423,0.0,0.0,79.791015625,136.423,
11777269.087823484,4.241432189941406,147080011.81264752,254507.02735532928,2129409.853966967,29054159.449799296,8.5375,8.5375,8.5375,8.5375,8.5375,8.5375,8.5375,8.5375,8.5375,8.5375,8.5375,0.0,0.0,0.0,0.0,0.0,0.0,79.791015625,79.791015625,79.791015625,136.491,136.491,136.491,0.0,0.0,79.791015625,136.491,
11777270.088138167,4.241432189941406,147104459.76816833,254490.91610577222,2129249.961825999,29051977.844529737,8.0625,8.0625,8.0625,8.0625,8.0625,8.0625,8.0625,8.0625,8.0625,8.0625,8.0625,0.0,0.0,0.0,0.0,0.0,0.0,79.791015625,79.791015625,79.791015625,136.492,136.492,136.492,0.0,0.0,79.791015625,136.492,
11777271.08950552,4.241447448730469,146982532.00818458,254223.38691392093,2127011.624480787,29021437.45325228,8.0625,8.0625,8.0625,8.0625,8.0625,8.0625,8.0625,8.0625,8.0625,8.0625,8.0625,0.0,0.0,0.0,0.0,0.0,0.0,79.791015625,79.791015625,79.791015625,136.513,136.513,136.513,0.0,0.0,79.791015625,136.513,
11777272.088662261,4.241447448730469,147343263.47033164,254881.93137414314,2148115.416744411,29704664.713225193,8.525,8.525,8.525,8.525,8.525,8.525,8.525,8.525,8.525,8.525,8.525,0.0,0.0,0.0,0.0,0.0,0.0,79.791015625,79.791015625,79.791015625,136.456,136.456,136.456,0.0,0.0,79.791015625,136.456,
