time,memory,io_read_count,io_write_count,io_read,io_write,cpu_util_avg,cpu_util_min,cpu_util_max,cpu_util_0,cpu_util_1,cpu_util_2,cpu_util_3,cpu_util_4,cpu_util_5,cpu_util_6,cpu_util_7,cpu_util_8,cpu_util_9,cpu_util_10,cpu_util_11,cpu_util_12,cpu_util_13,cpu_util_14,cpu_util_15,cpu_util_16,cpu_util_17,cpu_util_18,cpu_util_19,cpu_util_20,cpu_util_21,cpu_util_22,cpu_util_23,cpu_util_24,cpu_util_25,cpu_util_26,cpu_util_27,cpu_util_28,cpu_util_29,cpu_util_30,cpu_util_31,cpu_util_32,cpu_util_33,cpu_util_34,cpu_util_35,cpu_util_36,cpu_util_37,cpu_util_38,cpu_util_39,cpu_util_40,cpu_util_41,cpu_util_42,cpu_util_43,cpu_util_44,cpu_util_45,cpu_util_46,cpu_util_47,cpu_util_48,cpu_util_49,cpu_util_50,cpu_util_51,cpu_util_52,cpu_util_53,cpu_util_54,cpu_util_55,cpu_util_56,cpu_util_57,cpu_util_58,cpu_util_59,cpu_util_60,cpu_util_61,cpu_util_62,cpu_util_63,gpu_util_avg,gpu_util_min,gpu_util_max,gpu_band_avg,gpu_band_min,gpu_band_max,gpu_mem_avg,gpu_mem_min,gpu_mem_max,gpu_power_avg,gpu_power_min,gpu_power_max,gpu_util_0,gpu_band_0,gpu_mem_0,gpu_power_0,cell_index
11775459.823776497,78.82180404663086,7.326096584849374,0.016774461715810204,0.17809512591308935,1.1019635915872403,4.6875,0.0,100.0,0.0,0.0,0.0,0.0,0.0,0.0,100.0,0.0,0.0,0.0,0.0,0.0,0.0,0.0,0.0,0.0,0.0,0.0,0.0,0.0,0.0,0.0,0.0,0.0,0.0,0.0,0.0,0.0,0.0,0.0,0.0,0.0,0.0,0.0,0.0,0.0,0.0,0.0,0.0,0.0,0.0,0.0,0.0,0.0,0.0,0.0,0.0,100.0,0.0,0.0,0.0,0.0,0.0,0.0,0.0,0.0,0.0,0.0,0.0,0.0,0.0,0.0,100.0,0.0,0.0,0,0,0.0,0.0,0.0,0.50225830078125,0.50225830078125,0.50225830078125,72.61,72.61,72.61,0,0.0,0.50225830078125,72.61,2
11775460.816677038,79.42667770385742,86918747.07666305,198945.40473375632,2112147.1016397593,13068910.191396011,14.7390625,0.0,100.0,4.1,78.1,5.1,8.1,0.0,0.0,65.3,76.0,42.1,28.6,17.5,2.0,0.0,0.0,72.0,71.7,0.0,0.0,0.0,0.0,0.0,0.0,0.0,1.0,0.0,0.0,0.0,0.0,0.0,2.0,1.0,1.0,78.1,4.0,0.0,0.0,0.0,0.0,100.0,0.0,1.0,0.0,0.0,0.0,0.0,0.0,66.0,52.6,47.0,1.0,0.0,0.0,0.0,1.0,0.0,6.1,0.0,0.0,1.0,1.0,0.0,0.0,64.3,44.6,0.0,0,0,0.0,0.0,0.0,0.50225830078125,0.50225830078125,0.50225830078125,72.492,72.492,72.492,0,0.0,0.50225830078125,72.492,5
11775461.81812922,81.44769287109375,86209759.78273483,197262.5389925448,2094110.9708137894,12957311.631910322,19.3390625,0.0,100.0,64.4,79.2,68.3,58.3,60.0,59.0,41.1,52.4,82.7,82.5,69.6,1.0,0.0,0.0,51.0,51.0,0.0,0.0,0.0,0.0,0.0,1.0,0.0,0.0,1.0,31.7,1.0,1.0,1.0,0.0,2.9,1.9,82.0,0.0,1.9,0.0,0.0,0.0,100.0,0.0,1.9,2.9,1.0,2.9,2.9,1.0,37.6,51.9,6.7,1.9,0.0,0.0,0.0,0.0,0.0,0.0,2.8,1.0,0.0,1.0,0.0,0.0,37.3,39.0,13.0,13,13,0.0,0.0,0.0,6.3031005859375,6.3031005859375,6.3031005859375,125.128,125.128,125.128,13,0.0,6.3031005859375,125.128,5
11775462.844444135,81.68769073486328,84155902.48762907,192498.4202244933,2043380.6106914042,12643417.528653063,14.3015625,0.0,100.0,3.9,87.0,1.0,28.2,33.7,0.0,45.3,55.4,21.0,17.5,25.0,1.0,0.0,1.0,54.5,54.4,1.0,1.0,1.0,0.0,2.9,1.9,1.0,1.0,42.2,2.9,2.0,2.9,1.0,7.8,6.8,1.9,81.8,1.9,1.0,1.0,0.0,0.0,100.0,0.0,0.0,2.9,1.0,1.0,1.0,0.0,41.4,56.2,3.0,1.0,1.9,1.9,2.9,3.8,18.4,1.9,0.0,0.0,1.0,0.0,0.0,0.0,42.6,41.5,47.0,47,47,0.0,0.0,0.0,6.4652099609375,6.4652099609375,6.4652099609375,168.143,168.143,168.143,47,0.0,6.4652099609375,168.143,5
11775463.849393029,81.40117263793945,85980389.2054066,196600.04729167733,2086824.5275307642,12912226.764096605,13.1796875,0.0,100.0,8.9,80.7,2.6,15.2,60.0,16.1,39.7,50.5,1.7,24.5,36.1,0.0,0.0,0.0,49.6,50.0,0.0,0.0,0.0,0.0,0.0,0.0,0.0,0.0,41.2,0.0,0.9,0.0,0.0,14.3,0.9,0.9,82.9,0.9,0.0,4.4,0.0,0.0,100.0,0.0,1.7,0.0,0.0,0.0,0.0,0.0,35.1,49.5,0.0,0.0,0.0,0.0,0.0,0.0,0.9,0.9,0.0,0.0,0.0,0.0,0.0,0.0,36.9,36.5,56.0,56,56,0.0,0.0,0.0,6.4652099609375,6.4652099609375,6.4652099609375,233.264,233.264,233.264,56,0.0,6.4652099609375,233.264,5
11775464.847953975,81.40145874023438,86563150.00964184,197857.72786870445,2100174.2632612213,12994828.253928807,13.23125,0.0,100.0,35.8,77.3,3.0,1.0,25.5,27.8,38.2,50.5,5.1,45.7,22.9,1.0,0.0,0.0,49.5,50.5,0.0,0.0,0.0,0.0,0.0,0.0,0.0,1.0,1.0,10.0,3.0,1.0,0.0,48.5,0.0,1.0,78.1,2.0,1.0,0.0,0.0,0.0,100.0,0.0,1.0,0.0,0.0,0.0,2.0,0.0,33.0,50.5,1.0,1.0,0.0,1.0,0.0,0.0,0.0,1.0,1.0,0.0,0.0,0.0,0.0,0.0,35.7,39.2,64.0,64,64,0.0,0.0,0.0,6.4652099609375,6.4652099609375,6.4652099609375,232.658,232.658,232.658,64,0.0,6.4652099609375,232.658,5
11775465.837444756,81.39772415161133,87389669.17348234,199679.4753402704,2119425.5068493364,13113945.32363027,13.2734375,0.0,100.0,1.1,78.7,3.3,8.7,0.0,4.4,40.0,49.5,64.4,59.1,29.9,0.0,0.0,0.0,51.1,50.5,0.0,0.0,1.1,0.0,0.0,0.0,0.0,0.0,0.0,1.1,0.0,0.0,0.0,57.0,0.0,1.1,84.1,0.0,0.0,0.0,0.0,0.0,100.0,0.0,1.1,1.1,0.0,0.0,0.0,0.0,34.8,49.4,0.0,0.0,0.0,0.0,0.0,0.0,0.0,2.2,1.1,0.0,0.0,0.0,0.0,0.0,36.0,38.7,64.0,64,64,0.0,0.0,0.0,6.4652099609375,6.4652099609375,6.4652099609375,252.893,252.893,252.893,64,0.0,6.4652099609375,252.893,5
11775466.816936005,81.3997917175293,88315197.41747458,201727.17240386782,2141062.5186553784,13247824.334180154,13.20625,0.0,100.0,5.0,83.3,0.0,2.0,0.0,5.1,39.2,49.0,41.7,47.9,62.9,0.0,1.0,0.0,50.5,51.5,0.0,0.0,0.0,0.0,0.0,0.0,0.0,1.0,1.0,1.0,0.0,0.0,57.0,0.0,2.0,0.0,77.3,1.0,0.0,0.0,0.0,0.0,100.0,0.0,0.0,0.0,1.0,0.0,0.0,0.0,34.7,49.5,1.0,2.0,0.0,0.0,0.0,0.0,0.0,0.0,1.0,0.0,1.0,0.0,0.0,0.0,37.4,38.2,59.0,59,59,0.0,0.0,0.0,6.4652099609375,6.4652099609375,6.4652099609375,261.696,261.696,261.696,59,0.0,6.4652099609375,261.696,5
11775467.839740928,81.39757919311523,84607193.43830869,193191.28749569497,2050392.9460172558,12686806.353481771,13.3625,0.0,100.0,2.0,77.9,0.0,1.0,0.0,5.9,37.3,52.5,58.8,60.2,38.9,0.0,0.0,0.0,48.5,51.5,0.0,0.0,0.0,0.0,0.0,0.0,0.0,0.0,0.0,7.9,1.0,2.0,9.1,1.0,1.0,0.0,78.1,2.0,1.0,0.0,0.0,0.0,100.0,0.0,1.0,0.0,0.0,1.0,0.0,0.0,35.1,51.5,33.3,2.0,1.0,0.0,0.0,0.0,16.8,0.0,2.0,0.0,0.0,0.0,0.0,0.0,35.7,38.2,73.0,73,73,0.0,0.0,0.0,6.4652099609375,6.4652099609375,6.4652099609375,260.084,260.084,260.084,73,0.0,6.4652099609375,260.084,5
11775468.839286996,81.39853286743164,86611401.70505673,197694.74001039704,2098104.397167502,12982020.957473917,13.303125,0.0,100.0,3.0,78.4,2.0,0.0,0.0,7.9,40.0,50.5,35.7,41.7,80.6,49.0,1.0,0.0,51.0,49.5,0.0,0.0,0.0,0.0,0.0,0.0,0.0,0.0,0.0,0.0,0.0,0.0,0.0,1.0,1.0,2.0,82.8,0.0,2.0,0.0,0.0,0.0,100.0,0.0,2.9,0.0,1.0,0.0,0.0,0.0,35.1,51.0,2.0,2.9,1.0,0.0,0.0,0.0,0.0,0.0,1.0,0.0,0.0,0.0,0.0,0.0,36.6,38.8,65.0,65,65,0.0,0.0,0.0,6.4652099609375,6.4652099609375,6.4652099609375,259.882,259.882,259.882,65,0.0,6.4652099609375,259.882,5
11775469.849995285,81.39827728271484,85689927.47329551,195527.23778720523,2074933.0171384267,12875121.4754859,13.2296875,0.0,100.0,52.8,79.2,22.6,11.1,0.9,7.5,41.1,51.4,37.9,3.7,29.6,55.0,0.0,0.0,50.5,50.9,0.0,0.0,0.0,0.0,0.0,0.0,0.0,0.9,1.8,0.9,0.0,0.9,0.0,0.9,0.9,0.0,83.0,0.9,0.9,0.0,0.0,0.0,100.0,0.0,0.0,0.9,0.0,0.0,0.0,0.0,34.0,50.5,0.9,0.0,0.0,0.0,0.0,0.0,0.0,0.0,0.0,0.9,0.0,0.0,0.0,0.0,35.8,38.4,56.0,56,56,0.0,0.0,0.0,6.4652099609375,6.4652099609375,6.4652099609375,231.652,231.652,231.652,56,0.0,6.4652099609375,231.652,5
11775470.839362344,81.39490127563477,87571344.98828,199745.8863240196,2119690.5455677523,13152845.436071776,13.4140625,0.0,100.0,25.0,84.3,45.5,45.6,3.3,37.8,38.5,51.6,19.6,17.0,11.1,6.5,0.0,0.0,53.3,52.7,0.0,0.0,0.0,0.0,0.0,0.0,0.0,0.0,0.0,1.1,2.2,0.0,1.1,0.0,0.0,1.1,76.1,0.0,0.0,1.1,0.0,0.0,100.0,0.0,0.0,0.0,0.0,0.0,0.0,0.0,36.7,50.0,1.1,0.0,0.0,0.0,0.0,0.0,0.0,0.0,18.7,3.2,0.0,0.0,0.0,0.0,36.0,38.3,63.0,63,63,0.0,0.0,0.0,6.4652099609375,6.4652099609375,6.4652099609375,253.48,253.48,253.48,63,0.0,6.4652099609375,253.48,5
11775471.840186143,81.39904022216797,86601552.68240568,197467.32651106015,2095425.7892390976,13002280.727368385,13.159374999999999,0.0,100.0,34.0,78.6,64.3,23.5,1.0,31.6,37.3,50.0,5.0,0.0,0.0,0.0,0.0,0.0,49.5,52.0,0.0,0.0,0.0,0.0,0.0,0.0,0.0,0.0,1.0,1.0,1.0,1.0,0.0,1.0,1.0,26.3,85.6,2.0,0.0,0.0,0.0,0.0,100.0,0.0,2.0,0.0,0.0,0.0,0.0,0.0,35.7,50.0,0.0,1.0,0.0,0.0,0.0,0.0,0.0,0.0,24.0,7.0,0.0,0.0,0.0,0.0,36.4,39.4,92.0,92,92,0.0,0.0,0.0,6.4652099609375,6.4652099609375,6.4652099609375,256.773,256.773,256.773,92,0.0,6.4652099609375,256.773,5
11775472.823241267,81.40215301513672,88200126.1963495,201044.6771122004,2133300.512528994,13241462.946908481,13.3203125,0.0,100.0,41.1,77.4,29.2,37.2,18.6,27.8,38.6,50.0,6.2,0.0,1.0,0.0,0.0,0.0,51.0,50.5,0.0,0.0,0.0,0.0,0.0,0.0,0.0,1.0,0.0,0.0,1.0,0.0,0.0,1.0,2.0,55.7,77.9,0.0,1.0,0.0,0.0,0.0,100.0,0.0,1.0,1.0,0.0,0.0,0.0,0.0,35.8,50.5,0.0,1.0,0.0,0.0,0.0,0.0,16.5,0.0,2.0,1.0,0.0,0.0,0.0,0.0,36.5,39.0,61.0,61,61,0.0,0.0,0.0,6.4652099609375,6.4652099609375,6.4652099609375,259.087,259.087,259.087,61,0.0,6.4652099609375,259.087,5
11775473.83675841,81.3985710144043,85584173.47112565,195014.9549271702,2069182.5629793163,12843480.83036771,13.7,0.0,100.0,38.4,85.7,22.4,10.9,41.8,50.0,41.0,51.0,4.0,0.0,4.0,0.0,0.0,0.0,51.5,51.0,0.0,2.0,0.0,0.0,0.0,0.0,0.0,0.0,48.0,1.0,1.0,3.0,2.0,0.0,1.0,10.0,78.4,2.9,1.0,0.0,0.0,2.0,100.0,0.0,1.0,0.0,1.0,0.0,1.0,0.0,35.7,49.5,1.0,2.9,2.0,0.0,0.0,0.0,0.0,2.0,0.0,2.9,1.0,1.0,0.0,0.0,33.3,38.5,72.0,72,72,0.0,0.0,0.0,6.4652099609375,6.4652099609375,6.4652099609375,260.406,260.406,260.406,72,0.0,6.4652099609375,260.406,5
11775474.837110508,81.38475799560547,86745946.95374419,197593.42781343125,2096413.857554489,13012506.326773763,13.2328125,0.0,100.0,25.2,79.6,11.5,1.0,56.3,35.8,38.2,50.5,20.2,11.4,0.0,0.0,0.0,0.0,51.9,50.0,0.0,0.0,0.0,0.0,0.0,0.0,0.0,0.0,21.2,34.0,2.8,0.9,1.9,0.9,0.0,1.9,86.7,1.0,0.0,0.0,0.0,0.0,100.0,0.0,0.0,0.9,0.0,0.0,0.0,0.0,36.2,50.5,0.0,0.0,0.9,0.0,0.0,0.0,0.0,1.9,0.0,0.0,0.0,0.0,0.0,0.0,36.2,37.4,79.0,79,79,0.0,0.0,0.0,6.4652099609375,6.4652099609375,6.4652099609375,254.783,254.783,254.783,79,0.0,6.4652099609375,254.783,5
11775475.848819872,81.39736557006836,85804458.35307266,195375.27970768852,2072879.8945151009,12866430.282751935,13.0671875,0.0,100.0,3.8,77.8,1.0,1.0,37.0,52.0,38.7,50.5,39.4,26.5,3.9,0.0,0.0,0.0,51.0,51.9,0.0,0.0,0.0,0.0,0.0,0.0,0.0,1.0,32.4,1.9,0.0,1.0,21.8,1.0,0.0,1.0,78.0,0.0,0.0,0.0,0.0,0.0,100.0,0.0,1.0,0.0,0.0,0.0,0.0,0.0,34.3,50.5,1.9,1.0,0.0,0.0,0.0,0.0,2.9,0.0,0.0,0.0,0.0,0.0,0.0,0.0,35.0,37.1,62.0,62,62,0.0,0.0,0.0,6.4652099609375,6.4652099609375,6.4652099609375,230.671,230.671,230.671,62,0.0,6.4652099609375,230.671,5
11775476.849519512,81.39582443237305,86781152.49344826,197535.79618980433,2095685.775828083,13007987.100745406,13.129687500000001,0.0,100.0,3.0,78.4,0.0,0.0,55.7,30.5,38.8,50.0,16.0,37.1,22.0,0.0,0.0,0.0,50.0,48.5,0.0,0.0,0.0,0.0,0.0,0.0,0.0,0.0,0.0,0.0,0.0,0.0,56.4,1.0,2.0,0.0,77.9,3.0,1.0,0.0,0.0,0.0,100.0,1.0,0.0,1.0,0.0,0.0,0.0,0.0,36.7,50.0,1.0,0.0,0.0,0.0,0.0,2.0,2.0,2.0,0.0,0.0,0.0,0.0,0.0,0.0,35.1,38.2,58.0,58,58,0.0,0.0,0.0,6.4652099609375,6.4652099609375,6.4652099609375,240.415,240.415,240.415,58,0.0,6.4652099609375,240.415,5
11775477.847718198,81.3987045288086,87031331.74171874,198040.73351265542,2100936.4458809635,13040578.173847074,13.546875,0.0,100.0,1.0,84.0,5.1,1.0,30.9,56.4,38.0,50.5,5.2,40.9,27.7,0.0,1.0,0.0,49.0,50.5,0.0,0.0,0.0,0.0,0.0,0.0,0.0,0.0,1.0,10.2,1.0,1.0,5.2,1.0,1.0,1.0,83.5,0.0,0.0,0.0,0.0,0.0,100.0,0.0,1.0,0.0,0.0,0.0,0.0,0.0,33.3,52.0,0.0,0.0,0.0,0.0,0.0,0.0,18.4,2.0,39.8,1.0,0.0,0.0,0.0,0.0,35.4,38.0,70.0,70,70,0.0,0.0,0.0,6.4652099609375,6.4652099609375,6.4652099609375,244.642,244.642,244.642,70,0.0,6.4652099609375,244.642,5
11775478.84965248,81.39567947387695,86742197.08775157,197309.34798472334,2093103.3468638356,12991957.883463418,13.134375,0.0,100.0,3.9,80.0,31.3,1.9,10.6,58.4,38.0,49.5,1.9,24.5,39.6,1.0,0.0,0.0,51.0,49.5,0.0,0.0,0.0,0.0,0.0,1.0,0.0,0.0,0.0,0.0,1.9,0.0,0.0,0.0,0.0,1.0,80.8,1.0,0.0,0.0,0.0,0.0,100.0,0.0,0.0,0.0,0.0,0.0,0.0,0.0,34.3,50.0,0.0,0.0,0.0,0.0,0.0,0.0,0.0,0.0,45.7,10.7,0.0,0.0,0.0,0.0,35.0,38.1,59.0,59,59,0.0,0.0,0.0,6.4652099609375,6.4652099609375,6.4652099609375,230.693,230.693,230.693,59,0.0,6.4652099609375,230.693,5
11775479.848404298,81.39876556396484,87054077.39588471,197940.0653709507,2099772.9002686995,13033356.009870952,13.418750000000001,0.0,100.0,3.0,78.1,49.5,3.0,9.1,40.2,40.2,51.5,0.0,42.1,27.1,0.0,0.0,0.0,49.5,51.0,2.0,1.0,0.0,1.0,0.0,0.0,0.0,1.0,0.0,1.0,1.0,1.0,1.0,1.0,0.0,0.0,78.9,26.5,3.0,2.0,1.0,0.0,100.0,0.0,0.0,1.0,0.0,0.0,0.0,0.0,34.7,50.0,2.0,1.0,0.0,0.0,0.0,0.0,0.0,1.0,28.3,0.0,1.0,2.0,0.0,0.0,35.7,36.4,61.0,61,61,0.0,0.0,0.0,6.4652099609375,6.4652099609375,6.4652099609375,239.884,239.884,239.884,61,0.0,6.4652099609375,239.884,5
11775480.847987097,81.39722061157227,87014411.48630035,197783.51545045737,2098027.298769139,13022521.006813133,13.765625,0.0,100.0,40.8,78.6,4.0,39.8,0.0,13.0,38.2,50.5,1.0,25.5,42.1,0.0,0.0,0.0,53.9,53.4,0.0,0.0,0.0,0.0,0.0,0.0,0.0,1.0,2.0,1.0,0.0,0.0,0.0,1.0,1.0,2.0,85.9,5.9,15.8,16.0,0.0,2.0,100.0,0.0,3.0,1.0,0.0,0.0,0.0,0.0,35.7,50.5,32.4,6.9,0.0,0.0,0.0,1.0,1.0,0.0,0.0,0.0,0.0,0.0,0.0,0.0,35.7,39.4,55.0,55,55,0.0,0.0,0.0,6.4652099609375,6.4652099609375,6.4652099609375,240.772,240.772,240.772,55,0.0,6.4652099609375,240.772,5
11775481.849324755,81.39755630493164,86894564.73697674,197443.8874831423,2094350.474047822,12999698.840867145,13.21875,0.0,100.0,6.3,84.0,3.1,32.3,52.6,5.2,38.8,49.0,0.0,42.4,25.5,0.0,0.0,0.0,50.0,50.5,0.0,0.0,0.0,0.0,0.0,0.0,0.0,0.0,1.0,2.1,0.0,2.0,1.0,1.0,0.0,0.0,77.4,0.0,0.0,0.0,0.0,0.0,100.0,0.0,1.0,6.3,0.0,0.0,0.0,0.0,34.7,49.5,0.0,52.5,0.0,1.0,0.0,0.0,0.0,4.1,0.0,0.0,0.0,0.0,0.0,0.0,34.7,38.0,82.0,82,82,0.0,0.0,0.0,6.4652099609375,6.4652099609375,6.4652099609375,242.637,242.637,242.637,82,0.0,6.4652099609375,242.637,5
11775482.849475296,81.39643096923828,87030382.37281825,197678.2413507845,2096836.3404883991,13015128.691547133,13.3796875,0.0,100.0,4.9,78.0,1.0,39.4,48.5,3.9,38.7,49.5,17.2,1.0,49.0,1.0,0.0,0.0,51.0,50.5,0.0,0.0,0.0,0.0,0.0,0.0,0.0,0.0,0.0,1.0,0.0,1.0,0.0,0.0,1.0,0.0,78.6,1.9,2.9,1.0,0.0,0.0,100.0,0.0,0.0,2.0,0.0,1.0,0.0,0.0,34.7,49.5,4.9,2.0,0.0,0.0,0.0,0.0,14.9,51.5,0.0,1.0,0.0,0.0,0.0,0.0,36.3,37.5,59.0,59,59,0.0,0.0,0.0,6.4652099609375,6.4652099609375,6.4652099609375,228.407,228.407,228.407,59,0.0,6.4652099609375,228.407,5
11775483.849404017,81.39872360229492,87082383.20654829,197730.09414269525,2097301.4950309615,13018015.920328898,13.1515625,0.0,100.0,24.7,77.1,2.0,54.2,12.4,4.0,40.4,50.0,25.0,1.0,43.6,0.0,0.0,0.0,49.0,51.5,0.0,0.0,0.0,0.0,0.0,0.0,0.0,0.0,1.0,1.0,0.0,1.0,0.0,1.0,0.0,1.0,82.8,1.0,0.0,0.0,0.0,0.0,100.0,0.0,2.0,1.0,0.0,0.0,0.0,0.0,34.0,50.5,0.0,0.0,25.5,0.0,0.0,0.0,0.0,29.7,1.0,0.0,0.0,0.0,0.0,0.0,35.1,39.2,59.0,59,59,0.0,0.0,0.0,6.4652099609375,6.4652099609375,6.4652099609375,241.774,241.774,241.774,59,0.0,6.4652099609375,241.774,5
11775484.852104288,81.3955307006836,86874833.39936578,197191.52941493274,2091504.3712224364,12982032.991689263,13.2734375,0.0,100.0,44.9,84.4,3.1,46.9,1.0,5.2,38.0,49.0,12.5,0.0,55.6,0.0,0.0,0.0,51.0,50.0,1.0,0.0,0.0,0.0,0.0,0.0,0.0,0.0,0.0,1.0,0.0,0.0,0.0,1.0,1.0,1.0,80.0,0.0,1.0,0.0,0.0,0.0,100.0,0.0,1.0,1.0,2.0,0.0,1.0,0.0,34.4,51.0,0.0,0.0,56.1,0.0,0.0,0.0,0.0,1.0,1.0,0.0,0.0,0.0,0.0,0.0,35.4,38.0,69.0,69,69,0.0,0.0,0.0,6.4652099609375,6.4652099609375,6.4652099609375,243.802,243.802,243.802,69,0.0,6.4652099609375,243.802,5
11775485.849079944,81.39826965332031,87411403.10015503,198333.82960881086,2103513.7479228503,13056575.568161756,13.315625,0.0,100.0,53.5,78.8,1.0,35.4,4.0,10.6,39.3,50.5,30.6,1.0,35.4,0.0,0.0,0.0,49.0,50.0,0.0,0.0,0.0,0.0,0.0,0.0,0.0,0.0,1.0,1.0,1.0,1.0,1.0,1.0,1.0,1.0,78.6,0.0,0.0,1.0,0.0,1.0,100.0,0.0,0.0,1.0,0.0,0.0,0.0,0.0,35.0,51.0,0.0,0.0,48.5,1.0,0.0,3.8,0.0,6.9,1.0,1.0,1.0,0.0,0.0,0.0,35.6,38.7,61.0,61,61,0.0,0.0,0.0,6.4652099609375,6.4652099609375,6.4652099609375,229.663,229.663,229.663,61,0.0,6.4652099609375,229.663,5
11775486.850333404,81.39668655395508,87070585.53845331,197487.45745006728,2094526.5955259488,13000792.032385673,13.278125,0.0,100.0,3.0,78.1,1.0,26.0,48.5,18.2,39.4,52.0,12.2,0.0,55.9,0.0,0.0,0.0,52.0,49.5,0.0,0.0,0.0,0.0,0.0,0.0,0.0,1.0,1.0,0.0,0.0,2.0,1.0,1.0,0.0,0.0,85.7,0.0,1.0,0.0,0.0,0.0,100.0,1.0,1.0,1.0,0.0,0.0,0.0,0.0,32.6,50.5,0.0,1.0,25.3,0.0,0.0,0.0,0.0,29.6,1.0,1.0,0.0,1.0,2.0,1.0,35.1,38.2,60.0,60,60,0.0,0.0,0.0,6.4652099609375,6.4652099609375,6.4652099609375,237.449,237.449,237.449,60,0.0,6.4652099609375,237.449,5
11775487.844242418,81.40076446533203,87746880.98952444,198953.82488464192,2110004.0040278574,13096860.790626036,13.5515625,0.0,100.0,4.0,80.6,3.0,38.1,51.5,4.0,39.0,49.5,30.2,14.6,21.9,0.0,0.0,0.0,50.0,52.9,0.0,0.0,0.0,0.0,0.0,0.0,0.0,1.0,1.0,1.0,1.0,1.0,0.0,1.0,1.0,1.0,77.9,0.0,0.0,0.0,0.0,0.0,100.0,0.0,4.0,0.0,0.0,0.0,0.0,0.0,36.1,50.5,2.0,1.0,2.0,1.0,0.0,0.0,14.0,53.5,1.0,1.0,0.0,0.0,1.0,1.0,36.4,37.6,60.0,60,60,0.0,0.0,0.0,6.4652099609375,6.4652099609375,6.4652099609375,239.257,239.257,239.257,60,0.0,6.4652099609375,239.257,5
11775488.849996552,81.39698028564453,86745966.11422083,196625.59006857357,2085153.7465854012,12942614.466110166,13.3109375,0.0,100.0,4.0,82.1,1.0,60.8,28.4,6.1,39.2,50.5,0.0,29.8,37.9,0.0,0.0,0.0,50.5,49.5,1.0,0.0,0.0,0.0,0.0,0.0,0.0,0.0,0.0,0.0,0.0,1.0,0.0,0.0,0.0,1.0,81.2,3.0,1.0,0.0,0.0,1.0,100.0,0.0,0.0,0.0,0.0,0.0,1.0,0.0,35.8,51.5,0.0,1.0,47.5,1.0,0.0,0.0,2.0,9.1,1.0,0.0,1.0,0.0,0.0,0.0,34.0,38.0,82.0,82,82,0.0,0.0,0.0,6.4652099609375,6.4652099609375,6.4652099609375,244.509,244.509,244.509,82,0.0,6.4652099609375,244.509,5
11775489.851980716,81.3990478515625,87104967.44902131,197365.39466561822,2092999.1461935134,12991311.106646456,13.1515625,0.0,100.0,2.0,78.0,0.0,42.4,38.0,12.9,37.7,50.5,1.0,61.1,6.9,0.0,0.0,0.0,49.5,50.0,0.0,0.0,0.0,0.0,0.0,0.0,0.0,0.0,0.0,1.0,1.0,0.0,1.0,1.0,0.0,0.0,83.0,0.0,0.0,1.0,0.0,0.0,100.0,0.0,0.0,1.0,6.8,0.0,0.0,0.0,34.7,50.5,0.0,0.0,55.3,1.0,0.0,0.0,0.0,0.0,0.0,1.0,0.0,0.0,0.0,0.0,35.9,37.5,62.0,62,62,0.0,0.0,0.0,6.4652099609375,6.4652099609375,6.4652099609375,229.443,229.443,229.443,62,0.0,6.4652099609375,229.443,5
11775490.850934744,81.3978042602539,87407398.70114774,197976.0774552359,2099347.859307591,13030717.767342819,13.325,0.0,100.0,16.3,77.3,30.7,57.6,1.0,32.0,39.8,50.0,0.0,23.7,42.4,0.0,0.0,0.0,53.0,52.5,1.0,0.0,0.0,0.0,0.0,0.0,0.0,0.0,1.0,0.0,0.0,1.0,0.0,0.0,1.0,2.0,77.3,2.0,0.0,0.0,0.0,0.0,100.0,0.0,0.0,1.0,0.0,0.0,0.0,0.0,35.1,51.0,1.0,0.0,4.0,0.0,0.0,0.0,0.0,0.0,1.0,1.0,11.1,11.1,0.0,0.0,36.1,38.8,58.0,58,58,0.0,0.0,0.0,6.4652099609375,6.4652099609375,6.4652099609375,241.836,241.836,241.836,58,0.0,6.4652099609375,241.836,5
11775491.851962112,81.38684844970703,87259016.87755533,197573.0197999981,2094999.6643657754,13003728.385457879,13.4265625,0.0,100.0,8.2,85.1,3.1,36.1,1.0,54.8,39.0,50.0,0.0,36.3,31.2,0.0,0.0,0.0,51.0,49.5,0.0,0.0,0.0,0.0,0.0,0.0,0.0,0.0,0.0,2.0,1.0,0.0,1.0,0.0,1.0,0.0,85.1,0.0,1.0,1.0,0.0,0.0,100.0,0.0,1.0,0.0,0.0,0.0,1.0,0.0,34.4,51.0,29.5,0.0,2.0,0.0,0.0,0.0,0.0,0.0,2.1,0.0,9.2,16.5,1.0,0.0,35.8,38.4,70.0,70,70,0.0,0.0,0.0,6.4652099609375,6.4652099609375,6.4652099609375,244.089,244.089,244.089,70,0.0,6.4652099609375,244.089,5
11775492.850493873,81.39847564697266,87509840.3913592,198073.81977681848,2100235.6486280137,13036228.3033981,13.30625,0.0,100.0,6.9,78.0,1.0,15.0,1.0,72.7,41.7,50.0,1.9,17.8,48.4,0.0,0.0,0.0,50.5,48.5,0.0,0.0,0.0,0.0,0.0,1.0,0.0,0.0,1.9,1.0,0.0,1.9,0.0,1.9,1.0,0.0,79.2,1.0,0.0,1.0,0.0,0.0,100.0,0.0,1.0,0.0,0.0,0.0,0.0,0.0,36.6,50.5,7.8,51.9,1.9,2.9,1.0,0.0,1.0,0.0,0.0,0.0,0.0,0.0,0.0,0.0,35.6,38.1,59.0,59,59,0.0,0.0,0.0,6.4652099609375,6.4652099609375,6.4652099609375,230.845,230.845,230.845,59,0.0,6.4652099609375,230.845,5
11775493.850706013,81.3962173461914,87395498.88553935,197741.05113800577,2096707.2037342493,13014327.135678602,13.3515625,0.0,100.0,7.0,78.4,1.0,23.5,0.0,66.0,37.3,49.5,0.0,33.7,32.3,0.0,0.0,0.0,51.0,51.5,0.0,0.0,0.0,0.0,0.0,0.0,0.0,1.0,2.0,0.0,1.0,0.0,1.0,0.0,1.0,2.0,77.9,1.0,0.0,0.0,0.0,0.0,100.0,0.0,0.0,0.0,1.0,0.0,0.0,0.0,33.7,50.0,0.0,55.6,1.0,2.0,1.0,0.0,16.2,0.0,0.0,0.0,1.0,0.0,0.0,0.0,36.7,38.2,58.0,58,58,0.0,0.0,0.0,6.4652099609375,6.4652099609375,6.4652099609375,239.682,239.682,239.682,58,0.0,6.4652099609375,239.682,5
11775494.8520779,81.39799118041992,87326927.36017868,197519.02629829315,2094278.8868978112,12999254.49718993,13.253125,0.0,100.0,8.0,77.3,2.0,56.3,0.0,32.7,39.8,50.5,18.7,43.6,5.0,0.0,0.0,0.0,50.5,52.4,2.0,0.0,1.0,0.0,0.0,0.0,0.0,0.0,0.0,1.0,0.0,1.0,0.0,0.0,1.0,0.0,81.4,1.0,1.0,0.0,0.0,0.0,100.0,0.0,2.0,2.0,1.0,0.0,1.0,0.0,33.7,51.0,5.1,49.5,0.0,0.0,1.0,0.0,0.0,0.0,1.0,0.0,0.0,0.0,0.0,0.0,37.4,37.3,56.0,56,56,0.0,0.0,0.0,6.4652099609375,6.4652099609375,6.4652099609375,240.228,240.228,240.228,56,0.0,6.4652099609375,240.228,5
11775495.85117362,81.39651489257812,87561341.86775059,197977.0264337698,2099050.126591943,13028869.731072647,13.4578125,0.0,100.0,30.2,85.3,2.1,1.0,9.2,60.6,39.0,51.5,45.1,25.3,0.0,0.0,0.0,0.0,48.4,47.9,0.0,0.0,0.0,0.0,0.0,0.0,0.0,1.0,1.0,0.0,1.0,0.0,2.0,0.0,1.0,1.0,81.9,0.0,0.0,4.1,0.0,0.0,100.0,0.0,3.1,1.0,0.0,0.0,0.0,0.0,36.5,50.0,54.6,1.0,0.0,0.0,0.0,0.0,0.0,0.0,1.0,1.0,0.0,0.0,0.0,0.0,36.1,38.4,88.0,88,88,0.0,0.0,0.0,6.4652099609375,6.4652099609375,6.4652099609375,245.866,245.866,245.866,88,0.0,6.4652099609375,245.866,5
11775496.8510484,81.39794540405273,87528547.32867444,197823.771501658,2097414.638356337,13018718.204485232,13.096875,0.0,100.0,54.1,77.8,2.0,0.0,8.8,35.4,37.4,51.5,34.7,32.0,0.0,0.0,1.0,0.0,49.0,50.5,0.0,0.0,1.0,1.0,0.0,0.0,0.0,0.0,1.0,1.0,1.0,1.0,1.0,0.0,0.0,1.0,78.8,0.0,0.0,0.0,0.0,0.0,100.0,0.0,0.0,0.0,0.0,0.0,0.0,0.0,34.0,51.4,1.0,54.0,0.0,0.0,0.0,1.0,0.0,0.0,2.0,2.0,0.0,0.0,0.0,0.0,34.7,37.1,61.0,61,61,0.0,0.0,0.0,6.4652099609375,6.4652099609375,6.4652099609375,229.62,229.62,229.62,61,0.0,6.4652099609375,229.62,5
11775497.853412492,81.39647674560547,87343790.2812548,197341.46670114493,2092205.8338148077,12986386.991920818,13.6625,0.0,100.0,24.0,78.8,33.0,2.0,0.0,41.4,41.0,49.5,44.2,22.4,1.0,0.0,0.0,0.0,50.5,50.5,1.0,0.0,1.0,3.0,0.0,0.0,0.0,1.0,1.0,1.0,1.9,0.0,0.0,0.0,2.0,1.0,85.7,0.0,0.0,0.0,1.0,0.0,100.0,1.0,1.0,2.9,1.0,0.0,1.0,0.0,34.0,51.0,43.7,14.9,4.9,0.0,0.0,0.0,0.0,0.0,1.0,0.0,1.0,1.0,0.0,1.9,37.4,38.8,56.0,56,56,0.0,0.0,0.0,6.4652099609375,6.4652099609375,6.4652099609375,246.973,246.973,246.973,56,0.0,6.4652099609375,246.973,5
11775498.85195672,81.3992805480957,87710659.78121255,198107.39933730822,2100209.4274818627,13036065.547924532,13.4078125,0.0,100.0,6.3,84.0,7.4,26.6,1.0,54.8,37.4,51.0,39.1,30.4,0.0,0.0,0.0,0.0,52.1,49.5,0.0,0.0,0.0,1.0,0.0,0.0,0.0,0.0,0.0,0.0,0.0,1.0,0.0,0.0,1.0,0.0,77.4,1.0,0.0,0.0,0.0,0.0,100.0,0.0,2.1,2.1,0.0,0.0,0.0,0.0,36.2,52.6,53.2,1.0,0.0,0.0,0.0,0.0,16.7,0.0,1.0,0.0,0.0,0.0,0.0,0.0,34.7,37.5,69.0,69,69,0.0,0.0,0.0,6.4652099609375,6.4652099609375,6.4652099609375,241.893,241.893,241.893,69,0.0,6.4652099609375,241.893,5
11775499.851519696,81.39711380004883,87653970.8116413,197913.49277173274,2098068.904614764,13022779.255597107,13.0640625,0.0,100.0,7.8,78.8,1.9,23.0,30.1,37.0,39.6,49.0,35.7,32.0,0.0,0.0,0.0,0.0,48.6,51.0,0.0,0.0,0.0,0.0,0.0,0.0,0.0,1.0,0.0,1.0,0.0,0.0,1.0,1.0,1.0,0.0,78.8,1.9,0.0,0.0,0.0,0.0,100.0,0.0,1.0,1.9,0.0,0.0,0.0,0.0,33.7,49.5,49.0,7.8,0.0,0.0,0.0,0.0,0.0,0.0,0.0,0.0,0.0,0.0,0.0,0.0,34.3,38.7,59.0,59,59,0.0,0.0,0.0,6.4652099609375,6.4652099609375,6.4652099609375,228.041,228.041,228.041,59,0.0,6.4652099609375,228.041,5
11775500.8532518,81.39934921264648,87499518.77495478,197485.9339174093,2093525.7965847238,12998668.959653977,13.390625,0.0,100.0,12.1,77.1,1.0,35.4,52.1,0.0,39.8,51.5,32.3,12.5,23.7,0.0,0.0,0.0,50.5,51.0,0.0,0.0,1.0,0.0,0.0,0.0,0.0,0.0,2.9,0.0,1.0,2.0,0.0,0.0,0.0,3.0,83.5,0.0,1.0,0.0,0.0,0.0,100.0,0.0,3.0,3.0,1.0,0.0,0.0,0.0,35.4,49.5,5.9,51.5,0.0,0.0,0.0,0.0,0.0,0.0,0.0,0.0,0.0,0.0,0.0,0.0,35.7,38.6,60.0,60,60,0.0,0.0,0.0,6.4652099609375,6.4652099609375,6.4652099609375,236.715,236.715,236.715,60,0.0,6.4652099609375,236.715,5
11775501.852611547,81.39605712890625,87742672.47462861,197964.74744526597,2098495.567253684,13029526.188084887,13.2921875,0.0,100.0,11.1,77.3,3.0,46.9,42.7,0.0,39.4,50.0,43.6,1.0,24.0,0.0,0.0,0.0,49.5,49.0,1.0,0.0,0.0,0.0,0.0,0.0,0.0,0.0,1.0,1.0,0.0,0.0,0.0,2.0,0.0,0.0,80.4,1.0,1.0,0.0,0.0,0.0,100.0,0.0,2.0,0.0,1.0,1.0,0.0,0.0,36.1,52.4,1.0,0.0,56.0,1.0,0.0,0.0,0.0,0.0,1.0,0.0,0.0,0.0,0.0,0.0,36.4,37.9,57.0,57,57,0.0,0.0,0.0,6.4652099609375,6.4652099609375,6.4652099609375,238.162,238.162,238.162,57,0.0,6.4652099609375,238.162,5
11775502.851564245,81.40260696411133,87811126.7719815,198052.42070373037,2099350.6542175417,13034835.409682745,13.5125,0.0,100.0,13.5,85.1,2.1,37.9,54.2,0.0,38.0,48.4,21.1,0.0,48.4,0.0,0.0,0.0,51.0,49.5,0.0,0.0,0.0,0.0,0.0,0.0,0.0,0.0,0.0,0.0,1.0,2.1,3.1,2.1,1.0,0.0,77.7,1.0,0.0,0.0,0.0,0.0,100.0,0.0,1.1,3.1,4.1,1.0,3.1,1.0,32.6,49.5,0.0,0.0,48.5,3.1,0.0,0.0,0.0,0.0,2.1,3.1,2.1,0.0,0.0,0.0,34.4,38.8,72.0,72,72,0.0,0.0,0.0,6.4652099609375,6.4652099609375,6.4652099609375,245.056,245.056,245.056,72,0.0,6.4652099609375,245.056,5
11775503.849733844,81.3999137878418,87912737.55385676,198207.79973483388,2100997.668020452,13045061.692650424,13.5453125,0.0,100.0,26.2,78.2,40.8,12.6,13.9,61.4,38.7,50.5,25.3,0.0,38.8,0.0,0.0,0.0,48.5,51.9,0.0,1.0,0.0,0.0,0.0,0.0,0.0,0.0,0.0,1.0,1.0,1.0,0.0,0.0,0.0,1.9,86.1,1.9,0.0,0.0,0.0,0.0,100.0,0.0,2.9,1.0,1.0,0.0,0.0,1.0,34.3,51.4,0.0,0.0,0.0,1.9,1.0,0.0,16.2,0.0,0.0,0.0,1.9,0.0,0.0,0.0,35.3,38.3,58.0,58,58,0.0,0.0,0.0,6.4652099609375,6.4652099609375,6.4652099609375,231.044,231.044,231.044,58,0.0,6.4652099609375,231.044,5
11775504.850748245,81.40275955200195,87695532.62771232,197653.50023529094,2095026.8042366637,13007988.692711629,13.171875,0.0,100.0,12.1,78.1,40.0,42.1,28.6,30.6,37.6,50.0,30.9,0.0,35.4,0.0,0.0,0.0,51.5,51.5,0.0,0.0,0.0,0.0,0.0,0.0,0.0,1.0,0.0,1.0,1.0,0.0,3.0,1.0,1.0,0.0,77.9,1.0,1.0,0.0,0.0,0.0,100.0,0.0,1.0,2.0,0.0,1.0,0.0,0.0,35.4,50.5,0.0,0.0,0.0,2.0,1.0,0.0,0.0,0.0,0.0,0.0,0.0,0.0,0.0,0.0,35.4,38.4,59.0,59,59,0.0,0.0,0.0,6.4652099609375,6.4652099609375,6.4652099609375,245.754,245.754,245.754,59,0.0,6.4652099609375,245.754,5
11775505.856810728,81.39770889282227,87287978.08055708,196670.68722050753,2084514.664418622,12942718.980833592,13.325,0.0,100.0,6.2,81.3,40.2,50.5,2.0,14.6,38.0,49.0,56.2,7.2,3.1,0.0,0.0,0.0,50.0,49.5,0.0,0.0,0.0,0.0,0.0,0.0,0.0,0.0,1.0,1.0,1.0,1.0,0.0,0.0,0.0,1.0,82.1,39.2,1.0,2.0,0.0,0.0,100.0,0.0,2.0,1.0,0.0,1.0,1.0,0.0,34.4,51.0,0.0,0.0,0.0,0.0,7.3,1.0,1.0,1.0,0.0,0.0,1.0,0.0,0.0,0.0,35.4,38.6,64.0,64,64,0.0,0.0,0.0,6.4652099609375,6.4652099609375,6.4652099609375,242.648,242.648,242.648,64,0.0,6.4652099609375,242.648,5
11775506.854945716,81.4013786315918,88019448.37773594,198243.72704310002,2101070.5229382906,13045514.047696926,13.453125,0.0,100.0,11.7,81.8,30.4,64.9,0.0,1.9,39.6,50.5,40.0,28.3,0.0,0.0,0.0,0.0,51.0,49.5,0.0,0.0,0.0,0.0,1.0,0.0,0.0,0.0,0.0,0.0,1.0,1.9,0.0,1.0,1.0,1.0,81.8,44.1,11.8,0.0,0.0,0.0,100.0,0.0,1.0,1.0,0.0,0.0,0.0,0.0,33.0,48.5,0.0,1.0,0.0,0.0,2.9,1.0,0.0,3.9,0.0,1.0,0.0,0.0,0.0,0.0,35.0,38.5,56.0,56,56,0.0,0.0,0.0,6.4652099609375,6.4652099609375,6.4652099609375,231.981,231.981,231.981,56,0.0,6.4652099609375,231.981,5
11775507.853011094,81.43040084838867,88058293.46630394,198259.5571985838,2101217.0596642564,13046423.891938811,14.978125,0.0,87.8,6.1,77.1,52.1,38.1,1.0,0.0,38.8,50.0,51.1,17.3,0.0,0.0,0.0,0.0,50.0,50.0,0.0,0.0,0.0,0.0,0.0,0.0,0.0,1.0,0.0,1.0,1.0,1.0,1.0,0.0,0.0,1.0,78.6,28.9,27.0,1.0,0.0,0.0,33.0,21.0,87.8,21.8,21.8,20.2,20.2,0.0,32.6,49.5,1.0,0.0,0.0,1.0,0.0,1.0,1.0,0.0,3.0,0.0,0.0,0.0,0.0,0.0,33.3,37.3,57.0,57,57,0.0,0.0,0.0,6.4652099609375,6.4652099609375,6.4652099609375,238.476,238.476,238.476,57,0.0,6.4652099609375,238.476,5
11775508.842355382,81.42463684082031,88867523.76932539,200014.2947884136,2119739.3325556573,13161428.394911006,13.35,0.0,100.0,7.6,83.3,17.8,20.0,0.0,0.0,37.2,49.5,42.2,37.9,38.9,0.0,0.0,0.0,47.8,49.5,0.0,0.0,0.0,0.0,0.0,0.0,0.0,0.0,0.0,0.0,0.0,0.0,1.1,0.0,0.0,0.0,84.4,1.1,56.5,1.1,0.0,0.0,0.0,0.0,100.0,0.0,0.0,0.0,0.0,1.1,33.7,49.5,2.2,0.0,0.0,0.0,1.1,0.0,16.7,0.0,0.0,0.0,0.0,0.0,0.0,0.0,36.3,37.9,63.0,63,63,0.0,0.0,0.0,6.4652099609375,6.4652099609375,6.4652099609375,245.386,245.386,245.386,63,0.0,6.4652099609375,245.386,5
11775509.84113865,81.39809799194336,88060365.86204165,198133.07484559572,2099706.7803579266,13037046.591323921,13.103125,0.0,100.0,7.1,77.9,1.0,0.0,1.0,2.0,37.4,50.0,38.0,34.7,79.2,0.0,0.0,0.0,49.5,51.0,0.0,0.0,0.0,0.0,0.0,0.0,0.0,0.0,2.0,2.0,1.0,1.0,1.0,2.0,1.0,1.0,77.7,1.0,41.2,15.5,0.0,0.0,0.0,0.0,100.0,0.0,0.0,0.0,0.0,0.0,34.0,51.0,0.0,0.0,0.0,0.0,0.0,1.0,0.0,0.0,0.0,1.0,1.0,2.0,0.0,0.0,35.4,38.0,62.0,62,62,0.0,0.0,0.0,6.4652099609375,6.4652099609375,6.4652099609375,262.228,262.228,262.228,62,0.0,6.4652099609375,262.228,5
11775510.840410229,81.39632034301758,88050002.46320322,198045.26030937335,2098680.7229287517,13030675.816778325,13.2640625,0.0,100.0,3.0,78.1,5.1,0.0,0.0,1.0,39.8,51.5,40.6,52.6,56.8,1.0,0.0,0.0,50.5,50.5,0.0,0.0,0.0,0.0,0.0,0.0,0.0,0.0,26.3,1.0,1.0,1.0,1.0,0.0,0.0,2.0,85.4,0.0,2.0,30.0,0.0,0.0,0.0,0.0,100.0,0.0,0.0,0.0,1.0,0.0,35.4,49.0,0.0,0.0,0.0,0.0,1.0,2.0,0.0,0.0,3.0,2.0,1.0,0.0,0.0,0.0,36.7,37.6,63.0,63,63,0.0,0.0,0.0,6.4652099609375,6.4652099609375,6.4652099609375,259.529,259.529,259.529,63,0.0,6.4652099609375,259.529,5
11775511.840131817,81.40114212036133,88045761.94676204,197969.11686553623,2097736.033695408,13028907.396780074,13.0578125,0.0,100.0,4.9,83.8,9.9,0.0,0.0,0.0,38.5,48.5,69.7,47.4,32.3,0.0,0.0,0.0,50.5,51.0,0.0,0.0,0.0,0.0,0.0,0.0,0.0,1.0,19.8,6.0,29.7,1.0,0.0,1.0,1.0,0.0,78.6,2.9,1.0,0.0,0.0,0.0,0.0,0.0,100.0,0.0,0.0,0.0,0.0,0.0,33.7,49.5,0.0,2.0,0.0,0.0,0.0,0.0,1.0,1.0,0.0,0.0,0.0,0.0,0.0,0.0,33.7,36.3,64.0,64,64,0.0,0.0,0.0,6.4652099609375,6.4652099609375,6.4652099609375,248.69,248.69,248.69,64,0.0,6.4652099609375,248.69,5
11775512.839304997,81.39581298828125,88129489.28877077,198078.77563810098,2098887.403617688,13036058.483406734,13.146875,0.0,100.0,2.0,79.4,8.0,0.0,0.0,0.0,39.0,50.0,40.0,61.5,49.0,1.0,0.0,0.0,48.5,49.5,0.0,0.0,0.0,0.0,0.0,0.0,0.0,1.0,0.0,17.0,40.6,0.0,0.0,0.0,0.0,2.0,78.4,1.0,2.0,0.0,1.0,0.0,0.0,0.0,100.0,1.0,0.0,0.0,0.0,0.0,35.1,49.5,0.0,2.0,0.0,0.0,1.0,0.0,1.0,0.0,5.0,1.0,0.0,0.0,1.0,0.0,35.1,38.8,64.0,64,64,0.0,0.0,0.0,6.4652099609375,6.4652099609375,6.4652099609375,263.542,263.542,263.542,64,0.0,6.4652099609375,263.542,5
11775513.84206578,81.39982604980469,87846721.27952853,197377.08473188384,2091378.1590709456,12989419.0348547,13.2125,0.0,100.0,13.6,78.0,21.4,0.0,0.0,0.0,38.3,49.5,59.8,38.0,24.0,1.0,0.0,0.0,48.5,50.0,0.0,0.0,0.0,0.0,0.0,0.0,0.0,0.0,1.0,54.9,1.0,1.0,1.0,1.0,1.0,0.0,78.8,1.9,0.0,0.0,0.0,0.0,0.0,0.0,100.0,0.0,0.0,0.0,0.0,0.0,33.3,50.5,0.0,1.0,0.0,1.0,0.0,0.0,15.5,0.0,1.0,8.7,0.0,0.0,0.0,0.0,34.7,36.2,84.0,84,84,0.0,0.0,0.0,6.4652099609375,6.4652099609375,6.4652099609375,256.606,256.606,256.606,84,0.0,6.4652099609375,256.606,5
11775514.852982627,81.39720916748047,87170265.48462869,195791.57320737303,2074504.9453843993,12884620.559223417,13.21875,0.0,100.0,50.5,78.6,45.1,1.0,20.0,0.9,38.9,51.9,41.7,0.0,23.8,0.0,0.0,0.0,50.0,49.0,0.0,0.0,0.0,0.0,0.0,0.0,0.0,0.0,0.9,22.9,0.0,0.0,0.0,0.0,0.9,0.9,85.6,15.1,0.0,0.0,0.0,0.0,0.0,0.0,100.0,0.9,0.0,0.0,0.0,0.0,33.7,48.5,0.9,1.0,0.0,0.0,1.0,0.0,0.0,0.0,1.9,1.9,1.0,0.0,0.0,0.0,37.5,40.0,56.0,56,56,0.0,0.0,0.0,6.4652099609375,6.4652099609375,6.4652099609375,236.955,236.955,236.955,56,0.0,6.4652099609375,236.955,5
11775515.852302138,81.39944076538086,88214562.0802076,198070.78508269077,2098580.061624642,13034149.601496799,13.178125,0.0,100.0,43.6,81.1,18.8,27.1,8.2,1.0,38.2,48.4,46.7,0.0,22.7,0.0,0.0,0.0,50.5,49.5,0.0,0.0,0.0,0.0,0.0,0.0,0.0,0.0,0.0,0.0,19.6,1.0,0.0,9.3,1.0,1.0,77.4,27.8,1.0,0.0,0.0,0.0,0.0,0.0,100.0,0.0,0.0,0.0,0.0,0.0,34.7,50.5,0.0,0.0,0.0,0.0,2.1,1.0,2.0,0.0,1.0,3.1,0.0,1.0,2.0,0.0,34.7,37.4,68.0,68,68,0.0,0.0,0.0,6.4652099609375,6.4652099609375,6.4652099609375,243.904,243.904,243.904,68,0.0,6.4652099609375,243.904,5
11775516.851216055,81.3979721069336,88285796.64191152,198158.21613302108,2099432.15612473,13039441.90718094,13.2453125,0.0,100.0,33.7,81.6,10.7,1.0,54.6,0.0,38.5,52.4,22.8,0.0,42.1,0.0,0.0,0.0,48.0,49.0,0.0,0.0,0.0,0.0,0.0,0.0,0.0,0.0,1.0,0.0,1.0,43.1,0.0,0.0,14.6,1.0,80.0,1.0,0.0,0.0,0.0,0.0,0.0,0.0,100.0,0.0,0.0,0.0,0.0,0.0,35.4,50.5,0.0,0.0,0.0,2.9,0.0,1.9,1.0,1.0,3.0,1.0,1.0,1.0,0.0,0.0,36.0,36.9,61.0,61,61,0.0,0.0,0.0,6.4652099609375,6.4652099609375,6.4652099609375,229.713,229.713,229.713,61,0.0,6.4652099609375,229.713,5
11775517.853270076,81.40019226074219,88041709.5007245,197539.25027853038,2092853.2360005078,12998580.645471904,13.2328125,0.0,100.0,4.1,76.8,4.2,0.0,43.2,20.2,39.6,49.5,33.7,12.4,45.7,0.0,0.0,0.0,51.0,50.5,0.0,0.0,0.0,0.0,0.0,0.0,0.0,2.0,1.0,2.0,0.0,37.1,8.2,2.0,10.4,0.0,84.0,0.0,0.0,0.0,0.0,0.0,0.0,0.0,100.0,0.0,0.0,0.0,0.0,0.0,34.0,52.0,0.0,0.0,0.0,0.0,1.0,0.0,2.1,1.0,1.0,2.1,1.0,0.0,0.0,0.0,36.5,38.6,76.0,76,76,0.0,0.0,0.0,6.4652099609375,6.4652099609375,6.4652099609375,245.852,245.852,245.852,76,0.0,6.4652099609375,245.852,5
11775518.854282027,81.39789199829102,88165972.36533958,197751.8848031479,2095031.9305624152,13012112.3812275,13.3234375,0.0,100.0,23.5,78.8,29.1,0.0,0.0,7.7,38.1,50.5,44.9,35.7,18.8,0.0,0.0,0.0,50.0,51.9,0.0,0.0,0.0,0.0,0.0,0.0,0.0,0.0,1.0,0.0,0.0,25.5,26.2,0.0,2.9,1.9,79.0,1.9,1.9,1.0,0.0,0.0,0.0,0.0,100.0,1.0,0.0,0.0,0.0,0.0,35.0,51.0,2.9,1.0,0.0,0.0,0.0,1.0,15.8,1.0,1.0,0.0,0.0,0.0,0.0,0.0,35.0,37.7,56.0,56,56,0.0,0.0,0.0,6.4652099609375,6.4652099609375,6.4652099609375,245.347,245.347,245.347,56,0.0,6.4652099609375,245.347,5
11775519.852640806,81.41241836547852,88432973.08297881,198284.42863655454,2100599.5488157026,13046692.510222526,13.521875,0.0,100.0,45.7,84.2,26.6,0.0,0.0,23.4,39.6,48.4,31.2,38.3,0.0,0.0,0.0,0.0,50.0,49.5,0.0,0.0,1.0,0.0,0.0,0.0,0.0,0.0,2.1,2.0,38.1,2.0,18.8,0.0,0.0,2.1,77.2,1.0,0.0,0.0,0.0,1.0,0.0,0.0,100.0,2.1,0.0,2.0,0.0,0.0,35.1,50.0,0.0,15.8,1.0,0.0,0.0,0.0,0.0,0.0,1.0,0.0,0.0,0.0,1.0,0.0,37.1,38.1,72.0,72,72,0.0,0.0,0.0,6.4652099609375,6.4652099609375,6.4652099609375,241.662,241.662,241.662,72,0.0,6.4652099609375,241.662,5
11775520.853703266,81.39628601074219,88226733.603115,197748.89965587982,2094926.2241733272,13011455.845451524,13.1921875,0.0,100.0,56.1,79.0,31.4,8.7,0.0,0.0,38.3,51.5,39.8,26.0,0.0,0.0,0.0,0.0,50.5,49.5,0.0,0.0,0.0,0.0,0.0,0.0,0.0,0.0,1.0,0.0,5.8,0.0,0.0,1.0,29.2,0.0,86.0,0.0,0.0,0.0,0.0,0.0,0.0,0.0,100.0,1.0,1.0,0.0,0.0,0.0,34.0,52.4,0.0,1.0,1.0,0.0,0.0,1.0,1.0,0.0,19.4,1.0,5.9,0.0,0.0,0.0,35.0,36.8,59.0,59,59,0.0,0.0,0.0,6.4652099609375,6.4652099609375,6.4652099609375,229.378,229.378,229.378,59,0.0,6.4652099609375,229.378,5
11775521.853797156,81.39835739135742,88344823.27326551,197951.41427163186,2096955.1161417451,13024057.16666162,13.3375,0.0,100.0,3.0,78.4,8.9,64.9,21.4,0.0,40.0,49.5,35.7,30.5,0.0,0.0,0.0,0.0,50.0,50.0,0.0,0.0,0.0,0.0,0.0,0.0,0.0,0.0,0.0,1.0,0.0,0.0,0.0,1.0,1.0,55.9,78.6,2.0,0.0,0.0,0.0,0.0,0.0,0.0,100.0,0.0,1.0,1.0,0.0,0.0,34.4,51.5,0.0,0.0,2.0,5.0,0.0,2.0,5.0,0.0,2.0,3.0,1.0,0.0,0.0,0.0,35.7,38.2,56.0,56,56,0.0,0.0,0.0,6.4652099609375,6.4652099609375,6.4652099609375,241.719,241.719,241.719,56,0.0,6.4652099609375,241.719,5
11775522.855982376,81.46266174316406,88198503.87428775,197551.3069530084,2092579.2541739214,12996878.96147084,14.359375,0.0,100.0,3.1,82.1,13.5,47.3,41.7,0.0,39.0,52.5,28.3,38.9,2.0,0.0,0.0,1.0,52.6,52.1,0.0,3.0,2.1,2.1,1.0,1.0,0.0,2.0,1.0,2.1,4.2,5.1,2.1,0.0,40.8,8.3,84.2,3.1,2.1,2.0,1.0,0.0,0.0,1.0,100.0,1.0,0.0,0.0,0.0,0.0,35.1,51.0,3.1,1.0,3.1,4.1,4.1,2.1,2.1,3.1,2.0,1.0,2.0,2.0,0.0,0.0,38.9,41.0,69.0,69,69,0.0,0.0,0.0,6.4652099609375,6.4652099609375,6.4652099609375,244.325,244.325,244.325,69,0.0,6.4652099609375,244.325,5
11775523.856865548,81.46357727050781,88345858.47024524,197817.2934368964,2095301.4897863255,13013786.596719757,13.2578125,0.0,100.0,4.1,79.8,5.2,43.7,9.5,0.0,40.4,47.9,44.4,23.7,32.6,0.0,0.0,0.0,49.5,50.5,0.0,0.0,0.0,0.0,0.0,0.0,0.0,0.0,0.0,1.0,1.0,1.0,1.0,2.0,1.0,1.0,79.8,13.4,0.0,0.0,1.0,0.0,0.0,0.0,100.0,0.0,0.0,0.0,0.0,0.0,35.5,50.5,2.1,3.0,0.0,0.0,2.0,1.0,14.4,31.2,0.0,1.0,0.0,0.0,0.0,0.0,36.5,37.8,86.0,86,86,0.0,0.0,0.0,6.4652099609375,6.4652099609375,6.4652099609375,247.848,247.848,247.848,86,0.0,6.4652099609375,247.848,5
11775524.8412987,81.40069198608398,89855282.54500319,201122.84886148723,2130314.279039384,13231248.842471171,13.278125,0.0,100.0,2.1,77.4,7.3,1.1,0.0,0.0,38.6,51.0,61.1,40.9,51.1,0.0,0.0,0.0,52.0,50.5,1.0,0.0,0.0,0.0,0.0,0.0,0.0,0.0,2.0,0.0,0.0,0.0,0.0,0.0,2.0,1.0,78.5,0.0,1.0,0.0,0.0,0.0,0.0,0.0,100.0,2.1,1.0,0.0,0.0,0.0,34.7,51.5,0.0,0.0,0.0,0.0,0.0,1.0,30.9,37.1,0.0,0.0,0.0,0.0,0.0,0.0,35.1,37.8,65.0,65,65,0.0,0.0,0.0,6.4652099609375,6.4652099609375,6.4652099609375,256.916,256.916,256.916,65,0.0,6.4652099609375,256.916,5
11775525.858087849,81.35394668579102,87028038.25564528,194732.60518046786,2062523.9766236125,12810207.511060718,15.1125,0.0,99.0,2.9,78.0,56.2,1.9,4.9,1.0,37.7,50.5,68.7,40.4,43.6,0.0,0.0,0.0,49.5,49.5,0.0,0.0,0.0,0.0,0.0,0.0,0.0,0.0,2.0,1.0,1.0,1.0,0.0,1.0,0.0,1.0,85.0,2.0,0.0,0.0,0.0,0.0,23.3,23.5,99.0,22.0,21.8,23.3,22.5,0.0,33.3,47.5,0.0,0.0,0.0,0.0,0.0,0.0,0.0,0.0,1.0,0.0,0.0,0.0,0.0,0.0,35.6,35.6,62.0,62,62,0.0,0.0,0.0,6.4652099609375,6.4652099609375,6.4652099609375,224.668,224.668,224.668,62,0.0,6.4652099609375,224.668,5
11775526.849891089,81.3321533203125,89253396.66891266,199645.44579811033,2114483.9171269927,13132927.45403093,13.1390625,0.0,100.0,4.1,85.1,37.1,0.0,5.1,0.0,37.0,49.5,35.8,63.8,51.1,0.0,0.0,0.0,49.0,51.5,0.0,0.0,0.0,0.0,0.0,0.0,0.0,0.0,0.0,1.0,1.0,1.0,0.0,0.0,1.0,1.0,77.7,13.1,2.0,0.0,0.0,0.0,0.0,0.0,100.0,2.0,0.0,0.0,0.0,0.0,34.7,50.5,0.0,0.0,0.0,0.0,0.0,2.1,0.0,0.0,1.0,0.0,8.2,1.0,0.0,0.0,36.5,38.0,63.0,63,63,0.0,0.0,0.0,6.4652099609375,6.4652099609375,6.4652099609375,259.368,259.368,259.368,63,0.0,6.4652099609375,259.368,5
11775527.860631919,81.32820892333984,87616118.20140898,195912.7346939743,2074866.2154710835,12886864.385152433,13.359375,0.0,100.0,3.0,78.4,5.0,1.0,5.9,0.0,38.8,50.0,48.5,45.5,57.9,1.0,0.0,0.0,49.5,50.0,0.0,0.0,0.0,0.0,0.0,0.0,0.0,0.0,0.0,1.0,0.0,1.0,1.0,1.0,0.0,0.0,85.6,16.2,39.4,5.9,0.0,0.0,0.0,0.0,100.0,0.0,0.0,0.0,0.0,0.0,34.4,49.5,1.0,0.0,0.0,2.0,1.0,1.0,1.0,0.0,2.0,1.0,0.0,1.0,0.0,0.0,37.0,38.5,75.0,75,75,0.0,0.0,0.0,6.4652099609375,6.4652099609375,6.4652099609375,263.482,263.482,263.482,75,0.0,6.4652099609375,263.482,5
11775528.86161578,81.3321418762207,88505490.79255565,197831.36120048608,2095090.719422307,13012477.515161986,13.0828125,0.0,100.0,2.0,77.6,3.0,0.0,5.9,1.0,36.9,50.0,32.0,40.2,76.3,0.0,0.0,0.0,53.3,49.0,0.0,0.0,0.0,0.0,0.0,0.0,0.0,1.9,2.0,1.0,1.0,1.0,1.9,1.0,1.0,1.0,79.0,4.0,52.4,0.0,0.0,0.0,0.0,0.0,100.0,0.0,0.0,0.0,0.0,0.0,34.0,50.0,0.0,0.0,1.0,0.0,0.0,0.0,1.0,0.0,2.0,2.9,0.0,0.0,0.0,0.0,34.7,37.3,92.0,92,92,0.0,0.0,0.0,6.4652099609375,6.4652099609375,6.4652099609375,260.072,260.072,260.072,92,0.0,6.4652099609375,260.072,5
11775529.860621568,81.3285026550293,88713411.01989533,198230.08291063964,2099239.0906374883,13038242.789506275,13.3125,0.0,100.0,6.0,81.6,7.0,0.0,0.0,1.0,39.4,49.5,53.6,32.3,66.3,0.0,0.0,0.0,47.4,50.5,0.0,0.0,0.0,0.0,0.0,0.0,0.0,0.0,4.0,0.0,0.0,0.0,0.0,1.0,1.0,1.0,77.9,12.1,42.9,0.0,0.0,0.0,0.0,0.0,100.0,0.0,1.0,0.0,1.0,0.0,34.0,49.5,0.0,0.0,0.0,0.0,0.0,1.0,16.2,0.0,0.0,1.0,0.0,1.0,0.0,0.0,34.0,38.8,89.0,89,89,0.0,0.0,0.0,6.4652099609375,6.4652099609375,6.4652099609375,249.506,249.506,249.506,89,0.0,6.4652099609375,249.506,5
11775530.863447728,81.33190155029297,88407997.86866044,197474.90435984763,2091241.8164046558,12988572.219075792,13.3109375,0.0,100.0,3.0,82.5,5.1,2.0,0.0,0.0,37.9,51.5,43.0,75.8,33.0,0.0,0.0,1.0,51.0,50.0,0.0,0.0,0.0,0.0,0.0,0.0,0.0,0.0,1.0,0.0,1.0,0.0,2.0,1.0,0.0,0.0,79.4,3.0,55.1,1.0,1.0,2.9,0.0,0.0,100.0,0.0,0.0,0.0,0.0,0.0,36.1,49.0,1.0,2.0,0.0,0.0,0.0,0.0,0.0,1.0,3.0,0.0,0.0,0.0,0.0,0.0,38.0,38.6,87.0,87,87,0.0,0.0,0.0,6.4652099609375,6.4652099609375,6.4652099609375,265.225,265.225,265.225,87,0.0,6.4652099609375,265.225,5
11775531.859705336,81.3289794921875,89023681.44591418,198783.92722862426,2105029.8452603705,13074208.804546833,13.2625,0.0,100.0,4.9,77.6,5.0,0.0,0.0,0.0,38.8,49.5,61.5,35.7,56.1,21.0,0.0,0.0,51.0,51.5,0.0,0.0,0.0,0.0,0.0,0.0,0.0,0.0,1.0,2.9,1.0,0.0,0.0,0.0,2.0,1.0,84.8,26.0,10.8,1.0,0.0,1.0,0.0,0.0,100.0,1.0,1.0,1.0,0.0,0.0,34.4,50.0,0.0,0.0,0.0,0.0,0.0,1.0,0.0,1.0,0.0,0.0,1.0,0.0,0.0,0.0,37.0,37.3,87.0,87,87,0.0,0.0,0.0,6.4652099609375,6.4652099609375,6.4652099609375,261.395,261.395,261.395,87,0.0,6.4652099609375,261.395,5
11775532.862813609,81.34329223632812,88448265.7031692,197436.3141679374,2090653.6790200367,12989002.642505346,13.1171875,0.0,100.0,2.0,78.9,6.0,1.0,1.0,0.0,36.9,51.0,63.5,57.9,30.2,28.0,0.0,0.0,50.5,51.0,0.0,0.0,0.0,0.0,3.0,0.0,0.0,0.0,0.0,1.0,1.0,30.7,1.0,0.0,0.0,1.0,78.1,2.0,0.0,0.0,0.0,0.0,0.0,0.0,100.0,0.0,1.0,0.0,0.0,0.0,32.6,50.5,0.0,0.0,2.0,0.0,2.0,0.0,1.0,1.0,1.0,0.0,1.0,0.0,0.0,0.0,34.4,37.3,84.0,84,84,0.0,0.0,0.0,6.4652099609375,6.4652099609375,6.4652099609375,259.053,259.053,259.053,84,0.0,6.4652099609375,259.053,5
11775533.841566335,81.32747650146484,90688209.166242,202358.5677968051,2142678.066496374,13312224.47172845,13.45,0.0,100.0,3.1,84.2,2.0,0.0,12.5,0.0,39.0,49.5,70.2,48.4,35.1,0.0,0.0,0.0,49.5,50.0,0.0,0.0,0.0,0.0,0.0,0.0,0.0,1.0,1.0,0.0,0.0,5.1,3.1,1.0,1.0,1.0,84.2,0.0,1.0,0.0,0.0,0.0,0.0,0.0,100.0,0.0,0.0,0.0,0.0,0.0,33.7,50.5,1.0,0.0,0.0,2.1,1.0,3.1,1.0,1.0,20.8,11.3,22.7,1.0,0.0,0.0,33.3,36.4,63.0,63,63,0.0,0.0,0.0,6.4652099609375,6.4652099609375,6.4652099609375,264.944,264.944,264.944,63,0.0,6.4652099609375,264.944,5
11775534.860903634,81.3299789428711,87109535.9150081,194308.59669404005,2057368.0600108018,12782202.732215548,13.0609375,0.0,100.0,3.0,77.3,0.0,3.0,4.0,0.0,36.3,49.0,47.9,49.0,54.2,0.0,1.0,0.0,48.5,49.5,0.0,0.0,0.0,0.0,0.0,0.0,0.0,0.0,0.0,1.0,1.0,0.0,0.0,0.0,0.0,0.0,78.4,15.0,2.0,1.0,0.0,0.0,0.0,0.0,100.0,1.0,0.0,0.0,0.0,0.0,34.0,50.5,0.0,0.0,1.0,0.0,0.0,0.0,16.8,0.0,1.0,0.0,40.0,0.0,0.0,0.0,33.0,37.5,75.0,75,75,0.0,0.0,0.0,6.4652099609375,6.4652099609375,6.4652099609375,264.891,264.891,264.891,75,0.0,6.4652099609375,264.891,5
11775535.862914937,81.3323974609375,88648395.22926587,197676.41286572712,2092942.458849649,13003222.581251433,13.275,0.0,100.0,4.0,78.4,3.0,1.0,4.0,0.0,39.0,51.0,52.5,31.6,67.7,1.0,0.0,0.0,52.0,49.5,0.0,0.0,0.0,0.0,0.0,0.0,0.0,1.0,2.0,0.0,0.0,1.0,2.0,1.0,1.0,2.0,79.6,8.0,50.5,2.0,0.0,0.0,0.0,0.0,100.0,2.9,0.0,1.0,0.0,0.0,34.7,50.5,0.0,0.0,0.0,0.0,1.0,0.0,0.0,0.0,1.0,0.0,0.0,0.0,0.0,0.0,36.4,37.3,64.0,64,64,0.0,0.0,0.0,6.4652099609375,6.4652099609375,6.4652099609375,263.298,263.298,263.298,64,0.0,6.4652099609375,263.298,5
11775536.862307934,81.33335876464844,88913330.61632557,198200.30808776664,2098425.749731805,13037289.66776733,12.903125,0.0,100.0,7.6,80.0,27.9,0.9,0.0,0.0,39.8,49.5,16.3,72.8,28.6,0.9,0.0,0.0,48.6,49.1,0.0,0.0,0.0,0.0,0.0,0.0,0.0,0.0,0.0,1.8,0.9,0.0,0.9,0.9,0.0,0.0,80.0,56.0,1.8,0.0,0.0,0.9,0.0,0.0,100.0,0.0,0.0,0.0,0.0,0.0,34.6,50.0,0.0,0.0,0.0,0.0,0.9,0.9,0.0,0.0,0.9,0.9,0.9,0.0,0.0,0.0,33.3,38.2,54.0,54,54,0.0,0.0,0.0,6.4652099609375,6.4652099609375,6.4652099609375,239.703,239.703,239.703,54,0.0,6.4652099609375,239.703,5
11775537.871861344,81.33185577392578,88050834.26944472,196206.55828190065,2077306.6377593235,12906078.934985172,13.409375,0.0,100.0,33.0,85.7,40.0,0.0,0.0,0.0,36.9,49.5,5.0,40.4,44.3,6.9,1.0,0.0,52.5,50.5,0.0,0.0,0.0,0.0,0.0,1.0,0.0,0.0,1.0,1.0,1.0,0.0,0.0,1.0,1.9,0.0,85.9,50.5,5.0,0.0,0.0,0.0,0.0,0.0,100.0,1.0,0.0,0.0,0.0,0.0,33.7,50.0,0.0,0.0,0.0,1.0,0.0,0.0,0.0,1.0,1.0,2.9,0.0,0.0,0.0,0.0,36.0,37.6,47.0,47,47,0.0,0.0,0.0,6.4652099609375,6.4652099609375,6.4652099609375,243.652,243.652,243.652,47,0.0,6.4652099609375,243.652,5
11775538.872034485,81.33404159545898,88912031.74262105,198054.70874490464,2096788.9612941367,13027120.48022783,13.215625,0.0,100.0,41.2,77.3,32.0,2.0,8.0,0.0,37.9,51.0,59.2,12.1,18.2,0.0,1.0,0.0,49.0,48.5,0.0,0.0,0.0,0.0,0.0,0.0,0.0,1.0,0.0,0.0,1.0,1.0,1.0,0.0,1.0,2.0,77.3,16.8,41.6,0.0,0.0,0.0,0.0,0.0,100.0,0.0,0.0,0.0,0.0,0.0,34.4,49.0,1.0,1.0,0.0,0.0,2.0,1.0,2.0,2.0,0.0,0.0,1.0,0.0,0.0,0.0,36.0,36.3,49.0,49,49,0.0,0.0,0.0,6.4652099609375,6.4652099609375,6.4652099609375,238.887,238.887,238.887,49,0.0,6.4652099609375,238.887,5
11775539.872863024,81.33297729492188,88888502.3244942,197933.00459774552,2095415.864239091,13018589.578407321,13.5484375,0.0,100.0,44.6,77.9,10.3,20.0,0.0,0.0,38.6,49.5,48.9,1.0,38.7,0.0,0.0,0.0,48.5,50.5,0.0,0.0,1.0,0.0,0.0,0.0,0.0,0.0,1.0,1.0,1.0,0.0,0.0,1.0,0.0,0.0,78.5,20.4,36.7,0.0,0.0,0.0,0.0,0.0,100.0,17.3,1.0,0.0,0.0,1.0,34.7,49.5,0.0,3.1,0.0,1.0,0.0,1.0,15.6,1.0,1.0,0.0,0.0,0.0,0.0,0.0,34.4,37.4,77.0,77,77,0.0,0.0,0.0,6.4652099609375,6.4652099609375,6.4652099609375,245.764,245.764,245.764,77,0.0,6.4652099609375,245.764,5
11775540.872893643,81.3687973022461,88992768.20509855,198091.93478925515,2097087.7910284607,13028977.076682681,13.3046875,0.0,100.0,25.5,78.8,7.8,45.4,1.9,1.0,36.8,48.0,25.7,0.0,63.6,1.0,0.0,0.0,51.0,50.0,0.0,0.0,0.0,0.0,0.0,0.0,0.0,0.0,0.0,0.0,18.4,1.9,0.0,22.3,15.7,1.0,85.3,1.0,1.9,1.9,0.0,0.0,0.0,0.0,100.0,1.0,0.0,0.0,0.0,0.0,35.6,49.5,1.0,0.0,0.0,0.0,0.0,0.0,1.9,1.9,1.9,0.0,0.0,0.0,0.0,0.0,35.3,37.5,49.0,49,49,0.0,0.0,0.0,6.4652099609375,6.4652099609375,6.4652099609375,231.486,231.486,231.486,49,0.0,6.4652099609375,231.486,5
11775541.8713053,81.33056259155273,89169792.18949495,198420.15921366785,2100488.2952740313,13050104.037630262,13.239062500000001,0.0,100.0,20.4,84.7,6.1,45.2,0.0,0.0,40.0,51.0,38.1,1.0,51.6,0.0,0.0,0.0,51.0,51.5,0.0,0.0,0.0,0.0,0.0,0.0,0.0,1.0,1.0,1.0,13.3,42.3,1.0,1.0,1.0,1.0,77.9,2.0,0.0,0.0,0.0,0.0,0.0,0.0,100.0,0.0,0.0,0.0,0.0,0.0,33.7,51.0,2.0,0.0,2.0,0.0,0.0,0.0,0.0,1.0,1.0,0.0,0.0,0.0,0.0,0.0,34.7,38.8,48.0,48,48,0.0,0.0,0.0,6.4652099609375,6.4652099609375,6.4652099609375,244.548,244.548,244.548,48,0.0,6.4652099609375,244.548,5
11775542.872720972,81.32812118530273,88934906.36274259,197837.9264303992,2094187.3181102402,13010956.755681003,13.3375,0.0,100.0,8.2,77.4,5.2,44.0,16.8,2.0,38.4,51.5,22.1,0.0,67.7,0.0,0.0,0.0,52.0,51.0,0.0,0.0,0.0,0.0,0.0,0.0,0.0,0.0,0.0,0.0,0.0,5.1,8.2,1.0,0.0,1.0,85.3,0.0,4.1,2.0,1.0,1.0,0.0,0.0,100.0,1.0,0.0,1.0,0.0,0.0,36.2,50.0,0.0,0.0,39.2,5.1,0.0,0.0,0.0,0.0,2.0,0.0,0.0,0.0,0.0,0.0,36.1,38.0,58.0,58,58,0.0,0.0,0.0,6.4652099609375,6.4652099609375,6.4652099609375,245.694,245.694,245.694,58,0.0,6.4652099609375,245.694,5
11775543.874176472,81.3265609741211,88966698.90551516,197839.04512699143,2094104.03007243,13010439.296211718,13.19375,0.0,100.0,2.9,78.0,1.0,32.7,34.3,7.8,39.4,48.0,35.6,1.0,54.1,0.0,0.0,0.0,50.0,48.0,0.0,0.0,0.0,0.0,0.0,0.0,0.0,1.0,1.9,1.0,1.0,1.0,1.0,1.0,0.0,1.0,79.0,2.9,1.0,1.9,1.0,0.0,0.0,0.0,100.0,1.0,0.0,0.0,0.0,0.0,34.0,50.5,0.0,0.0,44.7,2.9,9.7,0.0,0.0,0.0,1.0,0.0,0.0,0.0,0.0,0.0,35.0,38.1,50.0,50,50,0.0,0.0,0.0,6.4652099609375,6.4652099609375,6.4652099609375,229.124,229.124,229.124,50,0.0,6.4652099609375,229.124,5
11775544.87385916,81.34486770629883,89157116.69229072,198189.88818380132,2097817.664348803,13033511.699792076,13.578125,0.0,100.0,3.0,85.6,0.0,40.0,28.9,4.0,39.8,50.0,17.3,0.0,71.9,0.0,0.0,0.0,50.5,52.0,0.0,0.0,0.0,0.0,0.0,0.0,0.0,0.0,0.0,1.0,1.0,1.0,1.0,1.0,1.0,2.0,78.1,0.0,2.0,1.0,2.0,0.0,0.0,0.0,100.0,0.0,1.0,0.0,0.0,0.0,35.1,50.5,1.0,0.0,0.0,4.0,51.0,0.0,16.0,0.0,2.0,0.0,0.0,0.0,0.0,0.0,35.7,38.6,47.0,47,47,0.0,0.0,0.0,6.4652099609375,6.4652099609375,6.4652099609375,240.168,240.168,240.168,47,0.0,6.4652099609375,240.168,5
11775545.872677088,81.34652328491211,89269729.23528993,198369.48698936624,2099633.9181806515,13044795.886196587,13.4015625,0.0,100.0,4.0,78.4,1.0,29.6,40.2,9.0,37.6,49.0,42.7,31.3,16.3,0.0,0.0,0.0,51.5,49.5,0.0,0.0,0.0,0.0,0.0,0.0,0.0,0.0,0.0,1.0,0.0,0.0,0.0,1.0,1.0,1.0,78.4,0.0,0.0,7.9,0.0,0.0,0.0,0.0,100.0,0.0,2.0,1.0,1.0,0.0,35.1,50.0,0.0,1.0,0.0,0.0,40.0,17.3,0.0,0.0,2.0,3.0,1.0,0.0,0.0,0.0,35.7,38.2,47.0,47,47,0.0,0.0,0.0,6.4652099609375,6.4652099609375,6.4652099609375,237.11,237.11,237.11,47,0.0,6.4652099609375,237.11,5
11775546.873071248,81.3282241821289,89161677.03980082,198067.92955915295,2096325.7124082076,13024242.3655674,13.1546875,0.0,100.0,2.1,77.4,0.0,36.6,31.2,3.1,39.0,50.5,1.0,42.1,48.4,0.0,0.0,0.0,48.5,49.0,0.0,0.0,0.0,0.0,1.0,0.0,0.0,0.0,1.0,0.0,0.0,1.0,0.0,0.0,1.0,2.0,85.4,3.0,1.0,0.0,0.0,0.0,0.0,0.0,100.0,0.0,0.0,0.0,0.0,0.0,35.1,48.5,0.0,0.0,0.0,0.0,29.6,26.5,2.1,0.0,1.0,1.0,0.0,0.0,0.0,0.0,37.1,36.7,68.0,68,68,0.0,0.0,0.0,6.4652099609375,6.4652099609375,6.4652099609375,241.263,241.263,241.263,68,0.0,6.4652099609375,241.263,5
11775547.872520337,81.32958602905273,89278593.54411505,198256.2214996377,2098307.980592228,13036557.980984136,12.9015625,0.0,100.0,5.9,79.8,1.0,27.0,38.5,1.0,38.1,49.5,54.5,32.3,2.9,0.0,0.0,0.0,50.0,49.0,0.0,0.0,0.0,0.0,0.0,0.0,0.0,1.0,0.0,1.0,0.0,0.0,1.0,1.9,0.0,0.0,77.8,0.0,1.0,0.0,0.0,0.0,0.0,0.0,100.0,1.0,0.0,0.0,0.0,0.0,34.0,51.0,0.0,0.0,0.0,0.0,0.0,55.4,0.0,0.0,0.0,0.0,0.0,0.0,0.0,0.0,34.0,37.1,50.0,50,50,0.0,0.0,0.0,6.4652099609375,6.4652099609375,6.4652099609375,230.884,230.884,230.884,50,0.0,6.4652099609375,230.884,5
11775548.874774247,81.32846450805664,89061267.87083063,197709.38074552352,2092435.8368410394,13000074.994123723,13.365625,0.0,100.0,7.8,83.8,26.8,12.7,32.7,3.9,38.8,50.0,38.5,51.0,0.0,2.0,0.0,0.0,49.0,49.5,0.0,0.0,0.0,0.0,0.0,0.0,0.0,0.0,0.0,1.0,0.0,1.0,0.0,0.0,0.0,1.0,82.7,1.0,1.0,0.0,0.0,0.0,0.0,0.0,100.0,1.0,0.0,1.0,0.0,0.0,34.0,50.5,0.0,0.0,0.0,0.0,0.0,42.6,13.9,0.0,2.9,1.0,0.0,0.0,0.0,0.0,36.4,37.9,48.0,48,48,0.0,0.0,0.0,6.4652099609375,6.4652099609375,6.4652099609375,243.138,243.138,243.138,48,0.0,6.4652099609375,243.138,5
11775549.875972869,81.33039855957031,89190428.43784525,197927.7595385502,2094641.31795115,13013777.407036344,13.690625,0.0,100.0,19.8,77.2,13.5,1.1,22.6,23.1,39.2,49.5,27.8,63.4,1.0,0.0,0.0,0.0,51.6,51.6,0.0,0.0,0.0,0.0,0.0,0.0,0.0,1.0,1.0,3.1,2.0,2.1,1.0,1.0,1.0,1.0,80.4,1.1,1.0,0.0,1.0,0.0,0.0,0.0,100.0,1.0,0.0,1.0,0.0,0.0,35.9,50.5,1.0,0.0,0.0,0.0,0.0,3.1,59.6,0.0,9.6,2.1,0.0,0.0,0.0,0.0,35.5,38.8,62.0,62,62,0.0,0.0,0.0,6.4652099609375,6.4652099609375,6.4652099609375,243.698,243.698,243.698,62,0.0,6.4652099609375,243.698,5
11775550.873233896,81.32947158813477,89578014.77513298,198718.2840395926,2102911.818958086,13065161.125206389,13.125,0.0,100.0,40.4,79.0,5.9,1.9,0.0,30.3,38.3,51.4,27.7,62.4,1.0,0.0,0.0,0.0,49.5,51.5,0.0,0.0,0.0,0.0,0.0,0.0,0.0,0.0,1.9,0.0,0.0,1.0,0.0,0.0,0.0,1.0,78.2,1.9,0.0,0.0,0.0,0.0,0.0,0.0,100.0,1.0,0.0,1.0,0.0,0.0,34.3,49.0,0.0,0.0,0.0,0.0,0.0,0.0,0.0,0.0,41.0,2.0,12.5,0.0,0.0,0.0,36.9,39.0,48.0,48,48,0.0,0.0,0.0,6.4652099609375,6.4652099609375,6.4652099609375,239.654,239.654,239.654,48,0.0,6.4652099609375,239.654,5
11775551.875155369,81.33084106445312,89193867.38572185,197793.94426249687,2093130.106865602,13004388.417850547,13.146875,0.0,100.0,19.4,81.4,13.3,0.0,0.0,40.2,40.4,49.5,57.6,33.0,1.0,1.0,0.0,0.0,52.5,50.5,0.0,0.0,0.0,0.0,0.0,0.0,0.0,0.0,2.0,1.0,0.0,1.0,31.6,0.0,1.0,0.0,78.4,1.0,1.0,1.0,0.0,1.0,1.0,0.0,100.0,0.0,0.0,0.0,0.0,0.0,33.3,50.0,0.0,0.0,0.0,0.0,0.0,0.0,0.0,0.0,14.0,1.0,7.1,0.0,0.0,0.0,37.4,38.8,46.0,46,46,0.0,0.0,0.0,6.4652099609375,6.4652099609375,6.4652099609375,228.952,228.952,228.952,46,0.0,6.4652099609375,228.952,5
11775552.875606436,81.32872009277344,89357540.72084613,198094.6459507036,2096206.4694668085,13027595.67547536,13.45,0.0,100.0,15.3,81.4,12.1,28.1,2.0,20.6,39.8,51.0,60.4,28.1,1.0,1.0,0.0,0.0,51.0,54.0,0.0,0.0,0.0,0.0,0.0,0.0,0.0,0.0,1.0,1.0,1.0,1.0,10.0,1.0,0.0,1.0,85.6,25.5,6.0,1.0,0.0,0.0,0.0,0.0,100.0,1.0,0.0,0.0,0.0,0.0,35.1,50.5,0.0,0.0,0.0,0.0,0.0,0.0,0.0,1.0,0.0,1.0,19.6,0.0,0.0,0.0,35.4,37.3,47.0,47,47,0.0,0.0,0.0,6.4652099609375,6.4652099609375,6.4652099609375,244.376,244.376,244.376,47,0.0,6.4652099609375,244.376,5
11775553.875353657,81.33123397827148,89453053.90478767,198241.11130350642,2097682.2512241784,13036767.428506514,13.2125,0.0,100.0,4.0,78.7,35.5,15.3,24.0,0.0,40.2,50.5,37.9,5.2,45.7,0.0,0.0,0.0,50.5,49.5,0.0,0.0,0.0,0.0,0.0,0.0,0.0,0.0,1.0,0.0,0.0,0.0,1.0,0.0,1.0,1.0,77.7,6.1,50.0,3.1,0.0,0.0,0.0,0.0,100.0,1.0,0.0,0.0,0.0,0.0,34.4,51.0,0.0,0.0,0.0,0.0,0.0,0.0,0.0,0.0,7.2,0.0,0.0,0.0,0.0,0.0,35.1,39.0,58.0,58,58,0.0,0.0,0.0,6.4652099609375,6.4652099609375,6.4652099609375,245.24,245.24,245.24,58,0.0,6.4652099609375,245.24,5
11775554.874278573,81.32918930053711,89562056.67949946,198412.30977859034,2099409.0397872357,13047499.149615202,13.35625,0.0,100.0,11.9,80.8,18.2,8.0,47.9,0.0,37.1,50.0,44.9,45.0,1.0,0.0,0.0,0.0,48.0,49.0,0.0,0.0,0.0,0.0,0.0,0.0,0.0,1.0,7.9,1.0,1.0,1.0,0.0,1.9,1.0,0.0,85.9,23.8,17.6,0.0,0.0,0.0,0.0,0.0,100.0,2.0,0.0,0.0,0.0,0.0,34.0,48.5,2.0,0.0,0.0,0.0,0.0,0.0,7.8,2.0,2.0,2.0,0.0,0.0,0.0,0.0,34.7,35.9,53.0,53,53,0.0,0.0,0.0,6.4652099609375,6.4652099609375,6.4652099609375,227.448,227.448,227.448,53,0.0,6.4652099609375,227.448,5
11775555.875644716,81.33135223388672,89376544.93174948,197928.6013883139,2094290.9008557324,13015690.715865117,13.3140625,0.0,100.0,8.0,82.7,12.0,0.0,56.5,0.0,39.4,49.5,30.3,17.2,41.8,0.0,0.0,0.0,50.5,51.5,0.0,0.0,0.0,0.0,0.0,0.0,0.0,1.0,56.4,0.0,1.0,1.0,0.0,0.0,1.0,2.0,78.6,2.0,0.0,2.0,2.9,0.0,0.0,0.0,100.0,0.0,0.0,0.0,0.0,0.0,32.6,50.5,0.0,0.0,0.0,0.0,0.0,0.0,7.1,0.0,0.0,0.0,0.0,0.0,0.0,0.0,36.0,38.6,50.0,50,50,0.0,0.0,0.0,6.4652099609375,6.4652099609375,6.4652099609375,242.876,242.876,242.876,50,0.0,6.4652099609375,242.876,5
11775556.86031212,81.3287582397461,90927845.96151596,201293.34968398593,2129807.4784264453,13236420.696001854,13.18125,0.0,100.0,11.3,77.7,37.6,2.0,29.8,0.0,38.0,50.5,27.8,0.0,60.6,0.0,0.0,0.0,51.5,50.0,0.0,0.0,0.0,0.0,0.0,0.0,0.0,0.0,31.6,2.0,0.0,24.5,0.0,0.0,0.0,1.0,77.7,1.0,2.0,0.0,0.0,0.0,1.0,0.0,100.0,0.0,1.0,0.0,0.0,0.0,36.8,48.4,1.0,0.0,0.0,0.0,0.0,0.0,0.0,0.0,3.0,1.0,0.0,0.0,0.0,0.0,36.8,38.0,56.0,56,56,0.0,0.0,0.0,6.4652099609375,6.4652099609375,6.4652099609375,242.989,242.989,242.989,56,0.0,6.4652099609375,242.989,5
11775557.876426743,81.34791946411133,88145845.81833448,195073.46442603634,2063893.1376622135,12826773.367267897,12.80625,0.0,100.0,7.1,80.4,46.2,0.0,19.6,2.9,36.0,47.5,25.5,0.0,64.2,0.0,0.0,0.0,48.0,48.5,0.0,0.0,0.0,0.0,0.0,0.0,0.0,0.0,10.1,0.0,0.0,29.2,0.0,1.0,1.0,0.0,84.7,2.0,1.0,13.4,0.0,0.0,0.0,0.0,100.0,0.0,0.0,0.0,0.0,0.0,31.3,46.9,0.0,0.0,0.0,0.0,0.0,0.0,0.0,0.0,2.0,1.0,1.0,0.0,0.0,0.0,33.7,35.4,76.0,76,76,0.0,0.0,0.0,6.4652099609375,6.4652099609375,6.4652099609375,245.111,245.111,245.111,76,0.0,6.4652099609375,245.111,5
11775558.875041002,81.32905960083008,89723204.11683606,198493.0599586574,2100062.1420780066,13051558.07830511,13.265625,0.0,100.0,7.8,81.8,30.0,1.0,37.1,0.0,39.6,49.5,34.0,1.0,53.5,0.0,0.0,0.0,49.0,49.0,0.0,0.0,0.0,0.0,0.0,0.0,0.0,0.0,1.9,24.3,6.7,1.0,1.0,0.0,7.8,1.9,78.6,2.0,2.9,20.2,0.0,0.0,0.0,1.0,100.0,0.0,1.0,0.0,0.0,0.0,36.4,48.5,1.9,0.0,0.0,0.0,0.0,0.0,0.0,0.0,1.0,1.0,1.9,1.0,0.0,0.0,34.7,39.0,51.0,51,51,0.0,0.0,0.0,6.4652099609375,6.4652099609375,6.4652099609375,233.659,233.659,233.659,51,0.0,6.4652099609375,233.659,5
11775559.876168331,81.32735824584961,89533254.59037669,198002.78577223248,2094790.4825189877,13018795.537842616,13.2203125,0.0,92.1,8.0,79.2,18.4,1.0,48.9,0.0,38.8,49.5,26.3,13.3,71.9,0.0,0.0,0.0,51.0,47.9,0.0,0.0,0.0,0.0,0.0,0.0,0.0,0.0,0.0,18.2,10.0,1.0,0.0,0.0,7.0,0.0,81.6,2.0,0.0,5.1,0.0,0.0,92.1,0.0,9.9,0.0,0.0,0.0,0.0,0.0,36.4,51.0,1.0,0.0,0.0,0.0,0.0,0.0,0.0,0.0,1.0,0.0,1.0,0.0,0.0,0.0,35.4,39.2,49.0,49,49,0.0,0.0,0.0,6.4652099609375,6.4652099609375,6.4652099609375,244.464,244.464,244.464,49,0.0,6.4652099609375,244.464,5
11775560.87537304,81.33094787597656,89738166.02190581,198395.78252644377,2098821.175137444,13043845.6626706,13.30625,0.0,100.0,11.3,77.7,16.1,2.1,52.2,0.0,38.0,47.9,0.0,40.6,50.0,0.0,0.0,0.0,49.0,46.8,0.0,0.0,0.0,0.0,0.0,0.0,0.0,0.0,0.0,0.0,2.1,1.0,1.0,36.8,17.3,1.0,82.1,1.0,0.0,0.0,0.0,0.0,100.0,0.0,0.0,0.0,1.0,0.0,0.0,0.0,33.3,46.8,0.0,0.0,0.0,0.0,0.0,0.0,17.3,0.0,2.1,2.1,0.0,3.0,0.0,0.0,34.0,38.0,60.0,60,60,0.0,0.0,0.0,6.4652099609375,6.4652099609375,6.4652099609375,243.772,243.772,243.772,60,0.0,6.4652099609375,243.772,5
11775561.86409456,81.32828903198242,90725371.31227238,200507.41897316158,2121074.4969099187,13182146.580405002,13.5078125,0.0,100.0,9.7,84.6,13.5,2.1,19.6,1.1,40.8,50.5,23.3,60.9,40.7,0.0,0.0,0.0,50.5,51.1,0.0,0.0,0.0,0.0,0.0,0.0,0.0,0.0,0.0,1.1,1.1,0.0,1.1,1.1,7.5,2.1,77.8,1.1,3.2,0.0,2.1,0.0,100.0,0.0,0.0,6.4,0.0,0.0,0.0,0.0,37.0,47.8,0.0,0.0,0.0,0.0,0.0,0.0,0.0,0.0,3.2,40.2,7.4,1.1,0.0,0.0,37.6,37.2,62.0,62,62,0.0,0.0,0.0,6.4652099609375,6.4652099609375,6.4652099609375,235.137,235.137,235.137,62,0.0,6.4652099609375,235.137,5
11775562.86427972,81.33221054077148,89718102.79910477,198210.29938763523,2096763.7632921457,13031059.169522671,13.1984375,0.0,100.0,8.0,77.6,0.0,1.0,1.0,0.0,37.3,50.5,47.9,68.8,34.7,0.0,1.0,0.0,49.0,49.5,0.0,0.0,0.0,0.0,0.0,0.0,0.0,0.0,0.0,3.0,0.0,0.0,0.0,1.0,1.0,0.0,82.7,2.0,1.0,1.0,0.0,0.0,100.0,0.0,1.0,0.0,0.0,0.0,0.0,0.0,34.0,51.5,0.0,0.0,0.0,0.0,0.0,0.0,0.0,0.0,3.0,2.0,57.0,2.0,1.0,0.0,35.4,39.8,59.0,59,59,0.0,0.0,0.0,6.4652099609375,6.4652099609375,6.4652099609375,259.388,259.388,259.388,59,0.0,6.4652099609375,259.388,5
11775563.862372035,81.32878494262695,89938913.01715031,198636.93648745812,2101160.3497893945,13062487.096444616,13.4609375,0.0,100.0,3.0,78.1,0.0,0.0,5.0,0.0,38.8,52.0,77.1,33.0,40.4,1.0,0.0,0.0,52.0,51.5,0.0,0.0,0.0,0.0,0.0,0.0,0.0,2.0,0.0,1.0,1.0,2.0,3.0,0.0,0.0,1.0,80.4,1.0,2.0,3.0,1.0,0.0,100.0,0.0,3.0,1.0,0.0,1.0,0.0,0.0,33.7,50.0,1.0,0.0,1.0,1.0,0.0,2.9,2.0,0.0,3.0,2.0,55.1,1.0,0.0,0.0,35.7,38.8,62.0,62,62,0.0,0.0,0.0,6.4652099609375,6.4652099609375,6.4652099609375,265.474,265.474,265.474,62,0.0,6.4652099609375,265.474,5
11775564.86632214,81.33506393432617,89446635.47691564,197486.90615885062,2088900.6250402029,12986270.87793548,12.9546875,0.0,100.0,3.0,79.4,0.0,0.0,5.0,0.0,37.3,48.0,57.3,69.8,23.5,1.0,0.0,0.0,48.0,48.5,0.0,0.0,0.0,0.0,0.0,0.0,0.0,0.0,1.0,0.0,1.0,1.0,0.0,1.0,1.0,1.0,77.6,1.0,1.0,0.0,0.0,0.0,100.0,0.0,2.0,0.0,0.0,0.0,0.0,0.0,35.1,49.5,0.0,0.0,0.0,1.0,1.0,0.0,1.0,0.0,41.6,9.9,7.9,0.0,0.0,0.0,36.4,37.3,58.0,58,58,0.0,0.0,0.0,6.4652099609375,6.4652099609375,6.4652099609375,262.281,262.281,262.281,58,0.0,6.4652099609375,262.281,5
11775565.863720296,81.33352279663086,90069660.14423701,198792.22622732547,2102622.6948283347,13071578.198512869,13.668750000000001,0.0,100.0,3.1,84.4,3.0,2.0,8.2,0.0,38.2,49.5,44.2,63.4,44.3,0.0,0.0,1.0,51.0,50.0,0.0,0.0,0.0,1.0,1.0,0.0,0.0,0.0,0.0,1.0,1.0,1.0,0.0,1.0,0.0,0.0,85.4,1.0,0.0,0.0,0.0,0.0,100.0,0.0,1.0,0.0,0.0,0.0,0.0,0.0,36.1,51.0,0.0,0.0,0.0,1.0,0.0,0.0,24.2,1.0,39.4,11.1,2.0,0.0,0.0,0.0,35.1,38.2,63.0,63,63,0.0,0.0,0.0,6.4652099609375,6.4652099609375,6.4652099609375,257.277,257.277,257.277,63,0.0,6.4652099609375,257.277,5
11775566.85814771,81.33889389038086,90374311.56818745,199393.13527228887,2108904.04788408,13110628.094560599,12.978125,0.0,100.0,2.0,77.1,0.0,2.0,10.0,0.0,39.4,49.5,52.1,57.1,42.7,0.0,0.0,0.0,49.5,48.5,0.0,0.0,0.0,0.0,0.0,0.0,0.0,0.0,0.0,0.0,0.0,2.0,1.0,0.0,1.0,1.0,78.4,0.0,0.0,1.0,0.0,0.0,100.0,0.0,3.0,2.0,2.0,1.0,0.0,0.0,33.3,47.9,0.0,0.0,1.0,0.0,0.0,0.0,41.7,12.1,0.0,0.0,0.0,0.0,0.0,0.0,34.7,37.6,62.0,62,62,0.0,0.0,0.0,6.4652099609375,6.4652099609375,6.4652099609375,260.821,260.821,260.821,62,0.0,6.4652099609375,260.821,5
11775567.864697646,81.32949829101562,89318309.80608495,197001.6518303975,2083505.174890675,12952728.460306676,12.8828125,0.0,100.0,4.0,80.2,2.0,2.1,4.1,0.0,36.0,47.4,48.4,62.8,40.0,0.0,0.0,0.0,48.5,50.0,0.0,0.0,0.0,0.0,0.0,0.0,0.0,0.0,0.0,1.0,1.0,1.0,0.0,2.0,0.0,1.0,83.0,0.0,0.0,0.0,0.0,0.0,100.0,0.0,0.0,0.0,0.0,0.0,0.0,0.0,33.3,49.0,0.0,0.0,0.0,0.0,0.0,0.0,0.0,55.1,1.0,0.0,0.0,0.0,0.0,0.0,34.0,37.6,75.0,75,75,0.0,0.0,0.0,6.4652099609375,6.4652099609375,6.4652099609375,266.241,266.241,266.241,75,0.0,6.4652099609375,266.241,5
11775568.864530444,81.33204650878906,89951022.00917388,198333.16174186193,2097502.7070764964,13039748.274657203,13.1171875,0.0,100.0,2.0,83.7,2.0,2.0,4.9,0.0,38.5,49.0,50.0,63.3,39.2,0.0,0.0,0.0,51.5,50.0,0.0,0.0,0.0,0.0,0.0,0.0,0.0,0.0,1.0,0.0,0.0,1.0,1.0,0.0,2.0,1.0,80.6,0.0,0.0,0.0,0.0,0.0,100.0,0.0,1.0,1.0,0.0,0.0,0.0,0.0,35.1,49.5,0.0,0.0,0.0,0.0,1.0,0.0,0.0,55.0,0.0,0.0,0.0,0.0,0.0,0.0,35.4,38.8,60.0,60,60,0.0,0.0,0.0,6.4652099609375,6.4652099609375,6.4652099609375,262.339,262.339,262.339,60,0.0,6.4652099609375,262.339,5
11775569.863786524,81.32889556884766,90035604.28525485,198454.63436832602,2098713.2747447323,13047274.127954068,13.2203125,0.0,100.0,7.6,79.4,14.6,1.9,0.0,0.0,40.0,49.5,36.9,26.0,76.5,0.0,0.0,0.0,48.6,51.4,0.0,0.0,0.0,0.0,0.0,0.0,0.0,0.0,0.9,1.9,0.9,0.0,7.6,0.9,0.0,0.0,79.8,0.9,0.0,0.0,0.0,0.0,100.0,0.0,2.9,0.0,0.0,0.0,0.0,1.9,32.7,49.5,0.0,0.9,0.0,0.0,0.9,0.0,41.0,14.4,0.9,0.9,0.0,0.0,0.0,0.9,36.5,37.4,68.0,68,68,0.0,0.0,0.0,6.4652099609375,6.4652099609375,6.4652099609375,240.631,240.631,240.631,68,0.0,6.4652099609375,240.631,5
11775570.863820052,81.33253860473633,89998243.57374702,198300.35146262063,2097081.6898573313,13037130.896124776,13.2640625,0.0,100.0,2.2,78.3,1.1,1.1,13.7,0.0,37.9,50.5,64.1,38.5,56.0,1.0,0.0,0.0,51.1,47.8,0.0,0.0,0.0,0.0,0.0,0.0,0.0,0.0,1.1,0.0,0.0,1.1,3.1,1.1,1.1,2.1,76.7,2.1,0.0,0.0,0.0,0.0,100.0,0.0,0.0,0.0,0.0,1.0,0.0,0.0,36.3,50.0,1.0,0.0,0.0,0.0,0.0,1.0,24.5,29.8,1.1,0.0,0.0,0.0,0.0,0.0,34.4,38.1,62.0,62,62,0.0,0.0,0.0,6.4652099609375,6.4652099609375,6.4652099609375,256.443,256.443,256.443,62,0.0,6.4652099609375,256.443,5
11775571.878495999,81.32904815673828,88734381.92215519,195448.60662626047,2066819.4672341524,12848996.805090444,13.2109375,0.0,100.0,26.2,79.2,16.0,0.9,0.0,0.0,38.9,49.1,15.0,38.0,68.2,2.8,0.9,0.0,49.1,50.0,0.0,0.0,0.0,0.0,0.0,0.0,0.0,0.9,1.8,0.0,1.8,1.8,0.0,1.8,0.0,0.9,86.1,0.0,2.7,0.0,0.0,0.0,100.0,0.0,0.0,0.0,0.0,0.0,0.0,0.0,34.6,49.1,0.0,0.0,0.0,0.9,0.0,0.0,22.2,31.5,0.0,0.0,0.0,0.9,0.0,0.0,35.8,38.4,48.0,48,48,0.0,0.0,0.0,6.4652099609375,6.4652099609375,6.4652099609375,251.185,251.185,251.185,48,0.0,6.4652099609375,251.185,5
11775572.862203771,81.33522415161133,91563801.27492154,201609.67060603062,2131885.1578508927,13253496.987186313,13.284375,0.0,100.0,27.8,84.9,43.6,2.1,1.0,0.0,37.1,48.9,43.6,8.3,44.6,0.0,0.0,0.0,49.5,51.0,0.0,0.0,0.0,0.0,0.0,0.0,0.0,0.0,1.0,1.0,1.0,0.0,0.0,0.0,1.0,0.0,77.4,1.1,0.0,1.0,0.0,0.0,100.0,0.0,1.1,1.0,3.1,1.0,0.0,1.1,35.9,50.0,0.0,0.0,0.0,0.0,0.0,0.0,46.2,9.4,1.1,0.0,0.0,0.0,0.0,0.0,36.6,37.8,63.0,63,63,0.0,0.0,0.0,6.4652099609375,6.4652099609375,6.4652099609375,245.485,245.485,245.485,63,0.0,6.4652099609375,245.485,5
11775573.877334855,81.33060073852539,88761606.65172727,195376.7381153938,2065892.801965252,12843235.915342571,13.175,0.0,100.0,27.5,78.8,41.5,0.0,0.0,0.0,38.1,51.0,48.0,6.8,41.4,0.0,0.0,0.0,50.5,52.0,0.0,0.0,0.0,0.0,0.0,0.0,0.0,1.0,0.0,0.0,32.7,0.0,1.0,0.0,0.0,1.0,78.6,1.0,1.0,0.0,0.0,0.0,100.0,0.0,1.9,0.0,0.0,0.0,0.0,0.0,35.6,50.0,1.0,1.0,0.0,0.0,1.0,0.0,10.6,11.8,1.9,1.9,0.0,0.0,0.0,0.0,35.6,39.0,58.0,58,58,0.0,0.0,0.0,6.4652099609375,6.4652099609375,6.4652099609375,241.702,241.702,241.702,58,0.0,6.4652099609375,241.702,5
11775574.878927195,81.35404205322266,89994000.9572117,198017.688524188,2093817.930066494,13016840.764456348,13.2328125,0.0,100.0,47.9,78.6,22.4,1.0,0.0,0.0,38.5,49.5,44.3,32.7,16.0,0.0,0.0,0.0,50.0,49.5,0.0,0.0,0.0,0.0,0.0,0.0,0.0,0.0,2.0,1.0,55.0,2.0,2.0,1.0,2.0,1.0,86.1,1.0,0.0,2.0,0.0,0.0,100.0,0.0,0.0,0.0,0.0,0.0,0.0,0.0,34.4,49.5,0.0,0.0,0.0,0.0,0.0,0.0,0.0,1.0,0.0,0.0,0.0,0.0,1.0,0.0,37.0,38.5,50.0,50,50,0.0,0.0,0.0,6.4652099609375,6.4652099609375,6.4652099609375,229.916,229.916,229.916,50,0.0,6.4652099609375,229.916,5
11775575.875782361,81.33039093017578,90454409.11848697,198966.71733546944,2103768.0015403493,13078698.337701038,13.3859375,0.0,100.0,46.2,77.1,24.5,2.0,18.8,0.0,37.6,50.0,38.1,51.6,4.0,1.0,0.0,0.0,50.0,51.0,0.0,0.0,0.0,0.0,0.0,0.0,0.0,0.0,1.0,0.0,55.2,0.0,1.0,0.0,0.0,0.0,77.9,0.0,0.0,0.0,0.0,0.0,100.0,0.0,4.0,1.0,1.0,1.0,0.0,0.0,35.4,51.0,0.0,0.0,0.0,0.0,0.0,0.0,0.0,1.0,0.0,0.0,0.0,0.0,0.0,0.0,36.1,39.2,48.0,48,48,0.0,0.0,0.0,6.4652099609375,6.4652099609375,6.4652099609375,247.936,247.936,247.936,48,0.0,6.4652099609375,247.936,5
11775576.875784213,81.3283920288086,90202420.9929887,198347.6327654515,2097148.1171946889,13037543.861388076,13.19375,0.0,100.0,35.9,85.3,34.0,1.0,1.0,0.0,39.0,51.0,47.4,42.7,6.1,0.0,0.0,0.0,49.5,49.5,0.0,0.0,0.0,1.0,0.0,0.0,0.0,0.0,0.0,0.0,18.2,1.0,0.0,2.0,0.0,1.0,84.0,0.0,0.0,0.0,0.0,0.0,100.0,0.0,0.0,39.2,1.0,0.0,0.0,0.0,34.0,47.4,0.0,0.0,0.0,0.0,0.0,0.0,0.0,0.0,1.0,0.0,0.0,0.0,0.0,0.0,34.4,37.8,56.0,56,56,0.0,0.0,0.0,6.4652099609375,6.4652099609375,6.4652099609375,245.519,245.519,245.519,56,0.0,6.4652099609375,245.519,5
11775577.875858553,81.33100509643555,90233997.00190614,198343.2551563521,2096996.1092451734,13036598.858842554,13.153125,0.0,100.0,22.2,78.6,46.3,2.0,0.0,0.0,35.9,48.0,28.4,61.6,11.9,6.9,0.0,0.0,48.0,48.0,0.0,0.0,0.0,0.0,0.0,0.0,0.0,0.0,1.9,1.9,0.0,1.9,1.0,1.0,1.0,1.0,80.0,1.0,0.0,0.0,0.0,0.0,100.0,0.0,1.0,54.5,0.0,0.0,0.0,0.0,35.0,48.0,0.0,1.0,1.0,0.0,0.0,0.0,0.0,0.0,0.0,0.0,0.0,0.0,0.0,0.0,34.7,38.1,49.0,49,49,0.0,0.0,0.0,6.4652099609375,6.4652099609375,6.4652099609375,228.254,228.254,228.254,49,0.0,6.4652099609375,228.254,5
11775578.877881132,81.32976913452148,90091120.56332448,197958.61300464036,2092918.9055193237,13011251.711460952,13.1703125,0.0,100.0,14.1,78.3,32.3,2.1,0.0,0.0,39.0,49.5,63.0,31.9,24.0,2.1,0.0,0.0,50.5,50.5,0.0,0.0,0.0,0.0,0.0,0.0,0.0,1.0,0.0,0.0,1.0,0.0,2.1,0.0,0.0,1.0,77.2,1.1,4.2,0.0,1.1,0.0,100.0,0.0,1.0,34.0,1.1,0.0,0.0,0.0,33.7,50.5,0.0,0.0,1.1,0.0,0.0,0.0,0.0,0.0,20.8,0.0,0.0,0.0,0.0,0.0,36.2,38.5,72.0,72,72,0.0,0.0,0.0,6.4652099609375,6.4652099609375,6.4652099609375,245.469,245.469,245.469,72,0.0,6.4652099609375,245.469,5
11775579.866823751,81.36402130126953,91315672.14040159,200583.93288552493,2120600.2844174122,13183341.221290281,13.884375,0.0,100.0,4.1,83.2,1.0,3.1,1.1,0.0,37.8,50.0,42.4,54.8,59.6,0.0,0.0,0.0,47.9,50.0,0.0,0.0,0.0,15.8,0.0,0.0,0.0,0.0,0.0,1.0,1.0,1.0,0.0,1.0,1.0,0.0,84.0,1.0,0.0,0.0,0.0,0.0,100.0,0.0,3.1,0.0,0.0,1.0,0.0,0.0,35.1,48.4,0.0,0.0,16.7,5.3,26.0,0.0,0.0,0.0,17.7,2.1,16.8,0.0,0.0,0.0,36.2,39.4,57.0,57,57,0.0,0.0,0.0,6.4652099609375,6.4652099609375,6.4652099609375,256.562,256.562,256.562,57,0.0,6.4652099609375,256.562,5
11775580.861507256,81.32959747314453,90821430.76386917,199433.2862477394,2108361.0930974437,13107252.65493977,13.2640625,0.0,100.0,2.1,77.7,2.0,0.0,4.1,0.0,38.4,50.0,72.0,51.6,34.7,1.0,0.0,0.0,49.0,50.5,13.3,0.0,0.0,0.0,0.0,0.0,0.0,0.0,1.0,0.0,0.0,0.0,0.0,0.0,1.0,0.0,78.9,1.0,0.0,0.0,0.0,0.0,100.0,0.0,0.0,1.0,0.0,0.0,0.0,0.0,34.4,52.0,0.0,0.0,3.0,53.1,0.0,0.0,0.0,0.0,1.0,0.0,0.0,0.0,0.0,0.0,38.1,38.0,63.0,63,63,0.0,0.0,0.0,6.4652099609375,6.4652099609375,6.4652099609375,262.486,262.486,262.486,63,0.0,6.4652099609375,262.486,5
11775581.865507048,81.33119583129883,90011199.91910721,197591.67439370943,2088797.2454059166,12985628.18774811,13.3140625,0.0,100.0,5.0,82.7,1.0,2.0,0.0,0.0,39.4,48.0,27.8,62.5,63.9,0.0,0.0,0.0,49.0,49.5,3.0,0.0,0.0,0.0,0.0,0.0,0.0,1.0,0.0,1.0,1.0,1.0,2.0,2.0,2.0,2.0,77.1,1.0,1.0,0.0,0.0,0.0,100.0,0.0,0.0,3.0,1.0,1.0,0.0,0.0,33.7,48.5,0.0,0.0,37.4,26.3,0.0,0.0,0.0,0.0,1.0,1.0,0.0,0.0,0.0,0.0,36.1,38.2,75.0,75,75,0.0,0.0,0.0,6.4652099609375,6.4652099609375,6.4652099609375,261.566,261.566,261.566,75,0.0,6.4652099609375,261.566,5
11775582.86936224,81.36408996582031,90062187.88067235,197630.0978235984,2089098.1234674535,12987498.685540829,14.240625,0.0,100.0,3.0,81.6,1.0,1.9,0.0,0.0,38.2,49.5,61.2,53.1,50.5,0.0,0.0,0.0,52.4,48.5,15.5,2.0,1.0,1.0,2.0,1.9,1.0,1.9,4.9,1.0,1.0,1.0,2.0,1.9,1.0,2.0,86.7,1.0,1.9,0.0,0.0,0.0,100.0,0.0,1.0,0.0,0.0,0.0,0.0,0.0,34.7,52.5,0.0,0.0,51.0,8.1,3.9,1.0,0.0,1.0,2.9,4.9,0.0,1.0,0.0,0.0,38.0,39.8,61.0,61,61,0.0,0.0,0.0,6.4652099609375,6.4652099609375,6.4652099609375,260.588,260.588,260.588,61,0.0,6.4652099609375,260.588,5
11775583.864779616,81.36980438232422,90858460.24068092,199314.38305120255,2106806.704828078,13097589.338804243,13.115625,0.0,100.0,3.0,78.6,3.0,0.0,1.0,0.0,38.5,50.0,52.1,53.7,50.5,3.0,1.0,0.0,50.0,52.5,0.0,1.0,0.0,0.0,0.0,0.0,0.0,0.0,1.0,1.0,1.0,1.0,0.0,1.0,1.0,1.0,78.8,0.0,0.0,0.0,0.0,0.0,100.0,0.0,0.0,0.0,0.0,0.0,0.0,0.0,36.7,50.0,0.0,0.0,27.0,2.0,27.3,0.0,0.0,0.0,0.0,0.0,0.0,0.0,1.0,0.0,35.1,36.6,60.0,60,60,0.0,0.0,0.0,6.4652099609375,6.4652099609375,6.4652099609375,251.22,251.22,251.22,60,0.0,6.4652099609375,251.22,5
11775584.866578989,81.33091354370117,90312268.5463685,198044.6438237918,2093385.2192496639,13014150.6892025,12.9453125,0.0,100.0,2.0,77.9,3.0,1.0,1.0,0.0,37.6,48.5,72.4,41.2,42.7,1.0,0.0,0.0,49.5,49.5,0.0,0.0,0.0,0.0,0.0,0.0,0.0,1.0,0.0,0.0,1.0,2.0,0.0,0.0,0.0,1.0,82.5,0.0,0.0,0.0,0.0,0.0,100.0,0.0,0.0,1.0,0.0,0.0,0.0,0.0,34.4,47.4,0.0,0.0,0.0,1.0,55.6,0.0,0.0,0.0,0.0,1.0,0.0,0.0,0.0,0.0,34.7,38.6,61.0,61,61,0.0,0.0,0.0,6.4652099609375,6.4652099609375,6.4652099609375,260.556,260.556,260.556,61,0.0,6.4652099609375,260.556,5
11775585.877400557,81.33110427856445,89538520.8218873,196287.85763084548,2074700.4879051815,12897991.509769907,13.18125,0.0,100.0,1.9,80.2,7.5,0.9,24.8,18.9,38.7,49.5,57.7,14.5,37.5,0.0,0.0,0.0,48.1,49.5,9.2,1.8,0.9,0.0,0.0,0.0,0.0,0.9,0.0,1.8,0.9,0.0,0.0,0.9,0.9,0.9,77.9,0.0,0.0,0.9,0.0,0.0,100.0,0.0,0.0,0.0,0.9,0.9,0.0,0.0,35.2,50.5,0.0,0.0,0.0,0.0,54.3,0.0,0.0,0.0,0.9,0.0,0.0,0.0,0.0,0.0,35.8,38.4,50.0,50,50,0.0,0.0,0.0,6.4652099609375,6.4652099609375,6.4652099609375,249.611,249.611,249.611,50,0.0,6.4652099609375,249.611,5
11775586.875891756,81.32931137084961,90676972.44439481,198718.82702839494,2100320.9649290266,13057268.811267756,13.2765625,0.0,100.0,5.0,81.4,1.0,1.0,37.2,28.4,38.8,49.5,50.0,6.1,39.8,0.0,0.0,0.0,48.5,49.0,7.1,1.0,2.0,0.0,0.0,0.0,0.0,0.0,1.0,0.0,1.0,0.0,0.0,1.0,2.0,0.0,83.5,1.0,1.0,0.0,0.0,0.0,100.0,0.0,1.0,1.0,0.0,0.0,0.0,0.0,33.3,49.0,0.0,0.0,38.4,2.0,14.1,0.0,1.0,0.0,2.0,1.0,0.0,0.0,0.0,0.0,33.3,37.3,46.0,46,46,0.0,0.0,0.0,6.4652099609375,6.4652099609375,6.4652099609375,240.965,240.965,240.965,46,0.0,6.4652099609375,240.965,5
11775587.878515309,81.33430862426758,90338581.99130017,197908.7759447077,2091664.408702379,13003452.759569673,13.2421875,0.0,100.0,3.1,80.9,0.0,0.0,36.2,32.6,37.4,49.5,26.5,67.7,5.2,1.0,1.0,0.0,49.5,49.5,0.0,0.0,1.0,0.0,0.0,0.0,0.0,0.0,0.0,1.0,1.0,0.0,1.0,1.0,0.0,1.0,76.6,1.0,0.0,1.0,0.0,0.0,100.0,0.0,0.0,0.0,1.0,0.0,0.0,0.0,34.0,52.5,0.0,0.0,4.1,0.0,52.6,2.0,1.0,0.0,2.1,0.0,0.0,0.0,0.0,0.0,36.1,37.4,77.0,77,77,0.0,0.0,0.0,6.4652099609375,6.4652099609375,6.4652099609375,244.421,244.421,244.421,77,0.0,6.4652099609375,244.421,5
11775588.876980796,81.33037567138672,90750274.40927078,198735.96277267268,2100375.0512804757,13057605.055128425,13.3203125,0.0,100.0,2.9,78.8,0.0,1.9,30.0,36.7,40.2,49.5,45.5,42.9,8.7,0.0,0.0,0.0,49.5,50.5,0.0,0.0,0.0,0.0,0.0,0.0,0.0,0.0,0.0,0.0,0.0,4.9,0.0,1.0,1.0,1.0,86.0,0.0,0.0,0.0,0.0,0.0,100.0,0.0,0.0,0.0,0.0,0.0,1.0,0.0,35.6,49.5,0.0,0.0,0.0,1.0,51.5,2.9,1.0,1.0,2.0,1.9,1.0,0.0,0.0,0.0,35.6,37.5,49.0,49,49,0.0,0.0,0.0,6.4652099609375,6.4652099609375,6.4652099609375,228.776,228.776,228.776,49,0.0,6.4652099609375,228.776,5
11775589.878723105,81.33382415771484,90486057.33161353,198097.85233704222,2093504.4684082218,13018980.91291363,13.046875,0.0,100.0,3.0,80.0,2.0,0.0,17.5,50.0,37.6,51.0,11.2,46.9,34.0,1.0,0.0,0.0,48.5,48.5,1.0,0.0,0.0,0.0,0.0,0.0,0.0,1.0,1.0,1.0,15.7,19.2,0.0,20.4,0.0,0.0,78.6,0.0,0.0,0.0,0.0,0.0,100.0,0.0,1.0,0.0,0.0,0.0,0.0,0.0,34.4,49.0,2.0,0.0,0.0,0.0,0.0,1.0,1.0,1.0,1.0,0.0,0.0,0.0,0.0,0.0,35.7,39.8,50.0,50,50,0.0,0.0,0.0,6.4652099609375,6.4652099609375,6.4652099609375,244.815,244.815,244.815,50,0.0,6.4652099609375,244.815,5
11775590.877739614,81.33049774169922,90765675.27375005,198656.37686600586,2099216.5617289944,13079103.187334944,13.2984375,0.0,100.0,2.1,82.3,18.9,3.1,41.8,8.2,40.0,48.9,40.6,29.5,25.3,0.0,0.0,0.0,53.1,50.5,0.0,0.0,0.0,0.0,0.0,0.0,0.0,0.0,1.0,0.0,16.5,1.0,1.0,0.0,9.2,1.0,78.7,30.9,1.0,0.0,0.0,0.0,100.0,0.0,0.0,0.0,0.0,0.0,0.0,0.0,35.8,49.5,1.0,1.0,0.0,1.0,0.0,1.0,2.1,1.0,1.0,0.0,1.0,0.0,0.0,0.0,35.4,36.7,60.0,60,60,0.0,0.0,0.0,6.4652099609375,6.4652099609375,6.4652099609375,249.111,249.111,249.111,60,0.0,6.4652099609375,249.111,5
11775591.879115475,81.3663101196289,90584471.3165039,198200.30383941156,2094270.5738182503,13048287.364219178,13.55,0.0,100.0,2.9,79.0,13.0,0.0,28.0,25.5,40.2,50.0,4.9,18.6,71.7,0.0,0.0,0.0,50.0,53.4,0.0,0.0,0.0,0.0,0.0,17.3,0.0,0.0,1.0,1.0,0.0,1.0,0.0,1.0,0.0,1.0,84.8,54.9,0.0,1.0,0.0,0.0,100.0,0.0,0.0,0.0,0.0,0.0,0.0,0.0,35.0,50.5,0.0,1.0,0.0,0.0,0.0,0.0,1.0,1.9,2.0,0.0,0.0,0.0,0.0,0.0,36.3,39.3,49.0,49,49,0.0,0.0,0.0,6.4652099609375,6.4652099609375,6.4652099609375,235.493,235.493,235.493,49,0.0,6.4652099609375,235.493,5
11775592.879627535,81.35174560546875,90695345.5614884,198371.42197370753,2096078.6824152642,13059552.728329478,13.115625,0.0,100.0,7.0,78.1,0.0,0.0,34.7,34.0,35.6,46.9,13.3,23.7,53.7,0.0,2.0,0.0,49.0,49.0,0.0,0.0,0.0,1.0,0.0,0.0,0.0,1.0,0.0,5.0,1.0,1.0,9.8,0.0,1.0,0.0,78.4,38.1,1.0,4.0,0.0,0.0,100.0,0.0,2.0,0.0,0.0,0.0,0.0,0.0,32.6,49.0,2.0,10.2,1.0,0.0,3.0,1.0,1.0,0.0,0.0,0.0,0.0,0.0,0.0,0.0,33.7,35.6,46.0,46,46,0.0,0.0,0.0,6.4652099609375,6.4652099609375,6.4652099609375,235.466,235.466,235.466,46,0.0,6.4652099609375,235.466,5
11775593.878077663,81.3299446105957,90915397.19560891,198788.0960320951,2100407.3617991754,13086522.429959705,13.478125,0.0,100.0,6.1,82.7,0.0,2.0,23.5,43.5,40.0,48.5,60.2,0.0,29.9,1.0,0.0,0.0,50.0,50.0,0.0,0.0,0.0,0.0,0.0,0.0,0.0,0.0,0.0,1.0,0.0,1.0,54.6,2.9,0.0,1.0,84.5,8.1,3.0,1.0,1.0,0.0,100.0,0.0,0.0,0.0,0.0,1.0,0.0,0.0,34.3,49.0,1.0,1.0,0.0,0.0,0.0,0.0,0.0,1.0,2.0,0.0,1.0,0.0,0.0,0.0,37.4,39.4,47.0,47,47,0.0,0.0,0.0,6.4652099609375,6.4652099609375,6.4652099609375,241.784,241.784,241.784,47,0.0,6.4652099609375,241.784,5
11775594.87609154,81.33303451538086,90990640.66074844,198883.00623659423,2101325.492196435,13096346.964060206,13.01875,0.0,100.0,10.3,79.8,2.0,1.0,51.6,15.8,36.4,48.4,52.6,0.0,36.5,0.0,0.0,0.0,46.9,48.9,2.0,0.0,0.0,0.0,1.0,0.0,0.0,0.0,36.1,0.0,6.2,1.0,4.1,7.3,2.0,2.0,79.8,1.0,0.0,1.0,0.0,0.0,100.0,0.0,1.0,1.0,0.0,0.0,0.0,0.0,34.4,50.0,0.0,1.0,0.0,0.0,0.0,0.0,1.0,0.0,0.0,0.0,0.0,0.0,0.0,0.0,33.7,37.4,54.0,54,54,0.0,0.0,0.0,6.4652099609375,6.4652099609375,6.4652099609375,247.276,247.276,247.276,54,0.0,6.4652099609375,247.276,5
11775595.87790368,81.33008193969727,90678284.2968749,198129.96086662685,2093358.542243491,13046693.570896443,13.115625,0.0,100.0,8.7,78.8,2.9,0.0,52.6,14.9,38.5,49.5,57.1,0.0,31.6,0.0,0.0,0.0,50.5,49.0,0.0,0.0,0.0,0.0,1.0,0.0,0.0,1.0,13.9,1.0,20.6,2.0,15.5,6.9,0.0,1.0,77.8,1.0,0.0,0.0,0.0,0.0,100.0,0.0,1.9,0.0,0.0,0.0,0.0,0.0,35.0,49.0,0.0,0.0,0.0,0.0,0.0,0.0,1.0,0.0,0.0,1.0,1.0,0.0,1.0,0.0,35.6,38.1,49.0,49,49,0.0,0.0,0.0,6.4652099609375,6.4652099609375,6.4652099609375,233.775,233.775,233.775,49,0.0,6.4652099609375,233.775,5
11775596.880201312,81.33447265625,90666982.60350257,198045.96317905898,2092344.561351781,13040374.014206119,13.28125,0.0,100.0,6.0,81.4,0.0,1.0,28.9,36.5,39.0,50.0,29.9,1.0,58.8,0.0,0.0,0.0,49.0,50.0,0.0,0.0,0.0,0.0,0.0,17.0,0.0,0.0,1.0,1.0,0.0,1.0,0.0,31.6,0.0,0.0,79.4,20.2,0.0,0.0,0.0,0.0,100.0,0.0,0.0,0.0,0.0,0.0,0.0,0.0,34.4,51.0,0.0,0.0,0.0,0.0,0.0,0.0,0.0,0.0,5.0,4.0,1.0,1.0,0.0,0.0,34.0,36.9,48.0,48,48,0.0,0.0,0.0,6.4652099609375,6.4652099609375,6.4652099609375,247.872,247.872,247.872,48,0.0,6.4652099609375,247.872,5
11775597.865513178,81.3304443359375,92263166.77469668,201467.17693032214,2128414.4368679295,13265176.69540149,13.19375,0.0,100.0,6.3,81.7,0.0,0.0,36.6,28.9,38.4,50.0,38.9,22.6,27.1,1.0,0.0,0.0,47.9,48.9,0.0,0.0,0.0,0.0,0.0,0.0,0.0,0.0,1.0,1.0,0.0,1.0,1.0,2.1,1.0,2.1,83.9,16.5,27.1,0.0,0.0,0.0,100.0,0.0,1.1,0.0,0.0,0.0,0.0,0.0,35.8,47.9,0.0,0.0,0.0,0.0,0.0,0.0,0.0,0.0,0.0,6.3,14.4,0.0,0.0,0.0,35.8,38.1,61.0,61,61,0.0,0.0,0.0,6.4652099609375,6.4652099609375,6.4652099609375,243.852,243.852,243.852,61,0.0,6.4652099609375,243.852,5
11775598.87845085,81.33180236816406,89781856.74669409,195980.46888960607,2070366.279255955,12903396.088097172,12.99375,0.0,100.0,11.7,77.6,1.0,1.0,19.8,46.9,39.0,49.0,58.8,1.0,29.9,0.0,0.0,0.0,50.0,48.0,0.0,0.0,0.0,0.0,0.0,0.0,0.0,0.0,0.0,1.0,0.0,0.0,0.0,0.0,0.0,0.0,78.8,1.0,1.0,1.9,0.0,0.0,100.0,0.0,1.9,0.0,0.0,0.0,0.0,0.0,35.0,49.5,0.0,0.0,0.0,0.0,0.0,1.0,0.0,0.0,0.0,0.0,54.5,0.0,0.0,0.0,34.0,38.3,68.0,68,68,0.0,0.0,0.0,6.4652099609375,6.4652099609375,6.4652099609375,245.335,245.335,245.335,68,0.0,6.4652099609375,245.335,5
11775599.877992649,81.32902145385742,91017813.4889726,198607.0020050746,2098113.358464538,13076327.591524104,13.5421875,0.0,100.0,8.8,78.8,18.6,1.0,32.3,35.1,39.0,50.5,43.0,1.0,46.5,0.0,0.0,0.0,50.5,48.0,0.0,0.0,0.0,0.0,0.0,0.0,0.0,0.0,1.0,0.0,1.0,14.6,29.7,1.0,1.0,0.0,86.1,0.0,1.0,0.0,0.0,0.0,100.0,0.0,1.0,1.0,0.0,0.0,0.0,0.0,35.4,49.5,0.0,0.0,0.0,0.0,0.0,0.0,0.0,0.0,3.9,1.0,11.9,0.0,0.0,0.0,36.6,37.9,47.0,47,47,0.0,0.0,0.0,6.4652099609375,6.4652099609375,6.4652099609375,230.426,230.426,230.426,47,0.0,6.4652099609375,230.426,5
11775600.867230428,81.33246231079102,91998916.60311344,200686.83592926135,2119967.5577766364,13212532.181377435,13.065624999999999,0.0,100.0,7.7,84.1,0.0,0.0,4.4,13.3,38.3,48.9,40.2,44.3,54.5,0.0,0.0,0.0,48.3,48.9,0.0,0.0,0.0,0.0,0.0,0.0,0.0,0.0,0.0,1.1,1.1,57.3,0.0,0.0,0.0,2.2,75.9,0.0,0.0,0.0,0.0,0.0,100.0,0.0,1.1,0.0,1.1,0.0,0.0,0.0,36.0,48.3,0.0,0.0,0.0,0.0,0.0,0.0,0.0,0.0,2.2,1.1,1.1,0.0,0.0,0.0,34.8,40.0,60.0,60,60,0.0,0.0,0.0,6.4652099609375,6.4652099609375,6.4652099609375,252.55,252.55,252.55,60,0.0,6.4652099609375,252.55,5
11775601.866421295,81.329833984375,91115247.35825397,198695.77131602855,2098850.2491094866,13080920.204899162,13.459375,0.0,100.0,7.1,77.3,2.0,1.0,0.0,0.0,39.0,49.0,67.3,44.8,40.6,0.0,0.0,0.0,48.5,49.5,0.0,0.0,0.0,0.0,0.0,17.8,0.0,0.0,0.0,1.0,3.0,27.0,0.0,0.0,1.0,0.0,83.3,2.0,1.0,0.0,0.0,0.0,100.0,0.0,2.0,0.0,1.0,0.0,0.0,0.0,35.1,49.0,0.0,0.0,0.0,0.0,0.0,2.0,0.0,0.0,9.1,2.0,19.0,8.0,0.0,0.0,35.4,36.6,57.0,57,57,0.0,0.0,0.0,6.4652099609375,6.4652099609375,6.4652099609375,256.549,256.549,256.549,57,0.0,6.4652099609375,256.549,5
11775602.866421696,81.33242797851562,91074177.52764188,198542.92048977333,2097151.1601565864,13070330.765741536,13.125,0.0,100.0,7.1,79.2,0.0,0.0,0.0,0.0,38.0,49.0,38.9,67.7,45.7,3.0,0.0,0.0,50.5,50.0,0.0,0.0,0.0,0.0,0.0,0.0,0.0,1.0,1.0,1.0,1.0,0.0,1.0,1.0,2.0,0.0,80.0,0.0,0.0,0.0,0.0,1.0,100.0,0.0,1.0,1.0,0.0,0.0,0.0,0.0,34.4,50.0,0.0,0.0,0.0,0.0,0.0,1.0,0.0,0.0,0.0,1.0,36.7,20.4,0.0,1.0,35.8,39.6,74.0,74,74,0.0,0.0,0.0,6.4652099609375,6.4652099609375,6.4652099609375,263.332,263.332,263.332,74,0.0,6.4652099609375,263.332,5
11775603.869749907,81.3305549621582,90807421.68527709,197894.36567548613,2090195.3874536122,13026979.455789993,13.16875,0.0,100.0,10.1,84.7,0.0,0.0,0.0,0.0,39.0,50.5,75.3,33.0,43.4,0.0,1.0,0.0,48.5,49.5,0.0,0.0,0.0,0.0,0.0,0.0,0.0,0.0,1.0,45.5,0.0,1.0,0.0,0.0,0.0,1.0,78.4,0.0,0.0,0.0,0.0,0.0,100.0,0.0,3.0,4.0,1.0,0.0,0.0,0.0,36.7,48.5,0.0,1.0,0.0,0.0,0.0,0.0,0.0,0.0,0.0,2.0,9.9,0.0,0.0,0.0,36.0,38.8,57.0,57,57,0.0,0.0,0.0,6.4652099609375,6.4652099609375,6.4652099609375,263.134,263.134,263.134,57,0.0,6.4652099609375,263.134,5
11775604.87279355,81.33174514770508,90865776.08323617,197958.485187257,2090788.3880894354,13030675.285924587,13.1296875,0.0,100.0,7.8,78.6,2.9,0.0,0.0,0.0,38.5,49.0,46.9,63.3,43.4,0.0,0.0,0.0,50.0,50.0,0.0,0.0,0.0,1.0,0.0,1.0,0.0,1.0,12.6,27.5,2.0,0.0,0.0,0.0,1.9,1.0,79.0,1.0,1.0,0.0,0.0,0.0,100.0,0.0,0.0,0.0,0.0,0.0,0.0,0.0,36.0,49.5,0.0,0.0,0.0,0.0,0.0,0.0,0.0,0.0,20.6,0.0,0.0,0.0,0.0,0.0,35.4,39.4,61.0,61,61,0.0,0.0,0.0,6.4652099609375,6.4652099609375,6.4652099609375,249.585,249.585,249.585,61,0.0,6.4652099609375,249.585,5
11775605.867529554,81.32988739013672,91657507.6969868,199611.75535783957,2108249.8172964677,13139502.27928326,13.121875,0.0,100.0,4.0,76.8,2.0,0.0,0.0,0.0,38.8,50.5,55.2,35.4,66.3,1.0,0.0,0.0,49.5,48.5,0.0,0.0,0.0,0.0,0.0,3.0,1.0,0.0,0.0,0.0,1.0,21.2,28.6,3.0,1.0,1.0,85.4,1.0,1.0,0.0,0.0,0.0,100.0,0.0,2.0,1.0,1.0,0.0,0.0,0.0,33.0,47.4,0.0,0.0,0.0,0.0,0.0,0.0,1.0,0.0,7.1,0.0,0.0,0.0,0.0,0.0,35.1,37.0,58.0,58,58,0.0,0.0,0.0,6.4652099609375,6.4652099609375,6.4652099609375,258.501,258.501,258.501,58,0.0,6.4652099609375,258.501,5
11775606.867819713,81.33114242553711,91181260.92410569,198515.3989433486,2096543.6687003844,13066544.622701028,13.40625,0.0,100.0,3.1,81.2,0.0,0.0,0.0,0.0,39.8,51.0,48.4,34.4,75.8,0.0,0.0,0.0,52.0,53.0,0.0,0.0,0.0,0.0,0.0,17.0,1.0,0.0,0.0,4.0,1.0,27.6,22.7,0.0,1.0,0.0,77.3,2.0,0.0,0.0,0.0,1.0,100.0,0.0,2.0,0.0,0.0,0.0,0.0,0.0,36.1,51.0,0.0,0.0,0.0,0.0,0.0,1.0,0.0,0.0,0.0,0.0,1.0,0.0,0.0,0.0,35.4,38.2,60.0,60,60,0.0,0.0,0.0,6.4652099609375,6.4652099609375,6.4652099609375,261.501,261.501,261.501,60,0.0,6.4652099609375,261.501,5
11775607.867014373,81.3272476196289,91313947.83933948,198740.05345521888,2098842.2831288106,13080870.557546942,13.1015625,0.0,100.0,3.0,81.6,2.0,0.0,0.0,0.0,38.8,49.5,60.4,42.7,51.6,0.0,0.0,0.0,49.0,50.5,0.0,0.0,0.0,0.0,0.0,0.0,0.0,0.0,1.0,0.0,0.0,53.5,0.0,1.0,1.0,1.0,85.6,1.0,0.0,0.0,0.0,0.0,100.0,0.0,2.0,2.0,1.0,0.0,0.0,0.0,33.0,49.0,0.0,0.0,0.0,0.0,0.0,0.0,0.0,2.0,1.0,1.0,0.0,0.0,0.0,0.0,35.7,38.6,55.0,55,55,0.0,0.0,0.0,6.4652099609375,6.4652099609375,6.4652099609375,254.067,254.067,254.067,55,0.0,6.4652099609375,254.067,5
11775608.86406342,81.33041381835938,91548738.05246742,199177.7642847202,2103358.9139696336,13109020.106400587,13.1390625,0.0,100.0,17.8,78.4,2.0,2.0,4.0,0.0,39.4,50.5,55.1,47.4,40.2,0.0,0.0,0.0,49.5,48.5,0.0,0.0,0.0,0.0,0.0,0.0,0.0,0.0,0.0,0.0,1.0,12.1,0.0,0.0,1.0,1.0,78.6,0.0,35.7,9.0,2.0,1.0,100.0,0.0,0.0,3.0,1.0,0.0,0.0,0.0,33.7,50.5,0.0,0.0,0.0,1.0,1.0,0.0,0.0,0.0,1.0,0.0,0.0,0.0,0.0,0.0,34.7,38.8,58.0,58,58,0.0,0.0,0.0,6.4652099609375,6.4652099609375,6.4652099609375,260.934,260.934,260.934,58,0.0,6.4652099609375,260.934,5
11775609.880734185,81.33155059814453,89814004.80035976,195340.52396068387,2062764.1429890487,12856016.367730575,13.13125,0.0,100.0,33.0,78.8,57.7,0.9,3.8,0.0,39.1,50.0,28.8,35.0,0.0,0.0,0.0,0.0,49.0,51.4,0.0,0.0,0.0,0.0,0.0,0.0,0.0,0.9,0.9,0.9,0.9,0.9,0.0,0.0,0.0,0.0,79.6,0.0,18.9,35.5,0.0,0.9,100.0,0.0,0.0,0.0,0.0,0.0,0.0,0.0,34.6,49.5,0.0,0.0,0.0,1.9,0.0,0.9,0.9,1.9,2.8,6.6,0.9,0.0,0.0,0.0,35.0,38.5,49.0,49,49,0.0,0.0,0.0,6.4652099609375,6.4652099609375,6.4652099609375,241.692,241.692,241.692,49,0.0,6.4652099609375,241.692,5
11775610.880822005,81.3293228149414,91335935.87870519,198579.56074426702,2096967.8442975525,13069188.26397166,13.35625,0.0,100.0,38.0,77.6,54.1,2.0,4.9,0.0,39.6,49.5,19.0,51.0,12.0,0.0,0.0,0.0,49.5,51.0,0.0,0.0,0.0,0.0,0.0,0.0,0.0,1.0,9.9,0.0,0.0,1.0,1.0,1.0,1.0,1.9,84.5,0.0,32.0,3.0,0.0,0.0,100.0,0.0,2.9,0.0,0.0,0.0,0.0,0.0,34.4,50.0,2.9,0.0,0.0,2.0,0.0,1.0,0.0,0.0,0.0,0.0,1.0,0.0,0.0,0.0,37.6,38.5,46.0,46,46,0.0,0.0,0.0,6.4652099609375,6.4652099609375,6.4652099609375,232.378,232.378,232.378,46,0.0,6.4652099609375,232.378,5
11775611.880363204,81.33241653442383,91418582.9523816,198695.16157165327,2098114.617431249,13076335.437935773,13.515625,0.0,100.0,55.2,85.7,40.2,2.0,6.0,1.0,37.6,50.5,7.1,15.5,43.6,0.0,0.0,0.0,50.5,49.0,0.0,0.0,0.0,0.0,0.0,16.3,1.0,0.0,50.0,1.0,1.0,1.0,0.0,2.0,0.0,1.0,79.6,0.0,1.0,0.0,0.0,0.0,100.0,0.0,1.0,0.0,1.0,1.0,0.0,0.0,34.4,50.5,0.0,0.0,0.0,0.0,0.0,0.0,0.0,1.0,3.0,2.0,0.0,0.0,0.0,0.0,35.7,37.6,45.0,45,45,0.0,0.0,0.0,6.4652099609375,6.4652099609375,6.4652099609375,242.967,242.967,242.967,45,0.0,6.4652099609375,242.967,5
11775612.880477132,81.32904052734375,91398896.04345581,198590.37485863597,2096913.1014361505,13068847.083364759,13.0390625,0.0,100.0,44.2,76.8,48.4,15.3,6.1,1.0,39.6,49.0,0.0,18.1,48.4,0.0,0.0,0.0,49.5,50.0,0.0,0.0,0.0,0.0,0.0,0.0,0.0,0.0,0.0,2.0,0.0,0.0,1.0,0.0,1.0,0.0,76.6,1.0,0.0,0.0,0.0,0.0,100.0,0.0,1.0,3.1,0.0,0.0,0.0,0.0,35.1,51.5,0.0,1.0,1.0,0.0,0.0,0.0,0.0,0.0,40.6,0.0,0.0,0.0,0.0,0.0,35.1,38.1,57.0,57,57,0.0,0.0,0.0,6.4652099609375,6.4652099609375,6.4652099609375,246.161,246.161,246.161,57,0.0,6.4652099609375,246.161,5
11775613.881202312,81.3305435180664,91375711.16993731,198475.06986656596,2095632.2895634787,13060864.523431757,13.0578125,0.0,100.0,51.5,78.6,35.4,4.9,3.9,0.0,38.1,50.0,1.9,17.0,50.5,0.0,0.0,0.0,49.5,48.5,0.0,0.0,0.0,0.0,0.0,0.0,0.0,0.0,1.0,0.0,0.0,0.0,1.0,0.0,9.8,1.0,81.0,0.0,1.0,0.0,0.0,0.0,100.0,0.0,1.0,0.0,0.0,0.0,0.0,0.0,35.6,49.0,1.0,1.0,1.0,1.0,1.0,0.0,0.0,0.0,46.1,1.0,0.0,0.0,0.0,0.0,36.3,37.1,46.0,46,46,0.0,0.0,0.0,6.4652099609375,6.4652099609375,6.4652099609375,231.418,231.418,231.418,46,0.0,6.4652099609375,231.418,5
11775614.87890161,81.33196640014648,91685576.1917637,199077.01689798394,2101988.048180893,13100476.292471154,13.3,0.0,100.0,46.9,84.8,41.2,5.1,4.0,0.0,39.0,49.0,1.0,31.6,36.5,0.0,0.0,0.0,50.5,49.0,0.0,0.0,0.0,0.0,0.0,0.0,0.0,0.0,0.0,23.8,0.0,1.0,0.0,1.0,7.9,1.0,83.5,3.9,0.0,1.0,0.0,0.0,100.0,0.0,0.0,0.0,0.0,0.0,0.0,0.0,33.0,49.5,0.0,0.0,2.0,26.3,3.0,1.0,0.0,0.0,2.0,0.0,1.0,0.0,0.0,0.0,34.4,37.3,45.0,45,45,0.0,0.0,0.0,6.4652099609375,6.4652099609375,6.4652099609375,230.537,230.537,230.537,45,0.0,6.4652099609375,230.537,5
11775615.865987886,81.33300399780273,92704461.87196513,201224.55849240255,2124588.348410878,13241330.898006076,13.0765625,0.0,100.0,55.8,77.9,34.7,2.0,5.2,0.0,39.2,49.5,0.0,47.8,18.9,0.0,0.0,0.0,50.5,50.5,0.0,0.0,0.0,0.0,0.0,0.0,0.0,2.0,2.0,0.0,0.0,0.0,1.0,1.0,0.0,0.0,77.7,0.0,1.0,0.0,0.0,0.0,100.0,0.0,1.0,0.0,1.0,0.0,0.0,0.0,35.4,50.0,0.0,0.0,0.0,13.1,43.3,1.0,2.0,0.0,0.0,0.0,1.0,0.0,0.0,0.0,35.4,37.0,51.0,51,51,0.0,0.0,0.0,6.4652099609375,6.4652099609375,6.4652099609375,235.478,235.478,235.478,51,0.0,6.4652099609375,235.478,5
11775616.88171474,81.3315544128418,90128018.71599059,195564.38723397785,2064681.0602925448,12867963.40506545,13.4265625,0.0,100.0,11.9,77.8,7.1,54.5,20.6,12.9,39.0,50.5,1.0,38.3,29.7,0.0,0.0,0.0,51.0,51.5,0.0,0.0,0.0,0.0,0.0,6.9,0.0,0.0,0.0,1.0,0.0,1.0,1.9,0.0,1.0,1.0,85.9,0.0,0.0,0.0,0.0,0.0,100.0,0.0,1.0,0.0,0.0,0.0,0.0,0.0,34.7,49.0,0.0,0.0,0.0,49.5,6.0,0.0,0.0,0.0,2.0,1.0,0.0,0.0,0.0,0.0,34.3,37.3,53.0,53,53,0.0,0.0,0.0,6.4652099609375,6.4652099609375,6.4652099609375,240.338,240.338,240.338,53,0.0,6.4652099609375,240.338,5
11775617.883375892,81.32769393920898,91426236.15717658,198310.57605984807,2093674.0898361986,13048660.19661584,13.4171875,0.0,100.0,4.9,78.4,0.0,51.0,27.6,13.1,37.5,49.5,3.0,32.7,35.8,2.9,0.0,0.0,49.5,49.0,0.0,0.0,0.0,0.0,0.0,9.9,0.0,0.0,1.0,1.0,1.0,0.0,0.0,1.0,0.0,1.0,78.6,1.0,1.0,2.0,0.0,0.0,100.0,0.0,0.0,0.0,0.0,0.0,0.0,0.0,35.1,49.5,0.0,0.0,1.0,11.9,37.0,14.0,0.0,0.0,2.0,1.0,1.0,0.0,0.0,0.0,35.6,38.2,49.0,49,49,0.0,0.0,0.0,6.4652099609375,6.4652099609375,6.4652099609375,230.557,230.557,230.557,49,0.0,6.4652099609375,230.557,5
11775618.88178767,81.33152389526367,91756505.66785693,198963.99892855887,2100488.0405593063,13091127.612157708,13.3046875,0.0,100.0,41.1,84.8,4.0,18.4,28.6,5.1,40.4,50.0,9.2,25.0,31.6,0.0,0.0,0.0,51.0,51.5,0.0,0.0,0.0,0.0,0.0,0.0,0.0,0.0,0.0,1.0,1.0,0.0,0.0,2.0,0.0,0.0,78.4,0.0,2.0,0.0,0.0,0.0,100.0,0.0,1.0,0.0,1.0,0.0,0.0,0.0,35.1,51.5,0.0,0.0,0.0,0.0,0.0,58.3,2.0,0.0,0.0,0.0,0.0,1.0,0.0,0.0,36.7,39.8,47.0,47,47,0.0,0.0,0.0,6.4652099609375,6.4652099609375,6.4652099609375,246.073,246.073,246.073,47,0.0,6.4652099609375,246.073,5
11775619.879706277,81.33264923095703,91834588.98045525,199071.3459439494,2101526.1042351658,13097597.262918778,13.275,0.0,94.8,57.4,77.2,4.1,33.0,5.2,0.0,38.4,51.0,34.1,34.8,2.1,1.0,0.0,0.0,50.5,50.0,0.0,0.0,0.0,0.0,0.0,0.0,0.0,0.0,0.0,1.0,0.0,1.0,1.0,1.0,1.0,0.0,83.0,3.1,0.0,0.0,0.0,0.0,94.8,0.0,6.2,0.0,0.0,0.0,0.0,0.0,36.5,49.0,1.0,0.0,0.0,0.0,38.5,16.5,1.0,1.0,0.0,0.0,0.0,0.0,0.0,0.0,36.2,39.0,56.0,56,56,0.0,0.0,0.0,6.4652099609375,6.4652099609375,6.4652099609375,243.748,243.748,243.748,56,0.0,6.4652099609375,243.748,5
11775620.871351898,81.34307479858398,92448461.47255124,200337.69702169436,2114820.0075727883,13180450.47688431,15.401562499999999,0.0,100.0,23.9,81.7,3.2,21.3,2.1,6.3,40.4,47.3,40.2,34.8,39.1,0.0,0.0,0.0,50.0,48.4,1.1,0.0,0.0,0.0,0.0,0.0,0.0,0.0,1.1,0.0,0.0,1.1,0.0,1.1,0.0,2.1,79.1,0.0,1.0,0.0,0.0,0.0,23.2,23.2,100.0,23.2,23.2,23.2,22.9,0.0,34.8,50.5,0.0,0.0,0.0,0.0,57.3,0.0,0.0,0.0,0.0,1.0,1.1,0.0,1.0,0.0,36.6,39.2,58.0,58,58,0.0,0.0,0.0,6.4652099609375,6.4652099609375,6.4652099609375,235.846,235.846,235.846,58,0.0,6.4652099609375,235.846,5
11775621.880489048,81.34341812133789,90883824.86867161,196867.1949294977,2078163.5085056624,12951991.71023744,12.94375,0.0,100.0,8.5,77.1,2.8,37.3,21.7,9.2,37.5,49.1,0.9,51.9,38.1,0.0,0.0,0.0,49.1,49.1,0.0,0.0,0.0,0.0,0.0,0.0,0.0,0.0,1.8,0.9,0.0,0.9,0.9,0.9,1.8,0.0,79.0,0.9,0.0,0.0,0.0,0.0,0.0,0.0,100.0,1.8,0.0,0.0,0.0,0.0,33.3,48.1,0.0,0.0,0.0,0.0,54.2,0.0,0.0,0.0,0.9,0.0,0.0,0.0,0.0,0.0,34.9,35.8,47.0,47,47,0.0,0.0,0.0,6.4652099609375,6.4652099609375,6.4652099609375,246.422,246.422,246.422,47,0.0,6.4652099609375,246.422,5
11775622.884835972,81.34292984008789,91349796.3865867,197813.1214142703,2088075.2955871194,13013766.148864254,13.8796875,0.0,100.0,36.2,83.3,32.0,1.0,9.1,1.0,39.4,50.0,0.0,60.8,27.8,4.0,0.0,0.0,49.5,49.5,0.0,0.0,0.0,0.0,0.0,17.0,0.0,1.0,1.0,1.0,0.0,1.0,3.0,2.0,0.0,1.0,86.5,1.0,0.0,0.0,0.0,0.0,0.0,0.0,100.0,2.0,4.0,0.0,0.0,0.0,35.1,50.5,0.0,0.0,0.0,0.0,55.7,2.0,0.0,0.0,5.0,1.0,0.0,0.0,0.0,0.0,35.7,39.2,48.0,48,48,0.0,0.0,0.0,6.4652099609375,6.4652099609375,6.4652099609375,245.889,245.889,245.889,48,0.0,6.4652099609375,245.889,5
11775623.880971717,81.3515739440918,92135565.30069107,199450.728435211,2105287.3668177957,13121039.038116377,13.00625,0.0,100.0,50.0,77.7,18.7,0.0,4.1,0.0,39.2,49.5,0.0,30.5,59.4,0.0,0.0,0.0,50.0,49.5,0.0,0.0,0.0,0.0,0.0,0.0,0.0,0.0,1.0,1.0,0.0,1.0,0.0,2.1,1.0,1.0,77.1,0.0,1.0,0.0,0.0,0.0,0.0,0.0,100.0,2.0,0.0,2.0,0.0,0.0,34.7,49.5,10.3,0.0,0.0,0.0,44.4,1.0,1.0,0.0,0.0,1.0,0.0,0.0,0.0,0.0,34.7,38.0,55.0,55,55,0.0,0.0,0.0,6.4652099609375,6.4652099609375,6.4652099609375,245.522,245.522,245.522,55,0.0,6.4652099609375,245.522,5
11775624.882143676,81.34347534179688,91704698.801168,198455.41827450774,2094697.0997001354,13055036.02567018,13.214062499999999,0.0,100.0,28.3,79.8,40.6,2.9,5.8,0.0,37.5,50.0,0.0,23.2,64.2,1.0,0.0,0.0,49.5,50.5,0.0,0.0,0.0,0.0,0.0,0.0,0.0,1.0,1.0,1.0,1.0,1.0,0.0,0.0,1.0,1.0,79.6,0.0,0.0,4.0,0.0,0.0,0.0,0.0,100.0,0.0,0.0,1.0,0.0,0.0,36.0,49.5,56.3,0.0,0.0,0.0,0.0,0.0,0.0,0.0,1.0,1.0,0.0,1.9,0.0,0.0,36.3,38.8,51.0,51,51,0.0,0.0,0.0,6.4652099609375,6.4652099609375,6.4652099609375,229.462,229.462,229.462,51,0.0,6.4652099609375,229.462,5
11775625.880426925,81.34397888183594,92002754.87712477,199029.68453041444,2100758.480493677,13092813.107920554,13.2796875,0.0,100.0,21.6,83.7,48.4,0.0,5.0,0.0,38.7,50.5,1.0,38.5,51.5,0.0,0.0,0.0,52.0,46.9,0.0,0.0,0.0,0.0,0.0,0.0,0.0,0.0,1.0,1.0,0.0,1.0,1.0,0.0,0.0,0.0,84.7,2.0,2.0,1.0,0.0,0.0,0.0,0.0,100.0,0.0,1.0,0.0,0.0,0.0,33.0,49.5,17.2,6.1,0.0,0.0,0.0,37.8,0.0,0.0,2.0,0.0,0.0,0.0,0.0,0.0,33.3,38.5,49.0,49,49,0.0,0.0,0.0,6.4652099609375,6.4652099609375,6.4652099609375,242.424,242.424,242.424,49,0.0,6.4652099609375,242.424,5
11775626.861251494,81.34062576293945,93676458.44268991,202583.62833826698,2138151.9853489613,13330041.283659931,13.2640625,0.0,100.0,11.2,77.4,62.0,1.0,5.2,1.0,37.4,49.0,2.0,48.4,40.6,0.0,0.0,0.0,52.5,52.0,1.0,0.0,0.0,0.0,0.0,1.0,0.0,34.4,1.0,0.0,1.0,1.0,0.0,1.0,1.0,1.0,77.7,0.0,1.0,1.0,0.0,0.0,0.0,1.0,100.0,2.1,1.0,1.0,0.0,0.0,34.0,50.0,0.0,0.0,0.0,0.0,0.0,20.6,0.0,1.0,1.0,0.0,2.0,0.0,0.0,0.0,35.4,38.0,55.0,55,55,0.0,0.0,0.0,6.4652099609375,6.4652099609375,6.4652099609375,241.361,241.361,241.361,55,0.0,6.4652099609375,241.361,5
11775627.881349504,81.3392105102539,90104646.89855173,194793.04737080313,2055833.830946789,12816839.039808888,13.6125,0.0,100.0,40.0,79.4,26.8,2.0,9.8,5.0,37.5,50.0,12.0,36.4,40.6,0.0,0.0,0.0,50.0,49.5,32.7,0.0,0.0,0.0,0.0,16.8,0.0,24.5,1.0,1.9,0.0,1.0,0.0,1.0,2.0,1.0,85.7,2.9,2.0,0.0,0.0,1.0,0.0,0.0,100.0,0.0,0.0,0.0,0.0,0.0,35.1,49.0,0.0,0.0,0.0,1.0,0.0,0.0,0.0,0.0,1.0,0.0,0.0,0.0,0.0,0.0,34.7,37.9,65.0,65,65,0.0,0.0,0.0,6.4652099609375,6.4652099609375,6.4652099609375,241.049,241.049,241.049,65,0.0,6.4652099609375,241.049,5
11775628.880181782,81.34146881103516,92055702.4732726,198941.3081514632,2099603.7535917214,13093817.939879622,13.159375,0.0,100.0,15.2,81.8,54.7,2.0,4.0,2.0,40.2,50.0,31.0,27.7,30.3,0.0,0.0,0.0,50.0,50.5,12.9,0.0,1.0,0.0,0.0,0.0,0.0,1.0,0.0,0.0,0.0,0.0,2.0,1.0,0.0,0.0,78.8,21.8,23.0,1.0,1.0,0.0,0.0,0.0,100.0,2.0,0.0,0.0,0.0,0.0,34.7,49.5,0.0,0.0,0.0,0.0,0.0,0.0,0.0,0.0,0.0,0.0,0.0,0.0,0.0,0.0,35.6,37.5,48.0,48,48,0.0,0.0,0.0,6.4652099609375,6.4652099609375,6.4652099609375,231.353,231.353,231.353,48,0.0,6.4652099609375,231.353,5
11775629.880690482,81.33972549438477,91934083.17177834,198614.96465365458,2096085.7221026039,13071878.341159401,13.0921875,0.0,100.0,37.6,80.8,31.6,1.0,4.0,0.0,36.9,50.5,0.0,46.3,41.2,0.0,0.0,0.0,49.5,47.5,0.0,0.0,0.0,0.0,0.0,0.0,0.0,0.0,1.0,1.0,1.0,1.0,2.0,0.0,1.0,2.0,77.9,12.0,12.1,3.0,3.9,1.0,0.0,0.0,100.0,1.0,2.0,0.0,0.0,0.0,35.1,48.0,0.0,0.0,0.0,0.0,0.0,0.0,0.0,0.0,0.0,32.3,1.0,0.0,0.0,0.0,35.1,37.6,45.0,45,45,0.0,0.0,0.0,6.4652099609375,6.4652099609375,6.4652099609375,241.226,241.226,241.226,45,0.0,6.4652099609375,241.226,5
11775630.881420152,81.34069061279297,91946402.3997745,198578.1033667572,2095622.8852815307,13068991.938874858,12.93125,0.0,100.0,41.5,77.4,28.3,0.0,5.1,0.0,37.6,48.5,8.2,55.9,26.0,0.0,0.0,0.0,47.9,50.0,0.0,0.0,0.0,0.0,0.0,0.0,0.0,0.0,0.0,0.0,0.0,0.0,0.0,0.0,0.0,0.0,83.2,1.0,1.0,0.0,0.0,1.0,0.0,0.0,100.0,0.0,2.1,0.0,0.0,0.0,33.3,49.5,0.0,0.0,0.0,0.0,0.0,0.0,0.0,0.0,1.0,0.0,29.9,26.8,0.0,0.0,34.4,38.0,55.0,55,55,0.0,0.0,0.0,6.4652099609375,6.4652099609375,6.4652099609375,245.158,245.158,245.158,55,0.0,6.4652099609375,245.158,5
11775631.881719671,81.33976745605469,92018574.6951575,198671.49412706846,2096524.0513637522,13074611.906258713,12.9609375,0.0,100.0,38.0,81.0,29.6,1.0,3.0,0.0,37.4,48.0,49.0,33.7,7.8,0.0,0.0,0.0,50.0,48.0,0.0,0.0,0.0,0.0,0.0,0.0,0.0,0.0,0.0,1.0,1.0,1.0,1.0,1.9,0.0,0.0,80.0,2.9,2.0,1.0,0.0,0.0,0.0,0.0,100.0,0.0,0.0,1.0,0.0,0.0,34.7,49.5,0.0,0.0,0.0,0.0,0.0,0.0,1.0,1.0,0.0,1.0,0.0,52.5,0.0,0.0,34.3,36.2,48.0,48,48,0.0,0.0,0.0,6.4652099609375,6.4652099609375,6.4652099609375,228.728,228.728,228.728,48,0.0,6.4652099609375,228.728,5
11775632.881543553,81.3406753540039,92100466.61323315,198768.00676032752,2097521.4127167324,13080831.778915092,13.4359375,0.0,100.0,20.4,82.3,46.2,0.0,13.0,0.0,37.3,49.5,29.6,60.0,0.0,0.0,0.0,0.0,48.5,49.0,0.0,0.0,0.0,0.0,0.0,16.2,0.0,0.0,0.0,1.0,0.0,1.0,2.0,9.0,1.0,2.0,78.9,49.0,4.0,2.0,1.0,1.0,0.0,0.0,100.0,1.0,0.0,0.0,0.0,0.0,33.7,50.0,0.0,0.0,0.0,0.0,0.0,0.0,0.0,0.0,0.0,0.0,0.0,0.0,0.0,0.0,34.7,36.6,49.0,49,49,0.0,0.0,0.0,6.4652099609375,6.4652099609375,6.4652099609375,241.93,241.93,241.93,49,0.0,6.4652099609375,241.93,5
11775633.87053674,81.33922576904297,93142087.41130644,200952.8501690673,2120491.8544123247,13224082.990504986,13.2671875,0.0,100.0,42.3,77.3,5.1,24.7,5.1,0.0,39.4,49.5,40.0,38.4,18.2,0.0,0.0,0.0,50.0,51.0,1.0,1.0,1.0,0.0,0.0,0.0,0.0,1.0,1.0,0.0,1.0,2.0,1.0,0.0,0.0,0.0,85.7,47.9,7.2,1.0,1.0,0.0,0.0,0.0,100.0,1.0,0.0,0.0,0.0,0.0,33.3,49.0,0.0,0.0,0.0,0.0,0.0,0.0,0.0,0.0,1.0,0.0,0.0,0.0,0.0,0.0,34.4,37.6,49.0,49,49,0.0,0.0,0.0,6.4652099609375,6.4652099609375,6.4652099609375,240.792,240.792,240.792,49,0.0,6.4652099609375,240.792,5
11775634.88220079,81.34177017211914,91087097.56695911,196465.41760474612,2072972.742900268,12927738.218907336,13.0125,0.0,100.0,43.6,78.4,2.0,22.9,5.9,0.0,37.3,49.5,0.0,38.1,50.5,1.0,0.0,0.0,48.5,49.5,0.0,0.0,0.0,0.0,0.0,0.0,0.0,1.0,0.0,2.0,0.0,0.0,0.0,0.0,1.0,1.0,78.1,44.0,13.1,1.0,0.0,1.0,0.0,0.0,100.0,0.0,1.0,0.0,0.0,0.0,33.7,50.5,0.0,1.0,0.0,0.0,0.0,0.0,0.0,0.0,2.9,2.0,0.0,0.0,0.0,0.0,35.0,37.3,67.0,67,67,0.0,0.0,0.0,6.4652099609375,6.4652099609375,6.4652099609375,244.498,244.498,244.498,67,0.0,6.4652099609375,244.498,5
11775635.88254676,81.3392448425293,92150296.80119489,198688.25990762655,2096426.700150429,13074004.792149061,13.259375,0.0,100.0,38.1,83.7,48.5,38.4,5.9,1.0,38.5,49.0,25.0,25.0,40.8,0.0,1.9,0.0,51.5,50.0,0.0,0.0,0.0,0.0,0.0,0.0,0.0,0.0,1.0,0.0,1.0,1.0,1.0,0.0,1.0,0.0,77.8,3.9,2.9,0.0,0.0,0.0,0.0,0.0,100.0,0.0,0.0,0.0,0.0,0.0,35.7,49.5,0.0,0.0,0.0,0.0,0.0,0.0,0.0,0.0,0.0,0.0,0.0,0.0,0.0,1.0,37.4,38.1,46.0,46,46,0.0,0.0,0.0,6.4652099609375,6.4652099609375,6.4652099609375,228.574,228.574,228.574,46,0.0,6.4652099609375,228.574,5
11775636.88381287,81.34151458740234,92098214.46627727,198514.65846909868,2094500.1309971889,13061990.074753953,13.2453125,0.0,100.0,47.8,79.4,20.4,56.1,1.0,6.1,39.8,50.5,62.1,27.1,0.0,0.0,0.0,0.0,53.1,50.5,0.0,0.0,0.0,0.0,0.0,0.0,0.0,0.0,0.0,1.0,1.0,0.0,0.0,1.0,1.0,2.0,83.2,0.0,2.0,0.0,1.0,0.0,0.0,0.0,100.0,0.0,0.0,0.0,0.0,0.0,37.1,50.5,0.0,0.0,0.0,0.0,0.0,0.0,0.0,0.0,1.0,0.0,0.0,0.0,0.0,0.0,34.4,38.6,44.0,44,44,0.0,0.0,0.0,6.4652099609375,6.4652099609375,6.4652099609375,242.426,242.426,242.426,44,0.0,6.4652099609375,242.426,5
11775637.8829877,81.26247787475586,92329127.26542193,198942.16118820754,2098883.9369556583,13089328.927147299,14.0265625,0.0,100.0,41.8,77.7,43.0,27.1,14.4,2.0,40.0,51.0,58.9,30.5,1.0,0.0,0.0,0.0,50.5,51.5,0.0,0.0,0.0,0.0,0.0,17.3,0.0,0.0,1.0,0.0,0.0,1.0,1.0,0.0,0.0,0.0,80.2,3.1,4.1,0.0,1.0,0.0,5.2,5.2,100.0,15.5,6.2,6.2,5.2,0.0,33.3,50.0,0.0,0.0,0.0,0.0,0.0,0.0,0.0,0.0,0.0,0.0,0.0,0.0,0.0,0.0,35.4,37.4,55.0,55,55,0.0,0.0,0.0,6.4652099609375,6.4652099609375,6.4652099609375,244.88,244.88,244.88,55,0.0,6.4652099609375,244.88,5
11775638.880917596,81.27737045288086,92477022.11843522,199198.3614649597,2101502.329857048,13105658.084440535,14.8484375,0.0,100.0,24.0,82.0,30.7,3.9,23.2,0.0,39.8,49.0,9.1,66.7,13.9,0.0,0.0,0.0,49.5,49.5,0.0,1.9,0.0,0.0,0.0,0.0,0.0,0.0,1.0,1.0,1.0,1.0,0.0,0.0,0.0,0.0,78.8,1.0,26.5,2.9,1.0,0.0,17.5,17.5,100.0,43.7,17.8,18.4,18.4,0.0,35.0,50.5,0.0,0.0,0.0,0.0,0.0,0.0,0.0,0.0,1.0,0.0,0.0,0.0,0.0,0.0,36.0,37.1,49.0,49,49,0.0,0.0,0.0,6.4652099609375,6.4652099609375,6.4652099609375,227.669,227.669,227.669,49,0.0,6.4652099609375,227.669,5
11775639.882219588,81.24364852905273,92198179.64456908,198528.51732276074,2094425.0738753658,13061521.993914146,13.5953125,0.0,100.0,2.0,81.4,15.5,34.7,21.2,0.0,37.6,51.5,0.0,47.4,40.2,0.0,0.0,0.0,50.5,50.5,2.0,0.0,0.0,0.0,0.0,1.0,0.0,1.0,0.0,0.0,1.0,1.0,2.0,0.0,1.0,2.0,86.7,1.0,7.0,1.0,0.0,0.0,0.0,0.0,100.0,50.5,2.0,0.0,0.0,0.0,35.7,50.5,0.0,0.0,0.0,0.0,15.0,0.0,0.0,0.0,1.0,0.0,1.0,0.0,0.0,0.0,37.0,38.2,49.0,49,49,0.0,0.0,0.0,6.4652099609375,6.4652099609375,6.4652099609375,240.556,240.556,240.556,49,0.0,6.4652099609375,240.556,5
11775640.874546248,81.24862670898438,93064983.25097148,200331.20946647154,2113368.5956066567,13179660.011273544,13.090625,0.0,100.0,3.0,78.1,24.0,41.9,5.0,0.0,40.0,50.5,52.5,8.1,30.3,0.0,0.0,0.0,50.0,49.0,0.0,0.0,0.0,0.0,0.0,0.0,0.0,1.0,1.0,1.0,0.0,1.0,0.0,2.0,0.0,0.0,77.9,0.0,2.0,1.0,1.0,0.0,0.0,0.0,100.0,56.9,1.0,2.0,1.0,0.0,34.4,49.5,0.0,0.0,0.0,0.0,0.0,0.0,0.0,0.0,0.0,0.0,0.0,0.0,0.0,0.0,36.1,36.6,48.0,48,48,0.0,0.0,0.0,6.4652099609375,6.4652099609375,6.4652099609375,240.697,240.697,240.697,48,0.0,6.4652099609375,240.697,5
11775641.883843176,81.27436447143555,91532539.60613702,196974.74010202618,2077834.5228737784,12958057.8740937,13.359375,0.0,100.0,4.1,76.6,3.1,68.1,6.1,0.0,37.6,49.0,9.4,14.4,66.0,0.0,0.0,0.0,50.0,50.5,0.0,0.0,0.0,0.0,0.0,0.0,0.0,0.0,0.0,1.0,1.0,1.0,1.0,0.0,1.0,1.0,81.2,2.0,15.5,33.7,0.0,0.0,0.0,0.0,100.0,11.3,3.0,1.0,0.0,0.0,34.4,49.0,0.0,1.0,0.0,0.0,0.0,0.0,0.0,0.0,2.0,1.0,0.0,8.2,0.0,0.0,34.4,36.4,73.0,73,73,0.0,0.0,0.0,6.4652099609375,6.4652099609375,6.4652099609375,244.795,244.795,244.795,73,0.0,6.4652099609375,244.795,5
11775642.882920116,81.340576171875,92501529.45074247,198989.67938972468,2099089.585382332,13090611.418214425,14.046875,0.0,100.0,2.0,86.0,28.6,39.6,3.0,0.0,38.1,49.0,27.0,0.0,60.8,0.0,0.0,0.0,49.0,49.0,0.0,0.0,0.0,0.0,2.9,18.4,1.0,1.0,1.0,6.7,2.0,2.0,2.0,2.9,2.0,1.9,83.0,9.8,29.4,14.9,1.0,0.0,0.0,0.0,100.0,0.0,0.0,0.0,0.0,0.0,35.0,49.0,2.0,1.9,1.9,4.8,1.9,1.0,2.9,2.9,1.0,1.0,0.0,0.0,1.0,0.0,38.0,40.7,48.0,48,48,0.0,0.0,0.0,6.4652099609375,6.4652099609375,6.4652099609375,230.924,230.924,230.924,48,0.0,6.4652099609375,230.924,5
11775643.882015575,81.23320007324219,92537963.42478782,198996.00013302377,2099050.6783708106,13090368.781324215,13.5125,0.0,100.0,5.0,78.1,23.5,43.5,2.0,0.0,40.4,50.0,16.3,36.0,53.0,1.0,0.0,0.0,51.0,50.0,0.0,0.0,0.0,0.0,0.0,0.0,0.0,0.0,1.0,0.0,2.0,1.0,1.0,1.0,2.0,1.0,78.4,2.0,23.0,36.0,1.0,0.0,1.0,0.0,100.0,0.0,0.0,1.0,0.0,0.0,36.1,51.5,0.0,0.0,0.0,0.0,0.0,0.0,0.0,0.0,0.0,0.0,0.0,0.0,0.0,0.0,37.4,38.6,46.0,46,46,0.0,0.0,0.0,6.4652099609375,6.4652099609375,6.4652099609375,245.982,245.982,245.982,46,0.0,6.4652099609375,245.982,5
11775644.884740626,81.20894241333008,92235495.50470157,198286.65860072614,2091452.6832765671,13042985.190824373,13.365625,0.0,100.0,2.1,77.7,43.0,25.5,1.0,0.0,39.6,50.0,5.1,56.8,34.0,1.0,0.0,0.0,51.0,50.0,0.0,2.0,0.0,0.0,0.0,0.0,0.0,1.0,0.0,1.0,0.0,0.0,2.0,0.0,0.0,0.0,85.1,3.1,23.2,34.7,0.0,0.0,0.0,0.0,100.0,0.0,0.0,0.0,0.0,0.0,35.1,51.0,0.0,0.0,0.0,0.0,1.0,0.0,0.0,0.0,1.0,2.0,2.0,0.0,0.0,0.0,35.4,39.0,57.0,57,57,0.0,0.0,0.0,6.4652099609375,6.4652099609375,6.4652099609375,247.081,247.081,247.081,57,0.0,6.4652099609375,247.081,5
11775645.883171273,81.23260498046875,92664819.81705467,199151.53907406976,2100448.3450040664,13099085.089058561,13.04375,0.0,100.0,3.9,78.0,20.2,44.2,0.0,0.0,37.5,49.0,17.6,26.7,49.5,0.0,0.0,0.0,50.0,50.0,0.0,0.0,3.8,0.0,0.0,1.0,0.0,0.0,1.9,1.0,1.0,0.0,0.0,0.0,0.0,0.0,78.8,0.0,12.9,45.6,0.0,0.0,0.0,0.0,100.0,1.0,0.0,0.0,0.0,0.0,36.0,49.5,0.0,0.0,0.0,0.0,1.0,0.0,0.0,0.0,0.0,0.0,0.0,0.0,0.0,0.0,36.6,38.1,50.0,50,50,0.0,0.0,0.0,6.4652099609375,6.4652099609375,6.4652099609375,241.547,241.547,241.547,50,0.0,6.4652099609375,241.547,5
11775646.883478465,81.23100280761719,92523529.5893127,198778.93686714396,2096507.9712774325,13074511.625564145,13.3171875,0.0,100.0,3.0,85.7,44.7,6.1,19.6,0.0,37.9,52.0,0.0,37.5,51.5,0.0,0.0,0.0,50.0,51.0,0.0,0.0,0.0,1.0,0.0,0.0,0.0,1.0,0.0,0.0,1.0,2.0,1.0,1.0,1.0,2.0,78.4,2.0,56.9,2.0,2.9,1.0,0.0,0.0,100.0,1.0,0.0,0.0,0.0,0.0,35.1,51.0,0.0,0.0,0.0,0.0,0.0,0.0,0.0,0.0,0.0,0.0,1.0,0.0,0.0,0.0,34.4,37.6,50.0,50,50,0.0,0.0,0.0,6.4652099609375,6.4652099609375,6.4652099609375,237.637,237.637,237.637,50,0.0,6.4652099609375,237.637,5
11775647.883324184,81.23360061645508,92598809.24013542,198877.68305479316,2097475.600706702,13080546.080188476,13.1609375,0.0,100.0,5.5,75.8,17.6,10.8,16.5,2.2,36.8,51.1,48.9,29.5,37.5,0.0,0.0,0.0,51.6,49.5,0.0,0.0,0.0,0.0,0.0,0.0,0.0,0.0,1.1,2.1,1.1,0.0,0.0,0.0,0.0,0.0,84.4,1.1,47.3,1.1,0.0,0.0,0.0,0.0,100.0,9.7,2.2,1.1,0.0,0.0,32.6,49.0,0.0,0.0,0.0,0.0,0.0,0.0,0.0,0.0,2.2,0.0,0.0,0.0,0.0,0.0,35.5,38.5,55.0,55,55,0.0,0.0,0.0,6.4652099609375,6.4652099609375,6.4652099609375,243.41,243.41,243.41,55,0.0,6.4652099609375,243.41,5
11775648.8726021,81.23116302490234,93623665.80644055,201011.25960457753,2119881.5479656584,13220276.919246772,13.75625,0.0,100.0,4.1,82.8,2.0,10.3,1.0,0.0,40.0,51.5,48.4,67.0,38.9,0.0,0.0,0.0,53.1,54.5,0.0,1.0,1.0,0.0,0.0,17.5,0.0,0.0,1.0,0.0,1.0,1.0,1.0,0.0,1.0,1.0,77.7,0.0,1.0,0.0,0.0,0.0,0.0,0.0,100.0,16.7,0.0,0.0,0.0,0.0,35.8,50.5,0.0,0.0,0.0,0.0,0.0,0.0,0.0,0.0,9.2,1.1,34.7,1.0,0.0,0.0,36.2,37.4,58.0,58,58,0.0,0.0,0.0,6.4652099609375,6.4652099609375,6.4652099609375,259.195,259.195,259.195,58,0.0,6.4652099609375,259.195,5
11775649.87159182,81.2338638305664,92748829.29676789,199066.11253257198,2099272.853593686,13091754.33891531,13.34375,0.0,100.0,3.0,80.2,0.0,9.1,1.0,0.0,37.6,50.5,58.5,42.7,48.9,0.0,0.0,0.0,52.9,49.5,0.0,0.0,0.0,0.0,0.0,0.0,0.0,0.0,0.0,2.0,1.0,0.0,1.0,1.0,0.0,1.0,81.4,1.0,0.0,0.0,0.0,0.0,0.0,0.0,100.0,7.1,1.0,0.0,1.0,0.0,34.4,50.5,0.0,0.0,0.0,0.0,0.0,1.0,0.0,0.0,2.0,1.0,56.1,3.0,0.0,0.0,34.0,40.6,59.0,59,59,0.0,0.0,0.0,6.4652099609375,6.4652099609375,6.4652099609375,265.031,265.031,265.031,59,0.0,6.4652099609375,265.031,5
11775650.883683313,81.23153305053711,91580356.73615398,196498.04521577174,2072097.2501199057,12922278.358657928,13.2875,0.0,100.0,5.5,80.2,15.6,40.0,5.5,0.9,38.9,49.1,21.1,0.9,69.2,0.9,0.0,0.0,50.9,51.3,0.9,2.7,0.0,0.9,0.0,0.0,0.0,0.9,0.9,1.8,0.0,0.9,1.8,0.9,0.9,0.0,84.0,0.9,0.9,0.0,0.0,0.0,0.9,0.0,100.0,0.9,0.0,0.0,0.9,0.0,36.1,52.3,0.0,0.0,0.9,0.0,0.0,0.0,0.0,0.0,20.0,0.9,36.4,0.0,0.0,0.0,36.7,36.0,49.0,49,49,0.0,0.0,0.0,6.4652099609375,6.4652099609375,6.4652099609375,233.317,233.317,233.317,49,0.0,6.4652099609375,233.317,5
11775651.88372454,81.23316955566406,92716441.50623022,198866.80116173456,2097065.5426269462,13077988.823452812,13.2765625,0.0,100.0,2.0,77.6,2.0,46.9,25.8,0.0,39.4,51.5,38.8,0.0,51.0,2.9,0.0,0.0,51.0,50.5,0.0,0.0,1.0,0.0,0.0,0.0,0.0,0.0,1.0,3.0,0.0,0.0,0.0,1.0,2.0,1.0,77.3,2.0,2.0,1.0,0.0,0.0,0.0,0.0,100.0,0.0,0.0,0.0,0.0,0.0,35.1,52.0,0.0,0.0,0.0,0.0,0.0,0.0,0.0,0.0,15.0,0.0,42.7,0.0,0.0,0.0,35.7,38.5,48.0,48,48,0.0,0.0,0.0,6.4652099609375,6.4652099609375,6.4652099609375,241.472,241.472,241.472,48,0.0,6.4652099609375,241.472,5
11775652.878514536,81.24661254882812,93238608.59336708,199923.60292023455,2108135.395417261,13147024.057748662,13.2296875,0.0,100.0,4.0,78.1,0.0,32.3,35.2,3.0,39.8,51.5,34.7,2.0,53.7,0.0,0.0,0.0,50.5,50.0,0.0,0.0,0.0,0.0,0.0,0.0,0.0,1.0,1.0,0.0,2.0,1.0,1.0,1.0,0.0,1.0,79.4,2.0,2.0,1.0,0.0,0.0,0.0,0.0,100.0,0.0,0.0,0.0,0.0,0.0,35.4,50.5,12.2,0.0,31.4,0.0,0.0,0.0,0.0,0.0,4.0,0.0,13.0,0.0,0.0,0.0,35.7,37.3,47.0,47,47,0.0,0.0,0.0,6.4652099609375,6.4652099609375,6.4652099609375,238.488,238.488,238.488,47,0.0,6.4652099609375,238.488,5
11775653.88386006,81.25272369384766,92294787.06000528,197835.46589613182,2086001.2316924408,13008988.14998821,13.7578125,0.0,100.0,2.1,85.4,1.0,61.4,10.9,8.2,37.4,51.0,43.6,17.5,30.5,2.1,1.0,0.0,50.0,51.0,0.0,0.0,0.0,0.0,0.0,16.5,0.0,0.0,1.0,1.0,0.0,1.0,2.0,1.0,1.0,1.0,84.4,1.0,0.0,0.0,0.0,0.0,0.0,0.0,100.0,0.0,0.0,0.0,0.0,0.0,35.8,49.0,24.8,0.0,32.7,1.0,0.0,0.0,0.0,0.0,0.0,0.0,0.0,1.0,0.0,0.0,35.8,37.4,71.0,71,71,0.0,0.0,0.0,6.4652099609375,6.4652099609375,6.4652099609375,244.577,244.577,244.577,71,0.0,6.4652099609375,244.577,5
11775654.88458837,81.23196029663086,92755920.84094512,198750.24800471574,2095625.7326910463,13069009.696254903,13.1640625,0.0,100.0,3.9,78.6,0.0,39.6,7.0,27.0,39.0,50.0,40.4,27.0,23.8,0.0,0.0,0.0,51.0,50.0,0.0,0.0,1.0,0.0,0.0,0.0,0.0,0.0,0.0,1.0,0.0,1.0,0.0,0.0,1.0,0.0,78.6,0.0,1.0,0.0,0.0,0.0,0.0,0.0,100.0,0.0,0.0,0.0,0.0,0.0,34.7,51.9,53.1,1.0,2.9,0.0,0.0,0.0,0.0,0.0,1.0,0.0,0.0,1.9,1.0,0.0,35.6,38.5,47.0,47,47,0.0,0.0,0.0,6.4652099609375,6.4652099609375,6.4652099609375,232.265,232.265,232.265,47,0.0,6.4652099609375,232.265,5
11775655.882598229,81.23323822021484,93041240.21914099,199302.64042528672,2101333.9515810027,13104608.022261996,13.1890625,0.0,100.0,2.0,77.1,3.0,16.2,4.0,50.0,38.8,50.5,26.8,58.8,3.0,0.0,0.0,0.0,52.4,51.0,0.0,0.0,0.0,0.0,0.0,0.0,0.0,0.0,1.0,0.0,0.0,1.0,0.0,1.0,2.0,0.0,78.6,1.0,1.0,0.0,0.0,0.0,0.0,0.0,100.0,1.0,1.0,0.0,0.0,0.0,35.7,51.0,41.2,1.0,13.0,4.0,0.0,0.0,0.0,0.0,2.0,0.0,0.0,0.0,0.0,1.0,36.4,37.6,47.0,47,47,0.0,0.0,0.0,6.4652099609375,6.4652099609375,6.4652099609375,245.458,245.458,245.458,47,0.0,6.4652099609375,245.458,5
11775656.882745696,81.23430252075195,92874977.9611277,198888.67038915423,2096842.7838805716,13076599.626817705,13.425,0.0,100.0,3.1,83.2,1.0,17.9,4.1,50.0,39.0,50.0,24.2,61.3,3.1,0.0,0.0,0.0,51.0,52.5,0.0,0.0,0.0,0.0,0.0,0.0,0.0,1.0,1.0,1.0,0.0,0.0,0.0,1.0,1.0,2.0,86.2,3.1,0.0,4.1,0.0,1.0,0.0,0.0,100.0,0.0,0.0,0.0,0.0,0.0,34.7,50.5,54.7,0.0,0.0,0.0,0.0,0.0,0.0,0.0,2.1,1.0,0.0,0.0,0.0,0.0,35.8,38.6,54.0,54,54,0.0,0.0,0.0,6.4652099609375,6.4652099609375,6.4652099609375,240.888,240.888,240.888,54,0.0,6.4652099609375,240.888,5
11775657.884997468,81.23892211914062,92712501.56545515,198478.07259184294,2092440.3010789424,13049144.299502077,13.2828125,0.0,100.0,3.9,80.8,1.0,17.0,4.9,49.0,38.5,52.9,0.0,38.4,50.0,0.0,0.0,0.0,50.0,50.0,0.0,0.0,0.0,0.0,0.0,0.0,0.0,0.0,1.0,0.0,0.0,0.0,1.0,1.0,1.0,0.0,78.8,0.0,1.0,1.0,0.0,0.0,0.0,0.0,100.0,1.0,1.0,0.0,0.0,0.0,36.0,50.5,39.8,6.9,0.0,18.6,0.0,0.0,0.0,0.0,0.0,0.0,0.0,0.0,0.0,0.0,37.6,37.5,50.0,50,50,0.0,0.0,0.0,6.4652099609375,6.4652099609375,6.4652099609375,234.025,234.025,234.025,50,0.0,6.4652099609375,234.025,5
11775658.886105347,81.232421875,92851033.2916644,198705.85795616725,2094831.1805620787,13068146.07561578,13.7859375,0.0,100.0,25.8,77.6,4.0,9.0,1.0,40.4,38.8,52.0,3.0,48.5,37.4,0.0,0.0,0.0,53.4,52.5,0.0,0.0,0.0,0.0,0.0,17.6,0.0,0.0,1.0,1.0,0.0,1.0,1.0,1.0,1.0,1.0,80.8,2.9,15.0,0.0,0.0,0.0,0.0,0.0,100.0,2.0,0.0,0.0,0.0,0.0,33.3,51.0,4.0,2.0,0.0,52.0,0.0,0.0,0.0,1.0,0.0,0.0,0.0,0.0,0.0,0.0,33.7,36.6,49.0,49,49,0.0,0.0,0.0,6.4652099609375,6.4652099609375,6.4652099609375,242.255,242.255,242.255,49,0.0,6.4652099609375,242.255,5
11775659.886284787,81.2367172241211,92975332.52649814,198899.30955103616,2096775.7550133187,13080276.87795418,13.596875,0.0,100.0,17.3,78.4,2.0,12.1,2.0,54.9,38.2,50.5,20.2,70.8,0.0,0.0,0.0,0.0,47.9,51.0,0.0,0.0,0.0,0.0,0.0,0.0,1.0,1.0,0.0,1.0,0.0,0.0,1.0,0.0,2.0,1.0,82.5,2.0,5.0,0.0,1.0,1.0,0.0,0.0,100.0,2.0,0.0,0.0,0.0,0.0,35.4,51.0,20.8,0.0,0.0,37.0,0.0,0.0,0.0,0.0,2.0,0.0,1.0,0.0,0.0,0.0,37.4,39.8,47.0,47,47,0.0,0.0,0.0,6.4652099609375,6.4652099609375,6.4652099609375,237.395,237.395,237.395,47,0.0,6.4652099609375,237.395,5
11775661.036480848,81.23530578613281,80877221.01609741,172964.4247841491,1823299.5851320622,11374255.615062123,13.05,0.0,100.0,15.0,80.2,25.7,4.3,1.7,20.4,38.3,49.1,55.4,33.9,0.0,0.0,0.0,0.0,52.1,50.4,0.0,0.0,0.0,0.0,0.0,0.0,0.0,0.0,0.9,0.9,0.9,0.9,0.0,0.9,1.7,0.9,81.1,0.9,0.9,0.9,0.9,0.0,0.0,0.0,100.0,0.0,0.0,0.0,0.0,0.0,36.6,51.7,54.4,0.0,0.0,0.0,0.0,0.0,0.0,0.0,0.9,0.9,0.0,0.0,0.0,0.0,34.8,37.6,62.0,62,62,0.0,0.0,0.0,6.4652099609375,6.4652099609375,6.4652099609375,213.695,213.695,213.695,62,0.0,6.4652099609375,213.695,5
11775662.036731878,81.23189163208008,93033942.63826601,198894.07151195456,2096625.68290292,13079340.685921732,13.2859375,0.0,100.0,4.0,81.4,23.5,6.1,0.0,45.7,38.2,50.0,17.3,56.8,14.3,0.0,0.0,0.0,50.0,51.5,0.0,0.0,0.0,0.0,0.0,0.0,0.0,1.0,0.0,0.0,2.0,0.0,1.0,1.0,0.0,0.0,77.3,2.0,1.0,1.0,0.0,0.0,0.0,0.0,100.0,0.0,0.0,0.0,1.0,0.0,36.7,51.5,18.0,0.0,0.0,40.4,1.0,0.0,0.0,0.0,2.0,0.0,0.0,1.0,0.0,0.0,35.4,38.2,66.0,66,66,0.0,0.0,0.0,6.4652099609375,6.4652099609375,6.4652099609375,228.9,228.9,228.9,66,0.0,6.4652099609375,228.9,5
11775663.037233507,81.23499298095703,93043294.78832218,198852.24995164113,2096100.5352576706,13076064.66721289,13.15625,0.0,100.0,3.0,81.4,32.6,6.0,0.0,32.6,38.8,50.5,0.0,36.7,54.1,0.0,0.0,0.0,49.0,50.0,0.0,0.0,0.0,0.0,0.0,0.0,0.0,0.0,0.0,1.0,0.0,1.0,1.0,1.0,1.0,1.0,80.4,0.0,0.0,0.0,0.0,0.0,0.0,0.0,100.0,0.0,0.0,0.0,0.0,0.0,34.7,50.0,55.4,0.0,0.0,2.0,2.0,3.1,0.0,0.0,2.0,0.0,0.0,0.0,0.0,0.0,34.7,37.0,64.0,64,64,0.0,0.0,0.0,6.4652099609375,6.4652099609375,6.4652099609375,241.201,241.201,241.201,64,0.0,6.4652099609375,241.201,5
11775664.036577895,81.23099517822266,93183704.35263306,199090.52613343656,2098527.8199728024,13091206.751939708,13.328125,0.0,100.0,8.2,76.8,49.5,1.0,1.0,16.8,37.6,50.5,0.0,47.3,39.4,0.0,0.0,0.0,47.9,49.5,0.0,0.0,0.0,0.0,0.0,18.2,0.0,0.0,2.0,0.0,1.0,0.0,0.0,1.0,1.0,1.0,83.0,2.1,3.0,0.0,0.0,0.0,0.0,0.0,100.0,0.0,0.0,0.0,0.0,0.0,33.3,50.0,16.5,0.0,0.0,39.2,0.0,2.0,0.0,0.0,1.0,0.0,1.0,0.0,0.0,0.0,35.8,36.4,49.0,49,49,0.0,0.0,0.0,6.4652099609375,6.4652099609375,6.4652099609375,244.689,244.689,244.689,49,0.0,6.4652099609375,244.689,5
11775665.036870727,81.23475646972656,93132944.69057445,198902.75490214222,2096538.0664981448,13078794.11014663,13.1578125,0.0,100.0,9.9,81.0,23.0,33.7,1.0,10.8,38.7,49.0,15.0,57.0,18.6,1.0,0.0,0.0,51.4,50.5,0.0,0.0,0.0,0.0,0.0,0.0,0.0,0.0,0.0,1.0,0.0,1.0,0.0,0.0,1.0,0.0,79.0,0.0,0.0,1.0,0.0,0.0,0.0,0.0,100.0,1.0,0.0,0.0,1.0,0.0,35.0,50.0,18.4,0.0,0.0,39.4,0.0,0.0,0.0,0.0,0.0,0.0,1.0,0.0,0.0,0.0,35.6,37.1,67.0,67,67,0.0,0.0,0.0,6.4652099609375,6.4652099609375,6.4652099609375,230.552,230.552,230.552,67,0.0,6.4652099609375,230.552,5
11775666.03944124,81.23089599609375,92954423.55986568,198457.86172993341,2091775.067561886,13049081.183188796,13.6078125,0.0,100.0,26.3,82.5,32.0,24.0,1.0,1.0,38.5,52.5,16.0,29.6,44.3,0.0,0.0,0.0,50.5,50.0,0.0,0.0,0.0,0.0,0.0,0.0,0.0,1.0,1.0,0.0,1.0,1.0,0.0,1.0,1.0,1.0,85.7,0.0,0.0,0.0,0.0,0.0,0.0,0.0,100.0,1.0,8.0,0.0,0.0,0.0,34.4,51.0,20.2,0.0,0.0,37.6,0.0,0.0,0.0,1.0,1.0,1.0,2.0,0.0,0.0,0.0,34.0,38.8,63.0,63,63,0.0,0.0,0.0,6.4652099609375,6.4652099609375,6.4652099609375,245.338,245.338,245.338,63,0.0,6.4652099609375,245.338,5
11775667.038704216,81.23504257202148,93294771.35574576,199126.76092476264,2098698.788455562,13092273.301420052,13.128125,0.0,100.0,13.4,76.6,34.1,30.2,1.0,0.0,39.6,49.5,39.8,0.0,47.9,1.0,1.0,0.0,51.5,50.5,0.0,0.0,0.0,0.0,0.0,0.0,0.0,0.0,1.0,1.0,0.0,0.0,1.0,0.0,0.0,1.0,77.2,0.0,0.0,0.0,0.0,0.0,0.0,0.0,100.0,0.0,0.0,0.0,0.0,0.0,34.4,50.5,50.5,0.0,0.0,6.2,0.0,0.0,0.0,0.0,1.1,3.1,0.0,1.0,0.0,0.0,37.1,39.0,53.0,53,53,0.0,0.0,0.0,6.4652099609375,6.4652099609375,6.4652099609375,242.697,242.697,242.697,53,0.0,6.4652099609375,242.697,5
11775668.037697896,81.23193359375,93352597.59711394,199188.44734201353,2099264.5321335876,13095802.569598984,13.2359375,0.0,100.0,5.9,78.8,5.9,60.9,1.0,1.0,39.6,52.8,25.3,0.0,64.4,0.0,0.0,0.0,51.0,51.5,1.0,0.0,0.0,0.0,0.0,0.0,0.0,1.0,0.0,1.0,1.0,0.0,0.0,1.0,1.0,0.0,78.4,1.0,0.0,0.0,0.0,0.0,0.0,0.0,100.0,0.0,0.0,0.0,0.0,0.0,35.4,50.5,13.7,1.0,0.0,41.7,0.0,1.0,0.0,0.0,3.8,1.0,1.0,0.0,0.0,0.0,37.0,37.5,64.0,64,64,0.0,0.0,0.0,6.4652099609375,6.4652099609375,6.4652099609375,240.971,240.971,240.971,64,0.0,6.4652099609375,240.971,5
11775669.037844555,81.23526000976562,93277610.99035078,198959.82073352282,2096844.478694545,13080705.595606206,13.81875,0.0,100.0,8.2,84.7,25.0,44.1,1.0,0.0,39.0,51.0,34.4,2.0,53.2,0.0,0.0,0.0,52.5,52.5,0.0,0.0,0.0,0.0,0.0,17.2,0.0,0.0,0.0,0.0,1.0,2.0,1.0,0.0,1.0,1.0,82.1,2.0,0.0,0.0,0.0,0.0,0.0,0.0,100.0,1.0,0.0,0.0,0.0,0.0,35.1,52.5,40.0,1.0,0.0,6.0,13.9,1.0,1.0,0.0,1.0,2.0,0.0,0.0,0.0,0.0,36.4,38.6,66.0,66,66,0.0,0.0,0.0,6.4652099609375,6.4652099609375,6.4652099609375,231.442,231.442,231.442,66,0.0,6.4652099609375,231.442,5
11775670.039352717,81.23158645629883,93183398.39303818,198697.33234798504,2093993.9191457233,13067012.835294113,13.4421875,0.0,100.0,7.9,79.8,33.0,33.7,3.0,2.9,39.4,52.0,12.0,32.3,45.5,0.0,0.0,0.0,50.5,51.5,0.0,0.0,0.0,0.0,0.0,0.0,0.0,0.0,1.0,1.0,1.0,0.0,1.0,2.0,0.0,0.0,81.6,0.0,0.0,0.0,0.0,0.0,0.0,0.0,100.0,1.0,0.0,0.0,0.0,0.0,36.1,51.0,23.3,1.0,0.0,35.6,3.0,0.0,0.0,0.0,1.0,1.0,2.9,0.0,0.0,0.0,35.7,37.6,62.0,62,62,0.0,0.0,0.0,6.4652099609375,6.4652099609375,6.4652099609375,244.485,244.485,244.485,62,0.0,6.4652099609375,244.485,5
11775671.039045865,81.23487854003906,93387970.30058073,199066.08385818973,2097795.7131497716,13090736.920924844,13.1578125,0.0,100.0,12.4,76.3,28.3,41.3,2.1,0.0,39.6,49.5,1.0,26.6,62.0,0.0,0.0,0.0,50.0,49.5,1.0,0.0,0.0,0.0,0.0,0.0,0.0,0.0,0.0,0.0,0.0,1.0,1.0,0.0,1.0,2.0,77.7,0.0,0.0,0.0,0.0,0.0,0.0,0.0,100.0,0.0,0.0,0.0,1.0,0.0,33.7,51.5,33.3,0.0,0.0,21.9,1.1,0.0,0.0,0.0,1.0,0.0,0.0,0.0,0.0,0.0,38.5,37.8,71.0,71,71,0.0,0.0,0.0,6.4652099609375,6.4652099609375,6.4652099609375,246.799,246.799,246.799,71,0.0,6.4652099609375,246.799,5
11775672.039325384,81.23245239257812,93365885.39507389,198957.38748935054,2096565.9684948546,13083063.026056759,13.396875,0.0,85.9,7.9,82.0,33.7,31.6,0.0,0.0,39.4,51.0,1.0,21.4,66.3,0.0,0.0,0.0,51.9,50.5,1.9,1.0,1.9,0.0,0.0,0.0,0.0,0.0,1.0,1.0,1.0,0.0,1.0,1.0,0.0,0.0,85.9,1.0,0.0,0.0,0.0,0.0,33.0,0.0,66.7,0.0,0.0,0.0,0.0,0.0,37.4,49.0,5.8,0.0,0.0,52.9,1.0,1.0,0.0,0.0,1.9,1.9,0.0,0.0,0.0,0.0,34.7,38.7,65.0,65,65,0.0,0.0,0.0,6.4652099609375,6.4652099609375,6.4652099609375,234.522,234.522,234.522,65,0.0,6.4652099609375,234.522,5
11775673.040812455,81.23292541503906,93285920.24179283,198717.49303960323,2094038.0174309718,13067288.018929599,13.215625,0.0,100.0,7.9,81.4,22.4,47.4,0.0,0.0,39.4,50.0,0.0,23.0,68.0,0.0,0.0,0.0,47.4,51.0,0.0,1.0,1.0,0.0,0.0,0.0,0.0,0.0,1.0,1.0,0.0,1.0,0.0,1.0,1.0,1.0,78.6,0.0,0.0,0.0,0.0,0.0,100.0,0.0,0.0,0.0,0.0,0.0,0.0,0.0,34.0,50.5,56.9,2.0,1.0,2.0,2.0,0.0,0.0,0.0,0.0,0.0,0.0,0.0,0.0,0.0,34.7,38.2,63.0,63,63,0.0,0.0,0.0,6.4652099609375,6.4652099609375,6.4652099609375,242.474,242.474,242.474,63,0.0,6.4652099609375,242.474,5
11775674.021732597,81.23250961303711,95275146.30406319,202891.13411711354,2137943.6624257504,13341269.534082565,13.640625,0.0,100.0,10.3,78.1,10.4,31.9,36.1,23.2,39.2,52.0,1.0,51.6,34.7,1.0,0.0,0.0,53.5,50.0,0.0,0.0,1.0,0.0,0.0,16.5,0.0,0.0,1.0,0.0,0.0,1.0,0.0,0.0,1.0,1.0,79.2,0.0,1.0,0.0,0.0,0.0,100.0,0.0,1.0,0.0,0.0,0.0,0.0,0.0,35.8,52.0,20.2,1.0,0.0,0.0,1.0,2.0,0.0,0.0,8.2,0.0,0.0,0.0,0.0,0.0,38.1,39.0,45.0,45,45,0.0,0.0,0.0,6.4652099609375,6.4652099609375,6.4652099609375,237.493,237.493,237.493,45,0.0,6.4652099609375,237.493,5
11775675.039571824,81.23391342163086,91854110.6804702,195540.70500083233,2060396.1260615566,12857354.731966158,13.484375,0.0,100.0,10.9,77.6,8.9,54.7,3.0,14.1,39.2,50.0,43.3,1.9,46.5,2.0,0.0,0.0,51.0,53.4,0.0,0.0,0.0,0.0,0.0,1.0,0.0,0.0,47.6,0.0,1.0,1.0,1.0,1.0,0.0,1.0,84.5,1.0,2.0,0.0,0.0,0.0,100.0,0.0,2.0,0.0,0.0,0.0,0.0,0.0,34.0,51.5,0.0,0.0,0.0,0.0,0.0,0.0,0.0,0.0,0.0,2.0,0.0,2.0,1.0,0.0,36.0,36.9,49.0,49,49,0.0,0.0,0.0,6.4652099609375,6.4652099609375,6.4652099609375,239.728,239.728,239.728,49,0.0,6.4652099609375,239.728,5
11775676.03800766,81.23403549194336,93674638.47047822,199341.8032154019,2100437.42800978,13107221.840803217,13.346875,0.0,100.0,7.0,85.6,5.9,37.1,0.0,30.9,39.0,49.0,35.4,0.0,52.6,0.0,0.0,0.0,49.5,51.0,0.0,0.0,0.0,0.0,0.0,0.0,0.0,2.0,0.0,2.0,3.0,0.0,0.0,30.7,24.2,0.0,78.1,1.0,0.0,0.0,0.0,0.0,100.0,0.0,1.0,0.0,0.0,0.0,0.0,0.0,35.7,50.0,0.0,1.0,2.0,0.0,0.0,0.0,0.0,0.0,1.0,1.0,1.0,0.0,2.0,1.0,35.7,38.8,65.0,65,65,0.0,0.0,0.0,6.4652099609375,6.4652099609375,6.4652099609375,231.708,231.708,231.708,65,0.0,6.4652099609375,231.708,5
11775677.03841031,81.2314224243164,93523143.9187684,198957.88963268738,2096307.921899183,13081452.754820097,13.2578125,0.0,100.0,7.1,77.3,0.0,36.6,1.0,28.1,38.8,52.0,24.7,0.0,64.9,0.0,0.0,0.0,53.4,51.0,1.0,0.0,0.0,0.0,0.0,0.0,0.0,0.0,1.0,0.0,47.6,1.0,2.0,0.0,9.0,2.0,85.0,1.0,0.0,0.0,0.0,0.0,100.0,0.0,0.0,0.0,0.0,0.0,0.0,0.0,35.7,51.0,1.0,0.0,0.0,0.0,0.0,0.0,0.0,0.0,0.0,0.0,1.0,2.0,0.0,0.0,37.0,36.3,64.0,64,64,0.0,0.0,0.0,6.4652099609375,6.4652099609375,6.4652099609375,243.439,243.439,243.439,64,0.0,6.4652099609375,243.439,5
11775678.040697321,81.23294830322266,93379914.05395108,198597.80451860637,2092366.7330235536,13056858.812520027,13.2328125,0.0,100.0,8.1,77.9,11.1,20.8,0.0,46.7,38.2,50.0,26.0,2.0,62.5,0.0,0.0,0.0,50.0,51.0,0.0,0.0,0.0,0.0,0.0,0.0,0.0,0.0,2.0,1.0,1.0,2.0,1.0,1.0,0.0,0.0,78.7,24.2,9.3,1.0,0.0,0.0,100.0,0.0,0.0,0.0,0.0,0.0,0.0,0.0,35.4,49.5,2.0,12.4,3.0,1.0,2.0,0.0,0.0,0.0,1.0,0.0,0.0,0.0,0.0,0.0,36.1,39.0,47.0,47,47,0.0,0.0,0.0,6.4652099609375,6.4652099609375,6.4652099609375,243.0,243.0,243.0,47,0.0,6.4652099609375,243.0,5
11775679.038310908,81.23096084594727,93850108.16647647,199537.17821876923,2102168.6436612313,13118025.032221941,13.48125,0.0,100.0,8.0,78.0,55.9,41.7,1.0,24.5,39.0,51.5,50.0,0.0,37.5,0.0,0.0,0.0,52.9,52.0,0.0,0.0,0.0,0.0,0.0,16.8,0.0,0.0,0.0,1.0,0.0,1.0,1.0,1.9,0.0,1.0,78.6,0.0,0.0,1.0,1.0,0.0,100.0,0.0,2.9,0.0,1.0,0.0,0.0,0.0,35.7,52.4,0.0,1.0,1.0,0.0,0.0,0.0,0.0,0.0,0.0,0.0,0.0,0.0,0.0,0.0,35.0,38.5,64.0,64,64,0.0,0.0,0.0,6.4652099609375,6.4652099609375,6.4652099609375,240.331,240.331,240.331,64,0.0,6.4652099609375,240.331,5
11775680.038020488,81.2331314086914,93686011.28262562,199119.82836191083,2097761.23162049,13090521.74810052,13.4796875,0.0,100.0,7.1,85.4,14.0,17.2,1.0,51.1,40.8,53.4,56.3,12.1,47.5,0.0,0.0,0.0,52.5,51.0,1.0,0.0,0.0,0.0,0.0,0.0,0.0,0.0,1.0,0.0,0.0,2.0,0.0,0.0,0.0,1.0,81.3,5.0,15.0,1.0,0.0,0.0,100.0,0.0,0.0,1.0,1.0,0.0,0.0,0.0,34.7,50.5,0.0,0.0,0.0,0.0,1.0,0.0,0.0,0.0,0.0,1.0,1.0,0.0,0.0,0.0,37.4,38.4,46.0,46,46,0.0,0.0,0.0,6.4652099609375,6.4652099609375,6.4652099609375,241.285,241.285,241.285,46,0.0,6.4652099609375,241.285,5
11775681.038327249,81.23160552978516,93668038.30899097,199011.95091636412,2096508.8730674416,13082706.73720796,13.31875,0.0,100.0,11.0,77.3,1.0,29.2,0.0,38.1,38.2,51.0,32.6,37.4,19.4,0.0,0.0,0.0,49.0,52.9,0.0,0.0,0.0,0.0,0.0,0.0,0.0,0.0,0.0,1.0,1.0,0.0,1.0,1.0,0.0,1.0,82.5,48.5,9.0,0.0,0.0,0.0,100.0,0.0,0.0,0.0,0.0,0.0,1.0,0.0,35.4,51.0,0.0,1.0,1.0,0.0,0.0,0.0,2.0,1.0,2.0,1.0,0.0,0.0,0.0,0.0,36.1,38.8,64.0,64,64,0.0,0.0,0.0,6.4652099609375,6.4652099609375,6.4652099609375,239.856,239.856,239.856,64,0.0,6.4652099609375,239.856,5
11775682.029152287,81.23282623291016,94597546.85958128,200925.4835957953,2116571.461879473,13207901.99356429,13.2890625,0.0,100.0,22.6,78.9,29.8,62.9,1.1,20.9,37.5,50.5,18.1,18.5,0.0,0.0,0.0,0.0,50.5,47.8,0.0,0.0,0.0,0.0,0.0,0.0,0.0,1.1,1.1,0.0,2.1,2.1,0.0,2.1,1.1,0.0,76.1,43.6,12.8,0.0,0.0,0.0,100.0,0.0,0.0,0.0,0.0,1.1,0.0,0.0,34.1,48.9,0.0,0.0,0.0,0.0,0.0,2.1,2.1,1.1,7.6,0.0,0.0,0.0,0.0,0.0,34.4,37.9,57.0,57,57,0.0,0.0,0.0,6.4652099609375,6.4652099609375,6.4652099609375,253.536,253.536,253.536,57,0.0,6.4652099609375,253.536,5
11775683.04289244,81.23710250854492,92491437.57782856,196383.65865606756,2068727.3712233624,12909343.65441141,13.646875,0.0,100.0,8.7,83.8,24.0,39.8,27.6,0.0,39.1,50.0,8.7,30.4,25.0,0.0,0.0,0.0,50.9,49.1,0.0,0.0,0.0,0.9,0.0,0.0,0.0,0.9,1.9,1.9,0.9,1.0,4.7,0.0,0.0,0.9,86.7,17.8,0.0,0.0,0.0,0.0,100.0,0.0,32.4,11.1,0.0,0.9,0.0,0.0,34.0,50.9,1.9,2.8,0.9,0.0,0.0,3.8,2.8,2.8,0.9,0.0,0.0,0.0,0.0,0.0,36.5,37.0,64.0,64,64,0.0,0.0,0.0,6.4652099609375,6.4652099609375,6.4652099609375,230.944,230.944,230.944,64,0.0,6.4652099609375,230.944,5
11775684.039109746,81.24465942382812,94151119.80977851,199844.9521609126,2105115.0044159256,13136411.013884535,13.3515625,0.0,100.0,7.9,78.1,26.8,1.0,47.4,16.0,38.2,51.5,0.0,35.8,30.9,0.0,1.0,0.0,49.5,52.0,0.0,0.0,0.0,0.0,0.0,2.0,0.0,0.0,1.0,1.0,0.0,3.0,15.3,2.0,0.0,1.0,77.9,0.0,0.0,0.0,0.0,0.0,100.0,0.0,1.0,26.0,16.0,1.0,2.0,0.0,37.0,51.0,0.0,0.0,0.0,0.0,2.0,0.0,0.0,0.0,1.0,0.0,0.0,0.0,0.0,0.0,37.4,40.8,64.0,64,64,0.0,0.0,0.0,6.4652099609375,6.4652099609375,6.4652099609375,243.045,243.045,243.045,64,0.0,6.4652099609375,243.045,5
11775685.026270244,81.2330551147461,95048038.45355368,201688.58088187274,2124428.6047322247,13256932.406483317,13.4359375,0.0,100.0,6.3,76.8,2.1,1.0,29.0,60.0,39.0,52.0,20.0,37.0,12.4,0.0,0.0,0.0,50.5,51.5,0.0,0.0,0.0,0.0,0.0,15.6,0.0,0.0,0.0,2.1,0.0,1.0,55.7,1.0,1.0,0.0,78.9,0.0,0.0,0.0,0.0,0.0,100.0,0.0,2.1,1.1,0.0,0.0,0.0,0.0,34.4,52.5,1.0,0.0,0.0,0.0,0.0,1.0,0.0,0.0,1.0,0.0,0.0,0.0,0.0,0.0,35.1,38.8,54.0,54,54,0.0,0.0,0.0,6.4652099609375,6.4652099609375,6.4652099609375,240.531,240.531,240.531,54,0.0,6.4652099609375,240.531,5
11775686.040720375,81.23307418823242,92523384.96811043,196270.86035942717,2067279.5398679776,12900308.847418336,13.171875,0.0,100.0,6.9,79.4,0.0,0.0,22.4,63.9,38.5,51.0,32.7,31.0,4.0,1.0,0.0,0.0,50.0,51.9,0.0,0.0,0.0,1.0,0.0,0.0,0.0,0.0,1.0,7.9,1.0,0.0,16.7,31.7,0.0,0.0,81.6,0.0,0.0,0.0,0.0,0.0,100.0,0.0,2.0,1.0,1.0,0.0,0.0,0.0,36.0,49.5,0.0,0.0,0.0,0.0,1.0,1.0,0.0,0.0,2.0,1.9,0.0,0.0,0.0,0.0,35.0,39.0,49.0,49,49,0.0,0.0,0.0,6.4652099609375,6.4652099609375,6.4652099609375,241.625,241.625,241.625,49,0.0,6.4652099609375,241.625,5
11775687.041060125,81.23418426513672,93866634.79200822,199042.37531307738,2096439.7341799552,13082275.29434562,13.4703125,0.0,100.0,28.7,84.8,1.0,4.0,16.7,55.6,38.7,52.5,12.2,29.5,20.2,0.0,0.0,0.0,51.5,51.0,0.0,3.8,0.0,2.0,0.0,0.0,0.0,1.0,0.0,34.0,0.0,1.0,0.0,22.5,1.0,1.9,81.6,1.0,0.0,0.0,0.0,0.0,100.0,1.0,1.0,0.0,0.0,1.0,0.0,0.0,33.0,50.0,1.0,0.0,0.0,0.0,0.0,0.0,0.0,0.0,2.0,2.0,1.0,0.0,0.0,0.0,35.4,38.5,62.0,62,62,0.0,0.0,0.0,6.4652099609375,6.4652099609375,6.4652099609375,230.768,230.768,230.768,62,0.0,6.4652099609375,230.768,5
11775688.039713765,81.23527526855469,94057855.81866503,199388.4488098055,2099979.3300441005,13104363.202130664,13.16875,0.0,100.0,42.1,77.3,1.0,5.0,0.0,46.4,38.2,50.5,3.0,33.3,33.7,0.0,0.0,0.0,50.5,51.0,0.0,0.0,0.0,0.0,0.0,0.0,0.0,0.0,2.0,2.0,29.7,1.0,0.0,0.0,0.0,0.0,77.8,0.0,0.0,0.0,0.0,0.0,100.0,0.0,3.0,2.0,0.0,0.0,0.0,0.0,36.1,51.0,1.0,0.0,0.0,0.0,0.0,0.0,0.0,0.0,1.0,1.0,27.7,0.0,0.0,0.0,36.7,38.8,63.0,63,63,0.0,0.0,0.0,6.4652099609375,6.4652099609375,6.4652099609375,241.538,241.538,241.538,63,0.0,6.4652099609375,241.538,5
11775689.040150804,81.23715209960938,93922862.96305872,199041.01113998925,2096235.8613266377,13081003.079958217,13.51875,0.0,100.0,53.2,77.4,3.1,4.2,0.0,38.1,40.0,49.0,13.7,27.4,25.8,0.0,0.0,0.0,54.0,52.6,0.0,0.0,0.0,0.0,0.0,0.0,0.0,1.0,1.0,13.3,45.9,2.0,3.0,1.0,0.0,1.0,85.1,5.1,0.0,0.0,0.0,0.0,100.0,0.0,2.1,2.1,0.0,0.0,0.0,0.0,35.8,50.5,0.0,0.0,0.0,0.0,0.0,1.0,0.0,0.0,1.0,1.0,0.0,0.0,0.0,0.0,35.8,39.0,64.0,64,64,0.0,0.0,0.0,6.4652099609375,6.4652099609375,6.4652099609375,241.644,241.644,241.644,64,0.0,6.4652099609375,241.644,5
11775690.040511593,81.23991394042969,93962701.31186585,199064.17987790366,2096395.6439785142,13086094.683897132,13.7125,0.0,100.0,47.0,81.0,4.9,9.7,0.0,43.4,41.3,52.0,45.4,0.0,22.0,0.0,0.0,0.0,51.0,51.0,0.0,1.9,0.0,0.0,0.0,16.5,0.0,0.0,1.9,16.7,1.0,0.0,8.7,1.0,1.0,1.0,78.8,31.7,0.0,0.0,0.0,0.0,100.0,0.0,0.0,0.0,1.0,1.0,0.0,0.0,36.0,52.0,0.0,0.0,0.0,0.0,0.0,0.0,0.0,0.0,1.9,0.0,1.0,0.0,0.0,0.0,37.3,38.5,64.0,64,64,0.0,0.0,0.0,6.4652099609375,6.4652099609375,6.4652099609375,236.328,236.328,236.328,64,0.0,6.4652099609375,236.328,5
11775691.041640945,81.23483276367188,93923213.6724662,198911.35914698138,2094786.24988857,13076048.54422631,13.2765625,0.0,100.0,46.4,82.7,7.1,6.0,22.4,43.9,38.2,50.5,15.5,0.0,53.2,1.0,0.0,0.0,51.5,50.5,0.0,0.0,0.0,0.0,1.0,1.0,0.0,0.0,0.0,0.0,0.0,2.0,0.0,1.0,1.0,0.0,79.2,17.3,10.1,0.0,0.0,0.0,100.0,0.0,2.0,1.0,0.0,0.0,0.0,0.0,36.5,50.5,1.0,0.0,0.0,0.0,0.0,1.0,0.0,0.0,0.0,0.0,0.0,0.0,0.0,0.0,36.4,39.8,63.0,63,63,0.0,0.0,0.0,6.4652099609375,6.4652099609375,6.4652099609375,237.747,237.747,237.747,63,0.0,6.4652099609375,237.747,5
11775692.040617352,81.25076293945312,94163844.39805818,199350.05320485687,2099300.8284307593,13104229.389970131,13.3171875,0.0,100.0,51.0,78.4,22.2,9.2,42.2,38.1,38.8,51.0,28.1,20.0,21.9,0.0,0.0,0.0,49.0,51.0,0.0,0.0,0.0,0.0,0.0,0.0,0.0,0.0,0.0,1.0,1.0,0.0,0.0,1.0,1.0,1.0,84.5,1.0,1.0,1.0,0.0,0.0,100.0,0.0,0.0,2.0,1.0,0.0,0.0,0.0,33.7,50.5,0.0,0.0,0.0,0.0,0.0,0.0,0.0,0.0,0.0,0.0,0.0,0.0,0.0,0.0,35.1,36.6,59.0,59,59,0.0,0.0,0.0,6.4652099609375,6.4652099609375,6.4652099609375,245.455,245.455,245.455,59,0.0,6.4652099609375,245.455,5
11775693.0286758,81.2329216003418,95237432.77122882,201559.93851963608,2122497.9196212552,13249029.982635805,13.2125,0.0,100.0,4.5,83.9,16.9,7.7,30.0,7.8,39.8,50.0,37.2,49.4,69.0,0.0,1.1,0.0,51.1,48.9,0.0,0.0,0.0,0.0,0.0,0.0,0.0,1.1,1.1,0.0,0.0,1.1,1.1,0.0,1.1,1.1,75.9,0.0,0.0,0.0,0.0,0.0,100.0,0.0,0.0,0.0,0.0,0.0,0.0,0.0,34.9,47.7,0.0,2.2,1.1,0.0,0.0,0.0,2.2,0.0,1.1,0.0,1.1,0.0,0.0,0.0,36.4,39.1,69.0,69,69,0.0,0.0,0.0,6.4652099609375,6.4652099609375,6.4652099609375,259.078,259.078,259.078,69,0.0,6.4652099609375,259.078,5
11775694.042590523,81.23089218139648,92840984.42341107,196426.77583444602,2068371.1879632464,12911160.774864327,13.315624999999999,0.0,100.0,29.2,80.0,2.7,6.4,0.9,60.4,38.9,51.4,54.5,33.0,33.3,0.0,0.0,0.0,50.0,48.6,0.0,0.0,0.0,0.0,0.0,0.0,0.0,0.0,0.0,1.8,0.9,1.8,0.9,0.9,0.9,0.9,86.0,1.8,0.0,0.0,0.0,0.0,100.0,0.0,0.9,0.0,0.0,0.0,0.0,0.0,35.5,51.4,0.0,0.0,0.0,0.0,0.0,0.0,0.0,0.0,1.8,1.8,0.0,0.0,0.0,0.0,35.8,39.8,49.0,49,49,0.0,0.0,0.0,6.4652099609375,6.4652099609375,6.4652099609375,230.23,230.23,230.23,49,0.0,6.4652099609375,230.23,5
11775695.043020552,81.23353958129883,94125048.5102818,199074.39226094395,2096250.551711303,13085188.990760399,13.31875,0.0,100.0,62.9,78.1,3.0,5.1,0.0,27.8,39.0,49.5,44.9,33.0,45.8,0.0,0.0,0.0,49.0,51.0,0.0,0.0,0.0,0.0,0.0,16.8,0.0,0.0,1.0,0.0,1.0,0.0,0.0,0.0,1.0,0.0,78.6,1.0,0.0,0.0,0.0,0.0,100.0,0.0,2.0,0.0,0.0,0.0,0.0,0.0,33.0,50.5,0.0,0.0,0.0,0.0,0.0,0.0,0.0,1.0,0.0,2.9,2.9,0.0,0.0,0.0,34.7,36.9,61.0,61,61,0.0,0.0,0.0,6.4652099609375,6.4652099609375,6.4652099609375,238.068,238.068,238.068,61,0.0,6.4652099609375,238.068,5
11775696.014331324,81.23205947875977,96980515.10936083,205052.80672378102,2159094.7618938135,13477474.334009038,13.4328125,0.0,100.0,57.4,78.9,4.2,6.2,1.0,32.3,38.8,52.1,2.1,14.9,52.7,0.0,0.0,0.0,52.0,51.5,0.0,0.0,0.0,0.0,0.0,0.0,0.0,1.0,0.0,1.0,1.0,1.0,1.0,1.0,1.0,0.0,77.4,2.1,0.0,0.0,0.0,0.0,100.0,0.0,5.2,22.1,0.0,0.0,0.0,0.0,36.8,51.0,0.0,2.0,0.0,0.0,0.0,0.0,0.0,0.0,30.0,2.1,1.0,0.0,0.0,0.0,38.5,40.4,51.0,51,51,0.0,0.0,0.0,6.4652099609375,6.4652099609375,6.4652099609375,241.158,241.158,241.158,51,0.0,6.4652099609375,241.158,5
11775697.04147492,81.23325729370117,91745780.61998221,193914.46417622326,2041732.050608476,12744874.284657596,13.109375,0.0,100.0,66.0,81.0,2.0,2.0,7.9,23.2,36.5,50.5,32.3,27.8,5.0,0.0,0.0,0.0,50.5,51.0,0.0,0.0,0.0,0.0,0.0,0.0,0.0,0.0,1.9,0.0,0.0,1.9,0.0,0.0,0.0,1.9,80.8,0.0,1.0,0.0,0.0,0.0,100.0,0.0,21.0,35.2,0.0,0.0,0.0,0.0,35.4,50.0,1.0,0.0,0.0,0.0,0.0,0.0,0.0,0.0,0.0,1.0,0.0,0.0,0.0,0.0,34.7,37.5,48.0,48,48,0.0,0.0,0.0,6.4652099609375,6.4652099609375,6.4652099609375,240.776,240.776,240.776,48,0.0,6.4652099609375,240.776,5
11775698.040784728,81.23006820678711,94334184.69811247,199317.56738731632,2098600.437199745,13099857.416582782,13.58125,0.0,100.0,40.6,81.4,2.0,7.8,9.8,48.0,40.6,50.0,33.3,9.1,27.6,0.0,0.0,0.0,52.4,51.0,0.0,0.0,0.0,0.0,3.0,1.0,0.0,0.0,0.0,1.0,1.0,0.0,0.0,1.0,1.0,0.0,83.7,1.0,0.0,0.0,0.0,0.0,100.0,0.0,55.9,0.0,0.0,0.0,0.0,0.0,35.1,52.4,0.0,0.0,0.0,0.0,0.0,0.0,1.0,0.0,0.0,2.0,1.0,0.0,0.0,0.0,36.7,38.8,62.0,62,62,0.0,0.0,0.0,6.4652099609375,6.4652099609375,6.4652099609375,227.182,227.182,227.182,62,0.0,6.4652099609375,227.182,5
11775699.040808499,81.23208236694336,94299527.39863594,199185.26515164625,2097102.1496224971,13090504.82459668,13.33125,0.0,100.0,35.4,77.9,3.0,4.1,5.1,55.1,39.2,51.0,34.7,0.0,31.2,0.0,0.0,0.0,51.0,52.5,0.0,0.0,0.0,1.0,1.0,1.0,1.0,1.0,0.0,0.0,1.0,1.0,0.0,0.0,0.0,1.0,77.9,0.0,1.0,1.0,0.0,0.0,100.0,0.0,32.0,1.0,16.2,1.0,0.0,0.0,35.1,50.0,1.0,0.0,0.0,0.0,0.0,0.0,0.0,0.0,12.9,2.0,0.0,0.0,0.0,0.0,35.1,38.8,47.0,47,47,0.0,0.0,0.0,6.4652099609375,6.4652099609375,6.4652099609375,244.307,244.307,244.307,47,0.0,6.4652099609375,244.307,5
11775700.042089768,81.23186111450195,94213750.85158345,198943.1003936559,2094468.4227590454,13074064.607691228,13.8546875,0.0,100.0,22.7,81.3,1.0,28.9,7.1,39.4,38.0,49.0,45.6,0.0,20.8,0.0,0.0,0.0,51.0,50.5,0.0,0.0,0.0,0.0,0.0,16.5,0.0,0.0,1.0,1.0,0.0,0.0,1.0,1.0,0.0,1.0,85.4,2.1,2.0,2.0,0.0,0.0,100.0,0.0,0.0,1.0,0.0,0.0,0.0,0.0,36.1,50.5,0.0,15.3,0.0,0.0,0.0,0.0,0.0,1.0,7.1,1.0,4.2,1.0,0.0,46.5,36.7,38.0,66.0,66,66,0.0,0.0,0.0,6.4652099609375,6.4652099609375,6.4652099609375,241.388,241.388,241.388,66,0.0,6.4652099609375,241.388,5
11775701.041351097,81.23246002197266,94436912.81349719,199352.25573996277,2098702.250593983,13100492.95487963,13.228125,0.0,100.0,36.0,81.0,2.9,1.0,3.9,55.1,39.6,49.5,41.2,1.9,24.2,0.0,0.0,0.0,52.4,49.5,0.0,0.0,0.0,0.0,0.0,0.0,0.0,0.0,0.0,1.9,0.0,1.0,0.0,1.9,1.9,0.0,78.8,1.0,0.0,0.0,0.0,0.0,100.0,0.0,2.9,1.9,1.9,0.0,0.0,0.0,35.4,50.5,0.0,0.0,0.0,0.0,0.0,0.0,0.0,0.0,0.0,2.9,45.7,0.0,0.0,7.8,35.4,37.5,63.0,63,63,0.0,0.0,0.0,6.4652099609375,6.4652099609375,6.4652099609375,238.127,238.127,238.127,63,0.0,6.4652099609375,238.127,5
11775702.043181228,81.23127365112305,94227390.54889175,198841.09478504493,2093320.9488248115,13066901.860242378,13.2046875,0.0,100.0,15.5,79.4,15.5,5.0,14.4,46.9,39.2,50.5,50.0,1.0,18.6,0.0,0.0,0.0,49.0,51.0,0.0,0.0,0.0,0.0,0.0,0.0,0.0,0.0,1.0,0.0,0.0,0.0,1.0,0.0,31.6,1.0,78.1,2.0,2.0,0.0,0.0,0.0,100.0,0.0,2.0,0.0,1.0,1.0,0.0,0.0,35.1,50.5,0.0,0.0,0.0,0.0,0.0,0.0,0.0,0.0,0.0,15.2,11.2,1.0,0.0,0.0,37.4,38.0,47.0,47,47,0.0,0.0,0.0,6.4652099609375,6.4652099609375,6.4652099609375,239.183,239.183,239.183,47,0.0,6.4652099609375,239.183,5
11775703.010577856,81.27831649780273,97620774.41219428,205928.97908779784,2167830.586812908,13532004.991121197,13.65,0.0,100.0,3.1,77.7,25.3,48.4,13.4,14.6,41.2,49.5,46.1,0.0,22.9,0.0,0.0,0.0,49.0,47.3,1.0,0.0,1.0,1.0,1.0,1.0,0.0,1.0,2.1,1.0,1.0,0.0,1.0,3.1,51.0,3.1,84.0,0.0,1.0,0.0,0.0,0.0,100.0,0.0,2.1,0.0,1.0,1.0,1.0,0.0,35.8,50.5,1.0,1.0,1.0,1.0,1.0,2.1,1.0,1.0,3.1,1.0,2.0,0.0,0.0,0.0,36.2,39.0,52.0,52,52,0.0,0.0,0.0,6.4652099609375,6.4652099609375,6.4652099609375,246.36,246.36,246.36,52,0.0,6.4652099609375,246.36,5
11775704.040839324,81.23381042480469,91695848.98709843,193371.30054881258,2035553.1725179492,12706304.569076886,13.6578125,0.0,100.0,31.6,84.8,4.0,23.0,5.9,37.4,37.9,50.0,10.2,0.0,54.7,0.0,0.0,0.0,52.0,51.0,0.0,0.0,1.0,0.0,2.0,3.0,1.0,2.0,2.0,1.0,0.0,4.8,51.0,0.0,3.0,0.0,80.6,1.0,1.0,0.0,0.0,0.0,100.0,0.0,1.0,1.0,0.0,0.0,0.0,0.0,35.1,52.5,1.0,0.0,2.0,1.0,1.0,2.0,2.0,2.0,1.0,1.0,0.0,0.0,0.0,0.0,36.4,39.2,49.0,49,49,0.0,0.0,0.0,6.4652099609375,6.4652099609375,6.4652099609375,246.654,246.654,246.654,49,0.0,6.4652099609375,246.654,5
11775705.042653546,81.2332763671875,94332244.37041709,198862.21979318332,2093354.1908500222,13067109.363196623,13.484375,0.0,100.0,40.4,79.6,2.0,0.0,1.0,50.5,40.2,51.9,28.6,3.9,38.4,0.0,0.0,0.0,50.0,49.0,0.0,1.0,0.0,0.0,0.0,16.5,0.0,0.0,1.0,1.0,1.9,0.0,26.7,1.0,0.0,1.0,78.6,1.0,1.0,0.0,0.0,0.0,100.0,0.0,1.9,1.9,0.0,0.0,0.0,0.0,36.0,51.0,0.0,0.0,0.0,0.0,1.0,0.0,0.0,0.0,1.0,28.2,1.0,0.0,1.0,0.0,36.3,37.5,49.0,49,49,0.0,0.0,0.0,6.4652099609375,6.4652099609375,6.4652099609375,229.967,229.967,229.967,49,0.0,6.4652099609375,229.967,5
11775706.042411536,81.23297882080078,94558959.1909203,199278.22727574685,2097659.654107248,13093984.872122588,13.4953125,0.0,100.0,44.9,77.3,3.0,2.0,2.0,46.4,39.6,51.0,41.1,23.0,9.0,0.0,0.0,0.0,48.5,51.0,0.0,0.0,0.0,0.0,0.0,0.0,0.0,0.0,1.0,1.0,0.0,0.0,8.8,0.0,2.0,1.0,85.6,2.0,2.0,0.0,0.0,0.0,100.0,0.0,1.0,0.0,0.0,0.0,0.0,0.0,35.1,50.5,0.0,0.0,0.0,0.0,0.0,0.0,0.0,0.0,2.0,57.0,0.0,0.0,1.0,0.0,36.1,38.8,61.0,61,61,0.0,0.0,0.0,6.4652099609375,6.4652099609375,6.4652099609375,243.76,243.76,243.76,61,0.0,6.4652099609375,243.76,5
11775707.043132056,81.23639297485352,94500679.41087025,199097.54632103967,2095642.0488868305,13081390.602035763,13.203125,0.0,100.0,64.9,83.0,2.1,2.1,0.0,24.2,39.4,53.1,22.1,21.7,27.7,0.0,0.0,0.0,50.0,53.5,0.0,0.0,0.0,0.0,0.0,0.0,0.0,0.0,0.0,1.0,0.0,1.0,0.0,2.0,1.0,1.0,78.4,0.0,0.0,0.0,0.0,0.0,100.0,0.0,47.9,1.0,2.0,0.0,0.0,0.0,34.0,51.0,0.0,0.0,0.0,0.0,0.0,0.0,0.0,0.0,0.0,6.2,1.0,0.0,0.0,0.0,34.7,39.0,49.0,49,49,0.0,0.0,0.0,6.4652099609375,6.4652099609375,6.4652099609375,241.775,241.775,241.775,49,0.0,6.4652099609375,241.775,5
11775708.041867483,81.23202133178711,94726730.78500071,199502.28503222726,2099807.357891621,13111492.428084984,13.2515625,0.0,100.0,41.4,80.8,3.9,30.7,0.0,48.5,39.0,50.0,53.1,4.9,21.2,0.0,0.0,0.0,50.0,49.0,0.0,0.0,0.0,0.0,0.0,0.0,0.0,1.0,1.0,1.0,1.0,0.0,1.0,0.0,0.0,0.0,78.6,1.0,1.9,0.0,0.0,0.0,100.0,0.0,22.8,1.0,2.0,2.0,0.0,0.0,33.3,49.0,0.0,0.0,0.0,0.0,0.0,0.0,0.0,0.0,1.0,2.0,0.0,1.9,0.0,0.0,36.0,38.1,47.0,47,47,0.0,0.0,0.0,6.4652099609375,6.4652099609375,6.4652099609375,230.776,230.776,230.776,47,0.0,6.4652099609375,230.776,5
11775709.043511463,81.23504257202148,94484295.71490633,198923.97298242495,2093709.9828258753,13073419.5607311,13.43125,0.0,100.0,19.1,76.8,4.1,4.1,0.0,42.1,39.6,51.0,60.4,27.7,15.6,2.0,0.0,0.0,52.6,51.0,0.0,0.0,0.0,0.0,0.0,0.0,0.0,1.0,52.6,0.0,0.0,1.0,0.0,1.0,1.0,2.0,84.9,0.0,0.0,1.0,0.0,0.0,100.0,0.0,0.0,0.0,1.0,0.0,0.0,0.0,37.9,51.5,0.0,0.0,0.0,1.0,0.0,0.0,0.0,0.0,1.0,0.0,2.1,0.0,0.0,0.0,36.1,38.4,49.0,49,49,0.0,0.0,0.0,6.4652099609375,6.4652099609375,6.4652099609375,246.222,246.222,246.222,49,0.0,6.4652099609375,246.222,5
11775710.033021824,81.23298263549805,95675914.79715142,201372.32295116404,2119383.568311149,13233729.038849108,13.309375,0.0,100.0,5.2,78.0,0.0,0.0,0.0,0.0,39.2,50.0,48.4,67.8,45.2,0.0,0.0,0.0,50.5,52.6,0.0,0.0,0.0,0.0,0.0,9.5,0.0,0.0,33.7,1.1,0.0,0.0,1.1,0.0,0.0,0.0,77.2,0.0,0.0,0.0,0.0,0.0,100.0,0.0,3.2,0.0,1.0,0.0,1.0,0.0,35.2,50.5,0.0,0.0,0.0,0.0,0.0,0.0,0.0,0.0,1.1,2.2,1.1,21.5,1.1,0.0,34.8,39.6,61.0,61,61,0.0,0.0,0.0,6.4652099609375,6.4652099609375,6.4652099609375,257.806,257.806,257.806,61,0.0,6.4652099609375,257.806,5
11775711.027588207,81.25297164916992,95222357.83753544,200365.7105631362,2108609.376089073,13199400.488995075,13.3921875,0.0,100.0,3.1,84.0,6.2,1.0,0.0,0.0,38.6,46.3,48.9,61.7,41.5,0.0,0.0,0.0,49.0,51.5,0.0,0.0,0.0,0.0,0.0,9.2,0.0,0.0,1.0,0.0,0.0,0.0,1.0,1.0,0.0,1.0,85.3,0.0,0.0,0.0,0.0,0.0,100.0,0.0,0.0,1.0,0.0,0.0,0.0,0.0,34.0,49.0,2.0,0.0,0.0,1.0,0.0,0.0,0.0,1.0,2.0,1.0,2.0,34.3,25.8,1.0,36.7,36.0,62.0,62,62,0.0,0.0,0.0,6.4652099609375,6.4652099609375,6.4652099609375,257.981,257.981,257.981,62,0.0,6.4652099609375,257.981,5
11775712.0307659,81.23268508911133,94437505.58881687,198653.73938036332,2090509.0039341028,13086096.401579687,13.0875,0.0,100.0,6.0,78.4,1.0,1.0,1.0,0.0,37.9,51.0,31.3,42.9,77.9,0.0,0.0,0.0,52.9,50.5,0.0,0.0,0.0,0.0,0.0,0.0,0.0,0.0,0.0,1.0,0.0,1.0,1.0,0.0,1.0,1.0,78.6,1.0,1.0,0.0,0.0,0.0,100.0,0.0,1.0,1.0,0.0,0.0,0.0,0.0,35.7,50.5,1.0,0.0,0.0,0.0,0.0,0.0,0.0,0.0,0.0,1.0,0.0,54.5,2.0,0.0,34.7,38.8,76.0,76,76,0.0,0.0,0.0,6.4652099609375,6.4652099609375,6.4652099609375,262.127,262.127,262.127,76,0.0,6.4652099609375,262.127,5
11775713.03047444,81.2388916015625,94797871.89439148,199351.10309678182,2097763.416485387,13131507.323897783,13.3265625,0.0,100.0,5.0,78.4,6.9,3.0,14.7,0.0,39.4,50.0,36.4,39.2,62.2,0.0,0.0,0.0,50.0,49.0,0.0,0.0,0.0,0.0,0.0,0.0,0.0,0.0,1.0,1.0,1.0,2.0,1.0,1.0,1.0,1.0,81.8,0.0,0.0,0.0,0.0,0.0,100.0,0.0,5.0,27.7,2.0,0.0,0.0,0.0,35.4,50.0,0.0,1.0,1.0,0.0,1.0,0.0,0.0,1.0,2.0,1.0,0.0,0.0,23.8,1.0,36.4,39.6,66.0,66,66,0.0,0.0,0.0,6.4652099609375,6.4652099609375,6.4652099609375,260.967,260.967,260.967,66,0.0,6.4652099609375,260.967,5
11775714.045156112,81.24275207519531,93433863.59767433,196410.36727718884,2066807.8043297397,12937732.44702503,13.1875,0.0,100.0,2.8,79.2,8.4,28.3,53.8,8.5,38.2,50.5,26.0,35.6,0.0,0.0,0.0,0.0,49.5,49.5,0.0,0.0,0.9,0.0,0.0,0.0,0.0,1.8,0.9,0.9,0.0,1.9,0.0,0.9,0.9,0.0,77.9,7.5,0.0,0.0,0.0,0.0,100.0,0.0,0.0,54.3,0.0,1.8,0.0,0.0,31.7,50.5,0.0,0.0,0.0,0.9,0.0,0.0,0.0,0.0,1.8,1.9,2.8,1.9,0.9,0.0,34.6,37.0,46.0,46,46,0.0,0.0,0.0,6.4652099609375,6.4652099609375,6.4652099609375,232.111,232.111,232.111,46,0.0,6.4652099609375,232.111,5
11775715.03295436,81.23136520385742,96009759.32214361,201762.86049014627,2123057.0162850725,13289839.330456361,13.3578125,0.0,100.0,6.6,84.4,1.1,0.0,4.3,0.0,40.2,50.0,62.1,45.6,44.3,0.0,0.0,0.0,51.6,49.5,0.0,0.0,0.0,0.0,0.0,0.0,0.0,2.1,1.1,0.0,0.0,0.0,0.0,0.0,0.0,1.1,82.0,2.2,1.1,0.0,0.0,0.0,100.0,0.0,2.2,55.9,3.2,0.0,0.0,0.0,36.0,50.5,0.0,0.0,0.0,0.0,0.0,0.0,0.0,0.0,1.1,1.1,0.0,1.1,0.0,0.0,35.6,38.9,61.0,61,61,0.0,0.0,0.0,6.4652099609375,6.4652099609375,6.4652099609375,258.576,258.576,258.576,61,0.0,6.4652099609375,258.576,5
11775716.030586308,81.23419570922852,95096107.48556063,199781.0919261411,2102129.9521097527,13158840.813499527,13.246875,0.0,100.0,7.1,77.1,2.0,0.0,0.0,0.0,36.6,50.5,60.0,38.5,53.6,0.0,0.0,0.0,48.5,49.5,0.0,1.0,0.0,0.0,0.0,17.2,0.0,0.0,16.3,7.0,0.0,23.0,1.0,1.0,1.0,1.0,78.4,1.0,1.0,0.0,0.0,0.0,100.0,0.0,1.0,5.2,6.1,1.0,0.0,0.0,34.0,50.5,0.0,0.0,0.0,0.0,0.0,0.0,0.0,0.0,1.0,1.0,1.0,0.0,1.0,0.0,35.7,38.0,63.0,63,63,0.0,0.0,0.0,6.4652099609375,6.4652099609375,6.4652099609375,259.557,259.557,259.557,63,0.0,6.4652099609375,259.557,5
11775717.030687686,81.23128509521484,94893937.82457508,199294.79585481065,2096939.4160826223,13126349.274501571,13.1265625,0.0,100.0,4.1,82.1,5.1,0.0,1.0,0.0,40.2,51.5,63.4,43.0,43.0,3.0,0.0,0.0,50.0,49.5,0.0,0.0,0.0,0.0,0.0,0.0,0.0,0.0,1.0,0.0,1.0,54.5,2.0,0.0,1.0,0.0,85.4,0.0,0.0,0.0,0.0,0.0,100.0,0.0,0.0,0.0,0.0,0.0,0.0,0.0,35.1,49.5,0.0,0.0,0.0,0.0,0.0,0.0,0.0,0.0,0.0,1.0,0.0,0.0,0.0,0.0,36.1,37.6,60.0,60,60,0.0,0.0,0.0,6.4652099609375,6.4652099609375,6.4652099609375,261.884,261.884,261.884,60,0.0,6.4652099609375,261.884,5
11775718.031042716,81.25785827636719,94902513.80999765,199257.25779964234,2096407.7134624114,13123020.940716853,12.965625,0.0,100.0,2.9,82.4,2.9,18.4,8.8,1.0,38.9,49.5,45.0,50.0,29.4,0.0,0.0,0.0,49.5,51.4,0.0,0.0,0.0,0.0,0.0,0.0,0.0,0.0,0.0,0.0,0.0,0.0,54.9,1.0,0.0,1.0,79.0,0.0,1.0,0.0,0.0,0.0,100.0,0.0,0.0,0.0,1.9,0.0,0.0,0.0,35.9,51.0,0.0,0.0,0.0,0.0,0.0,0.0,0.0,0.0,1.0,0.0,1.0,0.0,0.0,0.0,33.7,38.3,64.0,64,64,0.0,0.0,0.0,6.4652099609375,6.4652099609375,6.4652099609375,259.126,259.126,259.126,64,0.0,6.4652099609375,259.126,5
11775719.042798975,81.23112106323242,93865345.59705079,197020.77258236296,2072783.8146588323,12975140.871057728,13.271875,0.0,100.0,2.9,78.4,38.5,42.7,26.0,0.0,37.4,50.9,4.7,27.0,36.3,0.0,0.0,0.0,49.5,48.1,0.0,0.0,0.0,0.0,0.0,0.0,0.0,0.0,0.9,1.0,0.9,1.0,16.2,1.0,1.0,1.0,79.6,0.0,0.0,0.0,0.0,0.0,100.0,0.0,1.9,0.0,0.0,0.0,21.9,18.1,33.7,50.5,0.0,0.0,0.0,0.0,0.0,0.0,0.0,0.0,1.0,0.0,0.0,1.9,0.0,0.0,36.5,38.9,49.0,49,49,0.0,0.0,0.0,6.4652099609375,6.4652099609375,6.4652099609375,227.746,227.746,227.746,49,0.0,6.4652099609375,227.746,5
11775720.034537477,81.2342529296875,95795639.49016877,200998.54912441853,2114621.945105161,13237037.761839924,13.387500000000001,0.0,100.0,35.9,76.7,15.6,28.0,49.5,34.1,39.6,49.5,9.8,0.0,0.0,0.0,0.0,0.0,50.0,50.0,0.0,0.0,1.1,0.0,0.0,0.0,0.0,0.0,0.0,1.1,0.0,0.0,0.0,1.1,1.1,1.1,84.4,2.2,1.1,0.0,0.0,0.0,100.0,0.0,12.8,2.2,0.0,0.0,3.2,9.6,36.3,50.0,0.0,0.0,0.0,0.0,0.0,0.0,0.0,0.0,0.0,0.0,1.1,1.1,5.4,26.6,37.0,39.6,61.0,61,61,0.0,0.0,0.0,6.4652099609375,6.4652099609375,6.4652099609375,259.888,259.888,259.888,61,0.0,6.4652099609375,259.888,5
11775721.032082316,81.23128890991211,95270772.16852811,199836.63128023152,2102313.5200234773,13159989.905615713,13.3515625,0.0,100.0,19.0,80.2,15.5,30.3,26.0,38.4,38.3,50.0,21.2,17.5,0.0,0.0,0.0,0.0,50.0,51.9,40.4,0.0,0.0,0.0,0.0,16.3,0.0,0.0,1.0,1.0,1.0,1.0,0.0,0.0,0.0,0.0,78.8,1.9,1.9,1.0,1.0,0.0,100.0,0.0,1.0,0.0,1.0,1.0,0.0,0.0,35.6,52.4,0.0,0.0,0.0,0.0,0.0,0.0,0.0,0.0,2.9,2.9,1.0,0.0,1.0,0.0,35.3,36.8,55.0,55,55,0.0,0.0,0.0,6.4652099609375,6.4652099609375,6.4652099609375,250.218,250.218,250.218,55,0.0,6.4652099609375,250.218,5
11775722.042807296,81.23740005493164,94060710.7225847,197238.61967301767,2074898.751590178,12992432.41718381,13.5171875,0.0,100.0,4.0,83.5,2.0,31.3,1.0,33.7,39.4,52.0,20.4,54.1,19.2,0.0,0.0,0.0,50.5,53.5,36.6,18.2,0.0,0.0,0.0,0.0,0.0,0.0,1.0,0.0,1.0,2.0,0.0,1.0,1.0,2.0,78.8,3.0,1.0,1.0,2.0,2.0,100.0,1.0,8.8,1.0,0.0,0.0,0.0,0.0,36.1,50.0,0.0,0.0,0.0,0.0,0.0,0.0,0.0,0.0,1.0,0.0,0.0,0.0,0.0,0.0,34.7,37.3,51.0,51,51,0.0,0.0,0.0,6.4652099609375,6.4652099609375,6.4652099609375,248.105,248.105,248.105,51,0.0,6.4652099609375,248.105,5
11775723.043194424,81.23183059692383,95065350.49892318,199283.85155292775,2096340.4469877537,13126694.283286598,13.19375,0.0,100.0,2.9,78.8,1.0,57.9,1.0,8.9,39.6,48.0,11.9,56.0,26.0,1.0,0.0,1.0,51.0,49.5,2.0,38.5,1.0,0.0,0.0,0.0,17.3,0.0,1.0,1.0,0.0,0.0,1.0,0.0,0.0,0.0,86.0,1.0,1.0,0.0,1.0,0.0,100.0,0.0,0.0,1.0,1.9,0.0,0.0,0.0,32.3,49.0,0.0,0.0,0.0,0.0,0.0,0.0,0.0,0.0,1.9,0.0,0.0,0.0,0.0,0.0,35.3,37.7,50.0,50,50,0.0,0.0,0.0,6.4652099609375,6.4652099609375,6.4652099609375,229.154,229.154,229.154,50,0.0,6.4652099609375,229.154,5
11775724.044345217,81.23373413085938,95028196.26780915,199134.83712998868,2094741.3873960697,13116681.421858983,13.140625,0.0,100.0,2.0,77.6,27.7,9.3,0.0,29.2,37.9,50.0,31.3,17.5,48.5,0.0,0.0,0.0,50.0,50.0,9.0,0.0,0.0,0.0,0.0,0.0,46.5,2.0,0.0,1.0,1.0,1.0,1.0,1.0,1.0,0.0,78.1,1.0,0.0,0.0,0.0,0.0,100.0,0.0,1.0,2.0,1.0,0.0,0.0,0.0,34.7,51.0,0.0,0.0,0.0,0.0,0.0,0.0,0.0,0.0,1.0,2.0,2.0,0.0,0.0,0.0,35.1,37.6,48.0,48,48,0.0,0.0,0.0,6.4652099609375,6.4652099609375,6.4652099609375,239.584,239.584,239.584,48,0.0,6.4652099609375,239.584,5
11775725.042387951,81.23152923583984,95359578.0274411,199762.98923900977,2101264.733305418,13157528.779252287,13.3421875,0.0,100.0,4.0,80.2,24.0,5.0,5.0,44.2,39.0,50.5,42.7,1.0,44.8,0.0,0.0,0.0,51.0,50.5,2.0,1.0,0.0,0.0,0.0,0.0,53.0,0.0,1.0,0.0,1.0,0.0,0.0,2.0,0.0,2.0,79.2,1.0,1.0,0.0,0.0,0.0,100.0,0.0,1.0,0.0,0.0,0.0,2.0,0.0,34.4,50.5,0.0,0.0,0.0,0.0,0.0,0.0,0.0,0.0,2.0,3.0,1.0,0.0,0.0,0.0,36.7,38.2,48.0,48,48,0.0,0.0,0.0,6.4652099609375,6.4652099609375,6.4652099609375,239.494,239.494,239.494,48,0.0,6.4652099609375,239.494,5
11775726.045515863,81.23357009887695,94908710.89863555,198757.30462994892,2090612.747176516,13090829.037984202,13.625,0.0,100.0,6.0,82.5,43.0,3.0,5.1,23.2,39.2,50.5,35.8,0.0,52.1,0.0,0.0,0.0,50.5,47.9,0.0,0.0,0.0,0.0,0.0,17.3,15.2,0.0,0.0,0.0,1.0,40.6,0.0,0.0,1.0,0.0,84.2,1.0,1.0,0.0,0.0,0.0,100.0,0.0,1.0,2.0,0.0,0.0,0.0,0.0,36.1,51.5,0.0,0.0,0.0,0.0,0.0,0.0,0.0,0.0,1.0,1.0,2.0,1.0,2.0,1.0,35.1,38.2,49.0,49,49,0.0,0.0,0.0,6.4652099609375,6.4652099609375,6.4652099609375,245.297,245.297,245.297,49,0.0,6.4652099609375,245.297,5
11775727.044404764,81.23150253295898,95344149.83687644,199600.77632206923,2099484.7364335265,13146382.939464623,13.0609375,0.0,100.0,2.0,78.4,45.8,0.0,4.0,20.4,38.5,49.0,41.4,0.0,46.9,0.0,0.0,0.0,49.5,51.5,0.0,0.0,0.0,0.0,0.0,0.0,0.0,0.0,0.0,1.9,1.0,1.0,0.0,1.0,0.0,1.0,78.8,0.0,0.0,0.0,0.0,0.0,100.0,0.0,2.9,0.0,1.0,0.0,0.0,0.0,34.7,49.0,2.0,0.0,0.0,0.0,0.0,0.0,0.0,55.4,2.0,2.0,0.0,0.0,0.0,0.0,35.4,39.4,48.0,48,48,0.0,0.0,0.0,6.4652099609375,6.4652099609375,6.4652099609375,233.635,233.635,233.635,48,0.0,6.4652099609375,233.635,5
11775728.045207513,81.23007202148438,95194438.68643914,199226.07131749036,2095469.8620545953,13121242.925287172,13.296875,0.0,100.0,12.4,79.2,19.4,8.1,30.0,37.1,40.0,49.5,28.1,2.0,60.8,0.0,0.0,0.0,51.0,50.0,0.0,0.0,0.0,0.0,0.0,0.0,0.0,1.0,5.0,0.0,0.0,1.0,0.0,1.0,2.0,0.0,84.8,1.0,0.0,0.0,1.0,0.0,100.0,0.0,0.0,2.0,2.0,0.0,0.0,0.0,35.1,51.5,1.0,1.0,0.0,0.0,0.0,0.0,0.0,15.8,2.0,1.0,0.0,0.0,0.0,0.0,37.0,38.2,46.0,46,46,0.0,0.0,0.0,6.4652099609375,6.4652099609375,6.4652099609375,244.474,244.474,244.474,46,0.0,6.4652099609375,244.474,5
11775729.03271163,81.23339462280273,96512247.73737507,201924.2214070336,2123689.3735347535,13297945.569438318,13.3625,0.0,100.0,24.5,84.4,28.4,0.0,4.2,24.2,39.6,49.5,58.3,0.0,29.8,0.0,0.0,0.0,50.5,51.5,0.0,0.0,0.0,0.0,0.0,0.0,0.0,1.0,2.1,1.0,40.8,0.0,0.0,15.5,0.0,1.0,78.3,0.0,0.0,0.0,0.0,0.0,100.0,0.0,2.1,3.1,0.0,0.0,1.0,0.0,35.1,52.6,1.0,0.0,0.0,0.0,0.0,0.0,0.0,0.0,0.0,0.0,0.0,2.0,0.0,0.0,35.1,38.6,52.0,52,52,0.0,0.0,0.0,6.4652099609375,6.4652099609375,6.4652099609375,246.199,246.199,246.199,52,0.0,6.4652099609375,246.199,5
11775730.046754174,81.23117065429688,94021327.44320627,196652.49878116755,2068110.4692946489,12949926.102653602,13.2015625,0.0,100.0,22.8,78.8,46.9,2.9,0.0,8.7,39.3,48.5,26.3,0.0,62.6,0.0,0.0,0.0,49.5,50.0,0.0,0.0,0.0,0.0,0.0,0.0,0.0,0.0,13.6,0.0,0.0,2.0,9.7,0.0,30.4,1.0,79.0,0.0,1.0,0.0,0.0,0.0,100.0,0.0,1.9,2.0,7.8,0.0,0.0,0.0,34.0,49.0,0.0,0.0,1.0,0.0,0.0,0.0,0.0,0.0,0.0,0.0,1.0,0.0,1.9,0.0,35.6,37.7,49.0,49,49,0.0,0.0,0.0,6.4652099609375,6.4652099609375,6.4652099609375,241.164,241.164,241.164,49,0.0,6.4652099609375,241.164,5
11775731.047260543,81.23258590698242,95325991.83499187,199313.07395891641,2096090.603864771,13125129.835918859,13.346875,0.0,100.0,2.0,78.4,40.2,27.4,1.0,3.0,38.5,50.5,39.8,1.0,48.0,0.0,0.0,0.0,51.0,50.5,0.0,0.0,0.0,0.0,0.0,16.0,0.0,0.0,0.0,1.0,0.0,0.0,55.4,2.0,1.0,0.0,79.8,0.0,0.0,0.0,0.0,0.0,100.0,0.0,1.0,3.0,0.0,0.0,0.0,0.0,33.3,50.5,0.0,0.0,1.0,0.0,0.0,0.0,0.0,0.0,3.0,0.0,0.0,0.0,0.0,0.0,37.4,38.5,49.0,49,49,0.0,0.0,0.0,6.4652099609375,6.4652099609375,6.4652099609375,232.254,232.254,232.254,49,0.0,6.4652099609375,232.254,5
11775732.04407953,81.23061752319336,95711382.26704887,200058.38857688993,2103844.358800944,13173681.668585598,13.35625,0.0,100.0,2.0,81.4,23.2,43.6,1.0,5.1,38.8,51.5,40.2,1.0,48.4,0.0,0.0,0.0,52.0,52.0,0.0,0.0,0.0,0.0,0.0,0.0,0.0,0.0,0.0,0.0,2.0,0.0,30.0,0.0,27.0,2.0,84.4,0.0,0.0,0.0,0.0,0.0,100.0,0.0,1.0,2.0,0.0,0.0,0.0,1.0,36.5,50.5,0.0,1.0,0.0,2.0,0.0,0.0,0.0,0.0,1.0,0.0,0.0,0.0,0.0,0.0,35.4,38.8,47.0,47,47,0.0,0.0,0.0,6.4652099609375,6.4652099609375,6.4652099609375,242.675,242.675,242.675,47,0.0,6.4652099609375,242.675,5
11775733.042949207,81.29412078857422,95547589.54197347,199654.67406939017,2099525.1394429584,13146635.931746336,15.3359375,0.0,83.0,5.1,83.0,17.7,50.0,0.0,6.1,39.6,50.5,50.0,0.0,37.9,0.0,0.0,0.0,50.5,52.0,1.0,0.0,0.0,0.0,0.0,0.0,0.0,0.0,0.0,3.0,0.0,1.0,0.0,0.0,18.6,38.8,76.3,1.0,0.0,0.0,0.0,0.0,74.5,22.7,49.5,23.7,22.7,21.9,22.7,0.0,33.0,50.5,0.0,0.0,0.0,1.0,0.0,1.0,0.0,1.0,1.0,1.0,0.0,0.0,0.0,0.0,35.1,38.1,59.0,59,59,0.0,0.0,0.0,6.4652099609375,6.4652099609375,6.4652099609375,244.244,244.244,244.244,59,0.0,6.4652099609375,244.244,5
11775734.04442046,81.23169326782227,95334732.47816376,199144.0087573878,2094071.0913901299,13112484.21679054,13.425,0.0,100.0,2.9,78.0,52.0,15.8,0.0,7.8,38.5,49.5,30.3,2.0,59.2,2.9,1.0,0.0,49.0,52.0,0.0,0.0,0.0,0.0,0.0,0.0,0.0,1.0,1.0,0.0,1.0,18.8,2.9,1.0,0.0,35.9,86.3,1.0,0.0,0.0,0.0,0.0,0.0,0.0,100.0,1.9,1.0,0.0,0.0,0.0,35.7,51.5,0.0,0.0,0.0,0.0,0.0,0.0,0.0,1.0,1.0,1.0,0.0,0.0,0.0,0.0,37.0,39.3,48.0,48,48,0.0,0.0,0.0,6.4652099609375,6.4652099609375,6.4652099609375,231.073,231.073,231.073,48,0.0,6.4652099609375,231.073,5
11775735.044017488,81.23487091064453,95548879.53284489,199518.40034920938,2097997.434436492,13137069.872662878,13.1265625,0.0,100.0,3.0,78.4,48.9,19.6,0.0,4.0,39.6,50.5,33.3,2.0,55.0,0.0,0.0,0.0,50.0,51.5,0.0,0.0,0.0,0.0,0.0,1.0,0.0,1.0,0.0,1.0,2.0,19.2,1.0,30.0,5.9,1.0,77.1,0.0,2.0,0.0,0.0,0.0,0.0,0.0,100.0,0.0,1.0,2.0,0.0,0.0,34.7,50.5,0.0,0.0,0.0,0.0,0.0,0.0,0.0,0.0,0.0,2.0,0.0,0.0,0.0,0.0,34.7,38.2,46.0,46,46,0.0,0.0,0.0,6.4652099609375,6.4652099609375,6.4652099609375,241.229,241.229,241.229,46,0.0,6.4652099609375,241.229,5
11775736.043458257,81.23143768310547,95596525.56605378,199560.60052735233,2098325.449198231,13139123.808846736,13.5625,0.0,100.0,4.0,83.3,25.8,38.5,4.1,8.9,38.8,50.0,31.6,0.0,56.7,0.0,0.0,0.0,50.5,48.5,0.0,0.0,0.0,0.0,0.0,17.0,0.0,0.0,1.0,0.0,0.0,1.0,0.0,57.6,0.0,0.0,79.6,1.0,0.0,0.0,0.0,0.0,0.0,0.0,100.0,1.0,1.0,1.0,0.0,0.0,36.7,50.5,1.0,0.0,0.0,0.0,0.0,0.0,0.0,0.0,1.0,0.0,3.0,0.0,1.0,0.0,35.7,38.2,47.0,47,47,0.0,0.0,0.0,6.4652099609375,6.4652099609375,6.4652099609375,243.735,243.735,243.735,47,0.0,6.4652099609375,243.735,5
11775737.044337047,81.23500061035156,95491816.70882113,199282.87212639189,2095310.6611196692,13120246.05380793,13.1421875,0.0,100.0,3.1,79.2,26.3,0.0,41.3,5.2,38.6,48.4,50.5,37.9,0.0,0.0,0.0,0.0,49.5,52.0,0.0,0.0,0.0,0.0,0.0,0.0,0.0,0.0,1.0,12.4,1.0,0.0,0.0,0.0,1.0,1.0,83.2,3.0,2.0,0.0,0.0,0.0,0.0,0.0,100.0,0.0,1.0,0.0,0.0,0.0,34.4,50.5,0.0,0.0,0.0,0.0,0.0,0.0,0.0,0.0,1.0,27.8,15.6,0.0,0.0,0.0,35.8,38.4,49.0,49,49,0.0,0.0,0.0,6.4652099609375,6.4652099609375,6.4652099609375,240.212,240.212,240.212,49,0.0,6.4652099609375,240.212,5
11775738.044476585,81.23212814331055,95595054.83824234,199430.1718730485,2096859.4080152586,13129943.871283045,13.29375,0.0,100.0,4.9,78.6,18.6,1.9,45.4,3.9,38.7,52.4,40.0,50.5,0.0,0.0,0.0,1.0,51.0,50.5,0.0,0.0,0.0,0.0,0.0,0.0,0.0,0.0,0.0,1.9,0.0,0.0,1.0,0.0,1.9,1.0,79.6,8.0,7.8,1.0,0.0,0.0,0.0,0.0,100.0,2.0,0.0,0.0,0.0,1.0,36.6,51.0,0.0,0.0,0.0,0.0,0.0,0.0,0.0,0.0,1.0,0.0,46.5,0.0,0.0,0.0,35.0,38.1,49.0,49,49,0.0,0.0,0.0,6.4652099609375,6.4652099609375,6.4652099609375,229.815,229.815,229.815,49,0.0,6.4652099609375,229.815,5
11775739.045433296,81.23427963256836,95549647.65569612,199275.35119346995,2095147.5504902485,13119224.70092136,13.025,0.0,100.0,2.0,81.6,37.5,2.0,29.2,3.1,38.8,47.4,53.6,9.2,25.5,2.0,0.0,0.0,49.5,47.9,0.0,0.0,0.0,0.0,0.0,0.0,0.0,0.0,0.0,1.0,3.0,1.0,1.0,1.0,0.0,0.0,78.4,13.3,43.0,1.0,0.0,0.0,0.0,0.0,100.0,1.0,0.0,0.0,0.0,0.0,33.7,49.0,0.0,0.0,0.0,0.0,0.0,0.0,0.0,0.0,1.0,1.0,2.0,0.0,0.0,0.0,35.7,38.2,55.0,55,55,0.0,0.0,0.0,6.4652099609375,6.4652099609375,6.4652099609375,244.773,244.773,244.773,55,0.0,6.4652099609375,244.773,5
11775740.045192355,81.23029327392578,95699528.901974,199526.07393209526,2097657.4108364903,13134940.740511306,13.4421875,0.0,100.0,5.0,80.9,27.7,1.0,41.9,9.3,40.2,51.0,57.6,1.0,30.2,0.0,0.0,0.0,51.0,52.0,0.0,0.0,0.0,0.0,0.0,0.0,0.0,0.0,1.0,0.0,0.0,0.0,0.0,0.0,1.0,1.0,85.3,33.7,24.0,1.0,1.0,0.0,0.0,0.0,100.0,1.0,0.0,0.0,0.0,0.0,34.4,52.0,0.0,0.0,0.0,1.0,0.0,0.0,0.0,0.0,0.0,1.0,1.0,0.0,0.0,0.0,35.1,38.0,52.0,52,52,0.0,0.0,0.0,6.4652099609375,6.4652099609375,6.4652099609375,245.737,245.737,245.737,52,0.0,6.4652099609375,245.737,5
11775741.045946276,81.23353576660156,95639746.2322798,199336.7159583906,2095572.1051776344,13121883.142967766,13.4734375,0.0,100.0,2.0,77.8,16.8,21.0,37.1,1.9,40.0,50.5,37.4,1.9,51.5,1.9,0.0,0.0,48.0,50.0,0.0,0.0,0.0,0.0,0.0,14.4,0.0,1.0,0.0,1.0,0.0,1.0,1.0,1.0,0.0,1.0,79.0,48.0,10.7,1.9,0.0,0.0,1.0,0.0,100.0,1.9,0.0,0.0,0.0,0.0,34.0,49.5,0.0,1.0,0.0,1.0,0.0,0.0,0.0,0.0,0.0,0.0,0.0,0.0,1.0,0.0,36.6,38.5,57.0,57,57,0.0,0.0,0.0,6.4652099609375,6.4652099609375,6.4652099609375,231.911,231.911,231.911,57,0.0,6.4652099609375,231.911,5
11775742.044557285,81.2702407836914,95877660.23128396,199765.47249366302,2100068.9774373914,13154142.9895346,13.378125,0.0,100.0,4.1,81.2,2.0,31.9,34.7,6.1,38.8,50.5,54.2,0.0,34.4,0.0,0.0,0.0,51.5,52.0,25.3,0.0,0.0,0.0,0.0,3.0,0.0,1.0,1.0,0.0,1.0,1.0,0.0,1.0,1.0,1.0,78.9,31.3,2.0,0.0,3.0,1.0,0.0,0.0,100.0,0.0,0.0,0.0,0.0,0.0,34.7,51.0,0.0,0.0,0.0,0.0,0.0,0.0,0.0,0.0,2.9,0.0,0.0,0.0,0.0,0.0,37.4,37.3,57.0,57,57,0.0,0.0,0.0,6.4652099609375,6.4652099609375,6.4652099609375,239.103,239.103,239.103,57,0.0,6.4652099609375,239.103,5
11775743.044739025,81.27629852294922,95759738.61075474,199458.75033682378,2096770.932536508,13133485.118446447,13.51875,0.0,100.0,6.0,82.7,4.1,24.2,41.9,4.0,38.8,48.5,35.1,0.0,52.6,0.0,0.0,0.0,50.5,49.5,55.4,0.0,0.0,0.0,0.0,0.0,0.0,0.0,1.0,1.0,0.0,2.0,0.0,1.0,0.0,0.0,83.8,1.0,2.0,3.0,1.0,0.0,0.0,1.0,100.0,3.0,4.0,0.0,0.0,0.0,34.4,51.0,2.0,1.0,1.0,1.0,0.0,0.0,0.0,1.0,0.0,0.0,1.0,1.0,1.0,0.0,35.1,38.6,56.0,56,56,0.0,0.0,0.0,6.4652099609375,6.4652099609375,6.4652099609375,240.272,240.272,240.272,56,0.0,6.4652099609375,240.272,5
11775744.045845674,81.23653793334961,95703856.36207613,199288.45750080416,2094833.7529872158,13121351.26138672,13.2890625,0.0,100.0,3.0,78.4,1.0,38.5,16.0,15.3,38.7,51.5,42.3,1.0,45.9,0.0,0.0,0.0,49.5,50.5,19.8,37.6,0.0,1.0,0.0,0.0,0.0,0.0,1.0,1.0,1.9,1.0,1.0,1.0,1.0,1.0,78.6,3.1,4.0,1.0,1.0,1.0,0.0,1.0,100.0,0.0,0.0,0.0,0.0,0.0,35.4,49.0,0.0,0.0,0.0,0.0,0.0,0.0,1.0,0.0,0.0,0.0,1.0,1.0,1.0,0.0,36.0,37.5,50.0,50,50,0.0,0.0,0.0,6.4652099609375,6.4652099609375,6.4652099609375,242.517,242.517,242.517,50,0.0,6.4652099609375,242.517,5
11775745.035141481,81.23184585571289,96882169.46582158,201678.80894828538,2119843.211424993,13278002.302812407,13.2359375,0.0,100.0,3.1,76.8,2.0,30.9,5.1,9.2,40.8,49.5,70.8,29.2,19.8,0.0,0.0,0.0,48.5,49.0,29.6,25.8,0.0,0.0,0.0,0.0,0.0,0.0,0.0,1.0,0.0,2.0,0.0,0.0,0.0,1.0,85.3,2.0,0.0,2.1,2.0,0.0,0.0,0.0,100.0,1.0,0.0,0.0,0.0,0.0,33.7,50.5,0.0,0.0,0.0,0.0,0.0,0.0,0.0,1.0,1.0,0.0,0.0,1.0,0.0,0.0,34.4,39.0,58.0,58,58,0.0,0.0,0.0,6.4652099609375,6.4652099609375,6.4652099609375,240.857,240.857,240.857,58,0.0,6.4652099609375,240.857,5
11775746.044799222,81.23263168334961,94963339.69934294,197612.50964393574,2077091.9844266977,13010222.644641444,13.4328125,0.0,100.0,3.0,84.5,0.0,44.2,20.6,7.9,39.4,50.5,49.0,41.8,0.0,0.0,0.0,0.0,51.5,51.5,56.4,2.9,6.0,0.0,0.0,0.0,0.0,0.0,1.0,0.0,0.0,2.0,0.0,1.0,2.0,0.0,78.6,1.0,1.0,1.0,0.0,0.0,1.0,0.0,100.0,0.0,0.0,0.0,1.0,0.0,35.7,49.0,0.0,0.0,0.0,0.0,0.0,2.0,0.0,0.0,0.0,0.0,0.0,0.0,0.0,0.0,35.7,38.5,55.0,55,55,0.0,0.0,0.0,6.4652099609375,6.4652099609375,6.4652099609375,243.343,243.343,243.343,55,0.0,6.4652099609375,243.343,5
11775747.046040922,81.23009872436523,95794142.34411864,199281.55195270685,2094551.194266112,13119581.406272307,13.403125,0.0,100.0,35.4,79.4,1.0,0.0,33.0,4.0,39.6,50.5,43.3,45.4,0.0,0.0,0.0,0.0,51.0,47.4,36.4,19.0,0.0,0.0,0.0,17.2,0.0,1.0,0.0,1.0,1.0,1.0,0.0,0.0,0.0,2.0,78.1,2.0,3.0,1.0,0.0,0.0,0.0,1.0,100.0,2.0,1.0,0.0,0.0,0.0,32.3,50.0,0.0,2.0,0.0,0.0,1.0,0.0,1.0,1.0,2.0,0.0,0.0,0.0,0.0,0.0,33.0,38.8,56.0,56,56,0.0,0.0,0.0,6.4652099609375,6.4652099609375,6.4652099609375,241.743,241.743,241.743,56,0.0,6.4652099609375,241.743,5
11775748.048951654,81.23277282714844,95667269.27915335,198960.8783319631,2091065.470159532,13097747.974221913,13.1625,0.0,100.0,22.2,77.5,7.6,17.4,58.0,16.0,39.2,48.9,28.6,17.6,0.0,0.0,0.0,0.0,48.9,51.6,11.8,34.8,0.0,0.0,0.0,0.0,0.0,0.0,1.1,0.0,0.0,1.1,0.0,0.0,0.0,0.0,83.5,0.0,0.0,0.0,0.0,0.0,0.0,0.0,100.0,0.0,0.0,0.0,0.0,0.0,36.3,50.0,2.2,0.0,0.0,0.0,0.0,0.0,0.0,0.0,7.6,2.1,0.0,2.1,2.1,0.0,36.3,37.9,72.0,72,72,0.0,0.0,0.0,6.4652099609375,6.4652099609375,6.4652099609375,252.669,252.669,252.669,72,0.0,6.4652099609375,252.669,5
11775749.035988891,81.23118209838867,97238858.20192753,202167.65120046763,2124693.9019397087,13308385.436563762,13.028125,0.0,100.0,8.7,79.4,17.6,25.7,20.4,58.7,39.8,50.0,9.9,14.7,0.0,0.0,0.0,0.0,49.0,49.5,0.0,0.0,0.0,0.0,0.0,0.0,0.0,0.9,0.0,1.0,21.4,0.0,0.9,1.0,28.0,0.0,79.4,2.8,2.8,1.0,0.0,0.0,0.0,0.9,100.0,0.0,0.0,0.0,0.0,0.0,35.3,51.4,0.0,0.0,1.0,0.0,1.0,0.0,0.0,0.0,9.5,1.0,0.0,0.0,0.0,0.0,33.7,37.4,56.0,56,56,0.0,0.0,0.0,6.4652099609375,6.4652099609375,6.4652099609375,237.822,237.822,237.822,56,0.0,6.4652099609375,237.822,5
11775750.04612394,81.23287963867188,95050406.47289099,197545.86299868548,2076110.5181681565,13004075.062041558,13.321875,0.0,100.0,4.9,86.0,1.9,61.9,7.8,28.0,39.8,49.5,28.0,39.0,0.0,0.0,0.0,0.0,48.0,49.0,0.0,0.0,0.0,0.0,0.0,0.0,0.0,0.0,1.9,0.0,34.6,24.0,0.0,0.0,0.0,1.0,78.6,1.0,1.9,1.9,0.0,0.0,0.0,0.0,100.0,0.0,0.0,0.0,0.0,0.0,35.0,48.5,0.0,0.0,1.0,1.0,1.0,2.0,0.0,0.0,0.0,0.0,1.0,0.0,0.0,0.0,36.3,38.1,56.0,56,56,0.0,0.0,0.0,6.4652099609375,6.4652099609375,6.4652099609375,245.841,245.841,245.841,56,0.0,6.4652099609375,245.841,5
11775751.04575934,81.38389587402344,96081421.26211858,199628.78460484912,2097916.8999760896,13140663.08246742,15.253125,0.0,100.0,7.1,78.1,1.0,44.2,1.0,43.3,38.2,48.5,50.5,18.4,0.0,0.0,0.0,0.0,49.0,50.0,0.0,0.0,0.0,0.0,0.0,0.0,0.0,0.0,0.0,2.0,30.3,10.9,6.0,0.0,9.2,1.0,85.7,0.0,0.0,0.0,0.0,0.0,23.8,23.0,100.0,23.0,23.5,22.2,22.2,0.0,35.7,49.5,0.0,0.0,1.0,1.0,0.0,2.0,1.0,0.0,1.0,0.0,0.0,0.0,0.0,0.0,34.7,38.2,56.0,56,56,0.0,0.0,0.0,6.4671630859375,6.4671630859375,6.4671630859375,240.498,240.498,240.498,56,0.0,6.4671630859375,240.498,5
11775752.04661684,81.38919830322266,95999496.57599533,199394.01992764694,2095355.236034899,13124617.660085784,13.5609375,0.0,100.0,4.1,76.6,0.0,44.8,34.4,19.8,38.0,50.0,5.3,40.9,20.2,0.0,0.0,0.0,52.6,51.5,0.0,0.0,0.0,0.0,0.0,18.4,0.0,0.0,1.0,0.0,25.3,1.0,5.2,21.4,10.1,1.0,76.8,1.0,1.0,1.0,0.0,0.0,0.0,0.0,100.0,0.0,0.0,1.0,0.0,0.0,34.4,51.5,0.0,0.0,0.0,1.0,0.0,0.0,0.0,0.0,3.1,1.0,0.0,0.0,0.0,0.0,37.1,37.4,60.0,60,60,0.0,0.0,0.0,6.4671630859375,6.4671630859375,6.4671630859375,245.576,245.576,245.576,60,0.0,6.4671630859375,245.576,5
11775753.047301808,81.33126831054688,96048709.59921923,199428.39770448982,2095716.4988989362,13126880.492126735,13.3453125,0.0,100.0,6.9,85.9,1.0,56.1,33.3,0.0,41.1,51.0,1.0,12.2,54.2,0.0,0.0,0.0,51.5,49.0,0.0,0.0,0.0,0.0,0.0,0.0,0.0,1.0,1.0,0.0,55.4,2.9,1.0,1.0,0.0,0.0,79.6,3.9,1.0,0.0,0.0,0.0,0.0,0.0,100.0,1.0,0.0,0.0,0.0,0.0,35.7,50.0,0.0,1.0,0.0,1.0,0.0,0.0,0.0,0.0,0.0,0.0,0.0,0.0,0.0,0.0,36.4,39.0,56.0,56,56,0.0,0.0,0.0,6.4671630859375,6.4671630859375,6.4671630859375,227.304,227.304,227.304,56,0.0,6.4671630859375,227.304,5
11775754.045855056,81.33670425415039,96286493.6655044,199863.15239099783,2100190.4544834793,13159005.816373048,13.30625,0.0,100.0,7.0,78.4,2.0,25.3,54.2,10.0,38.5,50.0,1.0,26.0,43.3,0.0,0.0,0.0,48.5,51.0,0.0,0.0,0.0,0.0,0.0,0.0,0.0,0.0,0.0,3.0,7.0,1.0,15.2,1.0,32.0,8.1,82.5,5.0,2.0,0.0,0.0,0.0,0.0,0.0,100.0,0.0,0.0,0.0,0.0,0.0,34.0,50.0,0.0,1.0,1.0,0.0,0.0,0.0,0.0,1.0,1.0,1.0,0.0,0.0,0.0,0.0,32.7,37.9,56.0,56,56,0.0,0.0,0.0,6.4671630859375,6.4671630859375,6.4671630859375,244.931,244.931,244.931,56,0.0,6.4671630859375,244.931,5
11775755.045760456,81.3279914855957,96188982.47984327,199600.88224781977,2097350.409394533,13141211.15886262,13.1421875,0.0,100.0,7.2,76.8,1.0,0.0,36.5,52.6,39.2,50.0,18.1,29.0,16.8,0.0,0.0,0.0,49.5,50.0,0.0,0.0,0.0,0.0,0.0,0.0,0.0,0.0,2.0,1.0,1.0,0.0,4.1,2.0,1.0,2.0,80.0,8.2,0.0,1.0,0.0,0.0,0.0,1.0,100.0,0.0,0.0,0.0,0.0,0.0,34.8,51.0,0.0,0.0,0.0,0.0,0.0,0.0,0.0,0.0,26.0,18.6,5.2,0.0,0.0,0.0,37.5,38.0,53.0,53,53,0.0,0.0,0.0,6.4671630859375,6.4671630859375,6.4671630859375,244.893,244.893,244.893,53,0.0,6.4671630859375,244.893,5
11775756.047276288,81.328125,96069689.50978681,199287.91304438747,2093977.8817418872,13120080.165289013,13.19375,0.0,100.0,2.9,78.8,7.9,1.0,51.0,36.7,40.2,50.0,28.0,0.0,39.2,0.0,0.0,0.0,51.0,50.0,0.0,0.0,0.0,0.0,0.0,0.0,0.0,1.0,0.0,1.9,1.0,0.0,0.0,0.0,1.9,0.0,79.0,2.0,1.0,2.9,1.0,0.0,0.0,0.0,100.0,0.0,0.0,0.0,0.0,0.0,34.0,50.0,0.0,0.0,0.0,0.0,0.0,0.0,0.0,0.0,0.0,0.0,56.9,1.0,1.0,0.0,35.0,38.1,57.0,57,57,0.0,0.0,0.0,6.4671630859375,6.4671630859375,6.4671630859375,232.209,232.209,232.209,57,0.0,6.4671630859375,232.209,5
11775757.046729716,81.33379364013672,96303376.79956028,199700.1506565148,2098298.8729432253,13147153.875784896,13.7578125,0.0,100.0,7.0,85.6,6.0,1.0,55.2,34.7,42.6,52.0,50.0,2.0,19.2,1.0,0.0,0.0,49.0,49.0,0.0,0.0,1.0,0.0,0.0,16.2,0.0,0.0,0.0,1.0,0.0,1.0,1.0,0.0,0.0,1.0,85.6,1.0,0.0,0.0,0.0,0.0,0.0,0.0,100.0,1.0,0.0,0.0,0.0,0.0,37.8,51.5,0.0,0.0,0.0,0.0,0.0,0.0,0.0,0.0,0.0,36.4,17.3,0.0,0.0,0.0,36.4,38.0,58.0,58,58,0.0,0.0,0.0,6.4671630859375,6.4671630859375,6.4671630859375,243.61,243.61,243.61,58,0.0,6.4671630859375,243.61,5
11775758.050192688,81.3341293334961,95951154.82600845,198909.18304481314,2089914.6837182534,13094621.69017218,13.0640625,0.0,100.0,7.0,77.3,9.3,0.0,64.9,14.1,49.5,49.0,35.8,0.0,31.2,1.0,1.0,1.0,49.0,50.5,0.0,0.0,0.0,0.0,0.0,0.0,0.0,1.0,1.0,0.0,2.0,0.0,0.0,2.0,1.0,1.0,78.6,49.5,0.0,1.0,0.0,0.0,0.0,0.0,100.0,0.0,0.0,0.0,0.0,0.0,32.6,49.5,0.0,0.0,0.0,0.0,0.0,0.0,0.0,0.0,1.0,1.0,3.0,0.0,0.0,0.0,34.7,36.6,55.0,55,55,0.0,0.0,0.0,6.4671630859375,6.4671630859375,6.4671630859375,239.316,239.316,239.316,55,0.0,6.4671630859375,239.316,5
11775759.049510667,81.33266830444336,96381861.41108446,199746.2310363307,2098583.276941551,13148935.844586905,13.471875,0.0,100.0,8.2,77.9,52.6,2.0,36.8,0.0,51.5,49.5,38.7,3.1,29.8,2.0,3.0,0.0,49.5,50.5,0.0,0.0,0.0,0.0,0.0,0.0,0.0,0.0,0.0,1.0,20.8,0.0,0.0,1.0,0.0,0.0,78.7,2.0,34.7,0.0,1.0,0.0,0.0,0.0,100.0,0.0,0.0,0.0,0.0,0.0,38.8,50.0,0.0,0.0,0.0,1.0,0.0,0.0,0.0,0.0,2.0,0.0,0.0,0.0,0.0,0.0,37.1,39.0,68.0,68,68,0.0,0.0,0.0,6.4671630859375,6.4671630859375,6.4671630859375,245.056,245.056,245.056,68,0.0,6.4671630859375,245.056,5
11775760.046843303,81.36275482177734,96606495.6629086,200143.85646412583,2102760.827971817,13175110.812760916,13.584375,0.0,100.0,6.9,79.6,2.0,46.9,43.6,0.0,50.0,49.5,16.2,0.0,49.5,0.0,0.0,0.0,49.0,50.5,0.0,0.0,0.0,0.0,0.0,0.0,0.0,1.0,0.0,0.0,6.9,49.0,1.0,0.0,1.0,1.0,85.1,1.0,2.9,1.0,0.0,0.0,0.0,0.0,100.0,0.0,0.0,0.0,0.0,0.0,33.7,50.5,0.0,0.0,0.0,0.0,15.5,0.0,0.0,0.0,1.0,0.0,1.0,1.0,0.0,0.0,35.0,38.1,56.0,56,56,0.0,0.0,0.0,6.4671630859375,6.4671630859375,6.4671630859375,229.153,229.153,229.153,56,0.0,6.4671630859375,229.153,5
11775761.046890425,81.33247756958008,96379703.47300726,199611.59406275564,2097053.184343812,13139348.858154196,13.4921875,0.0,100.0,11.2,84.5,2.0,50.0,41.2,1.0,48.0,49.5,23.5,0.0,43.5,0.0,0.0,0.0,50.0,49.5,0.0,0.0,0.0,0.0,0.0,0.0,0.0,1.0,1.0,0.0,1.0,57.6,0.0,0.0,2.0,1.0,77.9,2.0,0.0,0.0,0.0,0.0,0.0,0.0,100.0,3.0,0.0,0.0,0.0,0.0,34.7,49.5,0.0,0.0,0.0,0.0,0.0,0.0,0.0,0.0,0.0,2.0,1.0,0.0,0.0,0.0,37.1,38.8,55.0,55,55,0.0,0.0,0.0,6.4671630859375,6.4671630859375,6.4671630859375,242.973,242.973,242.973,55,0.0,6.4671630859375,242.973,5
11775762.047699943,81.3289680480957,96341687.60996169,199468.5265136091,2095455.6896011038,13129339.555156916,13.9015625,0.0,100.0,12.2,77.4,10.2,46.9,27.7,14.6,48.4,49.0,50.5,1.0,16.8,0.0,0.0,0.0,49.0,50.5,0.0,0.0,0.0,1.0,0.0,0.0,0.0,0.0,1.0,2.0,0.0,36.7,18.6,1.0,0.0,1.0,85.4,0.0,2.0,1.0,0.0,0.0,0.0,0.0,100.0,15.5,1.0,0.0,1.0,0.0,36.8,50.5,0.0,0.0,0.0,0.0,0.0,0.0,0.0,0.0,3.1,1.0,3.1,1.0,1.0,0.0,34.4,37.4,53.0,53,53,0.0,0.0,0.0,6.4671630859375,6.4671630859375,6.4671630859375,244.461,244.461,244.461,53,0.0,6.4671630859375,244.461,5
11775763.047808504,81.33127212524414,96441899.2146451,199615.3296505771,2096924.3567443264,13138541.672726171,13.2296875,0.0,100.0,6.9,77.8,1.0,18.8,32.0,37.4,50.5,49.5,17.0,0.0,51.0,0.0,0.0,0.0,49.5,49.0,0.0,0.0,0.0,0.0,0.0,0.0,0.0,0.0,1.9,1.0,0.0,0.0,24.5,5.0,26.7,0.0,78.4,1.9,2.9,0.0,1.0,0.0,0.0,0.0,100.0,0.0,1.0,0.0,0.0,0.0,33.0,49.5,0.0,0.0,0.0,0.0,0.0,0.0,0.0,0.0,0.0,1.9,2.9,0.0,0.0,0.0,36.6,38.1,56.0,56,56,0.0,0.0,0.0,6.4671630859375,6.4671630859375,6.4671630859375,230.255,230.255,230.255,56,0.0,6.4671630859375,230.255,5
11775764.047932811,81.31704330444336,96473060.68954448,199612.18673817377,2096891.34099558,13138334.80842543,14.125,0.0,100.0,7.1,85.7,1.0,0.0,39.8,49.5,50.5,50.5,39.1,0.0,26.5,0.0,0.0,0.0,49.5,51.0,2.0,1.0,1.0,0.0,0.0,2.0,2.0,4.0,7.1,1.0,1.0,5.0,23.0,2.0,21.4,3.9,78.6,0.0,1.0,2.0,0.0,0.0,0.0,0.0,100.0,0.0,0.0,0.0,1.0,0.0,35.1,50.5,2.0,3.0,3.9,3.0,4.0,2.0,3.0,3.9,2.0,3.0,1.0,1.0,1.0,0.0,37.8,38.6,56.0,56,56,0.0,0.0,0.0,6.4671630859375,6.4671630859375,6.4671630859375,237.53,237.53,237.53,56,0.0,6.4671630859375,237.53,5
11775765.049619364,81.32703399658203,96355238.82726485,199310.85177679235,2093620.9981888216,13117844.066776834,13.2375,0.0,100.0,7.0,78.4,2.0,34.7,14.4,39.4,49.0,49.0,26.5,0.0,41.9,0.0,0.0,0.0,50.0,50.0,0.0,0.0,0.0,0.0,0.0,0.0,0.0,0.0,0.0,0.0,0.0,0.0,54.6,2.0,0.0,1.0,79.4,4.0,1.0,1.0,0.0,0.0,0.0,0.0,100.0,1.0,1.0,0.0,0.0,0.0,32.6,50.0,0.0,0.0,0.0,0.0,0.0,0.0,0.0,0.0,1.0,0.0,0.0,0.0,1.0,0.0,37.4,37.9,56.0,56,56,0.0,0.0,0.0,6.4671630859375,6.4671630859375,6.4671630859375,240.752,240.752,240.752,56,0.0,6.4671630859375,240.752,5
11775766.047853053,81.34698486328125,96721280.86278221,200010.28035926327,2100862.7770425766,13163218.337407393,13.1375,0.0,100.0,7.2,76.8,48.9,40.4,0.0,0.0,47.9,49.5,31.5,1.0,36.2,0.0,0.0,0.0,47.9,48.4,0.0,0.0,0.0,0.0,0.0,0.0,0.0,0.0,1.0,0.0,1.0,0.0,17.3,0.0,2.0,0.0,84.2,1.0,39.6,2.1,0.0,0.0,0.0,0.0,100.0,2.0,0.0,0.0,0.0,0.0,32.6,47.9,1.0,0.0,0.0,0.0,0.0,1.0,0.0,0.0,0.0,0.0,0.0,0.0,0.0,0.0,34.0,38.4,71.0,71,71,0.0,0.0,0.0,6.4671630859375,6.4671630859375,6.4671630859375,244.561,244.561,244.561,71,0.0,6.4671630859375,244.561,5
11775767.048808971,81.3479232788086,96490887.54619817,199467.3254328728,2095149.207475784,13127419.25309046,13.6359375,0.0,100.0,8.7,81.0,32.0,60.0,1.9,0.0,50.5,48.5,32.3,1.0,32.0,0.0,0.0,0.0,49.5,50.0,0.0,0.0,0.0,0.0,0.0,0.0,0.0,1.0,1.0,1.0,1.0,1.0,1.0,1.0,0.0,1.0,78.0,1.9,17.6,2.9,1.9,0.0,0.0,0.0,100.0,15.7,1.0,0.0,0.0,0.0,34.3,51.9,0.0,0.0,0.0,0.0,0.0,0.0,0.0,0.0,28.4,9.8,1.0,0.0,0.0,0.0,35.4,37.5,55.0,55,55,0.0,0.0,0.0,6.4671630859375,6.4671630859375,6.4671630859375,229.329,229.329,229.329,55,0.0,6.4671630859375,229.329,5
11775768.04806561,81.33052825927734,96687689.87620099,199813.5336261267,2098712.1011248785,13149743.008610567,13.4421875,0.0,100.0,6.1,83.3,53.1,37.1,1.0,0.0,49.0,50.0,33.3,0.0,33.7,1.0,0.0,0.0,51.5,50.0,0.0,0.0,0.0,0.0,0.0,0.0,0.0,1.0,17.2,0.0,0.0,0.0,0.0,0.0,1.0,1.0,83.5,2.0,1.0,1.0,0.0,0.0,0.0,0.0,100.0,1.0,0.0,0.0,0.0,0.0,33.7,50.5,0.0,0.0,0.0,0.0,0.0,0.0,0.0,0.0,3.0,39.4,2.0,0.0,0.0,0.0,35.7,38.2,55.0,55,55,0.0,0.0,0.0,6.4671630859375,6.4671630859375,6.4671630859375,247.184,247.184,247.184,55,0.0,6.4671630859375,247.184,5
11775769.047134507,81.33138656616211,96738584.56526266,199862.09215011483,2099106.483887886,13152214.063110039,13.2046875,0.0,100.0,7.1,77.7,22.9,21.9,1.0,43.6,49.5,49.0,29.0,1.0,38.0,1.0,0.0,0.0,48.4,49.5,0.0,0.0,0.0,0.0,0.0,0.0,0.0,0.0,0.0,0.0,1.0,1.0,1.0,2.0,1.0,1.0,79.6,0.0,1.0,0.0,0.0,0.0,0.0,0.0,100.0,0.0,0.0,0.0,0.0,0.0,35.8,47.9,0.0,0.0,0.0,0.0,1.0,0.0,0.0,0.0,2.0,54.7,1.0,1.0,1.0,0.0,35.1,38.4,54.0,54,54,0.0,0.0,0.0,6.4671630859375,6.4671630859375,6.4671630859375,246.082,246.082,246.082,54,0.0,6.4671630859375,246.082,5
11775770.04947689,81.33074951171875,96455267.873715,199217.35676059913,2092251.1476392897,13109261.096927425,13.3015625,0.0,100.0,7.8,78.0,22.0,37.4,0.0,28.2,49.5,49.5,23.8,2.0,44.4,1.0,0.0,0.0,49.0,50.0,0.0,0.0,0.0,0.0,0.0,0.0,0.0,1.0,1.0,1.9,20.6,5.8,0.0,1.0,0.0,0.0,79.2,8.7,2.9,0.0,0.0,0.0,0.0,0.0,100.0,1.0,0.0,0.0,0.0,0.0,32.0,50.0,1.0,1.0,0.0,0.0,0.0,0.0,0.0,0.0,0.0,28.8,1.0,0.0,0.0,0.0,35.3,36.5,58.0,58,58,0.0,0.0,0.0,6.4671630859375,6.4671630859375,6.4671630859375,235.775,235.775,235.775,58,0.0,6.4671630859375,235.775,5
11775771.046701789,81.33260345458984,96983024.68793426,200239.68534927632,2102988.004094497,13176534.213154582,13.4453125,0.0,100.0,7.1,83.5,44.3,44.9,0.0,0.0,49.5,48.0,33.3,2.0,34.7,0.0,0.0,1.0,50.0,47.9,0.0,0.0,1.0,0.0,0.0,0.0,0.0,1.0,0.0,0.0,0.0,38.4,0.0,0.0,1.0,1.0,78.1,2.0,2.0,2.0,1.0,0.0,0.0,0.0,100.0,3.0,0.0,0.0,0.0,1.0,36.4,49.5,1.0,0.0,0.0,0.0,0.0,0.0,0.0,0.0,1.0,1.0,19.0,1.0,0.0,0.0,35.1,38.8,57.0,57,57,0.0,0.0,0.0,6.4671630859375,6.4671630859375,6.4671630859375,235.606,235.606,235.606,57,0.0,6.4671630859375,235.606,5
11775772.048580198,81.33021545410156,96567906.00376078,199318.59820803875,2093220.0771643717,13115332.045983016,13.6125,0.0,100.0,8.2,80.4,20.6,17.3,39.2,10.2,50.5,52.0,37.9,3.0,26.8,0.0,0.0,0.0,52.0,53.0,0.0,0.0,0.0,0.0,0.0,0.0,0.0,0.0,0.0,1.0,1.0,0.0,1.0,1.0,0.0,1.0,86.7,11.0,0.0,0.0,0.0,0.0,0.0,0.0,100.0,15.0,0.0,0.0,0.0,0.0,35.4,50.5,0.0,0.0,0.0,0.0,0.0,0.0,0.0,0.0,9.0,8.2,16.0,11.0,0.0,0.0,33.7,38.6,53.0,53,53,0.0,0.0,0.0,6.4671630859375,6.4671630859375,6.4671630859375,241.875,241.875,241.875,53,0.0,6.4671630859375,241.875,5
11775773.05084704,81.34727478027344,96565869.34740059,199251.32854616764,2092408.8379406047,13110249.1252216,13.709375,0.0,100.0,17.0,77.7,26.5,0.0,46.4,18.4,49.0,50.0,21.3,0.0,46.7,0.0,0.0,0.0,50.5,51.0,0.0,0.0,0.0,0.0,2.0,0.0,0.0,1.0,2.0,0.0,0.0,1.0,2.0,0.0,3.0,0.0,77.9,12.4,3.0,31.3,2.0,0.0,0.0,0.0,100.0,2.0,0.0,16.0,0.0,0.0,35.1,47.9,0.0,0.0,0.0,0.0,0.0,0.0,0.0,0.0,2.0,4.0,2.0,1.0,0.0,0.0,37.1,38.2,61.0,61,61,0.0,0.0,0.0,6.4671630859375,6.4671630859375,6.4671630859375,241.136,241.136,241.136,61,0.0,6.4671630859375,241.136,5
11775774.049531229,81.33118057250977,96945014.37922926,199966.11774712996,2099915.0927408654,13157280.502954487,13.3484375,0.0,100.0,6.0,81.6,26.5,5.0,0.0,58.0,49.5,50.5,32.3,2.0,38.1,0.0,0.0,0.0,49.5,48.5,0.0,0.0,0.0,0.0,0.0,1.0,0.0,0.0,0.0,1.0,1.0,1.0,0.0,0.0,0.0,0.0,84.8,2.0,3.0,1.0,0.0,0.0,0.0,0.0,100.0,0.0,0.0,54.5,0.0,0.0,34.7,49.5,0.0,0.0,0.0,0.0,0.0,0.0,0.0,0.0,1.0,0.0,0.0,1.0,0.0,0.0,34.7,36.6,57.0,57,57,0.0,0.0,0.0,6.4671630859375,6.4671630859375,6.4671630859375,228.242,228.242,228.242,57,0.0,6.4671630859375,228.242,5
11775775.048364906,81.33126449584961,96963237.47339955,199946.2018939945,2099600.813138826,13155311.344822956,13.3,0.0,100.0,21.0,81.6,1.0,20.4,4.0,50.5,49.0,49.5,25.5,1.0,42.7,0.0,0.0,0.0,49.0,50.0,0.0,0.0,0.0,0.0,0.0,0.0,0.0,1.0,0.0,0.0,0.0,0.0,1.0,2.0,1.0,2.0,79.4,44.9,0.0,3.0,0.0,1.0,0.0,0.0,100.0,0.0,0.0,8.9,0.0,0.0,34.4,51.0,0.0,0.0,0.0,1.0,0.0,0.0,0.0,1.0,3.0,0.0,0.0,0.0,0.0,0.0,35.4,36.0,55.0,55,55,0.0,0.0,0.0,6.4671630859375,6.4671630859375,6.4671630859375,245.426,245.426,245.426,55,0.0,6.4671630859375,245.426,5
11775776.024844592,81.32974243164062,99216438.71346006,204531.6484310937,2147665.771604213,13456468.350207645,13.309375,0.0,100.0,5.3,77.2,6.2,0.0,51.6,38.3,50.0,48.9,29.7,1.0,35.2,0.0,0.0,0.0,52.1,48.4,0.0,0.0,0.0,0.0,0.0,0.0,0.0,1.0,2.0,0.0,1.0,2.0,0.0,0.0,0.0,0.0,77.4,7.4,2.1,12.6,2.1,0.0,0.0,0.0,100.0,0.0,0.0,0.0,0.0,0.0,35.5,50.0,0.0,0.0,0.0,0.0,0.0,0.0,0.0,0.0,23.4,15.5,2.1,0.0,0.0,0.0,34.8,39.0,51.0,51,51,0.0,0.0,0.0,6.4671630859375,6.4671630859375,6.4671630859375,242.345,242.345,242.345,51,0.0,6.4671630859375,242.345,5
11775777.048255296,81.36006164550781,94698571.76835054,195163.09456399817,2049179.2706780978,12839388.867842458,13.396875,0.0,100.0,6.9,81.8,0.0,0.0,48.5,41.0,49.0,50.0,34.0,0.0,30.6,1.0,0.0,0.0,49.5,49.5,0.0,0.0,0.0,0.0,0.0,0.0,0.0,0.0,0.0,1.0,1.0,0.0,1.0,1.0,1.0,1.0,84.8,1.0,3.0,2.0,0.0,0.0,0.0,0.0,100.0,1.0,1.0,0.0,0.0,0.0,35.7,48.5,0.0,0.0,0.0,0.0,0.0,0.0,0.0,0.0,44.4,12.0,1.0,0.0,0.0,0.0,37.3,37.9,57.0,57,57,0.0,0.0,0.0,6.4671630859375,6.4671630859375,6.4671630859375,243.836,243.836,243.836,57,0.0,6.4671630859375,243.836,5
11775778.048408004,81.33370971679688,96938894.74251495,199704.50370439942,2096831.7988969819,13137961.739963902,13.7546875,0.0,100.0,14.7,81.8,7.9,1.0,27.3,61.2,48.5,50.0,42.9,0.0,26.5,0.0,0.0,1.0,48.0,50.0,0.0,0.0,0.0,0.0,0.0,0.0,0.0,1.0,0.0,1.0,0.0,0.0,1.0,1.0,0.0,1.0,78.8,1.9,0.0,1.0,1.0,0.0,0.0,0.0,100.0,18.4,1.9,0.0,0.0,0.0,34.3,49.5,0.0,0.0,0.0,0.0,0.0,0.0,0.0,0.0,1.0,55.9,0.0,0.0,0.0,0.0,32.7,38.1,57.0,57,57,0.0,0.0,0.0,6.4671630859375,6.4671630859375,6.4671630859375,228.477,228.477,228.477,57,0.0,6.4671630859375,228.477,5
11775779.047383072,81.32918930053711,97085895.40884058,199946.93194271452,2099303.642786833,13153449.386836251,13.2984375,0.0,100.0,6.1,78.4,3.0,1.0,33.0,56.3,50.0,49.0,49.5,1.0,18.7,1.0,0.0,0.0,49.0,48.5,0.0,0.0,0.0,0.0,0.0,0.0,0.0,1.0,0.0,1.0,1.0,1.0,1.0,0.0,1.0,1.0,82.5,22.9,2.0,1.0,0.0,0.0,0.0,0.0,100.0,0.0,0.0,0.0,0.0,0.0,35.4,49.0,0.0,0.0,0.0,0.0,0.0,0.0,0.0,0.0,1.0,27.6,0.0,1.0,0.0,0.0,38.0,39.2,55.0,55,55,0.0,0.0,0.0,6.4671630859375,6.4671630859375,6.4671630859375,241.914,241.914,241.914,55,0.0,6.4671630859375,241.914,5
11775780.048258483,81.33229446411133,96934222.66139069,199574.2903601037,2095317.7346433385,13128475.181124667,13.5578125,0.0,100.0,4.1,76.6,5.2,1.0,43.3,45.7,49.5,50.5,24.0,0.0,42.0,0.0,1.0,0.0,49.0,50.5,0.0,0.0,0.0,0.0,0.0,0.0,0.0,0.0,1.0,0.0,0.0,1.0,0.0,2.0,0.0,0.0,80.9,55.7,2.0,1.0,0.0,0.0,0.0,0.0,100.0,18.7,1.0,0.0,0.0,0.0,34.4,50.5,0.0,0.0,0.0,1.0,0.0,0.0,0.0,0.0,1.0,0.0,2.0,0.0,0.0,0.0,35.1,38.0,52.0,52,52,0.0,0.0,0.0,6.4671630859375,6.4671630859375,6.4671630859375,245.921,245.921,245.921,52,0.0,6.4671630859375,245.921,5
11775781.051895065,81.32987213134766,96700113.12630063,199032.2031079403,2089553.1689272071,13092356.574059533,13.453125,0.0,100.0,7.8,83.0,1.9,0.0,37.6,51.5,50.0,49.0,39.4,1.0,28.0,0.0,0.0,0.0,50.5,51.0,0.0,0.0,0.0,0.0,0.0,0.0,0.0,1.0,0.0,1.0,1.0,0.0,0.0,1.9,1.0,0.0,79.2,33.0,20.4,1.0,0.0,0.0,0.0,0.0,100.0,1.9,1.9,0.0,0.0,0.0,36.0,49.0,0.0,0.0,0.0,1.0,0.0,0.0,0.0,0.0,1.9,1.9,1.0,0.0,0.0,0.0,36.9,39.3,56.0,56,56,0.0,0.0,0.0,6.4671630859375,6.4671630859375,6.4671630859375,230.735,230.735,230.735,56,0.0,6.4671630859375,230.735,5
11775782.048580552,81.37056732177734,97407312.87428011,200420.29581887953,2104126.1549948677,13183665.43988972,13.3078125,0.0,100.0,6.1,81.3,3.0,2.0,50.0,38.1,48.5,50.0,9.3,2.0,60.0,0.0,0.0,0.0,49.0,46.3,0.0,0.0,0.0,0.0,0.0,0.0,0.0,1.0,1.0,2.0,0.0,22.8,2.0,0.0,1.0,2.0,77.9,2.0,0.0,33.3,0.0,0.0,0.0,0.0,100.0,1.0,0.0,0.0,0.0,0.0,34.7,50.0,0.0,0.0,0.0,0.0,0.0,0.0,1.0,0.0,0.0,1.0,0.0,0.0,0.0,0.0,36.4,37.0,57.0,57,57,0.0,0.0,0.0,6.4671630859375,6.4671630859375,6.4671630859375,239.58,239.58,239.58,57,0.0,6.4671630859375,239.58,5
11775783.048954353,81.33105850219727,97083597.03332838,199692.35475487026,2096368.3749512464,13135058.099303903,13.815625,0.0,100.0,13.0,77.6,0.0,1.0,57.1,31.2,49.5,49.5,41.9,7.1,19.4,1.0,0.0,0.0,52.6,51.0,0.0,0.0,0.0,0.0,0.0,0.0,0.0,0.0,0.0,0.0,0.0,28.0,27.3,0.0,1.0,0.0,85.7,1.0,0.0,1.0,1.0,0.0,0.0,0.0,100.0,18.0,0.0,0.0,0.0,0.0,36.5,51.5,0.0,0.0,0.0,0.0,0.0,0.0,0.0,0.0,2.0,1.0,1.0,1.0,1.0,0.0,36.1,39.2,55.0,55,55,0.0,0.0,0.0,6.4671630859375,6.4671630859375,6.4671630859375,239.254,239.254,239.254,55,0.0,6.4671630859375,239.254,5
11775784.050121542,81.33093643188477,97042055.5482162,199545.09309651132,2094707.0802467484,13124649.049671033,12.99375,0.0,100.0,10.4,77.2,2.0,1.0,29.0,58.5,47.4,46.8,48.9,18.3,0.0,0.0,0.0,0.0,47.4,48.5,0.0,0.0,0.0,0.0,0.0,0.0,0.0,1.0,3.1,1.0,2.0,1.0,30.2,1.0,19.6,1.0,76.8,0.0,2.0,1.0,0.0,0.0,0.0,0.0,100.0,0.0,0.0,0.0,0.0,0.0,31.9,49.0,0.0,0.0,0.0,0.0,0.0,0.0,0.0,0.0,1.0,0.0,0.0,2.1,1.0,0.0,35.1,36.4,57.0,57,57,0.0,0.0,0.0,6.4671630859375,6.4671630859375,6.4671630859375,247.7,247.7,247.7,57,0.0,6.4671630859375,247.7,5
11775785.052069684,81.32954788208008,96999038.05884847,199389.560737779,2093074.392977979,13114419.243502649,13.546875,0.0,86.3,8.7,86.3,0.0,0.0,19.6,70.4,49.5,50.5,40.8,26.5,0.0,0.0,0.0,0.0,49.5,49.0,0.0,0.0,0.0,0.0,0.0,0.0,0.0,1.0,1.9,1.0,1.0,0.0,39.8,0.0,4.9,1.0,84.2,1.0,0.0,1.0,0.0,0.0,49.0,0.0,51.9,2.9,1.9,0.0,0.0,0.0,36.6,49.0,0.0,0.0,0.0,0.0,0.0,0.0,0.0,0.0,1.0,1.9,1.0,0.0,8.9,1.0,36.6,37.7,56.0,56,56,0.0,0.0,0.0,6.4671630859375,6.4671630859375,6.4671630859375,231.8,231.8,231.8,56,0.0,6.4671630859375,231.8,5
11775786.052866852,81.33663940429688,97143260.55757332,199628.8623747459,2095481.550378016,13129501.589087257,13.3875,0.0,100.0,6.1,77.1,3.0,0.0,32.3,54.7,48.5,49.0,26.3,41.1,0.0,0.0,0.0,0.0,49.5,50.0,0.0,1.0,0.0,0.0,0.0,0.0,0.0,1.0,3.0,5.1,5.1,1.0,2.0,0.0,42.4,1.0,80.2,4.1,2.0,0.0,0.0,0.0,100.0,0.0,0.0,7.1,2.0,0.0,1.0,0.0,33.7,50.5,0.0,0.0,0.0,0.0,0.0,0.0,0.0,0.0,0.0,0.0,1.0,1.0,0.0,0.0,36.4,38.6,56.0,56,56,0.0,0.0,0.0,6.4671630859375,6.4671630859375,6.4671630859375,243.195,243.195,243.195,56,0.0,6.4671630859375,243.195,5
11775787.0487559,81.32955932617188,97654845.46422821,200619.73828270394,2105808.8809982687,13194208.77000478,13.159375,0.0,100.0,8.2,77.4,1.0,1.0,45.3,44.2,50.0,48.9,40.2,26.9,1.0,0.0,0.0,0.0,49.5,48.9,0.0,0.0,0.0,0.0,0.0,0.0,0.0,0.0,0.0,0.0,1.0,1.0,0.0,0.0,4.1,1.0,77.4,25.0,0.0,0.0,0.0,0.0,100.0,0.0,22.7,6.2,2.1,0.0,0.0,0.0,34.0,50.0,0.0,0.0,0.0,0.0,0.0,0.0,0.0,0.0,2.1,2.0,0.0,0.0,0.0,0.0,34.4,36.7,56.0,56,56,0.0,0.0,0.0,6.4671630859375,6.4671630859375,6.4671630859375,246.732,246.732,246.732,56,0.0,6.4671630859375,246.732,5
11775788.05053462,81.33370971679688,97113372.32665943,199449.23529531463,2093428.3732960285,13124814.606016116,13.4203125,0.0,100.0,7.8,84.2,0.0,1.0,46.9,41.0,49.0,49.5,26.3,38.9,0.0,0.0,0.0,0.0,48.0,49.0,0.0,0.0,0.0,0.0,0.0,0.0,0.0,1.0,1.0,1.0,0.0,3.9,0.0,1.0,0.0,1.0,79.8,9.8,1.9,1.0,0.0,0.0,100.0,0.0,8.7,33.3,17.3,1.9,0.0,0.0,32.7,49.0,0.0,0.0,0.0,0.0,0.0,0.0,0.0,0.0,0.0,0.0,0.0,0.0,0.0,0.0,34.3,38.7,57.0,57,57,0.0,0.0,0.0,6.4671630859375,6.4671630859375,6.4671630859375,237.138,237.138,237.138,57,0.0,6.4671630859375,237.138,5
11775789.049507689,81.33057022094727,97418836.5352659,200009.39607916088,2099307.846720808,13161676.148386318,13.5,0.0,100.0,7.1,79.2,1.0,0.0,46.4,41.7,50.0,50.5,38.3,30.9,1.0,0.0,0.0,0.0,50.0,49.5,0.0,0.0,0.0,0.0,0.0,0.0,0.0,0.0,0.0,1.0,0.0,1.0,1.0,1.0,1.0,1.0,84.7,48.5,1.0,0.0,0.0,0.0,100.0,0.0,7.1,0.0,1.0,0.0,1.0,0.0,37.1,50.0,0.0,0.0,0.0,0.0,0.0,0.0,0.0,0.0,3.0,2.0,2.0,1.0,3.0,0.0,33.7,37.3,55.0,55,55,0.0,0.0,0.0,6.4671630859375,6.4671630859375,6.4671630859375,237.912,237.912,237.912,55,0.0,6.4671630859375,237.912,5
11775790.053112213,81.33398056030273,97007301.8679988,199095.35604319355,2089619.915204193,13100937.358995039,13.365625,0.0,100.0,14.0,78.4,2.0,1.0,38.1,50.5,49.0,47.5,30.2,38.5,1.0,0.0,0.0,0.0,51.0,49.5,0.0,0.0,0.0,0.0,0.0,0.0,0.0,0.0,6.9,1.0,1.0,1.0,21.0,1.0,0.0,0.0,78.4,0.0,1.0,1.0,0.0,0.0,100.0,0.0,31.0,3.0,1.0,0.0,0.0,0.0,34.0,50.0,0.0,0.0,0.0,0.0,0.0,0.0,0.0,0.0,0.0,1.0,1.0,0.0,0.0,0.0,35.1,36.3,53.0,53,53,0.0,0.0,0.0,6.4671630859375,6.4671630859375,6.4671630859375,238.891,238.891,238.891,53,0.0,6.4671630859375,238.891,5
11775791.050343739,81.33148956298828,97660027.21686079,200374.73217611178,2102974.0282884454,13184661.388292793,13.240625,0.0,100.0,7.3,76.3,3.1,0.0,41.5,46.2,50.5,52.0,30.1,38.0,1.0,0.0,0.0,1.0,48.9,48.4,0.0,0.0,0.0,0.0,0.0,0.0,0.0,1.0,2.1,1.0,0.0,0.0,0.0,0.0,0.0,1.0,84.2,2.1,1.0,0.0,0.0,0.0,100.0,0.0,2.0,1.0,0.0,1.0,0.0,0.0,33.3,48.4,0.0,0.0,0.0,0.0,0.0,0.0,0.0,0.0,30.2,0.0,0.0,0.0,0.0,22.7,35.4,36.7,71.0,71,71,0.0,0.0,0.0,6.4671630859375,6.4671630859375,6.4671630859375,246.929,246.929,246.929,71,0.0,6.4671630859375,246.929,5
11775792.051453657,81.33402252197266,97314331.01595774,199598.46195864063,2094826.9126888555,13133582.7924438,13.3171875,0.0,100.0,5.9,86.1,0.0,0.0,39.8,49.5,48.5,48.5,30.3,37.4,0.0,0.0,0.0,0.0,46.5,50.5,0.0,0.0,0.0,0.0,0.0,0.0,0.0,1.0,1.9,0.0,1.0,1.0,1.9,0.0,1.9,1.0,79.0,1.9,1.9,0.0,0.0,1.0,100.0,0.0,2.0,0.0,1.0,1.0,0.0,0.0,34.3,49.5,0.0,0.0,0.0,0.0,0.0,0.0,0.0,0.0,34.7,18.6,1.0,0.0,0.0,0.0,35.6,38.1,57.0,57,57,0.0,0.0,0.0,6.4671630859375,6.4671630859375,6.4671630859375,231.304,231.304,231.304,57,0.0,6.4671630859375,231.304,5
11775793.051497076,81.33074569702148,97450802.85585754,199821.32410611043,2097060.9492657643,13147589.154576374,13.5734375,0.0,100.0,9.0,78.1,1.0,0.0,50.0,38.1,50.5,50.5,37.1,25.3,31.9,1.0,0.0,0.0,52.5,52.0,0.0,0.0,0.0,0.0,0.0,0.0,0.0,0.0,0.0,1.0,1.0,1.0,1.0,1.0,0.0,0.0,78.1,0.0,0.0,0.0,0.0,0.0,100.0,0.0,1.0,0.0,17.0,0.0,0.0,0.0,36.5,49.5,0.0,0.0,0.0,0.0,0.0,0.0,0.0,0.0,1.0,29.0,1.0,0.0,0.0,0.0,34.4,39.2,55.0,55,55,0.0,0.0,0.0,6.4671630859375,6.4671630859375,6.4671630859375,242.303,242.303,242.303,55,0.0,6.4671630859375,242.303,5
11775794.055674773,81.33275985717773,97082148.20042917,199008.60235837853,2088427.1840126014,13093459.493516505,13.5640625,0.0,100.0,7.2,76.6,3.1,0.0,53.3,35.8,50.5,50.0,28.1,27.1,50.0,20.8,1.0,0.0,49.0,50.5,0.0,0.0,0.0,0.0,0.0,0.0,0.0,0.0,1.0,1.0,1.0,1.0,0.0,0.0,1.0,2.0,85.3,1.0,1.0,0.0,0.0,0.0,100.0,0.0,2.1,1.0,0.0,0.0,0.0,0.0,33.3,50.0,1.0,8.2,1.0,0.0,0.0,0.0,0.0,0.0,1.0,0.0,0.0,0.0,0.0,0.0,35.8,37.4,55.0,55,55,0.0,0.0,0.0,6.4671630859375,6.4671630859375,6.4671630859375,245.605,245.605,245.605,55,0.0,6.4671630859375,245.605,5
11775795.052399509,81.33221435546875,97840874.69996925,200504.70585585517,2104043.2973811016,13191365.20428386,13.2453125,0.0,100.0,14.1,81.4,5.1,3.0,29.6,59.8,49.0,50.5,35.1,2.0,12.4,29.0,0.0,0.0,51.0,49.0,0.0,0.0,0.0,0.0,0.0,0.0,0.0,2.0,1.0,0.0,25.7,0.0,0.0,0.0,0.0,0.0,77.3,2.0,0.0,1.0,0.0,0.0,100.0,0.0,3.0,1.0,0.0,1.0,0.0,0.0,34.4,49.0,2.0,0.0,1.0,0.0,0.0,0.0,0.0,0.0,0.0,0.0,1.0,1.0,0.0,0.0,36.7,37.6,63.0,63,63,0.0,0.0,0.0,6.4671630859375,6.4671630859375,6.4671630859375,243.38,243.38,243.38,63,0.0,6.4671630859375,243.38,5
11775796.039602093,81.30019760131836,98817715.33787745,202438.69200557814,2124338.0359917646,13318603.702213993,13.346875,0.0,100.0,9.7,81.5,63.0,40.7,17.9,31.5,50.5,49.5,0.0,0.0,0.0,0.0,0.0,1.1,48.9,48.9,0.0,0.0,0.0,0.0,0.0,0.0,0.0,0.0,0.0,3.1,54.3,1.1,1.1,0.0,0.0,0.0,84.9,0.0,0.0,0.0,0.0,0.0,100.0,0.0,1.1,1.0,0.0,0.0,0.0,0.0,34.1,50.5,1.1,1.1,1.1,0.0,0.0,0.0,0.0,0.0,2.1,1.1,0.0,1.1,0.0,0.0,34.4,37.8,57.0,57,57,0.0,0.0,0.0,6.4671630859375,6.4671630859375,6.4671630859375,255.89,255.89,255.89,57,0.0,6.4671630859375,255.89,5
11775797.040204016,81.33082580566406,97527091.19159918,199734.77502639656,2095890.435146269,13140250.579725632,13.125,0.0,100.0,33.3,77.3,9.9,43.2,14.4,59.6,47.9,50.0,3.0,1.0,0.0,0.0,0.0,0.0,48.5,51.0,0.0,0.0,0.0,0.0,0.0,0.0,0.0,0.0,1.0,0.0,54.6,0.0,0.0,0.0,1.0,1.0,78.9,1.0,3.0,0.0,0.0,0.0,100.0,0.0,1.0,0.0,1.0,0.0,0.0,0.0,32.3,49.5,1.0,1.0,1.0,0.0,0.0,0.0,0.0,0.0,1.0,0.0,0.0,0.0,0.0,0.0,34.4,38.2,56.0,56,56,0.0,0.0,0.0,6.4671630859375,6.4671630859375,6.4671630859375,263.192,263.192,263.192,56,0.0,6.4671630859375,263.192,5
11775798.052369192,81.32948303222656,96447914.173279,197459.86602605344,2071946.407802734,12990132.752044484,13.5640625,0.0,100.0,10.5,80.0,61.2,18.9,11.3,18.1,49.0,50.0,20.4,21.9,0.0,0.0,0.0,0.0,50.0,49.5,0.0,0.0,0.0,0.0,0.0,0.0,0.0,1.8,0.0,15.9,17.4,0.9,0.9,0.0,0.0,0.9,79.6,1.9,24.8,0.9,0.0,0.0,100.0,0.0,0.9,1.9,15.7,0.0,0.9,0.0,36.2,51.0,0.0,0.0,0.0,0.0,0.0,0.0,0.0,0.0,1.9,0.0,0.0,0.0,0.0,0.0,36.8,37.0,54.0,54,54,0.0,0.0,0.0,6.4671630859375,6.4671630859375,6.4671630859375,244.672,244.672,244.672,54,0.0,6.4671630859375,244.672,5
11775799.051151993,81.3312873840332,97775662.48646154,200117.58301988663,2099707.7632174334,13164183.4373593,13.365625,0.0,100.0,3.1,85.3,40.6,38.7,19.4,1.0,50.5,49.0,31.2,36.6,3.1,0.0,0.0,0.0,48.4,50.0,0.0,0.0,0.0,0.0,0.0,0.0,0.0,0.0,2.0,0.0,0.0,0.0,0.0,1.0,0.0,0.0,80.2,1.0,54.6,0.0,0.0,0.0,100.0,0.0,1.0,1.0,0.0,0.0,0.0,0.0,33.3,49.0,0.0,0.0,0.0,0.0,0.0,1.0,1.0,2.0,0.0,0.0,0.0,0.0,0.0,0.0,33.0,38.4,54.0,54,54,0.0,0.0,0.0,6.4671630859375,6.4671630859375,6.4671630859375,245.416,245.416,245.416,54,0.0,6.4671630859375,245.416,5
11775800.052605376,81.33003234863281,97547579.01726648,199591.91652266608,2094108.4585872777,13129078.422002267,13.3671875,0.0,100.0,3.9,78.6,48.0,43.4,6.9,1.0,49.5,50.0,47.4,19.0,0.0,0.0,0.0,0.0,48.5,50.0,0.0,0.0,0.0,0.0,0.0,0.0,0.0,0.0,1.0,3.8,1.0,1.9,0.0,0.0,1.9,0.0,83.8,0.0,55.9,0.0,0.0,0.0,100.0,0.0,0.0,0.0,0.0,0.0,0.0,0.0,33.7,49.0,0.0,0.0,0.0,0.0,0.0,0.0,0.0,0.0,0.0,1.0,1.9,0.0,0.0,0.0,35.0,39.4,55.0,55,55,0.0,0.0,0.0,6.4671630859375,6.4671630859375,6.4671630859375,230.284,230.284,230.284,55,0.0,6.4671630859375,230.284,5
11775801.05283452,81.33378982543945,97699649.6656653,199836.2086381039,2096671.559309077,13145147.862074487,13.25,0.0,100.0,4.0,78.4,43.9,8.1,41.4,0.0,48.5,49.0,32.7,34.7,0.0,0.0,0.0,0.0,49.0,51.5,0.0,0.0,0.0,0.0,0.0,0.0,0.0,1.0,0.0,0.0,3.0,1.0,1.9,0.0,0.0,1.0,78.4,1.0,7.0,49.5,0.0,0.0,100.0,0.0,1.0,0.0,1.0,0.0,0.0,0.0,34.0,51.5,0.0,0.0,0.0,0.0,0.0,0.0,0.0,0.0,1.0,0.0,0.0,0.0,0.0,0.0,35.1,39.4,56.0,56,56,0.0,0.0,0.0,6.4671630859375,6.4671630859375,6.4671630859375,238.438,238.438,238.438,56,0.0,6.4671630859375,238.438,5
11775802.024725635,81.3297119140625,100582001.97814694,205670.1589511423,2157805.507980459,13528429.063705612,13.6296875,0.0,100.0,1.1,82.8,13.8,30.4,28.7,2.1,49.5,49.5,22.0,49.4,26.3,0.0,0.0,0.0,52.1,49.5,0.0,0.0,1.0,0.0,0.0,0.0,0.0,1.1,0.0,1.1,3.2,1.1,0.0,2.1,1.0,0.0,84.0,0.0,0.0,54.8,0.0,0.0,100.0,0.0,1.0,1.1,1.1,0.0,0.0,0.0,36.3,49.5,0.0,0.0,0.0,0.0,0.0,0.0,0.0,0.0,0.0,0.0,1.1,0.0,0.0,0.0,36.8,38.8,57.0,57,57,0.0,0.0,0.0,6.4671630859375,6.4671630859375,6.4671630859375,245.276,245.276,245.276,57,0.0,6.4671630859375,245.276,5
11775803.050439263,81.33769989013672,95336041.47934696,194888.70432480282,2044578.4694955922,12818548.607579786,13.745312499999999,0.0,100.0,5.8,80.6,33.3,22.2,19.0,20.8,50.5,51.0,19.2,5.9,47.4,0.0,0.0,0.0,48.5,52.0,0.0,0.0,0.0,0.0,0.0,0.0,0.0,0.0,0.0,0.0,2.9,2.0,1.0,1.0,0.0,2.0,78.6,0.0,0.0,54.5,0.0,0.0,100.0,0.0,5.0,1.0,15.8,0.0,0.0,0.0,33.0,48.5,0.0,0.0,0.0,0.0,1.0,0.0,0.0,1.0,2.0,2.0,2.0,0.0,0.0,0.0,33.3,36.9,68.0,68,68,0.0,0.0,0.0,6.4671630859375,6.4671630859375,6.4671630859375,247.37,247.37,247.37,68,0.0,6.4671630859375,247.37,5
11775804.051656427,81.33423233032227,97704032.15970652,199657.98347039788,2094602.5250044365,13132175.986844221,13.2359375,0.0,100.0,47.4,77.8,2.0,1.0,11.8,39.0,50.0,49.0,20.2,0.0,45.9,0.0,0.0,0.0,48.5,47.0,0.0,0.0,0.0,0.0,0.0,0.0,0.0,1.0,3.8,1.0,2.0,1.0,0.0,0.0,1.0,2.0,77.8,1.0,0.0,57.3,0.0,1.0,100.0,0.0,0.0,0.0,0.0,0.0,1.0,0.0,34.3,49.5,1.0,0.0,0.0,0.0,0.0,0.0,0.0,0.0,1.0,0.0,0.0,0.0,0.0,0.0,34.3,37.5,57.0,57,57,0.0,0.0,0.0,6.4671630859375,6.4671630859375,6.4671630859375,231.978,231.978,231.978,57,0.0,6.4671630859375,231.978,5
11775805.05206478,81.33656692504883,97818493.49694446,199827.399825048,2096295.9706561437,13142793.097277777,13.559375,0.0,100.0,35.7,78.8,1.0,1.0,7.9,54.6,49.5,51.5,22.4,1.0,44.3,0.0,0.0,0.0,51.0,49.0,0.0,0.0,0.0,0.0,0.0,0.0,0.0,1.0,0.0,1.0,1.0,21.2,2.0,3.9,1.0,2.0,79.8,1.0,0.0,25.7,0.0,0.0,100.0,0.0,8.8,0.0,1.0,1.0,0.0,0.0,35.4,52.4,0.0,0.0,0.0,0.0,0.0,0.0,0.0,0.0,3.0,2.0,1.0,1.0,0.0,0.0,36.1,38.8,55.0,55,55,0.0,0.0,0.0,6.4671630859375,6.4671630859375,6.4671630859375,244.397,244.397,244.397,55,0.0,6.4671630859375,244.397,5
11775806.05121922,81.33034896850586,97974023.99450083,200089.18757431893,2098926.7702073734,13159286.977276698,13.471875,0.0,100.0,65.5,84.1,3.3,11.5,25.6,24.7,48.9,51.6,20.2,1.1,16.1,0.0,0.0,0.0,51.6,52.2,0.0,0.0,0.0,0.0,0.0,0.0,0.0,0.0,1.1,0.0,1.1,8.8,3.3,15.9,32.6,0.0,83.0,0.0,0.0,0.0,0.0,0.0,100.0,0.0,0.0,0.0,0.0,0.0,0.0,0.0,35.6,49.4,0.0,0.0,0.0,0.0,0.0,0.0,0.0,0.0,0.0,0.0,0.0,0.0,0.0,0.0,37.4,37.6,59.0,59,59,0.0,0.0,0.0,6.4671630859375,6.4671630859375,6.4671630859375,247.091,247.091,247.091,59,0.0,6.4671630859375,247.091,5
11775807.043669423,81.33433532714844,98668852.734708,201450.91335086903,2113105.5161086465,13248181.067790536,13.346875,0.0,100.0,43.1,77.8,1.9,30.0,28.7,29.7,51.5,50.0,19.4,5.0,1.0,0.0,0.0,0.0,50.0,49.0,0.0,0.0,0.0,0.0,0.0,0.0,0.0,1.0,0.0,7.8,2.0,1.0,0.0,30.8,20.6,0.0,78.6,0.0,1.0,0.0,1.0,0.0,100.0,0.0,2.0,1.9,1.0,0.0,0.0,0.0,36.0,49.5,0.0,1.0,0.0,0.0,0.0,0.0,0.0,1.9,1.0,0.0,0.0,2.9,1.0,1.0,36.0,38.1,49.0,49,49,0.0,0.0,0.0,6.4671630859375,6.4671630859375,6.4671630859375,258.865,258.865,258.865,49,0.0,6.4671630859375,258.865,5
11775808.149411144,81.33152770996094,88594018.99271138,180812.5679503917,1896602.037204149,11890805.741065074,13.378125,0.0,100.0,7.8,81.1,1.7,13.2,45.3,1.8,48.2,49.6,26.3,26.5,36.9,0.9,0.0,0.0,51.3,52.1,0.0,0.0,0.0,0.0,0.0,0.0,0.0,0.0,11.2,45.2,0.9,0.9,0.0,1.7,0.0,1.7,81.4,0.9,0.0,0.0,0.9,0.0,100.0,0.0,0.9,0.0,10.4,0.0,0.0,0.0,33.6,49.1,0.9,0.9,0.9,0.0,0.0,0.0,0.0,0.0,0.0,0.0,0.0,0.0,0.0,0.0,34.2,37.8,60.0,60,60,0.0,0.0,0.0,6.4671630859375,6.4671630859375,6.4671630859375,198.903,198.903,198.903,60,0.0,6.4671630859375,198.903,5
11775809.147785006,81.34697723388672,98157208.1311772,200270.66767170047,2100567.8123936183,13169575.542545928,13.4515625,0.0,100.0,10.0,77.3,0.0,52.7,16.0,3.0,50.0,49.0,6.0,58.8,24.0,2.0,0.0,0.0,48.5,48.5,0.0,0.0,0.0,0.0,0.0,0.0,0.0,2.0,15.8,0.0,0.0,1.0,17.0,0.0,23.0,0.0,85.7,1.0,2.0,0.0,0.0,0.0,100.0,0.0,0.0,0.0,4.0,3.0,0.0,0.0,34.7,49.0,0.0,1.0,1.0,1.0,0.0,0.0,0.0,0.0,2.0,0.0,0.0,0.0,0.0,0.0,34.0,37.9,56.0,56,56,0.0,0.0,0.0,6.4671630859375,6.4671630859375,6.4671630859375,245.252,245.252,245.252,56,0.0,6.4671630859375,245.252,5
11775810.153536864,81.3317985534668,97470055.12906155,198810.4704974212,2085158.4655701204,13072966.161093919,13.459375,0.0,100.0,9.3,85.4,0.0,47.8,18.3,0.0,49.0,51.0,62.1,0.0,26.0,0.0,0.0,0.0,49.0,50.0,0.0,0.0,0.0,0.0,0.0,0.0,0.0,0.0,12.4,1.0,1.0,0.0,0.0,24.7,19.4,3.0,77.4,8.2,0.0,0.0,0.0,0.0,100.0,0.0,0.0,1.0,1.0,0.0,0.0,0.0,31.9,50.5,0.0,0.0,0.0,0.0,0.0,1.0,0.0,1.0,3.1,3.0,0.0,0.0,0.0,1.0,36.5,36.4,67.0,67,67,0.0,0.0,0.0,6.4671630859375,6.4671630859375,6.4671630859375,245.01,245.01,245.01,67,0.0,6.4671630859375,245.01,5
11775811.148595352,81.32954406738281,98552815.9125347,200955.0216305982,2107566.565260661,13213454.442356877,13.409375,0.0,100.0,7.9,78.6,0.0,32.0,33.3,0.0,49.0,51.5,15.0,21.0,53.1,1.0,0.0,0.0,51.9,51.0,0.0,0.0,0.0,0.0,0.0,0.0,0.0,0.0,2.0,1.0,0.0,1.9,0.0,5.9,34.0,16.0,85.0,1.0,0.0,0.0,0.0,0.0,100.0,0.0,1.9,1.9,0.0,0.0,0.0,1.0,37.4,50.0,0.0,0.0,0.0,0.0,0.0,0.0,0.0,0.0,1.0,1.0,0.0,0.0,0.0,0.0,35.0,36.9,59.0,59,59,0.0,0.0,0.0,6.4671630859375,6.4671630859375,6.4671630859375,230.294,230.294,230.294,59,0.0,6.4671630859375,230.294,5
11775812.150259916,81.3313217163086,97935528.04437606,199629.70357939982,2093666.9573266197,13126310.416051658,13.2625,0.0,100.0,7.0,77.3,1.0,44.2,23.7,0.0,51.0,50.0,29.3,60.2,0.0,0.0,0.0,0.0,47.4,48.0,0.0,0.0,0.0,0.0,0.0,0.0,0.0,2.0,0.0,1.0,0.0,0.0,18.8,14.9,1.0,5.9,79.4,1.0,0.0,0.0,0.0,0.0,100.0,0.0,0.0,0.0,0.0,0.0,0.0,0.0,36.0,50.5,0.0,0.0,0.0,0.0,0.0,0.0,0.0,0.0,12.0,11.0,2.0,0.0,0.0,0.0,35.4,38.8,56.0,56,56,0.0,0.0,0.0,6.4671630859375,6.4671630859375,6.4671630859375,243.185,243.185,243.185,56,0.0,6.4671630859375,243.185,5
11775813.128231406,81.32929229736328,100341661.24063906,204475.28578095272,2144389.7091383077,13444318.293621032,13.3484375,0.0,100.0,4.2,77.9,3.1,12.4,40.4,21.1,50.5,50.0,20.2,68.1,0.0,0.0,0.0,0.0,51.0,50.5,1.0,0.0,0.0,0.0,0.0,0.0,0.0,0.0,0.0,1.0,0.0,1.0,0.0,0.0,38.8,0.0,77.7,0.0,1.0,0.0,0.0,0.0,100.0,0.0,1.0,2.0,0.0,0.0,0.0,0.0,34.1,51.0,0.0,0.0,0.0,1.0,0.0,0.0,0.0,0.0,4.1,17.7,1.0,0.0,0.0,0.0,35.8,36.7,67.0,67,67,0.0,0.0,0.0,6.4671630859375,6.4671630859375,6.4671630859375,242.602,242.602,242.602,67,0.0,6.4671630859375,242.602,5
11775814.141508412,81.3318977355957,96875099.77672867,197357.6810027593,2069672.9411750224,12975879.181976216,13.7953125,0.0,100.0,3.2,84.3,1.1,0.0,9.8,0.0,48.4,48.9,61.1,47.7,47.8,0.0,0.0,0.0,50.5,48.9,0.0,0.0,0.0,0.0,0.0,0.0,0.0,0.0,2.1,1.1,0.0,0.0,1.1,1.1,14.1,42.4,84.4,1.1,1.1,0.0,0.0,0.0,100.0,0.0,0.0,0.0,17.4,0.0,0.0,0.0,35.6,50.5,0.0,1.1,0.0,1.1,0.0,0.0,0.0,0.0,2.2,2.2,0.0,0.0,0.0,0.0,33.7,38.9,67.0,67,67,0.0,0.0,0.0,6.4671630859375,6.4671630859375,6.4671630859375,258.145,258.145,258.145,67,0.0,6.4671630859375,258.145,5
11775815.13741271,81.33006286621094,98600633.76368313,200808.45147607857,2105776.6325140814,13202232.4030668,13.1359375,0.0,100.0,3.9,77.8,0.0,0.0,8.7,0.0,49.0,49.0,57.1,47.4,45.4,0.0,0.0,0.0,48.5,49.5,0.0,0.0,0.0,0.0,0.0,0.0,0.0,1.0,2.0,1.0,0.0,1.9,0.0,1.0,1.0,1.9,78.8,7.9,18.6,0.0,0.0,0.0,100.0,0.0,9.9,13.7,0.0,0.0,0.0,0.0,34.7,49.0,0.0,0.0,0.0,0.0,0.0,0.0,0.0,0.0,6.1,1.0,2.0,0.0,0.0,0.0,36.0,36.9,62.0,62,62,0.0,0.0,0.0,6.4671630859375,6.4671630859375,6.4671630859375,244.516,244.516,244.516,62,0.0,6.4671630859375,244.516,5
11775816.137752892,81.33203125,98196134.40978856,199918.99109096284,2096438.82854583,13143688.749281473,13.3171875,0.0,100.0,4.0,81.4,0.0,0.0,4.0,0.0,49.5,50.0,67.7,32.3,53.7,1.0,2.0,0.0,50.0,50.5,0.0,0.0,0.0,0.0,0.0,0.0,0.0,1.0,2.0,1.0,0.0,0.0,0.0,1.0,0.0,0.0,78.1,2.0,1.0,0.0,0.0,0.0,100.0,0.0,1.0,0.0,0.0,0.0,0.0,1.0,35.7,51.5,0.0,0.0,0.0,0.0,0.0,0.0,0.0,0.0,55.6,2.0,0.0,0.0,0.0,0.0,35.1,38.2,64.0,64,64,0.0,0.0,0.0,6.4671630859375,6.4671630859375,6.4671630859375,259.204,259.204,259.204,64,0.0,6.4671630859375,259.204,5
11775817.139488457,81.32933044433594,98092032.96738005,199647.49892403476,2093518.5638746028,13125380.058666945,13.2984375,0.0,100.0,2.0,82.7,3.0,1.0,4.0,0.0,49.0,50.0,32.0,80.6,40.2,2.0,0.0,0.0,49.5,51.0,0.0,0.0,0.0,0.0,0.0,0.0,0.0,0.0,0.0,12.0,0.0,1.0,1.0,2.0,1.0,1.0,85.4,1.0,4.0,0.0,0.0,0.0,100.0,0.0,13.0,0.0,0.0,1.0,0.0,0.0,32.6,49.5,0.0,0.0,0.0,0.0,0.0,0.0,0.0,0.0,26.3,0.0,0.0,0.0,0.0,0.0,35.7,37.6,62.0,62,62,0.0,0.0,0.0,6.4671630859375,6.4671630859375,6.4671630859375,262.828,262.828,262.828,62,0.0,6.4671630859375,262.828,5
11775818.138034368,81.33579635620117,98438529.36667375,200295.247082869,2100205.885933946,13171408.397917774,13.4671875,0.0,100.0,12.9,78.6,34.7,41.6,5.8,2.0,51.5,49.0,30.7,44.0,52.0,2.9,0.0,0.0,51.5,51.5,0.0,0.0,0.0,0.0,0.0,1.0,0.0,1.0,1.0,1.9,0.0,0.0,0.0,0.0,0.0,1.0,79.4,4.0,2.9,0.0,0.0,0.0,100.0,0.0,1.0,0.0,0.0,0.0,0.0,0.0,36.0,51.5,0.0,0.0,0.0,0.0,0.0,0.0,0.0,0.0,0.0,0.0,0.0,0.0,0.0,0.0,34.0,38.5,82.0,82,82,0.0,0.0,0.0,6.4671630859375,6.4671630859375,6.4671630859375,257.278,257.278,257.278,82,0.0,6.4671630859375,257.278,5
11775819.133091604,81.33139419555664,98818487.42231922,201006.5277480669,2107569.216400504,13217587.409886755,13.478125,0.0,100.0,48.5,78.6,23.5,41.0,36.6,5.9,48.5,49.5,0.0,38.5,24.7,0.0,0.0,0.0,48.5,50.0,0.0,0.0,0.0,0.0,0.0,0.0,0.0,1.0,0.0,0.0,0.0,1.0,0.0,1.0,1.0,1.0,80.4,2.0,2.0,0.0,0.0,0.0,100.0,0.0,3.8,0.0,17.5,0.0,1.0,0.0,35.4,49.0,0.0,0.0,1.0,0.0,0.0,0.0,0.0,0.0,0.0,0.0,0.0,0.0,0.0,0.0,35.4,36.3,72.0,72,72,0.0,0.0,0.0,6.4671630859375,6.4671630859375,6.4671630859375,242.743,242.743,242.743,72,0.0,6.4671630859375,242.743,5
11775820.149747863,81.34770202636719,96757082.95891373,196746.93212633033,2062793.5757838956,12936777.67937908,13.409375,0.0,100.0,23.5,78.2,8.8,33.7,21.0,46.5,47.0,47.0,1.0,30.0,36.7,0.0,0.0,0.0,50.0,50.0,10.7,0.0,0.0,0.0,0.0,0.0,15.5,0.0,2.9,1.0,1.0,0.0,1.0,1.0,0.0,0.0,81.0,1.9,0.0,0.0,0.0,0.0,100.0,0.0,9.9,1.9,0.0,0.0,0.0,0.0,33.0,51.9,0.0,0.0,0.0,1.0,0.0,0.0,0.0,0.0,1.0,0.0,0.0,0.0,0.0,0.0,33.0,37.1,68.0,68,68,0.0,0.0,0.0,6.4671630859375,6.4671630859375,6.4671630859375,238.609,238.609,238.609,68,0.0,6.4671630859375,238.609,5
11775821.149694908,81.32230377197266,98409382.26899478,200035.5928851398,2097263.0605687127,13152952.51462136,13.6390625,0.0,100.0,3.0,85.7,0.0,23.2,0.0,65.6,52.0,50.0,8.1,9.0,60.6,0.0,0.0,0.0,51.5,52.0,0.0,0.0,0.0,0.0,0.0,0.0,0.0,1.0,1.0,1.0,0.0,1.0,1.0,2.0,1.0,1.0,81.6,1.0,2.0,1.0,0.0,0.0,100.0,0.0,55.0,0.0,0.0,0.0,0.0,0.0,36.4,49.0,0.0,0.0,0.0,0.0,0.0,0.0,0.0,0.0,0.0,1.0,0.0,0.0,0.0,0.0,38.0,38.2,59.0,59,59,0.0,0.0,0.0,6.4671630859375,6.4671630859375,6.4671630859375,231.634,231.634,231.634,59,0.0,6.4671630859375,231.634,5
11775822.15081138,81.37492370605469,98327132.57207146,199810.9168329228,2094813.2010458112,13137588.258902539,13.4765625,0.0,100.0,2.0,78.1,2.0,58.8,1.0,30.6,50.0,51.5,8.1,5.0,59.8,0.0,1.0,0.0,50.5,49.0,0.0,0.0,0.0,0.0,0.0,0.0,0.0,0.0,1.0,0.0,1.0,2.0,1.0,0.0,1.0,1.0,78.1,5.0,27.0,1.0,0.0,0.0,100.0,0.0,28.3,3.0,1.0,3.0,0.0,0.0,34.7,51.5,0.0,0.0,0.0,0.0,0.0,0.0,0.0,0.0,0.0,0.0,0.0,1.0,0.0,0.0,35.7,38.8,57.0,57,57,0.0,0.0,0.0,6.4671630859375,6.4671630859375,6.4671630859375,245.747,245.747,245.747,57,0.0,6.4671630859375,245.747,5
11775823.150622144,81.3337516784668,98486315.10057482,200084.86314590147,2097548.930582081,13154745.34394348,13.3671875,0.0,100.0,3.1,76.8,1.0,60.4,0.0,29.2,51.0,50.5,27.4,4.0,38.5,1.0,0.0,0.0,47.4,50.0,0.0,0.0,0.0,0.0,0.0,0.0,0.0,1.0,1.0,1.0,1.0,1.0,0.0,2.0,0.0,0.0,85.6,0.0,41.2,2.0,13.4,0.0,100.0,0.0,1.0,2.1,2.0,1.0,0.0,0.0,35.1,50.5,0.0,0.0,0.0,0.0,0.0,0.0,0.0,0.0,0.0,0.0,0.0,0.0,0.0,0.0,36.5,37.8,65.0,65,65,0.0,0.0,0.0,6.4671630859375,6.4671630859375,6.4671630859375,245.367,245.367,245.367,65,0.0,6.4671630859375,245.367,5
11775824.152356269,81.39892578125,98326469.66029993,199707.68201646022,2093521.5729562195,13129487.833520355,14.4328125,0.0,100.0,2.1,84.9,21.3,38.5,7.3,50.0,50.0,48.4,20.2,11.6,11.6,0.0,0.0,0.0,53.1,51.0,1.0,1.0,0.0,3.2,3.1,2.1,3.1,2.1,3.1,1.0,3.1,2.1,1.0,1.0,2.1,3.1,78.3,1.1,38.9,0.0,16.5,0.0,100.0,0.0,1.0,1.0,17.5,0.0,0.0,0.0,34.4,53.1,2.0,3.1,2.1,1.0,1.0,2.1,3.1,1.0,3.1,3.1,1.0,0.0,0.0,0.0,37.2,40.0,83.0,83,83,0.0,0.0,0.0,6.4671630859375,6.4671630859375,6.4671630859375,247.546,247.546,247.546,83,0.0,6.4671630859375,247.546,5
11775825.138597336,81.3343391418457,99907098.08593586,202845.94378466948,2126409.120991263,13335741.577154191,13.4890625,0.0,100.0,4.1,77.7,28.1,66.7,34.7,24.5,48.5,49.0,1.0,8.3,1.0,0.0,0.0,0.0,48.9,52.5,0.0,0.0,0.0,2.0,0.0,0.0,0.0,0.0,0.0,5.1,0.0,0.0,1.0,1.0,2.0,0.0,85.3,1.0,31.0,1.0,10.3,0.0,100.0,0.0,3.1,0.0,16.3,0.0,1.0,0.0,34.4,50.0,0.0,0.0,0.0,0.0,0.0,0.0,0.0,0.0,0.0,0.0,0.0,0.0,0.0,0.0,35.4,38.4,62.0,62,62,0.0,0.0,0.0,6.4671630859375,6.4671630859375,6.4671630859375,253.717,253.717,253.717,62,0.0,6.4671630859375,253.717,5
11775826.151845952,81.3349380493164,97284559.15236212,197447.09904071043,2069730.9279948014,12980285.175373647,13.453125,0.0,100.0,5.6,79.8,2.8,18.9,76.7,19.0,50.0,52.3,9.4,39.0,2.8,0.0,0.0,0.0,49.5,49.5,0.0,0.0,0.0,0.9,0.0,0.0,0.0,1.8,0.9,1.9,0.9,0.9,0.0,1.8,0.0,0.9,79.8,56.9,0.9,0.0,0.0,0.0,100.0,0.0,0.0,0.9,0.0,0.0,0.0,0.0,34.6,48.6,0.0,0.0,0.0,0.0,0.0,0.0,0.0,0.0,0.0,0.0,0.0,0.0,0.0,0.0,36.4,37.6,59.0,59,59,0.0,0.0,0.0,6.4671630859375,6.4671630859375,6.4671630859375,249.766,249.766,249.766,59,0.0,6.4671630859375,249.766,5
11775827.126769068,81.33118057250977,101139618.56097803,205220.28545205155,2151094.7553222347,13490557.147147844,13.165625,0.0,100.0,2.1,79.8,4.1,2.0,33.3,54.3,51.0,47.9,45.7,23.7,0.0,0.0,0.0,0.0,50.0,48.4,0.0,0.0,0.0,0.0,0.0,0.0,0.0,0.0,1.0,0.0,0.0,0.0,1.0,1.0,0.0,1.0,77.4,54.6,1.0,0.0,1.0,0.0,100.0,0.0,1.0,1.0,0.0,0.0,0.0,0.0,35.8,50.0,0.0,0.0,0.0,0.0,0.0,0.0,0.0,0.0,0.0,0.0,0.0,0.0,0.0,0.0,37.1,37.4,71.0,71,71,0.0,0.0,0.0,6.4671630859375,6.4671630859375,6.4671630859375,245.363,245.363,245.363,71,0.0,6.4671630859375,245.363,5
11775828.151799656,81.3298110961914,96230017.99595031,195195.15046635782,2045940.8948916849,12831086.354486719,13.5359375,0.0,100.0,5.9,82.0,0.0,1.0,39.4,49.0,49.5,51.5,25.0,39.2,6.9,0.0,1.0,0.0,49.0,50.5,0.0,0.0,0.0,0.0,0.0,0.0,0.0,0.0,1.9,0.0,1.0,1.9,0.0,1.0,1.0,0.0,86.1,17.8,39.0,0.0,0.0,0.0,100.0,0.0,1.0,1.0,1.0,0.0,0.0,0.0,36.0,50.5,0.0,0.0,0.0,0.0,0.0,0.0,0.0,1.0,1.0,1.0,0.0,0.0,0.0,0.0,36.0,38.2,78.0,78,78,0.0,0.0,0.0,6.4671630859375,6.4671630859375,6.4671630859375,244.016,244.016,244.016,78,0.0,6.4671630859375,244.016,5
11775829.150418598,81.33047485351562,98808190.86675873,200358.70704450112,2100052.2945381873,13170445.151879141,13.6375,0.0,100.0,3.0,79.6,1.0,0.0,58.6,30.3,50.0,49.0,22.4,46.3,6.9,2.0,0.0,0.0,51.0,50.5,0.0,0.0,0.0,0.0,0.0,0.0,0.0,1.0,1.0,1.0,0.0,0.0,1.9,1.0,0.0,1.0,78.4,16.0,40.4,0.0,0.0,0.0,100.0,0.0,2.0,0.0,15.8,0.0,0.0,0.0,35.7,50.5,0.0,0.0,0.0,0.0,0.0,0.0,0.0,0.0,2.0,0.0,0.0,0.0,0.0,0.0,36.0,38.5,58.0,58,58,0.0,0.0,0.0,6.4671630859375,6.4671630859375,6.4671630859375,228.367,228.367,228.367,58,0.0,6.4671630859375,228.367,5
11775830.138738738,81.32821655273438,99868216.77358013,202453.63002111184,2121935.914048422,13307687.929706022,13.3671875,0.0,100.0,4.4,76.1,3.3,1.1,6.6,1.1,50.0,51.6,70.1,33.7,46.0,1.1,0.0,0.0,48.9,51.6,0.0,0.0,0.0,0.0,0.0,0.0,0.0,1.1,2.2,1.1,2.2,1.1,0.0,0.0,1.1,1.1,81.1,10.9,40.0,1.1,0.0,0.0,100.0,0.0,1.1,1.1,0.0,0.0,0.0,0.0,34.1,50.5,0.0,0.0,0.0,0.0,0.0,0.0,0.0,0.0,1.1,2.2,0.0,0.0,0.0,0.0,37.0,39.8,61.0,61,61,0.0,0.0,0.0,6.4671630859375,6.4671630859375,6.4671630859375,255.256,255.256,255.256,61,0.0,6.4671630859375,255.256,5
11775831.140570913,81.3316650390625,98553986.93401812,199741.03963303997,2093316.6793191095,13177264.955948222,13.3625,0.0,100.0,11.1,85.6,10.1,2.0,0.0,1.0,50.0,48.5,44.7,62.6,44.8,0.0,0.0,0.0,51.0,49.0,0.0,0.0,0.0,0.0,0.0,0.0,0.0,0.0,0.0,1.0,0.0,48.5,0.0,1.0,1.0,1.0,80.4,0.0,0.0,0.0,0.0,0.0,100.0,0.0,0.0,0.0,1.0,0.0,0.0,0.0,35.7,48.5,0.0,0.0,0.0,0.0,0.0,0.0,0.0,0.0,2.0,1.0,0.0,0.0,1.0,0.0,35.4,37.3,62.0,62,62,0.0,0.0,0.0,6.4671630859375,6.4671630859375,6.4671630859375,256.764,256.764,256.764,62,0.0,6.4671630859375,256.764,5
11775832.139067303,81.3311538696289,98918801.21172509,200417.3493544651,2100310.0453407783,13221287.648697907,13.3078125,0.0,100.0,4.0,76.8,0.0,6.1,6.1,0.0,50.5,50.0,42.7,80.4,29.5,0.0,0.0,0.0,50.5,48.5,0.0,0.0,0.0,0.0,0.0,0.0,0.0,1.0,0.0,0.0,1.0,54.6,1.0,1.0,1.0,0.0,77.7,2.0,1.0,1.0,0.0,0.0,100.0,0.0,1.0,1.0,0.0,0.0,0.0,0.0,34.4,50.5,0.0,0.0,0.0,0.0,0.0,0.0,0.0,0.0,1.0,1.0,1.0,1.0,0.0,0.0,35.4,39.0,63.0,63,63,0.0,0.0,0.0,6.4671630859375,6.4671630859375,6.4671630859375,259.359,259.359,259.359,63,0.0,6.4671630859375,259.359,5
11775833.140371809,81.34800338745117,98674110.09124547,199870.26815730662,2094419.8180523352,13184209.128091164,13.425,0.0,100.0,2.0,78.4,7.9,2.0,0.0,0.0,49.5,50.5,51.0,49.0,52.6,0.0,0.0,0.0,49.5,50.0,0.0,0.0,0.0,0.0,0.0,0.0,2.0,1.0,1.0,15.8,0.0,6.0,0.0,3.0,6.1,26.0,80.6,0.0,5.0,0.0,0.0,0.0,100.0,0.0,1.0,1.0,0.0,0.0,0.0,0.0,33.7,50.0,2.0,1.0,0.0,2.0,1.0,0.0,0.0,0.0,1.0,1.0,2.0,0.0,0.0,0.0,35.4,39.2,62.0,62,62,0.0,0.0,0.0,6.4671630859375,6.4671630859375,6.4671630859375,261.665,261.665,261.665,62,0.0,6.4671630859375,261.665,5
11775834.13963712,81.33349609375,98908238.76675805,200288.14944297305,2098693.886713017,13211114.056398539,13.7859375,0.0,100.0,3.0,85.9,6.9,0.0,0.0,0.0,50.0,48.5,50.5,58.8,41.2,1.0,0.0,0.0,51.0,50.5,0.0,0.0,0.0,0.0,0.0,0.0,0.0,1.0,2.0,1.0,2.0,0.0,16.0,15.7,17.6,8.8,83.8,1.9,2.9,0.0,0.0,0.0,100.0,0.0,2.0,0.0,14.9,0.0,0.0,0.0,35.7,49.0,0.0,0.0,0.0,0.0,0.0,0.0,0.0,0.0,7.0,1.0,0.0,0.0,0.0,0.0,35.4,37.3,64.0,64,64,0.0,0.0,0.0,6.4671630859375,6.4671630859375,6.4671630859375,249.002,249.002,249.002,64,0.0,6.4671630859375,249.002,5
11775835.140601613,81.3359489440918,98773038.13964173,199948.1514956101,2095131.26148726,13188687.608932499,13.3046875,0.0,100.0,3.0,78.1,4.0,0.0,0.0,0.0,51.5,51.0,41.7,53.2,55.2,0.0,0.0,0.0,51.5,52.0,0.0,0.0,0.0,0.0,0.0,0.0,0.0,1.0,2.0,1.0,0.0,5.9,0.0,37.4,13.0,0.0,78.1,2.0,0.0,0.0,0.0,0.0,100.0,0.0,3.9,0.0,0.0,0.0,3.0,0.0,33.7,53.0,0.0,0.0,0.0,0.0,0.0,0.0,0.0,0.0,1.0,0.0,2.0,0.0,0.0,0.0,35.7,37.6,65.0,65,65,0.0,0.0,0.0,6.4671630859375,6.4671630859375,6.4671630859375,260.328,260.328,260.328,65,0.0,6.4671630859375,260.328,5
11775836.141593656,81.33003234863281,98805768.43461423,199950.64037809757,2095073.5970212596,13188324.61562406,13.559375,0.0,100.0,3.0,78.1,10.0,1.0,0.0,0.0,50.5,51.5,49.0,38.1,66.0,1.0,0.0,0.0,50.0,51.5,0.0,0.0,0.0,0.0,0.0,0.0,0.0,0.0,0.0,1.0,2.0,47.0,1.0,1.0,12.7,1.0,84.5,0.0,0.0,0.0,0.0,0.0,100.0,0.0,1.0,2.0,0.0,0.0,0.0,0.0,38.0,48.5,0.0,0.0,0.0,0.0,1.0,1.0,0.0,0.0,0.0,1.0,0.0,0.0,0.0,0.0,36.6,38.8,63.0,63,63,0.0,0.0,0.0,6.4671630859375,6.4671630859375,6.4671630859375,263.083,263.083,263.083,63,0.0,6.4671630859375,263.083,5
11775837.141047938,81.33208465576172,98993294.40044147,200266.28887373625,2098297.0780144273,13208616.176641598,13.3625,0.0,100.0,2.0,77.3,9.1,1.0,0.0,0.0,49.5,51.0,34.4,46.9,69.5,2.0,0.0,0.0,50.0,50.5,0.0,0.0,0.0,0.0,0.0,0.0,0.0,1.0,1.0,1.0,0.0,21.0,37.3,1.0,0.0,1.0,79.4,1.0,0.0,0.0,0.0,0.0,100.0,0.0,0.0,0.0,3.0,0.0,0.0,0.0,36.1,51.5,0.0,0.0,2.0,0.0,1.0,0.0,0.0,0.0,1.0,1.0,0.0,0.0,0.0,0.0,36.1,36.6,62.0,62,62,0.0,0.0,0.0,6.4671630859375,6.4671630859375,6.4671630859375,259.201,259.201,259.201,62,0.0,6.4671630859375,259.201,5
11775838.139036218,81.33080291748047,99171517.3338859,200568.48765626055,2101379.3871321264,13228019.071732117,13.30625,0.0,100.0,6.0,85.4,5.1,2.0,0.0,0.0,49.0,49.5,54.3,62.8,34.0,0.0,0.0,0.0,50.5,51.5,0.0,0.0,0.0,0.0,0.0,0.0,0.0,1.0,0.0,1.0,1.0,0.0,55.1,1.0,0.0,3.0,77.3,2.0,0.0,0.0,0.0,0.0,100.0,0.0,0.0,0.0,0.0,0.0,0.0,0.0,34.4,51.0,0.0,0.0,0.0,1.0,0.0,0.0,0.0,0.0,0.0,0.0,0.0,0.0,0.0,0.0,35.7,38.0,62.0,62,62,0.0,0.0,0.0,6.4671630859375,6.4671630859375,6.4671630859375,258.428,258.428,258.428,62,0.0,6.4671630859375,258.428,5
11775839.140596522,81.3278579711914,98850515.11483528,199862.15421858776,2093884.902354051,13180841.875560755,13.43125,0.0,100.0,2.0,78.1,1.0,5.1,0.0,0.0,50.5,50.0,47.4,58.9,46.3,0.0,0.0,0.0,50.5,49.0,0.0,0.0,0.0,0.0,0.0,0.0,0.0,0.0,1.0,2.1,1.0,2.0,55.1,0.0,2.0,1.0,82.5,0.0,2.0,0.0,0.0,0.0,100.0,0.0,1.0,0.0,6.1,0.0,0.0,0.0,34.7,51.0,0.0,0.0,0.0,0.0,0.0,0.0,1.0,2.0,0.0,1.0,0.0,0.0,0.0,0.0,36.1,39.2,62.0,62,62,0.0,0.0,0.0,6.4671630859375,6.4671630859375,6.4671630859375,264.723,264.723,264.723,62,0.0,6.4671630859375,264.723,5
11775840.140773725,81.32941055297852,99019944.3939177,200145.53366178105,2096780.4447468612,13199069.088709246,13.7984375,0.0,100.0,5.0,78.1,3.0,4.1,0.0,0.0,49.5,51.5,55.7,30.6,66.7,0.0,0.0,0.0,52.0,50.0,0.0,0.0,0.0,0.0,0.0,0.0,0.0,0.0,1.0,2.0,1.0,1.0,28.6,28.0,0.0,1.0,81.2,0.0,0.0,0.0,0.0,0.0,100.0,0.0,0.0,17.8,10.0,0.0,0.0,0.0,35.1,51.5,0.0,0.0,0.0,0.0,0.0,0.0,1.0,0.0,1.0,0.0,1.0,1.0,2.0,0.0,35.7,37.0,65.0,65,65,0.0,0.0,0.0,6.4671630859375,6.4671630859375,6.4671630859375,260.55,260.55,260.55,65,0.0,6.4671630859375,260.55,5
11775841.140903369,81.33392715454102,99060124.46629405,200163.0500960261,2096880.1524308594,13199696.740790352,13.30625,0.0,100.0,4.0,80.8,4.0,5.9,1.0,0.0,50.5,48.5,41.8,34.3,75.8,0.0,1.0,0.0,51.0,50.0,0.0,0.0,0.0,0.0,0.0,0.0,0.0,1.9,1.9,8.0,1.0,2.9,20.8,1.0,1.9,1.0,79.6,24.0,0.0,0.0,0.0,0.0,100.0,0.0,0.0,0.0,0.0,0.0,0.0,0.0,35.0,48.5,0.0,0.0,0.0,0.0,0.0,0.0,0.0,0.0,1.0,2.0,0.0,0.0,0.0,0.0,35.0,37.5,64.0,64,64,0.0,0.0,0.0,6.4671630859375,6.4671630859375,6.4671630859375,249.664,249.664,249.664,64,0.0,6.4671630859375,249.664,5
11775842.143939544,81.3338851928711,98808416.36403623,199583.0310061665,2090803.953467194,13161447.543017123,13.484375,0.0,100.0,4.0,82.5,0.0,8.1,1.0,0.0,50.0,49.0,43.7,65.6,42.7,1.0,0.0,0.0,49.5,50.0,0.0,0.0,0.0,0.0,0.0,0.0,0.0,0.0,0.0,2.0,0.0,0.0,2.0,33.7,23.2,0.0,85.7,0.0,0.0,0.0,0.0,0.0,100.0,0.0,2.0,0.0,0.0,0.0,0.0,0.0,33.7,52.5,0.0,0.0,0.0,0.0,0.0,0.0,0.0,0.0,6.1,1.0,0.0,1.0,0.0,0.0,36.4,36.6,64.0,64,64,0.0,0.0,0.0,6.4671630859375,6.4671630859375,6.4671630859375,260.621,260.621,260.621,64,0.0,6.4671630859375,260.621,5
11775843.140024781,81.33488845825195,99530772.31398334,200984.80774589127,2105394.1174932383,13253291.485704508,13.2421875,0.0,100.0,3.1,77.9,0.0,5.9,0.0,0.0,49.5,50.0,47.4,46.9,58.8,0.0,0.0,0.0,51.0,50.5,0.0,0.0,0.0,0.0,0.0,0.0,0.0,0.0,0.0,0.0,0.0,0.0,0.0,1.0,25.5,1.0,78.4,4.0,0.0,1.0,0.0,1.0,100.0,0.0,1.0,0.0,0.0,0.0,0.0,0.0,36.1,49.5,0.0,0.0,0.0,0.0,0.0,0.0,0.0,0.0,3.0,29.0,2.0,1.0,0.0,0.0,35.1,37.9,63.0,63,63,0.0,0.0,0.0,6.4671630859375,6.4671630859375,6.4671630859375,260.124,260.124,260.124,63,0.0,6.4671630859375,260.124,5
11775844.142191065,81.33299255371094,98959473.65101638,199774.2322275227,2092618.7928714466,13172871.815282563,13.4125,0.0,100.0,5.0,79.4,3.0,5.1,0.0,0.0,49.0,51.5,53.2,65.3,33.0,2.0,0.0,0.0,50.0,52.0,0.0,0.0,0.0,0.0,0.0,0.0,0.0,0.0,2.0,2.0,0.0,1.0,1.0,1.0,1.0,2.0,78.1,0.0,1.0,0.0,0.0,0.0,100.0,0.0,0.0,0.0,0.0,0.0,0.0,0.0,33.7,52.0,0.0,0.0,0.0,0.0,0.0,0.0,0.0,0.0,2.0,40.4,19.0,0.0,0.0,0.0,35.1,38.6,63.0,63,63,0.0,0.0,0.0,6.4671630859375,6.4671630859375,6.4671630859375,256.484,256.484,256.484,63,0.0,6.4671630859375,256.484,5
11775845.14226706,81.30421829223633,99201974.23927274,200203.78570160858,2096992.641016586,13200404.84764933,13.790625,0.0,100.0,3.8,85.3,6.7,37.9,51.0,0.0,50.5,49.5,0.0,44.9,16.5,0.0,0.0,0.0,49.5,51.0,0.0,0.0,0.0,0.0,0.0,0.0,0.0,1.0,0.0,1.0,1.0,1.9,1.0,1.0,1.9,1.0,86.3,0.0,0.0,0.0,0.0,0.0,100.0,0.0,1.0,1.0,15.2,0.9,0.0,0.0,34.7,50.5,0.0,0.0,0.0,0.0,0.0,0.0,0.0,0.0,1.0,30.2,28.6,1.0,1.0,0.0,35.9,38.9,73.0,73,73,0.0,0.0,0.0,6.4671630859375,6.4671630859375,6.4671630859375,244.143,244.143,244.143,73,0.0,6.4671630859375,244.143,5
11775846.152362982,81.44058227539062,98252777.59397303,198227.70846233977,2076190.9376624404,13069459.750168057,15.2640625,0.0,79.0,2.9,78.2,6.8,65.3,24.8,0.0,50.5,51.5,1.0,36.1,29.7,0.0,0.0,0.0,51.5,50.0,0.0,0.0,0.0,0.0,0.0,0.0,0.0,1.0,1.0,1.0,0.0,1.9,0.0,0.0,1.0,33.3,79.0,1.0,1.9,0.0,0.0,0.0,46.6,20.4,73.8,21.4,21.4,20.4,20.6,0.0,34.3,49.0,0.0,0.0,0.0,0.0,0.0,0.0,0.0,0.0,1.0,4.9,17.6,1.0,1.0,1.0,35.6,37.5,68.0,68,68,0.0,0.0,0.0,6.4671630859375,6.4671630859375,6.4671630859375,242.262,242.262,242.262,68,0.0,6.4671630859375,242.262,5
11775847.151999135,81.39531707763672,99316338.9759033,200301.87928610644,2097915.320700881,13206213.044177616,13.2921875,0.0,100.0,2.0,77.9,8.1,32.3,56.1,0.0,51.5,48.0,0.0,24.7,43.0,0.0,0.0,0.0,49.0,53.5,0.0,0.0,0.0,0.0,0.0,0.0,0.0,0.0,37.0,2.0,2.0,0.0,1.0,10.1,0.0,10.0,78.4,2.0,0.0,1.0,0.0,0.0,0.0,0.0,100.0,0.0,0.0,0.0,0.0,0.0,34.4,50.0,0.0,0.0,0.0,0.0,0.0,0.0,0.0,0.0,2.0,0.0,0.0,0.0,0.0,0.0,37.4,37.3,57.0,57,57,0.0,0.0,0.0,6.4671630859375,6.4671630859375,6.4671630859375,228.784,228.784,228.784,57,0.0,6.4671630859375,228.784,5
11775848.150964584,81.39742660522461,99415795.64805083,200447.37290355953,2099323.8562697046,13215079.66554152,13.33125,0.0,100.0,4.0,77.3,29.2,16.2,46.4,0.0,50.0,51.0,0.0,44.2,21.9,0.0,0.0,0.0,49.5,50.5,0.0,0.0,0.0,0.0,0.0,0.0,0.0,1.0,0.0,1.0,1.0,2.0,0.0,32.0,0.0,25.3,81.6,2.0,1.0,2.0,0.0,0.0,0.0,0.0,100.0,2.0,0.0,0.0,0.0,0.0,35.1,50.0,0.0,0.0,0.0,0.0,0.0,0.0,0.0,0.0,1.0,1.0,0.0,0.0,0.0,0.0,36.4,38.6,57.0,57,57,0.0,0.0,0.0,6.4671630859375,6.4671630859375,6.4671630859375,244.047,244.047,244.047,57,0.0,6.4671630859375,244.047,5
11775849.15309963,81.39578247070312,99132568.42352356,199824.36582173227,2092684.0237091323,13177369.711793443,13.5796875,0.0,100.0,2.1,85.3,61.7,27.4,3.1,0.0,50.0,47.9,0.0,52.2,14.7,0.0,0.0,0.0,51.5,50.0,0.0,0.0,1.0,0.0,0.0,0.0,0.0,1.0,2.0,0.0,0.0,0.0,1.0,1.0,1.0,56.6,81.1,2.1,3.1,0.0,0.0,0.0,0.0,0.0,100.0,1.0,0.0,2.0,0.0,0.0,33.3,51.5,1.0,0.0,1.0,3.0,1.0,0.0,0.0,0.0,1.0,2.0,0.0,1.0,1.0,0.0,36.5,38.0,67.0,67,67,0.0,0.0,0.0,6.4671630859375,6.4671630859375,6.4671630859375,243.03,243.03,243.03,67,0.0,6.4671630859375,243.03,5
11775850.15217432,81.4007797241211,99470492.03661704,200443.47234058674,2099094.312866433,13217734.50133082,13.7078125,0.0,100.0,3.0,79.0,38.2,53.5,6.9,0.0,51.9,49.5,0.0,21.0,46.4,0.0,0.0,0.0,51.5,50.0,0.0,0.0,0.0,0.0,0.0,0.0,0.0,0.0,0.0,1.9,0.0,0.0,1.0,45.5,0.0,3.0,78.6,4.9,5.9,0.0,0.0,0.0,0.0,0.0,100.0,0.0,16.5,0.0,0.0,0.0,33.3,50.5,0.0,0.0,1.0,0.0,6.0,1.0,0.0,0.0,2.0,1.0,1.0,0.0,0.0,0.0,35.6,37.7,58.0,58,58,0.0,0.0,0.0,6.4671630859375,6.4671630859375,6.4671630859375,229.633,229.633,229.633,58,0.0,6.4671630859375,229.633,5
11775851.14817656,81.39617538452148,99804732.35619876,201061.79678731874,2105569.561546201,13258508.332861234,13.6234375,0.0,100.0,6.3,76.7,31.1,68.1,15.1,15.2,50.5,50.5,1.1,20.9,11.7,0.0,0.0,0.0,51.6,48.9,0.0,0.0,0.0,0.0,0.0,0.0,0.0,1.1,2.1,0.0,0.0,1.1,0.0,1.1,1.1,1.1,84.6,0.0,21.5,34.4,0.0,0.0,0.0,0.0,100.0,2.1,1.1,0.0,0.0,0.0,35.6,51.6,0.0,0.0,1.1,2.2,3.2,1.1,0.0,0.0,1.1,0.0,0.0,0.0,1.1,0.0,37.0,38.9,63.0,63,63,0.0,0.0,0.0,6.4671630859375,6.4671630859375,6.4671630859375,247.359,247.359,247.359,63,0.0,6.4671630859375,247.359,5
11775852.144393438,81.39758682250977,99817207.64477897,201028.51533971672,2105115.909689604,13255651.743826725,13.2828125,0.0,100.0,18.2,81.8,14.1,24.0,35.0,40.0,51.0,51.5,19.4,6.9,0.0,0.0,0.0,0.0,51.5,52.0,0.0,0.0,0.0,0.0,0.0,0.0,0.0,0.0,0.0,2.0,1.0,0.0,0.0,0.0,1.0,0.0,79.0,0.0,1.0,55.8,0.0,0.0,0.0,0.0,100.0,0.0,2.0,1.0,0.0,0.0,33.7,48.5,0.0,0.0,0.0,2.9,0.0,0.0,0.0,0.0,2.0,0.0,0.0,0.0,0.0,0.0,36.6,38.2,79.0,79,79,0.0,0.0,0.0,6.4671630859375,6.4671630859375,6.4671630859375,254.166,254.166,254.166,79,0.0,6.4671630859375,254.166,5
11775853.15257334,81.39506149291992,98672667.33325566,198654.02967071818,2080136.6874809938,13098360.703981884,13.549999999999999,0.0,100.0,33.7,81.6,2.9,14.6,21.4,9.9,52.0,48.5,52.6,36.4,0.0,0.0,0.0,0.0,50.0,51.0,0.0,0.0,0.0,0.0,0.0,0.0,0.0,1.0,1.9,0.0,0.0,2.9,1.0,0.0,0.0,1.0,81.6,1.0,1.0,49.5,5.0,0.0,0.0,0.0,100.0,0.0,0.0,0.0,0.0,0.0,35.4,52.4,0.0,0.0,0.0,1.0,0.0,1.0,0.0,0.0,1.9,0.0,0.0,0.0,0.0,0.0,36.0,39.0,67.0,67,67,0.0,0.0,0.0,6.4671630859375,6.4671630859375,6.4671630859375,247.062,247.062,247.062,67,0.0,6.4671630859375,247.062,5
11775854.155740855,81.39730453491211,99200679.29874815,199657.58149185547,2090530.2128953403,13163807.434325345,13.528125,0.0,100.0,35.4,79.0,2.9,4.0,2.9,35.4,51.9,51.9,23.8,66.0,0.0,0.0,1.0,0.0,50.5,50.0,0.0,0.0,0.0,0.0,0.0,0.0,0.0,1.0,1.9,0.0,1.0,0.0,0.0,1.0,1.0,1.0,81.0,1.0,0.0,10.7,46.7,1.0,0.0,0.0,100.0,1.9,1.9,1.0,0.0,0.0,33.3,50.0,0.0,0.0,0.0,0.0,1.0,0.0,0.0,0.0,1.0,0.0,1.0,0.0,0.0,0.0,34.0,38.7,57.0,57,57,0.0,0.0,0.0,6.4671630859375,6.4671630859375,6.4671630859375,230.718,230.718,230.718,57,0.0,6.4671630859375,230.718,5
11775855.153520403,81.39608001708984,99769163.62212366,200736.72623147376,2101818.9878216577,13234891.4389395,13.815625,0.0,100.0,41.1,77.9,2.0,6.1,0.0,30.9,51.5,51.0,48.9,39.6,2.0,1.0,0.0,0.0,53.0,53.0,0.0,0.0,0.0,0.0,0.0,0.0,0.0,0.0,1.0,1.0,0.0,1.0,0.0,1.0,0.0,0.0,80.4,0.0,0.0,14.0,43.9,1.0,0.0,0.0,100.0,0.0,15.3,0.0,0.0,0.0,36.1,52.5,1.0,1.0,0.0,0.0,0.0,0.0,0.0,0.0,1.0,0.0,0.0,0.0,0.0,0.0,37.4,38.6,58.0,58,58,0.0,0.0,0.0,6.4671630859375,6.4671630859375,6.4671630859375,237.045,237.045,237.045,58,0.0,6.4671630859375,237.045,5
11775856.153523128,81.3989486694336,99580099.63926408,200298.45417672684,2097146.285171823,13205468.014441324,13.4515625,0.0,100.0,32.0,85.7,2.0,7.9,2.0,36.2,50.0,51.9,63.6,23.7,0.0,0.0,0.0,0.0,51.0,50.0,0.0,0.0,0.0,0.0,0.0,0.0,0.0,2.0,1.0,0.0,0.0,0.0,1.0,1.0,1.0,2.0,78.4,0.0,0.0,42.0,13.9,1.0,0.0,0.0,100.0,1.0,0.0,0.0,0.0,0.0,34.4,50.5,0.0,0.0,0.0,0.0,0.0,0.0,0.0,0.0,1.0,1.0,0.0,0.0,0.0,0.0,36.4,37.3,55.0,55,55,0.0,0.0,0.0,6.4671630859375,6.4671630859375,6.4671630859375,240.081,240.081,240.081,55,0.0,6.4671630859375,240.081,5
11775857.155391132,81.39548110961914,99425485.79688507,199933.52338272054,2093241.8159581001,13180882.059861163,13.3828125,0.0,100.0,59.8,76.6,3.1,1.1,1.0,10.3,51.5,50.5,2.1,29.0,57.0,0.0,0.0,0.0,50.5,51.0,0.0,0.0,0.0,0.0,0.0,0.0,0.0,0.0,2.1,0.0,1.0,1.0,0.0,0.0,0.0,0.0,86.3,0.0,0.0,54.7,0.0,0.0,0.0,0.0,100.0,0.0,0.0,0.0,0.0,0.0,35.8,49.5,0.0,0.0,0.0,0.0,0.0,0.0,0.0,0.0,2.0,3.1,0.0,1.0,0.0,0.0,36.5,40.0,84.0,84,84,0.0,0.0,0.0,6.4671630859375,6.4671630859375,6.4671630859375,243.819,243.819,243.819,84,0.0,6.4671630859375,243.819,5
11775858.155479385,81.39751434326172,99635465.95818757,200290.32395285947,2096966.938207097,13204338.689022813,13.425,0.0,100.0,39.8,77.7,7.1,34.3,1.0,27.4,49.5,50.0,20.0,2.0,37.9,0.0,0.0,7.2,49.5,49.5,0.0,0.0,0.0,0.0,0.0,0.0,0.0,0.0,1.0,2.0,0.0,0.0,1.0,1.0,2.0,0.0,77.9,0.0,2.0,33.0,0.0,1.0,25.0,0.0,100.0,0.0,0.0,0.0,0.0,0.0,33.7,51.0,1.0,0.0,1.0,0.0,0.0,0.0,1.0,0.0,0.0,1.0,1.0,0.0,0.0,0.0,33.7,37.0,78.0,78,78,0.0,0.0,0.0,6.4671630859375,6.4671630859375,6.4671630859375,231.915,231.915,231.915,78,0.0,6.4671630859375,231.915,5
11775859.141313773,81.39758682250977,101108139.67030647,203195.38699975758,2127286.3123814533,13395255.998276964,13.6984375,0.0,100.0,32.3,84.9,55.9,43.6,1.1,29.0,52.5,52.1,4.1,1.0,0.0,0.0,0.0,0.0,51.5,50.5,0.0,0.0,0.0,0.0,0.0,0.0,0.0,1.0,2.1,3.1,0.0,1.0,0.0,0.0,0.0,2.1,84.0,2.1,1.0,0.0,0.0,0.0,56.3,2.1,100.0,1.1,0.0,0.0,0.0,0.0,35.9,51.5,0.0,0.0,0.0,0.0,0.0,0.0,0.0,0.0,0.0,0.0,0.0,0.0,0.0,0.0,36.8,38.1,62.0,62,62,0.0,0.0,0.0,6.4671630859375,6.4671630859375,6.4671630859375,258.643,258.643,258.643,62,0.0,6.4671630859375,258.643,5
11775860.152871387,81.4001579284668,98574779.70358635,198036.17425461733,2073190.8594055623,13054623.6928194,13.690625,0.0,100.0,5.6,80.2,57.7,32.7,0.9,6.5,51.8,49.5,18.7,1.8,42.2,0.0,0.0,0.0,51.8,50.9,0.0,0.0,0.0,0.0,0.0,0.9,0.0,0.9,0.0,0.0,0.0,0.0,0.9,0.9,0.0,0.0,79.6,0.9,0.0,0.0,0.0,0.0,56.0,0.0,100.0,2.8,16.4,0.9,0.9,0.0,34.9,51.4,0.9,0.9,0.9,0.0,0.0,0.0,0.0,0.0,0.9,0.0,0.0,0.0,0.0,0.0,36.2,38.7,52.0,52,52,0.0,0.0,0.0,6.4671630859375,6.4671630859375,6.4671630859375,238.082,238.082,238.082,52,0.0,6.4671630859375,238.082,5
11775861.155084923,81.39738082885742,99525932.78173578,199891.53292967088,2092520.1317126655,13176337.704378191,13.3359375,0.0,100.0,4.1,77.7,54.7,26.1,5.3,2.1,51.0,48.9,35.1,0.0,32.6,1.0,0.0,0.0,50.0,52.5,0.0,0.0,0.0,0.0,0.0,0.0,0.0,0.0,1.0,2.0,2.1,2.0,1.0,0.0,1.0,2.0,78.9,1.0,0.0,6.3,0.0,0.0,9.2,0.0,100.0,9.1,30.9,0.0,0.0,0.0,36.5,51.5,0.0,1.0,0.0,0.0,0.0,0.0,0.0,0.0,2.1,1.0,1.0,0.0,0.0,0.0,35.4,37.4,83.0,83,83,0.0,0.0,0.0,6.4671630859375,6.4671630859375,6.4671630859375,245.162,245.162,245.162,83,0.0,6.4671630859375,245.162,5
11775862.154028513,81.39601516723633,99885061.61512376,200545.8587252706,2099369.7960277274,13219469.184362095,13.5359375,0.0,100.0,2.9,77.8,33.0,2.9,55.6,6.9,51.4,51.5,48.5,0.0,19.8,0.0,0.0,0.0,50.0,50.5,0.0,0.0,0.0,0.0,0.0,0.0,0.0,1.0,0.0,2.9,1.0,0.0,1.0,1.9,0.0,1.0,86.1,1.0,0.0,0.0,0.0,0.0,0.0,0.0,100.0,0.0,58.3,0.0,0.0,0.0,35.0,49.0,0.0,0.0,0.0,0.0,0.0,0.0,0.0,0.0,2.0,0.0,0.0,0.0,0.0,0.0,36.6,38.7,57.0,57,57,0.0,0.0,0.0,6.4671630859375,6.4671630859375,6.4671630859375,232.344,232.344,232.344,57,0.0,6.4671630859375,232.344,5
11775863.153942116,81.3997802734375,99826395.6943807,200362.31068905257,2097333.203155397,13210741.367531553,13.815625,0.0,100.0,22.4,82.5,24.0,4.1,52.6,6.1,50.5,48.5,30.5,0.0,34.7,0.0,1.0,0.0,51.0,49.0,0.0,0.0,0.0,0.0,0.0,0.0,0.0,1.0,0.0,5.0,2.0,32.7,0.0,1.0,1.0,0.0,77.3,5.1,0.0,0.0,1.0,0.0,0.0,0.0,100.0,2.0,19.2,1.0,0.0,0.0,34.0,52.4,1.0,0.0,1.0,1.0,1.0,1.0,0.0,1.0,4.0,4.0,4.9,0.0,0.0,0.0,36.4,37.3,55.0,55,55,0.0,0.0,0.0,6.4671630859375,6.4671630859375,6.4671630859375,245.113,245.113,245.113,55,0.0,6.4671630859375,245.113,5
11775864.154464127,81.39619064331055,99796909.82638483,200247.46844033,2096057.8328869937,13202708.029415146,15.646875,0.0,100.0,4.1,80.6,2.1,0.0,53.2,36.5,52.0,50.0,17.9,0.0,51.6,0.0,0.0,0.0,51.0,51.5,0.0,0.0,0.0,0.0,1.0,0.0,0.0,0.0,0.0,0.0,1.0,56.7,2.0,1.0,0.0,1.0,80.6,3.1,4.1,1.0,1.0,1.0,22.4,21.6,100.0,22.7,21.6,23.2,21.6,0.0,34.0,49.5,0.0,0.0,0.0,2.1,1.1,1.0,0.0,0.0,0.0,0.0,0.0,0.0,0.0,1.0,35.8,39.8,68.0,68,68,0.0,0.0,0.0,6.4671630859375,6.4671630859375,6.4671630859375,243.306,243.306,243.306,68,0.0,6.4671630859375,243.306,5
11775865.154839752,81.39797973632812,99845744.46758677,200284.76808484358,2096364.5535968551,13204640.010448942,13.7875,0.0,100.0,2.0,79.0,10.5,0.0,45.5,43.6,51.4,50.5,18.2,2.9,46.9,0.0,0.0,0.0,53.3,52.4,0.0,0.0,0.0,0.0,0.0,0.0,0.0,1.0,1.0,1.0,0.0,12.7,1.9,1.9,4.9,1.0,80.2,1.0,1.9,1.0,0.0,0.0,0.0,0.0,100.0,37.9,16.5,0.0,0.0,0.0,34.7,51.0,0.0,0.0,0.0,0.0,0.0,0.0,0.0,0.0,1.0,0.0,0.0,0.0,1.0,0.0,36.3,38.3,55.0,55,55,0.0,0.0,0.0,6.4671630859375,6.4671630859375,6.4671630859375,230.43,230.43,230.43,55,0.0,6.4671630859375,230.43,5
11775866.154485345,81.39575958251953,99951404.51292089,200431.0342327403,2097895.5095990207,13214283.239173518,13.59375,0.0,100.0,3.0,79.6,4.0,0.0,43.3,45.8,50.5,52.0,41.1,0.0,26.6,0.0,0.0,0.0,50.0,50.5,0.0,0.0,0.0,0.0,0.0,0.0,0.0,0.0,0.0,1.0,1.0,2.0,1.0,1.0,2.0,1.0,81.2,9.9,2.0,4.0,0.0,0.0,0.0,0.0,100.0,56.1,0.0,0.0,0.0,0.0,35.1,50.0,0.0,0.0,0.0,0.0,0.0,0.0,0.0,1.0,1.0,0.0,0.0,0.0,0.0,0.0,35.1,39.2,57.0,57,57,0.0,0.0,0.0,6.4671630859375,6.4671630859375,6.4671630859375,235.19,235.19,235.19,57,0.0,6.4671630859375,235.19,5
11775867.155128296,81.39745712280273,99884502.10176574,200241.25456941355,2095804.4991902718,13201112.324001225,13.521875,0.0,100.0,3.0,83.3,5.1,2.0,47.4,41.2,51.0,50.0,53.2,0.0,17.2,0.0,0.0,0.0,52.0,52.0,0.0,0.0,0.0,0.0,0.0,0.0,0.0,1.0,0.0,1.0,0.0,0.0,0.0,2.0,0.0,0.0,78.4,0.0,29.7,2.0,6.0,2.0,0.0,0.0,100.0,24.0,0.0,0.0,0.0,0.0,36.1,50.5,0.0,0.0,0.0,0.0,0.0,0.0,0.0,0.0,0.0,0.0,0.0,0.0,0.0,0.0,37.4,37.9,56.0,56,56,0.0,0.0,0.0,6.4671630859375,6.4671630859375,6.4671630859375,241.516,241.516,241.516,56,0.0,6.4671630859375,241.516,5
11775868.154261539,81.39631652832031,100067021.86229637,200551.82984393105,2098971.2995481524,13221059.455161704,13.346875,0.0,100.0,3.1,77.7,12.4,1.0,28.4,50.5,48.5,50.0,49.5,1.0,18.1,0.0,0.0,0.0,48.5,49.5,0.0,0.0,0.0,0.0,0.0,0.0,0.0,1.0,1.0,0.0,1.0,1.0,1.0,0.0,1.0,1.0,85.3,3.1,2.1,12.2,1.0,2.0,0.0,0.0,100.0,40.2,1.0,1.0,0.0,0.0,34.4,51.5,0.0,0.0,0.0,0.0,0.0,0.0,0.0,1.0,0.0,0.0,0.0,0.0,0.0,0.0,35.8,38.4,63.0,63,63,0.0,0.0,0.0,6.4671630859375,6.4671630859375,6.4671630859375,243.651,243.651,243.651,63,0.0,6.4671630859375,243.651,5
11775869.15502774,81.39863204956055,99940358.60281675,200225.58696609718,2095546.390375861,13199486.540941702,13.440625,0.0,100.0,2.9,78.8,53.5,0.0,35.0,10.8,49.5,51.0,47.4,0.0,20.0,0.0,0.0,0.0,51.0,52.0,0.0,0.0,0.0,0.0,0.0,0.0,0.0,0.0,0.0,1.0,0.0,2.9,0.0,1.0,0.0,1.0,78.6,2.0,53.8,3.0,1.0,0.0,0.0,0.0,100.0,0.0,0.0,0.0,0.0,0.0,35.6,49.0,0.0,0.0,0.0,0.0,2.9,0.0,0.0,0.0,1.0,0.0,1.0,1.0,0.0,0.0,36.0,37.5,56.0,56,56,0.0,0.0,0.0,6.4671630859375,6.4671630859375,6.4671630859375,228.333,228.333,228.333,56,0.0,6.4671630859375,228.333,5
11775870.155607974,81.39534378051758,99994403.80179879,200272.79482442784,2095935.8657992128,13201939.779692307,13.7796875,0.0,100.0,3.0,82.7,31.6,0.0,58.9,6.0,50.5,51.0,11.2,0.0,55.9,0.0,0.0,0.0,50.0,50.5,0.0,0.0,0.0,0.0,0.0,0.0,0.0,2.0,2.0,0.0,0.0,1.0,0.0,2.0,1.0,0.0,79.8,4.0,11.0,46.5,1.0,1.0,0.0,0.0,100.0,0.0,16.0,0.0,0.0,0.0,34.0,50.0,0.0,0.0,0.0,3.0,1.0,0.0,0.0,0.0,1.0,0.0,0.0,0.0,0.0,0.0,35.7,38.6,57.0,57,57,0.0,0.0,0.0,6.4671630859375,6.4671630859375,6.4671630859375,245.72,245.72,245.72,57,0.0,6.4671630859375,245.72,5
11775871.156203415,81.39738464355469,100023892.6645178,200279.74521059133,2095904.012634205,13201739.142080685,13.44375,0.0,100.0,3.1,79.6,67.0,2.1,25.0,2.0,51.5,50.0,46.2,21.3,0.0,0.0,0.0,0.0,49.0,51.0,0.0,0.0,0.0,0.0,0.0,0.0,0.0,0.0,1.0,1.0,1.0,1.0,1.0,0.0,0.0,1.0,83.7,1.0,0.0,55.7,0.0,0.0,0.0,0.0,100.0,2.0,0.0,0.0,0.0,0.0,35.5,51.5,0.0,0.0,0.0,3.1,0.0,0.0,0.0,1.0,0.0,0.0,0.0,0.0,0.0,0.0,34.7,38.4,70.0,70,70,0.0,0.0,0.0,6.4671630859375,6.4671630859375,6.4671630859375,244.638,244.638,244.638,70,0.0,6.4671630859375,244.638,5
11775872.144798568,81.39626693725586,101267396.23367646,202717.96755129247,2121345.623814298,13361991.478127168,13.15,0.0,100.0,3.2,76.9,16.1,0.0,25.5,4.3,47.8,48.9,26.7,44.6,42.2,2.1,0.0,0.0,50.5,50.0,0.0,0.0,0.0,0.0,0.0,0.0,0.0,0.0,0.0,0.0,1.0,0.0,0.0,0.0,1.1,1.1,77.2,2.1,2.1,54.8,2.1,0.0,0.0,0.0,100.0,0.0,2.1,0.0,0.0,0.0,34.1,50.0,0.0,1.1,0.0,0.0,0.0,0.0,0.0,0.0,0.0,0.0,0.0,0.0,0.0,0.0,34.8,39.2,64.0,64,64,0.0,0.0,0.0,6.4671630859375,6.4671630859375,6.4671630859375,242.237,242.237,242.237,64,0.0,6.4671630859375,242.237,5
11775873.1438472,81.40067291259766,100240554.69229466,200598.84339300002,2099149.0640060115,13222179.162928492,13.490625,0.0,100.0,3.0,85.7,1.0,0.0,0.0,5.0,51.0,51.0,71.6,43.2,36.1,0.0,0.0,0.0,51.5,48.0,1.0,0.0,0.0,0.0,0.0,0.0,0.0,1.0,1.0,0.0,0.0,2.0,1.0,1.0,1.0,2.0,82.5,0.0,0.0,35.0,0.0,0.0,0.0,0.0,100.0,22.0,0.0,0.0,1.0,0.0,35.1,51.0,0.0,0.0,0.0,1.0,2.0,0.0,0.0,0.0,3.0,1.0,0.0,0.0,0.0,0.0,35.4,37.3,63.0,63,63,0.0,0.0,0.0,6.4671630859375,6.4671630859375,6.4671630859375,252.753,252.753,252.753,63,0.0,6.4671630859375,252.753,5
11775874.144495225,81.39665603637695,100113034.20863028,200293.2049111057,2095793.872288785,13201045.386975257,13.3375,0.0,100.0,4.0,77.1,3.0,8.0,0.0,4.0,48.5,51.0,53.1,55.2,43.2,0.0,0.0,0.0,51.0,52.0,0.0,0.0,0.0,0.0,0.0,0.0,0.0,1.0,2.0,2.0,0.0,0.0,0.0,0.0,1.0,0.0,80.4,0.0,1.0,0.0,0.0,0.0,0.0,1.0,100.0,55.6,0.0,0.0,0.0,0.0,34.7,50.5,0.0,0.0,0.0,0.0,0.0,0.0,0.0,0.0,0.0,0.0,0.0,0.0,0.0,0.0,35.7,38.6,66.0,66,66,0.0,0.0,0.0,6.4671630859375,6.4671630859375,6.4671630859375,263.304,263.304,263.304,66,0.0,6.4671630859375,263.304,5
11775875.146871328,81.40164184570312,99978495.71903186,199957.87932834425,2092180.7613975534,13178287.022474824,13.2765625,0.0,100.0,5.8,78.4,0.0,1.0,0.0,14.7,49.0,50.0,39.6,73.7,36.7,0.0,0.0,0.0,51.0,51.0,0.0,0.0,0.0,0.0,0.0,0.0,0.0,0.0,0.0,0.0,1.0,1.0,1.0,0.0,1.0,2.0,78.4,2.9,0.0,0.0,0.0,0.0,0.0,0.0,100.0,55.9,0.0,1.0,0.0,0.0,34.3,50.0,0.0,0.0,0.0,0.0,0.0,0.0,0.0,0.0,0.0,0.0,0.0,0.0,0.0,0.0,34.0,36.3,62.0,62,62,0.0,0.0,0.0,6.4671630859375,6.4671630859375,6.4671630859375,258.369,258.369,258.369,62,0.0,6.4671630859375,258.369,5
11775876.143916328,81.39686584472656,100545835.02772738,201034.0558052967,2103367.4526052163,13248750.067679342,13.765625,0.0,100.0,4.1,80.0,1.0,1.0,2.0,3.1,51.5,50.0,52.6,55.3,43.6,0.0,0.0,0.0,50.0,49.0,0.0,0.0,0.0,0.0,0.0,0.0,0.0,1.0,1.0,1.0,0.0,2.0,2.0,1.0,0.0,2.0,84.5,17.3,2.0,2.0,0.0,0.0,0.0,0.0,100.0,32.0,25.3,0.0,0.0,0.0,36.7,51.5,0.0,0.0,0.0,0.0,0.0,1.0,0.0,0.0,0.0,1.0,0.0,0.0,0.0,0.0,36.5,38.0,63.0,63,63,0.0,0.0,0.0,6.4671630859375,6.4671630859375,6.4671630859375,254.022,254.022,254.022,63,0.0,6.4671630859375,254.022,5
11775877.129030596,81.4006118774414,101798201.65026727,203475.8873322444,2128841.359913548,13409205.831486706,13.4140625,0.0,100.0,15.7,84.2,28.8,1.0,0.0,3.9,49.5,52.9,15.7,54.5,40.0,1.0,0.0,0.0,49.0,50.5,0.0,0.0,0.0,0.0,0.0,0.0,0.0,1.0,1.0,0.0,0.0,1.0,0.0,0.0,1.0,0.0,79.4,1.9,0.0,1.9,1.0,0.0,0.0,0.0,100.0,45.2,11.8,1.0,0.0,0.0,36.0,51.0,0.0,1.0,0.0,1.0,1.0,0.0,0.0,0.0,1.9,0.0,0.0,0.0,0.0,0.0,35.6,38.1,74.0,74,74,0.0,0.0,0.0,6.4671630859375,6.4671630859375,6.4671630859375,256.295,256.295,256.295,74,0.0,6.4671630859375,256.295,5
11775878.155244805,81.39630126953125,97756876.85238984,195337.3850689637,2043581.1380545916,12872166.34809777,13.4296875,0.0,100.0,43.1,78.4,55.0,3.8,0.0,7.6,52.4,50.9,1.0,17.5,48.0,0.0,0.0,0.0,50.9,51.0,0.0,0.0,0.0,0.0,0.0,0.0,0.0,0.0,0.0,1.9,0.0,0.0,1.0,1.9,1.0,1.9,79.0,0.0,0.0,1.0,0.0,1.9,0.0,0.0,100.0,8.7,40.2,0.0,0.0,0.0,35.9,50.5,0.0,0.0,0.0,0.0,0.0,0.0,0.0,0.0,1.0,1.0,0.0,0.0,0.0,0.0,35.9,37.1,66.0,66,66,0.0,0.0,0.0,6.4671630859375,6.4671630859375,6.4671630859375,241.713,241.713,241.713,66,0.0,6.4671630859375,241.713,5
11775879.146108797,81.39960861206055,101271955.40475117,202306.2717370115,2116488.25382782,13331395.73944281,13.35,0.0,100.0,2.2,76.4,25.3,30.8,0.0,2.2,51.1,50.5,50.0,58.9,47.2,0.0,0.0,0.0,50.0,50.5,0.0,0.0,0.0,0.0,0.0,0.0,0.0,1.1,1.1,0.0,1.1,1.1,0.0,0.0,1.1,0.0,83.5,0.0,1.1,0.0,0.0,1.1,0.0,0.0,100.0,0.0,0.0,0.0,0.0,0.0,34.4,51.1,0.0,0.0,0.0,0.0,0.0,0.0,0.0,0.0,2.2,0.0,2.1,2.1,0.0,0.0,35.6,40.6,64.0,64,64,0.0,0.0,0.0,6.4671630859375,6.4671630859375,6.4671630859375,256.318,256.318,256.318,64,0.0,6.4671630859375,256.318,5
11775880.144090349,81.45039367675781,100582449.44042632,200871.44856666302,2101393.553542618,13240421.1010322,13.60625,0.0,100.0,3.0,85.6,57.0,0.0,1.0,3.0,50.0,49.5,34.7,40.0,78.1,0.0,0.0,0.0,50.5,50.5,0.0,0.0,0.0,0.0,0.0,0.0,0.0,0.0,1.0,0.0,0.0,1.0,0.0,2.0,1.0,1.0,78.1,2.0,0.0,0.0,0.0,0.0,0.0,0.0,100.0,2.0,0.0,0.0,0.0,0.0,34.4,48.5,0.0,16.0,2.0,0.0,1.0,1.0,0.0,0.0,1.0,1.0,1.0,0.0,0.0,0.0,35.7,38.2,64.0,64,64,0.0,0.0,0.0,6.4671630859375,6.4671630859375,6.4671630859375,258.937,258.937,258.937,64,0.0,6.4671630859375,258.937,5
11775881.14397719,81.39521789550781,100423483.86299813,200495.68797538406,2097389.339357184,13215191.42337163,13.7734375,0.0,100.0,3.0,78.6,5.0,2.0,0.0,5.9,50.5,51.0,60.4,32.6,59.4,2.0,0.0,0.0,51.5,47.4,0.0,0.0,0.0,0.0,0.0,0.0,0.0,1.0,31.6,1.0,1.0,20.6,1.0,0.0,0.0,1.0,85.7,16.2,3.0,2.0,0.0,0.0,0.0,0.0,100.0,1.0,0.0,0.0,0.0,0.0,36.1,52.0,0.0,0.0,0.0,0.0,2.0,0.0,1.0,0.0,1.0,1.0,0.0,0.0,0.0,0.0,36.7,37.3,62.0,62,62,0.0,0.0,0.0,6.4671630859375,6.4671630859375,6.4671630859375,256.14,256.14,256.14,62,0.0,6.4671630859375,256.14,5
11775882.142614752,81.39831924438477,100581849.47170518,200755.51682082776,2100013.136400438,13231723.394585572,13.328125,0.0,100.0,2.0,77.9,6.1,0.0,0.0,0.0,49.0,49.0,62.8,38.8,50.5,0.0,0.0,0.0,49.5,50.0,0.0,0.0,0.0,0.0,0.0,1.0,0.0,1.0,0.0,0.0,1.0,0.0,1.0,13.3,34.7,1.0,78.4,4.0,2.0,7.1,1.0,0.0,2.0,0.0,100.0,0.0,0.0,0.0,0.0,0.0,34.7,49.5,0.0,1.0,8.2,0.0,0.0,0.0,0.0,0.0,1.0,0.0,0.0,0.0,0.0,0.0,37.6,37.9,62.0,62,62,0.0,0.0,0.0,6.4671630859375,6.4671630859375,6.4671630859375,259.919,259.919,259.919,62,0.0,6.4671630859375,259.919,5
11775883.156562168,81.39604568481445,99100222.95514646,197735.10619690202,2068304.4965711792,13031934.191286376,13.4609375,0.0,100.0,22.1,79.6,28.2,1.9,0.0,0.0,52.8,50.9,26.4,48.5,35.8,0.0,0.0,0.0,50.5,51.8,0.0,0.0,0.0,0.0,0.0,0.0,0.0,0.0,0.9,0.9,0.0,0.0,0.0,0.9,0.0,2.8,79.6,5.7,1.9,1.0,0.9,0.0,0.0,0.0,100.0,0.0,0.0,0.0,0.0,0.0,34.0,51.9,0.0,1.9,56.5,0.0,0.0,0.9,0.0,0.0,1.9,0.9,0.0,0.0,0.0,0.0,32.7,37.7,64.0,64,64,0.0,0.0,0.0,6.4671630859375,6.4671630859375,6.4671630859375,254.821,254.821,254.821,64,0.0,6.4671630859375,254.821,5
11775884.15723969,81.46642684936523,100447584.52432907,200367.24672778833,2095732.0948298767,13204749.48812731,14.4421875,0.0,100.0,23.2,86.1,1.9,0.0,1.0,25.3,52.3,52.9,25.3,63.6,25.0,1.9,0.0,0.0,49.0,48.5,2.9,1.0,1.0,1.9,1.9,1.0,0.0,3.9,2.0,2.9,2.9,2.9,2.9,3.8,2.9,2.9,78.8,1.0,4.0,1.9,0.0,0.0,0.0,0.0,100.0,17.6,1.0,0.0,1.0,0.0,36.0,51.0,1.0,1.9,35.3,8.7,2.9,2.0,2.9,1.0,2.0,1.0,1.0,0.0,0.0,0.0,38.0,41.5,56.0,56,56,0.0,0.0,0.0,6.4671630859375,6.4671630859375,6.4671630859375,233.869,233.869,233.869,56,0.0,6.4671630859375,233.869,5
11775885.15466344,81.39762496948242,100810579.31372283,201022.88532550278,2102568.7439522645,13247825.71873048,13.690625,0.0,100.0,19.2,77.9,2.0,1.0,0.0,53.3,51.0,51.5,6.1,44.8,45.9,0.0,0.0,0.0,51.5,52.0,0.0,1.0,0.0,0.0,0.0,0.0,0.0,1.0,0.0,2.0,0.0,0.0,0.0,1.0,0.0,1.0,85.4,2.0,2.0,1.0,1.0,0.0,0.0,0.0,100.0,10.9,0.0,46.4,0.0,0.0,35.4,51.5,0.0,0.0,0.0,1.0,0.0,0.0,0.0,0.0,1.0,0.0,0.0,0.0,0.0,0.0,37.8,38.6,57.0,57,57,0.0,0.0,0.0,6.4671630859375,6.4671630859375,6.4671630859375,236.853,236.853,236.853,57,0.0,6.4671630859375,236.853,5
11775886.157422516,81.39883804321289,100309736.74708086,199963.28596585232,2091381.7175266645,13177338.712384803,13.6828125,0.0,100.0,27.8,78.1,1.0,0.0,6.0,38.3,50.0,51.5,50.5,14.0,38.1,0.0,0.0,0.0,52.0,52.0,0.0,0.0,0.0,0.0,0.0,0.0,0.0,0.0,1.0,1.0,7.0,0.0,0.0,0.0,1.0,1.0,78.8,17.0,1.0,0.0,0.0,0.0,0.0,0.0,100.0,0.0,9.9,0.0,0.0,0.0,35.4,49.5,0.0,0.0,0.0,0.0,0.0,1.0,0.0,0.0,12.9,24.0,1.0,0.0,0.0,0.0,36.4,38.5,55.0,55,55,0.0,0.0,0.0,6.4671630859375,6.4671630859375,6.4671630859375,241.569,241.569,241.569,55,0.0,6.4671630859375,241.569,5
11775887.156329207,81.39640426635742,100728630.5558823,200741.47253340305,2099447.3454602053,13228158.469637932,13.4375,0.0,100.0,3.1,78.9,0.0,0.0,32.6,36.6,51.5,51.0,59.6,24.7,9.4,1.0,0.0,0.0,48.4,52.0,1.0,0.0,0.0,0.0,0.0,0.0,0.0,2.0,0.0,0.0,0.0,0.0,1.0,1.0,1.0,0.0,82.8,1.0,1.0,1.0,0.0,0.0,0.0,0.0,100.0,1.0,54.7,0.0,0.0,0.0,36.2,51.0,0.0,0.0,0.0,0.0,0.0,0.0,0.0,0.0,2.0,0.0,0.0,0.0,0.0,0.0,36.1,38.4,81.0,81,81,0.0,0.0,0.0,6.4671630859375,6.4671630859375,6.4671630859375,243.313,243.313,243.313,81,0.0,6.4671630859375,243.313,5
11775888.159035463,81.40128326416016,100380219.45253816,199980.80080517783,2091491.8880231609,13178032.872583432,13.446875,0.0,100.0,2.0,84.2,1.0,0.0,45.4,22.5,48.5,50.5,49.5,11.9,35.6,0.0,0.0,0.0,50.5,50.0,1.0,1.0,0.0,0.0,0.0,0.0,2.0,0.0,1.0,1.0,1.0,1.0,1.0,1.0,0.0,1.9,80.0,1.0,0.0,0.0,0.0,0.0,0.0,0.0,100.0,0.0,56.3,0.0,0.0,0.0,36.3,51.0,0.0,0.0,0.0,0.0,0.0,0.0,0.0,0.0,1.0,0.0,1.0,0.0,0.0,0.0,34.0,36.5,56.0,56,56,0.0,0.0,0.0,6.4671630859375,6.4671630859375,6.4671630859375,227.86,227.86,227.86,56,0.0,6.4671630859375,227.86,5
11775889.157416344,81.39739990234375,100847849.68942145,200854.20690221974,2100553.0457609817,13235125.245361187,13.359375,0.0,100.0,3.0,77.9,0.0,0.0,19.2,48.4,51.5,50.5,27.3,5.0,61.7,0.0,0.0,0.0,51.0,50.5,0.0,0.0,1.0,0.0,0.0,0.0,1.0,0.0,0.0,1.0,1.0,27.0,0.0,1.0,7.9,18.2,79.4,1.0,0.0,1.0,0.0,0.0,0.0,0.0,100.0,0.0,3.0,0.0,0.0,0.0,34.4,50.5,0.0,0.0,0.0,1.0,1.0,0.0,0.0,0.0,2.0,2.0,0.0,0.0,0.0,0.0,36.4,39.2,55.0,55,55,0.0,0.0,0.0,6.4671630859375,6.4671630859375,6.4671630859375,245.151,245.151,245.151,55,0.0,6.4671630859375,245.151,5
11775890.155744774,81.39943313598633,100885555.20919783,200875.77780778133,2100663.404712996,13235820.592976807,13.4109375,0.0,100.0,7.1,77.7,2.0,0.0,15.5,50.0,49.0,51.0,46.4,2.0,43.0,0.0,0.0,0.0,48.5,50.0,0.0,0.0,0.0,0.0,0.0,0.0,1.0,2.0,0.0,1.0,1.0,15.3,1.0,1.0,1.0,41.2,77.7,1.0,8.2,1.0,1.0,0.0,0.0,0.0,100.0,1.0,0.0,0.0,0.0,0.0,35.4,49.5,0.0,0.0,0.0,2.0,0.0,0.0,0.0,0.0,1.0,0.0,1.0,0.0,0.0,0.0,35.4,37.4,65.0,65,65,0.0,0.0,0.0,6.4671630859375,6.4671630859375,6.4671630859375,245.17,245.17,245.17,65,0.0,6.4671630859375,245.17,5
11775891.15809178,81.39701461791992,100519529.10918793,200078.41485366636,2092241.4976324674,13182755.99875457,13.978125,0.0,100.0,28.3,85.1,2.0,0.0,0.0,39.8,50.5,51.0,39.4,14.9,49.0,0.0,0.0,0.0,50.5,49.5,1.9,0.0,1.0,0.0,0.0,0.0,0.0,0.0,0.0,0.0,0.0,17.5,1.9,0.0,1.0,1.0,86.0,16.7,1.0,0.0,0.0,0.0,0.0,0.0,100.0,0.0,0.0,0.0,0.0,0.0,36.0,51.0,1.0,0.0,0.0,1.0,2.9,0.0,1.0,0.0,37.6,1.0,0.0,0.0,0.0,1.0,36.0,38.1,53.0,53,53,0.0,0.0,0.0,6.4671630859375,6.4671630859375,6.4671630859375,241.532,241.532,241.532,53,0.0,6.4671630859375,241.532,5
11775892.15736263,81.39873123168945,100861707.23389395,200695.33684580462,2098682.2525011483,13223337.786267001,13.3828125,0.0,100.0,25.8,78.4,1.0,1.0,0.0,44.7,52.5,51.0,33.3,5.0,55.7,0.0,0.0,0.0,52.5,50.0,1.0,0.0,0.0,0.0,0.0,0.0,0.0,0.0,1.0,1.0,2.0,1.0,0.0,2.0,1.0,0.0,77.3,1.0,0.0,0.0,1.0,0.0,0.0,0.0,100.0,0.0,0.0,0.0,1.0,0.0,35.1,51.0,0.0,0.0,0.0,0.0,0.0,0.0,1.0,1.0,53.9,1.0,1.0,0.0,0.0,0.0,34.7,37.6,55.0,55,55,0.0,0.0,0.0,6.4671630859375,6.4671630859375,6.4671630859375,230.621,230.621,230.621,55,0.0,6.4671630859375,230.621,5
11775893.160203196,81.41389846801758,100535305.87683046,199991.90987701542,2091211.775939383,13176267.947618065,13.525,0.0,100.0,35.4,78.4,1.0,3.0,0.0,31.9,49.0,49.5,38.1,1.0,49.5,2.0,0.0,0.0,49.5,51.0,0.0,0.0,0.0,0.0,0.0,0.0,1.0,1.0,0.0,2.0,1.0,12.1,1.0,44.6,3.0,4.0,83.7,1.0,2.0,1.0,1.0,0.0,0.0,0.0,100.0,0.0,0.0,0.0,0.0,0.0,35.1,50.0,1.0,0.0,1.0,0.0,1.0,1.0,1.0,1.0,0.0,0.0,0.0,0.0,0.0,0.0,38.0,38.8,53.0,53,53,0.0,0.0,0.0,6.4671630859375,6.4671630859375,6.4671630859375,242.958,242.958,242.958,53,0.0,6.4671630859375,242.958,5
11775894.158786256,81.41669082641602,100995629.77209547,200852.59612617182,2100127.7555302614,13232445.584649654,13.5671875,0.0,100.0,18.7,80.9,21.2,9.2,1.0,54.3,49.0,52.0,58.9,1.0,29.0,0.0,0.0,0.0,52.5,50.0,0.0,0.0,0.0,0.0,0.0,0.0,0.0,1.0,0.0,1.0,0.0,1.0,1.0,33.3,0.0,1.0,79.8,3.1,3.1,1.0,0.0,0.0,0.0,0.0,100.0,1.0,0.0,0.0,0.0,0.0,36.5,50.0,0.0,1.0,0.0,0.0,1.0,1.0,0.0,0.0,1.0,0.0,0.0,0.0,0.0,0.0,35.8,38.0,65.0,65,65,0.0,0.0,0.0,6.4671630859375,6.4671630859375,6.4671630859375,244.417,244.417,244.417,65,0.0,6.4671630859375,244.417,5
11775895.155971186,81.39842987060547,101171115.73541506,201143.23220440792,2103072.294948765,13250998.48340765,13.4609375,0.0,100.0,22.0,83.0,1.0,40.6,7.8,45.8,50.0,49.0,43.6,0.0,45.5,0.0,0.0,0.0,49.5,50.5,0.0,0.0,0.0,0.0,0.0,0.0,0.0,0.0,14.4,1.0,0.0,1.0,0.0,2.9,1.0,0.0,78.6,1.0,0.0,1.9,0.0,0.0,0.0,0.0,100.0,1.9,1.0,0.0,0.0,0.0,34.0,51.5,1.9,0.0,0.0,0.0,1.0,1.0,0.0,0.0,2.9,1.9,0.0,0.0,0.0,0.0,35.6,38.7,55.0,55,55,0.0,0.0,0.0,6.4671630859375,6.4671630859375,6.4671630859375,231.456,231.456,231.456,55,0.0,6.4671630859375,231.456,5
11775896.156575628,81.4256820678711,100860800.5575708,200457.8349876956,2095885.1602616217,13205713.91992967,13.75625,0.0,100.0,36.2,77.9,1.0,5.1,5.0,32.0,50.0,50.5,21.9,55.7,13.3,0.0,0.0,0.0,53.1,52.0,0.0,0.0,0.0,0.0,0.0,0.0,0.0,1.0,17.0,0.0,0.0,1.0,0.0,0.0,0.0,2.0,85.9,32.0,22.0,0.0,0.0,0.0,0.0,0.0,100.0,0.0,0.0,0.0,0.0,0.0,34.4,49.5,0.0,0.0,0.0,2.0,0.0,0.0,0.0,0.0,0.0,1.0,3.0,2.0,0.0,0.0,35.7,38.2,54.0,54,54,0.0,0.0,0.0,6.4671630859375,6.4671630859375,6.4671630859375,245.62,245.62,245.62,54,0.0,6.4671630859375,245.62,5
11775897.13456759,81.39779663085938,103227044.6378801,205100.86752104998,2144344.8205691543,13511047.638976743,13.371875,0.0,100.0,23.4,78.9,1.1,4.1,4.2,44.4,49.5,50.5,40.6,37.6,9.4,0.0,0.0,0.0,52.5,53.0,0.0,0.0,0.0,0.0,0.0,0.0,1.0,1.0,1.0,1.0,1.0,0.0,1.0,1.0,0.0,1.0,77.4,1.0,18.4,35.1,0.0,0.0,0.0,0.0,100.0,0.0,1.0,0.0,0.0,0.0,35.1,51.0,0.0,0.0,0.0,0.0,0.0,0.0,0.0,0.0,1.0,2.0,1.0,0.0,0.0,2.0,35.8,37.8,67.0,67,67,0.0,0.0,0.0,6.4671630859375,6.4671630859375,6.4671630859375,241.663,241.663,241.663,67,0.0,6.4671630859375,241.663,5
11775898.160274329,81.23237228393555,98457743.55925465,195570.51984026385,2044592.2034319835,12882528.219280427,13.5484375,0.0,82.7,33.7,82.7,2.9,4.0,2.9,34.0,50.0,50.0,32.3,56.6,0.0,0.0,0.0,0.0,50.0,48.0,0.0,0.0,1.0,0.0,0.0,0.0,0.0,0.0,32.7,25.5,0.0,0.0,1.0,1.0,1.0,1.0,81.6,2.0,1.0,0.0,0.0,0.0,78.0,0.0,22.0,0.0,0.0,0.0,0.0,0.0,35.1,50.5,0.0,8.0,1.0,1.0,0.0,0.0,0.0,0.0,1.0,1.0,0.0,0.0,0.0,0.0,36.4,38.2,80.0,80,80,0.0,0.0,0.0,6.4671630859375,6.4671630859375,6.4671630859375,243.639,243.639,243.639,80,0.0,6.4671630859375,243.639,5
11775899.15971173,81.2347297668457,101079517.2281171,200710.91974845077,2098332.519627828,13221134.195936276,13.478125,0.0,100.0,25.5,80.8,2.0,2.9,1.0,41.5,50.5,49.0,0.0,39.8,49.5,0.0,0.0,0.0,49.0,51.4,0.0,0.0,0.0,0.0,0.0,1.0,0.0,1.9,41.0,0.0,0.0,1.0,11.9,0.0,0.0,1.9,81.8,1.0,0.0,0.0,0.0,0.0,100.0,0.0,0.0,0.0,0.0,0.0,0.0,0.0,36.0,50.5,0.0,1.0,0.0,0.0,0.0,1.0,0.0,0.0,16.8,0.0,0.0,0.0,0.0,0.0,35.0,37.9,55.0,55,55,0.0,0.0,0.0,6.4671630859375,6.4671630859375,6.4671630859375,230.113,230.113,230.113,55,0.0,6.4671630859375,230.113,5
11775900.160027264,81.23076629638672,101023490.65885618,200544.72133174108,2096490.4860738527,13209527.945457518,13.30625,0.0,100.0,40.6,78.1,2.0,5.0,0.0,27.8,49.5,49.5,54.6,24.7,8.0,0.0,0.0,0.0,52.0,50.0,0.0,0.0,0.0,0.0,0.0,0.0,0.0,0.0,0.0,1.0,2.0,0.0,0.0,2.0,1.0,0.0,78.9,2.0,0.0,0.0,0.0,1.0,100.0,0.0,1.0,1.0,0.0,0.0,0.0,0.0,33.3,50.0,0.0,0.0,2.0,3.0,56.6,0.0,1.0,0.0,0.0,0.0,1.0,0.0,0.0,0.0,35.7,37.3,54.0,54,54,0.0,0.0,0.0,6.4671630859375,6.4671630859375,6.4671630859375,243.185,243.185,243.185,54,0.0,6.4671630859375,243.185,5
11775901.158161812,81.23344039916992,101277331.01544309,200993.9445871667,2101071.4482619585,13238391.586119294,13.6234375,0.0,100.0,40.0,81.1,2.1,6.2,0.0,26.9,48.9,50.5,43.2,46.2,0.0,0.0,0.0,0.0,49.0,52.1,0.0,0.0,0.0,0.0,0.0,1.0,0.0,1.0,1.0,0.0,0.0,1.0,0.0,1.0,1.0,2.1,77.1,18.2,1.0,0.0,0.0,0.0,100.0,0.0,0.0,1.0,0.0,0.0,0.0,0.0,36.6,47.9,0.0,0.0,0.0,0.0,58.6,0.0,0.0,0.0,1.0,1.0,0.0,0.0,0.0,0.0,36.2,39.0,66.0,66,66,0.0,0.0,0.0,6.4671630859375,6.4671630859375,6.4671630859375,246.113,246.113,246.113,66,0.0,6.4671630859375,246.113,5
11775902.156820543,81.2322769165039,101262106.66583578,200897.45741533357,2099968.621595598,13231442.916537888,14.0546875,0.0,100.0,37.5,81.8,2.9,13.5,1.0,27.6,50.5,50.0,41.8,45.9,0.0,0.0,0.0,0.0,52.0,50.5,0.0,0.0,0.0,0.0,0.0,0.0,0.0,1.9,1.0,0.0,0.0,0.0,0.0,1.0,0.0,1.0,86.0,7.9,0.0,0.0,0.0,0.0,100.0,0.0,1.9,13.9,1.9,1.0,0.0,0.0,33.3,51.5,0.0,0.0,0.0,0.0,49.5,8.7,1.0,1.0,2.0,2.9,0.0,1.0,1.0,0.0,36.6,38.5,56.0,56,56,0.0,0.0,0.0,6.4671630859375,6.4671630859375,6.4671630859375,234.368,234.368,234.368,56,0.0,6.4671630859375,234.368,5
11775903.15884176,81.23056411743164,100954943.08025378,200223.3051080149,2092921.7494760635,13187042.116815979,13.2125,0.0,100.0,47.9,78.1,2.0,5.0,1.0,20.4,49.0,48.5,51.5,37.8,1.0,0.0,0.0,0.0,48.0,50.0,0.0,0.0,0.0,0.0,0.0,0.0,0.0,0.0,0.0,1.0,1.0,2.0,0.0,2.0,1.0,0.0,78.4,0.0,0.0,1.0,0.0,0.0,100.0,2.0,1.0,1.0,1.0,1.0,0.0,0.0,35.7,49.5,0.0,0.0,0.0,0.0,22.2,30.7,1.0,0.0,1.0,0.0,0.0,0.0,0.0,0.0,36.0,36.9,54.0,54,54,0.0,0.0,0.0,6.4671630859375,6.4671630859375,6.4671630859375,240.675,240.675,240.675,54,0.0,6.4671630859375,240.675,5
11775904.15708425,81.2336654663086,101369868.55834155,200988.23884093724,2100844.2547997567,13236960.08981253,13.4515625,0.0,100.0,27.6,78.6,1.0,4.0,0.0,43.6,51.0,50.5,60.0,28.1,2.0,0.0,0.0,0.0,51.0,51.0,0.0,0.0,0.0,0.0,0.0,0.0,1.0,0.0,4.1,17.0,0.0,6.0,1.0,3.0,0.0,0.0,81.4,0.0,0.0,0.0,0.0,0.0,100.0,0.0,1.0,1.0,0.0,0.0,0.0,1.0,34.4,51.0,0.0,0.0,0.0,0.0,17.0,15.3,0.0,0.0,2.0,2.0,0.0,0.0,0.0,0.0,36.7,37.6,52.0,52,52,0.0,0.0,0.0,6.4671630859375,6.4671630859375,6.4671630859375,241.788,241.788,241.788,52,0.0,6.4671630859375,241.788,5
11775905.157513443,81.23438262939453,101179050.70441915,200561.92031639587,2096252.3041115298,13208027.213015225,13.434375000000001,0.0,100.0,11.6,84.2,2.0,2.1,0.0,56.7,51.0,50.5,32.3,20.6,37.9,0.0,1.0,0.0,50.0,50.0,0.0,0.0,0.0,0.0,0.0,0.0,0.0,1.0,3.0,1.0,0.0,53.7,0.0,1.0,1.0,2.0,81.9,1.0,0.0,0.0,0.0,0.0,100.0,0.0,1.0,1.0,0.0,0.0,0.0,0.0,35.1,49.5,0.0,0.0,0.0,1.0,0.0,0.0,1.0,0.0,0.0,0.0,0.0,0.0,0.0,0.0,36.1,39.6,83.0,83,83,0.0,0.0,0.0,6.4671630859375,6.4671630859375,6.4671630859375,246.21,246.21,246.21,83,0.0,6.4671630859375,246.21,5
11775906.16181938,81.23269653320312,100822999.57655711,199788.72246838865,2088160.5136433584,13157042.61135444,13.6390625,0.0,100.0,20.0,79.0,1.0,4.8,3.9,47.9,49.0,50.0,19.6,54.5,14.0,0.0,1.0,0.0,51.5,53.8,0.0,0.0,0.0,0.0,0.0,0.0,0.0,2.9,43.1,0.0,1.0,13.7,1.0,1.0,0.0,0.0,79.0,8.8,1.0,0.0,0.0,0.0,100.0,0.0,2.0,3.0,4.9,0.0,0.0,1.0,34.3,49.5,0.0,0.0,0.0,1.0,0.0,1.9,0.0,0.0,0.0,0.0,0.0,0.0,0.0,0.0,36.3,37.5,52.0,52,52,0.0,0.0,0.0,6.4671630859375,6.4671630859375,6.4671630859375,231.026,231.026,231.026,52,0.0,6.4671630859375,231.026,5
11775907.15848444,81.2348403930664,101628709.59591538,201327.4147438008,2104169.2771947575,13257910.328574782,13.3546875,0.0,100.0,38.5,77.9,1.0,0.0,4.0,29.2,50.5,50.0,62.9,28.3,1.0,0.0,0.0,0.0,49.5,51.5,0.0,0.0,0.0,0.0,0.0,0.0,0.0,0.0,36.7,1.0,0.0,2.0,0.0,15.0,3.0,1.0,77.3,6.1,1.0,2.0,0.0,0.0,100.0,0.0,2.0,1.0,0.0,0.0,0.0,1.0,35.1,50.5,0.0,0.0,0.0,0.0,0.0,0.0,0.0,1.0,1.0,0.0,0.0,0.0,0.0,0.0,36.1,37.6,51.0,51,51,0.0,0.0,0.0,6.4671630859375,6.4671630859375,6.4671630859375,245.442,245.442,245.442,51,0.0,6.4671630859375,245.442,5
11775908.15710628,81.23594665527344,101460149.31634258,200940.92874433912,2100046.1996075446,13231931.718620973,13.457812500000001,0.0,100.0,37.4,83.2,1.0,0.0,2.0,29.8,51.0,48.5,19.6,69.9,1.0,0.0,0.0,0.0,49.5,50.5,0.0,2.0,0.0,0.0,0.0,0.0,0.0,0.0,1.0,1.0,11.2,1.0,0.0,41.7,1.0,1.0,86.2,8.2,1.0,0.0,0.0,0.0,100.0,0.0,1.0,2.0,1.0,0.0,0.0,0.0,34.0,49.5,1.0,0.0,0.0,0.0,0.0,0.0,1.0,0.0,1.0,1.0,0.0,0.0,0.0,0.0,33.7,37.4,67.0,67,67,0.0,0.0,0.0,6.4671630859375,6.4671630859375,6.4671630859375,247.909,247.909,247.909,67,0.0,6.4671630859375,247.909,5
11775909.158405984,81.23639678955078,101223482.48616679,200410.52573951922,2094429.862190771,13196544.405131694,13.4265625,0.0,100.0,28.6,80.0,2.9,1.0,7.8,37.8,49.5,51.0,33.0,21.6,34.0,0.0,0.0,0.0,50.5,48.5,1.0,0.0,0.0,0.0,0.0,0.0,0.0,1.9,0.0,0.0,1.0,1.9,0.0,1.0,1.0,1.0,77.8,14.7,39.2,0.0,0.0,0.0,100.0,0.0,0.0,2.0,1.0,1.0,0.0,0.0,35.0,50.5,1.0,0.0,0.0,0.0,0.0,0.0,0.0,0.0,1.0,2.0,1.0,0.0,1.9,0.0,36.6,39.6,56.0,56,56,0.0,0.0,0.0,6.4671630859375,6.4671630859375,6.4671630859375,242.841,242.841,242.841,56,0.0,6.4671630859375,242.841,5
11775910.158088585,81.23601150512695,101419869.51026607,200734.71288848226,2097817.8441504072,13217891.338338308,13.4140625,0.0,100.0,43.2,77.9,1.0,0.0,5.0,23.2,49.5,50.5,46.4,0.0,42.9,0.0,0.0,0.0,50.0,51.5,0.0,0.0,0.0,0.0,0.0,0.0,0.0,0.0,1.0,1.0,1.0,1.0,2.0,1.0,1.0,0.0,84.4,2.0,11.2,0.0,0.0,0.0,100.0,0.0,1.0,29.7,16.0,2.0,0.0,0.0,35.7,48.5,0.0,0.0,1.0,1.0,0.0,0.0,1.0,0.0,0.0,1.0,1.0,0.0,0.0,0.0,35.7,38.2,58.0,58,58,0.0,0.0,0.0,6.4671630859375,6.4671630859375,6.4671630859375,236.205,236.205,236.205,58,0.0,6.4671630859375,236.205,5
11775911.160568053,81.23725128173828,101169477.56424162,200183.6511347766,2091965.040585006,13181014.103373494,13.209375,0.0,100.0,29.9,78.6,1.0,0.0,5.0,37.9,49.5,50.0,29.6,49.5,9.1,0.0,0.0,0.0,49.5,49.5,0.0,0.0,0.0,0.0,0.0,0.0,0.0,1.0,1.0,0.0,0.0,0.0,1.0,1.0,0.0,2.0,80.0,0.0,2.0,1.0,0.0,0.0,100.0,0.0,0.0,10.1,42.4,0.0,0.0,0.0,35.1,51.5,0.0,0.0,0.0,0.0,0.0,0.0,1.0,1.0,3.0,0.0,0.0,0.0,0.0,0.0,35.7,37.5,53.0,53,53,0.0,0.0,0.0,6.4671630859375,6.4671630859375,6.4671630859375,242.571,242.571,242.571,53,0.0,6.4671630859375,242.571,5
11775912.159007031,81.23660278320312,101615319.69188708,201006.7758851904,2100430.8175231763,13242559.91985315,13.8359375,0.0,100.0,27.7,84.2,2.0,1.0,9.3,41.8,50.0,48.9,58.5,29.8,1.0,1.0,0.0,0.0,47.4,49.0,0.0,4.1,0.0,2.1,0.0,0.0,0.0,1.0,28.7,1.0,0.0,1.0,2.1,1.0,2.0,0.0,77.2,17.5,1.0,0.0,0.0,0.0,100.0,0.0,1.0,27.6,0.0,0.0,0.0,0.0,33.7,50.5,0.0,0.0,0.0,0.0,0.0,0.0,1.0,0.0,3.1,2.0,1.0,0.0,0.0,0.0,37.5,37.8,66.0,66,66,0.0,0.0,0.0,6.4671630859375,6.4671630859375,6.4671630859375,245.753,245.753,245.753,66,0.0,6.4671630859375,245.753,5
11775913.157989684,81.21514511108398,101594469.82687895,200905.39049191854,2099287.704002013,13235352.94632519,13.3296875,0.0,100.0,32.3,78.8,2.0,4.8,0.0,34.0,51.0,50.0,56.6,32.7,2.9,0.0,0.0,0.0,49.5,47.0,0.0,0.0,0.0,0.0,0.0,0.0,0.0,1.0,8.8,0.0,1.0,0.0,1.0,0.0,1.0,1.0,86.0,1.0,0.0,44.6,0.0,0.0,100.0,0.0,2.9,1.0,0.0,0.0,0.0,0.0,34.0,50.5,0.0,0.0,0.0,0.0,0.0,0.0,1.0,0.0,2.0,1.0,1.0,0.0,0.0,0.0,34.0,38.7,56.0,56,56,0.0,0.0,0.0,6.4671630859375,6.4671630859375,6.4671630859375,229.082,229.082,229.082,56,0.0,6.4671630859375,229.082,5
11775914.159208167,81.23422622680664,101400196.59925619,200456.74689134877,2094599.7661032374,13205796.962854005,13.4578125,0.0,100.0,50.0,78.1,2.0,0.0,0.0,18.6,48.5,49.5,31.3,24.0,36.7,0.0,0.0,0.0,51.0,50.5,0.0,1.0,0.0,0.0,0.0,0.0,0.0,0.0,2.0,2.0,0.0,1.0,0.0,2.0,2.0,1.0,78.4,0.0,1.0,56.0,0.0,0.0,100.0,0.0,0.0,0.0,2.0,0.0,0.0,0.0,35.1,51.0,0.0,0.0,0.0,0.0,0.0,0.0,0.0,0.0,0.0,2.0,7.0,2.0,0.0,0.0,37.4,38.2,57.0,57,57,0.0,0.0,0.0,6.4671630859375,6.4671630859375,6.4671630859375,243.606,243.606,243.606,57,0.0,6.4671630859375,243.606,5
11775915.132878901,81.23199462890625,104301801.87622067,206139.50175574742,2153861.59465338,13579424.272541232,13.3546875,0.0,100.0,32.3,83.2,1.0,0.0,0.0,35.5,49.0,49.0,46.3,14.4,32.3,0.0,0.0,0.0,50.0,49.5,0.0,0.0,0.0,0.0,0.0,0.0,0.0,0.0,0.0,0.0,0.0,2.0,1.0,0.0,0.0,1.0,80.9,7.1,0.0,27.7,25.8,0.0,100.0,0.0,2.0,2.1,0.0,1.0,2.0,0.0,35.4,49.5,0.0,0.0,0.0,0.0,0.0,0.0,0.0,0.0,1.0,0.0,0.0,1.0,0.0,0.0,34.7,38.0,66.0,66,66,0.0,0.0,0.0,6.4671630859375,6.4671630859375,6.4671630859375,241.387,241.387,241.387,66,0.0,6.4671630859375,241.387,5
11775916.160284163,81.23503494262695,98879259.00135383,195369.83839322388,2041212.0490127052,12869204.09025979,13.4390625,0.0,100.0,31.2,80.4,4.9,0.0,1.0,33.3,50.0,50.5,53.1,22.4,18.0,1.0,1.0,0.0,52.0,51.5,1.0,0.0,0.0,0.0,0.0,0.0,0.0,1.0,1.0,1.0,1.9,1.0,0.0,0.0,1.0,0.0,82.7,0.0,0.0,0.0,30.4,0.0,100.0,0.0,24.5,2.0,1.0,0.0,0.0,0.0,35.1,49.0,0.0,0.0,0.0,0.0,0.0,0.0,0.0,1.0,0.0,1.0,1.0,0.0,0.0,0.0,36.0,38.2,70.0,70,70,0.0,0.0,0.0,6.4671630859375,6.4671630859375,6.4671630859375,244.866,244.866,244.866,70,0.0,6.4671630859375,244.866,5
11775917.158853184,81.23161697387695,101772843.80210268,201013.64630628462,2100157.280962692,13240835.357319474,13.7765625,0.0,100.0,15.0,78.4,4.0,67.7,0.0,0.0,48.5,53.5,63.6,4.0,27.3,6.0,12.2,0.0,50.0,52.0,0.0,1.0,1.0,0.0,0.0,0.0,0.0,1.0,0.0,0.0,0.0,0.0,1.0,1.0,0.0,0.0,79.6,0.0,11.8,18.8,0.0,0.0,100.0,0.0,2.0,0.0,14.0,2.0,0.0,0.0,34.3,52.0,0.0,0.0,0.0,0.0,0.0,0.0,0.0,0.0,2.0,2.0,0.0,0.0,0.0,0.0,36.4,39.6,57.0,57,57,0.0,0.0,0.0,6.4671630859375,6.4671630859375,6.4671630859375,231.516,231.516,231.516,57,0.0,6.4671630859375,231.516,5
11775918.159333749,81.2325210571289,101611046.35750231,200637.5807392219,2096144.6676817117,13215537.084524542,13.28125,0.0,100.0,7.0,77.3,33.3,31.6,0.0,0.0,50.0,49.0,35.8,0.0,52.6,29.0,28.7,1.0,52.9,50.5,0.0,1.0,0.0,0.0,0.0,0.0,0.0,0.0,0.0,1.0,0.0,1.0,1.0,0.0,1.0,2.0,78.4,1.0,2.0,0.0,0.0,0.0,100.0,0.0,2.0,2.0,1.0,1.0,1.0,0.0,34.7,48.0,0.0,0.0,0.0,0.0,0.0,0.0,1.0,0.0,0.0,0.0,0.0,1.0,0.0,0.0,34.3,36.9,54.0,54,54,0.0,0.0,0.0,6.4671630859375,6.4671630859375,6.4671630859375,243.553,243.553,243.553,54,0.0,6.4671630859375,243.553,5
11775919.16115246,81.2309684753418,101507675.8795771,200376.5729350648,2093344.8108952183,13197884.862440946,13.496875,0.0,100.0,6.1,85.6,28.0,38.3,1.0,1.0,49.5,50.5,27.1,54.7,7.2,1.0,0.0,0.0,48.4,50.5,0.0,0.0,0.0,0.0,0.0,0.0,0.0,1.0,4.0,50.5,1.0,0.0,0.0,0.0,0.0,0.0,85.1,0.0,1.0,0.0,0.0,0.0,100.0,0.0,2.1,2.0,1.0,0.0,0.0,0.0,33.3,51.0,2.0,2.0,0.0,0.0,0.0,0.0,0.0,0.0,1.0,1.0,1.0,0.0,0.0,0.0,36.5,39.4,63.0,63,63,0.0,0.0,0.0,6.4671630859375,6.4671630859375,6.4671630859375,246.287,246.287,246.287,63,0.0,6.4671630859375,246.287,5
11775920.161178164,81.23332977294922,101722596.27121294,200742.84000505495,2097098.0951355977,13221548.146675214,13.2359375,0.0,100.0,8.9,77.8,31.3,35.7,0.0,0.0,48.5,48.5,29.6,58.6,1.0,0.0,0.0,0.0,51.9,51.0,0.0,0.0,0.0,0.0,0.0,0.0,0.0,0.0,0.0,33.0,0.0,1.0,24.5,1.0,1.0,1.0,79.0,1.0,0.0,0.0,0.0,0.0,100.0,0.0,0.0,1.0,0.0,0.0,0.0,0.0,34.0,49.5,0.0,0.0,1.0,1.0,0.0,0.0,0.0,0.0,1.0,2.9,1.0,0.0,0.0,0.0,33.3,38.1,54.0,54,54,0.0,0.0,0.0,6.4671630859375,6.4671630859375,6.4671630859375,231.151,231.151,231.151,54,0.0,6.4671630859375,231.151,5
11775921.158990284,81.23176956176758,101980993.15042007,201188.17553642142,2101750.3771024235,13250879.330637934,13.29375,0.0,100.0,6.1,78.1,35.1,33.3,0.0,0.0,50.0,51.0,41.2,49.0,0.0,0.0,0.0,0.0,50.5,48.4,0.0,0.0,0.0,0.0,0.0,0.0,0.0,2.0,1.0,0.0,0.0,0.0,28.9,0.0,25.0,3.0,82.5,0.0,0.0,0.0,0.0,0.0,100.0,0.0,0.0,0.0,0.0,0.0,1.0,0.0,34.7,51.0,0.0,1.0,0.0,2.0,0.0,0.0,1.0,0.0,2.0,1.0,0.0,0.0,0.0,0.0,35.1,36.9,56.0,56,56,0.0,0.0,0.0,6.4671630859375,6.4671630859375,6.4671630859375,242.009,242.009,242.009,56,0.0,6.4671630859375,242.009,5
11775922.159056826,81.23324203491211,101784739.12790108,200743.64229013553,2097012.4624099897,13221008.259100482,13.728125,0.0,100.0,21.9,80.2,19.6,34.4,31.5,20.4,48.9,48.4,0.0,12.8,30.4,0.0,0.0,0.0,47.3,49.5,1.1,1.1,0.0,0.0,0.0,0.0,0.0,1.1,39.4,1.0,4.2,1.0,0.0,0.0,3.2,10.6,81.5,1.0,0.0,1.0,0.0,0.0,100.0,0.0,1.1,0.0,16.8,0.0,0.0,0.0,35.9,48.9,0.0,0.0,0.0,0.0,0.0,1.0,0.0,1.1,2.1,2.1,2.1,0.0,0.0,0.0,37.9,38.1,54.0,54,54,0.0,0.0,0.0,6.4671630859375,6.4671630859375,6.4671630859375,244.408,244.408,244.408,54,0.0,6.4671630859375,244.408,5
11775923.148696179,81.2337646484375,102889247.16928849,202867.8420981952,2119107.3229128155,13360309.44992689,13.615625,0.0,100.0,7.4,81.7,32.6,35.5,62.8,26.9,47.8,49.5,1.0,0.0,0.0,0.0,0.0,0.0,51.0,48.9,0.0,0.0,1.0,0.0,0.0,0.0,0.0,0.0,1.0,0.0,55.8,1.0,1.0,3.1,0.0,1.0,78.5,0.0,0.0,0.0,0.0,0.0,100.0,0.0,1.0,0.0,0.0,0.0,0.0,0.0,34.4,49.5,3.2,3.1,5.2,4.1,0.0,0.0,3.1,2.1,3.2,0.0,0.0,0.0,0.0,4.2,33.7,37.1,75.0,75,75,0.0,0.0,0.0,6.4671630859375,6.4671630859375,6.4671630859375,254.927,254.927,254.927,75,0.0,6.4671630859375,254.927,5
11775924.153066564,81.24542999267578,101418114.71352722,199899.36266777967,2088026.5185929355,13164354.691441398,13.190625,0.0,100.0,13.2,79.0,30.8,17.9,35.6,34.9,50.9,48.6,24.3,2.8,0.0,0.9,0.0,0.0,48.1,49.1,0.9,0.0,1.8,0.0,0.0,0.0,0.0,0.9,0.9,0.0,5.6,0.9,0.9,0.0,0.9,0.9,78.6,0.9,0.0,0.0,0.0,0.0,100.0,0.0,0.9,0.9,0.0,0.0,0.0,0.0,34.6,50.5,0.9,0.0,0.9,0.0,0.0,0.0,0.0,49.1,0.9,0.9,0.0,0.9,0.0,0.0,36.4,38.0,60.0,60,60,0.0,0.0,0.0,6.4671630859375,6.4671630859375,6.4671630859375,251.666,251.666,251.666,60,0.0,6.4671630859375,251.666,5
11775925.158550644,81.23297500610352,101338263.8597985,199677.95015865384,2085713.778900157,13149773.590409584,13.446875,0.0,100.0,8.9,78.6,1.0,0.0,31.6,56.1,49.0,50.0,35.4,31.6,0.0,0.0,0.0,0.0,50.5,50.0,0.0,0.0,0.0,0.0,0.0,0.0,0.0,2.0,0.0,2.9,1.0,0.0,0.0,2.0,0.0,1.0,86.0,0.0,1.0,0.0,0.0,0.0,100.0,0.0,2.0,1.0,0.0,0.0,0.0,0.0,35.1,49.5,1.0,56.0,0.0,0.0,0.0,1.0,0.0,2.0,0.0,0.0,0.0,0.0,0.0,0.0,35.4,39.0,56.0,56,56,0.0,0.0,0.0,6.4671630859375,6.4671630859375,6.4671630859375,228.097,228.097,228.097,56,0.0,6.4671630859375,228.097,5
11775926.159933796,81.23611450195312,101785893.65197071,200505.67020950065,2094255.3268513505,13203625.381008124,13.4265625,0.0,100.0,3.0,85.7,3.0,5.0,58.3,29.9,51.0,48.5,14.1,11.3,40.6,0.0,0.0,0.0,51.5,52.0,0.0,0.0,0.0,0.0,0.0,0.0,0.0,0.0,1.0,0.0,0.0,1.0,1.0,3.0,0.0,0.0,78.4,2.0,0.0,0.0,0.0,0.0,100.0,0.0,0.0,0.0,0.0,0.0,0.0,0.0,33.3,50.5,1.0,36.0,1.0,1.0,1.0,0.0,0.0,19.2,2.0,1.0,0.0,0.0,0.0,0.0,35.7,37.3,52.0,52,52,0.0,0.0,0.0,6.4671630859375,6.4671630859375,6.4671630859375,244.384,244.384,244.384,52,0.0,6.4671630859375,244.384,5
11775927.159232048,81.2325553894043,102030161.44486624,200933.00430068426,2098624.7053427855,13231172.946965842,13.5203125,0.0,100.0,3.1,76.3,1.0,3.1,50.5,37.2,49.5,50.5,20.4,16.0,32.3,0.0,0.0,0.0,46.7,48.4,1.0,0.0,0.0,0.0,0.0,0.0,0.0,0.0,0.0,0.0,0.0,2.0,0.0,0.0,0.0,1.0,85.1,0.0,0.0,0.0,0.0,0.0,100.0,0.0,2.1,2.0,16.5,0.0,0.0,0.0,32.6,51.5,1.0,1.0,0.0,0.0,1.0,0.0,0.0,55.7,1.1,2.1,0.0,0.0,0.0,0.0,36.8,37.8,66.0,66,66,0.0,0.0,0.0,6.4671630859375,6.4671630859375,6.4671630859375,244.411,244.411,244.411,66,0.0,6.4671630859375,244.411,5
11775928.160733644,81.23639678955078,101844560.65568888,200499.93018674265,2094007.6473273926,13202063.839009421,13.4671875,0.0,100.0,2.9,78.8,0.0,14.7,47.0,42.0,50.5,49.0,1.0,42.9,23.5,0.0,0.0,0.0,50.0,50.5,1.0,0.0,0.0,0.0,0.0,0.0,0.0,1.9,0.0,2.9,1.0,1.0,0.0,1.0,1.0,1.0,78.8,1.0,1.0,0.0,0.0,0.0,100.0,0.0,1.0,1.0,0.0,0.0,0.0,0.0,35.4,47.5,1.0,3.9,0.0,0.0,0.0,1.0,1.0,52.9,0.0,0.0,0.0,0.0,0.0,0.0,34.7,38.1,55.0,55,55,0.0,0.0,0.0,6.4671630859375,6.4671630859375,6.4671630859375,230.815,230.815,230.815,55,0.0,6.4671630859375,230.815,5
11775929.160271736,81.23189926147461,102077302.32841621,200893.79446233014,2098121.1390593904,13227998.1189135,13.134375,0.0,100.0,3.0,78.1,0.0,5.0,34.7,54.2,49.5,50.0,1.0,28.4,38.5,0.0,0.0,0.0,51.0,49.5,0.0,0.0,0.0,0.0,0.0,0.0,0.0,0.0,1.0,0.0,1.0,0.0,0.0,0.0,0.0,0.0,78.4,0.0,0.0,0.0,0.0,0.0,100.0,0.0,0.0,0.0,0.0,1.0,0.0,0.0,33.3,50.0,1.0,5.0,19.2,22.7,1.0,0.0,0.0,8.1,2.0,0.0,1.0,0.0,0.0,0.0,35.7,37.3,54.0,54,54,0.0,0.0,0.0,6.4671630859375,6.4671630859375,6.4671630859375,243.033,243.033,243.033,54,0.0,6.4671630859375,243.033,5
11775930.1429234,81.270263671875,103864698.6973437,204353.18777562075,2134176.409555489,13455315.332119372,13.584375,0.0,100.0,2.1,84.5,9.1,4.1,51.6,35.8,47.4,49.0,0.0,32.0,37.2,0.0,0.0,0.0,49.0,49.5,0.0,0.0,0.0,0.0,0.0,0.0,0.0,1.0,0.0,0.0,2.0,1.0,1.0,1.0,1.0,1.0,85.4,2.0,0.0,1.0,0.0,0.0,100.0,0.0,2.0,0.0,0.0,0.0,0.0,0.0,32.3,50.0,0.0,0.0,49.0,9.2,1.0,0.0,0.0,0.0,3.1,1.0,2.0,0.0,0.0,0.0,35.1,37.0,59.0,59,59,0.0,0.0,0.0,6.4671630859375,6.4671630859375,6.4671630859375,239.032,239.032,239.032,59,0.0,6.4671630859375,239.032,5
11775931.16043848,81.2318229675293,100337179.27307758,197358.25437614578,2061052.500467808,12994291.936543133,13.3515625,0.0,100.0,4.0,77.7,0.0,3.1,37.9,50.5,51.0,50.0,3.0,61.5,8.2,0.0,0.0,0.0,49.0,51.0,0.0,0.0,0.0,0.0,0.0,0.0,0.0,2.0,0.0,1.0,1.0,0.0,0.0,0.0,0.0,1.0,77.7,0.0,0.0,0.0,0.0,0.0,100.0,0.0,2.0,1.0,0.0,1.0,0.0,0.0,36.5,50.5,0.0,0.0,55.7,1.0,1.0,0.0,0.0,0.0,0.0,1.0,0.0,0.0,0.0,0.0,37.8,37.4,82.0,82,82,0.0,0.0,0.0,6.4671630859375,6.4671630859375,6.4671630859375,248.033,248.033,248.033,82,0.0,6.4671630859375,248.033,5
11775932.161177864,81.2315559387207,102052733.79630949,200666.63021547618,2095602.544081101,13212119.164636316,13.50625,0.0,100.0,2.0,79.0,1.0,7.7,35.0,53.1,49.5,51.0,7.1,37.1,19.2,0.0,0.0,0.0,49.0,50.0,1.0,0.0,0.0,0.0,0.0,0.0,0.0,0.0,1.9,1.9,1.0,0.0,0.0,0.0,0.0,0.0,80.2,0.0,1.9,0.0,0.0,0.0,100.0,0.0,1.0,1.9,16.3,0.0,0.0,0.0,34.3,49.5,0.0,0.0,32.0,1.9,26.0,0.0,0.0,0.0,0.0,0.0,0.0,0.0,0.0,0.0,33.3,39.6,56.0,56,56,0.0,0.0,0.0,6.4671630859375,6.4671630859375,6.4671630859375,231.648,231.648,231.648,56,0.0,6.4671630859375,231.648,5
11775933.161071066,81.23202514648438,102171792.79267196,200843.4497761425,2097375.996578745,13223300.228430057,13.4234375,0.0,100.0,3.0,81.6,2.0,4.0,51.0,38.1,49.5,49.5,38.1,30.9,0.0,0.0,0.0,0.0,50.5,48.5,0.0,0.0,1.0,0.0,0.0,0.0,0.0,0.0,0.0,2.0,0.0,1.0,1.0,1.0,1.0,2.0,83.3,0.0,1.0,1.0,0.0,0.0,100.0,0.0,0.0,1.0,0.0,0.0,0.0,0.0,33.7,49.5,0.0,1.0,0.0,0.0,53.6,2.0,1.0,0.0,0.0,1.0,2.0,0.0,0.0,0.0,35.7,37.6,53.0,53,53,0.0,0.0,0.0,6.4671630859375,6.4671630859375,6.4671630859375,245.88,245.88,245.88,53,0.0,6.4671630859375,245.88,5
11775934.161529917,81.23190307617188,102149248.66845357,200739.89020897142,2096190.160091643,13215823.89995278,13.418750000000001,0.0,100.0,33.0,80.9,2.1,5.2,1.0,57.0,50.0,49.0,42.1,26.9,1.0,1.0,0.0,0.0,50.0,51.0,0.0,0.0,0.0,0.0,0.0,0.0,0.0,2.1,1.0,1.0,1.0,2.0,0.0,1.0,0.0,0.0,78.7,2.0,0.0,1.0,0.0,0.0,100.0,0.0,2.0,0.0,0.0,0.0,0.0,0.0,35.1,50.0,0.0,0.0,0.0,0.0,6.2,40.6,0.0,8.2,2.0,0.0,1.0,0.0,0.0,0.0,34.7,39.0,62.0,62,62,0.0,0.0,0.0,6.4671630859375,6.4671630859375,6.4671630859375,244.987,244.987,244.987,62,0.0,6.4671630859375,244.987,5
11775935.16057722,81.23298263549805,102326490.08156008,201030.52105927243,2099151.854472962,13234496.457497505,13.303125,0.0,100.0,30.7,78.6,22.2,29.4,2.9,12.9,49.5,50.5,41.1,26.0,0.0,0.0,0.0,0.0,50.5,49.5,0.0,0.0,0.0,0.0,0.0,0.0,0.0,1.0,0.0,1.0,0.0,0.0,0.0,0.0,1.0,1.0,79.0,1.0,1.0,0.0,0.0,0.0,100.0,0.0,0.0,0.0,0.0,0.0,0.0,0.0,35.4,50.5,1.9,0.0,0.0,0.0,0.0,0.0,1.0,55.8,0.0,2.9,0.0,1.0,0.0,0.0,36.6,37.5,53.0,53,53,0.0,0.0,0.0,6.4671630859375,6.4671630859375,6.4671630859375,234.475,234.475,234.475,53,0.0,6.4671630859375,234.475,5
11775936.162688157,81.23296737670898,102046274.87046413,200415.9348387555,2092734.3722034355,13194036.237251347,13.6171875,0.0,100.0,3.0,79.2,53.5,1.0,4.0,36.7,50.0,51.5,28.9,40.6,0.0,0.0,0.0,0.0,49.5,50.5,0.0,0.0,0.0,0.0,0.0,0.0,0.0,0.0,1.0,2.0,2.0,1.0,1.0,1.0,0.0,1.0,85.7,1.0,1.0,0.0,0.0,0.0,100.0,0.0,3.0,1.0,0.0,0.0,0.0,0.0,36.4,51.0,0.0,1.0,0.0,0.0,57.8,1.0,0.0,0.0,0.0,0.0,0.0,0.0,1.0,0.0,35.4,38.8,55.0,55,55,0.0,0.0,0.0,6.4671630859375,6.4671630859375,6.4671630859375,234.072,234.072,234.072,55,0.0,6.4671630859375,234.072,5
11775937.161514906,81.23233413696289,102414540.89873798,201085.92413633817,2099615.3745300965,13237418.806607718,13.41875,0.0,100.0,2.0,84.5,55.2,3.0,1.0,34.0,49.5,49.0,21.9,46.8,4.0,0.0,0.0,0.0,50.5,48.5,0.0,0.0,0.0,0.0,0.0,1.0,0.0,0.0,0.0,2.0,0.0,1.0,1.0,0.0,0.0,1.0,77.9,1.0,0.0,1.0,0.0,0.0,100.0,0.0,0.0,1.0,14.0,0.0,0.0,0.0,33.7,47.4,0.0,0.0,0.0,0.0,10.2,0.0,0.0,42.4,1.0,0.0,0.0,0.0,0.0,0.0,36.7,36.6,54.0,54,54,0.0,0.0,0.0,6.4671630859375,6.4671630859375,6.4671630859375,237.555,237.555,237.555,54,0.0,6.4671630859375,237.555,5
11775938.160878228,81.23101425170898,102392267.9237133,200987.96465335417,2098488.0615787664,13230311.450734878,13.348437500000001,0.0,100.0,3.1,77.9,44.7,2.1,47.0,43.2,49.5,51.0,29.3,35.5,2.0,0.0,0.0,0.0,50.0,49.5,0.0,0.0,0.0,0.0,0.0,0.0,0.0,3.0,0.0,1.0,1.0,1.0,1.0,0.0,1.0,0.0,83.0,0.0,0.0,0.0,0.0,0.0,100.0,0.0,0.0,0.0,2.1,0.0,0.0,0.0,34.7,51.0,0.0,1.0,0.0,0.0,0.0,0.0,0.0,8.2,2.0,3.1,4.1,0.0,0.0,0.0,33.7,38.6,69.0,69,69,0.0,0.0,0.0,6.4671630859375,6.4671630859375,6.4671630859375,244.562,244.562,244.562,69,0.0,6.4671630859375,244.562,5
11775939.15122368,81.23381805419922,103357674.6328931,202822.15624683685,2117596.4364812328,13350783.783127774,13.8515625,0.0,100.0,4.3,83.5,14.0,14.1,54.8,1.1,49.5,49.5,63.0,41.4,36.4,0.0,0.0,0.0,55.7,53.8,0.0,0.0,0.0,0.0,0.0,0.0,0.0,0.0,1.1,0.0,0.0,1.1,1.1,1.1,2.1,0.0,80.0,2.1,2.1,0.0,0.0,0.0,100.0,0.0,1.1,0.0,0.0,0.0,0.0,0.0,34.8,50.0,0.0,0.0,0.0,0.0,0.0,0.0,0.0,0.0,1.1,4.3,6.4,1.1,1.1,0.0,36.3,38.5,65.0,65,65,0.0,0.0,0.0,6.4671630859375,6.4671630859375,6.4671630859375,243.409,243.409,243.409,65,0.0,6.4671630859375,243.409,5
11775940.14986758,81.23222351074219,102531541.09090744,201143.77120159398,2099999.811137323,13239842.55927984,13.7484375,0.0,100.0,2.0,79.4,2.0,5.0,0.0,0.0,50.0,51.0,63.3,34.4,55.1,1.0,0.0,0.0,51.0,50.0,0.0,0.0,0.0,0.0,0.0,1.0,0.0,16.0,2.0,1.0,1.0,2.0,1.0,0.0,0.0,2.0,78.6,1.0,0.0,0.0,0.0,0.0,100.0,0.0,3.0,2.0,0.0,0.0,0.0,0.0,37.4,49.5,0.0,0.0,0.0,1.0,0.0,0.0,0.0,0.0,0.0,1.0,15.2,4.0,41.4,0.0,37.4,38.2,64.0,64,64,0.0,0.0,0.0,6.4671630859375,6.4671630859375,6.4671630859375,260.9,260.9,260.9,64,0.0,6.4671630859375,260.9,5
11775941.153146716,81.23380279541016,102090420.57622091,200221.44654778333,2090297.6287626165,13178673.331339309,13.1734375,0.0,100.0,3.0,77.1,2.0,5.0,0.0,0.0,50.0,51.5,62.2,36.5,53.7,0.0,0.0,0.0,48.5,51.5,0.0,0.0,0.0,0.0,0.0,0.0,0.0,1.0,0.0,1.0,0.0,0.0,21.2,1.0,2.0,0.0,83.5,0.0,0.0,0.0,0.0,0.0,100.0,0.0,0.0,0.0,0.0,0.0,0.0,0.0,34.7,50.0,0.0,0.0,0.0,0.0,0.0,0.0,0.0,0.0,1.0,1.0,0.0,15.5,17.2,0.0,36.4,36.6,60.0,60,60,0.0,0.0,0.0,6.4671630859375,6.4671630859375,6.4671630859375,260.792,260.792,260.792,60,0.0,6.4671630859375,260.792,5
11775942.150163095,81.2309341430664,102764490.22844395,201487.16120254676,2103427.830163592,13261455.147984521,13.309375000000001,0.0,100.0,4.0,77.9,1.0,5.0,0.0,0.0,50.5,49.0,60.4,40.6,51.0,1.0,0.0,0.0,51.0,49.0,0.0,0.0,0.0,0.0,0.0,0.0,0.0,0.0,1.0,1.0,0.0,3.0,2.9,41.6,0.0,1.0,79.4,0.0,2.0,0.0,0.0,0.0,100.0,0.0,2.0,0.0,0.0,0.0,0.0,0.0,33.7,49.0,0.0,0.0,0.0,0.0,0.0,0.0,0.0,0.0,16.0,5.0,1.0,0.0,0.0,0.0,35.4,37.4,62.0,62,62,0.0,0.0,0.0,6.4671630859375,6.4671630859375,6.4671630859375,261.524,261.524,261.524,62,0.0,6.4671630859375,261.524,5
11775943.149521168,81.2336311340332,102556412.74298446,201030.04663948985,2098499.0834794226,13230380.940374171,13.66875,0.0,100.0,4.0,85.6,2.0,5.1,0.0,0.0,51.0,50.5,65.6,44.8,42.6,0.0,0.0,0.0,51.5,51.5,0.0,0.0,0.0,0.0,0.0,0.0,0.0,1.0,0.0,0.0,0.0,1.0,0.0,1.0,0.0,1.0,77.7,1.0,0.0,2.0,0.0,0.0,100.0,0.0,1.0,2.0,17.2,0.0,0.0,0.0,33.0,50.5,0.0,0.0,0.0,0.0,0.0,0.0,0.0,0.0,11.2,2.0,44.9,0.0,0.0,0.0,36.1,38.0,63.0,63,63,0.0,0.0,0.0,6.4671630859375,6.4671630859375,6.4671630859375,261.625,261.625,261.625,63,0.0,6.4671630859375,261.625,5
11775944.150618011,81.2413444519043,102413684.28669214,200693.87037116964,2094854.2741503287,13211493.068811351,13.50625,0.0,100.0,17.8,78.8,10.7,1.0,0.0,0.0,50.0,51.0,64.6,37.6,29.7,0.0,0.0,0.0,50.0,50.5,0.0,0.0,0.0,0.0,0.0,0.0,0.0,1.0,1.9,1.0,0.0,0.0,0.0,1.0,1.0,0.0,86.1,0.0,1.0,0.0,0.0,0.0,100.0,0.0,1.9,1.0,0.0,0.0,1.0,1.0,35.0,53.3,0.0,0.0,0.0,0.0,0.0,0.0,1.0,1.9,1.0,0.0,56.7,1.0,0.0,0.0,35.6,39.3,75.0,75,75,0.0,0.0,0.0,6.4671630859375,6.4671630859375,6.4671630859375,259.329,259.329,259.329,75,0.0,6.4671630859375,259.329,5
11775945.16444166,81.30878448486328,101168373.91769128,198183.38249959887,2068556.9943500683,13045645.575696036,14.1234375,0.0,100.0,24.0,79.8,67.0,1.0,2.8,0.0,49.1,50.0,12.4,21.7,42.7,0.0,0.9,0.0,50.9,51.4,1.9,1.8,0.0,0.0,0.0,0.9,2.8,1.0,2.8,47.7,0.0,0.9,3.7,2.8,0.9,0.9,80.2,0.9,0.9,0.9,0.0,0.0,100.0,0.0,1.9,1.9,0.0,0.0,1.9,2.8,35.3,50.5,0.9,1.9,3.7,2.8,0.9,2.8,2.8,1.9,0.9,2.8,2.8,1.8,1.8,0.9,37.7,38.5,51.0,51,51,0.0,0.0,0.0,6.4671630859375,6.4671630859375,6.4671630859375,231.178,231.178,231.178,51,0.0,6.4671630859375,231.178,5
11775946.161391677,81.23348617553711,102913458.26851743,201537.68645945186,2103567.845561794,13266446.432263738,13.296875,0.0,100.0,34.0,78.1,26.0,26.0,8.2,1.0,49.5,49.0,0.0,41.5,28.1,1.0,0.0,0.0,50.0,49.0,0.0,0.0,0.0,0.0,0.0,0.0,0.0,1.0,1.0,31.7,1.0,0.0,1.0,26.3,1.0,1.0,77.9,0.0,0.0,0.0,0.0,0.0,100.0,0.0,8.1,1.0,3.0,0.0,0.0,0.0,32.6,50.0,0.0,0.0,0.0,0.0,0.0,0.0,0.0,0.0,0.0,0.0,0.0,0.0,0.0,0.0,35.7,37.3,56.0,56,56,0.0,0.0,0.0,6.4671630859375,6.4671630859375,6.4671630859375,238.169,238.169,238.169,56,0.0,6.4671630859375,238.169,5
11775947.13133316,81.25937271118164,105809972.9830019,207157.85822096962,2162142.8086448726,13635857.674051354,13.5390625,0.0,100.0,2.1,84.9,18.9,0.0,43.6,24.5,50.5,51.5,1.0,17.2,51.1,0.0,0.0,0.0,49.5,52.6,0.0,0.0,0.0,0.0,0.0,0.0,0.0,1.0,17.5,0.0,0.0,1.0,0.0,37.9,1.0,1.0,84.9,4.2,1.0,0.0,0.0,0.0,100.0,0.0,2.1,2.1,0.0,0.0,0.0,0.0,35.5,51.5,0.0,0.0,0.0,1.0,0.0,0.0,0.0,0.0,2.1,0.0,1.0,0.0,0.0,0.0,35.5,38.8,49.0,49,49,0.0,0.0,0.0,6.4671630859375,6.4671630859375,6.4671630859375,241.854,241.854,241.854,49,0.0,6.4671630859375,241.854,5
11775948.163488597,81.23291397094727,99465177.70531647,194679.980088218,2031818.0033938817,12813945.962810243,13.6015625,0.0,100.0,3.0,77.6,1.0,0.0,29.3,60.6,50.0,51.0,4.0,18.0,48.4,0.0,0.0,0.0,49.5,49.5,0.0,0.0,0.0,0.0,0.0,0.0,0.0,0.0,56.9,0.0,1.9,0.0,0.0,1.0,0.0,0.0,78.6,1.0,0.0,0.0,0.0,0.0,100.0,0.0,2.9,1.0,17.8,2.0,1.0,0.0,35.1,48.0,0.0,0.0,0.0,0.0,0.0,1.0,0.0,0.0,2.0,2.0,0.0,0.0,1.0,0.0,36.0,39.4,82.0,82,82,0.0,0.0,0.0,6.4671630859375,6.4671630859375,6.4671630859375,245.512,245.512,245.512,82,0.0,6.4671630859375,245.512,5
11775949.163451947,81.23299789428711,102701406.94555543,200949.36467484263,2097228.8621919537,13226468.742222302,13.34375,0.0,100.0,2.9,78.8,0.0,0.0,43.4,45.5,51.0,50.0,19.8,28.0,26.7,0.0,1.0,0.0,51.5,49.0,0.0,0.0,0.0,0.0,0.0,0.0,0.0,0.0,10.8,1.0,0.0,1.0,2.9,0.0,1.0,1.9,80.8,1.0,0.0,0.0,0.0,0.0,100.0,0.0,43.1,2.0,0.0,0.0,1.0,0.0,32.7,51.9,0.0,0.0,0.0,0.0,0.0,0.0,0.0,0.0,0.0,1.0,0.0,1.9,0.0,0.0,34.7,37.7,54.0,54,54,0.0,0.0,0.0,6.4671630859375,6.4671630859375,6.4671630859375,227.825,227.825,227.825,54,0.0,6.4671630859375,227.825,5
11775950.16395535,81.23415756225586,102684124.58543755,200849.89172197029,2096096.8202423148,13223423.299575541,13.378125,0.0,100.0,2.0,81.4,0.0,0.0,24.2,66.7,48.0,50.0,9.1,34.4,32.3,0.0,0.0,0.0,49.5,51.0,0.0,0.0,0.0,0.0,0.0,0.0,0.0,2.0,1.0,0.0,0.0,1.0,0.0,1.0,0.0,0.0,83.5,1.0,0.0,0.0,0.0,0.0,100.0,0.0,35.3,18.2,6.1,0.0,1.0,0.0,31.9,48.5,0.0,0.0,0.0,1.0,0.0,0.0,0.0,0.0,2.0,1.0,0.0,0.0,0.0,0.0,36.1,37.0,53.0,53,53,0.0,0.0,0.0,6.4671630859375,6.4671630859375,6.4671630859375,247.055,247.055,247.055,53,0.0,6.4671630859375,247.055,5
11775951.161603272,81.23247528076172,103010199.97506711,201444.81381687714,2102096.2934238845,13318750.734115394,13.33125,0.0,100.0,2.1,81.9,1.0,0.0,58.5,32.3,50.0,50.5,14.7,24.7,28.4,0.0,0.0,0.0,50.5,53.0,0.0,0.0,0.0,0.0,0.0,0.0,0.0,0.0,1.0,2.0,0.0,0.0,0.0,1.0,1.0,1.0,78.1,0.0,1.0,1.0,0.0,0.0,100.0,0.0,13.5,2.1,41.2,1.0,0.0,0.0,33.7,49.5,0.0,0.0,0.0,0.0,0.0,0.0,0.0,0.0,3.1,0.0,0.0,0.0,0.0,0.0,35.8,39.6,64.0,64,64,0.0,0.0,0.0,6.4671630859375,6.4671630859375,6.4671630859375,245.547,245.547,245.547,64,0.0,6.4671630859375,245.547,5
11775952.164683286,81.2347297668457,102485547.0659513,200362.8794981321,2090712.5757053772,13246624.210133288,13.54375,0.0,100.0,4.8,78.2,6.7,3.9,26.5,63.3,50.5,51.4,35.6,2.9,31.3,1.0,0.0,0.0,50.5,52.9,0.0,0.0,0.0,0.0,0.0,0.0,1.0,0.0,1.0,9.9,10.7,1.0,1.0,1.0,1.0,1.0,78.6,1.0,0.0,0.0,0.0,0.0,100.0,0.0,13.5,1.0,23.1,1.0,0.0,0.0,35.4,51.9,0.0,0.0,0.0,0.0,0.0,0.0,0.0,0.0,0.0,1.0,1.0,0.0,0.0,0.0,34.7,37.5,52.0,52,52,0.0,0.0,0.0,6.4671630859375,6.4671630859375,6.4671630859375,241.96,241.96,241.96,52,0.0,6.4671630859375,241.96,5
11775953.16539992,81.2316780090332,102760246.50377406,200836.07402190717,2095650.185626384,13277908.597992167,13.8296875,0.0,100.0,3.0,78.1,1.0,5.1,60.0,28.9,50.0,50.5,28.7,1.0,38.9,0.0,0.0,0.0,52.5,50.0,0.0,0.0,0.0,0.0,0.0,0.0,0.0,3.9,0.0,0.0,57.0,1.0,0.0,0.0,0.0,1.0,85.9,0.0,0.0,0.0,0.0,0.0,100.0,0.0,2.0,2.0,16.0,0.0,0.0,0.0,35.7,51.0,1.0,0.0,0.0,0.0,1.0,0.0,2.0,0.0,1.0,1.0,0.0,0.0,0.0,0.0,36.1,39.8,51.0,51,51,0.0,0.0,0.0,6.4671630859375,6.4671630859375,6.4671630859375,228.01,228.01,228.01,51,0.0,6.4671630859375,228.01,5
11775954.164646592,81.23418045043945,102944131.71787532,201140.52483035324,2098733.0347880977,13297441.337602712,13.6203125,0.0,100.0,3.1,84.5,28.6,3.1,15.2,44.8,51.5,52.0,10.2,0.0,60.2,0.0,0.0,0.0,50.5,49.5,0.0,0.0,0.0,0.0,0.0,0.0,0.0,0.0,0.0,27.7,30.0,2.0,2.0,1.0,2.0,1.0,78.1,8.2,3.0,1.0,1.0,0.0,100.0,0.0,2.0,0.0,0.0,0.0,0.0,0.0,33.0,49.5,0.0,1.0,0.0,0.0,0.0,0.0,0.0,0.0,1.0,0.0,0.0,1.0,0.0,0.0,36.4,37.6,53.0,53,53,0.0,0.0,0.0,6.4671630859375,6.4671630859375,6.4671630859375,238.264,238.264,238.264,53,0.0,6.4671630859375,238.264,5
11775955.330508351,81.23262786865234,88261727.58141708,172403.80207228218,1798799.8861859548,11397083.653881323,13.234375,0.0,100.0,2.6,75.4,54.8,5.1,0.0,36.5,50.8,50.0,36.9,0.9,21.1,0.0,0.0,0.0,50.0,50.8,0.0,0.0,0.0,0.0,0.0,0.0,0.0,0.8,1.7,8.5,34.5,11.9,0.8,2.5,1.7,0.0,81.4,1.7,0.0,0.0,0.0,0.0,100.0,0.0,1.7,2.5,1.7,0.0,0.0,0.0,36.2,49.6,0.0,0.0,0.0,0.0,0.0,0.0,0.0,0.0,0.9,0.8,0.0,0.0,0.0,0.0,35.4,37.8,69.0,69,69,0.0,0.0,0.0,6.4671630859375,6.4671630859375,6.4671630859375,218.083,218.083,218.083,69,0.0,6.4671630859375,218.083,5
11775956.331651356,81.23649597167969,102819929.33286677,200771.5172031268,2094757.6820293022,13272253.750982532,13.484375,0.0,100.0,3.0,85.6,42.1,19.0,1.0,40.6,51.0,50.5,46.8,1.0,19.6,0.0,0.0,0.0,51.5,49.5,0.0,0.0,0.0,0.0,0.0,0.0,0.0,0.0,0.0,22.0,0.0,0.0,1.0,13.4,0.0,2.0,78.1,19.2,2.0,0.0,0.0,0.0,100.0,0.0,2.0,0.0,0.0,0.0,0.0,0.0,34.7,52.5,0.0,0.0,0.0,0.0,0.0,0.0,0.0,0.0,1.0,0.0,0.0,0.0,0.0,0.0,34.3,39.6,66.0,66,66,0.0,0.0,0.0,6.4671630859375,6.4671630859375,6.4671630859375,227.173,227.173,227.173,66,0.0,6.4671630859375,227.173,5
11775957.32372245,81.23130416870117,103793109.81204009,202617.5353938321,2113913.0176271237,13393620.760121856,13.4203125,0.0,100.0,60.7,77.5,32.6,13.2,32.2,24.4,49.5,50.5,2.2,1.1,0.0,0.0,0.0,0.0,49.5,49.5,0.0,0.0,0.0,0.0,0.0,0.0,0.0,1.1,1.1,0.0,1.1,1.1,0.0,2.2,1.1,0.0,84.4,10.9,46.8,1.1,0.0,0.0,100.0,0.0,1.1,2.2,1.1,0.0,0.0,0.0,31.8,51.1,0.0,0.0,0.0,0.0,0.0,0.0,0.0,0.0,2.2,1.1,0.0,0.0,0.0,0.0,35.6,38.9,60.0,60,60,0.0,0.0,0.0,6.4671630859375,6.4671630859375,6.4671630859375,257.713,257.713,257.713,60,0.0,6.4671630859375,257.713,5
11775958.303367732,81.2364273071289,105142985.82293852,205194.679837005,2140725.871362439,13563505.325585453,13.4890625,0.0,97.0,70.8,81.9,15.8,4.2,44.7,22.9,51.0,50.0,32.6,1.0,1.0,0.0,0.0,0.0,50.0,51.0,0.0,0.0,0.0,0.0,0.0,0.0,0.0,1.0,0.0,1.0,0.0,0.0,0.0,1.0,0.0,0.0,76.6,1.0,23.5,0.0,0.0,0.0,97.0,0.0,3.1,1.0,16.5,0.0,0.0,0.0,35.8,50.5,0.0,0.0,0.0,0.0,0.0,0.0,0.0,0.0,1.0,2.0,0.0,1.0,0.0,0.0,37.1,37.3,62.0,62,62,0.0,0.0,0.0,6.4671630859375,6.4671630859375,6.4671630859375,256.108,256.108,256.108,62,0.0,6.4671630859375,256.108,5
11775959.321646264,81.38241577148438,101185991.64113823,197418.48004831397,2059507.2317165441,13048909.100954043,15.4453125,0.0,100.0,36.7,81.4,41.0,3.0,35.1,47.4,49.5,49.5,17.6,13.1,2.0,0.0,0.0,0.0,49.5,50.0,28.3,0.0,0.0,0.0,0.0,0.0,0.0,0.0,1.0,0.0,0.0,0.0,1.0,1.0,1.0,2.0,85.9,1.0,0.0,0.0,0.0,0.0,22.0,22.0,100.0,23.0,22.2,22.8,23.5,0.0,33.7,51.0,0.0,0.0,0.0,0.0,0.0,0.0,0.0,0.0,0.0,1.0,0.0,0.0,0.0,0.0,33.3,37.0,75.0,75,75,0.0,0.0,0.0,6.4671630859375,6.4671630859375,6.4671630859375,258.723,258.723,258.723,75,0.0,6.4671630859375,258.723,5
11775960.324366668,81.38602447509766,102788590.46455264,200489.58724144165,2091462.3765143575,13251374.901196437,13.553125,0.0,100.0,26.5,78.6,32.0,24.8,36.4,34.0,50.0,51.5,0.0,1.0,0.0,1.0,0.0,0.0,50.5,50.5,55.9,1.9,0.0,0.0,0.0,0.0,0.0,1.0,1.9,1.0,1.0,1.0,0.0,0.0,1.0,0.0,78.6,2.0,2.0,0.0,0.0,0.0,0.0,0.0,100.0,16.7,1.0,0.0,0.0,0.0,35.4,51.5,0.0,0.0,0.0,0.0,0.0,0.0,0.0,0.0,2.9,0.0,1.0,0.0,0.0,0.0,36.3,38.5,61.0,61,61,0.0,0.0,0.0,6.4671630859375,6.4671630859375,6.4671630859375,256.572,256.572,256.572,61,0.0,6.4671630859375,256.572,5
11775961.320568185,81.33306121826172,103494043.35804586,201801.53970575752,2105148.3701694175,13338088.501620293,13.2921875,0.0,100.0,44.1,78.1,15.5,22.9,69.1,5.9,52.0,49.5,0.0,1.0,1.0,1.0,0.0,0.0,50.5,50.0,57.0,0.0,0.0,0.0,0.0,0.0,0.0,1.0,2.0,0.0,1.0,0.0,0.0,1.0,1.0,0.0,77.9,2.0,0.0,1.0,0.0,0.0,0.0,0.0,100.0,0.0,1.0,0.0,0.0,0.0,35.4,50.5,0.0,0.0,0.0,0.0,0.0,0.0,0.0,0.0,1.0,2.0,2.0,1.0,0.0,0.0,35.4,37.9,64.0,64,64,0.0,0.0,0.0,6.4671630859375,6.4671630859375,6.4671630859375,247.1,247.1,247.1,64,0.0,6.4671630859375,247.1,5
11775962.323271831,81.34378433227539,102855552.97526397,200499.9191558919,2091497.3311925717,13251596.371852934,13.5171875,0.0,100.0,29.6,82.8,5.9,35.4,49.5,41.4,50.0,51.0,1.0,0.0,0.0,0.0,0.0,0.0,49.5,51.0,55.6,0.0,0.0,0.0,0.0,0.0,0.0,0.0,2.0,1.0,0.0,1.0,0.0,0.0,1.0,1.0,85.9,0.0,0.0,0.0,0.0,0.0,0.0,1.0,100.0,1.0,0.0,0.0,0.0,0.0,34.7,49.5,0.0,0.0,0.0,0.0,0.0,0.0,0.0,0.0,8.0,3.0,1.0,1.0,0.0,0.0,34.7,36.6,67.0,67,67,0.0,0.0,0.0,6.4671630859375,6.4671630859375,6.4671630859375,262.952,262.952,262.952,67,0.0,6.4671630859375,262.952,5
11775963.322906774,81.33137893676758,103204033.45393221,201126.42280164076,2097917.861615129,13292276.451327106,13.653125,0.0,100.0,20.6,81.0,63.4,21.4,31.1,0.0,50.0,50.9,1.9,20.0,1.0,0.0,0.0,0.0,53.8,53.3,57.0,0.0,0.0,0.0,0.0,0.0,0.0,0.0,0.0,1.0,0.0,1.0,0.0,0.0,1.0,1.0,79.0,1.0,1.0,0.0,0.0,0.0,0.0,0.0,100.0,0.0,15.4,0.0,0.0,0.0,35.6,51.0,0.0,0.0,0.0,0.0,0.0,0.0,0.0,0.0,1.0,1.9,1.0,1.9,0.0,0.0,36.3,39.3,54.0,54,54,0.0,0.0,0.0,6.4671630859375,6.4671630859375,6.4671630859375,255.153,255.153,255.153,54,0.0,6.4671630859375,255.153,5
11775964.302610416,81.32934951782227,105337031.0477258,205225.3266117589,2140598.3495200607,13562697.35516226,13.4484375,0.0,100.0,4.0,78.4,27.0,34.7,16.0,16.8,51.0,49.5,49.5,16.2,0.0,0.0,0.0,0.0,49.0,50.5,56.1,0.0,0.0,0.0,0.0,0.0,0.0,2.0,1.0,2.0,0.0,1.0,1.0,2.0,1.0,1.0,78.4,3.0,0.0,0.0,0.0,0.0,0.0,0.0,100.0,1.0,0.0,0.0,0.0,0.0,35.1,52.4,0.0,0.0,0.0,0.0,0.0,0.0,0.0,0.0,3.9,3.0,2.0,0.0,0.0,0.0,34.0,38.2,54.0,54,54,0.0,0.0,0.0,6.4671630859375,6.4671630859375,6.4671630859375,243.788,243.788,243.788,54,0.0,6.4671630859375,243.788,5
11775965.333261289,81.3344497680664,100161700.4658818,195087.40090231792,2034784.091755971,12892264.831360098,13.434375,0.0,100.0,26.3,77.6,17.0,10.0,4.9,40.4,51.0,52.0,34.7,0.0,31.6,0.0,0.0,1.0,50.0,50.5,0.0,0.0,0.0,0.0,0.0,0.0,0.0,0.0,2.0,1.0,1.0,0.0,1.0,1.0,1.0,0.0,82.0,23.8,2.0,0.0,1.0,0.0,1.0,0.0,100.0,31.7,0.0,2.0,0.0,0.0,34.7,50.5,1.0,0.0,0.0,0.0,0.0,0.0,0.0,0.0,0.0,0.0,1.0,0.0,0.0,0.0,37.6,37.5,50.0,50,50,0.0,0.0,0.0,6.4671630859375,6.4671630859375,6.4671630859375,244.484,244.484,244.484,50,0.0,6.4671630859375,244.484,5
11775966.333684731,81.33015441894531,103220695.96298113,200981.8957090841,2096264.3524302703,13281799.920476165,13.3640625,0.0,100.0,54.5,79.6,37.4,0.0,4.0,0.0,49.5,50.0,38.8,2.0,30.6,0.0,1.0,0.0,51.5,50.5,0.0,0.0,0.0,0.0,0.0,0.0,0.0,0.0,1.0,0.0,0.0,1.0,0.0,1.0,1.0,0.0,81.6,1.0,1.0,0.0,0.0,0.0,0.0,0.0,100.0,42.9,15.7,2.9,1.0,1.0,32.0,49.5,0.0,0.0,0.0,0.0,0.0,0.0,0.0,0.0,2.0,0.0,0.0,0.0,0.0,0.0,34.0,37.3,65.0,65,65,0.0,0.0,0.0,6.4671630859375,6.4671630859375,6.4671630859375,228.311,228.311,228.311,65,0.0,6.4671630859375,228.311,5
11775967.332838424,81.33413314819336,103384570.16034296,201248.31800611434,2098928.3392671435,13298678.774575418,13.4484375,0.0,100.0,15.5,83.5,74.7,2.0,4.0,1.0,49.5,51.5,29.8,0.0,35.8,0.0,0.0,0.0,50.5,51.5,0.0,0.0,0.0,0.0,0.0,0.0,0.0,1.0,0.0,1.0,1.0,0.0,0.0,0.0,0.0,2.0,78.1,1.0,21.4,32.7,1.0,2.0,0.0,0.0,100.0,0.0,2.0,0.0,0.0,0.0,36.7,52.9,0.0,0.0,0.0,0.0,0.0,0.0,0.0,0.0,3.0,2.0,0.0,0.0,0.0,0.0,36.0,37.6,47.0,47,47,0.0,0.0,0.0,6.4671630859375,6.4671630859375,6.4671630859375,240.704,240.704,240.704,47,0.0,6.4671630859375,240.704,5
11775968.334845448,81.33014678955078,103122773.08207682,200683.22388049003,2092951.3955592008,13260809.232800873,13.7546875,0.0,100.0,50.5,77.9,42.3,2.0,5.2,0.0,51.5,50.5,52.2,0.0,14.7,0.0,0.0,0.0,50.5,50.0,1.0,0.0,0.0,0.0,0.0,0.0,0.0,1.0,0.0,0.0,0.0,1.0,0.0,1.0,1.0,0.0,85.4,0.0,48.0,10.1,0.0,0.0,0.0,0.0,100.0,0.0,16.3,0.0,0.0,0.0,35.1,51.5,0.0,0.0,1.0,0.0,0.0,0.0,0.0,0.0,2.1,3.1,1.0,0.0,0.0,0.0,35.4,39.0,60.0,60,60,0.0,0.0,0.0,6.4671630859375,6.4671630859375,6.4671630859375,242.755,242.755,242.755,60,0.0,6.4671630859375,242.755,5
11775969.33362772,81.3336067199707,103488430.80961949,201338.17523022936,2099708.8752986225,13303624.202087367,13.125,0.0,100.0,64.9,79.4,13.1,1.0,4.0,9.1,47.5,50.0,21.2,25.8,26.3,0.0,0.0,0.0,48.0,47.5,0.0,0.0,0.0,0.0,0.0,0.0,0.0,0.0,1.0,1.0,2.0,0.0,2.0,0.0,1.0,0.0,80.4,1.0,1.0,54.1,1.0,0.0,0.0,0.0,100.0,1.0,0.0,0.0,0.0,0.0,33.0,49.5,0.0,0.0,0.0,0.0,0.0,0.0,0.0,0.0,1.0,0.0,0.0,0.0,1.0,0.0,34.7,37.5,49.0,49,49,0.0,0.0,0.0,6.4671630859375,6.4671630859375,6.4671630859375,229.022,229.022,229.022,49,0.0,6.4671630859375,229.022,5
11775970.333158731,81.36371612548828,103443583.796534,201187.3544492635,2098136.0005469206,13293658.565965254,13.3171875,0.0,100.0,33.0,84.0,1.0,0.0,4.9,58.8,51.0,47.5,1.0,34.0,31.3,0.0,0.0,0.0,46.5,51.0,0.0,0.0,0.0,0.0,0.0,0.0,0.0,1.0,0.0,0.0,0.0,1.0,0.0,1.0,1.0,2.0,77.6,1.0,11.8,3.0,41.6,0.0,0.0,0.0,100.0,7.9,1.0,0.0,0.0,0.0,32.7,50.5,0.0,0.0,0.0,0.0,0.0,0.0,0.0,0.0,1.0,1.0,1.0,0.0,0.0,0.0,34.7,37.5,66.0,66,66,0.0,0.0,0.0,6.4671630859375,6.4671630859375,6.4671630859375,242.173,242.173,242.173,66,0.0,6.4671630859375,242.173,5
11775971.333990917,81.33261108398438,103341737.54072683,200932.7867189066,2095408.2323875108,13276375.597392743,13.290625,0.0,100.0,37.9,77.9,8.1,2.0,11.0,37.8,49.5,49.0,0.0,53.8,16.2,0.0,0.0,0.0,49.0,49.0,0.0,0.0,0.0,0.0,0.0,0.0,0.0,1.0,22.8,1.0,0.0,1.0,0.0,0.0,1.0,8.0,82.7,0.0,0.0,0.0,27.3,0.0,0.0,0.0,100.0,0.0,1.0,0.0,0.0,0.0,33.0,49.0,0.0,0.0,0.0,0.0,0.0,0.0,0.0,0.0,2.0,0.0,2.0,3.0,0.0,1.0,37.0,36.6,47.0,47,47,0.0,0.0,0.0,6.4671630859375,6.4671630859375,6.4671630859375,239.573,239.573,239.573,47,0.0,6.4671630859375,239.573,5
11775972.332893956,81.33157348632812,103573957.50470163,201328.84972663617,2099455.0185070434,13302015.78132197,13.3078125,0.0,100.0,2.1,76.8,42.3,38.9,9.2,4.1,50.5,49.0,1.0,28.4,37.4,0.0,0.0,0.0,51.0,50.5,0.0,0.0,0.0,0.0,0.0,0.0,0.0,1.0,19.6,1.0,0.0,1.0,1.0,2.0,0.0,1.0,81.1,10.1,0.0,0.0,0.0,0.0,0.0,1.0,100.0,29.3,1.0,0.0,0.0,0.0,33.7,50.0,0.0,0.0,0.0,0.0,0.0,0.0,0.0,0.0,0.0,2.0,2.0,1.0,1.0,0.0,34.7,37.0,45.0,45,45,0.0,0.0,0.0,6.4671630859375,6.4671630859375,6.4671630859375,243.449,243.449,243.449,45,0.0,6.4671630859375,243.449,5
11775973.33310116,81.33327865600586,103471465.26005287,201066.33817573014,2096717.5509572409,13284671.358018143,13.5734375,0.0,100.0,3.9,81.8,45.5,1.9,43.4,4.9,50.5,50.0,0.0,28.9,37.1,0.0,0.0,0.0,48.5,50.5,0.0,0.0,0.0,0.0,0.0,0.0,0.0,0.0,0.0,1.0,0.0,0.0,0.0,1.0,1.0,1.0,78.6,43.4,11.0,1.0,0.0,0.0,0.0,0.0,100.0,0.0,15.7,0.0,0.0,0.0,33.7,52.5,0.0,0.0,2.0,0.0,0.0,0.0,0.0,0.0,2.9,1.0,1.0,0.0,0.0,0.0,36.0,39.0,50.0,50,50,0.0,0.0,0.0,6.4671630859375,6.4671630859375,6.4671630859375,228.887,228.887,228.887,50,0.0,6.4671630859375,228.887,5
11775974.334029011,81.33150100708008,103429536.841764,200929.56737953392,2095207.9600286616,13275106.684244098,13.4921875,0.0,100.0,3.0,82.5,53.1,0.0,36.7,5.9,51.0,50.0,1.0,24.5,43.2,0.0,0.0,0.0,49.5,50.0,0.0,0.0,0.0,0.0,0.0,0.0,0.0,0.0,0.0,1.0,0.0,1.0,0.0,1.0,0.0,0.0,86.0,34.7,22.0,2.9,0.0,0.0,0.0,0.0,100.0,0.0,0.0,1.0,0.0,0.0,35.7,50.5,0.0,0.0,1.0,1.0,0.0,0.0,0.0,0.0,1.0,1.0,0.0,1.0,0.0,0.0,34.7,37.6,45.0,45,45,0.0,0.0,0.0,6.4671630859375,6.4671630859375,6.4671630859375,243.341,243.341,243.341,45,0.0,6.4671630859375,243.341,5
11775975.334244944,81.33290100097656,103535748.24355428,201083.57947435734,2096699.2540126757,13284555.429720936,13.2453125,0.0,100.0,2.1,77.7,57.4,1.0,30.1,4.2,49.5,50.0,0.0,30.9,34.8,0.0,0.0,0.0,50.0,50.0,0.0,0.0,0.0,0.0,0.0,0.0,0.0,2.0,1.0,0.0,1.0,0.0,1.0,1.0,1.0,2.0,77.4,0.0,24.5,29.5,2.0,0.0,0.0,0.0,100.0,0.0,2.0,0.0,2.0,0.0,32.6,49.5,0.0,0.0,0.0,2.0,0.0,0.0,0.0,0.0,3.0,0.0,1.0,1.0,0.0,0.0,36.5,38.0,54.0,54,54,0.0,0.0,0.0,6.4671630859375,6.4671630859375,6.4671630859375,246.651,246.651,246.651,54,0.0,6.4671630859375,246.651,5
11775976.335648747,81.32767105102539,103445482.92013878,200852.04329789442,2094212.1387048727,13268797.222575406,14.4765625,0.0,100.0,8.7,79.0,26.7,2.9,62.6,1.0,51.5,51.9,1.0,48.5,18.8,0.0,0.0,0.0,49.5,51.5,0.0,0.0,0.0,0.0,0.0,0.0,0.0,0.0,0.0,1.0,0.0,1.0,0.0,1.0,1.0,0.0,79.6,1.0,39.8,0.0,16.7,0.0,11.7,11.8,100.0,12.7,11.7,11.8,10.7,0.0,34.3,50.0,0.0,0.0,0.0,0.0,0.0,0.0,0.0,0.0,1.0,1.9,1.0,0.0,0.0,0.0,36.3,36.9,66.0,66,66,0.0,0.0,0.0,6.4671630859375,6.4671630859375,6.4671630859375,241.413,241.413,241.413,66,0.0,6.4671630859375,241.413,5
11775977.333178388,81.44157791137695,103879908.68876848,201632.10372369926,2102345.5486807963,13320329.999844734,14.5296875,0.0,100.0,5.2,83.3,42.7,1.0,45.8,2.0,51.0,51.5,0.0,22.9,44.2,0.0,0.0,0.0,50.0,51.0,0.0,0.0,0.0,0.0,0.0,0.0,0.0,0.0,0.0,1.0,0.0,0.0,0.0,2.0,1.0,0.0,84.7,1.0,13.4,41.6,0.0,0.0,12.0,11.0,100.0,11.1,11.2,11.0,10.2,2.0,35.1,51.0,0.0,0.0,1.0,1.0,0.0,0.0,0.0,0.0,2.0,2.0,0.0,0.0,0.0,0.0,35.4,38.6,48.0,48,48,0.0,0.0,0.0,6.4671630859375,6.4671630859375,6.4671630859375,242.247,242.247,242.247,48,0.0,6.4671630859375,242.247,5
11775978.335892944,81.3974609375,103375265.08383663,200596.46970763814,2091474.5757469274,13251452.194771549,13.575,0.0,100.0,8.0,79.4,44.3,5.9,48.5,0.0,48.5,48.5,1.0,27.4,38.3,0.0,0.0,0.0,51.0,49.5,0.0,0.0,0.0,0.0,0.0,0.0,0.0,2.0,1.0,1.0,2.0,2.0,1.0,1.0,0.0,2.0,78.1,1.0,34.0,22.2,0.0,0.0,0.0,0.0,100.0,2.0,3.0,0.0,0.0,1.0,35.7,49.5,0.0,0.0,0.0,0.0,0.0,0.0,0.0,0.0,1.0,1.0,2.0,2.0,0.0,0.0,36.4,37.6,47.0,47,47,0.0,0.0,0.0,6.4671630859375,6.4671630859375,6.4671630859375,243.605,243.605,243.605,47,0.0,6.4671630859375,243.605,5
11775979.336041708,81.39481353759766,103673070.1918129,201119.08074517944,2096840.0659357717,13285447.605264928,13.6078125,0.0,100.0,8.2,77.7,41.5,1.0,46.3,0.0,51.0,50.0,2.1,35.1,34.0,1.0,0.0,0.0,48.5,50.5,0.0,0.0,0.0,0.0,0.0,0.0,0.0,0.0,1.0,0.0,0.0,0.0,0.0,1.0,2.0,0.0,85.3,4.1,56.1,1.0,0.0,0.0,0.0,0.0,100.0,1.0,14.4,0.0,0.0,0.0,32.3,51.5,0.0,0.0,0.0,0.0,0.0,0.0,0.0,0.0,0.0,0.0,0.0,0.0,0.0,0.0,36.5,37.8,50.0,50,50,0.0,0.0,0.0,6.4671630859375,6.4671630859375,6.4671630859375,244.115,244.115,244.115,50,0.0,6.4671630859375,244.115,5
11775980.334449148,81.39797592163086,103886542.52514787,201469.85277634472,2100497.167222392,13308618.770448122,13.3640625,0.0,100.0,5.0,83.0,39.2,1.0,49.0,0.0,49.5,51.0,1.0,41.8,24.2,0.0,0.0,0.0,51.0,51.0,0.0,0.0,0.0,0.0,0.0,0.0,0.0,0.0,0.0,1.0,0.0,1.0,1.0,1.0,1.0,1.0,78.2,2.0,54.5,1.0,0.0,0.0,0.0,0.0,100.0,0.0,0.0,0.0,0.0,0.0,34.3,51.0,0.0,0.0,0.0,0.0,0.0,0.0,0.0,0.0,1.0,1.9,1.9,0.0,0.0,0.0,36.6,40.2,47.0,47,47,0.0,0.0,0.0,6.4671630859375,6.4671630859375,6.4671630859375,230.537,230.537,230.537,47,0.0,6.4671630859375,230.537,5
11775981.33475053,81.39450454711914,103722431.970289,201095.39355395138,2096520.1474599624,13283420.621797105,13.3375,0.0,100.0,8.0,81.3,45.5,0.0,44.8,0.0,50.0,50.5,1.0,10.2,57.0,0.0,0.0,0.0,50.0,50.5,0.0,0.0,0.0,0.0,0.0,0.0,0.0,1.0,7.0,0.0,0.0,13.1,1.0,2.0,0.0,30.6,78.1,1.0,5.1,0.0,0.0,0.0,0.0,0.0,100.0,1.0,0.0,0.0,0.0,0.0,35.4,48.5,0.0,0.0,0.0,0.0,0.0,0.0,0.0,0.0,3.1,1.0,0.0,2.0,1.0,0.0,35.7,38.2,48.0,48,48,0.0,0.0,0.0,6.4671630859375,6.4671630859375,6.4671630859375,244.122,244.122,244.122,48,0.0,6.4671630859375,244.122,5
11775982.33159358,81.3968391418457,104114972.64155117,201800.07250372446,2103793.5686549256,13329504.563899567,13.340625,0.0,100.0,6.2,76.8,50.0,0.0,40.0,0.0,51.0,51.0,0.0,31.6,36.6,0.0,0.0,0.0,50.0,50.0,0.0,0.0,0.0,0.0,0.0,0.0,0.0,1.0,17.5,1.0,1.0,1.0,0.0,0.0,1.0,28.3,80.6,2.1,3.1,0.0,0.0,0.0,0.0,0.0,100.0,0.0,0.0,0.0,0.0,0.0,33.3,51.5,0.0,0.0,0.0,0.0,0.0,0.0,0.0,0.0,2.1,1.0,12.4,0.0,0.0,0.0,34.7,39.0,56.0,56,56,0.0,0.0,0.0,6.4671630859375,6.4671630859375,6.4671630859375,244.747,244.747,244.747,56,0.0,6.4671630859375,244.747,5
11775983.334886856,81.39790725708008,103478100.07376885,200509.66636146285,2090268.1703498263,13243808.485575853,13.803125,0.0,100.0,8.7,80.8,49.5,2.0,38.4,0.0,48.0,50.0,0.0,39.6,25.0,0.0,0.0,0.0,49.5,50.5,0.0,0.0,0.0,0.0,0.0,1.0,0.0,0.0,0.0,4.9,3.8,1.9,1.0,2.9,0.0,1.0,83.2,5.0,5.0,2.0,1.0,0.0,0.0,0.0,100.0,0.0,0.0,0.0,0.0,0.0,33.3,50.0,0.0,1.9,0.0,0.0,0.0,1.9,2.0,1.0,2.9,1.0,58.3,1.0,2.9,1.0,34.0,37.5,50.0,50,50,0.0,0.0,0.0,6.4671630859375,6.4671630859375,6.4671630859375,238.65,238.65,238.65,50,0.0,6.4671630859375,238.65,5
11775984.336208249,81.40247344970703,103714419.58179966,200904.5263392441,2094384.496800708,13269889.272698235,13.696875,0.0,100.0,15.1,83.2,28.0,10.8,45.1,25.3,50.0,49.5,2.1,9.7,30.9,0.0,0.0,0.0,50.5,51.0,0.0,0.0,0.0,0.0,0.0,0.0,0.0,1.1,1.0,1.0,0.0,0.0,0.0,1.1,0.0,1.1,76.9,1.1,1.1,1.1,0.0,1.0,0.0,0.0,100.0,2.1,17.9,0.0,0.0,0.0,34.1,51.0,1.0,0.0,0.0,0.0,0.0,0.0,0.0,0.0,0.0,0.0,57.0,0.0,0.0,1.1,37.2,37.5,61.0,61,61,0.0,0.0,0.0,6.4671630859375,6.4671630859375,6.4671630859375,237.964,237.964,237.964,61,0.0,6.4671630859375,237.964,5
11775985.32397232,81.39566802978516,105170927.93629631,203671.1050435624,2123130.47228745,13452021.976758767,13.2765625,0.0,100.0,6.3,76.6,37.9,28.7,26.0,60.0,50.0,51.5,2.1,0.0,0.0,1.0,0.0,0.0,49.5,49.5,0.0,0.0,0.0,0.0,0.0,0.0,0.0,1.0,0.0,0.0,0.0,1.0,1.0,2.1,0.0,0.0,85.4,1.0,0.0,0.0,1.0,0.0,0.0,0.0,100.0,1.0,0.0,0.0,0.0,0.0,34.0,51.0,0.0,1.0,0.0,0.0,0.0,0.0,1.0,0.0,1.0,1.0,53.7,0.0,0.0,0.0,35.4,39.0,58.0,58,58,0.0,0.0,0.0,6.4671630859375,6.4671630859375,6.4671630859375,257.548,257.548,257.548,58,0.0,6.4671630859375,257.548,5
11775986.324773213,81.39181518554688,103833502.504719,201027.9981416446,2095473.750347913,13276790.71509498,13.4953125,0.0,100.0,37.6,78.6,26.0,35.4,5.8,36.4,48.5,49.5,6.9,17.6,0.0,0.0,0.0,0.0,50.5,50.0,0.0,0.0,0.0,0.0,0.0,1.0,0.0,1.0,1.0,1.0,0.0,0.0,0.0,1.0,1.0,1.0,78.6,0.0,1.0,0.0,1.0,0.0,0.0,0.0,100.0,2.9,1.0,0.0,0.0,0.0,34.7,50.0,0.0,0.0,30.1,3.8,0.0,0.0,0.0,0.0,1.0,0.0,25.0,7.8,1.0,0.0,35.6,40.4,60.0,60,60,0.0,0.0,0.0,6.4671630859375,6.4671630859375,6.4671630859375,253.604,253.604,253.604,60,0.0,6.4671630859375,253.604,5
11775987.338069757,81.4134521484375,102585231.89376278,198556.8796042657,2069633.032181618,13113065.53983822,13.365625,0.0,100.0,30.0,85.1,3.9,21.2,0.0,17.8,50.5,50.5,41.4,33.3,14.7,0.0,0.0,0.0,50.0,50.5,0.0,0.0,0.0,0.0,0.0,0.0,0.0,0.0,0.0,0.0,1.0,1.0,1.9,1.0,0.0,1.0,78.0,2.9,0.0,1.0,0.0,0.0,0.0,0.0,100.0,1.0,0.0,0.0,0.0,0.0,34.0,51.9,1.0,0.0,55.3,1.0,1.0,0.0,0.0,0.0,1.0,1.0,0.0,0.0,0.0,0.0,34.7,36.8,70.0,70,70,0.0,0.0,0.0,6.4671630859375,6.4671630859375,6.4671630859375,244.506,244.506,244.506,70,0.0,6.4671630859375,244.506,5
11775988.335273318,81.41438674926758,104273450.39067297,201768.23264632787,2103033.0044666696,13324685.676738039,13.284375,0.0,100.0,7.7,78.8,0.0,12.7,0.0,54.7,51.0,50.0,35.0,0.0,55.4,0.0,0.0,0.0,50.5,49.5,0.0,0.0,0.0,0.0,0.0,0.0,1.0,1.0,0.0,1.0,0.0,0.0,1.0,0.0,0.0,0.0,78.8,0.0,1.9,1.0,0.0,0.0,0.0,0.0,100.0,0.0,0.0,0.0,0.0,0.0,35.0,52.0,0.0,0.0,32.4,24.3,2.0,1.0,0.0,0.0,0.0,0.0,0.0,0.0,0.0,0.0,34.0,38.5,50.0,50,50,0.0,0.0,0.0,6.4671630859375,6.4671630859375,6.4671630859375,229.969,229.969,229.969,50,0.0,6.4671630859375,229.969,5
11775989.336879322,81.39792251586914,103847664.20343228,200881.38363155973,2093789.3652496608,13266118.556386523,13.6359375,0.0,100.0,6.1,78.4,0.0,28.1,0.0,38.5,50.0,49.5,41.8,1.0,47.9,0.0,0.0,0.0,50.0,51.0,0.0,0.0,0.0,0.0,0.0,0.0,0.0,1.0,1.0,0.0,2.0,1.0,1.0,1.0,1.0,1.0,85.9,2.0,0.0,1.0,0.0,0.0,0.0,0.0,100.0,0.0,16.0,0.0,0.0,0.0,32.6,49.5,0.0,0.0,14.1,39.8,1.0,0.0,0.0,1.0,2.0,0.0,0.0,0.0,0.0,1.0,35.1,40.4,47.0,47,47,0.0,0.0,0.0,6.4671630859375,6.4671630859375,6.4671630859375,240.522,240.522,240.522,47,0.0,6.4671630859375,240.522,5
11775990.320781328,81.3996696472168,105749392.13521937,204503.08961622274,2131464.300633866,13504824.592297385,13.409375,0.0,100.0,8.2,77.7,4.0,52.6,1.0,14.7,50.5,50.5,45.8,0.0,43.2,0.0,0.0,0.0,52.0,49.5,0.0,0.0,0.0,0.0,0.0,0.0,0.0,0.0,0.0,2.0,0.0,1.0,0.0,0.0,1.0,1.0,76.8,0.0,0.0,0.0,0.0,0.0,0.0,0.0,100.0,2.0,0.0,0.0,0.0,0.0,34.7,51.5,0.0,0.0,55.0,3.0,1.0,1.0,0.0,1.0,1.0,2.0,0.0,0.0,0.0,0.0,36.1,38.4,48.0,48,48,0.0,0.0,0.0,6.4671630859375,6.4671630859375,6.4671630859375,242.55,242.55,242.55,48,0.0,6.4671630859375,242.55,5
11775991.336211907,81.3978500366211,102498030.0538085,198160.2722715881,2065283.48018023,13085507.050204426,13.5421875,0.0,100.0,16.7,84.5,2.0,28.9,1.0,28.4,49.5,52.5,44.9,2.0,45.4,0.0,0.0,0.0,50.0,50.0,0.0,0.0,0.0,0.0,0.0,0.0,0.0,0.0,1.0,0.0,1.0,1.0,1.0,0.0,1.0,0.0,86.2,2.0,1.0,1.0,0.0,0.0,0.0,0.0,100.0,1.0,0.0,0.0,0.0,0.0,34.7,50.0,0.0,0.0,17.5,4.1,34.3,1.0,0.0,0.0,0.0,0.0,0.0,0.0,0.0,0.0,36.1,37.0,50.0,50,50,0.0,0.0,0.0,6.4671630859375,6.4671630859375,6.4671630859375,245.94,245.94,245.94,50,0.0,6.4671630859375,245.94,5
11775992.3365659,81.39974975585938,104075379.95577091,201146.7952719356,2096409.8837983198,13282721.998128418,13.1453125,0.0,100.0,38.4,79.0,19.6,8.0,0.0,3.9,50.0,49.0,46.5,16.2,24.2,1.9,0.0,0.0,48.5,50.0,0.0,0.0,0.0,0.0,0.0,0.0,0.0,1.9,1.0,1.0,0.0,0.0,0.0,1.0,0.0,1.0,78.2,2.0,1.9,1.0,0.0,0.0,0.0,0.0,100.0,1.0,1.0,1.9,0.0,0.0,35.6,49.0,0.0,0.0,0.0,22.5,33.3,0.0,0.0,0.0,1.0,0.0,0.0,0.0,0.0,0.0,34.7,37.1,49.0,49,49,0.0,0.0,0.0,6.4671630859375,6.4671630859375,6.4671630859375,230.42,230.42,230.42,49,0.0,6.4671630859375,230.42,5
11775993.33567668,81.39618682861328,104237507.20189655,201404.09279034627,2099018.4917553,13299249.975105848,13.45625,0.0,100.0,41.1,77.9,4.0,27.4,1.0,4.0,48.5,49.5,42.7,29.0,19.2,0.0,0.0,0.0,51.5,50.0,0.0,0.0,0.0,0.0,0.0,0.0,0.0,0.0,0.0,2.0,1.0,1.0,0.0,0.0,1.0,1.0,78.1,2.0,1.0,1.0,0.0,0.0,0.0,0.0,100.0,1.0,1.0,0.0,0.0,0.0,35.1,51.0,0.0,0.0,0.0,0.0,56.4,0.0,0.0,0.0,2.0,0.0,1.0,0.0,0.0,3.9,36.7,39.2,44.0,44,44,0.0,0.0,0.0,6.4671630859375,6.4671630859375,6.4671630859375,246.047,246.047,246.047,44,0.0,6.4671630859375,246.047,5
11775994.336866025,81.39814758300781,104053656.25281058,200992.94994067983,2094660.7247057953,13271639.435440624,13.796875,0.0,100.0,17.9,85.3,2.0,50.0,1.0,4.2,49.5,49.0,0.0,30.1,58.3,0.0,0.0,0.0,51.0,51.5,1.0,0.0,0.0,0.0,0.0,0.0,0.0,0.0,1.0,1.0,0.0,0.0,0.0,2.0,0.0,1.0,85.4,1.0,0.0,0.0,0.0,0.0,0.0,0.0,100.0,3.0,16.3,0.0,0.0,0.0,34.0,49.0,0.0,0.0,0.0,5.1,10.2,0.0,39.4,0.0,7.1,1.0,0.0,0.0,0.0,0.0,36.5,39.2,52.0,52,52,0.0,0.0,0.0,6.4671630859375,6.4671630859375,6.4671630859375,244.627,244.627,244.627,52,0.0,6.4671630859375,244.627,5
11775995.33968597,81.39622497558594,103916966.7615344,200674.10983948194,2091254.774389233,13254144.02908801,13.4046875,0.0,100.0,50.0,79.0,1.0,18.4,0.0,4.9,52.0,51.5,1.0,37.0,50.5,0.0,0.0,0.0,50.5,51.0,1.0,0.0,0.0,0.0,0.0,0.0,0.0,1.9,0.0,1.9,1.0,1.0,0.0,0.0,1.9,0.0,79.0,1.0,0.0,1.0,0.0,0.0,0.0,0.0,100.0,0.0,0.0,1.0,0.0,0.0,34.3,52.4,0.0,0.0,0.0,13.6,0.0,0.0,42.7,0.0,1.0,1.9,0.0,0.0,0.0,0.0,36.0,38.5,50.0,50,50,0.0,0.0,0.0,6.4671630859375,6.4671630859375,6.4671630859375,232.308,232.308,232.308,50,0.0,6.4671630859375,232.308,5
11775996.33715543,81.39439010620117,104507054.41430303,201750.53806300912,2102472.3931619744,13325240.06994259,13.35625,0.0,100.0,32.3,78.1,3.9,37.2,2.0,6.9,50.0,50.5,1.0,57.7,30.6,0.0,0.0,0.0,50.0,47.4,1.0,0.0,0.0,0.0,0.0,0.0,0.0,0.0,1.0,0.0,2.0,1.0,0.0,0.0,0.0,2.0,80.2,1.0,1.0,0.0,0.0,0.0,0.0,0.0,100.0,1.0,0.0,0.0,0.0,0.0,33.3,50.5,0.0,0.0,0.0,52.9,3.0,0.0,0.0,0.0,1.0,1.0,2.0,0.0,0.0,0.0,37.0,36.3,50.0,50,50,0.0,0.0,0.0,6.4671630859375,6.4671630859375,6.4671630859375,241.269,241.269,241.269,50,0.0,6.4671630859375,241.269,5
11775997.336505992,81.3968505859375,104342958.2099211,201381.78484429224,2098514.853838128,13300157.618563918,13.43125,0.0,100.0,47.4,77.3,2.0,22.4,0.0,5.0,49.5,52.0,0.0,34.0,55.2,0.0,0.0,0.0,49.5,51.0,0.0,0.0,0.0,0.0,0.0,0.0,0.0,0.0,0.0,1.0,1.0,0.0,0.0,1.0,1.0,0.0,83.3,1.0,2.0,0.0,0.0,0.0,0.0,0.0,100.0,0.0,0.0,0.0,1.0,0.0,36.1,51.5,0.0,0.0,0.0,55.2,0.0,0.0,0.0,0.0,2.0,2.0,1.0,0.0,0.0,1.0,35.4,38.8,49.0,49,49,0.0,0.0,0.0,6.4671630859375,6.4671630859375,6.4671630859375,243.34,243.34,243.34,49,0.0,6.4671630859375,243.34,5
11775998.338992776,81.39476776123047,104049041.50720693,200758.75633465353,2091949.77275304,13258548.852702372,13.2796875,0.0,100.0,39.8,85.3,3.1,29.2,0.0,4.1,49.0,47.4,1.0,44.7,44.2,0.0,0.0,0.0,50.0,48.5,0.0,0.0,0.0,0.0,0.0,1.0,0.0,1.0,1.0,0.0,0.0,2.0,0.0,0.0,1.0,0.0,78.1,2.0,0.0,0.0,0.0,0.0,0.0,0.0,100.0,0.0,0.0,0.0,0.0,0.0,34.0,49.5,0.0,0.0,0.0,56.9,1.0,0.0,0.0,0.0,0.0,2.0,1.0,3.0,0.0,0.0,33.7,36.4,68.0,68,68,0.0,0.0,0.0,6.4671630859375,6.4671630859375,6.4671630859375,245.077,245.077,245.077,68,0.0,6.4671630859375,245.077,5
11775999.338500367,81.41225814819336,104391787.44226405,201364.15349561366,2098185.164989607,13298068.086701706,13.7796875,0.0,100.0,47.4,78.6,2.9,19.4,1.9,3.9,49.0,48.5,28.0,9.9,49.5,0.0,0.0,0.0,51.0,50.5,1.0,0.0,0.0,0.0,0.0,0.0,0.0,1.0,1.0,15.5,1.0,0.0,0.0,0.0,0.0,1.0,77.8,2.0,2.0,2.9,0.0,0.0,0.0,0.0,100.0,0.0,15.5,0.0,0.0,0.0,35.6,50.5,0.0,0.0,0.0,36.6,18.6,0.0,0.0,0.0,2.9,1.0,2.0,0.0,0.0,0.0,36.0,37.5,49.0,49,49,0.0,0.0,0.0,6.4671630859375,6.4671630859375,6.4671630859375,228.365,228.365,228.365,49,0.0,6.4671630859375,228.365,5
11776000.33730823,81.39522552490234,104497547.45532387,201505.22195148148,2099655.0777631146,13307384.23308849,13.56875,0.0,100.0,57.9,78.4,3.1,15.3,1.0,0.0,51.0,49.5,42.9,0.0,48.5,0.0,0.0,0.0,50.5,50.5,0.0,0.0,0.0,0.0,0.0,0.0,0.0,1.0,0.0,2.0,1.0,1.0,2.0,1.0,1.0,1.0,85.6,1.0,1.0,0.0,2.0,0.0,0.0,0.0,100.0,0.0,0.0,0.0,1.0,0.0,34.7,49.0,0.0,0.0,0.0,35.4,20.2,0.0,0.0,0.0,1.0,0.0,3.0,0.0,0.0,0.0,35.7,40.2,46.0,46,46,0.0,0.0,0.0,6.4671630859375,6.4671630859375,6.4671630859375,243.671,243.671,243.671,46,0.0,6.4671630859375,243.671,5
11776001.319708474,81.39575576782227,106275998.63378331,204877.79925584653,2134722.5966105424,13529638.332033612,13.2703125,0.0,100.0,48.9,80.0,2.1,24.7,1.0,0.0,50.5,50.0,23.2,0.0,64.9,0.0,0.0,0.0,50.0,50.0,0.0,0.0,1.0,0.0,0.0,0.0,0.0,0.0,1.0,0.0,1.0,0.0,1.0,0.0,0.0,1.0,77.9,2.0,1.0,0.0,0.0,0.0,0.0,0.0,100.0,0.0,0.0,0.0,0.0,0.0,34.0,50.0,0.0,0.0,0.0,46.9,8.1,0.0,0.0,0.0,2.0,1.0,0.0,0.0,0.0,0.0,37.5,38.6,49.0,49,49,0.0,0.0,0.0,6.4671630859375,6.4671630859375,6.4671630859375,244.317,244.317,244.317,49,0.0,6.4671630859375,244.317,5
11776002.336184524,81.39554977416992,102745324.88790138,198016.47072371785,2063159.284431989,13076077.886683213,13.671875,0.0,100.0,5.9,82.5,7.0,48.4,20.4,4.0,51.5,49.5,32.0,1.0,62.8,0.0,0.0,0.0,51.0,51.0,1.0,0.0,0.0,0.0,0.0,0.0,0.0,0.0,0.0,0.0,2.0,0.0,0.0,2.0,0.0,0.0,85.6,0.0,2.0,0.0,0.0,0.0,0.0,0.0,100.0,1.0,0.0,0.0,0.0,0.0,34.4,50.0,0.0,0.0,0.0,44.8,9.1,0.0,0.0,0.0,1.0,1.0,0.0,0.0,0.0,0.0,37.1,37.0,49.0,49,49,0.0,0.0,0.0,6.4671630859375,6.4671630859375,6.4671630859375,248.95,248.95,248.95,49,0.0,6.4671630859375,248.95,5
11776003.337041697,81.39723587036133,104381277.23610297,201106.6169315868,2095355.9184580164,13280136.631633326,13.2265625,0.0,100.0,2.9,78.8,4.0,23.5,41.2,1.0,49.5,50.5,48.0,1.0,41.0,0.0,0.0,0.0,49.5,49.0,0.0,0.0,0.0,0.0,0.0,0.0,0.0,1.9,0.0,1.0,0.0,1.0,1.0,1.0,1.9,1.0,78.8,1.0,1.0,1.0,0.0,0.0,0.0,0.0,100.0,0.0,0.0,0.0,0.0,0.0,34.3,51.5,0.0,0.0,0.0,29.8,28.2,0.0,0.0,0.0,1.0,0.0,0.0,0.0,0.0,0.0,34.7,36.5,46.0,46,46,0.0,0.0,0.0,6.4671630859375,6.4671630859375,6.4671630859375,225.775,225.775,225.775,46,0.0,6.4671630859375,225.775,5
11776004.338149812,81.39527893066406,104387673.39703341,201065.19653138058,2094830.6855658453,13276807.763010094,13.535937500000001,0.0,100.0,2.0,78.4,6.9,25.0,40.9,0.0,50.5,49.5,56.1,1.0,33.7,0.0,0.0,0.0,50.5,51.5,1.0,1.0,0.0,0.0,0.0,0.0,0.0,0.0,1.0,0.0,1.0,0.0,0.0,0.0,0.0,1.0,78.4,0.0,0.0,1.0,0.0,0.0,0.0,0.0,100.0,1.0,16.0,0.0,0.0,0.0,35.1,50.0,0.0,0.0,0.0,55.0,1.0,0.0,0.0,0.0,1.0,1.0,0.0,0.0,0.0,0.0,36.4,39.4,47.0,47,47,0.0,0.0,0.0,6.4671630859375,6.4671630859375,6.4671630859375,242.033,242.033,242.033,47,0.0,6.4671630859375,242.033,5
11776005.336954461,81.47747039794922,104661075.68609379,201536.90727550376,2099661.8321607844,13307427.04172216,14.3078125,0.0,100.0,4.1,85.1,6.2,9.5,56.2,7.2,49.5,52.6,51.6,0.0,37.2,0.0,0.0,0.0,48.4,48.4,1.0,1.0,1.0,1.0,1.0,1.0,1.0,1.0,5.2,4.1,4.2,3.1,2.1,3.1,2.1,0.0,81.9,26.5,19.6,2.1,1.0,0.0,0.0,0.0,100.0,2.1,2.0,0.0,0.0,0.0,33.7,51.0,3.1,2.1,2.1,7.3,4.2,3.1,2.1,2.1,1.1,1.0,0.0,0.0,0.0,0.0,38.9,40.8,53.0,53,53,0.0,0.0,0.0,6.4671630859375,6.4671630859375,6.4671630859375,246.332,246.332,246.332,53,0.0,6.4671630859375,246.332,5
11776006.339251757,81.39609146118164,104328913.68138494,200842.60523549875,2092345.2651454352,13261055.440228393,13.30625,0.0,100.0,13.1,78.6,0.0,0.0,48.0,8.9,50.0,49.5,53.5,1.0,36.0,0.0,0.0,0.0,51.9,51.5,0.0,0.0,0.0,0.0,0.0,0.0,0.0,1.0,0.0,0.0,0.0,1.0,1.9,1.0,1.0,1.9,83.0,1.9,49.5,6.9,1.0,0.0,0.0,0.0,100.0,0.0,0.0,0.0,0.0,0.0,35.0,49.5,0.0,0.0,0.0,0.0,0.0,0.0,0.0,0.0,1.9,1.0,0.0,0.0,0.0,0.0,35.0,37.1,47.0,47,47,0.0,0.0,0.0,6.4671630859375,6.4671630859375,6.4671630859375,228.917,228.917,228.917,47,0.0,6.4671630859375,228.917,5
11776007.338159388,81.40099334716797,104715588.03463127,201524.13866880507,2099445.3684852854,13306055.118622562,13.2578125,0.0,100.0,35.1,78.6,1.0,2.0,34.4,5.0,50.5,50.0,41.8,0.0,47.4,0.0,0.0,0.0,51.0,49.5,0.0,0.0,0.0,0.0,0.0,0.0,0.0,1.0,1.0,0.0,0.0,1.0,0.0,1.0,1.0,0.0,78.4,0.0,5.9,27.3,25.7,1.0,0.0,0.0,100.0,0.0,0.0,0.0,0.0,0.0,33.3,49.0,0.0,0.0,0.0,0.0,0.0,1.0,0.0,0.0,1.0,0.0,0.0,0.0,0.0,0.0,36.4,38.2,44.0,44,44,0.0,0.0,0.0,6.4671630859375,6.4671630859375,6.4671630859375,240.529,240.529,240.529,44,0.0,6.4671630859375,240.529,5
11776008.33775925,81.3966293334961,104675731.64959046,201392.58465611376,2097991.484346379,13296840.55996875,13.3453125,0.0,100.0,22.7,78.6,6.0,3.0,46.8,1.0,50.5,48.5,38.8,1.0,51.0,0.0,1.0,0.0,50.0,48.0,0.0,0.0,0.0,0.0,0.0,0.0,0.0,0.0,1.0,1.0,0.0,0.0,1.0,1.0,1.0,1.0,84.8,2.0,2.0,1.0,54.5,0.0,0.0,0.0,100.0,0.0,0.0,0.0,0.0,0.0,32.6,51.0,0.0,0.0,0.0,0.0,0.0,0.0,0.0,0.0,2.0,0.0,0.0,1.0,0.0,0.0,33.0,37.3,48.0,48,48,0.0,0.0,0.0,6.4671630859375,6.4671630859375,6.4671630859375,241.791,241.791,241.791,48,0.0,6.4671630859375,241.791,5
11776009.337404422,81.3989372253418,104703641.81659001,201390.45903683294,2097896.3930379758,13296237.881656703,13.4390625,0.0,100.0,34.0,83.9,6.3,0.0,35.9,1.0,51.0,49.0,45.2,2.0,43.0,1.0,0.0,0.0,50.5,50.0,0.0,0.0,0.0,0.0,0.0,0.0,0.0,1.0,0.0,1.0,1.0,0.0,1.0,1.0,1.0,0.0,77.4,0.0,0.0,0.0,56.7,0.0,0.0,0.0,100.0,0.0,3.1,0.0,0.0,0.0,35.1,50.5,0.0,0.0,0.0,0.0,0.0,0.0,0.0,0.0,2.1,1.0,0.0,0.0,0.0,0.0,35.4,40.0,51.0,51,51,0.0,0.0,0.0,6.4671630859375,6.4671630859375,6.4671630859375,244.844,244.844,244.844,51,0.0,6.4671630859375,244.844,5
11776010.336165264,81.39774322509766,104829025.74823123,201568.77560380174,2099753.9273246145,13308010.730797604,13.4640625,0.0,79.0,35.1,78.0,6.8,2.9,29.9,0.0,50.0,48.5,25.7,0.0,63.6,1.9,1.0,0.0,49.5,48.0,0.0,0.0,0.0,0.0,0.0,0.0,0.0,1.0,1.0,1.0,0.0,1.0,0.0,1.0,1.0,1.0,79.0,2.0,1.0,24.5,30.7,0.0,24.3,0.0,75.7,0.0,12.6,0.0,1.0,0.0,33.0,49.5,0.0,0.0,0.0,0.0,0.0,0.0,0.0,0.0,6.9,1.0,1.0,0.0,0.0,0.0,33.7,37.9,47.0,47,47,0.0,0.0,0.0,6.4671630859375,6.4671630859375,6.4671630859375,231.305,231.305,231.305,47,0.0,6.4671630859375,231.305,5
11776011.337446395,81.42285537719727,104597765.55385414,201068.40502135735,2094468.7110822727,13274513.608324168,13.4484375,0.0,100.0,18.7,77.9,4.1,1.0,48.9,0.0,51.0,49.0,31.6,1.0,56.4,0.0,0.0,0.0,49.5,50.5,0.0,0.0,0.0,0.0,0.0,0.0,0.0,0.0,0.0,0.0,0.0,0.0,1.0,0.0,44.0,2.0,85.6,4.0,2.9,13.1,0.0,0.0,100.0,0.0,0.0,0.0,0.0,0.0,0.0,0.0,35.7,51.5,0.0,0.0,0.0,0.0,0.0,0.0,0.0,0.0,5.0,1.0,1.0,0.0,0.0,0.0,36.4,37.9,47.0,47,47,0.0,0.0,0.0,6.4671630859375,6.4671630859375,6.4671630859375,246.599,246.599,246.599,47,0.0,6.4671630859375,246.599,5
11776012.333339583,81.39674377441406,105196433.99633282,202163.24648281973,2105800.125602551,13346330.87418023,13.3828125,0.0,100.0,33.3,85.4,6.2,0.0,34.4,0.0,48.5,52.0,24.2,0.0,63.8,0.0,0.0,0.0,51.5,51.5,0.0,0.0,0.0,0.0,0.0,0.0,0.0,1.0,11.2,0.0,0.0,1.0,0.0,1.0,14.3,32.3,77.4,4.1,0.0,2.1,0.0,0.0,100.0,0.0,2.0,1.0,0.0,0.0,0.0,0.0,33.7,50.5,0.0,0.0,0.0,0.0,0.0,0.0,0.0,0.0,0.0,1.0,0.0,0.0,0.0,0.0,34.7,38.4,53.0,53,53,0.0,0.0,0.0,6.4671630859375,6.4671630859375,6.4671630859375,244.078,244.078,244.078,53,0.0,6.4671630859375,244.078,5
11776013.337576281,81.39473342895508,104354958.5401434,200490.5819223499,2088304.4842536005,13235445.412896354,13.3546875,0.0,100.0,33.0,80.0,6.7,1.0,34.3,0.0,50.5,48.5,36.7,1.0,52.0,0.0,0.0,0.0,48.5,49.5,0.0,0.0,0.0,0.0,0.0,0.0,0.0,0.0,49.5,1.0,0.0,0.0,1.0,1.0,0.0,7.8,82.0,1.9,0.0,1.0,0.0,0.0,100.0,0.0,0.0,0.0,0.0,0.0,1.0,0.0,33.7,51.5,1.0,0.0,0.0,0.0,1.0,0.0,1.0,1.0,2.9,1.0,0.0,1.9,0.0,0.0,35.6,36.2,49.0,49,49,0.0,0.0,0.0,6.4671630859375,6.4671630859375,6.4671630859375,240.216,240.216,240.216,49,0.0,6.4671630859375,240.216,5
11776014.339502228,81.39686584472656,104628206.60424305,200952.97519122605,2093120.7600488232,13265970.442106312,13.453125,0.0,100.0,24.7,78.1,4.1,0.0,45.8,1.0,49.5,49.5,20.4,0.0,67.7,0.0,0.0,0.0,50.0,50.5,0.0,0.0,0.0,0.0,0.0,0.0,0.0,1.0,0.0,0.0,1.0,2.0,1.0,3.0,1.0,55.6,82.7,0.0,1.0,2.0,1.0,0.0,100.0,0.0,2.9,0.0,0.0,0.0,0.0,0.0,34.0,49.0,0.0,0.0,0.0,0.0,0.0,0.0,0.0,0.0,3.0,4.0,2.9,1.0,0.0,0.0,34.0,37.6,49.0,49,49,0.0,0.0,0.0,6.4671630859375,6.4671630859375,6.4671630859375,237.839,237.839,237.839,49,0.0,6.4671630859375,237.839,5
11776015.338117719,81.39513397216797,105007742.24058007,201626.15337063157,2100059.5528789936,13309947.752133466,13.584375,0.0,100.0,20.7,81.3,6.1,0.0,43.0,1.0,49.0,53.5,40.4,0.0,50.5,0.0,0.0,0.0,50.0,49.5,0.0,0.0,0.0,0.0,0.0,0.0,0.0,1.0,1.0,1.0,0.0,15.3,0.0,0.0,0.0,41.0,78.1,2.0,3.0,1.0,0.0,1.0,100.0,1.0,0.0,0.0,15.3,1.0,1.0,0.0,36.1,51.5,0.0,0.0,0.0,1.0,0.0,0.0,0.0,0.0,0.0,0.0,0.0,0.0,0.0,0.0,36.1,37.0,46.0,46,46,0.0,0.0,0.0,6.4671630859375,6.4671630859375,6.4671630859375,245.985,245.985,245.985,46,0.0,6.4671630859375,245.985,5
11776016.33747348,81.39675521850586,104962622.98017712,201484.804301482,2098503.9373765816,13300088.431224624,13.3234375,0.0,100.0,30.5,81.9,7.1,0.0,38.7,0.0,50.5,48.0,48.9,1.0,39.6,0.0,0.0,0.0,51.5,50.0,0.0,0.0,0.0,0.0,0.0,0.0,0.0,0.0,22.2,1.0,0.0,15.2,0.0,1.0,9.3,1.0,78.5,1.0,0.0,0.0,0.0,1.0,100.0,0.0,0.0,0.0,0.0,0.0,0.0,0.0,34.0,50.5,0.0,0.0,0.0,0.0,0.0,0.0,0.0,0.0,2.1,3.1,10.4,0.0,0.0,0.0,36.1,38.6,59.0,59,59,0.0,0.0,0.0,6.4671630859375,6.4671630859375,6.4671630859375,246.225,246.225,246.225,59,0.0,6.4671630859375,246.225,5
11776017.338385744,81.39528274536133,104832010.53185031,201178.4721244286,2095240.5874628266,13279405.676400142,13.384375,0.0,100.0,33.7,78.8,5.9,1.9,36.4,0.0,51.0,51.0,45.4,1.9,42.4,0.0,0.0,0.0,51.0,48.0,0.0,0.0,0.0,0.0,0.0,0.0,0.0,1.0,1.0,1.0,0.0,14.7,1.0,0.0,1.0,0.0,84.3,1.9,0.0,1.9,0.0,0.0,100.0,0.0,0.0,1.0,0.0,0.0,0.0,0.0,35.6,49.5,0.0,0.0,1.9,0.0,0.0,0.0,0.0,1.0,1.0,0.0,32.4,5.9,0.0,0.0,35.6,37.5,49.0,49,49,0.0,0.0,0.0,6.4671630859375,6.4671630859375,6.4671630859375,230.81,230.81,230.81,49,0.0,6.4671630859375,230.81,5
11776018.338374415,81.39930725097656,104961470.06732826,201364.28117696592,2097175.758081646,13291670.576122932,13.459375,0.0,100.0,23.2,78.6,6.0,2.0,46.8,0.0,50.5,49.0,36.4,0.0,53.5,0.0,0.0,0.0,50.0,51.0,0.0,0.0,0.0,0.0,0.0,0.0,0.0,1.0,0.0,13.0,1.0,11.0,29.3,1.0,0.0,1.0,78.4,8.0,1.0,0.0,0.0,0.0,100.0,0.0,2.0,0.0,1.0,0.0,0.0,0.0,35.1,50.5,0.0,0.0,0.0,0.0,0.0,0.0,0.0,0.0,4.0,2.0,0.0,0.0,0.0,0.0,35.7,39.4,49.0,49,49,0.0,0.0,0.0,6.4671630859375,6.4671630859375,6.4671630859375,239.922,239.922,239.922,49,0.0,6.4671630859375,239.922,5
11776019.338689338,81.39567184448242,104959869.72259931,201305.60423453012,2096491.7665164615,13287335.51239437,13.3953125,0.0,100.0,7.1,83.5,4.1,0.0,53.2,11.1,50.0,49.0,27.8,2.0,60.4,0.0,0.0,0.0,50.0,49.0,0.0,0.0,0.0,0.0,0.0,0.0,0.0,0.0,0.0,55.7,0.0,1.0,0.0,1.0,1.0,2.0,83.5,0.0,2.0,1.0,0.0,0.0,100.0,0.0,0.0,0.0,0.0,0.0,0.0,0.0,34.0,49.5,0.0,0.0,0.0,0.0,0.0,0.0,0.0,2.0,1.0,1.0,0.0,0.0,2.0,0.0,36.4,37.0,48.0,48,48,0.0,0.0,0.0,6.4671630859375,6.4671630859375,6.4671630859375,241.964,241.964,241.964,48,0.0,6.4671630859375,241.964,5
11776020.3382152,81.39864730834961,105075397.25818428,201471.52534343247,2098146.81152188,13297825.006618164,13.984375,0.0,100.0,4.1,78.5,6.2,0.0,18.9,48.9,50.0,51.5,63.2,0.0,26.6,0.0,0.0,0.0,49.0,50.0,0.0,0.0,0.0,0.0,0.0,0.0,0.0,0.0,0.0,30.6,15.3,0.0,13.1,0.0,1.0,1.0,79.8,2.0,1.0,0.0,0.0,0.0,100.0,0.0,2.0,0.0,16.5,0.0,0.0,1.0,36.5,51.5,0.0,0.0,0.0,0.0,0.0,1.0,0.0,0.0,18.6,2.0,2.1,0.0,0.0,0.0,35.1,38.0,50.0,50,50,0.0,0.0,0.0,6.4671630859375,6.4671630859375,6.4671630859375,245.338,245.338,245.338,50,0.0,6.4671630859375,245.338,5
11776021.337904362,81.39590454101562,105090903.26957361,201438.61482097456,2097804.0776906703,13295652.79708247,13.35,0.0,100.0,4.8,78.0,5.7,0.0,32.3,34.0,50.5,48.5,50.0,0.0,37.8,0.0,0.0,0.0,49.5,50.0,0.0,0.0,0.0,0.0,0.0,0.0,0.0,1.9,1.0,0.0,8.8,1.0,5.9,30.5,16.3,0.0,78.8,1.0,1.9,1.0,0.0,0.0,100.0,0.0,1.0,0.0,0.0,0.0,0.0,0.0,35.0,50.5,0.0,0.0,0.0,0.0,0.0,0.0,0.0,0.0,1.0,1.0,1.9,0.0,0.0,0.0,36.3,38.5,50.0,50,50,0.0,0.0,0.0,6.4671630859375,6.4671630859375,6.4671630859375,231.256,231.256,231.256,50,0.0,6.4671630859375,231.256,5
11776022.337496083,81.39756393432617,105133831.91244021,201469.2556215291,2098008.5723765735,13296948.862035118,13.4453125,0.0,100.0,3.0,83.2,4.1,0.0,42.6,22.1,51.0,48.5,46.9,0.0,42.4,0.0,0.0,0.0,52.0,52.0,0.0,0.0,0.0,0.0,0.0,0.0,0.0,0.0,0.0,1.0,1.0,0.0,1.0,1.0,56.1,2.0,79.4,0.0,0.0,0.0,0.0,0.0,100.0,0.0,3.0,2.0,0.0,0.0,0.0,0.0,36.1,52.5,0.0,0.0,0.0,0.0,0.0,0.0,0.0,0.0,2.0,1.0,0.0,0.0,0.0,0.0,35.4,39.2,48.0,48,48,0.0,0.0,0.0,6.4671630859375,6.4671630859375,6.4671630859375,244.933,244.933,244.933,48,0.0,6.4671630859375,244.933,5
11776023.317140287,81.39591217041016,107307913.03428112,205578.718547443,2140728.2280465513,13567701.3672091,13.4515625,0.0,100.0,2.1,80.0,6.1,0.0,13.5,53.3,51.5,51.0,54.7,1.0,34.7,0.0,0.0,0.0,49.0,49.0,0.0,0.0,0.0,0.0,0.0,0.0,0.0,1.0,0.0,0.0,1.0,1.0,0.0,0.0,10.3,1.0,84.2,2.0,0.0,0.0,0.0,0.0,100.0,0.0,0.0,0.0,10.0,0.0,0.0,0.0,33.0,50.5,0.0,0.0,0.0,0.0,0.0,0.0,0.0,0.0,3.1,4.1,30.5,6.1,1.0,1.0,37.8,37.4,54.0,54,54,0.0,0.0,0.0,6.4671630859375,6.4671630859375,6.4671630859375,244.044,244.044,244.044,54,0.0,6.4671630859375,244.044,5
11776024.340236861,81.39683151245117,102782324.39047451,196856.2939468886,2049808.4465638807,12991461.736523034,13.090625,0.0,100.0,2.0,77.8,4.0,0.0,26.0,39.2,50.0,49.0,27.8,1.0,60.8,0.0,0.0,0.0,51.0,49.5,0.0,0.0,0.0,0.0,0.0,1.0,0.0,1.0,0.0,31.0,5.0,0.0,0.0,1.0,8.0,0.0,78.1,0.0,1.0,0.0,0.0,0.0,100.0,0.0,3.9,5.9,4.0,0.0,0.0,0.0,31.6,50.0,0.0,0.0,0.0,0.0,0.0,0.0,0.0,0.0,2.0,0.0,2.9,0.0,0.0,0.0,35.4,37.9,50.0,50,50,0.0,0.0,0.0,6.4671630859375,6.4671630859375,6.4671630859375,244.293,244.293,244.293,50,0.0,6.4671630859375,244.293,5
11776025.337904053,81.39605712890625,105434863.34011011,201873.9332172165,2102055.693283377,13322599.07168859,13.653125,0.0,100.0,2.9,78.6,4.0,0.0,37.0,28.6,51.0,50.5,41.4,2.0,47.0,0.0,0.0,1.0,50.5,50.0,0.0,0.0,0.0,0.0,0.0,0.0,0.0,0.0,0.0,0.0,1.0,41.2,0.0,1.0,6.8,8.8,85.1,1.0,1.0,1.0,0.0,0.0,100.0,0.0,2.0,1.0,15.7,0.0,0.0,0.0,35.4,50.5,0.0,0.0,0.0,0.0,0.0,0.0,0.0,0.0,2.0,1.9,0.0,1.0,0.0,0.0,35.4,37.5,49.0,49,49,0.0,0.0,0.0,6.4671630859375,6.4671630859375,6.4671630859375,230.532,230.532,230.532,49,0.0,6.4671630859375,230.532,5
11776026.327710574,81.3987922668457,106305190.6558358,203487.2427970483,2118749.426334524,13428402.125889707,13.578125,0.0,100.0,2.2,84.3,6.5,0.0,0.0,0.0,49.5,49.5,54.5,48.3,54.4,0.0,0.0,0.0,50.5,52.2,0.0,0.0,0.0,0.0,0.0,0.0,0.0,1.1,30.0,1.1,8.9,8.7,1.1,1.1,0.0,9.9,77.0,3.3,0.0,1.1,0.0,0.0,100.0,0.0,0.0,0.0,0.0,0.0,0.0,0.0,34.1,48.9,0.0,0.0,0.0,1.1,0.0,0.0,0.0,0.0,4.4,2.2,5.5,1.1,1.1,0.0,36.0,39.4,62.0,62,62,0.0,0.0,0.0,6.4671630859375,6.4671630859375,6.4671630859375,261.062,261.062,261.062,62,0.0,6.4671630859375,261.062,5
11776027.328688068,81.39474868774414,105151454.10317941,201224.30448541362,2095104.0487347108,13278540.308875266,13.2671875,0.0,100.0,3.0,77.3,5.0,0.0,0.0,0.0,51.0,50.5,37.5,44.4,69.8,0.0,0.0,0.0,51.0,49.0,0.0,0.0,0.0,0.0,0.0,0.0,0.0,0.0,0.0,0.0,1.0,54.0,0.0,0.0,0.0,0.0,82.8,1.0,2.9,0.0,0.0,0.0,100.0,0.0,0.0,0.0,0.0,1.0,1.0,0.0,34.7,51.0,0.0,0.0,0.0,0.0,0.0,0.0,1.0,0.0,1.0,2.0,1.0,0.0,0.0,1.0,37.0,38.2,63.0,63,63,0.0,0.0,0.0,6.4671630859375,6.4671630859375,6.4671630859375,257.134,257.134,257.134,63,0.0,6.4671630859375,257.134,5
11776028.32930658,81.39868927001953,105221820.06152768,201303.4914129859,2095855.6885027217,13283304.11951432,13.3015625,0.0,100.0,4.1,79.8,4.2,0.0,0.0,0.0,50.0,51.5,58.9,35.1,58.1,0.0,0.0,0.0,49.0,51.5,0.0,0.0,0.0,0.0,0.0,0.0,0.0,1.0,0.0,1.0,13.3,42.3,0.0,0.0,1.0,2.0,80.6,0.0,1.0,0.0,0.0,0.0,100.0,0.0,2.1,2.1,0.0,0.0,0.0,0.0,34.0,49.5,1.0,0.0,0.0,0.0,0.0,0.0,0.0,0.0,3.0,0.0,0.0,1.0,1.0,0.0,34.0,39.2,60.0,60,60,0.0,0.0,0.0,6.4671630859375,6.4671630859375,6.4671630859375,261.779,261.779,261.779,60,0.0,6.4671630859375,261.779,5
11776029.329422174,81.39588165283203,105307401.10730039,201412.7179193695,2096909.6100500484,13289983.759008609,13.2859375,0.0,100.0,3.0,84.0,4.9,0.0,0.0,0.0,49.5,50.0,60.2,40.8,49.0,1.0,0.0,0.0,48.5,50.5,0.0,0.0,0.0,0.0,0.0,0.0,0.0,1.0,1.9,0.0,44.4,1.0,0.0,1.0,1.0,10.9,78.6,1.0,1.0,0.0,0.0,0.0,100.0,0.0,1.0,0.0,1.0,1.0,0.0,0.0,34.0,49.5,2.0,0.0,0.0,0.0,0.0,1.0,0.0,0.0,2.0,0.0,1.0,0.0,0.0,0.0,35.4,39.2,71.0,71,71,0.0,0.0,0.0,6.4671630859375,6.4671630859375,6.4671630859375,260.284,260.284,260.284,71,0.0,6.4671630859375,260.284,5
11776030.33235524,81.36590576171875,105044159.51170114,200853.8822390875,2091018.9028433198,13252649.101028463,13.5671875,0.0,100.0,2.0,77.6,5.0,0.0,0.0,0.0,48.5,50.0,69.8,26.6,53.1,0.0,0.0,0.0,52.4,50.5,1.0,0.0,0.0,0.0,0.0,0.0,0.0,0.0,0.0,10.9,16.8,0.0,2.0,0.0,0.0,0.0,84.8,3.0,0.0,0.0,0.0,0.0,100.0,0.0,2.0,0.0,36.0,9.0,0.0,0.0,34.0,52.9,0.0,0.0,0.0,0.0,0.0,1.0,0.0,0.0,2.0,0.0,1.0,0.0,0.0,0.0,37.4,39.0,65.0,65,65,0.0,0.0,0.0,6.4671630859375,6.4671630859375,6.4671630859375,261.259,261.259,261.259,65,0.0,6.4671630859375,261.259,5
11776031.338995708,81.39741134643555,104689761.01375751,200114.1484423948,2083317.795278392,13203840.323590592,13.4078125,0.0,100.0,3.7,79.6,6.4,42.2,20.2,3.7,50.5,49.5,0.0,26.7,62.9,0.0,0.0,0.0,50.5,49.5,33.6,0.0,0.0,0.0,0.0,0.0,0.0,0.9,0.0,0.0,1.8,0.0,0.0,0.9,0.9,1.8,79.8,15.0,0.0,0.0,0.0,0.0,100.0,0.0,4.6,1.8,3.7,0.0,0.0,0.0,35.2,50.0,0.0,0.0,0.0,0.0,0.0,0.0,0.0,0.0,2.8,2.8,0.9,0.9,0.0,0.0,36.8,38.5,47.0,47,47,0.0,0.0,0.0,6.4671630859375,6.4671630859375,6.4671630859375,227.942,227.942,227.942,47,0.0,6.4671630859375,227.942,5
11776032.339953423,81.39481735229492,105316777.60618478,201257.25303192777,2095145.44904648,13278802.6995231,13.184375,0.0,100.0,2.0,78.1,4.1,20.4,50.0,0.0,51.0,49.5,0.0,25.8,63.5,1.0,0.0,0.0,50.5,49.0,0.0,0.0,0.0,0.0,0.0,0.0,0.0,1.0,1.0,0.0,0.0,1.0,0.0,0.0,0.0,0.0,78.6,56.0,0.0,0.0,0.0,0.0,100.0,0.0,0.0,1.0,0.0,0.0,0.0,0.0,33.0,50.0,0.0,0.0,0.0,0.0,0.0,0.0,0.0,0.0,1.0,0.0,2.0,0.0,0.0,0.0,36.7,37.6,48.0,48,48,0.0,0.0,0.0,6.4671630859375,6.4671630859375,6.4671630859375,242.054,242.054,242.054,48,0.0,6.4671630859375,242.054,5
11776033.341943735,81.39648056030273,105240873.7513187,201060.826082284,2092986.3027589165,13265118.26650915,13.5265625,0.0,100.0,3.1,85.4,5.2,35.1,32.6,0.0,50.0,49.5,0.0,43.3,46.8,0.0,0.0,0.0,48.5,50.5,0.0,0.0,0.0,0.0,0.0,0.0,0.0,0.0,0.0,2.0,1.0,2.0,0.0,1.0,0.0,0.0,79.8,57.0,2.0,2.0,1.0,0.0,100.0,0.0,1.0,0.0,0.0,0.0,0.0,0.0,34.4,51.0,0.0,0.0,0.0,0.0,0.0,0.0,0.0,0.0,1.0,3.0,2.0,0.0,1.0,0.0,36.5,38.0,48.0,48,48,0.0,0.0,0.0,6.4671630859375,6.4671630859375,6.4671630859375,243.732,243.732,243.732,48,0.0,6.4671630859375,243.732,5
11776034.34325442,81.39521789550781,105344952.8820088,201204.2844317745,2094406.8909437964,13274121.799048085,13.5421875,0.0,100.0,3.9,77.8,4.9,29.0,39.2,1.0,49.5,51.0,4.9,24.5,63.4,1.9,0.0,0.0,50.5,50.5,0.0,0.0,0.0,0.0,0.0,0.0,0.0,0.0,1.0,1.9,1.0,1.0,0.0,1.0,1.0,1.9,87.0,46.0,8.8,0.0,1.9,0.0,100.0,0.0,0.0,0.0,0.0,0.0,0.0,0.0,36.0,49.5,0.0,0.0,0.0,0.0,0.0,0.0,0.0,0.0,2.0,0.0,1.0,0.0,0.0,0.0,35.6,38.1,49.0,49,49,0.0,0.0,0.0,6.4671630859375,6.4671630859375,6.4671630859375,229.533,229.533,229.533,49,0.0,6.4671630859375,229.533,5
11776035.34077049,81.40042877197266,105778454.32245621,201969.67863246112,2102374.1511476915,13324617.422801288,13.759375,0.0,100.0,3.2,77.4,36.0,1.1,11.8,3.2,50.5,50.0,27.5,41.8,44.6,0.0,1.1,0.0,52.1,50.5,0.0,0.0,0.0,0.0,0.0,0.0,0.0,2.1,0.0,0.0,2.1,0.0,1.0,0.0,0.0,0.0,77.8,55.9,1.1,1.1,0.0,0.0,100.0,0.0,3.2,2.1,16.8,0.0,0.0,0.0,35.9,52.1,0.0,0.0,0.0,0.0,0.0,0.0,1.0,0.0,1.1,0.0,1.1,0.0,0.0,0.0,36.6,38.8,59.0,59,59,0.0,0.0,0.0,6.4671630859375,6.4671630859375,6.4671630859375,244.333,244.333,244.333,59,0.0,6.4671630859375,244.333,5
11776036.32801368,81.39446640014648,106912258.32249722,204078.3891523085,2124250.661211277,13463268.350841004,13.396875,0.0,100.0,2.1,84.0,1.0,0.0,0.0,0.0,51.0,49.5,46.7,68.5,43.2,0.0,0.0,0.0,48.4,49.5,0.0,0.0,0.0,0.0,0.0,0.0,0.0,0.0,0.0,1.0,2.0,0.0,0.0,1.0,1.0,0.0,84.4,12.4,0.0,0.0,0.0,0.0,100.0,0.0,2.1,0.0,1.0,0.0,0.0,0.0,35.8,48.4,0.0,0.0,0.0,0.0,0.0,0.0,0.0,0.0,1.1,24.2,0.0,25.5,0.0,0.0,35.8,37.8,62.0,62,62,0.0,0.0,0.0,6.4671630859375,6.4671630859375,6.4671630859375,259.662,259.662,259.662,62,0.0,6.4671630859375,259.662,5
11776037.308508951,81.39934539794922,107681384.28981131,205493.08711075824,2138870.082738173,13555924.645479243,13.09375,0.0,100.0,4.1,78.5,0.0,0.0,0.0,0.0,49.5,50.0,58.5,44.7,53.2,1.0,0.0,0.0,51.0,49.5,0.0,0.0,0.0,0.0,0.0,0.0,0.0,0.0,2.0,0.0,0.0,0.0,0.0,40.2,0.0,1.0,77.7,0.0,1.0,0.0,0.0,0.0,100.0,0.0,2.1,0.0,0.0,0.0,0.0,0.0,34.0,49.5,0.0,0.0,0.0,0.0,0.0,1.0,0.0,0.0,1.0,1.0,0.0,12.4,0.0,1.0,36.1,38.0,60.0,60,60,0.0,0.0,0.0,6.4671630859375,6.4671630859375,6.4671630859375,262.654,262.654,262.654,60,0.0,6.4671630859375,262.654,5
11776038.329130135,81.39419555664062,103479887.17930739,197426.8250625861,2054780.002946196,13022970.917110167,13.3828125,0.0,100.0,3.0,78.4,5.8,0.0,0.0,0.0,48.0,50.5,56.2,47.5,48.0,0.0,0.0,0.0,50.0,49.0,0.0,0.0,0.0,0.0,0.0,0.0,0.0,2.0,46.9,7.9,0.0,0.0,0.0,1.0,0.0,2.0,84.5,2.0,0.0,0.0,0.0,0.0,100.0,0.0,0.0,1.0,1.0,0.0,1.0,0.0,34.7,51.0,0.0,0.0,0.0,0.0,0.0,0.0,0.0,0.0,3.0,3.0,2.0,0.0,0.0,1.0,37.6,38.5,66.0,66,66,0.0,0.0,0.0,6.4671630859375,6.4671630859375,6.4671630859375,262.539,262.539,262.539,66,0.0,6.4671630859375,262.539,5
11776039.335096175,81.39937973022461,105019887.21775639,200309.94299300574,2084714.5111419964,13212692.555968316,13.203125,0.0,100.0,2.8,79.6,18.4,11.4,4.8,0.0,51.4,50.9,65.1,30.8,22.1,0.0,0.9,0.0,49.5,48.6,0.9,0.0,0.0,0.0,0.0,0.0,0.0,0.0,13.1,1.9,0.9,0.9,0.0,0.0,1.9,0.0,78.6,0.9,0.0,0.9,0.0,0.0,100.0,0.0,4.8,1.9,0.0,0.9,0.0,0.0,35.0,47.2,0.0,0.0,0.0,0.0,0.0,0.0,0.0,0.0,1.9,8.5,24.5,8.6,0.9,0.0,36.5,38.0,48.0,48,48,0.0,0.0,0.0,6.4671630859375,6.4671630859375,6.4671630859375,255.48,255.48,255.48,48,0.0,6.4671630859375,255.48,5
11776040.342560183,81.39837265014648,104896154.2231419,200012.10794503556,2081614.8095637686,13193046.98639537,13.640625,0.0,100.0,2.9,86.1,10.7,36.4,30.0,0.0,50.0,50.0,44.4,45.0,0.0,1.0,0.0,0.0,50.5,50.0,0.0,0.0,0.0,0.0,0.0,0.0,0.0,1.0,1.0,0.0,1.0,0.0,1.0,1.9,0.0,0.0,82.0,30.4,1.9,1.0,0.0,0.0,100.0,0.0,1.0,1.0,0.0,0.0,0.0,0.0,34.3,53.3,0.0,0.0,0.0,0.0,1.0,1.0,0.0,0.0,24.0,1.0,1.0,1.0,0.0,0.0,35.6,40.6,56.0,56,56,0.0,0.0,0.0,6.4671630859375,6.4671630859375,6.4671630859375,228.984,228.984,228.984,56,0.0,6.4671630859375,228.984,5
11776041.339588314,81.3998031616211,106026870.96696997,202118.6702026259,2103403.038203919,13331138.396429135,13.3625,0.0,100.0,16.0,78.4,16.2,36.8,13.1,30.2,49.5,51.0,25.3,52.1,13.3,0.0,0.0,0.0,49.5,51.0,0.0,0.0,0.0,0.0,0.0,0.0,0.0,0.0,0.0,1.0,3.0,18.8,0.0,0.0,1.0,2.0,78.1,0.0,0.0,1.0,0.0,0.0,100.0,0.0,1.0,2.0,0.0,0.0,0.0,0.0,35.1,48.0,0.0,0.0,0.0,0.0,1.0,0.0,0.0,0.0,5.9,1.0,0.0,0.0,0.0,0.0,35.1,38.8,57.0,57,57,0.0,0.0,0.0,6.4671630859375,6.4671630859375,6.4671630859375,245.903,245.903,245.903,57,0.0,6.4671630859375,245.903,5
11776042.341315148,81.39762496948242,105562154.67127839,201180.5944884819,2093536.8092409433,13268607.316380588,13.403125,0.0,100.0,2.1,76.6,5.2,30.4,0.0,35.2,50.5,49.5,1.0,24.0,66.7,0.0,0.0,0.0,49.5,48.4,0.0,0.0,0.0,0.0,0.0,0.0,0.0,1.0,2.0,0.0,1.0,54.2,1.0,1.0,0.0,0.0,85.4,6.3,1.0,0.0,0.0,0.0,100.0,0.0,1.0,2.1,0.0,1.0,0.0,0.0,33.3,50.5,0.0,0.0,0.0,0.0,0.0,0.0,1.0,0.0,1.0,3.1,0.0,0.0,0.0,0.0,35.4,37.4,50.0,50,50,0.0,0.0,0.0,6.4671630859375,6.4671630859375,6.4671630859375,243.995,243.995,243.995,50,0.0,6.4671630859375,243.995,5
11776043.329641849,81.40058135986328,107026497.3684619,203915.36514956015,2121921.829231302,13448508.468467917,13.6921875,0.0,100.0,6.4,84.6,7.4,8.4,3.1,25.3,50.0,50.5,33.0,45.6,46.2,1.1,0.0,0.0,50.0,49.5,0.0,0.0,1.1,0.0,0.0,0.0,0.0,1.1,2.2,1.1,0.0,17.0,17.2,1.1,20.2,1.1,76.7,4.2,1.1,0.0,0.0,0.0,100.0,0.0,1.1,4.3,0.0,0.0,0.0,0.0,35.5,47.8,0.0,1.1,2.1,0.0,2.1,0.0,1.1,1.1,1.1,0.0,0.0,1.1,0.0,0.0,35.2,37.5,64.0,64,64,0.0,0.0,0.0,6.4671630859375,6.4671630859375,6.4671630859375,237.118,237.118,237.118,64,0.0,6.4671630859375,237.118,5
11776044.32981288,81.40274429321289,105791761.24434319,201500.53699987306,2096793.3816476434,13289247.116106646,13.4828125,0.0,100.0,6.0,78.1,2.0,5.0,1.0,0.0,49.0,50.0,75.3,37.5,39.4,0.0,0.0,0.0,49.5,51.5,0.0,0.0,0.0,0.0,0.0,0.0,0.0,0.0,1.0,0.0,0.0,0.0,2.0,19.2,34.0,0.0,84.5,4.0,1.0,0.0,0.0,0.0,100.0,0.0,2.0,0.0,0.0,0.0,1.0,0.0,36.1,50.5,0.0,2.0,0.0,1.0,1.0,3.0,0.0,1.0,0.0,0.0,0.0,0.0,0.0,0.0,37.4,37.9,63.0,63,63,0.0,0.0,0.0,6.4671630859375,6.4671630859375,6.4671630859375,257.534,257.534,257.534,63,0.0,6.4671630859375,257.534,5
11776045.341570375,81.43465805053711,104612590.99678874,199199.90810006854,2072781.2846546872,13137061.071688397,13.3171875,0.0,100.0,2.8,79.8,0.0,3.7,16.0,25.5,52.3,49.5,50.5,42.9,15.6,0.0,0.0,0.0,49.5,48.6,0.0,0.0,0.0,0.0,0.0,0.0,0.0,0.9,0.0,1.8,0.9,1.8,0.0,54.2,0.9,0.9,81.7,1.8,0.0,0.0,0.0,0.0,100.0,0.0,0.0,0.9,0.0,0.0,0.0,0.0,34.9,51.4,1.8,0.0,0.0,0.0,1.9,0.9,0.9,0.9,0.9,0.9,0.0,0.0,0.0,0.0,35.5,39.8,57.0,57,57,0.0,0.0,0.0,6.4671630859375,6.4671630859375,6.4671630859375,251.103,251.103,251.103,57,0.0,6.4671630859375,251.103,5
11776046.342087839,81.3967514038086,105820529.75824101,201444.75972753638,2096067.3620415998,13284645.683251936,13.5453125,0.0,100.0,1.0,78.6,18.2,4.0,27.6,41.1,51.0,51.5,38.8,49.5,0.0,0.0,0.0,0.0,50.0,50.5,0.0,0.0,0.0,0.0,0.0,0.0,0.0,1.0,1.0,1.0,3.0,3.0,47.0,6.9,0.0,1.0,78.1,0.0,1.0,0.0,0.0,0.0,100.0,0.0,0.0,0.0,0.0,0.0,0.0,0.0,34.4,48.4,0.0,1.0,0.0,0.0,0.0,2.0,1.0,0.0,1.0,0.0,0.0,0.0,0.0,0.0,35.7,38.6,55.0,55,55,0.0,0.0,0.0,6.4671630859375,6.4671630859375,6.4671630859375,240.646,240.646,240.646,55,0.0,6.4671630859375,240.646,5
11776047.34155567,81.39416122436523,105964394.95497319,201664.3194780588,2098268.633300009,13298597.099723693,13.325,0.0,100.0,6.0,82.3,1.0,7.1,15.6,54.3,48.0,49.5,40.2,27.1,20.8,0.0,0.0,0.0,49.5,48.5,0.0,0.0,0.0,0.0,0.0,0.0,0.0,0.0,0.0,19.4,10.0,0.0,27.0,0.0,1.0,0.0,84.5,1.0,0.0,0.0,0.0,0.0,100.0,0.0,2.0,0.0,0.0,0.0,0.0,0.0,34.3,48.5,1.0,0.0,0.0,0.0,0.0,0.0,0.0,0.0,0.0,0.0,0.0,0.0,0.0,0.0,35.4,38.8,61.0,61,61,0.0,0.0,0.0,6.4671630859375,6.4671630859375,6.4671630859375,243.542,243.542,243.542,61,0.0,6.4671630859375,243.542,5
11776048.341463065,81.3972282409668,105950523.56188981,201575.66694061697,2097346.225017483,13292750.976917444,13.260937499999999,0.0,100.0,2.0,80.6,2.0,4.0,25.8,42.3,49.5,50.5,46.9,18.8,25.3,0.0,0.0,0.0,51.0,48.5,0.0,0.0,0.0,0.0,0.0,0.0,0.0,0.0,0.0,3.0,6.9,1.0,45.5,0.0,0.0,2.0,79.6,1.0,1.0,0.0,0.0,0.0,100.0,0.0,0.0,0.0,0.0,0.0,0.0,0.0,36.1,49.0,0.0,0.0,0.0,0.0,0.0,0.0,1.0,0.0,0.0,0.0,0.0,0.0,0.0,0.0,36.6,38.8,56.0,56,56,0.0,0.0,0.0,6.4671630859375,6.4671630859375,6.4671630859375,229.256,229.256,229.256,56,0.0,6.4671630859375,229.256,5
11776049.343584068,81.39486694335938,105749140.71884094,201145.3699974735,2092713.34798951,13263388.309035078,13.321875,0.0,100.0,3.0,77.3,1.0,5.0,34.7,33.3,50.0,50.5,63.9,25.0,0.0,0.0,0.0,0.0,50.0,51.5,0.0,0.0,0.0,0.0,0.0,0.0,0.0,2.0,0.0,14.0,0.0,0.0,42.9,2.0,0.0,0.0,78.4,1.0,2.0,1.0,0.0,0.0,100.0,0.0,1.0,0.0,1.0,1.0,0.0,0.0,34.3,49.5,0.0,1.0,1.0,0.0,1.0,1.0,0.0,0.0,0.0,1.0,1.0,0.0,0.0,0.0,34.7,36.6,55.0,55,55,0.0,0.0,0.0,6.4671630859375,6.4671630859375,6.4671630859375,244.022,244.022,244.022,55,0.0,6.4671630859375,244.022,5
11776050.320906255,81.39421844482422,108465915.72386457,206260.5378499827,2145814.376575242,13599936.820286443,13.571875,0.0,100.0,3.4,83.9,0.0,5.6,10.1,20.9,47.2,48.9,69.0,37.9,19.3,0.0,0.0,0.0,47.7,48.9,0.0,0.0,0.0,0.0,0.0,0.0,0.0,0.0,1.1,33.0,0.0,2.2,21.1,0.0,1.1,1.1,83.7,1.1,0.0,0.0,1.1,0.0,100.0,0.0,1.1,3.3,1.1,0.0,0.0,0.0,33.7,50.5,0.0,0.0,1.1,0.0,0.0,0.0,2.2,0.0,3.3,9.0,2.2,0.0,0.0,0.0,34.8,38.0,70.0,70,70,0.0,0.0,0.0,6.4671630859375,6.4671630859375,6.4671630859375,248.367,248.367,248.367,70,0.0,6.4671630859375,248.367,5
11776051.332157392,81.39429473876953,104859077.19240636,199347.1183287908,2073819.1770299135,13143639.120043105,13.209375,0.0,100.0,3.0,78.4,17.2,5.0,0.0,0.0,51.0,50.0,38.8,45.2,67.3,0.0,0.0,0.0,49.5,49.5,0.0,0.0,0.0,0.0,0.0,0.0,0.0,0.0,2.0,39.0,1.0,2.0,0.0,3.0,0.0,0.0,78.4,8.0,0.0,0.0,0.0,0.0,100.0,0.0,0.0,0.0,0.0,0.0,0.0,0.0,35.1,48.0,0.0,0.0,0.0,0.0,1.0,0.0,0.0,0.0,0.0,0.0,1.0,0.0,0.0,0.0,35.7,36.3,67.0,67,67,0.0,0.0,0.0,6.4671630859375,6.4671630859375,6.4671630859375,262.513,262.513,262.513,67,0.0,6.4671630859375,262.513,5
11776052.333005125,81.39755630493164,105981736.82157774,201427.24354939547,2095375.6816243308,13284354.419048004,13.2015625,0.0,100.0,3.0,78.6,2.9,5.9,0.0,0.0,49.0,50.0,38.1,74.2,37.9,2.0,1.0,0.0,49.0,48.0,0.0,0.0,0.0,0.0,0.0,0.0,0.0,1.9,0.0,0.0,2.0,1.0,0.0,1.0,1.9,1.0,78.6,53.5,1.0,0.0,0.0,0.0,100.0,0.0,1.0,0.0,0.0,1.0,0.0,0.0,35.4,49.0,0.0,0.0,0.0,0.0,0.0,1.0,0.0,0.0,0.0,0.0,1.9,0.0,0.0,0.0,36.0,38.1,75.0,75,75,0.0,0.0,0.0,6.4671630859375,6.4671630859375,6.4671630859375,258.055,258.055,258.055,75,0.0,6.4671630859375,258.055,5
11776053.335113928,81.396728515625,105886486.25811525,201182.74521952492,2092738.8260458077,13267637.16668885,13.6484375,0.0,100.0,2.0,84.7,16.8,1.0,1.0,0.0,49.0,50.0,38.1,61.6,51.6,0.0,0.0,0.0,50.0,51.5,0.0,0.0,0.0,0.0,0.0,0.0,0.0,0.0,1.0,1.0,1.0,0.0,1.0,1.0,1.0,1.0,85.9,54.5,3.0,1.0,0.0,0.0,100.0,0.0,2.9,2.0,0.0,0.0,0.0,0.0,34.4,49.5,0.0,2.0,0.0,0.0,1.0,0.0,0.0,0.0,0.0,0.0,0.0,0.0,1.0,0.0,34.7,37.3,61.0,61,61,0.0,0.0,0.0,6.4671630859375,6.4671630859375,6.4671630859375,246.045,246.045,246.045,61,0.0,6.4671630859375,246.045,5
11776054.330960896,81.39981842041016,106585144.50046779,202451.78872785484,2105897.8609014302,13351063.391574303,13.1359375,0.0,100.0,4.0,78.4,6.0,0.0,0.0,0.0,49.0,49.5,29.6,64.6,59.8,0.0,1.0,0.0,50.0,48.5,0.0,0.0,0.0,0.0,0.0,0.0,0.0,1.0,1.0,2.0,0.0,1.0,0.0,1.0,1.0,0.0,78.4,1.0,31.3,0.0,0.0,0.0,100.0,0.0,1.0,21.4,1.0,0.0,0.0,0.0,34.4,48.5,0.0,0.0,0.0,0.0,0.0,1.0,0.0,0.0,2.0,0.0,0.0,0.0,0.0,0.0,35.1,38.2,61.0,61,61,0.0,0.0,0.0,6.4671630859375,6.4671630859375,6.4671630859375,262.113,262.113,262.113,61,0.0,6.4671630859375,262.113,5
11776055.329557918,81.39642333984375,106324378.7487262,201902.26440563626,2100098.3915345725,13314295.661955511,13.3953125,0.0,100.0,2.0,78.1,0.0,1.0,5.9,0.0,51.0,50.0,39.4,68.7,45.3,0.0,0.0,0.0,51.0,51.5,0.0,0.0,0.0,0.0,0.0,0.0,0.0,0.0,20.2,0.0,1.0,0.0,0.0,1.0,0.0,2.0,82.5,3.0,0.0,0.0,0.0,0.0,100.0,1.0,2.0,23.0,13.3,0.0,0.0,0.0,35.7,50.5,0.0,0.0,0.0,1.0,1.0,0.0,0.0,0.0,1.0,3.0,0.0,0.0,0.0,0.0,34.0,38.2,61.0,61,61,0.0,0.0,0.0,6.4671630859375,6.4671630859375,6.4671630859375,258.21,258.21,258.21,61,0.0,6.4671630859375,258.21,5
11776056.329830611,81.39742660522461,106178968.7265367,201572.03269501295,2096580.2769986747,13291991.365503317,13.490625,0.0,100.0,2.0,78.1,23.5,1.0,0.0,0.0,48.0,49.0,52.1,37.5,61.9,2.0,0.0,0.0,49.0,49.0,0.0,0.0,0.0,0.0,0.0,0.0,0.0,1.0,55.0,1.0,0.0,1.0,1.0,0.0,1.0,0.0,81.6,0.0,0.0,0.0,0.0,0.0,100.0,0.0,0.0,2.0,0.0,0.0,0.0,0.0,37.0,49.0,0.0,0.0,0.0,2.0,1.0,1.0,0.0,3.0,0.0,0.0,0.0,0.0,0.0,0.0,36.4,37.3,60.0,60,60,0.0,0.0,0.0,6.4671630859375,6.4671630859375,6.4671630859375,258.085,258.085,258.085,60,0.0,6.4671630859375,258.085,5
11776057.312570635,81.39582061767578,108106554.52522781,205176.33865954675,2133984.521400281,13529128.430596316,13.346875,0.0,100.0,4.0,84.5,5.1,2.0,0.0,0.0,50.0,47.4,77.7,40.2,36.5,1.0,0.0,0.0,49.5,49.5,0.0,0.0,0.0,0.0,0.0,1.0,0.0,1.0,57.1,0.0,0.0,0.0,0.0,1.0,0.0,2.0,77.4,1.0,1.0,0.0,0.0,0.0,100.0,0.0,0.0,0.0,0.0,1.0,0.0,0.0,34.0,50.5,0.0,1.0,0.0,0.0,1.0,2.0,0.0,1.0,0.0,0.0,0.0,1.0,0.0,0.0,35.8,38.0,62.0,62,62,0.0,0.0,0.0,6.4671630859375,6.4671630859375,6.4671630859375,263.052,263.052,263.052,62,0.0,6.4671630859375,263.052,5
11776058.331034036,81.39790344238281,104349454.17059031,197988.45965155397,2059133.3941757537,13054583.979481438,13.340625,0.0,100.0,32.0,80.6,9.5,0.9,0.0,11.4,49.0,49.5,40.0,52.0,14.3,0.0,0.0,0.0,50.0,52.3,0.0,0.0,0.0,0.0,0.0,0.0,0.0,0.0,56.2,1.9,0.9,0.9,0.0,0.0,0.9,1.0,79.8,0.0,2.8,0.9,0.0,0.0,100.0,0.0,1.9,0.0,0.9,0.0,0.0,0.0,35.0,49.5,0.0,0.0,0.0,0.0,0.0,0.0,0.0,0.0,0.9,0.0,0.0,7.5,0.0,0.0,33.3,38.0,50.0,50,50,0.0,0.0,0.0,6.4671630859375,6.4671630859375,6.4671630859375,252.828,252.828,252.828,50,0.0,6.4671630859375,252.828,5
11776059.34192101,81.41287231445312,105166613.93773678,199480.2637998398,2074566.253686359,13152425.897394378,13.9375,0.0,100.0,20.8,78.8,8.9,1.0,38.6,31.0,51.5,48.5,29.6,35.4,1.0,1.0,0.0,0.0,51.0,51.0,0.0,0.0,0.0,0.0,0.0,0.0,0.0,1.0,11.4,3.9,1.9,1.0,1.0,4.9,0.0,1.9,85.9,1.0,0.0,0.0,0.0,0.0,100.0,0.0,2.9,0.0,0.0,0.0,1.0,0.0,35.4,50.0,0.0,0.0,0.0,14.6,1.9,1.9,0.0,0.0,2.9,5.9,24.5,0.0,13.7,0.0,36.3,39.0,57.0,57,57,0.0,0.0,0.0,6.4671630859375,6.4671630859375,6.4671630859375,227.359,227.359,227.359,57,0.0,6.4671630859375,227.359,5
11776060.341795731,81.39213180541992,106357592.2438345,201677.26568162296,2097414.7594804266,13297281.854049735,13.16875,0.0,100.0,2.0,77.3,1.0,5.9,36.7,51.5,49.0,48.5,20.2,35.4,11.2,0.0,0.0,0.0,48.0,49.0,0.0,0.0,0.0,0.0,0.0,0.0,0.0,1.0,0.0,0.0,0.0,2.0,1.0,1.0,2.0,1.0,77.8,0.0,0.0,0.0,0.0,0.0,100.0,0.0,3.0,9.0,1.0,0.0,0.0,1.0,34.0,50.5,0.0,0.0,0.0,0.0,0.0,0.0,0.0,1.0,1.0,46.5,1.0,1.0,1.0,0.0,34.0,37.3,57.0,57,57,0.0,0.0,0.0,6.4671630859375,6.4671630859375,6.4671630859375,242.342,242.342,242.342,57,0.0,6.4671630859375,242.342,5
11776061.330997653,81.3975601196289,107538188.7534015,203860.2994204319,2120044.4049120424,13440750.270204082,13.734375,0.0,100.0,12.8,84.9,11.6,12.6,46.7,41.3,49.5,50.5,35.2,0.0,14.9,0.0,0.0,0.0,50.0,52.1,1.0,0.0,0.0,0.0,0.0,0.0,0.0,0.0,7.4,1.0,21.3,0.0,1.0,1.0,0.0,0.0,80.6,0.0,0.0,0.0,0.0,0.0,100.0,0.0,32.3,2.1,4.2,2.1,1.1,0.0,36.6,49.5,0.0,0.0,0.0,0.0,0.0,0.0,0.0,0.0,0.0,1.0,0.0,0.0,0.0,0.0,37.2,37.5,63.0,63,63,0.0,0.0,0.0,6.4671630859375,6.4671630859375,6.4671630859375,247.721,247.721,247.721,63,0.0,6.4671630859375,247.721,5
11776062.341195649,81.39874649047852,105335488.19379148,199632.1522633528,2075981.154091848,13161396.144886991,13.3046875,0.0,100.0,4.0,78.4,0.0,0.0,21.4,68.4,49.0,49.5,23.7,44.2,0.0,0.0,0.0,0.0,50.0,48.5,13.9,44.0,1.0,0.0,0.0,0.0,0.0,0.0,0.0,0.0,1.0,1.0,0.0,0.0,1.0,1.0,82.5,0.0,0.0,0.0,0.0,0.0,100.0,0.0,2.0,1.0,1.0,1.0,0.0,0.0,34.0,50.5,0.0,0.0,0.0,0.0,0.0,0.0,0.0,0.0,2.0,2.0,0.0,2.0,0.0,0.0,35.0,38.5,72.0,72,72,0.0,0.0,0.0,6.4671630859375,6.4671630859375,6.4671630859375,245.881,245.881,245.881,72,0.0,6.4671630859375,245.881,5
11776063.34128401,81.39817810058594,106433002.36457215,201650.18178195218,2096966.7077790454,13294441.276271058,13.2140625,0.0,100.0,2.9,79.2,0.0,0.0,59.0,29.7,49.5,49.5,4.8,25.0,39.8,0.0,0.0,0.0,49.5,51.5,16.8,17.1,0.0,0.0,0.0,0.0,0.0,1.9,0.0,1.0,1.0,0.0,1.0,0.0,0.0,1.0,79.0,1.0,0.0,0.0,0.0,0.0,100.0,0.0,1.9,1.0,0.0,0.0,1.0,0.0,34.7,50.5,0.0,1.0,0.0,16.3,4.0,0.0,0.0,0.0,1.0,0.0,0.0,0.0,0.0,0.0,36.0,38.1,58.0,58,58,0.0,0.0,0.0,6.4671630859375,6.4671630859375,6.4671630859375,231.322,231.322,231.322,58,0.0,6.4671630859375,231.322,5
11776064.342581293,81.39316940307617,106339912.14024802,201415.7070176867,2094434.9271535957,13278390.18269643,13.4640625,0.0,100.0,3.0,81.4,1.0,0.0,32.3,57.7,50.5,48.5,15.2,6.9,55.3,0.0,0.0,0.0,48.5,49.0,0.0,0.0,0.0,0.0,0.0,0.0,0.0,0.0,1.0,0.0,0.0,1.0,1.0,1.0,1.0,0.0,83.5,2.0,1.0,0.0,0.0,0.0,100.0,0.0,2.0,2.0,0.0,0.0,0.0,0.0,34.4,49.0,0.0,0.0,0.0,22.0,36.0,0.0,0.0,0.0,2.0,0.0,0.0,0.0,0.0,0.0,34.7,38.8,56.0,56,56,0.0,0.0,0.0,6.4671630859375,6.4671630859375,6.4671630859375,247.245,247.245,247.245,56,0.0,6.4671630859375,247.245,5
11776065.330778254,81.46232604980469,107782741.84279951,204093.92847877534,2122200.413006027,13454419.024643682,14.3015625,0.0,100.0,3.2,81.7,1.0,1.0,45.7,44.7,51.0,49.5,11.5,13.5,50.5,1.0,0.0,0.0,51.1,51.6,2.1,3.1,0.0,0.0,1.0,2.1,0.0,2.1,1.0,3.0,1.0,1.0,3.1,1.0,7.4,26.5,81.5,1.1,0.0,0.0,0.0,0.0,100.0,0.0,3.1,0.0,2.0,1.0,0.0,0.0,37.9,52.1,2.1,0.0,1.0,4.2,24.0,6.1,2.1,1.1,2.1,1.1,3.1,1.0,1.0,0.0,37.5,38.8,49.0,49,49,0.0,0.0,0.0,6.4671630859375,6.4671630859375,6.4671630859375,245.303,245.303,245.303,49,0.0,6.4671630859375,245.303,5
11776066.34426984,81.39398956298828,105127696.6552872,199008.06559799972,2069234.7418352463,13118624.94530705,13.7375,0.0,100.0,3.9,77.8,1.0,0.0,54.5,33.3,50.5,51.0,19.0,7.8,45.7,0.0,0.0,0.0,49.5,48.6,0.0,0.0,0.0,0.0,0.0,0.0,0.0,1.9,18.3,0.0,0.0,1.9,0.0,1.0,1.0,58.4,79.0,1.0,1.0,0.0,0.0,0.0,100.0,0.0,0.0,0.0,0.0,0.0,0.0,0.0,34.3,51.0,0.0,1.0,0.0,0.0,0.0,0.0,1.0,0.0,7.8,2.9,2.0,1.0,0.0,0.0,35.0,37.1,56.0,56,56,0.0,0.0,0.0,6.4671630859375,6.4671630859375,6.4671630859375,243.356,243.356,243.356,56,0.0,6.4671630859375,243.356,5
11776067.34267178,81.39637756347656,106749311.8192378,202016.8350498988,2100508.7392712,13320999.758620284,13.4125,0.0,100.0,3.0,78.4,1.0,1.0,40.0,49.5,50.0,48.0,16.2,4.0,52.1,0.0,0.0,0.0,51.0,51.0,0.0,0.0,0.0,0.0,0.0,1.0,0.0,0.0,0.0,0.0,2.0,0.0,2.0,2.0,30.7,26.7,79.6,2.0,1.0,0.0,0.0,0.0,100.0,0.0,0.0,0.0,0.0,0.0,0.0,0.0,34.4,51.5,1.0,0.0,0.0,0.0,0.0,2.0,0.0,1.0,0.0,0.0,0.0,2.0,0.0,0.0,36.4,37.9,58.0,58,58,0.0,0.0,0.0,6.4671630859375,6.4671630859375,6.4671630859375,232.739,232.739,232.739,58,0.0,6.4671630859375,232.739,5
11776068.344499804,81.39484024047852,106416879.37306535,201333.9566622195,2093325.3506761806,13275444.167276481,13.4890625,0.0,100.0,20.4,84.7,0.0,0.0,22.7,45.7,50.0,49.5,55.6,5.0,11.6,0.0,0.0,0.0,49.5,51.0,1.0,0.0,0.0,0.0,0.0,0.0,0.0,0.0,0.0,40.8,2.0,10.1,0.0,0.0,4.0,4.0,84.4,1.0,1.0,0.0,0.0,0.0,100.0,0.0,1.0,1.0,0.0,0.0,0.0,0.0,35.4,50.5,1.0,1.0,0.0,0.0,0.0,0.0,0.0,1.0,0.0,2.0,2.0,0.0,0.0,0.0,35.4,39.0,55.0,55,55,0.0,0.0,0.0,6.4671630859375,6.4671630859375,6.4671630859375,241.84,241.84,241.84,55,0.0,6.4671630859375,241.84,5
11776069.342348196,81.39659881591797,106876801.030033,202144.93675750928,2101673.9795294437,13328389.47564864,13.3125,0.0,100.0,48.5,77.9,3.1,3.1,0.0,43.2,49.0,51.0,26.3,9.2,41.5,0.0,0.0,0.0,48.9,48.5,0.0,0.0,0.0,0.0,0.0,0.0,0.0,1.0,0.0,0.0,0.0,0.0,1.0,0.0,54.3,0.0,76.6,1.0,0.0,0.0,0.0,0.0,100.0,0.0,1.0,1.0,0.0,0.0,0.0,0.0,34.7,49.0,0.0,0.0,0.0,0.0,0.0,0.0,0.0,0.0,2.1,2.0,1.0,0.0,0.0,0.0,36.5,40.6,53.0,53,53,0.0,0.0,0.0,6.4671630859375,6.4671630859375,6.4671630859375,247.355,247.355,247.355,53,0.0,6.4671630859375,247.355,5
11776070.34362816,81.39501190185547,106543147.49562716,201459.1393440331,2094471.1501441014,13282710.594761517,13.5234375,0.0,100.0,54.1,78.6,2.9,1.0,1.0,35.6,51.5,51.0,24.2,4.9,41.8,0.0,0.0,0.0,51.0,49.5,0.0,0.0,0.0,0.0,0.0,0.0,0.0,1.0,6.8,1.0,1.9,16.7,0.0,1.0,28.8,1.9,86.1,1.0,1.0,0.0,0.0,0.0,100.0,0.0,0.0,0.0,0.0,0.0,0.0,0.0,36.0,49.0,0.0,0.0,0.0,0.0,0.0,0.0,0.0,0.0,2.0,1.0,7.8,0.0,0.0,0.0,36.0,39.4,56.0,56,56,0.0,0.0,0.0,6.4671630859375,6.4671630859375,6.4671630859375,233.729,233.729,233.729,56,0.0,6.4671630859375,233.729,5
11776071.34288954,81.42914581298828,106793724.06142195,201867.10323281653,2098702.1449692524,13309542.704521801,15.4203125,0.0,79.2,58.9,78.1,7.0,0.0,2.0,36.1,51.0,49.0,29.9,5.0,38.3,0.0,0.0,0.0,49.0,48.5,1.0,0.0,0.0,0.0,0.0,0.0,0.0,0.0,8.9,1.0,0.0,0.0,0.0,0.0,0.0,0.0,78.4,0.0,1.0,0.0,0.0,0.0,79.2,20.2,42.0,22.0,20.8,21.8,21.0,0.0,36.1,50.5,0.0,0.0,0.0,0.0,0.0,0.0,0.0,0.0,2.0,2.0,48.0,3.0,0.0,0.0,36.4,38.8,57.0,57,57,0.0,0.0,0.0,6.4671630859375,6.4671630859375,6.4671630859375,241.6,241.6,241.6,57,0.0,6.4671630859375,241.6,5
11776072.326335788,81.39532852172852,108544269.93908577,205131.69930310195,2132452.0832022983,13594382.030414652,13.7515625,0.0,100.0,59.4,85.4,28.7,11.2,2.0,54.2,51.5,49.0,35.1,1.0,32.6,0.0,0.0,0.0,52.6,52.1,0.0,0.0,0.0,0.0,0.0,0.0,0.0,1.0,10.1,1.0,0.0,2.0,1.0,0.0,1.0,1.0,77.7,1.0,0.0,0.0,0.0,0.0,0.0,0.0,100.0,0.0,0.0,0.0,0.0,0.0,34.7,51.5,1.0,0.0,0.0,0.0,0.0,0.0,1.0,0.0,3.0,0.0,1.0,0.0,1.0,0.0,36.1,40.2,54.0,54,54,0.0,0.0,0.0,6.4671630859375,6.4671630859375,6.4671630859375,241.425,241.425,241.425,54,0.0,6.4671630859375,241.425,5
11776073.342392476,81.41453170776367,105092657.9277614,198554.86636021227,2064010.8211786873,13158068.985014131,13.4578125,0.0,100.0,3.0,77.6,32.3,43.3,13.1,9.0,50.0,49.5,12.1,10.1,56.2,0.0,0.0,0.0,49.0,50.5,2.0,0.0,0.0,0.0,0.0,0.0,0.0,0.0,1.0,1.0,1.0,0.0,0.0,1.0,0.0,1.0,82.7,28.4,16.0,0.0,0.0,0.0,0.0,0.0,100.0,1.0,0.0,1.0,0.0,0.0,35.7,50.5,0.0,0.0,1.0,0.0,0.0,1.0,4.0,0.0,1.0,1.0,1.0,0.0,0.0,0.0,36.4,37.9,56.0,56,56,0.0,0.0,0.0,6.4671630859375,6.4671630859375,6.4671630859375,240.321,240.321,240.321,56,0.0,6.4671630859375,240.321,5
11776074.34422629,81.39509582519531,106619923.96911576,201375.71454342824,2093313.254386377,13344871.996713154,13.353125,0.0,100.0,3.0,78.6,1.0,28.9,59.8,8.9,47.0,47.0,1.0,45.2,22.2,0.0,0.0,1.0,48.5,48.5,3.0,4.0,0.0,0.0,0.0,0.0,0.0,1.0,0.0,1.0,0.0,2.9,1.0,0.0,0.0,0.0,81.4,0.0,22.5,1.0,0.0,1.0,36.3,0.0,100.0,1.0,0.0,0.0,0.0,0.0,34.7,49.5,1.0,1.0,0.0,0.0,0.0,1.0,0.0,0.0,1.0,0.0,0.0,1.0,0.0,0.0,33.7,35.0,56.0,56,56,0.0,0.0,0.0,6.4671630859375,6.4671630859375,6.4671630859375,231.164,231.164,231.164,56,0.0,6.4671630859375,231.164,5
11776075.343713593,81.39720153808594,106902900.77541794,201857.49169057386,2098227.754660975,13376201.935963716,13.3234375,0.0,100.0,4.9,84.5,0.0,37.8,45.3,5.0,49.0,50.0,5.9,46.3,20.4,0.0,0.0,0.0,48.5,49.0,0.0,0.0,0.0,0.0,0.0,0.0,0.0,1.0,2.0,2.9,0.0,0.0,1.0,0.0,1.0,1.0,79.4,2.0,13.9,34.7,0.0,0.0,8.1,0.0,100.0,1.0,0.0,0.0,0.0,0.0,32.3,50.5,0.0,0.0,0.0,0.0,0.0,0.0,0.0,0.0,1.0,0.0,1.0,0.0,0.0,0.0,36.0,37.3,56.0,56,56,0.0,0.0,0.0,6.4671630859375,6.4671630859375,6.4671630859375,242.809,242.809,242.809,56,0.0,6.4671630859375,242.809,5
11776076.331573011,81.39633178710938,108194268.31985208,204240.59962168554,2122925.550417658,13533650.383912569,13.5875,0.0,100.0,2.3,75.6,1.1,0.0,1.1,4.5,50.0,50.0,39.3,60.0,57.5,0.0,0.0,0.0,50.6,53.3,0.0,1.1,0.0,0.0,0.0,0.0,0.0,0.0,1.1,0.0,1.1,1.1,0.0,1.1,0.0,0.0,84.1,5.6,24.1,28.4,4.4,0.0,0.0,0.0,100.0,0.0,1.1,0.0,0.0,0.0,36.0,52.3,0.0,0.0,0.0,0.0,0.0,0.0,0.0,0.0,2.2,0.0,3.3,0.0,1.1,0.0,36.4,39.8,67.0,67,67,0.0,0.0,0.0,6.4671630859375,6.4671630859375,6.4671630859375,255.297,255.297,255.297,67,0.0,6.4671630859375,255.297,5
11776077.333124505,81.40191650390625,106750493.24997559,201461.4337937657,2093903.3215551227,13348633.674913907,13.7109375,0.0,100.0,2.0,81.6,1.0,1.0,0.0,5.0,49.5,49.5,37.8,38.1,78.4,1.0,0.0,0.0,51.0,50.5,0.0,0.0,0.0,0.0,0.0,0.0,0.0,1.0,17.0,1.0,0.0,0.0,0.0,1.0,0.0,2.0,79.4,4.0,2.0,5.0,51.0,1.0,0.0,0.0,100.0,1.0,0.0,0.0,0.0,0.0,36.4,50.0,0.0,0.0,0.0,0.0,0.0,0.0,0.0,0.0,1.0,2.0,0.0,1.0,1.0,0.0,36.4,37.9,66.0,66,66,0.0,0.0,0.0,6.4671630859375,6.4671630859375,6.4671630859375,259.482,259.482,259.482,66,0.0,6.4671630859375,259.482,5
11776078.332986398,81.39472579956055,106963529.48567575,201808.87135648652,2097441.672818543,13371190.664218212,13.415625,0.0,100.0,3.0,82.7,1.0,1.0,2.9,0.0,49.5,49.5,69.1,41.2,44.1,0.0,0.0,0.0,50.0,49.5,0.0,0.0,0.0,0.0,0.0,0.0,0.0,1.0,2.0,1.0,2.0,2.0,1.0,1.0,0.0,0.0,85.7,0.0,0.0,0.0,54.5,0.0,0.0,0.0,100.0,0.0,1.0,0.0,0.0,0.0,35.1,51.0,0.0,0.0,0.0,0.0,0.0,0.0,0.0,0.0,1.0,1.0,0.0,0.0,0.0,0.0,36.4,39.4,67.0,67,67,0.0,0.0,0.0,6.4671630859375,6.4671630859375,6.4671630859375,248.688,248.688,248.688,67,0.0,6.4671630859375,248.688,5
11776079.33247509,81.39445877075195,107036123.34794922,201884.22487174094,2098224.83761217,13376183.339777583,13.0859375,0.0,100.0,6.9,78.4,1.0,0.0,0.0,0.0,48.0,50.5,28.9,78.6,43.7,0.0,0.0,0.0,49.5,50.5,0.0,0.0,0.0,0.0,0.0,0.0,0.0,0.0,1.0,0.0,0.0,1.0,0.0,0.0,1.0,0.0,78.4,1.0,0.0,0.0,54.1,2.9,0.0,0.0,100.0,0.0,0.0,0.0,0.0,0.0,35.4,49.0,0.0,0.0,0.0,1.0,0.0,0.0,0.0,0.0,2.9,0.0,1.0,0.0,0.0,0.0,33.0,39.8,62.0,62,62,0.0,0.0,0.0,6.4671630859375,6.4671630859375,6.4671630859375,262.21,262.21,262.21,62,0.0,6.4671630859375,262.21,5
11776080.332334831,81.39567184448242,107031810.17920017,201818.30684245293,2097446.185793468,13371219.434433356,13.678125,0.0,100.0,10.2,78.4,1.0,0.0,0.0,0.0,49.5,50.0,64.9,46.5,42.1,2.0,0.0,0.0,51.0,50.0,1.0,0.0,0.0,0.0,0.0,0.0,0.0,1.0,0.0,1.0,2.0,1.0,1.0,0.0,0.0,2.0,78.1,1.0,1.0,27.0,30.3,1.0,0.0,0.0,100.0,1.0,0.0,0.0,0.0,0.0,34.0,50.5,0.0,0.0,0.0,0.0,0.0,0.0,0.0,1.0,2.0,1.0,16.3,1.0,0.0,0.0,38.0,37.6,63.0,63,63,0.0,0.0,0.0,6.4671630859375,6.4671630859375,6.4671630859375,265.241,265.241,265.241,63,0.0,6.4671630859375,265.241,5
11776081.335582698,81.40230941772461,106702922.16357227,201147.6991450939,2090362.780945248,13326062.728525955,13.4078125,0.0,100.0,7.0,82.7,1.0,3.0,0.0,0.0,50.0,50.0,62.2,39.2,50.0,0.0,0.0,0.0,49.5,48.5,0.0,0.0,0.0,0.0,0.0,0.0,0.0,1.0,1.0,1.0,1.0,0.0,0.0,1.0,2.0,0.0,85.7,9.1,1.0,43.4,5.0,1.0,0.0,0.0,100.0,1.0,0.0,0.0,1.0,0.0,35.4,50.5,0.0,0.0,0.0,0.0,0.0,0.0,0.0,0.0,0.0,1.0,0.0,0.0,0.0,0.0,35.1,38.8,63.0,63,63,0.0,0.0,0.0,6.4671630859375,6.4671630859375,6.4671630859375,264.688,264.688,264.688,63,0.0,6.4671630859375,264.688,5
11776082.332226276,81.39567565917969,107445543.51798111,202488.63718829866,2104214.630946662,13414368.27228497,13.6875,0.0,100.0,11.0,80.4,2.0,2.0,0.0,0.0,49.5,49.5,69.1,49.5,41.8,1.0,0.0,0.0,49.0,49.5,0.0,0.0,0.0,0.0,0.0,0.0,0.0,0.0,18.0,1.0,0.0,1.0,0.0,0.0,0.0,1.0,78.4,1.0,3.0,26.3,29.6,1.0,0.0,0.0,100.0,0.0,0.0,0.0,0.0,0.0,35.1,51.0,0.0,0.0,0.0,0.0,0.0,0.0,0.0,0.0,1.0,0.0,0.0,0.0,0.0,0.0,35.1,39.2,60.0,60,60,0.0,0.0,0.0,6.4671630859375,6.4671630859375,6.4671630859375,260.12,260.12,260.12,60,0.0,6.4671630859375,260.12,5
11776083.326182043,81.3934440612793,107768985.88433453,203047.265024049,2109904.756415194,13454763.729874233,13.4015625,0.0,100.0,7.1,77.7,3.1,0.0,0.0,0.0,50.5,49.5,79.2,28.4,46.3,0.0,0.0,0.0,49.0,49.5,0.0,0.0,0.0,0.0,0.0,0.0,0.0,1.0,1.0,1.0,1.0,2.0,1.0,1.0,0.0,0.0,84.2,1.0,1.0,3.0,55.1,1.0,1.0,0.0,100.0,1.0,0.0,0.0,0.0,0.0,35.4,50.0,0.0,0.0,0.0,0.0,0.0,0.0,0.0,0.0,1.0,0.0,1.0,0.0,0.0,0.0,36.7,38.0,64.0,64,64,0.0,0.0,0.0,6.4671630859375,6.4671630859375,6.4671630859375,260.178,260.178,260.178,64,0.0,6.4671630859375,260.178,5
11776084.333668264,81.39609909057617,106354105.71890974,200328.29819747875,2081568.9162130079,13274067.405147403,13.2984375,0.0,100.0,8.0,78.1,2.0,1.0,0.0,0.0,48.5,52.5,68.7,33.3,49.5,1.0,0.0,0.0,51.0,50.5,0.0,0.0,0.0,0.0,0.0,0.0,0.0,1.0,0.0,1.0,0.0,0.0,0.0,1.0,1.0,56.0,79.4,1.0,1.0,1.0,1.0,0.0,0.0,0.0,100.0,0.0,0.0,0.0,0.0,0.0,35.8,49.5,0.0,0.0,0.0,0.0,0.0,0.0,0.0,0.0,1.0,1.0,1.0,0.0,0.0,0.0,36.1,39.2,62.0,62,62,0.0,0.0,0.0,6.4671630859375,6.4671630859375,6.4671630859375,262.808,262.808,262.808,62,0.0,6.4671630859375,262.808,5
11776085.334153028,81.39473724365234,107133791.33307362,201739.2039803283,2096135.8675849992,13366960.171220748,13.2546875,0.0,100.0,5.1,86.0,5.0,0.0,0.0,0.0,48.5,48.0,62.9,41.1,45.4,0.0,0.0,0.0,50.0,50.5,1.0,0.0,0.0,0.0,0.0,0.0,0.0,0.0,0.0,0.0,0.0,0.0,1.0,1.0,0.0,51.0,78.8,3.0,5.9,1.0,0.0,0.0,0.0,0.0,100.0,0.0,0.0,0.0,1.0,0.0,34.7,49.5,1.0,0.0,0.0,0.0,0.0,1.0,0.0,0.0,1.0,0.0,0.0,0.0,0.0,0.0,36.4,38.5,63.0,63,63,0.0,0.0,0.0,6.4671630859375,6.4671630859375,6.4671630859375,254.158,254.158,254.158,63,0.0,6.4671630859375,254.158,5
11776086.332899638,81.39610290527344,107352967.20907733,202090.298097108,2099783.849516918,13390223.18100144,13.2734375,0.0,100.0,3.0,77.3,5.0,0.0,1.0,0.0,46.9,52.0,68.0,46.3,38.5,2.0,0.0,0.0,50.5,49.5,0.0,0.0,1.0,0.0,0.0,0.0,0.0,1.0,0.0,1.0,1.0,1.0,1.0,1.0,4.0,0.0,78.4,23.0,33.0,1.0,0.0,1.0,0.0,0.0,100.0,0.0,0.0,0.0,0.0,0.0,34.4,50.5,0.0,1.0,0.0,0.0,0.0,0.0,0.0,0.0,2.0,0.0,0.0,0.0,0.0,0.0,35.4,38.8,65.0,65,65,0.0,0.0,0.0,6.4671630859375,6.4671630859375,6.4671630859375,258.213,258.213,258.213,65,0.0,6.4671630859375,258.213,5
11776087.344210882,81.3942756652832,106051531.23039664,199587.4179721691,2073695.9190228656,13223861.67111261,13.421875,0.0,100.0,61.9,79.8,21.5,0.9,0.0,5.6,49.0,47.2,4.7,28.8,36.2,0.9,0.0,0.0,48.6,50.5,0.0,0.0,0.0,0.0,0.0,0.0,0.0,0.0,16.5,1.9,0.0,0.0,0.0,0.0,0.9,2.8,86.7,51.4,3.7,0.0,0.0,0.0,0.0,0.0,100.0,0.0,0.9,0.0,0.0,0.0,33.7,49.0,0.0,0.0,0.0,0.0,0.0,0.0,0.0,0.0,1.9,1.8,0.0,0.0,0.0,0.0,34.9,37.3,58.0,58,58,0.0,0.0,0.0,6.4671630859375,6.4671630859375,6.4671630859375,250.139,250.139,250.139,58,0.0,6.4671630859375,250.139,5
11776088.345809976,81.3969955444336,107115251.6545753,201531.73183713795,2093803.8110996936,13352088.7563291,13.43125,0.0,100.0,19.8,78.1,49.0,12.0,18.8,19.4,51.0,50.0,1.0,26.3,41.5,0.0,0.0,0.0,48.0,49.0,0.0,0.0,0.0,0.0,0.0,0.0,0.0,1.0,0.0,1.0,1.0,1.0,0.0,1.0,0.0,1.0,78.1,43.9,0.0,1.0,0.0,0.0,0.0,0.0,100.0,1.0,2.0,0.0,0.0,0.0,35.7,49.5,0.0,0.0,0.0,0.0,0.0,0.0,0.0,0.0,2.9,1.0,0.0,1.0,0.0,0.0,35.4,38.2,55.0,55,55,0.0,0.0,0.0,6.4671630859375,6.4671630859375,6.4671630859375,244.356,244.356,244.356,55,0.0,6.4671630859375,244.356,5
11776089.344531547,81.42920684814453,107456608.57596102,202122.39900724782,2099836.4905225686,13390558.870226925,15.5375,0.0,100.0,9.3,83.3,11.5,3.0,47.9,38.9,49.5,50.5,1.0,41.3,24.5,0.0,0.0,0.0,51.5,50.5,1.0,0.0,0.0,0.0,0.0,0.0,0.0,1.0,0.0,2.0,1.0,0.0,1.0,0.0,1.0,1.0,77.9,46.5,0.0,0.0,2.0,0.0,22.2,23.2,100.0,25.3,20.6,21.4,21.4,1.0,36.5,51.0,1.0,0.0,0.0,0.0,0.0,0.0,0.0,0.0,0.0,0.0,0.0,0.0,0.0,0.0,35.1,38.6,55.0,55,55,0.0,0.0,0.0,6.4671630859375,6.4671630859375,6.4671630859375,241.33,241.33,241.33,55,0.0,6.4671630859375,241.33,5
11776090.336834421,81.43139266967773,108187420.19368201,203437.88702864075,2113419.2540713325,13477175.516685352,13.6375,0.0,100.0,6.5,78.0,42.4,20.9,48.4,44.4,49.5,50.0,1.1,4.2,2.2,0.0,0.0,0.0,51.1,50.0,55.9,2.1,1.1,0.0,0.0,0.0,0.0,0.0,2.1,0.0,0.0,0.0,0.0,1.1,0.0,0.0,84.8,0.0,3.1,1.1,1.0,1.1,6.4,0.0,100.0,0.0,0.0,0.0,0.0,0.0,36.3,49.5,0.0,0.0,0.0,0.0,0.0,0.0,0.0,0.0,0.0,1.1,0.0,0.0,0.0,0.0,37.2,40.2,55.0,55,55,0.0,0.0,0.0,6.4671630859375,6.4671630859375,6.4671630859375,238.41,238.41,238.41,55,0.0,6.4671630859375,238.41,5
11776091.336113274,81.39445114135742,107464896.01787914,202017.68450448255,2098665.4468868617,13383091.179854695,13.159375,0.0,100.0,16.3,77.6,22.1,37.5,38.9,40.2,51.0,50.5,1.0,0.0,0.0,2.0,0.0,0.0,48.0,47.9,38.8,14.1,0.0,0.0,0.0,0.0,0.0,0.0,2.0,1.0,1.0,1.0,1.0,0.0,1.0,2.0,77.1,0.0,0.0,2.0,0.0,0.0,0.0,0.0,100.0,1.0,0.0,0.0,0.0,0.0,35.7,52.9,0.0,0.0,0.0,0.0,0.0,0.0,0.0,0.0,1.0,0.0,0.0,1.0,0.0,0.0,39.0,37.6,57.0,57,57,0.0,0.0,0.0,6.4671630859375,6.4671630859375,6.4671630859375,258.051,258.051,258.051,57,0.0,6.4671630859375,258.051,5
11776092.335487364,81.39759826660156,107487391.45870882,202006.43789750713,2098465.4510086826,13381815.815514354,13.696875,0.0,100.0,10.1,86.6,21.9,51.0,29.9,47.4,48.5,51.0,1.0,1.0,1.0,0.0,1.0,0.0,50.0,50.5,0.0,33.7,11.0,14.9,0.0,0.0,0.0,2.0,17.2,0.0,1.0,1.0,0.0,2.0,0.0,0.0,79.6,2.0,1.0,0.0,0.0,0.0,0.0,0.0,100.0,0.0,0.0,0.0,0.0,0.0,35.4,49.0,0.0,0.0,1.0,0.0,0.0,0.0,0.0,0.0,2.0,0.0,0.0,0.0,0.0,0.0,34.7,38.2,58.0,58,58,0.0,0.0,0.0,6.4671630859375,6.4671630859375,6.4671630859375,262.668,262.668,262.668,58,0.0,6.4671630859375,262.668,5
11776093.335159028,81.39517211914062,107488124.21118838,201954.30885198448,2097840.796469116,13377832.42279622,13.334375,0.0,100.0,6.9,78.6,17.8,35.7,62.0,26.0,50.5,49.0,5.9,3.9,0.0,0.0,0.0,0.0,50.0,50.5,53.4,0.0,0.0,2.0,0.0,0.0,0.0,0.0,1.0,1.0,0.0,1.0,1.0,0.0,0.0,1.0,84.8,1.0,1.9,0.0,0.0,0.0,0.0,0.0,100.0,2.0,0.0,0.0,0.0,0.0,36.6,51.0,0.0,0.0,0.0,0.0,0.0,0.0,0.0,0.0,2.9,1.0,0.0,0.0,0.0,0.0,37.3,37.7,48.0,48,48,0.0,0.0,0.0,6.4671630859375,6.4671630859375,6.4671630859375,252.49,252.49,252.49,48,0.0,6.4671630859375,252.49,5
11776094.34450113,81.3968391418457,106493398.77079803,200027.3242671197,2077741.5260403308,13249660.317425156,13.3015625,0.0,100.0,6.9,78.0,1.9,37.6,0.0,51.5,49.0,51.0,44.8,20.0,0.0,0.0,0.0,0.0,51.0,52.9,55.9,1.0,0.0,0.0,0.0,0.0,0.0,0.0,1.0,0.0,0.0,0.0,0.0,1.0,1.9,1.0,78.8,1.9,1.0,0.0,0.0,0.0,0.0,0.0,100.0,1.0,0.0,0.0,0.0,0.0,34.3,50.0,0.0,0.0,0.0,0.0,0.0,0.0,0.0,0.0,1.0,1.9,1.9,0.0,0.0,0.0,35.0,38.1,52.0,52,52,0.0,0.0,0.0,6.4671630859375,6.4671630859375,6.4671630859375,244.652,244.652,244.652,52,0.0,6.4671630859375,244.652,5
11776095.344702031,81.3950424194336,107502150.69101927,201865.44499379743,2096730.7643142466,13370753.799777374,13.5390625,0.0,100.0,15.5,78.6,2.0,58.2,1.0,30.3,51.0,49.5,36.5,29.3,0.0,0.0,0.0,0.0,48.5,50.0,58.3,2.0,0.0,0.0,1.0,0.0,1.0,1.0,2.9,1.9,1.0,1.0,1.0,0.0,0.0,0.0,79.2,1.0,1.0,1.0,0.0,0.0,0.0,0.0,100.0,0.0,0.0,0.0,0.0,0.0,33.7,48.5,0.0,0.0,0.0,2.0,1.0,0.0,0.0,0.0,0.0,1.0,1.0,0.0,0.0,0.0,36.0,39.6,54.0,54,54,0.0,0.0,0.0,6.4671630859375,6.4671630859375,6.4671630859375,229.063,229.063,229.063,54,0.0,6.4671630859375,229.063,5
11776096.344109993,81.39621353149414,107620171.23474646,202025.60684337458,2098394.3292561723,13381362.275432426,13.5703125,0.0,100.0,7.1,83.5,0.0,55.8,22.0,13.0,50.0,50.5,14.3,53.8,0.0,0.0,0.0,0.0,49.5,47.9,7.1,0.0,0.0,48.0,0.0,0.0,0.0,1.0,0.0,1.0,0.0,0.0,1.0,1.0,1.0,1.0,85.4,1.0,1.0,1.0,0.0,0.0,0.0,0.0,100.0,2.0,1.0,1.0,0.0,0.0,36.5,50.0,0.0,2.0,1.0,0.0,1.0,0.0,0.0,2.0,0.0,0.0,0.0,1.0,0.0,1.0,35.1,38.0,57.0,57,57,0.0,0.0,0.0,6.4671630859375,6.4671630859375,6.4671630859375,239.547,239.547,239.547,57,0.0,6.4671630859375,239.547,5
11776097.345337419,81.39583969116211,107457304.17422208,201668.4669989388,2094581.0579833123,13357045.22327249,13.5828125,0.0,100.0,7.0,79.8,1.0,57.7,29.9,0.0,50.0,50.0,33.0,34.0,0.0,0.0,0.0,0.0,50.0,50.5,2.0,0.0,0.0,53.5,0.0,0.0,0.0,0.0,18.6,1.0,0.0,1.0,0.0,0.0,0.0,0.0,78.1,2.0,2.0,0.0,0.0,0.0,0.0,0.0,100.0,0.0,0.0,0.0,0.0,0.0,34.7,50.5,2.0,2.0,1.0,0.0,0.0,0.0,0.0,1.0,1.0,2.0,0.0,0.0,0.0,0.0,36.4,37.6,56.0,56,56,0.0,0.0,0.0,6.4671630859375,6.4671630859375,6.4671630859375,239.774,239.774,239.774,56,0.0,6.4671630859375,239.774,5
11776098.34495337,81.39422225952148,107663263.0212652,202000.57821906375,2097957.719592449,13378578.03607294,13.75,0.0,100.0,8.3,77.4,1.0,35.4,56.3,0.0,51.0,50.5,8.4,61.3,1.0,0.0,2.0,0.0,51.0,50.5,0.0,0.0,0.0,30.6,0.0,0.0,0.0,1.0,0.0,1.0,1.0,1.0,0.0,1.0,1.0,1.0,85.3,22.7,12.4,0.0,0.0,1.0,0.0,0.0,100.0,2.1,0.0,0.0,0.0,0.0,34.4,51.0,0.0,0.0,0.0,2.0,0.0,1.0,2.0,0.0,1.0,1.0,0.0,0.0,0.0,0.0,34.4,38.0,67.0,67,67,0.0,0.0,0.0,6.4671630859375,6.4671630859375,6.4671630859375,248.424,248.424,248.424,67,0.0,6.4671630859375,248.424,5
11776099.345838284,81.39864730834961,107559442.06098957,201744.4733356337,2095297.839992328,13361616.108544827,13.3,0.0,100.0,8.7,81.8,1.9,41.8,47.0,0.0,48.0,50.0,38.0,28.6,0.0,0.0,0.0,0.0,49.5,48.0,0.0,0.0,0.0,0.0,0.0,0.0,0.0,1.0,1.9,1.0,1.0,1.0,1.0,0.0,0.0,1.0,78.2,31.7,21.8,0.0,0.0,0.0,0.0,0.0,100.0,2.9,0.0,0.0,0.0,0.0,35.4,50.0,0.0,0.0,2.0,1.0,0.0,0.0,0.0,0.0,2.0,0.0,0.0,0.0,0.0,0.0,35.0,40.0,57.0,57,57,0.0,0.0,0.0,6.4671630859375,6.4671630859375,6.4671630859375,229.786,229.786,229.786,57,0.0,6.4671630859375,229.786,5
11776100.346903076,81.3936653137207,107575536.39981636,201717.21306970235,2094921.3439353467,13363306.854087584,13.5765625,0.0,100.0,10.2,81.4,3.0,40.8,49.0,1.0,51.5,50.0,6.0,39.4,20.6,0.0,0.0,0.0,52.0,52.5,0.0,0.0,0.0,0.0,0.0,0.0,0.0,0.0,1.0,1.0,0.0,1.0,0.0,2.0,1.0,0.0,78.4,22.2,34.0,1.0,0.0,0.0,0.0,0.0,100.0,1.0,3.0,0.0,0.0,0.0,34.4,50.0,0.0,0.0,1.0,1.0,1.0,0.0,0.0,0.0,0.0,0.0,0.0,2.0,0.0,0.0,36.7,39.8,53.0,53,53,0.0,0.0,0.0,6.4671630859375,6.4671630859375,6.4671630859375,244.584,244.584,244.584,53,0.0,6.4671630859375,244.584,5
11776101.34803001,81.39765548706055,107604279.09624586,201714.68089948513,2094791.3087803281,13362477.372024514,13.353125,0.0,100.0,14.3,77.4,1.0,37.9,51.6,1.0,50.0,48.5,16.8,30.1,20.6,0.0,0.0,0.0,48.4,47.4,0.0,0.0,0.0,0.0,0.0,0.0,0.0,1.0,0.0,1.0,1.0,0.0,1.0,0.0,1.0,1.0,83.0,33.7,17.3,6.2,1.0,0.0,0.0,0.0,100.0,0.0,0.0,0.0,0.0,0.0,35.4,51.5,0.0,0.0,1.0,0.0,0.0,0.0,0.0,0.0,0.0,0.0,0.0,0.0,0.0,0.0,37.1,37.4,51.0,51,51,0.0,0.0,0.0,6.4671630859375,6.4671630859375,6.4671630859375,243.852,243.852,243.852,51,0.0,6.4671630859375,243.852,5
11776102.480987009,81.39455795288086,95112391.86484288,178243.30515733227,1851042.8929955615,11807629.07914747,13.4078125,0.0,100.0,5.3,80.9,1.7,5.2,45.6,40.9,49.1,49.6,20.2,31.2,8.8,0.0,0.0,0.0,48.7,50.0,0.0,0.0,0.0,0.0,0.0,0.0,0.0,0.0,14.7,0.9,0.0,0.9,0.0,0.9,0.0,0.9,83.0,54.4,1.7,1.7,0.0,0.0,0.0,0.0,100.0,1.7,0.0,0.0,0.0,0.0,33.9,49.6,0.0,0.0,1.7,0.0,0.0,0.0,0.0,0.0,1.7,0.0,0.0,0.0,0.0,0.0,35.4,37.8,48.0,48,48,0.0,0.0,0.0,6.4671630859375,6.4671630859375,6.4671630859375,203.561,203.561,203.561,48,0.0,6.4671630859375,203.561,5
11776103.485193204,81.40457916259766,107339448.29842085,201106.1083971324,2088367.9163230024,13321503.153732277,13.7734375,0.0,100.0,8.8,78.4,1.0,0.0,58.8,30.6,49.0,49.5,37.9,15.0,21.0,0.0,22.0,1.0,50.5,50.0,14.9,0.0,1.0,0.0,0.0,0.0,0.0,1.0,1.0,0.0,1.0,1.0,1.0,1.0,2.0,0.0,79.4,24.0,2.9,1.0,1.0,1.0,0.0,0.0,100.0,0.0,2.0,0.0,0.0,0.0,35.7,49.0,2.0,0.0,1.0,0.0,0.0,1.0,1.0,0.0,2.0,0.0,1.0,5.0,1.0,1.0,34.3,38.8,48.0,48,48,0.0,0.0,0.0,6.4671630859375,6.4671630859375,6.4671630859375,243.876,243.876,243.876,48,0.0,6.4671630859375,243.876,5
11776104.487321807,81.39432907104492,107594557.90804636,201533.01622977827,2092697.4780023566,13349121.021788469,13.5375,0.0,100.0,30.1,80.4,4.3,1.0,51.1,9.5,50.0,51.1,56.8,7.4,5.3,0.0,0.0,0.0,51.6,51.6,7.4,49.5,2.1,2.1,0.0,1.0,0.0,1.0,0.0,1.0,0.0,0.0,0.0,0.0,1.0,1.0,77.4,0.0,1.0,3.1,0.0,0.0,1.0,1.0,100.0,0.0,1.0,0.0,0.0,0.0,35.9,50.5,0.0,0.0,1.1,1.1,0.0,1.0,0.0,0.0,0.0,0.0,0.0,0.0,0.0,0.0,36.8,39.2,57.0,57,57,0.0,0.0,0.0,6.4671630859375,6.4671630859375,6.4671630859375,244.662,244.662,244.662,57,0.0,6.4671630859375,244.662,5
11776105.48455812,81.39849090576172,108157881.49877739,202533.739803331,2102963.933456956,13414609.77865316,13.5015625,0.0,100.0,8.7,83.0,36.3,7.6,27.7,23.5,49.5,49.0,45.5,20.0,0.0,0.0,0.0,0.0,52.4,51.9,0.0,55.3,0.0,0.0,0.0,0.0,0.0,0.0,0.0,1.0,1.0,1.0,1.0,1.0,0.0,1.0,81.0,0.0,1.0,0.0,0.0,0.0,1.0,0.0,100.0,0.0,0.0,0.0,0.0,0.0,34.0,50.5,0.0,0.0,0.0,1.0,1.9,0.0,0.0,0.0,1.0,1.0,0.0,0.0,0.0,1.0,35.6,38.7,50.0,50,50,0.0,0.0,0.0,6.4671630859375,6.4671630859375,6.4671630859375,239.575,239.575,239.575,50,0.0,6.4671630859375,239.575,5
11776106.481697848,81.39479064941406,108201107.63133603,202553.35775912338,2103167.63212721,13415909.15337396,13.4640625,0.0,100.0,3.0,77.3,0.0,59.4,29.9,0.0,49.5,48.5,39.6,30.2,5.0,0.0,0.0,0.0,49.5,49.0,22.2,32.7,1.0,7.1,1.0,0.0,0.0,1.0,0.0,0.0,2.0,2.0,2.0,1.0,1.0,1.0,83.5,3.0,0.0,0.0,0.0,0.0,0.0,0.0,100.0,0.0,0.0,0.0,0.0,0.0,34.0,49.0,0.0,0.0,0.0,0.0,0.0,2.0,0.0,0.0,1.0,0.0,0.0,0.0,0.0,0.0,36.7,37.6,50.0,50,50,0.0,0.0,0.0,6.4671630859375,6.4671630859375,6.4671630859375,228.109,228.109,228.109,50,0.0,6.4671630859375,228.109,5
11776107.484920293,81.39896011352539,107580360.20336308,201337.2019350675,2090415.7501635298,13334566.093816578,13.375,0.0,100.0,4.0,78.1,0.0,56.7,27.6,5.0,50.0,51.0,39.6,13.0,21.9,0.0,0.0,0.0,50.0,48.5,28.7,0.0,1.0,0.0,0.0,0.0,0.0,1.0,3.9,2.0,0.0,0.0,0.0,1.0,0.0,0.0,78.1,1.0,8.2,21.0,0.0,0.0,0.0,0.0,100.0,1.0,1.0,0.0,0.0,0.0,33.7,49.5,0.0,0.0,0.0,0.0,0.0,0.0,0.0,1.0,3.9,1.0,0.0,0.0,0.0,1.0,34.7,37.9,48.0,48,48,0.0,0.0,0.0,6.4671630859375,6.4671630859375,6.4671630859375,241.105,241.105,241.105,48,0.0,6.4671630859375,241.105,5
11776108.474715466,81.39692687988281,109072767.77055268,204075.555826413,2118773.720141162,13515458.92574421,13.871875,0.0,100.0,5.6,84.1,35.2,25.0,35.2,55.2,53.2,50.0,2.2,0.0,4.4,0.0,0.0,0.0,49.4,52.7,0.0,0.0,0.0,0.0,0.0,0.0,0.0,0.0,16.7,0.0,0.0,1.1,1.1,0.0,1.1,1.1,83.3,5.6,7.6,0.0,0.0,0.0,0.0,0.0,100.0,51.6,2.2,2.2,0.0,0.0,33.7,49.4,0.0,0.0,0.0,0.0,0.0,0.0,0.0,1.1,1.1,1.1,1.1,0.0,0.0,0.0,37.1,37.4,84.0,84,84,0.0,0.0,0.0,6.4671630859375,6.4671630859375,6.4671630859375,259.313,259.313,259.313,84,0.0,6.4671630859375,259.313,5
11776109.470791804,81.40122985839844,108417760.64832413,202795.70179026798,2105412.928717149,13430231.689824626,13.2640625,0.0,100.0,2.0,79.2,26.5,15.8,48.0,40.2,49.0,50.0,1.9,19.6,4.8,0.0,0.0,0.0,50.5,50.0,0.0,0.0,0.0,0.0,0.0,0.0,0.0,1.0,1.0,0.0,1.0,47.6,0.0,1.0,1.9,1.0,79.0,2.9,2.9,1.9,1.0,0.0,0.0,0.0,100.0,8.7,0.0,0.0,0.0,0.0,34.7,49.5,0.0,0.0,0.0,0.0,0.0,1.0,0.0,0.0,1.9,0.0,1.0,0.0,0.0,0.0,34.7,37.7,77.0,77,77,0.0,0.0,0.0,6.4671630859375,6.4671630859375,6.4671630859375,250.958,250.958,250.958,77,0.0,6.4671630859375,250.958,5
11776110.48499218,81.39654541015625,106515208.94631417,199172.6730842243,2067788.6233430882,13190229.773122123,13.53125,0.0,100.0,2.9,78.4,0.0,0.0,61.8,27.9,49.5,50.0,39.4,12.6,22.1,0.0,0.0,0.0,51.9,50.9,1.0,0.0,0.0,0.0,0.0,0.0,0.0,0.9,0.0,0.0,0.0,46.2,13.2,3.7,0.0,0.0,79.6,0.0,1.9,1.0,0.0,0.9,0.0,0.0,100.0,0.0,0.0,0.0,0.0,0.0,33.0,52.4,0.0,0.0,0.0,0.0,0.0,0.0,0.0,0.0,1.9,1.9,0.0,2.8,0.0,0.0,37.5,40.7,48.0,48,48,0.0,0.0,0.0,6.4671630859375,6.4671630859375,6.4671630859375,233.244,233.244,233.244,48,0.0,6.4671630859375,233.244,5
11776111.484044945,81.42659759521484,108162887.68937476,202199.53050303573,2099140.379556762,13390219.686782,13.4453125,0.0,100.0,3.0,80.2,1.0,1.0,59.4,29.9,51.0,50.5,26.3,4.0,40.0,0.0,0.0,0.0,48.5,51.0,0.0,0.0,0.0,0.0,0.0,0.0,0.0,0.0,0.0,1.0,0.0,54.1,1.0,1.0,1.0,1.0,85.6,2.0,2.0,1.0,1.0,0.0,0.0,0.0,100.0,1.0,1.0,1.0,0.0,0.0,35.4,51.0,0.0,0.0,0.0,0.0,0.0,0.0,0.0,0.0,0.0,0.0,0.0,0.0,0.0,0.0,36.7,37.9,48.0,48,48,0.0,0.0,0.0,6.4671630859375,6.4671630859375,6.4671630859375,244.539,244.539,244.539,48,0.0,6.4671630859375,244.539,5
11776112.481749672,81.39594650268555,108344518.18497005,202480.7484785391,2101976.608948129,13408311.728173027,13.50625,0.0,100.0,3.1,83.3,2.1,1.0,45.8,42.1,49.0,48.5,17.0,16.5,45.7,1.0,0.0,0.0,51.5,49.0,1.0,0.0,0.0,0.0,0.0,1.0,0.0,1.0,3.0,1.0,1.0,9.3,0.0,0.0,0.0,1.0,77.4,45.9,4.1,2.1,0.0,0.0,0.0,0.0,100.0,0.0,0.0,0.0,0.0,0.0,34.7,51.0,0.0,0.0,0.0,0.0,0.0,0.0,0.0,0.0,2.0,0.0,0.0,0.0,0.0,0.0,34.7,38.6,53.0,53,53,0.0,0.0,0.0,6.4671630859375,6.4671630859375,6.4671630859375,243.453,243.453,243.453,53,0.0,6.4671630859375,243.453,5
11776113.483755188,81.39397048950195,107912085.6266768,201619.64864532024,2092954.5469638787,13350760.840593804,13.5984375,0.0,100.0,2.9,78.0,42.9,1.0,42.4,3.0,51.0,50.5,10.9,29.3,29.9,0.0,1.0,0.0,49.0,51.5,0.0,0.0,0.0,0.0,0.0,0.0,0.0,1.0,16.7,0.0,0.0,1.0,1.0,1.0,1.0,0.0,84.0,56.9,2.9,0.0,0.0,1.0,0.0,0.0,100.0,0.0,0.0,0.0,0.0,0.0,37.0,48.0,0.0,0.0,0.0,1.0,0.0,0.0,0.0,0.0,1.0,0.0,0.0,0.0,0.0,0.0,35.0,38.5,49.0,49,49,0.0,0.0,0.0,6.4671630859375,6.4671630859375,6.4671630859375,239.321,239.321,239.321,49,0.0,6.4671630859375,239.321,5
11776114.48370776,81.39694213867188,108166295.16874693,202034.58220393705,2097251.4695614455,13382266.701283677,13.6578125,0.0,100.0,2.0,77.9,3.0,0.0,37.8,52.6,49.0,52.0,38.9,28.4,5.1,0.0,0.0,0.0,53.0,52.5,1.0,1.0,0.0,0.0,0.0,0.0,0.0,8.2,0.0,1.0,0.0,1.0,1.0,1.0,0.0,1.0,80.6,35.4,1.0,22.5,2.0,0.0,0.0,0.0,100.0,0.0,0.0,0.0,0.0,0.0,35.4,51.0,0.0,0.0,0.0,1.0,1.0,0.0,1.0,0.0,0.0,1.0,0.0,0.0,0.0,0.0,35.4,39.4,47.0,47,47,0.0,0.0,0.0,6.4671630859375,6.4671630859375,6.4671630859375,235.966,235.966,235.966,47,0.0,6.4671630859375,235.966,5
11776115.485243425,81.39372634887695,108030674.04859237,201727.21452790799,2093936.4146251988,13361113.801915087,13.559375,0.0,100.0,4.0,83.5,0.0,0.0,31.2,56.3,51.0,50.5,24.0,6.0,46.8,0.0,0.0,0.0,50.0,52.0,0.0,0.0,0.0,0.0,0.0,0.0,0.0,1.0,1.0,3.0,1.0,0.0,2.0,0.0,2.0,1.0,77.9,31.7,1.0,1.0,0.0,1.0,1.0,0.0,100.0,24.0,0.0,0.0,0.0,0.0,34.4,51.5,0.0,0.0,1.0,0.0,2.0,1.0,0.0,0.0,0.0,1.0,0.0,0.0,0.0,0.0,35.7,37.3,48.0,48,48,0.0,0.0,0.0,6.4671630859375,6.4671630859375,6.4671630859375,240.517,240.517,240.517,48,0.0,6.4671630859375,240.517,5
11776116.483924096,81.39640045166016,108372220.53998552,202311.9158406503,2099922.4872134994,13399310.089309575,13.4546875,0.0,100.0,5.2,79.8,0.0,1.0,32.3,54.7,50.5,50.5,26.6,4.2,39.6,0.0,0.0,0.0,52.0,49.0,0.0,0.0,0.0,0.0,0.0,0.0,0.0,0.0,0.0,0.0,2.0,1.0,1.0,2.0,0.0,1.0,81.3,2.1,0.0,0.0,0.0,0.0,0.0,0.0,100.0,55.7,0.0,1.0,0.0,0.0,35.1,52.0,0.0,1.0,0.0,1.0,1.0,1.0,1.0,0.0,1.0,0.0,0.0,0.0,0.0,0.0,37.1,38.4,58.0,58,58,0.0,0.0,0.0,6.4671630859375,6.4671630859375,6.4671630859375,244.782,244.782,244.782,58,0.0,6.4671630859375,244.782,5
11776117.484242288,81.39365005493164,108229688.18494986,201982.73072194352,2096484.9153859513,13377375.426886529,13.2859375,0.0,100.0,32.7,79.0,1.0,0.0,0.0,59.0,51.9,51.0,34.0,4.9,31.6,1.0,0.0,0.0,50.5,50.0,1.0,0.0,0.0,0.0,0.0,0.0,0.0,1.0,1.9,0.0,0.0,0.0,0.0,0.0,0.0,0.0,82.0,0.0,1.0,0.0,0.0,0.0,0.0,0.0,100.0,54.9,0.0,0.0,0.0,0.0,33.7,49.0,1.0,1.9,0.0,0.0,0.0,0.0,0.0,0.0,0.0,1.0,0.0,0.0,0.0,0.0,36.6,38.7,48.0,48,48,0.0,0.0,0.0,6.4671630859375,6.4671630859375,6.4671630859375,230.068,230.068,230.068,48,0.0,6.4671630859375,230.068,5
11776118.485983362,81.39615249633789,108109086.07829438,201707.8117681636,2093507.0492540684,13358374.08186141,13.9390625,0.0,100.0,45.4,80.6,5.0,1.0,0.0,44.3,51.0,50.5,27.4,44.8,4.0,0.0,1.0,0.0,50.5,51.5,0.0,0.0,0.0,0.0,0.0,0.0,0.0,1.0,18.8,0.0,0.0,2.0,1.0,1.0,1.0,2.0,78.1,1.0,3.0,2.0,1.0,1.0,0.0,0.0,100.0,56.0,0.0,0.0,0.0,0.0,35.1,50.5,1.0,0.0,1.0,0.0,0.0,0.0,1.0,1.0,1.0,1.0,0.0,0.0,0.0,0.0,36.4,38.2,47.0,47,47,0.0,0.0,0.0,6.4671630859375,6.4671630859375,6.4671630859375,243.261,243.261,243.261,47,0.0,6.4671630859375,243.261,5
11776119.486260816,81.40946197509766,108299939.74489063,202012.95069201247,2096570.2981142844,13377920.242069077,13.8171875,0.0,100.0,40.2,82.8,2.1,3.1,0.0,46.2,51.0,51.5,26.3,37.0,8.3,0.0,0.0,0.0,50.0,49.5,1.0,0.0,0.0,0.0,0.0,0.0,0.0,1.0,2.1,1.0,0.0,0.0,1.0,11.2,0.0,0.0,87.4,1.0,1.0,0.0,0.0,13.5,0.0,0.0,100.0,8.2,2.1,1.0,0.0,0.0,34.8,50.5,1.0,0.0,0.0,0.0,0.0,0.0,0.0,0.0,33.3,2.1,7.3,0.0,0.0,0.0,36.8,39.0,56.0,56,56,0.0,0.0,0.0,6.4671630859375,6.4671630859375,6.4671630859375,245.26,245.26,245.26,56,0.0,6.4671630859375,245.26,5
11776120.485352786,81.41229629516602,108461140.99122375,202259.65787699213,2099058.008056621,13393793.969376916,13.2453125,0.0,100.0,2.9,78.8,0.0,21.2,22.5,43.0,51.4,50.0,5.8,30.3,36.4,0.0,0.0,0.0,51.4,50.0,0.0,0.0,0.0,0.0,0.0,0.0,0.0,0.0,1.0,1.0,1.0,1.0,0.0,0.0,1.9,0.0,79.0,0.0,0.0,0.0,1.0,0.0,0.0,0.0,100.0,0.0,0.0,0.0,0.0,0.0,36.0,49.0,18.1,1.0,1.0,0.0,1.0,0.0,0.0,1.0,28.2,0.0,8.7,1.0,0.0,0.0,35.0,38.1,49.0,49,49,0.0,0.0,0.0,6.4671630859375,6.4671630859375,6.4671630859375,242.629,242.629,242.629,49,0.0,6.4671630859375,242.629,5
11776121.4853018,81.39454650878906,108403581.08511248,202087.30366078598,2097258.931233266,13382314.313162263,13.578125,0.0,100.0,2.0,78.1,0.0,2.0,56.8,32.0,51.9,51.5,7.1,33.3,34.0,0.0,0.0,0.0,51.5,51.5,0.0,0.0,0.0,0.0,0.0,0.0,0.0,1.0,0.0,2.0,1.0,1.0,2.0,2.0,1.0,1.0,78.1,3.0,1.0,0.0,0.0,1.0,1.0,0.0,100.0,0.0,0.0,0.0,0.0,0.0,34.4,51.5,56.0,0.0,0.0,0.0,0.0,0.0,1.0,0.0,1.0,1.0,1.0,0.0,0.0,0.0,39.0,37.3,49.0,49,49,0.0,0.0,0.0,6.4671630859375,6.4671630859375,6.4671630859375,229.804,229.804,229.804,49,0.0,6.4671630859375,229.804,5
11776122.48409999,81.43999481201172,108561195.96514694,202332.16488286335,2099675.411568302,13397733.534362586,13.728125,0.0,100.0,4.9,83.5,3.0,0.0,46.4,41.7,50.5,51.0,15.2,36.5,25.3,0.0,0.0,0.0,50.0,50.0,0.0,0.0,0.0,0.0,0.0,0.0,0.0,1.0,1.0,0.0,0.0,1.0,2.0,0.0,2.0,5.0,81.4,2.0,2.0,0.0,0.0,0.0,0.0,0.0,100.0,1.0,1.0,0.0,0.0,0.0,35.1,49.5,48.5,1.0,0.0,0.0,1.0,0.0,0.0,9.1,2.0,0.0,0.0,0.0,0.0,0.0,36.4,38.6,48.0,48,48,0.0,0.0,0.0,6.4671630859375,6.4671630859375,6.4671630859375,240.753,240.753,240.753,48,0.0,6.4671630859375,240.753,5
11776123.484522551,81.2288589477539,108420317.74343698,202011.6376510539,2096266.1985243866,13375979.825349944,13.746875,0.0,82.3,2.1,78.9,0.0,0.0,45.8,43.3,50.0,49.5,8.2,34.0,33.0,0.0,0.0,0.0,51.5,49.0,0.0,0.0,0.0,0.0,0.0,0.0,0.0,1.0,18.2,0.0,1.0,2.0,1.0,1.0,0.0,1.0,82.3,0.0,0.0,2.0,0.0,0.0,61.2,0.0,39.4,1.0,1.0,0.0,0.0,0.0,34.7,52.5,3.0,0.0,0.0,0.0,0.0,0.0,0.0,53.5,2.0,1.0,0.0,0.0,0.0,0.0,37.1,38.6,50.0,50,50,0.0,0.0,0.0,6.4671630859375,6.4671630859375,6.4671630859375,242.956,242.956,242.956,50,0.0,6.4671630859375,242.956,5
11776124.486797217,81.23100662231445,108252566.56941113,201646.32197111144,2092392.5059467123,13351262.337749822,13.4921875,0.0,100.0,39.8,78.8,2.9,0.0,41.7,6.9,51.5,51.9,4.9,28.9,37.5,0.0,0.0,0.0,52.9,52.4,0.0,0.0,0.0,0.0,0.0,1.0,0.0,0.0,0.0,1.0,0.0,1.0,1.0,0.0,2.0,1.0,77.8,2.9,2.9,0.0,0.0,0.0,100.0,0.0,1.0,0.0,0.0,0.0,0.0,0.0,34.0,50.0,28.4,2.9,1.0,0.0,0.0,0.0,0.0,28.4,0.0,1.0,1.0,0.0,0.0,0.0,36.4,38.7,49.0,49,49,0.0,0.0,0.0,6.4671630859375,6.4671630859375,6.4671630859375,232.282,232.282,232.282,49,0.0,6.4671630859375,232.282,5
11776125.48622844,81.31036758422852,108593248.37708272,202221.0187296407,2098345.491330804,13389247.500347141,14.3328125,0.0,100.0,45.9,81.3,3.0,2.0,45.9,0.0,50.0,48.5,5.1,43.2,24.0,0.0,1.0,0.0,52.0,51.0,1.0,1.0,1.0,3.0,1.0,2.0,1.0,1.0,12.1,9.0,8.0,2.0,2.0,0.0,12.2,2.0,86.5,1.0,0.0,0.0,0.0,0.0,100.0,0.0,1.0,2.0,0.0,0.0,0.0,0.0,37.8,52.5,11.1,4.1,12.1,4.0,2.0,3.0,2.0,2.0,2.0,1.0,1.0,2.0,0.0,0.0,37.8,41.2,47.0,47,47,0.0,0.0,0.0,6.4671630859375,6.4671630859375,6.4671630859375,249.174,249.174,249.174,47,0.0,6.4671630859375,249.174,5
11776126.457879974,81.31048965454102,111734416.34541681,208010.7867964748,2158337.5597524205,13772048.452560855,13.61875,0.0,100.0,44.1,80.9,2.1,0.0,27.7,17.9,50.0,51.0,8.3,35.9,31.9,0.0,0.0,0.0,51.0,51.5,0.0,0.0,0.0,0.0,0.0,0.0,0.0,2.1,1.0,32.6,1.0,1.0,1.0,1.0,25.5,2.1,77.4,2.1,0.0,0.0,0.0,0.0,100.0,0.0,0.0,0.0,0.0,0.0,0.0,0.0,35.5,51.5,0.0,1.1,1.0,1.0,0.0,3.1,0.0,1.0,1.0,1.0,0.0,1.0,0.0,0.0,36.5,38.8,59.0,59,59,0.0,0.0,0.0,6.4671630859375,6.4671630859375,6.4671630859375,243.725,243.725,243.725,59,0.0,6.4671630859375,243.725,5
11776127.486774337,81.23065948486328,105549813.38063881,196444.85116657233,2038257.8381943463,13005836.635509629,13.1328125,0.0,100.0,42.3,78.4,2.0,0.0,0.0,47.5,51.0,48.5,4.0,37.5,27.6,0.0,0.0,0.0,48.0,50.5,0.0,0.0,1.0,0.0,0.0,0.0,0.0,0.0,1.0,53.5,0.0,0.0,1.0,1.0,0.0,1.0,80.6,0.0,0.0,0.0,0.0,0.0,100.0,0.0,0.0,0.0,0.0,0.0,0.0,0.0,33.7,51.5,1.0,0.0,0.0,0.0,0.0,0.0,1.0,1.0,4.0,0.0,0.0,0.0,0.0,0.0,36.0,35.9,71.0,71,71,0.0,0.0,0.0,6.4671630859375,6.4671630859375,6.4671630859375,245.187,245.187,245.187,71,0.0,6.4671630859375,245.187,5
11776128.484780125,81.23163604736328,108849360.61696166,202526.881380558,2101342.5208462174,13408371.124227718,13.7125,0.0,100.0,53.6,77.1,12.4,2.0,5.1,37.5,53.0,50.0,3.0,28.7,21.4,0.0,0.0,0.0,52.9,52.0,0.0,0.0,0.0,0.0,0.0,0.0,0.0,0.0,17.2,0.0,1.0,1.0,0.0,2.0,2.0,2.0,83.5,1.0,0.0,0.0,0.0,0.0,100.0,0.0,52.0,0.0,0.0,0.0,0.0,0.0,36.5,50.0,0.0,0.0,0.0,0.0,0.0,0.0,0.0,1.0,3.0,1.0,0.0,0.0,0.0,0.0,36.5,39.2,63.0,63,63,0.0,0.0,0.0,6.4671630859375,6.4671630859375,6.4671630859375,235.559,235.559,235.559,63,0.0,6.4671630859375,235.559,5
11776129.47640797,81.23540115356445,109582427.16958559,203839.5767250165,2114857.920319897,13494610.98766622,13.425,0.0,100.0,23.2,85.1,34.4,1.1,29.7,68.1,51.0,54.1,1.1,6.1,0.0,0.0,0.0,0.0,51.0,50.0,0.0,0.0,0.0,0.0,0.0,0.0,0.0,2.0,1.0,1.0,0.0,1.0,0.0,0.0,0.0,0.0,77.7,0.0,0.0,0.0,0.0,0.0,100.0,1.0,57.4,0.0,0.0,0.0,0.0,0.0,34.4,50.5,1.0,0.0,0.0,1.0,0.0,0.0,0.0,0.0,1.0,1.0,0.0,0.0,0.0,0.0,36.2,38.1,77.0,77,77,0.0,0.0,0.0,6.4671630859375,6.4671630859375,6.4671630859375,256.14,256.14,256.14,77,0.0,6.4671630859375,256.14,5
11776130.47444256,81.260986328125,108911733.11623822,202538.07017528437,2101281.8786199563,13407984.174709762,13.5109375,0.0,100.0,67.7,78.1,27.7,12.1,35.8,16.2,50.5,49.5,0.0,4.1,0.0,7.1,0.0,0.0,50.0,51.0,0.0,0.0,0.0,0.0,0.0,0.0,0.0,0.0,0.0,3.0,0.0,1.0,1.0,0.0,1.0,1.0,85.4,1.0,1.0,1.0,25.3,0.0,100.0,0.0,26.0,0.0,0.0,0.0,0.0,0.0,35.4,49.0,0.0,0.0,0.0,0.0,0.0,0.0,0.0,0.0,6.1,2.0,0.0,2.0,0.0,1.0,36.1,36.6,77.0,77,77,0.0,0.0,0.0,6.4671630859375,6.4671630859375,6.4671630859375,259.714,259.714,259.714,77,0.0,6.4671630859375,259.714,5
11776131.486092703,81.23556900024414,107480946.5819921,199819.07911596165,2073001.2387331852,13227529.388557259,13.4125,0.0,100.0,9.6,78.4,1.9,11.7,30.4,31.7,50.0,49.5,45.2,28.4,6.7,0.9,0.0,0.0,51.4,50.9,0.0,0.0,0.0,0.0,0.0,0.0,0.0,0.0,0.9,0.0,2.8,0.9,2.8,1.9,0.0,0.0,79.4,1.0,0.0,0.0,56.7,0.0,100.0,0.0,1.0,0.9,0.0,0.0,0.0,0.9,35.0,52.8,0.0,0.0,0.0,0.0,0.0,1.0,0.0,0.0,0.0,0.0,0.0,0.0,0.0,0.0,35.2,38.5,50.0,50,50,0.0,0.0,0.0,6.4671630859375,6.4671630859375,6.4671630859375,249.916,249.916,249.916,50,0.0,6.4671630859375,249.916,5
11776132.486454489,81.23362350463867,108729239.36032109,202083.88902107562,2096393.5556440132,13376792.473220685,13.4515625,0.0,100.0,2.9,83.0,1.0,1.9,30.0,36.7,51.9,50.5,8.8,21.6,68.4,1.0,0.0,0.0,50.5,50.5,0.0,0.0,0.0,0.0,0.0,0.0,0.0,1.9,0.0,1.0,0.0,1.0,0.0,0.0,0.0,1.0,78.8,1.0,1.0,1.0,46.2,7.9,100.0,0.0,0.0,0.0,0.0,0.0,0.0,0.0,35.4,49.5,1.0,0.0,0.0,0.0,0.0,0.0,0.0,0.0,1.0,1.0,0.0,0.0,0.0,0.0,36.6,36.9,48.0,48,48,0.0,0.0,0.0,6.4671630859375,6.4671630859375,6.4671630859375,242.246,242.246,242.246,48,0.0,6.4671630859375,242.246,5
11776133.484614568,81.25272750854492,109001856.79209727,202529.63851039216,2101017.706343812,13406298.528564908,13.821875,0.0,100.0,4.0,81.2,3.1,0.0,28.4,35.9,50.0,49.5,10.2,29.2,53.1,0.0,0.0,0.0,50.0,50.5,0.0,0.0,3.0,0.0,0.0,0.0,0.0,0.0,17.2,1.0,2.0,2.0,0.0,1.0,3.0,1.0,79.2,0.0,1.0,1.0,58.0,0.0,100.0,0.0,1.0,1.0,0.0,0.0,0.0,0.0,34.0,51.5,1.0,3.0,1.0,0.0,0.0,1.0,1.0,0.0,2.0,0.0,0.0,0.0,0.0,0.0,35.1,38.5,49.0,49,49,0.0,0.0,0.0,6.4671630859375,6.4671630859375,6.4671630859375,241.235,241.235,241.235,49,0.0,6.4671630859375,241.235,5
11776134.486437872,81.2317008972168,108635942.62725171,201798.06074404888,2093335.2130699703,13357277.619335143,13.4484375,0.0,100.0,3.0,77.3,50.5,2.0,0.0,15.5,50.5,50.5,54.2,5.9,33.7,0.0,0.0,0.0,50.5,50.0,0.0,0.0,0.0,0.0,0.0,0.0,0.0,1.0,2.0,1.0,0.0,2.0,1.0,1.0,1.0,1.0,84.5,0.0,1.0,0.0,56.0,0.0,100.0,0.0,2.0,0.0,0.0,0.0,0.0,0.0,33.7,51.5,0.0,1.0,0.0,3.0,0.0,0.0,0.0,0.0,1.0,0.0,0.0,0.0,0.0,0.0,35.4,38.0,49.0,49,49,0.0,0.0,0.0,6.4671630859375,6.4671630859375,6.4671630859375,241.488,241.488,241.488,49,0.0,6.4671630859375,241.488,5
11776135.486960003,81.23434829711914,108809920.95624788,202067.49427687895,2096057.5831478252,13374648.679968642,13.3921875,0.0,100.0,2.1,78.1,23.7,0.0,1.0,44.1,49.5,51.0,46.4,21.1,26.8,0.0,0.0,0.0,52.5,52.0,0.0,0.0,0.0,0.0,0.0,0.0,0.0,0.0,0.0,0.0,1.0,1.0,0.0,1.0,0.0,1.0,77.9,1.0,0.0,0.0,57.0,1.0,100.0,1.0,1.0,1.0,0.0,0.0,0.0,0.0,35.4,50.5,1.0,2.0,0.0,1.0,0.0,0.0,0.0,0.0,2.0,0.0,0.0,0.0,0.0,0.0,36.4,36.6,49.0,49,49,0.0,0.0,0.0,6.4671630859375,6.4671630859375,6.4671630859375,245.1,245.1,245.1,49,0.0,6.4671630859375,245.1,5
11776136.486058136,81.23371505737305,108997731.42480816,202364.50580990702,2099045.0588492453,13393711.342305634,13.5109375,0.0,100.0,3.0,85.9,62.4,0.0,0.0,5.0,49.5,47.5,41.4,9.9,42.6,0.0,0.0,0.0,49.0,48.5,0.0,1.9,0.0,0.0,0.0,0.0,0.0,1.0,0.0,1.9,0.0,2.9,0.0,0.0,2.9,2.0,84.8,1.0,0.0,0.0,56.9,0.0,100.0,0.0,0.0,0.0,0.0,0.0,0.0,0.0,33.7,51.0,0.0,1.0,0.0,2.9,0.0,0.0,2.0,0.0,0.0,0.0,0.0,0.0,0.0,0.0,36.0,38.1,47.0,47,47,0.0,0.0,0.0,6.4671630859375,6.4671630859375,6.4671630859375,230.561,230.561,230.561,47,0.0,6.4671630859375,230.561,5
11776137.487360472,81.23562622070312,108790432.36751604,201919.0336922051,2094424.3569935767,13364227.29355081,13.26875,0.0,100.0,2.0,78.1,23.2,0.0,0.0,45.3,51.5,49.5,28.3,30.6,35.7,0.0,0.0,0.0,50.5,49.0,0.0,0.0,1.0,0.0,1.0,0.0,0.0,1.0,1.0,0.0,2.0,0.0,1.0,1.0,1.0,1.0,79.2,0.0,0.0,0.0,6.0,43.6,100.0,0.0,2.0,2.0,0.0,0.0,0.0,0.0,33.7,49.5,0.0,1.0,0.0,0.0,0.0,0.0,1.0,0.0,6.1,0.0,0.0,0.0,0.0,0.0,35.4,36.0,49.0,49,49,0.0,0.0,0.0,6.4671630859375,6.4671630859375,6.4671630859375,245.918,245.918,245.918,49,0.0,6.4671630859375,245.918,5
11776138.471358608,81.23129653930664,110742385.52634849,205479.04765315758,2131256.068489274,13599245.265145425,13.5625,0.0,100.0,4.0,77.7,53.3,3.0,0.0,15.6,50.0,49.5,47.4,14.1,40.4,0.0,0.0,0.0,48.5,51.5,0.0,0.0,0.0,0.0,0.0,0.0,0.0,0.0,1.0,1.0,1.0,1.0,0.0,1.0,2.0,1.0,77.1,0.0,1.0,0.0,0.0,0.0,100.0,0.0,7.1,0.0,1.0,0.0,0.0,0.0,34.7,50.0,0.0,0.0,0.0,1.0,1.0,1.0,0.0,0.0,49.0,7.1,0.0,0.0,0.0,0.0,35.4,39.6,50.0,50,50,0.0,0.0,0.0,6.4671630859375,6.4671630859375,6.4671630859375,241.854,241.854,241.854,50,0.0,6.4671630859375,241.854,5
11776139.485991623,81.23376083374023,107430982.83834516,199283.8760921086,2066906.9204466755,13188642.400584549,13.8796875,0.0,100.0,2.1,80.0,33.3,1.0,4.1,33.3,51.0,51.0,47.4,36.5,10.1,0.0,0.0,0.0,54.1,52.6,0.0,0.0,0.0,0.0,0.0,0.0,0.0,1.0,24.2,33.3,1.0,0.0,0.0,1.0,1.0,1.0,83.3,2.0,0.0,0.0,0.0,0.0,100.0,0.0,1.0,0.0,1.0,0.0,0.0,0.0,35.8,49.5,0.0,0.0,0.0,0.0,0.0,0.0,2.0,0.0,15.2,3.1,2.0,0.0,0.0,0.0,36.8,37.6,74.0,74,74,0.0,0.0,0.0,6.4671630859375,6.4671630859375,6.4671630859375,244.513,244.513,244.513,74,0.0,6.4671630859375,244.513,5
11776140.486626497,81.23490524291992,108966574.03309147,202072.7094349724,2095821.4189691013,13377235.150763717,13.634375,0.0,100.0,3.8,83.3,29.0,0.0,3.9,36.1,50.0,49.5,55.4,33.3,0.0,1.0,0.0,0.0,49.0,50.0,0.0,0.0,0.0,0.0,0.0,0.0,0.0,1.0,8.7,1.0,35.9,9.7,1.0,0.0,0.0,1.0,81.0,0.0,0.0,4.9,0.0,0.0,100.0,0.0,0.0,18.3,1.9,0.0,0.0,1.0,33.0,51.0,1.9,1.0,0.0,0.0,0.0,0.0,0.0,0.0,1.0,1.0,0.0,0.0,0.0,0.0,35.3,38.7,48.0,48,48,0.0,0.0,0.0,6.4671630859375,6.4671630859375,6.4671630859375,230.986,230.986,230.986,48,0.0,6.4671630859375,230.986,5
11776141.490032433,81.23636245727539,108698273.62993015,201521.63021231914,2090033.4796003397,13340291.819011543,13.3234375,0.0,100.0,2.0,79.4,38.9,0.0,4.0,27.3,49.5,48.5,57.4,32.0,0.0,0.0,0.0,0.0,49.5,49.5,0.0,0.0,0.0,0.0,1.0,0.0,0.0,0.0,2.0,0.0,56.6,1.0,1.0,1.0,1.0,1.0,78.4,0.0,0.0,0.0,0.0,0.0,100.0,0.0,2.0,0.0,1.0,0.0,0.0,0.0,35.7,50.0,0.0,2.0,1.0,0.0,1.0,0.0,2.0,1.0,1.0,0.0,1.0,0.0,0.0,0.0,36.7,37.3,48.0,48,48,0.0,0.0,0.0,6.4671630859375,6.4671630859375,6.4671630859375,244.467,244.467,244.467,48,0.0,6.4671630859375,244.467,5
11776142.485887662,81.232177734375,109555313.68977065,203056.62320822346,2105880.392030128,13441439.689754799,13.365625,0.0,100.0,3.1,77.4,17.7,0.0,4.2,51.7,50.5,49.5,46.8,41.3,1.0,0.0,0.0,0.0,50.5,49.5,0.0,0.0,0.0,0.0,0.0,0.0,0.0,0.0,2.1,3.1,27.1,1.0,0.0,1.0,0.0,3.1,85.1,0.0,0.0,0.0,0.0,0.0,100.0,0.0,0.0,1.0,0.0,0.0,0.0,0.0,34.8,49.0,1.0,26.9,0.0,0.0,0.0,0.0,0.0,0.0,1.0,2.1,0.0,1.0,0.0,0.0,35.8,37.1,54.0,54,54,0.0,0.0,0.0,6.4671630859375,6.4671630859375,6.4671630859375,246.089,246.089,246.089,54,0.0,6.4671630859375,246.089,5
11776143.486463595,81.23529052734375,109076640.09740023,202107.5994415683,2095944.8749114044,13378023.14689545,13.6265625,0.0,100.0,5.8,86.1,51.0,1.9,13.6,17.6,50.5,50.0,26.3,61.2,0.0,0.0,0.0,0.0,49.0,51.4,0.0,0.0,0.0,0.0,0.0,0.0,0.0,1.9,0.0,1.9,1.0,0.0,1.0,2.9,0.0,0.0,78.8,0.0,0.0,0.0,0.0,0.0,100.0,1.0,0.0,1.0,0.0,0.0,0.0,0.0,35.4,51.9,0.0,54.3,1.9,0.0,0.0,0.0,0.0,0.0,2.9,0.0,0.0,0.0,0.0,0.0,35.6,36.2,50.0,50,50,0.0,0.0,0.0,6.4671630859375,6.4671630859375,6.4671630859375,229.054,229.054,229.054,50,0.0,6.4671630859375,229.054,5
11776144.487696698,81.23244857788086,109037738.26468223,201974.94414019052,2094569.1809750022,13369242.350442005,13.625,0.0,100.0,5.1,77.1,21.9,2.0,5.0,46.3,50.0,51.0,27.1,61.9,1.0,0.0,0.0,0.0,51.5,50.5,10.0,0.0,0.0,0.0,0.0,0.0,0.0,0.0,18.0,1.0,0.0,0.0,0.0,1.0,1.0,2.0,78.4,6.1,2.0,0.0,0.0,0.0,100.0,1.0,39.6,1.0,2.0,0.0,0.0,0.0,33.7,49.5,1.0,0.0,0.0,0.0,0.0,0.0,0.0,0.0,0.0,0.0,0.0,0.0,0.0,0.0,35.7,38.6,49.0,49,49,0.0,0.0,0.0,6.4671630859375,6.4671630859375,6.4671630859375,240.378,240.378,240.378,49,0.0,6.4671630859375,240.378,5
11776145.639040785,81.23463821411133,94850197.46523839,175711.1555864685,1821481.5394676998,11640405.46316077,12.9390625,0.0,100.0,3.2,77.2,24.4,0.0,5.3,30.9,53.1,51.1,41.9,6.5,9.7,1.1,0.0,0.0,51.6,52.6,0.0,0.0,0.0,0.0,0.0,0.0,0.0,0.0,0.0,2.1,0.0,0.0,1.0,0.0,3.2,0.0,84.9,54.3,1.1,1.1,1.1,0.0,100.0,0.0,0.0,0.0,1.1,0.0,0.0,0.0,38.5,52.1,0.0,0.0,0.0,0.0,0.0,0.0,0.0,0.0,0.0,0.0,1.1,0.0,0.0,0.0,39.1,38.8,0.0,0,0,0.0,0.0,0.0,6.4554443359375,6.4554443359375,6.4554443359375,178.795,178.795,178.795,0,0.0,6.4554443359375,178.795,5
11776146.636478474,82.86964797973633,109519818.786743,202831.71784983907,2102539.358773704,13436540.589663204,18.6515625,0.0,100.0,53.2,81.1,53.1,50.9,52.7,69.6,51.4,52.2,63.1,84.8,55.4,8.2,0.9,0.9,50.5,50.5,0.0,0.0,0.0,0.0,0.0,0.0,0.0,1.8,0.9,0.9,1.8,1.8,0.0,0.0,1.8,0.9,81.0,45.5,11.0,0.9,0.0,0.0,100.0,0.9,0.0,0.0,0.9,0.0,0.0,0.0,34.9,51.8,0.0,0.0,0.0,0.0,0.0,0.0,0.0,0.0,0.9,1.8,0.0,0.0,0.0,0.0,37.6,38.1,10.0,10,10,0.0,0.0,0.0,11.7445068359375,11.7445068359375,11.7445068359375,139.664,139.664,139.664,10,0.0,11.7445068359375,139.664,5
11776147.655633455,82.70165634155273,107218255.37908845,198525.25260231722,2057736.1044712286,13150219.792636445,13.4515625,0.0,100.0,6.5,81.7,5.7,20.0,26.6,3.8,51.9,53.8,14.2,46.2,15.4,0.0,0.0,0.0,54.6,52.4,0.0,0.0,0.0,0.0,0.0,0.0,0.0,0.0,1.9,1.9,2.8,0.9,0.9,0.9,0.9,1.9,79.6,0.9,41.3,0.9,0.0,0.0,100.0,0.0,8.5,7.5,0.9,0.0,0.0,0.0,39.0,54.3,0.0,0.0,0.0,0.0,0.0,0.0,0.9,0.9,0.9,0.0,0.0,0.0,0.0,0.0,41.0,39.4,83.0,83,83,0.0,0.0,0.0,11.7503662109375,11.7503662109375,11.7503662109375,197.827,197.827,197.827,83,0.0,11.7503662109375,197.827,5
11776148.664143508,82.70320510864258,108387889.30039124,200629.6311736809,2079455.721272665,13293083.155713735,13.278125,0.0,100.0,1.9,77.7,0.0,45.2,42.7,11.2,50.0,50.9,0.0,37.6,26.9,0.9,0.0,0.0,50.0,50.5,0.0,0.0,0.0,0.0,0.0,0.0,0.0,0.9,0.9,0.0,0.9,0.0,23.1,0.0,0.0,0.0,79.0,0.9,0.0,0.0,0.0,0.0,100.0,0.0,1.9,14.0,19.6,1.9,0.0,0.0,33.3,50.5,0.9,0.0,0.0,0.0,0.0,0.0,0.0,0.0,0.9,2.8,0.9,0.0,0.0,0.0,34.6,37.3,56.0,56,56,0.0,0.0,0.0,11.7503662109375,11.7503662109375,11.7503662109375,246.75,246.75,246.75,56,0.0,11.7503662109375,246.75,5
11776149.662047967,82.70196533203125,109572645.97051707,202763.90006295466,2101555.8965143915,13434360.252522664,13.926562500000001,0.0,100.0,5.9,84.4,0.0,56.3,35.1,6.1,51.0,50.5,0.0,43.7,23.2,0.0,0.0,0.0,52.0,53.1,0.0,0.0,0.0,0.0,0.0,0.0,0.0,1.0,18.0,1.0,1.0,0.0,55.1,2.0,0.0,1.0,85.7,1.0,2.0,0.0,0.0,0.0,100.0,0.0,0.0,2.0,0.0,0.0,0.0,0.0,34.0,48.5,0.0,0.0,0.0,0.0,0.0,0.0,0.0,0.0,2.0,0.0,0.0,1.0,0.0,0.0,36.7,38.0,57.0,57,57,0.0,0.0,0.0,11.7503662109375,11.7503662109375,11.7503662109375,267.777,267.777,267.777,57,0.0,11.7503662109375,267.777,5
11776150.66251999,82.70389175415039,109324191.55234993,202250.5332541976,2096162.5646917012,13399882.957492067,13.2625,0.0,100.0,4.2,76.9,2.1,25.5,64.9,4.3,48.4,48.9,1.0,53.3,18.8,0.0,0.0,0.0,50.5,48.4,0.0,0.0,0.0,0.0,0.0,0.0,0.0,0.0,0.0,0.0,1.1,0.0,54.8,1.1,1.1,1.1,76.9,0.0,0.0,0.0,0.0,0.0,100.0,0.0,2.1,1.1,1.1,0.0,0.0,0.0,35.5,51.0,1.0,0.0,0.0,0.0,0.0,0.0,0.0,0.0,0.0,0.0,0.0,0.0,0.0,0.0,35.9,37.8,76.0,76,76,0.0,0.0,0.0,11.7503662109375,11.7503662109375,11.7503662109375,271.731,271.731,271.731,76,0.0,11.7503662109375,271.731,5
11776151.66114592,82.70177459716797,109559099.82862002,202632.4310637617,2100037.5978247523,13424654.40953206,13.25,0.0,100.0,2.9,79.4,1.0,54.9,34.7,4.8,49.5,50.5,1.9,28.0,35.7,0.0,0.0,0.0,48.5,51.0,0.0,0.0,0.0,0.0,0.0,0.0,0.0,1.0,1.0,1.0,1.0,0.0,6.5,35.6,0.0,1.0,80.2,1.0,11.4,3.9,0.0,0.0,100.0,0.0,1.0,1.9,1.0,1.0,0.0,0.0,35.0,49.0,0.0,1.0,0.0,0.0,0.0,0.0,0.0,0.0,1.9,1.0,0.0,0.0,0.0,0.0,33.0,35.8,62.0,62,62,0.0,0.0,0.0,11.7503662109375,11.7503662109375,11.7503662109375,250.077,250.077,250.077,62,0.0,11.7503662109375,250.077,5
11776152.661998557,82.71736526489258,109348079.7820718,202181.61247791082,2095365.4139343705,13394787.108998427,13.4609375,0.0,100.0,2.0,84.7,1.0,26.8,61.6,4.0,52.5,48.5,0.0,20.4,49.5,0.0,0.0,0.0,51.5,51.0,0.0,0.0,0.0,0.0,0.0,0.0,0.0,0.0,0.0,1.0,0.0,1.0,0.0,0.0,17.3,1.0,83.5,1.0,1.0,35.0,0.0,0.0,100.0,0.0,1.0,1.0,1.0,0.0,0.0,0.0,35.4,51.0,0.0,0.0,1.0,0.0,0.0,0.0,0.0,0.0,0.0,0.0,0.0,0.0,0.0,0.0,37.0,39.8,61.0,61,61,0.0,0.0,0.0,11.7503662109375,11.7503662109375,11.7503662109375,267.028,267.028,267.028,61,0.0,11.7503662109375,267.028,5
11776153.65580648,82.70256042480469,110156174.5092181,203623.85457665188,2110218.6361792157,13489737.49260659,13.221875,0.0,100.0,4.3,76.9,2.1,39.1,54.4,0.0,51.1,51.1,1.1,32.2,35.6,1.1,0.0,0.0,49.5,49.5,0.0,0.0,0.0,0.0,0.0,0.0,0.0,1.1,1.1,0.0,0.0,0.0,0.0,0.0,22.1,34.4,78.3,0.0,1.1,0.0,0.0,0.0,100.0,0.0,0.0,0.0,0.0,0.0,0.0,0.0,34.4,51.6,1.0,0.0,0.0,0.0,0.0,0.0,0.0,0.0,0.0,0.0,0.0,0.0,0.0,0.0,36.3,36.8,80.0,80,80,0.0,0.0,0.0,11.7503662109375,11.7503662109375,11.7503662109375,272.073,272.073,272.073,80,0.0,11.7503662109375,272.073,5
11776154.663291752,82.70729064941406,108693244.46120839,200867.45240988457,2081570.8750576626,13306604.441530723,13.7703125,0.0,100.0,4.7,79.4,0.0,64.1,25.7,3.8,50.0,49.0,0.0,37.3,28.2,7.5,0.0,0.0,50.0,49.0,0.0,0.0,0.0,0.0,0.0,0.0,0.0,0.9,16.8,2.8,0.0,0.9,2.8,43.9,1.0,11.3,79.4,0.9,0.9,2.8,1.9,0.0,100.0,0.0,1.0,0.0,0.0,0.0,0.0,0.0,35.0,49.5,0.0,0.0,2.8,2.8,0.0,0.0,0.0,0.0,0.0,0.0,0.0,0.9,0.0,0.0,35.8,38.5,53.0,53,53,0.0,0.0,0.0,11.7503662109375,11.7503662109375,11.7503662109375,249.399,249.399,249.399,53,0.0,11.7503662109375,249.399,5
11776155.662159892,82.70460510253906,109669223.26619257,202603.318701573,2099528.3733169343,13421399.152082667,13.571875,0.0,100.0,2.0,81.3,2.0,56.7,35.4,9.0,51.0,49.5,1.0,8.2,62.6,0.0,1.0,0.0,50.0,51.5,0.0,0.0,0.0,0.0,0.0,0.0,0.0,0.0,0.0,0.0,1.0,1.0,0.0,36.1,18.4,2.0,85.7,0.0,0.0,0.0,0.0,0.0,100.0,0.0,0.0,1.0,1.0,0.0,0.0,0.0,34.0,50.5,0.0,1.0,0.0,0.0,0.0,0.0,0.0,0.0,1.0,0.0,0.0,0.0,0.0,0.0,36.1,38.6,57.0,57,57,0.0,0.0,0.0,11.7503662109375,11.7503662109375,11.7503662109375,262.159,262.159,262.159,57,0.0,11.7503662109375,262.159,5
11776156.641445143,82.7080192565918,111895751.36460909,206665.01381611265,2141512.90148672,13689788.528449286,13.45,0.0,100.0,4.3,81.1,2.2,38.2,55.6,0.0,49.5,50.0,0.0,23.9,46.2,0.0,0.0,0.0,48.9,49.5,0.0,0.0,0.0,0.0,0.0,0.0,0.0,1.1,2.1,0.0,0.0,1.1,0.0,11.7,36.6,2.1,76.1,2.2,0.0,1.1,0.0,0.0,100.0,0.0,0.0,0.0,0.0,0.0,1.1,0.0,35.9,48.9,1.1,1.1,1.1,2.1,1.1,8.6,0.0,0.0,2.1,1.1,1.1,0.0,0.0,0.0,35.2,36.8,83.0,83,83,0.0,0.0,0.0,11.7503662109375,11.7503662109375,11.7503662109375,271.916,271.916,271.916,83,0.0,11.7503662109375,271.916,5
11776157.662561897,82.7027702331543,107343898.30185191,198209.4595933419,2053782.7743032,13128966.836512448,13.2609375,0.0,100.0,6.6,79.0,0.9,50.0,38.2,6.5,50.0,48.5,1.0,8.7,57.0,0.0,0.0,0.0,49.1,50.0,45.3,0.0,0.0,0.0,7.5,0.0,0.0,0.9,0.0,2.8,0.0,0.9,0.0,0.0,0.0,0.9,81.9,1.9,1.9,0.0,0.9,0.0,100.0,0.0,0.0,0.0,0.0,0.0,0.0,0.0,33.7,51.0,0.0,0.0,0.9,0.0,0.0,0.0,0.0,0.0,0.0,0.0,0.0,0.0,0.0,0.0,35.3,37.4,59.0,59,59,0.0,0.0,0.0,11.7503662109375,11.7503662109375,11.7503662109375,253.255,253.255,253.255,59,0.0,11.7503662109375,253.255,5
11776158.6517115,82.70701217651367,110846133.6524744,204615.1558512063,2120156.5420275647,13553266.332141055,13.4453125,0.0,100.0,3.3,84.3,3.3,1.1,5.4,0.0,49.5,47.8,44.3,43.7,68.2,1.1,1.1,0.0,48.9,48.3,0.0,0.0,0.0,0.0,55.1,0.0,0.0,0.0,2.2,1.1,0.0,0.0,0.0,0.0,1.1,1.1,81.8,0.0,0.0,0.0,0.0,0.0,100.0,0.0,3.2,1.1,0.0,0.0,0.0,0.0,34.5,50.0,0.0,2.2,1.1,0.0,0.0,0.0,0.0,0.0,1.1,0.0,1.1,0.0,0.0,0.0,35.2,38.3,70.0,70,70,0.0,0.0,0.0,11.7503662109375,11.7503662109375,11.7503662109375,279.669,279.669,279.669,70,0.0,11.7503662109375,279.669,5
11776159.652546512,82.70367431640625,109584667.41706021,202235.13110835647,2095402.312573625,13395022.986432567,13.6890625,0.0,100.0,3.0,78.1,0.0,1.0,7.0,0.0,51.5,51.5,54.1,54.6,45.8,0.0,1.0,0.0,51.5,53.0,0.0,0.0,0.0,0.0,54.6,1.0,0.0,0.0,17.8,0.0,2.9,0.0,1.0,1.0,2.0,0.0,78.4,2.0,0.0,0.0,0.0,0.0,100.0,0.0,0.0,1.0,1.0,0.0,0.0,0.0,34.0,50.0,0.0,0.0,0.0,0.0,1.0,0.0,0.0,0.0,1.0,0.0,0.0,0.0,0.0,0.0,35.1,40.2,69.0,69,69,0.0,0.0,0.0,11.7503662109375,11.7503662109375,11.7503662109375,284.975,284.975,284.975,69,0.0,11.7503662109375,284.975,5
11776160.652197724,82.70562362670898,109747215.48488168,202483.6238085267,2097883.7161511336,13410885.552661445,13.3078125,0.0,100.0,6.2,76.9,3.1,1.1,4.2,0.0,49.5,50.5,60.2,45.6,44.0,0.0,0.0,0.0,49.0,49.5,0.0,0.0,0.0,0.0,11.5,41.9,0.0,2.1,0.0,1.0,0.0,1.0,0.0,1.0,1.0,1.0,84.0,1.1,0.0,0.0,0.0,0.0,100.0,0.0,1.1,2.1,2.1,0.0,0.0,0.0,35.5,49.5,0.0,0.0,1.0,0.0,0.0,0.0,0.0,0.0,2.1,0.0,0.0,0.0,0.0,0.0,36.2,36.7,71.0,71,71,0.0,0.0,0.0,11.7503662109375,11.7503662109375,11.7503662109375,290.268,290.268,290.268,71,0.0,11.7503662109375,290.268,5
11776161.653555289,82.70320510864258,109598409.06838435,202150.56752491154,2094308.8402420813,13388032.87912565,13.1921875,0.0,100.0,2.0,79.8,0.0,0.0,12.9,0.0,48.5,47.5,34.7,66.3,50.5,0.0,0.0,0.0,49.5,48.5,0.0,0.0,0.0,0.0,0.0,6.9,2.0,0.0,0.0,1.0,0.0,0.0,0.0,0.0,0.0,1.0,79.2,31.4,5.0,0.0,0.0,0.0,100.0,0.0,1.0,2.0,1.0,1.0,0.0,0.0,34.7,49.5,3.9,9.9,0.0,0.0,0.0,0.0,0.0,0.0,1.0,1.0,0.0,0.0,0.0,0.0,34.7,37.9,72.0,72,72,0.0,0.0,0.0,11.7503662109375,11.7503662109375,11.7503662109375,288.646,288.646,288.646,72,0.0,11.7503662109375,288.646,5
11776162.65319961,82.7022476196289,109819023.37991957,202508.0279626019,2097898.1794632697,13410978.010514222,13.432812499999999,0.0,100.0,20.8,84.6,8.3,0.0,2.8,0.0,50.5,50.9,37.3,68.6,21.5,0.0,0.0,0.0,50.5,50.9,0.0,0.0,6.5,0.0,0.0,0.0,0.0,0.9,0.9,0.0,0.0,0.9,0.9,0.9,0.9,0.0,81.1,0.0,0.9,0.9,0.0,0.0,100.0,0.0,1.9,0.0,0.0,0.0,0.0,0.0,34.0,48.6,50.0,6.4,1.9,0.0,0.0,0.0,0.0,0.0,0.0,0.0,0.0,0.0,0.0,0.0,35.2,40.2,67.0,67,67,0.0,0.0,0.0,11.7503662109375,11.7503662109375,11.7503662109375,264.05,264.05,264.05,67,0.0,11.7503662109375,264.05,5
11776163.655792195,82.71326446533203,109528756.28195883,201912.5244198226,2091729.0126858852,13371541.129923636,13.6734375,0.0,100.0,9.8,77.4,10.9,1.1,10.6,1.1,48.9,48.9,59.8,44.4,30.3,1.1,0.0,0.0,48.4,49.5,0.0,0.0,0.0,0.0,0.0,0.0,0.0,0.0,1.1,1.1,1.1,0.0,1.1,1.1,0.0,1.1,83.7,0.0,0.0,0.0,0.0,0.0,100.0,0.0,1.1,0.0,1.1,2.1,0.0,0.0,34.8,51.1,56.3,2.1,0.0,2.1,0.0,4.2,1.1,1.1,5.3,5.3,0.0,0.0,1.1,1.1,36.2,36.5,68.0,68,68,0.0,0.0,0.0,11.7503662109375,11.7503662109375,11.7503662109375,285.704,285.704,285.704,68,0.0,11.7503662109375,285.704,5
11776164.654792435,82.70247650146484,109955411.00881113,202645.5969382223,2099250.746680235,13419624.402117986,13.70625,0.0,100.0,8.7,78.1,2.9,0.0,0.0,0.0,50.5,49.5,57.3,49.0,47.4,1.0,0.0,0.0,50.5,49.0,0.0,0.0,0.0,0.0,0.0,0.0,0.0,1.0,18.8,2.0,0.0,2.9,0.0,1.0,1.0,0.0,77.3,1.0,1.0,0.0,0.0,0.0,100.0,0.0,1.0,0.0,0.0,0.0,0.0,0.0,35.7,50.0,35.7,20.8,1.0,2.0,0.0,0.0,0.0,0.0,2.0,1.0,1.0,1.0,1.0,0.0,35.1,40.0,68.0,68,68,0.0,0.0,0.0,11.7503662109375,11.7503662109375,11.7503662109375,284.224,284.224,284.224,68,0.0,11.7503662109375,284.224,5
11776165.65535394,82.70295333862305,109816582.58327618,202337.38680998088,2095975.1022386898,13398684.589115687,13.4453125,0.0,100.0,7.4,85.1,2.1,1.0,0.0,0.0,49.5,50.5,69.9,39.4,46.8,0.0,2.1,0.0,49.5,48.9,0.0,0.0,0.0,0.0,0.0,0.0,0.0,1.0,0.0,0.0,0.0,1.1,1.0,1.0,0.0,2.1,83.0,0.0,1.0,0.0,0.0,0.0,100.0,0.0,0.0,0.0,0.0,0.0,0.0,1.0,35.5,50.0,18.1,36.5,0.0,0.0,0.0,0.0,0.0,0.0,1.1,0.0,1.0,0.0,0.0,0.0,36.8,38.1,88.0,88,88,0.0,0.0,0.0,11.7503662109375,11.7503662109375,11.7503662109375,292.071,292.071,292.071,88,0.0,11.7503662109375,292.071,5
11776166.65328066,82.70205307006836,110144862.99292105,202880.62807481625,2101509.0137723847,13434060.550931672,13.3703125,0.0,100.0,14.9,78.8,2.0,0.0,0.0,0.0,49.0,51.0,55.4,51.5,43.9,0.0,0.0,0.0,50.5,51.5,0.0,0.0,0.0,0.0,0.0,0.0,0.0,0.0,1.0,1.0,0.0,0.0,0.0,0.0,1.9,0.0,80.8,1.0,0.0,0.0,0.0,0.0,100.0,0.0,0.0,0.0,1.0,0.0,0.0,0.0,35.0,50.0,38.8,20.2,1.0,1.0,0.0,0.0,0.0,0.0,1.0,0.0,0.0,0.0,0.0,1.9,34.7,36.9,68.0,68,68,0.0,0.0,0.0,11.7503662109375,11.7503662109375,11.7503662109375,268.029,268.029,268.029,68,0.0,11.7503662109375,268.029,5
11776167.654295724,82.70622253417969,109837765.70681341,202254.69866291815,2095025.4164295967,13392613.648386855,13.2203125,0.0,100.0,7.9,78.1,1.0,2.0,0.0,0.0,50.5,50.5,51.0,63.9,36.5,2.0,0.0,0.0,50.0,50.5,0.0,0.0,0.0,0.0,0.0,0.0,0.0,1.0,1.0,0.0,1.0,1.0,0.0,1.0,0.0,0.0,78.4,2.0,0.0,0.0,0.0,0.0,100.0,0.0,0.0,0.0,0.0,0.0,0.0,0.0,34.4,50.0,15.2,41.0,0.0,0.0,0.0,0.0,0.0,0.0,1.0,1.0,1.0,0.0,0.0,0.0,35.7,37.5,66.0,66,66,0.0,0.0,0.0,11.7503662109375,11.7503662109375,11.7503662109375,282.762,282.762,282.762,66,0.0,11.7503662109375,282.762,5
11776168.653049543,82.70185089111328,110119249.44871257,202719.62522067575,2099768.6905559455,13422935.398807831,13.321875,0.0,100.0,6.0,78.6,3.0,1.0,1.0,0.0,51.0,49.5,52.6,60.6,38.5,0.0,0.0,0.0,49.5,48.0,0.0,0.0,0.0,0.0,0.0,0.0,0.0,1.0,0.0,1.0,0.0,0.0,1.0,2.0,1.0,2.0,86.0,1.0,0.0,0.0,0.0,0.0,100.0,0.0,1.0,0.0,0.0,0.0,1.0,1.0,33.7,50.0,0.0,55.0,0.0,0.0,0.0,0.0,1.0,0.0,1.0,1.0,0.0,0.0,0.0,0.0,35.4,38.2,88.0,88,88,0.0,0.0,0.0,11.7503662109375,11.7503662109375,11.7503662109375,292.643,292.643,292.643,88,0.0,11.7503662109375,292.643,5
11776169.651909417,82.70650100708008,110140333.96396935,202705.10956003296,2099545.7487086845,13421510.225631885,13.39375,0.0,100.0,9.2,84.5,2.0,1.0,0.0,1.0,50.0,48.5,67.0,43.8,40.9,2.0,1.0,0.0,50.0,49.5,0.0,0.0,0.0,0.0,0.0,0.0,0.0,0.0,6.1,1.0,0.0,1.0,0.0,1.0,0.0,0.0,77.7,1.0,0.0,0.0,0.0,0.0,100.0,0.0,2.0,1.0,0.0,0.0,0.0,0.0,35.1,49.5,30.3,25.5,0.0,0.0,0.0,0.0,0.0,0.0,2.0,0.0,0.0,1.0,0.0,1.0,34.0,37.6,70.0,70,70,0.0,0.0,0.0,11.7503662109375,11.7503662109375,11.7503662109375,284.507,284.507,284.507,70,0.0,11.7503662109375,284.507,5
11776170.658750886,82.70293045043945,109299754.06010929,201107.1316810906,2082901.8901303443,13315113.059368392,13.6,0.0,100.0,7.1,77.7,2.0,0.0,0.0,0.0,51.0,52.5,30.5,70.2,54.2,0.0,0.0,0.0,50.5,51.0,0.0,0.0,0.0,0.0,0.0,0.0,0.0,0.0,13.1,1.0,1.0,1.0,0.0,1.0,1.0,1.0,78.7,0.0,1.0,0.0,0.0,0.0,100.0,0.0,0.0,0.0,0.0,0.0,0.0,1.0,34.7,46.3,1.0,52.5,0.0,0.0,0.0,0.0,3.1,1.0,2.0,4.1,0.0,0.0,3.1,0.0,36.5,39.6,72.0,72,72,0.0,0.0,0.0,11.7503662109375,11.7503662109375,11.7503662109375,286.778,286.778,286.778,72,0.0,11.7503662109375,286.778,5
11776171.652657432,82.7058219909668,110760697.17067468,203733.4402682833,2110009.243454116,13488398.933252582,13.4765625,0.0,100.0,3.0,77.8,0.0,1.0,0.0,13.9,48.5,48.5,49.0,47.5,55.1,0.0,0.0,0.0,50.5,49.5,0.0,0.0,0.0,0.0,0.0,0.0,0.0,2.0,0.0,2.0,1.0,1.0,1.0,1.0,0.0,1.0,82.0,1.0,1.0,0.0,0.0,0.0,100.0,0.0,26.7,2.0,0.0,0.0,0.0,0.0,34.3,51.5,2.0,17.0,1.9,0.0,0.0,0.0,1.0,10.8,1.0,0.0,1.0,0.0,0.0,0.0,36.0,40.0,69.0,69,69,0.0,0.0,0.0,11.7503662109375,11.7503662109375,11.7503662109375,267.124,267.124,267.124,69,0.0,11.7503662109375,267.124,5
11776172.654939909,82.70283889770508,109867767.45183396,202031.86710147036,2092376.201427125,13375678.334513633,13.353125,0.0,100.0,5.0,82.8,3.0,1.0,0.0,5.0,49.5,51.5,40.0,33.3,76.5,1.0,0.0,0.0,50.5,50.5,0.0,0.0,1.0,0.0,0.0,0.0,0.0,0.0,0.0,1.0,1.0,1.0,0.0,2.0,0.0,1.0,81.2,1.0,1.0,0.0,1.0,0.0,100.0,0.0,0.0,0.0,0.0,0.0,0.0,0.0,34.4,48.5,0.0,54.5,0.0,0.0,0.0,0.0,0.0,1.0,1.0,0.0,0.0,0.0,0.0,1.0,36.1,37.3,72.0,72,72,0.0,0.0,0.0,11.7503662109375,11.7503662109375,11.7503662109375,288.985,288.985,288.985,72,0.0,11.7503662109375,288.985,5
11776173.65447718,82.70655822753906,110202294.6456519,202593.7457220275,2098122.8593997103,13412414.29456104,13.36875,0.0,100.0,3.0,81.1,3.0,0.0,0.0,5.0,51.0,47.4,38.9,60.8,54.2,1.0,0.0,0.0,49.0,52.0,0.0,0.0,0.0,0.0,0.0,0.0,0.0,0.0,0.0,1.0,0.0,1.0,1.0,0.0,1.0,0.0,77.8,0.0,1.0,4.0,0.0,0.0,100.0,0.0,3.0,1.0,0.0,0.0,0.0,0.0,34.0,51.0,2.0,56.1,1.0,0.0,0.0,0.0,0.0,0.0,0.0,0.0,1.0,0.0,0.0,0.0,35.7,37.6,71.0,71,71,0.0,0.0,0.0,11.7503662109375,11.7503662109375,11.7503662109375,290.031,290.031,290.031,71,0.0,11.7503662109375,290.031,5
11776174.63322449,82.70269012451172,112576620.20703949,206904.27272919382,2142689.928558392,13697312.765960189,13.453125,0.0,100.0,2.1,77.4,0.0,2.1,1.0,4.2,50.5,50.0,51.1,50.5,52.1,0.0,0.0,0.0,52.1,48.9,1.0,0.0,0.0,0.0,0.0,0.0,0.0,2.0,0.0,2.1,1.0,0.0,1.0,3.1,1.0,0.0,84.9,2.1,2.1,1.0,0.0,0.0,100.0,0.0,0.0,0.0,0.0,0.0,0.0,0.0,35.1,50.0,0.0,56.3,0.0,0.0,1.0,0.0,0.0,0.0,0.0,0.0,0.0,0.0,0.0,0.0,36.5,38.8,69.0,69,69,0.0,0.0,0.0,11.7503662109375,11.7503662109375,11.7503662109375,287.606,287.606,287.606,69,0.0,11.7503662109375,287.606,5
11776175.653722843,82.70478057861328,108002945.39358303,198448.13978249184,2055027.3224887531,13136922.708018923,13.6984375,0.0,100.0,5.9,83.8,3.0,0.0,0.0,5.0,50.0,48.5,37.5,44.0,70.1,1.0,0.0,0.0,49.5,51.5,0.0,0.0,0.0,0.0,0.0,0.0,0.0,0.0,16.8,1.0,0.0,0.0,0.0,1.0,1.0,2.0,79.2,2.0,3.0,1.0,0.0,0.0,100.0,0.0,1.0,2.0,0.0,0.0,0.0,0.0,35.4,50.5,0.0,55.0,1.0,0.0,0.0,0.0,0.0,0.0,1.0,0.0,0.0,0.0,0.0,0.0,36.7,37.3,72.0,72,72,0.0,0.0,0.0,11.7503662109375,11.7503662109375,11.7503662109375,290.231,290.231,290.231,72,0.0,11.7503662109375,290.231,5
11776176.665951747,82.7033462524414,108923064.2718298,200079.25000092605,2071815.9609034993,13244245.390697563,13.3421875,0.0,100.0,1.8,81.7,37.8,1.8,31.5,22.0,51.3,52.2,58.6,32.1,18.0,0.0,0.0,0.0,49.1,48.1,0.0,0.0,0.0,0.0,0.0,0.0,0.0,0.9,0.9,0.0,0.9,0.9,0.9,0.0,0.0,0.0,80.6,0.9,0.0,0.0,0.0,0.0,100.0,0.0,2.7,0.0,0.9,0.0,0.0,0.0,35.8,49.6,17.9,0.0,0.0,0.0,0.0,0.0,0.0,0.0,0.9,0.0,0.0,0.0,0.0,0.0,35.8,38.3,57.0,57,57,0.0,0.0,0.0,11.7503662109375,11.7503662109375,11.7503662109375,252.065,252.065,252.065,57,0.0,11.7503662109375,252.065,5
11776177.66610404,82.6976432800293,110271050.6309254,202497.1613569675,2096832.66972511,13404166.656270089,13.3859375,0.0,100.0,3.0,78.9,48.5,7.2,44.2,24.0,48.5,50.0,27.8,38.8,26.5,0.0,0.0,0.0,51.5,51.5,0.0,0.0,0.0,0.0,0.0,0.0,0.0,0.0,0.0,1.0,0.0,1.0,0.0,1.0,1.0,2.0,84.7,0.0,0.0,0.0,0.0,0.0,100.0,0.0,1.0,1.0,1.0,0.0,0.0,0.0,34.7,50.0,0.0,0.0,1.0,0.0,0.0,0.0,0.0,0.0,1.0,0.0,0.0,0.0,1.0,0.0,35.7,39.2,58.0,58,58,0.0,0.0,0.0,11.7503662109375,11.7503662109375,11.7503662109375,273.964,273.964,273.964,58,0.0,11.7503662109375,273.964,5
11776178.664888281,82.70488357543945,110454893.39843245,202781.53323115341,2099704.732410595,13422526.541366948,13.3796875,0.0,100.0,3.2,76.1,54.3,10.5,23.9,46.6,49.5,51.6,4.3,38.5,51.1,0.0,0.0,0.0,47.8,48.9,0.0,0.0,0.0,0.0,0.0,0.0,0.0,1.1,1.0,2.1,1.1,1.1,1.1,0.0,0.0,0.0,76.9,0.0,0.0,0.0,0.0,0.0,100.0,0.0,2.1,2.1,0.0,0.0,0.0,0.0,34.8,50.5,0.0,0.0,0.0,0.0,0.0,0.0,0.0,0.0,2.1,2.1,0.0,0.0,0.0,0.0,34.4,37.5,77.0,77,77,0.0,0.0,0.0,11.7503662109375,11.7503662109375,11.7503662109375,273.316,273.316,273.316,77,0.0,11.7503662109375,273.316,5
11776179.665375356,82.70283889770508,110299645.88205118,202443.39503399318,2096131.0285389149,13399681.360171618,13.459375,0.0,100.0,3.7,79.6,1.0,54.4,13.5,53.1,50.0,48.5,14.3,15.2,64.4,0.0,0.0,0.0,50.5,50.5,0.0,0.0,0.0,0.0,0.0,0.0,0.0,1.0,0.0,1.0,0.9,0.9,0.9,0.0,1.0,0.9,79.6,0.9,0.0,0.0,0.0,0.0,100.0,0.0,0.0,0.0,0.0,0.0,0.0,0.0,35.9,49.5,0.0,0.0,0.0,0.0,0.0,0.0,13.3,0.9,0.0,0.0,0.0,1.9,0.0,0.9,35.6,37.6,56.0,56,56,0.0,0.0,0.0,11.7503662109375,11.7503662109375,11.7503662109375,247.015,247.015,247.015,56,0.0,11.7503662109375,247.015,5
11776180.66725888,82.70362854003906,110178602.00965281,202161.224574899,2093209.390840905,13381004.562934145,13.7796875,0.0,100.0,2.0,85.6,11.1,46.5,8.0,63.0,48.5,50.5,40.6,4.0,48.0,0.0,0.0,0.0,50.5,49.0,0.0,0.0,0.0,0.0,0.0,0.0,0.0,0.0,17.8,0.0,0.0,0.0,1.0,0.0,1.0,0.0,83.3,2.0,1.0,0.0,0.0,0.0,100.0,0.0,1.0,1.0,1.0,1.0,0.0,0.0,34.4,50.5,0.0,0.0,0.0,0.0,0.0,0.0,0.0,0.0,2.0,1.0,0.0,0.0,1.0,0.0,37.4,38.2,58.0,58,58,0.0,0.0,0.0,11.7503662109375,11.7503662109375,11.7503662109375,265.023,265.023,265.023,58,0.0,11.7503662109375,265.023,5
11776181.6569349,82.70258712768555,111570749.06596583,204667.98800202363,2119028.8088391786,13546057.209630141,13.290625,0.0,100.0,7.6,75.6,16.1,14.1,13.5,53.5,51.6,50.0,41.6,34.1,40.7,0.0,1.1,0.0,48.9,50.0,0.0,0.0,0.0,0.0,0.0,0.0,0.0,1.1,0.0,1.1,1.1,1.1,0.0,2.1,2.1,1.1,78.9,0.0,1.1,0.0,0.0,0.0,100.0,0.0,2.2,1.1,2.2,0.0,0.0,0.0,34.1,50.5,0.0,0.0,1.1,0.0,0.0,1.1,0.0,0.0,0.0,0.0,0.0,0.0,0.0,0.0,33.0,37.2,58.0,58,58,0.0,0.0,0.0,11.7503662109375,11.7503662109375,11.7503662109375,269.577,269.577,269.577,58,0.0,11.7503662109375,269.577,5
11776182.654875772,82.7073860168457,110685066.73508757,202985.97413043224,2101479.2149776085,13442078.96299154,13.6234375,0.0,100.0,52.5,80.4,30.9,17.3,28.6,33.0,51.5,50.5,3.9,15.2,14.0,26.5,0.0,0.0,52.5,51.5,0.0,0.0,0.0,0.0,0.0,0.0,0.0,1.0,1.0,2.0,0.0,1.0,0.0,0.0,0.0,1.0,80.2,2.0,0.0,0.0,0.0,0.0,100.0,0.0,2.0,1.0,0.0,0.0,0.0,0.0,35.4,49.5,0.0,0.0,0.0,0.0,0.0,1.0,0.0,0.0,9.1,2.0,0.0,0.0,0.0,0.0,36.4,39.0,90.0,90,90,0.0,0.0,0.0,11.7503662109375,11.7503662109375,11.7503662109375,282.3,282.3,282.3,90,0.0,11.7503662109375,282.3,5
11776183.654818434,82.70248413085938,110496243.61213894,202579.6154706162,2097272.2529887925,13415169.196363859,13.2796875,0.0,100.0,30.2,82.7,39.4,30.7,40.2,2.0,51.0,49.0,13.3,0.0,4.0,0.0,0.0,0.0,51.0,51.5,0.0,0.0,0.0,0.0,0.0,0.0,0.0,0.0,0.0,0.0,1.0,0.0,35.0,0.0,1.0,0.0,84.2,1.0,1.0,0.0,0.0,0.0,100.0,0.0,0.0,0.0,0.0,1.0,0.0,0.0,33.0,50.5,0.0,0.0,0.0,0.0,0.0,0.0,0.0,0.0,8.0,14.7,0.0,0.0,0.0,0.0,36.6,37.9,77.0,77,77,0.0,0.0,0.0,11.7503662109375,11.7503662109375,11.7503662109375,265.78,265.78,265.78,77,0.0,11.7503662109375,265.78,5
11776184.666407019,82.85777282714844,109256548.24410777,200254.33568307554,2073127.38781406,13260726.9435372,15.4203125,0.0,89.9,2.0,78.1,28.9,28.9,26.8,0.0,51.0,51.5,43.2,40.2,24.0,1.0,0.0,0.0,50.0,50.5,0.0,0.0,0.0,0.0,0.0,1.0,0.0,0.0,1.0,1.0,0.0,2.0,0.0,0.0,1.0,2.0,77.9,1.0,3.0,0.0,0.0,0.0,31.3,22.2,89.9,22.4,23.0,23.0,22.2,0.0,36.5,51.0,0.0,0.0,0.0,0.0,0.0,0.0,0.0,0.0,1.0,22.7,0.0,0.0,0.0,0.0,36.1,39.6,84.0,84,84,0.0,0.0,0.0,11.7503662109375,11.7503662109375,11.7503662109375,277.653,277.653,277.653,84,0.0,11.7503662109375,277.653,5
11776185.649970803,82.8678092956543,112402945.02617234,205972.4068642357,2132197.2535263645,13638566.416599305,14.396875,0.0,100.0,3.2,77.8,2.1,1.1,39.1,16.3,48.4,50.0,43.8,63.3,52.2,1.1,0.0,0.0,50.5,50.0,3.2,1.1,0.0,0.0,1.1,1.1,0.0,3.2,19.4,4.3,1.1,0.0,1.1,0.0,0.0,0.0,85.9,2.1,2.1,1.1,1.1,2.1,0.0,1.1,100.0,0.0,0.0,0.0,0.0,0.0,34.8,50.0,2.2,2.1,2.2,2.1,2.1,2.1,3.1,2.1,4.2,2.1,2.1,1.1,0.0,1.1,38.0,40.0,68.0,68,68,0.0,0.0,0.0,11.7503662109375,11.7503662109375,11.7503662109375,288.485,288.485,288.485,68,0.0,11.7503662109375,288.485,5
11776186.657432204,82.88131713867188,109769225.82133332,201096.53814896574,2081620.1975951262,13315051.068601638,13.6578125,0.0,100.0,5.9,85.6,1.0,1.0,1.0,0.0,52.0,51.0,64.3,50.0,40.6,1.0,0.0,0.0,50.5,51.5,0.0,0.0,0.0,0.0,0.0,0.0,0.0,1.0,3.9,53.5,1.0,1.0,0.0,0.0,1.0,1.0,78.4,0.0,0.0,0.0,0.0,0.0,0.0,0.0,100.0,2.0,0.0,0.0,0.0,0.0,34.4,51.5,0.0,1.0,0.0,0.0,0.0,0.0,1.0,0.0,8.0,2.0,3.0,1.0,0.0,0.0,36.7,37.3,69.0,69,69,0.0,0.0,0.0,11.7503662109375,11.7503662109375,11.7503662109375,288.865,288.865,288.865,69,0.0,11.7503662109375,288.865,5
11776187.655602235,82.80190658569336,110829359.26574317,202979.4460462784,2100996.758444113,13438992.937313419,13.3765625,0.0,100.0,8.9,78.4,1.9,1.0,0.0,0.0,50.5,48.6,54.1,36.0,63.1,0.0,0.0,0.0,50.5,49.0,0.0,0.0,0.0,0.0,0.0,0.0,0.0,1.0,0.0,30.2,1.0,27.6,1.9,0.0,1.0,0.0,78.4,1.9,2.9,2.9,0.0,0.0,0.0,0.0,100.0,1.0,0.0,0.0,0.0,0.0,36.3,50.5,0.0,0.0,0.0,0.0,0.0,0.0,0.0,0.0,0.0,0.0,1.0,1.0,0.9,0.0,35.9,38.7,72.0,72,72,0.0,0.0,0.0,11.7503662109375,11.7503662109375,11.7503662109375,267.938,267.938,267.938,72,0.0,11.7503662109375,267.938,5
11776188.667118428,82.80399322509766,109399459.71569979,200301.2916812795,2073275.756396483,13261675.98085641,13.1828125,0.0,100.0,44.7,79.8,19.8,1.9,0.0,0.0,48.1,51.4,45.3,28.7,22.2,0.0,0.0,0.0,50.9,49.1,0.0,0.0,0.0,0.0,0.0,0.0,0.0,0.9,32.4,8.5,13.8,0.0,0.0,0.0,0.0,2.7,79.8,1.9,0.9,0.0,0.0,0.0,0.0,0.0,100.0,0.9,1.8,0.0,0.0,0.9,33.7,49.1,0.0,0.0,0.0,0.0,0.0,0.0,0.0,0.0,0.0,0.9,0.0,0.0,0.0,0.0,35.8,37.8,56.0,56,56,0.0,0.0,0.0,11.7503662109375,11.7503662109375,11.7503662109375,272.164,272.164,272.164,56,0.0,11.7503662109375,272.164,5
11776189.635412008,82.80198287963867,114316684.90517259,209249.55440421577,2165822.478680798,13853649.643905496,13.39375,0.0,100.0,29.7,79.1,42.7,1.1,1.1,0.0,49.5,51.0,45.1,41.1,5.3,0.0,0.0,0.0,48.4,51.1,0.0,0.0,0.0,0.0,0.0,0.0,0.0,0.0,1.1,1.1,55.4,1.1,0.0,0.0,1.1,0.0,84.9,1.1,2.1,0.0,0.0,0.0,0.0,0.0,100.0,0.0,0.0,0.0,0.0,0.0,33.7,49.5,0.0,0.0,0.0,0.0,0.0,1.1,0.0,0.0,2.1,0.0,2.2,0.0,0.0,0.0,35.9,39.6,74.0,74,74,0.0,0.0,0.0,11.7503662109375,11.7503662109375,11.7503662109375,269.438,269.438,269.438,74,0.0,11.7503662109375,269.438,5
11776190.668065064,82.80340576171875,107223716.95656341,196214.98121369063,2030838.9033878536,12990229.31366254,13.55625,0.0,100.0,5.7,78.6,28.2,36.6,1.9,0.9,50.0,49.5,41.7,47.6,3.8,0.0,0.0,0.0,50.5,49.1,0.0,0.0,0.0,0.0,0.0,0.0,0.0,0.9,17.9,1.9,56.2,0.0,0.9,0.0,0.0,0.0,78.6,0.0,0.9,0.0,0.0,0.0,0.0,0.0,100.0,0.0,0.0,0.0,0.0,0.0,36.8,50.9,0.0,0.0,0.0,0.0,0.0,0.0,0.0,0.0,1.9,2.8,0.9,0.9,0.0,0.0,35.0,37.0,58.0,58,58,0.0,0.0,0.0,11.7503662109375,11.7503662109375,11.7503662109375,257.264,257.264,257.264,58,0.0,11.7503662109375,257.264,5
11776191.668147536,82.80496215820312,110748545.3083974,202605.29066772966,2096979.0572317448,13413293.774285085,13.440625,0.0,100.0,2.0,83.3,38.7,31.2,0.0,0.0,50.5,49.5,26.0,61.5,4.0,0.0,0.0,0.0,49.0,51.0,0.0,0.0,0.0,0.0,0.0,0.0,0.0,1.0,2.0,1.0,56.1,1.0,1.0,1.0,1.0,2.0,82.1,0.0,0.0,0.0,0.0,0.0,0.0,0.0,100.0,0.0,0.0,0.0,0.0,1.0,33.0,51.0,0.0,0.0,0.0,0.0,0.0,0.0,0.0,0.0,3.0,2.0,1.0,1.0,0.0,0.0,35.1,38.2,57.0,57,57,0.0,0.0,0.0,11.7503662109375,11.7503662109375,11.7503662109375,255.321,255.321,255.321,57,0.0,11.7503662109375,255.321,5
11776192.63777174,82.80703353881836,114261244.17979811,208988.18227389644,2162850.2982237786,13914900.160838136,13.478125,0.0,100.0,3.4,75.6,17.2,10.3,0.0,0.0,51.7,51.7,43.5,47.0,47.7,0.0,0.0,0.0,51.7,52.9,0.0,0.0,0.0,0.0,0.0,0.0,0.0,0.0,0.0,1.1,21.6,1.1,0.0,0.0,0.0,0.0,80.7,27.8,2.3,1.1,1.1,0.0,0.0,0.0,100.0,1.1,0.0,0.0,0.0,0.0,36.0,51.7,0.0,0.0,0.0,0.0,0.0,0.0,0.0,0.0,0.0,1.1,0.0,7.9,1.1,0.0,36.4,37.8,71.0,71,71,0.0,0.0,0.0,11.7503662109375,11.7503662109375,11.7503662109375,275.151,275.151,275.151,71,0.0,11.7503662109375,275.151,5
11776193.657211972,82.8164176940918,108715314.08903086,198786.54350660852,2057160.326314556,13234933.818125287,13.926562500000001,0.0,100.0,3.0,84.7,0.0,0.0,0.0,0.0,50.0,50.5,61.5,67.7,35.7,0.0,0.0,0.0,53.5,52.0,0.0,0.0,0.0,0.0,0.0,0.0,0.0,1.0,2.0,1.0,1.0,2.0,1.0,0.0,0.0,1.0,82.7,2.0,1.0,1.0,0.0,0.0,0.0,0.0,100.0,1.0,0.0,0.0,0.0,0.0,35.7,51.0,0.0,2.0,2.0,2.0,2.0,0.0,0.0,1.0,4.0,3.0,0.0,45.5,12.9,1.0,35.1,38.8,73.0,73,73,0.0,0.0,0.0,11.7503662109375,11.7503662109375,11.7503662109375,288.036,288.036,288.036,73,0.0,11.7503662109375,288.036,5
11776194.668116797,82.7708854675293,109665667.16115324,200471.8892582795,2074529.6188740607,13346680.790178038,13.3625,0.0,100.0,2.8,79.2,25.0,7.3,6.4,0.9,48.1,50.9,39.8,34.9,41.9,0.0,0.0,0.0,49.1,50.5,0.0,0.0,0.0,0.0,0.0,0.0,0.0,0.0,0.0,0.0,0.9,1.8,0.9,0.9,0.9,0.9,83.2,5.5,0.9,0.0,0.0,0.0,1.8,0.0,100.0,0.0,0.0,0.0,0.0,0.0,35.8,50.0,1.8,0.9,0.0,0.0,0.0,0.0,0.0,0.0,0.0,14.5,0.9,27.4,15.5,0.0,36.4,37.5,57.0,57,57,0.0,0.0,0.0,11.7503662109375,11.7503662109375,11.7503662109375,257.526,257.526,257.526,57,0.0,11.7503662109375,257.526,5
11776195.659227287,82.80354690551758,111888970.04706945,204476.69751749843,2115961.8627952216,13613239.015717696,13.40625,0.0,100.0,3.3,77.3,0.0,1.1,0.0,0.0,49.5,50.5,47.8,51.2,62.6,0.0,0.0,0.0,50.0,50.0,0.0,0.0,0.0,0.0,0.0,0.0,0.0,1.1,18.5,10.9,0.0,1.1,31.1,0.0,0.0,4.3,75.3,1.1,0.0,0.0,0.0,0.0,0.0,0.0,100.0,0.0,0.0,0.0,0.0,0.0,33.7,49.5,1.1,0.0,2.2,1.1,0.0,0.0,0.0,1.1,1.1,8.7,0.0,0.0,0.0,0.0,34.8,38.0,68.0,68,68,0.0,0.0,0.0,11.7503662109375,11.7503662109375,11.7503662109375,287.023,287.023,287.023,68,0.0,11.7503662109375,287.023,5
11776196.65966728,82.80107879638672,110878333.40098128,202576.8677634481,2096229.6753468798,13486290.137876214,13.4125,0.0,100.0,4.0,77.3,1.0,0.0,0.0,0.0,49.5,48.5,60.0,52.6,44.7,1.0,0.0,0.0,49.5,48.5,0.0,0.0,0.0,0.0,0.0,0.0,0.0,1.0,1.0,32.3,20.0,6.0,1.0,0.0,1.0,0.0,85.6,0.0,1.0,0.0,0.0,0.0,0.0,0.0,100.0,1.0,0.0,0.0,0.0,2.0,33.7,50.0,0.0,1.0,1.0,3.0,2.0,0.0,0.0,0.0,1.0,0.0,2.0,1.0,0.0,0.0,36.4,38.8,69.0,69,69,0.0,0.0,0.0,11.7503662109375,11.7503662109375,11.7503662109375,288.246,288.246,288.246,69,0.0,11.7503662109375,288.246,5
11776197.65570006,82.7979965209961,111401861.6896853,203480.2509136371,2105505.00147546,13545963.81808626,13.353125,0.0,100.0,3.1,85.3,0.0,0.0,0.0,0.0,52.0,49.5,53.2,49.5,53.8,2.0,0.0,0.0,50.0,49.5,0.0,0.0,0.0,0.0,0.0,0.0,0.0,0.0,0.0,1.0,7.3,1.1,1.0,0.0,1.0,1.0,77.7,2.1,0.0,1.0,0.0,0.0,0.0,0.0,100.0,1.0,1.0,1.0,0.0,0.0,36.5,50.5,0.0,0.0,0.0,48.5,0.0,0.0,0.0,0.0,1.0,0.0,0.0,0.0,0.0,0.0,37.5,36.5,78.0,78,78,0.0,0.0,0.0,11.7503662109375,11.7503662109375,11.7503662109375,292.403,292.403,292.403,78,0.0,11.7503662109375,292.403,5
11776198.658176674,82.80035018920898,110721239.23229541,202181.275030069,2091970.995410837,13458891.52125644,13.5203125,0.0,100.0,4.8,79.0,0.0,2.9,0.0,0.0,49.5,51.0,41.0,52.5,68.3,18.3,0.0,0.0,52.0,51.0,0.0,0.0,0.0,0.0,0.0,1.0,0.0,1.0,1.9,1.0,0.0,1.0,1.0,2.8,0.0,1.0,79.0,1.9,1.9,0.0,0.0,0.0,0.0,0.0,100.0,0.0,0.0,0.0,0.0,0.0,36.0,52.4,0.0,0.0,0.0,17.5,19.4,0.0,0.0,1.0,0.0,0.0,0.0,0.0,0.0,0.0,36.9,38.3,70.0,70,70,0.0,0.0,0.0,11.7503662109375,11.7503662109375,11.7503662109375,270.866,270.866,270.866,70,0.0,11.7503662109375,270.866,5
11776199.668081556,82.80220413208008,109942045.02387421,200695.13834886462,2076583.6837751472,13359895.809287764,13.4640625,0.0,100.0,25.0,79.8,2.8,12.3,0.9,0.0,50.5,50.0,49.5,17.8,56.7,0.0,0.0,0.0,49.5,49.5,0.0,0.0,0.0,0.0,0.0,0.0,0.0,0.9,0.9,0.9,0.9,0.0,1.8,0.0,0.9,0.9,79.8,1.9,5.6,0.9,0.0,0.0,0.0,0.0,100.0,0.0,0.0,0.0,0.0,0.0,34.9,49.5,0.9,0.0,0.0,16.5,40.6,0.9,0.0,0.9,2.8,2.8,0.9,0.0,0.0,0.0,34.0,37.3,57.0,57,57,0.0,0.0,0.0,11.7503662109375,11.7503662109375,11.7503662109375,253.513,253.513,253.513,57,0.0,11.7503662109375,253.513,5
11776200.66792218,82.80239486694336,111081524.65904258,202724.30926170512,2097486.2876522182,13494374.670950012,13.7546875,0.0,100.0,7.1,80.2,1.0,63.4,1.0,0.0,50.5,47.5,43.7,0.0,50.5,0.0,0.0,0.0,49.5,49.5,0.0,0.0,0.0,0.0,0.0,0.0,0.0,0.0,12.1,0.0,1.0,2.0,0.0,0.0,0.0,0.0,84.7,1.0,12.1,0.0,0.0,0.0,0.0,0.0,100.0,0.0,0.0,0.0,0.0,0.0,34.4,50.5,0.0,0.0,0.0,24.2,34.7,2.0,0.0,0.0,2.0,2.0,2.0,0.0,0.0,0.0,35.1,36.6,57.0,57,57,0.0,0.0,0.0,11.7503662109375,11.7503662109375,11.7503662109375,275.986,275.986,275.986,57,0.0,11.7503662109375,275.986,5
11776201.670151183,82.80223083496094,110849532.0344197,202248.18813423478,2092487.8378387992,13462216.675470712,13.4453125,0.0,100.0,13.4,82.3,15.8,43.0,1.0,0.0,50.0,50.5,6.1,40.6,45.2,0.0,0.0,0.0,50.5,50.5,0.0,0.0,0.0,0.0,0.0,0.0,0.0,1.0,5.2,1.0,0.0,1.0,0.0,1.0,1.0,1.0,78.7,2.1,2.0,0.0,0.0,0.0,0.0,0.0,100.0,0.0,0.0,0.0,0.0,0.0,37.5,49.5,0.0,0.0,0.0,38.1,0.0,17.2,0.0,0.0,1.0,0.0,0.0,0.0,0.0,0.0,33.7,40.6,63.0,63,63,0.0,0.0,0.0,11.7503662109375,11.7503662109375,11.7503662109375,273.196,273.196,273.196,63,0.0,11.7503662109375,273.196,5
11776202.672051517,82.86370468139648,110918599.62375432,202315.53293201074,2093174.2699527983,13466632.900829135,15.3234375,0.0,100.0,37.8,78.2,32.3,1.0,2.0,1.0,49.5,48.5,4.9,54.0,35.0,0.0,0.0,0.0,48.5,51.4,0.0,0.0,0.0,0.0,0.0,0.0,0.0,1.0,1.0,0.0,0.0,0.0,0.0,0.0,1.0,1.0,79.0,0.0,0.0,0.0,0.0,1.0,21.4,21.2,100.0,22.1,21.4,20.6,20.6,0.0,34.0,50.5,1.0,0.0,0.0,0.0,0.0,26.0,29.5,6.8,2.9,1.9,0.0,0.0,0.0,0.0,35.0,37.7,57.0,57,57,0.0,0.0,0.0,11.7503662109375,11.7503662109375,11.7503662109375,247.787,247.787,247.787,57,0.0,11.7503662109375,247.787,5
11776203.67033902,82.86540985107422,111355616.19471815,203058.7375446095,2100749.527944477,13515369.033299038,13.621875000000001,0.0,100.0,48.4,77.9,5.9,20.4,1.0,0.0,51.5,51.0,11.9,66.7,22.7,0.0,0.0,0.0,51.0,52.0,0.0,0.0,0.0,0.0,0.0,0.0,0.0,0.0,0.0,1.0,2.9,1.0,1.0,1.0,1.0,0.0,83.5,0.0,0.0,0.0,0.0,0.0,0.0,0.0,100.0,1.0,0.0,0.0,0.0,0.0,35.7,51.0,1.0,0.0,0.0,0.0,0.0,0.0,56.6,2.0,0.0,0.0,0.0,0.0,0.0,0.0,36.7,36.0,52.0,52,52,0.0,0.0,0.0,11.7503662109375,11.7503662109375,11.7503662109375,271.871,271.871,271.871,52,0.0,11.7503662109375,271.871,5
11776204.6676068,82.86613464355469,111505112.4061714,203274.39018655336,2102897.577082122,13529188.708805686,13.584375,0.0,100.0,34.1,84.9,2.2,37.1,0.0,0.0,47.3,50.0,10.5,35.6,52.2,0.0,0.0,0.0,50.5,49.5,0.0,0.0,0.0,0.0,0.0,0.0,0.0,1.1,0.0,2.1,0.0,2.1,0.0,1.1,1.1,1.1,78.5,3.1,1.1,1.1,0.0,0.0,0.0,0.0,100.0,0.0,0.0,0.0,0.0,0.0,34.8,50.5,0.0,1.1,0.0,43.2,3.1,1.0,13.5,0.0,1.1,0.0,0.0,0.0,0.0,0.0,35.2,39.6,73.0,73,73,0.0,0.0,0.0,11.7503662109375,11.7503662109375,11.7503662109375,271.441,271.441,271.441,73,0.0,11.7503662109375,271.441,5
11776205.668753613,82.87026977539062,111105826.50578986,202495.77541643727,2094749.7159057073,13476768.680065235,13.44375,0.0,100.0,32.0,79.4,1.9,35.0,0.0,0.0,50.0,48.5,10.7,57.7,24.3,0.9,0.0,0.0,50.5,51.4,0.0,0.0,0.0,0.0,0.0,0.0,0.0,0.9,0.9,1.0,0.0,0.9,0.0,0.0,0.9,0.9,79.2,1.0,2.8,4.7,1.9,0.0,0.0,0.0,100.0,1.9,0.0,0.0,0.9,0.0,33.7,49.5,0.0,0.0,0.0,18.9,0.0,0.0,38.1,0.0,1.9,1.9,0.9,0.0,0.0,0.0,36.2,39.1,59.0,59,59,0.0,0.0,0.0,11.7503662109375,11.7503662109375,11.7503662109375,249.499,249.499,249.499,59,0.0,11.7503662109375,249.499,5
11776206.671325928,82.86433029174805,110980547.09467217,202207.85773210248,2091771.3056834487,13457606.798674375,13.6265625,0.0,100.0,46.4,77.1,3.0,23.7,3.0,0.0,50.5,49.5,56.1,33.3,5.1,0.0,0.0,0.0,49.5,50.0,0.0,0.0,0.0,0.0,0.0,0.0,0.0,0.0,17.0,0.0,1.0,1.0,1.0,1.0,0.0,0.0,85.7,2.0,1.0,0.0,0.0,0.0,0.0,0.0,100.0,0.0,0.0,0.0,0.0,0.0,36.1,50.0,0.0,0.0,0.0,0.0,0.0,0.0,30.7,25.7,0.0,0.0,0.0,0.0,0.0,0.0,35.1,37.6,54.0,54,54,0.0,0.0,0.0,11.7503662109375,11.7503662109375,11.7503662109375,272.279,272.279,272.279,54,0.0,11.7503662109375,272.279,5
11776207.67086112,82.8616828918457,111350567.65645698,202829.27671016904,2098127.2267308775,13498498.212600606,13.3265625,0.0,100.0,21.6,81.6,2.2,18.4,0.0,0.0,50.6,49.4,47.1,55.8,22.2,0.0,0.0,0.0,50.6,50.0,0.0,0.0,0.0,0.0,0.0,0.0,0.0,1.1,0.0,1.1,0.0,0.0,0.0,0.0,1.1,1.1,75.3,2.2,3.3,1.1,0.0,0.0,0.0,0.0,100.0,0.0,0.0,0.0,0.0,0.0,34.5,50.0,40.2,0.0,0.0,5.5,0.0,0.0,0.0,11.2,1.1,0.0,0.0,0.0,0.0,0.0,34.8,39.8,67.0,67,67,0.0,0.0,0.0,11.7503662109375,11.7503662109375,11.7503662109375,271.703,271.703,271.703,67,0.0,11.7503662109375,271.703,5
11776208.65824444,82.88345336914062,112754184.3581143,205336.6668271504,2123949.1852361676,13664626.203453002,13.5359375,0.0,100.0,3.0,81.0,1.0,2.0,0.0,0.0,50.0,51.5,50.5,63.9,42.3,0.0,0.0,0.0,53.9,52.9,0.0,0.0,0.0,0.0,0.0,0.0,0.0,1.0,1.0,1.0,0.0,1.0,1.0,0.0,0.0,0.0,83.8,0.0,1.0,0.0,0.0,0.0,0.0,0.0,100.0,0.0,0.0,0.0,0.0,0.0,35.1,49.0,46.1,3.9,2.9,0.0,0.0,0.0,0.0,9.9,1.0,0.0,1.0,0.0,0.0,0.0,36.6,39.0,69.0,69,69,0.0,0.0,0.0,11.7503662109375,11.7503662109375,11.7503662109375,271.993,271.993,271.993,69,0.0,11.7503662109375,271.993,5
11776209.657131031,82.88460159301758,111491265.39799024,202972.99199185907,2099489.590976494,13507263.11069643,13.4203125,0.0,100.0,2.1,77.7,2.0,0.0,1.0,0.0,52.0,49.5,70.1,51.6,41.1,1.0,1.0,0.0,49.5,50.5,0.0,0.0,0.0,1.0,0.0,0.0,0.0,0.0,1.0,2.0,0.0,1.0,1.0,2.0,1.0,2.0,78.7,0.0,0.0,0.0,0.0,0.0,0.0,0.0,100.0,1.0,0.0,1.0,0.0,0.0,34.7,52.0,0.0,1.0,0.0,0.0,0.0,1.0,0.0,56.6,0.0,0.0,1.0,0.0,0.0,0.0,35.8,36.0,72.0,72,72,0.0,0.0,0.0,11.7503662109375,11.7503662109375,11.7503662109375,285.716,285.716,285.716,72,0.0,11.7503662109375,285.716,5
11776210.658884296,82.86490631103516,111207689.4461226,202400.1389127311,2093481.5719519216,13468609.957050059,13.3359375,0.0,100.0,2.0,80.4,1.0,2.0,2.0,0.0,50.0,49.5,35.4,44.7,83.5,0.0,1.0,0.0,49.5,50.0,0.0,0.0,2.0,0.0,0.0,0.0,0.0,1.0,0.0,0.0,1.0,2.0,0.0,0.0,0.0,0.0,78.6,0.0,0.0,0.0,0.0,0.0,0.0,0.0,100.0,0.0,0.0,0.0,0.0,0.0,34.7,50.0,0.0,0.0,1.0,0.0,0.0,0.0,0.0,56.9,0.0,0.0,0.0,0.0,0.0,0.0,36.7,38.6,67.0,67,67,0.0,0.0,0.0,11.7503662109375,11.7503662109375,11.7503662109375,290.12,290.12,290.12,67,0.0,11.7503662109375,290.12,5
11776211.657414196,82.90459442138672,111599517.46564879,203062.52224128137,2100239.562463493,13512088.122567864,13.7671875,0.0,100.0,3.0,83.3,0.0,1.0,1.0,0.0,50.5,50.5,45.2,54.7,55.2,1.0,0.0,0.0,50.0,48.5,2.0,0.0,0.0,1.0,0.0,0.0,0.0,0.0,18.2,1.0,0.0,1.0,1.0,1.0,0.0,0.0,85.4,2.0,1.0,0.0,0.0,0.0,0.0,0.0,100.0,1.0,1.0,1.0,0.0,0.0,36.1,50.0,2.0,1.0,1.0,0.0,0.0,1.0,0.0,54.5,1.0,0.0,0.0,0.0,0.0,0.0,36.1,37.9,69.0,69,69,0.0,0.0,0.0,11.7503662109375,11.7503662109375,11.7503662109375,285.978,285.978,285.978,69,0.0,11.7503662109375,285.978,5
11776212.65997666,82.86533737182617,111183340.77153176,202255.72712535583,2091791.8601615308,13457739.037836097,13.1890625,0.0,100.0,3.1,76.8,1.0,1.0,0.0,0.0,50.0,50.0,43.6,51.6,60.6,0.0,1.0,0.0,49.5,49.5,2.0,2.0,0.0,0.0,0.0,0.0,0.0,1.0,0.0,1.0,1.0,0.0,5.1,19.6,2.0,2.0,77.1,1.0,1.0,1.0,0.0,0.0,0.0,0.0,100.0,14.3,6.2,0.0,0.0,0.0,34.7,50.0,0.0,8.3,1.0,0.0,0.0,0.0,0.0,0.0,2.0,0.0,0.0,0.0,0.0,0.0,35.1,39.0,85.0,85,85,0.0,0.0,0.0,11.7503662109375,11.7503662109375,11.7503662109375,291.767,291.767,291.767,85,0.0,11.7503662109375,291.767,5
11776213.659565004,82.8633041381836,111546949.94376887,202865.5107547601,2098015.6602181983,13501878.125818288,13.246875,0.0,100.0,2.0,79.2,1.0,0.0,0.0,1.9,49.5,50.0,66.0,34.3,55.4,1.0,1.0,0.0,49.5,51.9,0.0,0.0,0.0,0.0,0.0,0.0,0.0,1.0,1.0,0.0,0.0,0.0,1.0,1.0,0.0,0.0,83.2,0.0,0.0,0.0,1.0,0.0,0.0,0.0,100.0,0.0,56.7,0.0,0.0,0.0,34.3,50.5,0.0,0.0,1.9,1.0,0.0,0.0,0.0,0.0,0.0,0.0,0.0,0.0,0.0,0.0,35.4,37.1,69.0,69,69,0.0,0.0,0.0,11.7503662109375,11.7503662109375,11.7503662109375,269.594,269.594,269.594,69,0.0,11.7503662109375,269.594,5
11776214.657216124,82.86589050292969,111799162.74496624,203260.43423710117,2102089.5547516565,13532201.50871379,13.403125,0.0,100.0,15.7,81.6,5.9,0.0,0.0,0.0,48.5,50.5,32.3,78.6,32.7,0.0,0.0,0.0,50.0,49.5,0.0,0.0,0.0,0.0,0.0,0.0,0.0,0.0,0.0,1.0,0.0,0.0,0.0,1.9,0.0,1.0,81.6,42.6,3.9,13.7,2.0,1.0,0.0,0.0,100.0,0.0,1.0,0.0,0.0,0.0,34.3,51.5,0.0,1.0,1.0,1.9,0.0,0.0,0.0,0.0,0.0,1.0,0.0,0.0,0.0,0.0,34.0,38.1,78.0,78,78,0.0,0.0,0.0,11.7503662109375,11.7503662109375,11.7503662109375,265.805,265.805,265.805,78,0.0,11.7503662109375,265.805,5
11776215.669638518,82.86430740356445,110203109.55229582,200303.74792214332,2071420.004548595,13334766.27928158,13.590625,0.0,100.0,46.5,83.3,34.0,1.9,1.9,0.9,51.4,50.9,50.0,41.3,29.0,0.9,0.0,0.0,50.0,50.0,0.0,0.0,0.0,0.0,0.0,0.0,0.0,1.9,1.9,0.9,1.9,0.9,0.9,0.9,1.9,1.9,79.6,2.8,0.9,20.0,0.0,0.9,0.0,0.0,100.0,1.9,0.0,0.0,0.0,0.0,33.7,50.0,0.0,0.0,1.9,0.0,0.0,0.0,0.0,0.0,0.0,0.0,0.0,0.0,0.0,0.0,35.3,37.7,56.0,56,56,0.0,0.0,0.0,11.7503662109375,11.7503662109375,11.7503662109375,269.912,269.912,269.912,56,0.0,11.7503662109375,269.912,5
11776216.670193693,82.86527633666992,111542975.19285727,202686.47365348463,2095988.3608664372,13492925.07307769,13.49375,0.0,100.0,42.4,77.4,8.6,20.4,0.0,0.0,48.4,51.5,47.4,5.3,39.4,24.5,1.0,0.0,51.5,52.1,33.0,0.0,0.0,0.0,0.0,0.0,0.0,0.0,19.6,0.0,0.0,0.0,0.0,0.0,1.0,1.0,77.7,1.0,1.0,0.0,0.0,0.0,0.0,0.0,100.0,0.0,1.0,0.0,0.0,0.0,33.3,51.0,0.0,0.0,0.0,0.0,1.0,0.0,0.0,0.0,1.0,0.0,0.0,0.0,0.0,0.0,35.4,36.7,65.0,65,65,0.0,0.0,0.0,11.7503662109375,11.7503662109375,11.7503662109375,268.214,268.214,268.214,65,0.0,11.7503662109375,268.214,5
11776217.670719763,82.86375045776367,111579006.5656502,202692.3695046158,2096049.3300822196,13493317.562404288,13.515625,0.0,100.0,28.0,78.2,5.7,24.8,0.0,16.8,51.0,50.0,43.6,1.0,50.5,0.0,0.0,0.0,50.0,51.4,12.6,42.5,1.0,0.0,0.0,0.0,0.0,0.0,1.0,1.0,1.0,0.0,0.0,1.0,0.0,1.0,86.3,2.9,0.0,1.0,0.0,0.0,0.0,0.0,100.0,0.0,0.0,0.0,0.0,0.0,34.3,51.4,0.0,0.0,0.0,0.0,0.0,0.0,1.0,0.0,2.9,1.0,0.0,0.0,0.0,0.0,34.0,38.1,57.0,57,57,0.0,0.0,0.0,11.7503662109375,11.7503662109375,11.7503662109375,248.356,248.356,248.356,57,0.0,11.7503662109375,248.356,5
11776218.669304475,82.86626434326172,111828813.98696713,203095.4385524336,2100124.2808523984,13519550.057987314,13.646875,0.0,100.0,4.0,80.2,3.0,43.0,1.0,24.0,52.0,49.5,49.0,5.2,41.7,0.0,0.0,0.0,53.1,51.0,41.0,16.2,0.0,0.0,0.0,0.0,0.0,1.0,1.0,1.0,0.0,2.0,2.0,0.0,2.0,2.0,77.7,0.0,0.0,0.0,0.0,0.0,0.0,0.0,100.0,1.0,0.0,0.0,0.0,0.0,35.1,50.5,1.0,1.0,0.0,0.0,0.0,1.0,0.0,2.0,6.1,1.0,0.0,0.0,0.0,0.0,35.1,37.0,55.0,55,55,0.0,0.0,0.0,11.7503662109375,11.7503662109375,11.7503662109375,273.889,273.889,273.889,55,0.0,11.7503662109375,273.889,5
11776219.667648096,82.86312484741211,111891438.69094557,203151.4959836405,2100631.442965676,13522814.91409154,13.5953125,0.0,100.0,2.2,82.6,1.1,50.6,0.0,18.3,50.0,52.6,54.9,9.5,33.3,0.0,0.0,0.0,52.1,52.1,48.9,1.1,0.0,7.4,0.0,0.0,0.0,1.1,0.0,0.0,0.0,1.1,1.1,1.1,0.0,1.1,80.6,0.0,3.1,0.0,0.0,1.1,0.0,0.0,100.0,0.0,2.1,0.0,0.0,0.0,33.7,51.1,0.0,0.0,0.0,0.0,0.0,0.0,0.0,0.0,1.1,0.0,0.0,0.0,0.0,0.0,35.5,39.6,76.0,76,76,0.0,0.0,0.0,11.7503662109375,11.7503662109375,11.7503662109375,277.803,277.803,277.803,76,0.0,11.7503662109375,277.803,5
11776220.6688702,82.86589050292969,111605274.76579711,202576.4305674946,2094592.1908525738,13483937.228613444,13.475,0.0,100.0,2.9,79.2,0.0,42.0,0.9,22.3,50.9,50.5,40.4,7.7,50.0,0.0,0.0,0.0,51.4,50.5,1.9,0.9,0.9,45.4,10.4,0.0,0.0,0.0,1.9,0.9,0.9,0.0,0.0,0.9,0.9,1.0,79.2,1.9,1.0,0.9,0.0,0.0,0.0,0.0,100.0,0.0,0.0,0.0,0.0,0.0,34.6,50.9,0.0,0.0,0.0,0.0,1.0,0.9,0.0,1.0,1.0,0.0,0.0,0.0,0.0,0.0,36.8,38.5,54.0,54,54,0.0,0.0,0.0,11.7503662109375,11.7503662109375,11.7503662109375,249.383,249.383,249.383,54,0.0,11.7503662109375,249.383,5
11776221.668482851,82.86423873901367,111817784.42139849,202902.59396157763,2097964.642900793,13505647.388673855,13.75625,0.0,100.0,4.0,77.3,5.0,23.7,0.0,42.1,52.5,51.5,56.3,1.0,33.3,0.0,0.0,0.0,51.0,51.5,0.0,0.0,0.0,10.0,47.0,0.0,0.0,1.0,16.5,1.0,0.0,0.0,0.0,1.0,1.0,1.0,82.3,1.0,1.0,2.0,0.0,0.0,0.0,0.0,100.0,2.0,0.0,1.0,0.0,0.0,34.0,51.0,0.0,0.0,0.0,0.0,0.0,0.0,0.0,0.0,3.0,2.0,0.0,0.0,0.0,0.0,36.1,37.3,58.0,58,58,0.0,0.0,0.0,11.7503662109375,11.7503662109375,11.7503662109375,274.947,274.947,274.947,58,0.0,11.7503662109375,274.947,5
11776222.66455924,82.86588287353516,112247721.47501035,203630.96885502516,2105412.82241586,13553595.044302098,13.7796875,0.0,100.0,3.2,84.8,4.3,12.0,0.0,56.3,47.9,50.0,35.1,2.1,54.4,0.0,0.0,0.0,51.0,50.5,0.0,0.0,0.0,33.7,23.2,0.0,0.0,0.0,1.1,0.0,1.1,0.0,1.1,0.0,1.1,2.1,76.3,9.7,16.0,2.2,1.1,1.1,0.0,0.0,100.0,0.0,0.0,0.0,0.0,0.0,34.8,50.5,0.0,0.0,0.0,0.0,0.0,1.1,0.0,0.0,1.1,0.0,0.0,0.0,0.0,0.0,35.5,37.5,60.0,60,60,0.0,0.0,0.0,11.7503662109375,11.7503662109375,11.7503662109375,269.587,269.587,269.587,60,0.0,11.7503662109375,269.587,5
11776223.669319348,82.86553573608398,111310314.781267,201879.0338167977,2087216.621607991,13436457.00160144,13.9125,0.0,100.0,7.5,78.6,6.6,58.0,0.9,10.4,51.4,48.6,32.0,0.0,56.7,0.0,0.0,0.0,50.0,50.5,0.0,0.0,0.9,30.5,3.8,2.8,0.0,0.9,0.9,1.9,0.0,0.0,0.0,0.9,1.9,0.0,86.4,4.7,0.9,0.0,0.0,0.0,0.0,0.0,100.0,0.0,0.0,0.0,0.0,0.0,35.6,51.4,0.0,1.0,0.9,2.8,0.9,0.9,0.0,0.0,26.9,4.7,1.9,0.0,0.0,0.9,36.5,38.3,58.0,58,58,0.0,0.0,0.0,11.7503662109375,11.7503662109375,11.7503662109375,254.998,254.998,254.998,58,0.0,11.7503662109375,254.998,5
11776224.670189,82.870361328125,111775809.91470014,202663.7530099106,2095329.7917187933,13488685.534189733,13.340625,0.0,100.0,4.0,78.4,5.0,27.4,1.0,40.4,48.5,51.0,0.0,32.0,56.7,0.0,0.0,0.0,52.0,49.0,0.0,0.0,0.0,0.0,1.0,0.0,0.0,1.0,1.0,0.0,1.0,1.0,0.0,1.0,0.0,1.0,78.1,2.0,40.8,2.0,1.0,0.0,0.0,0.0,100.0,0.0,0.0,0.0,0.0,0.0,35.7,51.5,0.0,0.0,0.0,0.0,0.0,0.0,0.0,1.0,4.0,10.1,0.0,1.0,0.0,0.0,35.4,38.8,59.0,59,59,0.0,0.0,0.0,11.7503662109375,11.7503662109375,11.7503662109375,262.103,262.103,262.103,59,0.0,11.7503662109375,262.103,5
11776225.640708504,82.86472702026367,115305127.39556038,209008.6796319428,2160855.080466993,13910504.580506267,13.7484375,0.0,100.0,2.2,84.4,5.4,30.3,0.0,38.9,52.1,52.1,8.7,51.6,30.0,0.0,0.0,0.0,52.6,50.0,0.0,0.0,0.0,0.0,0.0,0.0,0.0,0.0,1.1,1.1,1.1,2.2,0.0,2.2,2.2,2.2,84.4,11.8,46.3,1.1,0.0,0.0,0.0,0.0,100.0,0.0,0.0,0.0,0.0,0.0,35.6,51.1,1.1,1.1,0.0,0.0,1.1,0.0,0.0,0.0,0.0,0.0,0.0,0.0,0.0,0.0,37.0,38.9,59.0,59,59,0.0,0.0,0.0,11.7503662109375,11.7503662109375,11.7503662109375,268.497,268.497,268.497,59,0.0,11.7503662109375,268.497,5
11776226.669953916,82.86746215820312,108760756.85871777,197092.93589204675,2037562.6411308344,13116809.502279745,13.8859375,0.0,100.0,3.7,79.6,10.3,21.7,3.7,42.4,51.4,50.0,48.1,0.9,41.0,0.9,0.0,0.0,50.5,51.4,0.0,0.0,0.0,0.0,0.0,0.0,0.0,0.9,16.7,0.9,0.0,0.0,0.0,0.9,0.0,0.0,80.2,7.5,56.9,0.9,0.0,0.0,0.0,0.0,100.0,1.9,0.0,0.0,0.9,0.0,34.0,51.9,0.0,0.0,0.9,0.0,0.9,0.0,0.0,0.0,0.9,0.9,0.0,0.9,0.0,0.0,36.8,38.2,57.0,57,57,0.0,0.0,0.0,11.7503662109375,11.7503662109375,11.7503662109375,258.354,258.354,258.354,57,0.0,11.7503662109375,258.354,5
11776227.669465568,82.86474227905273,112029095.21878603,202956.11327395248,2098176.6410066993,13507012.126480626,13.3875,0.0,100.0,22.9,77.1,1.0,18.7,0.0,30.9,50.5,50.5,30.3,14.3,45.8,1.0,0.0,0.0,50.5,51.5,0.0,0.0,0.0,0.0,0.0,0.0,0.0,1.0,1.0,1.0,0.0,0.0,1.0,1.0,1.0,1.0,77.9,2.0,56.0,4.0,1.0,1.0,0.0,0.0,100.0,1.0,0.0,1.0,0.0,0.0,35.7,51.5,0.0,0.0,0.0,0.0,0.0,0.0,0.0,0.0,0.0,0.0,0.0,0.0,0.0,0.0,35.7,38.0,56.0,56,56,0.0,0.0,0.0,11.7503662109375,11.7503662109375,11.7503662109375,260.745,260.745,260.745,56,0.0,11.7503662109375,260.745,5
11776228.64008115,82.8896255493164,115398178.24355939,209007.56555853848,2160641.182486075,13909127.612254107,13.6609375,0.0,100.0,36.3,82.6,6.4,2.1,0.0,33.3,51.0,50.5,10.8,36.6,42.6,1.1,0.0,0.0,52.1,53.7,0.0,0.0,0.0,0.0,0.0,0.0,0.0,0.0,0.0,0.0,1.0,0.0,0.0,1.1,0.0,1.0,86.0,2.1,33.3,22.1,0.0,0.0,0.0,0.0,100.0,0.0,0.0,0.0,0.0,0.0,35.2,51.5,0.0,0.0,0.0,0.0,0.0,0.0,1.0,0.0,1.0,1.1,2.1,0.0,0.0,0.0,37.5,39.2,73.0,73,73,0.0,0.0,0.0,11.7503662109375,11.7503662109375,11.7503662109375,271.92,271.92,271.92,73,0.0,11.7503662109375,271.92,5
11776229.670572354,82.86457061767578,108724997.03660575,196870.19102702689,2035099.3717878251,13100952.205884125,13.4171875,0.0,100.0,40.8,80.2,6.7,1.0,2.8,25.7,50.5,49.0,0.0,37.9,51.5,1.0,0.0,0.0,49.5,50.5,0.0,0.0,0.0,0.0,0.0,0.0,0.0,0.0,1.0,1.0,0.0,0.9,0.0,1.9,1.9,1.0,80.0,1.0,1.0,14.4,1.9,36.9,0.0,0.0,100.0,1.0,1.0,0.0,0.0,0.0,35.9,51.9,0.0,1.0,0.0,0.0,0.0,0.0,1.0,1.0,0.0,0.0,0.0,0.0,0.0,0.0,35.9,40.0,58.0,58,58,0.0,0.0,0.0,11.7503662109375,11.7503662109375,11.7503662109375,258.685,258.685,258.685,58,0.0,11.7503662109375,258.685,5
11776230.670265537,82.86334991455078,112107425.43834835,202935.263942532,2097795.6388854547,13504559.425325116,13.5359375,0.0,100.0,21.6,78.8,4.1,1.0,1.0,49.5,52.5,50.5,0.0,42.7,44.8,0.0,0.0,0.0,52.9,51.0,0.0,0.0,0.0,0.0,0.0,0.0,0.0,2.0,20.0,1.0,1.0,1.0,0.0,1.0,1.0,0.0,77.3,0.0,1.0,0.0,0.0,38.2,1.0,0.0,100.0,1.0,0.0,0.0,0.0,0.0,37.4,52.4,3.0,0.0,0.0,0.0,0.0,0.0,0.0,1.0,1.0,0.0,0.0,0.0,0.0,0.0,37.0,38.6,56.0,56,56,0.0,0.0,0.0,11.7503662109375,11.7503662109375,11.7503662109375,253.323,253.323,253.323,56,0.0,11.7503662109375,253.323,5
11776231.635122312,82.8651237487793,116194889.07513098,210271.62285261383,2173537.1023974763,13992145.096683756,13.775,0.0,100.0,30.8,76.4,3.2,2.1,12.9,40.2,50.0,51.1,0.0,43.0,46.7,0.0,0.0,0.0,50.5,50.5,0.0,0.0,0.0,0.0,0.0,0.0,0.0,0.0,57.9,4.3,0.0,0.0,1.1,0.0,0.0,3.2,85.9,3.2,1.1,1.1,0.0,0.0,0.0,0.0,100.0,3.2,1.1,0.0,0.0,0.0,33.3,51.1,0.0,1.1,0.0,0.0,0.0,0.0,1.1,0.0,1.1,0.0,0.0,0.0,0.0,0.0,35.2,39.2,59.0,59,59,0.0,0.0,0.0,11.7503662109375,11.7503662109375,11.7503662109375,266.715,266.715,266.715,59,0.0,11.7503662109375,266.715,5
11776232.670233212,82.86321258544922,108340382.63982694,196009.91542548928,2026016.7288724824,13042482.692116605,13.553125,0.0,100.0,34.0,82.7,12.4,0.9,3.8,19.6,50.5,49.1,0.0,27.6,62.1,0.0,0.0,0.0,50.9,52.8,0.0,0.0,0.0,0.0,0.0,0.0,0.0,0.0,43.4,22.6,0.0,0.0,0.0,0.9,0.9,0.9,78.8,0.9,2.8,0.9,1.9,0.0,0.0,0.0,100.0,0.0,0.0,0.0,0.0,0.0,36.2,49.5,0.0,0.0,0.0,0.0,0.0,0.0,0.0,1.9,2.8,1.9,0.0,0.9,0.0,0.0,36.8,37.0,55.0,55,55,0.0,0.0,0.0,11.7503662109375,11.7503662109375,11.7503662109375,258.609,258.609,258.609,55,0.0,11.7503662109375,258.609,5
11776233.671732884,82.86518859863281,112009209.98128562,202589.18277860704,2094011.6704002668,13480200.128201718,13.471875,0.0,100.0,17.7,81.4,55.4,0.0,5.0,0.0,50.0,52.4,0.0,32.7,55.7,0.0,0.0,0.0,51.5,50.5,0.0,0.0,0.0,0.0,0.0,0.0,0.0,2.0,34.7,17.2,1.0,1.0,1.0,0.0,0.0,2.0,77.9,6.0,0.0,1.0,0.0,0.0,0.0,0.0,100.0,0.0,0.0,0.0,0.0,0.0,34.0,51.5,0.0,0.0,0.0,0.0,0.0,0.0,0.0,1.0,0.0,0.0,3.0,1.0,0.0,0.0,36.4,39.2,56.0,56,56,0.0,0.0,0.0,11.7503662109375,11.7503662109375,11.7503662109375,253.564,253.564,253.564,56,0.0,11.7503662109375,253.564,5
11776234.639977224,82.86444854736328,115890193.55240625,209554.54275442654,2165932.61925348,13943191.236444278,13.690625,0.0,100.0,42.0,76.7,26.4,8.4,4.3,0.0,49.5,49.5,1.1,38.2,50.0,0.0,0.0,0.0,52.1,50.0,7.5,0.0,0.0,0.0,0.0,0.0,0.0,0.0,0.0,0.0,1.1,0.0,1.1,1.1,1.1,0.0,84.8,57.4,1.1,0.0,1.1,0.0,0.0,0.0,100.0,0.0,1.1,0.0,0.0,0.0,38.0,52.1,0.0,0.0,0.0,0.0,0.0,1.1,0.0,0.0,3.2,0.0,0.0,0.0,0.0,1.1,35.9,39.2,75.0,75,75,0.0,0.0,0.0,11.7503662109375,11.7503662109375,11.7503662109375,269.426,269.426,269.426,75,0.0,11.7503662109375,269.426,5
11776235.659661217,82.86788177490234,110076097.91528799,198990.0807449967,2056668.5516740738,13239803.80140185,13.4109375,0.0,100.0,39.8,85.3,44.2,27.7,11.3,1.0,50.5,51.0,1.0,19.6,16.7,0.0,0.0,0.0,51.0,50.5,2.1,3.1,8.2,0.0,0.0,0.0,0.0,0.0,1.0,2.0,1.0,0.0,0.0,0.0,1.0,0.0,77.9,48.5,1.0,0.0,0.0,0.0,0.0,0.0,100.0,0.0,0.0,0.0,0.0,0.0,33.0,52.0,1.0,0.0,0.0,0.0,0.0,0.0,0.0,1.0,0.0,0.0,0.0,0.0,0.0,0.0,37.5,38.4,65.0,65,65,0.0,0.0,0.0,11.7503662109375,11.7503662109375,11.7503662109375,256.576,256.576,256.576,65,0.0,11.7503662109375,256.576,5
11776236.661864012,82.86389541625977,112034371.15569578,202463.0153164705,2092542.5560077017,13470742.704299578,13.578125,0.0,90.3,37.8,79.0,56.0,15.0,24.0,24.8,51.9,50.5,10.1,0.0,0.0,0.0,0.0,0.0,50.5,51.0,0.0,1.0,55.4,2.9,0.0,0.0,0.0,1.0,2.9,1.0,0.0,1.0,1.0,0.0,1.0,1.9,83.8,1.0,0.0,0.0,0.0,0.0,90.3,0.0,9.9,0.0,0.0,1.9,0.0,0.0,34.3,51.9,0.0,0.0,0.0,0.0,1.0,0.0,0.0,0.0,1.0,1.9,0.0,0.0,0.0,0.0,34.0,38.3,76.0,76,76,0.0,0.0,0.0,11.7503662109375,11.7503662109375,11.7503662109375,260.561,260.561,260.561,76,0.0,11.7503662109375,260.561,5
11776237.671529954,82.87075805664062,111238774.4778195,200974.39320803207,2077075.1128047965,13371171.038680878,13.646875,0.0,100.0,3.8,79.4,64.8,25.5,3.8,0.0,51.4,51.4,25.5,36.4,0.9,0.0,0.0,0.0,50.5,51.9,0.0,0.0,56.1,0.0,0.0,0.0,0.0,0.9,0.0,16.2,0.0,0.0,0.0,0.9,0.9,0.0,79.4,4.7,0.0,0.9,0.0,0.0,100.0,0.0,1.9,2.8,0.9,0.0,0.0,0.0,36.5,51.4,0.0,0.0,0.0,0.0,0.0,0.0,0.0,0.0,0.9,0.0,0.0,0.0,0.0,0.0,35.0,38.7,56.0,56,56,0.0,0.0,0.0,11.7503662109375,11.7503662109375,11.7503662109375,267.624,267.624,267.624,56,0.0,11.7503662109375,267.624,5
11776238.671381507,82.86418914794922,112363519.053208,202957.12842361626,2097463.3626271696,13502420.396912405,13.634375,0.0,100.0,3.1,76.6,41.9,38.3,1.0,14.4,49.5,52.5,24.7,43.5,1.0,0.0,0.0,0.0,54.1,53.1,0.0,1.0,17.7,38.8,0.0,1.0,0.0,0.0,0.0,1.0,1.0,2.0,1.0,0.0,0.0,1.0,79.8,3.1,2.0,1.0,0.0,0.0,100.0,0.0,2.1,1.0,0.0,0.0,0.0,0.0,35.1,50.5,1.0,0.0,0.0,0.0,1.0,0.0,0.0,0.0,0.0,0.0,0.0,1.0,1.0,0.0,37.2,38.6,64.0,64,64,0.0,0.0,0.0,11.7503662109375,11.7503662109375,11.7503662109375,270.374,270.374,270.374,64,0.0,11.7503662109375,270.374,5
11776239.670497488,82.87976455688477,112479100.64389612,203106.55001641807,2099007.5622269646,13512361.181836084,13.7546875,0.0,100.0,14.0,84.0,26.0,1.0,1.0,50.5,51.9,50.0,33.3,37.4,0.0,0.0,0.0,0.0,49.5,50.5,0.0,0.0,0.0,19.4,0.0,0.0,0.0,1.0,1.0,19.6,0.0,1.0,0.0,1.9,1.0,1.0,78.8,1.0,1.0,1.0,0.0,0.0,100.0,0.0,9.8,0.0,0.0,0.0,0.0,0.0,35.4,51.0,15.7,2.9,1.0,2.9,0.0,1.0,0.0,0.0,9.7,0.0,0.0,1.0,0.0,0.0,35.6,37.5,55.0,55,55,0.0,0.0,0.0,11.7503662109375,11.7503662109375,11.7503662109375,248.141,248.141,248.141,55,0.0,11.7503662109375,248.141,5
11776240.672467124,82.86413955688477,112191529.58203897,202539.07185664756,2093029.4948324717,13473877.372984037,13.365625,0.0,100.0,15.0,80.4,44.9,34.0,1.0,0.0,47.4,51.5,34.7,14.4,17.9,0.0,0.0,0.0,51.0,50.5,0.0,1.0,0.0,0.0,0.0,0.0,0.0,0.0,0.0,14.9,0.0,1.0,10.0,0.0,0.0,0.0,85.6,0.0,0.0,0.0,0.0,0.0,100.0,0.0,0.0,0.0,0.0,0.0,0.0,0.0,34.4,51.5,0.0,0.0,32.0,0.0,3.0,1.0,1.0,0.0,1.0,0.0,0.0,0.0,1.0,0.0,37.1,38.2,55.0,55,55,0.0,0.0,0.0,11.7503662109375,11.7503662109375,11.7503662109375,269.194,269.194,269.194,55,0.0,11.7503662109375,269.194,5
11776241.672460524,82.86590576171875,112446083.07125664,202946.3393142823,2097165.839935085,13500505.094582107,13.4609375,0.0,100.0,3.2,76.9,40.4,41.9,3.2,4.2,51.5,49.5,20.2,23.7,29.0,0.0,0.0,0.0,51.0,50.0,0.0,0.0,0.0,0.0,0.0,0.0,0.0,1.0,1.0,0.0,1.0,0.0,1.0,1.0,2.1,1.1,76.6,0.0,1.0,0.0,0.0,0.0,100.0,0.0,1.0,0.0,0.0,0.0,0.0,0.0,36.6,51.0,0.0,1.0,27.8,30.5,1.1,2.1,3.1,1.1,2.1,0.0,0.0,0.0,0.0,0.0,35.8,37.8,71.0,71,71,0.0,0.0,0.0,11.7503662109375,11.7503662109375,11.7503662109375,272.942,272.942,272.942,71,0.0,11.7503662109375,272.942,5
11776242.673130907,82.86453628540039,112408316.40338777,202811.03897734862,2095747.0473247922,13491371.61715335,14.00625,0.0,100.0,2.9,79.2,25.5,1.9,1.0,65.3,52.3,51.4,38.0,9.6,30.3,0.0,0.0,0.0,51.4,50.5,0.0,0.0,0.0,0.0,0.0,0.0,0.0,1.0,1.0,17.9,0.0,0.0,0.0,0.0,1.0,0.0,81.0,0.0,0.0,0.9,0.0,0.0,100.0,1.0,1.0,0.0,0.0,0.0,0.0,0.0,35.9,51.9,3.8,0.0,20.2,36.2,1.0,3.8,0.9,0.0,1.0,0.0,1.0,0.0,0.0,0.0,37.9,38.7,58.0,58,58,0.0,0.0,0.0,11.7503662109375,11.7503662109375,11.7503662109375,248.975,248.975,248.975,58,0.0,11.7503662109375,248.975,5
11776243.660815718,82.86608123779297,113919452.64314978,205490.6563666231,2123300.8522890043,13668749.236610467,13.384375,0.0,100.0,3.3,84.3,1.1,1.1,1.1,0.0,48.9,47.8,73.3,42.2,44.3,1.1,0.0,0.0,51.6,50.5,0.0,0.0,0.0,0.0,0.0,1.1,0.0,0.0,1.1,0.0,0.0,1.1,0.0,0.0,0.0,1.1,81.8,0.0,1.1,0.0,0.0,0.0,100.0,0.0,0.0,0.0,0.0,0.0,0.0,0.0,35.6,50.5,0.0,0.0,55.4,0.0,0.0,0.0,0.0,1.1,1.1,0.0,0.0,1.1,0.0,0.0,35.6,38.3,69.0,69,69,0.0,0.0,0.0,11.7503662109375,11.7503662109375,11.7503662109375,287.653,287.653,287.653,69,0.0,11.7503662109375,287.653,5
11776244.662737992,82.86498260498047,112333415.39531155,202580.5846076037,2093128.4336158314,13474514.291401913,13.3609375,0.0,100.0,4.0,78.4,1.0,1.0,0.0,1.0,51.0,52.4,74.7,41.4,41.8,0.0,0.0,0.0,51.0,50.0,0.0,0.0,0.0,0.0,0.0,0.0,0.0,0.0,1.0,0.0,1.0,0.0,2.0,1.0,1.0,1.0,78.6,2.0,0.0,0.0,0.0,0.0,100.0,0.0,0.0,0.0,0.0,0.0,0.0,0.0,35.1,50.0,0.0,1.0,25.7,29.3,1.0,1.0,0.0,0.0,1.0,2.0,0.0,0.0,0.0,0.0,36.4,37.3,64.0,64,64,0.0,0.0,0.0,11.7503662109375,11.7503662109375,11.7503662109375,287.83,287.83,287.83,64,0.0,11.7503662109375,287.83,5
11776245.662372964,82.88343048095703,112623296.67451386,203051.1193760512,2097917.7990694735,13505345.831509735,13.504687500000001,0.0,100.0,26.3,79.4,5.1,6.0,0.0,0.0,50.0,50.0,32.6,45.9,44.8,0.0,0.0,0.0,50.5,51.0,0.0,0.0,0.0,0.0,0.0,0.0,0.0,2.0,1.0,1.0,1.0,2.0,0.0,0.0,1.0,0.0,85.7,0.0,0.0,1.0,0.0,0.0,100.0,0.0,0.0,1.0,1.0,0.0,0.0,0.0,34.7,52.0,0.0,0.0,1.0,57.4,1.0,0.0,1.0,0.0,2.0,1.0,0.0,0.0,0.0,0.0,36.7,39.2,84.0,84,84,0.0,0.0,0.0,11.7503662109375,11.7503662109375,11.7503662109375,286.703,286.703,286.703,84,0.0,11.7503662109375,286.703,5
11776246.672323128,82.92887115478516,111505533.57534896,200988.1349533598,2076490.5767518692,13371463.733497877,14.1,0.0,100.0,67.3,84.9,26.4,5.7,0.9,0.0,50.5,51.9,21.7,0.9,41.6,0.0,0.0,0.0,51.8,50.5,0.0,2.8,2.8,0.0,0.0,0.9,0.9,0.0,1.8,1.9,1.9,0.9,0.0,0.9,2.8,2.8,79.8,0.9,0.0,0.0,0.0,0.0,100.0,0.0,2.8,1.9,1.8,0.9,0.0,0.0,37.7,52.3,2.8,0.0,2.8,21.7,34.3,1.9,0.9,0.9,2.8,0.9,0.9,0.9,0.9,1.9,36.8,39.4,57.0,57,57,0.0,0.0,0.0,11.7503662109375,11.7503662109375,11.7503662109375,250.155,250.155,250.155,57,0.0,11.7503662109375,250.155,5
11776247.674334802,82.86472702026367,112424477.65474272,202581.47221569307,2092941.6846237243,13477399.871493006,13.7109375,0.0,100.0,54.0,78.4,38.1,3.0,8.9,0.0,50.0,49.5,44.3,22.7,0.0,0.0,0.0,0.0,49.0,51.5,0.0,0.0,0.0,0.0,0.0,0.0,0.0,1.0,0.0,17.6,0.0,1.0,1.0,1.0,1.0,0.0,78.4,0.0,2.0,0.0,0.0,0.0,100.0,0.0,1.0,0.0,0.0,0.0,0.0,0.0,34.4,51.0,1.0,0.0,0.0,0.0,57.0,2.9,1.0,1.0,0.0,1.0,0.0,0.0,0.0,0.0,36.0,38.8,57.0,57,57,0.0,0.0,0.0,11.7503662109375,11.7503662109375,11.7503662109375,273.039,273.039,273.039,57,0.0,11.7503662109375,273.039,5
11776248.672733972,82.86540985107422,112864174.3431678,203322.48470969577,2100514.5664906767,13526165.089296408,13.4125,0.0,100.0,33.7,75.8,23.9,17.6,20.7,2.1,49.5,49.5,14.3,33.3,21.5,0.0,0.0,0.0,52.1,54.6,0.0,0.0,0.0,0.0,0.0,0.0,0.0,1.1,2.1,1.1,1.1,0.0,0.0,1.1,0.0,1.1,84.8,0.0,0.0,0.0,0.0,0.0,100.0,0.0,0.0,0.0,0.0,0.0,0.0,0.0,35.9,48.9,0.0,0.0,0.0,25.3,16.8,16.1,1.1,0.0,0.0,0.0,0.0,0.0,0.0,0.0,34.8,38.5,71.0,71,71,0.0,0.0,0.0,11.7503662109375,11.7503662109375,11.7503662109375,272.679,272.679,272.679,71,0.0,11.7503662109375,272.679,5
11776249.675427038,82.86403274536133,112413629.63411295,202458.7651076748,2091519.3994359244,13468241.132695787,13.3078125,0.0,100.0,4.7,79.4,0.0,41.3,49.5,4.7,51.9,50.0,0.9,35.3,30.4,0.0,0.0,0.0,49.0,49.5,0.0,0.0,0.0,0.0,0.0,0.0,0.0,0.0,15.2,0.0,0.0,0.9,0.0,0.0,0.9,0.9,79.2,0.9,0.9,1.9,0.0,0.0,100.0,0.0,0.0,0.0,0.0,0.0,0.0,0.0,33.7,50.9,0.0,0.0,0.0,40.0,0.0,0.0,0.9,0.0,2.8,0.0,0.0,0.0,0.0,0.0,36.2,39.8,57.0,57,57,0.0,0.0,0.0,11.7503662109375,11.7503662109375,11.7503662109375,248.201,248.201,248.201,57,0.0,11.7503662109375,248.201,5
11776250.672404198,82.86623764038086,113091099.32657187,203619.50924753788,2103510.576429492,13545457.754859444,13.8203125,0.0,100.0,3.0,84.5,6.1,38.8,52.6,4.0,50.0,49.0,1.0,21.4,48.4,0.0,0.0,0.0,51.0,51.0,0.0,0.0,0.0,0.0,0.0,0.0,0.0,1.0,19.2,13.9,18.0,0.0,11.0,1.0,0.0,1.0,78.4,2.0,0.0,1.0,0.0,0.0,100.0,0.0,2.0,1.0,0.0,0.0,0.0,0.0,35.7,50.5,0.0,0.0,1.0,1.0,0.0,0.0,0.0,1.0,3.1,1.0,2.0,1.0,0.0,1.0,36.7,40.2,56.0,56,56,0.0,0.0,0.0,11.7503662109375,11.7503662109375,11.7503662109375,267.193,267.193,267.193,56,0.0,11.7503662109375,267.193,5
11776251.671537008,82.86389923095703,112880014.40156966,203187.20187698054,2098972.2073715883,13516233.140047124,13.2953125,0.0,100.0,2.2,76.7,0.0,44.0,44.0,4.3,47.3,50.5,16.7,15.6,34.1,0.0,0.0,0.0,50.0,49.5,0.0,0.0,0.0,0.0,0.0,0.0,0.0,1.1,0.0,0.0,26.6,2.1,23.2,0.0,7.4,0.0,84.8,1.1,0.0,0.0,0.0,0.0,100.0,0.0,2.1,0.0,0.0,0.0,0.0,0.0,35.9,52.1,0.0,0.0,0.0,0.0,1.1,0.0,2.1,0.0,2.1,0.0,0.0,0.0,0.0,0.0,36.2,38.1,75.0,75,75,0.0,0.0,0.0,11.7503662109375,11.7503662109375,11.7503662109375,272.212,272.212,272.212,75,0.0,11.7503662109375,272.212,5
11776252.675784426,82.86819458007812,112340596.56470308,202160.3405964761,2088282.1933049667,13447395.295559522,13.675,0.0,100.0,2.8,79.6,0.9,41.7,46.6,11.0,52.3,50.9,27.2,38.0,0.0,0.0,0.0,0.0,51.4,50.0,0.0,0.0,0.0,0.0,0.0,0.0,0.0,0.0,0.0,16.0,23.4,0.9,0.9,0.9,32.7,1.0,79.4,1.0,1.9,0.0,0.0,0.0,100.0,0.0,0.0,1.9,0.0,0.0,0.0,0.0,35.0,49.5,0.0,0.0,0.0,0.0,0.0,0.0,0.0,0.0,1.9,1.9,0.0,0.0,0.0,0.0,36.5,38.0,57.0,57,57,0.0,0.0,0.0,11.7503662109375,11.7503662109375,11.7503662109375,254.587,254.587,254.587,57,0.0,11.7503662109375,254.587,5
11776253.673589027,82.86343765258789,113101720.43272752,203468.69502137633,2101766.2159838313,13538330.0396771,13.6890625,0.0,100.0,5.0,79.2,1.0,32.7,56.8,8.1,50.5,49.0,41.9,27.1,0.0,0.0,0.0,0.0,49.5,50.0,0.0,0.0,1.0,0.0,0.0,0.0,0.0,2.0,1.0,1.0,1.0,43.9,1.0,1.0,13.1,4.0,80.2,4.9,1.0,0.0,0.0,1.0,100.0,0.0,0.0,0.0,0.0,0.0,0.0,0.0,35.1,51.5,0.0,1.0,1.0,0.0,0.0,0.0,2.0,2.0,2.0,1.0,1.0,0.0,0.0,0.0,34.4,38.2,58.0,58,58,0.0,0.0,0.0,11.7503662109375,11.7503662109375,11.7503662109375,260.666,260.666,260.666,58,0.0,11.7503662109375,260.666,5
11776254.66638692,82.86660766601562,113705217.19290712,204501.84425797232,2112365.483203361,13606604.2257904,13.721875,0.0,100.0,9.6,83.7,36.5,50.6,37.0,5.3,50.5,51.1,20.9,26.7,21.3,0.0,0.0,0.0,50.0,53.1,14.6,0.0,0.0,0.0,0.0,0.0,0.0,1.1,0.0,1.1,0.0,5.3,0.0,1.1,0.0,1.1,82.8,0.0,0.0,1.1,1.0,0.0,100.0,0.0,2.1,0.0,0.0,0.0,0.0,0.0,36.3,52.1,0.0,0.0,0.0,0.0,1.1,1.1,1.1,0.0,1.1,2.1,0.0,0.0,0.0,0.0,37.2,38.5,57.0,57,57,0.0,0.0,0.0,11.7503662109375,11.7503662109375,11.7503662109375,271.392,271.392,271.392,57,0.0,11.7503662109375,271.392,5
11776255.67394262,82.8647232055664,112072397.49228744,201513.424846902,2081425.3725670828,13407306.403762186,13.359375,0.0,100.0,1.9,78.4,0.0,50.0,39.4,4.7,51.4,51.9,0.0,21.2,44.3,0.0,0.0,0.0,50.9,50.0,55.8,0.9,0.0,0.0,0.0,0.0,0.0,0.9,0.0,0.9,0.0,1.0,0.9,0.9,0.0,0.9,79.4,2.8,1.9,0.0,0.0,0.0,100.0,0.0,1.0,0.0,0.9,0.0,0.0,0.0,35.6,50.9,0.0,0.0,0.0,0.0,0.0,0.0,0.0,0.9,1.0,0.0,0.9,0.9,0.0,0.0,34.3,38.2,56.0,56,56,0.0,0.0,0.0,11.7503662109375,11.7503662109375,11.7503662109375,258.458,258.458,258.458,56,0.0,11.7503662109375,258.458,5
11776256.672619192,82.86543273925781,113101741.01146658,203306.06093462306,2099931.107636375,13526509.361298367,13.30625,0.0,100.0,4.0,77.9,1.0,61.9,28.1,4.0,50.0,49.5,0.0,46.7,20.6,1.0,0.0,0.0,49.5,51.5,6.0,49.0,0.0,0.0,0.0,0.0,0.0,0.0,0.0,0.0,0.0,1.0,0.0,0.0,1.0,0.0,77.9,0.0,0.0,0.0,0.0,0.0,100.0,0.0,1.0,0.0,1.0,1.0,0.0,0.0,35.1,50.0,0.0,0.0,1.0,2.0,0.0,1.0,0.0,0.0,3.0,0.0,1.0,0.0,0.0,0.0,36.7,38.2,53.0,53,53,0.0,0.0,0.0,11.7503662109375,11.7503662109375,11.7503662109375,260.564,260.564,260.564,53,0.0,11.7503662109375,260.564,5
11776257.661864035,82.86473846435547,114213324.24495924,205251.51225898316,2119952.4213320813,13655474.7764711,13.9625,0.0,100.0,3.2,84.9,0.0,29.3,59.8,5.3,52.1,49.5,1.0,44.0,25.3,0.0,0.0,0.0,50.0,51.0,0.0,57.3,0.0,0.0,0.0,0.0,0.0,1.1,1.1,18.9,2.1,0.0,1.1,1.1,0.0,0.0,84.9,0.0,1.1,0.0,0.0,0.0,100.0,0.0,0.0,1.0,2.1,2.1,0.0,0.0,34.8,51.5,0.0,0.0,1.1,0.0,0.0,1.1,0.0,0.0,1.1,0.0,0.0,0.0,0.0,0.0,35.5,39.2,58.0,58,58,0.0,0.0,0.0,11.7503662109375,11.7503662109375,11.7503662109375,269.667,269.667,269.667,58,0.0,11.7503662109375,269.667,5
11776258.673962587,82.86958694458008,111669542.16370876,200625.7191718191,2072082.7971643799,13347127.080172118,13.496875,0.0,100.0,2.9,79.6,0.0,52.9,36.5,8.6,50.0,51.4,0.0,38.0,25.7,0.9,0.0,0.0,52.4,51.9,10.5,42.7,0.0,0.0,0.0,0.0,0.0,0.9,0.0,0.0,0.0,1.9,0.0,1.9,0.0,1.9,79.4,0.0,0.9,0.0,0.0,0.0,100.0,0.0,1.9,0.9,5.7,0.9,0.9,0.0,35.9,50.0,0.0,0.0,1.0,1.0,2.8,0.0,0.0,0.0,0.0,0.9,0.0,0.0,0.0,0.0,34.0,37.0,56.0,56,56,0.0,0.0,0.0,11.7503662109375,11.7503662109375,11.7503662109375,257.411,257.411,257.411,56,0.0,11.7503662109375,257.411,5
11776259.674885202,82.86674880981445,112952003.81991635,202866.8320768504,2095218.9202066,13496156.247737046,14.05,0.0,100.0,3.0,78.4,3.9,38.8,50.0,8.9,51.0,49.5,1.0,8.0,63.2,0.0,0.0,0.0,51.0,50.5,0.0,57.4,2.0,2.0,0.0,0.0,0.0,0.0,1.0,1.0,0.0,1.0,1.0,1.0,1.0,0.0,81.6,0.0,1.0,0.0,0.0,0.0,100.0,0.0,1.0,0.0,0.0,1.0,0.0,0.0,34.7,50.0,0.0,2.0,1.0,18.6,0.0,1.0,2.0,1.0,1.0,2.0,1.0,0.0,0.0,1.0,36.1,38.6,54.0,54,54,0.0,0.0,0.0,11.7503662109375,11.7503662109375,11.7503662109375,256.876,256.876,256.876,54,0.0,11.7503662109375,256.876,5
11776260.65159588,82.86975860595703,115785670.87066843,207905.98971762464,2147157.852442067,13830716.01045691,13.3203125,0.0,100.0,8.4,84.8,0.0,1.1,44.0,43.8,50.0,50.5,0.0,43.8,25.8,0.0,0.0,0.0,47.3,49.5,0.0,6.5,1.1,0.0,0.0,0.0,0.0,0.0,0.0,1.1,1.1,1.1,1.1,1.1,1.1,1.1,80.9,0.0,0.0,0.0,0.0,0.0,100.0,0.0,0.0,0.0,0.0,0.0,0.0,0.0,34.4,48.4,0.0,17.4,1.1,31.9,0.0,0.0,0.0,1.1,0.0,0.0,0.0,0.0,0.0,0.0,35.5,37.5,58.0,58,58,0.0,0.0,0.0,11.7503662109375,11.7503662109375,11.7503662109375,265.804,265.804,265.804,58,0.0,11.7503662109375,265.804,5
11776261.790795004,82.86663818359375,99299564.53823431,178251.54146123183,1840900.290935396,11857986.639658077,13.225,0.0,100.0,5.2,78.6,53.4,2.6,47.0,22.6,49.2,49.1,0.0,65.5,15.4,0.0,0.0,0.0,50.8,50.8,0.0,0.0,0.0,0.0,0.0,0.0,0.0,1.7,0.8,0.8,0.0,0.8,0.0,0.9,1.7,0.8,81.7,0.8,0.0,0.0,0.0,0.0,100.0,0.0,1.7,0.8,0.8,0.0,0.0,0.0,35.1,50.0,0.0,0.0,0.0,1.7,0.9,0.0,0.8,0.0,0.9,1.7,0.0,0.0,0.0,0.0,35.1,36.7,64.0,64,64,0.0,0.0,0.0,11.7503662109375,11.7503662109375,11.7503662109375,214.746,214.746,214.746,64,0.0,11.7503662109375,214.746,5
11776262.792750508,82.86295700073242,112934020.11734025,202677.6631006018,2093059.0155645395,13482243.424476271,13.6203125,0.0,100.0,7.0,80.8,2.0,1.0,45.5,45.5,51.0,50.5,1.0,28.6,35.5,0.0,0.0,0.0,49.5,49.0,3.0,51.0,0.0,0.0,0.0,0.0,0.0,0.0,0.0,17.8,1.0,1.0,0.0,2.0,0.0,1.0,77.3,3.0,0.0,0.0,0.0,0.0,100.0,0.0,1.0,0.0,0.0,1.0,0.0,0.0,34.4,50.0,0.0,0.0,1.0,0.0,0.0,2.0,0.0,1.0,2.0,1.0,1.0,0.0,0.0,0.0,35.4,37.9,64.0,64,64,0.0,0.0,0.0,11.7503662109375,11.7503662109375,11.7503662109375,272.742,272.742,272.742,64,0.0,11.7503662109375,272.742,5
11776263.792846972,82.86632919311523,113179586.1844546,203065.41139060535,2096949.7187317174,13507305.024174226,13.33125,0.0,100.0,11.7,77.2,0.0,0.0,34.8,53.8,48.9,47.9,1.1,28.6,40.4,0.0,0.0,0.0,49.5,48.4,2.1,11.7,0.0,0.0,0.0,0.0,0.0,0.0,0.0,1.0,1.0,0.0,1.1,39.8,1.1,0.0,84.9,0.0,0.0,0.0,0.0,0.0,100.0,0.0,1.1,3.1,1.1,1.1,0.0,0.0,35.5,49.5,0.0,0.0,0.0,0.0,0.0,0.0,1.0,0.0,1.1,3.1,0.0,0.0,0.0,0.0,35.1,36.5,65.0,65,65,0.0,0.0,0.0,11.7503662109375,11.7503662109375,11.7503662109375,273.089,273.089,273.089,65,0.0,11.7503662109375,273.089,5
11776264.789755853,82.8640365600586,113577224.74347113,203722.7312521195,2103654.6473332164,13550494.193173725,13.1828125,0.0,100.0,37.3,78.2,15.4,0.0,9.5,39.4,49.0,50.0,1.0,50.0,17.3,0.0,0.0,0.0,49.0,50.5,1.0,0.0,0.0,0.0,0.0,0.0,0.0,1.9,1.0,0.0,0.0,1.0,0.0,5.8,1.0,1.0,79.4,7.8,40.8,0.0,0.0,0.0,100.0,0.0,1.9,0.0,0.0,0.0,0.0,0.0,32.7,50.0,0.0,0.0,1.0,0.0,0.0,0.0,0.0,0.0,0.0,0.0,1.0,0.0,0.0,0.0,32.4,37.4,65.0,65,65,0.0,0.0,0.0,11.7503662109375,11.7503662109375,11.7503662109375,247.213,247.213,247.213,65,0.0,11.7503662109375,247.213,5
11776265.791284297,82.86546325683594,113086174.14181581,202783.05749938326,2093951.5128583782,13487992.362122912,13.24375,0.0,100.0,4.1,85.4,25.0,1.0,43.3,4.0,48.5,49.0,21.2,23.7,43.3,6.1,0.0,0.0,50.0,47.4,0.0,0.0,0.0,0.0,0.0,0.0,0.0,0.0,0.0,1.0,1.0,0.0,0.0,1.0,0.0,1.0,77.7,1.0,55.7,2.0,0.0,0.0,100.0,0.0,0.0,0.0,0.0,0.0,0.0,0.0,32.6,46.9,1.0,0.0,0.0,0.0,0.0,0.0,0.0,0.0,1.0,0.0,0.0,0.0,0.0,0.0,36.1,37.6,63.0,63,63,0.0,0.0,0.0,11.7503662109375,11.7503662109375,11.7503662109375,271.266,271.266,271.266,63,0.0,11.7503662109375,271.266,5
11776266.78387195,82.86369323730469,114137932.859202,204617.69718562133,2112812.9004200874,13609486.221846577,13.2328125,0.0,100.0,10.5,77.2,55.4,26.6,0.0,4.2,49.5,47.9,22.8,3.2,39.6,1.0,0.0,0.0,47.9,50.5,0.0,0.0,0.0,0.0,0.0,0.0,0.0,0.0,1.0,15.8,0.0,0.0,0.0,2.1,1.0,0.0,85.1,0.0,35.1,0.0,0.0,0.0,100.0,0.0,8.2,2.1,0.0,0.0,0.0,0.0,35.1,49.5,0.0,0.0,0.0,1.0,0.0,0.0,1.0,0.0,1.0,2.1,0.0,0.0,0.0,0.0,34.0,36.5,61.0,61,61,0.0,0.0,0.0,11.7503662109375,11.7503662109375,11.7503662109375,270.944,270.944,270.944,61,0.0,11.7503662109375,270.944,5
11776267.79037174,82.86554718017578,112592935.60192505,201800.34023611574,2083608.9799069015,13421371.905728439,13.2109375,0.0,100.0,1.9,78.4,29.1,61.8,0.0,3.8,49.1,49.5,18.4,0.0,47.5,0.0,0.0,0.0,50.0,51.0,0.0,0.0,0.0,0.0,0.0,0.0,0.0,1.0,0.9,29.2,0.0,0.9,0.0,0.9,1.0,29.5,79.4,1.0,1.0,0.0,0.0,0.0,100.0,0.0,0.0,1.0,0.0,0.0,0.0,0.0,32.7,50.5,0.9,0.0,0.0,0.0,0.9,0.0,0.0,0.0,0.0,0.0,0.9,0.0,0.0,0.0,35.3,38.0,62.0,62,62,0.0,0.0,0.0,11.7503662109375,11.7503662109375,11.7503662109375,246.397,246.397,246.397,62,0.0,11.7503662109375,246.397,5
11776268.791616293,82.86358642578125,113219486.41266654,202860.52943443315,2094545.2286386413,13491816.726660624,13.8671875,0.0,100.0,2.0,83.8,47.4,41.2,0.0,10.0,51.0,50.5,20.8,1.0,48.4,0.0,0.0,0.0,52.0,51.0,0.0,0.0,0.0,0.0,0.0,0.0,0.0,1.0,2.0,15.8,1.0,1.0,2.0,0.0,1.0,54.1,79.6,1.0,1.0,0.0,0.0,0.0,100.0,0.0,2.0,1.0,0.0,0.0,0.0,0.0,36.4,49.0,0.0,0.0,1.0,1.0,2.0,2.9,0.0,0.0,2.0,0.0,0.0,0.0,0.0,0.0,34.3,37.3,63.0,63,63,0.0,0.0,0.0,11.7503662109375,11.7503662109375,11.7503662109375,261.296,261.296,261.296,63,0.0,11.7503662109375,261.296,5
11776269.77548912,82.8685302734375,115254767.5590789,206450.46229189695,2131527.5126470244,13730034.642011497,13.35625,0.0,100.0,4.5,77.6,9.2,35.3,0.0,9.3,50.0,49.4,51.2,39.1,46.4,0.0,0.0,0.0,47.1,48.3,0.0,0.0,0.0,0.0,0.0,0.0,0.0,0.0,1.1,17.2,0.0,0.0,11.5,1.1,0.0,5.7,81.9,5.8,0.0,0.0,0.0,0.0,100.0,0.0,0.0,0.0,0.0,0.0,0.0,0.0,34.5,48.8,0.0,0.0,0.0,0.0,1.1,0.0,0.0,0.0,2.3,0.0,0.0,1.1,0.0,0.0,36.8,38.5,65.0,65,65,0.0,0.0,0.0,11.7503662109375,11.7503662109375,11.7503662109375,276.783,276.783,276.783,65,0.0,11.7503662109375,276.783,5
11776270.782185199,82.86386108398438,112674447.0098421,201777.87939399137,2083202.7102327477,13418754.95771016,13.0296875,0.0,100.0,2.0,79.4,1.0,1.0,0.0,5.0,47.4,48.5,32.3,68.0,50.0,0.0,0.0,0.0,50.5,49.0,0.0,0.0,0.0,0.0,0.0,0.0,0.0,1.0,0.0,1.0,1.0,1.0,2.0,16.2,1.0,0.0,80.6,2.0,1.0,1.0,0.0,0.0,100.0,0.0,37.0,0.0,0.0,0.0,0.0,0.0,33.7,48.0,0.0,0.0,0.0,0.0,2.0,1.0,0.0,0.0,0.0,0.0,0.0,0.0,0.0,0.0,34.3,36.0,88.0,88,88,0.0,0.0,0.0,11.7503662109375,11.7503662109375,11.7503662109375,289.094,289.094,289.094,88,0.0,11.7503662109375,289.094,5
11776271.78094112,82.86185836791992,113603140.31774072,203391.03458032486,2099764.2733127107,13525434.713643203,13.0234375,0.0,100.0,2.0,80.8,1.0,0.0,0.0,3.9,48.5,49.0,74.7,38.0,38.4,0.0,0.0,0.0,48.0,47.5,0.0,0.0,0.0,0.0,0.0,0.0,0.0,1.0,1.0,10.6,1.0,36.9,1.9,0.0,0.0,1.0,81.0,1.0,1.9,0.0,0.0,0.0,100.0,0.0,2.9,8.7,0.0,0.0,0.0,0.0,34.0,49.0,0.0,0.0,0.0,0.0,0.0,0.0,0.0,0.0,0.0,0.0,0.0,0.0,0.0,0.0,33.0,36.8,71.0,71,71,0.0,0.0,0.0,11.7503662109375,11.7503662109375,11.7503662109375,266.388,266.388,266.388,71,0.0,11.7503662109375,266.388,5
11776272.77917348,82.8638801574707,113695657.88705571,203497.71050389472,2100865.572067579,13532528.626325928,13.3234375,0.0,100.0,3.0,81.6,1.0,1.0,0.0,0.0,50.0,48.5,50.0,64.6,40.2,1.0,0.0,0.0,48.5,51.0,0.0,0.0,0.0,0.0,0.0,0.0,0.0,1.0,0.0,26.3,31.4,2.0,1.0,0.0,0.0,0.0,80.4,1.0,1.0,1.0,0.0,0.0,100.0,0.0,1.0,0.0,0.0,0.0,0.0,0.0,34.7,51.5,1.0,0.0,0.0,0.0,0.0,1.0,1.0,0.0,2.0,1.0,0.0,0.0,0.0,0.0,35.4,38.6,73.0,73,73,0.0,0.0,0.0,11.7503662109375,11.7503662109375,11.7503662109375,286.53,286.53,286.53,73,0.0,11.7503662109375,286.53,5
11776273.781264996,82.86719131469727,113290621.87330683,202725.9953757161,2092774.9281524676,13480413.502044605,13.5359375,0.0,100.0,2.0,78.4,0.0,0.0,0.0,0.0,50.0,50.0,72.4,39.2,47.4,0.0,0.0,0.0,50.0,50.0,0.0,0.0,0.0,0.0,0.0,0.0,0.0,0.0,0.0,17.0,55.0,1.0,1.0,0.0,6.0,2.0,78.6,1.0,0.0,0.0,0.0,0.0,100.0,0.0,1.0,1.0,0.0,0.0,0.0,0.0,33.7,50.0,0.0,0.0,0.0,0.0,0.0,1.0,1.0,0.0,1.0,1.0,2.0,0.0,0.0,0.0,35.7,37.9,70.0,70,70,0.0,0.0,0.0,11.7503662109375,11.7503662109375,11.7503662109375,280.012,280.012,280.012,70,0.0,11.7503662109375,280.012,5
11776274.781184008,82.86720275878906,113572410.9809654,203176.45481634032,2097321.857506388,13509702.121203255,13.629687500000001,0.0,100.0,3.1,81.9,9.4,2.1,1.0,0.0,51.0,51.5,35.6,45.7,71.0,0.0,0.0,0.0,49.5,51.5,0.0,0.0,0.0,0.0,0.0,0.0,0.0,0.0,2.0,0.0,57.3,0.0,0.0,2.0,2.1,0.0,84.9,0.0,1.0,0.0,0.0,0.0,100.0,0.0,0.0,1.0,0.0,0.0,0.0,0.0,34.1,50.5,0.0,0.0,0.0,0.0,0.0,1.0,0.0,1.0,3.1,1.0,0.0,1.0,0.0,0.0,36.2,40.8,67.0,67,67,0.0,0.0,0.0,11.7503662109375,11.7503662109375,11.7503662109375,288.235,288.235,288.235,67,0.0,11.7503662109375,288.235,5
11776275.782214692,82.8702278137207,113481889.08738786,202958.8136960011,2094992.7255286074,13494699.235924507,13.3828125,0.0,100.0,2.0,80.8,8.7,0.0,0.0,0.0,51.0,49.5,46.5,43.0,62.4,1.9,0.0,0.0,49.0,49.5,0.0,0.0,0.0,0.0,0.0,0.0,0.0,1.9,3.9,1.0,6.9,11.4,0.0,0.0,0.0,34.6,79.8,1.9,0.0,0.0,0.0,0.0,100.0,0.0,1.9,1.0,0.0,0.0,0.0,0.0,35.6,51.5,1.0,1.9,0.0,1.0,1.0,0.0,0.0,0.0,0.0,0.0,1.9,0.0,0.0,0.0,36.9,37.1,71.0,71,71,0.0,0.0,0.0,11.7503662109375,11.7503662109375,11.7503662109375,281.993,281.993,281.993,71,0.0,11.7503662109375,281.993,5
11776276.784292605,82.86696243286133,113396101.775975,202747.70791988095,2092803.3369244037,13480596.49448571,13.2296875,0.0,100.0,3.0,78.6,4.0,0.0,0.0,0.0,50.0,49.5,53.1,64.9,34.4,0.0,0.0,0.0,48.5,51.0,0.0,0.0,0.0,0.0,0.0,0.0,0.0,0.0,0.0,2.0,1.0,0.0,1.0,0.0,1.0,14.7,78.8,42.0,2.0,2.0,0.0,0.0,100.0,0.0,3.0,0.0,0.0,1.0,0.0,0.0,35.1,51.5,0.0,0.0,0.0,0.0,1.0,0.0,0.0,0.0,1.0,0.0,0.0,0.0,0.0,0.0,34.7,37.9,73.0,73,73,0.0,0.0,0.0,11.7503662109375,11.7503662109375,11.7503662109375,275.897,275.897,275.897,73,0.0,11.7503662109375,275.897,5
11776277.782648075,82.86702346801758,113851844.7061203,203510.679295775,2100606.5091668954,13530859.896938322,13.2890625,0.0,100.0,4.0,77.9,6.0,0.0,0.0,0.0,50.5,49.0,70.4,38.9,43.3,0.0,0.0,0.0,48.5,49.5,0.0,0.0,0.0,0.0,0.0,0.0,0.0,0.0,1.0,0.0,0.0,1.0,0.0,0.0,0.0,0.0,85.3,56.1,1.0,1.0,0.0,0.0,100.0,0.0,3.0,2.0,2.0,0.0,0.0,0.0,33.3,49.0,0.0,0.0,0.0,0.0,0.0,1.0,2.0,1.0,0.0,0.0,0.0,0.0,0.0,0.0,36.4,37.4,72.0,72,72,0.0,0.0,0.0,11.7503662109375,11.7503662109375,11.7503662109375,286.699,286.699,286.699,72,0.0,11.7503662109375,286.699,5
11776278.783565748,82.86627197265625,113593259.52015184,203003.70895486657,2095229.2644427205,13500315.123821357,13.8171875,0.0,100.0,2.0,82.7,5.1,2.9,0.0,0.0,49.5,52.5,55.2,45.4,53.7,0.0,0.0,0.0,54.5,52.5,0.0,0.0,0.0,0.0,0.0,0.0,0.0,2.0,0.0,18.8,0.0,1.0,1.0,1.0,2.0,1.0,78.6,42.6,12.2,0.0,0.0,0.0,100.0,0.0,1.0,1.0,0.0,1.0,0.0,0.0,33.3,50.5,1.0,0.0,0.0,0.0,0.0,0.0,0.0,1.0,2.0,1.0,2.0,0.0,0.0,0.0,36.4,37.9,70.0,70,70,0.0,0.0,0.0,11.7503662109375,11.7503662109375,11.7503662109375,284.166,284.166,284.166,70,0.0,11.7503662109375,284.166,5
11776279.784967571,82.86251449584961,113573961.407106,202917.54551474878,2094216.2794231672,13493788.097298885,13.571875,0.0,100.0,4.0,80.6,10.1,18.4,1.0,2.0,50.5,49.5,37.5,47.5,48.5,2.9,0.0,0.0,48.5,51.5,0.0,0.0,0.0,0.0,0.0,0.0,0.0,0.0,1.0,1.0,1.0,0.0,2.0,0.0,0.0,1.0,84.5,13.3,2.0,0.0,0.0,0.0,100.0,0.0,1.0,0.0,0.0,0.0,0.0,0.0,35.7,51.0,0.0,0.0,0.0,1.0,0.0,0.0,0.0,0.0,2.0,10.0,33.3,1.0,0.0,0.0,36.1,39.2,61.0,61,61,0.0,0.0,0.0,11.7503662109375,11.7503662109375,11.7503662109375,285.918,285.918,285.918,61,0.0,11.7503662109375,285.918,5
11776280.791927865,82.86833572387695,112982425.18543857,201809.3477533748,2082656.102727595,13419301.724410813,13.353125,0.0,100.0,5.5,79.8,36.9,26.9,0.0,0.0,51.4,48.1,25.0,33.6,38.7,0.0,0.0,0.0,49.5,49.5,0.0,0.0,0.0,0.0,0.0,0.0,0.0,0.0,0.0,0.9,0.9,0.9,0.0,0.0,0.0,0.0,78.8,0.0,0.0,0.9,0.0,0.0,100.0,0.0,0.0,0.9,0.0,0.0,0.0,0.0,35.0,50.9,0.0,0.9,0.0,0.0,0.0,0.0,0.0,0.0,2.8,26.4,32.4,1.9,1.8,0.9,35.8,37.6,63.0,63,63,0.0,0.0,0.0,11.7503662109375,11.7503662109375,11.7503662109375,247.462,247.462,247.462,63,0.0,11.7503662109375,247.462,5
11776281.793103905,82.86597061157227,113668013.79862224,202975.29281087682,2094688.561166632,13496831.17829828,13.484375,0.0,100.0,1.0,77.3,25.0,42.6,0.0,0.0,49.5,51.5,38.8,52.1,5.0,0.0,0.0,0.0,50.5,49.5,0.0,0.0,0.0,0.0,0.0,0.0,0.0,1.0,2.0,1.0,1.0,1.0,0.0,1.0,1.0,1.0,80.4,1.0,0.0,0.0,0.0,0.0,100.0,0.0,28.0,0.0,0.0,0.0,0.0,0.0,34.7,50.5,0.0,0.0,0.0,0.0,1.0,0.0,1.0,0.0,1.0,1.0,29.3,6.1,0.0,0.0,38.0,39.2,61.0,61,61,0.0,0.0,0.0,11.7503662109375,11.7503662109375,11.7503662109375,273.261,273.261,273.261,61,0.0,11.7503662109375,273.261,5
11776282.7928767,82.86944198608398,113860444.7141823,203267.18341295555,2097628.592659452,13515774.857780337,13.265625,0.0,100.0,8.4,82.6,37.8,26.1,6.5,0.0,49.5,47.9,34.1,54.3,0.0,0.0,1.0,0.0,47.3,47.9,0.0,0.0,0.0,0.0,1.1,0.0,0.0,1.1,1.1,1.0,0.0,1.1,1.1,0.0,1.0,1.1,76.9,1.1,1.0,0.0,0.0,0.0,100.0,0.0,55.4,1.1,0.0,0.0,0.0,0.0,34.4,50.0,0.0,0.0,0.0,0.0,0.0,1.0,0.0,0.0,2.1,1.1,0.0,2.1,0.0,0.0,33.7,37.1,62.0,62,62,0.0,0.0,0.0,11.7503662109375,11.7503662109375,11.7503662109375,272.321,272.321,272.321,62,0.0,11.7503662109375,272.321,5
11776283.794365192,82.86361694335938,113698219.12260854,202927.94340142145,2094035.0458110406,13492620.344005123,14.1921875,0.0,100.0,7.6,81.2,0.0,42.0,24.5,0.0,51.4,48.5,59.6,29.1,0.0,0.0,0.0,1.0,50.5,50.0,1.0,1.9,0.0,0.0,0.0,0.9,1.0,0.9,1.0,16.3,3.8,19.2,0.0,1.0,0.0,1.0,86.5,4.8,0.0,0.9,0.0,0.0,100.0,0.0,33.3,1.9,0.9,0.0,0.0,0.0,34.7,50.0,0.0,1.0,1.9,0.0,0.0,0.0,1.9,1.0,2.9,7.5,4.8,2.9,0.0,1.0,38.1,38.9,64.0,64,64,0.0,0.0,0.0,11.7503662109375,11.7503662109375,11.7503662109375,244.106,244.106,244.106,64,0.0,11.7503662109375,244.106,5
11776284.793558573,82.86816024780273,113995029.49763462,203394.06140903605,2098844.9671410853,13523612.395700078,13.375,0.0,100.0,7.8,78.6,4.0,44.9,25.8,0.0,50.0,51.0,44.8,43.3,2.0,1.0,1.9,0.0,48.0,49.0,0.0,0.0,0.0,0.0,0.0,0.0,0.0,0.0,2.0,0.0,0.0,0.0,0.0,3.9,0.0,0.0,78.4,1.0,1.0,0.0,0.0,0.0,100.0,0.0,55.0,0.0,0.0,0.0,0.0,0.0,35.7,50.0,0.0,0.0,0.0,0.0,0.0,1.0,0.0,0.0,1.0,0.0,0.0,1.0,0.0,0.0,35.7,38.2,63.0,63,63,0.0,0.0,0.0,11.7503662109375,11.7503662109375,11.7503662109375,268.562,268.562,268.562,63,0.0,11.7503662109375,268.562,5
11776285.782609535,82.86383819580078,115200058.81804273,205487.89476194148,2120367.9896269157,13662292.96441249,13.621875000000001,0.0,100.0,20.5,80.9,18.1,60.9,11.1,5.4,48.4,48.9,47.2,16.3,0.0,1.1,0.0,0.0,51.6,49.5,0.0,0.0,0.0,0.0,0.0,0.0,0.0,1.1,0.0,0.0,0.0,23.7,1.1,0.0,1.1,1.1,84.3,1.1,0.0,0.0,0.0,0.0,100.0,1.1,32.6,2.2,0.0,0.0,0.0,0.0,34.1,52.7,0.0,0.0,0.0,1.1,0.0,0.0,0.0,0.0,0.0,0.0,0.0,0.0,0.0,0.0,37.4,37.2,63.0,63,63,0.0,0.0,0.0,11.7503662109375,11.7503662109375,11.7503662109375,275.081,275.081,275.081,63,0.0,11.7503662109375,275.081,5
11776286.79555142,82.86515808105469,112515452.0847599,200650.20830424668,2070357.671432629,13340058.5118286,13.3765625,0.0,100.0,26.4,78.6,65.7,5.6,0.0,0.0,50.5,50.5,15.7,41.2,7.6,0.0,0.0,2.8,50.0,49.5,0.0,0.0,0.0,0.0,13.1,0.0,0.0,0.9,1.9,0.9,0.9,1.9,17.1,0.9,0.0,0.9,79.8,23.6,0.9,0.9,0.0,0.0,100.0,0.0,0.0,0.0,2.8,0.9,0.0,0.0,36.2,49.5,0.0,1.9,0.9,0.0,0.0,0.0,0.9,0.0,0.0,0.0,0.9,0.0,0.0,0.0,35.2,39.1,64.0,64,64,0.0,0.0,0.0,11.7503662109375,11.7503662109375,11.7503662109375,246.282,246.282,246.282,64,0.0,11.7503662109375,246.282,5
11776287.785259431,82.86285018920898,115190024.35181302,205360.56851298525,2118960.314189848,13653222.805688104,13.184375,0.0,100.0,2.2,79.8,15.6,14.4,0.0,0.0,50.0,50.0,24.7,51.2,58.4,0.0,1.1,0.0,50.0,49.4,0.0,0.0,0.0,0.0,55.1,0.0,0.0,0.0,1.1,0.0,0.0,0.0,1.1,0.0,0.0,0.0,76.4,0.0,0.0,0.0,0.0,0.0,100.0,0.0,2.2,0.0,0.0,1.1,0.0,0.0,34.5,49.4,0.0,0.0,0.0,0.0,1.1,0.0,0.0,0.0,0.0,0.0,0.0,0.0,0.0,0.0,37.4,37.6,71.0,71,71,0.0,0.0,0.0,11.7503662109375,11.7503662109375,11.7503662109375,269.791,269.791,269.791,71,0.0,11.7503662109375,269.791,5
11776288.783617664,82.86450958251953,114224903.68881983,203588.24448163484,2100600.697113707,13534925.194879143,13.475,0.0,100.0,4.9,78.1,2.0,4.0,0.0,0.0,47.4,48.0,50.5,66.3,35.4,0.0,0.0,0.0,50.0,49.5,0.0,0.0,0.0,0.0,6.0,48.0,0.0,0.0,0.0,18.8,2.0,1.0,0.0,1.0,1.0,1.0,82.7,0.0,0.0,0.0,0.0,0.0,100.0,0.0,0.0,3.0,2.0,1.0,1.0,1.0,34.7,49.5,0.0,0.0,0.0,1.0,1.0,0.0,0.0,0.0,0.0,0.0,0.0,0.0,0.0,0.0,33.7,36.9,70.0,70,70,0.0,0.0,0.0,11.7503662109375,11.7503662109375,11.7503662109375,287.578,287.578,287.578,70,0.0,11.7503662109375,287.578,5
11776289.783262257,82.86313247680664,114110821.85283059,203334.26654278208,2097897.6087450115,13517508.22509725,13.6015625,0.0,100.0,3.2,84.9,0.0,4.2,1.0,0.0,50.0,50.5,51.1,44.4,58.1,0.0,0.0,0.0,50.5,52.1,0.0,0.0,0.0,0.0,0.0,56.2,0.0,2.0,1.0,1.0,0.0,0.0,1.0,0.0,1.0,1.0,80.6,0.0,1.0,0.0,0.0,0.0,100.0,0.0,0.0,0.0,0.0,3.1,2.1,0.0,35.5,50.0,0.0,0.0,1.0,1.1,1.1,1.0,1.1,3.1,0.0,0.0,0.0,1.0,0.0,0.0,36.8,38.8,62.0,62,62,0.0,0.0,0.0,11.7503662109375,11.7503662109375,11.7503662109375,290.265,290.265,290.265,62,0.0,11.7503662109375,290.265,5
11776290.781947028,82.8659896850586,114256205.03327553,203537.69861074284,2099913.866861399,13530499.700733896,13.4703125,0.0,100.0,2.9,78.0,0.0,9.6,0.0,1.0,52.0,50.0,67.3,40.0,43.9,0.0,0.0,0.0,50.5,50.0,0.0,0.0,24.5,0.0,7.7,24.3,0.0,0.0,0.0,1.0,1.0,1.0,0.0,1.0,0.0,0.0,78.8,1.9,0.0,0.0,0.0,0.0,100.0,0.0,1.0,0.0,1.0,0.0,0.0,0.0,34.7,49.5,1.9,3.9,0.0,1.0,1.0,1.9,1.0,2.0,1.9,0.0,0.0,0.0,0.0,1.0,36.0,37.9,72.0,72,72,0.0,0.0,0.0,11.7503662109375,11.7503662109375,11.7503662109375,269.423,269.423,269.423,72,0.0,11.7503662109375,269.423,5
11776291.78297008,82.86380767822266,114024937.52993175,203063.2556772996,2095008.6966176198,13498893.926057672,13.3765625,0.0,100.0,3.0,78.4,1.0,1.0,8.1,0.0,50.0,49.5,59.8,36.8,55.2,0.0,0.0,0.0,50.0,51.5,0.0,0.0,11.0,0.0,0.0,45.5,0.0,0.0,0.0,0.0,0.0,0.0,0.0,0.0,0.0,1.0,85.7,0.0,1.0,0.0,0.0,0.0,100.0,0.0,1.0,0.0,0.0,0.0,0.0,0.0,34.4,50.0,0.0,0.0,0.0,0.0,0.0,3.0,2.0,1.0,0.0,0.0,0.0,1.0,0.0,0.0,37.6,37.6,72.0,72,72,0.0,0.0,0.0,11.7503662109375,11.7503662109375,11.7503662109375,284.019,284.019,284.019,72,0.0,11.7503662109375,284.019,5
11776292.783248523,82.86869049072266,114142718.74776994,203224.41356468396,2096568.2250481062,13508942.528190825,13.4390625,0.0,100.0,3.0,85.6,2.0,0.0,5.0,0.0,48.5,49.0,42.1,72.4,36.8,0.0,0.0,0.0,50.0,47.4,0.0,0.0,0.0,0.0,0.0,55.2,0.0,2.0,1.0,1.0,1.0,1.0,2.0,2.0,1.0,1.0,78.1,1.0,0.0,2.0,0.0,0.0,100.0,0.0,2.0,0.0,0.0,0.0,0.0,0.0,33.7,52.0,3.0,1.0,0.0,0.0,0.0,0.0,1.0,1.0,1.0,0.0,0.0,2.0,0.0,0.0,35.1,38.2,72.0,72,72,0.0,0.0,0.0,11.7503662109375,11.7503662109375,11.7503662109375,290.282,290.282,290.282,72,0.0,11.7503662109375,290.282,5
11776293.77734354,82.86368560791016,114885806.81997927,204496.54879328638,2109609.2080483357,13597090.59874904,13.4046875,0.0,100.0,3.0,78.1,0.0,0.0,6.0,0.0,49.0,51.0,66.3,47.9,39.2,0.0,1.0,0.0,49.0,49.5,0.0,0.0,1.0,0.0,0.0,56.1,0.0,0.0,0.0,10.0,0.0,2.0,0.0,0.0,0.0,0.0,80.4,0.0,0.0,0.0,0.0,0.0,100.0,0.0,0.0,0.0,0.0,0.0,0.0,0.0,37.1,50.5,1.0,2.0,0.0,0.0,0.0,1.0,1.0,1.0,0.0,0.0,0.0,0.0,0.0,0.0,35.4,39.4,69.0,69,69,0.0,0.0,0.0,11.7503662109375,11.7503662109375,11.7503662109375,286.237,286.237,286.237,69,0.0,11.7503662109375,286.237,5
11776294.78435606,82.86642837524414,113444781.20455946,201881.30332574208,2082548.0898989493,13422673.235676821,13.3390625,0.0,100.0,3.1,76.8,0.0,0.0,3.1,0.0,49.0,49.0,62.1,41.1,49.5,1.0,0.0,0.0,49.5,50.0,1.0,0.0,47.9,0.0,0.0,7.1,0.0,0.0,0.0,9.2,0.0,0.0,0.0,2.0,1.0,1.0,83.3,0.0,0.0,0.0,1.0,0.0,100.0,0.0,0.0,0.0,0.0,0.0,0.0,0.0,34.0,49.5,3.0,1.0,1.0,0.0,0.0,1.0,1.0,1.0,0.0,1.0,0.0,0.0,0.0,0.0,36.1,37.4,82.0,82,82,0.0,0.0,0.0,11.7503662109375,11.7503662109375,11.7503662109375,288.612,288.612,288.612,82,0.0,11.7503662109375,288.612,5
11776295.783897951,82.86513137817383,114325595.49976821,203397.177927519,2098113.1629729485,13522994.99572408,13.2359375,0.0,100.0,3.9,78.8,1.9,0.0,6.8,0.0,48.0,49.5,62.9,36.4,53.1,0.0,0.0,0.0,48.5,51.9,0.0,0.0,6.9,0.0,2.0,49.0,0.0,1.0,1.9,1.0,1.0,1.0,1.0,0.0,0.0,0.0,78.6,1.0,0.0,0.0,0.0,0.0,100.0,0.0,0.0,1.0,0.0,0.0,0.0,0.0,31.6,46.9,0.0,1.0,1.0,1.0,0.0,0.0,0.0,2.0,2.0,0.0,0.0,0.0,0.0,0.0,36.0,38.5,72.0,72,72,0.0,0.0,0.0,11.7503662109375,11.7503662109375,11.7503662109375,267.822,267.822,267.822,72,0.0,11.7503662109375,267.822,5
11776296.782736111,82.86347579956055,114444606.29998174,203543.4849244608,2099591.388866605,13532522.623554287,13.6109375,0.0,85.6,5.0,85.6,1.0,1.0,13.0,0.0,51.0,49.0,39.6,56.1,57.4,1.0,0.0,0.0,51.5,48.0,0.0,0.0,0.0,0.0,0.0,55.7,1.0,1.0,0.0,1.0,0.0,0.0,0.0,1.0,0.0,1.0,85.6,2.0,1.0,0.0,0.0,0.0,82.2,0.0,17.2,0.0,0.0,0.0,0.0,0.0,33.0,51.5,2.0,0.0,0.0,0.0,0.0,0.0,1.0,1.0,0.0,1.0,0.0,0.0,0.0,0.0,36.4,37.3,71.0,71,71,0.0,0.0,0.0,11.7503662109375,11.7503662109375,11.7503662109375,286.07,286.07,286.07,71,0.0,11.7503662109375,286.07,5
11776297.783319507,82.90264129638672,114277877.81611426,203195.45671299443,2095929.2445998292,13508918.959334837,15.4453125,0.0,100.0,3.0,79.2,2.0,1.0,4.0,0.0,50.5,50.0,44.2,66.3,42.9,0.0,0.0,0.0,50.0,50.0,0.0,0.0,27.0,0.0,0.0,29.3,5.1,0.0,0.0,1.0,2.0,1.0,0.0,0.0,1.0,1.0,79.4,1.0,0.0,0.0,0.0,0.0,21.0,21.0,100.0,21.8,21.0,21.0,20.2,0.0,36.7,53.0,1.0,2.0,0.0,0.0,0.0,1.0,0.0,0.0,0.0,1.0,0.0,0.0,0.0,0.0,37.1,39.8,73.0,73,73,0.0,0.0,0.0,11.7503662109375,11.7503662109375,11.7503662109375,288.227,288.227,288.227,73,0.0,11.7503662109375,288.227,5
11776298.763870988,82.86539459228516,116646046.82922758,207354.74259999013,2138747.4702838575,13784895.804563927,13.265625,0.0,100.0,3.2,78.0,0.0,2.1,5.3,0.0,48.4,50.0,51.6,57.0,46.2,0.0,0.0,0.0,48.4,50.5,0.0,0.0,0.0,2.1,1.1,16.0,2.1,1.1,1.0,1.1,0.0,0.0,2.1,1.1,0.0,0.0,79.3,0.0,0.0,0.0,0.0,0.0,0.0,0.0,100.0,0.0,1.0,0.0,0.0,0.0,35.2,48.9,10.8,0.0,0.0,0.0,0.0,0.0,0.0,30.1,2.1,0.0,0.0,0.0,0.0,0.0,35.1,38.1,65.0,65,65,0.0,0.0,0.0,11.7503662109375,11.7503662109375,11.7503662109375,288.546,288.546,288.546,65,0.0,11.7503662109375,288.546,5
11776299.78305274,82.88326263427734,112257076.53288132,199502.19819556054,2057682.0519956138,13262403.85075298,13.80625,0.0,100.0,4.0,82.7,5.0,0.0,0.0,0.0,49.5,48.0,69.4,30.5,49.0,0.0,0.0,0.0,49.0,49.0,0.0,0.0,15.8,1.0,0.0,0.0,0.0,1.0,0.0,17.8,0.0,2.9,0.0,0.0,2.0,2.0,82.5,0.0,0.0,0.0,0.0,0.0,0.0,0.0,100.0,0.0,0.0,0.0,0.0,0.0,34.4,48.5,2.0,23.0,5.0,2.0,1.0,1.0,2.0,27.6,2.0,0.0,1.0,0.0,0.0,0.0,35.7,37.3,88.0,88,88,0.0,0.0,0.0,11.7523193359375,11.7523193359375,11.7523193359375,291.573,291.573,291.573,88,0.0,11.7523193359375,291.573,5
11776300.795800855,82.86588668823242,113002654.19559987,200779.44064822607,2070753.7929974506,13346655.306428881,13.4140625,0.0,100.0,3.6,80.9,30.6,5.4,12.6,0.0,51.3,49.5,67.0,30.6,11.5,0.0,0.0,0.0,52.7,51.4,0.0,0.0,0.0,0.0,0.0,0.0,0.0,0.0,0.0,0.0,0.9,0.9,0.0,0.0,0.0,0.0,80.9,1.8,0.0,0.0,0.0,0.0,0.0,0.0,100.0,0.0,0.0,0.0,0.0,0.0,35.2,50.5,0.9,4.5,1.8,0.9,1.8,1.7,0.0,51.4,0.9,0.0,0.0,0.9,0.0,0.0,37.3,39.1,64.0,64,64,0.0,0.0,0.0,11.7523193359375,11.7523193359375,11.7523193359375,258.204,258.204,258.204,64,0.0,11.7523193359375,258.204,5
11776301.796233429,82.86975479125977,114429332.93054314,203252.07858599257,2096245.220373618,13510955.521939335,13.534375,0.0,100.0,4.0,79.4,40.6,9.8,24.0,0.0,49.5,47.5,3.0,35.4,55.6,0.0,0.0,0.0,51.0,50.5,1.0,0.0,0.0,0.0,0.0,0.0,0.0,1.0,2.0,0.0,1.0,4.0,1.0,2.0,1.0,0.0,78.4,13.0,1.0,0.0,0.0,0.0,0.0,0.0,100.0,0.0,0.0,0.0,0.0,0.0,34.0,51.5,0.0,18.0,0.0,3.0,0.0,0.0,0.0,30.0,1.0,0.0,1.0,0.0,0.0,0.0,34.7,37.3,63.0,63,63,0.0,0.0,0.0,11.7523193359375,11.7523193359375,11.7523193359375,273.806,273.806,273.806,63,0.0,11.7523193359375,273.806,5
11776302.798000433,82.86569213867188,114309706.30215564,202989.31708327867,2093452.8606125067,13492957.890666548,13.2671875,0.0,100.0,2.2,76.1,48.3,7.6,19.8,1.1,49.5,48.4,0.0,75.6,16.1,0.0,0.0,0.0,50.5,50.0,0.0,0.0,0.0,0.0,0.0,0.0,0.0,0.0,0.0,0.0,0.0,1.1,1.1,0.0,1.1,2.1,84.8,12.9,33.3,1.1,0.0,0.0,0.0,0.0,100.0,0.0,0.0,0.0,0.0,0.0,34.1,47.8,1.1,0.0,0.0,0.0,1.1,0.0,0.0,1.1,0.0,7.5,0.0,0.0,0.0,0.0,36.2,37.5,62.0,62,62,0.0,0.0,0.0,11.7523193359375,11.7523193359375,11.7523193359375,271.734,271.734,271.734,62,0.0,11.7523193359375,271.734,5
11776303.794259341,82.86835098266602,114977447.10605402,204120.63389029706,2105027.0981785934,13567557.468729217,13.521875,0.0,100.0,2.9,83.3,9.4,37.6,29.7,0.0,51.0,50.9,0.0,42.7,47.1,0.0,0.0,0.0,50.0,51.9,0.0,0.0,0.0,0.0,0.0,0.0,0.0,0.9,0.9,0.9,0.0,0.0,0.9,0.9,1.0,0.0,79.6,1.0,2.8,0.0,0.0,0.0,0.0,0.0,100.0,0.0,0.0,0.0,0.0,0.0,35.3,52.4,0.0,0.0,0.0,0.9,0.0,0.0,0.0,0.0,0.0,56.2,0.0,0.0,0.0,0.0,36.3,38.9,65.0,65,65,0.0,0.0,0.0,11.7523193359375,11.7523193359375,11.7523193359375,247.298,247.298,247.298,65,0.0,11.7523193359375,247.298,5
11776304.796427336,82.86659622192383,114332286.27146648,202919.07263628623,2092615.2224260196,13487559.050792705,13.6140625,0.0,100.0,5.1,81.4,6.1,48.4,22.4,0.0,49.5,49.5,2.9,37.5,50.0,0.0,0.0,1.0,50.0,49.0,0.0,0.0,0.0,0.0,0.0,0.0,0.0,1.0,1.0,17.0,1.0,1.0,0.0,0.0,1.0,1.0,78.4,2.0,0.0,0.0,0.0,0.0,0.0,0.0,100.0,0.0,0.0,0.0,0.0,0.0,34.0,50.0,1.0,1.0,1.0,0.0,0.0,0.0,0.0,1.0,41.0,14.1,0.0,0.0,0.0,0.0,34.7,37.3,62.0,62,62,0.0,0.0,0.0,11.7523193359375,11.7523193359375,11.7523193359375,263.588,263.588,263.588,62,0.0,11.7523193359375,263.588,5
11776305.789916605,82.87116622924805,115364097.58716063,204698.7383874576,2110895.4722359367,13605380.973395685,13.359375,0.0,100.0,2.2,76.4,5.4,34.8,43.2,0.0,49.5,50.5,30.8,48.9,8.8,4.2,0.0,0.0,49.5,50.0,0.0,0.0,0.0,0.0,0.0,0.0,0.0,0.0,1.1,0.0,0.0,1.1,0.0,0.0,1.1,0.0,79.8,0.0,0.0,0.0,0.0,0.0,0.0,0.0,100.0,0.0,0.0,0.0,0.0,0.0,33.7,51.1,0.0,0.0,0.0,0.0,0.0,0.0,0.0,1.1,55.6,1.1,0.0,0.0,0.0,0.0,35.9,39.2,64.0,64,64,0.0,0.0,0.0,11.7523193359375,11.7523193359375,11.7523193359375,272.877,272.877,272.877,64,0.0,11.7523193359375,272.877,5
11776306.783381248,82.88660430908203,115402781.35931976,204712.87167109302,2110947.7971765264,13605718.223989332,14.2984375,0.0,100.0,4.1,81.1,3.1,10.2,13.7,6.3,51.0,51.5,28.4,52.7,52.7,0.0,0.0,0.0,48.4,51.0,1.0,1.0,1.0,2.1,1.0,2.0,1.0,4.1,1.0,2.0,1.0,2.1,3.1,3.1,2.1,3.0,82.1,1.0,0.0,0.0,0.0,0.0,0.0,0.0,100.0,0.0,0.0,0.0,0.0,0.0,35.8,48.9,4.1,4.1,3.1,2.1,3.1,3.1,1.0,4.1,20.2,41.7,1.0,1.0,0.0,0.0,35.1,38.8,71.0,71,71,0.0,0.0,0.0,11.7523193359375,11.7523193359375,11.7523193359375,258.142,258.142,258.142,71,0.0,11.7523193359375,258.142,5
11776307.784650182,82.89133834838867,114536092.20585872,203117.25751282714,2094494.224105915,13499669.803807655,13.3375,0.0,100.0,12.9,83.2,21.6,2.0,1.0,0.0,49.5,50.5,24.0,52.5,48.5,0.0,0.0,0.0,49.5,49.0,0.0,0.0,0.0,0.0,0.0,0.0,0.0,1.0,1.0,0.0,0.0,1.9,0.0,0.0,1.0,1.0,78.2,2.9,0.0,0.0,0.0,0.0,0.0,0.0,100.0,0.0,0.0,0.0,0.0,0.0,37.0,51.0,1.9,2.9,1.0,0.0,0.0,0.0,0.0,0.0,18.6,34.7,1.9,0.0,0.0,0.0,34.7,38.7,63.0,63,63,0.0,0.0,0.0,11.7523193359375,11.7523193359375,11.7523193359375,263.066,263.066,263.066,63,0.0,11.7523193359375,263.066,5
11776308.795655137,82.86692428588867,113468332.1587229,201172.1100666593,2074324.1568766518,13369667.417369045,13.303125,0.0,100.0,47.6,78.4,43.1,28.8,1.9,1.0,49.5,48.5,37.3,14.3,14.4,0.0,0.0,0.0,51.0,48.0,0.0,0.0,0.0,0.0,0.0,0.0,0.0,0.0,0.9,0.9,0.9,0.0,0.9,1.9,0.0,0.0,84.2,0.0,0.0,0.0,0.0,0.0,0.0,0.0,100.0,0.0,0.0,0.0,0.0,0.0,35.3,48.0,1.0,0.0,0.0,0.0,0.0,0.0,0.0,0.0,9.6,29.5,0.0,0.0,0.0,0.0,36.2,38.3,63.0,63,63,0.0,0.0,0.0,11.7523193359375,11.7523193359375,11.7523193359375,269.376,269.376,269.376,63,0.0,11.7523193359375,269.376,5
11776309.795458458,82.87044525146484,114772506.29171868,203433.01091244677,2097564.5459827012,13519458.987779131,13.7296875,0.0,100.0,27.4,77.4,12.4,62.4,1.0,8.1,51.5,51.0,52.7,20.0,0.0,0.0,0.0,0.0,48.4,48.9,0.0,0.0,0.0,0.0,0.0,0.0,0.0,2.0,11.3,18.4,1.0,1.0,0.0,11.3,23.2,2.0,80.0,0.0,0.0,0.0,0.0,0.0,0.0,0.0,100.0,0.0,0.0,0.0,0.0,0.0,36.1,49.0,1.0,0.0,0.0,0.0,2.0,0.0,0.0,1.0,3.0,0.0,0.0,1.0,0.0,0.0,35.8,38.4,81.0,81,81,0.0,0.0,0.0,11.7523193359375,11.7523193359375,11.7523193359375,272.506,272.506,272.506,81,0.0,11.7523193359375,272.506,5
11776310.800489835,82.86771392822266,114208224.35794882,202374.77619009337,2086653.2606166718,13449132.343818393,13.18125,0.0,100.0,50.5,78.8,1.9,40.6,0.0,4.9,48.0,47.5,15.0,21.2,28.6,0.0,0.0,0.0,48.0,50.0,0.0,0.0,0.0,0.0,0.0,1.0,0.0,0.0,1.9,0.0,1.0,0.0,1.0,54.0,0.0,0.0,79.0,1.9,1.0,0.0,0.0,0.0,0.0,0.0,100.0,1.0,0.0,0.0,0.0,0.0,35.4,49.5,1.0,1.0,1.0,2.9,0.0,0.0,0.0,0.0,1.0,0.0,0.0,1.0,1.0,0.0,35.3,37.7,64.0,64,64,0.0,0.0,0.0,11.7523193359375,11.7523193359375,11.7523193359375,247.539,247.539,247.539,64,0.0,11.7523193359375,247.539,5
11776311.795100892,82.89567947387695,115440633.04660639,204504.06082490197,2108514.6663605315,13594154.128234599,13.7453125,0.0,100.0,42.7,85.4,3.0,43.8,0.0,3.0,50.5,50.5,16.5,40.6,22.2,0.0,0.0,0.0,50.5,52.0,0.0,0.0,0.0,0.0,0.0,0.0,0.0,0.0,1.0,1.0,24.5,31.0,2.0,2.0,1.0,1.0,85.4,1.0,3.0,0.0,0.0,0.0,0.0,0.0,100.0,1.0,0.0,0.0,0.0,0.0,36.1,50.0,0.0,0.0,0.0,0.0,0.0,0.0,0.0,0.0,1.0,0.0,1.0,0.0,0.0,0.0,37.4,39.6,64.0,64,64,0.0,0.0,0.0,11.7523193359375,11.7523193359375,11.7523193359375,267.768,267.768,267.768,64,0.0,11.7523193359375,267.768,5
11776312.795135176,82.87968063354492,114847540.58453429,203415.0261504439,2097080.1040273705,13614637.237865195,13.4515625,0.0,100.0,46.8,76.8,13.8,2.1,4.1,33.3,51.5,50.5,28.7,6.4,39.1,0.0,0.0,0.0,51.1,52.0,0.0,0.0,0.0,0.0,1.0,0.0,0.0,1.0,11.5,0.0,8.3,0.0,5.2,0.0,0.0,2.1,77.9,30.5,2.1,0.0,0.0,0.0,0.0,0.0,100.0,1.0,0.0,0.0,0.0,0.0,34.8,52.6,0.0,0.0,1.0,0.0,0.0,0.0,0.0,1.0,0.0,0.0,0.0,1.0,0.0,0.0,34.7,39.0,77.0,77,77,0.0,0.0,0.0,11.7523193359375,11.7523193359375,11.7523193359375,269.237,269.237,269.237,77,0.0,11.7523193359375,269.237,5
11776313.795720758,82.86722946166992,114819940.4972829,203304.9482599723,2095924.6640184904,13607135.904682543,13.88125,0.0,100.0,18.6,79.0,1.9,56.1,15.8,0.0,51.5,49.5,45.5,38.4,13.7,0.0,0.0,0.0,50.5,51.5,0.0,0.0,0.0,0.0,0.0,0.0,0.0,1.0,1.0,1.0,1.0,1.0,1.0,2.9,1.0,1.0,80.8,35.2,1.0,1.9,1.0,0.0,0.0,0.0,100.0,0.0,0.0,0.0,1.0,0.0,36.6,50.5,8.7,2.9,2.9,1.0,3.8,0.0,1.9,1.9,0.0,0.0,0.0,0.0,0.0,0.0,37.9,36.5,66.0,66,66,0.0,0.0,0.0,11.7523193359375,11.7523193359375,11.7523193359375,248.745,248.745,248.745,66,0.0,11.7523193359375,248.745,5
11776314.79644632,82.8496322631836,114836792.81530574,203289.500913368,2095631.4899426925,13605232.563612323,15.90625,0.0,100.0,3.0,85.6,1.0,42.9,4.0,48.0,48.5,49.0,19.2,48.9,37.4,1.0,0.0,0.0,49.5,50.0,0.0,0.0,0.0,0.0,0.0,0.0,0.0,0.0,0.0,17.2,0.0,1.0,1.0,0.0,0.0,0.0,83.5,2.0,15.0,1.0,0.0,0.0,23.0,24.0,100.0,25.0,24.0,24.8,23.0,1.0,34.0,50.0,2.0,1.0,1.0,0.0,0.0,0.0,1.0,0.0,1.0,0.0,0.0,0.0,0.0,0.0,35.7,38.8,63.0,63,63,0.0,0.0,0.0,11.7523193359375,11.7523193359375,11.7523193359375,268.189,268.189,268.189,63,0.0,11.7523193359375,268.189,5
11776315.796126164,82.80155944824219,114989863.59973612,203513.15578970956,2097823.6290880274,13619464.341969926,13.2359375,0.0,100.0,10.4,77.2,2.1,25.5,5.2,55.4,49.5,49.5,34.4,33.7,0.0,0.0,0.0,0.0,50.5,51.0,0.0,0.0,0.0,0.0,0.0,0.0,0.0,1.0,1.0,2.1,2.1,0.0,0.0,0.0,0.0,1.0,77.7,48.9,7.3,0.0,0.0,0.0,0.0,0.0,100.0,0.0,0.0,0.0,0.0,0.0,34.4,48.9,1.0,0.0,0.0,1.0,1.0,0.0,1.1,0.0,1.0,0.0,0.0,0.0,0.0,0.0,34.4,38.8,83.0,83,83,0.0,0.0,0.0,11.7523193359375,11.7523193359375,11.7523193359375,270.905,270.905,270.905,83,0.0,11.7523193359375,270.905,5
11776316.796728676,82.80408477783203,114916734.32430021,203326.49341102288,2095889.2022566514,13606905.680275604,13.3546875,0.0,100.0,41.6,78.4,3.8,45.1,3.8,4.8,49.5,48.0,30.3,36.0,0.0,0.0,0.0,0.0,51.0,49.5,0.0,0.0,0.0,0.0,0.0,0.0,0.0,0.9,0.0,1.0,1.0,0.0,1.9,1.0,1.9,1.0,79.0,18.1,39.4,0.0,0.0,0.0,0.0,0.0,100.0,2.9,0.0,0.0,0.0,0.0,35.3,48.0,0.0,1.0,2.9,1.0,0.0,0.0,1.0,0.0,1.0,0.0,0.0,0.0,0.0,0.0,36.5,38.1,60.0,60,60,0.0,0.0,0.0,11.7523193359375,11.7523193359375,11.7523193359375,246.425,246.425,246.425,60,0.0,11.7523193359375,246.425,5
11776317.79750636,82.80066680908203,114929526.12891816,203298.89766913795,2095522.3454814926,13604523.977305626,13.2359375,0.0,100.0,3.0,78.1,1.0,53.8,6.1,32.3,50.5,50.0,26.0,41.1,1.0,0.0,0.0,0.0,49.5,49.0,0.0,0.0,0.0,0.0,0.0,0.0,0.0,0.0,1.0,1.0,0.0,1.0,0.0,1.0,0.0,0.0,85.7,24.0,31.3,1.0,0.0,0.0,0.0,0.0,100.0,1.0,0.0,0.0,0.0,0.0,34.7,49.0,0.0,0.0,0.0,2.0,0.0,0.0,0.0,0.0,0.0,0.0,0.0,0.0,0.0,0.0,35.4,37.6,60.0,60,60,0.0,0.0,0.0,11.7523193359375,11.7523193359375,11.7523193359375,272.084,272.084,272.084,60,0.0,11.7523193359375,272.084,5
11776318.796652893,82.8038215637207,115150116.90919493,203641.8017067791,2098943.3804479092,13626733.977751661,13.5296875,0.0,100.0,2.2,84.6,3.2,6.3,53.3,35.2,48.9,49.5,36.7,35.6,2.1,0.0,0.0,0.0,50.0,49.5,0.0,0.0,0.0,0.0,0.0,0.0,0.0,1.1,1.1,0.0,1.1,0.0,1.1,2.1,1.1,1.1,76.7,0.0,55.9,0.0,0.0,0.0,0.0,0.0,100.0,0.0,1.1,1.1,0.0,0.0,36.6,48.4,1.1,0.0,1.1,0.0,1.1,2.1,1.1,0.0,1.1,0.0,0.0,0.0,0.0,0.0,35.9,36.8,65.0,65,65,0.0,0.0,0.0,11.7523193359375,11.7523193359375,11.7523193359375,273.421,273.421,273.421,65,0.0,11.7523193359375,273.421,5
11776319.797022523,82.80167007446289,115045011.82553568,203404.81532474552,2096377.1145464943,13610073.298344819,14.06875,0.0,100.0,44.3,78.6,2.9,1.9,41.2,13.3,50.5,50.5,34.0,19.4,11.5,0.0,0.0,0.0,48.6,50.9,0.0,0.0,0.0,0.0,0.0,0.0,0.0,0.0,0.9,16.8,0.0,0.0,0.9,0.9,0.9,0.9,82.7,1.9,52.8,0.9,0.0,0.0,0.0,0.0,100.0,0.0,0.0,0.0,0.0,0.0,35.3,51.9,0.9,0.0,0.0,0.9,0.0,3.7,5.7,17.0,1.9,0.9,0.0,0.0,0.0,0.0,35.6,39.4,60.0,60,60,0.0,0.0,0.0,11.7523193359375,11.7523193359375,11.7523193359375,248.638,248.638,248.638,60,0.0,11.7523193359375,248.638,5
11776320.784784475,82.80426025390625,116546764.905138,206001.05075064398,2123135.0284244865,13783790.692349596,13.5375,0.0,100.0,31.0,82.0,3.3,62.5,36.7,32.6,50.5,52.2,0.0,1.1,2.2,0.0,0.0,0.0,50.0,51.6,0.0,0.0,0.0,0.0,0.0,0.0,0.0,1.1,1.1,0.0,1.1,1.1,1.1,0.0,0.0,0.0,80.5,0.0,0.0,0.0,0.0,0.0,0.0,0.0,100.0,0.0,1.1,0.0,0.0,0.0,37.1,51.6,30.0,0.0,1.1,0.0,1.1,1.1,23.1,4.4,1.1,0.0,0.0,0.0,0.0,0.0,36.0,37.0,68.0,68,68,0.0,0.0,0.0,11.7523193359375,11.7523193359375,11.7523193359375,283.06,283.06,283.06,68,0.0,11.7523193359375,283.06,5
11776321.788743831,82.80026245117188,114699255.82748386,202684.4999342417,2088881.3752529393,13561409.553399941,13.371875,0.0,100.0,23.0,80.2,16.3,59.6,20.6,48.4,51.0,50.0,1.0,0.0,1.0,0.0,0.0,0.0,49.0,48.5,0.0,0.0,0.0,0.0,0.0,0.0,0.0,1.0,0.0,2.0,0.0,1.0,0.0,0.0,1.0,1.0,79.4,1.0,0.0,1.0,0.0,0.0,0.0,0.0,100.0,2.0,0.0,0.0,0.0,0.0,34.4,48.5,47.5,0.0,0.0,0.0,1.0,0.0,1.0,10.1,0.0,0.0,0.0,0.0,0.0,0.0,37.4,37.9,67.0,67,67,0.0,0.0,0.0,11.7523193359375,11.7523193359375,11.7523193359375,281.128,281.128,281.128,67,0.0,11.7523193359375,281.128,5
11776322.797372792,82.80287551879883,114203625.40471731,201755.0634863834,2079210.5736751384,13498624.896281563,13.23125,0.0,100.0,13.3,78.4,48.5,17.8,15.4,5.8,47.6,48.1,25.7,16.3,26.9,0.9,0.0,0.0,50.0,50.0,0.0,0.0,0.0,0.0,0.0,0.0,0.0,0.0,0.0,0.0,0.0,1.0,1.0,0.9,1.0,0.9,79.6,0.0,0.0,0.0,0.0,0.0,0.0,0.0,100.0,0.0,0.0,0.0,0.0,0.0,34.7,49.5,33.0,0.9,1.9,0.0,0.0,1.9,0.0,22.9,0.0,0.0,0.0,0.9,0.0,0.0,35.0,37.0,79.0,79,79,0.0,0.0,0.0,11.7523193359375,11.7523193359375,11.7523193359375,276.568,276.568,276.568,79,0.0,11.7523193359375,276.568,5
11776323.797275484,82.80060958862305,115233221.14976235,203517.80397312934,2097356.0901721693,13616428.991664631,13.596875,0.0,100.0,2.0,79.0,52.7,8.9,8.8,0.0,50.5,51.5,56.3,5.9,33.3,1.0,0.0,0.0,52.4,52.9,0.0,0.0,0.0,0.0,0.0,0.0,0.0,1.9,1.0,1.0,1.9,1.0,1.9,1.0,1.9,0.0,84.2,0.0,0.0,0.0,0.0,0.0,0.0,0.0,100.0,0.0,0.0,0.0,0.0,0.0,35.0,51.0,19.6,0.0,1.0,0.0,0.0,0.0,0.0,35.0,1.9,1.0,0.0,0.0,0.0,0.0,36.6,38.1,63.0,63,63,0.0,0.0,0.0,11.7523193359375,11.7523193359375,11.7523193359375,245.237,245.237,245.237,63,0.0,11.7523193359375,245.237,5
11776324.798408259,82.80248641967773,115127286.67654267,203276.7331786351,2094779.086414919,13603789.965487512,13.525,0.0,100.0,2.0,78.4,30.9,37.5,0.0,1.0,50.5,49.5,16.5,17.2,63.2,0.0,0.0,0.0,50.5,48.0,0.0,0.0,0.0,0.0,0.0,0.0,0.0,0.0,0.0,16.0,0.0,2.0,2.0,0.0,0.0,1.0,78.1,0.0,1.0,0.0,0.0,0.0,0.0,0.0,100.0,0.0,0.0,0.0,0.0,0.0,34.7,49.0,1.0,2.0,0.0,0.0,0.0,0.0,1.0,55.4,1.0,1.0,0.0,0.0,0.0,0.0,36.4,38.8,62.0,62,62,0.0,0.0,0.0,11.7523193359375,11.7523193359375,11.7523193359375,269.499,269.499,269.499,62,0.0,11.7523193359375,269.499,5
11776325.799212111,82.80148696899414,115198028.78188755,203350.5361725105,2095467.553265391,13608260.966030126,13.7984375,0.0,100.0,4.2,83.7,47.2,24.7,2.1,0.0,50.5,52.6,53.3,5.2,34.8,0.0,0.0,0.0,51.1,52.1,0.0,0.0,0.0,0.0,0.0,0.0,0.0,0.0,2.1,1.1,0.0,1.1,1.1,2.1,1.1,1.1,84.9,3.2,1.1,0.0,0.0,0.0,0.0,0.0,100.0,0.0,0.0,0.0,0.0,0.0,35.2,52.1,33.3,1.1,0.0,0.0,0.0,0.0,0.0,22.3,4.3,0.0,0.0,1.1,0.0,0.0,34.8,38.5,77.0,77,77,0.0,0.0,0.0,11.7523193359375,11.7523193359375,11.7523193359375,274.04,274.04,274.04,77,0.0,11.7523193359375,274.04,5
11776326.798423631,82.8023452758789,115414557.07497276,203674.59335220812,2098806.8673298643,13629946.941155856,13.2609375,0.0,100.0,1.9,79.4,41.0,25.5,1.9,1.9,49.0,48.6,54.8,2.9,35.0,0.0,0.0,0.0,49.5,50.0,0.0,0.0,0.0,0.0,0.0,0.0,0.0,0.9,0.0,0.9,0.9,0.0,1.9,0.0,0.9,1.9,78.6,1.0,1.0,0.0,0.0,0.0,0.0,0.0,100.0,0.0,0.0,0.0,0.0,0.0,34.3,50.5,46.3,0.9,0.0,0.0,0.0,0.0,0.0,12.1,1.9,0.0,0.0,0.0,0.0,0.0,35.9,37.4,61.0,61,61,0.0,0.0,0.0,11.7523193359375,11.7523193359375,11.7523193359375,246.051,246.051,246.051,61,0.0,11.7523193359375,246.051,5
11776327.797845984,82.80205535888672,115425922.4654177,203639.63187109516,2098364.1142369425,13627071.640308268,13.3,0.0,100.0,3.0,77.9,37.5,28.0,0.0,0.0,51.5,51.0,35.1,9.0,55.2,0.0,0.0,0.0,49.0,49.5,0.0,0.0,0.0,0.0,0.0,0.0,0.0,1.0,0.0,0.0,0.0,2.0,1.0,1.0,0.0,0.0,78.4,4.0,2.0,0.0,0.0,0.0,0.0,0.0,100.0,1.0,0.0,0.0,0.0,0.0,33.7,49.5,27.3,0.0,0.0,0.0,0.0,0.0,0.0,29.3,0.0,0.0,0.0,0.0,0.0,0.0,35.1,39.2,62.0,62,62,0.0,0.0,0.0,11.7523193359375,11.7523193359375,11.7523193359375,271.456,271.456,271.456,62,0.0,11.7523193359375,271.456,5
11776328.799048427,82.81196594238281,115253593.05297351,203286.5593747454,2094633.3215375843,13602843.347875914,13.5484375,0.0,100.0,4.2,84.8,36.7,23.1,9.6,0.0,50.0,47.9,67.7,5.4,21.5,0.0,0.0,0.0,50.5,50.5,0.0,0.0,0.0,0.0,0.0,0.0,0.0,0.0,1.1,2.1,1.1,0.0,0.0,0.0,1.1,1.1,84.6,1.1,2.2,2.1,0.0,1.1,0.0,0.0,100.0,1.1,0.0,0.0,0.0,0.0,35.9,49.5,1.1,1.1,1.1,0.0,0.0,0.0,0.0,55.9,0.0,0.0,0.0,0.0,0.0,0.0,34.4,37.5,63.0,63,63,0.0,0.0,0.0,11.7523193359375,11.7523193359375,11.7523193359375,273.719,273.719,273.719,63,0.0,11.7523193359375,273.719,5
11776329.800089642,82.80282592773438,115307810.78780739,203327.29259070824,2094970.6852799167,13605034.235460397,13.4859375,0.0,100.0,8.7,79.6,0.0,17.3,51.5,0.0,49.0,51.9,42.2,9.5,48.0,1.0,0.0,0.0,50.0,50.5,0.0,0.0,0.0,0.0,0.0,0.0,0.0,0.9,0.0,0.0,0.0,0.9,1.0,0.9,1.0,1.0,79.2,2.9,1.9,1.0,0.0,0.0,0.0,0.0,100.0,0.0,0.0,0.0,0.0,0.0,34.0,50.5,34.3,0.9,0.0,0.0,0.0,0.0,0.0,21.9,0.0,0.0,0.0,0.0,0.0,0.0,33.3,38.3,62.0,62,62,0.0,0.0,0.0,11.7523193359375,11.7523193359375,11.7523193359375,245.371,245.371,245.371,62,0.0,11.7523193359375,245.371,5
11776330.797363803,82.8014030456543,115776382.85084097,204095.33113882787,2102884.124853002,13656425.22487545,13.6875,0.0,100.0,41.7,77.6,3.0,28.1,1.0,0.0,50.0,50.0,43.9,19.2,29.3,0.0,0.0,0.0,50.0,50.0,0.0,0.0,0.0,0.0,0.0,0.0,0.0,1.0,1.0,18.0,2.0,0.0,0.0,0.0,1.0,1.0,79.6,3.0,1.0,1.0,0.0,0.0,0.0,0.0,100.0,0.0,0.0,0.0,0.0,0.0,36.0,50.0,0.0,0.0,0.0,0.0,41.0,2.0,0.0,16.7,2.0,0.0,0.0,0.0,1.0,1.0,36.6,37.3,63.0,63,63,0.0,0.0,0.0,11.7523193359375,11.7523193359375,11.7523193359375,268.557,268.557,268.557,63,0.0,11.7523193359375,268.557,5
11776331.797448264,82.80065536499023,115483972.03383267,203528.80962207855,2096974.886053085,13618049.797122085,13.64375,0.0,100.0,30.8,84.6,1.1,41.1,0.0,0.0,50.5,50.0,56.7,33.0,5.3,0.0,0.0,0.0,51.0,52.6,0.0,0.0,0.0,0.0,0.0,0.0,0.0,0.0,1.1,1.1,0.0,1.1,0.0,1.1,0.0,0.0,83.7,3.2,3.2,0.0,1.1,0.0,0.0,0.0,100.0,1.1,0.0,0.0,0.0,0.0,35.6,49.5,1.1,1.1,0.0,1.1,1.1,0.0,35.8,19.4,0.0,0.0,0.0,0.0,0.0,0.0,36.6,38.5,65.0,65,65,0.0,0.0,0.0,11.7523193359375,11.7523193359375,11.7523193359375,269.368,269.368,269.368,65,0.0,11.7523193359375,269.368,5
11776332.799345788,82.80071640014648,115310593.47602002,203170.479306096,2093180.1421610657,13593406.196651451,13.265625,0.0,100.0,25.5,79.4,2.8,42.6,0.0,0.0,49.5,49.5,40.2,51.5,8.7,0.0,0.0,0.0,50.5,48.1,0.0,0.0,0.0,0.0,0.0,0.0,0.0,1.0,1.0,0.0,0.9,0.0,0.0,0.0,0.9,0.0,78.4,1.9,0.0,1.0,0.0,0.0,0.0,0.0,100.0,1.0,0.0,0.0,0.0,0.0,34.3,51.0,0.9,0.0,0.0,0.0,0.0,0.0,13.5,41.7,0.0,0.0,0.0,0.0,0.0,0.0,35.6,37.6,65.0,65,65,0.0,0.0,0.0,11.7523193359375,11.7523193359375,11.7523193359375,250.641,250.641,250.641,65,0.0,11.7523193359375,250.641,5
11776333.799902372,82.80490493774414,115497980.62025498,203445.7652511266,2095985.4071199538,13611623.981784856,13.46875,0.0,100.0,8.0,78.1,0.0,38.0,29.2,1.0,50.0,51.5,53.5,35.7,1.0,0.0,0.0,0.0,52.5,54.0,0.0,0.0,0.0,0.0,0.0,0.0,0.0,0.0,1.0,1.0,0.0,0.0,1.0,2.0,0.0,2.0,78.4,2.0,1.0,1.0,0.0,0.0,0.0,0.0,100.0,0.0,0.0,0.0,0.0,0.0,35.1,51.0,1.0,0.0,0.0,0.0,0.0,0.0,30.4,25.7,2.0,1.0,0.0,0.0,0.0,0.0,34.7,39.2,59.0,59,59,0.0,0.0,0.0,11.7523193359375,11.7523193359375,11.7523193359375,265.084,265.084,265.084,59,0.0,11.7523193359375,265.084,5
11776334.797197832,82.80072021484375,115908603.48548624,204119.04818519833,2102839.213328708,13656133.563121004,13.7375,0.0,100.0,7.5,75.8,2.2,44.9,25.8,0.0,50.5,51.1,42.7,46.2,2.1,0.0,0.0,0.0,53.6,50.0,0.0,0.0,0.0,0.0,0.0,0.0,0.0,1.1,1.1,0.0,1.1,2.1,0.0,1.1,1.1,0.0,84.6,4.3,1.1,0.0,0.0,0.0,0.0,0.0,100.0,1.1,0.0,1.1,0.0,0.0,35.9,52.1,1.1,1.1,2.1,1.1,0.0,0.0,0.0,58.1,1.1,1.1,0.0,0.0,0.0,0.0,35.2,38.1,63.0,63,63,0.0,0.0,0.0,11.7523193359375,11.7523193359375,11.7523193359375,270.461,270.461,270.461,63,0.0,11.7523193359375,270.461,5
11776335.786460323,82.80328750610352,116885800.27815197,205784.61404981077,2119914.601123855,13767023.532689096,13.8,0.0,100.0,11.3,85.3,3.1,7.4,5.2,0.0,51.0,51.0,53.6,38.7,48.4,2.0,0.0,0.0,51.0,51.0,0.0,0.0,0.0,0.0,0.0,0.0,0.0,1.0,1.0,19.0,0.0,0.0,0.0,0.0,0.0,1.0,77.4,0.0,0.0,1.0,0.0,0.0,0.0,0.0,100.0,0.0,2.0,0.0,0.0,0.0,36.5,50.0,0.0,0.0,0.0,0.0,1.0,0.0,34.0,23.0,2.0,1.0,0.0,0.0,0.0,0.0,36.5,37.8,70.0,70,70,0.0,0.0,0.0,11.7523193359375,11.7523193359375,11.7523193359375,264.207,264.207,264.207,70,0.0,11.7523193359375,264.207,5
11776336.787861336,82.80068588256836,115501770.54527296,203290.187852149,2094217.9738892792,13600146.021839557,13.3765625,0.0,100.0,8.0,78.1,1.0,0.0,1.0,0.0,50.0,52.9,39.4,71.9,41.1,0.0,0.0,0.0,50.0,51.0,0.0,0.0,1.0,0.0,0.0,0.0,0.0,0.0,0.0,0.0,1.0,1.0,0.0,2.0,1.0,1.0,84.8,1.0,1.0,0.0,0.0,0.0,0.0,0.0,100.0,2.0,0.0,0.0,0.0,0.0,34.7,50.0,0.0,0.0,0.0,0.0,0.0,0.0,57.6,0.0,0.0,0.0,0.0,0.0,0.0,0.0,35.4,38.2,68.0,68,68,0.0,0.0,0.0,11.7523193359375,11.7523193359375,11.7523193359375,282.276,282.276,282.276,68,0.0,11.7523193359375,282.276,5
11776337.78777202,82.80364227294922,115706803.43386006,203600.18469251727,2097339.3253248422,13620416.517002149,13.528125,0.0,100.0,19.8,79.0,23.3,1.9,34.6,2.9,51.5,50.0,24.8,55.0,44.9,0.0,0.0,0.0,50.0,49.5,0.0,0.0,0.0,0.0,0.0,0.0,0.0,1.9,1.9,1.0,1.0,0.0,1.0,0.0,1.0,1.0,78.8,2.9,0.0,0.0,0.0,0.0,0.0,0.0,100.0,0.0,1.0,0.0,0.0,0.0,34.7,50.5,1.0,0.0,0.0,0.0,0.0,0.0,12.7,0.0,2.9,2.0,2.9,7.7,0.0,0.0,33.7,39.0,65.0,65,65,0.0,0.0,0.0,11.7523193359375,11.7523193359375,11.7523193359375,285.164,285.164,285.164,65,0.0,11.7523193359375,285.164,5
11776338.79591455,82.8037109375,114797368.09479593,201946.64358693745,2080213.7987024628,13509200.938839234,13.321875,0.0,100.0,68.8,85.4,20.0,1.0,54.1,9.0,49.5,50.5,2.0,29.2,36.2,0.0,0.0,0.0,49.5,50.0,0.0,0.0,0.0,0.0,0.0,0.0,0.0,0.0,1.0,1.0,1.0,0.0,0.0,1.0,0.0,0.0,78.1,0.0,0.0,0.0,0.0,0.0,0.0,0.0,100.0,1.0,0.0,0.0,0.0,0.0,34.7,50.0,0.0,0.0,0.0,0.0,0.0,0.0,0.0,0.0,2.0,0.0,0.0,2.0,0.0,0.0,37.4,38.2,62.0,62,62,0.0,0.0,0.0,11.7523193359375,11.7523193359375,11.7523193359375,273.369,273.369,273.369,62,0.0,11.7523193359375,273.369,5
11776339.786743091,82.80525970458984,116836554.54837205,205483.58405285783,2116563.9775422225,13745264.111968534,13.5328125,0.0,100.0,20.4,77.1,1.0,1.0,23.0,3.1,51.5,52.0,46.3,64.2,44.2,0.0,0.0,0.0,52.0,51.0,0.0,0.0,0.0,0.0,0.0,0.0,0.0,0.0,0.0,0.0,0.0,0.0,0.0,2.0,1.0,1.0,84.2,3.1,15.5,0.0,0.0,0.0,0.0,0.0,100.0,0.0,1.0,0.0,0.0,0.0,35.4,50.5,0.0,0.0,0.0,0.0,0.0,0.0,0.0,0.0,2.0,3.0,0.0,0.0,3.0,1.0,35.4,41.2,70.0,70,70,0.0,0.0,0.0,11.7523193359375,11.7523193359375,11.7523193359375,267.241,267.241,267.241,70,0.0,11.7523193359375,267.241,5
11776340.788872307,82.80391693115234,115554585.35720575,203167.4127454811,2092696.1983006443,13590263.397167271,13.7078125,0.0,100.0,5.0,78.1,3.0,1.0,0.0,9.0,50.5,50.5,46.9,61.1,46.3,1.0,0.0,0.0,49.0,49.5,0.0,0.0,0.0,0.0,0.0,0.0,0.0,1.0,0.0,19.8,2.0,11.0,0.0,0.0,0.0,1.0,79.4,14.0,31.3,1.0,0.0,0.0,0.0,0.0,100.0,0.0,0.0,0.0,0.0,0.0,35.4,49.5,1.0,2.0,0.0,0.0,0.0,0.0,0.0,1.0,1.0,0.0,0.0,0.0,0.0,0.0,37.4,38.6,74.0,74,74,0.0,0.0,0.0,11.7523193359375,11.7523193359375,11.7523193359375,280.504,280.504,280.504,74,0.0,11.7523193359375,280.504,5
11776341.786013588,82.80568313598633,116165621.85374808,204191.72673970874,2103164.3556030886,13658245.082773963,13.409375,0.0,100.0,7.0,79.4,6.9,1.0,0.0,1.0,50.5,50.5,45.9,29.0,71.7,0.0,0.0,0.0,51.5,52.5,0.0,0.0,0.0,0.0,0.0,0.0,0.0,1.0,1.0,1.0,1.0,55.9,2.0,2.0,1.0,0.0,78.6,0.0,0.0,0.0,1.0,0.0,0.0,0.0,100.0,1.0,0.0,0.0,0.0,0.0,35.7,50.0,0.0,0.0,0.0,0.0,0.0,0.0,0.0,1.0,3.9,0.0,0.0,1.0,0.0,0.0,35.7,38.5,69.0,69,69,0.0,0.0,0.0,11.7523193359375,11.7523193359375,11.7523193359375,291.978,291.978,291.978,69,0.0,11.7523193359375,291.978,5
11776342.768314213,82.80356979370117,117954134.5484785,207283.79375222302,2134939.0891391207,13864594.670678858,13.6234375,0.0,100.0,52.2,83.8,20.4,0.0,1.0,0.0,51.5,51.0,32.3,6.0,52.0,0.0,0.0,0.0,50.0,51.0,0.0,0.0,0.0,0.0,0.0,0.0,0.0,0.0,0.0,0.0,15.0,24.2,2.0,2.0,15.2,1.0,85.7,2.0,2.0,1.0,0.0,0.0,0.0,0.0,100.0,0.0,0.0,0.0,1.0,0.0,35.1,50.5,1.0,0.0,0.0,0.0,0.0,0.0,0.0,0.0,1.0,1.0,3.0,0.0,1.0,1.0,38.0,38.0,64.0,64,64,0.0,0.0,0.0,11.7523193359375,11.7523193359375,11.7523193359375,274.128,274.128,274.128,64,0.0,11.7523193359375,274.128,5
11776343.788751464,82.81287002563477,113580808.42131998,199545.8315986754,2055150.3743607106,13350449.502194773,13.8203125,0.0,100.0,13.7,77.2,1.1,5.2,0.0,1.0,50.0,50.0,47.8,70.0,35.9,0.0,0.0,0.0,53.6,53.6,0.0,0.0,0.0,0.0,0.0,0.0,0.0,1.0,0.0,0.0,0.0,0.0,1.0,1.0,54.2,1.0,77.4,5.3,1.0,3.1,2.1,0.0,0.0,0.0,100.0,1.0,0.0,0.0,1.0,0.0,34.4,52.6,0.0,1.0,2.1,0.0,0.0,0.0,0.0,0.0,6.2,5.2,0.0,1.0,1.0,0.0,34.4,38.4,74.0,74,74,0.0,0.0,0.0,11.7523193359375,11.7523193359375,11.7523193359375,290.345,290.345,290.345,74,0.0,11.7523193359375,290.345,5
11776344.787215857,82.79878616333008,116113292.44294156,203939.17052017478,2100377.355223427,13644248.209908435,13.58125,0.0,100.0,7.9,79.0,0.0,1.9,0.0,0.0,51.5,52.9,41.4,30.3,77.6,0.0,0.0,0.0,52.4,52.5,0.0,0.0,0.0,0.0,0.0,0.0,0.0,1.0,12.7,1.0,14.7,1.0,0.0,1.9,14.6,0.0,82.0,1.0,2.0,0.0,0.0,0.0,0.0,0.0,100.0,16.5,0.0,0.0,0.0,0.0,36.0,51.0,0.0,2.9,1.9,1.0,0.0,0.0,0.0,0.0,1.0,1.0,0.0,1.0,0.0,0.0,36.6,41.0,70.0,70,70,0.0,0.0,0.0,11.7523193359375,11.7523193359375,11.7523193359375,269.33,269.33,269.33,70,0.0,11.7523193359375,269.33,5
11776345.79841512,82.8240852355957,114683525.93315935,201379.69565317637,2073925.5604314099,13472414.871083729,13.709375,0.0,100.0,32.7,79.6,35.9,0.9,0.0,0.0,51.4,50.9,54.8,24.3,14.2,0.9,0.0,0.0,51.4,51.4,0.0,0.0,0.0,0.0,0.0,0.0,0.0,0.0,0.9,15.9,1.9,0.9,0.9,0.9,0.0,0.9,83.7,7.5,0.0,0.0,0.0,0.0,0.0,0.0,100.0,33.0,22.0,0.0,0.0,0.0,35.6,50.0,1.8,0.0,0.0,0.0,0.0,0.0,0.0,0.9,0.0,0.0,0.9,0.0,0.0,0.0,34.3,37.0,62.0,62,62,0.0,0.0,0.0,11.7523193359375,11.7523193359375,11.7523193359375,273.017,273.017,273.017,62,0.0,11.7523193359375,273.017,5
11776346.791439386,82.8032341003418,116818457.55704522,205073.53857992587,2111883.9418981685,13718996.075690053,13.615625,0.0,100.0,15.4,84.8,58.4,2.1,0.0,9.5,49.5,49.5,64.1,25.3,2.1,2.1,0.0,0.0,49.5,50.5,0.0,0.0,0.0,0.0,0.0,0.0,0.0,1.1,0.0,17.0,17.0,2.1,0.0,0.0,1.1,2.1,76.9,1.1,4.3,0.0,1.1,1.1,0.0,0.0,100.0,1.1,19.4,1.1,0.0,0.0,34.1,50.0,0.0,0.0,0.0,0.0,0.0,0.0,0.0,1.1,1.1,1.1,0.0,0.0,0.0,1.1,35.5,38.1,62.0,62,62,0.0,0.0,0.0,11.7523193359375,11.7523193359375,11.7523193359375,270.655,270.655,270.655,62,0.0,11.7523193359375,270.655,5
11776347.800283637,82.80133438110352,115019211.2474,201864.6583314109,2078766.8644686227,13503864.435981717,13.496875,0.0,100.0,31.7,79.4,37.6,0.0,1.0,3.8,50.9,51.9,29.4,58.8,0.0,1.0,0.0,0.0,52.8,50.5,0.0,0.0,0.0,0.0,0.0,0.0,0.0,0.0,0.0,26.2,8.4,0.0,0.0,0.9,0.0,0.0,81.4,1.0,1.0,0.0,0.0,0.9,0.0,0.0,100.0,4.7,0.0,0.9,0.0,0.0,35.0,49.0,0.0,0.0,0.0,0.0,0.0,0.0,1.9,0.0,3.8,1.9,10.6,11.2,1.0,0.0,36.5,38.7,65.0,65,65,0.0,0.0,0.0,11.7523193359375,11.7523193359375,11.7523193359375,255.777,255.777,255.777,65,0.0,11.7523193359375,255.777,5
11776348.80049364,82.80249404907227,116045026.08877192,203607.24167961036,2096711.6823121938,13620435.655020228,13.4609375,0.0,82.7,43.0,78.1,28.9,3.0,0.0,3.0,49.5,48.0,44.4,43.2,0.0,0.0,0.0,0.0,50.0,50.5,0.0,0.0,0.0,0.0,0.0,0.0,0.0,2.0,1.0,1.0,0.0,2.0,2.0,1.0,2.0,1.0,82.7,1.0,1.0,1.0,0.0,0.0,28.3,0.0,71.6,0.0,0.0,0.0,0.0,0.0,35.1,52.5,0.0,0.0,0.0,0.0,0.0,0.0,0.0,0.0,0.0,2.0,27.5,30.0,0.0,0.0,36.4,38.8,61.0,61,61,0.0,0.0,0.0,11.7523193359375,11.7523193359375,11.7523193359375,257.703,257.703,257.703,61,0.0,11.7523193359375,257.703,5
11776349.773038475,82.80051803588867,119379922.58964647,209407.3125232212,2156355.086825454,14007884.80230754,13.29375,0.0,100.0,43.8,84.6,28.6,3.3,1.1,5.4,50.5,51.1,66.3,25.5,1.1,0.0,0.0,0.0,48.9,50.5,0.0,0.0,0.0,0.0,0.0,0.0,0.0,0.0,0.0,0.0,0.0,0.0,0.0,0.0,0.0,1.1,76.7,1.1,1.1,0.0,0.0,0.0,100.0,0.0,0.0,2.1,1.1,0.0,0.0,0.0,34.1,48.4,0.0,0.0,0.0,0.0,0.0,0.0,0.0,0.0,0.0,0.0,53.8,0.0,0.0,0.0,34.4,36.2,64.0,64,64,0.0,0.0,0.0,11.7523193359375,11.7523193359375,11.7523193359375,267.552,267.552,267.552,64,0.0,11.7523193359375,267.552,5
11776350.799803523,82.80152130126953,113107919.06018178,198355.99224648834,2042484.7953831416,13268172.713758454,13.6140625,0.0,100.0,25.5,78.8,40.6,0.9,0.9,4.7,51.9,50.5,49.0,27.5,13.2,0.9,0.0,0.0,50.9,50.9,0.9,0.0,0.0,0.0,0.0,0.0,0.0,0.0,0.0,16.8,12.3,0.9,0.9,1.9,0.9,0.9,79.8,0.0,0.0,0.0,0.0,0.0,100.0,0.0,0.0,0.0,0.0,0.0,0.0,0.0,36.9,50.0,0.0,0.0,0.0,0.0,0.0,0.0,0.0,0.0,22.9,21.9,2.8,0.0,0.0,0.0,36.8,38.5,64.0,64,64,0.0,0.0,0.0,11.7523193359375,11.7523193359375,11.7523193359375,262.686,262.686,262.686,64,0.0,11.7523193359375,262.686,5
11776351.798529664,82.80160903930664,116316352.66668727,203924.77146505454,2099826.883988324,13640672.297158528,13.375,0.0,100.0,44.7,77.3,29.6,8.1,0.0,4.0,48.5,50.0,0.0,40.0,47.9,0.0,0.0,0.0,50.5,50.5,0.0,0.0,0.0,0.0,0.0,1.0,0.0,2.0,1.0,0.0,0.0,1.0,0.0,0.0,0.0,1.0,84.7,1.0,3.0,0.0,0.0,0.0,100.0,0.0,0.0,1.0,0.0,0.0,0.0,0.0,34.7,50.5,0.0,0.0,0.0,0.0,1.0,0.0,0.0,0.0,24.0,0.0,26.3,0.0,0.0,0.0,35.4,37.3,64.0,64,64,0.0,0.0,0.0,11.7523193359375,11.7523193359375,11.7523193359375,257.149,257.149,257.149,64,0.0,11.7523193359375,257.149,5
11776352.766356517,82.80207061767578,120066798.81926675,210442.60082071702,2166866.92916242,14076170.715613687,13.5890625,0.0,100.0,21.3,81.7,51.7,2.1,0.0,10.3,50.5,51.0,8.4,22.1,59.3,0.0,0.0,0.0,51.6,49.5,0.0,0.0,0.0,0.0,0.0,0.0,0.0,0.0,0.0,2.1,0.0,0.0,1.1,1.0,1.0,0.0,77.2,0.0,1.1,0.0,0.0,0.0,100.0,0.0,2.1,1.1,1.1,1.0,0.0,0.0,34.8,50.5,0.0,0.0,0.0,0.0,0.0,0.0,1.0,0.0,26.3,5.2,2.1,30.9,0.0,0.0,34.1,36.5,64.0,64,64,0.0,0.0,0.0,11.7523193359375,11.7523193359375,11.7523193359375,270.589,270.589,270.589,64,0.0,11.7523193359375,270.589,5
11776353.79887369,82.80091094970703,112576149.72209859,197268.38940592905,2031106.1668348506,13194256.075962331,13.5140625,0.0,100.0,23.5,82.4,1.9,43.4,0.0,3.8,50.9,50.9,21.4,19.4,45.6,0.0,0.0,0.0,50.0,52.3,0.0,0.0,0.0,0.0,0.0,0.0,0.0,0.0,0.0,0.0,39.3,0.9,0.0,0.9,0.0,1.0,82.4,7.6,0.0,0.0,0.0,0.0,100.0,0.0,1.9,1.0,0.0,0.0,0.0,0.0,36.3,51.4,0.0,0.0,0.0,0.0,0.9,0.0,0.0,0.0,1.9,0.0,1.9,15.4,0.0,0.0,37.7,38.9,64.0,64,64,0.0,0.0,0.0,11.7523193359375,11.7523193359375,11.7523193359375,261.08,261.08,261.08,64,0.0,11.7523193359375,261.08,5
11776354.800188074,82.80301666259766,116117109.64505768,203415.63394877597,2094399.1573520785,13605413.276080104,13.409375,0.0,100.0,38.9,78.1,1.0,32.3,1.0,5.0,50.0,51.0,43.3,0.0,44.8,0.0,0.0,0.0,51.5,50.0,0.0,0.0,0.0,0.0,0.0,0.0,0.0,1.0,1.0,0.0,56.1,1.0,1.0,0.0,1.0,1.0,82.3,1.0,0.0,0.0,0.0,0.0,100.0,0.0,0.0,1.0,0.0,0.0,0.0,0.0,35.1,50.5,0.0,0.0,1.0,0.0,0.0,0.0,0.0,0.0,2.0,2.0,0.0,1.0,0.0,0.0,35.7,37.6,60.0,60,60,0.0,0.0,0.0,11.7523193359375,11.7523193359375,11.7523193359375,259.423,259.423,259.423,60,0.0,11.7523193359375,259.423,5
11776355.770038856,82.80298614501953,119918099.89943866,210021.99896761318,2162345.010451804,14046795.907739647,13.609375,0.0,100.0,17.0,78.3,2.1,53.9,1.0,5.2,52.1,51.0,60.0,1.0,28.7,0.0,0.0,0.0,51.0,50.5,0.0,0.0,0.0,0.0,0.0,0.0,0.0,1.0,1.1,9.4,12.6,1.0,0.0,17.5,0.0,1.0,77.4,2.1,1.0,0.0,0.0,0.0,100.0,0.0,0.0,0.0,0.0,0.0,0.0,0.0,35.1,51.0,0.0,0.0,1.0,0.0,2.1,0.0,0.0,1.0,2.1,27.1,2.1,0.0,0.0,0.0,35.8,37.8,58.0,58,58,0.0,0.0,0.0,11.7523193359375,11.7523193359375,11.7523193359375,274.008,274.008,274.008,58,0.0,11.7523193359375,274.008,5
11776356.799291559,82.80491256713867,113031868.39546998,197909.60910852856,2037548.2086861935,13236104.183770077,13.4515625,0.0,100.0,35.7,81.2,1.0,32.3,0.0,7.8,48.5,50.5,40.6,1.0,46.5,0.0,0.0,0.0,50.5,50.0,0.0,0.0,0.0,0.0,0.0,0.0,0.0,0.0,3.8,8.7,52.9,0.0,1.0,1.0,0.0,0.0,79.0,1.0,1.0,0.0,0.0,0.0,100.0,0.0,1.0,1.0,0.0,0.0,0.0,0.0,35.0,51.5,1.0,0.0,0.0,0.0,0.0,0.0,0.0,0.0,0.0,1.0,1.0,1.0,0.0,0.0,36.3,38.1,57.0,57,57,0.0,0.0,0.0,11.7523193359375,11.7523193359375,11.7523193359375,266.769,266.769,266.769,57,0.0,11.7523193359375,266.769,5
11776357.79988282,82.8002815246582,116302514.82245466,203578.63183097405,2095912.7678662678,13615245.831881262,13.684375,0.0,100.0,42.4,82.7,3.0,27.8,2.0,4.0,50.0,50.5,29.9,0.0,59.4,0.0,0.0,0.0,51.0,50.5,0.0,0.0,0.0,0.0,0.0,1.0,0.0,1.0,17.8,1.0,11.0,1.0,1.0,0.0,1.0,2.0,85.6,1.0,2.0,0.0,0.0,0.0,100.0,0.0,31.3,3.0,1.0,0.0,0.0,0.0,35.7,49.5,0.0,0.0,0.0,1.0,0.0,0.0,0.0,1.0,0.0,1.0,0.0,0.0,0.0,0.0,35.1,38.6,57.0,57,57,0.0,0.0,0.0,11.7523193359375,11.7523193359375,11.7523193359375,254.962,254.962,254.962,57,0.0,11.7523193359375,254.962,5
11776358.788362943,82.80255889892578,117763594.14793263,206084.06310813891,2121592.484980412,13782063.681728223,13.5765625,0.0,100.0,38.9,76.4,28.3,37.4,26.1,30.4,51.1,51.1,4.3,5.4,7.6,0.0,0.0,0.0,53.3,52.7,0.0,0.0,0.0,0.0,0.0,0.0,0.0,1.1,0.0,0.0,0.0,0.0,0.0,1.1,1.1,0.0,76.7,26.9,21.7,1.1,0.0,0.0,100.0,0.0,8.5,0.0,0.0,0.0,1.1,0.0,35.6,51.6,0.0,0.0,0.0,0.0,0.0,0.0,2.2,3.2,0.0,0.0,0.0,0.0,0.0,0.0,35.5,38.5,73.0,73,73,0.0,0.0,0.0,11.7523193359375,11.7523193359375,11.7523193359375,275.982,275.982,275.982,73,0.0,11.7523193359375,275.982,5
11776359.787347974,82.81585311889648,116558207.89548208,203923.97638802542,2099282.705567529,13637137.263120314,13.7734375,0.0,100.0,33.7,84.9,11.6,54.3,29.0,29.2,50.0,51.0,1.0,4.2,1.0,0.0,0.0,0.0,52.5,52.1,0.0,0.0,0.0,0.0,15.5,0.0,0.0,0.0,0.0,2.0,0.0,1.0,1.0,0.0,0.0,0.0,85.1,21.9,9.4,0.0,0.0,0.0,100.0,0.0,21.1,8.2,2.1,0.0,0.0,0.0,33.7,50.5,0.0,0.0,0.0,0.0,0.0,0.0,0.0,0.0,0.0,0.0,0.0,0.0,0.0,0.0,36.5,39.0,86.0,86,86,0.0,0.0,0.0,11.7523193359375,11.7523193359375,11.7523193359375,289.117,289.117,289.117,86,0.0,11.7523193359375,289.117,5
11776360.79026764,82.81739044189453,116133764.14290193,203131.92253696558,2091046.840654031,13583636.312529895,13.278125,0.0,100.0,21.4,78.0,1.9,65.0,37.8,27.0,50.0,50.5,0.0,0.0,3.9,0.0,0.0,1.0,50.0,49.5,0.0,0.0,0.0,0.0,0.0,0.0,0.0,1.0,1.0,1.0,3.8,1.0,0.0,1.0,1.0,1.9,78.8,1.0,1.9,1.0,0.0,0.0,100.0,0.0,1.9,46.1,8.8,0.0,0.0,0.0,35.6,51.5,0.0,0.0,0.0,0.0,0.0,0.0,0.0,0.0,0.0,0.0,0.0,0.0,0.0,0.0,37.0,38.5,77.0,77,77,0.0,0.0,0.0,11.7523193359375,11.7523193359375,11.7523193359375,267.88,267.88,267.88,77,0.0,11.7523193359375,267.88,5
11776361.789696893,82.83942413330078,116572293.4034713,203841.34203855836,2098349.6288567763,13631075.909331324,13.74375,0.0,100.0,23.3,79.4,4.8,29.2,50.5,30.4,50.9,50.0,16.5,16.3,0.0,0.0,0.0,0.0,50.0,50.5,0.0,0.0,0.0,0.0,0.0,0.0,0.0,0.0,1.0,16.2,1.0,1.9,0.0,0.0,0.0,0.0,79.4,2.8,0.0,0.0,0.9,0.0,100.0,0.0,1.0,15.2,41.5,0.0,0.0,0.0,35.3,51.9,0.0,0.9,0.0,0.0,0.0,0.0,0.0,0.0,1.9,0.0,0.0,0.9,0.9,0.0,36.2,38.9,56.0,56,56,0.0,0.0,0.0,11.7523193359375,11.7523193359375,11.7523193359375,274.863,274.863,274.863,56,0.0,11.7523193359375,274.863,5
11776362.801043045,82.78094482421875,115233989.6320436,201447.34776176582,2073624.3429060718,13470458.133799989,13.484375,0.0,100.0,12.5,79.0,22.0,1.0,0.0,58.4,51.0,49.5,25.3,42.4,9.6,2.0,0.0,0.0,50.5,50.5,0.0,0.0,0.0,0.0,0.0,0.0,0.0,1.0,1.0,0.0,1.0,1.0,1.9,0.0,1.0,1.0,86.1,0.0,1.0,0.0,0.0,0.0,100.0,0.0,16.5,37.6,1.9,0.0,0.0,0.0,34.7,50.5,0.0,0.0,0.0,0.0,0.0,0.0,0.0,0.0,1.0,0.0,0.0,0.0,0.0,0.0,34.0,38.1,56.0,56,56,0.0,0.0,0.0,11.7523193359375,11.7523193359375,11.7523193359375,265.721,265.721,265.721,56,0.0,11.7523193359375,265.721,5
11776363.800103417,82.8014030456543,116684026.59129567,203935.62364447128,2099124.396287745,13636108.871197341,13.5390625,0.0,100.0,39.8,83.3,11.6,5.2,0.0,32.6,50.5,50.0,41.9,29.0,5.2,2.0,1.0,0.0,52.5,52.0,0.0,0.0,0.0,0.0,0.0,0.0,0.0,1.0,2.0,1.0,1.0,1.0,0.0,1.0,0.0,1.0,77.4,1.0,0.0,0.0,1.0,0.0,100.0,0.0,11.2,0.0,0.0,0.0,0.0,0.0,34.4,52.5,0.0,35.1,9.4,2.0,0.0,1.0,0.0,1.0,1.0,0.0,0.0,0.0,0.0,0.0,36.5,38.4,62.0,62,62,0.0,0.0,0.0,11.7523193359375,11.7523193359375,11.7523193359375,267.73,267.73,267.73,62,0.0,11.7523193359375,267.73,5
11776364.798666008,82.80047607421875,116775164.65508837,204037.28499910547,2100170.804099478,13642906.434443092,13.4296875,0.0,100.0,18.7,78.7,8.2,44.2,43.6,0.0,50.5,51.0,26.9,20.0,4.2,0.0,0.0,0.0,50.5,48.5,0.0,0.0,0.0,0.0,0.0,0.0,0.0,0.0,2.1,0.0,1.0,1.0,0.0,2.0,1.0,0.0,83.2,1.0,0.0,0.0,0.0,0.0,100.0,0.0,0.0,1.0,1.0,0.0,0.0,0.0,35.8,51.0,0.0,0.0,21.2,34.4,0.0,0.0,0.0,0.0,1.0,0.0,2.0,1.0,1.0,0.0,35.4,38.4,63.0,63,63,0.0,0.0,0.0,11.7523193359375,11.7523193359375,11.7523193359375,253.611,253.611,253.611,63,0.0,11.7523193359375,253.611,5
11776365.800352981,82.80221557617188,116443783.42344263,203411.84960069266,2093620.118346994,13600352.56566817,13.48125,0.0,100.0,1.9,79.6,12.5,26.0,24.5,23.1,50.9,51.4,37.6,30.1,5.7,0.0,0.0,0.0,50.0,51.4,0.0,0.0,0.0,0.0,0.0,0.0,0.0,1.9,0.0,0.9,0.9,0.0,0.9,0.0,1.9,0.9,80.6,1.9,2.8,0.0,0.0,0.0,100.0,0.0,2.8,0.0,0.0,0.0,0.0,0.0,33.7,51.9,0.9,0.0,6.7,51.4,0.0,0.0,0.0,0.0,1.0,2.8,0.0,0.0,0.0,0.0,35.9,38.3,59.0,59,59,0.0,0.0,0.0,11.7523193359375,11.7523193359375,11.7523193359375,262.759,262.759,262.759,59,0.0,11.7523193359375,262.759,5
11776366.801396796,82.79977035522461,116551450.82803458,203554.52669797392,2094965.2435070912,13609090.624813642,14.6890625,0.0,100.0,3.2,82.6,32.6,0.0,0.0,58.1,51.0,51.0,14.6,30.8,31.2,0.0,1.0,0.0,52.1,52.6,2.1,2.1,2.1,2.1,1.0,1.1,2.1,0.0,3.1,40.6,1.0,2.1,0.0,2.1,6.3,6.2,79.3,4.2,0.0,0.0,0.0,0.0,100.0,0.0,2.1,2.1,2.1,1.0,0.0,0.0,36.2,50.5,2.1,1.1,13.5,12.5,2.1,4.2,3.1,2.1,4.1,2.1,2.1,1.0,0.0,0.0,36.8,41.0,75.0,75,75,0.0,0.0,0.0,11.7523193359375,11.7523193359375,11.7523193359375,269.888,269.888,269.888,75,0.0,11.7523193359375,269.888,5
11776367.800697688,82.80244827270508,116790391.15126039,203910.555595827,2098619.162424423,13632826.824655527,13.34375,0.0,100.0,2.0,81.0,47.0,0.0,1.9,41.8,51.0,49.0,21.8,1.0,55.1,0.0,0.0,0.0,49.5,50.5,0.0,0.0,0.0,0.0,0.0,0.0,0.0,0.0,0.0,44.7,1.0,0.0,0.0,1.0,10.8,0.0,79.0,0.0,1.0,1.9,0.0,0.0,100.0,0.0,1.0,0.0,0.0,0.0,0.0,0.0,36.0,50.5,0.0,0.0,0.0,0.0,0.0,1.0,0.0,0.0,0.0,0.0,0.0,0.0,0.0,1.0,36.0,37.5,55.0,55,55,0.0,0.0,0.0,11.7523193359375,11.7523193359375,11.7523193359375,246.792,246.792,246.792,55,0.0,11.7523193359375,246.792,5
11776368.799716238,82.80109405517578,116856315.64043567,203978.19441540504,2099212.272054174,13636679.72041442,13.4515625,0.0,100.0,3.0,78.4,57.9,5.0,0.0,27.0,49.0,50.5,28.9,5.0,38.3,0.0,0.0,0.0,51.5,50.5,0.0,0.0,0.0,0.0,0.0,0.0,0.0,2.0,2.9,0.0,2.0,0.0,1.0,0.0,55.4,1.0,85.7,1.0,3.0,0.0,0.0,0.0,100.0,0.0,0.0,1.0,0.0,0.0,0.0,0.0,33.3,52.0,0.0,0.0,0.0,0.0,0.0,0.0,0.0,0.0,3.0,2.0,0.0,0.0,0.0,0.0,33.7,36.9,56.0,56,56,0.0,0.0,0.0,11.7523193359375,11.7523193359375,11.7523193359375,270.731,270.731,270.731,56,0.0,11.7523193359375,270.731,5
11776369.801988684,82.80374145507812,116512501.66560186,203328.9460092248,2092397.1410962106,13596494.703959165,13.6125,0.0,100.0,48.4,76.9,3.1,2.1,6.4,41.3,50.0,51.6,36.0,18.5,22.6,0.0,0.0,0.0,50.5,52.1,0.0,0.0,0.0,0.0,0.0,0.0,0.0,0.0,0.0,1.1,0.0,2.1,0.0,1.1,3.2,4.2,76.9,2.1,0.0,1.0,0.0,0.0,100.0,0.0,0.0,0.0,2.1,0.0,0.0,0.0,33.0,51.6,0.0,0.0,1.0,0.0,0.0,0.0,0.0,0.0,20.2,31.6,1.1,2.1,1.1,0.0,36.6,39.6,83.0,83,83,0.0,0.0,0.0,11.7523193359375,11.7523193359375,11.7523193359375,272.997,272.997,272.997,83,0.0,11.7523193359375,272.997,5
11776370.799708553,82.80098724365234,117077097.11646459,204257.734388574,2101944.709254862,13658535.249396337,13.621875,0.0,100.0,50.5,84.3,1.9,1.9,0.0,40.2,51.5,51.0,0.0,14.7,56.1,0.0,0.0,0.0,50.9,50.5,0.0,0.0,0.0,0.0,0.0,0.0,0.0,0.0,0.9,1.9,1.9,1.0,0.0,0.0,0.9,0.0,83.5,0.0,0.0,0.0,0.0,0.0,100.0,0.0,1.0,1.0,1.0,0.0,0.0,0.0,35.0,50.5,0.0,0.0,0.0,0.0,0.9,0.0,0.0,0.9,56.6,1.9,1.9,1.9,0.0,0.0,36.3,39.3,57.0,57,57,0.0,0.0,0.0,11.7523193359375,11.7523193359375,11.7523193359375,250.193,250.193,250.193,57,0.0,11.7523193359375,250.193,5
11776371.802262507,82.80249404907227,116545377.38327986,203279.83251217366,2091809.6129645878,13592676.918619499,13.5171875,0.0,100.0,35.1,78.9,2.2,0.0,0.0,15.1,50.5,49.5,31.9,27.2,55.7,1.1,0.0,0.0,50.0,48.4,0.0,0.0,0.0,0.0,0.0,0.0,0.0,1.1,0.0,19.1,0.0,1.1,1.1,0.0,1.1,1.1,80.0,0.0,0.0,0.0,0.0,0.0,100.0,0.0,1.1,0.0,0.0,0.0,0.0,0.0,34.4,50.5,0.0,0.0,0.0,0.0,0.0,0.0,0.0,0.0,54.3,1.1,0.0,0.0,0.0,2.1,34.8,36.6,75.0,75,75,0.0,0.0,0.0,11.7523193359375,11.7523193359375,11.7523193359375,282.454,282.454,282.454,75,0.0,11.7523193359375,282.454,5
11776372.789465427,82.80132675170898,118393756.36943652,206447.93068070355,2124337.314519194,13804043.448057339,13.5359375,0.0,100.0,2.2,78.3,2.1,2.1,0.0,0.0,50.5,50.5,67.8,52.7,44.4,0.0,1.1,0.0,50.5,52.1,0.0,0.0,0.0,0.0,0.0,0.0,0.0,1.1,1.1,1.1,1.1,1.1,0.0,1.0,0.0,1.1,82.4,0.0,0.0,0.0,0.0,0.0,100.0,0.0,1.1,1.1,0.0,0.0,0.0,0.0,35.5,50.0,0.0,0.0,0.0,0.0,0.0,0.0,0.0,0.0,29.5,28.7,0.0,1.0,1.1,0.0,35.9,38.1,89.0,89,89,0.0,0.0,0.0,11.7523193359375,11.7523193359375,11.7523193359375,289.316,289.316,289.316,89,0.0,11.7523193359375,289.316,5
11776373.78932328,82.85855484008789,116928187.08040795,203844.97610767122,2097450.1478498005,13629329.378703684,13.453125,0.0,100.0,3.8,84.8,1.9,0.0,0.0,0.0,49.5,50.5,70.7,46.9,37.4,1.0,1.0,0.0,51.5,48.5,0.0,0.0,0.0,0.0,0.0,0.0,0.0,0.0,0.0,0.0,1.9,0.0,0.0,0.0,0.0,0.0,81.8,31.7,25.0,0.0,0.0,0.0,100.0,0.0,2.9,0.0,1.0,0.0,0.0,1.0,34.3,50.0,0.0,1.9,1.0,0.0,1.0,0.0,1.0,0.0,1.0,2.9,1.0,1.0,0.0,0.0,35.6,37.5,89.0,89,89,0.0,0.0,0.0,11.7523193359375,11.7523193359375,11.7523193359375,285.571,285.571,285.571,89,0.0,11.7523193359375,285.571,5
11776374.791241644,82.8017807006836,116723281.22243018,203426.7533753592,2093136.601434823,13605387.909326348,13.390625,0.0,100.0,2.0,77.8,9.9,8.9,0.0,0.0,50.5,49.0,71.4,44.2,37.1,2.0,2.0,0.0,50.0,50.5,0.0,0.0,0.0,0.0,0.0,1.0,0.0,1.0,0.0,2.0,0.0,0.0,2.0,3.9,1.0,0.0,77.6,0.0,44.0,0.0,0.0,0.0,100.0,0.0,6.9,0.0,0.0,0.0,0.0,0.0,35.1,50.0,0.0,0.0,0.0,0.0,0.0,0.0,0.0,0.0,0.0,0.0,1.0,1.0,0.0,0.0,36.0,39.2,80.0,80,80,0.0,0.0,0.0,11.7523193359375,11.7523193359375,11.7523193359375,268.796,268.796,268.796,80,0.0,11.7523193359375,268.796,5
11776375.791798998,82.80674743652344,116914921.03383023,203712.46010253744,2095983.795634299,13623894.671622943,13.31875,0.0,100.0,2.0,78.1,2.0,2.0,4.0,0.0,51.5,52.5,32.0,70.7,49.0,0.0,0.0,0.0,50.5,50.5,0.0,0.0,0.0,0.0,1.0,0.0,0.0,0.0,1.0,0.0,0.0,2.0,0.0,0.0,0.0,0.0,79.4,0.0,2.0,2.0,0.0,0.0,100.0,0.0,8.9,0.0,0.0,0.0,0.0,0.0,34.0,50.0,0.0,0.0,0.0,0.0,0.0,0.0,0.0,0.0,17.8,32.4,1.0,0.0,0.0,0.0,36.1,40.0,77.0,77,77,0.0,0.0,0.0,11.7523193359375,11.7523193359375,11.7523193359375,287.628,287.628,287.628,77,0.0,11.7523193359375,287.628,5
11776376.79224646,82.80207061767578,116960631.41642275,203741.83301841837,2096214.021273504,13625391.138277777,13.728125,0.0,100.0,4.0,80.2,2.9,0.0,0.0,0.0,49.0,50.0,51.0,46.8,59.4,1.0,0.0,0.0,51.0,48.5,0.0,0.0,0.0,0.0,0.0,0.0,0.0,1.0,0.0,17.2,1.0,1.0,0.0,0.0,0.0,2.0,85.6,1.0,1.0,1.0,1.0,1.0,100.0,0.0,1.0,0.0,1.0,0.0,0.0,0.0,35.4,50.0,0.0,0.0,0.0,0.0,0.0,0.0,0.0,0.0,2.0,39.8,0.0,17.8,0.0,0.0,37.0,38.0,80.0,80,80,0.0,0.0,0.0,11.7523193359375,11.7523193359375,11.7523193359375,285.013,285.013,285.013,80,0.0,11.7523193359375,285.013,5
11776377.790449012,82.80720520019531,117256619.77563395,204214.06433380768,2100928.3111636345,13656034.022563625,13.43125,0.0,100.0,2.1,82.1,0.0,2.0,0.0,0.0,51.0,50.0,42.6,37.2,80.6,0.0,0.0,0.0,49.5,51.0,0.0,0.0,0.0,0.0,0.0,0.0,0.0,1.0,1.0,1.0,0.0,0.0,1.0,1.0,1.0,0.0,77.7,2.1,2.1,47.4,1.0,0.0,100.0,0.0,1.0,2.0,0.0,0.0,0.0,0.0,35.5,51.0,0.0,0.0,0.0,0.0,0.0,0.0,0.0,0.0,2.1,0.0,0.0,8.2,1.0,0.0,35.8,38.6,90.0,90,90,0.0,0.0,0.0,11.7523193359375,11.7523193359375,11.7523193359375,290.579,290.579,290.579,90,0.0,11.7523193359375,290.579,5
11776378.791473243,82.80194854736328,116958946.98396946,203646.41896058238,2095006.229015836,13617540.488602934,13.25625,0.0,100.0,21.5,79.8,24.5,0.0,0.0,0.0,49.5,49.5,37.9,60.0,30.5,0.0,0.0,0.0,48.6,47.6,0.0,0.0,0.9,0.0,0.0,0.0,0.0,0.0,0.9,0.9,0.0,0.9,0.0,0.0,1.8,0.9,79.6,0.9,0.9,0.0,0.0,0.0,100.0,0.0,1.8,0.0,0.9,0.0,0.0,0.0,34.6,51.8,0.0,0.9,0.0,0.0,0.0,0.0,0.0,0.0,11.2,34.0,0.9,0.9,0.0,0.0,35.8,38.5,54.0,54,54,0.0,0.0,0.0,11.7523193359375,11.7523193359375,11.7523193359375,281.274,281.274,281.274,54,0.0,11.7523193359375,281.274,5
11776379.802494599,82.83980560302734,115840411.68017764,201636.69042017453,2074290.5075961808,13482888.299375176,13.775,0.0,100.0,33.3,79.0,59.8,17.3,14.2,0.0,50.9,51.9,53.1,12.0,14.4,1.0,0.0,0.0,51.9,52.9,0.0,0.0,0.0,0.0,0.0,0.0,0.0,1.9,0.0,0.0,1.9,1.0,1.0,1.0,0.0,1.0,86.4,1.0,19.0,0.0,0.0,0.0,100.0,0.0,1.0,2.9,1.0,0.0,1.0,0.0,35.0,50.5,0.0,1.0,0.0,0.0,0.0,0.0,0.0,1.0,7.7,0.0,0.0,0.0,0.0,1.0,35.3,38.3,59.0,59,59,0.0,0.0,0.0,11.7523193359375,11.7523193359375,11.7523193359375,252.915,252.915,252.915,59,0.0,11.7523193359375,252.915,5
11776380.776120564,82.80273818969727,120323427.231004,209389.44444934113,2153960.6322054313,14000744.109335303,13.853125,0.0,100.0,33.3,80.0,9.8,20.9,48.9,2.1,51.6,50.5,63.2,8.7,4.3,0.0,0.0,0.0,50.5,48.9,0.0,0.0,0.0,0.0,0.0,0.0,0.0,0.0,1.1,2.1,1.1,0.0,0.0,0.0,1.1,1.1,76.7,0.0,34.0,23.7,0.0,0.0,100.0,0.0,2.2,1.1,0.0,0.0,0.0,0.0,34.8,51.1,0.0,0.0,0.0,0.0,0.0,0.0,0.0,0.0,3.2,1.1,0.0,1.1,0.0,2.1,37.4,38.9,68.0,68,68,0.0,0.0,0.0,11.7523193359375,11.7523193359375,11.7523193359375,270.634,270.634,270.634,68,0.0,11.7523193359375,270.634,5
11776381.801616102,82.80094909667969,114269532.73026624,198805.35053383815,2045013.285081667,13292586.353030834,13.56875,0.0,100.0,70.3,82.9,0.9,0.0,20.4,0.0,51.4,50.9,34.7,28.4,3.7,0.9,0.0,0.0,50.0,50.0,0.0,0.0,0.0,0.9,0.0,0.0,0.0,0.0,0.0,15.9,0.0,0.9,0.0,1.8,0.9,0.0,81.7,0.0,0.0,56.6,0.0,0.0,100.0,0.0,0.0,0.9,0.9,0.0,0.0,0.0,34.6,51.4,0.9,0.0,0.9,0.0,0.0,0.0,0.0,0.0,0.9,0.0,0.9,0.0,0.0,0.0,36.2,37.6,59.0,59,59,0.0,0.0,0.0,11.7523193359375,11.7523193359375,11.7523193359375,263.342,263.342,263.342,59,0.0,11.7523193359375,263.342,5
11776382.803763468,82.80316925048828,116964606.25600997,203437.146119191,2092658.2980573962,13602278.937373076,13.653125,0.0,100.0,45.8,78.1,52.5,4.0,41.5,0.0,50.0,49.5,20.2,32.0,27.1,1.0,0.0,0.0,52.0,50.0,0.0,0.0,0.0,0.0,0.0,0.0,0.0,2.0,1.0,1.0,1.0,0.0,2.0,1.0,0.0,1.0,82.7,0.0,1.0,5.0,0.0,0.0,100.0,0.0,1.0,0.0,0.0,1.0,0.0,0.0,36.7,52.5,0.0,0.0,2.0,1.0,0.0,0.0,0.0,0.0,2.0,0.0,1.0,0.0,0.0,0.0,36.4,38.8,59.0,59,59,0.0,0.0,0.0,11.7523193359375,11.7523193359375,11.7523193359375,249.506,249.506,249.506,59,0.0,11.7523193359375,249.506,5
11776383.780844755,82.80140686035156,119998874.6910985,208663.29401301747,2146343.4276170298,13951232.279510694,13.365625,0.0,100.0,43.8,78.4,3.2,3.2,37.4,10.6,51.1,49.5,4.3,43.2,27.5,0.0,0.0,0.0,48.9,51.1,0.0,0.0,0.0,0.0,0.0,0.0,0.0,0.0,28.6,0.0,0.0,0.0,1.1,1.1,1.1,1.1,75.6,1.1,0.0,0.0,0.0,0.0,100.0,0.0,27.2,1.1,0.0,0.0,0.0,0.0,35.6,51.1,0.0,0.0,0.0,0.0,1.1,0.0,0.0,0.0,2.2,1.1,0.0,0.0,0.0,0.0,35.6,38.5,65.0,65,65,0.0,0.0,0.0,11.7523193359375,11.7523193359375,11.7523193359375,267.761,267.761,267.761,65,0.0,11.7523193359375,267.761,5
11776384.804028612,82.80325698852539,114629525.56761459,199273.08154110104,2049633.5896773462,13322618.33290275,13.44375,0.0,100.0,2.8,84.8,0.0,2.8,24.5,62.7,50.9,50.9,11.3,29.1,34.3,0.0,0.0,0.0,51.9,50.0,0.0,0.0,0.0,0.0,0.0,0.0,0.0,0.0,1.9,0.9,0.0,0.0,0.0,0.9,1.9,1.9,79.8,0.0,0.0,0.0,0.0,0.0,100.0,0.0,53.8,0.9,0.0,0.0,0.0,0.0,34.0,50.9,0.0,0.0,0.0,0.0,0.0,0.0,0.0,0.0,1.9,1.9,0.9,0.0,0.0,0.0,35.2,37.6,59.0,59,59,0.0,0.0,0.0,11.7523193359375,11.7523193359375,11.7523193359375,260.889,260.889,260.889,59,0.0,11.7523193359375,260.889,5
11776385.790732851,82.80134963989258,118900859.33447823,206641.45527352794,2125410.9547597757,13815171.20593854,13.4515625,0.0,100.0,10.0,76.4,2.2,0.0,19.1,8.9,49.5,48.9,38.2,50.6,40.4,0.0,0.0,0.0,50.5,51.1,17.6,12.1,0.0,0.0,0.0,0.0,0.0,1.1,1.1,1.1,0.0,0.0,0.0,2.2,1.1,2.2,83.3,6.5,0.0,0.0,0.0,0.0,100.0,0.0,24.4,0.0,0.0,1.1,0.0,0.0,34.5,48.9,0.0,0.0,0.0,0.0,0.0,0.0,0.0,0.0,2.2,1.1,0.0,0.0,0.0,0.0,35.2,39.4,79.0,79,79,0.0,0.0,0.0,11.7523193359375,11.7523193359375,11.7523193359375,272.421,272.421,272.421,79,0.0,11.7523193359375,272.421,5
11776386.790988375,82.80425262451172,117322910.26872653,203848.91186363215,2096616.2657987939,13628005.72769216,13.293750000000001,0.0,100.0,8.1,79.2,2.0,0.0,0.0,0.0,52.0,48.5,37.1,66.7,48.9,0.0,0.0,0.0,50.5,49.5,5.1,0.0,0.0,0.0,0.0,0.0,0.0,1.0,2.0,2.0,0.0,1.0,3.0,0.0,0.0,0.0,77.9,34.3,19.6,0.0,0.0,0.0,100.0,0.0,2.0,0.0,0.0,0.0,0.0,0.0,34.7,51.0,0.0,0.0,0.0,0.0,0.0,1.0,0.0,0.0,1.0,0.0,0.0,0.0,0.0,0.0,35.1,37.6,79.0,79,79,0.0,0.0,0.0,11.7523193359375,11.7523193359375,11.7523193359375,284.74,284.74,284.74,79,0.0,11.7523193359375,284.74,5
11776387.841162128,82.80200958251953,111777499.26346959,194165.9646778351,1996957.1628187774,12980221.558322052,13.5984375,0.0,100.0,7.5,78.6,0.0,0.0,0.0,0.0,47.6,51.9,41.2,46.5,62.0,0.0,0.0,0.0,49.5,49.5,0.0,0.0,0.0,0.0,0.0,0.0,0.0,0.0,0.9,16.3,1.9,1.9,0.9,8.4,0.0,1.9,86.4,50.0,1.9,0.0,0.0,0.0,100.0,0.0,1.9,1.0,0.9,0.9,0.0,0.0,34.6,50.9,0.9,0.0,0.0,0.0,0.0,0.0,0.0,0.0,0.0,0.0,0.0,0.0,0.0,0.0,35.3,39.1,67.0,67,67,0.0,0.0,0.0,11.7523193359375,11.7523193359375,11.7523193359375,248.061,248.061,248.061,67,0.0,11.7523193359375,248.061,5
11776388.8519848,82.80310440063477,116161517.94614248,201725.78788372822,2074698.2208334915,13485538.435417695,13.325,0.0,100.0,42.9,83.8,13.9,2.8,0.0,0.0,50.9,50.9,36.3,33.0,30.8,0.0,0.0,0.0,48.6,50.9,0.0,0.0,0.0,0.0,0.0,0.0,0.0,0.9,0.0,0.9,0.0,0.0,1.8,54.2,1.8,0.0,77.4,0.0,0.0,0.0,0.0,0.0,100.0,0.0,0.9,0.9,2.7,2.7,1.8,0.0,35.2,51.9,0.9,0.9,0.0,0.0,0.0,0.0,0.0,0.0,0.9,0.0,0.0,0.0,0.0,0.0,34.6,37.6,94.0,94,94,0.0,0.0,0.0,11.7523193359375,11.7523193359375,11.7523193359375,258.294,258.294,258.294,94,0.0,11.7523193359375,258.294,5
11776389.84950306,82.79998779296875,117746582.39964384,204430.34295279044,2102369.534501407,13665401.974259146,13.503125,0.0,100.0,25.8,79.4,43.2,19.8,14.0,0.0,51.5,50.0,26.5,0.0,40.9,0.0,0.0,0.0,52.0,52.0,0.0,0.0,1.0,0.0,0.0,0.0,0.0,0.0,1.0,0.0,48.5,0.0,0.0,10.0,0.0,1.0,80.6,1.0,0.0,1.0,0.0,0.0,100.0,0.0,0.0,0.0,0.0,1.0,0.0,0.0,37.1,49.0,0.0,0.0,0.0,0.0,0.0,0.0,0.0,0.0,1.0,0.0,0.0,2.0,0.0,0.0,35.1,39.8,64.0,64,64,0.0,0.0,0.0,11.7523193359375,11.7523193359375,11.7523193359375,272.382,272.382,272.382,64,0.0,11.7523193359375,272.382,5
11776390.851081064,82.80575942993164,117304924.4575715,203610.70166770805,2093847.901378093,13610011.358957605,13.2859375,0.0,100.0,11.5,77.4,0.0,56.4,33.0,1.0,51.0,49.5,37.0,1.0,33.7,0.0,0.0,0.0,48.5,48.4,0.0,0.0,0.0,0.0,0.0,0.0,0.0,1.0,1.0,1.0,9.3,45.3,0.0,1.1,1.0,1.0,76.3,1.0,1.0,0.0,0.0,0.0,100.0,0.0,2.1,3.1,0.0,1.0,0.0,0.0,34.0,50.5,0.0,0.0,0.0,0.0,0.0,0.0,0.0,0.0,0.0,0.0,0.0,0.0,0.0,0.0,35.8,36.4,79.0,79,79,0.0,0.0,0.0,11.7523193359375,11.7523193359375,11.7523193359375,272.3,272.3,272.3,79,0.0,11.7523193359375,272.3,5
11776391.849072136,82.80146408081055,117759502.3599113,204342.50938583995,2101373.5080494136,13658927.802321188,13.59375,0.0,100.0,6.8,78.6,0.0,33.0,49.0,7.8,51.9,49.5,29.6,0.0,36.1,0.0,1.0,0.0,52.4,51.0,0.0,0.0,0.0,0.0,0.0,0.0,0.0,1.0,1.0,1.0,4.9,18.4,1.0,33.0,1.0,1.0,86.1,1.0,1.0,0.0,0.0,0.0,100.0,0.0,2.0,1.9,1.9,0.0,2.0,0.0,36.4,51.0,0.0,1.9,0.0,0.0,0.0,0.0,0.0,0.0,0.0,1.0,0.0,0.0,0.0,0.0,36.0,38.8,65.0,65,65,0.0,0.0,0.0,11.7523193359375,11.7523193359375,11.7523193359375,250.581,250.581,250.581,65,0.0,11.7523193359375,250.581,5
11776392.85001126,82.80337524414062,117445548.14543831,203752.65113126382,2095184.3634783674,13618698.362609388,13.7375,0.0,100.0,8.0,84.8,2.0,37.1,1.0,51.0,49.5,50.0,40.8,24.7,1.0,0.0,0.0,0.0,50.5,50.0,0.0,0.0,0.0,0.0,0.0,0.0,0.0,0.0,1.0,30.7,0.0,0.0,0.0,31.7,1.0,1.0,78.4,0.0,2.0,2.0,0.0,0.0,100.0,0.0,12.0,1.0,1.0,0.0,0.0,0.0,35.7,51.5,0.0,0.0,0.0,0.0,0.0,0.0,1.0,0.0,3.9,0.0,0.0,1.0,0.0,0.0,35.4,38.5,64.0,64,64,0.0,0.0,0.0,11.7523193359375,11.7523193359375,11.7523193359375,267.233,267.233,267.233,64,0.0,11.7523193359375,267.233,5
11776393.851590993,82.8018684387207,117403285.0898495,203629.3199283994,2093844.283903892,13609987.845375298,13.6125,0.0,100.0,17.2,76.7,5.4,47.9,1.1,41.1,50.5,48.9,45.5,9.6,1.1,0.0,0.0,0.0,48.9,51.1,0.0,0.0,0.0,0.0,0.0,0.0,0.0,0.0,0.0,1.1,2.1,1.1,2.1,1.1,1.1,1.1,84.6,1.1,0.0,0.0,0.0,0.0,100.0,0.0,28.0,6.5,19.4,0.0,0.0,1.1,34.1,50.0,1.1,0.0,0.0,0.0,1.1,7.5,1.1,2.1,1.1,1.1,1.1,0.0,0.0,0.0,36.3,39.2,54.0,54,54,0.0,0.0,0.0,11.7523193359375,11.7523193359375,11.7523193359375,273.925,273.925,273.925,54,0.0,11.7523193359375,273.925,5
11776394.850614894,82.80450057983398,117736573.51651178,204150.27081422362,2099201.027396731,13644806.678078752,13.4296875,0.0,100.0,6.7,79.4,0.9,41.7,39.2,7.6,50.9,50.5,22.3,7.8,33.7,0.9,0.0,0.0,51.0,50.0,0.0,0.0,0.0,0.0,0.0,0.0,0.0,1.9,0.0,1.0,1.0,0.0,0.0,0.0,0.9,2.9,79.0,0.9,0.9,0.0,0.0,0.0,100.0,0.0,1.0,1.9,21.7,14.2,0.0,0.0,35.6,50.5,16.0,0.0,0.0,0.0,0.0,1.9,0.0,8.7,1.0,0.9,1.0,0.0,0.0,0.0,34.7,39.3,66.0,66,66,0.0,0.0,0.0,11.7523193359375,11.7523193359375,11.7523193359375,249.326,249.326,249.326,66,0.0,11.7523193359375,249.326,5
11776395.849218665,82.80659103393555,117824591.16891238,204250.18012495854,2100084.1994921532,13650547.296698997,13.5140625,0.0,100.0,16.0,85.7,0.0,24.5,66.7,0.0,47.9,49.0,16.0,2.0,52.7,2.0,0.0,0.0,49.5,51.5,0.0,0.0,0.0,0.0,0.0,0.0,1.0,0.0,1.0,0.0,1.0,1.0,1.0,1.0,0.0,0.0,77.9,0.0,0.0,0.0,0.0,0.0,100.0,0.0,1.0,1.0,0.0,0.0,0.0,0.0,34.7,50.0,38.4,1.0,0.0,0.0,0.0,0.0,0.0,17.2,0.0,0.0,0.0,0.0,0.0,0.0,36.6,37.6,63.0,63,63,0.0,0.0,0.0,11.7523193359375,11.7523193359375,11.7523193359375,271.552,271.552,271.552,63,0.0,11.7523193359375,271.552,5
11776396.8502651,82.81486892700195,117569961.57057114,203761.77636064368,2094959.7588835722,13617238.432743218,13.53125,0.0,100.0,6.4,76.3,3.1,47.8,41.5,2.1,50.0,51.1,44.9,0.0,24.7,0.0,0.0,0.0,51.6,51.6,0.0,0.0,0.0,0.0,0.0,0.0,0.0,0.0,0.0,2.1,2.1,1.1,0.0,0.0,1.1,1.1,84.8,1.1,0.0,0.0,0.0,0.0,100.0,0.0,1.1,0.0,0.0,0.0,1.1,0.0,34.1,48.9,25.8,5.2,2.1,28.1,0.0,0.0,0.0,0.0,0.0,0.0,0.0,0.0,0.0,0.0,37.0,38.1,55.0,55,55,0.0,0.0,0.0,11.7523193359375,11.7523193359375,11.7523193359375,271.651,271.651,271.651,55,0.0,11.7523193359375,271.651,5
11776397.851623751,82.80404281616211,117566166.65422553,203705.23575417732,2094306.5690715087,13612992.698964806,13.43125,0.0,100.0,7.1,77.7,2.0,17.5,30.5,1.0,48.5,49.0,37.6,29.5,37.6,0.0,0.0,0.0,48.5,50.0,0.0,0.0,0.0,0.0,0.0,0.0,0.0,2.0,0.0,17.5,1.0,0.0,1.0,1.0,0.0,1.0,77.1,1.0,1.0,0.0,0.0,0.0,100.0,0.0,0.0,2.0,0.0,0.0,0.0,0.0,33.3,50.5,0.0,1.0,0.0,55.2,1.0,2.0,0.0,0.0,3.0,0.0,0.0,0.0,0.0,0.0,35.1,37.4,70.0,70,70,0.0,0.0,0.0,11.7523193359375,11.7523193359375,11.7523193359375,256.891,256.891,256.891,70,0.0,11.7523193359375,256.891,5
11776398.837290492,82.80053329467773,119471148.95860082,206949.25737079716,2127648.132411436,13829712.860674337,13.5421875,0.0,100.0,8.1,84.4,1.0,1.0,0.0,0.0,50.0,47.9,62.9,50.0,42.1,0.0,0.0,0.0,51.0,50.5,0.0,0.0,0.0,0.0,0.0,0.0,0.0,0.0,1.0,1.0,1.0,0.0,1.0,1.0,2.0,0.0,85.3,4.1,1.0,0.0,0.0,0.0,100.0,0.0,1.0,0.0,0.0,0.0,0.0,0.0,34.7,52.0,26.5,0.0,0.0,28.9,2.0,0.0,0.0,1.0,1.0,0.0,0.0,0.0,0.0,0.0,34.7,38.6,66.0,66,66,0.0,0.0,0.0,11.7523193359375,11.7523193359375,11.7523193359375,288.94,288.94,288.94,66,0.0,11.7523193359375,288.94,5
11776399.841830488,82.80388641357422,117259219.5669906,203073.04909111877,2087673.967732238,13569880.790259548,13.515625,0.0,100.0,8.0,79.2,3.0,1.0,0.0,0.0,51.0,52.0,46.9,65.3,41.1,2.0,0.0,1.0,50.5,51.5,0.0,0.0,0.0,0.0,0.0,0.0,0.0,0.0,1.0,0.0,1.0,1.0,1.0,1.0,0.0,2.0,78.6,2.0,2.0,0.0,0.0,0.0,100.0,0.0,1.0,0.0,0.0,0.0,0.0,0.0,35.4,51.0,55.6,1.0,0.0,0.0,0.0,0.0,0.0,0.0,1.0,0.0,1.0,0.0,0.0,0.0,36.7,40.2,68.0,68,68,0.0,0.0,0.0,11.7523193359375,11.7523193359375,11.7523193359375,283.649,283.649,283.649,68,0.0,11.7523193359375,283.649,5
11776400.837811606,82.80072021484375,118302610.26519984,204829.1843814894,2105614.2156799766,13686492.401919847,13.3234375,0.0,100.0,10.6,77.2,0.0,2.1,0.0,0.0,51.6,49.5,68.5,40.9,44.1,1.0,2.0,0.0,50.0,50.5,0.0,0.0,0.0,0.0,0.0,0.0,0.0,1.0,0.0,1.0,2.1,0.0,1.0,0.0,0.0,0.0,77.7,0.0,0.0,0.0,0.0,0.0,100.0,0.0,1.1,1.1,0.0,0.0,0.0,0.0,35.1,51.0,38.3,0.0,2.1,18.6,0.0,1.0,0.0,0.0,1.1,0.0,0.0,0.0,0.0,0.0,34.4,38.1,77.0,77,77,0.0,0.0,0.0,11.7523193359375,11.7523193359375,11.7523193359375,288.801,288.801,288.801,77,0.0,11.7523193359375,288.801,5
11776401.8391734,82.80563354492188,117702468.39415254,203737.55126827833,2094299.9932229123,13612949.95594893,13.6078125,0.0,100.0,11.5,84.2,1.9,1.0,1.9,0.0,49.0,50.5,36.0,55.6,60.0,0.0,0.0,0.0,51.5,51.0,0.0,0.0,0.0,0.0,0.0,0.0,0.0,1.0,1.0,0.0,1.0,1.0,0.0,1.0,1.0,1.9,80.8,0.0,0.0,0.0,0.0,0.0,100.0,0.0,1.0,1.0,0.0,0.0,0.0,0.0,35.4,53.4,15.4,2.9,0.0,40.2,0.0,0.0,0.0,0.0,1.0,1.9,0.0,0.0,0.0,0.0,36.6,39.3,74.0,74,74,0.0,0.0,0.0,11.7523193359375,11.7523193359375,11.7523193359375,276.418,276.418,276.418,74,0.0,11.7523193359375,276.418,5
11776402.839324264,82.80226135253906,117877799.5919465,203984.22631109908,2096835.6649107863,13629431.82192011,13.7265625,0.0,100.0,6.1,80.4,1.0,1.0,0.0,0.0,51.0,50.5,41.7,33.7,76.3,0.0,0.0,0.0,50.0,49.5,0.0,0.0,0.0,0.0,0.0,1.0,0.0,0.0,1.0,18.6,1.0,0.0,0.0,0.0,0.0,1.0,82.7,3.0,1.0,0.0,1.0,0.0,100.0,0.0,2.0,1.0,1.0,1.0,0.0,0.0,36.7,49.0,9.9,0.0,1.0,47.5,0.0,0.0,0.0,0.0,3.0,0.0,0.0,1.0,0.0,0.0,35.7,38.2,68.0,68,68,0.0,0.0,0.0,11.7523193359375,11.7523193359375,11.7523193359375,268.646,268.646,268.646,68,0.0,11.7523193359375,268.646,5
11776403.840085875,82.81235122680664,117838699.70446007,203868.73125279738,2095556.0006875002,13621114.004468752,13.5546875,0.0,100.0,10.0,78.1,3.0,4.9,3.0,1.0,50.5,50.5,55.2,52.6,42.6,1.0,0.0,0.0,50.0,50.0,0.0,0.0,0.0,0.0,0.0,0.0,0.0,1.0,10.0,0.0,1.0,3.0,0.0,0.0,2.0,1.0,78.4,3.0,1.0,0.0,0.0,0.0,100.0,0.0,2.0,0.0,1.0,2.0,1.0,0.0,35.1,51.5,1.0,0.0,2.0,1.0,0.0,0.0,0.0,0.0,44.4,0.0,1.0,0.0,0.0,0.0,34.7,38.0,67.0,67,67,0.0,0.0,0.0,11.7523193359375,11.7523193359375,11.7523193359375,290.72,290.72,290.72,67,0.0,11.7523193359375,290.72,5
11776404.838900436,82.80207061767578,118101283.93016437,204273.15347043588,2099640.9974309374,13647666.483301092,13.3890625,0.0,100.0,7.0,78.4,1.0,1.0,1.0,0.0,50.5,50.5,60.2,40.0,52.5,0.0,0.0,0.0,50.5,51.0,0.0,0.0,0.0,0.0,0.0,0.0,0.0,1.0,2.0,1.0,0.0,21.0,0.0,3.0,0.0,1.0,85.7,0.0,0.0,0.0,0.0,0.0,100.0,0.0,3.0,1.0,0.0,0.0,1.0,0.0,33.3,50.5,0.0,0.0,0.0,0.0,1.0,0.0,0.0,0.0,36.3,0.0,0.0,0.0,0.0,0.0,34.0,38.5,66.0,66,66,0.0,0.0,0.0,11.7523193359375,11.7523193359375,11.7523193359375,286.873,286.873,286.873,66,0.0,11.7523193359375,286.873,5
11776405.842658952,82.80342864990234,117555030.51779993,203273.99141781306,2089299.3346820173,13580445.675433112,13.384375,0.0,100.0,12.4,85.1,0.0,0.0,0.0,0.0,50.5,51.5,44.1,38.0,70.7,0.0,0.0,0.0,49.5,50.5,0.0,0.0,0.0,0.0,0.0,0.0,0.0,1.0,0.0,0.0,1.0,10.4,0.0,2.1,1.0,1.0,76.6,1.0,0.0,0.0,0.0,0.0,100.0,0.0,26.9,0.0,1.0,0.0,0.0,0.0,33.7,50.5,0.0,0.0,0.0,0.0,0.0,0.0,0.0,0.0,2.1,17.7,1.1,1.0,0.0,0.0,36.8,39.4,72.0,72,72,0.0,0.0,0.0,11.7523193359375,11.7523193359375,11.7523193359375,288.542,288.542,288.542,72,0.0,11.7523193359375,288.542,5
11776406.850324495,82.80241012573242,117134560.00687426,202496.7524598122,2081198.483769095,13531854.98528773,13.3375,0.0,100.0,19.3,79.6,28.7,0.9,0.9,0.0,51.3,49.1,21.1,45.5,46.7,0.0,0.0,0.0,50.9,51.3,0.9,0.0,0.0,0.0,0.0,0.0,0.0,0.0,0.9,0.9,0.9,0.9,0.0,0.0,0.9,0.9,81.5,4.4,22.3,0.0,0.0,0.0,100.0,0.0,4.5,2.7,0.0,0.0,0.0,0.0,34.6,48.6,0.0,0.9,0.0,0.0,0.0,0.0,0.0,0.0,26.4,2.7,1.8,0.0,0.0,0.0,33.9,37.7,66.0,66,66,0.0,0.0,0.0,11.7523193359375,11.7523193359375,11.7523193359375,259.105,259.105,259.105,66,0.0,11.7523193359375,259.105,5
11776407.850800088,82.80350112915039,118009163.67829284,203952.00187367498,2096155.0835014198,13629102.095656693,13.640625,0.0,100.0,30.9,79.4,54.2,43.4,2.0,2.0,51.0,50.5,34.0,0.0,54.1,0.0,0.0,0.0,50.0,49.0,0.0,0.0,0.0,0.0,0.0,0.0,0.0,0.0,0.0,17.8,1.0,1.0,1.0,1.0,1.0,1.0,78.4,0.0,3.0,0.0,0.0,0.0,100.0,0.0,2.0,0.0,0.0,1.0,0.0,0.0,34.7,50.5,0.0,0.0,0.0,0.0,1.0,1.0,0.0,0.0,0.0,0.0,1.0,0.0,0.0,0.0,37.6,38.5,65.0,65,65,0.0,0.0,0.0,11.7523193359375,11.7523193359375,11.7523193359375,261.211,261.211,261.211,65,0.0,11.7523193359375,261.211,5
11776408.819322908,82.80194473266602,121936334.88593346,210687.85954781043,2165309.846446121,14078743.122693628,13.44375,0.0,100.0,46.6,79.3,29.2,12.9,42.1,1.1,49.5,51.1,41.3,2.1,45.6,0.0,0.0,0.0,51.6,50.5,0.0,0.0,0.0,0.0,0.0,0.0,0.0,2.1,1.1,1.1,0.0,1.1,0.0,0.0,0.0,2.1,84.8,0.0,0.0,0.0,0.0,0.0,100.0,0.0,1.1,1.1,1.1,0.0,0.0,0.0,36.3,50.5,0.0,0.0,0.0,1.1,0.0,0.0,0.0,0.0,0.0,0.0,0.0,0.0,1.1,0.0,34.4,38.5,56.0,56,56,0.0,0.0,0.0,11.7523193359375,11.7523193359375,11.7523193359375,271.854,271.854,271.854,56,0.0,11.7523193359375,271.854,5
11776409.85007782,82.86553573608398,114606255.82698438,197980.13850371432,2034578.71319672,13232709.208877105,15.7375,0.0,82.7,15.2,82.7,31.3,39.4,54.5,22.8,50.5,50.5,15.0,26.0,18.2,0.0,0.0,0.0,53.0,52.4,0.0,0.0,0.0,0.0,0.0,0.0,0.0,0.0,2.0,2.0,2.0,1.0,0.0,1.0,1.0,0.0,77.8,0.0,2.0,0.0,0.0,0.0,76.7,21.6,45.1,24.8,22.0,21.8,21.6,1.0,36.0,49.5,0.0,0.0,0.0,0.0,0.0,0.0,0.0,0.0,4.9,5.9,0.0,0.0,0.0,0.0,37.0,39.0,73.0,73,73,0.0,0.0,0.0,11.7523193359375,11.7523193359375,11.7523193359375,273.021,273.021,273.021,73,0.0,11.7523193359375,273.021,5
11776410.851248154,82.81246948242188,118025659.40007004,203831.44885251008,2094700.4979856873,13623735.660727225,13.2,0.0,100.0,2.9,78.0,32.4,48.0,33.0,16.7,50.5,48.5,49.5,14.9,0.0,0.0,0.0,0.0,50.0,49.5,0.0,0.0,0.0,0.0,0.0,0.0,0.0,0.0,1.0,0.0,0.0,0.0,1.0,0.0,0.0,20.4,82.2,0.0,0.0,1.0,1.0,0.0,0.0,0.0,100.0,1.0,0.0,0.0,0.0,0.0,35.0,50.0,0.0,0.0,0.0,0.0,0.0,0.0,0.0,0.0,0.0,0.0,1.0,1.0,1.0,0.0,36.6,38.7,63.0,63,63,0.0,0.0,0.0,11.7523193359375,11.7523193359375,11.7523193359375,247.008,247.008,247.008,63,0.0,11.7523193359375,247.008,5
11776411.851772128,82.81461715698242,118140227.68019652,203972.12406195072,2096053.723904802,13632536.915240215,13.5796875,0.0,100.0,3.0,78.4,47.9,40.4,0.0,13.9,50.0,50.5,36.5,33.3,1.0,0.0,0.0,0.0,50.0,50.5,0.0,0.0,0.0,0.0,0.0,0.0,0.0,2.0,0.0,2.0,0.0,0.0,0.0,1.0,47.1,12.9,82.5,1.0,1.0,0.0,0.0,0.0,0.0,0.0,100.0,1.0,0.0,0.0,0.0,0.0,35.4,51.5,0.0,0.0,0.0,0.0,0.0,0.0,0.0,0.0,2.0,0.0,0.0,0.0,1.0,0.0,35.4,37.9,62.0,62,62,0.0,0.0,0.0,11.7523193359375,11.7523193359375,11.7523193359375,264.045,264.045,264.045,62,0.0,11.7523193359375,264.045,5
11776412.850644307,82.81314468383789,118368463.3750485,204316.43225301543,2099519.881482688,13655080.479174512,13.665625,0.0,100.0,4.0,79.6,40.6,48.0,0.0,5.0,50.0,50.0,47.3,23.7,0.0,0.0,0.0,0.0,51.0,49.5,0.0,0.0,0.0,0.0,0.0,0.0,0.0,0.0,18.6,18.0,23.2,1.0,1.0,1.0,12.2,1.0,78.6,1.0,2.0,0.0,1.0,0.0,0.0,0.0,100.0,2.0,2.0,1.0,0.0,0.0,34.4,49.5,0.0,0.0,0.0,0.0,0.0,1.0,0.0,0.0,3.0,1.0,0.0,0.0,0.0,0.0,35.4,38.0,65.0,65,65,0.0,0.0,0.0,11.7523193359375,11.7523193359375,11.7523193359375,254.786,254.786,254.786,65,0.0,11.7523193359375,254.786,5
11776413.852206713,82.81131744384766,118083314.99364597,203767.6323554217,2093880.5098313324,13618402.534645189,13.5921875,0.0,100.0,2.0,83.3,42.9,46.9,0.0,5.1,50.0,50.0,19.8,49.5,0.0,0.0,0.0,0.0,48.5,49.5,0.0,0.0,0.0,0.0,0.0,0.0,0.0,0.0,0.0,0.0,14.0,2.0,0.0,1.0,1.0,2.0,85.6,2.0,2.0,0.0,0.0,0.0,0.0,0.0,100.0,2.0,41.4,1.0,0.0,0.0,35.1,51.5,0.0,0.0,0.0,0.0,0.0,0.0,0.0,0.0,1.0,3.0,2.0,1.0,0.0,0.0,35.4,39.4,64.0,64,64,0.0,0.0,0.0,11.7523193359375,11.7523193359375,11.7523193359375,261.658,261.658,261.658,64,0.0,11.7523193359375,261.658,5
11776414.818633612,82.81538009643555,122410363.41396248,211183.0704138192,2170005.8232496055,14113514.436369505,13.19375,0.0,100.0,3.2,76.9,25.0,64.8,1.1,5.4,48.4,49.5,11.1,19.8,37.5,1.1,0.0,0.0,51.6,50.5,0.0,0.0,0.0,0.0,0.0,0.0,0.0,2.1,1.1,2.2,0.0,0.0,0.0,0.0,0.0,0.0,75.8,1.1,0.0,0.0,0.0,0.0,0.0,0.0,100.0,0.0,42.4,13.8,0.0,0.0,35.6,47.2,0.0,0.0,0.0,0.0,0.0,0.0,0.0,0.0,0.0,1.1,0.0,0.0,0.0,0.0,36.7,39.4,53.0,53,53,0.0,0.0,0.0,11.7523193359375,11.7523193359375,11.7523193359375,267.088,267.088,267.088,53,0.0,11.7523193359375,267.088,5
11776415.852866888,82.81064224243164,114416670.5604775,197345.22643543608,2027735.9557744826,13188204.55611138,13.3328125,0.0,100.0,3.8,79.4,54.8,35.9,4.7,5.7,49.0,50.0,40.4,0.9,25.0,0.0,0.0,0.0,50.5,50.5,0.0,0.0,0.0,0.0,0.0,0.0,0.0,0.0,0.0,0.0,0.9,0.9,0.0,0.9,0.9,0.0,79.6,0.9,0.0,0.0,0.0,0.0,0.0,0.0,100.0,0.0,0.9,53.8,0.9,0.0,35.3,49.5,0.0,0.0,0.0,0.0,1.9,0.9,0.9,0.0,1.9,0.0,0.0,0.0,0.0,0.0,35.0,37.6,64.0,64,64,0.0,0.0,0.0,11.7523193359375,11.7523193359375,11.7523193359375,249.236,249.236,249.236,64,0.0,11.7523193359375,249.236,5
11776416.8525301,82.81415557861328,118409013.80536202,204170.76238414683,2097858.5348278717,13644275.236282839,13.58125,0.0,100.0,25.5,83.3,4.0,35.8,28.9,8.2,52.0,50.5,9.2,24.0,35.5,0.0,0.0,0.0,49.0,51.0,0.0,0.0,0.0,0.0,0.0,0.0,0.0,1.0,1.0,1.0,0.0,1.0,1.0,0.0,0.0,2.0,83.3,0.0,0.0,0.0,0.0,0.0,0.0,0.0,100.0,1.0,16.2,41.4,0.0,0.0,37.1,52.0,0.0,0.0,0.0,0.0,0.0,0.0,0.0,0.0,0.0,0.0,0.0,0.0,0.0,0.0,36.1,38.2,65.0,65,65,0.0,0.0,0.0,11.7523193359375,11.7523193359375,11.7523193359375,261.477,261.477,261.477,65,0.0,11.7523193359375,261.477,5
11776417.834442437,82.81083297729492,120585867.50461663,207871.9171336487,2135783.328567971,13890934.53931903,13.6,0.0,100.0,29.7,79.1,6.5,60.2,1.1,5.3,49.5,48.9,10.8,50.5,18.3,0.0,1.1,0.0,52.6,48.9,0.0,0.0,0.0,0.0,0.0,0.0,0.0,0.0,0.0,5.3,9.5,2.1,0.0,1.1,3.1,0.0,78.9,0.0,1.1,0.0,0.0,0.0,0.0,0.0,100.0,0.0,46.2,0.0,0.0,0.0,34.4,48.9,0.0,0.0,0.0,0.0,0.0,0.0,0.0,1.1,0.0,1.1,0.0,0.0,0.0,0.0,36.6,38.5,55.0,55,55,0.0,0.0,0.0,11.7523193359375,11.7523193359375,11.7523193359375,269.013,269.013,269.013,55,0.0,11.7523193359375,269.013,5
11776418.851991083,82.80874633789062,116395037.59848745,200601.71142319843,2060984.5108052215,13404450.040979274,13.4546875,0.0,100.0,30.8,79.6,3.8,12.7,11.5,45.6,49.5,49.5,13.3,52.6,3.8,0.0,0.0,0.0,49.0,50.5,3.8,7.5,0.0,0.0,0.0,0.0,0.0,0.9,8.6,12.3,18.1,0.0,0.0,0.9,2.9,7.6,79.2,2.8,0.0,0.0,0.9,0.0,0.0,0.0,100.0,2.8,0.0,0.0,0.0,0.0,34.6,50.0,0.0,0.0,0.0,0.0,0.0,0.0,0.9,0.0,0.0,0.9,0.0,0.0,0.0,0.0,36.2,38.0,64.0,64,64,0.0,0.0,0.0,11.7523193359375,11.7523193359375,11.7523193359375,249.616,249.616,249.616,64,0.0,11.7523193359375,249.616,5
11776419.852015415,82.81487655639648,118467584.47829609,204120.03340572794,2097100.9738978036,13639348.131015012,13.890625,0.0,100.0,55.2,80.2,3.0,3.9,1.0,33.3,49.5,51.0,2.0,16.5,59.6,0.0,0.0,0.0,52.5,53.4,50.0,6.1,1.0,0.0,0.0,0.0,0.0,1.0,2.0,1.0,0.0,1.0,0.0,2.0,1.0,0.0,85.6,1.0,1.0,1.0,0.0,0.0,0.0,0.0,100.0,0.0,0.0,0.0,0.0,0.0,35.4,49.0,0.0,0.0,0.0,15.2,0.0,0.0,0.0,0.0,1.0,0.0,0.0,0.0,0.0,0.0,35.4,38.2,64.0,64,64,0.0,0.0,0.0,11.7523193359375,11.7523193359375,11.7523193359375,263.826,263.826,263.826,64,0.0,11.7523193359375,263.826,5
11776420.834952304,82.81540298461914,120560462.56297909,207676.60904613437,2133557.122142519,13876455.501434742,13.2125,0.0,100.0,41.1,81.3,1.1,0.0,1.1,48.4,50.5,49.5,20.9,45.5,6.5,0.0,0.0,0.0,50.0,49.5,53.8,0.0,0.0,0.0,0.0,0.0,0.0,0.0,0.0,1.1,0.0,0.0,1.1,0.0,0.0,1.1,75.6,1.1,0.0,0.0,0.0,0.0,0.0,0.0,100.0,2.1,2.1,0.0,0.0,0.0,34.4,48.9,0.0,0.0,0.0,2.2,2.2,0.0,0.0,0.0,0.0,1.1,0.0,0.0,0.0,0.0,35.9,37.5,56.0,56,56,0.0,0.0,0.0,11.7523193359375,11.7523193359375,11.7523193359375,269.602,269.602,269.602,56,0.0,11.7523193359375,269.602,5
11776421.852092024,82.8140754699707,116538743.58913594,200700.05725497418,2061813.1011677457,13409839.115016785,13.5328125,0.0,100.0,43.8,78.6,3.8,0.9,0.0,46.5,49.0,50.5,21.4,44.6,5.6,0.0,0.0,0.0,49.5,49.5,57.0,1.9,0.9,0.0,0.0,0.0,0.0,0.9,0.0,0.9,0.9,0.0,0.0,0.9,0.0,0.9,79.4,1.9,0.9,0.0,0.0,0.0,0.0,0.0,100.0,0.0,0.0,0.0,0.0,0.0,35.9,51.9,0.0,1.9,0.9,1.9,1.9,4.7,1.0,0.0,1.0,0.0,0.0,0.0,0.0,0.0,36.5,38.3,64.0,64,64,0.0,0.0,0.0,11.7523193359375,11.7523193359375,11.7523193359375,247.97,247.97,247.97,64,0.0,11.7523193359375,247.97,5
11776422.852129497,82.81550598144531,118570103.85864867,204134.35053572044,2097073.4170072165,13639168.903582092,13.509375,0.0,100.0,53.1,78.4,3.0,0.0,0.0,37.4,51.0,49.0,28.1,41.1,12.0,0.0,0.0,0.0,52.0,50.0,24.2,26.5,2.0,0.0,0.0,0.0,0.0,1.0,1.0,1.0,1.0,1.0,2.0,0.0,1.0,1.0,82.7,1.0,2.0,0.0,0.0,1.0,0.0,0.0,100.0,2.0,0.0,1.0,0.0,0.0,32.3,49.0,0.0,0.0,0.0,0.0,0.0,0.0,0.0,0.0,1.0,1.0,0.0,0.0,0.0,0.0,35.4,39.4,65.0,65,65,0.0,0.0,0.0,11.7523193359375,11.7523193359375,11.7523193359375,263.954,263.954,263.954,65,0.0,11.7523193359375,263.954,5
11776423.827674303,82.81336212158203,121580685.1732872,209266.65656477984,2149723.914141834,13981602.800961535,13.7046875,0.0,100.0,28.1,84.4,13.3,44.1,0.0,8.5,50.0,51.6,23.3,8.8,41.4,1.1,1.1,0.0,49.5,50.0,36.6,1.1,18.7,0.0,0.0,0.0,0.0,0.0,0.0,19.6,0.0,0.0,0.0,1.1,0.0,0.0,79.3,0.0,0.0,2.2,0.0,0.0,0.0,0.0,100.0,1.1,0.0,0.0,0.0,0.0,35.6,50.5,0.0,0.0,0.0,0.0,0.0,1.1,0.0,0.0,1.1,0.0,0.0,0.0,0.0,0.0,35.6,38.3,56.0,56,56,0.0,0.0,0.0,11.7523193359375,11.7523193359375,11.7523193359375,269.927,269.927,269.927,56,0.0,11.7523193359375,269.927,5
11776424.853870083,82.81482696533203,115611726.70620447,198945.4683889413,2043617.8378542252,13291498.82823158,13.4078125,0.0,100.0,63.5,78.8,2.8,0.0,0.0,26.2,50.9,50.0,2.8,26.9,41.2,0.0,0.0,0.0,51.4,49.1,13.1,0.9,45.4,0.0,0.0,0.0,0.0,0.0,0.9,0.9,0.9,0.0,0.9,0.0,0.9,0.9,79.8,0.9,1.9,0.9,0.0,0.0,0.0,0.0,100.0,0.0,0.0,0.0,0.0,0.0,34.0,49.5,0.0,1.9,0.0,0.0,0.9,0.0,0.0,0.0,2.8,0.9,0.9,0.0,0.0,0.0,36.8,38.5,66.0,66,66,0.0,0.0,0.0,11.7523193359375,11.7523193359375,11.7523193359375,252.416,252.416,252.416,66,0.0,11.7523193359375,252.416,5
11776425.842403684,82.8134994506836,120049655.22685726,206525.09915640287,2121477.7095375056,13797892.134296669,13.6265625,0.0,100.0,45.1,76.7,30.0,22.5,1.1,47.8,50.0,50.0,0.0,16.1,9.7,0.0,0.0,0.0,51.6,51.1,52.2,0.0,3.2,0.0,0.0,0.0,0.0,2.2,0.0,1.1,0.0,0.0,0.0,1.1,0.0,1.1,84.3,1.1,1.1,2.2,0.0,1.1,0.0,0.0,100.0,1.1,6.6,0.0,0.0,0.0,34.8,52.2,0.0,0.0,0.0,0.0,0.0,0.0,0.0,0.0,1.1,0.0,0.0,0.0,0.0,0.0,35.2,38.7,65.0,65,65,0.0,0.0,0.0,11.7523193359375,11.7523193359375,11.7523193359375,275.701,275.701,275.701,65,0.0,11.7523193359375,275.701,5
11776426.842334896,82.88420486450195,118714137.04696427,204178.04489427424,2097296.267736315,13640618.303831892,14.0953125,0.0,100.0,23.2,83.5,31.3,32.0,4.1,66.3,50.0,52.0,1.0,5.1,0.0,0.0,0.0,0.0,49.5,52.5,5.1,4.0,45.8,2.0,0.0,0.0,0.0,5.0,2.0,3.0,1.0,1.0,3.0,2.0,1.0,2.0,78.4,1.0,1.0,1.0,0.0,0.0,0.0,0.0,100.0,1.0,3.0,1.0,0.0,0.0,35.1,51.5,2.0,1.0,3.0,2.0,3.0,2.0,2.0,2.0,3.0,2.0,0.0,1.0,1.0,0.0,37.5,40.2,65.0,65,65,0.0,0.0,0.0,11.7523193359375,11.7523193359375,11.7523193359375,284.465,284.465,284.465,65,0.0,11.7523193359375,284.465,5
11776427.8439992,82.8477554321289,118544271.38467641,203836.75382952625,2093667.5023856803,13617017.154188115,15.815624999999999,0.0,100.0,3.2,79.3,44.0,55.4,16.8,36.8,49.5,50.0,1.0,9.4,0.0,0.0,0.0,0.0,49.5,50.0,0.0,45.4,0.0,0.0,0.0,0.0,0.0,10.6,1.0,1.0,1.0,1.0,0.0,1.0,2.1,2.1,85.1,3.1,2.1,0.0,0.0,0.0,23.2,24.0,100.0,24.2,24.2,24.0,24.7,0.0,35.8,50.0,1.0,0.0,0.0,1.0,0.0,0.0,0.0,0.0,3.1,1.1,0.0,0.0,1.0,1.0,35.1,38.4,74.0,74,74,0.0,0.0,0.0,11.7523193359375,11.7523193359375,11.7523193359375,286.28,286.28,286.28,74,0.0,11.7523193359375,286.28,5
11776428.840422498,82.7979621887207,119200745.48601204,204915.92309092192,2104679.811453319,13688640.179960065,13.3171875,0.0,100.0,51.0,78.2,26.3,4.9,31.0,36.9,50.5,49.5,1.9,4.8,0.0,0.0,0.0,0.0,50.0,49.0,0.0,2.9,0.0,0.0,0.0,0.0,0.0,53.8,0.0,16.5,0.0,0.0,1.0,0.0,0.0,0.0,79.2,1.0,1.9,0.0,0.0,0.0,0.0,0.0,100.0,1.9,0.0,0.0,0.0,0.0,34.7,49.5,0.0,0.0,0.0,0.0,0.0,0.0,0.0,0.0,1.0,1.0,0.0,0.9,0.0,0.0,33.7,39.3,66.0,66,66,0.0,0.0,0.0,11.7523193359375,11.7523193359375,11.7523193359375,286.321,286.321,286.321,66,0.0,11.7523193359375,286.321,5
11776429.843593525,82.82013320922852,118431664.03044108,203537.57690780924,2090522.8960656174,13596564.92948927,13.178125,0.0,100.0,24.0,81.4,37.1,2.0,24.0,72.2,49.0,50.5,1.0,4.0,0.0,0.0,0.0,0.0,51.0,49.0,0.0,3.0,0.0,0.0,0.0,1.0,0.0,0.0,1.0,1.0,0.0,0.0,1.0,1.0,1.0,0.0,78.4,15.2,9.2,0.0,0.0,0.0,0.0,0.0,100.0,1.0,0.0,0.0,0.0,0.0,34.4,49.0,0.0,0.0,0.0,0.0,0.0,0.0,0.0,0.0,3.0,11.1,16.3,0.0,0.0,0.0,34.0,37.6,67.0,67,67,0.0,0.0,0.0,11.7523193359375,11.7523193359375,11.7523193359375,266.864,266.864,266.864,67,0.0,11.7523193359375,266.864,5
11776430.841049114,82.8211555480957,119143170.13628542,204710.86848872335,2102501.6272729477,13674473.474255694,13.471875,0.0,100.0,60.2,81.6,32.3,20.4,26.0,13.5,48.5,48.5,1.0,5.1,1.0,0.0,1.0,0.0,50.0,50.5,0.0,0.0,0.0,0.0,0.0,0.0,0.0,1.0,20.2,3.0,3.0,23.0,10.9,0.0,0.0,2.0,85.7,6.1,2.0,0.0,0.0,0.0,0.0,0.0,100.0,0.0,0.0,1.0,0.0,0.0,35.4,50.0,0.0,0.0,0.0,0.0,0.0,1.0,0.0,0.0,1.0,0.0,0.0,0.0,1.0,0.0,38.4,37.9,66.0,66,66,0.0,0.0,0.0,11.7523193359375,11.7523193359375,11.7523193359375,285.68,285.68,285.68,66,0.0,11.7523193359375,285.68,5
11776431.8438843,82.80220794677734,118536740.26998869,203623.6889274949,2091222.9934313435,13601118.297121823,13.275,0.0,100.0,52.5,78.8,31.6,20.8,29.7,1.9,51.0,51.0,17.5,3.9,4.9,0.0,0.0,0.0,51.5,51.5,0.0,0.0,0.0,0.0,0.0,0.0,0.0,1.0,0.0,11.9,4.9,1.0,39.2,1.0,1.0,0.0,78.6,0.0,0.0,0.0,1.0,0.0,0.0,0.0,100.0,0.0,0.0,0.0,0.0,0.0,35.6,49.0,0.0,0.0,0.0,0.0,0.0,0.0,0.0,0.0,2.9,0.0,0.0,0.0,0.0,0.0,36.3,39.6,59.0,59,59,0.0,0.0,0.0,11.7523193359375,11.7523193359375,11.7523193359375,280.494,280.494,280.494,59,0.0,11.7523193359375,280.494,5
11776432.854179623,82.81623840332031,117699374.02579816,202136.93513139815,2075781.1641710422,13602042.589441106,13.678125,0.0,100.0,5.0,78.4,18.8,1.0,46.9,0.0,50.5,49.5,38.1,52.0,13.0,0.0,0.0,0.0,51.0,49.5,0.0,2.0,1.0,0.0,0.0,0.0,0.0,0.0,1.0,1.0,6.9,0.0,50.5,4.0,1.0,1.0,78.8,1.0,2.0,0.0,0.0,0.0,0.0,0.0,100.0,0.0,0.0,0.0,0.0,0.0,35.7,50.5,0.0,1.0,3.0,0.0,2.0,0.0,0.0,1.0,2.0,1.0,1.0,0.0,0.0,0.0,36.4,37.9,68.0,68,68,0.0,0.0,0.0,11.7523193359375,11.7523193359375,11.7523193359375,274.048,274.048,274.048,68,0.0,11.7523193359375,274.048,5
11776433.852391632,82.82129669189453,119157002.56854092,204586.79921898674,2100908.4039138798,13766694.717052864,14.0921875,0.0,100.0,2.9,79.0,28.4,0.0,38.4,0.9,52.0,52.4,41.7,50.0,7.7,1.0,1.0,0.0,53.4,53.4,1.0,0.0,0.0,0.0,1.0,0.0,0.0,1.0,0.0,18.1,20.4,4.9,22.1,1.9,11.3,1.0,80.2,1.9,0.0,0.0,0.0,0.0,0.0,0.0,100.0,0.0,0.0,0.0,0.0,0.0,34.0,50.9,0.0,0.0,0.0,1.9,1.0,1.9,7.6,1.0,0.0,1.0,0.0,0.0,0.0,0.0,36.9,38.7,65.0,65,65,0.0,0.0,0.0,11.7523193359375,11.7523193359375,11.7523193359375,247.95,247.95,247.95,65,0.0,11.7523193359375,247.95,5
11776434.855904927,82.79984664916992,118560244.86041237,203516.98475364497,2089809.8809690746,13693969.044240713,13.415625,0.0,100.0,3.0,85.9,40.2,0.0,24.2,0.0,49.0,50.0,56.3,37.5,0.0,0.0,0.0,0.0,50.0,49.5,1.0,1.0,0.0,0.0,0.0,0.0,0.0,1.0,2.0,0.0,0.0,2.9,1.0,1.0,11.0,1.0,83.7,0.0,0.0,0.0,0.0,0.0,0.0,0.0,100.0,0.0,0.0,1.0,0.0,0.0,36.7,47.9,0.0,0.0,0.0,0.0,0.0,0.0,22.2,24.0,1.0,0.0,0.0,0.0,0.0,0.0,36.1,38.5,64.0,64,64,0.0,0.0,0.0,11.7523193359375,11.7523193359375,11.7523193359375,270.591,270.591,270.591,64,0.0,11.7523193359375,270.591,5
11776435.85468309,82.80166244506836,119155209.30017117,204492.85703627995,2099717.5135468463,13758891.128807949,13.4671875,0.0,100.0,3.1,76.6,43.0,8.4,18.6,0.0,51.0,51.5,53.7,15.6,26.8,0.0,0.0,0.0,50.5,50.5,0.0,0.0,0.0,0.0,0.0,0.0,0.0,0.0,1.0,0.0,1.0,0.0,2.1,2.0,1.0,0.0,76.6,1.0,1.0,1.0,0.0,0.0,0.0,0.0,100.0,0.0,0.0,0.0,1.0,0.0,34.7,50.5,1.0,0.0,0.0,2.0,0.0,0.0,29.2,27.8,0.0,2.0,1.0,0.0,0.0,0.0,36.7,40.0,79.0,79,79,0.0,0.0,0.0,11.7523193359375,11.7523193359375,11.7523193359375,268.97,268.97,268.97,79,0.0,11.7523193359375,268.97,5
11776436.853597712,82.80025100708008,119171795.47239023,204464.92177481495,2099430.6763507035,13757011.560852753,13.415625,0.0,100.0,2.9,78.8,24.2,12.7,31.6,0.0,51.0,49.5,10.9,41.4,41.4,0.0,39.2,0.0,51.5,50.5,0.0,1.0,0.0,0.0,0.0,0.0,0.0,1.0,0.0,1.0,1.0,0.0,1.0,0.0,0.0,2.9,86.0,1.0,1.0,0.0,0.0,0.0,0.0,0.0,100.0,1.0,0.0,0.0,0.0,0.0,34.0,51.5,0.0,2.9,2.9,0.0,0.0,0.0,0.0,8.9,1.9,1.9,0.0,0.0,0.0,0.0,35.0,37.1,65.0,65,65,0.0,0.0,0.0,11.7523193359375,11.7523193359375,11.7523193359375,245.075,245.075,245.075,65,0.0,11.7523193359375,245.075,5
11776437.853382984,82.80216598510742,119101200.31435853,204297.86839003465,2097602.413122377,13745031.437549949,13.40625,0.0,100.0,6.2,82.3,37.0,6.1,46.8,0.0,48.4,50.0,31.6,11.3,35.8,7.1,37.5,0.0,50.0,50.0,0.0,0.0,1.0,0.0,0.0,0.0,0.0,1.0,4.0,0.0,1.0,2.0,1.0,1.0,1.0,0.0,78.4,1.0,0.0,0.0,0.0,0.0,0.0,0.0,100.0,1.0,0.0,0.0,0.0,0.0,34.0,49.5,2.0,1.0,0.0,0.0,0.0,0.0,0.0,0.0,2.0,0.0,0.0,0.0,0.0,0.0,38.8,38.2,63.0,63,63,0.0,0.0,0.0,11.7523193359375,11.7523193359375,11.7523193359375,273.439,273.439,273.439,63,0.0,11.7523193359375,273.439,5
11776438.841799565,82.80060958862305,120509639.71259527,206657.80404059865,2121728.875667516,13907269.739726923,13.665625,0.0,100.0,3.3,79.1,39.8,40.7,25.6,47.0,50.0,50.0,5.6,0.0,11.1,0.0,0.0,0.0,50.0,49.4,1.1,1.1,0.0,0.0,0.0,0.0,0.0,0.0,53.5,19.1,0.0,0.0,0.0,0.0,0.0,2.2,82.8,0.0,1.1,1.1,0.0,0.0,0.0,0.0,100.0,0.0,0.0,0.0,0.0,0.0,35.3,49.4,1.1,1.1,0.0,0.0,0.0,2.2,0.0,0.0,0.0,0.0,0.0,0.0,0.0,0.0,34.5,37.4,75.0,75,75,0.0,0.0,0.0,11.7523193359375,11.7523193359375,11.7523193359375,285.831,285.831,285.831,75,0.0,11.7523193359375,285.831,5
11776439.84443244,82.8027572631836,118833738.62096663,203738.58178241257,2091644.9602846655,13710079.075615894,13.4296875,0.0,100.0,3.7,80.2,43.5,35.2,23.9,21.3,51.9,50.9,18.2,21.3,0.9,1.8,0.9,0.0,50.0,50.5,0.0,0.9,0.0,0.0,0.0,0.0,0.0,0.0,3.7,0.9,0.9,0.0,0.9,0.9,1.8,0.0,79.2,33.0,9.9,1.8,0.9,0.9,0.0,0.0,100.0,0.0,0.0,0.0,0.0,0.0,36.1,50.5,0.0,1.8,1.8,0.0,0.0,0.9,0.0,0.0,0.0,0.9,0.0,0.0,0.0,0.0,37.6,40.0,64.0,64,64,0.0,0.0,0.0,11.7523193359375,11.7523193359375,11.7523193359375,277.85,277.85,277.85,64,0.0,11.7523193359375,277.85,5
11776440.856376104,82.80021286010742,117772849.60863438,201864.00408046547,2072399.9504851613,13583934.050445706,13.284374999999999,0.0,100.0,9.8,79.6,0.0,66.7,21.0,0.0,49.5,50.0,0.0,38.8,34.3,0.0,0.0,0.0,48.5,50.0,17.5,31.1,0.0,0.0,0.0,0.0,0.0,1.9,1.9,1.0,0.0,1.0,0.0,0.0,1.0,1.9,80.8,1.9,0.0,0.0,0.0,0.0,0.0,0.0,100.0,0.0,0.0,0.0,0.0,0.0,36.4,50.5,0.0,0.0,0.0,0.0,0.0,0.0,0.0,0.0,2.9,0.0,0.0,0.0,0.0,0.0,34.3,37.9,65.0,65,65,0.0,0.0,0.0,11.7523193359375,11.7523193359375,11.7523193359375,252.454,252.454,252.454,65,0.0,11.7523193359375,252.454,5
11776441.83011002,82.80339431762695,122428078.30929294,209794.4796311544,2153721.840904989,14121180.117027435,13.8203125,0.0,100.0,2.1,84.2,0.0,47.9,41.1,0.0,49.0,49.5,5.1,23.9,45.2,1.0,1.0,0.0,50.5,47.9,1.0,55.2,1.0,0.0,0.0,0.0,0.0,0.0,1.0,1.0,1.0,2.1,6.2,2.0,0.0,0.0,76.6,1.0,3.1,1.0,2.0,0.0,1.0,0.0,100.0,1.0,0.0,0.0,1.0,0.0,33.0,49.5,0.0,0.0,0.0,0.0,0.0,17.3,1.0,1.0,2.0,0.0,0.0,0.0,0.0,0.0,37.1,38.0,64.0,64,64,0.0,0.0,0.0,11.7523193359375,11.7523193359375,11.7523193359375,266.827,266.827,266.827,64,0.0,11.7523193359375,266.827,5
11776442.854035176,82.80126190185547,116458958.11237441,199520.44204667542,2048149.6964133526,13428981.505585205,13.409375,0.0,100.0,4.9,78.2,0.0,44.4,42.9,0.0,50.0,50.0,5.8,26.0,41.7,0.0,0.0,0.0,49.5,52.0,0.0,40.6,0.0,0.0,0.0,0.0,0.0,1.0,0.0,1.0,0.0,0.0,0.0,0.0,0.0,1.0,87.0,1.0,1.0,0.0,0.0,0.0,0.0,0.0,100.0,0.0,0.0,0.0,0.0,0.0,33.7,51.5,2.9,0.0,0.0,0.0,0.0,2.0,1.0,12.7,1.0,1.0,0.0,1.0,0.0,1.0,34.3,38.1,67.0,67,67,0.0,0.0,0.0,11.7523193359375,11.7523193359375,11.7523193359375,255.841,255.841,255.841,67,0.0,11.7523193359375,255.841,5
11776443.858023793,82.80393600463867,118809760.46842016,203485.37494344747,2088820.4967933977,13695645.327608274,14.009375,0.0,100.0,3.0,78.1,2.0,18.4,70.1,0.0,50.5,51.0,57.0,1.0,26.3,2.0,0.0,0.0,53.5,51.5,0.0,0.0,0.0,0.0,0.0,0.0,0.0,1.0,1.0,17.0,1.0,2.0,2.0,1.0,1.0,1.0,78.8,2.0,1.0,0.0,0.0,0.0,0.0,0.0,100.0,1.0,0.0,0.0,0.0,0.0,36.1,50.0,56.4,1.0,0.0,1.0,0.0,0.0,0.0,1.0,1.0,1.0,0.0,0.0,0.0,0.0,37.0,37.9,64.0,64,64,0.0,0.0,0.0,11.7523193359375,11.7523193359375,11.7523193359375,251.588,251.588,251.588,64,0.0,11.7523193359375,251.588,5
11776444.82291524,82.8016357421875,123657982.87605534,211737.8081101555,2173459.0010661995,14250589.583162563,13.2953125,0.0,100.0,3.2,84.8,14.9,32.3,42.9,0.0,49.5,48.4,14.3,19.4,37.5,0.0,0.0,0.0,48.9,50.5,1.1,0.0,0.0,0.0,0.0,0.0,0.0,0.0,0.0,0.0,1.1,0.0,1.1,0.0,0.0,0.0,82.4,0.0,1.1,0.0,1.1,0.0,0.0,0.0,100.0,0.0,0.0,0.0,0.0,0.0,34.1,50.5,44.7,0.0,0.0,0.0,0.0,0.0,0.0,9.6,3.2,2.1,0.0,1.0,0.0,0.0,33.7,37.5,58.0,58,58,0.0,0.0,0.0,11.7523193359375,11.7523193359375,11.7523193359375,268.358,268.358,268.358,58,0.0,11.7523193359375,268.358,5
11776445.855736695,82.8035659790039,115556676.62603217,197820.25133088848,2030507.7783551486,13313309.788941862,13.4234375,0.0,100.0,2.9,79.2,1.0,55.9,34.3,2.8,49.0,49.1,1.9,36.6,35.3,0.0,0.0,0.0,48.0,51.4,0.0,0.0,0.0,0.0,0.0,0.0,0.0,1.0,1.0,1.0,1.0,1.0,1.0,1.0,1.0,1.0,81.2,0.0,1.0,0.9,0.0,0.0,0.0,0.0,100.0,0.0,0.0,0.0,0.0,0.0,34.7,49.5,51.5,0.0,0.0,0.0,0.0,1.9,1.9,2.9,1.0,0.0,0.0,0.0,0.0,0.0,36.9,39.3,62.0,62,62,0.0,0.0,0.0,11.7523193359375,11.7523193359375,11.7523193359375,248.457,248.457,248.457,62,0.0,11.7523193359375,248.457,5
11776446.855896829,82.80194473266602,119363176.96074563,204280.28788943935,2096816.229549336,13748070.473822502,13.3109375,0.0,100.0,5.0,78.1,1.0,57.3,30.5,1.0,52.0,50.0,12.2,49.5,11.1,0.0,0.0,0.0,50.5,50.0,0.0,0.0,0.0,0.0,0.0,0.0,0.0,0.0,0.0,2.0,0.0,0.0,0.0,0.0,0.0,1.0,78.4,2.0,1.0,0.0,0.0,0.0,0.0,0.0,100.0,0.0,0.0,0.0,0.0,0.0,36.1,50.0,38.4,0.0,2.0,1.0,0.0,0.0,0.0,16.2,0.0,1.0,0.0,0.0,0.0,0.0,35.4,39.2,63.0,63,63,0.0,0.0,0.0,11.7523193359375,11.7523193359375,11.7523193359375,264.251,264.251,264.251,63,0.0,11.7523193359375,264.251,5
11776447.83467932,82.80543899536133,122003790.42892411,208749.13652462437,2142612.907012965,14048342.829770556,13.4,0.0,100.0,28.7,82.8,26.1,16.5,36.4,48.3,48.3,49.4,11.5,21.2,6.7,0.0,0.0,0.0,48.9,48.3,1.1,1.1,0.0,0.0,0.0,1.1,0.0,1.1,19.3,0.0,0.0,0.0,0.0,1.1,2.2,1.1,83.0,1.1,1.1,0.0,0.0,0.0,0.0,0.0,100.0,0.0,0.0,0.0,0.0,0.0,33.3,48.9,0.0,0.0,0.0,0.0,0.0,0.0,0.0,12.6,0.0,0.0,0.0,0.0,0.0,0.0,37.5,38.9,72.0,72,72,0.0,0.0,0.0,11.7523193359375,11.7523193359375,11.7523193359375,273.495,273.495,273.495,72,0.0,11.7523193359375,273.495,5
11776448.846107252,82.80238342285156,118103885.88370636,202019.33685921057,2073456.6791284953,13594910.296551483,13.35,0.0,100.0,25.5,78.4,1.0,27.8,29.6,69.4,50.0,51.0,3.0,1.0,12.1,0.0,0.0,0.0,50.0,51.0,0.0,0.0,0.0,0.0,0.0,0.0,0.0,1.0,53.5,0.0,1.0,1.0,1.0,1.0,0.0,1.0,78.1,2.0,1.0,1.0,0.0,0.0,0.0,0.0,100.0,0.0,0.0,0.0,0.0,0.0,34.4,52.0,0.0,0.0,0.0,0.0,0.0,1.0,0.0,0.0,3.0,0.0,0.0,0.0,0.0,0.0,34.0,38.6,90.0,90,90,0.0,0.0,0.0,11.7523193359375,11.7523193359375,11.7523193359375,288.829,288.829,288.829,90,0.0,11.7523193359375,288.829,5
11776449.844250035,82.8002815246582,119708780.22972699,204717.2043542653,2101054.114262009,13775856.76089368,13.615625,0.0,100.0,2.9,79.0,19.8,61.8,23.5,45.0,51.9,50.5,0.0,0.0,4.8,0.0,0.0,0.0,50.0,48.5,0.0,0.0,0.0,0.0,0.0,0.0,0.0,0.0,10.7,51.0,0.0,1.0,10.5,1.0,1.0,1.9,83.2,2.9,1.0,1.9,6.7,1.0,0.0,0.0,100.0,1.9,1.0,0.0,0.0,0.0,34.0,50.0,0.0,0.0,0.0,0.0,0.0,0.0,0.0,0.0,0.0,0.0,0.0,0.0,0.0,0.0,35.6,37.4,70.0,70,70,0.0,0.0,0.0,11.7523193359375,11.7523193359375,11.7523193359375,269.018,269.018,269.018,70,0.0,11.7523193359375,269.018,5
11776450.846195249,82.80312728881836,119287291.64898281,203940.29241745168,2093080.509764965,13723576.70172068,13.1515625,0.0,100.0,26.0,79.4,26.3,36.1,24.5,39.8,49.0,49.5,1.0,4.0,0.0,0.0,0.0,0.0,51.0,50.0,0.0,0.0,0.0,0.0,0.0,0.0,0.0,0.0,0.0,0.0,1.0,0.0,13.0,36.4,0.0,0.0,80.8,1.0,1.0,2.0,0.0,0.0,0.0,0.0,100.0,0.0,0.0,0.0,0.0,0.0,35.4,47.9,0.0,1.0,1.0,0.0,0.0,0.0,0.0,0.0,9.0,1.0,0.0,0.0,0.0,0.0,36.7,37.9,69.0,69,69,0.0,0.0,0.0,11.7523193359375,11.7523193359375,11.7523193359375,293.84,293.84,293.84,69,0.0,11.7523193359375,293.84,5
11776451.858030144,82.80101013183594,118153878.22916135,201958.83830620133,2072622.7271556342,13589442.373166922,13.4609375,0.0,100.0,15.1,83.8,0.9,33.0,3.7,57.1,49.5,51.4,32.4,18.1,0.0,0.0,0.0,0.0,50.5,50.0,0.0,0.9,0.0,0.0,0.0,0.0,0.0,1.8,0.0,0.9,0.9,0.9,0.0,0.9,33.6,0.9,79.6,4.6,2.8,2.8,0.0,0.0,0.0,0.0,100.0,0.0,0.0,0.0,0.0,0.0,35.2,51.9,0.0,0.9,0.0,0.0,0.0,0.0,0.0,0.0,18.1,0.9,2.8,0.0,0.9,0.9,36.2,37.6,64.0,64,64,0.0,0.0,0.0,11.7523193359375,11.7523193359375,11.7523193359375,272.196,272.196,272.196,64,0.0,11.7523193359375,272.196,5
11776452.85309615,82.80293273925781,120178060.86288528,205373.31073703416,2107550.6427813303,13818452.163704934,13.209375,0.0,100.0,3.1,78.5,0.0,46.2,42.6,0.0,50.0,47.9,14.6,42.7,16.8,0.0,0.0,0.0,49.5,49.5,0.0,0.0,0.0,0.0,0.0,0.0,0.0,0.0,1.0,39.2,1.0,0.0,1.0,0.0,19.4,1.0,76.6,1.0,2.1,2.1,2.1,0.0,0.0,0.0,100.0,0.0,0.0,0.0,0.0,0.0,33.7,46.8,0.0,0.0,0.0,0.0,0.0,0.0,0.0,0.0,3.1,0.0,0.0,0.0,0.0,0.0,36.5,37.4,79.0,79,79,0.0,0.0,0.0,11.7523193359375,11.7523193359375,11.7523193359375,271.956,271.956,271.956,79,0.0,11.7523193359375,271.956,5
11776453.855516477,82.8010025024414,119331901.81249645,203867.57386875193,2092088.4624463613,13717072.2039696,13.6671875,0.0,100.0,2.9,78.2,1.9,62.6,32.7,0.0,49.5,50.5,3.9,17.6,48.4,0.0,0.0,0.0,52.9,51.5,0.0,0.0,0.0,0.0,0.0,0.0,0.0,0.0,0.0,16.8,16.7,1.0,7.8,0.0,15.4,1.0,86.1,2.0,1.0,1.9,0.0,0.0,0.0,0.0,100.0,1.0,0.0,0.0,0.0,0.0,36.6,52.9,0.0,0.0,0.0,0.0,0.0,1.0,0.0,0.0,1.9,1.0,1.0,1.0,0.0,1.0,36.0,39.0,66.0,66,66,0.0,0.0,0.0,11.7523193359375,11.7523193359375,11.7523193359375,247.818,247.818,247.818,66,0.0,11.7523193359375,247.818,5
11776454.854878128,82.80236434936523,119730053.55777206,204504.5452682328,2098491.569956868,13759055.07879923,13.584375,0.0,100.0,4.0,82.5,4.0,42.3,46.9,0.0,50.5,49.5,1.0,23.5,44.2,0.0,0.0,0.0,49.0,49.5,0.0,0.0,0.0,0.0,0.0,0.0,0.0,2.0,1.0,18.6,32.0,0.0,0.0,1.0,20.8,0.0,78.1,1.0,1.0,0.0,1.0,0.0,0.0,0.0,100.0,0.0,0.0,0.0,0.0,0.0,34.7,51.0,0.0,1.0,0.0,0.0,1.0,0.0,0.0,0.0,0.0,2.0,1.0,2.0,2.0,0.0,34.0,37.3,64.0,64,64,0.0,0.0,0.0,11.7523193359375,11.7523193359375,11.7523193359375,269.662,269.662,269.662,64,0.0,11.7523193359375,269.662,5
11776455.85441144,82.80093765258789,119745147.57610692,204478.42754758237,2098131.1718110973,13756692.077675495,13.559375,0.0,100.0,2.1,80.9,10.2,45.3,45.2,1.0,50.5,50.0,0.0,35.2,31.9,0.0,0.0,0.0,49.5,50.5,0.0,0.0,0.0,0.0,0.0,0.0,0.0,0.0,18.4,0.0,40.2,1.0,2.0,1.0,0.0,1.0,79.8,2.0,3.0,0.0,0.0,0.0,0.0,0.0,100.0,2.0,0.0,0.0,1.0,0.0,35.8,47.9,0.0,1.0,0.0,0.0,0.0,0.0,0.0,0.0,3.1,0.0,0.0,0.0,2.0,0.0,36.5,37.8,66.0,66,66,0.0,0.0,0.0,11.7523193359375,11.7523193359375,11.7523193359375,269.516,269.516,269.516,66,0.0,11.7523193359375,269.516,5
11776456.855963271,82.80247116088867,119536639.32059816,204066.3235243023,2093902.6167129243,13728966.961533763,13.25,0.0,100.0,4.9,77.8,4.9,61.4,25.5,0.0,49.5,49.5,0.0,40.4,27.3,0.0,0.0,0.0,49.5,50.5,0.0,0.0,0.0,0.0,0.0,0.0,0.0,0.0,21.4,3.0,23.3,1.0,7.9,1.0,1.0,1.0,81.2,2.0,1.0,1.0,1.0,1.0,0.0,0.0,100.0,0.0,0.0,0.0,0.0,0.0,34.3,50.0,0.0,0.0,0.0,0.0,0.0,0.0,0.0,0.0,0.0,0.0,0.0,0.0,0.0,1.0,36.0,38.7,65.0,65,65,0.0,0.0,0.0,11.7523193359375,11.7523193359375,11.7523193359375,248.711,248.711,248.711,65,0.0,11.7523193359375,248.711,5
11776457.855487324,82.80072021484375,119812048.16258045,204487.32509084392,2098150.6080968417,13756819.514416208,13.49375,0.0,100.0,3.0,78.4,42.3,40.2,12.9,0.0,51.0,49.5,1.0,41.1,24.0,0.0,0.0,0.0,50.5,48.5,0.0,0.0,0.0,0.0,0.0,0.0,0.0,1.0,0.0,9.9,47.0,2.0,2.0,0.0,1.0,0.0,80.4,2.0,4.0,4.0,0.0,0.0,0.0,2.0,100.0,0.0,0.0,0.0,0.0,0.0,35.4,51.0,0.0,0.0,0.0,0.0,0.0,0.0,0.0,0.0,2.0,1.0,1.0,0.0,0.0,0.0,36.7,38.8,64.0,64,64,0.0,0.0,0.0,11.7523193359375,11.7523193359375,11.7523193359375,270.616,270.616,270.616,64,0.0,11.7523193359375,270.616,5
11776458.856877107,82.80473327636719,119621661.86277121,204116.3226301422,2094241.4590824265,13731188.629179113,13.553125,0.0,100.0,2.1,84.9,48.9,40.4,4.3,0.0,49.5,50.0,27.5,19.1,22.6,0.0,0.0,0.0,51.0,52.6,0.0,0.0,1.1,0.0,0.0,0.0,0.0,1.1,0.0,23.4,30.1,1.1,0.0,1.1,1.1,1.1,78.0,3.2,2.1,2.1,0.0,0.0,0.0,0.0,100.0,0.0,0.0,0.0,0.0,0.0,35.2,50.0,0.0,0.0,2.1,2.1,0.0,0.0,0.0,0.0,1.1,1.1,1.0,1.0,0.0,0.0,36.6,38.8,56.0,56,56,0.0,0.0,0.0,11.7523193359375,11.7523193359375,11.7523193359375,269.368,269.368,269.368,56,0.0,11.7523193359375,269.368,5
11776459.856746431,82.80033874511719,119839210.07662962,204434.71465620663,2097426.0826909565,13752069.061706135,13.678125,0.0,100.0,3.8,79.6,55.8,34.0,7.6,0.9,50.5,50.0,41.0,0.0,23.0,0.0,0.0,0.0,50.0,50.0,0.0,0.0,0.0,0.0,0.0,0.0,0.0,0.9,47.2,17.0,7.5,0.9,0.0,0.9,0.0,0.9,85.4,0.0,2.9,0.0,0.9,0.0,0.0,0.0,100.0,0.0,0.0,0.0,0.0,0.0,36.3,50.5,0.9,0.9,0.0,0.0,0.0,1.9,0.0,0.0,0.0,0.0,0.9,0.0,0.0,0.0,35.0,38.3,64.0,64,64,0.0,0.0,0.0,11.7523193359375,11.7523193359375,11.7523193359375,247.156,247.156,247.156,64,0.0,11.7523193359375,247.156,5
11776460.855910905,82.80316543579102,119959412.2960391,204579.93200254886,2098905.691818899,13761770.327023523,13.2609375,0.0,100.0,2.0,77.9,64.6,25.5,9.9,0.0,50.5,48.5,40.0,0.0,26.0,0.0,0.0,0.0,50.0,50.5,0.0,0.0,0.0,0.0,0.0,0.0,0.0,0.0,33.3,5.1,0.0,1.0,10.1,6.1,0.0,1.0,78.4,5.0,4.0,2.0,0.0,0.0,0.0,0.0,100.0,0.0,0.0,0.0,0.0,0.0,32.6,49.0,0.0,1.0,0.0,0.0,0.0,1.0,0.0,0.0,0.0,0.0,0.0,0.0,0.0,0.0,36.4,37.3,64.0,64,64,0.0,0.0,0.0,11.7523193359375,11.7523193359375,11.7523193359375,273.082,273.082,273.082,64,0.0,11.7523193359375,273.082,5
11776461.855787624,82.80162048339844,119906848.23997654,204443.20396913943,2097410.5709393923,13751967.356725663,13.6390625,0.0,84.9,35.9,80.4,35.9,23.7,4.3,0.0,47.8,51.1,17.0,0.0,55.6,0.0,0.0,0.0,47.3,50.0,0.0,0.0,0.0,0.0,0.0,0.0,0.0,1.1,1.1,12.9,1.1,0.0,0.0,2.1,1.1,0.0,84.9,39.8,1.1,1.1,1.1,1.1,59.6,0.0,40.4,1.1,1.1,0.0,1.1,0.0,34.8,53.1,2.1,0.0,2.1,0.0,0.0,0.0,0.0,0.0,0.0,1.1,1.1,0.0,0.0,0.0,37.0,40.8,57.0,57,57,0.0,0.0,0.0,11.7523193359375,11.7523193359375,11.7523193359375,272.072,272.072,272.072,57,0.0,11.7523193359375,272.072,5
11776462.859175712,82.80643463134766,119520009.66600314,203739.7118869941,2090070.6562795746,13703842.17408307,13.73125,0.0,100.0,24.8,82.5,3.8,33.0,5.7,35.6,50.0,48.6,22.5,1.0,48.0,0.0,0.0,0.0,50.0,49.5,0.0,0.0,0.0,0.0,0.0,0.0,0.0,0.9,0.0,1.9,0.0,0.9,0.0,1.0,0.9,1.9,79.2,52.4,3.8,0.0,0.9,0.0,100.0,0.0,4.7,0.0,0.0,0.0,0.0,0.0,34.3,49.1,2.8,1.0,2.9,1.0,1.9,1.9,0.9,0.9,1.0,0.9,1.9,0.0,0.0,0.9,36.5,37.4,65.0,65,65,0.0,0.0,0.0,11.7523193359375,11.7523193359375,11.7523193359375,247.787,247.787,247.787,65,0.0,11.7523193359375,247.787,5
11776463.857608892,82.80308532714844,120146075.25520457,204752.8107675639,2100443.0158038773,13771850.007917218,13.551562500000001,0.0,100.0,52.6,78.4,4.0,1.0,5.0,36.1,48.0,49.5,34.0,1.0,36.7,0.0,1.0,0.0,51.0,51.0,0.0,0.0,0.0,0.0,0.0,0.0,0.0,0.0,2.9,0.0,0.0,8.2,32.7,14.9,1.0,0.0,79.4,5.0,0.0,0.0,0.0,0.0,100.0,0.0,2.0,1.0,0.0,0.0,0.0,0.0,35.4,52.0,0.0,1.0,1.0,0.0,1.0,0.0,0.0,0.0,3.0,0.0,2.0,1.0,0.0,1.0,34.7,38.8,63.0,63,63,0.0,0.0,0.0,11.7523193359375,11.7523193359375,11.7523193359375,263.129,263.129,263.129,63,0.0,11.7523193359375,263.129,5
11776464.854943093,82.82783126831055,120314151.35774557,204987.4553763346,2102757.529152131,13787025.440163486,13.7953125,0.0,100.0,33.7,78.9,11.7,1.1,2.1,58.7,50.5,52.1,30.0,0.0,39.3,0.0,0.0,0.0,50.5,48.9,0.0,0.0,0.0,0.0,0.0,0.0,0.0,0.0,18.5,19.1,0.0,0.0,34.4,2.2,3.1,1.1,84.6,1.1,0.0,0.0,0.0,0.0,100.0,0.0,0.0,0.0,0.0,0.0,0.0,0.0,35.2,49.5,0.0,0.0,0.0,0.0,0.0,0.0,0.0,0.0,2.1,1.1,0.0,0.0,0.0,0.0,36.6,36.8,59.0,59,59,0.0,0.0,0.0,11.7523193359375,11.7523193359375,11.7523193359375,270.926,270.926,270.926,59,0.0,11.7523193359375,270.926,5
11776465.854570104,82.80204010009766,120073766.20637493,204525.28570289564,2097934.506710226,13755402.615285603,13.6703125,0.0,100.0,46.1,84.3,3.8,0.0,6.7,44.1,52.4,49.0,8.7,1.0,57.7,0.0,0.0,0.0,50.0,51.0,0.0,0.0,0.0,0.0,0.0,0.0,0.0,1.9,21.7,10.4,0.9,1.0,0.0,0.9,0.0,1.9,79.0,1.9,0.0,1.0,0.0,0.0,100.0,0.0,1.0,1.0,26.4,0.0,0.0,0.0,35.6,51.0,0.0,0.9,1.0,0.0,0.0,0.0,6.7,1.0,0.0,0.0,0.0,0.0,0.0,0.0,36.9,38.0,66.0,66,66,0.0,0.0,0.0,11.7523193359375,11.7523193359375,11.7523193359375,249.568,249.568,249.568,66,0.0,11.7523193359375,249.568,5
11776466.85765592,82.80045318603516,119692435.13518028,203820.04877549107,2090700.482416733,13707971.71772065,13.4171875,0.0,100.0,33.0,78.1,11.0,1.0,4.0,48.5,48.5,51.0,37.1,1.0,32.6,0.0,0.0,0.0,51.0,49.5,0.0,0.0,0.0,0.0,0.0,0.0,0.0,0.0,0.0,0.0,0.0,0.0,0.0,1.0,1.0,1.0,78.8,0.0,2.0,2.9,0.0,0.0,100.0,0.0,54.5,3.0,2.0,0.0,0.0,0.0,35.7,48.5,1.0,3.0,0.0,0.0,0.0,1.0,2.0,0.0,0.0,0.0,0.0,0.0,1.0,0.0,36.4,37.6,62.0,62,62,0.0,0.0,0.0,11.7523193359375,11.7523193359375,11.7523193359375,267.087,267.087,267.087,62,0.0,11.7523193359375,267.087,5
11776467.82509752,82.80562973022461,124136273.46894185,211336.78770777298,2167729.814800894,14213025.367747266,13.4859375,0.0,100.0,2.4,83.5,16.5,9.2,5.8,1.2,49.4,49.4,55.6,45.1,51.2,0.0,0.0,0.0,49.4,51.2,0.0,0.0,0.0,0.0,0.0,0.0,0.0,0.0,20.7,1.1,1.1,1.1,0.0,7.0,0.0,0.0,84.1,3.4,1.2,0.0,1.1,0.0,100.0,0.0,4.7,0.0,0.0,0.0,0.0,0.0,37.2,51.7,0.0,0.0,0.0,1.1,0.0,0.0,0.0,1.2,1.1,0.0,0.0,1.1,0.0,0.0,35.7,38.6,77.0,77,77,0.0,0.0,0.0,11.7523193359375,11.7523193359375,11.7523193359375,280.67,280.67,280.67,77,0.0,11.7523193359375,280.67,5
11776468.846109925,82.80018615722656,117655187.55652691,200255.15753973878,2053992.6741991376,13467291.811106455,13.1078125,0.0,100.0,2.0,78.6,1.0,0.0,5.0,0.0,50.5,50.5,63.6,36.5,48.5,1.0,0.0,0.0,49.0,48.5,0.0,0.0,0.0,0.0,0.0,0.0,0.0,1.9,1.0,49.5,1.0,1.0,0.0,5.0,0.0,1.0,77.8,1.0,2.0,0.0,0.0,0.0,100.0,0.0,0.0,0.0,0.0,1.0,0.0,0.0,35.7,50.5,0.0,0.0,0.0,0.0,1.0,0.0,0.0,1.0,1.0,0.0,0.0,0.0,0.0,0.0,34.7,38.1,87.0,87,87,0.0,0.0,0.0,11.7523193359375,11.7523193359375,11.7523193359375,288.889,288.889,288.889,87,0.0,11.7523193359375,288.889,5
11776469.847611096,82.80561828613281,119982841.24801801,204163.5156676925,2094008.5352840645,13729661.431540243,13.692187500000001,0.0,100.0,4.8,78.2,1.0,0.0,6.8,0.0,51.5,50.5,47.0,64.7,41.2,1.0,0.0,0.0,49.0,48.5,0.0,0.0,0.0,0.0,0.0,0.0,0.0,0.0,1.0,17.5,0.0,0.0,0.0,56.2,1.0,1.0,81.2,1.9,0.0,0.0,0.0,0.0,100.0,0.0,1.9,0.0,0.0,0.0,0.0,0.0,35.3,51.9,1.0,1.0,1.0,0.0,0.0,0.0,2.9,1.0,1.0,1.9,0.0,0.0,0.0,0.0,34.7,38.7,70.0,70,70,0.0,0.0,0.0,11.7523193359375,11.7523193359375,11.7523193359375,267.777,267.777,267.777,70,0.0,11.7523193359375,267.777,5
11776470.845585428,82.80058670043945,120439742.88225707,204886.03099015818,2101408.7555842744,13782286.3305703,13.3453125,0.0,100.0,3.0,78.4,1.0,0.0,6.9,0.0,48.5,49.0,36.1,66.0,50.5,0.0,0.0,0.0,52.0,49.5,0.0,0.0,0.0,0.0,0.0,0.0,0.0,0.0,0.0,1.0,0.0,1.0,2.0,10.0,0.0,0.0,84.5,1.0,0.0,2.0,1.0,0.0,100.0,0.0,5.1,41.0,1.0,2.0,0.0,1.0,36.5,49.5,0.0,0.0,0.0,0.0,0.0,0.0,0.0,0.0,0.0,0.0,0.0,0.0,0.0,0.0,36.7,37.9,63.0,63,63,0.0,0.0,0.0,11.7523193359375,11.7523193359375,11.7523193359375,287.987,287.987,287.987,63,0.0,11.7523193359375,287.987,5
11776471.848771911,82.80515670776367,119849435.81785992,203831.4944211782,2090490.6870973965,13710679.15483019,13.321875,0.0,100.0,1.9,81.0,1.9,25.2,19.2,0.0,49.5,51.0,24.8,48.5,45.6,0.0,0.0,0.0,48.5,49.5,0.0,0.0,0.0,0.0,0.0,0.0,0.0,1.0,0.0,0.0,1.0,1.0,1.0,0.0,0.0,1.0,80.0,3.9,1.0,0.0,0.0,0.0,100.0,0.0,5.8,38.1,1.9,8.7,1.0,0.0,36.3,49.0,0.0,0.0,0.0,0.0,0.0,0.0,0.0,0.0,1.0,0.0,0.0,0.0,0.0,0.0,35.6,38.7,58.0,58,58,0.0,0.0,0.0,11.7523193359375,11.7523193359375,11.7523193359375,281.164,281.164,281.164,58,0.0,11.7523193359375,281.164,5
11776472.858296944,82.80201721191406,119129433.25108206,202558.62249423773,2077365.0301290816,13624593.303073157,13.56875,0.0,100.0,4.1,83.2,4.2,32.0,51.6,15.2,49.0,48.5,0.0,27.7,38.3,0.0,0.0,0.0,51.0,48.9,0.0,0.0,0.0,0.0,0.0,0.0,0.0,1.0,1.0,1.0,0.0,1.0,0.0,1.0,1.0,1.0,83.3,2.0,0.0,0.0,0.0,0.0,100.0,0.0,29.3,29.9,0.0,0.0,0.0,0.0,34.0,51.5,0.0,0.0,0.0,0.0,0.0,0.0,0.0,0.0,1.0,1.0,1.0,0.0,0.0,0.0,36.1,38.6,55.0,55,55,0.0,0.0,0.0,11.7523193359375,11.7523193359375,11.7523193359375,270.868,270.868,270.868,55,0.0,11.7523193359375,270.868,5
11776473.857438937,82.80375289916992,120400260.26597717,204672.61053231917,2098952.9162925333,13766179.478340482,13.4796875,0.0,100.0,12.5,79.4,1.0,0.0,46.1,38.1,50.5,51.4,1.9,28.2,36.6,0.9,0.0,0.0,51.4,51.4,0.0,0.0,0.0,0.0,0.0,0.0,0.0,0.0,0.0,1.9,0.9,0.9,0.9,1.9,0.9,0.9,79.6,0.9,0.9,0.0,0.0,0.0,100.0,0.0,54.3,6.7,1.9,0.0,0.0,0.0,35.3,49.5,0.0,0.0,0.0,0.0,0.0,0.9,0.0,0.0,0.9,0.0,0.9,0.0,0.0,0.0,35.2,38.0,65.0,65,65,0.0,0.0,0.0,11.7523193359375,11.7523193359375,11.7523193359375,251.32,251.32,251.32,65,0.0,11.7523193359375,251.32,5
11776474.85733368,82.80113220214844,120342452.79105306,204518.5268459796,2097372.7615177715,13755815.885110699,13.4234375,0.0,100.0,65.3,77.3,2.0,3.0,26.3,4.0,49.5,49.0,1.0,42.1,24.7,0.0,0.0,0.0,49.5,48.5,0.0,0.0,0.0,0.0,0.0,0.0,0.0,1.0,0.0,18.0,0.0,1.0,1.0,0.0,0.0,0.0,79.2,0.0,0.0,0.0,0.0,0.0,100.0,0.0,28.6,0.0,27.7,0.0,0.0,0.0,35.7,49.0,0.0,0.0,0.0,0.0,0.0,1.0,0.0,0.0,1.0,1.0,0.0,0.0,0.0,0.0,35.1,37.6,63.0,63,63,0.0,0.0,0.0,11.7523193359375,11.7523193359375,11.7523193359375,271.78,271.78,271.78,63,0.0,11.7523193359375,271.78,5
11776475.857584052,82.80294418334961,120335245.52342215,204453.81065959588,2096627.065022336,13750925.164736338,13.509375,0.0,100.0,37.6,83.7,1.1,0.0,55.3,9.6,50.5,48.9,0.0,10.8,60.9,0.0,0.0,0.0,48.4,52.2,0.0,0.0,0.0,0.0,0.0,0.0,0.0,1.1,1.1,1.1,0.0,2.1,6.3,1.1,0.0,1.1,78.3,0.0,0.0,0.0,0.0,0.0,100.0,0.0,0.0,1.1,38.7,10.6,0.0,0.0,34.4,49.5,0.0,0.0,0.0,0.0,0.0,1.1,0.0,0.0,1.1,1.1,1.1,0.0,0.0,0.0,36.2,38.5,57.0,57,57,0.0,0.0,0.0,11.7523193359375,11.7523193359375,11.7523193359375,272.318,272.318,272.318,57,0.0,11.7523193359375,272.318,5
11776476.856903013,82.80144882202148,120483015.62596236,204652.37623859217,2098581.215538944,13763741.644101122,13.584375,0.0,100.0,26.7,80.6,3.8,1.0,56.4,13.5,50.0,48.0,0.9,42.3,23.8,0.0,0.9,0.0,52.3,50.0,0.0,0.0,0.0,0.0,0.0,0.0,0.0,1.0,12.1,0.0,1.0,0.0,45.7,1.0,0.0,1.0,86.3,1.0,0.0,0.0,0.0,0.0,100.0,0.0,2.8,0.0,1.0,1.0,0.0,0.0,35.3,51.0,1.0,0.0,0.0,0.9,0.0,0.0,0.0,0.9,1.9,0.0,0.0,0.0,0.0,0.0,36.3,38.0,66.0,66,66,0.0,0.0,0.0,11.7523193359375,11.7523193359375,11.7523193359375,248.329,248.329,248.329,66,0.0,11.7523193359375,248.329,5
11776477.857669296,82.80441284179688,120341574.30930716,204356.4051809657,2095546.2187639542,13743836.333221402,13.4875,0.0,100.0,7.1,77.9,2.0,9.8,38.1,43.3,50.0,50.0,0.0,17.0,55.9,0.0,0.0,0.0,50.0,49.0,0.0,0.0,0.0,0.0,0.0,0.0,0.0,0.0,11.2,1.0,5.9,1.0,2.0,2.0,2.0,0.0,77.3,0.0,0.0,0.0,0.0,0.0,100.0,0.0,1.0,1.0,1.0,0.0,0.0,0.0,35.4,51.0,2.0,2.0,0.0,0.0,29.3,10.0,0.0,0.0,1.0,1.0,0.0,0.0,0.0,0.0,36.4,39.6,63.0,63,63,0.0,0.0,0.0,11.7523193359375,11.7523193359375,11.7523193359375,264.784,264.784,264.784,63,0.0,11.7523193359375,264.784,5
11776478.85968716,82.80032348632812,120224030.14253175,204109.13532832518,2092928.7524120642,13726669.434765063,13.5609375,0.0,100.0,8.6,81.3,1.1,38.9,47.8,2.1,48.9,48.9,2.1,30.0,38.2,0.0,0.0,0.0,50.0,52.1,0.0,0.0,0.0,0.0,0.0,0.0,0.0,0.0,1.1,2.1,0.0,0.0,0.0,0.0,0.0,2.1,85.6,0.0,0.0,1.1,0.0,0.0,100.0,0.0,1.1,2.1,0.0,0.0,0.0,0.0,36.6,50.5,0.0,1.1,0.0,1.1,47.9,9.6,0.0,0.0,0.0,0.0,0.0,1.1,0.0,0.0,35.6,39.2,56.0,56,56,0.0,0.0,0.0,11.7523193359375,11.7523193359375,11.7523193359375,270.507,270.507,270.507,56,0.0,11.7523193359375,270.507,5
11776479.857967231,82.81668090820312,120707070.62481679,204880.3797636221,2100765.1675175996,13778065.297898632,13.6875,0.0,100.0,6.6,79.4,1.9,0.9,43.3,45.6,50.9,50.5,0.9,20.2,45.5,0.0,0.0,0.0,49.5,50.9,15.0,0.9,0.9,0.0,0.0,0.0,0.0,1.9,0.0,5.7,0.9,0.9,0.9,0.9,0.0,0.0,79.8,1.9,0.0,0.0,0.0,0.0,100.0,0.0,1.9,0.0,0.0,0.0,0.0,0.0,34.7,50.0,0.9,0.9,0.0,0.0,33.3,22.6,0.9,0.0,0.0,0.9,0.0,0.0,0.0,0.0,35.2,38.9,65.0,65,65,0.0,0.0,0.0,11.7523193359375,11.7523193359375,11.7523193359375,248.55,248.55,248.55,65,0.0,11.7523193359375,248.55,5
11776480.857627394,82.80344009399414,120576020.28281373,204598.53030313418,2097864.933688027,13763141.234879065,13.5359375,0.0,100.0,12.0,80.4,1.0,3.0,42.7,45.8,49.5,48.0,0.0,20.8,48.4,0.0,0.0,0.0,50.0,49.0,0.0,1.0,0.0,0.0,0.0,0.0,0.0,0.0,0.0,12.0,0.0,0.0,0.0,0.0,2.0,1.0,77.9,0.0,2.0,0.0,0.0,0.0,100.0,0.0,1.0,0.0,1.0,0.0,0.0,0.0,34.4,49.0,0.0,0.0,1.0,0.0,33.3,22.8,1.0,1.0,1.0,0.0,0.0,0.0,0.0,0.0,36.1,38.2,62.0,62,62,0.0,0.0,0.0,11.7523193359375,11.7523193359375,11.7523193359375,263.379,263.379,263.379,62,0.0,11.7523193359375,263.379,5
11776481.86114438,82.80674362182617,120148074.78696825,203824.15311012857,2089802.192925684,13710245.246166743,13.653125,0.0,100.0,12.6,76.9,1.1,0.0,42.4,47.3,47.3,50.0,22.6,23.9,24.2,0.0,0.0,0.0,48.9,51.1,0.0,0.0,0.0,0.0,0.0,0.0,0.0,0.0,1.1,1.1,1.1,1.1,0.0,1.1,1.1,1.1,84.9,3.2,1.1,0.0,0.0,0.0,100.0,0.0,1.1,1.1,0.0,0.0,0.0,0.0,34.1,50.0,0.0,0.0,1.0,0.0,50.5,5.3,0.0,0.0,1.1,2.1,6.5,1.1,0.0,0.0,36.2,38.5,58.0,58,58,0.0,0.0,0.0,11.7523193359375,11.7523193359375,11.7523193359375,272.616,272.616,272.616,58,0.0,11.7523193359375,272.616,5
11776482.859576732,82.80315017700195,120792829.72535366,204869.16288172142,2100444.7595465505,13780066.30335325,13.234375,0.0,100.0,4.9,81.6,0.0,0.0,43.3,45.1,51.4,50.5,48.5,17.6,0.0,0.0,0.0,0.0,49.0,49.5,0.0,0.0,0.0,0.0,0.0,0.0,0.0,1.9,10.3,0.9,0.0,0.0,0.0,8.5,0.0,0.0,79.6,1.9,10.4,0.9,0.0,0.0,100.0,0.0,0.0,12.5,0.0,0.0,0.0,0.0,33.7,51.4,0.9,0.0,0.0,0.0,0.0,13.1,0.0,0.0,0.9,0.9,1.9,0.9,0.0,0.0,35.9,39.1,65.0,65,65,0.0,0.0,0.0,11.7523193359375,11.7523193359375,11.7523193359375,249.093,249.093,249.093,65,0.0,11.7523193359375,249.093,5
11776483.861307016,82.80058288574219,120427922.52594519,204196.68180532835,2093529.599811332,13734699.073762234,13.629687500000001,0.0,100.0,8.1,82.7,2.9,0.0,54.1,34.0,50.5,50.5,40.2,30.2,1.0,0.0,0.0,0.0,54.0,51.0,0.0,0.0,0.0,0.0,0.0,0.0,0.0,0.0,1.0,1.0,1.0,2.0,0.0,1.0,1.0,1.0,77.9,4.1,0.0,1.0,0.0,0.0,100.0,0.0,28.7,20.6,1.0,8.1,1.0,0.0,36.5,50.5,0.0,0.0,0.0,0.0,0.0,0.0,0.0,0.0,1.0,0.0,1.0,1.0,0.0,0.0,35.1,37.6,63.0,63,63,0.0,0.0,0.0,11.7523193359375,11.7523193359375,11.7523193359375,262.666,262.666,262.666,63,0.0,11.7523193359375,262.666,5
11776484.846461171,82.80470275878906,122487563.30057624,207639.58496093247,2128755.16789936,13965798.064402247,13.4375,0.0,100.0,9.6,76.7,3.2,0.0,37.4,50.0,50.5,51.1,19.8,26.1,23.1,0.0,0.0,0.0,50.5,51.6,1.1,0.0,0.0,0.0,1.1,0.0,0.0,0.0,0.0,1.1,0.0,0.0,1.1,0.0,0.0,1.1,84.8,53.8,1.1,0.0,0.0,0.0,100.0,0.0,2.2,0.0,1.1,0.0,0.0,0.0,34.4,50.0,0.0,0.0,0.0,0.0,0.0,0.0,0.0,0.0,1.1,1.1,0.0,0.0,0.0,0.0,35.9,39.4,55.0,55,55,0.0,0.0,0.0,11.7523193359375,11.7523193359375,11.7523193359375,272.238,272.238,272.238,55,0.0,11.7523193359375,272.238,5
11776485.857880456,82.80075454711914,119339199.65685187,202255.38806296763,2073474.4046490295,13603126.025812676,13.5390625,0.0,100.0,6.7,79.4,39.8,1.0,0.0,49.0,49.5,49.0,0.0,29.7,35.3,0.0,0.0,0.0,47.6,50.9,0.0,0.0,0.0,0.0,0.0,0.0,0.0,0.9,0.9,16.2,38.1,0.0,0.0,10.4,0.9,0.9,79.8,10.2,1.0,0.0,0.0,0.0,100.0,0.0,0.9,0.0,0.9,0.0,0.0,0.0,35.0,51.9,1.9,0.0,0.0,0.0,0.0,0.0,0.0,0.0,1.9,0.0,0.9,0.0,0.0,0.0,36.8,39.1,64.0,64,64,0.0,0.0,0.0,11.7523193359375,11.7523193359375,11.7523193359375,249.914,249.914,249.914,64,0.0,11.7523193359375,249.914,5
11776486.85752498,82.82996368408203,120783218.59743692,204638.7442673402,2097897.7533790614,13763356.55000052,13.63125,0.0,100.0,12.0,83.7,44.8,1.0,0.0,43.3,49.5,50.5,2.0,39.6,31.6,0.0,0.0,0.0,51.0,49.0,0.0,0.0,0.0,1.0,0.0,1.0,0.0,2.0,0.0,17.3,11.9,1.0,0.0,2.0,24.2,0.0,79.2,1.0,1.0,2.0,0.0,0.0,100.0,0.0,1.0,0.0,0.0,0.0,0.0,0.0,36.1,50.0,0.0,0.0,1.0,1.0,0.0,1.0,0.0,2.0,1.0,1.0,0.0,1.0,0.0,0.0,36.1,39.6,63.0,63,63,0.0,0.0,0.0,11.7523193359375,11.7523193359375,11.7523193359375,264.154,264.154,264.154,63,0.0,11.7523193359375,264.154,5
11776487.851370076,82.80325698852539,121521089.65807955,205840.93120004082,2110139.707626717,13843670.464683872,14.0125,0.0,100.0,11.8,77.5,48.9,1.1,2.2,37.8,49.5,49.5,1.1,37.5,31.9,0.0,0.0,1.1,48.4,51.1,2.1,2.1,0.0,1.1,1.1,1.1,1.1,0.0,3.2,2.1,0.0,5.3,1.1,35.1,13.8,4.3,84.4,2.1,1.1,1.1,0.0,0.0,100.0,0.0,2.2,1.1,1.1,1.1,0.0,0.0,38.0,48.9,1.1,3.2,1.1,1.1,3.2,0.0,2.1,0.0,2.2,2.1,0.0,0.0,0.0,0.0,36.7,40.0,56.0,56,56,0.0,0.0,0.0,11.7523193359375,11.7523193359375,11.7523193359375,271.491,271.491,271.491,56,0.0,11.7523193359375,271.491,5
11776488.859794727,82.8049087524414,119796728.38704678,202871.8752778767,2079631.8278957955,13643522.089652298,13.23125,0.0,100.0,6.6,79.6,1.0,1.9,51.5,38.1,49.5,49.5,0.9,8.7,54.6,0.0,0.0,0.0,48.6,48.5,0.9,0.0,0.0,0.0,0.0,0.0,0.0,0.9,0.9,0.0,0.9,1.9,0.9,0.0,55.7,1.9,79.6,0.0,0.9,0.0,0.0,0.0,100.0,0.0,0.9,0.0,0.9,0.0,0.0,0.0,32.7,50.5,0.9,0.9,1.9,0.9,0.9,0.0,0.0,0.0,0.9,0.9,0.0,0.0,0.0,0.0,34.0,37.0,65.0,65,65,0.0,0.0,0.0,11.7523193359375,11.7523193359375,11.7523193359375,251.579,251.579,251.579,65,0.0,11.7523193359375,251.579,5
11776489.858030088,82.80188751220703,121052415.73509534,204942.6496590188,2100859.2568112905,13782785.632088134,13.8046875,0.0,100.0,7.9,82.7,0.0,0.0,39.8,49.5,50.0,50.0,1.0,47.3,23.5,0.0,0.0,0.0,52.0,49.5,0.0,0.0,0.0,0.0,0.0,0.0,0.0,1.0,1.0,2.0,0.0,0.0,0.0,0.0,56.1,1.0,80.2,2.0,0.0,0.0,0.0,0.0,100.0,0.0,1.0,1.0,0.0,0.0,0.0,0.0,36.7,52.0,0.0,2.0,0.0,2.0,1.0,2.0,1.0,0.0,7.9,1.0,1.0,0.0,0.0,0.0,38.0,40.4,65.0,65,65,0.0,0.0,0.0,11.7523193359375,11.7523193359375,11.7523193359375,265.98,265.98,265.98,65,0.0,11.7523193359375,265.98,5
11776490.826663379,82.80440902709961,124785755.55931133,211213.05867950135,2165062.899269916,14203996.63798369,13.8390625,0.0,100.0,30.4,80.0,3.2,0.0,20.7,44.0,51.6,51.1,0.0,44.9,25.3,0.0,0.0,1.1,50.5,48.9,0.0,0.0,0.0,0.0,0.0,0.0,0.0,0.0,0.0,18.5,0.0,1.1,0.0,2.1,18.9,1.1,82.4,21.5,18.3,0.0,0.0,0.0,100.0,0.0,0.0,0.0,0.0,0.0,0.0,0.0,34.4,51.0,0.0,2.2,2.2,1.1,0.0,4.2,1.1,1.1,0.0,0.0,0.0,0.0,0.0,0.0,35.6,37.2,54.0,54,54,0.0,0.0,0.0,11.7523193359375,11.7523193359375,11.7523193359375,273.554,273.554,273.554,54,0.0,11.7523193359375,273.554,5
11776491.860131064,82.80302429199219,116991782.77254541,197974.2596798022,2029238.0969502276,13312911.655577762,13.3515625,0.0,100.0,24.0,80.6,42.7,9.5,22.4,29.8,49.1,48.6,0.0,36.9,28.8,0.0,0.0,0.0,50.5,50.0,0.0,0.0,0.0,0.0,0.0,0.0,0.0,0.9,2.8,3.7,1.9,0.0,0.0,0.0,0.0,0.9,79.8,0.9,23.4,0.0,0.0,0.0,100.0,0.0,0.0,0.0,0.0,0.0,0.0,0.0,37.1,50.0,0.0,0.9,0.0,0.0,0.0,0.0,1.9,0.9,0.0,0.9,0.0,0.9,0.0,0.0,36.2,38.5,62.0,62,62,0.0,0.0,0.0,11.7523193359375,11.7523193359375,11.7523193359375,252.85,252.85,252.85,62,0.0,11.7523193359375,252.85,5
11776492.857942315,82.81503295898438,121208102.18655665,205049.80267592,2101752.2093313863,13788643.888953373,13.396875,0.0,100.0,14.0,78.1,18.2,0.0,13.5,51.6,49.5,50.0,2.0,37.0,31.2,0.0,0.0,0.0,52.0,51.0,0.0,0.0,0.0,0.0,0.0,0.0,0.0,0.0,3.0,48.0,0.0,1.0,1.0,4.0,0.0,1.0,77.9,1.0,0.0,0.0,0.0,0.0,100.0,0.0,1.0,0.0,0.0,0.0,0.0,0.0,33.7,51.0,1.0,0.0,2.0,2.0,0.0,1.0,1.0,2.0,4.0,1.0,0.0,0.0,0.0,0.0,35.1,37.6,64.0,64,64,0.0,0.0,0.0,11.7523193359375,11.7523193359375,11.7523193359375,265.131,265.131,265.131,64,0.0,11.7523193359375,265.131,5
11776493.827328617,82.80275344848633,124796123.85542746,211072.71640999423,2163381.0956627564,14192963.08658437,13.8421875,0.0,100.0,8.6,84.8,20.7,0.0,35.1,33.3,51.6,50.5,1.1,41.8,27.5,0.0,0.0,0.0,50.5,52.7,0.0,0.0,0.0,0.0,0.0,0.0,0.0,2.1,30.4,2.1,23.4,0.0,0.0,2.1,1.1,0.0,84.8,2.1,2.2,0.0,2.1,0.0,100.0,0.0,1.1,0.0,0.0,2.1,0.0,0.0,35.2,51.1,0.0,2.1,3.1,1.1,1.1,0.0,0.0,0.0,1.1,1.1,1.1,0.0,0.0,0.0,36.6,38.5,56.0,56,56,0.0,0.0,0.0,11.7523193359375,11.7523193359375,11.7523193359375,271.346,271.346,271.346,56,0.0,11.7523193359375,271.346,5
11776494.85910609,82.80460739135742,117281577.80826317,198317.95646013605,2032562.3058659332,13334720.283991542,13.23125,0.0,100.0,6.6,79.8,3.7,0.0,45.6,42.3,47.1,49.0,0.0,19.6,44.6,0.0,0.0,0.0,51.4,48.6,0.0,0.0,0.0,0.0,0.0,0.0,0.0,0.0,35.5,0.0,0.9,1.9,0.0,0.0,22.4,1.9,79.8,0.0,0.0,0.0,0.0,0.0,100.0,0.0,1.9,1.0,0.0,0.0,0.0,0.0,35.6,50.5,0.0,0.0,0.0,0.0,0.0,0.0,0.0,0.0,0.9,1.9,0.9,0.9,0.0,0.0,34.0,38.5,67.0,67,67,0.0,0.0,0.0,11.7523193359375,11.7523193359375,11.7523193359375,260.139,260.139,260.139,67,0.0,11.7523193359375,260.139,5
11776495.861703657,82.80736541748047,120727719.69627184,204089.86296936343,2091718.6213758502,13722818.064846642,13.46875,0.0,100.0,7.1,77.3,32.7,0.0,41.2,13.3,51.0,50.0,16.7,18.8,31.6,0.0,0.0,0.0,49.5,50.0,0.0,0.0,0.0,0.0,0.0,0.0,0.0,0.0,0.0,18.0,0.0,1.0,0.0,0.0,53.5,0.0,82.1,4.0,1.0,0.0,0.0,0.0,100.0,0.0,3.0,1.0,1.0,1.0,0.0,0.0,34.7,48.5,0.0,1.0,0.0,0.0,0.0,0.0,0.0,0.0,0.0,0.0,0.0,0.0,0.0,0.0,37.0,36.0,65.0,65,65,0.0,0.0,0.0,11.7523193359375,11.7523193359375,11.7523193359375,265.638,265.638,265.638,65,0.0,11.7523193359375,265.638,5
11776496.859476084,82.80852127075195,121344448.58390139,205083.8391663058,2101833.9880626537,13789180.40215323,13.3796875,0.0,100.0,7.0,77.3,25.8,20.4,4.0,0.0,50.5,50.0,44.9,14.1,49.5,0.0,0.0,0.0,48.5,50.0,0.0,0.0,0.0,0.0,0.0,0.0,0.0,2.0,0.0,1.0,46.1,1.0,1.0,1.0,3.0,1.0,81.6,0.0,0.0,0.0,0.0,0.0,100.0,0.0,2.0,1.0,0.0,0.0,0.0,0.0,34.7,51.0,1.0,0.0,0.0,2.0,0.0,0.0,2.0,0.0,2.0,8.0,0.0,0.0,0.0,0.0,34.7,38.2,63.0,63,63,0.0,0.0,0.0,11.7523193359375,11.7523193359375,11.7523193359375,270.452,270.452,270.452,63,0.0,11.7523193359375,270.452,5
11776497.859695068,82.80318450927734,121085970.14144358,204592.19763546583,2096692.858357054,13755451.779729187,13.778125,0.0,100.0,16.0,85.4,36.2,33.7,0.0,0.0,50.5,51.5,22.4,0.0,66.0,0.0,0.0,0.0,52.0,50.0,0.0,0.0,0.0,0.0,0.0,0.0,0.0,0.0,1.0,0.0,0.0,1.0,0.0,0.0,1.0,1.0,78.4,1.0,1.0,0.0,0.0,0.0,100.0,0.0,2.0,1.0,1.0,0.0,0.0,0.0,35.8,49.0,0.0,0.0,0.0,0.0,0.0,1.0,3.0,0.0,1.0,19.4,37.8,8.0,0.0,0.0,36.1,38.6,65.0,65,65,0.0,0.0,0.0,11.7523193359375,11.7523193359375,11.7523193359375,264.74,264.74,264.74,65,0.0,11.7523193359375,264.74,5
11776498.860587342,82.78658676147461,121037317.53864093,204455.56959439028,2095282.4337904728,13746198.62324648,13.3734375,0.0,100.0,7.0,78.4,5.1,16.5,0.0,46.3,50.0,50.5,57.3,3.0,28.6,1.0,0.0,0.0,49.0,51.0,0.0,0.0,0.0,0.0,0.0,0.0,0.0,0.0,0.0,1.0,1.0,0.0,0.0,1.0,0.0,1.0,85.6,0.0,0.0,0.0,0.0,0.0,100.0,0.0,0.0,0.0,2.0,0.0,0.0,0.0,35.7,50.5,1.0,1.0,0.0,0.0,1.0,0.0,0.0,0.0,2.0,54.5,1.0,0.0,0.0,0.0,35.1,38.8,66.0,66,66,0.0,0.0,0.0,11.7523193359375,11.7523193359375,11.7523193359375,249.97,249.97,249.97,66,0.0,11.7523193359375,249.97,5
11776499.839413373,82.80501174926758,123799477.28321399,209071.8815194938,2142517.6010768376,14056087.152377144,13.5953125,0.0,100.0,6.3,77.7,2.1,50.5,0.0,19.1,48.0,49.0,17.7,45.4,25.8,0.0,0.0,0.0,50.0,51.0,0.0,0.0,0.0,0.0,0.0,0.0,0.0,1.0,0.0,0.0,1.0,1.0,1.0,1.0,2.0,1.0,77.4,2.0,3.0,0.0,0.0,0.0,100.0,0.0,0.0,1.0,0.0,0.0,0.0,0.0,34.0,50.0,0.0,0.0,0.0,0.0,0.0,0.0,0.0,0.0,1.0,51.0,7.2,17.5,2.0,0.0,35.4,38.0,63.0,63,63,0.0,0.0,0.0,11.7523193359375,11.7523193359375,11.7523193359375,266.617,266.617,266.617,63,0.0,11.7523193359375,266.617,5
11776500.861898089,82.80158996582031,118545523.56622578,200151.6470534712,2051035.059131996,13455911.647703856,13.83125,0.0,100.0,6.9,85.1,1.0,34.0,0.0,34.0,50.5,51.5,0.0,34.3,54.5,1.0,0.0,0.0,50.5,51.5,0.0,0.0,0.0,0.0,0.0,0.0,0.0,1.0,1.9,18.4,0.0,1.0,0.0,1.0,0.0,1.0,80.0,49.5,1.0,0.0,0.0,0.0,100.0,0.0,0.0,1.0,1.0,0.0,0.0,0.0,35.4,51.0,0.0,1.0,0.0,1.9,0.0,0.0,0.0,0.0,1.0,8.8,0.0,1.0,0.0,0.0,36.6,36.9,65.0,65,65,0.0,0.0,0.0,11.7523193359375,11.7523193359375,11.7523193359375,259.144,259.144,259.144,65,0.0,11.7523193359375,259.144,5
11776501.8619023,82.80238342285156,121243303.39101963,204653.13811544835,2097143.1680059454,13762502.040039016,13.3703125,0.0,100.0,8.1,78.9,2.0,14.4,1.0,54.9,51.5,49.0,42.9,0.0,44.2,0.0,0.0,0.0,50.5,50.5,0.0,0.0,0.0,0.0,0.0,0.0,0.0,0.0,0.0,0.0,0.0,0.0,41.4,0.0,1.0,1.0,83.5,12.1,3.0,1.0,0.0,0.0,100.0,0.0,1.0,0.0,0.0,0.0,0.0,0.0,35.8,51.0,1.0,0.0,0.0,1.0,0.0,0.0,0.0,1.0,0.0,1.0,0.0,1.0,0.0,0.0,34.4,37.6,65.0,65,65,0.0,0.0,0.0,11.7523193359375,11.7523193359375,11.7523193359375,256.382,256.382,256.382,65,0.0,11.7523193359375,256.382,5
11776502.827876808,82.80064010620117,125551326.6799451,211871.01557659602,2171022.0952521204,14247332.50009204,13.446875,0.0,100.0,7.2,76.8,2.1,25.8,2.0,43.5,50.0,51.0,39.8,0.0,49.5,0.0,0.0,0.0,49.5,48.4,0.0,0.0,0.0,0.0,0.0,0.0,0.0,1.0,1.0,1.0,0.0,1.0,0.0,1.0,0.0,1.0,78.7,0.0,1.0,0.0,0.0,0.0,100.0,0.0,2.1,1.0,0.0,0.0,0.0,0.0,35.1,49.5,1.1,0.0,0.0,1.0,2.0,0.0,2.1,1.0,0.0,0.0,49.5,7.2,0.0,0.0,38.1,39.6,64.0,64,64,0.0,0.0,0.0,11.7523193359375,11.7523193359375,11.7523193359375,267.006,267.006,267.006,64,0.0,11.7523193359375,267.006,5
11776503.858973991,82.80325317382812,117656215.14604296,198501.17270585318,2033903.3357555205,13347490.640895603,13.3921875,0.0,100.0,14.7,78.6,2.9,53.7,0.0,13.9,48.5,50.5,48.0,0.0,40.6,0.0,0.0,0.0,52.0,52.0,0.0,0.0,0.0,0.0,0.0,0.0,0.0,1.0,1.0,0.0,1.0,0.0,1.0,0.0,1.0,1.0,78.8,0.0,0.0,0.0,0.0,0.0,100.0,0.0,2.0,0.0,0.0,0.0,1.0,0.0,35.4,49.5,0.0,0.0,0.0,0.0,0.0,0.0,1.0,1.0,0.0,0.0,1.0,54.5,0.0,0.0,35.0,36.5,66.0,66,66,0.0,0.0,0.0,11.7523193359375,11.7523193359375,11.7523193359375,265.118,265.118,265.118,66,0.0,11.7523193359375,265.118,5
11776504.859482655,82.80108261108398,121286126.09262687,204569.94259874063,2096085.796245904,13755563.037863744,13.76875,0.0,100.0,3.0,85.7,4.1,57.4,0.0,12.2,52.0,51.0,56.7,1.0,32.7,1.0,0.0,0.0,52.9,50.5,0.0,0.0,0.0,0.0,0.0,0.0,0.0,0.0,2.0,1.0,1.0,1.0,0.0,0.0,0.0,0.0,85.7,2.0,0.0,0.0,0.0,0.0,100.0,0.0,1.0,0.0,0.0,0.0,0.0,1.0,35.1,52.0,2.0,1.0,0.0,0.0,0.0,0.0,0.0,2.0,0.0,0.0,1.0,43.4,13.0,0.0,36.4,40.4,64.0,64,64,0.0,0.0,0.0,11.7523193359375,11.7523193359375,11.7523193359375,253.874,253.874,253.874,64,0.0,11.7523193359375,253.874,5
11776505.827621896,82.80242538452148,125375204.22685173,211416.90310005526,2166167.749669423,14215475.857205587,13.753125,0.0,100.0,3.1,77.4,6.3,39.1,0.0,31.2,51.0,49.5,7.2,40.6,43.6,0.0,0.0,0.0,49.5,49.5,0.0,0.0,1.0,0.0,0.0,0.0,0.0,1.0,0.0,19.6,0.0,0.0,1.0,1.0,1.0,0.0,77.4,31.3,2.1,1.0,0.0,0.0,100.0,2.1,0.0,2.1,0.0,5.2,0.0,0.0,34.4,51.6,1.0,0.0,0.0,1.0,1.0,0.0,0.0,0.0,1.0,0.0,0.0,0.0,23.4,0.0,35.5,37.5,61.0,61,61,0.0,0.0,0.0,11.7523193359375,11.7523193359375,11.7523193359375,265.462,265.462,265.462,61,0.0,11.7523193359375,265.462,5
11776506.85881491,82.80172348022461,117740800.53301525,198497.27177602,2033714.3202596325,13346250.22670384,13.5078125,0.0,100.0,3.9,78.0,5.8,48.5,1.0,16.2,52.4,50.0,1.0,62.6,27.0,0.0,0.0,0.0,50.0,51.4,1.0,0.0,0.0,0.0,0.0,0.0,0.0,1.0,1.0,1.0,0.0,1.0,0.0,0.0,1.0,1.9,82.0,56.4,1.9,0.0,0.0,1.0,100.0,0.0,1.0,1.0,1.0,0.0,0.0,0.0,36.6,50.0,0.0,0.0,0.0,0.0,0.0,0.0,0.0,0.0,1.0,0.0,0.0,0.0,0.0,0.0,38.2,38.7,64.0,64,64,0.0,0.0,0.0,11.7523193359375,11.7523193359375,11.7523193359375,259.418,259.418,259.418,64,0.0,11.7523193359375,259.418,5
11776507.859348403,82.80260848999023,121381562.75732939,204579.85802957925,2096033.7801564725,13755221.68227685,13.384375,0.0,100.0,6.1,81.4,0.0,47.9,1.0,21.2,48.5,50.5,0.0,29.3,61.6,0.0,0.0,0.0,50.5,49.5,0.0,0.0,1.0,0.0,0.0,0.0,0.0,1.0,1.0,1.0,0.0,0.0,0.0,2.0,1.0,0.0,82.5,6.9,50.0,1.0,2.0,0.0,100.0,0.0,0.0,0.0,0.0,0.0,0.0,0.0,34.0,50.0,0.0,0.0,0.0,1.0,0.0,0.0,0.0,0.0,2.0,0.0,0.0,0.0,0.0,0.0,35.4,37.3,63.0,63,63,0.0,0.0,0.0,11.7523193359375,11.7523193359375,11.7523193359375,254.965,254.965,254.965,63,0.0,11.7523193359375,254.965,5
11776509.096431425,81.5969123840332,98202856.1410947,165534.56512821148,1695239.4976450773,11138253.261871172,13.1171875,0.0,100.0,15.5,82.0,2.9,10.8,1.0,43.6,52.4,53.8,1.0,10.9,49.5,0.0,0.0,0.0,51.0,52.0,1.0,1.0,0.0,0.0,0.0,0.0,0.0,0.0,0.0,0.0,0.0,1.9,1.9,0.0,1.0,1.0,78.8,31.1,22.8,1.0,0.0,0.0,100.0,0.0,0.0,0.0,0.0,0.0,0.0,0.0,37.4,51.5,0.0,0.0,1.0,0.0,2.0,0.0,0.0,0.0,0.0,0.0,1.0,0.0,1.0,0.0,39.2,38.5,0.0,0,0,0.0,0.0,0.0,6.4554443359375,6.4554443359375,6.4554443359375,191.932,191.932,191.932,0,0.0,6.4554443359375,191.932,5
11776509.85142424,82.00485610961914,160953815.2263352,271240.99197155045,2777711.2034334596,18250430.641308904,19.1546875,0.0,100.0,62.2,76.5,56.2,78.7,56.2,56.2,51.7,52.8,57.3,95.6,56.7,1.1,0.0,0.0,51.7,52.3,0.0,0.0,0.0,0.0,0.0,0.0,0.0,0.0,2.2,1.1,0.0,0.0,0.0,0.0,1.1,1.1,81.6,40.4,0.0,0.0,0.0,0.0,100.0,0.0,3.3,1.1,0.0,1.1,0.0,0.0,38.6,52.2,1.1,0.0,0.0,0.0,0.0,15.9,1.1,0.0,0.0,0.0,0.0,0.0,0.0,0.0,38.6,40.2,13.0,13,13,0.0,0.0,0.0,11.7445068359375,11.7445068359375,11.7445068359375,138.794,138.794,138.794,13,0.0,11.7445068359375,138.794,5
11776510.84088864,81.85417175292969,122846125.59957258,206979.65478133882,2119482.013994181,13925659.170071142,14.646875,0.0,100.0,19.0,85.7,18.0,21.6,45.5,17.0,55.8,53.5,51.0,23.0,17.0,1.0,0.0,0.0,53.9,52.5,0.0,0.0,0.0,0.0,0.0,0.0,0.0,1.9,2.9,1.0,0.0,0.0,1.0,1.0,1.0,1.0,80.8,1.0,0.0,0.0,0.0,0.0,100.0,0.0,0.0,0.0,1.0,0.0,0.0,0.0,39.2,53.9,0.0,0.0,0.0,0.0,0.0,34.3,22.0,1.0,1.0,0.0,0.0,0.0,0.0,0.0,41.0,37.9,65.0,65,65,0.0,0.0,0.0,11.7503662109375,11.7503662109375,11.7503662109375,210.037,210.037,210.037,65,0.0,11.7503662109375,210.037,5
11776511.871088743,81.85644149780273,118020465.74329454,198796.33029001218,2035674.4221697247,13375017.10191202,13.553125,0.0,100.0,2.8,80.0,0.9,4.7,31.7,31.1,50.0,51.9,30.8,58.3,1.9,1.9,0.9,0.9,48.6,50.5,0.0,0.0,0.0,0.0,0.0,0.0,0.0,0.0,0.0,16.8,0.9,0.9,0.0,0.9,0.0,0.9,79.6,2.8,0.0,0.9,0.0,0.0,100.0,0.0,0.9,1.9,0.9,0.0,0.0,0.9,35.3,49.1,0.0,0.0,0.0,0.0,0.0,0.0,53.8,0.0,0.0,0.0,0.0,0.0,0.0,0.0,35.8,38.2,68.0,68,68,0.0,0.0,0.0,11.7503662109375,11.7503662109375,11.7503662109375,292.994,292.994,292.994,68,0.0,11.7503662109375,292.994,5
11776512.872208048,81.84666061401367,121481557.15268455,204579.0137998115,2094807.272900972,13763538.410232168,13.43125,0.0,100.0,3.0,78.1,1.0,5.0,54.3,12.2,51.5,50.0,60.8,30.6,0.0,0.0,0.0,0.0,51.5,49.5,0.0,0.0,0.0,0.0,0.0,0.0,0.0,0.0,1.0,0.0,0.0,0.0,0.0,0.0,2.0,0.0,82.5,0.0,0.0,1.0,0.0,0.0,100.0,0.0,3.0,0.0,0.0,0.0,0.0,0.0,35.1,50.5,1.0,0.0,0.0,0.0,0.0,21.2,37.6,2.0,0.0,0.0,0.0,0.0,0.0,0.0,37.0,38.2,65.0,65,65,0.0,0.0,0.0,11.7503662109375,11.7503662109375,11.7503662109375,332.211,332.211,332.211,65,0.0,11.7503662109375,332.211,5
11776513.869259609,81.84966659545898,122015628.60733497,205422.67617830934,2103353.609283867,13819690.510997906,13.4671875,0.0,100.0,3.1,77.7,2.0,12.5,42.6,34.7,50.0,50.0,20.8,36.8,28.7,0.0,0.0,0.0,50.0,49.5,0.0,0.0,0.0,0.0,0.0,0.0,0.0,2.0,1.0,1.0,1.0,1.0,1.0,1.0,1.0,1.0,80.9,0.0,0.0,0.0,0.0,0.0,100.0,0.0,0.0,2.0,0.0,0.0,0.0,0.0,32.3,51.0,0.0,0.0,0.0,0.0,0.0,53.6,0.0,1.0,1.0,0.0,0.0,0.0,0.0,0.0,34.7,37.0,65.0,65,65,0.0,0.0,0.0,11.7503662109375,11.7503662109375,11.7503662109375,323.57,323.57,323.57,65,0.0,11.7503662109375,323.57,5
11776514.86881682,81.84795379638672,121742607.1661354,204909.73157122193,2098081.005102316,13785047.85383631,13.459375,0.0,100.0,33.3,81.0,14.1,2.0,17.0,9.9,50.0,51.0,1.0,43.9,44.0,1.0,0.0,0.0,51.0,53.9,0.0,0.0,0.0,0.0,0.0,0.0,0.0,0.0,1.0,0.0,2.0,0.0,0.0,1.0,0.0,1.0,78.6,12.7,0.0,0.0,0.0,0.0,100.0,0.0,1.0,0.0,0.0,0.0,0.0,1.0,36.4,51.0,2.0,1.0,0.0,1.0,0.0,31.1,0.0,13.0,0.0,0.0,0.0,0.0,0.0,0.0,36.0,38.5,66.0,66,66,0.0,0.0,0.0,11.7503662109375,11.7503662109375,11.7503662109375,298.327,298.327,298.327,66,0.0,11.7503662109375,298.327,5
11776515.849924313,81.85087203979492,124065443.38162775,208770.1925326122,2137535.40473452,14044275.588919774,13.653125,0.0,100.0,56.3,79.3,15.1,3.4,1.1,5.7,50.0,51.2,2.3,43.2,48.8,0.0,0.0,0.0,50.0,51.8,0.0,0.0,0.0,0.0,0.0,1.1,0.0,0.0,1.2,1.1,0.0,0.0,0.0,1.1,1.1,1.1,83.7,1.2,0.0,0.0,0.0,0.0,100.0,0.0,1.2,0.0,0.0,0.0,0.0,0.0,34.5,50.6,53.5,2.3,1.2,0.0,0.0,0.0,0.0,6.8,0.0,0.0,0.0,0.0,0.0,0.0,35.3,38.6,70.0,70,70,0.0,0.0,0.0,11.7503662109375,11.7503662109375,11.7503662109375,337.432,337.432,337.432,70,0.0,11.7503662109375,337.432,5
11776516.871197388,81.84740447998047,119218232.63493767,200566.3373293776,2053468.413112042,13491929.183025213,13.674999999999999,0.0,100.0,33.3,80.2,31.2,0.9,1.8,2.7,51.3,51.8,27.0,34.8,27.0,0.0,0.9,0.0,50.4,50.4,0.0,0.0,0.0,0.0,0.0,0.0,0.0,0.9,0.9,16.8,0.9,1.7,0.9,0.0,0.0,0.9,80.7,0.9,1.7,0.0,0.0,0.0,100.0,0.0,1.8,0.9,0.9,0.0,0.0,0.0,34.5,50.9,20.4,0.0,0.0,0.0,0.0,0.9,0.9,36.8,0.9,0.0,0.9,0.0,0.0,0.0,36.9,38.5,65.0,65,65,0.0,0.0,0.0,11.7503662109375,11.7503662109375,11.7503662109375,303.152,303.152,303.152,65,0.0,11.7503662109375,303.152,5
11776517.868276546,81.84524154663086,122143962.19016111,205434.04033177134,2103295.3930980936,13823416.011279462,13.5484375,0.0,100.0,40.9,80.2,28.1,4.0,2.0,5.9,51.5,49.0,5.0,47.9,36.5,0.0,0.0,0.0,50.5,51.5,0.0,0.0,0.0,0.0,0.0,0.0,0.0,1.0,2.0,1.0,2.0,1.0,0.0,1.0,0.0,2.0,79.2,0.0,0.0,0.0,0.0,0.0,100.0,0.0,2.0,2.0,0.0,0.0,0.0,0.0,36.1,50.5,24.0,0.0,0.0,0.0,0.0,0.0,0.0,33.7,1.0,0.0,0.0,0.0,0.0,0.0,37.4,38.2,66.0,66,66,0.0,0.0,0.0,11.7503662109375,11.7503662109375,11.7503662109375,332.28,332.28,332.28,66,0.0,11.7503662109375,332.28,5
11776518.868316848,81.84647369384766,121815129.60017921,204837.74461834074,2097067.4838749233,13782484.5375764,13.415625,0.0,100.0,35.7,81.4,34.9,2.3,1.1,5.7,50.0,51.7,33.7,56.5,1.1,0.0,0.0,0.0,50.6,48.8,0.0,0.0,0.0,0.0,0.0,0.0,0.0,0.0,0.0,0.0,1.1,0.0,0.0,0.0,1.1,0.0,82.6,0.0,0.0,0.0,0.0,0.0,100.0,0.0,1.2,2.3,0.0,0.0,0.0,0.0,34.9,51.7,53.5,1.1,1.1,0.0,0.0,0.0,0.0,0.0,0.0,0.0,0.0,0.0,0.0,0.0,35.6,38.9,64.0,64,64,0.0,0.0,0.0,11.7503662109375,11.7503662109375,11.7503662109375,339.142,339.142,339.142,64,0.0,11.7503662109375,339.142,5
11776519.869248291,81.84493637084961,121744986.40591288,204669.3620231001,2095200.438862972,13770213.821824025,13.3703125,0.0,100.0,5.3,80.4,32.4,29.2,0.9,11.6,49.1,49.6,50.5,39.4,0.0,0.9,0.0,0.0,50.0,50.4,0.0,0.0,0.0,0.0,0.0,0.0,0.0,0.9,0.9,0.9,0.9,0.9,0.0,0.9,0.0,0.0,80.4,0.0,0.0,0.0,0.0,0.0,100.0,0.0,1.8,0.0,0.0,0.0,0.0,0.0,34.3,50.9,23.2,0.0,0.0,0.0,0.0,0.0,0.0,33.3,0.9,0.0,0.0,0.0,0.0,0.0,36.9,38.9,67.0,67,67,0.0,0.0,0.0,11.7503662109375,11.7503662109375,11.7503662109375,300.484,300.484,300.484,67,0.0,11.7503662109375,300.484,5
11776520.869844845,81.84704208374023,121818541.77282302,204737.8629957561,2095901.6833802396,13774822.587059582,13.3765625,0.0,100.0,3.0,78.6,11.3,52.1,2.0,4.0,52.4,50.0,46.5,47.0,1.0,0.0,0.0,0.0,49.5,49.5,0.0,0.0,0.0,0.0,0.0,0.0,0.0,1.0,2.0,0.0,0.0,1.0,1.9,0.0,2.0,2.0,79.6,1.9,0.0,0.0,0.0,0.0,100.0,0.0,1.0,0.0,0.0,0.0,0.0,0.0,34.4,49.5,0.0,0.0,0.0,0.0,0.0,0.0,1.0,56.4,0.0,0.0,0.0,1.0,0.0,0.0,35.7,38.8,68.0,68,68,0.0,0.0,0.0,11.7503662109375,11.7503662109375,11.7503662109375,343.706,343.706,343.706,68,0.0,11.7503662109375,343.706,5
11776521.867462536,81.84593200683594,122215207.29596955,205361.23376033007,2102159.9930832116,13815953.86079103,13.90625,0.0,100.0,2.4,81.9,31.7,12.2,1.2,5.9,50.0,49.4,24.7,53.1,38.8,0.0,0.0,0.0,51.2,51.2,0.0,0.0,0.0,0.0,4.8,0.0,0.0,0.0,1.2,22.1,2.4,0.0,0.0,1.2,0.0,0.0,83.1,0.0,0.0,0.0,0.0,0.0,100.0,0.0,1.2,0.0,0.0,0.0,0.0,0.0,34.9,50.6,0.0,2.4,0.0,0.0,0.0,0.0,0.0,56.0,2.4,0.0,0.0,0.0,0.0,0.0,34.9,39.1,78.0,78,78,0.0,0.0,0.0,11.7503662109375,11.7503662109375,11.7503662109375,343.308,343.308,343.308,78,0.0,11.7503662109375,343.308,5
11776522.860785132,81.91142272949219,122776718.75860049,206258.2698053312,2111249.6670691273,13875693.61267112,15.4046875,0.0,80.6,2.9,80.6,1.9,5.6,0.0,0.0,50.9,50.9,54.8,54.9,40.2,0.0,0.9,0.0,49.5,50.5,0.0,0.9,0.0,0.0,2.8,1.9,0.0,0.9,0.9,0.0,0.9,1.9,0.0,1.9,0.0,0.9,78.6,1.9,0.0,0.9,0.0,0.0,53.3,20.0,66.7,21.7,20.8,21.7,20.6,0.9,35.0,49.0,34.3,0.9,0.9,0.0,0.0,0.0,0.0,22.6,2.9,0.9,1.9,0.0,0.0,0.0,36.8,37.0,75.0,75,75,0.0,0.0,0.0,11.7503662109375,11.7503662109375,11.7503662109375,324.588,324.588,324.588,75,0.0,11.7503662109375,324.588,5
11776523.858631503,81.8574104309082,122253004.66962908,205323.19006624367,2101678.23611659,13812787.626039697,13.478125,0.0,100.0,3.0,78.9,0.0,4.1,0.0,0.0,50.0,48.0,36.6,44.8,70.5,0.0,0.0,0.0,51.0,50.5,0.0,0.0,0.0,0.0,0.0,0.0,0.0,0.0,1.0,1.0,0.0,0.0,1.0,2.0,1.0,1.0,85.4,2.0,0.0,0.0,0.0,0.0,1.0,0.0,100.0,2.0,0.0,1.0,0.0,0.0,34.7,50.0,28.3,1.0,1.0,0.0,0.0,0.0,0.0,29.6,0.0,3.0,2.0,0.0,0.0,0.0,36.4,40.8,72.0,72,72,0.0,0.0,0.0,11.7523193359375,11.7523193359375,11.7523193359375,360.166,360.166,360.166,72,0.0,11.7523193359375,360.166,5
11776524.863309048,81.86360168457031,121459950.58153763,203939.06578557708,2087388.1474250196,13718869.367353888,13.7,0.0,100.0,3.0,85.0,1.0,13.0,2.0,0.0,52.0,51.0,28.6,46.9,78.0,1.9,0.0,0.0,52.5,51.0,0.0,0.0,0.0,0.0,0.0,0.0,0.0,1.9,1.0,1.0,2.9,3.9,2.0,0.0,0.0,1.0,78.6,0.0,0.0,0.0,0.0,0.0,0.0,0.0,100.0,1.0,0.0,0.0,0.0,0.0,34.7,51.0,56.6,1.0,0.0,0.0,0.0,1.0,0.0,0.0,1.0,0.0,0.0,0.0,0.0,0.0,35.4,36.9,72.0,72,72,0.0,0.0,0.0,11.7523193359375,11.7523193359375,11.7523193359375,353.51,353.51,353.51,72,0.0,11.7523193359375,353.51,5
11776525.859060928,81.85668182373047,122581715.82523206,205777.16607224126,2106098.9608875075,13841841.803489184,13.43125,0.0,100.0,4.3,76.1,3.2,7.5,0.0,1.1,50.0,51.1,60.0,48.9,43.7,1.1,0.0,0.0,51.1,51.1,0.0,0.0,0.0,0.0,0.0,0.0,0.0,0.0,1.1,0.0,1.1,0.0,2.2,1.1,0.0,1.1,84.8,1.1,0.0,0.0,0.0,0.0,0.0,0.0,100.0,0.0,0.0,0.0,0.0,0.0,34.4,50.5,55.4,0.0,0.0,0.0,0.0,0.0,0.0,0.0,1.1,2.2,0.0,0.0,0.0,0.0,36.0,38.3,88.0,88,88,0.0,0.0,0.0,11.7523193359375,11.7523193359375,11.7523193359375,363.256,363.256,363.256,88,0.0,11.7523193359375,363.256,5
11776526.858560909,81.86113739013672,122154913.85601759,205013.510781801,2098201.1417789944,13789935.238449836,13.4359375,0.0,100.0,2.8,79.6,1.9,2.8,4.7,0.9,48.6,50.9,53.4,38.8,56.3,0.0,0.0,0.0,50.5,49.5,0.0,0.0,0.0,0.0,0.0,0.0,0.9,0.0,0.0,17.6,0.0,0.9,0.0,0.0,1.9,0.9,78.4,0.0,0.0,0.0,0.0,0.9,0.9,0.0,100.0,1.9,2.8,0.9,0.0,0.0,34.3,50.0,53.4,0.0,0.0,0.0,0.0,0.0,0.0,1.9,0.0,0.0,0.0,0.0,0.0,0.0,35.2,36.4,77.0,77,77,0.0,0.0,0.0,11.7523193359375,11.7523193359375,11.7523193359375,327.989,327.989,327.989,77,0.0,11.7523193359375,327.989,5
11776527.860855974,81.85770797729492,121847039.0435531,204442.79037009613,2092349.9195275428,13751479.451582385,13.3390625,0.0,100.0,3.0,79.6,1.0,1.0,5.9,0.0,48.5,50.5,28.6,79.4,41.7,0.0,0.0,0.0,51.5,52.9,0.0,0.0,0.0,0.0,0.0,0.0,0.0,2.0,1.0,0.0,0.0,1.0,1.0,2.0,1.0,1.0,79.4,4.0,1.0,1.0,0.0,0.0,0.0,0.0,100.0,0.0,0.0,0.0,0.0,0.0,34.7,50.5,16.7,0.0,0.0,0.0,0.0,0.0,0.0,38.0,2.9,0.0,0.0,0.0,0.0,0.0,34.7,38.2,76.0,76,76,0.0,0.0,0.0,11.7523193359375,11.7523193359375,11.7523193359375,371.086,371.086,371.086,76,0.0,11.7523193359375,371.086,5
11776528.860300286,81.86331939697266,122227465.39877701,205032.93444693155,2098318.011220294,13790703.335461501,13.424999999999999,0.0,100.0,3.0,84.5,1.0,6.1,0.0,0.0,50.0,49.0,46.9,49.0,58.3,0.0,0.0,0.0,49.5,50.5,0.0,0.0,0.0,0.0,0.0,0.0,0.0,0.0,2.0,1.0,2.0,2.0,0.0,1.0,1.0,1.0,77.1,1.0,2.0,0.0,0.0,0.0,0.0,0.0,100.0,0.0,0.0,0.0,0.0,0.0,34.4,50.5,18.0,1.0,0.0,0.0,0.0,0.0,0.0,40.4,1.0,2.0,0.0,0.0,0.0,0.0,36.1,37.9,73.0,73,73,0.0,0.0,0.0,11.7523193359375,11.7523193359375,11.7523193359375,355.742,355.742,355.742,73,0.0,11.7523193359375,355.742,5
11776529.860112108,81.85726547241211,122220835.20528808,204964.5697103741,2097546.710994459,13785634.145500692,13.5640625,0.0,100.0,3.2,76.4,0.0,14.0,4.3,0.0,51.1,50.0,47.3,58.0,47.8,0.0,0.0,0.0,50.0,50.0,0.0,0.0,0.0,0.0,0.0,0.0,0.0,0.0,2.1,0.0,0.0,0.0,0.0,1.1,0.0,0.0,85.7,3.2,3.1,0.0,0.0,1.1,0.0,0.0,100.0,1.1,0.0,0.0,1.1,0.0,34.4,50.0,56.4,2.1,0.0,0.0,0.0,0.0,0.0,0.0,0.0,2.2,0.0,0.0,0.0,0.0,35.2,37.2,90.0,90,90,0.0,0.0,0.0,11.7523193359375,11.7523193359375,11.7523193359375,371.969,371.969,371.969,90,0.0,11.7523193359375,371.969,5
11776530.859172389,81.86177444458008,122345608.53927356,205128.7634742164,2099124.588054221,13796004.372661043,13.25,0.0,100.0,2.8,78.6,0.9,3.8,3.8,0.9,49.5,51.9,40.6,68.9,37.6,0.0,0.0,0.0,50.5,50.9,0.0,0.0,0.0,0.0,0.0,0.0,0.0,0.9,0.0,0.9,0.9,0.0,0.0,0.9,0.9,0.9,79.6,0.0,0.0,0.0,0.0,0.0,0.0,0.9,100.0,0.0,0.9,0.0,0.0,0.0,35.9,51.9,21.9,0.0,0.0,0.9,0.0,0.9,0.0,33.6,0.9,0.0,0.0,0.0,0.0,0.0,36.5,38.0,72.0,72,72,0.0,0.0,0.0,11.7523193359375,11.7523193359375,11.7523193359375,324.488,324.488,324.488,72,0.0,11.7523193359375,324.488,5
11776531.862905016,81.85654067993164,121808751.33454171,204173.89495438154,2089353.2232080803,13731784.367373418,13.5828125,0.0,100.0,3.0,83.5,1.0,0.0,5.9,0.0,51.5,49.5,77.1,25.5,49.0,1.0,0.0,0.0,48.5,49.0,0.0,0.0,0.0,0.0,0.0,0.0,0.0,1.0,2.0,18.0,0.0,1.0,1.0,0.0,0.0,1.0,81.4,1.0,1.0,1.0,0.0,0.0,0.0,0.0,100.0,1.0,1.0,0.0,0.0,0.0,34.0,49.0,16.8,0.0,0.0,0.0,0.0,0.0,0.0,40.6,1.0,0.0,0.0,0.0,0.0,0.0,35.4,37.6,75.0,75,75,0.0,0.0,0.0,11.7523193359375,11.7523193359375,11.7523193359375,366.912,366.912,366.912,75,0.0,11.7523193359375,366.912,5
11776532.859782783,81.85981369018555,122679246.17295007,205587.89327484267,2103720.3046515808,13826208.642876111,13.36875,0.0,100.0,3.0,80.2,1.0,2.0,5.1,0.0,48.5,50.5,47.9,70.4,34.7,0.0,0.0,0.0,51.5,50.0,0.0,0.0,0.0,0.0,0.0,0.0,0.0,0.0,1.0,2.0,0.0,1.0,0.0,1.0,0.0,0.0,82.5,2.0,2.0,0.0,0.0,0.0,1.0,1.0,100.0,1.0,0.0,0.0,0.0,0.0,36.1,51.0,0.0,0.0,0.0,0.0,0.0,0.0,0.0,56.6,0.0,0.0,0.0,0.0,0.0,0.0,34.4,38.2,71.0,71,71,0.0,0.0,0.0,11.7523193359375,11.7523193359375,11.7523193359375,361.843,361.843,361.843,71,0.0,11.7523193359375,361.843,5
11776533.860874588,81.85730361938477,122195610.30046527,204729.47546700985,2094864.8174683496,13768008.028869133,13.2765625,0.0,100.0,2.2,77.2,2.1,0.0,5.3,0.0,49.5,50.0,42.9,80.0,30.8,2.1,0.0,0.0,49.5,51.1,0.0,0.0,0.0,0.0,0.0,0.0,0.0,1.1,0.0,0.0,2.1,0.0,0.0,1.1,1.1,1.1,75.8,0.0,1.1,1.1,1.1,1.1,0.0,0.0,100.0,0.0,3.2,0.0,0.0,0.0,35.2,51.1,39.4,0.0,0.0,0.0,0.0,0.0,0.0,16.3,0.0,0.0,0.0,0.0,0.0,0.0,36.6,38.5,95.0,95,95,0.0,0.0,0.0,11.7523193359375,11.7523193359375,11.7523193359375,372.976,372.976,372.976,95,0.0,11.7523193359375,372.976,5
11776534.861203272,81.84212112426758,122321622.81212227,204887.65665921988,2096462.9257066005,13782605.87486019,13.484375,0.0,100.0,4.7,82.5,1.9,0.0,5.7,0.0,50.0,50.0,57.3,42.2,49.5,0.9,0.9,0.0,52.3,51.0,0.0,0.0,0.0,0.0,0.0,0.0,0.0,0.9,0.9,0.9,0.0,0.9,1.9,0.9,0.0,0.9,86.4,0.0,0.0,0.0,0.0,0.0,0.0,0.0,100.0,0.0,0.0,0.0,0.0,0.0,34.3,50.5,32.1,1.0,0.0,0.0,0.0,0.0,0.0,24.3,3.7,1.0,0.9,0.0,0.0,0.0,35.0,37.6,75.0,75,75,0.0,0.0,0.0,11.7523193359375,11.7523193359375,11.7523193359375,325.989,325.989,325.989,75,0.0,11.7523193359375,325.989,5
11776535.861857723,81.85693359375,122317339.22786626,204828.94937678942,2095780.4132620653,13778118.888750218,13.39375,0.0,100.0,4.0,81.6,0.0,0.0,8.1,0.0,51.5,51.0,43.2,42.7,65.0,0.0,0.0,0.0,51.0,50.0,0.0,0.0,0.0,0.0,0.0,0.0,0.0,0.0,1.0,2.0,1.0,1.0,0.0,2.0,1.0,2.0,78.4,1.0,1.0,1.0,0.0,0.0,1.0,0.0,100.0,0.0,0.0,0.0,0.0,0.0,33.3,50.0,25.5,0.0,0.0,0.0,0.0,0.0,0.0,32.0,0.0,1.0,0.0,0.0,0.0,0.0,35.1,39.8,73.0,73,73,0.0,0.0,0.0,11.7523193359375,11.7523193359375,11.7523193359375,369.585,369.585,369.585,73,0.0,11.7523193359375,369.585,5
11776536.860813485,81.85541152954102,122560934.7837262,205185.26224504612,2099344.2149754013,13801548.100795314,13.5296875,0.0,100.0,3.0,77.9,2.0,0.0,9.0,0.0,52.4,51.0,33.3,36.1,83.0,0.0,2.0,0.0,51.0,50.0,0.0,0.0,0.0,0.0,0.0,0.0,0.0,1.0,1.0,9.2,0.0,1.0,0.0,0.0,1.0,0.0,79.4,2.0,0.0,1.0,0.0,0.0,0.0,0.0,100.0,0.0,0.0,0.0,0.0,0.0,35.4,51.0,19.4,30.4,0.0,0.0,0.0,0.0,0.0,7.1,0.0,1.0,0.0,0.0,0.0,0.0,36.7,38.6,72.0,72,72,0.0,0.0,0.0,11.7523193359375,11.7523193359375,11.7523193359375,358.918,358.918,358.918,72,0.0,11.7523193359375,358.918,5
11776537.860917928,81.8572006225586,122452973.73727421,204957.59377004602,2096932.991623725,13785696.191026287,13.696875,0.0,100.0,3.2,82.8,1.1,3.2,10.6,2.1,50.0,50.0,57.6,44.1,52.2,1.1,0.0,0.0,49.5,51.1,0.0,0.0,0.0,0.0,0.0,0.0,0.0,0.0,0.0,10.4,2.1,0.0,1.1,1.1,1.1,1.1,83.5,0.0,0.0,0.0,0.0,1.1,0.0,0.0,100.0,4.1,0.0,0.0,0.0,0.0,34.4,49.5,0.0,53.3,1.1,0.0,0.0,0.0,0.0,1.1,1.1,0.0,0.0,0.0,0.0,0.0,34.4,37.5,98.0,98,98,0.0,0.0,0.0,11.7523193359375,11.7523193359375,11.7523193359375,366.315,366.315,366.315,98,0.0,11.7523193359375,366.315,5
11776538.8611177,81.8565559387207,122474100.05294573,204938.05902850084,2096733.130553562,13784382.260631425,13.390625,0.0,100.0,2.9,80.2,4.8,1.9,6.7,0.0,50.5,51.9,35.9,67.0,47.0,1.0,0.0,0.0,51.0,50.9,0.0,0.0,0.0,0.0,0.0,0.0,0.0,1.0,0.9,1.0,0.0,1.0,1.0,0.0,0.0,1.0,79.4,1.0,0.0,1.0,0.0,0.0,0.0,0.0,100.0,0.0,0.0,0.0,0.0,0.0,35.3,50.5,0.0,45.3,0.0,0.0,0.0,0.0,0.0,13.2,1.0,0.9,0.0,0.0,0.0,0.0,35.3,36.5,74.0,74,74,0.0,0.0,0.0,11.7523193359375,11.7523193359375,11.7523193359375,326.847,326.847,326.847,74,0.0,11.7523193359375,326.847,5
11776539.859746711,81.87080764770508,122699599.77536577,205267.41933007797,2100031.119115021,13806063.958869454,13.4140625,0.0,100.0,2.0,80.0,2.0,0.0,4.9,0.0,51.0,49.0,68.4,30.3,53.0,0.0,0.0,0.0,50.5,51.0,0.0,0.0,14.7,1.0,0.0,0.0,0.0,1.0,0.0,1.0,1.0,0.0,0.0,1.0,1.0,0.0,78.6,1.0,0.0,0.0,0.0,0.0,0.0,0.0,100.0,0.0,0.0,0.0,0.0,0.0,35.0,50.0,0.0,34.7,1.0,1.0,0.0,0.0,0.0,20.6,0.0,1.0,1.0,0.0,0.0,0.0,34.3,37.5,77.0,77,77,0.0,0.0,0.0,11.7523193359375,11.7523193359375,11.7523193359375,364.101,364.101,364.101,77,0.0,11.7523193359375,364.101,5
11776540.849960877,81.76440048217773,123778215.15293142,207019.86215059544,2117877.196156207,13923387.973167565,15.8046875,0.0,100.0,3.1,77.4,3.1,2.0,9.3,1.0,50.0,51.0,44.7,47.9,59.1,1.0,0.0,0.0,50.5,50.0,0.0,0.0,0.0,0.0,0.0,0.0,0.0,0.0,1.0,0.0,1.0,1.0,1.0,1.0,0.0,2.0,85.4,0.0,0.0,0.0,0.0,0.0,24.7,24.7,100.0,24.7,24.5,24.0,24.0,0.0,35.1,51.5,0.0,3.1,0.0,0.0,0.0,0.0,0.0,52.1,2.0,1.0,0.0,0.0,0.0,0.0,39.2,38.4,68.0,68,68,0.0,0.0,0.0,11.7523193359375,11.7523193359375,11.7523193359375,356.486,356.486,356.486,68,0.0,11.7523193359375,356.486,5
11776541.873570872,81.7662124633789,119774625.5878951,200273.5424944475,2048780.3055058757,13469129.899087457,13.55,0.0,100.0,3.8,80.2,1.9,54.1,30.1,0.0,50.0,50.5,44.9,14.7,24.8,0.0,0.0,0.0,50.0,50.5,0.0,0.0,0.0,0.0,0.0,0.0,0.0,1.9,1.0,2.9,1.0,0.0,1.0,1.0,1.0,0.0,79.0,1.9,1.0,0.0,1.0,0.0,0.0,0.0,100.0,0.0,0.0,0.0,0.0,0.0,34.7,50.0,3.9,1.0,0.0,0.0,0.0,0.0,0.0,55.3,0.0,1.0,0.0,0.0,0.0,0.0,35.6,37.5,72.0,72,72,0.0,0.0,0.0,11.7523193359375,11.7523193359375,11.7523193359375,349.93,349.93,349.93,72,0.0,11.7523193359375,349.93,5
11776542.872212961,81.76611328125,122802062.29019515,205281.75438411976,2100003.6183381,13805883.162746182,13.734375,0.0,100.0,3.8,79.4,1.0,54.8,18.3,18.6,50.9,46.7,50.0,0.0,15.4,0.0,0.0,0.0,50.0,50.5,0.0,0.0,0.0,0.0,0.0,0.0,0.0,0.0,1.9,16.0,0.9,1.9,0.9,3.7,0.0,0.9,79.4,1.0,0.0,0.0,0.0,0.0,0.0,0.0,100.0,2.8,1.9,0.0,0.0,0.0,35.9,50.0,11.3,2.8,0.0,0.0,0.0,0.0,0.0,52.4,1.0,0.0,0.0,0.0,0.0,0.0,36.2,38.7,69.0,69,69,0.0,0.0,0.0,11.7523193359375,11.7523193359375,11.7523193359375,296.762,296.762,296.762,69,0.0,11.7523193359375,296.762,5
11776543.854184436,81.77069854736328,124920246.87315823,208773.88534396756,2135654.705608859,14040261.209139492,13.38125,0.0,100.0,2.3,81.8,1.1,4.5,5.5,5.6,50.0,51.6,55.8,52.3,40.9,2.2,0.0,0.0,49.4,47.8,0.0,0.0,0.0,0.0,0.0,0.0,0.0,0.0,1.1,1.1,0.0,0.0,1.1,0.0,0.0,1.1,83.1,1.1,1.1,0.0,0.0,0.0,0.0,0.0,100.0,0.0,1.1,0.0,0.0,0.0,34.1,50.0,0.0,35.6,0.0,0.0,0.0,0.0,0.0,21.1,2.2,0.0,0.0,0.0,0.0,0.0,34.8,37.0,71.0,71,71,0.0,0.0,0.0,11.7523193359375,11.7523193359375,11.7523193359375,346.568,346.568,346.568,71,0.0,11.7523193359375,346.568,5
11776544.861365236,81.76497268676758,121826120.91038546,203557.29563684904,2082200.1358869628,13688839.174600618,13.7125,0.0,100.0,6.1,77.4,3.1,5.1,5.3,2.0,53.1,50.5,33.0,80.2,40.4,0.0,0.0,0.0,53.7,53.2,0.0,0.0,0.0,0.0,0.0,0.0,0.0,1.0,1.0,0.0,1.0,1.0,0.0,1.0,2.1,1.0,78.5,1.1,2.1,0.0,0.0,0.0,0.0,0.0,100.0,1.0,0.0,0.0,0.0,0.0,34.4,52.6,0.0,0.0,0.0,34.7,5.2,0.0,0.0,16.5,0.0,1.0,0.0,0.0,1.0,0.0,37.9,40.4,97.0,97,97,0.0,0.0,0.0,11.7523193359375,11.7523193359375,11.7523193359375,366.006,366.006,366.006,97,0.0,11.7523193359375,366.006,5
11776545.861473449,81.7685317993164,122723204.84801283,204997.8167285758,2096925.0870547565,13785644.224660762,13.4640625,0.0,100.0,2.9,85.3,7.6,0.0,10.4,0.0,49.5,50.5,71.6,40.2,39.0,0.0,0.0,0.0,50.9,50.9,0.0,0.0,0.0,0.0,0.0,0.0,0.0,1.0,1.0,1.0,0.0,1.0,1.0,0.0,1.0,1.0,79.2,1.0,1.0,0.0,0.0,0.0,0.0,0.0,100.0,1.0,0.0,0.0,0.0,0.0,34.7,49.5,0.0,0.0,0.0,12.6,1.9,41.3,1.0,0.0,1.0,0.0,0.0,0.0,0.0,0.0,34.3,37.4,75.0,75,75,0.0,0.0,0.0,11.7523193359375,11.7523193359375,11.7523193359375,322.081,322.081,322.081,75,0.0,11.7523193359375,322.081,5
11776546.862395681,81.76526260375977,122658926.90626352,204840.08973691138,2095219.7195125723,13774432.765389293,13.4,0.0,100.0,2.0,79.2,1.0,1.0,0.0,0.0,50.5,49.0,43.9,81.1,35.1,0.0,0.0,0.0,50.0,51.5,0.0,0.0,0.0,0.0,0.0,0.0,0.0,0.0,0.0,0.0,1.0,0.0,0.0,1.0,1.0,0.0,84.7,1.0,3.0,2.0,0.0,0.0,0.0,0.0,100.0,0.0,0.0,0.0,0.0,0.0,35.7,51.5,0.0,0.0,0.0,0.0,1.0,55.0,2.0,0.0,1.0,0.0,0.0,0.0,0.0,0.0,36.4,37.0,75.0,75,75,0.0,0.0,0.0,11.7523193359375,11.7523193359375,11.7523193359375,365.299,365.299,365.299,75,0.0,11.7523193359375,365.299,5
11776547.840805532,81.84085464477539,125514741.9849278,209562.4852884945,2143428.950476189,14091370.795513382,14.5,0.0,100.0,4.3,77.5,1.1,0.0,0.0,0.0,50.5,50.0,60.4,47.3,51.7,1.1,1.1,0.0,51.1,49.5,4.2,2.1,2.1,1.1,1.1,0.0,3.2,2.2,2.2,18.5,1.1,3.2,1.1,2.2,3.3,3.2,79.1,4.3,3.3,2.2,1.1,0.0,0.0,0.0,100.0,0.0,0.0,0.0,0.0,0.0,34.8,52.1,3.2,4.3,2.2,41.5,2.2,10.8,1.1,6.5,2.2,1.1,0.0,0.0,0.0,0.0,39.6,40.0,77.0,77,77,0.0,0.0,0.0,11.7523193359375,11.7523193359375,11.7523193359375,361.624,361.624,361.624,77,0.0,11.7523193359375,361.624,5
11776548.860784616,81.76564025878906,120431560.74244407,201030.59291554577,2056073.5343312637,13517077.180779362,13.453125,0.0,100.0,1.9,85.4,3.8,1.0,0.0,0.0,51.5,50.5,31.0,67.0,53.0,0.0,0.0,0.0,48.6,49.0,0.0,0.0,0.9,0.0,0.0,0.0,0.0,1.0,0.0,1.9,1.0,1.0,1.9,1.0,0.9,1.0,85.4,0.0,1.9,0.0,0.0,0.0,0.0,0.0,100.0,1.0,1.0,0.0,0.0,0.0,35.0,50.5,0.0,0.0,0.0,55.8,0.0,0.0,0.0,0.0,1.9,0.0,0.0,0.0,0.0,0.0,36.9,38.3,81.0,81,81,0.0,0.0,0.0,11.7523193359375,11.7523193359375,11.7523193359375,346.271,346.271,346.271,81,0.0,11.7523193359375,346.271,5
11776549.86137062,81.76667022705078,122798516.69282714,204926.91220132666,2095923.7822393724,13779061.427768998,13.228125,0.0,100.0,3.0,79.8,4.0,2.0,1.0,0.0,47.5,49.5,65.0,41.7,46.0,1.0,0.0,0.0,51.0,52.0,0.0,0.0,0.0,0.0,0.0,0.0,0.0,1.0,0.0,0.0,1.0,1.0,0.0,1.0,0.0,0.0,78.8,2.0,0.0,0.0,0.0,0.0,0.0,0.0,100.0,0.0,0.0,0.0,0.0,0.0,34.3,51.0,0.0,0.0,34.7,23.1,1.0,0.0,0.0,0.0,0.0,0.0,0.0,0.0,0.0,0.0,35.4,38.8,75.0,75,75,0.0,0.0,0.0,11.7523193359375,11.7523193359375,11.7523193359375,335.822,335.822,335.822,75,0.0,11.7523193359375,335.822,5
11776550.861935511,81.76619338989258,122836637.58516242,204938.23206398083,2095968.0047667518,13779352.15633767,13.4078125,0.0,100.0,5.9,77.6,10.0,0.0,0.0,0.0,50.5,49.0,25.8,42.7,82.5,0.0,0.0,0.0,50.0,49.0,0.0,0.0,0.0,0.0,0.0,0.0,0.0,1.0,2.0,1.0,0.0,0.0,0.0,0.0,3.0,2.0,78.4,2.0,1.0,0.0,0.0,0.0,0.0,0.0,100.0,1.0,0.0,0.0,0.0,0.0,36.0,51.0,0.0,0.0,56.4,0.0,0.0,0.0,0.0,0.0,4.0,1.0,0.0,0.0,0.0,0.0,37.4,37.9,74.0,74,74,0.0,0.0,0.0,11.7523193359375,11.7523193359375,11.7523193359375,359.617,359.617,359.617,74,0.0,11.7523193359375,359.617,5
11776551.84866432,81.76734924316406,124592338.86181848,207820.01939730378,2125358.0347362966,13972568.642426513,13.3265625,0.0,100.0,3.3,80.7,6.5,1.1,0.0,0.0,50.5,49.4,51.7,56.3,44.3,0.0,0.0,0.0,50.6,50.0,0.0,0.0,0.0,0.0,0.0,0.0,0.0,0.0,2.2,0.0,1.1,0.0,1.1,1.1,0.0,1.1,84.1,0.0,1.1,0.0,0.0,0.0,0.0,0.0,100.0,0.0,0.0,0.0,0.0,0.0,35.2,50.5,0.0,0.0,54.4,0.0,0.0,0.0,0.0,0.0,2.2,2.2,0.0,0.0,0.0,0.0,35.2,37.0,86.0,86,86,0.0,0.0,0.0,11.7523193359375,11.7523193359375,11.7523193359375,362.736,362.736,362.736,86,0.0,11.7523193359375,362.736,5
11776552.863299768,81.78326034545898,121200595.82761972,202115.9423775883,2066901.9611898344,13588265.627665982,13.4984375,0.0,100.0,25.9,83.0,41.5,8.1,0.0,0.0,49.1,49.5,28.3,57.0,33.3,0.0,0.0,0.0,48.6,50.9,0.0,0.0,0.0,0.0,0.0,0.0,0.0,0.9,0.0,15.5,0.0,0.9,0.0,0.0,0.9,0.0,79.6,4.5,0.9,0.0,0.0,0.0,0.0,0.0,100.0,0.0,0.0,0.0,0.0,0.0,34.9,52.2,0.0,2.7,20.0,0.9,0.0,0.0,0.0,0.0,0.9,0.0,0.0,0.0,0.0,0.0,35.5,38.4,68.0,68,68,0.0,0.0,0.0,11.7523193359375,11.7523193359375,11.7523193359375,329.391,329.391,329.391,68,0.0,11.7523193359375,329.391,5
11776553.87412688,81.76496887207031,121689712.96044876,202887.31648760696,2074689.1105430843,13756971.738855021,13.6546875,0.0,100.0,56.3,78.6,54.3,36.3,7.5,4.8,50.5,50.9,48.5,1.9,17.3,0.0,0.0,0.0,52.8,52.4,1.9,0.0,0.0,0.0,0.0,0.0,0.0,0.0,0.9,0.9,0.9,1.9,0.0,1.9,0.9,0.9,79.4,0.0,1.9,0.9,0.0,0.0,0.0,0.0,100.0,0.0,0.9,0.9,0.0,0.0,34.6,50.0,0.0,0.9,0.0,1.9,0.9,0.0,0.9,0.9,1.9,0.9,0.9,0.0,0.0,0.0,35.8,38.0,64.0,64,64,0.0,0.0,0.0,11.7523193359375,11.7523193359375,11.7523193359375,289.555,289.555,289.555,64,0.0,11.7523193359375,289.555,5
11776554.843111545,81.76867294311523,126978372.72344095,211656.60028903058,2164277.800252282,14351021.741907224,13.60625,0.0,100.0,50.0,76.2,4.4,41.9,20.5,42.0,51.1,50.6,36.4,0.0,34.5,0.0,0.0,0.0,50.6,50.0,0.0,0.0,0.0,0.0,0.0,0.0,0.0,1.1,0.0,0.0,0.0,1.1,0.0,1.1,1.1,1.1,84.1,0.0,1.1,0.0,0.0,0.0,0.0,0.0,100.0,1.1,0.0,0.0,0.0,0.0,35.7,52.7,0.0,0.0,0.0,2.2,0.0,0.0,0.0,0.0,1.2,2.3,1.1,0.0,0.0,0.0,36.0,39.6,61.0,61,61,0.0,0.0,0.0,11.7523193359375,11.7523193359375,11.7523193359375,334.798,334.798,334.798,61,0.0,11.7523193359375,334.798,5
11776555.873318586,81.7657699584961,119464268.85489273,199086.1950150395,2035660.7120827895,13498179.91703334,13.228125,0.0,100.0,53.2,80.6,0.9,38.5,5.4,5.4,51.3,50.0,19.4,1.8,39.4,0.0,0.0,0.0,49.5,51.3,0.0,0.0,0.0,0.0,0.0,0.0,0.0,0.9,1.8,15.9,0.0,0.0,0.9,32.1,0.9,0.9,80.2,1.8,0.9,0.0,0.0,0.0,0.0,0.0,100.0,2.7,0.9,0.0,0.0,0.0,35.2,49.1,0.0,0.0,0.0,0.0,0.0,0.0,0.0,0.0,0.0,0.9,0.9,0.0,0.0,0.0,35.8,38.1,67.0,67,67,0.0,0.0,0.0,11.7523193359375,11.7523193359375,11.7523193359375,302.572,302.572,302.572,67,0.0,11.7523193359375,302.572,5
11776556.863676328,81.76724243164062,124307113.29321948,207097.89135906872,2117570.1584070954,14041309.937093923,13.489062500000001,0.0,100.0,46.7,83.7,16.7,45.6,30.3,2.1,47.8,49.5,18.5,0.0,12.1,0.0,0.0,0.0,48.9,51.6,0.0,0.0,0.0,0.0,0.0,0.0,0.0,0.0,0.0,32.6,1.1,0.0,0.0,1.1,1.1,0.0,76.9,4.3,2.2,3.2,0.0,1.1,0.0,0.0,100.0,0.0,1.1,0.0,0.0,0.0,33.0,51.6,0.0,23.1,0.0,0.0,0.0,0.0,0.0,0.0,2.1,0.0,1.1,0.0,0.0,0.0,37.0,37.2,71.0,71,71,0.0,0.0,0.0,11.7523193359375,11.7523193359375,11.7523193359375,342.084,342.084,342.084,71,0.0,11.7523193359375,342.084,5
11776557.842262128,81.76617813110352,125838838.02561766,209598.38163123073,2143043.5631353846,14210220.50164967,13.665625,0.0,100.0,10.4,76.9,12.8,8.6,39.4,27.8,50.5,50.5,10.6,44.2,15.8,0.0,0.0,0.0,50.0,50.0,0.0,0.0,0.0,0.0,0.0,0.0,0.0,1.0,1.0,18.9,0.0,1.0,0.0,0.0,1.0,1.0,84.8,0.0,0.0,0.0,0.0,0.0,0.0,0.0,100.0,0.0,0.0,0.0,0.0,0.0,35.5,51.5,0.0,42.7,12.6,0.0,0.0,0.0,0.0,0.0,1.1,0.0,0.0,0.0,0.0,0.0,35.8,39.2,65.0,65,65,0.0,0.0,0.0,11.7523193359375,11.7523193359375,11.7523193359375,347.252,347.252,347.252,65,0.0,11.7523193359375,347.252,5
11776558.874784265,81.76797103881836,119297137.23714507,198656.2735845918,2031096.405760975,13467914.643668965,13.475,0.0,100.0,1.8,80.6,0.9,1.8,54.8,11.6,49.6,50.0,64.2,0.9,25.7,0.9,0.0,0.0,50.9,49.5,0.0,0.0,0.0,0.0,0.0,0.9,0.0,0.9,1.8,0.0,0.9,0.0,0.9,1.8,0.9,0.9,79.8,0.0,15.2,0.0,0.0,0.0,0.0,0.0,100.0,1.8,0.0,0.0,0.0,0.0,33.3,50.9,0.0,30.9,24.8,0.0,0.0,0.0,0.0,0.0,0.0,0.9,0.0,0.0,0.0,0.0,34.9,37.7,66.0,66,66,0.0,0.0,0.0,11.7523193359375,11.7523193359375,11.7523193359375,297.522,297.522,297.522,66,0.0,11.7523193359375,297.522,5
11776559.873674337,81.76850128173828,123346668.90829109,205344.9180521672,2099482.2739360393,13921371.718775103,13.55625,0.0,100.0,2.0,79.4,4.0,1.0,51.6,18.4,49.5,52.0,47.5,0.0,44.0,1.0,0.0,0.0,48.0,50.5,0.0,0.0,0.0,0.0,0.0,0.0,0.0,0.0,1.0,2.0,1.0,2.0,0.0,0.0,2.0,0.0,78.6,6.9,2.0,2.0,0.0,0.0,0.0,0.0,100.0,0.0,0.0,0.0,0.0,0.0,34.4,52.0,0.0,4.9,53.0,1.0,0.0,0.0,0.0,0.0,1.0,0.0,0.0,0.0,0.0,0.0,37.0,37.9,66.0,66,66,0.0,0.0,0.0,11.7523193359375,11.7523193359375,11.7523193359375,332.699,332.699,332.699,66,0.0,11.7523193359375,332.699,5
11776560.873529708,81.76984405517578,123260428.00876445,205156.67156484164,2097455.3524672557,13907931.487551432,13.46875,0.0,100.0,3.4,82.4,0.0,1.2,28.6,45.9,50.0,49.4,48.8,0.0,40.5,0.0,0.0,0.0,48.3,51.1,0.0,0.0,0.0,0.0,0.0,0.0,0.0,0.0,0.0,1.1,0.0,1.1,0.0,0.0,0.0,2.2,83.7,1.1,2.3,0.0,0.0,0.0,0.0,0.0,100.0,0.0,0.0,0.0,0.0,0.0,37.2,48.8,0.0,25.0,31.0,0.0,0.0,0.0,0.0,0.0,1.1,1.1,0.0,0.0,0.0,0.0,36.0,40.7,60.0,60,60,0.0,0.0,0.0,11.7523193359375,11.7523193359375,11.7523193359375,340.457,340.457,340.457,60,0.0,11.7523193359375,340.457,5
11776561.876334524,81.8099250793457,122930639.20464154,204565.23221086583,2091286.3271317577,13867025.548070934,13.4953125,0.0,100.0,3.6,80.7,0.9,1.8,27.8,34.0,49.5,50.9,44.4,3.6,49.5,0.0,0.0,0.0,51.4,48.6,6.2,0.0,0.0,0.0,0.0,0.0,0.0,1.8,0.9,0.0,0.9,0.9,1.8,0.9,1.8,0.9,79.6,0.9,0.0,0.0,0.0,0.0,0.0,0.0,100.0,0.0,0.0,0.0,0.0,0.0,32.7,51.4,0.0,38.1,20.5,0.9,0.9,0.0,0.0,0.0,1.8,1.8,0.0,0.0,0.0,0.0,35.5,36.8,68.0,68,68,0.0,0.0,0.0,11.7523193359375,11.7523193359375,11.7523193359375,303.265,303.265,303.265,68,0.0,11.7523193359375,303.265,5
11776562.875349184,81.81299591064453,123435338.68823636,205344.3338388666,2099220.444369494,13919635.563739125,13.7015625,0.0,100.0,5.9,78.1,1.0,1.0,40.4,24.5,51.5,50.0,59.6,28.6,16.2,0.0,0.0,0.0,49.5,50.5,0.0,0.0,1.0,0.0,0.0,0.0,0.0,0.0,0.0,17.8,0.0,0.0,0.0,0.0,0.0,0.0,79.6,1.0,0.0,0.0,0.0,1.0,0.0,0.0,100.0,1.0,0.0,0.0,0.0,0.0,35.1,50.0,0.0,37.0,19.6,0.0,0.0,1.0,0.0,0.0,1.0,1.0,0.0,0.0,0.0,0.0,36.7,37.3,64.0,64,64,0.0,0.0,0.0,11.7523193359375,11.7523193359375,11.7523193359375,341.349,341.349,341.349,64,0.0,11.7523193359375,341.349,5
11776563.874914875,81.76603698730469,123400073.79277772,205243.13899256405,2098063.2082461645,13911962.09374166,13.6828125,0.0,100.0,2.3,83.7,34.1,0.0,17.4,16.1,47.1,51.1,39.1,51.2,5.6,0.0,0.0,0.0,51.7,52.8,0.0,3.3,0.0,0.0,0.0,0.0,0.0,1.1,0.0,1.1,1.1,1.1,1.1,2.2,1.1,2.2,83.7,3.4,3.3,1.1,0.0,0.0,0.0,0.0,100.0,1.1,0.0,0.0,0.0,0.0,34.9,49.4,1.1,57.8,0.0,0.0,0.0,0.0,0.0,0.0,0.0,1.1,0.0,0.0,0.0,0.0,34.5,37.8,57.0,57,57,0.0,0.0,0.0,11.7523193359375,11.7523193359375,11.7523193359375,342.297,342.297,342.297,57,0.0,11.7523193359375,342.297,5
11776564.87479214,81.76663208007812,123394380.84349065,205179.18272378895,2097409.426126517,13907626.956444385,13.3671875,0.0,100.0,2.8,79.4,35.2,6.5,8.3,14.5,51.4,51.4,24.3,56.0,15.5,0.0,0.0,0.0,52.3,51.4,0.0,0.0,0.0,0.0,1.8,0.0,0.9,0.9,1.8,0.9,0.0,0.0,0.0,0.0,0.0,0.0,80.2,1.8,0.0,0.0,0.0,0.0,0.0,0.0,100.0,0.0,0.9,0.0,0.0,0.0,34.9,50.0,0.9,4.5,49.5,0.9,0.0,0.0,0.0,0.0,0.9,0.0,0.0,0.0,0.0,0.0,37.3,38.4,64.0,64,64,0.0,0.0,0.0,11.7523193359375,11.7523193359375,11.7523193359375,300.532,300.532,300.532,64,0.0,11.7523193359375,300.532,5
11776565.875977151,81.76230239868164,123265928.50417179,204920.1673232862,2094669.7930053873,13893551.986418545,13.328125,0.0,100.0,4.9,78.4,38.5,25.3,1.0,0.0,52.0,49.0,39.8,1.0,54.5,0.0,0.0,0.0,49.5,50.0,0.0,0.0,0.0,0.0,0.0,0.0,0.0,0.0,0.0,1.0,1.0,1.0,0.0,0.0,1.0,1.0,77.8,2.0,1.0,0.0,1.0,1.0,0.0,0.0,100.0,1.0,1.0,0.0,0.0,0.0,34.0,50.0,0.0,1.0,28.4,2.0,29.0,0.0,0.0,0.0,1.0,0.0,0.0,0.0,0.0,0.0,35.7,38.2,66.0,66,66,0.0,0.0,0.0,11.7523193359375,11.7523193359375,11.7523193359375,348.072,348.072,348.072,66,0.0,11.7523193359375,348.072,5
11776566.877214707,81.76411819458008,123292187.97131197,204922.39698874485,2094559.8641641333,13892822.849026166,13.603125,0.0,100.0,2.3,80.7,47.7,18.2,3.4,0.0,50.0,52.2,35.2,41.4,18.0,0.0,0.0,0.0,50.0,52.2,0.0,0.0,0.0,0.0,0.0,0.0,0.0,0.0,1.1,1.1,0.0,0.0,1.1,1.1,2.2,1.1,84.1,2.2,2.2,1.1,0.0,0.0,0.0,0.0,100.0,1.1,0.0,0.0,0.0,0.0,34.5,50.6,0.0,0.0,3.4,0.0,53.3,1.1,0.0,0.0,1.1,1.1,0.0,0.0,0.0,0.0,36.0,39.8,59.0,59,59,0.0,0.0,0.0,11.7523193359375,11.7523193359375,11.7523193359375,343.001,343.001,343.001,59,0.0,11.7523193359375,343.001,5
11776567.875425436,81.76593399047852,123698875.91426314,205543.77368439626,2100911.101053627,13934949.412457261,13.5171875,0.0,100.0,1.9,82.1,32.1,0.0,31.5,0.0,48.6,51.4,41.1,50.0,3.7,0.0,0.0,0.0,49.1,50.0,0.9,0.0,0.0,0.0,0.0,0.0,0.0,0.9,0.9,14.5,0.0,1.8,0.0,0.9,0.0,0.9,80.0,0.9,0.0,0.0,0.0,0.0,0.0,0.0,100.0,0.9,0.0,0.0,0.0,0.0,34.6,50.9,0.0,0.0,50.5,0.9,5.6,0.0,0.0,0.0,2.8,1.8,0.0,0.0,0.0,0.0,36.1,37.8,67.0,67,67,0.0,0.0,0.0,11.7523193359375,11.7523193359375,11.7523193359375,299.25,299.25,299.25,67,0.0,11.7523193359375,299.25,5
11776568.87519805,81.7647705078125,123543926.17549065,205236.66797205067,2097628.9717380083,13913179.66410601,13.58125,0.0,100.0,6.9,78.1,22.7,1.0,41.1,0.0,51.0,50.5,14.3,33.0,59.2,0.0,0.0,0.0,51.5,51.5,0.0,0.0,0.0,0.0,0.0,0.0,0.0,0.0,0.0,2.0,1.0,0.0,1.0,0.0,1.0,1.0,82.7,2.0,1.0,1.0,0.0,0.0,0.0,0.0,100.0,1.0,0.0,0.0,0.0,0.0,34.0,50.5,0.0,0.0,23.8,24.5,8.1,0.0,0.0,1.0,0.0,0.0,0.0,0.0,0.0,0.0,34.0,38.8,65.0,65,65,0.0,0.0,0.0,11.7523193359375,11.7523193359375,11.7523193359375,342.796,342.796,342.796,65,0.0,11.7523193359375,342.796,5
11776569.875762165,81.76736831665039,123478968.64654239,205085.30827630937,2095969.6318355114,13902173.573658977,13.5640625,0.0,100.0,1.1,78.4,36.8,7.9,35.3,2.2,50.5,49.5,30.8,39.1,25.3,1.1,1.1,0.0,51.1,51.1,0.0,0.0,0.0,0.0,0.0,0.0,0.0,1.1,0.0,0.0,1.1,1.1,0.0,1.1,0.0,0.0,78.7,0.0,0.0,0.0,0.0,0.0,0.0,0.0,100.0,1.1,0.0,0.0,0.0,0.0,35.6,48.9,0.0,0.0,0.0,14.4,43.5,0.0,1.1,0.0,2.2,1.1,0.0,0.0,0.0,0.0,36.7,39.1,80.0,80,80,0.0,0.0,0.0,11.7523193359375,11.7523193359375,11.7523193359375,334.579,334.579,334.579,80,0.0,11.7523193359375,334.579,5
11776570.872531822,81.76482772827148,123981888.98275132,205866.0177756509,2103948.47447255,13955095.740837462,13.4671875,0.0,100.0,3.7,84.0,33.6,6.4,30.5,0.9,49.5,51.4,54.4,0.9,33.6,0.0,0.0,0.9,50.9,51.8,0.0,0.0,0.0,0.0,0.0,0.0,0.0,0.9,0.9,1.8,0.9,0.0,1.8,0.9,0.9,1.8,79.8,0.9,0.9,0.0,0.0,0.0,0.0,0.0,100.0,0.0,0.0,0.9,0.0,0.0,34.9,50.9,0.0,0.0,0.0,43.6,11.0,0.9,0.9,0.0,0.0,0.0,0.0,0.0,0.9,0.0,36.4,37.5,68.0,68,68,0.0,0.0,0.0,11.7523193359375,11.7523193359375,11.7523193359375,298.83,298.83,298.83,68,0.0,11.7523193359375,298.83,5
11776571.875862777,81.76534652709961,123203761.77895814,204526.73060640632,2090189.6716730646,13863836.181643998,13.24375,0.0,100.0,5.9,78.6,54.8,1.0,9.0,4.9,51.0,50.5,17.0,0.0,76.0,0.0,0.0,0.0,49.5,50.0,0.0,0.0,0.0,0.0,0.0,0.0,0.0,0.0,0.0,1.0,0.0,1.0,0.0,1.0,0.0,0.0,78.8,0.0,2.0,0.0,0.0,0.0,0.0,0.0,100.0,0.0,0.0,0.0,0.0,0.0,35.4,48.0,0.0,0.0,0.0,44.6,12.0,1.0,0.0,0.0,0.0,2.0,0.0,1.0,0.0,0.0,34.7,36.9,66.0,66,66,0.0,0.0,0.0,11.7523193359375,11.7523193359375,11.7523193359375,342.867,342.867,342.867,66,0.0,11.7523193359375,342.867,5
11776572.874485428,81.76464462280273,123817450.93129769,205499.0440506612,2100044.4956968864,13929201.381614504,13.428125,0.0,100.0,3.4,76.5,11.5,0.0,58.3,4.5,49.4,50.0,36.8,1.1,52.9,0.0,0.0,1.1,50.0,51.1,0.0,0.0,0.0,0.0,0.0,0.0,0.0,0.0,0.0,0.0,0.0,2.2,0.0,1.1,1.1,1.1,82.8,1.1,1.1,0.0,0.0,0.0,0.0,0.0,100.0,3.3,0.0,0.0,0.0,0.0,33.7,49.4,0.0,0.0,0.0,10.0,46.6,0.0,0.0,0.0,1.1,0.0,1.1,2.2,0.0,0.0,36.4,38.5,94.0,94,94,0.0,0.0,0.0,11.7523193359375,11.7523193359375,11.7523193359375,342.888,342.888,342.888,94,0.0,11.7523193359375,342.888,5
11776573.873867933,81.76672744750977,123758834.4375419,205344.7993471689,2098447.780606545,13918610.66980435,13.821875,0.0,100.0,2.8,78.7,24.5,0.9,39.4,9.1,50.9,50.9,59.3,0.0,30.2,0.0,0.0,0.0,50.9,52.3,0.0,0.0,0.0,0.0,0.0,0.0,0.0,1.8,2.7,17.1,0.9,0.9,0.9,0.9,0.9,0.9,80.2,1.8,0.9,0.0,0.0,0.0,0.0,0.0,100.0,0.0,1.8,0.0,0.0,0.0,35.2,52.8,1.8,0.0,0.0,45.5,10.9,0.0,0.0,0.0,1.8,0.0,0.0,0.0,0.0,0.0,36.1,38.9,67.0,67,67,0.0,0.0,0.0,11.7523193359375,11.7523193359375,11.7523193359375,301.108,301.108,301.108,67,0.0,11.7523193359375,301.108,5
11776574.878529718,81.76612091064453,123143854.77096863,204274.7151076255,2087420.891682805,13845471.383114856,13.4625,0.0,85.7,4.0,85.7,36.0,25.8,7.1,9.0,49.0,48.5,26.5,0.0,64.6,0.0,0.0,0.0,49.5,50.0,0.0,0.0,0.0,0.0,0.0,0.0,0.0,0.0,0.0,0.0,0.0,0.0,0.0,0.0,1.0,2.9,84.8,1.0,0.0,0.0,0.0,0.0,80.0,0.0,19.8,0.0,0.0,0.0,0.0,0.0,33.0,50.5,0.0,0.0,0.0,2.0,56.3,0.0,0.0,0.0,0.0,0.0,0.0,0.0,0.0,0.0,36.4,38.2,64.0,64,64,0.0,0.0,0.0,11.7523193359375,11.7523193359375,11.7523193359375,342.4,342.4,342.4,64,0.0,11.7523193359375,342.4,5
11776575.875538949,81.76690292358398,124121907.98221613,205849.6487940507,2103442.912323207,13951742.441893771,13.346875,0.0,100.0,5.5,75.9,17.0,53.5,3.2,6.6,49.5,51.1,44.4,0.0,45.5,0.0,0.0,0.0,51.6,47.7,0.0,0.0,0.0,0.0,0.0,0.0,0.0,0.0,0.0,2.2,1.1,1.1,0.0,2.2,0.0,0.0,77.3,1.1,0.0,0.0,0.0,0.0,100.0,0.0,0.0,0.0,0.0,0.0,0.0,0.0,34.8,50.5,0.0,0.0,0.0,0.0,51.1,6.5,2.2,0.0,0.0,0.0,0.0,0.0,0.0,0.0,35.6,37.0,86.0,86,86,0.0,0.0,0.0,11.7523193359375,11.7523193359375,11.7523193359375,340.346,340.346,340.346,86,0.0,11.7523193359375,340.346,5
11776576.874828,81.76432037353516,123871510.3637961,205380.01477809367,2098644.029507336,13919912.351966629,13.328125,0.0,100.0,5.6,80.0,30.5,35.0,0.0,0.0,50.5,51.4,59.0,0.9,29.5,0.0,0.0,0.0,50.5,53.6,0.0,0.0,0.0,0.0,0.0,0.0,0.0,0.0,0.9,0.9,0.0,0.0,0.9,0.0,0.9,1.9,80.6,0.0,0.9,0.0,0.0,0.0,100.0,0.0,0.0,0.9,0.0,0.0,0.0,0.0,35.8,50.5,0.0,0.0,0.0,0.0,53.2,2.8,0.0,0.0,0.9,0.9,0.0,0.0,0.0,0.0,35.2,39.3,67.0,67,67,0.0,0.0,0.0,11.7523193359375,11.7523193359375,11.7523193359375,298.457,298.457,298.457,67,0.0,11.7523193359375,298.457,5
11776577.875154462,81.76788711547852,123775798.89399974,205174.01846111633,2096467.582811266,13905476.38911535,13.671875,0.0,100.0,10.1,79.2,33.7,25.5,1.0,2.0,51.0,50.0,10.4,57.1,31.2,0.0,0.0,0.0,51.0,50.5,0.0,0.0,0.0,0.0,0.0,0.0,0.0,2.0,2.0,4.1,1.0,0.0,0.0,1.0,0.0,0.0,80.2,2.0,1.0,0.0,0.0,0.0,100.0,0.0,2.0,0.0,1.0,1.0,0.0,1.0,35.1,52.0,1.0,0.0,0.0,0.0,57.1,1.0,0.0,1.0,3.0,0.0,0.0,0.0,0.0,0.0,35.4,38.4,66.0,66,66,0.0,0.0,0.0,11.7523193359375,11.7523193359375,11.7523193359375,337.569,337.569,337.569,66,0.0,11.7523193359375,337.569,5
11776578.865525676,81.76455688476562,125053080.3208018,207245.52274111804,2117541.3520466806,14045254.749122122,13.6734375,0.0,100.0,7.0,82.1,1.1,0.0,0.0,0.0,50.0,48.9,60.2,44.7,53.0,0.0,0.0,0.0,49.4,49.4,0.0,0.0,0.0,0.0,0.0,0.0,0.0,0.0,0.0,21.3,1.1,1.1,0.0,0.0,1.1,2.3,81.2,1.1,0.0,0.0,0.0,0.0,100.0,0.0,0.0,2.3,1.2,0.0,0.0,0.0,33.3,50.0,0.0,0.0,0.0,0.0,55.1,1.1,0.0,0.0,1.1,1.1,0.0,0.0,0.0,0.0,36.0,38.9,97.0,97,97,0.0,0.0,0.0,11.7523193359375,11.7523193359375,11.7523193359375,356.201,356.201,356.201,97,0.0,11.7523193359375,356.201,5
11776579.863412084,81.76603698730469,124146869.81592147,205685.7357007279,2101593.911826266,13939478.368285155,13.390625,0.0,100.0,12.4,79.0,3.8,0.0,0.0,0.0,50.5,52.4,32.7,41.7,76.8,0.0,0.0,0.0,48.5,52.4,0.0,0.0,0.0,0.0,0.0,0.0,0.0,0.0,0.0,1.0,0.0,1.9,1.0,1.0,0.0,1.0,79.2,1.0,0.0,0.0,0.0,0.0,100.0,0.0,1.0,0.0,0.0,0.0,0.0,0.0,35.6,50.0,0.0,0.0,0.0,0.0,55.8,0.0,0.0,0.0,2.9,1.0,0.0,0.0,0.0,0.0,36.3,38.1,74.0,74,74,0.0,0.0,0.0,11.7523193359375,11.7523193359375,11.7523193359375,322.345,322.345,322.345,74,0.0,11.7523193359375,322.345,5
11776580.865051549,81.76532363891602,123717154.07207067,204923.03588159886,2093719.420562152,13887248.3441974,13.61875,0.0,100.0,12.9,84.0,2.0,2.0,2.0,0.0,50.5,49.5,40.8,75.5,34.3,1.0,0.0,0.0,51.5,48.5,0.0,0.0,0.0,0.0,0.0,0.0,0.0,1.0,1.0,0.0,1.0,2.0,0.0,0.0,1.0,0.0,85.6,0.0,0.0,0.0,0.0,0.0,100.0,0.0,2.0,2.0,0.0,0.0,0.0,0.0,35.1,52.0,0.0,0.0,1.0,0.0,47.1,10.8,0.0,0.0,0.0,0.0,0.0,0.0,0.0,0.0,35.7,39.8,72.0,72,72,0.0,0.0,0.0,11.7523193359375,11.7523193359375,11.7523193359375,365.239,365.239,365.239,72,0.0,11.7523193359375,365.239,5
11776581.84423953,81.76725769042969,126587286.09266071,209630.84119794937,2141725.636143782,14205664.570984932,13.4078125,0.0,100.0,6.4,78.0,2.1,0.0,2.1,0.0,50.5,51.6,47.3,52.1,54.9,1.1,0.0,0.0,48.9,52.1,0.0,0.0,0.0,0.0,0.0,0.0,0.0,1.1,1.1,0.0,1.1,2.1,3.1,1.1,1.1,3.1,77.4,1.1,0.0,1.1,0.0,0.0,100.0,0.0,1.1,1.1,1.1,0.0,0.0,0.0,34.4,49.5,0.0,0.0,1.0,0.0,0.0,56.4,1.1,0.0,0.0,0.0,0.0,0.0,0.0,0.0,34.4,37.5,76.0,76,76,0.0,0.0,0.0,11.7523193359375,11.7523193359375,11.7523193359375,357.05,357.05,357.05,76,0.0,11.7523193359375,357.05,5
11776582.866858676,81.76580810546875,121243098.548926,200737.48925157846,2050765.4354530259,13602342.614840774,13.4890625,0.0,100.0,7.8,78.4,1.0,1.0,0.0,1.0,51.0,51.0,28.3,41.8,79.6,0.0,0.0,0.0,51.0,50.0,0.0,0.0,0.0,0.0,0.0,0.0,0.0,1.0,1.0,1.0,1.0,1.0,1.0,0.0,1.0,1.0,85.9,2.0,1.0,0.0,0.0,0.0,100.0,0.0,1.0,2.0,0.0,0.0,0.0,0.0,34.7,51.0,0.0,0.0,1.0,6.8,30.1,19.6,0.0,0.0,2.0,0.0,0.0,0.0,1.0,1.0,36.4,37.9,88.0,88,88,0.0,0.0,0.0,11.7523193359375,11.7523193359375,11.7523193359375,358.653,358.653,358.653,88,0.0,11.7523193359375,358.653,5
11776583.866599187,81.77369689941406,124050485.71428616,205332.281431628,2097696.328747225,13913626.430518702,14.00625,0.0,100.0,6.9,83.0,2.9,2.0,1.0,1.0,51.5,48.5,43.9,67.3,38.8,0.0,0.0,0.0,52.9,52.9,0.0,0.0,0.0,0.0,0.0,0.0,0.0,0.0,0.0,17.5,0.0,1.0,1.0,1.9,3.8,0.0,78.8,1.9,0.0,1.0,0.0,0.0,100.0,0.0,1.0,0.0,0.0,0.0,0.0,0.0,35.4,51.9,0.0,0.0,2.9,0.0,2.0,5.9,49.5,1.0,3.9,3.9,4.8,1.0,1.0,0.0,35.6,37.1,74.0,74,74,0.0,0.0,0.0,11.7523193359375,11.7523193359375,11.7523193359375,328.187,328.187,328.187,74,0.0,11.7523193359375,328.187,5
11776584.86573415,81.76898956298828,124161237.01701403,205465.73538561098,2098967.6839143294,13922059.090963012,13.453125,0.0,100.0,3.0,81.8,2.0,2.0,0.0,8.9,49.0,50.5,72.0,51.0,29.2,0.0,0.0,0.0,49.0,50.5,0.0,0.0,0.0,0.0,0.0,0.0,0.0,1.0,1.0,0.0,2.0,1.0,0.0,1.0,1.0,2.0,78.6,1.0,0.0,0.0,0.0,0.0,100.0,0.0,1.0,0.0,0.0,0.0,0.0,0.0,35.1,51.0,1.0,0.0,0.0,0.0,0.0,30.0,26.0,1.0,0.0,1.0,0.0,2.0,0.0,0.0,36.6,38.8,74.0,74,74,0.0,0.0,0.0,11.7523193359375,11.7523193359375,11.7523193359375,366.762,366.762,366.762,74,0.0,11.7523193359375,366.762,5
11776585.84512738,81.7736701965332,126700251.07364266,209614.47756074855,2141276.8009229596,14202687.531121816,13.540625,0.0,100.0,3.2,75.3,0.0,1.1,3.2,9.7,51.0,50.0,48.3,35.5,68.9,4.3,0.0,0.0,52.1,49.5,0.0,0.0,0.0,0.0,0.0,0.0,0.0,1.1,1.1,1.1,0.0,0.0,1.1,1.1,0.0,4.3,84.4,0.0,1.1,0.0,0.0,0.0,100.0,0.0,0.0,0.0,0.0,0.0,0.0,0.0,34.4,50.5,0.0,14.1,19.4,0.0,0.0,20.0,5.3,0.0,0.0,1.1,0.0,0.0,0.0,0.0,35.9,38.5,81.0,81,81,0.0,0.0,0.0,11.7523193359375,11.7523193359375,11.7523193359375,369.833,369.833,369.833,81,0.0,11.7523193359375,369.833,5
11776586.865260875,81.76630401611328,121672494.4020679,201255.03273806602,2055762.3189501606,13635486.006161613,13.3734375,0.0,100.0,1.9,79.0,1.0,1.0,1.0,4.8,52.4,50.9,40.2,55.0,53.1,2.9,0.0,0.0,51.4,48.5,0.0,0.0,0.0,0.0,0.0,0.0,0.0,1.0,1.0,0.0,1.0,0.0,1.0,0.0,4.8,2.9,79.2,1.0,1.0,0.0,0.0,0.0,100.0,0.0,0.0,0.0,0.0,0.0,0.0,1.0,35.0,51.0,0.0,1.0,29.1,29.1,0.0,0.0,0.0,0.0,1.0,0.0,0.0,0.0,0.0,0.0,35.6,37.1,85.0,85,85,0.0,0.0,0.0,11.7523193359375,11.7523193359375,11.7523193359375,359.844,359.844,359.844,85,0.0,11.7523193359375,359.844,5
11776587.866259567,81.76459121704102,124031098.06180596,205102.1659872472,2095059.6794287942,13896138.0299613,13.4828125,0.0,100.0,2.9,86.0,2.0,0.0,0.0,3.9,49.5,50.5,44.2,46.4,60.4,1.9,0.0,0.0,52.9,50.5,0.0,0.0,0.0,0.0,0.0,0.0,0.0,0.0,1.9,0.0,0.0,1.0,0.0,1.0,1.0,0.0,80.8,0.0,0.0,0.0,0.0,0.0,100.0,0.0,1.9,0.0,0.0,0.0,1.9,0.0,36.6,50.5,0.0,0.0,0.0,56.7,0.0,0.0,0.0,0.0,1.0,2.0,0.0,0.0,1.0,0.0,36.0,38.5,71.0,71,71,0.0,0.0,0.0,11.7523193359375,11.7523193359375,11.7523193359375,329.774,329.774,329.774,71,0.0,11.7523193359375,329.774,5
11776588.86597863,81.76607513427734,124222652.76174945,205372.69682627957,2097741.333534451,13913924.938833978,13.6328125,0.0,100.0,3.0,78.1,2.0,0.0,0.0,0.0,49.5,52.0,76.0,41.2,37.9,0.0,0.0,0.0,49.5,52.5,0.0,0.0,0.0,0.0,0.0,0.0,0.0,2.0,0.0,17.0,1.0,1.0,1.0,0.0,1.0,2.0,83.3,0.0,0.0,0.0,0.0,0.0,100.0,0.0,1.0,2.0,0.0,0.0,1.0,0.0,35.1,49.5,0.0,0.0,0.0,55.6,1.0,0.0,0.0,0.0,0.0,1.0,1.0,0.0,0.0,2.0,35.7,37.6,73.0,73,73,0.0,0.0,0.0,11.7523193359375,11.7523193359375,11.7523193359375,368.169,368.169,368.169,73,0.0,11.7523193359375,368.169,5
11776589.844515933,81.763671875,126947935.13458195,209826.44144779752,2143149.7754032984,14219296.459072275,13.3828125,0.0,100.0,3.3,77.5,0.0,4.3,0.0,0.0,48.4,51.6,47.2,76.7,38.9,0.0,0.0,0.0,50.0,51.1,0.0,0.0,0.0,0.0,0.0,0.0,0.0,0.0,1.1,0.0,0.0,2.2,0.0,1.1,1.1,0.0,77.3,1.1,0.0,0.0,0.0,0.0,100.0,0.0,3.2,2.2,1.1,0.0,0.0,0.0,34.1,48.4,0.0,17.4,0.0,39.6,2.2,0.0,0.0,0.0,0.0,1.1,0.0,0.0,0.0,0.0,35.6,38.7,84.0,84,84,0.0,0.0,0.0,11.7523193359375,11.7523193359375,11.7523193359375,363.161,363.161,363.161,84,0.0,11.7523193359375,363.161,5
11776590.867542546,81.76688766479492,121461968.20102699,200709.34351725708,2049948.6252728652,13600928.671976412,13.3296875,0.0,100.0,2.8,78.4,0.0,0.0,0.9,10.0,50.9,50.0,31.7,78.1,36.6,0.9,0.0,0.0,51.9,50.9,0.0,0.0,0.0,0.0,0.0,0.0,0.0,0.0,0.0,0.9,0.0,0.0,0.0,0.9,0.9,1.9,78.8,0.0,0.0,0.0,0.0,0.0,100.0,0.0,0.0,2.8,1.9,0.0,0.0,0.0,37.1,51.4,0.0,24.5,0.0,32.7,0.0,0.0,0.0,0.0,1.9,0.0,0.0,0.0,0.0,0.0,36.5,37.8,83.0,83,83,0.0,0.0,0.0,11.7523193359375,11.7523193359375,11.7523193359375,359.317,359.317,359.317,83,0.0,11.7523193359375,359.317,5
11776591.863594636,81.76538467407227,124784242.95078073,206144.84126407345,2105464.1829369855,13969261.385619022,13.2953125,0.0,100.0,1.9,83.0,27.4,0.0,16.8,3.7,50.9,50.9,23.8,47.6,36.4,0.0,0.0,0.9,48.1,51.4,0.9,0.0,0.0,0.0,0.0,0.0,0.0,1.8,0.9,0.0,0.9,0.9,0.9,0.9,0.9,0.9,85.8,0.0,0.0,0.0,0.0,0.0,100.0,0.0,0.0,0.0,0.0,0.0,0.0,0.0,34.0,50.9,0.0,0.0,0.0,55.9,0.0,0.0,0.0,0.0,0.0,0.9,0.0,0.0,0.0,0.0,34.3,37.3,67.0,67,67,0.0,0.0,0.0,11.7523193359375,11.7523193359375,11.7523193359375,314.785,314.785,314.785,67,0.0,11.7523193359375,314.785,5
11776592.878387332,81.76932907104492,122512108.66413097,202345.76074691946,2066581.6860992003,13711285.132185513,13.5375,0.0,100.0,6.8,81.6,12.0,2.0,57.6,27.7,50.5,52.0,2.0,27.8,37.1,0.0,0.0,0.0,50.0,50.0,0.0,0.0,0.0,0.0,0.0,0.0,0.0,0.0,0.0,1.0,0.0,1.0,0.0,1.0,0.0,0.0,79.6,4.9,0.0,0.0,0.0,0.0,100.0,0.0,1.9,0.0,0.0,0.0,0.0,0.0,35.6,49.0,0.0,0.0,0.0,57.4,1.0,1.0,0.0,0.0,1.9,0.0,0.0,0.0,0.0,0.0,35.0,39.0,63.0,63,63,0.0,0.0,0.0,11.7523193359375,11.7523193359375,11.7523193359375,338.505,338.505,338.505,63,0.0,11.7523193359375,338.505,5
11776593.878268696,81.76638793945312,124371934.93848343,205370.36423532455,2097400.8263946674,13915762.904809931,13.8609375,0.0,100.0,5.4,77.4,3.2,1.1,47.8,40.4,52.1,50.5,1.1,28.6,39.6,0.0,0.0,0.0,52.6,51.0,0.0,0.0,0.0,0.0,0.0,0.0,0.0,0.0,1.1,17.9,0.0,2.1,0.0,1.0,2.1,1.1,78.3,0.0,0.0,0.0,0.0,0.0,100.0,0.0,1.1,6.3,0.0,0.0,0.0,0.0,36.3,51.0,0.0,17.3,0.0,41.1,0.0,0.0,0.0,0.0,1.1,2.1,2.1,0.0,0.0,0.0,36.8,37.5,68.0,68,68,0.0,0.0,0.0,11.7523193359375,11.7523193359375,11.7523193359375,340.744,340.744,340.744,68,0.0,11.7523193359375,340.744,5
11776594.879097229,81.76867294311523,124289720.926541,205178.00335551318,2095415.8798382315,13902593.24962983,13.521875,0.0,100.0,5.7,79.4,9.5,0.9,50.5,40.0,49.1,50.5,28.7,1.9,35.6,0.0,0.0,0.0,52.8,50.9,0.0,0.0,0.9,0.0,0.0,0.0,0.0,0.9,0.9,0.0,0.0,0.9,0.0,0.0,0.9,0.9,79.8,0.0,0.0,0.0,0.0,0.0,100.0,0.0,1.0,1.0,0.0,0.0,0.0,0.0,35.6,50.9,0.0,0.0,0.0,55.7,0.0,1.0,0.0,0.0,3.8,1.0,0.0,0.0,0.0,0.0,35.3,39.4,66.0,66,66,0.0,0.0,0.0,11.7523193359375,11.7523193359375,11.7523193359375,293.625,293.625,293.625,66,0.0,11.7523193359375,293.625,5
11776595.846026989,81.7654800415039,128680972.67152615,212378.4048554407,2168877.292977513,14389992.508290257,13.4109375,0.0,100.0,3.5,82.1,4.8,0.0,14.3,41.8,49.4,49.4,37.8,39.5,22.4,0.0,0.0,0.0,50.0,51.2,0.0,0.0,0.0,0.0,0.0,0.0,0.0,1.2,1.2,2.3,1.2,1.2,1.1,1.2,0.0,1.2,80.5,1.2,0.0,0.0,0.0,0.0,100.0,0.0,2.3,0.0,0.0,0.0,0.0,0.0,34.1,51.2,0.0,21.4,0.0,34.9,0.0,1.2,0.0,0.0,0.0,0.0,0.0,0.0,0.0,0.0,37.2,37.5,75.0,75,75,0.0,0.0,0.0,11.7523193359375,11.7523193359375,11.7523193359375,341.634,341.634,341.634,75,0.0,11.7523193359375,341.634,5
11776596.863274869,81.7677993774414,122350682.13164046,201880.98108859442,2061593.8764622058,13678192.18426194,13.3125,0.0,100.0,2.0,78.8,10.5,2.8,0.0,1.0,50.5,50.0,34.3,62.7,53.0,0.0,0.0,0.0,51.5,51.4,0.0,0.0,0.0,0.0,0.0,0.0,0.0,1.0,0.0,0.0,0.0,0.0,0.0,1.9,1.0,1.0,80.0,1.0,0.0,0.0,0.0,0.0,100.0,0.0,1.0,1.0,0.0,0.0,0.0,0.0,35.6,50.5,0.0,28.8,0.0,27.6,0.0,0.0,0.0,0.0,0.0,0.0,0.0,0.0,0.0,0.0,35.0,38.1,77.0,77,77,0.0,0.0,0.0,11.7523193359375,11.7523193359375,11.7523193359375,344.814,344.814,344.814,77,0.0,11.7523193359375,344.814,5
11776597.864750031,81.76485061645508,124310349.99551864,205060.5023743019,2094062.916276408,13893616.653497964,13.3890625,0.0,100.0,4.0,78.4,6.0,0.0,2.0,0.0,49.5,50.0,46.8,58.9,46.9,0.0,0.0,0.0,51.9,50.5,0.0,0.0,0.0,0.0,0.0,0.0,0.0,0.0,0.0,1.0,1.0,0.0,0.0,0.0,2.0,1.0,84.7,0.0,1.0,0.0,0.0,0.0,100.0,0.0,0.0,1.0,0.0,0.0,0.0,0.0,35.4,52.9,0.0,53.5,1.0,1.0,0.0,0.0,0.0,0.0,2.0,0.0,0.0,0.0,0.0,0.0,36.6,37.9,77.0,77,77,0.0,0.0,0.0,11.7523193359375,11.7523193359375,11.7523193359375,342.997,342.997,342.997,77,0.0,11.7523193359375,342.997,5
11776598.866642244,81.76744079589844,124291307.39990258,204985.12452800057,2093191.2367942499,13891921.528568087,13.484375,0.0,100.0,3.0,85.7,5.1,1.0,2.0,0.0,51.0,51.0,37.1,64.9,50.5,0.0,0.0,0.0,49.5,50.0,0.0,1.0,0.0,0.0,0.0,0.0,0.0,1.0,1.0,4.0,0.0,1.0,0.0,1.0,3.0,1.0,78.4,0.0,0.0,0.0,0.0,0.0,100.0,0.0,3.0,0.0,0.0,0.0,0.0,0.0,35.4,48.5,0.0,56.9,1.0,0.0,0.0,2.0,1.0,0.0,0.0,0.0,0.0,0.0,0.0,0.0,35.7,37.3,71.0,71,71,0.0,0.0,0.0,11.7523193359375,11.7523193359375,11.7523193359375,362.536,362.536,362.536,71,0.0,11.7523193359375,362.536,5
11776599.865933476,81.78024673461914,124647605.25185956,205526.67075702632,2098639.4487875667,13928079.77925811,13.8875,0.0,100.0,2.2,75.3,6.5,1.1,0.0,0.0,51.6,50.5,52.8,80.9,19.1,1.1,0.0,0.0,50.0,49.5,0.0,0.0,0.0,0.0,0.0,0.0,0.0,1.1,0.0,14.1,0.0,0.0,2.1,1.1,17.4,2.2,83.7,1.1,0.0,0.0,0.0,0.0,100.0,0.0,2.2,2.2,1.1,0.0,0.0,0.0,33.0,52.1,1.1,56.5,2.1,0.0,0.0,0.0,0.0,0.0,0.0,0.0,0.0,0.0,0.0,0.0,35.9,39.2,89.0,89,89,0.0,0.0,0.0,11.7523193359375,11.7523193359375,11.7523193359375,365.187,365.187,365.187,89,0.0,11.7523193359375,365.187,5
11776600.868538432,81.7832260131836,124271048.41075963,204855.3608381224,2091703.205587398,13882045.88395699,13.296875,0.0,100.0,3.7,79.8,9.3,0.0,0.9,0.0,49.1,50.5,67.0,28.6,54.7,0.0,0.0,0.0,49.0,51.4,0.0,0.0,0.0,0.0,0.0,0.0,0.0,0.0,0.9,0.9,0.0,0.0,0.0,0.0,1.9,0.0,80.4,0.0,0.9,0.0,0.0,0.0,100.0,0.0,0.9,1.9,0.0,0.0,0.0,0.0,34.0,50.5,0.0,54.6,0.9,1.9,2.8,0.0,0.0,0.0,0.0,0.0,0.0,0.0,0.0,0.0,36.5,38.0,74.0,74,74,0.0,0.0,0.0,11.7523193359375,11.7523193359375,11.7523193359375,325.478,325.478,325.478,74,0.0,11.7523193359375,325.478,5
11776601.867524184,81.76584243774414,124756806.28345446,205598.5278003623,2099281.1907765,13932338.840348726,13.66875,0.0,100.0,10.0,81.4,10.1,2.9,0.0,1.0,52.9,51.5,67.0,31.6,54.7,1.0,0.0,0.0,52.0,51.0,0.0,1.0,0.0,0.0,0.0,0.0,0.0,0.0,0.0,21.8,1.0,0.0,0.0,1.0,0.0,1.0,77.6,0.0,0.0,0.0,0.0,0.0,100.0,0.0,2.0,1.0,1.0,0.0,0.0,0.0,36.7,50.5,0.0,9.0,0.0,2.0,25.5,0.0,1.0,0.0,0.0,0.0,0.0,0.0,0.0,0.0,37.4,38.2,71.0,71,71,0.0,0.0,0.0,11.7523193359375,11.7523193359375,11.7523193359375,356.707,356.707,356.707,71,0.0,11.7523193359375,356.707,5
11776602.867382096,81.78718566894531,124680750.65843835,205427.18877124978,2097450.022814263,13920185.893599348,13.6375,0.0,100.0,3.1,82.5,8.0,2.0,0.0,0.0,50.0,49.5,37.1,44.3,73.7,0.0,0.0,0.0,50.5,50.0,0.0,0.0,0.0,0.0,0.0,0.0,0.0,2.0,0.0,39.4,0.0,1.0,1.0,1.0,18.2,2.0,85.6,0.0,1.0,0.0,0.0,0.0,100.0,0.0,1.0,2.0,1.0,0.0,0.0,0.0,34.7,53.9,1.0,0.0,2.0,1.0,0.0,0.0,0.0,0.0,0.0,0.0,0.0,0.0,0.0,0.0,36.1,38.2,73.0,73,73,0.0,0.0,0.0,11.7523193359375,11.7523193359375,11.7523193359375,355.023,355.023,355.023,73,0.0,11.7523193359375,355.023,5
11776603.865347696,81.76559829711914,124949996.22965188,205823.72772137553,2101427.1426612698,13946580.919458974,13.2421875,0.0,100.0,3.2,76.7,5.3,0.0,1.1,0.0,51.6,50.0,72.5,24.2,55.6,1.1,0.0,0.0,49.5,50.0,0.0,0.0,0.0,0.0,0.0,0.0,0.0,0.0,2.1,1.1,1.1,0.0,0.0,1.1,55.9,1.1,76.4,0.0,0.0,0.0,0.0,0.0,100.0,0.0,1.1,1.1,0.0,0.0,0.0,0.0,35.2,51.1,0.0,0.0,0.0,0.0,0.0,1.1,1.1,0.0,2.1,1.1,0.0,0.0,0.0,0.0,34.4,39.6,80.0,80,80,0.0,0.0,0.0,11.7523193359375,11.7523193359375,11.7523193359375,372.869,372.869,372.869,80,0.0,11.7523193359375,372.869,5
11776604.8658978,81.76385879516602,124659985.00556874,205300.0635511933,2095998.9819364506,13910555.743398553,13.7015625,0.0,100.0,3.7,79.6,3.8,0.9,4.6,1.9,50.5,51.4,40.8,62.7,42.9,0.0,0.9,0.0,52.3,51.4,0.0,0.0,0.0,0.0,0.0,0.0,0.0,0.0,0.0,16.8,0.0,0.9,0.9,0.0,3.7,0.0,82.9,55.0,0.9,1.8,0.0,0.0,100.0,0.0,1.9,0.0,0.0,0.0,0.0,0.0,35.9,49.5,0.0,0.0,0.0,0.0,0.0,0.9,0.0,0.0,1.9,1.9,0.0,0.0,0.0,0.0,35.5,39.1,77.0,77,77,0.0,0.0,0.0,11.7523193359375,11.7523193359375,11.7523193359375,327.194,327.194,327.194,77,0.0,11.7523193359375,327.194,5
11776605.880187007,81.76691436767578,123006400.22097816,202520.14790887228,2067607.5302919338,13722129.663929671,13.5078125,0.0,100.0,9.6,85.6,2.8,23.8,18.6,1.0,51.4,51.0,10.8,20.0,80.2,0.9,0.0,0.0,50.5,49.5,0.0,0.0,0.0,0.0,0.0,0.9,0.0,1.0,0.9,2.8,1.9,0.0,0.0,1.0,0.0,1.9,79.4,56.7,1.0,0.0,0.0,0.0,100.0,0.0,1.9,1.9,0.0,0.0,0.0,0.0,33.7,49.5,0.0,0.0,0.0,0.0,0.0,0.0,0.0,0.0,1.0,0.0,0.0,0.0,0.0,0.0,35.6,37.7,76.0,76,76,0.0,0.0,0.0,11.7523193359375,11.7523193359375,11.7523193359375,343.337,343.337,343.337,76,0.0,11.7523193359375,343.337,5
11776606.846864544,81.76385116577148,129101553.72291167,212503.1275657577,2169443.1900224118,14397984.296281554,13.5109375,0.0,100.0,12.2,76.1,3.3,1.1,0.0,1.1,48.4,53.2,47.1,46.1,62.9,0.0,0.0,0.0,50.0,53.3,0.0,0.0,0.0,0.0,0.0,0.0,0.0,1.1,0.0,0.0,0.0,1.1,0.0,1.1,0.0,0.0,80.7,28.6,28.3,0.0,0.0,0.0,100.0,0.0,2.2,1.1,0.0,0.0,0.0,0.0,36.0,51.1,0.0,0.0,0.0,0.0,0.0,0.0,1.1,0.0,2.2,0.0,0.0,0.0,0.0,0.0,37.0,38.3,70.0,70,70,0.0,0.0,0.0,11.7523193359375,11.7523193359375,11.7523193359375,354.124,354.124,354.124,70,0.0,11.7523193359375,354.124,5
11776607.86928688,81.83143615722656,122094687.87943313,200924.7966894727,2051160.1967917106,13612973.337301234,14.009375,0.0,100.0,8.0,79.4,2.0,3.1,1.0,1.0,50.5,51.0,65.6,54.7,32.0,0.0,0.0,0.0,50.0,50.0,1.0,0.0,1.0,0.0,0.0,1.0,1.0,2.0,0.0,3.1,4.0,0.0,2.0,0.0,3.0,1.0,80.2,0.0,54.1,0.0,0.0,0.0,100.0,0.0,0.0,1.0,2.0,0.0,0.0,0.0,37.1,51.5,2.0,4.0,2.0,2.0,4.0,1.0,4.0,3.0,1.0,1.0,0.0,0.0,0.0,0.0,38.1,41.2,94.0,94,94,0.0,0.0,0.0,11.7523193359375,11.7523193359375,11.7523193359375,364.624,364.624,364.624,94,0.0,11.7523193359375,364.624,5
11776608.865474788,81.76588821411133,125342912.64247659,206217.11850916964,2105177.1276766513,13971468.515322775,13.4140625,0.0,100.0,7.8,81.0,24.3,15.2,0.0,0.0,50.0,50.0,68.0,42.9,39.4,1.9,0.0,0.0,50.5,51.0,0.0,0.0,0.0,0.0,0.0,0.0,0.0,1.0,1.0,1.9,0.0,0.0,1.0,1.9,0.0,2.9,84.3,1.0,19.6,1.0,0.0,0.0,100.0,0.0,0.0,1.0,0.0,0.0,0.0,0.0,35.0,49.5,0.0,0.0,0.0,1.0,0.0,0.0,0.0,0.0,1.0,1.0,0.0,0.0,0.0,0.0,35.3,37.1,75.0,75,75,0.0,0.0,0.0,11.7523193359375,11.7523193359375,11.7523193359375,328.029,328.029,328.029,75,0.0,11.7523193359375,328.029,5
11776609.866563162,81.76713180541992,124762098.25554442,205217.64657984124,2094871.9971194027,13903076.262132287,13.69375,0.0,100.0,9.0,81.3,9.1,56.6,1.0,0.0,49.0,50.0,53.6,54.7,42.3,0.0,0.0,0.0,51.0,50.5,0.0,0.0,0.0,0.0,0.0,0.0,0.0,1.0,0.0,18.0,1.0,1.0,1.0,1.0,1.0,0.0,77.9,2.0,1.0,0.0,1.0,0.0,100.0,0.0,1.0,1.0,0.0,0.0,0.0,0.0,31.9,51.0,0.0,0.0,0.0,1.0,0.0,0.0,0.0,0.0,2.9,0.0,0.0,0.0,0.0,0.0,34.4,39.2,73.0,73,73,0.0,0.0,0.0,11.7523193359375,11.7523193359375,11.7523193359375,366.604,366.604,366.604,73,0.0,11.7523193359375,366.604,5
11776610.846347764,81.76563262939453,127511090.40375772,209686.90416022058,2140421.471289158,14205375.31140734,13.384375,0.0,100.0,7.4,76.9,20.2,8.4,1.1,29.2,50.0,50.0,62.2,46.7,43.5,0.0,1.1,0.0,50.5,48.4,0.0,0.0,0.0,0.0,0.0,0.0,0.0,0.0,1.1,0.0,0.0,0.0,0.0,0.0,0.0,2.1,84.9,2.1,1.1,0.0,0.0,0.0,100.0,0.0,0.0,2.1,0.0,0.0,0.0,0.0,35.5,51.0,0.0,0.0,0.0,1.1,0.0,0.0,0.0,0.0,1.1,3.1,0.0,0.0,0.0,0.0,36.2,39.6,75.0,75,75,0.0,0.0,0.0,11.7523193359375,11.7523193359375,11.7523193359375,362.773,362.773,362.773,75,0.0,11.7523193359375,362.773,5
11776611.866697429,81.77033996582031,122473904.12709486,201364.30394947622,2055326.789169053,13640625.839055551,13.265625,0.0,100.0,10.8,83.2,39.6,1.0,0.0,6.8,48.0,49.5,39.4,67.6,44.4,0.0,0.0,0.0,49.5,50.5,0.0,0.0,0.0,0.0,0.0,0.0,0.0,1.0,1.0,1.0,0.0,1.0,1.0,1.0,0.0,0.0,78.6,1.0,2.0,0.0,0.0,0.0,100.0,0.0,1.0,0.0,0.0,0.0,0.0,0.0,34.3,50.0,0.0,0.0,0.0,1.0,0.0,0.0,0.0,8.9,1.0,2.0,0.0,0.0,0.0,0.0,35.4,37.5,91.0,91,91,0.0,0.0,0.0,11.7523193359375,11.7523193359375,11.7523193359375,362.993,362.993,362.993,91,0.0,11.7523193359375,362.993,5
11776612.870709963,81.78080368041992,124502140.87749532,204642.86347165727,2088770.7355805056,13862583.905278433,13.584375,0.0,100.0,11.5,80.0,2.9,1.0,1.0,0.0,51.0,52.4,62.7,40.4,49.0,1.9,0.0,0.0,50.5,50.0,0.0,0.0,0.0,0.0,1.0,0.0,0.0,0.0,1.0,0.0,1.9,1.0,1.0,0.0,1.0,1.0,79.2,0.0,0.0,1.0,0.0,0.0,100.0,0.0,1.9,0.0,0.0,0.0,0.0,0.0,34.3,51.0,40.2,1.0,0.0,0.0,0.0,1.0,0.0,19.8,0.0,1.9,0.0,1.0,0.0,0.0,35.3,39.6,74.0,74,74,0.0,0.0,0.0,11.7523193359375,11.7523193359375,11.7523193359375,329.705,329.705,329.705,74,0.0,11.7523193359375,329.705,5
11776613.869211996,81.78694534301758,125222061.53697792,205779.25056133827,2100298.1777146733,13939088.296629805,13.3078125,0.0,100.0,7.1,79.2,0.0,0.0,1.0,0.0,50.0,49.0,25.3,68.4,56.8,2.0,1.0,0.0,50.5,49.0,0.0,1.0,0.0,0.0,0.0,0.0,0.0,1.0,1.0,1.0,1.0,0.0,0.0,3.0,0.0,1.0,79.2,0.0,1.0,1.0,0.0,0.0,100.0,0.0,2.0,1.0,2.0,0.0,0.0,0.0,33.3,49.0,54.0,1.0,1.0,0.0,0.0,0.0,1.0,2.0,2.0,0.0,0.0,0.0,0.0,0.0,35.7,38.2,73.0,73,73,0.0,0.0,0.0,11.7523193359375,11.7523193359375,11.7523193359375,366.471,366.471,366.471,73,0.0,11.7523193359375,366.471,5
11776614.853905322,81.76617050170898,127011367.59089491,208673.09096427608,2129751.410421082,14134561.118380541,13.884375,0.0,100.0,22.3,76.9,36.6,3.1,0.0,0.0,51.0,51.1,16.0,12.0,74.7,0.0,0.0,0.0,52.7,52.7,0.0,0.0,0.0,0.0,0.0,0.0,0.0,1.1,0.0,18.8,0.0,1.1,2.1,2.1,0.0,0.0,83.9,3.1,3.2,0.0,0.0,0.0,100.0,0.0,1.1,1.1,0.0,0.0,0.0,0.0,36.3,53.1,15.8,0.0,0.0,1.1,0.0,0.0,0.0,39.8,0.0,1.1,0.0,0.0,0.0,0.0,35.5,39.2,66.0,66,66,0.0,0.0,0.0,11.7523193359375,11.7523193359375,11.7523193359375,356.546,356.546,356.546,66,0.0,11.7523193359375,356.546,5
11776615.87889154,81.76882553100586,122050431.23742385,200477.81741731687,2046029.4605126404,13578922.083636625,13.2953125,0.0,100.0,30.6,80.2,31.8,3.6,0.9,0.9,50.0,50.9,25.5,26.8,39.5,0.0,0.0,0.0,50.9,51.8,0.0,0.0,0.0,0.0,0.0,0.0,0.0,0.0,0.9,0.9,0.9,0.0,1.8,0.0,0.0,1.8,80.7,0.0,0.0,0.0,0.9,0.0,100.0,0.0,0.9,0.9,0.0,0.0,0.0,0.0,34.9,49.5,13.3,0.9,0.0,0.0,0.0,0.0,0.9,44.2,1.8,0.0,0.0,0.0,0.0,0.0,34.9,37.4,67.0,67,67,0.0,0.0,0.0,11.7523193359375,11.7523193359375,11.7523193359375,311.278,311.278,311.278,67,0.0,11.7523193359375,311.278,5
11776616.878997782,81.76631164550781,125122219.82092357,205467.17084846858,2096929.2189811016,13916729.465034733,13.5046875,0.0,100.0,31.2,85.6,37.9,9.9,1.0,0.0,49.5,48.5,66.7,25.0,1.0,0.0,1.0,0.0,48.5,51.5,0.0,0.0,0.0,0.0,0.0,0.0,0.0,0.0,2.0,0.0,0.0,1.0,0.0,1.0,0.0,1.0,78.1,0.0,0.0,0.0,0.0,0.0,100.0,0.0,2.0,0.0,0.0,0.0,0.0,0.0,36.1,50.0,43.1,0.0,1.0,0.0,0.0,0.0,0.0,14.0,0.0,2.9,0.0,0.0,0.0,0.0,35.4,39.4,65.0,65,65,0.0,0.0,0.0,11.7523193359375,11.7523193359375,11.7523193359375,335.356,335.356,335.356,65,0.0,11.7523193359375,335.356,5
11776617.881407848,81.76736831665039,124867340.54512002,205004.92472762702,2092109.878405211,13884744.857072085,13.4484375,0.0,100.0,48.2,75.6,24.4,5.7,1.1,0.0,49.4,50.6,24.4,64.7,0.0,1.1,0.0,0.0,49.4,48.9,0.0,0.0,0.0,0.0,0.0,0.0,0.0,2.2,1.1,1.1,0.0,0.0,1.1,0.0,0.0,1.1,83.0,2.2,0.0,2.2,0.0,0.0,100.0,0.0,0.0,1.1,0.0,0.0,0.0,0.0,33.3,50.0,19.8,0.0,6.9,1.1,0.0,0.0,0.0,37.5,0.0,0.0,0.0,0.0,0.0,0.0,34.9,38.6,57.0,57,57,0.0,0.0,0.0,11.7523193359375,11.7523193359375,11.7523193359375,347.082,347.082,347.082,57,0.0,11.7523193359375,347.082,5
11776618.879617278,81.76636123657227,125428377.30148317,205875.63475491866,2100913.8334827875,13943174.230809592,13.359375,0.0,100.0,29.2,79.6,39.3,5.4,0.9,0.0,49.5,49.1,59.6,31.2,0.0,0.9,0.0,0.0,51.8,50.5,0.0,0.0,0.0,0.0,0.0,0.0,0.0,0.0,0.0,0.9,1.8,0.0,0.0,0.9,0.9,0.0,80.6,0.0,0.9,0.0,0.0,0.0,100.0,0.0,0.0,0.0,0.0,0.0,0.0,0.0,36.1,49.5,33.0,2.7,1.8,0.0,0.0,0.0,0.0,22.7,0.9,0.9,0.0,0.0,0.0,0.0,35.8,38.6,67.0,67,67,0.0,0.0,0.0,11.7523193359375,11.7523193359375,11.7523193359375,303.13,303.13,303.13,67,0.0,11.7523193359375,303.13,5
11776619.87913777,81.76416397094727,125296625.75839931,205605.58956438288,2098158.083988013,13924885.096467324,13.7375,0.0,100.0,13.1,79.2,50.5,4.1,0.0,0.0,50.5,52.0,18.4,74.2,1.0,0.0,0.0,0.0,49.0,51.0,0.0,0.0,0.0,0.0,0.0,0.0,0.0,0.0,1.0,17.2,0.0,1.0,1.0,1.0,0.0,1.0,85.3,1.0,1.0,0.0,0.0,0.0,100.0,0.0,1.0,3.0,0.0,0.0,0.0,0.0,36.1,51.5,24.2,0.0,0.0,1.0,0.0,0.0,0.0,33.0,2.0,1.0,0.0,0.0,0.0,0.0,35.1,38.8,66.0,66,66,0.0,0.0,0.0,11.7523193359375,11.7523193359375,11.7523193359375,346.267,346.267,346.267,66,0.0,11.7523193359375,346.267,5
11776620.879827272,81.76675415039062,125182997.97170119,205376.39240126172,2095707.0041411985,13908617.96889022,13.7140625,0.0,100.0,12.5,82.8,35.6,6.7,23.3,22.2,50.0,50.0,4.5,50.6,37.1,0.0,0.0,0.0,51.1,48.3,0.0,0.0,0.0,0.0,0.0,0.0,0.0,2.2,0.0,0.0,1.1,1.1,0.0,0.0,0.0,1.1,77.3,0.0,0.0,0.0,0.0,0.0,100.0,0.0,0.0,0.0,0.0,0.0,0.0,0.0,36.4,50.6,42.7,0.0,0.0,0.0,1.1,0.0,0.0,12.1,1.1,1.1,0.0,0.0,0.0,0.0,37.1,38.0,56.0,56,56,0.0,0.0,0.0,11.7523193359375,11.7523193359375,11.7523193359375,340.417,340.417,340.417,56,0.0,11.7523193359375,340.417,5
11776621.879427204,81.76548767089844,125354976.54463808,205612.25893422065,2097991.339699405,13923778.46152066,13.2703125,0.0,100.0,1.9,79.2,19.6,8.3,42.7,0.9,50.5,48.1,0.0,37.6,53.3,0.0,0.0,0.0,49.5,49.1,0.0,0.0,0.0,0.0,0.0,0.0,0.0,0.0,0.9,1.8,0.9,0.9,1.8,1.8,0.9,0.0,80.0,0.9,0.0,0.0,0.0,0.0,100.0,0.0,0.0,0.9,0.0,0.0,0.0,0.0,34.6,48.6,13.6,20.7,0.9,0.0,0.0,0.0,0.0,23.1,1.8,1.8,0.0,0.0,0.0,0.0,34.3,38.4,66.0,66,66,0.0,0.0,0.0,11.7523193359375,11.7523193359375,11.7523193359375,303.961,303.961,303.961,66,0.0,11.7523193359375,303.961,5
11776622.88166227,81.76734924316406,125058094.88588002,205072.64906467503,2092475.1795655224,13887169.258132119,13.1015625,0.0,100.0,4.0,78.6,43.7,4.0,20.2,1.0,48.0,49.0,0.0,65.3,28.0,0.0,0.0,0.0,46.5,49.5,0.0,0.0,0.0,0.0,0.0,0.0,0.0,0.0,1.0,0.0,1.0,0.0,0.0,0.0,1.0,1.0,80.6,2.0,2.0,2.0,0.0,1.0,100.0,0.0,0.0,0.0,0.0,0.0,0.0,0.0,33.7,50.0,43.2,9.9,0.0,0.0,0.0,0.0,0.0,0.0,1.0,0.0,0.0,0.0,0.0,0.0,34.7,36.6,66.0,66,66,0.0,0.0,0.0,11.7523193359375,11.7523193359375,11.7523193359375,348.006,348.006,348.006,66,0.0,11.7523193359375,348.006,5
11776623.88011526,81.76603317260742,125567419.13035157,205857.46368158874,2100401.3431746345,13939772.97677228,13.6875,0.0,100.0,3.3,83.1,12.5,0.0,58.1,8.9,51.6,49.4,20.2,30.3,39.3,0.0,0.0,0.0,50.0,51.1,0.0,0.0,0.0,0.0,0.0,0.0,0.0,1.1,0.0,1.1,1.1,2.2,0.0,1.1,2.2,1.1,81.8,2.2,1.1,0.0,0.0,0.0,100.0,0.0,1.1,0.0,0.0,0.0,0.0,0.0,34.1,50.5,5.4,51.1,1.1,0.0,0.0,0.0,0.0,0.0,2.2,1.1,1.1,0.0,0.0,0.0,36.4,39.1,59.0,59,59,0.0,0.0,0.0,11.7523193359375,11.7523193359375,11.7523193359375,339.11,339.11,339.11,59,0.0,11.7523193359375,339.11,5
11776624.868452173,81.77155685424805,126885856.7498456,207966.5316923973,2121899.902558489,14082452.868933095,13.5703125,0.0,100.0,32.7,78.6,16.0,11.4,48.5,5.8,50.5,49.0,16.5,16.5,14.9,0.0,0.0,0.0,52.0,51.0,0.0,0.0,0.0,0.0,0.0,0.0,0.0,1.0,0.0,16.5,1.0,1.0,1.0,1.0,0.0,1.0,79.0,5.8,0.0,0.0,0.0,0.0,100.0,0.0,1.0,0.0,1.9,0.0,0.0,0.0,34.7,49.5,4.9,33.3,0.0,0.0,1.0,16.5,0.0,0.0,2.0,0.0,0.0,0.0,0.0,0.0,35.9,37.1,71.0,71,71,0.0,0.0,0.0,11.7523193359375,11.7523193359375,11.7523193359375,313.296,313.296,313.296,71,0.0,11.7523193359375,313.296,5
11776625.992241347,81.76551818847656,111621280.79565684,182906.19332109514,1866143.6216150061,12385070.363765217,13.5875,0.0,100.0,3.4,81.7,60.2,6.9,14.8,4.3,49.1,50.8,24.6,52.2,0.9,0.0,0.0,0.0,50.8,50.4,0.8,0.0,0.0,0.0,0.0,0.0,0.0,0.0,0.0,0.8,0.0,0.8,0.8,0.0,0.8,0.0,81.7,0.0,0.0,0.0,0.0,0.8,100.0,0.0,0.9,6.8,0.0,0.0,0.0,0.0,35.4,51.3,31.4,1.7,0.0,0.0,0.0,25.0,0.0,0.0,2.6,1.7,0.0,0.0,0.0,0.9,36.5,38.8,59.0,59,59,0.0,0.0,0.0,11.7523193359375,11.7523193359375,11.7523193359375,298.982,298.982,298.982,59,0.0,11.7523193359375,298.982,5
11776626.989026798,81.76922225952148,125878993.22619301,206218.90081775465,2103915.138880674,13963093.050618222,13.25,0.0,100.0,3.3,75.3,26.7,43.7,0.0,9.8,49.5,48.9,29.5,59.3,0.0,0.0,0.0,0.0,48.4,48.9,0.0,0.0,0.0,0.0,0.0,0.0,0.0,1.1,0.0,0.0,1.1,1.1,0.0,1.1,0.0,0.0,84.3,1.1,2.2,0.0,0.0,0.0,100.0,0.0,1.1,0.0,0.0,0.0,0.0,0.0,32.2,48.9,32.3,0.0,0.0,0.0,0.0,25.3,0.0,0.0,1.1,0.0,0.0,0.0,0.0,0.0,35.2,36.6,62.0,62,62,0.0,0.0,0.0,11.7523193359375,11.7523193359375,11.7523193359375,325.3,325.3,325.3,62,0.0,11.7523193359375,325.3,5
11776627.991611931,81.76551055908203,125183475.00041685,205025.98046181854,2091744.5609832052,13882320.348087756,13.215625,0.0,100.0,6.5,84.0,26.5,36.6,0.0,0.0,49.1,48.6,32.4,42.6,18.7,0.0,0.0,0.0,48.5,47.6,0.0,0.0,0.0,0.0,0.0,0.0,0.0,0.0,0.0,0.9,0.9,0.9,0.9,0.0,0.9,1.8,79.6,3.7,2.8,0.0,0.0,0.0,100.0,0.0,0.0,0.9,0.0,0.0,0.0,0.0,35.2,48.6,27.4,25.0,0.0,0.0,0.0,0.0,0.0,0.0,0.0,0.0,0.0,0.0,0.0,0.0,35.8,39.4,60.0,60,60,0.0,0.0,0.0,11.7523193359375,11.7523193359375,11.7523193359375,296.851,296.851,296.851,60,0.0,11.7523193359375,296.851,5
11776628.958513502,81.766845703125,129839025.83535849,212605.92211185404,2168940.5249270024,14394648.249417879,13.4140625,0.0,100.0,8.4,80.2,34.0,36.3,0.0,1.0,48.9,51.6,25.0,0.0,62.6,0.0,0.0,0.0,49.5,49.5,0.0,0.0,0.0,0.0,1.0,0.0,0.0,1.0,0.0,0.0,1.0,1.1,0.0,2.1,2.1,0.0,77.4,0.0,2.1,2.1,1.1,1.1,100.0,0.0,2.1,1.0,0.0,0.0,0.0,0.0,34.1,49.5,0.0,55.4,1.1,1.0,0.0,0.0,0.0,0.0,0.0,0.0,1.0,0.0,0.0,0.0,34.8,39.4,67.0,67,67,0.0,0.0,0.0,11.7523193359375,11.7523193359375,11.7523193359375,335.218,335.218,335.218,67,0.0,11.7523193359375,335.218,5
11776629.99282854,81.76566696166992,121409117.46334353,198756.6576462215,2027575.6631144958,13460409.529152678,13.7015625,0.0,100.0,9.5,78.4,32.3,34.3,1.9,0.9,50.0,47.0,20.2,0.9,68.6,0.0,0.0,0.0,50.5,48.5,0.0,0.0,0.0,0.0,0.0,0.0,0.0,1.0,0.9,17.8,0.0,0.9,0.0,0.9,1.0,0.9,86.4,1.0,1.0,0.9,0.0,0.0,100.0,0.0,0.0,0.0,0.0,0.0,0.0,0.0,35.3,48.6,0.0,55.2,2.8,1.0,0.0,0.0,0.0,0.0,1.9,0.0,0.0,0.0,0.0,0.0,38.7,37.7,61.0,61,61,0.0,0.0,0.0,11.7523193359375,11.7523193359375,11.7523193359375,307.173,307.173,307.173,61,0.0,11.7523193359375,307.173,5
11776630.9898677,81.7682991027832,125981017.66659865,206187.48821210786,2103379.7714676177,13963648.131286,13.1109375,0.0,100.0,7.1,77.9,15.3,14.6,39.8,1.0,50.0,47.4,41.7,1.0,48.5,2.0,0.0,0.0,46.8,47.9,0.0,0.0,0.0,0.0,0.0,0.0,0.0,0.0,0.0,0.0,1.0,0.0,0.0,0.0,1.0,1.0,77.7,2.0,0.0,0.0,0.0,0.0,100.0,0.0,0.0,1.0,0.0,0.0,0.0,0.0,34.0,50.0,0.0,53.1,0.0,0.0,0.0,0.0,0.0,0.0,2.0,2.0,0.0,0.0,0.0,0.0,35.1,38.2,59.0,59,59,0.0,0.0,0.0,11.7523193359375,11.7523193359375,11.7523193359375,319.309,319.309,319.309,59,0.0,11.7523193359375,319.309,5
11776631.98775324,81.76903533935547,125906978.25315201,206025.6329334919,2101595.739859616,13951804.530825848,13.6078125,0.0,100.0,8.8,83.9,10.1,0.0,47.7,10.3,48.9,51.1,33.3,1.1,56.8,0.0,0.0,0.0,51.1,49.4,0.0,0.0,0.0,0.0,0.0,0.0,0.0,1.1,0.0,1.1,0.0,0.0,1.1,2.2,1.1,0.0,84.1,2.2,2.2,0.0,0.0,2.2,100.0,0.0,0.0,1.1,1.1,0.0,0.0,0.0,36.8,50.0,0.0,55.7,0.0,1.1,0.0,0.0,0.0,0.0,0.0,0.0,0.0,0.0,0.0,0.0,37.1,38.2,94.0,94,94,0.0,0.0,0.0,11.7523193359375,11.7523193359375,11.7523193359375,337.854,337.854,337.854,94,0.0,11.7523193359375,337.854,5
11776632.989735514,81.76891708374023,125427609.16991706,205196.24491444216,2093003.0953576174,13894760.783438558,13.271875,0.0,100.0,10.0,80.6,0.0,0.0,33.0,29.5,50.9,49.5,69.8,1.8,21.3,0.9,0.0,0.0,49.1,49.5,0.0,0.0,0.0,0.0,0.0,0.0,0.0,0.9,0.9,0.0,0.9,1.8,0.9,0.0,0.9,0.9,80.4,0.0,0.0,0.0,0.0,0.0,100.0,0.0,0.0,0.0,0.9,0.0,0.0,0.0,34.0,50.0,0.0,33.0,1.8,0.0,0.0,22.7,0.0,0.0,0.0,0.0,0.0,0.0,0.0,0.0,34.9,38.6,62.0,62,62,0.0,0.0,0.0,11.7523193359375,11.7523193359375,11.7523193359375,305.722,305.722,305.722,62,0.0,11.7523193359375,305.722,5
11776633.990385028,81.7679214477539,125627376.30091676,205470.54407145374,2095790.7552408385,13913267.142702363,13.346875,0.0,100.0,7.1,77.6,2.0,31.9,21.6,8.2,50.0,47.9,59.8,1.0,33.0,1.0,0.0,0.0,49.0,48.5,0.0,0.0,0.0,0.0,0.0,0.0,0.0,0.0,3.0,2.0,0.0,0.0,1.0,1.0,0.0,1.0,77.3,0.0,1.0,0.0,0.0,0.0,100.0,0.0,2.0,0.0,0.0,0.0,0.0,0.0,35.4,50.5,0.0,0.0,0.0,0.0,0.0,55.7,1.0,8.0,2.0,1.0,0.0,0.0,0.0,0.0,36.7,37.0,62.0,62,62,0.0,0.0,0.0,11.7523193359375,11.7523193359375,11.7523193359375,348.415,348.415,348.415,62,0.0,11.7523193359375,348.415,5
11776634.98949324,81.77970504760742,125856694.48121455,205796.52685896104,2099023.8841674593,13938830.480799535,13.825000000000001,0.0,100.0,12.2,83.9,4.5,18.4,51.2,3.3,50.6,52.2,17.0,1.1,72.7,1.1,0.0,0.0,51.6,50.0,0.0,0.0,0.0,0.0,0.0,0.0,0.0,1.1,1.1,1.1,1.1,1.1,0.0,0.0,1.1,1.1,85.1,2.2,0.0,0.0,0.0,0.0,100.0,0.0,1.1,0.0,0.0,0.0,0.0,0.0,34.9,50.0,0.0,0.0,0.0,0.0,0.0,56.0,1.1,0.0,1.1,0.0,0.0,0.0,0.0,0.0,36.7,39.1,100.0,100,100,0.0,0.0,0.0,11.7523193359375,11.7523193359375,11.7523193359375,336.272,336.272,336.272,100,0.0,11.7523193359375,336.272,5
11776635.990684383,81.89714431762695,125627548.63156372,205368.3769064175,2094656.9641318754,13909831.402438236,15.378125,0.0,99.1,1.9,80.2,0.9,12.8,54.9,3.7,48.1,50.0,49.1,1.8,40.2,0.0,0.0,0.0,48.1,49.5,0.0,0.0,0.0,0.0,0.0,0.0,0.0,0.9,0.9,16.4,0.0,1.8,0.9,1.8,0.0,0.0,80.2,0.0,0.0,0.0,0.0,0.0,21.1,20.0,99.1,20.2,20.2,20.0,20.0,0.0,35.8,49.5,0.0,0.0,0.0,0.9,0.0,57.0,0.0,0.0,0.9,0.9,0.0,0.0,0.0,0.0,36.1,38.4,62.0,62,62,0.0,0.0,0.0,11.7523193359375,11.7523193359375,11.7523193359375,305.141,305.141,305.141,62,0.0,11.7523193359375,305.141,5
11776636.993053429,81.84628677368164,125512587.87922147,205139.01619091487,2092195.492196034,13893485.690364288,13.246875,0.0,100.0,8.0,78.1,3.0,18.8,40.0,48.0,50.0,51.0,67.7,1.0,24.7,0.0,0.0,0.0,48.0,50.5,0.0,0.0,0.0,0.0,0.0,0.0,0.0,0.0,0.0,0.0,2.0,0.0,0.0,0.0,0.0,0.0,78.4,1.0,0.0,1.0,0.0,0.0,0.0,0.0,100.0,0.0,0.0,0.0,0.0,0.0,35.1,50.0,0.0,0.0,0.0,0.0,0.0,14.0,2.0,0.0,0.0,0.0,0.0,0.0,0.0,0.0,35.7,39.8,57.0,57,57,0.0,0.0,0.0,11.7523193359375,11.7523193359375,11.7523193359375,342.942,342.942,342.942,57,0.0,11.7523193359375,342.942,5
11776637.990821356,81.85037994384766,126126941.52497245,206093.0146276575,2101843.4677917515,13957554.2783046,13.762500000000001,0.0,100.0,14.4,83.0,41.9,0.0,29.1,19.3,51.1,49.4,24.7,0.0,65.9,0.0,0.0,0.0,52.2,50.6,0.0,0.0,1.1,0.0,0.0,0.0,0.0,0.0,1.1,1.1,0.0,1.1,1.1,1.1,0.0,2.2,84.9,6.8,27.6,0.0,0.0,0.0,0.0,0.0,100.0,1.1,0.0,0.0,0.0,0.0,36.8,50.0,0.0,0.0,0.0,0.0,0.0,1.1,3.3,0.0,3.3,0.0,0.0,0.0,0.0,0.0,37.5,38.0,87.0,87,87,0.0,0.0,0.0,11.7523193359375,11.7523193359375,11.7523193359375,342.959,342.959,342.959,87,0.0,11.7523193359375,342.959,5
11776638.99068766,81.84664535522461,125894980.53960517,205660.4957966186,2097432.416396543,13928262.140133291,13.1375,0.0,100.0,5.6,81.3,29.8,1.8,34.0,0.9,47.2,49.1,27.4,0.0,61.0,0.0,0.0,0.0,49.1,50.5,0.0,0.0,0.0,0.0,0.0,0.0,0.0,0.9,0.0,0.9,0.0,0.0,0.0,0.0,0.0,0.0,80.6,0.0,55.6,1.8,0.9,0.0,0.0,0.0,100.0,1.8,0.0,0.0,0.0,0.0,34.6,50.0,0.0,0.0,0.0,0.0,0.0,0.9,0.0,0.9,0.0,0.0,0.0,0.0,0.0,0.0,35.8,38.4,60.0,60,60,0.0,0.0,0.0,11.7523193359375,11.7523193359375,11.7523193359375,302.43,302.43,302.43,60,0.0,11.7523193359375,302.43,5
11776639.990943972,81.84457397460938,125881369.20169711,205590.30491284683,2096614.614300446,13922831.423088897,13.4578125,0.0,100.0,7.0,77.3,33.3,5.0,31.6,0.0,49.5,50.5,56.1,3.0,36.4,0.0,1.0,0.0,49.5,48.0,0.0,0.0,0.0,0.0,0.0,1.0,0.0,0.0,0.0,2.0,1.0,1.0,1.0,9.1,0.0,1.0,78.1,8.9,39.4,1.0,0.0,0.0,0.0,0.0,100.0,2.0,0.0,0.0,0.0,0.0,36.1,50.5,0.0,0.0,0.0,0.0,0.0,0.0,0.0,2.0,1.0,1.0,3.0,0.0,0.0,0.0,36.4,37.6,58.0,58,58,0.0,0.0,0.0,11.7523193359375,11.7523193359375,11.7523193359375,345.896,345.896,345.896,58,0.0,11.7523193359375,345.896,5
11776640.991290055,81.84606170654297,125902800.15678601,205578.85261406488,2096426.4620339966,13921581.974444509,13.7515625,0.0,100.0,7.9,80.5,55.3,1.1,14.9,0.0,51.7,48.9,28.7,10.1,50.0,1.1,0.0,0.0,50.6,48.9,0.0,0.0,0.0,0.0,0.0,0.0,0.0,1.1,1.1,19.1,0.0,1.1,0.0,43.8,0.0,1.1,83.9,0.0,2.2,1.1,0.0,0.0,0.0,0.0,100.0,1.1,13.3,0.0,0.0,0.0,34.9,48.8,0.0,0.0,0.0,0.0,0.0,0.0,0.0,0.0,1.1,2.2,0.0,0.0,0.0,0.0,36.0,38.5,71.0,71,71,0.0,0.0,0.0,11.7523193359375,11.7523193359375,11.7523193359375,344.787,344.787,344.787,71,0.0,11.7523193359375,344.787,5
11776641.990657607,81.84771728515625,126058830.67070727,205780.14526639914,2098479.1792157525,13935213.299479606,13.2734375,0.0,100.0,8.2,76.4,41.3,7.3,21.5,0.0,46.3,50.9,0.9,51.9,37.7,0.0,0.0,0.0,47.7,50.9,0.0,0.0,0.9,0.0,0.0,0.0,0.0,0.0,0.9,0.9,0.9,0.9,0.9,0.9,0.9,0.9,80.4,1.8,0.9,0.0,0.0,0.0,0.0,0.0,100.0,0.9,38.5,17.9,0.0,0.9,33.3,48.6,1.8,0.0,0.0,0.0,0.0,0.0,0.9,0.0,0.0,0.0,0.0,0.0,0.0,0.0,35.8,38.7,60.0,60,60,0.0,0.0,0.0,11.7523193359375,11.7523193359375,11.7523193359375,304.581,304.581,304.581,60,0.0,11.7523193359375,304.581,5
11776642.99117414,81.85169219970703,125949532.03770566,205552.82539026104,2096069.3131486427,13919210.282627705,13.7921875,0.0,100.0,13.0,85.6,29.5,20.6,40.2,14.0,50.0,49.5,0.0,60.8,30.3,0.0,0.0,0.0,50.5,49.5,0.0,0.0,0.0,0.0,0.0,0.0,0.0,1.0,1.0,0.0,0.0,1.0,1.0,0.0,0.0,0.0,77.6,0.0,5.0,2.0,2.0,0.0,0.0,0.0,100.0,0.0,14.1,5.1,0.0,1.0,33.7,51.0,2.0,0.0,1.0,0.0,1.0,1.0,4.9,1.0,1.0,1.0,5.0,0.0,1.0,0.0,36.0,38.8,59.0,59,59,0.0,0.0,0.0,11.7523193359375,11.7523193359375,11.7523193359375,345.632,345.632,345.632,59,0.0,11.7523193359375,345.632,5
11776643.995206775,81.85785293579102,125541066.56778334,204840.95099418765,2088728.9164492243,13870465.46079563,13.2375,0.0,100.0,10.1,75.9,2.2,33.7,21.1,42.0,47.2,49.4,40.9,14.6,33.0,0.0,0.0,0.0,47.7,50.0,0.0,0.0,0.0,0.0,0.0,0.0,0.0,0.0,0.0,1.1,0.0,0.0,0.0,12.1,0.0,1.1,83.9,3.4,1.1,1.1,0.0,0.0,1.1,0.0,100.0,0.0,1.1,0.0,0.0,0.0,33.3,47.7,0.0,12.1,3.3,1.1,0.0,0.0,0.0,1.1,1.1,0.0,0.0,0.0,0.0,0.0,35.2,38.5,63.0,63,63,0.0,0.0,0.0,11.7523193359375,11.7523193359375,11.7523193359375,340.294,340.294,340.294,63,0.0,11.7523193359375,340.294,5
11776644.992026046,81.84989166259766,126482366.15852271,206324.26160878295,2103843.75732434,13970837.450981945,13.3296875,0.0,100.0,4.5,79.4,0.0,36.5,0.0,28.6,49.5,47.6,23.4,0.0,67.0,0.0,0.0,0.0,52.7,50.0,0.0,0.0,0.0,0.0,0.0,0.0,0.0,0.9,2.8,33.6,11.8,1.8,2.7,0.0,2.8,0.9,81.5,2.7,2.8,1.8,0.0,0.0,0.0,0.0,100.0,0.9,0.0,0.0,0.0,0.0,35.2,50.5,0.9,0.0,2.8,0.0,0.0,0.0,0.0,0.0,1.8,0.0,0.9,0.0,0.0,0.0,37.3,37.5,62.0,62,62,0.0,0.0,0.0,11.7523193359375,11.7523193359375,11.7523193359375,305.543,305.543,305.543,62,0.0,11.7523193359375,305.543,5
11776645.9923489,81.8499641418457,126072099.10006507,205611.61743677047,2096475.144306917,13921905.25516312,13.6390625,0.0,100.0,7.0,82.3,0.0,48.9,0.0,15.6,50.5,50.0,43.4,1.0,47.4,0.0,0.0,0.0,50.0,51.0,0.0,0.0,1.0,0.0,0.0,0.0,0.0,1.0,58.4,17.2,0.0,0.0,0.0,0.0,1.0,1.0,77.9,0.0,0.0,1.0,0.0,0.0,1.0,0.0,100.0,0.0,1.0,0.0,0.0,0.0,34.0,51.0,0.0,1.0,0.0,0.0,0.0,0.0,1.0,0.0,0.0,0.0,1.0,2.0,0.0,0.0,36.1,39.2,59.0,59,59,0.0,0.0,0.0,11.7523193359375,11.7523193359375,11.7523193359375,344.274,344.274,344.274,59,0.0,11.7523193359375,344.274,5
11776646.99072774,81.84940338134766,126350377.26051252,206020.99312841386,2100557.340917216,13949013.592028387,13.5578125,0.0,100.0,6.7,79.8,2.2,29.5,0.0,37.5,50.6,49.4,53.3,0.0,37.1,1.1,0.0,0.0,50.0,48.3,0.0,0.0,0.0,0.0,0.0,0.0,0.0,0.0,53.9,0.0,1.1,1.1,1.1,2.2,0.0,1.1,83.5,2.2,3.3,1.1,0.0,0.0,0.0,0.0,100.0,1.1,0.0,0.0,0.0,1.1,35.2,49.4,0.0,0.0,0.0,0.0,0.0,0.0,1.1,1.1,3.2,4.3,2.2,0.0,0.0,0.0,36.3,36.6,62.0,62,62,0.0,0.0,0.0,11.7523193359375,11.7523193359375,11.7523193359375,341.352,341.352,341.352,62,0.0,11.7523193359375,341.352,5
11776647.994102264,81.85083389282227,125756667.05672598,204996.23519943087,2090098.9101987323,13879563.075538456,13.1671875,0.0,100.0,2.8,79.0,7.5,40.6,0.0,22.9,48.6,49.1,42.5,0.0,47.1,0.0,0.0,0.0,50.0,49.0,0.0,0.0,0.0,0.0,0.0,0.0,0.0,0.0,48.6,8.4,0.9,1.9,1.9,0.0,0.0,0.9,79.8,1.9,0.0,0.9,0.0,0.0,0.0,0.0,100.0,0.0,0.0,0.0,0.0,0.0,34.6,48.6,0.0,0.0,0.0,0.0,0.0,0.0,0.0,0.0,0.0,0.9,0.0,0.0,0.0,0.0,35.2,39.1,61.0,61,61,0.0,0.0,0.0,11.7523193359375,11.7523193359375,11.7523193359375,302.203,302.203,302.203,61,0.0,11.7523193359375,302.203,5
11776648.990179144,81.84793090820312,126710856.8939984,206506.1483961704,2105411.783026046,13981250.121657338,13.3546875,0.0,100.0,4.0,80.2,5.9,27.8,0.0,36.8,50.5,49.5,53.1,7.9,32.0,0.0,0.0,0.0,48.5,47.9,0.0,0.0,0.0,0.0,0.0,0.0,0.0,2.0,49.0,1.0,0.0,0.0,0.0,1.0,0.0,2.0,78.1,8.0,4.0,2.0,1.0,0.0,0.0,0.0,100.0,1.0,1.0,0.0,1.0,0.0,34.0,50.5,0.0,0.0,0.0,0.0,0.0,0.0,0.0,0.0,0.0,0.0,0.0,0.0,0.0,0.0,37.4,37.6,59.0,59,59,0.0,0.0,0.0,11.7523193359375,11.7523193359375,11.7523193359375,340.513,340.513,340.513,59,0.0,11.7523193359375,340.513,5
11776649.992281267,81.84395217895508,125984342.3440764,205274.48766046672,2092752.775058205,13897186.396870892,13.578125,0.0,100.0,2.1,81.7,9.5,31.2,1.0,37.4,50.0,48.4,62.0,28.0,0.0,0.0,0.0,0.0,49.5,48.9,0.0,0.0,0.0,0.0,0.0,1.0,0.0,0.0,0.0,2.1,0.0,1.0,1.0,0.0,1.1,0.0,84.9,3.3,49.5,1.1,2.1,0.0,0.0,0.0,100.0,1.1,0.0,0.0,1.1,0.0,34.1,48.9,0.0,1.1,2.1,1.1,0.0,0.0,0.0,0.0,7.4,1.1,1.0,0.0,0.0,0.0,34.4,38.8,62.0,62,62,0.0,0.0,0.0,11.7523193359375,11.7523193359375,11.7523193359375,325.787,325.787,325.787,62,0.0,11.7523193359375,325.787,5
11776650.99086595,81.86611938476562,126460871.33207983,205998.55343554565,2100124.3435296877,13946138.218751831,13.5984375,0.0,100.0,2.9,80.6,3.8,17.5,1.0,47.5,50.5,49.0,37.5,53.9,0.0,0.0,0.0,0.0,49.0,49.5,0.0,0.0,0.0,0.0,0.0,0.0,0.0,0.0,0.9,17.1,0.9,0.0,0.0,0.0,0.9,1.0,79.8,20.0,17.8,1.0,1.0,0.0,0.9,0.9,100.0,21.7,0.0,0.0,0.0,0.0,36.3,50.0,0.0,0.0,0.0,0.0,0.0,0.0,0.0,0.0,1.0,0.0,0.0,0.0,0.0,0.0,38.1,38.3,59.0,59,59,0.0,0.0,0.0,11.7523193359375,11.7523193359375,11.7523193359375,296.522,296.522,296.522,59,0.0,11.7523193359375,296.522,5
11776651.9603818,81.8340835571289,130286270.10069631,212182.1936558867,2163092.0199394794,14364282.944910606,13.371875,0.0,100.0,6.6,84.1,0.0,33.3,0.0,36.4,50.0,48.9,50.6,37.5,0.0,0.0,0.0,0.0,48.9,48.9,0.0,0.0,0.0,0.0,0.0,0.0,0.0,1.1,0.0,1.1,0.0,1.1,0.0,1.1,0.0,1.1,85.2,3.3,55.1,2.2,1.1,0.0,0.0,0.0,100.0,0.0,0.0,1.1,0.0,0.0,33.7,50.5,0.0,0.0,1.1,0.0,0.0,0.0,0.0,0.0,0.0,0.0,0.0,0.0,0.0,0.0,35.2,36.6,62.0,62,62,0.0,0.0,0.0,11.7523193359375,11.7523193359375,11.7523193359375,334.686,334.686,334.686,62,0.0,11.7523193359375,334.686,5
11776652.991783205,81.8476676940918,122500652.38800786,199458.7160542689,2033303.4157291984,13502405.495076708,13.8265625,0.0,100.0,2.8,77.9,5.6,13.2,0.0,51.0,49.0,47.1,50.0,42.1,0.9,0.0,0.0,0.0,50.0,49.1,0.0,0.0,0.0,0.0,0.0,0.0,0.0,0.9,0.9,0.9,0.9,0.0,0.9,0.0,0.0,0.9,78.8,9.5,46.7,0.9,0.9,0.0,6.5,6.5,100.0,6.6,6.5,6.5,6.5,0.9,34.0,49.5,0.0,0.0,0.0,0.0,0.0,0.0,0.0,0.9,1.9,2.8,0.9,0.0,0.0,0.0,34.9,39.1,60.0,60,60,0.0,0.0,0.0,11.7523193359375,11.7523193359375,11.7523193359375,309.665,309.665,309.665,60,0.0,11.7523193359375,309.665,5
11776653.991231175,81.9110221862793,126452627.67949404,205837.62860380055,2098310.3308399483,13934092.04073403,14.728125,0.0,100.0,20.7,78.0,10.5,30.4,20.4,41.3,48.4,48.9,10.9,34.4,30.1,1.1,0.0,0.0,50.0,48.9,0.0,0.0,0.0,0.0,0.0,0.0,0.0,0.0,1.1,1.1,1.1,19.1,0.0,1.1,1.1,0.0,77.2,7.4,0.0,1.1,1.1,0.0,16.0,15.8,100.0,16.0,17.7,16.0,16.0,0.0,34.4,48.9,0.0,0.0,0.0,0.0,0.0,0.0,0.0,0.0,2.2,2.2,0.0,0.0,0.0,0.0,33.7,38.3,71.0,71,71,0.0,0.0,0.0,11.7523193359375,11.7523193359375,11.7523193359375,339.972,339.972,339.972,71,0.0,11.7523193359375,339.972,5
11776654.959819568,81.91240310668945,130515254.86977762,212403.9493434601,2165163.2569242315,14378037.253012476,13.525,0.0,100.0,23.6,80.7,14.4,37.5,44.9,38.9,51.6,51.7,0.0,0.0,0.0,1.1,0.0,0.0,51.1,52.2,0.0,0.0,0.0,0.0,0.0,0.0,0.0,1.1,0.0,2.2,1.1,57.6,0.0,0.0,0.0,2.2,84.3,1.1,2.2,0.0,1.1,0.0,0.0,0.0,100.0,1.1,0.0,0.0,0.0,0.0,36.0,50.0,0.0,0.0,0.0,0.0,0.0,0.0,0.0,0.0,1.1,1.1,0.0,1.1,0.0,0.0,36.3,38.3,75.0,75,75,0.0,0.0,0.0,11.7523193359375,11.7523193359375,11.7523193359375,362.669,362.669,362.669,75,0.0,11.7523193359375,362.669,5
11776655.980863452,81.91042709350586,123842182.52171129,201501.62328696437,2053929.3497657448,13639374.588288149,13.385937499999999,0.0,100.0,26.7,81.7,18.4,55.8,28.2,25.2,49.5,49.0,1.0,1.0,0.0,0.0,0.0,0.0,50.0,47.5,0.0,0.0,0.0,0.0,0.0,0.0,0.0,1.0,1.0,16.2,1.0,55.3,0.0,1.0,0.0,1.0,79.0,0.0,2.9,0.0,0.0,0.0,0.0,0.0,100.0,0.0,0.0,0.0,0.0,0.0,35.3,48.0,0.0,0.9,1.9,0.0,0.0,0.0,0.9,1.9,1.0,0.0,0.0,0.0,0.0,0.0,35.9,38.5,69.0,69,69,0.0,0.0,0.0,11.7523193359375,11.7523193359375,11.7523193359375,347.32,347.32,347.32,69,0.0,11.7523193359375,347.32,5
11776656.992814146,81.9206657409668,124987349.4300207,203312.27718393767,2072385.5543391686,13761935.32178354,13.4234375,0.0,100.0,2.8,80.2,51.4,20.6,1.8,21.3,50.5,49.1,45.6,19.4,0.9,0.0,0.9,0.0,48.6,50.0,0.0,0.0,0.0,0.0,0.0,0.0,0.0,0.0,0.0,0.0,0.9,14.5,14.5,0.9,0.9,0.0,80.4,6.3,0.0,0.9,0.0,0.9,0.0,0.0,100.0,0.9,0.0,0.0,0.0,0.0,33.7,49.5,0.0,0.0,0.0,0.9,0.0,0.0,0.0,0.0,9.1,22.0,2.7,0.9,0.0,0.0,37.4,38.7,60.0,60,60,0.0,0.0,0.0,11.7523193359375,11.7523193359375,11.7523193359375,300.599,300.599,300.599,60,0.0,11.7523193359375,300.599,5
11776657.962316789,81.91039657592773,130493480.28701228,212221.18530407993,2163121.4888180345,14364478.63668226,13.4078125,0.0,100.0,8.3,76.3,57.6,32.6,0.0,0.0,49.5,48.4,15.8,34.4,18.1,0.0,0.0,0.0,49.5,50.0,0.0,0.0,0.0,0.0,0.0,0.0,0.0,1.0,0.0,1.0,0.0,0.0,0.0,0.0,0.0,1.0,85.1,1.1,1.0,3.0,0.0,0.0,0.0,0.0,100.0,0.0,0.0,0.0,0.0,0.0,34.4,52.6,0.0,0.0,1.0,0.0,0.0,1.0,0.0,0.0,19.8,29.9,10.4,2.1,0.0,0.0,35.8,37.4,57.0,57,57,0.0,0.0,0.0,11.7523193359375,11.7523193359375,11.7523193359375,336.317,336.317,336.317,57,0.0,11.7523193359375,336.317,5
11776658.992973112,81.92110824584961,122785117.7894818,199636.86773264533,2034773.3318392697,13512166.65674515,13.5765625,0.0,100.0,14.6,78.8,37.0,51.5,1.0,1.9,49.5,49.0,0.0,15.8,53.1,1.0,0.0,0.0,50.0,51.5,0.0,0.0,0.0,1.0,0.0,0.0,0.0,0.0,0.0,1.0,1.0,1.0,1.0,1.0,0.0,1.0,79.0,26.2,1.0,0.0,0.0,0.0,0.0,0.0,100.0,1.0,1.9,0.0,0.0,1.0,34.3,50.0,0.0,1.0,0.0,14.7,10.8,0.0,0.0,0.0,2.0,2.0,1.9,1.0,3.9,0.0,37.0,38.5,57.0,57,57,0.0,0.0,0.0,11.7523193359375,11.7523193359375,11.7523193359375,303.602,303.602,303.602,57,0.0,11.7523193359375,303.602,5
11776659.994705996,81.90929412841797,126363021.54494359,205402.06205824585,2093524.1655224797,13902308.911672717,13.59375,0.0,100.0,7.1,84.7,32.3,1.0,0.0,56.3,50.5,48.4,1.0,19.0,49.5,0.0,0.0,0.0,50.0,47.9,0.0,0.0,0.0,0.0,0.0,0.0,0.0,1.0,2.0,15.2,0.0,2.0,0.0,0.0,2.0,0.0,78.6,2.0,0.0,0.0,0.0,0.0,0.0,0.0,100.0,2.0,0.0,0.0,0.0,0.0,34.7,50.0,0.0,0.0,0.0,2.0,11.0,9.9,35.4,0.0,0.0,0.0,0.0,0.0,0.0,0.0,35.1,39.4,61.0,61,61,0.0,0.0,0.0,11.7523193359375,11.7523193359375,11.7523193359375,329.865,329.865,329.865,61,0.0,11.7523193359375,329.865,5
11776660.991995726,81.9113655090332,126961529.99594754,206329.20781338023,2102851.294281217,13968354.00752035,13.5578125,0.0,100.0,12.5,76.2,44.0,1.1,0.0,47.1,47.7,50.0,0.0,54.2,16.3,0.0,0.0,0.0,49.4,50.0,0.0,0.0,0.0,0.0,0.0,0.0,0.0,0.0,0.0,9.9,0.0,0.0,0.0,0.0,0.0,1.1,83.5,1.1,1.1,0.0,0.0,0.0,0.0,0.0,100.0,2.3,0.0,0.0,0.0,0.0,34.5,49.4,0.0,0.0,0.0,0.0,0.0,34.5,20.7,0.0,3.4,2.3,1.1,0.0,0.0,0.0,37.2,37.1,85.0,85,85,0.0,0.0,0.0,11.7523193359375,11.7523193359375,11.7523193359375,345.183,345.183,345.183,85,0.0,11.7523193359375,345.183,5
11776661.991447557,81.91077041625977,126719584.75018664,205889.86244347258,2098302.224267306,13938136.454556849,13.565625,0.0,100.0,7.1,79.6,33.9,0.9,27.0,28.4,50.9,49.5,0.9,36.2,22.4,0.0,0.0,0.0,50.9,49.5,0.0,0.0,0.0,0.0,0.0,0.0,0.0,0.9,0.9,9.9,1.8,0.9,0.9,0.9,0.9,0.9,80.4,1.8,2.7,1.8,0.9,0.0,0.0,0.0,100.0,0.0,0.0,0.0,0.0,0.0,34.6,50.9,0.0,0.9,0.0,0.9,0.0,36.0,20.9,0.9,0.9,2.7,0.0,2.6,0.0,0.0,35.5,38.6,62.0,62,62,0.0,0.0,0.0,11.7523193359375,11.7523193359375,11.7523193359375,305.454,305.454,305.454,62,0.0,11.7523193359375,305.454,5
11776662.993617833,81.91331481933594,126408463.75795615,205332.3721019968,2092610.45796172,13900328.452202752,13.3796875,0.0,100.0,13.0,82.7,49.0,1.0,37.1,0.0,50.5,49.5,0.0,33.3,28.6,0.0,0.0,0.0,48.5,49.0,0.0,0.0,0.0,0.0,0.0,0.0,0.0,0.0,0.0,0.0,0.0,0.0,0.0,1.0,1.0,1.0,78.6,2.0,2.0,1.0,0.0,0.0,0.0,0.0,100.0,2.0,0.0,0.0,0.0,0.0,35.4,50.0,1.0,0.0,0.0,0.0,0.0,1.0,49.0,9.9,1.0,1.0,1.0,0.0,0.0,0.0,38.0,38.2,59.0,59,59,0.0,0.0,0.0,11.7523193359375,11.7523193359375,11.7523193359375,344.697,344.697,344.697,59,0.0,11.7523193359375,344.697,5
11776663.992967164,81.91076278686523,126798001.4675424,205920.98630272635,2098517.439229568,13939566.036757346,13.271875,0.0,100.0,53.6,78.6,37.6,1.1,0.0,0.0,48.8,49.4,1.1,32.9,41.9,1.1,0.0,0.0,50.0,50.0,0.0,0.0,0.0,0.0,0.0,0.0,0.0,0.0,1.1,1.1,0.0,0.0,1.1,1.1,1.1,0.0,83.9,0.0,0.0,0.0,0.0,0.0,0.0,0.0,100.0,0.0,0.0,1.1,0.0,0.0,34.5,51.1,1.1,24.4,1.1,12.8,0.0,0.0,0.0,15.1,0.0,0.0,0.0,0.0,0.0,0.0,34.5,38.2,90.0,90,90,0.0,0.0,0.0,11.7523193359375,11.7523193359375,11.7523193359375,347.578,347.578,347.578,90,0.0,11.7523193359375,347.578,5
11776664.992075186,81.91253280639648,126864089.9672348,205980.73026357297,2099024.2833166304,13942932.788202852,13.428125,0.0,100.0,38.2,80.6,55.6,0.0,0.0,0.0,51.3,49.1,14.5,18.9,39.0,0.0,1.8,0.0,51.8,51.8,0.0,0.0,0.0,0.0,0.0,0.0,0.0,0.0,1.8,0.0,0.9,11.6,0.9,0.9,1.8,0.0,80.4,0.9,1.8,0.0,0.0,0.0,0.0,0.0,100.0,0.9,0.9,0.9,0.0,0.0,34.9,49.5,0.9,22.7,0.0,0.0,0.0,0.0,18.0,0.9,0.9,0.9,0.9,0.0,0.0,0.0,35.8,37.7,58.0,58,58,0.0,0.0,0.0,11.7523193359375,11.7523193359375,11.7523193359375,305.87,305.87,305.87,58,0.0,11.7523193359375,305.87,5
11776665.981601948,81.91064071655273,128128272.93597136,207976.1841380883,2119348.441275232,14077937.595267704,13.609375,0.0,100.0,41.9,78.7,27.8,39.6,4.3,33.7,48.9,50.0,3.2,12.1,8.7,2.2,0.0,0.0,51.6,50.0,0.0,0.0,0.0,0.0,0.0,0.0,0.0,2.1,23.1,0.0,0.0,0.0,1.1,37.4,0.0,2.2,81.1,2.2,1.1,0.0,0.0,0.0,0.0,0.0,100.0,0.0,0.0,1.1,0.0,0.0,34.5,49.5,0.0,0.0,0.0,0.0,0.0,0.0,1.1,0.0,2.2,0.0,0.0,0.0,0.0,7.6,34.8,37.2,72.0,72,72,0.0,0.0,0.0,11.7523193359375,11.7523193359375,11.7523193359375,366.043,366.043,366.043,72,0.0,11.7523193359375,366.043,5
11776666.96165953,81.9136734008789,129399591.71344124,209997.86515153263,2139825.2898220057,14213956.66149344,13.5828125,0.0,100.0,42.9,82.5,19.6,0.0,32.6,27.1,48.5,49.0,9.2,26.3,5.1,0.0,0.0,0.0,48.5,50.5,0.0,0.0,0.0,0.0,0.0,0.0,0.0,0.0,0.0,18.0,0.0,2.0,0.0,0.0,1.0,0.0,81.3,4.0,0.0,0.0,2.0,2.0,0.0,0.0,100.0,2.0,0.0,0.0,0.0,0.0,35.4,49.5,0.0,0.0,1.0,0.0,0.0,0.0,1.0,0.0,50.0,2.0,1.0,1.0,0.0,0.0,35.7,38.6,62.0,62,62,0.0,0.0,0.0,11.7523193359375,11.7523193359375,11.7523193359375,355.08,355.08,355.08,62,0.0,11.7523193359375,355.08,5
11776667.994726505,81.97800827026367,122791400.82451448,199230.06444901627,2030025.2073160917,13484601.035316462,13.871875,0.0,100.0,2.8,80.0,0.0,0.0,39.6,22.9,50.9,50.9,41.9,48.6,3.7,0.0,0.0,0.0,50.5,49.5,0.0,0.9,0.9,0.9,0.9,1.8,0.9,2.8,1.8,1.9,0.9,2.8,0.9,5.5,3.7,3.6,81.0,1.9,0.0,0.9,1.9,0.0,0.9,0.9,100.0,0.9,0.0,0.0,0.0,0.0,33.7,48.6,2.8,1.9,0.9,0.9,1.9,1.9,2.8,2.8,42.2,5.6,3.7,0.9,1.8,0.0,36.4,39.1,57.0,57,57,0.0,0.0,0.0,11.7523193359375,11.7523193359375,11.7523193359375,305.675,305.675,305.675,57,0.0,11.7523193359375,305.675,5
11776668.993791267,81.91142272949219,127003205.20517854,206010.66897610246,2099115.1719702417,13943536.523185141,13.4546875,0.0,100.0,4.0,78.1,1.0,0.0,46.9,20.6,48.5,49.5,66.3,7.1,21.4,1.0,1.0,0.0,51.5,50.0,0.0,0.0,0.0,0.0,0.0,0.0,0.0,1.0,0.0,0.0,1.0,0.0,1.0,2.0,1.0,0.0,82.7,1.0,3.0,0.0,0.0,1.0,0.0,0.0,100.0,46.9,0.0,0.0,0.0,0.0,33.3,51.0,0.0,3.0,2.0,1.0,0.0,0.0,0.0,1.0,0.0,0.0,9.0,0.0,0.0,0.0,35.1,38.2,62.0,62,62,0.0,0.0,0.0,11.7523193359375,11.7523193359375,11.7523193359375,323.092,323.092,323.092,62,0.0,11.7523193359375,323.092,5
11776669.99339132,81.91315078735352,126967916.4584167,205907.35206200695,2097991.085589904,13936069.6915845,13.39375,0.0,100.0,2.3,83.5,0.0,0.0,17.6,52.4,48.8,51.1,51.8,5.7,38.8,0.0,0.0,0.0,47.7,48.2,0.0,0.0,0.0,0.0,0.0,0.0,0.0,1.1,0.0,2.2,0.0,1.1,0.0,0.0,0.0,1.1,78.8,2.2,1.1,0.0,0.0,0.0,0.0,0.0,100.0,11.4,1.1,0.0,0.0,0.0,36.0,48.3,1.1,0.0,1.1,1.1,0.0,0.0,0.0,0.0,47.1,0.0,0.0,0.0,0.0,0.0,35.6,38.9,59.0,59,59,0.0,0.0,0.0,11.7523193359375,11.7523193359375,11.7523193359375,342.61,342.61,342.61,59,0.0,11.7523193359375,342.61,5
11776670.995151673,81.91226196289062,126726767.2307903,205471.29810664576,2093466.7607572563,13906016.51042076,13.21875,0.0,100.0,3.5,80.0,1.8,0.0,30.0,32.7,50.4,47.7,28.4,11.6,54.1,0.0,0.0,0.0,51.4,49.1,0.0,0.0,0.0,0.0,0.0,0.0,0.0,0.0,0.9,0.0,0.0,1.8,0.9,25.9,13.5,0.9,80.6,0.0,0.0,0.0,0.0,0.0,0.0,0.0,100.0,0.0,0.9,0.0,0.0,0.0,34.3,51.8,0.0,0.9,0.9,0.0,0.0,0.0,0.0,0.0,17.0,0.0,0.9,0.0,0.0,0.0,35.8,38.3,85.0,85,85,0.0,0.0,0.0,11.7523193359375,11.7523193359375,11.7523193359375,303.636,303.636,303.636,85,0.0,11.7523193359375,303.636,5
11776671.992617084,81.91250228881836,127305225.39833358,206356.02767632992,2102480.9246013546,13965893.797986733,13.6859375,0.0,100.0,3.0,78.4,1.0,0.0,44.2,20.6,50.0,51.5,36.0,23.7,37.8,2.9,1.0,0.0,50.5,50.5,0.0,0.0,0.0,0.0,0.0,0.0,0.0,1.0,0.0,45.9,1.0,1.0,10.9,0.0,18.8,1.0,78.4,2.0,2.0,0.0,0.0,0.0,0.0,0.0,100.0,0.0,0.0,0.0,0.0,0.0,35.7,49.5,0.0,0.0,0.0,0.0,0.0,0.0,0.0,0.0,1.0,0.0,0.0,0.0,0.0,0.0,36.4,40.2,83.0,83,83,0.0,0.0,0.0,11.7523193359375,11.7523193359375,11.7523193359375,344.399,344.399,344.399,83,0.0,11.7523193359375,344.399,5
11776672.992762666,81.92715072631836,126996785.49273416,205810.03766385137,2096846.735847363,13928468.259017346,13.634375,0.0,100.0,3.4,82.8,1.1,2.2,39.1,31.4,48.3,50.0,64.4,17.4,12.4,0.0,0.0,1.1,49.4,50.0,0.0,0.0,0.0,0.0,0.0,0.0,0.0,1.1,0.0,50.5,0.0,1.1,0.0,10.0,2.2,0.0,83.0,1.1,3.4,2.2,1.1,0.0,0.0,0.0,100.0,0.0,0.0,0.0,0.0,0.0,33.3,50.6,0.0,0.0,1.1,1.1,2.2,0.0,0.0,1.1,2.2,0.0,0.0,0.0,0.0,0.0,36.0,36.3,95.0,95,95,0.0,0.0,0.0,11.7523193359375,11.7523193359375,11.7523193359375,345.921,345.921,345.921,95,0.0,11.7523193359375,345.921,5
11776673.996366022,81.93088150024414,126591847.51189986,205107.9231428931,2089622.3468642463,13880479.690791605,13.4953125,0.0,100.0,3.6,81.1,0.0,0.0,29.0,31.8,50.5,49.5,37.4,8.2,47.2,0.0,0.0,0.0,50.9,48.6,0.0,0.0,0.0,0.0,0.0,0.0,0.0,0.0,55.8,0.9,0.9,2.7,0.9,2.7,0.0,2.7,80.4,1.8,0.9,0.9,0.0,0.0,0.0,0.0,100.0,0.0,0.0,0.0,0.0,0.0,34.9,51.8,0.9,0.0,0.0,0.9,0.0,8.1,1.8,0.0,0.9,0.0,0.0,0.0,0.0,0.0,35.8,40.2,84.0,84,84,0.0,0.0,0.0,11.7523193359375,11.7523193359375,11.7523193359375,303.727,303.727,303.727,84,0.0,11.7523193359375,303.727,5
11776674.996456036,81.91145324707031,127072015.71549957,205832.47215684978,2096963.2435532585,13929242.170555923,13.5703125,0.0,100.0,4.0,77.6,0.0,44.8,5.1,14.3,51.5,51.0,72.2,11.8,21.2,0.0,0.0,1.0,51.0,51.5,0.0,0.0,0.0,0.0,0.0,0.0,0.0,1.0,14.1,37.1,1.0,0.0,0.0,1.0,1.0,0.0,84.5,2.0,1.0,2.0,0.0,0.0,0.0,0.0,100.0,0.0,0.0,0.0,1.0,0.0,37.4,48.5,0.0,0.0,0.0,0.0,0.0,2.0,2.0,1.0,1.0,0.0,0.0,0.0,0.0,0.0,35.4,38.5,84.0,84,84,0.0,0.0,0.0,11.7523193359375,11.7523193359375,11.7523193359375,350.31,350.31,350.31,84,0.0,11.7523193359375,350.31,5
11776675.995423775,81.91620254516602,127247523.67867708,206080.7291362001,2099319.0455507427,14076098.209718164,13.409375,0.0,100.0,4.4,80.2,15.9,26.7,0.0,28.7,51.1,50.5,17.0,37.9,42.0,0.0,0.0,0.0,51.1,51.7,0.0,0.0,0.0,0.0,0.0,0.0,0.0,0.0,0.0,34.8,21.3,1.1,0.0,1.1,0.0,1.1,77.0,1.1,1.1,0.0,0.0,0.0,0.0,0.0,100.0,0.0,0.0,0.0,0.0,0.0,32.6,49.4,2.2,0.0,1.1,0.0,0.0,0.0,1.1,1.1,1.1,0.0,0.0,0.0,0.0,0.0,36.4,37.4,97.0,97,97,0.0,0.0,0.0,11.7523193359375,11.7523193359375,11.7523193359375,345.666,345.666,345.666,97,0.0,11.7523193359375,345.666,5
11776676.995744849,81.91244888305664,127110817.09045857,205809.91989741044,2096478.8762784107,14057054.652858952,13.740625,0.0,100.0,4.6,76.4,2.7,43.3,0.9,18.5,51.8,48.6,53.3,9.1,37.3,0.0,0.0,0.0,50.9,50.9,0.0,0.0,0.0,0.0,0.0,0.0,0.0,0.9,0.9,16.2,43.1,14.4,0.9,0.0,0.9,0.0,80.4,0.9,0.0,1.8,0.0,0.0,0.0,0.0,100.0,1.8,0.0,0.0,0.0,0.0,36.4,51.8,0.0,0.9,0.0,0.0,0.0,0.9,1.8,1.8,0.0,0.9,0.0,0.0,0.0,0.0,35.5,38.9,84.0,84,84,0.0,0.0,0.0,11.7523193359375,11.7523193359375,11.7523193359375,301.394,301.394,301.394,84,0.0,11.7523193359375,301.394,5
11776677.99443334,81.91718292236328,127351359.44626558,206147.3641107145,2099906.0455491054,14080034.090566559,13.3171875,0.0,100.0,2.0,84.8,0.0,46.3,1.0,14.4,49.0,49.5,24.0,4.1,69.1,0.0,0.0,0.0,49.5,49.5,0.0,0.0,0.0,0.0,0.0,0.0,0.0,1.0,1.0,28.6,3.0,9.1,0.0,1.0,1.0,1.0,80.2,1.0,0.0,0.0,0.0,0.0,0.0,0.0,100.0,0.0,0.0,0.0,0.0,0.0,34.7,51.5,0.0,0.0,0.0,1.0,0.0,0.0,1.0,0.0,2.0,16.3,3.0,0.0,0.0,0.0,35.1,37.6,85.0,85,85,0.0,0.0,0.0,11.7523193359375,11.7523193359375,11.7523193359375,348.443,348.443,348.443,85,0.0,11.7523193359375,348.443,5
11776678.994680991,81.91158294677734,127185554.2798546,205833.025099132,2096632.7653081098,14058086.490825666,13.378125,0.0,100.0,2.2,75.6,1.1,34.1,0.0,35.2,50.5,51.1,30.7,4.4,59.1,0.0,0.0,0.0,51.1,52.7,0.0,0.0,0.0,0.0,0.0,0.0,0.0,0.0,0.0,1.1,1.1,0.0,1.1,0.0,0.0,1.1,81.8,53.9,1.1,1.1,0.0,0.0,0.0,0.0,100.0,0.0,0.0,0.0,0.0,0.0,34.1,51.1,0.0,0.0,0.0,0.0,0.0,2.2,0.0,1.1,1.1,2.2,1.1,0.0,0.0,0.0,34.1,39.1,57.0,57,57,0.0,0.0,0.0,11.7523193359375,11.7523193359375,11.7523193359375,341.642,341.642,341.642,57,0.0,11.7523193359375,341.642,5
11776679.993110294,81.9145278930664,127452692.67339611,206208.8918680221,2100451.174193391,14083689.22071467,13.7125,0.0,100.0,10.8,79.4,1.8,27.4,0.9,34.0,51.8,51.4,60.7,8.2,28.4,0.0,0.0,0.0,49.5,49.5,0.0,0.0,0.0,0.0,0.0,0.0,0.0,1.8,10.8,1.8,0.0,0.0,0.0,0.9,0.9,0.0,80.4,18.9,21.4,20.0,0.0,0.0,0.0,0.0,100.0,0.9,0.9,0.0,0.0,0.0,35.5,50.0,0.0,0.0,0.0,0.0,0.0,0.0,0.9,0.0,0.0,1.8,0.9,0.0,0.0,0.0,36.7,39.3,84.0,84,84,0.0,0.0,0.0,11.7523193359375,11.7523193359375,11.7523193359375,305.421,305.421,305.421,84,0.0,11.7523193359375,305.421,5
11776680.994845368,81.91120910644531,127064752.19552837,205537.37734894513,2093519.5876620736,14037212.391491989,13.534375,0.0,100.0,3.0,82.3,2.0,37.1,1.0,27.1,49.5,51.5,62.2,7.9,30.9,3.0,0.0,0.0,50.0,50.5,0.0,0.0,0.0,0.0,0.0,0.0,0.0,0.0,1.0,0.0,0.0,1.0,0.0,1.0,0.0,2.0,85.4,1.0,18.2,36.6,0.0,0.0,0.0,0.0,100.0,0.0,1.0,0.0,0.0,0.0,35.8,49.5,0.0,0.0,1.0,0.0,0.0,0.0,0.0,1.0,0.0,0.0,1.0,0.0,0.0,0.0,35.4,37.3,85.0,85,85,0.0,0.0,0.0,11.7523193359375,11.7523193359375,11.7523193359375,342.751,342.751,342.751,85,0.0,11.7523193359375,342.751,5
11776681.99302322,81.95317459106445,127553100.56565948,206280.87418298516,2100980.2960326155,14087237.023984315,13.846874999999999,0.0,100.0,4.4,79.3,2.2,53.0,22.5,15.9,49.4,50.6,50.0,9.0,38.4,0.0,0.0,0.0,51.6,49.5,1.1,0.0,0.0,0.0,0.0,0.0,0.0,0.0,0.0,20.9,1.1,0.0,1.1,1.1,0.0,0.0,75.6,0.0,0.0,34.8,2.2,0.0,0.0,0.0,100.0,1.1,1.1,0.0,0.0,0.0,34.5,49.4,0.0,0.0,0.0,0.0,0.0,0.0,0.0,0.0,8.8,1.1,1.1,0.0,0.0,0.0,35.6,39.8,73.0,73,73,0.0,0.0,0.0,11.7523193359375,11.7523193359375,11.7523193359375,340.249,340.249,340.249,73,0.0,11.7523193359375,340.249,5
11776682.995580833,81.91184616088867,127028498.26710542,205379.71817199196,2091801.980155068,14025695.69896943,13.328125,0.0,100.0,14.2,80.4,17.3,14.8,28.8,41.3,50.5,48.6,68.9,21.1,4.5,0.0,0.0,0.0,48.6,50.9,0.0,0.0,1.8,0.0,0.0,0.0,0.9,0.0,7.3,0.0,0.0,0.9,0.9,0.0,0.9,0.9,79.8,0.0,0.9,0.0,0.0,0.0,0.0,0.0,100.0,0.9,0.0,0.0,0.0,0.0,35.2,50.9,0.9,0.9,0.0,2.8,0.0,0.0,0.9,0.0,1.8,2.7,0.0,0.0,0.0,0.0,34.9,36.9,84.0,84,84,0.0,0.0,0.0,11.7523193359375,11.7523193359375,11.7523193359375,300.331,300.331,300.331,84,0.0,11.7523193359375,300.331,5
11776683.995535726,81.94392776489258,127391878.35177487,205924.28876642336,2097246.601923523,14062202.313287998,13.5296875,0.0,100.0,54.7,79.2,3.0,5.9,0.0,10.2,49.5,50.5,72.2,21.2,0.0,0.0,0.0,0.0,51.0,49.0,0.0,0.0,0.0,0.0,0.0,0.0,0.0,2.0,24.2,0.0,30.0,1.0,0.0,2.0,0.0,1.0,85.6,3.0,2.0,0.0,0.0,0.0,0.0,0.0,100.0,2.0,0.0,0.0,0.0,0.0,34.4,52.5,0.0,0.0,1.0,0.0,0.0,0.0,0.0,1.0,0.0,1.0,1.0,0.0,0.0,0.0,37.0,38.8,82.0,82,82,0.0,0.0,0.0,11.7523193359375,11.7523193359375,11.7523193359375,342.544,342.544,342.544,82,0.0,11.7523193359375,342.544,5
11776684.995238038,81.91172409057617,127456816.3580884,205988.32024031284,2097776.482775996,14065755.20580077,13.4765625,0.0,100.0,35.3,81.8,1.1,4.5,0.0,35.6,52.2,52.7,53.4,6.7,31.5,0.0,0.0,0.0,50.5,51.6,0.0,0.0,0.0,0.0,0.0,0.0,0.0,2.2,2.2,14.6,28.1,0.0,0.0,0.0,1.1,1.1,76.5,2.3,5.7,7.9,0.0,0.0,0.0,0.0,100.0,0.0,0.0,0.0,0.0,0.0,34.5,50.6,0.0,0.0,0.0,0.0,0.0,0.0,0.0,1.1,1.1,0.0,0.0,0.0,0.0,0.0,37.5,39.1,99.0,99,99,0.0,0.0,0.0,11.7523193359375,11.7523193359375,11.7523193359375,339.37,339.37,339.37,99,0.0,11.7523193359375,339.37,5
11776685.99485982,81.91115188598633,127502574.71118778,206006.91543045233,2097945.479795483,14066888.34401932,13.6328125,0.0,100.0,16.8,80.2,0.9,9.9,0.0,48.5,50.0,51.3,56.1,32.1,0.0,0.0,0.0,0.0,51.4,50.5,0.0,0.0,0.0,0.0,0.0,0.0,0.0,0.9,0.0,2.7,55.0,1.8,0.9,0.9,0.9,0.0,84.5,3.6,1.8,2.7,0.0,0.0,0.0,0.0,100.0,1.8,0.0,0.0,0.0,0.0,35.8,50.5,0.9,0.9,0.9,0.9,0.9,0.0,0.9,0.0,1.8,0.0,0.0,0.9,0.0,0.0,35.2,37.7,85.0,85,85,0.0,0.0,0.0,11.7523193359375,11.7523193359375,11.7523193359375,305.245,305.245,305.245,85,0.0,11.7523193359375,305.245,5
11776686.995648105,81.91322708129883,127389415.90235333,205774.79092888415,2095500.149784115,14050492.215251692,13.5546875,0.0,87.1,13.1,77.3,3.0,9.9,0.0,52.1,50.5,51.0,22.4,69.4,0.0,0.0,0.0,0.0,50.0,51.5,0.0,0.0,0.0,0.0,0.0,0.0,0.0,0.0,1.0,32.3,40.0,1.0,0.0,1.0,1.0,0.0,80.2,1.0,0.0,0.0,0.0,0.0,12.0,0.0,87.1,2.0,1.0,0.0,0.0,0.0,33.0,50.0,0.0,0.0,0.0,0.0,1.0,1.0,0.0,0.0,0.0,0.0,0.0,0.0,0.0,0.0,35.1,37.6,83.0,83,83,0.0,0.0,0.0,11.7523193359375,11.7523193359375,11.7523193359375,343.146,343.146,343.146,83,0.0,11.7523193359375,343.146,5
11776687.996121127,81.9107666015625,127462281.47793859,205846.6299205393,2096160.469016426,14054919.707291778,13.503125,0.0,100.0,46.0,84.1,3.3,4.4,0.0,23.5,50.5,50.0,64.0,24.1,0.0,0.0,0.0,0.0,51.1,51.1,0.0,0.0,0.0,0.0,0.0,0.0,0.0,1.1,0.0,1.1,8.9,0.0,49.5,0.0,0.0,2.2,79.5,0.0,0.0,0.0,0.0,0.0,100.0,0.0,0.0,0.0,1.1,0.0,0.0,0.0,33.7,50.0,1.1,0.0,2.2,2.2,0.0,1.1,1.1,0.0,1.1,1.1,0.0,0.0,0.0,0.0,36.0,39.1,93.0,93,93,0.0,0.0,0.0,11.7523193359375,11.7523193359375,11.7523193359375,341.811,341.811,341.811,93,0.0,11.7523193359375,341.811,5
11776688.99640062,81.9140853881836,127519665.06592296,205886.4560470455,2096566.0231517963,14057638.979453353,13.33125,0.0,100.0,39.2,79.2,0.0,3.7,0.9,24.1,50.5,52.2,33.6,55.7,0.0,0.0,0.0,0.0,50.0,52.3,0.0,0.0,0.0,0.0,0.0,0.0,0.0,0.9,0.9,0.0,0.9,1.8,55.0,0.9,0.0,0.0,78.1,4.6,0.0,1.8,0.0,0.0,100.0,0.0,0.9,1.8,0.0,0.0,0.0,0.0,36.1,50.0,0.0,0.0,0.0,0.0,0.0,1.8,0.9,0.0,0.9,1.8,0.0,0.0,0.0,0.0,35.2,37.5,84.0,84,84,0.0,0.0,0.0,11.7523193359375,11.7523193359375,11.7523193359375,301.458,301.458,301.458,84,0.0,11.7523193359375,301.458,5
11776689.996963922,81.91085433959961,127516214.96996996,205835.05287882013,2095971.3369438527,14053651.56196923,13.6015625,0.0,100.0,24.0,77.7,6.2,28.9,0.0,46.7,51.0,51.0,63.5,20.8,1.0,0.0,0.0,0.0,49.5,51.0,0.0,0.0,0.0,0.0,0.0,0.0,0.0,0.0,0.0,35.7,0.0,1.0,4.1,0.0,1.0,1.0,84.0,0.0,0.0,0.0,0.0,0.0,100.0,0.0,2.0,0.0,0.0,1.0,0.0,0.0,33.7,51.0,1.0,6.0,0.0,0.0,1.0,0.0,1.0,1.0,1.0,0.0,0.0,0.0,0.0,0.0,34.7,39.0,92.0,92,92,0.0,0.0,0.0,11.7523193359375,11.7523193359375,11.7523193359375,347.742,347.742,347.742,92,0.0,11.7523193359375,347.742,5
11776690.981816648,81.91347885131836,129586409.9041535,209127.71487348116,2129406.7076245425,14277838.33452159,13.621875,0.0,100.0,27.9,83.5,19.5,75.6,10.3,38.8,49.4,52.2,9.1,3.4,0.0,0.0,0.0,0.0,51.7,50.0,0.0,0.0,0.0,0.0,0.0,0.0,0.0,0.0,0.0,6.9,2.2,36.4,0.0,1.1,0.0,1.1,80.0,2.3,0.0,0.0,0.0,0.0,100.0,0.0,0.0,1.1,0.0,0.0,0.0,0.0,35.3,50.0,2.3,1.1,1.1,2.3,0.0,0.0,0.0,0.0,1.1,0.0,0.0,0.0,0.0,0.0,37.2,38.9,96.0,96,96,0.0,0.0,0.0,11.7523193359375,11.7523193359375,11.7523193359375,356.379,356.379,356.379,96,0.0,11.7523193359375,356.379,5
11776691.984107284,81.91076278686523,127367251.94912155,205499.27589878868,2092359.1661392264,14029431.674523367,13.6328125,0.0,100.0,27.8,80.7,44.1,9.8,7.1,30.0,50.4,50.0,11.8,27.7,0.0,0.0,0.0,0.0,50.4,51.3,0.0,0.0,0.0,0.0,0.0,0.9,0.0,1.8,0.9,32.5,0.0,0.9,0.0,1.8,0.9,0.0,83.8,36.8,0.9,0.0,0.0,0.0,100.0,0.0,0.9,0.0,0.0,0.0,0.9,0.0,34.3,51.3,0.9,0.0,1.8,1.8,0.0,0.0,0.0,0.0,1.8,0.9,0.0,0.0,0.0,1.8,35.5,38.3,89.0,89,89,0.0,0.0,0.0,11.7523193359375,11.7523193359375,11.7523193359375,320.018,320.018,320.018,89,0.0,11.7523193359375,320.018,5
11776692.995420327,81.91333389282227,126263325.50175561,203666.90740988293,2073692.2295296465,13908318.586337512,13.36875,0.0,100.0,49.5,78.4,1.0,0.0,4.0,11.2,51.0,51.5,16.8,44.0,32.0,0.0,0.0,0.0,51.0,51.0,0.0,0.0,0.0,0.0,0.0,0.0,0.0,0.0,1.0,4.0,0.0,0.0,1.0,1.0,0.0,1.0,78.4,50.0,6.9,1.0,0.0,0.0,100.0,0.0,0.0,0.0,1.0,1.0,0.0,0.0,36.0,51.0,1.0,1.0,1.0,1.0,1.0,0.0,0.0,0.0,2.0,1.0,0.0,0.0,0.0,0.0,35.6,37.3,84.0,84,84,0.0,0.0,0.0,11.7523193359375,11.7523193359375,11.7523193359375,351.792,351.792,351.792,84,0.0,11.7523193359375,351.792,5
11776693.994101848,81.91139221191406,127893091.34966701,206253.9414816044,2099920.7012555934,14084233.765843177,13.4546875,0.0,100.0,43.0,80.2,4.4,1.1,6.7,27.9,50.5,50.0,0.0,60.0,31.8,0.0,0.0,0.0,48.9,49.4,0.0,0.0,0.0,0.0,0.0,0.0,0.0,0.0,0.0,2.2,1.1,1.1,1.1,0.0,1.1,0.0,83.0,1.1,56.8,0.0,0.0,0.0,100.0,0.0,0.0,0.0,0.0,0.0,0.0,0.0,33.7,49.4,0.0,1.1,0.0,0.0,1.1,0.0,1.1,0.0,1.1,0.0,0.0,0.0,0.0,0.0,33.7,38.5,60.0,60,60,0.0,0.0,0.0,11.7523193359375,11.7523193359375,11.7523193359375,350.591,350.591,350.591,60,0.0,11.7523193359375,350.591,5
11776694.996546503,81.91475296020508,127445621.46209805,205487.65364108907,2092037.6902214536,14031362.164493108,13.321875,0.0,100.0,49.5,81.8,2.7,5.4,0.9,13.0,51.4,50.4,0.0,63.4,26.4,0.0,0.0,0.0,50.9,51.3,0.0,0.0,0.0,0.0,0.0,0.0,0.0,1.8,0.9,0.9,0.0,0.9,0.0,1.8,0.9,1.8,76.4,0.9,54.5,1.8,0.0,0.0,100.0,0.0,0.0,0.0,0.0,0.0,0.0,0.0,35.5,50.9,0.9,0.0,0.9,1.8,0.0,0.0,0.0,0.0,0.0,0.0,0.0,0.0,0.0,0.0,35.5,37.4,82.0,82,82,0.0,0.0,0.0,11.7523193359375,11.7523193359375,11.7523193359375,304.202,304.202,304.202,82,0.0,11.7523193359375,304.202,5
11776695.996662997,81.91130447387695,127777747.71618402,205967.00617166611,2096907.723769106,14064025.631685762,13.478125,0.0,100.0,29.6,79.2,1.0,8.1,3.9,35.4,51.9,49.0,1.0,52.6,39.8,0.0,0.0,0.0,51.5,48.5,0.0,0.0,0.0,0.0,0.0,0.0,0.0,0.0,0.0,0.0,0.0,1.0,2.0,0.0,0.0,0.0,82.7,1.0,4.0,1.0,0.0,0.0,100.0,0.0,2.9,0.0,1.0,0.0,0.0,0.0,35.7,49.0,0.0,0.0,0.0,1.0,0.0,0.0,0.0,0.0,52.5,1.0,0.0,0.0,0.0,0.0,36.1,40.2,83.0,83,83,0.0,0.0,0.0,11.7523193359375,11.7523193359375,11.7523193359375,344.722,344.722,344.722,83,0.0,11.7523193359375,344.722,5
11776696.9970253,81.91386413574219,127779055.25114815,205926.3922280813,2096392.4704924012,14060569.811857238,13.4546875,0.0,100.0,32.6,77.6,3.3,30.6,0.0,13.8,49.4,51.1,2.2,43.0,45.9,0.0,1.1,0.0,51.7,52.3,0.0,0.0,0.0,0.0,0.0,0.0,0.0,1.1,0.0,1.1,0.0,1.1,0.0,1.1,30.0,0.0,78.8,2.2,0.0,0.0,0.0,0.0,100.0,0.0,0.0,0.0,0.0,0.0,0.0,0.0,33.3,51.6,0.0,0.0,2.2,1.1,1.1,0.0,0.0,0.0,26.4,1.1,1.1,0.0,0.0,0.0,35.2,38.0,57.0,57,57,0.0,0.0,0.0,11.7523193359375,11.7523193359375,11.7523193359375,344.886,344.886,344.886,57,0.0,11.7523193359375,344.886,5
11776697.997372411,81.91221618652344,127816434.46179631,205930.519174512,2096424.3072779207,14060783.342172617,13.9984375,0.0,100.0,28.3,82.2,2.7,37.0,0.0,7.2,53.0,50.9,25.5,13.0,59.3,0.0,0.0,0.0,51.8,51.3,0.0,0.0,0.0,0.9,0.0,0.0,0.0,0.0,0.9,33.6,16.1,0.0,22.7,0.0,1.8,1.8,85.2,0.0,1.8,0.9,0.0,0.0,100.0,0.0,0.9,0.0,0.0,0.0,0.0,0.0,36.1,51.8,0.0,0.0,0.9,0.0,0.9,0.0,0.0,0.0,0.9,0.9,0.9,0.0,0.0,0.0,35.8,38.9,85.0,85,85,0.0,0.0,0.0,11.7523193359375,11.7523193359375,11.7523193359375,303.425,303.425,303.425,85,0.0,11.7523193359375,303.425,5
11776699.028206816,81.9205551147461,124068639.35707636,199890.49555407604,2034421.814341006,13660824.604891365,12.8390625,0.0,100.0,6.0,76.8,3.6,34.5,0.0,8.3,51.2,52.4,41.2,21.2,15.7,1.2,0.0,0.0,51.2,53.5,0.0,0.0,0.0,0.0,0.0,0.0,0.0,1.2,0.0,1.2,56.5,2.4,0.0,0.0,0.0,0.0,73.2,0.0,0.0,0.0,0.0,0.0,100.0,0.0,0.0,0.0,0.0,0.0,0.0,0.0,36.2,51.8,0.0,0.0,0.0,0.0,0.0,0.0,1.2,0.0,1.2,0.0,1.2,0.0,0.0,0.0,39.3,39.5,0.0,0,0,0.0,0.0,0.0,6.4554443359375,6.4554443359375,6.4554443359375,191.293,191.293,191.293,0,0.0,6.4554443359375,191.293,5
11776700.045442875,81.95552444458008,125759809.43785037,202571.4661500406,2061617.8323109434,13843441.616181687,18.4390625,0.0,100.0,51.0,85.3,49.0,56.0,72.3,51.0,54.5,55.9,49.5,55.6,52.5,2.0,0.0,0.0,54.5,54.5,0.0,0.0,0.0,0.0,0.0,0.0,0.0,0.0,0.0,1.0,48.5,1.0,0.0,9.1,2.0,2.0,85.6,0.0,0.0,0.0,0.0,0.0,100.0,0.0,2.0,2.0,0.0,0.0,0.0,0.0,40.2,53.5,1.0,3.0,3.0,1.0,1.0,2.0,0.0,0.0,1.0,0.0,0.0,0.0,0.0,0.0,39.6,38.0,0.0,0,0,0.0,0.0,0.0,11.7445068359375,11.7445068359375,11.7445068359375,140.199,140.199,140.199,0,0.0,11.7445068359375,140.199,5
11776701.060098805,81.9727668762207,126111860.51876494,203099.3897519124,2066860.2429055425,13878643.584197763,13.5,0.0,100.0,24.5,75.7,5.4,26.1,22.3,74.1,51.8,52.2,5.2,2.7,2.7,0.0,0.0,0.0,50.4,52.1,0.0,0.0,0.0,0.0,0.0,0.0,0.0,0.9,0.9,11.5,1.7,0.0,0.9,12.3,4.4,0.0,81.8,29.8,0.0,0.9,0.0,0.0,100.0,0.0,0.9,0.0,0.0,0.9,0.0,0.0,36.6,51.8,0.0,0.0,0.0,2.6,0.0,0.9,0.0,0.0,2.6,1.7,0.0,0.0,0.0,0.0,38.1,37.6,95.0,95,95,0.0,0.0,0.0,11.7503662109375,11.7503662109375,11.7503662109375,401.543,401.543,401.543,95,0.0,11.7503662109375,401.543,5
11776702.067060424,81.97293090820312,127110711.59386787,204662.21950557435,2082653.3597973392,13984691.896451665,13.2640625,0.0,100.0,13.3,85.4,0.0,3.9,26.5,63.7,48.5,49.0,36.7,19.2,0.0,0.0,0.0,0.0,49.0,50.9,0.0,0.0,0.0,0.0,0.0,0.0,0.0,0.0,0.0,0.0,0.0,1.0,1.9,1.0,42.3,9.7,78.0,1.9,0.0,0.0,0.0,0.0,100.0,0.0,1.9,1.0,1.9,0.0,0.0,0.0,34.7,50.9,0.0,0.0,0.0,1.0,0.0,0.0,0.0,0.0,0.0,1.0,0.0,0.0,0.0,0.0,36.3,38.3,95.0,95,95,0.0,0.0,0.0,11.7503662109375,11.7503662109375,11.7503662109375,400.883,400.883,400.883,95,0.0,11.7503662109375,400.883,5
11776703.064235572,81.92184066772461,128393752.3794046,206671.81734681063,2103092.9267715667,14121940.39500126,14.0828125,0.0,100.0,2.9,80.2,3.8,1.9,71.0,20.6,51.9,52.9,7.8,55.7,5.8,0.0,0.0,0.0,51.0,51.0,1.0,0.0,0.0,0.0,0.0,0.0,0.0,1.0,2.8,17.9,0.0,0.0,23.8,0.0,32.4,1.9,80.6,0.0,0.0,0.0,0.0,0.0,100.0,0.0,1.0,0.0,0.0,0.0,0.0,0.0,34.0,51.9,1.0,1.0,1.9,4.8,4.9,2.9,1.9,1.9,1.9,1.0,0.0,0.0,0.0,0.0,35.0,38.3,90.0,90,90,0.0,0.0,0.0,11.7503662109375,11.7503662109375,11.7503662109375,384.291,384.291,384.291,90,0.0,11.7503662109375,384.291,5
11776704.067871688,81.93023681640625,127599809.27124804,205351.31875101323,2089554.1384260154,14031029.546696564,13.475,0.0,100.0,3.3,75.3,0.0,0.0,61.4,29.5,48.9,48.9,5.6,25.3,42.4,0.0,0.0,0.0,51.6,48.9,0.0,0.0,0.0,0.0,1.1,0.0,0.0,1.1,0.0,0.0,1.1,1.1,1.1,1.1,19.8,38.9,82.8,1.1,3.3,0.0,0.0,0.0,100.0,0.0,0.0,0.0,0.0,0.0,0.0,0.0,35.2,51.6,2.2,1.1,2.2,1.1,0.0,1.1,1.1,0.0,0.0,0.0,0.0,0.0,0.0,0.0,35.2,38.0,100.0,100,100,0.0,0.0,0.0,11.7503662109375,11.7503662109375,11.7503662109375,430.966,430.966,430.966,100,0.0,11.7503662109375,430.966,5
11776705.06613602,81.92697525024414,128319204.61800605,206457.34153100633,2100798.2896881253,14106532.265522998,13.421875,0.0,100.0,2.8,79.6,0.9,0.0,18.7,70.4,51.4,52.7,3.7,35.9,24.3,0.0,0.0,0.0,50.9,51.4,0.9,0.0,0.0,0.0,0.0,0.0,0.0,0.0,0.9,0.9,1.8,27.9,0.0,0.0,0.0,29.4,80.2,0.0,1.8,0.9,0.0,0.0,100.0,0.0,0.9,0.0,0.0,0.0,0.0,0.0,34.9,50.9,0.0,0.9,1.8,0.0,0.0,1.8,0.0,2.7,0.9,1.8,0.0,0.0,0.0,0.0,36.1,38.9,91.0,91,91,0.0,0.0,0.0,11.7503662109375,11.7503662109375,11.7503662109375,375.571,375.571,375.571,91,0.0,11.7503662109375,375.571,5
11776706.062865138,81.92832565307617,128549670.70767577,206782.36054604434,2104034.0455098734,14128259.86027919,13.7734375,0.0,100.0,3.7,82.5,1.2,0.0,31.7,60.5,51.2,50.6,4.9,51.2,15.0,0.0,0.0,0.0,51.8,50.6,0.0,0.0,0.0,0.0,0.0,0.0,0.0,0.0,2.4,2.4,0.0,12.0,1.2,1.2,0.0,1.2,82.3,7.3,0.0,0.0,0.0,0.0,100.0,0.0,1.2,1.2,2.4,0.0,0.0,0.0,36.3,52.4,2.4,0.0,0.0,0.0,0.0,0.0,0.0,0.0,24.4,1.2,20.5,0.0,0.0,0.0,35.8,38.8,100.0,100,100,0.0,0.0,0.0,11.7503662109375,11.7503662109375,11.7503662109375,429.016,429.016,429.016,100,0.0,11.7503662109375,429.016,5
11776707.065834604,81.92697143554688,127785197.18252009,205497.7812945853,2090943.0154943143,14040355.63919815,13.5015625,0.0,100.0,28.7,81.6,2.6,1.7,25.9,37.4,49.6,51.3,9.3,22.1,33.9,0.0,0.0,0.0,52.9,52.6,0.9,0.0,0.0,0.0,0.0,0.0,0.8,1.7,0.8,0.8,15.3,0.0,0.9,0.0,0.8,0.0,81.6,6.8,0.0,0.8,0.8,0.0,100.0,0.0,25.6,1.7,0.0,0.0,0.0,0.0,35.7,49.2,0.0,0.0,0.0,0.0,0.0,0.0,1.7,5.1,2.6,0.9,5.1,0.0,0.0,0.8,35.3,38.8,89.0,89,89,0.0,0.0,0.0,11.7503662109375,11.7503662109375,11.7503662109375,377.812,377.812,377.812,89,0.0,11.7503662109375,377.812,5
11776708.043119704,81.92833709716797,131177039.31094433,210905.70189698978,2145895.8083820967,14409355.057065722,13.9359375,0.0,100.0,16.0,79.7,1.3,0.0,78.1,0.0,50.7,50.7,6.6,37.8,31.1,0.0,1.3,0.0,51.9,51.3,0.0,0.0,0.0,0.0,0.0,0.0,0.0,0.0,1.3,22.7,0.0,1.3,1.3,2.6,0.0,1.3,81.3,0.0,0.0,0.0,0.0,0.0,100.0,0.0,2.6,0.0,1.3,0.0,0.0,0.0,35.1,51.3,19.7,1.3,0.0,2.6,2.6,0.0,0.0,33.8,0.0,0.0,0.0,0.0,0.0,0.0,35.1,38.2,98.0,98,98,0.0,0.0,0.0,11.7503662109375,11.7503662109375,11.7503662109375,426.75,426.75,426.75,98,0.0,11.7503662109375,426.75,5
11776709.064376196,81.927001953125,125563799.16508329,201826.86886896624,2053501.7572654865,13792954.186007828,13.2171875,0.0,100.0,33.1,79.8,2.4,0.8,58.7,0.0,51.2,51.6,9.8,31.4,20.7,0.0,0.8,0.0,50.8,49.2,0.0,0.0,0.0,0.0,0.0,0.0,0.0,0.0,0.0,0.0,0.0,0.0,0.8,0.0,1.6,0.8,79.0,1.6,0.0,0.0,0.0,0.0,100.0,0.0,0.8,0.8,0.0,0.0,0.0,0.0,35.5,51.6,56.0,0.0,0.8,0.0,0.8,0.0,0.0,0.0,1.6,0.8,0.0,0.0,0.0,0.0,35.8,37.3,89.0,89,89,0.0,0.0,0.0,11.7503662109375,11.7503662109375,11.7503662109375,384.213,384.213,384.213,89,0.0,11.7503662109375,384.213,5
11776710.04432077,81.92919921875,130890627.32772551,210343.52914318873,2140072.057390887,14374429.30735793,13.4140625,0.0,100.0,72.4,79.3,2.2,0.0,19.1,0.0,48.3,47.7,44.2,23.3,4.5,0.0,0.0,0.0,50.0,48.9,1.1,0.0,0.0,0.0,0.0,0.0,0.0,1.1,1.1,2.2,1.1,1.1,0.0,1.1,1.1,0.0,80.5,2.2,0.0,0.0,0.0,0.0,100.0,0.0,0.0,0.0,2.2,0.0,0.0,0.0,32.9,50.0,9.8,1.1,50.0,0.0,0.0,0.0,0.0,0.0,2.2,1.1,1.1,0.0,0.0,0.0,37.1,38.5,88.0,88,88,0.0,0.0,0.0,11.7503662109375,11.7503662109375,11.7503662109375,423.643,423.643,423.643,88,0.0,11.7503662109375,423.643,5
11776711.0705994,81.92742156982422,125013110.73058513,200847.99000470334,2043452.8586124196,13725457.774937717,13.4296875,0.0,100.0,63.6,80.6,2.7,1.9,23.6,5.4,51.8,49.1,6.4,56.2,4.5,0.0,0.0,0.0,52.2,51.3,0.9,0.0,0.0,0.0,0.0,0.0,0.0,0.9,1.8,0.9,0.0,1.8,0.0,0.0,0.0,0.9,80.4,0.0,0.0,0.0,0.0,0.0,100.0,0.0,0.9,2.7,0.9,0.0,0.0,0.0,36.1,51.3,4.5,0.0,2.7,0.0,0.0,0.0,0.9,48.2,0.9,1.8,0.0,0.0,0.0,0.0,34.0,37.7,90.0,90,90,0.0,0.0,0.0,11.7503662109375,11.7503662109375,11.7503662109375,380.24,380.24,380.24,90,0.0,11.7503662109375,380.24,5
11776712.070869332,81.92908477783203,128299135.87139001,206078.37271413326,2096586.062921158,14082342.715597387,13.2390625,0.0,100.0,54.5,78.1,2.0,0.0,0.0,38.4,49.5,51.0,18.6,41.9,8.0,0.0,0.0,0.0,48.5,49.5,1.0,1.0,0.0,0.0,0.0,0.0,0.0,0.0,1.0,0.0,0.0,1.0,0.0,1.0,1.0,1.0,78.4,2.0,0.0,0.0,0.0,0.0,100.0,0.0,0.0,2.0,2.0,0.0,0.0,0.0,34.0,48.5,7.0,0.0,0.0,28.0,0.0,0.0,0.0,21.2,1.0,0.0,1.0,0.0,0.0,0.0,36.6,38.6,85.0,85,85,0.0,0.0,0.0,11.7503662109375,11.7503662109375,11.7503662109375,428.991,428.991,428.991,85,0.0,11.7503662109375,428.991,5
11776713.064995088,81.927978515625,129125018.93178515,207359.0779222272,2109543.9770970093,14169378.393040264,13.978125,0.0,100.0,50.0,85.7,3.0,1.0,0.0,40.0,52.0,47.9,54.3,0.0,18.9,0.0,0.0,0.0,51.5,49.5,0.0,0.0,0.0,0.0,0.0,0.0,0.0,1.0,0.0,19.2,1.0,1.0,1.0,0.0,0.0,1.0,85.6,1.0,2.0,0.0,0.0,0.0,100.0,0.0,4.0,1.0,0.0,1.0,0.0,0.0,35.4,53.1,0.0,0.0,1.0,49.0,2.0,0.0,0.0,6.1,0.0,1.0,0.0,0.0,0.0,0.0,35.8,38.6,92.0,92,92,0.0,0.0,0.0,11.7503662109375,11.7503662109375,11.7503662109375,377.804,377.804,377.804,92,0.0,11.7503662109375,377.804,5
11776714.072410058,81.92525482177734,127456894.87846906,204624.71377418414,2081716.1361632165,13982464.438018167,13.38125,0.0,100.0,68.0,78.6,2.0,15.7,9.9,28.7,50.0,51.0,19.2,27.6,10.7,0.0,0.0,0.0,49.0,50.5,0.0,0.0,0.0,0.0,0.0,0.0,0.0,1.0,1.0,0.0,0.0,1.0,1.0,1.0,1.0,0.0,78.4,0.0,1.0,0.0,0.0,0.0,100.0,0.0,1.0,0.0,0.0,0.0,0.0,0.0,35.4,49.5,0.0,0.0,0.0,9.8,1.0,0.0,0.0,39.2,0.0,0.0,0.0,0.0,0.0,0.0,37.3,36.9,87.0,87,87,0.0,0.0,0.0,11.7503662109375,11.7503662109375,11.7503662109375,436.909,436.909,436.909,87,0.0,11.7503662109375,436.909,5
11776715.073122732,81.92752456665039,128343274.07123205,206003.18686191368,2095658.4784566383,14076112.319164803,13.375,0.0,100.0,11.5,77.4,21.9,14.4,13.4,62.4,49.0,49.5,9.6,45.7,12.5,0.0,0.0,0.0,50.0,51.0,0.0,0.0,0.0,0.0,0.0,0.0,0.0,0.0,29.3,2.0,0.0,1.0,0.0,0.0,0.0,2.0,83.2,2.1,1.0,1.0,0.0,0.0,100.0,0.0,1.0,1.0,0.0,0.0,0.0,0.0,35.1,49.0,0.0,0.0,1.0,2.0,2.0,0.0,0.0,1.0,2.0,0.0,0.0,0.0,0.0,0.0,34.0,38.0,90.0,90,90,0.0,0.0,0.0,11.7503662109375,11.7503662109375,11.7503662109375,390.709,390.709,390.709,90,0.0,11.7503662109375,390.709,5
11776716.071575332,81.92905807495117,128666595.6783545,206469.49087124178,2100402.1621130556,14107974.678724216,13.4,0.0,100.0,20.0,78.6,1.0,1.9,4.9,74.2,50.5,51.5,1.0,39.8,22.2,0.0,0.0,0.0,49.0,49.5,0.0,0.0,0.0,0.0,0.0,0.0,0.0,1.0,52.5,5.0,3.8,0.0,1.0,1.9,1.0,0.0,79.8,1.0,1.0,0.0,0.0,0.0,100.0,0.0,0.0,2.0,1.0,0.0,0.0,0.0,34.7,51.0,0.0,0.0,0.0,0.0,0.0,1.0,0.0,0.0,1.0,0.0,0.0,0.0,0.0,0.0,36.6,38.2,91.0,91,91,0.0,0.0,0.0,11.7503662109375,11.7503662109375,11.7503662109375,398.362,398.362,398.362,91,0.0,11.7503662109375,398.362,5
11776717.06676125,81.92855453491211,129121869.36481409,207161.2916017429,2107296.7007100093,14154283.894026801,13.6328125,0.0,100.0,19.3,84.3,2.2,0.0,6.5,71.1,50.5,52.2,1.1,57.0,13.3,0.0,0.0,0.0,53.8,52.7,0.0,0.0,0.0,0.0,0.0,0.0,0.0,0.0,1.1,56.5,1.1,2.2,0.0,0.0,1.1,1.1,78.4,1.1,0.0,0.0,0.0,0.0,100.0,0.0,2.2,1.1,0.0,0.0,0.0,0.0,35.2,50.5,1.1,0.0,0.0,0.0,1.1,2.2,0.0,0.0,1.1,0.0,0.0,0.0,0.0,0.0,34.8,36.6,100.0,100,100,0.0,0.0,0.0,11.7503662109375,11.7503662109375,11.7503662109375,418.088,418.088,418.088,100,0.0,11.7503662109375,418.088,5
11776718.068838814,81.89287185668945,128269281.2823086,205737.56691467843,2092804.0643671413,14056939.799528515,13.5609375,0.0,100.0,29.2,80.0,2.8,0.9,7.5,63.5,50.0,48.6,0.9,29.5,32.0,0.0,0.0,0.0,50.5,50.5,0.0,0.0,0.0,0.0,0.0,0.0,0.0,0.9,40.4,31.8,0.0,0.0,0.0,0.9,0.0,0.9,84.9,0.0,0.0,0.0,0.0,0.0,100.0,0.0,2.8,0.0,0.0,0.0,0.0,0.0,34.6,50.0,0.0,0.0,0.0,0.0,0.0,0.0,0.0,0.0,0.0,0.9,0.0,0.0,0.0,0.0,35.5,38.4,88.0,88,88,0.0,0.0,0.0,11.7503662109375,11.7503662109375,11.7503662109375,373.149,373.149,373.149,88,0.0,11.7503662109375,373.149,5
11776719.057450216,81.93066787719727,130049614.78412446,208547.0586167423,2121310.7554479674,14248413.453096798,13.4515625,0.0,100.0,20.5,82.5,0.0,0.0,4.8,15.7,50.0,51.2,38.6,60.0,33.7,0.0,0.0,0.0,49.4,51.2,0.0,0.0,0.0,0.0,0.0,0.0,0.0,1.2,22.6,30.6,0.0,1.2,0.0,0.0,6.0,1.2,73.7,0.0,0.0,0.0,0.0,0.0,100.0,0.0,0.0,1.2,0.0,1.2,0.0,0.0,35.8,51.2,0.0,0.0,0.0,0.0,0.0,0.0,2.4,0.0,3.6,0.0,0.0,0.0,0.0,0.0,33.8,37.6,96.0,96,96,0.0,0.0,0.0,11.7503662109375,11.7503662109375,11.7503662109375,421.92,421.92,421.92,96,0.0,11.7503662109375,421.92,5
11776720.0584659,81.95216369628906,128473546.5211307,205964.80491803854,2095024.1182858865,14071851.450752273,13.6984375,0.0,100.0,1.9,78.4,0.0,0.0,8.6,0.0,52.3,51.9,62.7,45.1,38.0,0.0,0.0,0.0,51.4,50.0,0.0,0.0,0.0,0.0,0.0,0.0,0.0,0.0,9.5,0.0,15.2,1.0,0.0,0.9,28.8,1.0,86.4,1.9,0.0,0.0,0.0,0.0,100.0,0.0,3.8,11.5,10.4,0.0,0.0,0.0,34.0,51.4,1.0,0.0,0.9,0.0,0.0,0.0,0.0,1.0,1.9,0.0,0.0,0.0,0.0,0.0,36.9,38.9,93.0,93,93,0.0,0.0,0.0,11.7503662109375,11.7503662109375,11.7503662109375,399.962,399.962,399.962,93,0.0,11.7503662109375,399.962,5
11776721.045736628,81.92961883544922,130295364.16286786,208841.39902449364,2124191.4107710863,14267762.229769073,13.3203125,0.0,100.0,5.4,76.1,1.1,0.0,4.4,0.0,50.5,51.1,82.0,22.7,46.1,0.0,0.0,0.0,50.5,51.1,0.0,0.0,0.0,0.0,0.0,0.0,0.0,1.1,0.0,1.1,0.0,1.1,0.0,1.1,1.1,2.2,75.9,11.1,1.1,0.0,0.0,0.0,100.0,0.0,1.1,27.8,0.0,0.0,0.0,0.0,37.4,51.1,0.0,0.0,0.0,0.0,0.0,1.1,0.0,0.0,1.1,3.3,0.0,0.0,16.3,0.0,37.8,38.7,91.0,91,91,0.0,0.0,0.0,11.7503662109375,11.7503662109375,11.7503662109375,443.56,443.56,443.56,91,0.0,11.7503662109375,443.56,5
11776722.053337488,81.92661666870117,127698933.20100485,204627.65371484173,2081332.0848148866,13979884.843121866,13.50625,0.0,100.0,1.0,83.8,0.9,0.9,4.6,0.0,50.5,49.1,27.1,65.7,54.3,0.0,0.0,0.0,50.9,51.4,0.0,0.0,0.0,0.0,0.0,0.0,0.0,0.9,0.9,0.0,0.0,0.0,1.8,20.0,0.0,0.0,83.0,8.3,7.5,0.0,0.0,0.0,100.0,0.0,2.8,0.9,0.0,2.8,0.0,0.0,36.8,50.9,0.0,0.0,0.0,0.0,0.0,0.0,0.0,0.0,27.5,5.6,0.9,0.0,0.0,0.9,34.9,37.8,93.0,93,93,0.0,0.0,0.0,11.7503662109375,11.7503662109375,11.7503662109375,387.843,387.843,387.843,93,0.0,11.7503662109375,387.843,5
11776723.060300387,81.92929458618164,127815101.34350364,204765.2402888601,2082650.713184686,13988741.80203542,13.5765625,0.0,100.0,4.9,81.8,3.9,1.0,8.8,0.0,51.0,50.5,27.6,44.9,77.3,0.0,0.0,0.0,49.5,49.0,0.0,0.0,0.0,0.0,0.0,0.0,0.0,0.0,9.0,1.0,1.9,1.9,0.0,47.1,1.0,1.0,81.8,1.0,1.0,0.0,0.0,0.0,100.0,0.0,1.0,10.9,0.0,0.0,0.0,0.0,32.7,49.5,0.0,0.0,0.0,0.0,0.0,1.0,0.0,0.0,0.0,2.0,2.0,0.0,1.0,0.0,35.0,36.9,94.0,94,94,0.0,0.0,0.0,11.7503662109375,11.7503662109375,11.7503662109375,442.129,442.129,442.129,94,0.0,11.7503662109375,442.129,5
11776724.058440808,81.92899322509766,128977668.19359219,206578.14843530016,2101059.085848214,14112387.10201564,13.4515625,0.0,100.0,2.0,77.9,0.0,1.0,5.0,0.0,50.5,50.0,72.9,40.0,38.5,1.0,0.0,1.0,50.0,51.0,0.0,0.0,0.0,0.0,0.0,0.0,0.0,1.0,8.1,0.0,0.0,0.0,0.0,1.0,1.0,1.0,78.9,1.0,1.0,0.0,1.0,0.0,100.0,0.0,2.0,30.7,26.3,1.0,0.0,0.0,35.1,53.5,0.0,0.0,0.0,0.0,0.0,0.0,0.0,1.0,1.0,0.0,0.0,1.0,0.0,0.0,36.5,38.0,94.0,94,94,0.0,0.0,0.0,11.7503662109375,11.7503662109375,11.7503662109375,390.573,390.573,390.573,94,0.0,11.7503662109375,390.573,5
11776725.059985591,81.92711639404297,128574717.97534473,205888.94627816445,2093917.3522971824,14068507.210746694,13.4078125,0.0,100.0,24.0,78.4,3.8,2.9,9.5,0.0,51.4,51.0,77.0,36.2,11.7,0.0,0.0,0.0,50.9,50.0,0.0,0.0,0.0,0.0,0.0,0.0,0.0,1.0,1.9,1.9,0.0,2.8,1.0,1.0,1.0,0.0,79.4,1.0,0.0,0.0,0.0,0.0,100.0,0.0,1.0,22.3,31.7,0.0,0.0,0.0,34.3,51.9,0.0,1.0,0.0,0.0,0.0,0.0,0.0,0.0,2.9,0.0,1.0,0.0,0.0,0.0,35.3,38.9,95.0,95,95,0.0,0.0,0.0,11.7503662109375,11.7503662109375,11.7503662109375,441.025,441.025,441.025,95,0.0,11.7503662109375,441.025,5
11776726.068665454,81.92718887329102,127697700.44634886,204445.44156287244,2079105.6476794735,13968991.070346463,13.2875,0.0,100.0,29.9,80.4,43.3,19.0,4.0,0.0,50.5,50.0,8.0,59.1,0.0,0.0,0.0,0.0,50.5,49.5,0.0,0.0,0.0,0.0,0.0,0.0,0.0,0.0,0.0,0.0,0.0,0.0,0.0,1.0,0.0,1.0,85.6,2.9,1.0,0.0,0.0,0.0,100.0,0.0,0.0,0.0,55.9,0.0,0.0,0.0,34.7,49.5,0.0,0.0,0.0,0.0,0.0,0.0,0.0,0.0,0.0,1.0,0.0,0.0,0.0,0.0,36.0,37.6,100.0,100,100,0.0,0.0,0.0,11.7503662109375,11.7503662109375,11.7503662109375,404.506,404.506,404.506,100,0.0,11.7503662109375,404.506,5
11776727.067213736,81.92973327636719,129026116.49574156,206520.80991302815,2100200.8987965668,14110724.788789434,13.528125,0.0,100.0,2.9,79.6,35.0,59.0,4.8,0.0,50.0,51.9,9.3,29.7,25.5,0.0,0.0,0.0,51.9,54.3,0.0,0.0,0.0,0.0,0.0,0.0,0.0,0.9,0.9,0.9,0.9,0.0,0.9,1.0,0.9,0.9,78.8,1.9,0.0,1.0,0.0,0.0,100.0,0.0,2.8,0.0,56.6,0.0,0.0,0.0,34.7,51.4,0.0,0.9,0.0,0.0,0.0,0.0,0.0,0.0,1.9,1.0,0.0,0.0,0.0,0.0,34.7,38.9,84.0,84,84,0.0,0.0,0.0,11.7503662109375,11.7503662109375,11.7503662109375,398.915,398.915,398.915,84,0.0,11.7503662109375,398.915,5
11776728.067844018,81.9274787902832,128793109.03895892,206099.09947508504,2095831.0357048404,14081364.771141896,13.44375,0.0,100.0,3.3,80.5,23.6,61.4,7.7,0.0,51.6,51.1,1.1,43.5,30.3,0.0,0.0,0.0,49.4,51.1,0.0,0.0,0.0,0.0,0.0,0.0,0.0,0.0,0.0,24.4,0.0,1.1,23.0,7.7,0.0,1.1,79.1,1.1,0.0,1.1,0.0,0.0,100.0,0.0,1.1,0.0,2.2,0.0,0.0,0.0,34.9,48.3,3.3,0.0,0.0,0.0,1.1,1.1,0.0,0.0,0.0,1.1,0.0,0.0,0.0,0.0,36.7,37.4,100.0,100,100,0.0,0.0,0.0,11.7503662109375,11.7503662109375,11.7503662109375,427.037,427.037,427.037,100,0.0,11.7503662109375,427.037,5
11776729.073178926,82.00382232666016,128222961.27978915,205134.62561545728,2086023.257537531,14015468.761580285,14.11875,0.0,100.0,2.7,80.4,1.8,9.2,53.7,27.8,50.9,49.1,10.0,31.1,26.9,0.9,0.0,0.0,50.5,49.1,0.0,0.9,0.9,0.9,0.0,1.8,1.8,1.8,15.5,7.2,3.6,0.9,7.2,36.9,5.4,0.0,77.6,0.0,0.0,0.0,0.0,0.0,100.0,0.0,2.8,1.8,0.0,0.0,0.0,0.0,37.0,52.6,1.8,0.9,2.7,1.8,1.8,1.8,2.7,2.7,2.7,0.9,1.8,0.9,0.0,0.0,37.4,43.0,89.0,89,89,0.0,0.0,0.0,11.7503662109375,11.7503662109375,11.7503662109375,372.337,372.337,372.337,89,0.0,11.7503662109375,372.337,5
11776730.071266515,81.92917251586914,129186818.33148895,206634.16952123962,2101170.3018333423,14117237.965442767,13.4671875,0.0,100.0,3.5,83.1,0.0,0.0,36.9,54.8,48.8,50.6,20.2,26.5,25.9,0.0,0.0,0.0,48.8,50.0,0.0,0.0,0.0,0.0,0.0,0.0,0.0,1.2,0.0,55.3,1.2,1.2,0.0,0.0,0.0,0.0,84.0,1.2,0.0,0.0,2.3,0.0,100.0,0.0,2.4,9.4,0.0,0.0,0.0,0.0,32.1,48.8,0.0,0.0,0.0,0.0,0.0,0.0,0.0,0.0,0.0,0.0,0.0,0.0,0.0,0.0,35.3,38.4,97.0,97,97,0.0,0.0,0.0,11.7503662109375,11.7503662109375,11.7503662109375,426.246,426.246,426.246,97,0.0,11.7503662109375,426.246,5
11776731.067225205,81.97079467773438,129498580.96199727,207077.865933158,2105661.6322528217,14147414.091698645,13.50625,0.0,100.0,3.5,80.2,0.9,0.0,47.7,41.4,52.5,51.3,43.0,7.9,15.8,0.0,0.0,0.0,50.4,51.3,0.9,0.0,0.0,0.0,0.9,0.9,0.0,0.0,0.9,23.0,0.9,0.9,0.9,0.9,5.2,1.7,81.3,0.9,0.9,0.9,0.0,0.0,100.0,0.0,0.9,0.9,0.9,0.0,0.0,0.0,36.8,51.3,0.9,0.0,0.0,0.0,0.0,0.0,0.0,25.4,1.7,0.9,0.9,1.7,0.0,0.0,36.6,38.5,90.0,90,90,0.0,0.0,0.0,11.7503662109375,11.7503662109375,11.7503662109375,378.086,378.086,378.086,90,0.0,11.7503662109375,378.086,5
11776732.066948736,81.92888259887695,129043653.53038764,206306.03716070147,2097731.957215014,14094136.587538375,13.2640625,0.0,100.0,1.3,78.9,0.0,27.8,19.2,72.7,48.1,48.7,18.4,9.2,17.1,0.0,0.0,0.0,48.7,49.4,0.0,0.0,0.0,0.0,0.0,1.3,0.0,1.3,0.0,1.3,1.3,0.0,1.3,0.0,1.3,0.0,81.6,0.0,0.0,0.0,0.0,0.0,100.0,0.0,2.6,0.0,1.3,0.0,0.0,0.0,33.3,50.0,0.0,1.3,0.0,0.0,0.0,0.0,0.0,55.7,0.0,1.3,0.0,0.0,0.0,0.0,36.7,37.8,100.0,100,100,0.0,0.0,0.0,11.7503662109375,11.7503662109375,11.7503662109375,428.534,428.534,428.534,100,0.0,11.7503662109375,428.534,5
11776733.06860406,81.9461441040039,128827457.89041126,205908.15540574433,2093686.2720569193,14066954.640382426,13.2796875,0.0,100.0,3.3,77.3,9.1,15.1,71.2,21.2,49.2,50.0,15.0,5.0,16.2,0.0,0.0,0.0,50.8,49.2,0.0,0.0,0.0,0.0,0.0,3.3,0.8,0.8,0.8,0.8,0.0,0.8,0.8,0.8,0.8,0.8,82.4,0.8,0.8,0.0,0.0,0.0,100.0,0.0,0.8,0.0,0.0,0.0,0.0,0.0,35.9,50.0,27.9,0.8,0.0,0.8,0.0,0.0,0.0,29.5,2.5,0.0,0.8,0.0,0.8,0.0,35.6,37.4,88.0,88,88,0.0,0.0,0.0,11.7503662109375,11.7503662109375,11.7503662109375,389.495,389.495,389.495,88,0.0,11.7503662109375,389.495,5
11776734.046404893,81.92870712280273,132003822.90112369,210938.66258453223,2144763.9734915686,14410132.946896477,14.090625,0.0,100.0,2.4,83.5,2.3,0.0,34.1,58.1,49.4,50.6,26.2,24.4,22.9,0.0,0.0,0.0,48.8,50.6,1.2,0.0,0.0,0.0,0.0,1.1,0.0,0.0,21.6,2.3,1.1,0.0,1.1,0.0,0.0,1.1,83.3,0.0,1.1,0.0,0.0,0.0,100.0,0.0,2.3,0.0,0.0,0.0,0.0,0.0,34.9,52.8,17.2,3.4,2.3,0.0,1.1,0.0,0.0,41.9,2.3,1.1,0.0,0.0,0.0,0.0,34.9,40.4,88.0,88,88,0.0,0.0,0.0,11.7503662109375,11.7503662109375,11.7503662109375,430.262,430.262,430.262,88,0.0,11.7503662109375,430.262,5
11776735.071057707,81.9587287902832,125999927.16941345,201294.52345489356,2046695.2028414886,13751233.394091252,13.21875,0.0,100.0,16.8,80.6,0.0,0.9,28.8,46.8,50.0,50.4,38.7,4.4,21.1,0.0,0.0,0.0,50.4,50.9,0.0,0.0,0.0,0.0,0.0,0.0,0.0,0.0,0.0,0.0,0.0,0.9,0.0,0.9,0.9,0.0,80.7,0.9,0.0,0.9,0.0,0.0,100.0,0.0,0.0,0.9,0.9,0.0,0.0,0.0,34.3,50.5,14.4,1.8,33.0,0.9,0.9,0.0,0.0,8.2,0.9,0.0,0.9,0.0,0.0,0.0,35.5,37.9,89.0,89,89,0.0,0.0,0.0,11.7503662109375,11.7503662109375,11.7503662109375,375.021,375.021,375.021,89,0.0,11.7503662109375,375.021,5
11776736.076132206,81.92765808105469,128486912.26969524,205222.59809528387,2086563.7340530618,14019100.08816901,13.35625,0.0,100.0,2.0,78.6,2.0,0.0,30.0,61.6,50.5,49.0,28.1,4.0,34.0,0.0,0.0,0.0,52.0,50.5,0.0,0.0,0.0,0.0,0.0,0.0,0.0,2.0,1.0,1.0,0.0,1.0,0.0,1.0,0.0,1.0,78.1,1.0,0.0,0.0,0.0,0.0,100.0,0.0,2.9,2.9,1.0,0.0,0.0,0.0,35.7,50.0,15.7,0.0,40.0,1.0,1.0,0.0,0.0,0.0,1.0,1.0,0.0,0.0,0.0,0.0,35.4,38.8,86.0,86,86,0.0,0.0,0.0,11.7503662109375,11.7503662109375,11.7503662109375,433.659,433.659,433.659,86,0.0,11.7503662109375,433.659,5
11776737.074674437,81.92667007446289,129360236.39726554,206577.14184101598,2100213.627209032,14110810.307810685,13.2375,0.0,100.0,2.0,80.2,1.0,4.0,41.1,42.1,49.0,48.5,34.7,5.0,33.3,0.0,0.0,0.0,48.5,48.5,1.0,0.0,0.0,0.0,0.0,0.0,0.0,0.0,1.0,0.0,1.0,0.0,0.0,1.0,1.0,1.0,80.8,0.0,1.0,1.0,0.0,0.0,100.0,0.0,3.0,3.1,0.0,0.0,0.0,0.0,33.7,49.0,1.0,0.0,55.4,2.0,0.0,0.0,0.0,0.0,0.0,0.0,0.0,0.0,0.0,0.0,35.1,38.2,91.0,91,91,0.0,0.0,0.0,11.7503662109375,11.7503662109375,11.7503662109375,378.649,378.649,378.649,91,0.0,11.7503662109375,378.649,5
11776738.068978654,81.92858123779297,129944502.63732557,207457.63357996228,2109165.347289481,14170954.677101202,13.55,0.0,100.0,3.0,83.5,0.0,1.0,65.0,31.0,49.0,50.5,8.2,4.0,50.0,0.0,0.0,0.0,51.0,50.5,0.0,0.0,0.0,0.0,0.0,0.0,0.0,0.0,1.0,1.0,0.0,1.0,1.0,0.0,1.0,1.0,83.3,0.0,1.0,0.0,0.0,0.0,100.0,0.0,2.0,2.0,2.0,1.0,0.0,0.0,34.0,49.5,0.0,1.0,0.0,57.8,0.0,0.0,0.0,1.0,6.2,1.0,1.0,0.0,0.0,0.0,34.4,37.3,89.0,89,89,0.0,0.0,0.0,11.7503662109375,11.7503662109375,11.7503662109375,439.973,439.973,439.973,89,0.0,11.7503662109375,439.973,5
11776739.07297748,81.9256820678711,128727817.94138294,205474.3439892969,2088799.2566304824,14034120.005486052,13.9828125,0.0,100.0,3.0,78.1,1.0,0.0,44.3,44.2,50.0,49.5,5.1,52.1,25.3,0.0,0.0,0.0,51.0,51.5,1.0,0.0,0.0,0.0,0.0,0.0,0.0,2.0,18.2,0.0,0.0,0.0,0.0,1.0,2.0,2.0,78.1,18.0,0.0,0.0,0.0,0.0,100.0,0.0,2.0,1.0,1.0,0.0,0.0,0.0,34.7,50.0,31.3,0.0,1.0,23.2,0.0,0.0,0.0,0.0,0.0,0.0,0.0,0.0,0.0,0.0,35.1,38.2,90.0,90,90,0.0,0.0,0.0,11.7503662109375,11.7503662109375,11.7503662109375,388.298,388.298,388.298,90,0.0,11.7503662109375,388.298,5
11776740.06939324,81.93135833740234,129740332.44139118,207038.07407039354,2104695.733862382,14140924.46188788,13.353125,0.0,100.0,4.0,78.1,0.0,1.0,69.1,21.4,50.0,50.0,5.0,38.3,22.4,0.0,0.0,0.0,50.0,49.5,1.0,0.0,0.0,0.0,0.0,0.0,0.0,0.0,2.0,1.0,1.0,1.0,0.0,0.0,0.0,3.0,78.1,1.0,0.0,0.0,1.0,0.0,100.0,0.0,2.0,1.0,0.0,0.0,0.0,0.0,33.7,51.0,25.7,2.0,0.0,32.0,1.0,2.0,0.0,0.0,2.0,0.0,0.0,0.0,0.0,0.0,36.7,37.6,87.0,87,87,0.0,0.0,0.0,11.7503662109375,11.7503662109375,11.7503662109375,429.936,429.936,429.936,87,0.0,11.7503662109375,429.936,5
11776741.0674899,81.92765808105469,129554637.55239949,206696.41359742303,2101151.205598866,14117109.662617382,13.4484375,0.0,100.0,2.2,83.5,0.0,39.6,24.7,25.8,50.5,49.5,4.3,9.8,58.1,0.0,0.0,0.0,51.6,50.5,0.0,0.0,2.1,0.0,0.0,0.0,0.0,0.0,0.0,0.0,1.1,0.0,1.1,1.1,1.1,0.0,84.4,1.1,2.2,0.0,0.0,0.0,100.0,0.0,0.0,1.1,0.0,0.0,0.0,0.0,36.7,48.4,2.2,52.7,0.0,0.0,0.0,0.0,0.0,0.0,1.1,1.1,1.1,0.0,0.0,0.0,34.1,37.9,100.0,100,100,0.0,0.0,0.0,11.7503662109375,11.7503662109375,11.7503662109375,414.645,414.645,414.645,100,0.0,11.7503662109375,414.645,5
11776742.070231924,81.92866897583008,128987097.2657333,205740.8536131029,2091417.2833252999,14051709.872341858,13.3921875,0.0,100.0,2.8,79.8,15.6,29.8,58.5,4.7,51.9,50.9,26.0,5.6,33.0,0.0,0.0,0.0,50.5,49.5,0.0,0.0,0.0,0.0,0.0,0.0,0.0,0.9,13.9,1.8,0.9,1.9,0.0,0.9,0.0,0.9,80.0,1.9,0.0,0.0,0.0,0.0,100.0,0.0,2.8,0.9,0.0,0.0,0.0,0.0,35.6,50.9,0.0,25.0,0.0,0.0,0.9,0.0,0.0,0.0,1.9,0.0,0.9,0.9,0.0,0.0,37.1,38.5,86.0,86,86,0.0,0.0,0.0,11.7503662109375,11.7503662109375,11.7503662109375,387.395,387.395,387.395,86,0.0,11.7503662109375,387.395,5
11776743.073270611,81.92755889892578,128981589.2400865,205688.97545435344,2090798.7158023608,14047553.87179711,13.3796875,0.0,100.0,2.3,78.3,0.0,0.0,20.7,67.9,48.8,50.6,35.3,0.0,37.8,0.0,0.0,0.0,48.8,50.0,0.0,0.0,0.0,0.0,0.0,0.0,0.0,1.1,56.5,1.2,1.1,0.0,0.0,1.2,1.1,1.2,83.3,0.0,1.2,0.0,0.0,0.0,100.0,0.0,2.3,2.3,0.0,0.0,1.1,0.0,32.5,48.8,0.0,0.0,1.1,0.0,0.0,0.0,0.0,0.0,2.4,2.3,0.0,0.0,0.0,0.0,36.5,38.6,94.0,94,94,0.0,0.0,0.0,11.7503662109375,11.7503662109375,11.7503662109375,416.095,416.095,416.095,94,0.0,11.7503662109375,416.095,5
11776744.07860174,81.927734375,128725493.80807288,205221.9354223562,2086031.0994535817,14015521.449453752,13.69375,0.0,100.0,3.5,80.0,0.9,0.0,67.3,23.9,52.6,50.4,53.3,0.0,17.4,0.0,0.0,0.0,50.9,49.6,0.0,0.0,0.0,0.0,0.0,0.0,0.0,0.0,21.7,0.0,15.0,2.6,14.0,0.0,0.9,0.9,80.4,0.9,1.7,0.0,0.0,0.0,100.0,0.0,20.0,0.9,0.0,0.0,0.0,0.0,36.0,51.3,0.0,0.0,0.9,1.7,0.0,0.0,1.8,0.9,1.8,0.0,0.0,0.0,0.0,0.0,34.2,39.0,92.0,92,92,0.0,0.0,0.0,11.7503662109375,11.7503662109375,11.7503662109375,379.626,379.626,379.626,92,0.0,11.7503662109375,379.626,5
11776745.07799658,81.9265251159668,129522867.10624224,206448.93471381435,2098421.8817633684,14098772.018097632,13.41875,0.0,100.0,2.6,77.6,3.8,0.0,14.1,73.7,49.4,50.0,28.6,6.3,40.0,1.3,1.3,0.0,50.6,50.6,0.0,0.0,0.0,0.0,0.0,0.0,0.0,1.3,1.2,1.3,1.3,0.0,0.0,35.0,0.0,1.2,81.6,11.3,0.0,0.0,0.0,0.0,100.0,0.0,12.8,0.0,0.0,0.0,0.0,0.0,33.3,51.3,0.0,0.0,0.0,0.0,0.0,0.0,0.0,0.0,1.3,1.3,0.0,0.0,0.0,0.0,37.2,37.5,100.0,100,100,0.0,0.0,0.0,11.7503662109375,11.7503662109375,11.7503662109375,424.058,424.058,424.058,100,0.0,11.7503662109375,424.058,5
11776746.074328648,81.92947387695312,129953878.99176359,207084.57212959422,2104872.529314057,14142112.30632882,13.2734375,0.0,100.0,2.5,82.2,33.1,0.8,57.6,0.0,51.2,50.4,37.3,2.5,21.0,0.8,0.8,0.0,50.4,49.2,0.0,0.0,0.0,0.0,0.0,0.0,0.0,0.0,0.0,0.8,0.0,0.8,0.8,0.0,0.0,0.0,76.7,35.0,12.5,1.7,0.0,0.0,100.0,0.0,9.9,8.3,0.8,0.0,0.0,0.0,35.0,50.8,0.0,0.0,0.0,0.0,0.0,0.0,0.8,0.8,2.5,0.0,0.0,0.0,0.0,0.0,35.9,36.6,89.0,89,89,0.0,0.0,0.0,11.7503662109375,11.7503662109375,11.7503662109375,381.351,381.351,381.351,89,0.0,11.7503662109375,381.351,5
11776747.048403144,81.9277572631836,132956936.59739347,211828.76757021318,2152968.8013657643,14465259.13417623,13.48125,0.0,100.0,2.4,82.5,1.2,1.2,52.5,38.3,47.6,49.4,47.4,8.3,19.0,0.0,0.0,0.0,51.2,51.2,0.0,0.0,0.0,0.0,0.0,0.0,0.0,1.2,0.0,2.4,1.2,0.0,0.0,1.2,0.0,1.2,82.9,34.6,21.4,0.0,0.0,0.0,100.0,0.0,1.2,1.2,1.2,0.0,0.0,0.0,35.0,48.8,0.0,0.0,0.0,0.0,2.4,0.0,0.0,0.0,0.0,1.2,0.0,0.0,0.0,0.0,35.4,38.1,88.0,88,88,0.0,0.0,0.0,11.7503662109375,11.7503662109375,11.7503662109375,431.649,431.649,431.649,88,0.0,11.7503662109375,431.649,5
11776748.068375168,81.9297981262207,127006123.58985886,202296.72485780966,2056087.7648168057,13814339.669862915,14.634375,0.0,84.5,5.0,79.6,1.7,0.9,64.6,23.9,50.4,50.8,20.9,3.5,39.3,1.7,0.0,0.0,49.6,50.0,0.0,0.0,0.0,0.0,0.0,0.0,0.0,0.0,0.0,0.9,0.9,0.8,0.0,0.8,0.8,0.9,80.5,2.5,33.3,23.7,0.0,0.0,84.5,14.5,30.8,15.5,15.3,15.3,15.3,0.0,35.1,47.8,0.0,1.7,0.0,0.0,0.9,0.0,0.0,0.0,0.9,0.8,0.0,0.0,0.0,0.0,34.2,37.0,92.0,92,92,0.0,0.0,0.0,11.7503662109375,11.7503662109375,11.7503662109375,383.969,383.969,383.969,92,0.0,11.7503662109375,383.969,5
11776749.071319824,81.9309310913086,129200471.09422833,205740.1660439616,2090994.7403847235,14052954.886062175,14.2484375,0.0,100.0,3.0,79.6,0.0,0.0,58.8,33.3,50.0,49.5,10.3,14.0,54.3,16.2,0.0,0.0,50.0,52.0,0.0,0.0,0.0,0.0,0.0,0.0,0.0,1.0,0.0,1.0,1.0,1.0,1.0,1.0,0.0,1.0,85.6,1.0,35.0,1.0,22.0,1.0,3.0,3.0,100.0,4.0,3.0,4.0,3.0,1.0,35.1,50.0,0.0,0.0,0.0,0.0,0.0,0.0,0.0,0.0,4.0,0.0,1.0,0.0,0.0,0.0,36.0,41.2,84.0,84,84,0.0,0.0,0.0,11.7503662109375,11.7503662109375,11.7503662109375,426.683,426.683,426.683,84,0.0,11.7503662109375,426.683,5
11776750.078498252,81.93241119384766,128689863.12805068,204876.3102295062,2082205.0417521426,13993881.93099438,13.393749999999999,0.0,100.0,35.4,77.3,1.0,0.0,6.0,49.0,52.9,51.0,20.2,17.0,41.2,1.0,0.0,0.0,51.0,51.0,0.0,0.0,0.0,0.0,0.0,0.0,0.0,0.0,1.0,1.0,0.0,6.9,0.0,0.0,0.0,0.0,79.6,2.0,1.0,0.0,49.0,0.0,0.0,0.0,100.0,0.0,0.0,0.0,0.0,0.0,35.4,51.0,0.0,0.0,0.0,0.0,0.0,0.0,0.0,0.0,2.0,0.0,0.0,0.0,0.0,0.0,36.4,37.9,87.0,87,87,0.0,0.0,0.0,11.7503662109375,11.7503662109375,11.7503662109375,374.918,374.918,374.918,87,0.0,11.7503662109375,374.918,5
11776751.0730663,81.93043899536133,130354472.23026909,207481.02697006732,2108605.8456454957,14171313.89622295,13.3296875,0.0,100.0,32.7,78.1,1.0,0.0,0.0,63.3,47.4,49.0,5.1,36.8,22.9,0.0,1.0,0.0,50.5,49.0,0.0,0.0,0.0,0.0,0.0,0.0,0.0,0.0,1.0,1.0,18.2,29.3,2.0,1.0,1.0,1.0,77.9,1.0,1.0,2.0,0.0,0.0,0.0,0.0,100.0,13.0,0.0,0.0,0.0,0.0,34.7,51.0,0.0,0.0,0.0,0.0,0.0,0.0,0.0,0.0,1.0,3.0,0.0,0.0,0.0,0.0,37.8,39.4,87.0,87,87,0.0,0.0,0.0,11.7503662109375,11.7503662109375,11.7503662109375,430.112,430.112,430.112,87,0.0,11.7503662109375,430.112,5
11776752.067894557,81.93370819091797,130353285.59981067,207435.80452276414,2108054.3136440343,14167607.213377193,13.578125,0.0,100.0,56.8,85.4,3.1,2.0,1.0,31.2,51.0,50.5,7.1,47.3,22.9,0.0,0.0,1.0,50.0,50.5,0.0,0.0,0.0,0.0,0.0,0.0,0.0,2.0,0.0,0.0,2.0,1.0,0.0,1.0,0.0,1.0,85.7,0.0,2.0,1.0,1.0,0.0,0.0,0.0,100.0,55.1,0.0,0.0,0.0,0.0,33.0,48.5,1.0,0.0,0.0,0.0,0.0,1.0,0.0,0.0,3.0,0.0,0.0,0.0,0.0,0.0,33.3,37.6,92.0,92,92,0.0,0.0,0.0,11.7503662109375,11.7503662109375,11.7503662109375,375.979,375.979,375.979,92,0.0,11.7503662109375,375.979,5
11776753.073254084,81.9308967590332,129020375.84775205,205262.88806604195,2085972.1763759784,14019199.724433089,13.153125,0.0,100.0,57.0,78.1,2.0,1.0,0.0,38.4,50.5,49.5,5.9,12.9,46.4,0.0,0.0,0.0,49.5,48.5,0.0,0.0,0.0,0.0,0.0,0.0,0.0,0.0,0.0,1.0,0.0,0.0,0.0,2.0,1.0,0.0,78.1,1.0,1.0,0.0,0.0,0.0,0.0,0.0,100.0,55.0,0.0,0.0,1.0,0.0,33.7,50.0,0.0,0.0,0.0,0.0,0.0,0.0,0.0,0.0,0.0,0.0,2.0,0.0,0.0,0.0,36.9,39.4,85.0,85,85,0.0,0.0,0.0,11.7503662109375,11.7503662109375,11.7503662109375,432.627,432.627,432.627,85,0.0,11.7503662109375,432.627,5
11776754.07528212,81.9284896850586,129482008.95397535,205952.32148370668,2092907.5103173833,14065810.044926008,13.9328125,0.0,100.0,19.6,78.0,3.2,3.1,0.0,71.1,50.0,50.0,1.1,25.6,47.3,12.8,0.0,0.0,51.5,51.6,0.0,0.0,0.0,0.0,0.0,0.0,0.0,1.1,1.1,0.0,0.0,1.1,1.1,0.0,1.0,1.1,84.8,5.3,5.3,3.2,0.0,1.0,0.0,0.0,100.0,25.5,0.0,0.0,0.0,0.0,36.7,51.6,0.0,0.0,0.0,0.0,0.0,0.0,0.0,1.1,3.2,21.1,8.5,0.0,0.0,0.0,35.5,37.5,100.0,100,100,0.0,0.0,0.0,11.7503662109375,11.7503662109375,11.7503662109375,405.682,405.682,405.682,100,0.0,11.7503662109375,405.682,5
11776755.076752994,81.93277740478516,129592211.05721007,206069.89694136812,2094071.8820310023,14073635.441540388,13.6578125,0.0,100.0,68.9,84.6,4.7,2.8,0.0,23.6,50.5,50.0,12.4,29.4,32.4,4.7,0.0,0.0,50.5,50.9,0.9,0.0,0.0,0.0,0.0,0.0,0.0,1.9,0.0,0.9,0.9,0.9,0.0,0.9,0.9,0.9,79.0,3.7,1.0,0.9,1.9,0.0,0.0,0.0,100.0,0.9,0.9,0.9,0.0,0.0,34.0,49.5,0.0,0.0,0.0,0.0,0.0,0.0,0.0,0.0,0.0,0.0,43.8,11.4,0.0,0.0,35.0,37.6,87.0,87,87,0.0,0.0,0.0,11.7503662109375,11.7503662109375,11.7503662109375,376.901,376.901,376.901,87,0.0,11.7503662109375,376.901,5
11776756.072501002,81.93016815185547,130369895.79698583,207261.2733445578,2106107.1514540464,14154520.914362056,13.321875,0.0,100.0,31.8,76.5,1.1,0.0,1.1,59.3,50.0,50.0,4.5,19.3,54.9,0.0,0.0,0.0,48.8,50.0,1.1,0.0,0.0,0.0,0.0,0.0,0.0,0.0,0.0,2.2,0.0,1.2,2.3,0.0,0.0,0.0,79.5,0.0,1.1,0.0,0.0,0.0,0.0,0.0,100.0,1.1,0.0,1.1,1.1,0.0,34.9,48.8,0.0,0.0,0.0,0.0,0.0,0.0,0.0,0.0,0.0,0.0,11.2,44.0,0.0,0.0,36.8,38.9,91.0,91,91,0.0,0.0,0.0,11.7503662109375,11.7503662109375,11.7503662109375,409.558,409.558,409.558,91,0.0,11.7503662109375,409.558,5
11776757.072725955,81.93163299560547,129819092.73847347,206333.5845344182,2096680.3443818402,14091166.14261311,13.290625,0.0,100.0,18.0,81.0,0.0,1.0,0.0,32.3,49.5,51.9,36.8,33.7,33.3,0.0,0.0,0.0,50.0,49.5,0.0,0.0,0.0,0.0,0.0,0.0,0.0,0.0,1.0,24.8,2.0,2.9,2.0,1.0,1.0,1.0,82.0,0.0,0.0,0.0,0.0,0.0,0.0,0.0,100.0,21.2,1.0,0.0,0.0,0.0,33.3,50.5,1.0,0.0,0.0,1.0,1.0,0.0,0.0,0.0,2.0,0.0,0.0,11.0,0.0,0.0,36.4,37.5,94.0,94,94,0.0,0.0,0.0,11.7503662109375,11.7503662109375,11.7503662109375,393.851,393.851,393.851,94,0.0,11.7503662109375,393.851,5
11776758.073062338,81.92986679077148,129837364.97763118,206322.59668126504,2096446.7919071882,14089596.505766865,13.2875,0.0,100.0,31.5,80.0,2.2,0.0,0.0,36.3,50.0,48.9,23.9,17.2,50.6,0.0,0.0,0.0,51.1,50.6,0.0,0.0,0.0,0.0,0.0,0.0,0.0,0.0,0.0,0.0,0.0,1.1,1.1,2.2,0.0,2.2,77.6,1.1,2.3,0.0,0.0,0.0,0.0,0.0,100.0,56.8,0.0,1.1,0.0,0.0,34.1,50.0,0.0,0.0,0.0,0.0,1.1,0.0,0.0,0.0,2.2,1.1,2.2,0.0,0.0,0.0,35.2,36.7,100.0,100,100,0.0,0.0,0.0,11.7503662109375,11.7503662109375,11.7503662109375,440.826,440.826,440.826,100,0.0,11.7503662109375,440.826,5
11776759.060065277,81.93143463134766,131624489.52126761,209109.81299820042,2124767.735904502,14279933.162592562,13.153125,0.0,100.0,68.5,80.2,20.6,32.4,1.9,27.1,50.0,48.1,0.9,4.5,2.7,0.0,0.0,0.0,49.1,49.1,0.0,0.0,0.0,0.0,0.0,0.0,0.0,0.9,0.0,0.9,0.9,0.0,0.0,0.0,0.9,0.9,78.3,54.1,0.0,2.7,0.0,0.0,0.0,0.0,100.0,1.8,0.9,0.0,0.0,0.0,34.3,50.9,0.0,0.0,0.0,1.8,0.9,0.0,0.0,0.0,0.9,0.9,0.0,0.9,0.0,0.0,35.2,38.6,91.0,91,91,0.0,0.0,0.0,11.7503662109375,11.7503662109375,11.7503662109375,386.055,386.055,386.055,91,0.0,11.7503662109375,386.055,5
11776760.05161758,81.92924118041992,131059108.68991032,208160.4767150445,2115019.040822807,14218545.973656448,13.9640625,0.0,100.0,39.8,77.2,23.7,34.4,2.1,54.3,51.6,51.5,0.0,15.6,1.0,17.7,0.0,0.0,53.1,52.6,2.1,0.0,0.0,0.0,0.0,0.0,0.0,1.0,1.0,2.1,0.0,1.0,0.0,0.0,3.1,1.1,84.0,20.4,34.0,2.1,0.0,0.0,0.0,0.0,100.0,1.0,0.0,0.0,0.0,0.0,35.2,50.5,0.0,0.0,0.0,1.0,0.0,0.0,1.0,0.0,2.1,0.0,1.0,1.0,0.0,0.0,35.9,38.5,93.0,93,93,0.0,0.0,0.0,11.7523193359375,11.7523193359375,11.7523193359375,440.994,440.994,440.994,93,0.0,11.7523193359375,440.994,5
11776761.061953824,81.93544006347656,128654860.90430431,204290.4044350816,2075697.0874402395,13954197.997986922,13.415625,0.0,100.0,12.6,85.3,22.5,51.0,26.5,43.6,50.9,50.0,3.9,0.0,0.0,1.0,0.0,0.0,50.5,49.5,0.0,0.0,0.0,0.0,0.0,1.0,0.0,0.0,36.5,1.0,0.0,0.0,1.0,1.0,1.0,1.9,79.8,18.6,2.9,1.9,1.0,0.0,0.0,0.0,100.0,1.0,1.0,0.0,0.0,0.0,36.6,49.5,0.0,0.0,0.0,0.0,0.0,0.0,0.0,0.0,1.0,0.0,0.0,0.0,0.0,0.0,35.9,38.7,93.0,93,93,0.0,0.0,0.0,11.7523193359375,11.7523193359375,11.7523193359375,392.848,392.848,392.848,93,0.0,11.7523193359375,392.848,5
11776762.069761824,81.92949676513672,129010076.34335043,204814.80602541516,2080904.2995427223,13989204.294972753,13.2609375,0.0,100.0,1.8,75.9,5.4,59.8,6.3,29.1,49.5,49.1,12.6,29.9,13.0,0.0,0.0,0.0,51.3,49.1,0.0,0.0,0.0,0.0,0.0,0.0,0.0,0.9,55.5,0.0,0.9,2.7,0.9,0.0,0.9,1.8,80.6,4.5,2.8,0.0,0.0,0.0,0.0,0.0,100.0,0.9,0.9,0.0,0.0,0.0,35.2,50.9,0.0,0.0,0.0,0.0,0.0,0.0,0.0,0.0,0.9,0.0,0.0,0.9,0.0,0.0,36.1,38.6,88.0,88,88,0.0,0.0,0.0,11.7523193359375,11.7523193359375,11.7523193359375,431.692,431.692,431.692,88,0.0,11.7523193359375,431.692,5
11776763.074212952,81.93718338012695,129473797.59016255,205506.26536501248,2087858.6743730856,14035956.166390939,13.6421875,0.0,100.0,7.1,83.3,0.0,44.9,2.0,42.7,49.0,50.0,13.1,34.4,28.1,0.0,0.0,0.0,48.5,50.5,1.0,0.0,0.0,0.0,0.0,0.0,0.0,1.0,14.7,21.8,1.0,0.0,1.0,3.0,0.0,0.0,79.2,1.0,4.1,3.0,19.4,0.0,0.0,0.0,100.0,1.0,2.0,1.0,0.0,0.0,34.4,49.0,0.0,1.0,1.0,0.0,0.0,0.0,0.0,0.0,5.0,1.0,1.0,0.0,0.0,0.0,34.7,38.2,92.0,92,92,0.0,0.0,0.0,11.7523193359375,11.7523193359375,11.7523193359375,379.597,379.597,379.597,92,0.0,11.7523193359375,379.597,5
11776764.075025044,81.93338012695312,129977256.40643264,206253.50301605748,2095450.2999071362,14086992.055235084,13.325,0.0,100.0,4.0,77.3,0.0,45.5,0.0,48.5,51.5,50.5,7.9,15.3,42.3,0.0,0.0,0.0,49.0,50.5,0.0,0.0,1.0,0.0,0.0,0.0,0.0,1.0,0.0,1.0,0.0,0.0,1.0,0.0,0.0,2.0,84.7,0.0,22.5,35.4,2.0,1.0,0.0,0.0,100.0,0.0,0.0,0.0,0.0,0.0,34.7,49.5,0.0,0.0,0.0,0.0,0.0,0.0,0.0,0.0,1.0,1.0,0.0,0.0,0.0,0.0,35.4,37.3,89.0,89,89,0.0,0.0,0.0,11.7523193359375,11.7523193359375,11.7523193359375,433.136,433.136,433.136,89,0.0,11.7523193359375,433.136,5
11776765.075094769,81.93693161010742,130111942.0234468,206418.6075872894,2097005.7875383256,14097449.063880697,13.9796875,0.0,100.0,2.2,83.7,1.1,42.9,2.1,47.3,49.5,51.1,24.7,12.9,43.3,18.3,1.1,0.0,48.4,51.6,3.2,0.0,0.0,0.0,0.0,0.0,0.0,0.0,1.1,1.1,2.1,1.1,0.0,2.1,1.1,0.0,76.7,3.2,0.0,53.3,0.0,0.0,0.0,0.0,100.0,2.1,1.1,0.0,0.0,0.0,34.1,50.0,0.0,0.0,0.0,0.0,1.1,0.0,0.0,0.0,3.2,1.1,0.0,0.0,0.0,0.0,37.4,39.4,100.0,100,100,0.0,0.0,0.0,11.7523193359375,11.7523193359375,11.7523193359375,407.593,407.593,407.593,100,0.0,11.7523193359375,407.593,5
11776766.0752541,81.96806335449219,130132987.82437289,206401.11397303408,2096817.9126053671,14096186.045288425,15.4671875,0.0,100.0,9.5,80.4,3.7,30.1,1.0,63.8,50.5,49.5,25.7,1.0,41.0,0.9,0.0,0.0,51.4,51.4,0.0,0.0,0.0,0.0,0.0,0.0,0.0,0.0,0.9,0.0,0.0,0.0,0.9,0.0,0.0,0.9,86.4,0.0,8.5,33.0,0.0,0.0,22.4,21.7,100.0,21.0,21.7,21.0,21.0,0.0,34.3,50.9,0.0,0.0,0.0,0.0,0.0,0.0,0.0,0.9,1.0,1.0,2.8,4.7,0.0,0.9,36.5,37.6,90.0,90,90,0.0,0.0,0.0,11.7523193359375,11.7523193359375,11.7523193359375,400.296,400.296,400.296,90,0.0,11.7523193359375,400.296,5
11776767.075329412,81.96848678588867,130176635.09412782,206427.45346723116,2096994.0704877898,14097370.294177681,13.253125,0.0,100.0,54.0,75.0,4.5,1.1,0.0,36.5,50.6,48.3,16.5,20.9,30.6,0.0,0.0,0.0,50.0,49.4,0.0,0.0,1.1,0.0,0.0,0.0,0.0,2.2,1.1,1.1,0.0,29.2,21.3,0.0,1.1,1.1,75.6,2.3,3.3,0.0,1.1,0.0,0.0,0.0,100.0,3.4,1.1,1.1,0.0,0.0,34.1,50.6,0.0,1.1,0.0,0.0,0.0,0.0,0.0,0.0,0.0,0.0,0.0,6.9,0.0,0.0,36.0,36.0,92.0,92,92,0.0,0.0,0.0,11.7523193359375,11.7523193359375,11.7523193359375,410.471,410.471,410.471,92,0.0,11.7523193359375,410.471,5
11776768.077416915,81.93051147460938,129947880.32270372,206012.94721627937,2092783.3071623389,14069062.779790567,13.2296875,0.0,100.0,61.5,80.2,1.8,0.9,0.0,30.6,50.0,51.8,0.0,18.2,45.3,0.0,0.0,0.0,49.1,50.0,0.0,0.0,0.0,0.0,0.0,0.0,0.0,0.0,43.4,2.7,0.9,2.7,0.9,0.0,0.9,0.9,80.6,0.0,7.1,0.9,0.0,0.0,0.0,0.0,100.0,0.0,0.0,0.0,0.0,0.0,33.6,49.6,0.9,0.9,0.0,0.0,0.0,0.9,0.0,0.0,3.5,2.6,0.0,0.0,0.0,0.0,35.5,38.8,88.0,88,88,0.0,0.0,0.0,11.7523193359375,11.7523193359375,11.7523193359375,377.147,377.147,377.147,88,0.0,11.7523193359375,377.147,5
11776769.074789396,81.93262481689453,130595003.97055423,206994.88317280263,2102676.825181808,14135573.500538636,13.425,0.0,100.0,22.2,83.5,1.2,0.0,0.0,71.4,51.2,48.1,22.5,46.8,6.1,0.0,0.0,0.0,50.0,49.4,0.0,0.0,0.0,0.0,0.0,0.0,0.0,0.0,0.0,3.7,0.0,0.0,53.2,1.2,1.2,0.0,82.5,1.3,0.0,0.0,0.0,0.0,0.0,0.0,100.0,1.2,2.4,0.0,0.0,0.0,34.2,51.2,2.4,0.0,1.2,1.2,0.0,0.0,0.0,0.0,0.0,0.0,1.2,0.0,0.0,0.0,32.9,35.8,100.0,100,100,0.0,0.0,0.0,11.7523193359375,11.7523193359375,11.7523193359375,429.344,429.344,429.344,100,0.0,11.7523193359375,429.344,5
11776770.078338273,81.93312454223633,129826584.37997445,205722.91461540633,2089735.7840841673,14048575.329722079,13.90625,0.0,100.0,74.8,82.6,4.2,0.8,0.8,16.9,50.9,51.3,13.8,40.7,9.4,14.3,0.0,0.0,51.7,52.1,0.8,0.0,0.0,0.0,0.0,0.0,0.0,1.7,0.8,0.0,0.8,1.7,57.1,1.7,0.8,1.7,81.4,6.8,1.7,0.0,1.7,0.8,0.0,0.0,100.0,0.8,0.0,0.0,0.0,0.0,34.5,50.8,0.0,0.8,0.0,0.8,0.0,0.0,0.0,0.0,0.8,0.0,0.0,0.0,0.8,0.8,37.1,39.0,86.0,86,86,0.0,0.0,0.0,11.7523193359375,11.7523193359375,11.7523193359375,375.062,375.062,375.062,86,0.0,11.7523193359375,375.062,5
11776771.049322106,81.93374633789062,134217270.73183046,212631.75860122082,2159821.748380174,14519739.175633904,13.4203125,0.0,100.0,75.3,80.6,0.0,2.7,0.0,16.2,50.0,48.6,56.8,12.2,15.8,0.0,0.0,0.0,50.0,49.3,0.0,0.0,0.0,0.0,0.0,1.3,0.0,0.0,0.0,29.3,0.0,0.0,9.3,0.0,0.0,0.0,82.2,18.7,2.6,0.0,0.0,0.0,0.0,0.0,100.0,0.0,0.0,0.0,0.0,0.0,34.2,49.3,0.0,0.0,0.0,0.0,1.3,1.3,0.0,0.0,0.0,0.0,0.0,0.0,0.0,1.3,34.2,36.4,98.0,98,98,0.0,0.0,0.0,11.7523193359375,11.7523193359375,11.7523193359375,428.559,428.559,428.559,98,0.0,11.7523193359375,428.559,5
11776772.077723188,81.93460464477539,126755514.19891381,200762.13798011927,2039235.5044428234,13709079.30916445,13.0546875,0.0,100.0,28.9,77.5,3.2,0.8,0.0,62.8,49.2,50.8,4.0,23.0,31.6,0.0,0.0,0.0,48.4,50.0,0.0,0.0,0.0,0.0,0.0,0.0,0.0,0.0,0.8,0.8,1.6,0.8,0.0,0.8,0.8,0.0,82.9,54.8,0.0,1.6,0.8,0.0,0.0,0.0,100.0,0.8,0.8,0.0,0.0,0.0,33.6,50.8,0.0,0.0,0.0,0.0,0.0,0.0,0.0,0.0,0.0,0.0,0.0,0.0,0.0,0.0,36.3,37.3,89.0,89,89,0.0,0.0,0.0,11.7523193359375,11.7523193359375,11.7523193359375,387.059,387.059,387.059,89,0.0,11.7523193359375,387.059,5
11776773.049466193,81.93003463745117,134179745.47804408,212481.07685449204,2158134.3940853057,14508395.672737544,13.58125,0.0,100.0,29.8,81.0,42.9,40.5,2.4,55.4,51.2,49.4,1.2,5.9,49.4,0.0,1.2,0.0,52.3,51.2,0.0,0.0,0.0,0.0,0.0,0.0,0.0,1.2,1.2,1.2,0.0,1.2,0.0,0.0,1.2,1.2,83.1,2.3,0.0,0.0,1.2,1.2,0.0,0.0,100.0,1.2,0.0,0.0,0.0,0.0,34.1,50.0,0.0,0.0,0.0,0.0,0.0,0.0,0.0,0.0,1.2,0.0,0.0,0.0,0.0,0.0,34.6,39.3,91.0,91,91,0.0,0.0,0.0,11.7523193359375,11.7523193359375,11.7523193359375,431.762,431.762,431.762,91,0.0,11.7523193359375,431.762,5
11776774.06611039,81.93371963500977,128285724.18759556,203096.61993213688,2062818.0508430514,13867616.662112858,13.25,0.0,100.0,24.8,79.2,50.0,42.3,32.7,62.1,50.5,50.0,4.8,1.0,0.0,0.0,0.0,0.0,48.5,49.0,0.0,0.0,0.0,0.0,0.0,0.0,0.0,1.0,0.0,1.0,1.0,1.0,1.0,1.0,0.0,1.0,79.0,1.9,1.9,0.0,0.0,1.0,0.0,0.0,100.0,0.0,0.0,0.0,0.0,0.0,34.3,50.9,0.0,0.0,0.0,0.0,0.0,0.0,0.0,0.0,1.0,1.9,0.0,0.0,0.0,0.0,35.9,38.3,93.0,93,93,0.0,0.0,0.0,11.7523193359375,11.7523193359375,11.7523193359375,387.607,387.607,387.607,93,0.0,11.7523193359375,387.607,5
11776775.079359567,81.93031311035156,128747848.89903404,203784.02922800617,2069729.7827607542,13914081.859887727,13.45625,0.0,100.0,9.0,79.4,5.6,55.6,3.7,39.3,50.0,49.5,38.7,19.8,2.7,17.0,0.0,0.0,49.5,48.6,0.0,0.0,0.0,0.0,0.0,0.0,0.0,0.0,8.1,0.0,0.9,0.9,36.9,0.0,1.8,0.9,80.4,0.0,0.9,0.9,0.9,0.0,0.0,0.0,100.0,0.0,0.0,0.0,0.0,0.0,34.6,50.0,0.0,0.0,0.0,0.0,0.0,0.0,0.0,0.0,1.8,0.0,0.0,0.0,0.0,0.0,35.2,38.6,88.0,88,88,0.0,0.0,0.0,11.7523193359375,11.7523193359375,11.7523193359375,430.003,430.003,430.003,88,0.0,11.7523193359375,430.003,5
11776776.075768476,81.9334831237793,130962127.84540594,207238.21115905143,2104710.2046966353,14149243.212042615,13.525,0.0,100.0,10.2,83.2,5.1,41.2,2.9,46.3,50.0,50.5,35.8,34.0,0.0,0.0,0.0,0.0,49.0,51.0,0.0,0.0,0.0,0.0,0.0,0.0,0.0,1.0,1.0,1.0,0.0,0.0,37.0,1.0,0.0,0.0,77.9,1.0,1.0,1.0,0.0,0.0,0.0,0.0,100.0,4.0,1.0,2.0,1.0,0.0,34.0,51.0,0.0,0.0,0.0,0.0,0.0,0.0,0.0,0.0,17.2,1.0,0.0,0.0,0.0,0.0,35.7,37.6,90.0,90,90,0.0,0.0,0.0,11.7523193359375,11.7523193359375,11.7523193359375,376.3,376.3,376.3,90,0.0,11.7523193359375,376.3,5
11776777.075613327,81.93035125732422,130544792.89769006,206526.0423146609,2097477.421582592,14100619.697436098,13.4796875,0.0,100.0,4.0,80.4,5.9,15.2,0.0,81.4,51.0,49.5,43.9,14.4,0.0,0.0,0.0,0.0,50.0,49.0,0.0,0.0,0.0,0.0,0.0,0.0,0.0,0.0,28.3,0.0,1.0,1.0,0.0,1.0,1.0,2.0,84.8,1.0,2.0,1.0,0.0,0.0,0.0,1.0,100.0,1.0,0.0,0.0,0.0,0.0,35.7,52.5,0.0,0.0,0.0,0.0,0.0,0.0,0.0,0.0,27.0,1.0,1.0,0.0,0.0,0.0,37.1,38.6,90.0,90,90,0.0,0.0,0.0,11.7523193359375,11.7523193359375,11.7523193359375,438.036,438.036,438.036,90,0.0,11.7523193359375,438.036,5
11776778.07598932,81.93474197387695,130508183.76470526,206424.385762427,2096363.7807403575,14093133.072867794,13.2640625,0.0,100.0,2.1,76.3,4.3,31.2,0.0,57.6,50.0,50.0,25.3,36.6,5.3,0.0,0.0,0.0,50.0,51.0,0.0,0.0,0.0,0.0,0.0,0.0,0.0,1.0,20.0,17.5,21.6,0.0,0.0,0.0,0.0,0.0,78.5,4.2,1.0,0.0,0.0,0.0,0.0,0.0,100.0,0.0,0.0,0.0,0.0,0.0,33.3,49.5,0.0,0.0,0.0,0.0,0.0,0.0,0.0,0.0,2.1,7.4,0.0,0.0,0.0,0.0,35.1,38.0,95.0,95,95,0.0,0.0,0.0,11.7523193359375,11.7523193359375,11.7523193359375,403.014,403.014,403.014,95,0.0,11.7523193359375,403.014,5
11776779.075667592,81.93042755126953,130631990.11374585,206568.45908622554,2097826.9319890174,14102969.335754292,13.459375,0.0,100.0,3.8,82.4,4.8,50.0,0.0,40.6,50.5,50.5,0.0,33.3,30.1,0.0,0.0,0.0,48.5,50.5,1.0,0.0,0.0,0.0,0.0,0.0,0.0,1.0,21.2,37.1,1.0,1.9,1.0,1.9,1.0,1.0,78.2,0.0,2.9,1.9,0.0,0.0,0.0,0.0,100.0,0.0,0.0,0.0,0.0,0.0,34.0,50.0,0.0,0.0,0.0,1.0,0.0,1.0,0.0,0.0,1.9,1.9,1.9,0.0,0.0,0.0,35.9,37.7,90.0,90,90,0.0,0.0,0.0,11.7523193359375,11.7523193359375,11.7523193359375,406.834,406.834,406.834,90,0.0,11.7523193359375,406.834,5
11776780.064446172,81.94612503051758,132105091.72096373,208856.66840006682,2120952.0942920637,14258431.85264313,14.209375,0.0,100.0,3.5,79.3,7.1,7.2,1.2,11.8,50.0,52.9,34.9,36.2,68.7,20.0,0.0,0.0,52.3,52.4,0.0,0.0,0.0,0.0,0.0,1.2,0.0,0.0,18.1,11.8,23.8,0.0,0.0,0.0,0.0,1.2,82.9,2.4,18.1,1.2,0.0,0.0,0.0,0.0,100.0,2.3,0.0,0.0,0.0,0.0,36.9,52.9,1.2,0.0,0.0,0.0,0.0,0.0,0.0,0.0,0.0,0.0,1.2,0.0,0.0,0.0,36.9,39.8,92.0,92,92,0.0,0.0,0.0,11.7523193359375,11.7523193359375,11.7523193359375,414.531,414.531,414.531,92,0.0,11.7523193359375,414.531,5
11776781.061838984,81.93171691894531,131002424.85260925,207053.82810197843,2102633.960466217,14135285.335790465,13.3046875,0.0,100.0,2.9,78.8,13.5,0.0,0.0,0.0,49.5,49.5,46.1,45.6,59.2,0.0,0.0,0.0,51.0,49.5,0.0,0.0,0.0,0.0,0.0,0.0,0.0,0.0,1.0,52.0,2.9,0.0,0.0,0.0,0.0,1.0,79.0,1.0,2.9,2.9,1.9,0.0,0.0,0.0,100.0,0.0,0.0,0.0,0.0,0.0,34.0,50.0,1.0,0.0,0.0,0.0,0.0,0.0,0.0,0.0,0.0,1.0,0.0,0.0,0.0,0.0,36.6,38.7,94.0,94,94,0.0,0.0,0.0,11.7523193359375,11.7523193359375,11.7523193359375,408.703,408.703,408.703,94,0.0,11.7523193359375,408.703,5
11776782.051365675,81.93318176269531,132076879.98705693,208713.92545155037,2119348.5928715225,14247652.063796446,13.4203125,0.0,100.0,8.1,82.6,1.2,4.5,0.0,1.1,50.0,48.8,90.6,43.5,15.3,0.0,0.0,0.0,47.7,50.6,0.0,0.0,0.0,0.0,1.1,0.0,0.0,1.1,0.0,1.2,58.0,2.3,2.3,1.1,1.1,0.0,83.7,2.3,1.2,2.3,0.0,0.0,0.0,0.0,100.0,0.0,0.0,0.0,0.0,0.0,33.7,49.4,1.1,0.0,0.0,0.0,0.0,0.0,1.1,0.0,0.0,0.0,1.1,0.0,0.0,0.0,33.3,37.5,98.0,98,98,0.0,0.0,0.0,11.7523193359375,11.7523193359375,11.7523193359375,444.378,444.378,444.378,98,0.0,11.7523193359375,444.378,5
11776783.06342877,81.9311408996582,129168138.43043628,204066.32842330253,2072155.391935165,13930388.396564137,13.1265625,0.0,100.0,8.0,80.6,1.8,0.0,0.0,0.0,51.8,48.6,45.4,35.2,62.7,0.0,0.0,0.0,49.5,49.1,0.0,0.0,0.0,0.0,0.0,0.0,0.0,0.9,0.9,3.5,44.1,2.6,0.9,0.0,0.0,0.9,80.6,0.0,3.5,0.0,0.9,0.0,0.9,0.0,100.0,0.9,0.0,0.0,0.0,0.0,33.9,49.5,0.9,0.0,0.0,0.0,0.0,0.0,0.0,0.0,9.7,0.0,0.0,0.0,0.0,0.0,34.5,38.3,92.0,92,92,0.0,0.0,0.0,11.7523193359375,11.7523193359375,11.7523193359375,390.715,390.715,390.715,92,0.0,11.7523193359375,390.715,5
11776784.066810116,81.9337043762207,130318369.57774623,205838.98728287217,2090084.7016643665,14050920.98267334,13.171875,0.0,100.0,6.0,79.6,1.0,0.0,0.0,0.0,51.0,49.0,38.4,71.4,41.4,0.0,0.0,0.0,51.0,50.5,0.0,0.0,0.0,0.0,0.0,0.0,0.0,0.0,0.0,1.0,56.9,0.0,0.0,1.0,1.9,1.0,78.6,1.0,0.0,0.0,0.0,0.0,0.0,0.0,100.0,0.0,0.0,0.0,0.0,0.0,36.4,51.0,0.0,0.0,0.0,0.0,0.0,0.0,0.0,0.0,1.0,1.0,0.0,0.0,0.0,0.0,36.0,36.9,92.0,92,92,0.0,0.0,0.0,11.7523193359375,11.7523193359375,11.7523193359375,438.205,438.205,438.205,92,0.0,11.7523193359375,438.205,5
11776785.064814046,81.9325065612793,131053320.62089902,206948.082890145,2101346.434886258,14126629.743903322,13.5609375,0.0,100.0,8.0,79.4,2.0,0.0,0.0,0.0,49.0,52.9,39.2,52.6,62.1,6.1,0.0,0.0,48.5,48.5,0.0,0.0,0.0,0.0,0.0,0.0,0.0,2.0,1.0,1.0,9.2,2.0,6.2,0.0,0.0,0.0,86.6,26.0,3.0,3.1,1.0,1.0,0.0,0.0,100.0,2.0,11.0,0.0,0.0,0.0,34.7,49.5,0.0,0.0,0.0,0.0,0.0,0.0,0.0,0.0,2.0,1.0,1.0,0.0,0.0,0.0,36.7,39.6,94.0,94,94,0.0,0.0,0.0,11.7523193359375,11.7523193359375,11.7523193359375,390.447,390.447,390.447,94,0.0,11.7523193359375,390.447,5
11776786.060765645,81.93935775756836,131358983.90615135,207387.58822113162,2105676.624383304,14155740.11938932,13.6921875,0.0,100.0,3.0,81.8,9.9,10.9,1.0,0.0,50.0,49.0,63.3,49.0,27.5,10.9,0.0,0.0,52.0,50.5,0.0,0.0,0.0,0.0,0.0,0.0,0.0,0.0,1.0,1.0,1.0,0.0,1.9,1.0,1.0,0.0,78.4,17.0,1.0,1.0,0.0,0.0,0.0,0.0,100.0,0.0,41.8,0.0,0.0,0.0,34.7,50.0,0.0,0.0,0.0,0.0,0.0,0.0,0.0,1.0,8.8,2.0,1.0,0.0,0.0,0.0,35.4,38.5,93.0,93,93,0.0,0.0,0.0,11.7523193359375,11.7523193359375,11.7523193359375,443.3,443.3,443.3,93,0.0,11.7523193359375,443.3,5
11776787.077277284,81.92731094360352,128734296.69142953,203204.7563029573,2063087.0502045872,13869425.052351931,13.3140625,0.0,100.0,1.9,81.0,5.8,38.0,25.5,1.0,49.5,51.4,25.2,0.0,64.6,0.0,1.9,0.0,48.6,51.0,0.0,0.0,0.0,0.0,0.0,0.0,0.0,0.0,1.0,1.0,0.0,1.9,1.0,0.0,0.0,1.9,79.4,33.7,21.6,1.0,0.0,0.0,0.0,0.0,100.0,1.0,0.0,0.0,0.0,0.0,35.6,51.4,0.0,0.0,0.0,0.0,0.0,0.0,0.0,0.0,0.0,0.0,0.0,0.0,0.0,0.0,37.9,38.3,94.0,94,94,0.0,0.0,0.0,11.7523193359375,11.7523193359375,11.7523193359375,402.043,402.043,402.043,94,0.0,11.7523193359375,402.043,5
11776788.078163167,81.93025207519531,130779506.61306724,206378.17301350815,2095295.8123344902,14090045.863022754,13.4953125,0.0,100.0,14.3,78.4,5.8,28.7,33.0,0.0,50.0,49.5,57.3,0.0,28.6,1.9,0.9,0.0,51.0,48.6,0.0,0.0,0.0,0.0,0.0,0.0,0.0,0.9,1.0,1.0,1.0,0.0,0.0,1.9,1.0,0.0,83.3,10.5,36.2,1.9,0.0,1.0,0.9,0.0,100.0,11.4,1.9,0.0,0.0,0.0,34.0,50.5,0.0,0.0,0.0,0.0,0.0,0.0,0.0,0.0,1.9,1.9,0.9,0.0,0.0,0.0,34.6,38.0,90.0,90,90,0.0,0.0,0.0,11.7523193359375,11.7523193359375,11.7523193359375,404.124,404.124,404.124,90,0.0,11.7523193359375,404.124,5
11776789.061498333,82.00517272949219,133146951.94403403,210071.81202100462,2132692.97589436,14341527.179695863,14.159375,0.0,100.0,20.2,82.7,34.9,34.1,56.1,22.0,51.8,49.4,0.0,2.4,0.0,0.0,0.0,0.0,50.0,50.0,0.0,2.4,1.2,2.4,1.2,1.2,1.2,2.4,2.4,3.6,1.2,2.4,2.4,23.2,0.0,4.7,79.0,1.2,1.2,1.2,0.0,0.0,0.0,0.0,100.0,30.1,0.0,0.0,0.0,0.0,34.6,51.2,3.6,2.4,2.4,1.2,3.6,3.6,0.0,2.4,2.4,2.4,1.2,1.2,0.0,0.0,37.0,38.8,93.0,93,93,0.0,0.0,0.0,11.7523193359375,11.7523193359375,11.7523193359375,423.525,423.525,423.525,93,0.0,11.7523193359375,423.525,5
11776790.073745776,81.93237686157227,129376259.60911785,204072.63203070138,2071778.0164226005,13931897.872154323,13.3,0.0,100.0,6.1,81.4,4.4,15.9,4.3,38.9,50.4,50.4,53.1,31.0,0.0,0.0,0.0,0.0,52.2,52.6,0.0,0.0,0.0,0.0,0.9,0.0,0.0,0.0,0.0,0.0,12.3,0.9,0.9,42.1,0.9,0.9,81.4,1.7,0.9,1.7,0.0,0.0,0.0,0.0,100.0,0.9,0.0,0.9,0.0,0.0,34.2,50.0,0.0,0.0,0.0,0.0,0.0,0.0,0.0,0.0,1.7,1.8,0.9,0.0,0.0,0.0,35.7,39.8,88.0,88,88,0.0,0.0,0.0,11.7523193359375,11.7523193359375,11.7523193359375,372.057,372.057,372.057,88,0.0,11.7523193359375,372.057,5
11776791.078651516,81.93329620361328,130354020.09563868,205570.5244964473,2086914.1422350456,14033682.40569387,13.6546875,0.0,100.0,27.3,71.4,2.5,7.3,0.0,42.5,48.7,48.1,79.2,11.5,0.0,20.3,0.0,0.0,48.1,50.0,0.0,0.0,0.0,0.0,1.2,0.0,0.0,1.2,1.2,1.2,1.2,0.0,0.0,55.0,0.0,0.0,82.3,2.5,1.3,3.7,0.0,0.0,0.0,0.0,100.0,0.0,0.0,0.0,0.0,0.0,33.8,50.0,1.3,0.0,0.0,0.0,0.0,0.0,0.0,0.0,2.5,1.3,2.4,1.2,0.0,0.0,36.7,37.0,100.0,100,100,0.0,0.0,0.0,11.7523193359375,11.7523193359375,11.7523193359375,424.233,424.233,424.233,100,0.0,11.7523193359375,424.233,5
11776792.078767896,81.93064498901367,131013706.63378735,206557.9607986572,2096907.9619948764,14104982.463106161,13.1203125,0.0,100.0,36.5,81.9,8.3,0.0,0.8,20.7,49.6,48.7,69.0,22.2,0.0,0.0,0.0,0.0,49.2,48.7,0.0,0.0,0.0,0.0,0.0,0.0,0.0,0.8,0.0,0.8,0.8,0.8,0.0,47.9,3.3,0.8,81.7,6.8,0.0,0.0,0.0,0.0,0.0,0.0,100.0,0.0,0.0,0.8,0.0,0.0,33.9,48.3,0.0,0.0,0.0,1.7,0.0,0.0,0.0,0.0,0.8,1.7,0.8,0.0,0.0,0.0,35.0,37.4,91.0,91,91,0.0,0.0,0.0,11.7523193359375,11.7523193359375,11.7523193359375,375.312,375.312,375.312,91,0.0,11.7523193359375,375.312,5
11776793.052076492,81.94741439819336,134658640.06163034,212255.39431964347,2154662.9784027734,14493475.190662405,13.75,0.0,100.0,49.4,82.1,12.5,0.0,1.3,21.5,50.6,52.5,59.7,30.8,1.2,0.0,0.0,0.0,49.4,50.0,0.0,0.0,0.0,0.0,0.0,2.5,0.0,0.0,1.2,1.3,0.0,0.0,0.0,0.0,0.0,1.2,83.1,29.1,26.0,3.7,0.0,0.0,0.0,0.0,100.0,0.0,0.0,0.0,0.0,0.0,35.5,50.6,0.0,1.2,2.5,0.0,0.0,1.3,1.2,0.0,0.0,2.5,1.2,1.2,0.0,0.0,36.7,37.0,91.0,91,91,0.0,0.0,0.0,11.7523193359375,11.7523193359375,11.7523193359375,428.431,428.431,428.431,91,0.0,11.7523193359375,428.431,5
11776794.078302901,81.93119049072266,127746790.45328748,201310.35240622476,2043556.8428743845,13746112.825897226,13.359375,0.0,100.0,25.2,81.0,35.6,1.7,3.4,31.6,48.7,49.2,67.2,18.6,10.2,0.0,0.0,0.0,48.3,49.2,0.8,0.0,0.0,0.0,0.8,0.0,0.0,0.8,0.8,0.8,0.8,1.7,0.0,0.8,1.7,0.8,82.1,2.5,25.6,1.7,0.8,0.0,0.8,0.0,100.0,0.0,0.0,0.0,0.0,0.0,35.3,49.2,0.8,0.0,0.0,0.8,0.0,0.0,0.0,0.0,1.7,0.8,0.0,0.0,0.0,0.0,34.5,38.7,92.0,92,92,0.0,0.0,0.0,11.7523193359375,11.7523193359375,11.7523193359375,377.057,377.057,377.057,92,0.0,11.7523193359375,377.057,5
11776795.052090488,81.93192291259766,134659597.9783035,212158.17774758724,2153603.134506833,14486346.084456116,13.08125,0.0,100.0,2.1,76.9,4.2,0.0,17.6,45.1,49.5,48.4,37.6,53.8,1.0,0.0,0.0,0.0,51.1,52.1,0.0,0.0,0.0,0.0,0.0,0.0,0.0,0.0,26.6,0.0,13.7,0.0,1.1,1.0,12.9,1.1,76.1,1.1,0.0,1.0,0.0,0.0,0.0,0.0,100.0,3.1,0.0,0.0,0.0,0.0,33.7,50.0,0.0,0.0,0.0,0.0,0.0,0.0,0.0,0.0,1.1,0.0,1.0,0.0,0.0,1.1,34.4,38.8,91.0,91,91,0.0,0.0,0.0,11.7523193359375,11.7523193359375,11.7523193359375,427.476,427.476,427.476,91,0.0,11.7523193359375,427.476,5
11776796.075045334,81.93005752563477,128219298.7680672,201961.9935797159,2050092.4440686181,13790074.955805315,13.5421875,0.0,100.0,2.9,79.4,22.5,1.0,20.4,27.0,49.0,49.5,38.8,51.0,0.0,17.1,0.0,0.0,50.5,49.0,0.0,0.0,0.0,0.0,0.0,0.0,0.0,0.0,0.0,1.0,31.7,0.0,1.9,1.0,1.0,1.9,79.2,6.8,1.9,1.0,0.0,0.0,0.0,13.3,100.0,0.0,0.0,0.0,0.0,0.0,34.3,50.0,0.0,0.0,1.0,0.0,0.0,1.0,0.0,0.0,1.0,0.0,0.0,6.6,1.0,0.0,35.3,37.7,89.0,89,89,0.0,0.0,0.0,11.7523193359375,11.7523193359375,11.7523193359375,375.927,375.927,375.927,89,0.0,11.7523193359375,375.927,5
11776797.07987066,81.93146896362305,130567979.97289081,205615.83662276214,2087081.1537070146,14038881.822982341,13.275,0.0,100.0,3.0,80.6,36.7,5.0,28.1,0.0,48.5,50.5,56.1,26.3,12.0,0.0,0.0,0.0,49.0,49.0,0.0,0.0,0.0,0.0,0.0,0.0,0.0,0.0,0.0,0.0,1.0,1.0,0.0,0.0,0.0,0.0,81.6,17.8,1.0,1.0,0.0,0.0,0.0,3.0,100.0,0.0,1.0,0.0,0.0,0.0,33.3,49.5,1.0,0.0,0.0,0.0,0.0,0.0,0.0,0.0,34.0,3.0,2.0,0.0,1.0,0.0,35.4,38.2,86.0,86,86,0.0,0.0,0.0,11.7523193359375,11.7523193359375,11.7523193359375,432.309,432.309,432.309,86,0.0,11.7523193359375,432.309,5
11776798.072435876,81.9298324584961,132216473.85872431,208166.67415496774,2112860.6615918134,14212289.293988682,13.634375,0.0,100.0,3.0,83.3,19.4,51.6,9.0,0.0,52.5,51.0,2.0,61.5,27.8,0.0,0.0,0.0,49.5,49.5,0.0,0.0,0.0,0.0,0.0,0.0,0.0,2.0,1.0,0.0,0.0,1.0,0.0,1.0,1.0,2.0,82.3,1.0,0.0,1.0,1.0,0.0,0.0,0.0,100.0,1.0,0.0,0.0,0.0,0.0,35.4,49.5,0.0,0.0,0.0,0.0,0.0,0.0,0.0,0.0,50.0,7.2,2.0,0.0,0.0,0.0,36.1,38.0,88.0,88,88,0.0,0.0,0.0,11.7523193359375,11.7523193359375,11.7523193359375,376.125,376.125,376.125,88,0.0,11.7523193359375,376.125,5
11776799.081732249,81.9306640625,130057123.5291231,204716.87566010366,2077835.6655906385,13976691.46932453,13.1,0.0,100.0,2.0,77.8,22.9,34.0,1.0,4.9,48.5,50.5,0.0,61.4,33.3,0.0,0.0,0.0,48.0,48.5,0.0,0.0,0.0,0.0,0.0,0.0,0.0,0.0,0.0,2.9,1.9,1.0,0.0,25.5,0.0,0.0,78.4,2.0,2.0,1.0,0.0,0.0,0.0,0.0,100.0,0.0,0.0,0.0,0.0,0.0,34.7,49.0,0.0,0.0,0.0,0.0,0.0,0.0,0.0,0.0,1.0,30.7,1.0,0.0,0.0,1.0,36.0,37.5,89.0,89,89,0.0,0.0,0.0,11.7523193359375,11.7523193359375,11.7523193359375,437.418,437.418,437.418,89,0.0,11.7523193359375,437.418,5
11776800.265508186,81.9313850402832,110919934.99401064,174549.92411098667,1771578.5007317686,11916633.508828538,13.575,0.0,81.6,10.3,81.6,21.2,14.3,44.6,7.8,49.6,48.7,2.5,29.2,37.7,0.0,0.0,0.0,51.3,51.3,7.6,0.0,0.0,0.0,0.8,0.0,0.0,0.0,1.7,0.0,0.0,0.9,0.0,0.8,1.7,0.9,80.9,1.7,3.4,1.7,0.0,1.7,56.9,0.0,43.6,0.0,0.0,0.0,0.0,0.0,34.2,50.0,0.0,0.0,0.0,0.0,0.0,0.0,0.0,0.0,23.3,31.9,1.7,0.8,0.0,0.0,34.5,38.0,86.0,86,86,0.0,0.0,0.0,11.7523193359375,11.7523193359375,11.7523193359375,317.151,317.151,317.151,86,0.0,11.7523193359375,317.151,5
11776801.262979645,81.92770385742188,131669994.9530686,207160.81456974603,2102468.1765442393,14277894.237977188,13.896875,0.0,100.0,9.0,78.1,2.0,40.2,21.1,1.0,51.0,51.5,2.0,23.0,72.2,18.8,0.0,0.0,54.0,50.5,0.0,0.0,0.0,0.0,0.0,0.0,0.0,2.0,0.0,1.0,1.0,0.0,0.0,1.0,1.0,1.0,86.7,22.4,0.0,3.0,0.0,0.0,100.0,0.0,1.0,2.0,0.0,0.0,0.0,0.0,35.4,50.0,0.0,0.0,0.0,0.0,0.0,0.0,0.0,0.0,0.0,7.1,26.3,0.0,0.0,0.0,36.5,37.6,84.0,84,84,0.0,0.0,0.0,11.7523193359375,11.7523193359375,11.7523193359375,421.448,421.448,421.448,84,0.0,11.7523193359375,421.448,5
11776802.260636916,81.92943572998047,131678258.46132633,207131.25237059285,2102076.59558614,14275235.005572286,13.4953125,0.0,100.0,3.2,83.7,0.0,34.4,34.1,5.3,49.5,51.1,63.3,1.1,24.2,0.0,0.0,0.0,48.9,50.5,0.0,0.0,0.0,0.0,0.0,0.0,0.0,0.0,1.1,1.1,1.1,1.1,1.1,1.1,1.1,0.0,75.6,55.3,0.0,6.5,1.1,0.0,100.0,0.0,3.2,1.1,1.1,0.0,0.0,0.0,36.3,49.5,0.0,0.0,0.0,0.0,0.0,0.0,0.0,0.0,1.1,1.1,0.0,0.0,0.0,1.1,35.6,38.1,100.0,100,100,0.0,0.0,0.0,11.7523193359375,11.7523193359375,11.7523193359375,410.463,410.463,410.463,100,0.0,11.7523193359375,410.463,5
11776803.264668012,81.92975234985352,130874915.69614942,205816.3346678451,2088732.1210250412,14184612.470320446,13.262500000000001,0.0,100.0,2.9,79.2,1.0,6.7,37.0,15.4,51.5,49.5,28.2,6.7,65.7,0.0,0.0,0.0,51.9,51.0,0.0,0.0,0.0,0.0,0.0,0.0,0.9,0.0,0.0,0.0,0.9,0.0,0.0,0.0,0.0,1.0,79.4,52.4,1.9,3.8,1.0,0.0,100.0,0.0,0.0,1.0,0.9,0.0,1.0,0.0,34.7,50.9,0.0,0.0,0.0,0.0,0.0,0.0,0.0,0.0,0.0,0.0,0.0,0.0,0.0,0.0,34.6,37.7,92.0,92,92,0.0,0.0,0.0,11.7523193359375,11.7523193359375,11.7523193359375,396.018,396.018,396.018,92,0.0,11.7523193359375,396.018,5
11776804.256097408,81.93077850341797,132565928.07692866,208441.46929599985,2115281.237894291,14364907.937809471,13.3359375,0.0,100.0,3.5,76.5,0.0,1.2,0.0,1.2,51.2,51.8,60.5,69.9,27.9,1.2,0.0,0.0,48.2,50.0,1.2,0.0,0.0,0.0,0.0,0.0,0.0,1.2,44.0,1.2,0.0,1.2,0.0,0.0,1.2,1.2,82.9,10.6,0.0,0.0,0.0,0.0,100.0,0.0,1.2,3.4,2.4,0.0,0.0,0.0,34.6,48.8,0.0,0.0,0.0,0.0,0.0,0.0,0.0,0.0,0.0,0.0,0.0,0.0,0.0,0.0,34.9,40.4,97.0,97,97,0.0,0.0,0.0,11.7523193359375,11.7523193359375,11.7523193359375,438.51,438.51,438.51,97,0.0,11.7523193359375,438.51,5
11776805.25647556,81.92801284790039,131418203.89663412,206576.88246529322,2096359.256808955,14236408.468603002,13.5953125,0.0,100.0,3.8,83.5,1.9,0.0,0.0,7.5,50.5,49.5,31.7,36.6,80.2,0.0,0.0,0.0,52.4,50.5,1.0,0.9,0.0,0.0,0.0,0.0,0.0,1.0,56.1,0.0,1.0,0.0,0.0,1.0,0.0,1.0,79.0,1.0,1.9,1.0,1.0,0.0,100.0,0.0,1.0,1.0,0.0,1.0,0.0,0.0,38.5,51.0,0.0,0.0,0.0,0.0,0.9,0.0,0.9,1.9,2.9,1.9,0.9,0.0,0.0,0.0,35.3,38.9,95.0,95,95,0.0,0.0,0.0,11.7523193359375,11.7523193359375,11.7523193359375,392.602,392.602,392.602,95,0.0,11.7523193359375,392.602,5
11776806.241220895,81.92999267578125,133532159.38025741,209863.39583407788,2129638.9287833665,14462411.240976105,13.4703125,0.0,100.0,2.2,75.9,0.0,0.0,0.0,1.1,50.0,50.5,74.2,26.1,50.0,18.7,0.0,0.0,50.0,50.0,0.0,0.0,0.0,0.0,0.0,0.0,0.0,0.0,53.3,1.1,0.0,1.1,0.0,0.0,1.1,1.1,84.4,0.0,0.0,0.0,0.0,0.0,100.0,0.0,1.1,0.0,0.0,1.1,0.0,0.0,34.5,51.1,0.0,0.0,0.0,0.0,0.0,1.1,0.0,0.0,2.2,4.4,1.1,1.1,0.0,0.0,35.6,38.0,92.0,92,92,0.0,0.0,0.0,11.7523193359375,11.7523193359375,11.7523193359375,441.858,441.858,441.858,92,0.0,11.7523193359375,441.858,5
11776807.254404591,81.93009567260742,129824499.2432463,203976.83142359403,2069863.5478194435,14056475.694859775,13.3578125,0.0,100.0,3.6,79.6,0.0,0.0,0.0,10.9,50.0,51.8,70.1,45.8,30.5,0.9,0.0,0.0,50.5,48.6,0.9,0.9,0.0,0.0,0.0,0.0,0.0,0.0,0.9,8.1,0.9,0.9,0.9,0.9,0.0,0.9,80.2,48.1,0.0,0.0,0.9,0.0,100.0,0.0,0.9,0.0,0.0,0.0,0.0,0.0,34.3,50.9,0.0,0.0,0.0,0.0,0.0,0.0,0.0,0.0,0.0,1.8,2.7,0.9,2.7,0.0,36.4,37.5,94.0,94,94,0.0,0.0,0.0,11.7523193359375,11.7523193359375,11.7523193359375,389.719,389.719,389.719,94,0.0,11.7523193359375,389.719,5
11776808.256568989,81.93140029907227,131287373.95065236,206230.63495224013,2092622.7328215537,14211033.675821371,13.290625,0.0,100.0,9.8,78.8,1.9,6.9,5.8,1.0,49.0,49.0,50.5,27.7,59.4,0.0,0.0,0.0,49.0,51.5,1.0,1.9,0.0,0.0,0.0,0.0,0.0,1.0,1.9,1.0,1.0,1.0,1.0,1.9,1.0,14.4,79.8,37.9,1.0,0.0,0.0,0.0,100.0,0.0,1.0,0.0,0.0,0.0,0.0,0.0,34.0,51.0,0.0,0.0,0.0,0.0,0.0,0.0,0.0,0.0,2.9,0.0,0.0,0.0,0.0,1.9,34.7,39.0,94.0,94,94,0.0,0.0,0.0,11.7523193359375,11.7523193359375,11.7523193359375,439.779,439.779,439.779,94,0.0,11.7523193359375,439.779,5
11776809.259016352,81.92866516113281,131282949.96713911,206181.3992743571,2092032.0382174726,14207022.259535454,13.2328125,0.0,100.0,26.9,85.4,7.8,20.6,43.4,0.0,48.5,49.5,27.5,23.3,11.5,0.0,0.0,0.0,49.0,49.0,0.0,0.0,0.0,0.0,0.0,0.0,0.0,0.0,6.7,0.0,6.7,6.7,0.0,10.7,1.0,0.0,82.5,8.7,6.7,2.9,1.0,0.0,100.0,0.0,0.0,1.9,0.0,0.0,0.0,0.0,33.7,50.9,0.0,0.0,0.0,0.0,0.0,0.0,0.0,1.0,3.9,5.8,1.0,0.0,0.0,1.0,35.3,36.4,89.0,89,89,0.0,0.0,0.0,11.7523193359375,11.7523193359375,11.7523193359375,375.08,375.08,375.08,89,0.0,11.7523193359375,375.08,5
11776810.26425481,81.93004989624023,130950980.72010216,205608.9261701059,2086223.4052402675,14167575.742227364,13.5125,0.0,100.0,6.8,80.8,2.9,11.9,44.4,0.0,51.0,49.0,65.3,29.7,1.9,0.0,0.0,1.0,51.9,51.5,0.0,0.0,0.0,0.0,0.0,0.0,0.0,1.0,1.0,0.0,1.0,0.0,0.0,1.0,1.0,1.9,81.6,1.0,0.0,1.0,1.0,0.0,100.0,0.0,6.9,0.0,0.0,0.0,0.0,0.0,36.0,50.5,30.1,0.0,0.0,0.0,0.0,0.0,0.0,26.0,1.0,1.0,0.0,0.0,0.0,0.0,34.7,39.0,88.0,88,88,0.0,0.0,0.0,11.7523193359375,11.7523193359375,11.7523193359375,435.147,435.147,435.147,88,0.0,11.7523193359375,435.147,5
11776811.260580428,81.92852783203125,132155261.96120217,207456.2736690986,2104886.1565294466,14294314.777837668,13.5203125,0.0,100.0,7.2,76.6,0.0,12.6,37.4,15.8,49.0,50.0,25.3,64.9,0.0,18.6,1.0,2.1,50.5,50.5,0.0,0.0,0.0,0.0,0.0,0.0,0.0,1.0,0.0,1.0,0.0,0.0,1.0,1.0,1.0,0.0,78.7,1.0,0.0,0.0,0.0,0.0,100.0,0.0,0.0,1.0,0.0,0.0,0.0,0.0,34.4,50.0,55.2,1.0,0.0,0.0,0.0,0.0,0.0,0.0,1.0,0.0,0.0,1.0,0.0,0.0,37.5,38.0,92.0,92,92,0.0,0.0,0.0,11.7523193359375,11.7523193359375,11.7523193359375,395.493,395.493,395.493,92,0.0,11.7523193359375,395.493,5
11776812.262352152,81.93249893188477,131469458.42475697,206330.4394391425,2093442.9971101354,14216604.10342176,13.428125,0.0,100.0,38.9,80.0,7.8,14.9,12.6,11.9,51.5,51.0,36.4,55.1,0.0,0.0,0.0,0.0,52.0,52.4,0.0,0.0,0.0,0.0,0.0,1.0,0.0,0.0,0.0,0.0,0.0,1.0,0.0,1.9,0.0,0.0,78.8,1.9,1.0,0.0,1.0,0.0,100.0,0.0,27.0,1.0,0.0,0.0,0.0,0.0,35.6,52.0,11.7,1.0,1.9,0.0,0.0,0.0,0.0,1.0,0.0,0.0,1.0,0.0,0.0,1.0,36.6,38.5,89.0,89,89,0.0,0.0,0.0,11.7523193359375,11.7523193359375,11.7523193359375,407.921,407.921,407.921,89,0.0,11.7523193359375,407.921,5
11776813.266275708,81.92967987060547,131222974.33322689,205897.15103143806,2088955.8650244665,14186131.919316543,13.625,0.0,100.0,37.1,83.3,12.0,1.1,1.1,32.6,51.6,51.6,27.8,63.3,0.0,0.0,0.0,0.0,50.5,48.9,0.0,0.0,0.0,0.0,0.0,0.0,0.0,1.1,1.1,0.0,1.1,0.0,0.0,0.0,1.1,2.2,84.4,1.1,0.0,0.0,0.0,0.0,100.0,0.0,49.5,1.1,6.5,1.1,0.0,0.0,34.1,49.5,2.2,0.0,0.0,0.0,0.0,0.0,0.0,0.0,1.1,0.0,0.0,0.0,0.0,0.0,35.6,38.3,92.0,92,92,0.0,0.0,0.0,11.7523193359375,11.7523193359375,11.7523193359375,404.774,404.774,404.774,92,0.0,11.7523193359375,404.774,5
11776814.269777795,81.93085479736328,131313424.87415993,205984.62378931543,2089833.2208499531,14192090.056436108,13.3,0.0,100.0,28.4,79.8,9.3,0.9,0.9,33.0,50.5,48.1,59.4,25.5,7.4,1.9,0.9,0.0,50.5,50.5,0.0,0.0,0.0,0.0,0.0,0.0,0.0,0.9,0.0,0.9,0.0,1.8,0.0,0.9,0.9,0.0,79.8,0.0,0.0,0.0,0.0,0.0,100.0,0.0,54.6,0.0,0.0,0.0,0.0,0.0,35.6,49.1,1.9,0.9,0.9,0.0,0.0,0.0,0.0,0.0,0.0,1.8,0.0,0.0,0.0,0.0,35.5,38.7,89.0,89,89,0.0,0.0,0.0,11.7523193359375,11.7523193359375,11.7523193359375,375.063,375.063,375.063,89,0.0,11.7523193359375,375.063,5
11776815.26233481,81.93059921264648,132791686.49485284,208263.0990661731,2112878.1195803992,14348588.323791109,13.334375,0.0,100.0,13.3,79.3,1.2,1.2,0.0,56.8,47.6,50.0,79.0,11.9,1.2,0.0,1.2,0.0,48.8,49.4,0.0,0.0,0.0,0.0,0.0,0.0,0.0,0.0,1.2,0.0,1.2,0.0,1.2,1.2,1.2,1.2,83.1,1.2,1.2,0.0,0.0,0.0,100.0,0.0,10.7,44.0,0.0,0.0,3.5,0.0,32.1,51.2,1.2,1.2,2.4,0.0,0.0,0.0,0.0,0.0,0.0,0.0,0.0,0.0,0.0,0.0,34.9,38.6,99.0,99,99,0.0,0.0,0.0,11.7523193359375,11.7523193359375,11.7523193359375,430.79,430.79,430.79,99,0.0,11.7523193359375,430.79,5
11776816.265560556,81.9319839477539,131414808.25612414,206048.3404655061,2090408.8727071693,14195999.317193022,13.4875,0.0,100.0,31.8,80.2,8.7,0.0,0.0,27.3,50.9,50.4,38.4,52.3,0.0,14.2,0.0,0.0,51.7,50.9,0.0,0.0,0.0,0.0,0.0,0.0,0.0,0.0,0.0,1.7,0.9,0.9,0.0,0.9,0.0,0.9,81.3,0.9,0.0,0.0,0.0,0.0,100.0,0.0,0.0,26.1,28.9,0.9,0.0,0.0,35.7,50.0,0.0,0.0,0.0,0.0,0.0,0.9,1.7,0.0,0.0,0.0,0.0,0.0,0.0,0.0,35.7,39.0,90.0,90,90,0.0,0.0,0.0,11.7523193359375,11.7523193359375,11.7523193359375,373.993,373.993,373.993,90,0.0,11.7523193359375,373.993,5
11776817.264502736,81.9307746887207,132005619.23623453,206941.9073701208,2099372.7593207513,14256873.211246585,13.3671875,0.0,100.0,3.7,76.6,2.5,1.3,2.5,69.3,48.7,48.1,7.8,84.8,0.0,0.0,0.0,0.0,49.4,48.1,0.0,0.0,0.0,0.0,0.0,0.0,0.0,2.5,2.5,1.3,0.0,0.0,0.0,1.3,1.3,0.0,81.6,2.5,0.0,0.0,0.0,0.0,100.0,0.0,0.0,0.0,55.7,0.0,0.0,0.0,35.5,51.3,0.0,0.0,0.0,0.0,0.0,2.5,0.0,0.0,0.0,1.3,0.0,0.0,0.0,0.0,35.9,37.5,100.0,100,100,0.0,0.0,0.0,11.7523193359375,11.7523193359375,11.7523193359375,431.484,431.484,431.484,100,0.0,11.7523193359375,431.484,5
11776818.266924722,81.92521286010742,131588181.22629184,206224.5270184299,2092084.99877012,14207381.91547599,13.5234375,0.0,100.0,4.1,82.1,10.1,1.7,15.7,37.7,50.0,50.0,33.3,46.6,14.4,1.7,0.0,0.0,50.0,50.0,0.0,0.0,0.0,0.8,0.0,0.0,0.0,0.0,0.0,0.0,0.8,0.8,0.8,0.8,1.7,0.8,82.2,3.3,0.8,0.0,0.0,0.0,100.0,0.0,7.4,0.8,55.8,0.8,0.0,0.0,33.9,50.8,0.0,0.0,0.0,0.0,0.0,0.0,0.0,0.0,0.0,0.8,0.0,0.0,0.0,0.0,35.8,39.2,87.0,87,87,0.0,0.0,0.0,11.7523193359375,11.7523193359375,11.7523193359375,378.674,378.674,378.674,87,0.0,11.7523193359375,378.674,5
11776819.458288768,81.93060302734375,110749079.94946958,173583.3817228334,1760294.8542163894,11967942.163139163,12.94375,0.0,100.0,23.2,77.7,7.1,8.2,32.3,19.8,52.0,51.5,28.9,0.0,12.2,0.0,0.0,0.0,52.5,53.1,1.0,0.0,1.0,0.0,0.0,0.0,0.0,0.0,1.0,0.0,0.0,1.0,0.0,0.0,2.0,1.0,77.7,1.0,0.0,0.0,0.0,0.0,100.0,0.0,0.0,0.0,55.7,1.0,0.0,0.0,38.5,50.5,0.0,0.0,0.0,0.0,0.0,0.0,0.0,1.0,0.0,0.0,0.0,0.0,0.0,0.0,37.5,40.0,0.0,0,0,0.0,0.0,0.0,6.4554443359375,6.4554443359375,6.4554443359375,242.781,242.781,242.781,0,0.0,6.4554443359375,242.781,5
11776820.442965336,81.92779159545898,134030030.07355712,210027.33969202088,2129787.656677422,14480060.2204963,17.1265625,0.0,100.0,64.6,86.6,41.8,73.2,51.0,39.8,52.0,53.1,37.0,35.7,36.7,2.0,0.0,0.0,51.5,52.5,0.0,0.0,0.0,0.0,0.0,0.0,0.0,0.0,3.0,2.0,6.0,2.0,3.0,1.0,1.0,1.0,80.0,0.0,0.0,0.0,0.0,0.0,100.0,0.0,1.0,6.0,43.3,0.0,1.0,0.0,36.2,53.0,0.0,0.0,1.0,1.0,0.0,0.0,0.0,0.0,1.0,0.0,0.0,0.0,0.0,0.0,38.5,37.6,0.0,0,0,0.0,0.0,0.0,11.7445068359375,11.7445068359375,11.7445068359375,141.324,141.324,141.324,0,0.0,11.7445068359375,141.324,5
11776821.440506244,81.94192886352539,132334386.4397121,207334.85549809676,2102321.802864956,14293324.60111897,13.909375,0.0,100.0,6.7,79.0,19.2,13.5,75.0,4.7,53.8,52.4,11.5,29.1,3.8,16.3,0.0,0.0,52.9,53.3,0.0,0.0,1.0,0.0,0.0,0.0,0.0,1.0,35.6,1.0,2.9,1.0,0.0,1.0,1.0,1.9,80.6,1.0,0.0,0.0,0.0,0.0,100.0,0.0,0.0,0.0,0.0,0.0,0.0,0.0,39.2,51.0,0.0,0.0,0.0,0.0,0.0,0.0,0.0,0.0,20.0,0.0,1.0,0.0,0.0,1.0,39.8,39.0,96.0,96,96,0.0,0.0,0.0,11.7503662109375,11.7503662109375,11.7503662109375,429.914,429.914,429.914,96,0.0,11.7503662109375,429.914,5
11776822.448091866,81.93159866333008,131047573.59417793,205269.9000542112,2081363.5620034577,14154898.286906328,13.3375,0.0,100.0,1.9,78.6,6.6,22.1,72.3,0.0,50.0,49.5,9.7,44.1,0.0,0.0,0.0,0.0,52.8,51.4,0.0,0.0,0.0,0.0,0.0,0.0,0.0,0.9,1.0,2.8,0.9,0.9,1.0,0.9,0.0,0.0,83.3,0.9,0.9,0.0,0.0,0.0,100.0,0.0,0.0,0.0,0.0,0.0,0.0,0.0,35.0,52.8,0.0,0.0,0.0,0.0,0.0,0.0,0.0,0.0,23.6,35.2,1.9,0.0,0.0,0.0,34.6,38.0,96.0,96,96,0.0,0.0,0.0,11.7503662109375,11.7503662109375,11.7503662109375,432.594,432.594,432.594,96,0.0,11.7503662109375,432.594,5
11776823.44970726,81.94387435913086,131864094.54514189,206504.41402784555,2093769.7371243406,14243359.364070466,13.6140625,0.0,100.0,5.0,78.1,17.2,62.6,17.0,25.3,49.0,51.5,12.2,44.9,0.0,1.0,0.0,0.0,49.5,49.5,11.0,0.0,3.0,0.0,0.0,0.0,0.0,0.0,2.0,1.0,3.0,0.0,2.0,1.0,0.0,0.0,77.9,1.0,0.0,0.0,0.0,0.0,100.0,0.0,5.1,2.0,0.0,0.0,1.0,0.0,34.4,50.5,0.0,1.0,1.0,0.0,0.0,0.0,1.0,0.0,8.0,24.7,1.0,1.0,1.0,0.0,36.1,38.8,95.0,95,95,0.0,0.0,0.0,11.7503662109375,11.7503662109375,11.7503662109375,435.519,435.519,435.519,95,0.0,11.7503662109375,435.519,5
11776824.449810993,81.93548583984375,132098815.050288,206817.54628419483,2096934.4795952009,14264888.266465008,13.4453125,0.0,100.0,66.0,81.4,3.0,9.0,8.0,21.4,51.0,50.5,10.9,38.5,0.0,1.0,0.0,0.0,49.5,49.5,28.7,26.7,0.0,0.0,0.0,0.0,0.0,0.0,1.0,3.9,2.0,2.0,0.0,1.0,0.0,2.0,82.8,2.0,0.0,1.0,0.0,0.0,100.0,0.0,0.0,1.0,0.0,0.0,0.0,0.0,33.3,50.5,0.0,0.0,1.0,0.0,0.0,0.0,1.0,0.0,2.0,2.0,2.0,0.0,0.0,1.0,36.6,37.3,96.0,96,96,0.0,0.0,0.0,11.7503662109375,11.7503662109375,11.7503662109375,547.166,547.166,547.166,96,0.0,11.7503662109375,547.166,5
11776825.45509535,81.93893051147461,131450546.278359,205751.73421514855,2086128.1523927655,14191375.692937505,13.3,0.0,100.0,3.0,82.7,3.1,45.5,21.2,27.3,50.0,51.5,39.4,16.2,0.0,0.0,0.0,0.0,49.0,49.0,57.6,1.0,1.0,0.0,0.0,0.0,0.0,1.0,0.0,0.0,1.0,2.0,1.0,0.0,1.0,0.0,81.4,0.0,0.0,0.0,0.0,0.0,100.0,0.0,0.0,0.0,0.0,0.0,0.0,0.0,34.4,51.0,0.0,1.0,0.0,0.0,0.0,2.0,0.0,0.0,3.0,1.0,0.0,0.0,1.0,0.0,34.4,38.5,95.0,95,95,0.0,0.0,0.0,11.7503662109375,11.7503662109375,11.7503662109375,459.568,459.568,459.568,95,0.0,11.7503662109375,459.568,5
11776826.448370406,81.93179702758789,133072775.00483768,208248.4592972907,2111350.7160438187,14362958.09371215,13.453125,0.0,100.0,3.1,76.8,5.1,11.3,82.7,0.0,50.0,50.0,51.6,6.2,0.0,5.1,1.0,0.0,52.5,50.5,1.0,0.0,0.0,0.0,1.0,0.0,0.0,1.0,24.5,12.2,0.0,2.0,0.0,1.0,1.0,1.0,78.1,1.0,1.0,0.0,0.0,0.0,100.0,0.0,0.0,1.0,0.0,0.0,0.0,1.0,34.0,51.0,0.0,0.0,7.2,0.0,0.0,0.0,0.0,0.0,19.4,2.0,1.0,0.0,0.0,0.0,35.7,38.0,96.0,96,96,0.0,0.0,0.0,11.7503662109375,11.7503662109375,11.7503662109375,459.984,459.984,459.984,96,0.0,11.7503662109375,459.984,5
11776827.457664168,81.93316268920898,130993133.1145239,204945.28745889565,2077841.041745216,14135000.68046599,13.6,0.0,100.0,3.0,79.6,4.9,23.5,75.0,0.0,52.0,50.0,44.0,5.9,0.0,10.8,1.0,0.0,51.5,52.4,0.0,0.0,0.0,0.0,0.0,0.0,0.0,1.0,5.8,7.8,1.0,0.0,1.0,0.0,32.7,0.0,78.6,2.0,1.9,0.0,0.0,0.0,100.0,0.0,1.0,0.0,0.0,0.0,0.0,0.0,34.0,51.5,0.0,1.0,0.0,1.0,0.0,0.0,0.0,0.0,14.7,2.9,0.0,1.0,1.9,0.0,37.0,39.0,95.0,95,95,0.0,0.0,0.0,11.7503662109375,11.7503662109375,11.7503662109375,513.268,513.268,513.268,95,0.0,11.7503662109375,513.268,5
11776828.44832674,81.93192291259766,133492440.93490705,208799.65152347388,2116918.572839044,14400834.744528107,13.4125,0.0,100.0,3.1,83.5,7.3,15.5,78.4,0.0,48.5,50.0,22.7,36.1,0.0,0.0,0.0,0.0,49.0,51.0,0.0,0.0,0.0,0.0,0.0,0.0,0.0,0.0,0.0,0.0,30.9,1.0,1.0,1.0,11.2,15.0,85.3,0.0,0.0,0.0,0.0,0.0,100.0,0.0,0.0,0.0,0.0,0.0,0.0,0.0,34.7,49.5,0.0,1.0,0.0,1.0,0.0,1.0,0.0,1.0,1.0,0.0,2.0,0.0,1.0,1.0,36.7,38.0,95.0,95,95,0.0,0.0,0.0,11.7503662109375,11.7503662109375,11.7503662109375,442.082,442.082,442.082,95,0.0,11.7503662109375,442.082,5
11776829.45485271,81.93244171142578,131421017.49641968,205518.79071558363,2083554.7857815316,14173869.763431786,13.234375,0.0,100.0,2.1,77.2,3.2,78.7,20.4,1.1,50.5,51.6,22.3,32.2,0.0,0.0,0.0,0.0,51.5,48.4,0.0,0.0,0.0,0.0,0.0,0.0,0.0,0.0,2.1,1.1,34.4,22.3,0.0,0.0,0.0,0.0,77.8,0.0,0.0,0.0,0.0,0.0,100.0,0.0,1.1,0.0,0.0,0.0,0.0,0.0,34.1,51.6,0.0,0.0,3.1,0.0,2.1,0.0,0.0,0.0,2.1,0.0,2.1,1.1,0.0,0.0,36.3,36.5,100.0,100,100,0.0,0.0,0.0,11.7503662109375,11.7503662109375,11.7503662109375,465.939,465.939,465.939,100,0.0,11.7503662109375,465.939,5
11776830.449600697,81.93154525756836,133012679.3186806,207953.172763201,2108224.4220355335,14341690.745995631,13.4859375,0.0,100.0,3.8,79.4,4.7,84.8,17.1,0.0,49.5,50.0,17.0,29.8,1.0,0.0,0.9,0.9,49.1,51.9,0.0,0.0,0.0,0.0,0.0,0.0,0.0,1.9,0.0,0.0,52.8,0.9,0.9,4.7,0.0,0.0,85.7,1.9,0.0,0.0,0.0,0.0,100.0,0.0,1.9,1.0,0.9,1.9,0.0,0.0,35.6,50.5,0.0,1.9,0.0,1.9,1.0,0.0,0.0,0.9,0.9,0.9,0.0,0.0,0.0,0.0,37.1,38.0,96.0,96,96,0.0,0.0,0.0,11.7503662109375,11.7503662109375,11.7503662109375,488.477,488.477,488.477,96,0.0,11.7503662109375,488.477,5
11776831.452131063,81.9357795715332,132012766.36036626,206339.8845341096,2091858.8311554417,14230359.978348443,13.16875,0.0,100.0,3.1,83.3,4.1,69.8,6.1,18.4,50.0,51.5,52.1,5.0,0.0,0.0,0.0,0.0,50.0,49.0,0.0,0.0,0.0,0.0,0.0,0.0,0.0,0.0,0.0,1.0,0.0,2.0,1.0,3.0,0.0,53.0,78.1,1.0,0.0,0.0,0.0,0.0,100.0,0.0,1.0,0.0,0.0,0.0,0.0,0.0,34.7,48.5,0.0,0.0,0.0,0.0,1.0,2.0,1.0,0.0,0.0,0.0,0.0,0.0,0.0,0.0,35.7,37.4,95.0,95,95,0.0,0.0,0.0,11.7503662109375,11.7503662109375,11.7503662109375,443.318,443.318,443.318,95,0.0,11.7503662109375,443.318,5
11776832.441670984,81.93299865722656,133778818.97707088,209057.7606324644,2119320.2567101913,14417172.761956243,13.73125,0.0,100.0,3.4,77.6,1.1,78.4,5.7,17.2,51.1,50.6,24.7,8.0,30.0,11.2,1.1,0.0,52.3,53.4,0.0,0.0,0.0,0.0,0.0,0.0,0.0,0.0,11.4,0.0,1.1,6.8,1.1,28.4,11.2,0.0,83.7,0.0,1.1,0.0,0.0,0.0,100.0,0.0,0.0,1.1,0.0,0.0,0.0,0.0,36.0,51.1,0.0,0.0,0.0,0.0,0.0,1.1,1.1,0.0,1.1,0.0,0.0,0.0,0.0,1.1,37.1,38.5,100.0,100,100,0.0,0.0,0.0,11.7503662109375,11.7503662109375,11.7503662109375,504.533,504.533,504.533,100,0.0,11.7503662109375,504.533,5
11776833.453122469,81.96718215942383,130912983.97542162,204528.84111842143,2073408.3956145607,14104846.56626077,13.259375,0.0,100.0,4.4,80.0,0.9,77.9,3.6,17.1,50.9,51.8,11.6,0.0,35.1,0.0,0.0,0.0,50.4,51.3,0.0,0.0,0.9,0.0,0.0,0.0,0.0,1.8,43.0,9.7,5.3,0.9,0.0,0.9,0.9,1.8,80.7,0.9,0.0,0.0,0.0,0.0,100.0,0.0,0.0,0.0,0.0,0.0,0.0,0.0,33.3,50.9,0.0,0.0,0.0,0.0,0.0,0.9,0.9,0.0,1.8,1.8,1.8,0.0,0.0,0.0,36.9,38.5,96.0,96,96,0.0,0.0,0.0,11.7503662109375,11.7503662109375,11.7503662109375,452.536,452.536,452.536,96,0.0,11.7503662109375,452.536,5
11776834.455148373,81.93442916870117,132179721.5556805,206453.74450554381,2092911.9610062754,14237524.14098605,13.403125,0.0,100.0,3.1,82.1,1.0,65.6,10.0,28.9,52.0,50.0,16.5,0.0,41.1,0.0,0.0,0.0,50.0,49.5,0.0,0.0,0.0,0.0,1.0,0.0,0.0,0.0,1.0,1.0,34.0,10.3,0.0,0.0,10.1,0.0,77.9,0.0,1.0,0.0,0.0,0.0,100.0,0.0,0.0,0.0,0.0,0.0,0.0,0.0,35.4,50.0,2.0,0.0,0.0,0.0,0.0,6.2,0.0,3.0,1.0,0.0,0.0,0.0,0.0,0.0,36.1,38.0,96.0,96,96,0.0,0.0,0.0,11.7503662109375,11.7503662109375,11.7503662109375,439.297,439.297,439.297,96,0.0,11.7503662109375,439.297,5
11776835.442813762,81.93690872192383,134137409.8063031,209463.65273097128,2123342.6056267493,14444535.733199157,13.3515625,0.0,100.0,3.4,77.9,2.2,77.3,10.1,18.2,50.0,50.6,11.6,1.1,40.9,0.0,0.0,0.0,49.4,51.6,0.0,0.0,0.0,0.0,0.0,0.0,0.0,0.0,4.5,1.1,0.0,49.4,1.1,1.1,0.0,0.0,83.7,0.0,0.0,2.2,0.0,0.0,100.0,0.0,2.2,2.2,0.0,0.0,0.0,0.0,32.9,52.2,0.0,0.0,0.0,0.0,0.0,0.0,1.1,0.0,1.1,0.0,1.1,0.0,0.0,0.0,35.2,39.1,100.0,100,100,0.0,0.0,0.0,11.7503662109375,11.7503662109375,11.7503662109375,524.369,524.369,524.369,100,0.0,11.7503662109375,524.369,5
11776836.45702994,81.93364334106445,130658082.31040014,203980.18122550307,2067756.4047632744,14066397.57380954,13.3078125,0.0,100.0,3.6,80.7,0.9,67.3,5.4,27.7,49.5,50.9,5.4,0.0,46.8,0.0,0.0,0.0,50.0,48.6,0.0,0.0,0.0,0.0,0.0,0.0,0.0,0.9,21.2,0.0,0.9,20.0,0.0,18.6,0.0,1.8,80.7,1.8,0.9,0.0,0.0,0.0,100.0,0.0,0.9,0.0,2.7,0.0,0.0,0.0,35.2,50.4,1.8,0.0,0.0,0.0,1.8,0.0,0.9,0.9,0.9,0.0,0.0,0.0,0.0,0.0,34.9,37.7,95.0,95,95,0.0,0.0,0.0,11.7503662109375,11.7503662109375,11.7503662109375,441.733,441.733,441.733,95,0.0,11.7503662109375,441.733,5
11776837.4547946,81.93085861206055,132845155.08291799,207345.48765293494,2101850.3500658725,14298329.627498895,13.5765625,0.0,100.0,61.2,78.1,3.0,0.0,4.0,33.3,50.0,51.5,32.3,17.8,22.9,0.0,0.0,0.0,52.0,50.0,0.0,0.0,0.0,0.0,0.0,0.0,0.0,1.0,0.0,1.0,0.0,22.0,1.0,2.0,1.0,1.0,78.4,0.0,1.0,0.0,0.0,0.0,100.0,0.0,1.0,0.0,0.0,1.0,0.0,1.0,36.1,50.5,0.0,0.0,0.0,0.0,0.0,0.0,1.0,2.0,0.0,34.0,0.0,0.0,0.0,0.0,39.0,38.8,96.0,96,96,0.0,0.0,0.0,11.7503662109375,11.7503662109375,11.7503662109375,436.693,436.693,436.693,96,0.0,11.7503662109375,436.693,5
11776838.442209888,81.9322280883789,134270627.22148627,209527.84769386804,2123880.424218022,14448194.370217519,13.346875,0.0,100.0,15.1,84.9,72.3,2.1,5.3,11.6,50.5,51.0,2.1,1.0,52.2,0.0,0.0,0.0,49.5,51.6,0.0,0.0,0.0,0.0,0.0,0.0,0.0,0.0,1.1,0.0,1.0,0.0,0.0,0.0,0.0,0.0,80.2,0.0,1.0,0.0,0.0,0.0,100.0,0.0,0.0,0.0,0.0,0.0,0.0,0.0,34.4,52.1,1.1,0.0,0.0,0.0,0.0,0.0,0.0,0.0,3.1,36.2,20.8,1.1,0.0,0.0,34.8,38.1,96.0,96,96,0.0,0.0,0.0,11.7503662109375,11.7503662109375,11.7503662109375,535.164,535.164,535.164,96,0.0,11.7503662109375,535.164,5
11776839.45152324,81.94479751586914,131392563.75026271,204982.92181194868,2077800.7097605115,14134726.312687231,13.603125,0.0,100.0,35.9,78.4,64.4,6.8,8.6,6.7,51.0,49.5,14.4,1.0,37.5,0.0,0.0,0.0,50.5,47.6,0.0,0.0,0.0,0.0,0.0,0.0,0.0,1.0,0.0,1.0,1.0,1.0,1.0,1.0,0.9,1.0,82.5,1.9,1.0,0.0,0.0,0.0,100.0,0.0,1.9,0.0,0.0,0.0,0.0,0.0,35.3,49.5,0.0,0.0,0.0,0.0,0.0,0.0,0.0,15.4,2.9,3.8,7.7,34.0,0.0,0.0,36.2,38.3,96.0,96,96,0.0,0.0,0.0,11.7503662109375,11.7503662109375,11.7503662109375,438.641,438.641,438.641,96,0.0,11.7503662109375,438.641,5
11776840.450392323,81.9485092163086,132801856.0148284,207127.2439369243,2099526.392274309,14282520.359944178,13.403125000000001,0.0,100.0,28.7,76.9,11.8,7.3,61.7,59.6,50.5,51.1,1.1,0.0,0.0,0.0,0.0,0.0,51.0,50.0,0.0,0.0,0.0,0.0,0.0,0.0,0.0,1.0,9.3,7.3,0.0,0.0,1.1,1.1,0.0,1.1,78.3,0.0,0.0,0.0,0.0,0.0,100.0,0.0,9.3,0.0,0.0,0.0,0.0,0.0,35.6,52.6,1.1,1.0,0.0,0.0,0.0,1.0,0.0,0.0,15.6,9.6,1.1,7.4,0.0,0.0,35.2,39.4,96.0,96,96,0.0,0.0,0.0,11.7503662109375,11.7503662109375,11.7503662109375,440.989,440.989,440.989,96,0.0,11.7503662109375,440.989,5
11776841.452940367,81.93133163452148,132347108.67138062,206374.14947370125,2091821.944500104,14230109.0482302,13.2578125,0.0,100.0,24.2,80.4,29.0,82.7,11.1,7.1,49.5,49.0,0.0,0.0,0.0,0.0,0.0,0.0,50.0,51.5,0.0,0.0,0.0,0.0,0.0,0.0,0.0,1.0,0.0,2.0,1.0,1.0,0.0,1.0,1.0,0.0,87.6,40.6,0.0,0.0,0.0,0.0,100.0,0.0,12.2,0.0,1.0,0.0,0.0,0.0,35.7,48.5,1.0,3.0,0.0,1.0,0.0,0.0,0.0,1.0,0.0,1.0,0.0,0.0,0.0,0.0,36.4,38.0,96.0,96,96,0.0,0.0,0.0,11.7503662109375,11.7503662109375,11.7503662109375,541.716,541.716,541.716,96,0.0,11.7503662109375,541.716,5
11776842.447934324,81.93730163574219,133384724.69945806,207942.97150690664,2107703.2536256406,14338145.375738489,13.728125,0.0,100.0,33.3,83.5,18.6,17.2,78.6,1.0,51.0,51.0,7.1,17.2,0.0,0.0,0.0,0.0,53.0,52.0,0.0,0.0,0.0,0.0,0.0,0.0,0.0,0.0,1.0,1.0,0.0,1.0,0.0,0.0,1.0,1.0,78.1,24.5,16.8,0.0,0.0,0.0,100.0,0.0,16.2,1.0,1.0,0.0,0.0,0.0,33.7,50.5,0.0,0.0,0.0,1.0,5.0,2.0,3.0,0.0,1.0,2.0,0.0,0.0,0.0,0.0,36.1,38.2,95.0,95,95,0.0,0.0,0.0,11.7523193359375,11.7523193359375,11.7523193359375,440.312,440.312,440.312,95,0.0,11.7523193359375,440.312,5
11776843.46053243,81.93123626708984,131098075.46530434,204335.75635160838,2071060.558234441,14088874.852208123,12.9953125,0.0,100.0,2.0,79.0,0.0,76.7,18.6,1.9,48.5,50.5,8.7,35.3,17.5,0.0,0.0,0.0,48.1,48.0,0.0,0.0,0.0,0.0,0.0,0.0,0.0,0.0,0.0,0.0,0.0,0.0,1.0,1.0,0.0,1.0,78.0,0.0,0.0,0.0,0.0,0.0,100.0,0.0,55.9,0.0,0.0,1.0,0.0,0.0,34.0,50.0,0.0,1.0,0.0,0.0,1.0,0.0,0.0,0.0,1.0,0.0,0.0,0.0,0.0,0.0,34.3,37.7,95.0,95,95,0.0,0.0,0.0,11.7523193359375,11.7523193359375,11.7523193359375,459.508,459.508,459.508,95,0.0,11.7523193359375,459.508,5
11776844.455547176,81.9351692199707,133447593.18212,207946.66700711695,2107659.217086218,14337845.806858001,13.16875,0.0,100.0,2.0,77.8,4.8,87.1,11.8,0.0,49.0,47.5,3.9,38.4,11.8,1.9,0.0,0.0,50.0,49.5,0.0,0.0,0.0,0.0,0.0,0.0,0.0,0.0,0.0,1.0,1.0,1.0,0.0,1.9,1.0,0.0,79.8,0.0,0.0,0.0,0.0,0.0,100.0,0.0,56.3,0.0,0.0,0.0,0.0,0.0,36.0,49.5,1.9,0.0,0.0,0.0,0.0,0.0,1.0,1.0,2.0,0.0,0.0,0.0,0.0,0.0,35.4,38.5,95.0,95,95,0.0,0.0,0.0,11.7523193359375,11.7523193359375,11.7523193359375,505.2,505.2,505.2,95,0.0,11.7523193359375,505.2,5
11776845.458723232,81.93383026123047,132399923.44877653,206256.91651399183,2090512.4158151825,14221200.672430236,13.46875,0.0,100.0,3.1,85.3,0.0,48.4,45.4,0.0,47.4,52.1,14.4,7.2,50.0,1.0,1.0,0.0,50.0,47.9,0.0,0.0,0.0,0.0,0.0,0.0,0.0,1.0,1.0,0.0,0.0,0.0,0.0,0.0,1.0,1.0,84.4,0.0,1.0,2.0,0.0,1.0,100.0,0.0,25.8,31.3,0.0,0.0,1.0,0.0,33.3,48.9,0.0,0.0,0.0,0.0,0.0,0.0,0.0,0.0,0.0,2.1,2.0,0.0,0.0,0.0,34.0,38.0,96.0,96,96,0.0,0.0,0.0,11.7523193359375,11.7523193359375,11.7523193359375,439.369,439.369,439.369,96,0.0,11.7523193359375,439.369,5
11776846.456532331,81.93453598022461,133144783.0338366,207376.34102598828,2101756.7408749834,14297692.829038218,13.0609375,0.0,100.0,2.2,75.6,0.0,9.8,84.8,0.0,52.1,48.4,0.0,36.3,23.2,1.1,0.0,0.0,48.9,50.5,0.0,0.0,0.0,0.0,0.0,0.0,0.0,1.1,0.0,1.1,0.0,1.1,1.1,1.1,0.0,1.1,76.9,1.1,0.0,0.0,0.0,0.0,100.0,0.0,11.7,45.2,0.0,0.0,0.0,0.0,36.3,50.0,0.0,0.0,1.1,0.0,0.0,0.0,0.0,0.0,0.0,0.0,0.0,0.0,0.0,0.0,36.6,37.5,100.0,100,100,0.0,0.0,0.0,11.7523193359375,11.7523193359375,11.7523193359375,471.558,471.558,471.558,100,0.0,11.7523193359375,471.558,5
11776847.452442031,81.93264770507812,133431489.80002442,207772.8532663609,2105765.211084584,14324961.387124227,13.5375,0.0,100.0,21.5,79.8,0.9,12.1,67.0,0.0,48.1,51.9,4.7,15.2,46.6,1.9,0.0,0.0,49.5,50.0,0.0,0.0,0.0,0.0,0.0,0.0,0.0,0.0,0.9,0.9,0.9,0.0,0.0,0.0,0.9,0.9,86.7,4.7,0.9,1.9,0.0,0.0,100.0,0.0,0.9,38.3,0.0,0.0,0.0,0.0,34.0,49.5,1.9,14.2,0.9,0.0,0.9,0.9,0.9,0.0,0.9,0.0,0.0,0.0,0.0,0.0,35.8,39.4,95.0,95,95,0.0,0.0,0.0,11.7523193359375,11.7523193359375,11.7523193359375,481.594,481.594,481.594,95,0.0,11.7523193359375,481.594,5
11776848.451208305,81.93294906616211,133082538.48634216,207179.60301619951,2099742.508479581,14283990.541082775,13.059375,0.0,100.0,30.2,77.1,1.0,64.3,0.0,0.0,46.9,49.0,0.0,14.0,46.9,0.0,0.0,0.0,48.5,49.0,0.0,0.0,0.0,0.0,0.0,0.0,0.0,0.0,1.0,1.0,0.0,1.0,2.0,1.0,2.0,0.0,77.9,2.0,0.0,0.0,0.0,0.0,100.0,0.0,1.0,0.0,0.0,0.0,0.0,0.0,35.1,49.5,1.0,56.1,1.0,0.0,0.0,0.0,2.0,2.0,1.0,0.0,0.0,0.0,0.0,0.0,34.7,37.6,95.0,95,95,0.0,0.0,0.0,11.7523193359375,11.7523193359375,11.7523193359375,437.171,437.171,437.171,95,0.0,11.7523193359375,437.171,5
11776849.443022016,81.99934005737305,134048358.49240224,208638.9788056599,2114461.591932805,14384120.556058515,14.3109375,0.0,100.0,26.1,83.7,77.0,47.7,3.4,2.2,50.0,50.6,1.1,18.2,41.4,1.1,0.0,0.0,51.1,50.6,1.1,2.3,2.2,0.0,1.1,1.1,1.1,1.1,4.5,1.1,2.2,2.2,0.0,0.0,1.1,3.4,83.7,0.0,1.1,0.0,0.0,0.0,100.0,0.0,0.0,2.2,1.1,0.0,0.0,0.0,35.7,51.1,1.1,3.4,2.3,4.5,2.3,3.4,4.4,2.3,2.2,3.4,1.1,1.1,1.1,0.0,38.6,41.1,100.0,100,100,0.0,0.0,0.0,11.7523193359375,11.7523193359375,11.7523193359375,516.196,516.196,516.196,100,0.0,11.7523193359375,516.196,5
11776850.45385366,82.00706100463867,131561381.1010175,204714.60450838224,2074679.8091835135,14113495.655051129,13.44375,0.0,100.0,3.7,79.8,9.2,56.1,0.0,0.9,50.0,50.0,27.6,86.7,30.6,0.0,0.0,0.0,50.9,50.9,0.0,0.0,0.0,0.0,0.0,0.0,0.0,1.8,0.0,0.9,0.9,0.0,0.9,0.0,0.9,0.0,80.0,11.2,0.9,0.9,0.0,0.0,100.0,0.0,2.8,0.0,0.0,0.0,0.0,0.0,35.0,50.5,0.0,0.9,0.9,0.9,0.9,0.0,0.0,0.9,0.0,0.0,0.0,0.0,0.0,0.0,34.6,38.2,96.0,96,96,0.0,0.0,0.0,11.7523193359375,11.7523193359375,11.7523193359375,468.904,468.904,468.904,96,0.0,11.7523193359375,468.904,5
11776851.453172611,81.93139266967773,133112486.02687828,207074.02740587768,2098581.235096825,14276090.706723126,13.296875,0.0,100.0,41.0,79.4,6.1,11.9,0.0,0.0,50.0,49.0,27.3,36.0,89.7,2.0,1.0,0.0,49.0,48.5,7.0,0.0,0.0,1.0,0.0,0.0,0.0,0.0,1.0,0.0,0.0,1.0,0.0,1.0,1.0,0.0,78.9,1.0,1.0,0.0,0.0,0.0,100.0,0.0,1.0,0.0,2.0,0.0,0.0,0.0,34.0,49.5,1.0,2.0,1.0,1.0,1.0,0.0,0.0,0.0,0.0,0.0,1.0,0.0,0.0,0.0,36.4,37.3,97.0,97,97,0.0,0.0,0.0,11.7523193359375,11.7523193359375,11.7523193359375,442.956,442.956,442.956,97,0.0,11.7523193359375,442.956,5
11776852.444589276,81.94261932373047,134206451.96400325,208733.63072122747,2115308.4010702693,14389881.173687007,13.5390625,0.0,100.0,2.2,82.2,6.5,0.0,0.0,0.0,51.1,51.6,43.5,90.1,23.9,1.1,0.0,0.0,52.6,51.6,53.8,0.0,0.0,0.0,0.0,0.0,0.0,0.0,0.0,1.1,1.1,1.1,0.0,0.0,0.0,1.1,83.5,0.0,1.1,0.0,0.0,0.0,100.0,0.0,0.0,1.1,0.0,1.1,0.0,0.0,36.0,49.5,0.0,1.1,0.0,0.0,1.1,2.1,1.1,0.0,1.1,0.0,0.0,0.0,0.0,0.0,36.3,36.8,99.0,99,99,0.0,0.0,0.0,11.7523193359375,11.7523193359375,11.7523193359375,531.472,531.472,531.472,99,0.0,11.7523193359375,531.472,5
11776853.451349624,81.95206069946289,132193554.61575013,205552.39435703156,2083069.7245152623,14170570.020481756,13.35625,0.0,100.0,2.8,79.8,6.5,0.0,2.8,0.0,49.5,49.5,46.7,29.5,73.6,0.0,0.0,0.0,50.9,49.0,5.6,0.0,0.9,0.0,0.0,0.0,0.0,0.0,0.0,1.9,0.9,0.9,0.0,0.9,0.0,0.9,81.0,38.0,8.5,0.0,0.0,0.0,100.0,0.0,0.0,0.0,0.0,0.0,0.0,3.7,33.7,50.9,0.9,0.9,0.9,0.0,0.0,0.9,2.8,2.8,0.9,0.9,0.0,0.0,0.0,0.0,37.4,38.0,96.0,96,96,0.0,0.0,0.0,11.7523193359375,11.7523193359375,11.7523193359375,442.059,442.059,442.059,96,0.0,11.7523193359375,442.059,5
11776854.449012555,81.93032455444336,133431752.12067267,207426.770533994,2102064.668742481,14299787.580527466,13.2828125,0.0,100.0,4.0,77.9,5.1,0.0,0.0,1.0,51.5,50.5,52.1,25.0,70.7,3.0,1.0,0.0,49.0,49.0,0.0,0.0,0.0,1.0,0.0,1.0,0.0,1.0,0.0,1.0,0.0,1.0,0.0,29.3,1.0,1.0,78.7,0.0,1.0,0.0,0.0,0.0,100.0,0.0,0.0,0.0,0.0,0.0,0.0,27.0,34.0,49.5,0.0,2.0,1.0,3.0,1.0,2.0,0.0,0.0,0.0,1.0,0.0,0.0,0.0,0.0,34.4,39.4,95.0,95,95,0.0,0.0,0.0,11.7523193359375,11.7523193359375,11.7523193359375,439.804,439.804,439.804,95,0.0,11.7523193359375,439.804,5
11776855.445633214,81.93387222290039,133604094.82411791,207650.72264533816,2104263.0227597924,14314742.398969445,13.21875,0.0,100.0,2.1,84.5,5.1,0.0,0.0,0.0,47.4,49.5,55.7,74.2,17.3,1.0,0.0,0.0,48.4,50.5,0.0,0.0,0.0,0.0,0.0,0.0,0.0,1.0,1.0,1.0,1.0,0.0,0.0,35.7,1.0,0.0,84.0,0.0,0.0,0.0,0.0,0.0,100.0,0.0,1.0,2.0,1.0,0.0,0.0,0.0,34.4,49.0,1.0,1.0,2.0,21.4,0.0,1.0,0.0,0.0,0.0,0.0,0.0,0.0,0.0,0.0,35.4,36.4,96.0,96,96,0.0,0.0,0.0,11.7523193359375,11.7523193359375,11.7523193359375,526.316,526.316,526.316,96,0.0,11.7523193359375,526.316,5
11776856.453727096,81.93173599243164,132115956.98730782,205287.42771173318,2080314.1817574217,14151824.795041211,13.2375,0.0,100.0,3.9,78.8,4.0,0.0,0.0,0.0,51.0,50.5,35.4,71.1,39.0,1.0,0.0,0.0,52.0,48.5,0.0,0.0,0.0,0.0,0.0,0.0,0.0,1.0,0.0,0.0,2.0,1.0,1.0,1.0,0.0,1.0,79.4,0.0,1.0,0.0,0.0,0.0,100.0,0.0,1.0,0.0,1.0,1.0,0.0,0.0,35.7,49.5,0.0,0.0,0.0,42.0,2.0,12.1,1.9,0.0,1.0,1.0,0.0,0.0,0.0,0.0,37.6,38.8,97.0,97,97,0.0,0.0,0.0,11.7523193359375,11.7523193359375,11.7523193359375,442.044,442.044,442.044,97,0.0,11.7523193359375,442.044,5
11776857.452582816,81.93418884277344,133370562.35473871,207193.08704180174,2099554.4795796624,14282711.430421803,13.109375,0.0,100.0,2.0,78.1,5.1,2.0,0.0,0.0,49.5,47.9,32.0,69.0,45.9,1.0,1.0,0.0,48.0,49.0,0.0,0.0,0.0,0.0,0.0,0.0,0.0,0.0,1.0,1.0,1.0,0.0,0.0,0.0,1.0,1.0,77.9,3.0,0.0,0.0,0.0,0.0,100.0,0.0,0.0,0.0,0.0,1.0,0.0,0.0,35.4,50.0,0.0,0.0,0.0,12.2,1.0,43.4,0.0,0.0,2.0,1.0,2.0,0.0,0.0,1.0,35.7,37.9,97.0,97,97,0.0,0.0,0.0,11.7523193359375,11.7523193359375,11.7523193359375,446.543,446.543,446.543,97,0.0,11.7523193359375,446.543,5
11776858.451809227,81.93474197387695,133359220.11843713,207120.22576168677,2098775.588019776,14281512.009103322,13.5515625,0.0,100.0,2.0,80.4,14.1,1.0,0.0,0.0,48.5,50.0,22.4,34.3,89.0,17.0,0.0,8.0,52.0,49.0,0.0,0.0,0.0,0.0,0.0,0.0,0.0,1.0,1.0,1.0,0.0,1.0,0.0,2.0,0.0,0.0,85.0,0.0,0.0,0.0,0.0,0.0,100.0,0.0,0.0,0.0,1.0,0.0,0.0,0.0,33.0,47.9,0.0,0.0,0.0,43.4,0.0,10.0,0.0,0.0,1.0,0.0,0.0,0.0,0.0,0.0,35.7,36.6,97.0,97,97,0.0,0.0,0.0,11.7523193359375,11.7523193359375,11.7523193359375,524.92,524.92,524.92,97,0.0,11.7523193359375,524.92,5
11776859.452694012,81.93719100952148,133170863.49936396,206777.0468976124,2095298.1129465674,14257848.877941096,13.3671875,0.0,100.0,4.0,83.3,5.1,8.9,1.0,1.0,50.0,49.5,61.2,41.2,44.9,1.0,0.0,0.0,48.5,49.5,0.0,0.0,0.0,0.0,0.0,0.0,0.0,1.0,0.0,2.0,1.0,0.0,0.0,0.0,1.0,2.0,77.9,1.0,1.0,1.0,0.0,0.0,100.0,0.0,0.0,0.0,0.0,1.0,0.0,0.0,35.1,49.0,0.0,0.0,0.0,35.0,0.0,22.8,0.0,0.0,2.0,2.0,0.0,0.0,0.0,0.0,34.0,37.6,97.0,97,97,0.0,0.0,0.0,11.7523193359375,11.7523193359375,11.7523193359375,440.016,440.016,440.016,97,0.0,11.7523193359375,440.016,5
11776860.45890213,81.93185043334961,132498766.01890433,205690.05187597786,2084212.9599009056,14182417.875575693,13.41875,0.0,100.0,28.9,77.8,10.9,13.0,1.0,0.0,49.5,51.0,76.2,17.0,20.0,1.0,0.0,0.0,50.5,49.5,0.0,0.0,0.0,0.0,0.0,0.0,0.0,0.0,1.0,1.0,0.0,1.9,1.0,1.0,0.0,0.0,79.6,1.0,3.0,1.0,0.0,0.0,100.0,0.0,2.0,2.9,0.0,0.0,0.0,0.0,34.7,49.5,0.0,0.0,33.7,0.0,0.0,20.8,0.0,1.0,1.0,1.0,0.0,0.0,0.0,0.0,36.0,39.4,93.0,93,93,0.0,0.0,0.0,11.7523193359375,11.7523193359375,11.7523193359375,472.195,472.195,472.195,93,0.0,11.7523193359375,472.195,5
11776861.459207572,81.96438217163086,133313250.51553799,206903.8028597825,2096511.6370000949,14266106.529899083,14.93125,0.0,89.4,48.5,79.0,6.8,1.0,1.9,0.0,51.0,49.5,69.6,0.0,27.9,0.0,0.0,0.0,49.5,49.5,0.0,0.0,0.0,0.0,0.0,0.0,0.0,1.0,1.0,1.0,1.0,0.0,0.0,0.0,0.0,1.0,80.4,0.0,0.0,0.0,0.0,0.0,31.4,20.0,89.4,19.4,20.8,19.2,20.0,0.0,36.6,50.5,0.0,0.0,55.9,0.0,0.0,0.0,0.0,0.0,1.0,1.9,0.0,0.0,0.0,0.0,34.7,35.2,96.0,96,96,0.0,0.0,0.0,11.7523193359375,11.7523193359375,11.7523193359375,498.597,498.597,498.597,96,0.0,11.7523193359375,498.597,5
11776862.457455784,81.9327163696289,133620681.10042946,207332.20205539066,2100832.2125770845,14299609.884435821,13.8328125,0.0,100.0,28.6,79.6,7.0,3.0,32.3,3.0,52.0,48.5,15.2,10.0,70.1,0.0,0.0,0.0,51.0,51.5,0.0,0.0,0.0,0.0,0.0,0.0,0.0,1.0,1.0,0.0,0.0,1.0,2.0,1.0,1.0,1.0,83.3,1.0,0.0,0.0,0.0,0.0,0.0,0.0,100.0,1.0,0.0,1.0,0.0,0.0,34.7,48.5,0.0,0.0,23.2,32.3,0.0,0.0,0.0,0.0,16.8,10.0,0.0,0.0,0.0,0.0,36.4,37.3,96.0,96,96,0.0,0.0,0.0,11.7523193359375,11.7523193359375,11.7523193359375,439.022,439.022,439.022,96,0.0,11.7523193359375,439.022,5
11776863.45267334,81.93527221679688,134065883.56250128,207973.62217368212,2107229.7077905578,14343155.335254088,13.4625,0.0,100.0,12.5,81.6,11.1,5.6,22.2,21.6,47.1,48.3,3.3,88.8,7.8,19.1,0.0,0.0,49.4,51.1,0.0,0.0,0.0,0.0,0.0,0.0,0.0,0.0,2.2,0.0,0.0,0.0,0.0,0.0,0.0,1.1,75.6,0.0,2.2,1.1,0.0,0.0,0.0,0.0,100.0,0.0,0.0,0.0,0.0,0.0,32.6,50.0,0.0,0.0,36.7,18.9,0.0,0.0,0.0,0.0,0.0,0.0,0.0,0.0,0.0,0.0,33.7,38.0,100.0,100,100,0.0,0.0,0.0,11.7523193359375,11.7523193359375,11.7523193359375,490.504,490.504,490.504,100,0.0,11.7523193359375,490.504,5
11776864.459653,81.93401336669922,132532329.50709619,205544.37034457494,2082616.0497290352,14175619.010362672,13.1328125,0.0,100.0,22.0,80.2,1.8,5.5,0.0,27.5,48.6,50.0,0.0,35.5,62.6,0.9,0.0,0.9,49.5,48.6,0.0,0.0,0.0,0.0,0.0,0.0,0.0,0.0,0.0,0.9,1.8,0.9,0.9,0.9,0.0,0.0,86.2,2.7,0.0,0.0,0.0,0.0,0.0,0.0,100.0,0.9,0.0,0.0,0.0,0.0,34.3,48.1,0.0,0.0,10.9,44.5,0.0,0.0,0.0,0.0,0.0,0.0,0.0,0.0,0.0,0.0,35.8,38.1,95.0,95,95,0.0,0.0,0.0,11.7523193359375,11.7523193359375,11.7523193359375,472.135,472.135,472.135,95,0.0,11.7523193359375,472.135,5
11776865.458741162,81.93564987182617,133611828.26793717,207167.90345150186,2099066.006981984,14287587.957680104,13.4359375,0.0,100.0,32.3,84.5,3.0,5.0,0.0,25.5,52.0,51.0,1.0,59.6,35.4,0.0,0.0,0.0,50.5,50.5,0.0,0.0,0.0,0.0,0.0,0.0,0.0,2.0,1.0,0.0,1.0,1.0,0.0,0.0,1.0,1.0,78.4,1.0,1.0,0.0,0.0,0.0,0.0,0.0,100.0,1.0,0.0,0.0,0.0,0.0,34.0,50.5,0.0,0.0,0.0,54.1,0.0,0.0,0.0,0.0,2.0,3.0,1.0,2.0,0.0,0.0,35.4,39.2,96.0,96,96,0.0,0.0,0.0,11.7523193359375,11.7523193359375,11.7523193359375,436.451,436.451,436.451,96,0.0,11.7523193359375,436.451,5
11776866.446596531,81.93415832519531,135164149.69200674,209530.67265540705,2122934.2526578233,14450050.528344754,13.5953125,0.0,100.0,3.4,83.7,22.1,5.7,0.0,34.1,51.7,48.8,0.0,77.0,17.6,0.0,0.0,0.0,49.4,48.8,0.0,0.0,0.0,0.0,0.0,0.0,0.0,0.0,1.1,0.0,0.0,1.1,1.1,2.2,1.1,1.1,83.3,0.0,10.1,0.0,0.0,0.0,0.0,1.1,100.0,0.0,0.0,1.1,0.0,1.1,36.4,48.2,0.0,0.0,31.0,26.1,1.1,0.0,0.0,0.0,0.0,1.2,1.1,1.1,0.0,1.1,36.8,39.3,100.0,100,100,0.0,0.0,0.0,11.7523193359375,11.7523193359375,11.7523193359375,514.225,514.225,514.225,100,0.0,11.7523193359375,514.225,5
11776867.454132263,81.93639373779297,132556365.82911104,205437.87534789904,2081466.6265428443,14167795.299808227,13.14375,0.0,100.0,68.5,79.6,26.7,6.5,1.9,34.3,50.5,50.5,0.9,10.4,6.5,0.0,0.9,0.0,50.0,50.0,0.0,0.0,0.0,0.0,0.0,0.0,0.0,0.0,0.0,0.9,0.9,0.9,0.0,0.0,0.0,0.0,80.0,2.8,0.0,0.9,0.0,0.0,0.0,0.0,100.0,0.0,0.0,0.9,0.0,0.0,34.0,50.5,0.0,0.0,0.0,54.7,0.0,0.0,0.0,0.0,2.8,0.9,1.9,0.0,0.0,0.0,34.3,37.6,96.0,96,96,0.0,0.0,0.0,11.7523193359375,11.7523193359375,11.7523193359375,455.397,455.397,455.397,96,0.0,11.7523193359375,455.397,5
11776868.45948466,81.93461227416992,132882147.05877928,205889.00043100026,2085986.9706019734,14198563.657320073,13.6984375,0.0,100.0,31.7,78.4,19.2,63.7,1.9,6.7,50.0,49.5,24.3,21.2,0.0,18.1,0.0,0.0,48.5,49.5,0.0,0.0,0.0,0.0,0.0,0.0,0.0,1.9,1.0,1.0,1.0,0.0,1.0,1.0,1.0,1.0,79.0,1.0,2.9,1.0,0.0,0.0,0.0,0.0,100.0,2.8,0.0,0.0,0.0,0.0,34.7,50.5,0.0,0.0,0.0,56.1,0.0,0.0,0.0,1.0,0.0,0.0,1.0,0.0,0.0,0.0,37.1,38.0,96.0,96,96,0.0,0.0,0.0,11.7523193359375,11.7523193359375,11.7523193359375,436.883,436.883,436.883,96,0.0,11.7523193359375,436.883,5
11776869.446341148,81.95426177978516,135405741.924668,209765.0493359447,2125083.053529212,14464676.643650984,13.2375,0.0,100.0,7.9,83.9,5.6,20.5,69.3,0.0,49.4,48.3,52.3,2.2,0.0,0.0,0.0,0.0,50.6,50.6,0.0,0.0,0.0,0.0,0.0,0.0,0.0,0.0,1.1,1.1,1.1,1.1,0.0,0.0,0.0,1.1,83.0,3.4,0.0,0.0,1.1,1.1,0.0,0.0,100.0,0.0,0.0,0.0,0.0,0.0,35.2,48.3,0.0,0.0,0.0,56.2,1.1,0.0,0.0,0.0,1.1,0.0,0.0,0.0,0.0,0.0,32.6,38.0,97.0,97,97,0.0,0.0,0.0,11.7523193359375,11.7523193359375,11.7523193359375,534.879,534.879,534.879,97,0.0,11.7523193359375,534.879,5
11776870.461659877,81.93504333496094,131642084.58345592,203884.74484979585,2065510.9968273647,14059191.062389385,13.25625,0.0,100.0,16.8,78.8,8.3,48.6,43.4,14.8,49.5,50.5,24.0,1.9,1.9,0.9,0.0,0.0,50.0,50.5,0.0,0.0,0.0,0.0,0.0,0.0,0.0,0.9,0.9,0.0,0.9,0.0,1.9,0.9,0.0,0.0,79.6,0.9,1.9,0.0,0.0,0.0,0.0,0.0,100.0,0.0,0.0,0.0,0.0,0.0,33.7,50.0,0.0,0.0,0.0,56.5,0.9,0.9,0.0,0.0,1.0,2.8,0.9,0.0,0.0,0.0,35.6,38.3,96.0,96,96,0.0,0.0,0.0,11.7523193359375,11.7523193359375,11.7523193359375,439.72,439.72,439.72,96,0.0,11.7523193359375,439.72,5
11776871.453847472,81.9524040222168,134743984.57953593,208637.96427636602,2113664.8055056306,14386956.732787348,13.046875,0.0,100.0,17.3,78.4,6.0,46.5,51.5,17.3,49.0,48.5,18.0,3.0,1.0,1.0,0.0,0.0,48.0,50.0,0.0,0.0,0.0,0.0,0.0,0.0,0.0,0.0,0.0,1.0,0.0,1.0,0.0,0.0,1.0,1.0,78.6,0.0,0.0,0.0,0.0,0.0,0.0,0.0,100.0,0.0,0.0,0.0,0.0,0.0,34.7,50.0,0.0,0.0,22.2,33.7,0.0,0.0,0.0,0.0,1.0,0.0,0.0,0.0,0.0,0.0,37.4,37.9,96.0,96,96,0.0,0.0,0.0,11.7523193359375,11.7523193359375,11.7523193359375,442.289,442.289,442.289,96,0.0,11.7523193359375,442.289,5
11776872.446285486,81.9539909362793,134742879.68940982,208597.41057392606,2113131.4693262978,14383326.50508232,13.2984375,0.0,100.0,3.9,78.6,5.9,12.7,85.1,2.0,51.5,52.0,24.0,27.6,0.0,1.0,0.0,0.0,51.0,51.0,1.0,0.0,1.0,0.0,0.0,0.0,0.0,1.0,0.0,1.0,1.0,0.0,1.0,1.0,1.0,1.0,78.6,0.0,0.0,0.0,0.0,0.0,0.0,0.0,100.0,0.0,0.0,0.0,0.0,0.0,35.0,50.0,0.0,0.0,7.8,48.0,0.0,0.0,0.0,1.0,1.0,0.0,0.0,0.0,0.0,0.0,35.6,38.8,96.0,96,96,0.0,0.0,0.0,11.7523193359375,11.7523193359375,11.7523193359375,526.894,526.894,526.894,96,0.0,11.7523193359375,526.894,5
11776873.455365129,81.93130874633789,132558463.52837108,205157.24553500128,2078281.9427505506,14146118.301729823,13.75,0.0,100.0,3.0,84.8,1.0,16.0,79.0,9.8,51.0,49.0,28.3,27.6,0.0,17.0,0.0,0.0,51.0,50.5,0.0,0.0,0.0,0.0,0.0,0.0,0.0,1.0,0.0,0.0,1.0,1.9,0.0,2.0,0.0,1.0,86.0,0.0,2.0,0.0,0.0,0.0,0.0,0.0,100.0,2.0,0.0,0.0,0.0,0.0,35.4,50.0,0.0,0.0,0.0,55.9,0.0,0.0,0.0,0.0,0.0,1.0,0.0,0.0,0.0,0.0,34.3,38.5,96.0,96,96,0.0,0.0,0.0,11.7523193359375,11.7523193359375,11.7523193359375,435.897,435.897,435.897,96,0.0,11.7523193359375,435.897,5
11776874.452940779,81.93391799926758,134119862.4897494,207532.13052236862,2102248.5863779783,14309250.631889168,13.325,0.0,100.0,9.1,77.9,2.0,58.8,34.4,9.0,49.0,50.0,28.9,29.6,1.0,1.0,1.0,0.0,49.0,50.5,0.0,0.0,0.0,0.0,0.0,0.0,0.0,0.0,1.0,1.0,0.0,0.0,1.0,0.0,2.0,0.0,78.1,2.0,0.0,0.0,0.0,0.0,0.0,0.0,100.0,0.0,0.0,0.0,0.0,0.0,34.4,50.0,0.0,0.0,33.0,22.4,0.0,0.0,0.0,0.0,1.0,2.0,0.0,0.0,0.0,0.0,35.7,38.0,96.0,96,96,0.0,0.0,0.0,11.7523193359375,11.7523193359375,11.7523193359375,443.156,443.156,443.156,96,0.0,11.7523193359375,443.156,5
11776875.459773617,81.93271255493164,132919130.10909165,205624.00447647777,2082919.7466821282,14177686.166381283,13.14375,0.0,100.0,5.0,78.8,2.0,82.0,17.0,4.0,50.5,50.0,18.0,32.0,0.0,0.0,1.0,0.0,47.5,49.5,0.0,0.0,0.0,0.0,0.0,0.0,0.0,0.0,0.0,1.0,0.0,1.0,0.0,1.0,1.0,2.0,79.4,1.0,2.0,1.0,0.0,0.0,0.0,0.0,100.0,0.0,0.0,0.0,0.0,0.0,34.7,49.0,1.0,0.0,54.5,0.0,0.0,0.0,1.0,0.0,1.0,0.0,0.0,0.0,0.0,0.0,35.4,37.9,96.0,96,96,0.0,0.0,0.0,11.7523193359375,11.7523193359375,11.7523193359375,529.951,529.951,529.951,96,0.0,11.7523193359375,529.951,5
11776876.454211473,81.93348693847656,134608693.85816777,208186.96575761962,2108881.9035619334,14354401.238111988,13.1078125,0.0,100.0,2.1,81.1,1.0,10.3,27.8,59.4,50.5,48.5,7.1,48.4,0.0,0.0,0.0,0.0,50.0,48.5,0.0,0.0,0.0,0.0,0.0,0.0,0.0,2.0,2.0,1.0,1.0,0.0,1.0,0.0,0.0,0.0,83.7,2.0,0.0,0.0,0.0,0.0,0.0,0.0,100.0,2.0,0.0,0.0,0.0,0.0,33.7,48.5,0.0,0.0,47.5,8.1,1.0,0.0,0.0,0.0,0.0,0.0,0.0,0.0,0.0,0.0,33.7,37.0,96.0,96,96,0.0,0.0,0.0,11.7523193359375,11.7523193359375,11.7523193359375,437.429,437.429,437.429,96,0.0,11.7523193359375,437.429,5
11776877.459151002,81.93195724487305,133234508.39096805,206018.3664727675,2086843.9753719028,14204396.980802894,13.228125,0.0,100.0,5.1,81.1,3.1,5.2,51.5,44.3,50.0,50.0,27.8,29.2,0.0,0.0,0.0,0.0,49.0,51.0,0.0,0.0,0.0,0.0,0.0,0.0,0.0,0.0,0.0,0.0,1.0,21.6,3.0,1.0,0.0,0.0,77.2,1.0,1.0,1.0,0.0,0.0,0.0,0.0,100.0,0.0,0.0,0.0,0.0,0.0,35.1,49.0,0.0,0.0,5.1,28.1,0.0,0.0,0.0,0.0,2.1,1.0,0.0,0.0,0.0,0.0,34.7,37.4,94.0,94,94,0.0,0.0,0.0,11.7523193359375,11.7523193359375,11.7523193359375,466.48,466.48,466.48,94,0.0,11.7523193359375,466.48,5
11776878.462743059,81.93272399902344,133445914.64767346,206295.97307416366,2089645.872594891,14223468.48826796,13.4078125,0.0,100.0,23.5,79.0,1.0,3.8,11.5,63.8,49.0,50.5,33.3,13.7,0.0,15.4,0.0,0.0,50.0,50.9,0.0,0.0,1.9,0.0,0.0,0.0,0.0,0.0,1.9,1.0,0.0,41.0,0.0,1.9,1.0,1.9,78.2,1.9,14.6,1.9,1.9,0.9,0.0,0.0,100.0,0.0,1.0,0.0,0.0,0.0,35.6,50.0,0.0,0.0,0.0,0.0,0.0,0.0,0.0,0.0,1.9,1.0,0.0,0.0,0.0,0.0,34.7,38.5,95.0,95,95,0.0,0.0,0.0,11.7523193359375,11.7523193359375,11.7523193359375,494.831,494.831,494.831,95,0.0,11.7523193359375,494.831,5
11776879.455378424,81.93193817138672,134955813.2278774,208574.07178914564,2112711.346712924,14380466.881434647,15.490625,0.0,100.0,19.2,77.9,3.0,9.1,78.1,0.0,51.0,49.0,36.8,22.7,2.0,1.0,0.0,0.0,48.5,50.0,0.0,0.0,0.0,0.0,0.0,0.0,0.0,2.0,0.0,2.0,0.0,0.0,1.0,1.0,0.0,1.0,85.6,1.0,27.6,29.0,0.0,1.0,22.4,21.4,100.0,22.2,22.2,22.4,21.4,0.0,33.3,49.0,0.0,0.0,0.0,0.0,0.0,0.0,0.0,0.0,2.1,1.0,0.0,0.0,0.0,0.0,35.7,38.8,96.0,96,96,0.0,0.0,0.0,11.7523193359375,11.7523193359375,11.7523193359375,436.316,436.316,436.316,96,0.0,11.7523193359375,436.316,5
11776880.4588249,81.93283462524414,133535786.04693878,206339.8545333201,2089949.039677477,14225532.037648452,13.112499999999999,0.0,100.0,76.4,83.1,2.2,11.0,19.8,0.0,47.7,48.9,38.9,15.6,0.0,0.0,0.0,0.0,48.9,49.4,1.1,0.0,0.0,0.0,0.0,0.0,0.0,0.0,0.0,1.1,0.0,1.1,0.0,1.1,1.1,0.0,76.1,2.2,34.8,23.1,1.1,0.0,0.0,0.0,100.0,1.1,1.1,0.0,0.0,0.0,33.3,48.3,0.0,0.0,0.0,0.0,0.0,0.0,0.0,0.0,0.0,1.1,0.0,0.0,0.0,0.0,33.7,35.9,100.0,100,100,0.0,0.0,0.0,11.7523193359375,11.7523193359375,11.7523193359375,486.305,486.305,486.305,100,0.0,11.7523193359375,486.305,5
11776881.460692292,81.93182754516602,133778835.58382215,206665.07546312473,2093243.0963271994,14247953.497461503,13.0625,0.0,100.0,37.3,80.0,0.9,4.6,62.4,0.0,48.1,48.6,34.6,13.9,0.9,0.0,0.0,0.0,48.6,48.1,0.0,0.0,0.0,0.0,0.0,0.0,0.0,0.0,0.0,2.7,0.0,0.9,0.0,0.0,1.8,0.9,84.0,1.9,45.4,11.0,0.9,0.0,0.0,0.0,100.0,0.9,0.0,0.0,0.0,0.0,33.3,50.5,0.0,0.0,0.0,0.0,0.0,0.0,0.0,0.0,0.9,0.0,0.0,0.0,0.0,0.0,34.6,38.3,96.0,96,96,0.0,0.0,0.0,11.7523193359375,11.7523193359375,11.7523193359375,463.622,463.622,463.622,96,0.0,11.7523193359375,463.622,5
11776882.460056975,81.93671417236328,134146514.506886,207183.6271966605,2098485.202474407,14283634.630123649,13.2375,0.0,100.0,33.3,77.6,4.0,6.1,61.2,0.0,50.5,49.5,36.5,18.6,0.0,0.0,0.0,0.0,48.5,50.5,0.0,0.0,0.0,0.0,0.0,0.0,0.0,1.0,2.0,6.1,2.0,1.0,1.0,0.0,0.0,1.0,81.4,6.0,41.6,14.1,0.0,0.0,0.0,0.0,100.0,0.0,0.0,0.0,0.0,0.0,33.0,48.0,0.0,0.0,0.0,0.0,0.0,0.0,0.0,0.0,0.0,0.0,0.0,0.0,0.0,0.0,35.4,37.3,96.0,96,96,0.0,0.0,0.0,11.7523193359375,11.7523193359375,11.7523193359375,437.677,437.677,437.677,96,0.0,11.7523193359375,437.677,5
11776883.447512925,81.93688201904297,135797375.17442212,209692.3920205468,2123792.9668923984,14455895.487539077,13.8140625,0.0,100.0,43.2,83.5,4.6,4.6,16.1,54.0,47.6,50.6,26.4,30.2,0.0,8.0,0.0,0.0,52.3,51.2,0.0,0.0,0.0,0.0,0.0,0.0,0.0,1.1,0.0,1.1,0.0,0.0,1.1,2.3,1.1,1.1,81.4,57.3,0.0,0.0,0.0,0.0,0.0,0.0,100.0,1.2,0.0,0.0,0.0,0.0,34.5,48.8,0.0,0.0,0.0,0.0,1.1,1.1,1.1,1.1,3.4,0.0,0.0,1.1,0.0,0.0,34.8,37.1,100.0,100,100,0.0,0.0,0.0,11.7523193359375,11.7523193359375,11.7523193359375,519.545,519.545,519.545,100,0.0,11.7523193359375,519.545,5
11776884.462182902,81.9156379699707,132187384.09859659,204068.3223780613,2066831.6272990508,14068180.119408578,13.103125,0.0,100.0,66.7,80.0,3.6,6.1,0.0,28.8,49.6,47.7,20.0,30.4,0.9,9.7,0.0,0.0,49.1,47.8,0.0,0.0,0.0,0.0,0.0,0.0,0.0,0.0,0.0,0.0,0.9,1.8,0.9,0.0,0.0,0.0,81.8,37.2,0.0,11.5,0.9,0.0,0.0,0.0,100.0,0.9,0.0,0.0,0.0,0.0,33.6,48.7,0.0,0.0,0.0,0.9,0.0,0.0,0.0,0.0,0.0,7.0,0.0,0.0,0.0,0.0,34.5,37.6,96.0,96,96,0.0,0.0,0.0,11.7523193359375,11.7523193359375,11.7523193359375,440.614,440.614,440.614,96,0.0,11.7523193359375,440.614,5
11776885.455830527,81.93301391601562,135022392.78190497,208387.75703853182,2110559.061202677,14365817.047444,13.125,0.0,100.0,25.0,77.7,1.0,13.3,0.0,70.1,47.4,46.8,33.0,25.0,1.0,0.0,0.0,0.0,49.5,47.9,0.0,1.0,0.0,0.0,0.0,0.0,0.0,1.0,1.0,1.0,23.5,0.0,1.0,8.1,21.6,2.0,78.1,1.0,1.0,0.0,0.0,0.0,0.0,0.0,100.0,2.0,1.0,0.0,0.0,0.0,34.0,47.4,0.0,0.0,0.0,0.0,0.0,0.0,0.0,0.0,1.0,5.2,1.0,0.0,0.0,0.0,34.0,36.4,96.0,96,96,0.0,0.0,0.0,11.7523193359375,11.7523193359375,11.7523193359375,438.849,438.849,438.849,96,0.0,11.7523193359375,438.849,5
11776886.448974004,81.9536247253418,135123795.47287887,208501.59608378436,2111630.4436635594,14373109.562827157,13.1765625,0.0,100.0,14.8,83.0,2.2,1.1,0.0,88.8,49.4,48.9,50.0,3.4,0.0,0.0,0.0,0.0,48.9,48.3,0.0,0.0,0.0,0.0,0.0,0.0,0.0,1.1,0.0,2.2,1.1,1.1,1.1,46.5,0.0,1.1,82.6,1.1,1.1,0.0,0.0,0.0,0.0,0.0,100.0,5.7,1.1,0.0,0.0,0.0,32.9,50.0,0.0,0.0,0.0,0.0,0.0,0.0,0.0,1.1,2.2,2.2,1.1,0.0,0.0,0.0,33.3,35.9,98.0,98,98,0.0,0.0,0.0,11.7523193359375,11.7523193359375,11.7523193359375,529.984,529.984,529.984,98,0.0,11.7523193359375,529.984,5
11776887.461585827,81.93283462524414,132558159.92902724,204492.9708153346,2071032.5043043992,14096773.979493812,13.0921875,0.0,100.0,79.8,80.4,3.6,5.5,0.0,15.3,48.6,49.1,50.0,2.7,0.9,0.0,0.0,0.0,51.3,50.5,0.0,0.0,0.0,0.0,0.0,0.0,0.0,0.0,0.0,0.0,0.0,0.0,0.0,0.0,1.8,0.0,80.6,0.9,0.0,0.0,0.0,0.0,0.0,0.0,100.0,44.0,2.7,0.0,0.0,0.0,33.6,50.9,0.0,0.0,0.0,0.0,0.0,0.0,0.0,0.0,9.1,0.9,1.8,0.0,0.0,0.0,35.8,38.1,96.0,96,96,0.0,0.0,0.0,11.7523193359375,11.7523193359375,11.7523193359375,438.846,438.846,438.846,96,0.0,11.7523193359375,438.846,5
11776888.459059197,81.93107604980469,134602687.14922595,207597.5220682584,2102464.14839449,14310717.885067966,13.184375,0.0,100.0,69.8,78.1,2.0,4.1,0.0,24.7,51.5,49.5,43.3,15.2,0.0,2.0,0.0,0.0,49.5,47.4,0.0,0.0,0.0,0.0,0.0,0.0,0.0,1.0,1.0,1.0,0.0,1.0,0.0,1.0,2.0,1.0,77.9,2.0,1.0,0.0,1.0,1.0,0.0,0.0,100.0,0.0,0.0,0.0,0.0,0.0,35.4,50.5,0.0,0.0,0.0,0.0,0.0,0.0,0.0,0.0,55.1,1.0,1.0,0.0,0.0,0.0,34.0,38.8,96.0,96,96,0.0,0.0,0.0,11.7523193359375,11.7523193359375,11.7523193359375,439.209,439.209,439.209,96,0.0,11.7523193359375,439.209,5
11776889.447816627,81.93268585205078,135822231.99909556,209436.6057754549,2120997.463203981,14436867.49856616,13.3984375,0.0,100.0,66.0,77.1,29.3,6.0,1.0,4.0,49.5,48.5,7.2,45.5,1.0,15.2,0.0,0.0,49.5,49.5,0.0,0.0,0.0,0.0,0.0,0.0,0.0,0.0,1.0,0.0,0.0,1.0,1.0,17.3,11.2,1.0,77.8,0.0,1.0,1.0,0.0,0.0,1.0,2.0,100.0,2.0,2.0,0.0,0.0,0.0,33.3,50.0,0.0,0.0,0.0,1.0,0.0,0.0,0.0,0.0,27.3,3.0,0.0,0.0,0.0,0.0,36.7,37.6,96.0,96,96,0.0,0.0,0.0,11.7523193359375,11.7523193359375,11.7523193359375,525.988,525.988,525.988,96,0.0,11.7523193359375,525.988,5
11776890.458130673,81.93180465698242,132961919.71377072,204970.9206040558,2075742.6954469753,14132888.742828429,13.696875,0.0,100.0,21.6,82.8,79.6,9.9,0.0,0.0,50.5,51.0,18.0,37.9,0.0,0.0,0.0,0.0,49.5,50.0,0.0,0.0,0.0,0.0,0.0,0.0,1.0,1.0,0.0,1.0,1.0,6.9,48.0,1.9,0.0,1.0,85.7,1.0,4.0,0.0,1.9,1.0,1.0,1.0,100.0,1.0,0.0,0.0,0.0,0.0,34.7,48.5,1.0,1.0,0.0,0.0,0.0,0.0,0.0,0.0,2.0,6.0,0.0,1.0,1.0,0.0,34.3,37.9,95.0,95,95,0.0,0.0,0.0,11.7523193359375,11.7523193359375,11.7523193359375,437.013,437.013,437.013,95,0.0,11.7523193359375,437.013,5
11776891.455616321,81.93389892578125,134704584.62852836,207614.014538148,2102438.2680968177,14314648.051924817,13.2796875,0.0,100.0,8.1,81.1,7.1,42.3,45.9,0.0,49.5,49.0,33.7,23.5,0.0,0.0,0.0,0.0,50.0,51.5,0.0,0.0,0.0,0.0,0.0,0.0,0.0,1.0,1.0,21.4,0.0,1.0,4.1,0.0,2.0,1.0,78.9,22.7,9.2,1.0,0.0,0.0,0.0,0.0,100.0,0.0,0.0,0.0,0.0,0.0,36.1,50.5,0.0,0.0,0.0,0.0,0.0,0.0,0.0,0.0,2.0,0.0,1.0,0.0,0.0,0.0,36.1,39.2,96.0,96,96,0.0,0.0,0.0,11.7523193359375,11.7523193359375,11.7523193359375,442.616,442.616,442.616,96,0.0,11.7523193359375,442.616,5
11776892.46091891,81.93180847167969,133689624.81434733,206000.66307034966,2086090.319611527,14203341.512042545,13.1015625,0.0,100.0,6.0,78.0,1.0,73.3,24.8,0.0,48.5,48.5,7.0,41.4,0.0,0.0,0.0,0.0,51.0,49.0,0.0,0.0,0.0,0.0,0.0,0.0,0.0,0.0,1.0,2.0,1.9,0.0,0.0,1.0,0.0,1.0,80.8,1.0,55.4,0.0,0.0,0.0,0.0,1.0,100.0,1.0,0.0,0.0,0.0,0.0,37.0,49.0,0.0,0.0,0.0,0.0,0.0,0.0,0.0,0.0,2.0,1.0,2.0,0.0,0.0,0.0,36.0,36.9,95.0,95,95,0.0,0.0,0.0,11.7523193359375,11.7523193359375,11.7523193359375,535.267,535.267,535.267,95,0.0,11.7523193359375,535.267,5
11776893.462524135,81.93464660644531,134215691.76860723,206763.0989393225,2093790.9967251648,14255772.294109227,13.603125,0.0,100.0,9.0,81.3,1.0,67.3,26.0,4.0,49.0,51.0,28.9,29.6,0.0,0.0,0.0,0.0,52.0,52.0,0.0,0.0,0.0,0.0,0.0,0.0,0.0,0.0,1.0,0.0,0.0,2.0,2.0,1.0,1.0,1.0,82.3,1.0,13.0,1.0,2.0,1.0,0.0,0.0,100.0,43.4,0.0,1.0,0.0,0.0,36.1,50.5,0.0,0.0,0.0,0.0,0.0,0.0,0.0,0.0,2.0,2.0,0.0,1.0,1.0,0.0,35.4,38.8,96.0,96,96,0.0,0.0,0.0,11.7523193359375,11.7523193359375,11.7523193359375,437.248,437.248,437.248,96,0.0,11.7523193359375,437.248,5
11776894.455564888,81.93165969848633,135406081.29346445,208553.37433446158,2111848.876844573,14378721.06382848,13.2828125,0.0,100.0,6.3,81.9,2.1,17.5,78.4,1.0,48.9,49.0,0.0,54.9,0.0,17.5,0.0,0.0,47.9,48.9,2.1,51.5,0.0,0.0,0.0,0.0,0.0,0.0,0.0,1.0,0.0,1.0,0.0,0.0,1.0,0.0,77.7,0.0,0.0,0.0,2.1,0.0,0.0,0.0,100.0,0.0,0.0,0.0,0.0,0.0,33.3,48.4,1.0,0.0,0.0,0.0,0.0,0.0,0.0,0.0,3.1,1.0,0.0,0.0,0.0,0.0,34.8,37.8,93.0,93,93,0.0,0.0,0.0,11.7523193359375,11.7523193359375,11.7523193359375,454.362,454.362,454.362,93,0.0,11.7523193359375,454.362,5
11776895.460422847,81.93396759033203,133848871.63916112,206101.76602429402,2087013.374124857,14209626.215232912,13.178125,0.0,100.0,11.5,78.8,2.9,7.8,92.1,0.0,49.5,48.0,12.6,34.7,0.0,0.0,0.0,0.0,51.9,50.0,24.5,29.4,0.0,0.0,0.0,0.0,0.0,1.9,1.0,0.0,1.0,0.0,0.0,1.0,0.0,0.0,78.2,1.0,1.9,0.0,0.0,0.0,0.0,0.0,100.0,0.0,0.0,0.0,0.0,0.0,35.3,51.5,0.0,0.0,0.0,0.0,0.0,0.0,0.0,0.0,0.0,2.9,1.0,0.0,0.0,0.0,34.7,38.3,95.0,95,95,0.0,0.0,0.0,11.7523193359375,11.7523193359375,11.7523193359375,507.105,507.105,507.105,95,0.0,11.7523193359375,507.105,5
11776896.462214552,81.93165969848633,134293836.13671306,206733.59449958155,2093401.2436842672,14253118.623990927,13.3875,0.0,100.0,10.1,77.6,1.0,48.0,44.3,0.0,50.0,50.5,46.8,9.2,0.0,0.0,0.0,0.0,49.0,47.4,55.0,0.0,0.0,0.0,0.0,0.0,0.0,0.0,0.0,1.0,0.0,2.0,0.0,1.0,1.0,2.0,85.7,1.0,0.0,0.0,0.0,0.0,0.0,0.0,100.0,0.0,0.0,0.0,0.0,0.0,35.4,50.5,0.0,0.0,0.0,0.0,1.0,0.0,0.0,0.0,3.0,2.0,2.0,2.0,2.0,1.0,36.7,38.6,96.0,96,96,0.0,0.0,0.0,11.7523193359375,11.7523193359375,11.7523193359375,440.455,440.455,440.455,96,0.0,11.7523193359375,440.455,5
11776897.457900248,81.93313980102539,135150145.73299393,208008.4113961264,2106238.953875986,14340525.377366576,13.278125000000001,0.0,100.0,7.7,85.4,2.2,12.2,84.4,0.0,48.3,50.5,11.1,45.1,1.1,0.0,0.0,0.0,51.1,52.1,30.8,22.2,0.0,0.0,0.0,0.0,0.0,0.0,1.1,0.0,1.1,1.1,0.0,1.1,0.0,0.0,75.9,2.2,1.1,1.1,0.0,0.0,0.0,0.0,100.0,0.0,0.0,0.0,0.0,0.0,34.1,48.9,1.1,0.0,0.0,0.0,0.0,0.0,0.0,0.0,0.0,0.0,0.0,1.1,0.0,0.0,36.3,39.4,100.0,100,100,0.0,0.0,0.0,11.7523193359375,11.7523193359375,11.7523193359375,485.009,485.009,485.009,100,0.0,11.7523193359375,485.009,5
11776898.464030128,81.93308639526367,133779628.99411708,205850.16330298295,2084375.0322104818,14195733.861949122,13.2484375,0.0,100.0,5.6,80.0,2.7,46.4,47.2,2.8,49.5,48.6,13.8,22.0,11.9,0.0,0.0,0.0,50.0,48.1,37.4,15.7,0.0,0.0,0.0,0.0,0.0,1.8,0.9,0.9,0.0,0.9,0.9,0.0,1.8,0.9,84.1,6.5,2.7,1.8,0.9,0.0,0.9,0.0,100.0,0.0,0.0,0.0,0.0,0.0,34.3,49.5,0.0,0.0,0.0,0.0,0.0,0.0,0.0,0.0,1.8,0.0,0.0,0.9,0.0,0.0,35.8,38.9,95.0,95,95,0.0,0.0,0.0,11.7523193359375,11.7523193359375,11.7523193359375,469.771,469.771,469.771,95,0.0,11.7523193359375,469.771,5
11776899.46465778,81.9491195678711,134547870.78528306,206982.0873181235,2095836.5443980903,14273793.027961213,13.96875,0.0,100.0,8.9,78.4,28.6,2.0,25.8,68.7,51.0,49.0,53.1,0.0,6.1,17.2,0.0,0.0,49.5,47.4,12.2,1.0,1.0,0.0,0.0,1.0,0.0,0.0,1.0,2.0,1.0,1.0,1.0,1.0,1.0,1.0,81.4,16.0,0.0,0.0,2.0,1.0,0.0,0.0,100.0,4.0,1.0,1.0,0.0,0.0,36.1,49.5,0.0,0.0,0.0,0.0,16.2,1.0,0.0,0.0,1.0,0.0,0.0,0.0,0.0,0.0,35.7,38.2,95.0,95,95,0.0,0.0,0.0,11.7523193359375,11.7523193359375,11.7523193359375,440.031,440.031,440.031,95,0.0,11.7523193359375,440.031,5
11776900.447989777,81.93202590942383,136947597.98117915,210630.79472949606,2132699.847569294,14524852.28217603,13.28125,0.0,100.0,7.1,82.4,26.7,1.1,10.6,83.9,48.2,49.4,18.4,0.0,38.4,0.0,0.0,0.0,49.4,52.3,26.4,1.1,0.0,0.0,0.0,1.1,0.0,0.0,1.1,1.1,1.1,1.1,0.0,0.0,0.0,0.0,82.1,0.0,2.3,0.0,1.1,0.0,0.0,0.0,100.0,0.0,2.3,0.0,0.0,0.0,34.5,50.0,0.0,0.0,0.0,0.0,0.0,0.0,0.0,0.0,0.0,0.0,1.1,0.0,0.0,1.1,35.3,39.3,100.0,100,100,0.0,0.0,0.0,11.7523193359375,11.7523193359375,11.7523193359375,518.498,518.498,518.498,100,0.0,11.7523193359375,518.498,5
11776901.461536003,81.97107696533203,132902742.34360647,204353.77743529622,2069123.188536159,14091860.465674974,13.3,0.0,100.0,64.3,80.7,1.8,12.6,1.8,31.5,50.0,49.5,2.7,17.0,30.0,0.9,0.0,0.0,49.1,51.3,49.5,7.1,0.9,0.0,0.0,0.0,0.0,0.9,0.0,0.0,0.9,1.8,0.0,0.9,0.9,0.9,80.7,0.9,0.9,0.9,0.0,0.0,0.0,0.0,100.0,0.0,0.0,0.0,0.0,0.0,34.6,50.0,0.0,0.0,0.0,0.0,0.0,0.0,0.0,0.9,0.0,0.0,0.0,0.9,0.0,0.0,36.7,37.7,96.0,96,96,0.0,0.0,0.0,11.7523193359375,11.7523193359375,11.7523193359375,441.666,441.666,441.666,96,0.0,11.7523193359375,441.666,5
11776902.460240465,81.93257904052734,134910490.7508977,207390.6826386124,2099872.465874853,14301279.860362524,13.1015625,0.0,100.0,27.6,78.1,2.0,5.0,1.0,68.4,47.9,49.0,2.0,13.1,41.5,0.0,0.0,0.0,50.5,46.9,16.8,40.0,0.0,0.0,0.0,0.0,0.0,0.0,1.0,1.0,0.0,0.0,1.0,0.0,1.0,0.0,78.4,4.0,1.0,0.0,0.0,0.0,0.0,0.0,100.0,0.0,0.0,0.0,0.0,0.0,34.0,48.0,0.0,0.0,0.0,1.0,0.0,1.0,0.0,0.0,2.0,2.0,0.0,0.0,0.0,0.0,36.0,37.3,96.0,96,96,0.0,0.0,0.0,11.7523193359375,11.7523193359375,11.7523193359375,436.968,436.968,436.968,96,0.0,11.7523193359375,436.968,5
11776903.449176555,81.95103073120117,136276090.2833171,209446.294778937,2120614.283795303,14442542.983582465,13.3640625,0.0,100.0,20.5,81.0,1.1,1.1,0.0,82.8,50.0,50.6,0.0,35.6,19.5,0.0,0.0,0.0,48.8,51.7,1.1,12.5,4.6,36.8,0.0,0.0,0.0,1.1,0.0,0.0,0.0,1.1,0.0,1.1,0.0,1.1,82.6,1.1,1.2,3.4,0.0,0.0,0.0,0.0,100.0,0.0,0.0,0.0,0.0,0.0,34.5,51.7,0.0,0.0,0.0,0.0,0.0,0.0,0.0,0.0,0.0,2.3,2.2,0.0,0.0,0.0,35.3,38.9,99.0,99,99,0.0,0.0,0.0,11.7523193359375,11.7523193359375,11.7523193359375,527.955,527.955,527.955,99,0.0,11.7523193359375,527.955,5
11776904.463520473,81.93460083007812,132894756.59255111,204199.97246799496,2067496.008097372,14080778.477022532,13.4375,0.0,100.0,6.2,81.1,0.0,32.1,0.0,62.4,50.9,50.9,0.0,14.5,34.5,15.0,0.0,0.0,50.5,48.6,8.0,0.0,0.0,45.1,0.0,0.0,0.0,0.9,0.9,0.9,0.9,0.9,0.0,0.9,0.9,0.9,80.9,1.8,2.7,2.7,1.8,0.0,0.0,0.0,100.0,0.9,0.0,0.0,0.0,0.0,34.3,50.9,0.0,0.0,0.9,0.0,0.9,0.0,0.0,0.0,0.0,0.0,0.0,0.0,0.0,0.0,35.5,39.7,95.0,95,95,0.0,0.0,0.0,11.7523193359375,11.7523193359375,11.7523193359375,439.105,439.105,439.105,95,0.0,11.7523193359375,439.105,5
11776905.45898151,81.93111801147461,135448419.31185824,208073.4375547592,2106714.297441876,14347876.474960592,13.1796875,0.0,100.0,7.1,79.2,1.0,63.3,1.0,29.6,48.5,49.0,0.0,38.8,18.4,0.0,0.0,0.0,49.5,51.5,48.5,0.0,0.0,7.1,0.0,0.0,0.0,0.0,1.0,1.0,1.0,1.0,1.0,1.0,0.0,0.0,78.1,0.0,4.1,0.0,2.0,1.0,0.0,0.0,100.0,1.0,1.0,0.0,0.0,0.0,34.0,49.5,0.0,0.0,0.0,0.0,0.0,0.0,0.0,0.0,0.0,0.0,0.0,1.0,0.0,0.0,35.1,38.2,95.0,95,95,0.0,0.0,0.0,11.7523193359375,11.7523193359375,11.7523193359375,438.711,438.711,438.711,95,0.0,11.7523193359375,438.711,5
11776906.448753553,81.93537521362305,136259927.78307885,209276.47090043515,2118823.2345019183,14430344.958414434,13.3453125,0.0,100.0,9.3,76.6,1.0,85.3,0.0,11.5,50.0,48.5,1.0,8.3,44.7,0.0,0.0,0.0,50.5,49.5,15.3,0.0,0.0,40.2,0.0,0.0,0.0,1.0,1.0,0.0,0.0,1.0,1.0,0.0,0.0,2.0,78.7,3.1,1.0,1.0,0.0,0.0,0.0,0.0,100.0,0.0,9.2,0.0,0.0,1.0,34.4,49.5,1.0,0.0,0.0,0.0,0.0,0.0,0.0,1.0,0.0,0.0,0.0,1.0,0.0,0.0,36.5,39.0,95.0,95,95,0.0,0.0,0.0,11.7523193359375,11.7523193359375,11.7523193359375,527.101,527.101,527.101,95,0.0,11.7523193359375,527.101,5
11776907.459962856,81.93163299560547,133408955.52613267,204843.84318889165,2073904.9697367507,14124427.010687597,13.4921875,0.0,100.0,3.9,78.8,13.6,81.2,0.0,12.7,51.0,52.0,0.0,36.0,17.8,0.0,0.0,0.0,51.0,52.5,0.0,0.0,0.0,57.3,0.0,0.0,0.0,1.0,0.0,1.0,0.0,1.0,0.0,1.0,0.0,0.0,85.0,1.0,2.9,1.0,0.0,0.0,0.0,0.0,100.0,1.0,0.0,0.0,0.0,0.0,35.0,50.5,0.0,1.9,0.0,0.0,0.0,0.0,0.0,0.0,0.0,0.0,0.0,0.0,0.0,0.0,34.7,38.7,95.0,95,95,0.0,0.0,0.0,11.7523193359375,11.7523193359375,11.7523193359375,436.118,436.118,436.118,95,0.0,11.7523193359375,436.118,5
11776908.459971488,81.93313598632812,134935859.30145139,207149.21199206938,2097133.8985937422,14282628.719524179,13.35,0.0,100.0,10.5,84.8,3.1,6.4,0.0,2.1,48.4,47.8,40.4,38.0,63.8,1.1,0.0,0.0,49.5,50.5,0.0,0.0,0.0,7.4,0.0,0.0,0.0,0.0,1.1,0.0,2.1,1.1,1.1,0.0,1.0,1.1,76.7,33.3,16.8,2.1,0.0,0.0,0.0,0.0,100.0,1.1,0.0,0.0,0.0,0.0,34.8,50.5,0.0,0.0,0.0,0.0,0.0,0.0,1.1,1.1,1.1,1.1,0.0,0.0,0.0,0.0,35.9,37.5,96.0,96,96,0.0,0.0,0.0,11.7523193359375,11.7523193359375,11.7523193359375,440.507,440.507,440.507,96,0.0,11.7523193359375,440.507,5
11776909.45922091,81.99457168579102,135071039.2258459,207307.60033275353,2098727.2565702223,14293480.358711652,14.2328125,0.0,100.0,6.0,78.6,3.0,1.0,17.8,2.0,50.5,49.0,17.3,40.6,86.9,1.0,0.0,0.0,50.5,50.0,1.9,1.0,0.0,1.0,1.0,2.0,1.0,2.0,2.0,2.9,2.0,2.0,1.0,2.0,0.0,2.0,87.3,24.8,3.0,18.8,1.0,0.0,1.0,0.0,100.0,0.0,0.0,0.0,0.0,0.0,33.0,50.0,1.0,2.0,14.6,5.0,2.9,1.0,2.9,2.9,2.0,1.0,0.0,0.0,1.0,0.0,36.4,41.3,96.0,96,96,0.0,0.0,0.0,11.7523193359375,11.7523193359375,11.7523193359375,537.388,537.388,537.388,96,0.0,11.7523193359375,537.388,5
11776910.454928529,81.99586868286133,135584275.49376515,208046.01294603114,2106192.582978741,14344323.314154042,13.442187500000001,0.0,100.0,8.2,78.4,0.0,1.0,0.0,1.0,52.0,53.5,83.7,32.7,44.8,0.0,0.0,0.0,50.0,52.0,0.0,0.0,0.0,0.0,0.0,0.0,0.0,2.0,1.0,1.0,1.0,1.0,1.0,0.0,0.0,0.0,78.7,2.0,1.0,2.0,0.0,0.0,0.0,0.0,100.0,0.0,0.0,0.0,0.0,0.0,36.5,51.5,0.0,0.0,46.0,0.0,0.0,0.0,0.0,0.0,1.0,0.0,0.0,1.0,0.0,0.0,37.1,39.2,97.0,97,97,0.0,0.0,0.0,11.7523193359375,11.7523193359375,11.7523193359375,444.91,444.91,444.91,97,0.0,11.7523193359375,444.91,5
11776911.45538948,81.93280029296875,134972810.19436586,207128.52397064207,2096185.7617943864,14292547.840672271,12.9828125,0.0,100.0,7.1,82.0,2.4,1.6,1.6,0.0,48.8,48.4,27.6,58.9,49.6,0.0,0.0,0.0,50.0,50.0,35.2,0.0,0.0,0.0,0.0,0.0,0.0,8.0,1.6,0.8,0.0,0.8,1.6,1.6,1.6,0.8,82.8,0.8,0.8,0.8,0.0,0.0,0.0,0.0,100.0,0.0,0.0,0.0,0.0,0.0,36.6,50.8,0.0,0.0,0.0,0.0,0.0,0.0,0.0,0.0,0.0,1.6,0.0,0.0,0.0,0.0,37.9,38.8,0.0,0,0,0.0,0.0,0.0,6.4554443359375,6.4554443359375,6.4554443359375,336.974,336.974,336.974,0,0.0,6.4554443359375,336.974,5
11776912.453774212,81.80550765991211,135290003.51151347,207567.2766234709,2100544.9414446866,14322270.294108205,17.725,0.0,95.4,48.8,84.1,43.7,42.9,41.9,41.9,54.5,53.4,75.3,71.3,54.0,1.2,0.0,0.0,54.0,53.5,0.0,0.0,0.0,0.0,0.0,0.0,0.0,47.1,1.2,1.2,1.2,0.0,0.0,1.2,0.0,1.1,75.0,10.5,1.2,0.0,0.0,0.0,4.7,0.0,95.4,1.1,0.0,1.1,0.0,0.0,38.1,52.9,0.0,0.0,0.0,0.0,0.0,0.0,0.0,0.0,0.0,1.2,0.0,0.0,0.0,1.1,40.0,38.6,24.0,24,24,0.0,0.0,0.0,11.7425537109375,11.7425537109375,11.7425537109375,141.867,141.867,141.867,24,0.0,11.7425537109375,141.867,5
11776913.44970371,81.7918930053711,135659175.91630122,208098.06353690728,2105723.3506354718,14357578.548961783,16.428125,0.0,100.0,51.2,73.8,43.9,31.3,47.0,47.0,56.6,57.8,30.1,29.3,28.9,0.0,0.0,0.0,54.9,59.0,0.0,1.2,0.0,0.0,0.0,0.0,0.0,0.0,0.0,0.0,0.0,0.0,1.2,0.0,1.2,1.2,83.5,39.0,19.5,1.2,1.2,0.0,100.0,0.0,1.2,2.4,0.0,0.0,0.0,0.0,43.2,54.2,1.2,0.0,0.0,0.0,2.4,0.0,1.2,0.0,3.6,0.0,0.0,0.0,0.0,0.0,43.9,38.1,0.0,0,0,0.0,0.0,0.0,11.7445068359375,11.7445068359375,11.7445068359375,139.508,139.508,139.508,0,0.0,11.7445068359375,139.508,5
11776914.450355312,81.79724884033203,135051603.14553595,207116.04283398308,2095786.3820264959,14289824.72588769,13.809375,0.0,100.0,10.3,85.3,8.3,4.1,93.9,47.4,50.5,52.5,4.1,3.1,2.1,0.0,1.0,0.0,51.0,48.5,0.0,0.0,2.0,1.0,1.0,0.0,0.0,0.0,1.0,3.0,1.0,6.2,0.0,28.6,0.0,0.0,80.9,16.5,1.0,3.1,0.0,0.0,100.0,0.0,7.3,0.0,0.0,1.0,0.0,0.0,35.5,52.0,1.0,0.0,0.0,0.0,0.0,0.0,0.0,0.0,0.0,4.1,1.0,1.0,0.0,0.0,35.1,38.4,100.0,100,100,0.0,0.0,0.0,17.8187255859375,17.8187255859375,17.8187255859375,579.5,579.5,579.5,100,0.0,17.8187255859375,579.5,5
11776915.456610192,81.76526260375977,134332013.4085117,205962.72790238992,2084116.1043659756,14210252.578792227,13.621875,0.0,100.0,19.0,79.4,32.1,37.9,64.4,23.8,52.3,50.5,12.6,0.0,0.0,0.0,0.0,0.0,50.5,51.9,0.0,0.0,0.0,0.0,0.0,0.0,0.0,0.0,0.0,0.0,1.0,0.9,0.0,2.8,1.9,2.8,84.6,4.8,6.7,16.0,8.6,0.0,100.0,0.0,1.0,0.0,0.0,0.0,0.0,0.0,35.9,49.5,0.0,0.0,0.0,0.9,0.0,0.0,0.0,1.9,1.9,1.9,0.0,0.0,0.0,0.0,36.3,38.0,96.0,96,96,0.0,0.0,0.0,17.8206787109375,17.8206787109375,17.8206787109375,486.947,486.947,486.947,96,0.0,17.8206787109375,486.947,5
11776916.458875649,81.76963424682617,134899274.4856996,206782.54302720504,2092411.7310632477,14266815.142855072,13.135937499999999,0.0,100.0,39.8,78.6,1.0,5.9,4.0,4.0,50.0,49.5,18.6,79.2,0.0,1.0,0.0,0.0,50.0,51.0,0.0,0.0,0.0,0.0,0.0,0.0,0.0,0.0,4.9,1.0,1.0,0.0,1.0,1.0,1.0,0.0,78.6,2.0,50.0,2.9,0.0,0.0,100.0,0.0,1.0,0.0,0.0,0.0,0.0,0.0,35.4,49.0,0.0,1.0,0.0,0.0,0.0,0.0,0.0,1.0,2.9,0.0,0.0,0.0,0.0,0.0,35.6,38.8,97.0,97,97,0.0,0.0,0.0,17.8206787109375,17.8206787109375,17.8206787109375,475.294,475.294,475.294,97,0.0,17.8206787109375,475.294,5
11776917.457287489,81.7677001953125,135454095.80009818,207582.67453611727,2100487.9112426233,14321881.441695308,13.35625,0.0,100.0,46.9,80.2,4.0,7.1,1.0,4.0,49.5,50.5,37.8,57.6,4.0,0.0,0.0,0.0,53.5,51.5,0.0,0.0,0.0,0.0,0.0,0.0,0.0,2.0,57.8,1.0,0.0,0.0,0.0,0.0,0.0,2.0,81.3,0.0,0.0,1.0,0.0,0.0,100.0,0.0,0.0,0.0,0.0,0.0,0.0,0.0,35.4,51.0,0.0,1.0,1.0,1.0,0.0,0.0,0.0,1.0,0.0,0.0,0.0,0.0,0.0,0.0,35.1,36.6,98.0,98,98,0.0,0.0,0.0,17.8206787109375,17.8206787109375,17.8206787109375,480.593,480.593,480.593,98,0.0,17.8206787109375,480.593,5
11776918.451044794,81.76824188232422,136122663.17804107,208562.99502717043,2110326.1209162385,14388961.89085662,13.2703125,0.0,100.0,47.8,81.3,5.4,3.2,0.0,0.0,49.5,49.5,11.8,86.2,5.3,0.0,0.0,0.0,49.5,50.0,0.0,0.0,0.0,0.0,0.0,0.0,0.0,0.0,53.8,1.1,1.1,0.0,1.1,1.1,1.1,2.2,81.3,0.0,0.0,0.0,0.0,0.0,100.0,0.0,1.1,0.0,0.0,0.0,0.0,0.0,35.9,51.1,1.1,0.0,0.0,0.0,1.1,2.2,0.0,0.0,0.0,0.0,0.0,0.0,0.0,0.0,36.6,37.9,100.0,100,100,0.0,0.0,0.0,17.8206787109375,17.8206787109375,17.8206787109375,561.282,561.282,561.282,100,0.0,17.8206787109375,561.282,5
11776919.459063824,81.76694869995117,134229147.42726907,205613.18170812924,2080468.659211851,14185382.986930804,13.203125,0.0,100.0,12.0,79.6,5.6,29.0,8.4,0.0,50.0,49.5,17.6,82.1,0.0,0.0,0.0,0.0,51.4,50.9,0.0,0.0,0.0,0.0,0.0,0.0,0.0,0.0,50.9,5.6,1.8,0.0,0.0,0.0,0.0,1.9,80.0,2.8,0.0,0.0,0.0,0.0,100.0,0.0,1.8,0.9,0.0,0.0,0.0,0.0,34.0,50.9,0.9,0.9,0.0,0.0,0.9,0.9,0.9,0.0,0.0,0.0,0.0,0.0,0.0,0.0,35.6,38.2,96.0,96,96,0.0,0.0,0.0,17.8206787109375,17.8206787109375,17.8206787109375,586.39,586.39,586.39,96,0.0,17.8206787109375,586.39,5
11776920.460454797,81.7643051147461,135150180.7333253,206975.10319783472,2094238.969915255,14279273.914012022,13.9453125,0.0,100.0,3.0,78.4,8.0,41.8,11.2,26.3,52.5,51.5,29.6,66.7,0.0,0.0,0.0,0.0,52.0,50.5,1.0,0.0,0.0,0.0,0.0,0.0,0.0,1.0,1.0,56.0,0.0,0.0,1.0,2.0,1.0,0.0,85.7,0.0,2.0,0.0,0.0,0.0,100.0,0.0,0.0,0.0,0.0,0.0,0.0,0.0,36.5,50.5,0.0,1.0,0.0,0.0,3.0,1.0,2.0,2.0,0.0,0.0,0.0,0.0,0.0,0.0,36.7,37.6,97.0,97,97,0.0,0.0,0.0,17.8206787109375,17.8206787109375,17.8206787109375,475.248,475.248,475.248,97,0.0,17.8206787109375,475.248,5
11776921.456116876,81.7665901184082,135960593.41376588,208167.01220751952,2106288.9164786167,14365548.625670565,13.2265625,0.0,100.0,3.1,84.2,5.1,8.2,43.3,7.1,49.0,49.0,7.2,89.7,2.0,0.0,0.0,0.0,48.0,50.0,0.0,0.0,0.0,0.0,0.0,0.0,0.0,1.0,0.0,56.1,1.0,1.0,1.0,0.0,0.0,0.0,77.7,1.0,0.0,0.0,0.0,0.0,100.0,0.0,0.0,0.0,0.0,0.0,0.0,0.0,35.5,50.0,0.0,0.0,0.0,0.0,1.0,2.0,1.0,2.0,0.0,0.0,0.0,0.0,0.0,0.0,33.3,37.0,98.0,98,98,0.0,0.0,0.0,17.8206787109375,17.8206787109375,17.8206787109375,480.884,480.884,480.884,98,0.0,17.8206787109375,480.884,5
11776922.456482628,81.76482391357422,135353939.92738935,207204.21449354594,2096385.2413815556,14445404.55389478,13.4421875,0.0,100.0,4.0,79.6,37.8,5.0,13.0,1.0,50.0,50.0,48.0,48.0,0.0,0.0,0.0,0.0,52.0,52.5,0.0,0.0,0.0,0.0,0.0,0.0,0.0,0.0,1.0,34.7,18.6,2.9,0.0,6.9,0.0,2.0,78.6,2.9,7.9,1.0,0.0,0.0,100.0,0.0,0.0,0.0,0.0,0.0,0.0,0.0,33.3,51.0,0.0,1.0,0.0,0.0,0.0,2.0,1.0,0.0,1.0,0.0,0.0,0.0,0.0,0.0,35.4,38.2,98.0,98,98,0.0,0.0,0.0,17.8206787109375,17.8206787109375,17.8206787109375,482.785,482.785,482.785,98,0.0,17.8206787109375,482.785,5
11776923.452219157,81.7666130065918,136018680.8115468,208168.52061981036,2106131.4319926887,14512561.89857462,13.4,0.0,100.0,2.2,76.4,45.2,4.3,4.3,0.0,51.6,50.0,100.0,0.0,0.0,0.0,0.0,0.0,51.1,50.5,0.0,0.0,0.0,0.0,0.0,0.0,0.0,2.1,0.0,0.0,0.0,3.2,2.1,11.8,1.1,0.0,84.4,0.0,0.0,1.1,0.0,0.0,100.0,0.0,3.2,1.1,0.0,0.0,0.0,0.0,35.2,51.6,2.1,1.1,1.1,0.0,0.0,1.1,2.2,1.1,40.4,0.0,0.0,0.0,0.0,1.1,37.0,37.9,100.0,100,100,0.0,0.0,0.0,17.8206787109375,17.8206787109375,17.8206787109375,645.31,645.31,645.31,100,0.0,17.8206787109375,645.31,5
11776924.45372634,81.76504898071289,135270220.94995314,206970.05813574922,2093995.963757117,14428940.937763885,13.15,0.0,100.0,2.8,79.6,19.8,9.3,28.6,0.9,49.5,51.9,40.6,56.1,0.0,0.0,0.0,0.0,49.5,49.5,0.9,0.0,0.9,0.0,4.7,0.0,0.0,0.0,5.6,0.9,0.0,0.0,0.9,22.4,0.0,1.9,80.0,0.0,0.0,0.0,0.0,0.0,100.0,0.0,0.0,0.0,0.0,0.0,0.0,0.0,32.7,50.5,0.9,0.0,0.0,0.0,0.9,0.0,0.9,0.9,24.3,0.0,0.0,0.0,0.0,0.0,36.2,38.0,96.0,96,96,0.0,0.0,0.0,17.8206787109375,17.8206787109375,17.8206787109375,481.196,481.196,481.196,96,0.0,17.8206787109375,481.196,5
11776925.454884414,81.76742553710938,135349940.81429303,207042.22987099164,2094726.1530591652,14433972.39842331,13.4203125,0.0,100.0,3.0,84.8,26.3,5.0,24.0,17.2,49.5,49.0,64.9,33.0,0.0,0.0,0.0,0.0,50.0,49.0,0.0,0.0,0.0,0.0,55.4,0.0,0.0,1.0,2.0,0.0,1.0,1.0,0.0,1.0,1.0,1.0,77.9,0.0,0.0,0.0,0.0,0.0,100.0,0.0,0.0,3.0,0.0,0.0,0.0,0.0,35.1,50.5,0.0,1.0,0.0,0.0,0.0,0.0,1.0,0.0,0.0,0.0,0.0,0.0,0.0,0.0,34.4,36.9,98.0,98,98,0.0,0.0,0.0,17.8206787109375,17.8206787109375,17.8206787109375,481.384,481.384,481.384,98,0.0,17.8206787109375,481.384,5
11776926.45719954,81.7647819519043,135226205.24774083,206803.2244039605,2092308.0424986954,14417310.105342573,13.328125,0.0,100.0,7.1,77.7,13.3,4.1,2.0,1.0,51.0,49.0,70.4,26.8,36.1,1.0,0.0,0.0,47.9,50.5,0.0,26.3,0.0,0.0,28.9,0.0,0.0,1.0,0.0,2.0,0.0,0.0,0.0,1.0,1.0,0.0,85.4,1.0,0.0,0.0,0.0,0.0,100.0,0.0,3.0,1.0,0.0,0.0,0.0,0.0,33.3,50.5,1.0,0.0,0.0,0.0,0.0,0.0,0.0,1.0,2.0,1.0,2.0,0.0,0.0,0.0,35.7,38.0,97.0,97,97,0.0,0.0,0.0,17.8206787109375,17.8206787109375,17.8206787109375,482.586,482.586,482.586,97,0.0,17.8206787109375,482.586,5
11776927.451410215,81.76753997802734,136361300.83905742,208497.05715058534,2109363.7917770483,14534834.877713725,13.0578125,0.0,100.0,3.2,78.5,0.0,0.0,5.3,0.0,50.0,50.0,17.4,88.3,39.6,0.0,0.0,0.0,51.0,51.1,2.1,48.9,0.0,0.0,0.0,0.0,0.0,0.0,0.0,0.0,0.0,0.0,0.0,0.0,1.1,1.1,77.2,7.5,0.0,0.0,0.0,0.0,100.0,0.0,1.1,1.1,1.1,0.0,0.0,0.0,33.0,51.6,1.1,0.0,0.0,0.0,0.0,0.0,0.0,0.0,0.0,2.1,0.0,0.0,0.0,0.0,35.2,37.1,100.0,100,100,0.0,0.0,0.0,17.8206787109375,17.8206787109375,17.8206787109375,555.738,555.738,555.738,100,0.0,17.8206787109375,555.738,5
11776928.458469367,81.76700973510742,134656625.5060963,205836.96571449935,2082451.6586525822,14349393.460402949,13.3578125,0.0,100.0,1.9,85.3,0.0,0.0,8.5,0.0,51.4,50.0,27.6,79.2,36.2,0.9,0.0,0.0,49.0,51.4,0.0,0.0,1.9,1.0,0.0,0.0,0.0,0.9,0.9,0.9,1.9,0.0,0.9,0.9,0.0,0.0,82.7,16.7,42.1,0.0,0.0,0.0,100.0,0.0,0.0,0.0,0.0,0.0,0.0,0.0,35.0,49.5,1.0,1.9,0.0,0.0,0.0,0.0,0.0,0.0,1.0,0.0,0.0,0.0,0.0,0.0,35.2,39.1,98.0,98,98,0.0,0.0,0.0,17.8206787109375,17.8206787109375,17.8206787109375,557.604,557.604,557.604,98,0.0,17.8206787109375,557.604,5
11776929.458397139,81.77016830444336,135652305.86639023,207308.97346919816,2097303.4835975757,14451731.816664545,13.315625,0.0,100.0,5.1,77.1,3.0,1.0,9.2,0.0,49.5,51.0,48.0,13.3,83.5,0.0,0.0,0.0,49.5,48.0,0.0,0.0,0.0,0.0,0.0,0.0,0.0,1.0,0.0,2.0,0.0,1.0,0.0,1.0,1.0,2.0,82.3,39.8,16.2,0.0,0.0,0.0,100.0,0.0,2.0,2.0,1.0,0.0,0.0,0.0,34.7,50.0,0.0,0.0,0.0,0.0,1.0,0.0,2.0,0.0,3.0,0.0,0.0,0.0,0.0,0.0,34.4,37.6,98.0,98,98,0.0,0.0,0.0,17.8206787109375,17.8206787109375,17.8206787109375,477.881,477.881,477.881,98,0.0,17.8206787109375,477.881,5
11776930.45784417,81.76720809936523,135750161.63837838,207409.6911405734,2098312.30176722,14458683.204364749,13.528125,0.0,100.0,4.0,78.1,3.1,6.1,5.0,11.0,50.5,49.0,79.4,38.4,28.0,0.0,0.0,0.0,50.0,50.5,0.0,0.0,0.0,0.0,0.0,0.0,0.0,0.0,8.1,0.0,1.0,0.0,1.0,0.0,1.0,0.0,78.1,11.0,46.1,0.0,0.0,0.0,100.0,0.0,1.0,1.0,0.0,1.0,0.0,0.0,35.1,51.0,2.0,0.0,0.0,0.0,0.0,0.0,0.0,1.0,1.0,0.0,0.0,0.0,0.0,0.0,35.7,37.6,97.0,97,97,0.0,0.0,0.0,17.8206787109375,17.8206787109375,17.8206787109375,481.658,481.658,481.658,97,0.0,17.8206787109375,481.658,5
11776931.459644385,81.76865005493164,135463825.0076352,206929.4824682542,2093383.4599630693,14424720.403808024,13.2015625,0.0,100.0,3.0,78.6,2.0,1.0,4.0,0.0,49.5,50.5,41.4,67.0,36.7,0.0,0.0,0.0,51.5,50.0,0.0,0.0,0.0,0.0,0.0,0.0,0.0,0.0,1.0,3.9,0.0,2.0,1.0,1.0,0.0,0.0,78.4,1.0,2.0,1.0,0.0,0.0,100.0,0.0,2.0,2.0,54.9,1.0,0.0,0.0,33.3,51.5,0.0,0.0,0.0,0.0,0.0,0.0,0.0,0.0,0.0,0.0,0.0,0.0,0.0,0.0,36.4,37.3,95.0,95,95,0.0,0.0,0.0,17.8206787109375,17.8206787109375,17.8206787109375,496.728,496.728,496.728,95,0.0,17.8206787109375,496.728,5
11776932.452149129,81.76493072509766,136765370.48296508,208868.52308024289,2112989.3967515063,14563944.49440638,13.6015625,0.0,100.0,4.1,84.9,0.0,6.2,4.1,1.0,51.5,50.5,4.1,99.0,41.7,0.0,0.0,0.0,52.6,53.1,0.0,0.0,0.0,0.0,0.0,0.0,0.0,2.0,1.0,2.1,1.0,0.0,1.0,1.0,0.0,2.0,85.3,2.0,0.0,0.0,0.0,0.0,100.0,0.0,1.0,0.0,43.2,13.4,1.0,0.0,35.1,50.0,0.0,0.0,0.0,0.0,0.0,1.0,0.0,0.0,0.0,1.0,0.0,0.0,0.0,0.0,36.2,38.4,97.0,97,97,0.0,0.0,0.0,17.8206787109375,17.8206787109375,17.8206787109375,644.184,644.184,644.184,97,0.0,17.8206787109375,644.184,5
11776933.454491453,81.76844787597656,135455586.03454572,206818.56376885253,2092251.268167738,14421005.32297646,13.135937499999999,0.0,100.0,2.0,78.8,1.9,3.9,0.0,0.0,51.9,51.0,45.5,29.0,67.6,0.0,0.0,0.0,49.5,50.5,1.0,0.0,0.0,0.0,0.0,0.0,0.0,0.0,0.0,2.0,0.0,0.0,1.0,0.0,1.9,0.0,78.0,0.0,0.0,0.0,0.0,0.0,100.0,0.0,1.0,1.0,19.4,0.0,2.9,1.0,35.0,51.9,0.0,0.0,0.0,0.0,35.9,0.0,1.0,0.0,2.0,0.0,0.0,0.0,0.0,0.0,35.6,38.5,97.0,97,97,0.0,0.0,0.0,17.8206787109375,17.8206787109375,17.8206787109375,479.66,479.66,479.66,97,0.0,17.8206787109375,479.66,5
11776934.45776802,81.76610565185547,135367380.83655393,206627.96981048243,2090302.984221282,14407576.623665828,13.334375,0.0,100.0,5.0,77.6,6.0,14.0,19.0,0.0,49.5,50.0,76.5,20.2,48.5,0.0,0.0,0.0,50.0,49.5,0.0,0.0,0.0,0.0,0.0,0.0,0.0,1.0,1.0,1.0,2.9,1.0,0.0,1.0,0.0,1.0,84.7,0.0,0.0,0.0,0.0,0.0,100.0,0.0,2.0,1.0,1.0,0.0,0.0,0.0,33.7,50.0,0.0,0.0,0.0,0.0,4.0,26.7,1.0,0.0,1.0,0.0,0.0,0.0,0.0,0.0,35.1,38.5,98.0,98,98,0.0,0.0,0.0,17.8206787109375,17.8206787109375,17.8206787109375,485.624,485.624,485.624,98,0.0,17.8206787109375,485.624,5
11776935.45560911,81.76398849487305,136137417.43679127,207753.5211618688,2101689.3582482594,14486058.096207242,13.546875,0.0,100.0,5.1,82.3,24.0,7.0,15.0,2.0,50.0,50.0,38.8,65.3,41.7,0.0,0.0,0.0,51.0,51.5,0.0,0.0,0.0,0.0,0.0,0.0,0.0,1.0,18.0,1.0,0.0,0.0,5.0,15.2,0.0,1.0,79.2,0.0,1.0,0.0,0.0,0.0,100.0,0.0,0.0,0.0,0.0,0.0,0.0,0.0,32.6,51.0,2.0,0.0,0.0,0.0,0.0,0.0,1.0,1.0,0.0,0.0,0.0,0.0,0.0,0.0,36.7,37.6,98.0,98,98,0.0,0.0,0.0,17.8206787109375,17.8206787109375,17.8206787109375,483.626,483.626,483.626,98,0.0,17.8206787109375,483.626,5
11776936.451407608,81.76566314697266,136449391.3370991,208186.69674110005,2106000.363915217,14515772.039564064,13.053125,0.0,100.0,3.2,80.4,1.1,1.1,4.2,0.0,51.0,48.4,17.5,36.5,91.7,0.0,0.0,0.0,51.0,47.9,0.0,0.0,0.0,0.0,0.0,0.0,0.0,0.0,0.0,0.0,0.0,1.0,33.0,22.9,1.0,0.0,78.0,1.1,0.0,0.0,0.0,0.0,100.0,0.0,0.0,0.0,0.0,0.0,0.0,0.0,35.5,50.0,0.0,0.0,0.0,1.0,0.0,0.0,0.0,0.0,1.1,1.1,1.0,0.0,0.0,0.0,35.5,39.2,100.0,100,100,0.0,0.0,0.0,17.8206787109375,17.8206787109375,17.8206787109375,580.886,580.886,580.886,100,0.0,17.8206787109375,580.886,5
11776937.458203277,81.78900909423828,134991335.5690446,205913.67880153935,2082996.6443300992,14357217.105158048,13.2265625,0.0,100.0,3.8,79.2,1.9,0.0,3.8,0.0,51.9,50.9,43.3,10.6,87.5,0.0,0.0,0.0,50.0,50.0,0.0,0.0,0.0,0.0,0.0,0.0,0.0,1.0,1.0,0.9,1.0,0.0,18.1,11.3,0.0,1.0,85.4,1.9,27.9,0.0,0.0,0.0,100.0,0.0,1.0,2.8,0.0,0.0,0.0,0.0,34.7,49.5,0.0,0.0,0.0,0.0,0.0,0.0,0.9,1.9,0.0,0.9,0.0,0.0,0.0,0.0,35.0,37.4,97.0,97,97,0.0,0.0,0.0,17.8206787109375,17.8206787109375,17.8206787109375,537.255,537.255,537.255,97,0.0,17.8206787109375,537.255,5
11776938.4582486,81.76811981201172,135935118.91141328,207303.60422442557,2097056.9535266121,14454128.884756668,13.365625,0.0,100.0,4.0,78.8,1.0,5.0,8.0,2.0,50.5,51.5,79.0,39.4,28.3,0.0,0.0,0.0,51.0,52.5,0.0,0.0,0.0,0.0,0.0,0.0,0.0,0.0,0.0,0.0,0.0,1.0,0.0,1.0,0.0,0.0,78.4,0.0,23.0,35.0,2.0,0.0,100.0,0.0,2.0,0.0,0.0,0.0,0.0,0.0,34.4,50.0,0.0,0.0,0.0,0.0,0.0,0.0,1.0,0.0,1.0,1.0,0.0,0.0,0.0,0.0,37.0,37.6,98.0,98,98,0.0,0.0,0.0,17.8206787109375,17.8206787109375,17.8206787109375,478.366,478.366,478.366,98,0.0,17.8206787109375,478.366,5
11776939.45750872,81.76482772827148,136077281.8465255,207467.5010352008,2098704.7895027515,14465486.722959395,13.3484375,0.0,100.0,3.1,84.5,3.0,0.0,9.0,1.0,51.0,50.5,25.5,91.9,27.6,0.0,0.0,0.0,51.0,49.5,0.0,0.0,0.0,0.0,0.0,0.0,0.0,1.0,1.0,1.0,1.0,1.0,0.0,0.0,1.0,1.0,81.1,1.0,18.2,27.3,0.0,0.0,100.0,0.0,0.0,0.0,0.0,0.0,0.0,0.0,35.1,50.5,9.2,0.0,0.0,0.0,0.0,1.0,0.0,1.0,0.0,0.0,0.0,0.0,0.0,0.0,36.1,39.2,97.0,97,97,0.0,0.0,0.0,17.8206787109375,17.8206787109375,17.8206787109375,483.565,483.565,483.565,97,0.0,17.8206787109375,483.565,5
11776940.452096708,81.7691535949707,136752032.68824264,208451.14014245418,2108563.57206884,14533439.152013546,13.4484375,0.0,100.0,5.1,77.4,0.0,1.0,9.3,0.0,51.5,49.5,35.4,80.4,29.2,0.0,0.0,0.0,49.0,48.4,0.0,0.0,0.0,0.0,0.0,0.0,0.0,0.0,18.4,0.0,1.0,1.0,1.0,1.0,0.0,1.0,82.3,0.0,1.0,0.0,0.0,0.0,100.0,0.0,2.0,1.0,0.0,0.0,0.0,0.0,33.7,50.5,29.6,27.0,0.0,0.0,0.0,0.0,0.0,1.0,0.0,0.0,0.0,0.0,0.0,0.0,34.0,39.0,100.0,100,100,0.0,0.0,0.0,17.8206787109375,17.8206787109375,17.8206787109375,518.321,518.321,518.321,100,0.0,17.8206787109375,518.321,5
11776941.453101682,81.76656723022461,135907933.13875028,207114.85507442485,2095046.5339062246,14440271.910459114,13.221875,0.0,100.0,3.0,79.4,3.9,2.0,5.9,1.0,49.5,51.0,36.6,93.9,13.0,0.0,0.0,0.0,52.0,50.5,0.0,0.0,0.0,0.0,0.0,1.0,0.0,1.0,1.0,1.0,1.0,0.0,0.0,0.0,1.0,0.0,78.4,1.0,0.0,0.0,0.0,0.0,100.0,0.0,1.0,0.0,0.0,0.0,0.0,0.0,33.7,50.0,0.0,55.1,3.0,0.0,1.0,0.0,0.0,0.0,0.0,0.0,0.0,0.0,0.0,0.0,38.0,37.3,98.0,98,98,0.0,0.0,0.0,17.8206787109375,17.8206787109375,17.8206787109375,623.139,623.139,623.139,98,0.0,17.8206787109375,623.139,5
11776942.456064628,81.76720428466797,135675109.8549627,206711.52473030429,2090956.6066215541,14412081.767123954,13.1796875,0.0,100.0,57.4,80.0,10.9,1.9,1.9,4.9,50.9,49.5,22.3,16.3,40.2,0.0,0.0,0.0,51.4,51.5,0.0,0.0,0.0,0.0,0.0,0.0,0.0,0.0,1.0,1.0,0.0,1.0,0.0,1.0,1.0,1.9,78.0,1.9,1.9,0.0,0.0,0.0,100.0,0.0,0.0,1.0,0.0,0.0,0.0,0.0,35.0,49.0,0.0,55.3,0.0,0.0,0.0,0.0,0.0,0.0,1.0,1.0,0.0,0.0,0.0,0.0,35.3,38.1,97.0,97,97,0.0,0.0,0.0,17.8206787109375,17.8206787109375,17.8206787109375,478.445,478.445,478.445,97,0.0,17.8206787109375,478.445,5
11776943.458109451,81.76737594604492,135831980.63904247,206900.92422713694,2092872.4462425415,14425286.84138658,13.8609375,0.0,100.0,51.5,82.1,13.3,4.1,0.0,5.1,50.0,50.5,43.8,18.6,30.9,0.0,0.0,0.0,49.5,51.0,0.0,0.0,0.0,0.0,0.0,0.0,0.0,0.0,1.0,1.0,5.1,16.0,29.5,2.0,1.0,1.0,86.7,1.0,0.0,1.0,0.0,0.0,100.0,0.0,7.1,0.0,0.0,2.0,0.0,0.0,35.4,52.0,0.0,15.5,2.0,0.0,1.0,1.0,1.0,1.0,0.0,0.0,0.0,0.0,0.0,0.0,35.4,38.0,97.0,97,97,0.0,0.0,0.0,17.8206787109375,17.8206787109375,17.8206787109375,478.652,478.652,478.652,97,0.0,17.8206787109375,478.652,5
11776944.458396584,81.77164840698242,136106025.5587077,207265.48737608737,2096550.0126937726,14450634.755461568,13.2609375,0.0,100.0,3.0,78.4,0.0,2.0,0.0,9.1,49.5,51.5,70.7,34.7,39.8,1.0,0.0,0.0,48.5,50.0,0.0,0.0,0.0,0.0,2.0,1.0,0.0,0.0,6.1,0.0,1.0,0.0,39.0,1.0,0.0,2.0,77.9,2.0,0.0,0.0,0.0,0.0,100.0,0.0,2.0,2.0,1.0,0.0,1.0,0.0,34.4,48.0,1.0,0.0,0.0,11.8,2.0,0.0,0.0,0.0,1.0,0.0,0.0,0.0,0.0,0.0,35.1,39.2,96.0,96,96,0.0,0.0,0.0,17.8206787109375,17.8206787109375,17.8206787109375,483.929,483.929,483.929,96,0.0,17.8206787109375,483.929,5
11776945.45251644,81.76646423339844,136985978.20845136,208560.364872489,2109556.4948974606,14540282.950181909,13.5484375,0.0,100.0,5.2,83.7,17.7,2.1,2.1,9.5,50.5,49.5,37.5,28.4,95.8,10.3,0.0,0.0,51.5,51.0,0.0,0.0,0.0,0.0,0.0,0.0,0.0,1.0,4.1,0.0,0.0,1.0,0.0,1.1,2.1,2.1,84.8,1.1,1.0,0.0,0.0,0.0,100.0,0.0,0.0,0.0,1.1,0.0,0.0,0.0,35.2,50.5,0.0,0.0,0.0,12.6,0.0,0.0,0.0,0.0,0.0,1.0,0.0,0.0,0.0,0.0,35.5,38.1,100.0,100,100,0.0,0.0,0.0,17.8206787109375,17.8206787109375,17.8206787109375,598.505,598.505,598.505,100,0.0,17.8206787109375,598.505,5
11776946.456034148,81.76754379272461,135735643.66620636,206607.21618207407,2089800.6917855681,14404114.533811074,13.43125,0.0,100.0,1.9,79.2,0.0,0.0,0.0,3.8,50.0,50.0,41.3,14.6,84.5,56.3,0.0,0.0,50.5,51.4,0.0,0.0,0.0,0.0,0.0,0.0,0.0,1.0,15.2,1.0,1.0,0.0,1.0,2.8,1.0,0.0,79.0,1.0,5.8,0.0,0.0,0.0,100.0,0.0,1.9,0.0,1.0,0.0,0.0,0.0,35.9,51.4,0.0,0.0,0.9,1.0,0.0,0.0,0.0,1.9,0.0,0.0,0.0,0.0,0.0,0.0,35.3,38.0,97.0,97,97,0.0,0.0,0.0,17.8206787109375,17.8206787109375,17.8206787109375,515.675,515.675,515.675,97,0.0,17.8206787109375,515.675,5
11776947.459537024,81.76791381835938,135770171.98190746,206610.269933665,2089831.5800202833,14404327.433381991,13.2609375,0.0,100.0,4.0,78.4,11.0,0.0,0.0,4.0,52.0,50.5,25.5,75.8,44.9,33.7,13.9,0.0,51.0,48.5,0.0,0.0,0.0,0.0,0.0,0.0,0.0,0.0,0.0,0.0,0.0,0.0,1.0,0.0,1.0,1.0,78.4,4.0,0.0,0.0,0.0,0.0,100.0,0.0,2.0,1.0,2.0,4.0,0.0,0.0,35.1,49.0,0.0,0.0,0.0,1.0,0.0,0.0,0.0,0.0,0.0,0.0,0.0,0.0,0.0,0.0,37.4,38.6,97.0,97,97,0.0,0.0,0.0,17.8206787109375,17.8206787109375,17.8206787109375,480.157,480.157,480.157,97,0.0,17.8206787109375,480.157,5
11776948.456263771,81.76920700073242,136725932.48634905,208014.88522182536,2104039.050868268,14502253.536160387,13.2828125,0.0,100.0,3.0,77.3,33.3,21.8,0.0,4.0,51.0,50.5,37.4,61.4,47.5,2.0,0.0,0.0,48.5,51.5,0.0,0.0,0.0,0.0,0.0,0.0,0.0,0.0,1.0,1.0,2.0,1.0,1.0,1.0,0.0,1.0,90.0,0.0,1.0,0.0,0.0,0.0,100.0,0.0,1.0,0.0,0.0,0.0,1.0,0.0,34.4,50.5,0.0,0.0,1.0,0.0,0.0,1.0,0.0,0.0,0.0,0.0,0.0,0.0,0.0,0.0,35.7,37.3,98.0,98,98,0.0,0.0,0.0,17.8206787109375,17.8206787109375,17.8206787109375,482.764,482.764,482.764,98,0.0,17.8206787109375,482.764,5
11776949.459650869,81.76559066772461,135850923.70727965,206642.08316439213,2090072.720396115,14405989.512261502,13.2859375,0.0,100.0,3.1,85.1,0.0,56.3,0.0,5.2,50.5,49.0,91.7,37.5,17.7,0.0,0.0,0.0,51.0,50.0,0.0,0.0,0.0,0.0,0.0,0.0,0.0,2.0,0.0,1.0,0.0,0.0,0.0,0.0,1.1,1.0,79.6,1.0,0.0,0.0,0.0,0.0,100.0,0.0,1.0,3.1,0.0,0.0,0.0,0.0,33.0,52.1,1.0,0.0,0.0,0.0,0.0,0.0,0.0,0.0,3.1,0.0,0.0,0.0,0.0,0.0,35.4,38.8,100.0,100,100,0.0,0.0,0.0,17.8206787109375,17.8206787109375,17.8206787109375,535.007,535.007,535.007,100,0.0,17.8206787109375,535.007,5
11776950.45799658,81.76791000366211,136575136.5822577,207689.5783356679,2100627.041687819,14478735.996320926,13.3109375,0.0,100.0,2.0,79.0,1.0,41.7,0.0,12.6,49.0,50.0,76.0,37.9,28.7,0.0,0.0,0.0,49.5,50.0,12.6,1.0,0.0,0.0,0.0,0.0,0.0,0.0,1.0,1.0,0.0,1.0,0.0,2.9,1.9,1.0,79.2,3.8,1.9,2.0,0.0,1.0,100.0,0.0,2.0,1.9,0.0,1.0,0.0,0.0,34.3,50.0,0.0,0.0,0.0,0.0,0.0,0.0,0.0,0.0,0.0,0.0,1.0,0.0,0.0,0.0,36.3,37.7,98.0,98,98,0.0,0.0,0.0,17.8206787109375,17.8206787109375,17.8206787109375,607.152,607.152,607.152,98,0.0,17.8206787109375,607.152,5
11776951.459124872,81.7657470703125,136228156.89973643,207112.31688956375,2094788.467535339,14438493.167836351,13.453125,0.0,100.0,3.0,77.9,1.0,1.0,0.0,4.0,49.5,49.0,42.0,79.6,24.2,0.0,0.0,0.0,48.0,50.5,33.0,27.0,0.0,0.0,0.0,0.0,0.0,0.0,17.2,0.0,1.0,2.0,1.0,0.0,0.0,0.0,85.6,1.0,0.0,0.0,0.0,0.0,100.0,0.0,0.0,0.0,2.9,0.0,0.0,0.0,33.3,49.5,0.0,0.0,0.0,1.0,0.0,0.0,0.0,0.0,0.0,1.0,0.0,0.0,0.0,0.0,37.0,38.8,98.0,98,98,0.0,0.0,0.0,17.8206787109375,17.8206787109375,17.8206787109375,477.272,477.272,477.272,98,0.0,17.8206787109375,477.272,5
11776952.459856404,81.77057266235352,136314806.42101285,207195.43000994762,2095618.9886336513,14444217.599390928,13.3375,0.0,100.0,26.0,80.0,20.6,0.0,0.0,7.7,50.5,50.5,51.5,27.5,22.8,0.0,0.0,0.0,53.8,52.0,36.6,19.6,1.0,1.0,0.0,0.0,0.0,1.0,0.0,1.0,0.0,0.0,0.0,0.0,1.0,1.0,78.6,0.0,0.0,0.0,0.0,0.0,100.0,0.0,2.9,2.9,0.0,0.0,0.0,0.0,37.0,51.0,1.0,0.0,1.0,0.0,0.0,0.0,0.0,0.0,0.0,0.0,0.0,0.0,0.0,0.0,35.6,38.5,98.0,98,98,0.0,0.0,0.0,17.8206787109375,17.8206787109375,17.8206787109375,479.478,479.478,479.478,98,0.0,17.8206787109375,479.478,5
11776953.4604049,81.765869140625,136372413.1619923,207234.3326229227,2096002.3493297624,14450953.697527464,13.303125,0.0,100.0,22.0,83.3,77.8,0.0,0.0,4.0,52.0,50.5,0.0,14.3,35.4,0.0,0.0,0.0,48.0,50.0,23.8,31.3,1.0,0.0,0.0,0.0,0.0,1.0,0.0,0.0,2.0,1.0,0.0,3.0,1.0,0.0,78.4,3.0,2.0,0.0,0.0,0.0,100.0,0.0,3.0,0.0,1.0,0.0,0.0,0.0,34.4,50.0,0.0,0.0,0.0,0.0,1.0,0.0,0.0,0.0,2.0,0.0,0.0,0.0,0.0,0.0,36.4,38.8,98.0,98,98,0.0,0.0,0.0,17.8206787109375,17.8206787109375,17.8206787109375,488.059,488.059,488.059,98,0.0,17.8206787109375,488.059,5
11776954.453321563,81.76842498779297,137453501.57714242,208834.2434811806,2112112.808396445,14562027.761014553,13.2546875,0.0,100.0,6.5,76.7,3.3,91.3,0.0,4.3,47.8,49.5,0.0,38.7,7.7,0.0,0.0,0.0,51.1,48.4,0.0,54.3,0.0,0.0,0.0,0.0,0.0,0.0,2.1,1.1,0.0,0.0,1.1,0.0,1.1,2.2,84.6,4.3,0.0,1.1,0.0,0.0,100.0,0.0,1.1,3.2,1.1,0.0,0.0,0.0,35.6,49.5,0.0,0.0,0.0,0.0,0.0,1.1,0.0,0.0,4.3,0.0,0.0,0.0,0.0,0.0,36.3,38.9,100.0,100,100,0.0,0.0,0.0,17.8206787109375,17.8206787109375,17.8206787109375,610.836,610.836,610.836,100,0.0,17.8206787109375,610.836,5
11776955.462674076,81.76601028442383,135252864.86932722,205435.66038590966,2077720.0964984603,14324906.13406165,13.234375,0.0,100.0,28.7,79.8,2.8,21.3,0.0,57.9,49.5,49.5,0.0,11.1,34.9,0.0,0.0,0.0,49.5,50.5,31.8,0.0,0.0,0.0,0.0,0.0,0.0,0.9,0.0,0.0,0.9,0.9,0.0,2.8,0.9,0.0,79.6,1.9,1.8,0.9,0.0,0.0,100.0,0.0,0.9,0.9,0.0,0.0,0.0,0.9,34.6,50.0,0.9,0.0,0.0,0.0,24.3,0.9,0.9,0.0,0.0,0.9,0.0,0.0,0.0,0.0,35.5,38.4,97.0,97,97,0.0,0.0,0.0,17.8206787109375,17.8206787109375,17.8206787109375,503.324,503.324,503.324,97,0.0,17.8206787109375,503.324,5
11776956.462576428,81.76497268676758,136563937.10100576,207378.2499281135,2097356.801248291,14460292.00860638,13.7484375,0.0,100.0,11.2,82.7,1.0,57.1,0.0,39.8,49.5,51.5,2.0,31.6,20.4,0.0,0.0,0.0,51.0,50.0,0.0,0.0,0.0,0.0,0.0,0.0,0.0,0.0,18.2,2.0,0.0,1.0,1.0,1.0,1.0,0.0,83.5,0.0,0.0,0.0,0.0,0.0,100.0,0.0,5.0,0.0,0.0,2.0,0.0,0.0,34.4,50.0,1.0,0.0,0.0,0.0,31.0,25.3,1.0,0.0,1.0,0.0,0.0,0.0,0.0,0.0,35.1,38.6,97.0,97,97,0.0,0.0,0.0,17.8206787109375,17.8206787109375,17.8206787109375,478.565,478.565,478.565,97,0.0,17.8206787109375,478.565,5
11776957.46134918,81.76769638061523,136751061.5296731,207612.7924798585,2099728.889045613,14476646.442052761,13.2390625,0.0,100.0,14.1,81.6,2.0,9.9,1.0,81.0,49.5,51.0,10.3,15.0,22.7,0.0,0.0,0.0,48.5,51.0,0.0,0.0,2.0,0.0,0.0,0.0,0.0,1.0,0.0,1.0,1.0,1.0,1.0,1.0,0.0,2.0,79.4,1.0,0.0,0.0,0.0,0.0,100.0,0.0,0.0,1.0,0.0,0.0,0.0,0.0,36.5,50.5,0.0,0.0,0.0,0.0,56.0,0.0,0.0,0.0,1.0,0.0,1.0,0.0,0.0,0.0,35.7,37.6,98.0,98,98,0.0,0.0,0.0,17.8206787109375,17.8206787109375,17.8206787109375,478.723,478.723,478.723,98,0.0,17.8206787109375,478.723,5
11776958.454232054,81.76432418823242,137595151.0458353,208851.4219136551,2112184.6848265887,14562523.315308318,13.209375,0.0,100.0,15.1,76.1,5.4,0.0,1.1,85.9,51.6,50.5,21.7,0.0,27.7,0.0,0.0,0.0,51.6,50.0,0.0,0.0,0.0,0.0,0.0,0.0,0.0,1.1,2.1,0.0,1.1,1.1,0.0,0.0,1.1,0.0,80.0,1.1,0.0,0.0,0.0,0.0,100.0,0.0,0.0,0.0,0.0,0.0,0.0,0.0,36.3,50.5,0.0,0.0,0.0,0.0,43.6,0.0,11.8,0.0,0.0,1.1,0.0,1.1,1.1,0.0,36.0,39.6,100.0,100,100,0.0,0.0,0.0,17.8206787109375,17.8206787109375,17.8206787109375,529.963,529.963,529.963,100,0.0,17.8206787109375,529.963,5
11776959.458159292,81.77824401855469,136113961.04100308,206553.81395381596,2088948.2026420708,14402318.66274709,13.2109375,0.0,100.0,25.7,79.0,5.7,0.9,0.0,74.1,50.5,49.1,9.3,1.8,35.5,0.0,0.0,0.0,49.5,51.9,0.0,0.0,0.0,0.0,0.0,0.0,0.0,0.0,0.9,11.2,0.0,0.0,0.0,1.8,0.0,0.9,77.9,0.9,0.9,0.9,0.0,0.0,100.0,0.0,0.9,1.8,0.0,0.0,0.9,0.0,35.0,49.1,0.0,0.0,0.0,0.0,11.1,0.9,44.9,0.0,0.9,0.0,0.0,0.0,0.0,0.0,34.9,36.7,97.0,97,97,0.0,0.0,0.0,17.8206787109375,17.8206787109375,17.8206787109375,585.057,585.057,585.057,97,0.0,17.8206787109375,585.057,5
11776960.461918335,81.76531982421875,136172011.5136688,206591.4139314392,2089298.2374770725,14404731.988855598,13.7140625,0.0,100.0,52.0,85.4,10.1,2.0,1.0,45.9,51.0,52.9,38.5,1.0,10.2,0.0,0.0,0.0,52.5,51.0,0.0,0.0,0.0,0.0,0.0,1.0,0.0,1.0,0.0,6.0,1.0,1.0,1.0,0.0,0.0,2.0,84.5,2.0,3.0,0.0,0.0,0.0,100.0,0.0,1.0,0.0,0.0,0.0,0.0,0.0,34.4,51.5,0.0,0.0,0.0,0.0,52.0,2.0,1.0,5.1,0.0,0.0,0.0,0.0,0.0,0.0,36.7,38.0,97.0,97,97,0.0,0.0,0.0,17.8206787109375,17.8206787109375,17.8206787109375,476.737,476.737,476.737,97,0.0,17.8206787109375,476.737,5
11776961.46207676,81.76768112182617,136697604.62450293,207336.15268282167,2096819.8104397708,14456589.708696077,13.515625,0.0,100.0,35.4,78.4,10.0,1.0,2.0,63.3,49.5,49.0,10.1,0.0,38.5,0.0,0.0,0.0,50.0,50.5,0.0,0.0,0.0,0.0,0.0,0.0,0.0,1.0,18.8,2.0,0.0,0.0,0.0,1.0,1.0,0.0,77.3,3.0,1.0,0.0,0.0,0.0,100.0,0.0,0.0,0.0,1.0,0.0,0.0,0.0,35.7,50.5,1.0,1.0,0.0,0.0,21.8,0.0,0.0,35.3,0.0,0.0,1.0,0.0,0.0,0.0,35.1,39.8,98.0,98,98,0.0,0.0,0.0,17.8206787109375,17.8206787109375,17.8206787109375,479.869,479.869,479.869,98,0.0,17.8206787109375,479.869,5
11776962.463017512,81.76603698730469,136623379.3803742,207186.08942027617,2095180.9558248394,14445290.574339224,13.6015625,0.0,100.0,89.7,77.3,8.1,4.0,1.0,11.0,50.5,50.0,27.6,7.0,23.5,0.0,0.0,0.0,51.5,51.5,0.0,1.0,0.0,0.0,0.0,0.0,0.0,0.0,2.0,0.0,1.0,0.0,1.0,3.0,0.0,1.0,85.6,1.0,0.0,0.0,0.0,0.0,100.0,0.0,1.0,0.0,0.0,0.0,0.0,0.0,35.1,50.0,2.0,1.0,0.0,0.0,27.3,0.0,1.0,28.6,1.0,0.0,1.0,0.0,0.0,0.0,35.4,38.8,98.0,98,98,0.0,0.0,0.0,17.8206787109375,17.8206787109375,17.8206787109375,481.364,481.364,481.364,98,0.0,17.8206787109375,481.364,5
11776963.454933168,81.79853439331055,137899361.8435392,209071.20347635643,2114244.2775029913,14576723.241378047,13.365625,0.0,100.0,9.6,84.6,1.1,0.0,1.1,97.8,52.1,51.1,0.0,16.3,29.8,0.0,0.0,0.0,49.5,51.1,0.0,0.0,0.0,0.0,0.0,0.0,0.0,0.0,1.1,2.1,0.0,1.1,1.1,1.1,1.1,0.0,77.2,0.0,1.1,0.0,0.0,0.0,100.0,0.0,1.1,1.1,0.0,0.0,0.0,0.0,35.9,52.1,1.1,0.0,0.0,0.0,12.9,0.0,0.0,43.6,3.2,1.1,0.0,0.0,0.0,0.0,35.2,38.1,100.0,100,100,0.0,0.0,0.0,17.8206787109375,17.8206787109375,17.8206787109375,626.123,626.123,626.123,100,0.0,17.8206787109375,626.123,5
11776964.459543005,81.76539993286133,136189366.32016933,206429.3942919392,2087528.8338764347,14392532.780437138,13.1,0.0,100.0,34.3,79.0,5.8,3.9,19.2,79.6,49.5,49.5,3.9,6.7,0.0,0.0,0.0,0.0,50.9,49.5,0.0,0.0,1.0,0.0,0.0,0.0,0.0,1.0,0.0,0.0,0.0,0.0,0.0,1.9,1.0,1.9,79.8,1.0,0.0,1.0,0.0,0.0,100.0,0.0,0.0,0.0,0.0,0.0,0.0,0.0,34.7,49.5,1.0,1.0,1.0,0.0,10.5,0.0,0.0,46.7,0.0,0.0,0.0,0.0,0.0,0.0,35.9,37.7,97.0,97,97,0.0,0.0,0.0,17.8206787109375,17.8206787109375,17.8206787109375,486.722,486.722,486.722,97,0.0,17.8206787109375,486.722,5
11776965.457273036,81.76875305175781,137161164.5078321,207852.81932974752,2101923.2994489307,14491775.87315376,13.2203125,0.0,100.0,76.5,77.3,7.9,35.7,19.2,14.1,50.5,48.5,3.0,0.0,0.0,0.0,0.0,0.0,49.0,51.0,0.0,0.0,0.0,0.0,0.0,0.0,0.0,1.0,2.0,1.0,1.0,2.0,2.0,1.0,0.0,0.0,82.7,0.0,0.0,1.0,0.0,0.0,100.0,0.0,0.0,0.0,0.0,0.0,0.0,0.0,35.4,51.5,1.0,0.0,0.0,0.0,20.2,0.0,0.0,36.0,0.0,0.0,0.0,0.0,0.0,0.0,37.4,38.2,98.0,98,98,0.0,0.0,0.0,17.8206787109375,17.8206787109375,17.8206787109375,478.361,478.361,478.361,98,0.0,17.8206787109375,478.361,5
11776966.45994499,81.7652702331543,136523159.49473116,206830.35894180858,2091563.4401832926,14420349.499701217,13.5984375,0.0,100.0,29.0,78.1,13.3,34.7,14.1,71.4,49.0,50.0,1.0,1.0,0.0,0.0,0.0,0.0,50.5,49.5,0.0,0.0,0.0,0.0,0.0,0.0,0.0,0.0,18.0,1.0,1.0,1.0,1.0,0.0,0.0,1.0,80.4,0.0,0.0,0.0,0.0,0.0,100.0,0.0,0.0,0.0,0.0,0.0,0.0,0.0,34.4,51.5,1.0,0.0,0.0,0.0,50.5,0.0,0.0,7.1,3.0,1.0,0.0,0.0,0.0,0.0,37.4,39.4,98.0,98,98,0.0,0.0,0.0,17.8206787109375,17.8206787109375,17.8206787109375,484.428,484.428,484.428,98,0.0,17.8206787109375,484.428,5
11776967.4569778,81.76735305786133,137328083.51577488,208008.19984997925,2103393.167166288,14501909.922064448,13.2375,0.0,100.0,9.6,84.9,4.3,33.0,16.0,16.7,51.0,52.1,73.2,1.1,1.0,0.0,0.0,0.0,50.0,51.0,0.0,0.0,1.0,0.0,0.0,0.0,0.0,1.0,2.1,0.0,1.0,1.0,1.0,1.0,1.0,1.0,76.1,1.0,0.0,0.0,0.0,0.0,100.0,0.0,0.0,0.0,0.0,0.0,0.0,0.0,34.4,50.5,0.0,0.0,1.0,0.0,1.1,0.0,0.0,54.2,0.0,2.0,0.0,0.0,0.0,0.0,35.1,37.8,100.0,100,100,0.0,0.0,0.0,17.8206787109375,17.8206787109375,17.8206787109375,548.608,548.608,548.608,100,0.0,17.8206787109375,548.608,5
11776968.462413868,81.76556777954102,136212810.84319922,206269.70378124464,2085813.3758178742,14380705.501244329,13.15625,0.0,100.0,2.8,79.8,6.5,43.3,1.9,0.0,50.0,49.5,97.2,2.8,0.0,0.0,0.0,0.0,50.9,49.5,0.0,0.0,0.0,0.0,0.0,0.0,0.0,0.9,0.0,0.9,0.0,0.0,0.9,0.9,0.0,0.0,86.7,1.9,0.0,0.9,0.0,0.0,100.0,0.0,0.0,0.0,0.0,0.0,0.0,0.0,36.2,50.0,0.0,0.0,0.0,0.0,20.8,0.0,0.0,34.3,0.9,0.0,0.0,0.0,0.0,0.0,34.9,37.6,97.0,97,97,0.0,0.0,0.0,17.8206787109375,17.8206787109375,17.8206787109375,574.947,574.947,574.947,97,0.0,17.8206787109375,574.947,5
11776969.46323573,81.80307006835938,136873441.8687064,207220.69311009397,2095429.8450618386,14447006.548961505,13.4953125,0.0,100.0,3.0,78.1,5.0,46.9,4.0,1.0,50.5,47.4,25.5,72.0,2.0,0.0,0.0,0.0,50.5,49.5,0.0,0.0,2.0,3.0,2.0,0.0,0.0,0.0,1.0,1.0,1.0,1.0,3.0,1.0,1.0,3.0,78.4,1.0,0.0,0.0,0.0,0.0,100.0,0.0,2.0,1.0,0.0,0.0,0.0,0.0,34.0,51.5,1.0,1.0,0.0,0.0,5.9,2.0,1.0,51.5,1.0,1.0,1.0,0.0,0.0,1.0,35.4,39.6,97.0,97,97,0.0,0.0,0.0,17.8206787109375,17.8206787109375,17.8206787109375,480.046,480.046,480.046,97,0.0,17.8206787109375,480.046,5
11776970.46131666,81.76704788208008,137282050.90094236,207790.76507729996,2101184.320337283,14486680.958575409,13.653125,0.0,100.0,4.0,78.1,1.0,48.9,5.1,2.0,48.0,50.0,58.6,39.8,0.0,2.0,0.0,0.0,52.0,48.5,2.0,1.0,0.0,1.0,1.0,0.0,0.0,1.0,0.0,1.0,1.0,2.0,1.0,1.0,1.0,3.0,78.9,6.1,1.0,0.0,0.0,0.0,100.0,0.0,1.0,0.0,0.0,0.0,0.0,0.0,36.1,50.5,3.0,1.0,1.0,1.0,6.1,0.0,0.0,52.5,3.0,0.0,2.0,0.0,0.0,0.0,37.4,39.2,97.0,97,97,0.0,0.0,0.0,17.8206787109375,17.8206787109375,17.8206787109375,489.507,489.507,489.507,97,0.0,17.8206787109375,489.507,5
11776971.464393916,81.77153015136719,136633546.6585962,206764.7320781977,2090718.3254046822,14418606.263679557,13.709375,0.0,100.0,3.0,84.8,3.0,34.3,26.7,0.0,49.5,51.0,15.2,80.6,0.0,0.0,0.0,0.0,50.5,50.5,0.0,0.0,0.0,0.0,0.0,0.0,0.0,0.0,18.8,0.0,1.0,1.0,2.0,0.0,0.0,0.0,84.7,1.0,2.9,0.0,0.0,0.0,100.0,0.0,1.0,0.0,0.0,0.0,0.0,0.0,34.0,50.0,1.0,0.0,0.0,0.0,43.0,1.0,0.0,14.0,0.0,0.0,0.0,0.0,0.0,0.0,34.7,38.2,95.0,95,95,0.0,0.0,0.0,17.8206787109375,17.8206787109375,17.8206787109375,500.819,500.819,500.819,95,0.0,17.8206787109375,500.819,5
11776972.45644658,81.76575469970703,138187617.2901802,209063.4976562662,2113952.2870407905,14578838.917072326,13.2734375,0.0,100.0,2.2,76.4,5.4,3.3,5.5,41.5,49.5,51.1,100.0,0.0,0.0,0.0,0.0,0.0,53.7,52.2,0.0,0.0,1.1,0.0,0.0,0.0,0.0,1.1,0.0,1.1,0.0,1.1,1.1,1.1,1.1,2.1,75.8,1.1,0.0,0.0,0.0,0.0,100.0,0.0,2.2,0.0,0.0,0.0,0.0,0.0,37.0,49.5,6.5,0.0,0.0,1.1,14.3,0.0,0.0,33.3,2.2,1.1,0.0,0.0,0.0,0.0,35.9,38.9,100.0,100,100,0.0,0.0,0.0,17.8206787109375,17.8206787109375,17.8206787109375,652.717,652.717,652.717,100,0.0,17.8206787109375,652.717,5
11776973.46276806,81.76456069946289,136260724.7397581,206100.14235342736,2083978.176481415,14372122.93194507,13.184375,0.0,91.6,18.9,79.6,74.5,3.7,7.5,16.3,49.5,50.0,11.2,24.5,0.0,0.0,0.0,0.0,48.1,49.1,0.0,1.0,0.0,0.0,0.0,0.0,0.0,0.9,0.9,0.0,1.9,1.0,0.9,0.0,0.9,0.0,87.5,0.9,0.0,0.0,0.0,0.0,91.6,0.0,9.4,1.9,0.0,0.0,0.0,0.0,33.0,50.0,34.0,0.0,0.0,0.0,1.9,0.0,0.0,21.9,0.0,0.0,0.0,0.0,0.0,0.0,34.6,36.7,98.0,98,98,0.0,0.0,0.0,17.8206787109375,17.8206787109375,17.8206787109375,479.861,479.861,479.861,98,0.0,17.8206787109375,479.861,5
11776974.463740803,81.92410659790039,137021467.1793186,207201.44602054567,2095113.9902743904,14448920.897771236,15.4234375,0.0,100.0,31.3,85.7,68.0,0.0,2.0,5.0,50.0,50.5,26.3,26.3,2.0,0.0,0.0,0.0,51.0,49.5,0.0,0.0,0.0,0.0,0.0,0.0,0.0,0.0,1.0,0.0,0.0,2.9,0.0,2.0,1.0,2.0,78.1,0.0,1.0,0.0,0.0,0.0,22.0,22.0,100.0,22.2,22.0,21.8,21.8,0.0,35.4,51.5,45.5,0.0,0.0,0.0,0.0,0.0,0.0,9.9,2.9,1.0,0.0,0.0,0.0,0.0,35.6,37.9,97.0,97,97,0.0,0.0,0.0,17.8206787109375,17.8206787109375,17.8206787109375,479.514,479.514,479.514,97,0.0,17.8206787109375,479.514,5
11776975.462156514,81.86434936523438,137405103.47580323,207732.10781706267,2100479.7682423526,14485925.901687006,13.0234375,0.0,100.0,87.9,77.1,11.3,0.0,0.0,4.1,50.5,50.0,19.6,31.2,1.0,0.0,0.0,0.0,49.5,50.5,0.0,0.0,1.0,0.0,0.0,0.0,0.0,0.0,0.0,1.0,0.0,1.0,0.0,2.0,1.0,1.0,77.1,0.0,0.0,0.0,0.0,0.0,0.0,0.0,100.0,1.0,2.0,0.0,0.0,0.0,33.0,50.0,4.0,1.0,0.0,0.0,0.0,0.0,0.0,52.0,0.0,0.0,0.0,1.0,0.0,0.0,34.7,38.0,97.0,97,97,0.0,0.0,0.0,17.8206787109375,17.8206787109375,17.8206787109375,485.805,485.805,485.805,97,0.0,17.8206787109375,485.805,5
11776976.456609331,81.86687088012695,137988258.0689211,208567.96459128815,2108850.177081009,14543652.29545516,13.4515625,0.0,100.0,39.8,78.9,22.8,1.1,38.3,10.6,50.5,49.5,34.4,16.1,3.2,1.1,0.0,0.0,50.5,50.5,0.0,0.0,0.0,0.0,0.0,0.0,0.0,2.1,1.1,0.0,1.1,1.1,2.1,0.0,0.0,0.0,84.6,1.1,0.0,0.0,0.0,0.0,0.0,0.0,100.0,1.1,0.0,0.0,0.0,0.0,33.7,50.5,46.8,0.0,0.0,1.1,0.0,0.0,0.0,11.7,0.0,0.0,0.0,0.0,0.0,0.0,37.0,38.5,100.0,100,100,0.0,0.0,0.0,17.8206787109375,17.8206787109375,17.8206787109375,553.525,553.525,553.525,100,0.0,17.8206787109375,553.525,5
11776977.46346516,81.86483001708984,136323607.69954336,206000.69452879456,2082872.185120752,14364495.479807373,13.3984375,0.0,100.0,1.9,77.9,17.1,0.9,81.3,8.3,50.0,50.9,34.9,9.4,0.0,1.9,0.0,0.0,50.9,49.5,0.0,0.0,0.0,0.0,0.0,0.0,0.0,0.0,15.9,0.0,0.0,3.7,0.9,0.0,2.8,0.9,79.0,0.0,0.0,0.0,0.0,0.0,0.0,0.0,100.0,1.8,0.9,0.0,0.0,0.0,35.2,50.9,56.0,0.9,0.9,0.0,0.0,0.0,0.0,0.0,0.0,0.0,0.0,0.0,0.0,0.0,34.6,38.2,98.0,98,98,0.0,0.0,0.0,17.8206787109375,17.8206787109375,17.8206787109375,550.702,550.702,550.702,98,0.0,17.8206787109375,550.702,5
11776978.46142922,81.86857604980469,137570965.24004775,207836.14192851094,2101430.386319375,14492481.824401787,13.34375,0.0,100.0,2.0,84.5,67.0,0.0,31.3,4.0,49.5,49.0,10.1,39.8,0.0,0.0,0.0,0.0,49.0,49.0,0.0,0.0,0.0,0.0,0.0,0.0,0.0,0.0,0.0,2.0,3.0,1.0,1.0,0.0,1.0,0.0,77.6,10.1,10.0,0.0,0.0,0.0,0.0,0.0,100.0,0.0,0.0,0.0,0.0,0.0,35.4,52.4,38.0,1.0,8.1,1.0,0.0,0.0,0.0,0.0,1.0,1.0,1.0,0.0,0.0,0.0,35.4,38.8,98.0,98,98,0.0,0.0,0.0,17.8206787109375,17.8206787109375,17.8206787109375,481.35,481.35,481.35,98,0.0,17.8206787109375,481.35,5
11776979.462437363,81.86848831176758,137185236.57507816,207204.10849407752,2095039.8988326269,14448409.927300792,13.4390625,0.0,100.0,4.0,78.1,8.2,0.0,87.5,5.0,50.0,49.5,37.1,15.2,0.0,0.0,0.0,0.0,50.0,52.0,0.0,0.0,0.0,0.0,0.0,0.0,0.0,2.0,1.0,0.0,0.0,2.0,1.0,0.0,3.0,2.0,86.3,18.0,43.0,1.0,0.0,0.0,0.0,0.0,100.0,0.0,1.0,0.0,0.0,0.0,35.4,50.5,0.0,0.0,1.0,0.0,0.0,0.0,2.0,0.0,1.0,0.0,0.0,0.0,0.0,0.0,35.7,37.6,97.0,97,97,0.0,0.0,0.0,17.8206787109375,17.8206787109375,17.8206787109375,480.508,480.508,480.508,97,0.0,17.8206787109375,480.508,5
11776980.464248808,81.87113571166992,137107842.7168422,207045.94770308468,2093359.9940093793,14436824.489935778,13.496875,0.0,100.0,3.1,78.1,69.4,1.0,28.0,4.0,50.0,50.0,34.7,33.3,2.0,0.0,0.0,0.0,50.0,49.0,0.0,0.0,0.0,0.0,0.0,0.0,0.0,0.0,1.0,3.0,35.0,0.0,1.0,1.0,1.0,0.0,77.3,15.2,9.0,0.0,0.0,0.0,0.0,0.0,100.0,2.0,0.0,0.0,1.0,0.0,36.1,50.0,0.0,0.0,0.0,1.0,1.0,0.0,0.0,0.0,2.0,1.0,0.0,0.0,0.0,0.0,35.4,38.2,96.0,96,96,0.0,0.0,0.0,17.8206787109375,17.8206787109375,17.8206787109375,496.405,496.405,496.405,96,0.0,17.8206787109375,496.405,5
11776981.457360974,81.86408233642578,138341737.99842447,208860.5972312996,2111697.01962576,14563285.500583122,13.203125,0.0,100.0,2.1,84.2,100.0,2.1,1.0,4.2,50.5,48.5,35.1,3.1,6.4,0.0,0.0,0.0,49.0,49.0,0.0,0.0,0.0,0.0,0.0,0.0,0.0,0.0,1.1,0.0,4.2,1.0,2.1,52.1,1.1,1.1,80.9,0.0,0.0,1.0,0.0,0.0,0.0,0.0,100.0,2.1,0.0,0.0,0.0,0.0,35.9,50.0,0.0,0.0,0.0,1.0,0.0,0.0,1.0,0.0,1.0,0.0,0.0,0.0,0.0,0.0,35.8,38.4,98.0,98,98,0.0,0.0,0.0,17.8206787109375,17.8206787109375,17.8206787109375,644.395,644.395,644.395,98,0.0,17.8206787109375,644.395,5
11776982.46230972,81.86780166625977,136750261.6332666,206402.56604166885,2086824.8330926888,14391754.854785712,13.5765625,0.0,100.0,5.6,78.8,18.6,0.0,7.8,70.3,49.5,50.5,14.3,15.8,31.4,0.0,0.0,0.0,50.0,51.0,0.0,0.0,0.0,0.0,0.0,0.0,0.0,1.0,16.5,1.9,1.9,1.0,1.0,16.2,1.9,1.9,80.2,2.9,0.0,1.0,0.0,0.0,0.0,0.0,100.0,0.0,0.0,0.0,0.0,0.0,34.0,49.5,0.0,0.0,0.0,0.0,0.0,0.0,0.0,0.0,41.0,0.0,1.0,0.0,0.0,0.0,35.3,37.1,98.0,98,98,0.0,0.0,0.0,17.8206787109375,17.8206787109375,17.8206787109375,477.433,477.433,477.433,98,0.0,17.8206787109375,477.433,5
11776983.463423995,81.86527633666992,137306666.572026,207194.12869874682,2094817.7962580898,14446878.20036585,13.315625,0.0,100.0,2.0,78.1,70.7,0.0,1.0,26.7,50.5,50.5,6.1,3.0,49.5,0.0,0.0,0.0,51.5,52.0,0.0,0.0,1.0,0.0,0.0,0.0,0.0,1.0,2.0,1.0,2.0,1.0,1.0,0.0,1.0,3.0,79.6,1.0,2.0,0.0,0.0,0.0,0.0,0.0,100.0,0.0,0.0,0.0,0.0,0.0,35.7,51.0,0.0,0.0,0.0,1.0,0.0,0.0,1.0,0.0,54.0,0.0,0.0,0.0,0.0,0.0,34.7,37.6,97.0,97,97,0.0,0.0,0.0,17.8206787109375,17.8206787109375,17.8206787109375,477.776,477.776,477.776,97,0.0,17.8206787109375,477.776,5
11776984.464167697,81.86817932128906,137390146.66572207,207270.8522414488,2095593.5028075632,14452227.848463878,13.1296875,0.0,100.0,4.0,80.6,22.2,1.0,0.0,74.5,50.0,48.0,4.0,40.2,9.1,0.0,0.0,0.0,51.0,50.0,0.0,0.0,0.0,0.0,0.0,0.0,0.0,0.0,1.0,1.0,2.0,0.0,1.0,0.0,1.0,1.0,78.1,1.0,0.0,0.0,0.0,0.0,0.0,0.0,100.0,0.0,0.0,0.0,0.0,0.0,34.4,50.5,0.0,0.0,0.0,0.0,4.0,1.0,0.0,0.0,14.0,43.0,0.0,0.0,0.0,0.0,35.1,37.6,98.0,98,98,0.0,0.0,0.0,17.8206787109375,17.8206787109375,17.8206787109375,482.695,482.695,482.695,98,0.0,17.8206787109375,482.695,5
11776985.457205104,81.86506271362305,138489447.74877542,208950.83978920392,2111855.99513055,14580880.747629872,13.0515625,0.0,100.0,2.2,81.3,2.1,1.1,0.0,63.4,52.6,53.2,6.3,11.8,37.2,0.0,0.0,0.0,52.6,52.2,1.1,0.0,0.0,0.0,0.0,0.0,0.0,1.1,1.1,0.0,1.1,1.1,0.0,0.0,0.0,1.1,84.8,1.1,0.0,0.0,0.0,0.0,0.0,0.0,100.0,1.1,0.0,0.0,0.0,0.0,37.8,51.1,0.0,0.0,0.0,0.0,0.0,2.1,0.0,0.0,3.2,53.8,0.0,0.0,0.0,0.0,39.8,37.9,0.0,0,0,0.0,0.0,0.0,6.4554443359375,6.4554443359375,6.4554443359375,302.864,302.864,302.864,0,0.0,6.4554443359375,302.864,5
11776986.456565645,81.91025161743164,137646862.54135016,207637.775869072,2098493.901059618,14492723.50419299,17.2421875,0.0,100.0,40.6,79.2,37.4,37.4,36.4,73.0,52.5,52.5,39.8,40.6,77.6,2.0,0.0,0.0,53.1,52.5,0.0,0.0,0.0,0.0,0.0,0.0,0.0,0.0,0.0,2.0,2.0,0.0,1.0,2.0,2.0,1.0,77.3,0.0,1.0,6.0,0.0,0.0,0.0,0.0,100.0,1.0,0.0,0.0,0.0,0.0,38.8,54.0,0.0,0.0,0.0,0.0,0.0,8.9,1.0,0.0,15.0,35.6,2.0,0.0,0.0,0.0,40.4,37.9,0.0,0,0,0.0,0.0,0.0,11.7445068359375,11.7445068359375,11.7445068359375,143.624,143.624,143.624,0,0.0,11.7445068359375,143.624,5
11776987.45764892,81.86754608154297,137445396.79610613,207292.44521355096,2094882.6653454362,14467783.407541918,14.0625,0.0,100.0,77.3,85.4,6.1,3.0,2.0,17.2,51.5,52.6,11.0,34.0,12.1,0.0,1.0,0.0,52.5,52.9,0.0,0.0,0.0,0.0,0.0,0.0,0.0,1.0,4.0,17.2,1.0,1.0,0.0,0.0,1.0,1.0,85.7,2.0,1.0,1.0,0.0,0.0,0.0,0.0,100.0,0.0,0.0,0.0,0.0,0.0,38.5,51.5,0.0,0.0,0.0,0.0,1.0,55.1,0.0,0.0,1.0,0.0,0.0,0.0,0.0,0.0,40.8,37.6,100.0,100,100,0.0,0.0,0.0,28.8870849609375,28.8870849609375,28.8870849609375,480.22,480.22,480.22,100,0.0,28.8870849609375,480.22,5
11776988.45765778,81.86841583251953,137628457.5288798,207516.161281684,2097133.4181333967,14483327.66898377,13.1953125,0.0,100.0,100.0,77.3,3.1,1.0,1.0,0.0,51.0,49.5,5.1,46.0,0.0,0.0,0.0,0.0,50.0,52.0,0.0,0.0,1.0,0.0,0.0,1.0,0.0,0.0,1.0,1.0,0.0,0.0,1.0,0.0,2.0,1.0,77.3,1.0,1.0,0.0,1.0,0.0,0.0,0.0,100.0,0.0,0.0,0.0,0.0,0.0,35.7,52.0,0.0,0.0,0.0,0.0,0.0,36.6,21.0,0.0,0.0,0.0,0.0,0.0,0.0,0.0,36.7,38.2,100.0,100,100,0.0,0.0,0.0,28.8870849609375,28.8870849609375,28.8870849609375,660.959,660.959,660.959,100,0.0,28.8870849609375,660.959,5
11776989.462271137,81.86843872070312,137030149.04861122,206565.04178775856,2087521.5186888915,14416945.488445157,13.08125,0.0,100.0,85.4,79.2,2.9,3.8,1.0,14.4,49.1,50.9,12.5,6.7,28.2,0.0,0.0,0.0,51.0,49.5,0.0,0.0,0.0,1.0,1.9,0.0,0.0,1.0,0.0,0.0,1.9,1.0,1.0,0.0,1.9,1.0,79.2,0.0,0.0,0.0,0.0,0.0,0.0,0.0,100.0,0.0,0.0,0.0,0.0,0.0,35.6,50.0,0.0,0.0,0.0,0.0,0.0,13.5,41.9,0.0,0.0,0.0,0.0,0.0,0.0,0.0,34.3,37.4,99.0,99,99,0.0,0.0,0.0,28.8890380859375,28.8890380859375,28.8890380859375,565.09,565.09,565.09,99,0.0,28.8890380859375,565.09,5
11776990.460996429,81.85233306884766,137870698.9737293,207783.8638903887,2099828.669786653,14501941.750714071,13.41875,0.0,100.0,66.3,78.6,3.0,1.0,0.0,31.0,50.5,51.9,21.0,1.0,31.0,0.0,0.0,0.0,50.5,50.0,0.0,0.0,0.0,0.0,0.0,0.0,0.0,0.0,2.9,2.0,4.0,1.0,0.0,2.0,1.0,0.0,85.9,0.0,0.0,0.0,1.0,0.0,0.0,0.0,100.0,2.0,0.0,0.0,0.0,0.0,35.1,51.5,0.0,0.0,0.0,0.0,0.0,0.0,55.4,0.0,2.0,1.0,1.0,0.0,0.0,0.0,36.4,38.8,99.0,99,99,0.0,0.0,0.0,28.8909912109375,28.8909912109375,28.8909912109375,580.906,580.906,580.906,99,0.0,28.8909912109375,580.906,5
11776991.457708947,81.86837387084961,138181860.26005754,208205.4715618519,2104069.0874508163,14531227.1352072,13.671875,0.0,100.0,39.8,84.5,18.2,1.0,1.0,60.4,50.5,47.4,22.4,5.1,26.3,0.0,0.0,0.0,50.5,50.0,0.0,0.0,0.0,0.0,0.0,0.0,0.0,0.0,0.0,1.0,0.0,1.0,1.0,0.0,2.0,1.0,77.1,2.0,2.0,0.0,0.0,0.0,6.0,5.1,100.0,6.0,5.1,5.1,5.1,0.0,35.1,50.5,0.0,0.0,0.0,0.0,0.0,1.0,37.4,0.0,0.0,1.0,0.0,0.0,0.0,0.0,35.4,38.0,99.0,99,99,0.0,0.0,0.0,28.8909912109375,28.8909912109375,28.8909912109375,580.695,580.695,580.695,99,0.0,28.8909912109375,580.695,5
11776992.458661202,81.92729568481445,137631902.3354837,207323.5750929799,2095156.876428858,14469677.1778368,15.24375,0.0,100.0,19.6,78.7,56.6,3.1,3.1,2.1,51.5,49.0,93.7,9.2,33.3,0.0,0.0,0.0,51.0,49.5,0.0,0.0,0.0,1.0,0.0,1.0,0.0,2.0,1.0,18.4,2.1,2.0,0.0,1.0,1.0,2.0,81.1,1.0,1.0,0.0,0.0,0.0,16.5,17.5,100.0,16.7,17.3,16.5,17.3,0.0,34.0,50.0,0.0,0.0,0.0,0.0,0.0,0.0,0.0,0.0,0.0,0.0,0.0,0.0,0.0,0.0,35.8,39.0,98.0,98,98,0.0,0.0,0.0,28.8909912109375,28.8909912109375,28.8909912109375,581.686,581.686,581.686,98,0.0,28.8909912109375,581.686,5
11776993.46532378,81.93329620361328,136883601.4120783,206149.5129161471,2083272.0388155708,14387597.518070035,13.2328125,0.0,100.0,2.9,78.6,61.6,29.8,9.0,1.0,50.5,51.0,73.7,11.9,18.4,0.0,0.0,0.0,50.5,53.4,0.0,0.0,0.0,0.0,0.0,0.0,0.0,0.0,0.0,1.0,0.0,1.0,0.0,0.0,1.0,1.0,81.8,1.0,0.0,2.0,0.0,0.0,0.0,0.0,100.0,1.0,0.0,0.0,0.0,0.0,36.0,52.0,0.0,0.0,0.0,0.0,0.0,0.0,0.0,0.0,2.0,0.0,0.0,0.0,0.0,0.0,36.0,38.8,99.0,99,99,0.0,0.0,0.0,28.8909912109375,28.8909912109375,28.8909912109375,582.476,582.476,582.476,99,0.0,28.8909912109375,582.476,5
11776994.456723137,81.92884826660156,139026695.96621728,209334.41051247093,2115345.32980162,14609103.683942439,13.221875,0.0,100.0,2.1,78.5,38.5,62.1,56.3,1.0,50.0,49.0,8.3,4.2,42.1,0.0,0.0,0.0,51.5,49.5,0.0,0.0,0.0,0.0,2.0,0.0,0.0,0.0,1.0,1.0,1.1,1.1,7.3,0.0,0.0,1.0,78.0,1.1,0.0,1.1,0.0,0.0,0.0,0.0,100.0,1.0,0.0,0.0,0.0,0.0,35.1,48.9,0.0,1.0,0.0,0.0,0.0,0.0,0.0,0.0,1.0,0.0,0.0,0.0,0.0,0.0,34.0,37.4,100.0,100,100,0.0,0.0,0.0,28.8909912109375,28.8909912109375,28.8909912109375,627.199,627.199,627.199,100,0.0,28.8909912109375,627.199,5
11776995.457534797,81.93329238891602,137751805.27849555,207365.6894271826,2095451.2046873998,14471709.882372355,13.3390625,0.0,100.0,3.0,83.7,0.0,100.0,33.7,23.0,50.5,50.5,1.0,5.0,41.0,0.0,0.0,0.0,50.0,50.5,0.0,0.0,0.0,0.0,0.0,0.0,0.0,2.0,1.0,1.0,1.0,2.0,0.0,1.0,1.0,2.9,78.6,4.0,4.0,1.0,0.0,0.0,0.0,0.0,100.0,0.0,0.0,1.0,0.0,0.0,36.4,48.5,0.0,1.0,0.0,0.0,0.0,0.0,0.0,0.0,0.0,0.0,0.0,0.0,0.0,0.0,37.4,38.0,100.0,100,100,0.0,0.0,0.0,28.8909912109375,28.8909912109375,28.8909912109375,683.731,683.731,683.731,100,0.0,28.8909912109375,683.731,5
11776996.458892543,81.9290657043457,137709279.86159366,207252.60373494972,2094308.462362588,14463817.818191621,13.1890625,0.0,100.0,3.8,78.4,26.7,73.3,40.0,15.4,50.5,51.4,14.6,7.7,24.5,0.0,0.0,0.0,50.0,48.6,0.0,0.0,0.0,0.0,0.0,0.0,0.0,0.0,1.0,1.0,1.0,1.9,0.0,1.0,0.0,1.0,85.4,1.0,0.0,0.0,0.0,0.0,0.0,0.0,100.0,1.9,0.0,0.0,0.0,0.0,35.6,51.9,0.0,0.0,0.0,0.0,0.0,0.0,0.0,1.9,2.9,0.0,0.0,0.0,0.0,0.0,34.7,37.0,99.0,99,99,0.0,0.0,0.0,28.8909912109375,28.8909912109375,28.8909912109375,612.975,612.975,612.975,99,0.0,28.8909912109375,612.975,5
11776997.466951044,81.93306732177734,136826275.2681679,205874.95637428795,2080387.1968460626,14367674.07821812,13.459375,0.0,100.0,3.1,78.1,10.1,88.9,55.9,4.0,49.0,50.5,23.5,23.5,4.0,0.0,0.0,0.0,49.5,50.0,0.0,0.0,0.0,0.0,1.0,1.0,0.0,1.0,0.0,16.3,1.0,1.0,2.0,0.0,1.0,0.0,78.1,3.0,2.0,1.0,1.0,0.0,0.0,0.0,100.0,1.0,1.0,0.0,0.0,0.0,36.1,49.5,0.0,0.0,1.0,0.0,0.0,0.0,1.0,0.0,0.0,0.0,0.0,0.0,0.0,0.0,35.7,36.6,98.0,98,98,0.0,0.0,0.0,28.8909912109375,28.8909912109375,28.8909912109375,587.864,587.864,587.864,98,0.0,28.8909912109375,587.864,5
11776998.460152268,81.9310417175293,138908671.92635822,208955.64257996838,2111507.667371122,14582599.827781811,13.4625,0.0,100.0,2.0,85.6,16.0,82.0,56.0,0.0,51.9,50.0,33.0,15.0,8.9,0.0,0.0,0.0,50.0,51.0,1.0,0.0,0.0,0.0,0.0,0.0,0.0,0.0,1.0,2.0,1.0,1.0,1.0,1.0,1.0,2.0,81.3,3.0,2.0,1.0,1.0,0.0,0.0,0.0,100.0,0.0,0.0,0.0,0.0,0.0,32.3,52.0,0.0,0.0,0.0,0.0,0.0,0.0,0.0,0.0,2.0,1.0,0.0,0.0,0.0,0.0,35.4,38.2,99.0,99,99,0.0,0.0,0.0,28.8909912109375,28.8909912109375,28.8909912109375,585.778,585.778,585.778,99,0.0,28.8909912109375,585.778,5
11776999.462256871,81.93168258666992,137707080.2995403,207099.13858256408,2092747.597642332,14453038.096217357,13.19375,0.0,100.0,2.0,77.3,1.0,96.9,13.9,42.0,51.0,50.0,11.0,36.7,3.0,0.0,0.0,0.0,51.0,50.5,0.0,0.0,0.0,0.0,0.0,0.0,0.0,1.0,0.0,0.0,1.0,2.0,0.0,0.0,1.0,0.0,82.5,1.0,2.0,2.0,0.0,0.0,0.0,0.0,100.0,0.0,0.0,0.0,0.0,0.0,35.4,51.0,0.0,0.0,0.0,1.0,0.0,0.0,0.0,0.0,1.0,1.0,0.0,0.0,0.0,0.0,37.4,38.8,99.0,99,99,0.0,0.0,0.0,28.8909912109375,28.8909912109375,28.8909912109375,585.845,585.845,585.845,99,0.0,28.8909912109375,585.845,5
11777000.45856482,81.92844772338867,138541035.62394735,208305.07303564803,2104923.4856933514,14537127.823069708,13.145312500000001,0.0,100.0,4.0,77.9,39.8,59.2,0.0,19.4,48.5,50.0,7.1,39.2,5.1,0.0,0.0,0.0,49.5,50.0,0.0,0.0,0.0,0.0,0.0,1.0,0.0,1.0,1.0,1.0,0.0,9.3,0.0,1.0,25.3,1.0,77.9,3.0,3.0,3.0,0.0,0.0,0.0,0.0,100.0,0.0,0.0,0.0,0.0,0.0,36.7,49.0,0.0,0.0,0.0,0.0,0.0,0.0,0.0,0.0,4.0,1.0,0.0,0.0,0.0,0.0,35.4,38.0,99.0,99,99,0.0,0.0,0.0,28.8909912109375,28.8909912109375,28.8909912109375,587.357,587.357,587.357,99,0.0,28.8909912109375,587.357,5
11777001.468957864,81.93003845214844,136644759.9996864,205411.1528544012,2075580.401602118,14334477.14856463,13.140625,0.0,100.0,3.1,78.9,5.1,94.9,1.0,1.0,50.5,50.0,0.0,42.4,12.4,0.0,0.0,0.0,50.0,50.0,0.0,0.0,0.0,0.0,0.0,0.0,1.0,0.0,0.0,0.0,0.0,2.0,1.0,0.0,55.2,0.0,78.7,0.0,1.0,2.0,0.0,0.0,0.0,0.0,100.0,1.0,0.0,0.0,0.0,0.0,33.3,51.0,0.0,0.0,0.0,0.0,0.0,0.0,0.0,0.0,0.0,1.0,0.0,0.0,0.0,0.0,36.1,38.4,100.0,100,100,0.0,0.0,0.0,28.8909912109375,28.8909912109375,28.8909912109375,608.327,608.327,608.327,100,0.0,28.8909912109375,608.327,5
11777002.458758837,81.93001937866211,139520539.7711509,209684.5787082394,2118761.3040344873,14632695.255988177,13.6046875,0.0,100.0,2.0,84.2,6.1,100.0,1.0,1.0,49.5,51.0,1.0,29.6,16.3,2.0,0.0,0.0,50.5,49.5,0.0,0.0,0.0,0.0,0.0,0.0,0.0,1.0,2.0,15.0,0.0,1.0,0.0,1.0,1.0,11.0,83.8,1.0,1.0,0.0,0.0,0.0,0.0,0.0,100.0,41.4,7.0,0.0,0.0,0.0,36.7,50.5,0.0,0.0,0.0,0.0,0.0,0.0,0.0,0.0,0.0,1.0,0.0,0.0,0.0,0.0,34.4,38.2,100.0,100,100,0.0,0.0,0.0,28.8909912109375,28.8909912109375,28.8909912109375,686.84,686.84,686.84,100,0.0,28.8909912109375,686.84,5
11777003.468519308,81.93404006958008,136797762.39891335,205541.81506228543,2076880.666359117,14343457.102042653,13.5984375,0.0,100.0,2.9,78.8,21.9,81.9,0.9,3.8,49.5,48.5,2.8,40.0,13.2,0.0,1.9,0.0,51.5,52.4,0.0,0.0,0.0,0.0,0.0,0.0,0.0,0.9,1.0,5.7,0.0,0.0,0.9,0.9,0.9,1.9,79.2,3.8,39.4,15.2,3.8,0.9,0.0,0.0,100.0,0.9,2.8,0.0,0.0,0.0,32.7,50.0,0.0,0.9,0.9,0.0,0.0,0.0,1.9,0.9,0.9,0.9,0.0,0.0,0.0,0.0,35.6,37.4,98.0,98,98,0.0,0.0,0.0,28.8909912109375,28.8909912109375,28.8909912109375,615.865,615.865,615.865,98,0.0,28.8909912109375,615.865,5
11777004.46677311,81.93356704711914,138407316.60191804,207911.0539002709,2100820.4488073164,14508791.224575529,13.3171875,0.0,100.0,4.1,77.7,63.9,34.4,0.0,0.0,50.0,51.5,0.0,14.4,38.1,0.0,0.0,0.0,51.5,50.0,0.0,0.0,0.0,0.0,0.0,0.0,0.0,0.0,1.0,1.0,0.0,2.0,2.0,2.0,1.0,0.0,84.5,0.0,0.0,55.2,1.0,1.0,1.0,0.0,100.0,0.0,1.0,0.0,0.0,0.0,33.3,50.0,1.0,0.0,0.0,0.0,0.0,0.0,1.0,1.0,1.0,0.0,0.0,0.0,0.0,0.0,36.5,40.2,98.0,98,98,0.0,0.0,0.0,28.8909912109375,28.8909912109375,28.8909912109375,583.467,583.467,583.467,98,0.0,28.8909912109375,583.467,5
11777005.463156668,81.9352035522461,138699889.9745181,208301.3094042718,2104763.7540221415,14536024.676215414,13.190625,0.0,100.0,3.0,80.4,77.0,21.8,0.0,0.0,49.5,50.0,1.0,22.0,30.0,1.0,0.0,0.0,50.0,50.0,0.0,0.0,0.0,0.0,0.0,0.0,0.0,0.0,0.0,0.0,0.0,0.0,1.0,0.0,2.0,2.9,79.4,2.0,1.0,55.3,0.0,0.0,0.0,0.0,100.0,1.0,0.0,0.0,0.0,0.0,35.4,51.5,0.0,0.0,0.0,0.0,0.0,0.0,1.0,2.0,1.0,0.0,0.0,0.0,0.0,0.0,35.7,37.3,97.0,97,97,0.0,0.0,0.0,28.8909912109375,28.8909912109375,28.8909912109375,578.852,578.852,578.852,97,0.0,28.8909912109375,578.852,5
11777006.467523295,81.93147277832031,137632698.34839877,206646.65116122176,2088034.332981891,14420487.112156186,13.2828125,0.0,100.0,2.0,83.5,23.5,75.5,1.0,1.0,52.5,49.5,1.0,25.5,30.0,0.0,0.0,0.0,51.0,52.0,0.0,0.0,0.0,0.0,0.0,0.0,0.0,2.0,1.0,2.0,0.0,0.0,1.0,1.0,1.0,0.0,78.1,0.0,8.1,19.2,1.0,0.0,0.0,0.0,100.0,0.0,0.0,0.0,0.0,0.0,34.4,50.0,0.0,3.0,1.0,1.0,0.0,0.0,0.0,0.0,26.0,0.0,0.0,0.0,0.0,0.0,36.0,36.3,98.0,98,98,0.0,0.0,0.0,28.8909912109375,28.8909912109375,28.8909912109375,578.279,578.279,578.279,98,0.0,28.8909912109375,578.279,5
11777007.45960522,81.96852111816406,139369890.20534787,209205.50482048054,2113889.9384978027,14599052.387750449,13.2203125,0.0,100.0,3.0,77.9,4.1,93.9,0.0,1.0,49.5,52.0,1.0,12.1,39.8,0.0,0.0,0.0,51.5,49.5,0.0,0.0,1.0,0.0,0.0,0.0,0.0,0.0,1.0,0.0,0.0,0.0,1.0,0.0,0.0,0.0,85.7,1.0,0.0,1.0,0.0,0.0,0.0,0.0,100.0,0.0,0.0,0.0,0.0,0.0,36.7,50.0,2.0,0.0,0.0,2.0,0.0,0.0,2.0,0.0,28.0,26.5,0.0,0.0,0.0,0.0,33.7,39.2,98.0,98,98,0.0,0.0,0.0,28.8909912109375,28.8909912109375,28.8909912109375,579.758,579.758,579.758,98,0.0,28.8909912109375,579.758,5
11777008.468821552,81.92772674560547,137036044.46277,205660.56417809808,2078000.4600552467,14351190.677256547,13.2484375,0.0,100.0,3.0,77.6,82.2,15.3,1.0,0.0,48.5,49.5,5.1,25.3,22.0,1.0,0.0,0.0,49.0,48.5,0.0,0.0,0.0,0.0,0.0,0.0,0.0,0.0,1.0,17.0,0.0,1.0,2.0,1.0,0.0,1.0,77.6,2.0,0.0,1.0,0.0,0.0,0.0,0.0,100.0,2.0,0.0,0.0,0.0,0.0,34.4,49.0,0.0,0.0,0.0,0.0,0.0,0.0,0.0,0.0,36.6,21.0,0.0,0.0,0.0,0.0,36.0,37.3,100.0,100,100,0.0,0.0,0.0,28.8909912109375,28.8909912109375,28.8909912109375,595.912,595.912,595.912,100,0.0,28.8909912109375,595.912,5
11777009.459710963,81.92826461791992,139603541.43033442,209464.34345548018,2116433.9590585055,14616622.029747805,13.4296875,0.0,100.0,2.1,85.1,100.0,1.0,0.0,0.0,51.0,49.5,43.7,4.2,0.0,0.0,0.0,0.0,52.0,52.1,0.0,0.0,0.0,0.0,0.0,0.0,0.0,2.1,0.0,1.0,0.0,0.0,3.1,2.1,1.0,2.1,83.9,1.1,0.0,0.0,0.0,1.0,0.0,0.0,100.0,0.0,1.0,2.1,0.0,0.0,37.2,52.1,0.0,0.0,0.0,0.0,0.0,0.0,0.0,0.0,54.3,1.1,1.0,0.0,0.0,0.0,35.5,37.1,100.0,100,100,0.0,0.0,0.0,28.8909912109375,28.8909912109375,28.8909912109375,677.071,677.071,677.071,100,0.0,28.8909912109375,677.071,5
11777010.460689347,81.9328842163086,138229094.84219375,207353.1289816356,2095102.1851938516,14469299.466495037,13.3359375,0.0,100.0,2.9,78.8,77.5,24.3,0.0,0.0,49.0,50.5,42.7,0.0,3.9,0.0,0.0,0.0,49.5,49.5,0.0,0.0,0.0,0.0,0.0,0.0,0.0,1.0,1.9,1.0,1.9,0.0,1.0,1.0,0.0,3.9,79.8,2.9,9.6,1.0,0.0,0.0,0.0,0.0,100.0,0.0,0.0,0.0,0.0,0.0,35.6,51.4,0.0,0.0,0.0,0.0,0.0,0.0,1.0,0.0,56.2,1.0,1.0,0.0,0.0,0.0,35.6,38.1,98.0,98,98,0.0,0.0,0.0,28.8909912109375,28.8909912109375,28.8909912109375,648.82,648.82,648.82,98,0.0,28.8909912109375,648.82,5
11777011.459553888,81.93185424804688,138559802.9988732,207794.94267308488,2099535.937332254,14499920.067200879,13.1421875,0.0,100.0,2.0,77.1,62.4,34.0,0.0,0.0,49.5,48.5,36.4,12.0,13.9,1.0,1.0,1.0,50.0,50.5,0.0,0.0,0.0,0.0,0.0,0.0,0.0,0.0,0.0,0.0,1.0,1.0,0.0,1.0,1.0,1.0,78.6,6.1,0.0,0.0,0.0,0.0,0.0,0.0,100.0,1.0,0.0,0.0,0.0,0.0,35.1,50.0,0.0,0.0,0.0,0.0,0.0,0.0,0.0,0.0,10.1,39.0,0.0,0.0,3.0,0.0,35.1,38.8,98.0,98,98,0.0,0.0,0.0,28.8909912109375,28.8909912109375,28.8909912109375,575.107,575.107,575.107,98,0.0,28.8909912109375,575.107,5
11777012.46734402,81.93315124511719,137365042.2580754,205956.57122799754,2080941.1944630132,14375564.46253062,13.209375,0.0,100.0,3.0,81.4,32.7,66.7,2.9,0.0,51.9,49.0,47.5,1.0,4.0,1.0,0.0,1.0,50.5,51.0,0.0,0.0,0.0,0.0,0.0,0.0,0.0,1.0,1.0,1.0,1.0,1.0,0.0,0.0,0.0,1.0,77.8,1.0,1.0,0.0,0.0,0.0,0.0,0.0,100.0,0.0,0.0,0.0,0.0,0.0,34.0,52.0,0.0,0.0,0.0,0.0,0.0,0.0,1.0,0.0,1.0,55.1,1.0,0.0,0.0,0.0,35.0,36.9,98.0,98,98,0.0,0.0,0.0,28.8909912109375,28.8909912109375,28.8909912109375,587.378,587.378,587.378,98,0.0,28.8909912109375,587.378,5
11777013.467940211,81.93221282958984,138385289.83408326,207438.3269841216,2095902.4402896706,14478919.787704227,13.865625,0.0,100.0,5.0,82.5,64.3,35.0,0.0,2.0,51.0,51.5,21.4,28.3,6.1,1.0,2.0,0.0,51.0,51.5,0.0,0.0,0.0,0.0,0.0,0.0,0.0,0.0,1.0,17.2,2.0,1.0,0.0,2.0,1.0,1.0,85.4,2.0,1.0,1.0,0.0,0.0,0.0,0.0,100.0,0.0,0.0,0.0,0.0,0.0,35.4,51.5,0.0,0.0,0.0,0.0,0.0,0.0,0.0,0.0,2.0,14.1,41.8,1.0,0.0,0.0,35.4,39.0,99.0,99,99,0.0,0.0,0.0,28.8909912109375,28.8909912109375,28.8909912109375,584.807,584.807,584.807,99,0.0,28.8909912109375,584.807,5
11777014.465068972,81.93303298950195,138899267.07016996,208159.67629693556,2103190.764520823,14529269.011933887,12.9859375,0.0,100.0,2.0,77.6,29.3,19.2,74.0,13.3,49.0,50.0,9.1,4.0,3.1,0.0,1.0,0.0,49.0,49.5,0.0,0.0,0.0,0.0,0.0,0.0,0.0,1.0,0.0,2.0,1.0,0.0,1.0,0.0,0.0,0.0,78.1,2.0,2.0,1.0,0.0,0.0,0.0,0.0,100.0,0.0,0.0,0.0,0.0,0.0,34.7,48.0,0.0,0.0,0.0,0.0,0.0,0.0,0.0,0.0,0.0,0.0,55.0,0.0,0.0,0.0,36.4,38.8,99.0,99,99,0.0,0.0,0.0,28.8909912109375,28.8909912109375,28.8909912109375,584.515,584.515,584.515,99,0.0,28.8909912109375,584.515,5
11777015.4603686,81.92983627319336,139187374.43694007,208543.2307617378,2107055.946765271,14555970.47599368,13.2765625,0.0,100.0,3.1,80.2,3.0,0.0,85.7,13.0,49.5,51.0,28.0,17.7,6.0,0.0,0.0,0.0,49.5,49.0,0.0,0.0,0.0,0.0,0.0,0.0,0.0,1.0,1.0,1.0,1.0,1.0,0.0,1.0,1.0,2.0,82.5,1.0,1.0,0.0,0.0,0.0,0.0,0.0,100.0,1.0,1.0,0.0,0.0,0.0,35.7,52.5,0.0,0.0,0.0,0.0,0.0,0.0,0.0,0.0,2.0,0.0,55.6,1.0,0.0,0.0,35.1,36.6,99.0,99,99,0.0,0.0,0.0,28.8909912109375,28.8909912109375,28.8909912109375,586.712,586.712,586.712,99,0.0,28.8909912109375,586.712,5
11777016.460514244,81.9312515258789,138545629.6673081,207543.7725052764,2096846.6069786458,14485442.282975528,13.2609375,0.0,100.0,2.1,82.8,1.0,0.0,3.1,95.8,50.0,49.5,38.1,8.3,5.2,0.0,0.0,0.0,51.0,52.1,0.0,0.0,0.0,0.0,0.0,0.0,0.0,0.0,2.1,1.0,2.1,0.0,0.0,1.0,0.0,0.0,80.0,2.1,1.0,1.0,0.0,0.0,0.0,0.0,100.0,0.0,0.0,0.0,0.0,0.0,35.5,50.5,0.0,0.0,0.0,0.0,0.0,0.0,0.0,1.0,0.0,0.0,9.2,0.0,42.7,6.2,36.5,37.8,100.0,100,100,0.0,0.0,0.0,28.8909912109375,28.8909912109375,28.8909912109375,658.604,658.604,658.604,100,0.0,28.8909912109375,658.604,5
11777017.463414058,81.93016815185547,138203187.40743127,206975.80857045666,2091088.2322385553,14449746.417304704,13.293750000000001,0.0,100.0,3.0,78.4,1.0,0.0,0.0,100.0,52.9,49.0,42.0,6.0,10.0,0.0,0.0,0.0,49.5,48.5,0.0,0.0,0.0,0.0,0.0,0.0,0.0,0.0,1.0,0.0,1.0,1.0,1.0,1.0,0.0,0.0,78.4,3.9,1.0,0.0,0.0,0.0,0.0,0.0,100.0,0.0,0.0,0.0,0.0,0.0,35.1,51.5,0.0,0.0,0.0,0.0,0.0,0.0,0.0,0.0,46.5,3.0,0.0,2.0,0.0,8.0,35.7,40.4,100.0,100,100,0.0,0.0,0.0,28.8909912109375,28.8909912109375,28.8909912109375,690.068,690.068,690.068,100,0.0,28.8909912109375,690.068,5
11777018.462178309,81.93128967285156,138808119.07380715,207832.82932999922,2099746.761162497,14509578.205064287,13.365625,0.0,100.0,2.9,78.0,1.0,0.0,79.8,19.2,48.0,48.5,48.5,9.6,2.9,0.0,0.0,0.0,48.5,50.5,0.0,0.0,0.0,0.0,0.0,0.0,0.0,1.9,1.0,18.1,0.0,0.0,1.0,0.0,1.0,1.9,79.0,1.0,0.0,0.0,0.0,0.0,0.0,0.0,100.0,0.0,0.0,0.0,0.0,0.0,35.3,48.5,0.0,0.0,0.0,0.0,0.0,0.0,0.0,0.0,51.5,0.0,1.0,0.0,3.7,0.0,35.0,38.1,99.0,99,99,0.0,0.0,0.0,28.8909912109375,28.8909912109375,28.8909912109375,557.093,557.093,557.093,99,0.0,28.8909912109375,557.093,5
11777019.468661947,81.94031143188477,137775933.63041753,206238.8220006652,2083642.4154831918,14398294.660116274,13.69375,0.0,100.0,3.0,82.5,0.0,0.0,94.8,3.0,50.0,50.5,32.0,33.3,25.3,2.0,0.0,1.0,52.5,49.0,18.0,1.0,0.0,1.0,0.0,0.0,1.0,0.0,0.0,0.0,1.0,1.0,2.0,2.0,1.0,0.0,85.6,2.0,0.0,0.0,0.0,0.0,0.0,0.0,100.0,0.0,0.0,0.0,0.0,0.0,37.8,52.0,0.0,0.0,0.0,0.0,8.1,0.0,2.0,0.0,1.0,2.0,2.0,1.0,1.0,0.0,37.1,37.9,97.0,97,97,0.0,0.0,0.0,28.8909912109375,28.8909912109375,28.8909912109375,561.465,561.465,561.465,97,0.0,28.8909912109375,561.465,5
11777020.469934251,81.94539642333984,138525614.30908817,207312.235816528,2094487.1756229205,14473233.647175571,13.159375,0.0,100.0,2.0,80.6,0.0,0.0,14.0,83.7,49.5,50.5,31.6,16.3,5.0,0.0,0.0,0.0,49.5,50.0,41.4,12.1,1.0,0.0,0.0,0.0,0.0,0.0,0.0,2.0,1.0,1.0,0.0,1.0,0.0,0.0,77.1,2.0,3.0,1.0,0.0,0.0,0.0,0.0,100.0,0.0,0.0,1.0,0.0,0.0,34.7,48.5,0.0,0.0,0.0,0.0,7.1,1.0,1.0,0.0,0.0,0.0,0.0,0.0,0.0,0.0,35.4,38.2,99.0,99,99,0.0,0.0,0.0,28.8909912109375,28.8909912109375,28.8909912109375,566.966,566.966,566.966,99,0.0,28.8909912109375,566.966,5
11777021.4662861,81.929443359375,139242454.45941177,208338.04860039064,2104830.7397624333,14544709.291561503,13.2609375,0.0,100.0,3.0,78.1,0.0,0.0,24.2,15.2,51.0,50.0,67.7,18.8,25.3,0.0,0.0,0.0,49.5,51.5,0.0,0.0,0.0,0.0,0.0,0.0,0.0,2.0,1.0,0.0,0.0,0.0,0.0,0.0,1.0,2.0,83.8,1.0,29.6,2.0,27.0,0.0,0.0,0.0,100.0,1.0,0.0,0.0,0.0,0.0,35.1,53.0,0.0,0.0,0.0,0.0,0.0,0.0,0.0,0.0,0.0,0.0,0.0,1.0,0.0,0.0,36.1,38.8,99.0,99,99,0.0,0.0,0.0,28.8909912109375,28.8909912109375,28.8909912109375,562.742,562.742,562.742,99,0.0,28.8909912109375,562.742,5
11777022.460943248,81.93064880371094,139517982.97963706,208695.0267085084,2108416.960457664,14569490.636912528,13.440625,0.0,100.0,4.0,82.3,2.0,0.0,0.0,0.0,50.5,50.0,44.3,68.0,45.5,3.0,0.0,0.0,49.0,51.0,0.0,0.0,0.0,0.0,0.0,0.0,0.0,0.0,0.0,1.0,2.0,1.0,0.0,3.0,0.0,0.0,80.0,13.4,40.6,0.0,1.0,2.0,0.0,0.0,100.0,1.0,0.0,0.0,0.0,0.0,35.4,50.5,0.0,0.0,0.0,0.0,0.0,0.0,0.0,0.0,4.0,2.0,0.0,0.0,0.0,0.0,35.7,38.0,98.0,98,98,0.0,0.0,0.0,28.8909912109375,28.8909912109375,28.8909912109375,586.632,586.632,586.632,98,0.0,28.8909912109375,586.632,5
11777023.4608873,81.93027877807617,138812939.34413576,207600.6148957417,2097269.338596142,14492458.828033496,13.421875,0.0,100.0,2.1,80.9,3.0,1.0,0.0,0.0,51.0,49.0,40.8,86.7,22.9,1.0,0.0,0.0,52.1,51.0,0.0,0.0,0.0,0.0,0.0,0.0,0.0,0.0,0.0,19.8,0.0,0.0,1.0,0.0,0.0,1.0,78.7,21.0,33.7,2.0,1.0,0.0,0.0,0.0,100.0,0.0,0.0,0.0,0.0,0.0,34.0,49.5,0.0,0.0,0.0,0.0,0.0,0.0,0.0,0.0,1.0,1.0,0.0,1.0,0.0,0.0,35.4,37.4,100.0,100,100,0.0,0.0,0.0,28.8909912109375,28.8909912109375,28.8909912109375,642.665,642.665,642.665,100,0.0,28.8909912109375,642.665,5
11777024.464257777,81.93688583374023,138371412.35289422,206891.6763867025,2090107.3415148484,14442968.309139714,13.1984375,0.0,100.0,3.0,77.3,0.0,0.0,0.0,25.2,50.0,51.0,19.0,100.0,5.8,0.0,0.0,0.0,48.5,51.0,0.0,0.0,0.0,0.0,0.0,0.0,0.0,0.0,2.0,14.0,1.0,8.9,0.0,1.0,33.7,0.0,84.7,0.0,2.0,0.0,0.0,0.0,0.0,0.0,100.0,0.0,0.0,0.0,0.0,0.0,35.7,50.5,0.0,0.0,0.0,0.0,0.0,0.0,0.0,0.0,4.0,2.0,1.0,0.0,0.0,0.0,36.1,37.3,100.0,100,100,0.0,0.0,0.0,28.8909912109375,28.8909912109375,28.8909912109375,683.99,683.99,683.99,100,0.0,28.8909912109375,683.99,5
11777025.467376271,81.93010330200195,138438684.7195774,206943.64736858336,2090632.3743855373,14446596.36831256,13.20625,0.0,93.3,12.6,79.4,0.0,0.0,0.0,32.4,50.0,48.5,76.2,13.6,11.8,0.0,0.0,0.0,51.5,51.9,0.0,0.0,1.0,0.0,0.0,0.0,0.0,1.9,0.0,1.0,0.0,1.9,39.8,9.5,6.7,1.0,79.4,1.9,0.0,1.0,0.0,0.0,7.6,0.0,93.3,0.0,0.0,0.0,0.0,0.0,36.9,50.9,0.0,0.0,0.0,0.0,0.0,0.0,0.0,0.0,1.9,2.9,1.9,1.0,0.0,0.0,36.5,39.3,97.0,97,97,0.0,0.0,0.0,28.8909912109375,28.8909912109375,28.8909912109375,573.832,573.832,573.832,97,0.0,28.8909912109375,573.832,5
11777026.469081346,81.92848205566406,138666577.12998074,207235.64774365205,2093582.2858479756,14466980.717441674,13.1921875,0.0,100.0,3.0,83.5,0.0,1.0,0.0,46.4,50.5,48.5,86.5,12.1,4.0,0.0,0.0,0.0,49.5,47.9,0.0,0.0,0.0,0.0,0.0,0.0,0.0,0.0,2.0,1.0,0.0,1.0,27.6,0.0,0.0,1.0,79.2,12.1,1.0,1.0,0.0,0.0,100.0,0.0,17.0,0.0,0.0,0.0,0.0,0.0,34.4,47.9,0.0,1.0,0.0,0.0,0.0,0.0,0.0,0.0,1.0,1.0,2.0,8.1,0.0,0.0,35.1,38.0,99.0,99,99,0.0,0.0,0.0,28.8909912109375,28.8909912109375,28.8909912109375,571.5,571.5,571.5,99,0.0,28.8909912109375,571.5,5
11777027.468330428,81.93042755126953,139045507.76644343,207746.0001987892,2098727.9724885165,14502538.216141352,13.3859375,0.0,100.0,31.3,79.2,2.0,0.0,1.0,18.8,49.0,51.0,79.0,18.4,13.0,0.0,0.0,0.0,52.0,50.5,0.0,0.0,0.0,0.0,0.0,0.0,0.0,1.0,1.0,0.0,1.0,0.0,0.0,1.0,8.9,1.0,83.5,1.0,2.0,0.0,0.0,0.0,100.0,0.0,46.9,3.0,1.0,0.0,0.0,0.0,33.7,49.5,0.0,0.0,0.0,0.0,0.0,0.0,0.0,0.0,0.0,1.0,1.0,1.0,0.0,0.0,35.4,38.6,99.0,99,99,0.0,0.0,0.0,28.8909912109375,28.8909912109375,28.8909912109375,569.888,569.888,569.888,99,0.0,28.8909912109375,569.888,5
11777028.46776264,81.92875671386719,139052660.46788442,207708.93469424156,2098343.414752557,14499880.862098726,13.384375,0.0,100.0,43.4,78.1,2.0,1.0,0.0,5.0,50.0,49.5,98.0,1.0,5.0,0.0,0.0,0.0,47.4,50.5,0.0,0.0,0.0,0.0,0.0,0.0,0.0,0.0,1.0,19.0,1.0,1.0,0.0,3.0,51.0,7.9,79.6,1.0,0.0,0.0,0.0,0.0,100.0,0.0,0.0,1.0,0.0,0.0,0.0,0.0,34.7,51.5,0.0,0.0,0.0,0.0,0.0,0.0,0.0,0.0,0.0,2.0,0.0,0.0,0.0,0.0,35.4,36.6,99.0,99,99,0.0,0.0,0.0,28.8909912109375,28.8909912109375,28.8909912109375,577.613,577.613,577.613,99,0.0,28.8909912109375,577.613,5
11777029.469204191,81.93013763427734,138806223.69772965,207292.1776767804,2094133.19941238,14470787.616251955,13.057812499999999,0.0,100.0,49.0,78.1,2.0,0.0,0.0,0.0,50.5,48.5,20.8,73.3,8.9,0.0,0.0,0.0,50.0,49.0,0.0,0.0,0.0,0.0,0.0,0.0,0.0,1.0,3.0,0.0,1.0,1.0,1.0,0.0,0.0,10.0,78.1,1.0,0.0,0.0,0.0,0.0,100.0,0.0,45.6,0.0,1.0,0.0,0.0,0.0,35.7,50.0,0.0,0.0,0.0,0.0,0.0,0.0,1.0,0.0,1.0,1.0,2.0,0.0,0.0,0.0,34.3,37.9,99.0,99,99,0.0,0.0,0.0,28.8909912109375,28.8909912109375,28.8909912109375,582.649,582.649,582.649,99,0.0,28.8909912109375,582.649,5
11777030.46329534,81.92211151123047,139865382.64744174,208831.9568293283,2109617.4140817323,14577785.959025722,14.121875,0.0,100.0,47.4,85.1,14.9,2.1,0.0,1.1,49.5,51.6,98.9,4.2,0.0,0.0,0.0,0.0,48.9,50.0,1.1,1.1,1.1,1.0,1.1,3.1,1.1,2.1,4.1,7.4,6.3,3.2,2.1,1.1,1.0,1.1,84.9,2.1,12.6,1.0,0.0,0.0,100.0,0.0,6.3,3.1,11.6,1.1,0.0,1.0,37.0,53.1,2.1,1.1,1.1,2.1,2.1,3.2,2.1,2.1,1.1,1.1,1.0,0.0,0.0,1.0,37.6,40.6,100.0,100,100,0.0,0.0,0.0,28.8909912109375,28.8909912109375,28.8909912109375,621.655,621.655,621.655,100,0.0,28.8909912109375,621.655,5
11777031.462158972,81.93073272705078,139229765.26947242,207835.17727394556,2099537.847920315,14508134.581918113,13.0078125,0.0,100.0,10.1,78.1,3.0,1.0,36.0,0.0,50.0,49.0,100.0,5.9,1.0,0.0,0.0,0.0,50.0,49.0,0.0,0.0,0.0,0.0,0.0,0.0,0.0,0.0,1.0,1.0,1.0,1.0,1.0,1.0,0.0,3.0,78.6,0.0,53.5,0.0,0.0,0.0,100.0,0.0,0.0,0.0,0.0,0.0,0.0,0.0,33.7,49.0,0.0,0.0,0.0,0.0,0.0,0.0,0.0,0.0,2.0,0.0,0.0,0.0,0.0,0.0,35.7,37.9,100.0,100,100,0.0,0.0,0.0,28.8909912109375,28.8909912109375,28.8909912109375,687.798,687.798,687.798,100,0.0,28.8909912109375,687.798,5
11777032.46839266,81.9299201965332,138245120.98687866,206313.90340453145,2084159.9959182078,14401871.221794179,13.104687499999999,0.0,100.0,2.9,78.6,0.0,1.0,32.4,9.7,49.5,49.5,87.6,6.7,10.7,0.0,0.0,0.0,50.0,52.4,0.0,0.0,0.0,0.0,0.0,0.0,0.0,0.9,0.0,1.0,0.0,0.0,0.0,0.0,1.0,1.0,81.2,1.9,52.9,1.0,0.9,0.0,100.0,0.0,1.9,0.0,1.0,0.0,0.0,0.0,33.7,50.0,0.0,0.0,0.0,0.0,0.0,0.0,0.0,0.9,2.9,1.9,0.0,0.0,0.0,0.0,35.3,38.3,98.0,98,98,0.0,0.0,0.0,28.8909912109375,28.8909912109375,28.8909912109375,596.847,596.847,596.847,98,0.0,28.8909912109375,596.847,5
11777033.470165364,81.94392776489258,138896073.43020022,207235.63264735468,2093440.9496860122,14466004.062478732,13.8328125,0.0,100.0,3.1,85.4,1.0,3.0,39.2,9.2,50.5,49.0,50.5,10.1,49.0,1.0,0.0,0.0,51.0,49.0,0.0,0.0,0.0,0.0,1.0,0.0,0.0,1.0,1.0,15.3,0.0,0.0,1.0,1.0,0.0,1.0,83.3,0.0,0.0,0.0,0.0,0.0,100.0,0.0,3.1,3.0,1.0,0.0,0.0,0.0,36.7,49.5,0.0,0.0,0.0,0.0,0.0,2.0,2.0,1.0,41.4,16.3,0.0,0.0,0.0,0.0,36.7,37.0,98.0,98,98,0.0,0.0,0.0,28.8909912109375,28.8909912109375,28.8909912109375,572.1,572.1,572.1,98,0.0,28.8909912109375,572.1,5
11777034.469406426,81.93027877807617,139280639.43836886,207761.67833471455,2098744.8182260613,14502654.622819932,13.428125,0.0,100.0,21.0,78.6,4.9,5.9,25.7,8.9,50.5,50.5,29.0,5.0,68.3,0.0,0.0,0.0,51.0,52.0,0.0,0.0,0.0,0.0,0.0,0.0,1.0,0.0,0.0,3.9,1.0,1.0,1.9,0.0,1.0,1.0,77.8,1.0,0.0,0.0,0.0,0.0,100.0,0.0,0.0,0.0,0.0,0.0,0.0,0.0,36.0,50.0,0.0,0.0,1.0,1.0,0.0,0.0,0.0,0.0,16.8,40.0,0.0,0.0,0.0,0.0,34.7,39.0,98.0,98,98,0.0,0.0,0.0,28.8909912109375,28.8909912109375,28.8909912109375,580.114,580.114,580.114,98,0.0,28.8909912109375,580.114,5
11777035.4629306,81.93322372436523,140114926.98881656,208957.17042871867,2110821.313071657,14586105.089155316,13.1296875,0.0,100.0,3.1,76.6,29.2,27.4,53.1,15.5,49.0,50.5,11.2,4.1,13.4,0.0,0.0,0.0,50.5,50.0,0.0,0.0,0.0,0.0,0.0,0.0,0.0,0.0,1.0,1.0,0.0,0.0,1.0,1.0,1.0,1.0,78.3,16.5,2.0,2.1,0.0,0.0,100.0,0.0,7.2,20.2,0.0,0.0,0.0,0.0,35.1,50.5,0.0,0.0,0.0,0.0,0.0,0.0,0.0,0.0,2.1,11.5,0.0,0.0,0.0,0.0,36.8,38.4,98.0,98,98,0.0,0.0,0.0,28.8909912109375,28.8909912109375,28.8909912109375,580.672,580.672,580.672,98,0.0,28.8909912109375,580.672,5
11777036.462423231,81.92993545532227,139310884.85365978,207709.38504850632,2098216.567470979,14499004.327563131,13.3546875,0.0,100.0,3.0,77.9,19.2,22.0,75.0,31.3,52.5,51.0,0.0,5.9,0.0,0.0,0.0,0.0,50.5,49.0,0.0,0.0,0.0,0.0,0.0,0.0,0.0,0.0,0.0,1.0,2.0,0.0,0.0,1.0,1.0,1.0,85.7,1.0,0.0,0.0,0.0,0.0,100.0,0.0,25.3,32.7,3.0,1.0,0.0,0.0,34.7,51.5,0.0,0.0,0.0,0.0,0.0,0.0,0.0,0.0,1.0,1.0,0.0,0.0,0.0,0.0,35.7,38.8,98.0,98,98,0.0,0.0,0.0,28.8909912109375,28.8909912109375,28.8909912109375,580.497,580.497,580.497,98,0.0,28.8909912109375,580.497,5
11777037.467466412,81.9312744140625,138573992.32202387,206569.23403408946,2086628.7542233253,14418930.727426024,13.109375,0.0,100.0,3.0,85.6,36.4,10.2,0.0,98.0,49.5,48.5,1.0,4.1,0.0,0.0,0.0,0.0,48.5,50.0,0.0,0.0,0.0,0.0,0.0,0.0,0.0,2.0,1.0,1.0,0.0,2.0,0.0,1.0,0.0,0.0,78.1,1.0,2.0,0.0,1.0,0.0,100.0,0.0,28.6,0.0,0.0,0.0,0.0,0.0,33.7,48.5,0.0,0.0,0.0,0.0,0.0,0.0,1.0,0.0,1.0,22.2,6.1,1.0,0.0,0.0,35.4,37.6,96.0,96,96,0.0,0.0,0.0,28.8909912109375,28.8909912109375,28.8909912109375,606.653,606.653,606.653,96,0.0,28.8909912109375,606.653,5
11777038.4629147,81.92926788330078,139947953.84014642,208562.31568338312,2106741.2804595004,14557911.42630022,13.2796875,0.0,100.0,2.1,77.1,43.4,0.0,0.0,100.0,50.5,50.5,9.1,4.1,0.0,0.0,0.0,0.0,51.0,49.5,0.0,0.0,0.0,0.0,0.0,0.0,0.0,0.0,3.0,0.0,1.0,0.0,1.0,0.0,1.0,2.0,84.4,0.0,0.0,0.0,0.0,0.0,100.0,0.0,1.0,0.0,0.0,0.0,0.0,0.0,35.1,51.0,0.0,0.0,1.0,0.0,0.0,0.0,0.0,0.0,16.2,40.2,1.0,1.0,0.0,0.0,35.7,38.0,100.0,100,100,0.0,0.0,0.0,28.8909912109375,28.8909912109375,28.8909912109375,686.391,686.391,686.391,100,0.0,28.8909912109375,686.391,5
11777039.468453996,81.93087005615234,138575978.6089852,206469.30536243992,2085599.2480213263,14411816.678709868,13.365625,0.0,100.0,6.7,79.0,31.1,11.7,1.9,76.5,50.5,49.5,7.7,16.3,0.0,0.0,0.0,0.0,51.0,49.5,0.0,0.0,0.0,0.0,0.0,0.0,0.0,0.0,1.0,15.7,0.0,1.0,1.0,0.0,0.0,1.0,79.0,2.8,1.0,0.0,0.0,0.0,100.0,0.0,1.0,0.0,0.0,0.0,0.0,0.0,36.0,49.5,0.0,0.0,0.0,0.9,0.0,0.0,0.0,0.0,38.5,19.4,1.0,0.0,0.0,0.0,36.9,38.3,98.0,98,98,0.0,0.0,0.0,28.8909912109375,28.8909912109375,28.8909912109375,632.192,632.192,632.192,98,0.0,28.8909912109375,632.192,5
11777040.46941772,81.93234634399414,139242060.18407264,207413.1111547539,2095132.8716622484,14477695.507697335,13.371875,0.0,100.0,4.9,78.4,25.0,23.5,0.0,1.0,51.0,51.0,8.1,93.1,0.0,0.0,0.0,0.0,50.5,49.5,0.0,0.0,0.0,0.0,0.0,0.0,0.0,0.0,0.0,1.0,0.0,0.0,0.0,1.0,1.0,1.0,78.6,2.0,0.0,1.0,0.0,0.0,100.0,0.0,1.0,16.8,2.0,0.0,0.0,0.0,33.7,49.0,0.0,0.0,0.0,0.0,0.0,0.0,1.0,0.0,12.0,30.7,13.7,1.0,0.0,0.0,35.4,37.9,98.0,98,98,0.0,0.0,0.0,28.8909912109375,28.8909912109375,28.8909912109375,570.857,570.857,570.857,98,0.0,28.8909912109375,570.857,5
11777041.469123622,81.90077209472656,139449922.77157137,207675.07656879275,2097768.9470671383,14495911.200631905,13.2890625,0.0,100.0,2.1,84.7,7.1,17.2,2.0,24.2,49.0,50.5,10.0,78.6,16.2,0.0,0.0,0.0,49.0,48.0,0.0,0.0,0.0,0.0,0.0,0.0,0.0,0.0,1.0,0.0,2.0,1.0,0.0,0.0,0.0,1.0,84.8,0.0,0.0,0.0,0.0,0.0,100.0,0.0,0.0,1.0,0.0,0.0,0.0,0.0,37.5,51.0,0.0,1.0,0.0,0.0,0.0,0.0,0.0,0.0,3.0,0.0,55.0,0.0,0.0,0.0,34.4,39.2,99.0,99,99,0.0,0.0,0.0,28.8909912109375,28.8909912109375,28.8909912109375,584.272,584.272,584.272,99,0.0,28.8909912109375,584.272,5
11777042.46446851,81.96896362304688,140093721.90728822,208596.0378314782,2106960.134523107,14715799.689559828,13.60625,0.0,100.0,4.9,78.1,27.6,0.0,0.0,20.0,52.0,48.5,8.0,71.3,27.0,1.0,0.0,0.0,54.9,52.0,0.0,0.0,0.0,0.0,1.0,0.0,0.0,1.0,2.9,2.0,0.0,2.0,2.0,1.0,2.0,1.0,78.1,1.0,1.0,0.0,0.0,0.0,100.0,0.0,1.0,0.0,1.0,1.0,0.0,0.0,34.4,50.0,0.0,0.0,0.0,0.0,0.0,0.0,1.0,0.0,20.8,1.0,37.4,1.0,7.0,0.0,36.4,38.5,98.0,98,98,0.0,0.0,0.0,28.8909912109375,28.8909912109375,28.8909912109375,581.711,581.711,581.711,98,0.0,28.8909912109375,581.711,5
11777043.462675951,81.92813873291016,139730182.65240535,207999.8520901045,2100918.020346423,14677702.65386554,13.3125,0.0,100.0,3.1,78.1,47.4,0.0,0.0,2.0,48.9,51.5,14.3,50.5,50.0,2.0,0.0,0.0,49.0,49.5,0.0,0.0,0.0,0.0,0.0,0.0,0.0,1.0,0.0,0.0,1.0,2.0,0.0,41.7,0.0,1.0,80.2,1.0,1.0,0.0,0.0,1.0,100.0,0.0,2.0,1.0,0.0,0.0,0.0,0.0,33.0,51.5,0.0,0.0,0.0,0.0,0.0,0.0,0.0,0.0,13.3,1.0,0.0,0.0,0.0,1.0,35.4,37.6,98.0,98,98,0.0,0.0,0.0,28.8909912109375,28.8909912109375,28.8909912109375,582.461,582.461,582.461,98,0.0,28.8909912109375,582.461,5
11777044.470669452,81.93377304077148,138406105.700008,206047.95552743418,2080521.3511652648,14551458.90336487,13.175,0.0,100.0,3.1,83.1,25.0,14.7,0.0,28.6,50.8,50.0,4.7,68.0,22.3,0.0,0.0,0.0,49.6,50.8,0.0,0.8,0.0,0.0,0.0,0.0,0.0,0.0,0.8,14.6,0.8,0.8,0.0,26.4,0.8,0.0,81.3,3.9,0.0,0.0,0.0,0.0,100.0,0.0,1.6,0.8,0.0,0.0,0.0,0.0,35.2,49.6,0.0,0.0,0.0,0.0,0.0,0.0,0.0,0.0,0.8,0.0,0.0,0.0,0.0,0.0,35.2,39.1,0.0,0,0,0.0,0.0,0.0,6.4554443359375,6.4554443359375,6.4554443359375,446.323,446.323,446.323,0,0.0,6.4554443359375,446.323,5
11777045.46653103,81.93391036987305,140126090.79424244,208565.1303711391,2105866.9646324785,14728729.688181456,17.2671875,0.0,100.0,41.2,81.7,48.8,49.4,41.2,58.8,53.1,54.7,65.5,39.3,50.0,1.2,0.0,0.0,50.0,52.4,0.0,0.0,0.0,0.0,0.0,0.0,0.0,1.2,0.0,0.0,1.2,0.0,0.0,13.3,3.6,1.2,82.7,0.0,1.2,1.2,0.0,0.0,100.0,0.0,0.0,1.2,0.0,0.0,0.0,0.0,37.8,50.6,0.0,0.0,0.0,0.0,0.0,0.0,0.0,0.0,16.7,25.3,0.0,1.2,0.0,0.0,41.0,38.4,15.0,15,15,0.0,0.0,0.0,11.7425537109375,11.7425537109375,11.7425537109375,145.38,145.38,145.38,15,0.0,11.7425537109375,145.38,5
11777046.46451705,81.94453048706055,139860604.64828664,208135.18036994457,2101384.1484680525,14697376.241531437,16.7359375,0.0,100.0,37.9,77.1,40.0,37.2,56.3,36.8,55.7,55.3,34.9,60.9,36.8,0.0,0.0,0.0,54.8,54.2,0.0,0.0,0.0,0.0,0.0,0.0,0.0,0.0,3.4,0.0,0.0,1.1,1.1,0.0,1.1,1.2,76.2,1.2,1.1,0.0,0.0,0.0,100.0,0.0,2.3,0.0,2.2,0.0,1.1,0.0,41.0,57.0,0.0,0.0,0.0,0.0,0.0,0.0,0.0,0.0,52.9,5.8,1.2,2.3,0.0,0.0,42.4,38.6,0.0,0,0,0.0,0.0,0.0,11.7445068359375,11.7445068359375,11.7445068359375,141.697,141.697,141.697,0,0.0,11.7445068359375,141.697,5
11777047.46265434,81.92794036865234,139872126.25610837,208103.63679642923,2101065.6767649343,14695148.805654747,13.3328125,0.0,100.0,5.2,84.2,8.2,98.0,3.1,1.0,49.5,50.5,5.1,41.1,1.0,0.0,0.0,0.0,50.5,49.0,0.0,0.0,0.0,0.0,0.0,0.0,0.0,1.0,1.0,1.0,1.0,0.0,0.0,3.1,0.0,0.0,86.2,2.0,0.0,1.0,0.0,0.0,100.0,0.0,0.0,1.0,0.0,0.0,0.0,0.0,34.0,50.0,0.0,0.0,0.0,0.0,0.0,0.0,0.0,1.0,3.1,47.4,1.0,0.0,0.0,0.0,36.5,36.6,100.0,100,100,0.0,0.0,0.0,50.0238037109375,50.0238037109375,50.0238037109375,572.207,572.207,572.207,100,0.0,50.0238037109375,572.207,5
11777048.462797172,81.93260192871094,139627040.62047136,207686.33549237147,2096852.499809826,14665681.253552709,13.0734375,0.0,100.0,3.0,79.2,36.6,64.0,9.1,0.0,50.0,48.0,6.0,17.8,19.2,0.0,0.0,0.0,49.5,50.5,3.0,0.0,0.0,0.0,0.0,0.0,0.0,0.0,0.0,0.0,0.0,1.0,0.0,24.5,2.0,32.3,78.4,2.0,2.0,0.0,0.0,0.0,100.0,0.0,0.0,0.0,0.0,0.0,0.0,0.0,35.1,49.5,0.0,0.0,0.0,0.0,0.0,0.0,0.0,0.0,0.0,0.0,1.0,0.0,0.0,0.0,35.4,37.6,100.0,100,100,0.0,0.0,0.0,50.0238037109375,50.0238037109375,50.0238037109375,680.107,680.107,680.107,100,0.0,50.0238037109375,680.107,5
11777049.463522905,81.92943954467773,139581084.3846573,207567.36149190873,2095631.1310886845,14661231.858514976,13.6109375,0.0,100.0,2.0,77.8,100.0,2.0,6.0,4.0,48.5,52.0,6.0,36.6,0.0,0.0,0.0,0.0,50.0,50.5,0.0,0.0,0.0,0.0,0.0,0.0,0.0,1.0,1.0,18.6,1.0,35.0,1.0,1.0,0.0,21.2,85.4,1.0,0.0,1.0,0.0,1.0,100.0,0.0,1.0,0.0,1.0,1.0,0.0,0.0,35.1,51.0,0.0,0.0,0.0,0.0,0.0,0.0,0.0,0.0,3.0,0.0,0.0,0.0,0.0,0.0,36.0,39.4,100.0,100,100,0.0,0.0,0.0,50.0238037109375,50.0238037109375,50.0238037109375,689.918,689.918,689.918,100,0.0,50.0238037109375,689.918,5
11777050.463307148,81.9316291809082,139745194.09302956,207762.82641673676,2097604.5742088426,14675038.251593893,13.121875,0.0,100.0,2.9,81.6,69.6,0.0,29.7,4.9,51.9,50.0,42.0,0.0,0.0,0.0,0.0,0.0,49.5,50.5,0.0,0.0,0.0,0.0,0.0,0.0,0.0,0.0,0.0,0.0,22.5,22.8,0.0,0.0,1.9,0.0,79.4,1.0,1.9,0.0,0.0,0.0,100.0,0.0,1.9,15.8,0.0,1.0,0.0,0.0,35.4,48.5,0.0,0.0,0.0,0.0,0.0,0.0,0.0,0.0,1.0,1.9,0.0,0.0,0.0,0.0,34.3,37.9,97.0,97,97,0.0,0.0,0.0,50.0316162109375,50.0316162109375,50.0316162109375,671.221,671.221,671.221,97,0.0,50.0316162109375,671.221,5
11777051.471352529,81.92818832397461,138632352.91090629,206060.1674572614,2080414.2746576162,14554773.304342931,13.2203125,0.0,100.0,3.0,82.7,30.1,1.0,72.5,4.0,48.5,50.0,30.7,13.0,0.0,0.0,0.0,0.0,49.5,48.5,0.0,0.0,0.0,0.0,0.0,0.0,0.0,2.0,2.0,0.0,5.0,10.8,0.0,1.0,1.0,1.0,78.1,2.0,1.0,0.0,0.0,0.0,100.0,0.0,0.0,42.0,0.0,0.0,0.0,0.0,35.7,50.0,0.0,0.0,0.0,0.0,0.0,0.0,0.0,0.0,1.0,2.0,0.0,1.0,0.0,0.0,38.0,39.0,99.0,99,99,0.0,0.0,0.0,50.0316162109375,50.0316162109375,50.0316162109375,575.417,575.417,575.417,99,0.0,50.0316162109375,575.417,5
11777052.466108667,81.93140029907227,140517215.8954957,208812.98649496696,2108207.147449393,14749214.847976023,12.8671875,0.0,100.0,13.3,77.9,64.9,1.0,37.8,4.0,49.5,48.0,30.6,0.0,0.0,0.0,0.0,0.0,49.5,49.0,0.0,0.0,0.0,0.0,0.0,0.0,0.0,0.0,0.0,1.0,1.0,54.5,0.0,0.0,1.0,0.0,78.1,0.0,0.0,0.0,0.0,0.0,100.0,0.0,4.0,1.0,0.0,0.0,0.0,1.0,34.7,48.0,0.0,0.0,0.0,0.0,0.0,0.0,0.0,1.0,1.0,1.0,0.0,0.0,0.0,0.0,33.7,37.0,99.0,99,99,0.0,0.0,0.0,50.0316162109375,50.0316162109375,50.0316162109375,576.863,576.863,576.863,99,0.0,50.0316162109375,576.863,5
11777053.470104773,81.93019104003906,139256539.12730336,206891.24069969647,2088804.9144313436,14613475.006822407,13.3625,0.0,100.0,3.0,78.1,7.1,1.0,90.9,4.0,50.5,49.0,45.0,3.0,0.0,0.0,0.0,0.0,49.5,49.5,0.0,0.0,1.0,0.0,0.0,0.0,0.0,0.0,0.0,0.0,0.0,42.9,2.0,13.0,1.0,2.0,84.5,3.0,0.0,1.0,0.0,0.0,100.0,1.0,0.0,1.0,1.0,0.0,0.0,0.0,36.7,53.5,0.0,0.0,0.0,0.0,0.0,0.0,0.0,0.0,2.0,4.0,2.0,0.0,0.0,0.0,35.7,37.3,99.0,99,99,0.0,0.0,0.0,50.0316162109375,50.0316162109375,50.0316162109375,577.014,577.014,577.014,99,0.0,50.0316162109375,577.014,5
11777054.4637842,81.9328384399414,140735161.91939896,209041.26062924706,2110491.5165181337,14765196.508140538,13.2515625,0.0,100.0,75.0,83.7,22.4,0.0,2.0,5.9,49.0,50.5,44.3,1.0,0.0,0.0,0.0,0.0,47.9,49.5,0.0,0.0,0.0,0.0,0.0,0.0,0.0,2.0,1.0,17.8,0.0,0.0,0.0,55.1,0.0,1.0,78.4,1.0,1.0,0.0,0.0,0.0,100.0,0.0,0.0,2.0,0.0,0.0,0.0,0.0,33.3,47.4,0.0,0.0,0.0,0.0,0.0,0.0,0.0,1.0,1.0,0.0,0.0,0.0,0.0,0.0,36.7,38.2,97.0,97,97,0.0,0.0,0.0,50.0316162109375,50.0316162109375,50.0316162109375,577.672,577.672,577.672,97,0.0,50.0316162109375,577.672,5
11777055.463712431,81.92942810058594,139888286.4630384,207735.90873203322,2097302.5186148775,14672925.042340802,13.228125,0.0,100.0,24.2,80.2,10.9,4.0,1.0,4.1,51.5,49.5,82.2,24.7,8.9,0.0,0.0,0.0,49.5,50.5,0.0,0.0,0.0,0.0,0.0,0.0,0.0,0.0,0.0,0.0,6.1,1.0,0.0,22.2,26.0,0.0,85.6,0.0,1.0,0.0,0.0,0.0,100.0,0.0,3.9,0.0,1.0,0.0,0.0,0.0,34.0,47.9,0.0,0.0,0.0,0.0,0.0,0.0,0.0,0.0,1.0,1.0,0.0,1.0,0.0,0.0,36.1,37.6,98.0,98,98,0.0,0.0,0.0,50.0316162109375,50.0316162109375,50.0316162109375,572.501,572.501,572.501,98,0.0,50.0316162109375,572.501,5
11777056.46968805,81.93358993530273,139079771.28198725,206487.11170064128,2084694.6590726178,14584719.274996322,12.8578125,0.0,100.0,3.0,77.3,0.0,0.0,0.0,4.0,48.5,49.0,35.7,74.3,31.6,0.0,0.0,0.0,49.5,49.0,0.0,0.0,0.0,0.0,0.0,0.0,0.0,0.0,1.0,1.0,53.6,0.0,0.0,2.0,1.0,2.0,78.1,2.0,0.0,0.0,0.0,0.0,100.0,0.0,1.0,2.0,0.0,0.0,0.0,0.0,34.7,50.0,0.0,0.0,0.0,0.0,0.0,0.0,0.0,0.0,0.0,0.0,0.0,0.0,0.0,0.0,34.4,38.2,99.0,99,99,0.0,0.0,0.0,50.0316162109375,50.0316162109375,50.0316162109375,581.741,581.741,581.741,99,0.0,50.0316162109375,581.741,5
11777057.463330247,81.9316291809082,140838897.0949645,209050.0995467171,2110570.5940400674,14765749.741897505,13.2984375,0.0,100.0,4.0,82.5,0.0,0.0,0.0,5.0,51.0,51.5,74.3,26.3,43.4,0.0,0.0,0.0,51.0,50.5,0.0,0.0,0.0,0.0,0.0,0.0,0.0,1.0,0.0,1.0,46.9,4.0,1.0,1.0,5.0,0.0,78.1,1.0,1.0,0.0,0.0,0.0,100.0,0.0,1.0,0.0,0.0,2.0,2.0,0.0,34.4,50.5,0.0,0.0,0.0,0.0,0.0,2.0,1.0,0.0,3.0,1.0,1.0,0.0,0.0,0.0,36.4,37.3,98.0,98,98,0.0,0.0,0.0,50.0316162109375,50.0316162109375,50.0316162109375,583.853,583.853,583.853,98,0.0,50.0316162109375,583.853,5
11777058.464482969,81.94297790527344,139814915.2481974,207481.83109446501,2094737.349827025,14654978.881016415,13.403125000000001,0.0,100.0,3.0,81.2,0.0,0.0,0.0,4.0,50.0,50.5,89.9,22.0,30.7,0.0,0.0,0.0,49.5,48.5,0.0,0.0,0.0,0.0,0.0,1.0,0.0,2.0,1.0,2.0,2.0,38.0,0.0,0.0,1.0,2.0,85.7,1.0,0.0,0.0,0.0,0.0,100.0,0.0,1.0,0.0,1.0,0.0,0.0,0.0,36.1,49.5,1.0,0.0,1.0,1.0,1.0,0.0,26.0,1.0,2.0,0.0,0.0,0.0,0.0,0.0,34.0,38.2,99.0,99,99,0.0,0.0,0.0,50.0316162109375,50.0316162109375,50.0316162109375,580.022,580.022,580.022,99,0.0,50.0316162109375,580.022,5
11777059.469806587,81.9312744140625,139270033.45246556,206624.01255314407,2086046.6829728447,14594178.16095455,13.50625,0.0,100.0,2.0,77.3,1.0,0.0,6.0,6.9,49.5,50.5,36.0,17.2,91.0,0.0,0.0,0.0,52.0,52.0,0.0,0.0,0.0,0.0,0.0,0.0,0.0,0.0,1.0,18.0,0.0,0.0,0.0,1.0,1.0,0.0,78.4,0.0,0.0,0.0,0.0,0.0,100.0,0.0,2.0,1.0,0.0,0.0,1.0,0.0,34.7,51.0,2.0,0.0,0.0,0.0,0.0,0.0,49.5,5.1,1.0,0.0,0.0,2.0,0.0,0.0,35.1,39.2,99.0,99,99,0.0,0.0,0.0,50.0316162109375,50.0316162109375,50.0316162109375,578.052,578.052,578.052,99,0.0,50.0316162109375,578.052,5
11777060.465199525,81.9290771484375,140695020.7945933,208694.46851973192,2106858.429065641,14739779.087720951,13.2390625,0.0,100.0,3.1,77.9,0.0,1.0,0.0,9.3,49.5,51.0,15.5,35.1,91.8,0.0,0.0,0.0,50.5,47.9,0.0,1.0,0.0,0.0,0.0,0.0,0.0,1.0,0.0,2.0,2.1,1.0,0.0,0.0,0.0,1.0,83.5,3.1,2.0,0.0,0.0,0.0,100.0,0.0,0.0,0.0,0.0,0.0,0.0,0.0,35.4,50.5,2.1,2.0,0.0,0.0,0.0,0.0,0.0,56.6,0.0,0.0,0.0,0.0,0.0,0.0,34.7,36.7,100.0,100,100,0.0,0.0,0.0,50.0316162109375,50.0316162109375,50.0316162109375,619.449,619.449,619.449,100,0.0,50.0316162109375,619.449,5
11777061.464721637,81.93254470825195,140146440.25860634,207832.3205075687,2098154.6822945257,14678886.859333966,13.2296875,0.0,100.0,2.0,85.6,1.0,0.0,0.0,5.0,50.5,49.0,100.0,42.6,1.0,0.0,0.0,0.0,49.5,51.0,0.0,0.0,0.0,0.0,0.0,0.0,0.0,1.0,2.0,0.0,2.0,0.0,1.0,1.0,0.0,1.0,79.2,1.0,0.0,0.0,0.0,0.0,100.0,0.0,2.0,1.0,2.0,0.0,0.0,0.0,33.7,48.5,1.0,0.0,3.0,1.0,0.0,0.0,0.0,53.5,2.0,0.0,0.0,0.0,0.0,0.0,35.4,38.2,100.0,100,100,0.0,0.0,0.0,50.0316162109375,50.0316162109375,50.0316162109375,683.827,683.827,683.827,100,0.0,50.0316162109375,683.827,5
11777062.464726208,81.92992782592773,140111466.56012654,207732.05047109004,2097142.4141063164,14671804.936189113,13.1484375,0.0,100.0,4.0,77.3,3.0,2.9,0.0,4.0,49.5,50.0,100.0,41.6,2.0,0.0,0.0,0.0,51.5,48.5,0.0,1.0,0.0,0.0,0.0,0.0,0.0,0.0,0.0,2.0,0.0,2.0,0.0,0.0,1.0,0.0,78.4,0.0,2.9,0.0,0.0,0.0,100.0,0.0,1.0,1.0,1.0,0.0,0.0,0.0,33.7,49.5,0.0,0.0,36.7,0.0,0.0,0.0,19.8,0.0,2.0,0.0,0.0,0.0,0.0,0.0,36.4,38.8,100.0,100,100,0.0,0.0,0.0,50.0316162109375,50.0316162109375,50.0316162109375,688.857,688.857,688.857,100,0.0,50.0316162109375,688.857,5
11777063.464823171,81.93705368041992,140131150.36257845,207712.85938876643,2096948.6720591832,14670449.498664051,13.340625000000001,0.0,100.0,6.0,78.4,3.1,1.0,2.0,4.0,50.5,48.0,100.0,13.3,28.0,0.0,0.0,0.0,49.0,50.0,0.0,1.0,0.0,0.0,0.0,0.0,0.0,1.0,1.0,1.0,0.0,1.0,1.0,2.0,0.0,3.0,79.2,1.0,1.0,0.0,0.0,0.0,100.0,0.0,5.0,2.0,0.0,0.0,0.0,0.0,34.7,50.0,1.0,0.0,4.0,0.0,1.0,1.0,54.6,2.0,1.0,0.0,0.0,0.0,0.0,0.0,35.7,36.3,100.0,100,100,0.0,0.0,0.0,50.0316162109375,50.0316162109375,50.0316162109375,689.677,689.677,689.677,100,0.0,50.0316162109375,689.677,5
11777064.465571804,81.93299865722656,140075251.11796653,207579.59917076098,2095583.1783770656,14660896.376848923,13.4515625,0.0,100.0,11.7,78.6,3.9,1.9,1.0,1.0,49.5,50.0,89.1,29.4,23.8,0.0,0.0,0.0,50.0,49.5,0.0,1.0,1.0,0.0,0.0,0.0,1.0,0.0,0.0,10.8,2.9,0.0,0.0,0.0,0.0,0.0,84.0,1.0,0.0,0.0,0.0,0.0,100.0,0.0,0.0,0.0,1.0,0.0,0.0,0.0,36.0,50.0,0.0,0.0,1.0,0.0,0.0,0.0,40.0,17.5,1.0,1.0,0.0,0.0,0.0,0.0,35.0,37.3,98.0,98,98,0.0,0.0,0.0,50.0316162109375,50.0316162109375,50.0316162109375,608.558,608.558,608.558,98,0.0,50.0316162109375,608.558,5
11777065.471873553,81.93752670288086,139337419.48674527,206435.09772660362,2084019.0340987707,14579992.539339447,13.331249999999999,0.0,100.0,10.1,85.6,2.0,3.0,28.7,0.0,50.5,50.0,15.0,37.0,64.0,0.0,0.0,0.0,48.5,48.5,0.0,0.0,0.0,0.0,0.0,0.0,0.0,1.0,1.0,8.0,1.0,1.0,1.0,1.0,0.0,1.0,78.6,0.0,0.0,0.0,0.0,0.0,100.0,0.0,0.0,0.0,0.0,0.0,0.0,0.0,34.0,50.5,0.0,1.0,0.0,0.0,0.0,0.0,52.9,4.0,1.0,0.0,0.0,0.0,0.0,0.0,35.4,37.9,96.0,96,96,0.0,0.0,0.0,50.0335693359375,50.0335693359375,50.0335693359375,578.728,578.728,578.728,96,0.0,50.0335693359375,578.728,5
11777066.46513834,81.92884063720703,141199157.41485804,209145.64045760833,2111372.5440193815,14771360.259135595,13.240625,0.0,100.0,8.0,77.3,3.0,30.3,68.7,1.0,49.0,51.0,31.0,15.2,0.0,1.0,0.0,0.0,49.5,49.5,6.1,0.0,1.0,0.0,0.0,0.0,0.0,1.0,0.0,2.0,0.0,0.0,1.0,0.0,0.0,2.0,83.3,0.0,0.0,0.0,0.0,0.0,100.0,0.0,1.0,0.0,0.0,0.0,0.0,0.0,34.0,48.5,1.0,0.0,0.0,0.0,0.0,0.0,54.1,1.0,0.0,1.0,0.0,0.0,1.0,0.0,36.1,38.8,98.0,98,98,0.0,0.0,0.0,50.0335693359375,50.0335693359375,50.0335693359375,577.083,577.083,577.083,98,0.0,50.0335693359375,577.083,5
11777067.47305664,81.9337043762207,139178751.87412608,206104.9987661914,2080676.578426163,14556608.406098664,13.0578125,0.0,100.0,6.1,78.1,1.0,8.0,93.9,0.0,47.5,50.0,13.4,29.9,5.0,0.0,0.0,1.0,49.5,50.0,0.0,0.0,0.0,0.0,0.0,1.0,0.0,0.0,1.0,0.0,0.0,2.0,0.0,0.0,0.0,0.0,79.4,0.0,0.0,0.0,0.0,0.0,100.0,0.0,1.0,0.0,1.0,1.0,0.0,0.0,35.1,50.0,0.0,0.0,0.0,0.0,0.0,0.0,54.5,1.0,0.0,1.0,0.0,0.0,0.0,0.0,35.7,38.6,99.0,99,99,0.0,0.0,0.0,50.0335693359375,50.0335693359375,50.0335693359375,580.105,580.105,580.105,99,0.0,50.0335693359375,580.105,5
11777068.473675352,81.93062210083008,140226711.17532602,207608.55028259332,2095855.2710506127,14662799.962701747,13.1734375,0.0,100.0,7.0,84.8,2.0,67.7,32.7,0.0,50.5,51.5,44.0,0.0,0.0,0.0,0.0,0.0,50.5,48.5,1.0,0.0,0.0,0.0,0.0,0.0,0.0,2.0,0.0,1.0,2.0,0.0,0.0,1.0,0.0,1.0,78.6,0.0,0.0,0.0,0.0,0.0,100.0,0.0,0.0,1.0,0.0,1.0,1.0,0.0,34.0,48.0,0.0,0.0,0.0,0.0,1.0,0.0,56.1,1.0,1.0,0.0,0.0,0.0,0.0,0.0,34.7,38.5,99.0,99,99,0.0,0.0,0.0,50.0335693359375,50.0335693359375,50.0335693359375,581.32,581.32,581.32,99,0.0,50.0335693359375,581.32,5
11777069.470070822,81.93275451660156,140856591.7296655,208489.5065613086,2104738.592188533,14724948.510193994,13.290625,0.0,100.0,10.1,77.3,1.0,62.0,37.4,0.0,51.0,49.5,27.0,21.6,0.0,0.0,0.0,0.0,49.5,50.0,1.0,1.0,1.0,0.0,0.0,0.0,0.0,0.0,2.0,1.0,2.0,1.0,1.0,0.0,1.0,0.0,79.2,0.0,0.0,0.0,0.0,0.0,100.0,0.0,2.0,0.0,0.0,1.0,0.0,0.0,35.1,50.0,0.0,2.0,1.0,0.0,0.0,0.0,7.9,47.9,2.0,0.0,0.0,0.0,0.0,0.0,37.8,37.3,99.0,99,99,0.0,0.0,0.0,50.0335693359375,50.0335693359375,50.0335693359375,577.473,577.473,577.473,99,0.0,50.0335693359375,577.473,5
11777070.4656258,81.92926406860352,141008315.058679,208666.5272986761,2106515.5077162846,14737379.977811974,13.3703125,0.0,100.0,7.0,78.4,3.0,10.0,91.0,1.0,50.5,48.5,7.1,37.4,1.0,0.0,0.0,0.0,49.5,48.0,1.0,0.0,0.0,0.0,0.0,0.0,0.0,0.0,0.0,17.8,0.0,0.0,0.0,1.0,0.0,1.0,85.6,2.0,0.0,0.0,0.0,0.0,100.0,0.0,1.0,0.0,0.0,0.0,0.0,0.0,34.0,49.5,0.0,0.0,0.0,0.0,0.0,0.0,7.0,48.5,0.0,0.0,0.0,0.0,0.0,0.0,35.7,39.2,99.0,99,99,0.0,0.0,0.0,50.0335693359375,50.0335693359375,50.0335693359375,576.797,576.797,576.797,99,0.0,50.0335693359375,576.797,5
11777071.466228064,81.93066024780273,140332437.83065987,207614.96099200615,2095889.7211625478,14663040.978914544,13.2375,0.0,100.0,7.1,77.9,5.1,59.2,40.8,0.0,49.0,49.0,0.0,44.9,2.0,1.0,0.0,0.0,50.5,51.5,3.0,1.0,0.0,1.0,0.0,0.0,0.0,2.0,0.0,1.0,1.0,1.0,1.0,2.0,1.0,1.0,77.3,1.0,0.0,0.0,0.0,0.0,100.0,0.0,1.0,1.0,0.0,0.0,0.0,0.0,34.7,49.5,0.0,0.0,0.0,0.0,0.0,0.0,12.0,43.4,0.0,0.0,0.0,0.0,0.0,0.0,36.1,38.2,99.0,99,99,0.0,0.0,0.0,50.0335693359375,50.0335693359375,50.0335693359375,579.681,579.681,579.681,99,0.0,50.0335693359375,579.681,5
11777072.473582111,81.93099594116211,139424331.88950822,206223.4232223084,2081842.035513192,14564762.05314112,13.2609375,0.0,100.0,4.0,85.7,6.9,82.8,18.0,0.0,50.0,49.5,2.0,45.0,0.0,0.0,0.0,0.0,49.0,49.5,1.0,0.0,2.0,0.0,0.0,0.0,0.0,0.0,1.0,1.0,0.0,0.0,0.0,0.0,0.0,0.0,85.6,0.0,0.0,0.0,0.0,0.0,100.0,0.0,0.0,0.0,0.0,0.0,1.0,0.0,34.4,49.5,0.0,0.0,0.0,0.0,1.0,0.0,45.5,10.0,1.0,0.0,0.0,0.0,0.0,0.0,35.7,37.6,99.0,99,99,0.0,0.0,0.0,50.0335693359375,50.0335693359375,50.0335693359375,583.219,583.219,583.219,99,0.0,50.0335693359375,583.219,5
11777073.469032252,81.93119430541992,141124469.45038164,208689.50785464223,2106737.3581225504,14738932.064052688,13.15,0.0,100.0,5.0,77.9,5.1,98.0,2.0,1.0,50.5,49.5,2.0,43.3,0.0,0.0,0.0,0.0,50.0,49.0,1.0,0.0,1.0,1.0,0.0,0.0,0.0,0.0,0.0,0.0,1.0,1.0,0.0,1.0,1.0,2.0,77.9,1.0,0.0,0.0,0.0,0.0,100.0,0.0,0.0,0.0,0.0,0.0,1.0,0.0,34.7,50.5,2.0,0.0,0.0,0.0,0.0,0.0,54.6,2.0,0.0,1.0,0.0,0.0,0.0,0.0,35.4,39.2,99.0,99,99,0.0,0.0,0.0,50.0335693359375,50.0335693359375,50.0335693359375,583.929,583.929,583.929,99,0.0,50.0335693359375,583.929,5
11777074.465399528,81.93017196655273,141027396.64867368,208506.44643155718,2104798.1513597323,14725365.191739377,13.2015625,0.0,100.0,3.1,77.1,5.2,100.0,3.1,6.0,50.5,49.5,1.0,30.3,12.2,0.0,0.0,0.0,50.0,49.5,3.0,1.0,0.0,0.0,0.0,0.0,0.0,1.0,1.0,1.0,0.0,2.0,1.0,1.0,1.0,0.0,78.4,0.0,0.0,0.0,0.0,0.0,100.0,0.0,0.0,0.0,0.0,0.0,0.0,0.0,35.1,49.0,0.0,0.0,0.0,0.0,0.0,0.0,39.0,18.2,2.0,0.0,0.0,0.0,0.0,0.0,35.7,38.0,100.0,100,100,0.0,0.0,0.0,50.0335693359375,50.0335693359375,50.0335693359375,670.541,670.541,670.541,100,0.0,50.0335693359375,670.541,5
11777075.465502972,81.93964004516602,140536001.4134032,207728.5117607021,2096935.0849385315,14670354.44189418,13.676562500000001,0.0,100.0,4.0,82.5,9.0,100.0,1.0,0.0,51.0,51.0,1.0,0.0,42.6,0.0,0.0,0.0,51.5,51.0,0.0,0.0,0.0,0.0,0.0,1.0,0.0,1.0,0.0,17.2,1.0,0.0,1.0,0.0,1.0,1.0,85.4,1.0,0.0,0.0,0.0,0.0,100.0,0.0,3.0,0.0,0.0,0.0,0.0,0.0,33.7,51.5,0.0,0.0,1.0,0.0,0.0,0.0,0.0,55.6,0.0,0.0,1.0,0.0,0.0,0.0,36.1,39.2,100.0,100,100,0.0,0.0,0.0,50.0335693359375,50.0335693359375,50.0335693359375,691.418,691.418,691.418,100,0.0,50.0335693359375,691.418,5
11777076.466227496,81.9327507019043,140484228.76817086,207602.58688944968,2095633.6625723005,14661249.56901168,13.2140625,0.0,100.0,11.2,80.2,1.0,100.0,2.0,0.0,50.0,48.5,2.0,1.0,42.0,1.0,0.0,0.0,48.0,49.5,0.0,0.0,0.0,0.0,0.0,0.0,0.0,0.0,0.0,2.9,2.0,1.0,1.0,1.0,0.0,1.0,78.1,4.0,0.0,1.0,0.0,0.0,100.0,0.0,0.0,1.0,1.0,0.0,0.0,2.0,35.7,47.9,0.0,0.0,0.0,0.0,0.0,1.0,20.4,35.0,0.0,0.0,0.0,0.0,0.0,0.0,35.1,38.2,100.0,100,100,0.0,0.0,0.0,50.0335693359375,50.0335693359375,50.0335693359375,688.945,688.945,688.945,100,0.0,50.0335693359375,688.945,5
11777077.466392888,81.9290885925293,140595472.67388088,207718.64505739283,2096805.205794388,14669445.795225581,13.26875,0.0,100.0,8.7,79.2,1.0,69.3,0.0,31.4,50.0,50.5,0.0,1.9,42.7,0.0,0.0,2.9,51.0,51.0,0.0,0.0,0.0,0.0,0.0,0.0,0.0,1.0,1.0,1.0,0.0,0.0,0.0,1.9,1.0,1.0,83.0,0.0,1.0,0.0,0.0,0.0,100.0,0.0,1.0,0.0,0.0,0.0,0.0,0.0,35.1,51.0,0.0,0.0,0.0,0.0,0.0,1.0,55.4,0.0,1.0,1.0,0.0,0.0,0.0,0.0,36.3,36.9,99.0,99,99,0.0,0.0,0.0,50.0335693359375,50.0335693359375,50.0335693359375,662.197,662.197,662.197,99,0.0,50.0335693359375,662.197,5
11777078.46744984,81.9310188293457,140502929.0916092,207533.64681350553,2094937.7505125643,14656380.90300001,13.1171875,0.0,100.0,6.1,78.1,3.0,81.2,1.0,18.2,50.0,49.5,4.0,0.0,43.4,0.0,0.0,0.0,50.5,49.5,1.0,0.0,0.0,0.0,0.0,0.0,0.0,1.0,1.0,0.0,0.0,1.0,1.0,0.0,0.0,0.0,81.4,1.0,1.0,0.0,0.0,0.0,100.0,0.0,0.0,0.0,0.0,0.0,1.0,0.0,35.1,51.0,2.9,0.0,0.0,0.0,0.0,0.0,24.0,29.6,0.0,0.0,0.0,0.0,0.0,0.0,35.1,37.9,99.0,99,99,0.0,0.0,0.0,50.0335693359375,50.0335693359375,50.0335693359375,576.963,576.963,576.963,99,0.0,50.0335693359375,576.963,5
11777079.471041469,81.93932342529297,140180665.09372836,207010.49515504343,2089646.7646129057,14619364.669616072,13.2921875,0.0,100.0,7.1,84.5,1.0,9.0,1.0,92.0,51.0,50.0,0.0,1.0,43.9,3.0,1.0,0.0,49.0,49.0,0.0,0.0,0.0,0.0,0.0,0.0,0.0,6.1,1.0,1.0,1.0,0.0,0.0,1.0,1.0,2.0,77.3,0.0,0.0,0.0,0.0,0.0,100.0,0.0,0.0,0.0,0.0,0.0,0.0,1.0,35.4,48.5,2.0,1.0,0.0,1.0,0.0,0.0,39.2,14.6,1.0,0.0,0.0,0.0,0.0,0.0,36.1,38.0,99.0,99,99,0.0,0.0,0.0,50.0335693359375,50.0335693359375,50.0335693359375,577.129,577.129,577.129,99,0.0,50.0335693359375,577.129,5
11777080.466968557,81.94573593139648,141295079.42983127,208604.62830166146,2105728.446738158,14735986.376294568,13.637500000000001,0.0,100.0,11.0,78.4,1.0,0.0,0.0,98.0,50.0,49.0,7.1,1.0,38.0,0.0,0.0,0.0,49.5,50.0,1.0,0.0,0.0,0.0,0.0,1.0,0.0,9.0,0.0,17.0,1.0,1.0,0.0,1.0,1.0,0.0,78.4,2.0,0.0,0.0,0.0,0.0,100.0,0.0,2.0,1.0,0.0,0.0,0.0,0.0,36.1,51.0,0.0,1.0,2.0,1.0,0.0,1.0,52.5,5.9,0.0,1.0,0.0,0.0,0.0,0.0,34.7,38.2,99.0,99,99,0.0,0.0,0.0,50.0335693359375,50.0335693359375,50.0335693359375,578.692,578.692,578.692,99,0.0,50.0335693359375,578.692,5
11777081.467407988,81.93270492553711,140693222.96341637,207663.74600479388,2096230.8500948015,14669521.749784518,13.3078125,0.0,100.0,11.1,77.6,1.0,24.0,0.0,76.0,49.5,50.5,2.0,8.0,39.0,0.0,0.0,0.0,51.0,51.0,1.0,0.0,0.0,0.0,0.0,0.0,0.0,0.0,1.0,1.0,0.0,1.0,1.0,0.0,1.0,0.0,85.7,0.0,0.0,0.0,0.0,0.0,100.0,0.0,1.0,1.0,0.0,0.0,0.0,1.0,32.3,50.5,0.0,0.0,0.0,0.0,0.0,0.0,54.5,2.0,1.0,0.0,0.0,0.0,0.0,0.0,38.4,37.6,98.0,98,98,0.0,0.0,0.0,50.0335693359375,50.0335693359375,50.0335693359375,580.468,580.468,580.468,98,0.0,50.0335693359375,580.468,5
11777082.46726212,81.92799758911133,140808295.34936485,207786.30926259415,2097457.9508782797,14678109.058587648,13.2625,0.0,100.0,3.0,82.1,9.0,90.9,1.0,9.0,52.0,49.0,0.0,44.4,1.0,0.0,0.0,0.0,49.5,49.5,0.0,0.0,0.0,0.0,0.0,0.0,0.0,2.0,0.0,1.0,0.0,1.0,0.0,1.0,1.0,2.0,77.9,2.0,1.0,0.0,0.0,0.0,100.0,0.0,0.0,3.1,0.0,0.0,0.0,0.0,33.7,48.5,1.0,21.0,0.0,0.0,0.0,0.0,22.4,11.1,4.0,1.0,0.0,1.0,0.0,0.0,35.1,37.6,97.0,97,97,0.0,0.0,0.0,50.0335693359375,50.0335693359375,50.0335693359375,581.372,581.372,581.372,97,0.0,50.0335693359375,581.372,5
11777083.466653151,81.93084716796875,140906271.61892822,207882.59415522203,2098429.879752268,14684910.662406985,13.146875,0.0,100.0,2.0,81.4,7.1,2.0,0.0,99.0,47.9,50.0,1.0,44.9,0.0,0.0,0.0,0.0,49.5,48.5,0.0,0.0,0.0,0.0,0.0,0.0,0.0,0.0,1.0,0.0,0.0,1.0,0.0,1.0,0.0,0.0,83.3,0.0,2.0,0.0,0.0,0.0,100.0,0.0,2.0,1.0,0.0,0.0,0.0,0.0,34.7,51.5,0.0,54.7,0.0,0.0,0.0,0.0,0.0,0.0,3.1,0.0,0.0,0.0,0.0,0.0,35.4,37.4,99.0,99,99,0.0,0.0,0.0,50.0335693359375,50.0335693359375,50.0335693359375,579.61,579.61,579.61,99,0.0,50.0335693359375,579.61,5
11777084.466242185,81.93223190307617,140911081.74466467,207843.4166971266,2098014.213716018,14682001.812000962,13.2890625,0.0,100.0,7.8,77.8,2.0,24.5,2.9,76.5,50.5,50.0,1.0,42.0,0.0,0.0,0.0,0.0,52.0,52.9,0.0,0.0,0.0,0.0,0.0,0.0,0.0,1.0,2.0,1.0,1.0,0.0,1.0,1.0,1.0,1.0,81.0,1.0,0.0,0.0,0.0,0.0,100.0,0.0,1.0,0.0,1.0,1.0,0.0,0.0,35.4,49.5,1.0,56.4,0.0,0.0,0.0,0.0,0.0,0.0,1.0,1.0,0.0,0.0,0.0,0.0,35.4,36.9,98.0,98,98,0.0,0.0,0.0,50.0335693359375,50.0335693359375,50.0335693359375,579.542,579.542,579.542,98,0.0,50.0335693359375,579.542,5
11777085.475233875,81.93029022216797,139633085.53192455,205906.552042471,2078463.10336532,14545182.22530848,13.425,0.0,100.0,10.1,79.4,0.0,32.7,1.0,66.0,50.0,50.5,0.0,30.0,18.0,0.0,0.0,0.0,51.5,49.0,0.0,0.0,0.0,0.0,0.0,0.0,0.0,0.0,1.0,17.2,0.0,1.0,1.0,0.0,0.0,0.0,78.1,0.0,0.0,0.0,0.0,0.0,100.0,0.0,2.0,1.0,0.0,0.0,0.0,0.0,33.7,52.4,0.0,30.0,0.0,2.0,0.0,0.0,24.8,1.0,1.0,0.0,0.0,0.0,0.0,0.0,35.4,39.4,99.0,99,99,0.0,0.0,0.0,50.0335693359375,50.0335693359375,50.0335693359375,580.505,580.505,580.505,99,0.0,50.0335693359375,580.505,5
11777086.467547933,81.93118286132812,142012809.2972205,209369.1996455194,2113395.435959763,14793768.05171834,13.171875,0.0,98.0,8.1,84.2,0.0,98.0,1.0,1.0,48.5,49.0,2.0,28.3,16.2,0.0,0.0,0.0,49.5,49.0,0.0,0.0,0.0,0.0,0.0,0.0,0.0,2.0,1.0,1.0,2.0,0.0,1.0,1.0,1.0,1.0,77.1,0.0,0.0,0.0,0.0,0.0,82.0,1.0,19.6,2.0,1.0,2.0,1.0,0.0,34.7,47.9,0.0,0.0,0.0,0.0,0.0,0.0,3.1,54.1,0.0,0.0,0.0,0.0,0.0,0.0,35.7,37.0,99.0,99,99,0.0,0.0,0.0,50.0335693359375,50.0335693359375,50.0335693359375,582.367,582.367,582.367,99,0.0,50.0335693359375,582.367,5
11777087.470184807,81.93482971191406,140586033.33064708,207223.57751665486,2091636.6175877547,14641456.323114283,15.121875,0.0,100.0,7.1,77.1,3.0,15.2,6.0,85.0,52.0,49.0,1.0,33.3,10.3,0.0,0.0,0.0,49.5,50.5,0.0,0.0,0.0,0.0,0.0,0.0,0.0,1.0,1.0,0.0,0.0,2.0,0.0,0.0,1.0,1.0,85.4,1.0,0.0,0.0,0.0,0.0,18.2,19.2,100.0,21.2,20.0,19.2,20.0,1.0,35.7,52.0,0.0,0.0,0.0,0.0,0.0,0.0,0.0,54.6,0.0,0.0,0.0,0.0,0.0,0.0,36.1,39.2,100.0,100,100,0.0,0.0,0.0,50.0335693359375,50.0335693359375,50.0335693359375,630.086,630.086,630.086,100,0.0,50.0335693359375,630.086,5
11777088.467442585,81.93574905395508,141377112.36830682,208341.31805816718,2102918.668952791,14720430.682669537,13.1890625,0.0,100.0,3.1,77.9,1.0,1.0,4.0,100.0,49.5,50.5,1.0,42.4,0.0,0.0,0.0,0.0,51.5,50.0,0.0,0.0,0.0,0.0,0.0,0.0,0.0,0.0,2.0,2.0,1.0,0.0,0.0,3.0,2.0,0.0,78.1,1.0,1.0,2.0,0.0,0.0,0.0,0.0,100.0,2.0,0.0,0.0,0.0,0.0,34.0,50.0,2.0,4.0,0.0,1.0,0.0,0.0,0.0,51.5,0.0,0.0,0.0,0.0,0.0,0.0,37.4,38.2,100.0,100,100,0.0,0.0,0.0,50.0335693359375,50.0335693359375,50.0335693359375,688.961,688.961,688.961,100,0.0,50.0335693359375,688.961,5
11777089.466867547,81.93221282958984,141103248.6837922,207890.5448951993,2098358.635266986,14688510.446868904,13.3140625,0.0,100.0,3.0,84.7,2.0,0.0,5.0,100.0,50.5,49.5,0.0,41.4,2.0,0.0,0.0,0.0,48.5,51.0,0.0,0.0,0.0,0.0,0.0,0.0,0.0,2.0,0.0,0.0,1.0,1.0,1.0,0.0,0.0,2.0,85.7,1.0,2.0,1.0,0.0,0.0,0.0,0.0,100.0,0.0,0.0,0.0,0.0,0.0,33.3,49.5,9.1,16.3,2.0,0.0,0.0,0.0,0.0,33.0,1.0,0.0,0.0,0.0,0.0,0.0,34.4,39.2,100.0,100,100,0.0,0.0,0.0,50.0335693359375,50.0335693359375,50.0335693359375,686.475,686.475,686.475,100,0.0,50.0335693359375,686.475,5
11777090.468026832,81.99795913696289,140891457.7501195,207530.4132576403,2094723.619870371,14663065.339092597,14.128125,0.0,100.0,4.0,79.4,6.1,0.0,4.0,100.0,49.0,51.0,1.0,32.7,10.0,0.0,0.0,0.0,51.0,50.5,3.0,1.0,1.0,1.0,2.0,0.0,1.0,2.0,19.8,7.0,1.0,2.9,2.0,2.0,4.0,1.0,79.6,2.0,1.0,0.0,0.0,0.0,0.0,0.0,100.0,8.1,0.0,0.0,0.0,0.0,34.0,50.0,6.0,2.0,10.9,2.0,3.0,1.0,2.9,30.3,3.0,1.0,1.0,0.0,0.0,0.0,37.8,39.2,100.0,100,100,0.0,0.0,0.0,50.0335693359375,50.0335693359375,50.0335693359375,686.866,686.866,686.866,100,0.0,50.0335693359375,686.866,5
11777091.468494674,81.93361282348633,141024268.86128297,207674.84089471705,2096171.3220840038,14673199.254588027,13.1171875,0.0,100.0,6.9,77.8,2.9,1.0,3.9,99.0,50.0,50.5,1.0,0.0,42.6,0.0,0.0,0.0,51.0,50.5,0.0,0.0,0.0,0.0,0.0,0.0,0.0,0.0,1.9,1.0,0.0,0.0,0.0,0.0,1.0,1.0,78.8,1.0,0.0,1.9,0.0,0.0,0.0,0.0,100.0,55.0,0.0,0.0,0.0,0.0,36.6,50.0,0.0,0.0,0.0,1.0,0.0,0.0,1.0,0.0,0.0,0.0,0.0,0.0,0.0,0.0,34.3,37.9,98.0,98,98,0.0,0.0,0.0,50.0335693359375,50.0335693359375,50.0335693359375,600.169,600.169,600.169,98,0.0,50.0335693359375,600.169,5
11777092.467391336,81.9456901550293,141281580.31565598,208002.4970287289,2099468.4229846653,14696278.960892657,13.41875,0.0,100.0,11.9,81.3,1.0,66.3,2.0,34.0,50.0,50.0,1.0,15.2,29.0,0.0,0.0,0.0,50.0,50.5,0.0,0.0,0.0,0.0,0.0,0.0,0.0,1.0,0.0,0.0,1.0,1.0,1.0,1.0,2.0,1.0,85.4,1.0,0.0,0.0,0.0,0.0,0.0,0.0,100.0,48.0,9.0,0.0,0.0,1.0,36.1,48.5,0.0,0.0,0.0,0.0,0.0,0.0,2.0,0.0,2.0,1.0,0.0,0.0,0.0,0.0,36.1,38.5,99.0,99,99,0.0,0.0,0.0,50.0335693359375,50.0335693359375,50.0335693359375,574.817,574.817,574.817,99,0.0,50.0335693359375,574.817,5
11777093.467266647,81.96516799926758,141176036.12581497,207798.91027813376,2097413.5247968156,14681894.67357771,13.4796875,0.0,100.0,6.1,82.5,2.0,40.0,1.0,58.0,50.5,52.5,1.0,0.0,44.4,0.0,0.0,0.0,50.0,51.5,1.0,0.0,1.0,0.0,0.0,0.0,0.0,1.0,1.0,1.0,0.0,0.0,0.0,0.0,1.0,0.0,78.6,3.0,2.9,0.0,0.0,0.0,0.0,0.0,100.0,53.9,4.0,1.0,0.0,0.0,34.7,51.0,1.0,1.0,0.0,0.0,2.0,0.0,3.9,0.0,2.0,0.0,0.0,0.0,0.0,0.0,38.6,39.6,99.0,99,99,0.0,0.0,0.0,50.0335693359375,50.0335693359375,50.0335693359375,576.167,576.167,576.167,99,0.0,50.0335693359375,576.167,5
11777094.474681048,81.93185424804688,140152021.7688529,206245.81094024834,2081717.313945199,14572021.197616393,13.3453125,0.0,100.0,8.2,77.9,3.1,99.0,0.0,1.0,51.0,50.0,0.0,2.0,45.4,0.0,0.0,0.0,54.5,52.5,0.0,0.0,0.0,0.0,0.0,0.0,0.0,0.0,0.0,0.0,1.0,2.0,1.0,2.0,1.0,2.0,78.9,52.5,1.0,0.0,0.0,0.0,0.0,0.0,100.0,5.1,0.0,0.0,0.0,0.0,36.5,50.5,0.0,0.0,0.0,0.0,0.0,0.0,0.0,0.0,1.0,0.0,0.0,0.0,0.0,0.0,35.4,39.6,99.0,99,99,0.0,0.0,0.0,50.0335693359375,50.0335693359375,50.0335693359375,573.664,573.664,573.664,99,0.0,50.0335693359375,573.664,5
11777095.467568671,81.93371200561523,142235505.45105833,209263.35977978483,2112174.5806227666,14785222.064359367,13.221875,0.0,100.0,8.8,77.6,1.0,98.0,2.0,3.0,49.0,48.5,1.0,0.0,44.0,0.0,0.0,0.0,50.0,49.5,0.0,0.0,0.0,0.0,0.0,0.0,0.0,1.0,7.0,1.0,0.0,0.0,1.0,2.0,1.0,1.0,82.7,4.0,52.0,0.0,0.0,0.0,0.0,0.0,100.0,0.0,0.0,1.0,0.0,1.0,33.3,49.0,0.0,0.0,1.0,0.0,0.0,0.0,0.0,1.0,0.0,0.0,0.0,0.0,0.0,0.0,36.0,38.8,99.0,99,99,0.0,0.0,0.0,50.0335693359375,50.0335693359375,50.0335693359375,578.17,578.17,578.17,99,0.0,50.0335693359375,578.17,5
11777096.475150604,81.93228149414062,140196364.63080138,206213.50314471291,2081371.1842356997,14569598.289649898,13.4453125,0.0,100.0,9.3,83.7,2.0,100.0,0.0,0.0,49.0,50.5,1.0,0.0,43.9,0.0,0.0,0.0,50.5,50.0,0.0,0.0,0.0,0.0,0.0,0.0,0.0,0.0,10.0,0.0,0.0,1.0,1.0,0.0,1.0,1.0,80.4,35.0,22.0,2.0,0.0,0.0,0.0,0.0,100.0,2.0,2.0,0.0,0.0,0.0,35.4,51.5,0.0,1.0,0.0,0.0,0.0,0.0,0.0,1.0,0.0,0.0,0.0,0.0,0.0,0.0,36.1,38.2,99.0,99,99,0.0,0.0,0.0,50.0335693359375,50.0335693359375,50.0335693359375,574.047,574.047,574.047,99,0.0,50.0335693359375,574.047,5
11777097.467686199,81.93373107910156,142354624.5928262,209339.59555499666,2112923.7186856694,14790466.030799685,13.059375,0.0,100.0,6.9,79.4,1.0,98.0,2.0,1.0,49.0,50.5,0.0,1.0,44.6,0.0,0.0,0.0,49.5,51.0,0.0,0.0,0.0,0.0,0.0,0.0,0.0,1.0,2.0,2.0,1.0,0.0,1.0,1.0,1.0,0.0,78.6,17.2,35.7,1.0,1.0,0.0,0.0,0.0,100.0,0.0,0.0,0.0,0.0,0.0,36.0,48.5,0.0,0.0,0.0,0.0,0.0,0.0,0.0,2.0,0.0,0.0,0.0,0.0,0.0,0.0,36.0,36.9,98.0,98,98,0.0,0.0,0.0,50.0335693359375,50.0335693359375,50.0335693359375,578.66,578.66,578.66,98,0.0,50.0335693359375,578.66,5
11777098.4765672,81.93270492553711,140080683.33893332,205947.9758612225,2078691.1422983028,14550837.996088121,13.38125,0.0,100.0,7.1,77.9,1.0,82.0,0.0,16.3,51.5,49.5,1.0,1.0,43.9,0.0,0.0,0.0,50.0,50.0,0.0,1.0,0.0,0.0,0.0,0.0,0.0,1.0,0.0,2.0,0.0,1.0,1.0,0.0,1.0,2.0,85.6,2.0,56.0,0.0,0.0,0.0,0.0,0.0,100.0,0.0,1.0,0.0,0.0,0.0,35.1,51.5,0.0,0.0,0.0,0.0,0.0,0.0,0.0,7.1,1.0,2.0,0.0,0.0,0.0,0.0,36.7,38.2,99.0,99,99,0.0,0.0,0.0,50.0335693359375,50.0335693359375,50.0335693359375,577.588,577.588,577.588,99,0.0,50.0335693359375,577.588,5
11777099.471356155,81.93366622924805,142100683.93101782,208867.4173233322,2108137.597998165,14756963.185987156,13.3890625,0.0,100.0,12.1,77.3,10.1,15.3,2.0,84.0,50.5,51.0,3.0,1.0,44.3,2.1,0.0,0.0,50.0,50.0,7.1,0.0,0.0,0.0,0.0,0.0,0.0,0.0,1.0,0.0,0.0,0.0,1.0,1.0,1.0,0.0,78.4,0.0,57.1,0.0,0.0,0.0,0.0,0.0,100.0,0.0,0.0,0.0,0.0,0.0,34.0,49.5,0.0,0.0,0.0,0.0,0.0,0.0,0.0,0.0,0.0,0.0,0.0,0.0,0.0,0.0,37.1,37.0,99.0,99,99,0.0,0.0,0.0,50.0335693359375,50.0335693359375,50.0335693359375,579.888,579.888,579.888,99,0.0,50.0335693359375,579.888,5
11777100.469615389,81.9324951171875,141639460.2542843,208141.32548604815,2100809.018359492,14705663.128516443,13.3703125,0.0,100.0,3.0,85.6,28.0,1.0,0.0,75.0,49.5,49.5,0.0,13.3,44.6,17.3,12.0,0.0,51.5,51.5,4.0,0.0,0.0,0.0,0.0,0.0,0.0,2.0,0.0,1.0,0.0,2.0,0.0,0.0,0.0,0.0,81.1,6.9,8.2,0.0,0.0,0.0,0.0,0.0,100.0,3.0,1.0,0.0,0.0,0.0,33.7,51.5,0.0,0.0,0.0,0.0,0.0,0.0,0.0,0.0,1.0,1.0,0.0,1.0,0.0,0.0,36.7,39.8,99.0,99,99,0.0,0.0,0.0,50.0335693359375,50.0335693359375,50.0335693359375,579.754,579.754,579.754,99,0.0,50.0335693359375,579.754,5
11777101.48840668,81.93769073486328,138820885.22901946,204024.12315476206,2058470.6767228376,14425376.53922176,14.137500000000001,0.0,100.0,18.3,80.0,56.6,22.9,24.1,15.7,53.7,53.6,10.3,17.8,27.8,8.4,0.9,41.7,52.3,51.4,0.0,0.0,0.0,0.0,0.0,0.0,0.0,0.9,16.5,0.0,0.9,0.0,0.0,1.8,0.9,1.8,77.9,0.0,0.9,0.0,0.0,0.0,0.0,0.0,100.0,0.0,0.0,0.0,0.0,0.0,37.1,52.8,0.0,0.0,0.0,0.0,0.0,0.0,0.0,0.0,0.9,1.9,0.9,0.0,0.0,0.0,37.4,36.7,0.0,0,0,0.0,0.0,0.0,11.7425537109375,11.7425537109375,11.7425537109375,170.153,170.153,170.153,0,0.0,11.7425537109375,170.153,5
11777102.469181633,81.9797248840332,144235221.03341812,211938.52835984324,2138260.153883799,14984526.23463881,18.2171875,0.0,100.0,60.2,76.7,48.9,47.3,62.8,47.9,53.8,57.4,50.0,67.4,48.9,19.4,1.1,16.0,54.3,55.3,10.6,8.5,0.0,0.0,0.0,0.0,0.0,0.0,0.0,2.1,0.0,1.1,1.1,1.1,1.1,0.0,84.9,0.0,2.1,2.1,0.0,0.0,0.0,0.0,100.0,2.1,0.0,0.0,0.0,0.0,42.4,54.3,0.0,0.0,0.0,0.0,0.0,0.0,0.0,0.0,2.1,1.1,1.1,0.0,0.0,0.0,42.2,38.5,0.0,0,0,0.0,0.0,0.0,11.7445068359375,11.7445068359375,11.7445068359375,144.212,144.212,144.212,0,0.0,11.7445068359375,144.212,5
11777103.469675684,81.98556900024414,141425139.66583607,207772.34971228542,2096116.4100724896,14689190.77996112,13.3765625,0.0,100.0,5.2,85.3,6.2,8.1,40.0,2.1,50.5,48.9,2.1,97.9,6.1,0.0,0.0,0.0,49.5,51.0,0.0,55.2,0.0,0.0,0.0,0.0,0.0,0.0,1.0,0.0,0.0,0.0,1.0,0.0,1.0,1.0,76.6,1.0,0.0,0.0,0.0,0.0,0.0,0.0,100.0,0.0,1.0,0.0,0.0,0.0,34.4,52.5,0.0,0.0,0.0,0.0,0.0,0.0,0.0,0.0,1.0,0.0,1.0,0.0,1.0,0.0,37.1,38.4,100.0,100,100,0.0,0.0,0.0,71.7523193359375,71.7523193359375,71.7523193359375,553.271,553.271,553.271,100,0.0,71.7523193359375,553.271,5
11777104.469393408,81.91139602661133,141567680.21821246,207935.69534404317,2097744.143710708,14700597.632097695,15.2734375,0.0,100.0,3.0,78.1,2.0,41.8,5.9,0.0,50.5,51.5,1.0,100.0,0.0,0.0,1.0,0.0,53.1,53.0,0.0,33.0,0.0,24.8,0.0,0.0,0.0,2.0,0.0,2.0,1.0,1.0,2.0,1.0,0.0,0.0,85.7,1.0,1.0,0.0,0.0,0.0,19.8,19.8,100.0,19.4,19.2,19.0,19.0,1.0,35.7,50.5,0.0,0.0,0.0,0.0,0.0,0.0,0.0,0.0,3.0,0.0,2.0,0.0,0.0,0.0,36.1,37.6,100.0,100,100,0.0,0.0,0.0,71.7523193359375,71.7523193359375,71.7523193359375,685.497,685.497,685.497,100,0.0,71.7523193359375,685.497,5
11777105.46987783,81.98029708862305,141494626.91117263,207777.34811279477,2096136.5856389026,14689332.166547623,13.3640625,0.0,100.0,2.0,77.1,0.0,42.0,8.1,0.0,51.0,49.0,0.0,100.0,1.0,0.0,0.0,0.0,51.5,52.0,0.0,0.0,0.0,19.2,0.0,0.0,0.0,0.0,1.0,0.0,0.0,0.0,0.0,0.0,1.0,1.0,78.1,3.0,36.6,0.0,0.0,0.0,2.0,2.0,100.0,3.0,4.0,4.0,4.0,0.0,35.4,51.0,0.0,0.0,0.0,0.0,0.0,0.0,0.0,0.0,0.0,0.0,1.0,0.0,0.0,0.0,36.7,38.6,100.0,100,100,0.0,0.0,0.0,71.7523193359375,71.7523193359375,71.7523193359375,690.441,690.441,690.441,100,0.0,71.7523193359375,690.441,5
11777106.469861561,81.93809509277344,141598181.56774816,207882.381901837,2097186.117742539,14696687.090742638,13.6625,0.0,100.0,6.0,79.2,2.0,42.0,5.9,0.0,49.0,50.0,2.0,100.0,1.0,1.0,0.0,0.0,50.5,50.5,0.0,0.0,2.0,0.0,0.0,0.0,0.0,0.0,18.0,2.0,0.0,1.0,0.0,1.0,1.0,1.0,83.5,1.0,49.5,7.9,1.0,0.0,0.0,0.0,100.0,1.0,0.0,0.0,0.0,0.0,35.4,51.5,0.0,0.0,0.0,0.0,0.0,0.0,0.0,0.0,6.2,1.0,0.0,0.0,0.0,0.0,34.0,37.3,100.0,100,100,0.0,0.0,0.0,71.7523193359375,71.7523193359375,71.7523193359375,695.185,695.185,695.185,100,0.0,71.7523193359375,695.185,5
11777107.470493965,81.9394302368164,141541817.47078186,207748.61906313206,2095826.5920987376,14687159.789941935,13.2734375,0.0,100.0,2.0,84.7,21.0,43.0,4.0,1.0,49.0,51.5,1.0,100.0,0.0,0.0,0.0,0.0,50.0,50.0,1.0,0.0,0.0,0.0,0.0,0.0,0.0,2.0,0.0,0.0,2.9,1.0,1.0,0.0,1.0,0.0,80.4,0.0,0.0,39.2,0.0,0.0,0.0,0.0,100.0,1.0,0.0,0.0,0.0,0.0,34.4,50.5,0.0,0.0,0.0,0.0,0.0,0.0,0.0,0.0,3.0,0.0,0.0,0.0,0.0,0.0,35.7,39.2,100.0,100,100,0.0,0.0,0.0,71.7523193359375,71.7523193359375,71.7523193359375,691.455,691.455,691.455,100,0.0,71.7523193359375,691.455,5
11777108.470353236,81.94461441040039,141683985.9647536,207909.25874334917,2097447.170445123,14698516.499134963,13.159375,0.0,100.0,4.9,78.4,18.0,58.0,2.0,16.5,51.5,51.0,5.1,100.0,0.0,0.0,0.0,0.0,49.0,50.5,0.0,0.0,1.0,0.0,0.0,0.0,0.0,0.0,0.0,1.0,0.0,1.0,0.0,2.0,0.0,2.0,78.4,5.1,0.0,1.0,0.0,0.0,0.0,0.0,100.0,2.0,0.0,0.0,0.0,0.0,34.4,50.0,0.0,0.0,0.0,0.0,0.0,0.0,0.0,0.0,5.1,1.0,0.0,0.0,0.0,0.0,35.1,38.2,100.0,100,100,0.0,0.0,0.0,71.7523193359375,71.7523193359375,71.7523193359375,690.548,690.548,690.548,100,0.0,71.7523193359375,690.548,5
11777109.469928848,81.93605422973633,141756939.05670384,207969.2598238006,2098042.3856822075,14702687.655913597,13.1453125,0.0,100.0,2.0,78.6,3.9,39.6,0.0,0.0,51.0,49.5,1.0,79.4,17.5,0.0,0.0,0.0,50.5,51.9,0.0,0.0,0.0,0.0,1.0,0.0,0.0,0.0,0.0,1.0,0.0,0.0,1.0,0.0,1.0,0.0,87.0,1.0,2.9,1.0,1.0,0.0,0.0,0.0,100.0,1.9,0.0,0.0,0.0,0.0,33.7,49.5,0.0,0.0,0.0,0.0,0.0,0.0,0.0,0.0,34.7,22.5,1.0,1.9,0.0,0.0,36.6,37.7,100.0,100,100,0.0,0.0,0.0,83.2972412109375,83.2972412109375,83.2972412109375,671.078,671.078,671.078,100,0.0,83.2972412109375,671.078,5
11777110.470641203,81.93757629394531,141631364.10481322,207733.02021998912,2095659.1454745294,14685986.355395725,13.125,0.0,100.0,3.1,80.0,9.2,43.4,0.0,1.0,48.5,49.5,22.4,1.0,78.6,0.0,0.0,0.0,50.5,47.4,0.0,0.0,0.0,0.0,0.0,0.0,0.0,1.0,1.0,0.0,1.0,15.5,1.0,1.0,1.0,0.0,77.4,3.1,1.0,0.0,1.0,0.0,0.0,0.0,100.0,1.0,0.0,0.0,0.0,0.0,35.1,51.0,0.0,0.0,0.0,0.0,0.0,0.0,0.0,0.0,2.0,39.2,0.0,0.0,0.0,0.0,34.7,38.4,99.0,99,99,0.0,0.0,0.0,83.2972412109375,83.2972412109375,83.2972412109375,660.66,660.66,660.66,99,0.0,83.2972412109375,660.66,5
11777111.469732273,81.93672561645508,141893959.6561233,208071.1220547222,2099059.898208141,14709818.192911739,13.6453125,0.0,100.0,33.7,82.7,6.9,7.8,9.8,0.0,50.5,50.0,20.8,1.0,78.2,0.0,0.0,0.0,50.5,51.9,0.0,1.0,0.0,0.0,0.0,0.0,0.0,1.0,17.6,1.0,0.0,15.5,1.0,24.8,17.8,1.9,78.8,3.0,2.0,1.0,0.0,0.0,0.0,0.0,100.0,1.0,1.0,0.0,0.0,0.0,36.4,50.0,0.0,0.0,0.0,0.0,0.0,0.0,0.0,0.0,0.0,0.0,0.0,0.0,0.0,0.0,35.7,39.0,99.0,99,99,0.0,0.0,0.0,83.2972412109375,83.2972412109375,83.2972412109375,630.548,630.548,630.548,99,0.0,83.2972412109375,630.548,5
11777112.477534924,81.93856811523438,140702611.7198871,206273.5198517529,2080915.3451900508,14586728.855248226,13.2828125,0.0,100.0,4.0,77.3,13.1,0.0,30.3,0.0,50.0,51.0,100.0,8.2,0.0,0.0,0.0,0.0,49.5,50.0,0.0,2.0,0.0,0.0,0.0,0.0,2.0,2.0,0.0,1.0,1.0,22.2,35.0,0.0,0.0,1.0,83.5,1.0,0.0,1.0,0.0,0.0,0.0,0.0,100.0,2.0,0.0,2.0,1.0,0.0,34.7,50.0,0.0,0.0,0.0,0.0,0.0,0.0,0.0,0.0,0.0,1.0,0.0,0.0,0.0,0.0,36.7,37.6,100.0,100,100,0.0,0.0,0.0,83.2972412109375,83.2972412109375,83.2972412109375,616.627,616.627,616.627,100,0.0,83.2972412109375,616.627,5
11777113.47082765,81.93674850463867,142790934.84240973,209286.7434120142,2111313.1546109705,14799810.374802293,13.078125,0.0,100.0,2.0,79.4,5.0,0.0,0.0,0.0,50.0,49.5,42.9,99.0,1.0,0.0,0.0,0.0,49.5,49.5,0.0,0.0,0.0,0.0,0.0,0.0,0.0,0.0,0.0,1.0,23.0,25.8,6.1,1.0,1.0,0.0,79.2,1.0,2.0,0.0,0.0,0.0,0.0,0.0,100.0,0.0,2.0,0.0,0.0,0.0,33.3,50.5,0.0,0.0,0.0,1.0,0.0,1.0,0.0,0.0,3.0,2.0,1.0,0.0,0.0,0.0,35.7,39.6,99.0,99,99,0.0,0.0,0.0,83.2972412109375,83.2972412109375,83.2972412109375,630.126,630.126,630.126,99,0.0,83.2972412109375,630.126,5
11777114.470359592,81.93908309936523,141932361.64994386,207982.34790820407,2098134.0495003774,14707427.936829794,13.20625,0.0,100.0,2.0,84.7,6.1,0.0,0.0,0.0,49.5,50.0,53.5,83.3,7.9,0.0,0.0,0.0,51.0,50.0,0.0,0.0,0.0,0.0,0.0,1.0,0.0,0.0,1.0,1.0,1.0,25.0,1.0,31.7,7.0,2.0,78.6,0.0,0.0,0.0,1.0,0.0,0.0,0.0,100.0,0.0,0.0,0.0,0.0,0.0,34.4,49.5,0.0,0.0,0.0,0.0,1.0,0.0,0.0,0.0,0.0,0.0,0.0,0.0,0.0,0.0,34.7,37.3,99.0,99,99,0.0,0.0,0.0,83.2972412109375,83.2972412109375,83.2972412109375,641.484,641.484,641.484,99,0.0,83.2972412109375,641.484,5
11777115.47524562,81.93696594238281,141208711.36355427,206875.20208893192,2086955.080242093,14629065.98240014,13.41875,0.0,100.0,4.0,77.3,4.0,0.0,0.0,0.0,51.5,51.0,100.0,29.6,14.3,2.0,1.0,0.0,49.5,50.5,1.0,0.0,1.0,0.0,0.0,0.0,0.0,1.0,0.0,0.0,0.0,3.0,1.0,56.0,0.0,1.0,84.4,1.0,0.0,1.0,1.0,0.0,0.0,0.0,100.0,2.0,3.0,0.0,0.0,0.0,36.7,50.0,0.0,0.0,0.0,0.0,0.0,0.0,0.0,0.0,2.0,1.0,1.0,0.0,1.0,2.0,35.4,38.6,100.0,100,100,0.0,0.0,0.0,83.2972412109375,83.2972412109375,83.2972412109375,645.469,645.469,645.469,100,0.0,83.2972412109375,645.469,5
11777116.470895648,81.94114303588867,142554244.85815874,208795.25333664299,2106314.4069876783,14764770.325544488,13.3859375,0.0,100.0,3.0,77.9,10.1,0.0,0.0,0.0,49.5,49.5,65.7,75.8,1.0,0.0,0.0,0.0,50.5,49.5,0.0,0.0,0.0,0.0,0.0,0.0,0.0,1.0,17.2,1.0,0.0,7.0,0.0,50.0,2.0,0.0,78.4,3.0,1.0,1.0,0.0,0.0,0.0,0.0,100.0,1.0,1.0,0.0,0.0,0.0,34.4,51.5,0.0,0.0,0.0,0.0,0.0,0.0,0.0,0.0,1.0,2.0,0.0,0.0,0.0,1.0,34.4,36.3,99.0,99,99,0.0,0.0,0.0,83.2972412109375,83.2972412109375,83.2972412109375,645.555,645.555,645.555,99,0.0,83.2972412109375,645.555,5
11777117.47199114,81.93716812133789,141811516.56239754,207660.5094915715,2094857.099983011,14684457.288748097,13.3046875,0.0,100.0,25.3,82.5,5.9,0.0,0.0,0.0,49.5,52.5,20.6,7.8,93.0,0.0,0.0,0.0,49.5,50.5,0.0,0.0,0.0,2.9,0.0,0.0,1.0,0.0,1.0,27.0,1.0,28.6,1.0,0.0,0.0,1.0,81.4,3.0,2.0,0.0,0.0,0.0,0.0,0.0,100.0,1.0,0.0,0.0,0.0,0.0,34.4,50.0,0.0,0.0,0.0,1.0,0.0,1.0,0.0,0.0,0.0,0.0,0.0,1.0,0.0,0.0,37.3,38.8,99.0,99,99,0.0,0.0,0.0,83.2972412109375,83.2972412109375,83.2972412109375,646.58,646.58,646.58,99,0.0,83.2972412109375,646.58,5
11777118.471517552,81.93876647949219,142069629.57189772,207987.50053104575,2098145.6580852456,14707509.31028896,13.1453125,0.0,100.0,30.7,80.8,23.3,2.0,3.0,0.0,50.0,50.0,0.0,68.0,30.0,0.0,0.0,0.0,49.5,48.5,0.0,0.0,0.0,0.0,0.0,0.0,0.0,0.0,0.0,29.4,0.0,1.0,0.0,27.7,0.0,1.0,82.8,0.0,2.0,2.0,0.0,0.0,0.0,0.0,100.0,1.0,1.0,1.0,1.0,0.0,33.3,51.0,0.0,0.0,0.0,0.0,0.0,0.0,0.0,0.0,0.0,0.0,0.0,0.0,0.0,0.0,34.0,37.3,98.0,98,98,0.0,0.0,0.0,83.2972412109375,83.2972412109375,83.2972412109375,646.515,646.515,646.515,98,0.0,83.2972412109375,646.515,5
11777119.471867546,81.93755340576172,141985384.86088797,207817.26504851665,2096418.2646160314,14695400.686927611,13.153125,0.0,100.0,5.0,78.1,43.9,0.0,5.0,0.0,47.9,50.5,0.0,38.1,61.4,0.0,0.0,0.0,48.5,50.0,0.0,0.0,0.0,0.0,0.0,0.0,0.0,2.0,0.0,0.0,0.0,0.0,0.0,15.3,40.0,1.0,77.1,3.0,2.0,1.0,1.0,0.0,0.0,0.0,100.0,0.0,2.0,0.0,0.0,0.0,36.5,51.0,0.0,0.0,0.0,0.0,0.0,0.0,0.0,0.0,3.0,1.0,0.0,0.0,0.0,1.0,36.7,39.8,99.0,99,99,0.0,0.0,0.0,83.2972412109375,83.2972412109375,83.2972412109375,642.907,642.907,642.907,99,0.0,83.2972412109375,642.907,5
11777120.471176889,81.94122314453125,142165999.03415796,208033.68005164166,2098601.4151121285,14710704.060229355,13.1265625,0.0,100.0,11.2,79.4,17.2,17.2,5.0,0.0,51.5,49.5,0.0,5.9,93.9,0.0,0.0,0.0,51.0,52.5,0.0,0.0,0.0,1.0,0.0,0.0,0.0,0.0,1.0,0.0,1.0,0.0,1.0,1.0,55.1,0.0,78.1,1.0,2.0,1.0,1.0,2.0,0.0,0.0,100.0,2.0,0.0,1.0,0.0,0.0,33.7,50.5,0.0,0.0,0.0,0.0,0.0,0.0,0.0,0.0,0.0,0.0,0.0,0.0,0.0,0.0,36.4,37.0,100.0,100,100,0.0,0.0,0.0,83.2972412109375,83.2972412109375,83.2972412109375,641.819,641.819,641.819,100,0.0,83.2972412109375,641.819,5
11777121.47108473,81.93780136108398,142116385.1751908,207910.16060413458,2097345.2873442434,14701898.898981424,13.6703125,0.0,100.0,4.0,82.7,2.0,8.0,8.0,34.7,49.5,50.0,0.0,73.0,26.0,0.0,0.0,0.0,50.0,50.5,14.9,0.0,0.0,0.0,0.0,0.0,29.7,1.0,17.6,1.0,0.0,2.0,0.0,1.0,14.9,1.0,85.7,3.9,2.0,1.0,1.0,0.0,0.0,0.0,100.0,0.0,3.0,0.0,0.0,0.0,36.4,48.0,0.0,0.0,0.0,0.0,0.0,0.0,0.0,0.0,0.0,0.0,0.0,0.0,0.0,0.0,35.1,37.3,100.0,100,100,0.0,0.0,0.0,83.2972412109375,83.2972412109375,83.2972412109375,613.015,613.015,613.015,100,0.0,83.2972412109375,613.015,5
11777122.471201083,81.94108963012695,142119484.1149366,207866.81428211005,2096908.020574992,14698833.761413373,13.167187499999999,0.0,100.0,3.0,78.1,0.0,43.0,5.0,0.0,50.0,50.0,0.0,13.0,86.1,0.0,0.0,0.0,50.5,52.0,0.0,0.0,0.0,0.0,0.0,0.0,30.3,2.0,0.0,0.0,1.0,1.0,0.0,1.0,0.0,1.0,77.3,6.1,13.0,1.0,15.2,0.0,0.0,0.0,100.0,0.0,0.0,0.0,0.0,0.0,35.4,51.5,0.0,0.0,0.0,0.0,0.0,0.0,0.0,0.0,1.0,1.0,0.0,0.0,0.0,0.0,35.7,38.5,99.0,99,99,0.0,0.0,0.0,83.2972412109375,83.2972412109375,83.2972412109375,620.397,620.397,620.397,99,0.0,83.2972412109375,620.397,5
11777123.471342204,81.93899917602539,142151436.38359216,207862.66611976197,2096856.0886344402,14698469.730681652,13.6140625,0.0,100.0,6.1,77.9,5.1,45.5,9.1,0.0,50.5,51.0,0.0,38.8,61.2,0.0,0.0,0.0,49.0,49.0,0.0,0.0,0.0,0.0,0.0,0.0,0.0,2.0,2.0,1.0,2.0,0.0,0.0,1.0,2.0,0.0,83.7,6.1,54.5,3.0,1.0,0.0,0.0,0.0,100.0,2.0,1.0,0.0,0.0,0.0,35.1,49.0,0.0,2.0,0.0,1.0,0.0,0.0,1.0,0.0,4.0,1.0,0.0,0.0,0.0,1.0,35.1,37.6,99.0,99,99,0.0,0.0,0.0,83.2972412109375,83.2972412109375,83.2972412109375,613.409,613.409,613.409,99,0.0,83.2972412109375,613.409,5
11777124.472056087,81.95181655883789,142102784.242648,207744.69460086746,2095655.9469130677,14690057.018498046,13.21875,0.0,100.0,3.0,82.7,0.0,42.0,4.0,1.0,50.5,49.5,0.0,83.2,15.0,0.0,0.0,0.0,51.5,50.5,1.0,1.0,0.0,1.0,0.0,0.0,0.0,1.0,13.9,8.0,0.0,0.0,1.0,0.0,2.0,1.0,80.4,22.8,0.0,13.9,1.0,0.0,0.0,0.0,100.0,0.0,0.0,0.0,0.0,0.0,35.4,51.5,0.0,0.0,0.0,0.0,0.0,0.0,0.0,0.0,1.0,0.0,1.0,0.0,0.0,0.0,37.4,38.8,99.0,99,99,0.0,0.0,0.0,83.2972412109375,83.2972412109375,83.2972412109375,613.793,613.793,613.793,99,0.0,83.2972412109375,613.793,5
11777125.47169056,81.93814849853516,142288971.51022512,207970.0187291455,2097918.8467096933,14710016.913452731,13.071875,0.0,100.0,3.0,81.4,30.3,10.0,9.2,1.0,49.0,49.0,1.0,0.0,99.0,0.0,0.0,0.0,51.0,51.0,0.0,0.0,0.0,0.0,0.0,0.0,0.0,0.0,1.0,1.0,2.0,1.0,0.0,1.0,0.0,1.0,78.1,0.0,2.0,44.8,12.1,0.0,0.0,0.0,100.0,2.0,1.0,0.0,0.0,0.0,34.0,49.0,0.0,0.0,0.0,0.0,0.0,0.0,0.0,0.0,0.0,0.0,0.0,0.0,0.0,0.0,35.1,36.6,99.0,99,99,0.0,0.0,0.0,83.2972412109375,83.2972412109375,83.2972412109375,628.996,628.996,628.996,99,0.0,83.2972412109375,628.996,5
11777126.482662413,81.91256713867188,140728386.75587985,205637.77248427333,2074392.0740422467,14545053.80041341,13.403125,0.0,100.0,3.0,77.6,18.8,0.0,29.7,5.0,52.4,48.5,0.0,77.0,23.8,0.0,0.0,0.0,52.0,51.5,0.0,0.0,0.0,1.0,0.0,0.0,1.0,0.0,5.9,0.0,0.0,2.0,0.0,0.0,1.0,0.0,85.9,2.0,1.0,1.0,12.1,43.6,0.0,0.0,100.0,0.0,0.0,0.0,0.0,0.0,34.0,50.5,0.0,0.0,0.0,0.0,0.0,0.0,0.0,0.0,2.0,1.0,0.0,0.0,0.0,0.0,35.7,38.8,100.0,100,100,0.0,0.0,0.0,83.2972412109375,83.2972412109375,83.2972412109375,647.378,647.378,647.378,100,0.0,83.2972412109375,647.378,5
11777127.472103996,81.94010925292969,143823720.8286266,210114.47627228269,2119530.891134847,14861554.490574418,13.415625,0.0,100.0,4.0,81.1,16.0,1.0,12.1,22.0,49.5,50.0,2.0,25.0,74.5,0.0,0.0,0.0,50.5,50.5,1.0,0.0,0.0,0.0,0.0,0.0,0.0,2.0,13.0,0.0,35.4,1.0,2.0,1.0,0.0,2.0,77.9,13.1,1.0,1.0,1.0,5.1,0.0,0.0,100.0,0.0,1.0,2.0,0.0,0.0,34.7,49.5,0.0,0.0,0.0,0.0,0.0,0.0,0.0,0.0,0.0,2.0,0.0,0.0,0.0,0.0,35.1,39.6,99.0,99,99,0.0,0.0,0.0,83.2972412109375,83.2972412109375,83.2972412109375,647.864,647.864,647.864,99,0.0,83.2972412109375,647.864,5
11777128.485291151,81.93656158447266,140488018.7037944,205199.99582291566,2069856.4814869182,14513251.501050852,13.1875,0.0,100.0,3.0,82.7,43.0,0.0,8.9,0.0,50.0,49.5,1.0,6.0,94.1,0.0,0.0,1.0,49.0,50.0,0.0,1.0,0.0,0.0,0.0,0.0,0.0,0.0,0.0,0.0,6.8,0.0,0.0,0.0,2.0,0.0,79.8,0.0,0.0,0.0,0.0,0.0,0.0,0.0,100.0,0.0,2.0,3.0,0.0,0.0,36.7,50.5,0.0,0.0,0.0,0.0,0.0,0.0,0.0,0.0,42.9,7.1,1.0,0.0,0.0,0.0,35.7,37.3,100.0,100,100,0.0,0.0,0.0,83.2991943359375,83.2991943359375,83.2991943359375,659.667,659.667,659.667,100,0.0,83.2991943359375,659.667,5
11777129.473093232,81.93862533569336,144131492.29574755,210474.34910189806,2123048.7774232887,14886220.919823451,13.1703125,0.0,100.0,2.1,77.1,43.9,0.0,5.1,1.0,49.5,53.5,0.0,0.0,100.0,0.0,0.0,0.0,50.0,49.5,0.0,0.0,0.0,1.0,0.0,0.0,0.0,0.0,1.0,1.0,0.0,2.0,0.0,2.0,2.0,1.0,83.3,0.0,1.0,0.0,1.0,0.0,0.0,0.0,100.0,0.0,0.0,0.0,1.0,0.0,33.3,49.5,0.0,0.0,0.0,0.0,0.0,0.0,0.0,0.0,48.5,4.0,3.1,1.0,0.0,0.0,35.7,39.8,100.0,100,100,0.0,0.0,0.0,83.2991943359375,83.2991943359375,83.2991943359375,694.729,694.729,694.729,100,0.0,83.2991943359375,694.729,5
11777130.472600924,81.93678283691406,142476262.2448622,208009.40475411143,2098184.9538442395,14711882.781837538,13.384375,0.0,100.0,5.9,78.1,44.1,3.0,3.1,0.0,50.5,48.5,0.0,0.0,100.0,0.0,0.0,0.0,50.5,51.5,0.0,0.0,0.0,0.0,0.0,0.0,1.0,1.0,0.0,0.0,1.0,1.0,2.0,0.0,0.0,0.0,78.1,10.0,2.0,1.0,2.0,1.0,0.0,0.0,100.0,0.0,0.0,0.0,0.0,0.0,36.1,50.5,0.0,0.0,0.0,0.0,0.0,0.0,0.0,0.0,2.0,0.0,54.7,1.0,3.0,0.0,37.4,36.6,100.0,100,100,0.0,0.0,0.0,83.2991943359375,83.2991943359375,83.2991943359375,689.918,689.918,689.918,100,0.0,83.2991943359375,689.918,5
11777131.472448805,81.9390640258789,142460522.88162658,207938.63131352907,2097471.0641605626,14706877.18815707,13.171875,0.0,100.0,3.0,84.7,15.3,26.7,4.0,0.0,52.0,49.0,0.0,0.0,100.0,0.0,0.0,0.0,50.0,49.5,0.0,0.0,1.0,0.0,0.0,0.0,0.0,1.0,1.0,1.0,0.0,1.0,0.0,1.0,1.0,1.0,77.3,1.0,1.0,1.0,0.0,0.0,0.0,0.0,100.0,1.0,0.0,0.0,0.0,0.0,35.4,50.5,0.0,0.0,0.0,0.0,0.0,0.0,0.0,0.0,14.3,5.1,33.3,6.0,0.0,0.0,36.7,38.2,100.0,100,100,0.0,0.0,0.0,83.2991943359375,83.2991943359375,83.2991943359375,694.518,694.518,694.518,100,0.0,83.2991943359375,694.518,5
11777132.47293084,81.93684387207031,142405684.62702152,207807.82957352823,2096141.588615079,14697555.279547136,13.40625,0.0,100.0,3.0,78.4,2.0,41.4,8.0,0.0,49.5,50.5,0.0,0.0,100.0,0.0,0.0,0.0,49.5,49.0,1.0,0.0,0.0,0.0,0.0,0.0,0.0,0.0,17.0,0.0,0.0,1.0,7.9,6.0,0.0,1.0,85.7,2.0,1.0,1.0,0.0,0.0,0.0,0.0,100.0,1.0,0.0,1.0,0.0,0.0,34.0,49.5,0.0,0.0,0.0,0.0,0.0,0.0,0.0,0.0,2.0,42.6,0.0,0.0,1.0,0.0,34.7,37.3,100.0,100,100,0.0,0.0,0.0,83.2991943359375,83.2991943359375,83.2991943359375,691.098,691.098,691.098,100,0.0,83.2991943359375,691.098,5
11777133.472426193,81.93850326538086,142579012.9927914,208012.97300844113,2098210.8546597455,14712064.391071262,13.115625,0.0,100.0,3.0,77.9,1.0,42.4,6.0,0.0,50.0,50.0,2.0,0.0,100.0,0.0,0.0,0.0,50.0,51.0,0.0,0.0,0.0,0.0,0.0,0.0,0.0,1.0,0.0,1.0,0.0,1.0,0.0,55.1,1.0,0.0,78.4,1.0,1.0,0.0,0.0,0.0,0.0,0.0,100.0,2.0,0.0,1.0,0.0,2.0,33.7,51.5,0.0,0.0,0.0,0.0,0.0,0.0,0.0,0.0,0.0,1.0,0.0,0.0,0.0,0.0,37.8,37.6,100.0,100,100,0.0,0.0,0.0,83.2991943359375,83.2991943359375,83.2991943359375,689.983,689.983,689.983,100,0.0,83.2991943359375,689.983,5
11777134.472306931,81.93754196166992,142559539.85652438,207934.79860425933,2097402.139206963,14706393.905767571,13.1078125,0.0,100.0,3.0,78.1,1.0,18.2,9.0,23.5,50.5,51.0,1.0,0.0,100.0,0.0,0.0,0.0,49.0,48.5,1.0,0.0,0.0,1.0,0.0,0.0,0.0,1.0,2.0,1.0,1.0,1.0,20.4,17.0,0.0,2.0,83.3,17.2,0.0,0.0,0.0,0.0,0.0,0.0,100.0,0.0,0.0,0.0,0.0,0.0,33.7,50.0,0.0,0.0,0.0,0.0,0.0,0.0,0.0,0.0,1.0,0.0,0.0,0.0,0.0,1.0,34.3,38.2,100.0,100,100,0.0,0.0,0.0,83.2991943359375,83.2991943359375,83.2991943359375,692.242,692.242,692.242,100,0.0,83.2991943359375,692.242,5
11777135.591684816,81.95522689819336,127372172.44401775,186170.37444636255,1902771.1986410257,13198645.602881115,14.13125,0.0,100.0,39.3,81.6,4.3,3.4,4.3,23.1,54.3,53.4,19.7,37.6,66.7,0.0,0.0,0.0,56.7,47.0,0.0,0.0,0.0,0.0,0.0,0.0,1.7,0.0,0.0,0.9,0.0,0.8,0.8,0.9,0.9,0.0,77.4,55.7,3.4,1.7,0.9,0.0,0.0,0.0,100.0,2.5,0.0,0.0,0.0,0.0,39.1,44.1,0.0,0.0,0.0,0.0,0.0,0.0,0.0,0.0,0.9,0.0,0.0,0.0,0.0,0.0,40.5,40.8,0.0,0,0,0.0,0.0,0.0,80.2991943359375,80.2991943359375,80.2991943359375,255.604,255.604,255.604,0,0.0,80.2991943359375,255.604,
11777136.47309118,81.94373321533203,161798643.58870113,236443.7207681013,2416501.72856626,16762157.18257404,11.3859375,0.0,100.0,8.4,81.5,3.6,0.0,0.0,0.0,49.4,50.6,6.2,51.2,2.4,0.0,0.0,0.0,48.8,34.6,0.0,0.0,0.0,0.0,0.0,0.0,1.2,1.2,0.0,4.9,1.2,0.0,0.0,10.0,0.0,28.0,81.3,8.6,0.0,0.0,0.0,3.6,1.2,0.0,100.0,0.0,0.0,0.0,0.0,0.0,35.0,38.1,1.2,0.0,0.0,0.0,0.0,0.0,0.0,0.0,1.2,0.0,0.0,0.0,0.0,0.0,35.8,39.5,0.0,0,0,0.0,0.0,0.0,80.2991943359375,80.2991943359375,80.2991943359375,144.83,144.83,144.83,0,0.0,80.2991943359375,144.83,
11777137.47319806,81.94584655761719,142630612.57718372,208382.72796207445,2129692.3775388384,14772693.088043442,11.5984375,0.0,100.0,10.2,78.1,2.0,1.0,1.0,0.0,51.5,49.5,0.0,43.0,1.0,0.0,0.0,0.0,50.0,37.1,0.0,0.0,0.0,0.0,0.0,0.0,0.0,0.0,18.8,46.1,1.0,12.9,2.0,1.0,1.0,0.0,78.4,2.0,0.0,0.0,0.0,1.0,0.0,0.0,100.0,0.0,0.0,0.0,0.0,0.0,36.7,38.6,0.0,0.0,0.0,0.0,0.0,0.0,0.0,1.0,1.0,1.0,1.0,0.0,0.0,0.0,36.4,38.0,0.0,0,0,0.0,0.0,0.0,80.2991943359375,80.2991943359375,80.2991943359375,140.766,140.766,140.766,0,0.0,80.2991943359375,140.766,
11777138.473332863,81.94649124145508,142659410.0329423,208377.90995868383,2129632.918338243,14772280.647011619,11.4203125,0.0,85.7,4.0,85.7,7.1,4.0,0.0,4.0,50.0,51.0,0.0,41.0,0.0,0.0,0.0,0.0,50.5,34.0,0.0,0.0,0.0,0.0,0.0,0.0,0.0,1.0,0.0,1.0,1.0,24.2,30.6,3.0,1.0,2.0,84.5,2.0,2.0,0.0,0.0,0.0,19.0,0.0,81.0,0.0,0.0,0.0,0.0,0.0,33.7,36.6,0.0,0.0,0.0,0.0,0.0,0.0,0.0,0.0,0.0,1.0,1.0,0.0,0.0,0.0,37.4,37.6,0.0,0,0,0.0,0.0,0.0,80.2991943359375,80.2991943359375,80.2991943359375,139.527,139.527,139.527,0,0.0,80.2991943359375,139.527,
11777139.472097935,81.95657348632812,142890603.62822008,208665.6871301424,2132553.550402254,14792539.723655635,11.253125,0.0,100.0,2.0,78.1,1.0,0.0,1.0,9.0,51.0,50.5,1.0,41.4,0.0,0.0,0.0,0.0,48.0,35.7,4.0,0.0,0.0,0.0,0.0,0.0,1.0,1.0,1.0,0.0,1.0,3.0,44.7,0.0,1.0,14.1,78.1,1.0,2.0,1.0,0.0,0.0,100.0,0.0,1.0,0.0,0.0,0.0,0.0,0.0,33.7,37.4,0.0,0.0,0.0,0.0,0.0,0.0,0.0,0.0,1.0,1.0,0.0,0.0,0.0,0.0,34.7,39.8,0.0,0,0,0.0,0.0,0.0,80.2991943359375,80.2991943359375,80.2991943359375,138.662,138.662,138.662,0,0.0,80.2991943359375,138.662,
11777140.471982855,81.94421005249023,142763333.1765795,208431.98631239374,2130165.138989356,14775972.416028088,11.5515625,0.0,100.0,4.0,78.1,2.0,0.0,1.0,5.0,50.5,51.0,2.0,19.0,24.0,0.0,0.0,0.0,51.0,35.4,11.0,0.0,0.0,0.0,0.0,0.0,0.0,0.0,1.0,24.0,0.0,1.0,33.0,2.9,1.0,0.0,85.6,2.0,2.0,0.0,0.0,0.0,100.0,0.0,1.0,0.0,0.0,0.0,0.0,0.0,36.1,38.0,0.0,0.0,0.0,0.0,0.0,0.0,0.0,0.0,1.0,1.0,1.0,0.0,0.0,0.0,37.1,37.6,0.0,0,0,0.0,0.0,0.0,80.2991943359375,80.2991943359375,80.2991943359375,138.394,138.394,138.394,0,0.0,80.2991943359375,138.394,
11777141.472994352,81.94797897338867,142635384.82034752,208197.4090682033,2127767.770539267,14759342.97756757,11.040625,0.0,100.0,2.0,77.6,3.9,1.0,0.0,5.0,49.0,49.0,1.0,2.0,42.6,0.0,0.0,0.0,48.5,33.7,0.0,1.0,0.0,0.0,1.0,0.0,0.0,1.0,0.0,23.2,2.9,12.0,0.0,0.0,1.0,20.8,78.4,5.0,0.0,0.0,0.0,0.0,100.0,0.0,0.0,0.0,0.0,0.0,0.0,0.0,35.1,35.6,0.0,0.0,0.0,0.0,0.0,0.0,0.0,0.0,1.0,1.0,0.0,0.0,0.0,0.0,34.4,37.9,0.0,0,0,0.0,0.0,0.0,80.2991943359375,80.2991943359375,80.2991943359375,138.099,138.099,138.099,0,0.0,80.2991943359375,138.099,
11777142.473039832,81.94468688964844,142808668.03227237,208398.52199216283,2129823.135203771,14773600.093615387,11.5984375,0.0,100.0,4.0,85.6,1.0,0.0,0.0,8.9,51.0,51.0,3.0,0.0,41.4,1.0,0.0,0.0,51.5,34.4,0.0,0.0,0.0,0.0,0.0,0.0,0.0,1.0,35.0,22.8,0.0,16.2,0.0,1.0,0.0,1.0,78.6,1.0,1.0,0.0,0.0,0.0,100.0,0.0,3.0,1.0,0.0,0.0,0.0,0.0,34.4,38.6,0.0,0.0,0.0,0.0,0.0,0.0,0.0,0.0,0.0,0.0,0.0,0.0,0.0,0.0,37.6,37.3,0.0,0,0,0.0,0.0,0.0,80.2991943359375,80.2991943359375,80.2991943359375,137.877,137.877,137.877,0,0.0,80.2991943359375,137.877,
11777143.472438456,81.95564270019531,142933875.9276047,208534.40747846087,2131201.6524071577,14783162.231216574,11.13125,0.0,100.0,3.0,77.1,0.0,0.0,0.0,4.0,51.5,51.0,0.0,0.0,42.4,0.0,0.0,0.0,50.0,36.7,0.0,0.0,0.0,0.0,0.0,0.0,0.0,1.0,37.4,1.0,0.0,19.6,1.0,0.0,0.0,0.0,85.6,0.0,1.0,0.0,1.0,0.0,100.0,0.0,1.0,1.0,0.0,0.0,0.0,0.0,36.1,37.0,0.0,0.0,0.0,0.0,0.0,0.0,0.0,0.0,1.0,0.0,0.0,0.0,0.0,0.0,34.4,38.6,0.0,0,0,0.0,0.0,0.0,80.2991943359375,80.2991943359375,80.2991943359375,137.723,137.723,137.723,0,0.0,80.2991943359375,137.723,
11777144.47369252,81.94817352294922,142704461.6005552,208148.9680599315,2127252.29139777,14759858.206467606,11.2625,0.0,100.0,2.0,78.4,2.0,0.0,0.0,8.9,50.5,49.5,1.0,0.0,41.6,0.0,0.0,0.0,52.0,34.7,0.0,0.0,0.0,0.0,0.0,0.0,0.0,1.0,0.0,0.0,1.0,38.6,0.0,1.0,1.0,19.8,77.3,3.9,1.0,0.0,0.0,0.0,100.0,0.0,0.0,0.0,1.0,0.0,0.0,0.0,35.1,37.9,0.0,0.0,0.0,0.0,0.0,0.0,0.0,0.0,3.0,2.0,1.0,0.0,0.0,0.0,36.4,39.2,0.0,0,0,0.0,0.0,0.0,80.2991943359375,80.2991943359375,80.2991943359375,137.638,137.638,137.638,0,0.0,80.2991943359375,137.638,
11777145.475954792,81.94221878051758,142593592.51672465,207941.57959916626,2125112.4178063464,14745010.77585634,11.2671875,0.0,100.0,3.0,80.2,23.5,4.0,0.0,1.0,52.5,52.0,6.9,5.9,13.0,0.0,0.0,0.0,52.0,38.1,0.0,0.0,0.0,0.0,0.0,0.0,0.0,0.0,15.0,1.0,0.0,0.0,0.0,0.0,0.0,41.0,81.4,0.0,0.0,0.0,0.0,0.0,100.0,0.0,1.0,0.0,0.0,0.0,0.0,0.0,34.7,37.6,0.0,0.0,0.0,0.0,0.0,0.0,0.0,0.0,0.0,0.0,1.0,1.0,1.0,0.0,36.4,37.9,0.0,0,0,0.0,0.0,0.0,80.2991943359375,80.2991943359375,80.2991943359375,137.46,137.46,137.46,0,0.0,80.2991943359375,137.46,
11777146.474287555,81.94831085205078,143187661.75462943,208760.05246465027,2133477.0116188508,14803048.188309256,11.3515625,0.0,100.0,2.0,82.7,43.0,0.0,1.0,0.0,49.0,50.0,0.0,3.0,0.0,0.0,0.0,0.0,51.0,36.4,0.0,0.0,0.0,0.0,0.0,0.0,0.0,2.9,11.0,29.4,0.0,10.0,1.0,0.0,0.0,9.8,81.6,0.0,1.0,0.0,0.0,0.0,100.0,0.0,0.0,2.0,0.0,0.0,0.0,0.0,35.1,37.3,0.0,0.0,0.0,0.0,0.0,0.0,0.0,0.0,7.1,2.0,2.9,2.0,0.0,0.0,35.4,37.9,0.0,0,0,0.0,0.0,0.0,80.2991943359375,80.2991943359375,80.2991943359375,137.33,137.33,137.33,0,0.0,80.2991943359375,137.33,
11777147.474202575,81.94354629516602,142993841.53938633,208429.71224432014,2130101.0148332263,14779623.96445823,11.353125,0.0,100.0,3.0,78.6,35.0,9.0,0.0,0.0,50.0,50.5,0.0,4.0,1.0,0.0,0.0,0.0,50.5,35.4,0.0,0.0,0.0,0.0,0.0,0.0,0.0,0.0,16.2,1.0,2.0,46.9,0.0,1.0,1.0,0.0,78.6,9.9,2.0,0.0,1.0,0.0,100.0,0.0,0.0,1.0,0.0,0.0,0.0,0.0,35.7,38.6,0.0,0.0,0.0,0.0,0.0,0.0,0.0,0.0,1.0,0.0,0.0,0.0,0.0,0.0,35.7,38.0,0.0,0,0,0.0,0.0,0.0,80.2991943359375,80.2991943359375,80.2991943359375,137.283,137.283,137.283,0,0.0,80.2991943359375,137.283,
11777148.473621229,81.94724655151367,143100383.9004942,208534.23063514955,2131158.941689903,14786964.349263787,11.25625,0.0,100.0,2.0,78.1,40.6,3.0,1.0,0.0,50.5,50.5,1.0,9.1,0.0,0.0,0.0,0.0,50.5,36.4,0.0,0.0,0.0,0.0,0.0,1.0,0.0,2.0,1.0,0.0,0.0,2.0,0.0,2.0,0.0,1.0,77.9,55.1,2.0,0.0,1.0,0.0,100.0,1.0,1.0,0.0,1.0,0.0,0.0,0.0,35.1,37.0,0.0,0.0,0.0,0.0,0.0,0.0,0.0,0.0,1.0,2.0,0.0,0.0,0.0,0.0,37.0,37.6,0.0,0,0,0.0,0.0,0.0,80.2991943359375,80.2991943359375,80.2991943359375,137.2,137.2,137.2,0,0.0,80.2991943359375,137.2,
11777149.473967431,81.97300338745117,143000441.90333912,208340.8718894448,2129182.871772712,14773253.46414605,11.3953125,0.0,100.0,3.0,84.7,17.0,27.0,1.0,0.0,50.5,51.0,2.0,5.9,1.0,0.0,0.0,0.0,50.5,35.1,0.0,0.0,0.0,0.0,0.0,0.0,0.0,0.0,1.0,0.0,1.0,0.0,1.0,1.0,2.0,0.0,84.7,40.6,15.8,0.0,0.0,0.0,100.0,0.0,1.0,0.0,1.0,0.0,0.0,0.0,36.7,38.8,0.0,0.0,0.0,0.0,0.0,0.0,0.0,0.0,0.0,1.0,0.0,1.0,0.0,0.0,35.4,38.6,0.0,0,0,0.0,0.0,0.0,80.2991943359375,80.2991943359375,80.2991943359375,137.23,137.23,137.23,0,0.0,80.2991943359375,137.23,
11777150.473545292,81.99413299560547,143143133.25915828,208501.0163523182,2130819.5014184797,14784609.155995913,11.6515625,0.0,100.0,3.0,78.1,30.6,15.0,1.0,7.0,50.0,52.0,5.1,0.0,2.0,0.0,0.0,0.0,50.5,36.4,1.0,0.0,0.0,2.0,0.0,2.0,0.0,0.0,3.0,2.0,1.0,2.9,2.0,2.0,2.0,1.0,78.4,34.7,14.0,0.0,0.0,0.0,100.0,0.0,0.0,1.0,0.0,1.0,0.0,0.0,35.7,39.0,1.0,1.0,2.0,1.0,1.0,3.0,2.0,1.0,2.0,2.0,0.0,0.0,0.0,0.0,36.4,37.9,0.0,0,0,0.0,0.0,0.0,80.2991943359375,80.2991943359375,80.2991943359375,136.955,136.955,136.955,0,0.0,80.2991943359375,136.955,
11777151.474412736,81.94402313232422,142991428.0638985,208232.37025489367,2128074.016751849,14765559.716232061,11.55625,0.0,100.0,5.9,78.1,30.4,14.0,1.0,1.0,51.0,51.0,2.0,5.0,1.0,0.0,0.0,0.0,52.0,36.7,0.0,1.0,0.0,1.0,1.0,0.0,0.0,2.0,0.0,0.0,0.0,1.0,2.0,2.0,11.0,3.0,83.7,0.0,0.0,0.0,0.0,0.0,100.0,0.0,1.0,18.2,23.0,0.0,0.0,0.0,34.0,39.8,0.0,1.0,3.0,1.0,1.0,0.0,1.0,1.0,1.0,0.0,0.0,0.0,0.0,0.0,38.0,39.8,0.0,0,0,0.0,0.0,0.0,80.2991943359375,80.2991943359375,80.2991943359375,137.208,137.208,137.208,0,0.0,80.2991943359375,137.208,
11777152.473694239,81.94587707519531,143251084.43715012,208562.8517290241,2131451.440911474,14788993.84386269,11.25625,0.0,100.0,3.1,81.3,1.0,42.0,0.0,0.0,50.0,49.5,6.1,0.0,0.0,0.0,0.0,0.0,51.5,33.3,0.0,0.0,0.0,0.0,0.0,1.0,0.0,0.0,18.2,1.0,1.0,0.0,0.0,1.0,0.0,0.0,79.4,0.0,0.0,0.0,0.0,0.0,100.0,0.0,0.0,55.6,1.0,0.0,0.0,0.0,35.1,36.0,0.0,0.0,1.0,0.0,1.0,0.0,0.0,0.0,1.0,0.0,0.0,0.0,0.0,0.0,33.3,37.0,0.0,0,0,0.0,0.0,0.0,80.2991943359375,80.2991943359375,80.2991943359375,136.992,136.992,136.992,0,0.0,80.2991943359375,136.992,
11777153.47369332,81.9568862915039,143183715.48332337,208415.19138434783,2129921.955873378,14778381.570752207,11.4640625,0.0,100.0,3.0,83.0,28.6,37.0,0.0,13.0,51.5,51.0,0.0,1.0,8.9,0.0,0.0,0.0,52.0,35.7,2.9,1.0,1.0,0.0,0.0,0.0,0.0,0.0,1.0,1.0,0.0,1.0,1.0,1.0,3.0,0.0,78.9,0.0,1.0,1.0,0.0,0.0,100.0,0.0,0.0,6.0,0.0,0.0,1.0,0.0,34.7,38.2,0.0,2.0,1.0,0.0,14.1,0.0,1.0,2.0,0.0,0.0,0.0,0.0,0.0,0.0,36.4,38.8,0.0,0,0,0.0,0.0,0.0,80.2991943359375,80.2991943359375,80.2991943359375,137.165,137.165,137.165,0,0.0,80.2991943359375,137.165,
11777154.474314405,81.96166610717773,143127383.85419998,208286.63647687412,2128597.961599991,14769195.087409168,11.4,0.0,100.0,5.1,77.9,9.0,8.1,1.0,42.4,49.5,51.0,0.0,1.0,4.0,0.0,0.0,0.0,49.5,36.4,39.4,0.0,0.0,1.0,2.0,0.0,0.0,4.0,3.0,1.0,0.0,1.0,1.0,0.0,2.0,2.0,78.9,5.0,5.1,1.0,0.0,0.0,100.0,0.0,1.0,0.0,0.0,0.0,0.0,0.0,34.4,37.0,0.0,0.0,0.0,0.0,0.0,0.0,0.0,0.0,0.0,0.0,0.0,1.0,0.0,0.0,36.7,38.2,0.0,0,0,0.0,0.0,0.0,80.2991943359375,80.2991943359375,80.2991943359375,137.166,137.166,137.166,0,0.0,80.2991943359375,137.166,
11777155.473363344,81.94463348388672,143385354.2219939,208614.40502993215,2131947.6122819413,14792436.509833163,11.2515625,0.0,100.0,3.0,79.2,0.0,14.9,0.0,42.6,50.0,50.0,2.0,0.0,5.0,0.0,0.0,0.0,50.5,34.4,0.0,0.0,0.0,0.0,0.0,0.0,0.0,0.0,17.0,5.1,0.0,2.0,1.0,1.0,23.2,0.0,83.7,1.0,1.0,0.0,0.0,0.0,100.0,0.0,3.0,2.0,0.0,0.0,0.0,0.0,35.1,38.0,0.0,0.0,0.0,1.0,0.0,0.0,0.0,0.0,1.0,0.0,0.0,0.0,0.0,0.0,36.4,37.0,0.0,0,0,0.0,0.0,0.0,80.2991943359375,80.2991943359375,80.2991943359375,137.096,137.096,137.096,0,0.0,80.2991943359375,137.096,
11777156.47469934,81.94320678710938,143090525.46800822,208137.92832418912,2127078.2295805356,14758650.485243408,11.315625,0.0,100.0,2.0,83.5,2.0,35.0,2.0,7.0,51.0,47.5,0.0,1.0,5.1,0.0,0.0,0.0,50.5,35.7,0.0,0.0,0.0,0.0,0.0,0.0,0.0,3.0,0.0,56.4,2.0,0.0,1.0,0.0,1.0,0.0,78.6,1.0,0.0,1.0,0.0,0.0,100.0,0.0,0.0,0.0,0.0,0.0,0.0,0.0,36.7,39.2,0.0,0.0,0.0,2.9,0.0,2.0,0.0,0.0,1.0,0.0,0.0,0.0,0.0,0.0,35.7,40.4,0.0,0,0,0.0,0.0,0.0,80.2991943359375,80.2991943359375,80.2991943359375,137.12,137.12,137.12,0,0.0,80.2991943359375,137.12,
11777157.474793402,81.94465637207031,143300942.86721015,208396.3978769176,2129719.6749098166,14776978.052066574,11.146875,0.0,100.0,4.0,78.6,1.0,41.4,0.0,0.0,48.5,50.5,1.0,0.0,4.0,0.0,0.0,0.0,50.5,36.4,0.0,0.0,0.0,0.0,0.0,0.0,0.0,0.0,0.0,55.7,1.0,1.0,0.0,0.0,1.0,1.0,85.6,0.0,0.0,0.0,1.0,0.0,100.0,0.0,2.0,2.0,0.0,0.0,0.0,0.0,33.3,38.0,1.0,0.0,0.0,0.0,0.0,0.0,0.0,0.0,1.0,1.0,0.0,0.0,0.0,0.0,36.0,36.9,0.0,0,0,0.0,0.0,0.0,80.2991943359375,80.2991943359375,80.2991943359375,136.904,136.904,136.904,0,0.0,80.2991943359375,136.904,
11777158.473837253,81.94627380371094,143489841.77947444,208619.47146003155,2131958.4716061335,14792511.856836405,11.575,0.0,100.0,3.0,77.3,1.0,18.0,25.0,0.0,49.5,51.5,10.2,0.0,5.9,0.0,0.0,0.0,50.5,39.4,0.0,0.0,0.0,0.0,0.0,1.0,0.0,0.0,18.0,54.0,2.0,0.0,0.0,2.0,0.0,1.0,77.3,0.0,1.0,1.0,0.0,0.0,100.0,0.0,0.0,0.0,0.0,0.0,0.0,0.0,35.7,37.6,0.0,0.0,0.0,0.0,0.0,0.0,0.0,1.0,3.0,3.0,0.0,0.0,0.0,0.0,33.3,38.6,0.0,0,0,0.0,0.0,0.0,80.2991943359375,80.2991943359375,80.2991943359375,136.946,136.946,136.946,0,0.0,80.2991943359375,136.946,
11777159.473754896,81.94444274902344,143397185.7412727,208437.16622953274,2130095.4279608787,14779585.200159328,11.328125,0.0,100.0,3.0,82.7,0.0,0.0,41.6,0.0,51.0,47.5,18.8,1.0,4.0,0.0,0.0,0.0,50.0,34.4,0.0,0.0,0.0,0.0,0.0,0.0,0.0,1.0,0.0,55.6,1.0,1.0,1.0,0.0,1.0,0.0,77.9,1.0,1.0,0.0,0.0,0.0,100.0,0.0,2.0,0.0,0.0,0.0,0.0,0.0,33.3,37.6,0.0,0.0,0.0,0.0,0.0,0.0,0.0,0.0,1.0,1.0,0.0,0.0,0.0,0.0,37.4,38.2,0.0,0,0,0.0,0.0,0.0,80.2991943359375,80.2991943359375,80.2991943359375,136.981,136.981,136.981,0,0.0,80.2991943359375,136.981,
11777160.47486734,81.98509216308594,143258740.62679946,208188.4019934048,2127553.2154965587,14761946.156753046,11.221875,0.0,100.0,2.0,80.4,3.0,1.0,42.0,0.0,50.0,51.0,0.0,0.0,4.0,0.0,0.0,0.0,49.5,35.1,0.0,0.0,0.0,0.0,0.0,1.0,0.0,1.0,1.0,12.1,8.9,2.0,31.3,1.0,4.0,1.0,85.6,0.0,1.0,1.0,1.0,0.0,100.0,0.0,0.0,0.0,0.0,0.0,0.0,0.0,34.4,37.6,0.0,0.0,0.0,0.0,0.0,0.0,0.0,1.0,1.0,1.0,2.0,0.0,0.0,0.0,34.7,36.6,0.0,0,0,0.0,0.0,0.0,80.2991943359375,80.2991943359375,80.2991943359375,136.835,136.835,136.835,0,0.0,80.2991943359375,136.835,
11777161.475810401,81.9449577331543,143315684.57230136,208223.63242041,2127913.248080221,14764444.228987379,11.049999999999999,0.0,100.0,3.0,78.1,1.0,0.0,8.0,35.0,49.0,49.5,2.9,0.0,4.0,0.0,0.0,0.0,51.0,34.7,0.0,0.0,0.0,0.0,0.0,0.0,0.0,0.0,1.0,12.1,0.0,1.0,44.6,1.0,1.0,0.0,78.6,1.0,1.0,0.0,0.0,0.0,100.0,0.0,2.0,0.0,0.0,0.0,0.0,0.0,35.4,36.0,0.0,0.0,0.0,0.0,0.0,0.0,0.0,0.0,1.0,1.0,0.0,0.0,0.0,0.0,36.4,37.9,0.0,0,0,0.0,0.0,0.0,80.2991943359375,80.2991943359375,80.2991943359375,136.792,136.792,136.792,0,0.0,80.2991943359375,136.792,
11777162.474325644,81.94317626953125,143696929.06287476,208738.9266428917,2133087.1166451303,14960324.450778443,11.409375,0.0,100.0,3.0,80.2,4.1,9.0,0.0,35.0,52.0,49.5,1.0,2.0,1.0,0.0,0.0,0.0,52.0,37.8,0.0,0.0,0.0,0.0,0.0,0.0,0.0,1.0,1.0,37.6,1.0,17.3,1.0,0.0,0.0,8.0,82.5,0.0,0.0,0.0,0.0,0.0,100.0,0.0,3.0,1.0,1.0,0.0,0.0,0.0,36.7,36.6,0.0,0.0,0.0,0.0,0.0,0.0,0.0,0.0,1.0,0.0,0.0,0.0,0.0,0.0,35.7,39.2,0.0,0,0,0.0,0.0,0.0,80.2991943359375,80.2991943359375,80.2991943359375,136.835,136.835,136.835,0,0.0,80.2991943359375,136.835,
11777163.474521786,81.94551467895508,143490906.3891117,208390.12591846735,2129502.314896834,14939277.778353173,11.496875,0.0,100.0,3.0,82.7,8.0,34.3,0.0,7.0,48.0,50.0,0.0,0.0,0.0,0.0,0.0,0.0,51.0,35.1,0.0,0.0,1.0,0.0,0.0,0.0,0.0,1.0,17.2,0.0,3.0,1.0,1.0,0.0,1.0,0.0,80.4,0.0,1.0,1.0,2.0,1.0,100.0,0.0,6.0,52.9,0.0,0.0,0.0,0.0,33.0,38.6,0.0,0.0,0.0,0.0,0.0,1.0,0.0,0.0,1.0,0.0,0.0,0.0,0.0,0.0,35.4,38.2,0.0,0,0,0.0,0.0,0.0,80.2991943359375,80.2991943359375,80.2991943359375,136.721,136.721,136.721,0,0.0,80.2991943359375,136.721,
11777164.4763462,81.94456481933594,143290362.00625825,208051.42798767198,2126041.2198737343,14914996.865575735,11.20625,0.0,100.0,2.0,78.1,35.0,5.0,0.0,9.0,51.5,51.0,0.0,1.0,0.0,0.0,0.0,0.0,50.5,36.7,0.0,0.0,0.0,0.0,0.0,0.0,2.0,1.0,1.0,1.0,0.0,5.0,0.0,1.0,0.0,1.0,78.6,2.0,1.0,0.0,0.0,0.0,100.0,0.0,50.5,1.0,1.0,2.0,0.0,0.0,34.7,38.6,0.0,0.0,0.0,0.0,0.0,0.0,0.0,0.0,0.0,1.0,0.0,0.0,0.0,0.0,37.4,37.6,0.0,0,0,0.0,0.0,0.0,80.2991943359375,80.2991943359375,80.2991943359375,136.973,136.973,136.973,0,0.0,80.2991943359375,136.973,
11777165.475191591,81.94587707519531,143750490.61374247,208671.93449873728,2132382.067578961,14959480.351015482,11.13125,0.0,100.0,5.0,77.6,43.0,5.0,2.0,0.0,51.0,49.5,2.9,0.0,0.0,0.0,0.0,0.0,51.5,35.7,0.0,0.0,0.0,0.0,0.0,0.0,0.0,1.0,0.0,2.0,1.0,21.2,0.0,35.0,1.0,0.0,78.4,0.0,3.0,0.0,0.0,0.0,100.0,0.0,1.0,0.0,0.0,0.0,0.0,0.0,35.1,38.2,0.0,0.0,0.0,0.0,0.0,0.0,0.0,0.0,1.0,0.0,0.0,0.0,0.0,0.0,34.7,36.6,0.0,0,0,0.0,0.0,0.0,80.2991943359375,80.2991943359375,80.2991943359375,136.786,136.786,136.786,0,0.0,80.2991943359375,136.786,
11777166.475544304,81.94283294677734,143566609.28413013,208357.5097334969,2129169.015796929,14936939.55697538,11.325,0.0,100.0,3.0,83.5,42.0,0.0,4.0,0.0,50.0,51.0,1.0,0.0,1.0,0.0,2.0,1.0,48.0,35.7,0.0,0.0,0.0,0.0,0.0,0.0,0.0,1.0,30.7,1.0,0.0,12.0,1.0,14.1,1.0,2.0,85.6,1.0,0.0,1.0,1.0,0.0,100.0,0.0,1.0,2.0,0.0,0.0,0.0,0.0,34.0,38.0,0.0,0.0,0.0,0.0,0.0,0.0,0.0,0.0,1.0,0.0,0.0,0.0,0.0,0.0,36.4,38.8,0.0,0,0,0.0,0.0,0.0,80.2991943359375,80.2991943359375,80.2991943359375,137.007,137.007,137.007,0,0.0,80.2991943359375,137.007,
11777167.473094383,81.94577407836914,144005526.0761875,208945.90082513203,2135150.949871255,14978905.125250652,11.184375,0.0,100.0,3.0,80.0,13.1,30.0,8.1,0.0,50.5,50.5,1.0,1.0,0.0,0.0,0.0,0.0,51.0,33.7,0.0,0.0,0.0,0.0,0.0,0.0,0.0,0.0,1.0,0.0,1.0,14.9,17.8,0.0,25.7,0.0,78.1,2.0,1.0,0.0,0.0,0.0,100.0,0.0,1.0,2.0,0.0,0.0,1.0,0.0,35.1,37.6,0.0,0.0,0.0,0.0,0.0,0.0,0.0,0.0,2.0,1.0,0.0,0.0,0.0,0.0,35.1,37.6,0.0,0,0,0.0,0.0,0.0,80.2991943359375,80.2991943359375,80.2991943359375,136.989,136.989,136.989,0,0.0,80.2991943359375,136.989,
11777168.474757537,81.9440689086914,143449622.18833524,208089.91442831024,2126383.49680068,14917398.069863232,11.421875,0.0,100.0,2.0,77.3,0.0,43.0,8.1,0.0,49.0,50.0,1.0,1.0,1.0,0.0,0.0,0.0,50.5,35.1,0.0,1.0,0.0,0.0,0.0,0.0,0.0,1.0,17.2,1.0,0.0,0.0,0.0,1.0,57.0,0.0,84.5,1.0,1.0,2.0,0.0,0.0,100.0,0.0,0.0,0.0,1.0,0.0,0.0,0.0,34.7,36.0,1.0,0.0,0.0,0.0,0.0,0.0,0.0,0.0,0.0,0.0,0.0,0.0,0.0,0.0,35.7,37.9,0.0,0,0,0.0,0.0,0.0,80.2991943359375,80.2991943359375,80.2991943359375,136.878,136.878,136.878,0,0.0,80.2991943359375,136.878,
11777169.476265842,81.94527435302734,143504484.49015194,208122.0884447592,2126712.2695708107,14919704.537296765,11.221875,0.0,100.0,4.0,78.4,36.0,8.0,5.0,0.0,50.5,51.0,2.0,1.0,0.0,0.0,0.0,0.0,50.0,36.4,0.0,0.0,1.0,0.0,0.0,0.0,0.0,0.0,2.0,1.0,24.5,1.0,0.0,0.0,2.0,1.0,78.4,31.0,1.0,0.0,0.0,0.0,100.0,0.0,1.0,1.0,2.0,1.0,0.0,0.0,35.1,37.6,0.0,1.0,0.0,0.0,0.0,0.0,0.0,0.0,1.0,0.0,0.0,0.0,0.0,0.0,35.7,37.6,0.0,0,0,0.0,0.0,0.0,80.2991943359375,80.2991943359375,80.2991943359375,136.903,136.903,136.903,0,0.0,80.2991943359375,136.903,
11777170.477488946,81.94364547729492,143578054.09701118,208181.37251502162,2127318.0686023277,14923954.450502485,11.2375,0.0,100.0,2.0,85.6,48.0,0.0,5.9,1.0,50.5,50.0,1.0,1.0,1.0,0.0,0.0,0.0,48.5,34.4,0.0,0.0,0.0,0.0,0.0,0.0,0.0,1.0,40.2,9.0,8.0,0.0,3.0,2.0,0.0,1.0,78.1,0.0,1.0,0.0,0.0,0.0,100.0,0.0,0.0,1.0,0.0,0.0,0.0,0.0,34.4,36.6,1.0,0.0,0.0,0.0,0.0,0.0,0.0,0.0,0.0,1.0,0.0,0.0,0.0,0.0,35.7,37.3,0.0,0,0,0.0,0.0,0.0,80.2991943359375,80.2991943359375,80.2991943359375,136.882,136.882,136.882,0,0.0,80.2991943359375,136.882,
11777171.477840409,81.94561386108398,143735879.22664878,208362.768297795,2129171.675971711,14936958.219124617,11.209375,0.0,100.0,3.0,78.4,4.0,41.6,4.0,1.0,51.0,49.5,1.0,0.0,0.0,0.0,0.0,0.0,51.0,35.4,0.0,0.0,0.0,0.0,0.0,0.0,0.0,1.0,57.0,1.0,0.0,1.0,0.0,1.0,1.0,1.0,80.6,0.0,0.0,0.0,1.0,0.0,100.0,0.0,2.0,0.0,0.0,0.0,0.0,0.0,33.7,39.2,0.0,1.0,0.0,0.0,0.0,0.0,0.0,0.0,1.0,1.0,0.0,0.0,0.0,0.0,37.1,37.9,0.0,0,0,0.0,0.0,0.0,80.2991943359375,80.2991943359375,80.2991943359375,136.951,136.951,136.951,0,0.0,80.2991943359375,136.951,
11777172.4757484,81.94468688964844,144120630.71567008,208873.96630306478,2134385.1538269296,14973532.771462768,11.40625,0.0,100.0,3.0,77.3,2.0,42.4,5.1,0.0,49.0,52.5,1.0,2.0,0.0,0.0,0.0,0.0,53.0,38.8,0.0,0.0,0.0,0.0,0.0,0.0,0.0,0.0,42.6,1.0,1.0,0.0,0.0,1.0,0.0,7.1,82.7,2.0,7.0,0.0,0.0,0.0,100.0,0.0,1.0,1.0,0.0,1.0,0.0,0.0,35.7,37.6,0.0,1.0,0.0,0.0,0.0,1.0,0.0,0.0,3.0,0.0,0.0,1.0,1.0,0.0,36.4,39.8,0.0,0,0,0.0,0.0,0.0,80.2991943359375,80.2991943359375,80.2991943359375,136.983,136.983,136.983,0,0.0,80.2991943359375,136.983,
11777173.476829432,81.95011901855469,143699262.40146983,208212.91503476482,2127619.9732814855,14926072.42794396,11.4734375,0.0,100.0,2.0,84.7,16.2,5.1,16.0,15.0,49.0,49.5,0.0,0.0,0.0,0.0,0.0,0.0,50.0,34.0,0.0,0.0,0.0,0.0,0.0,0.0,0.0,1.0,17.2,0.0,0.0,0.0,1.0,0.0,1.0,2.0,78.1,6.9,55.1,1.0,0.0,0.0,100.0,0.0,0.0,0.0,0.0,0.0,0.0,0.0,35.1,38.6,0.0,0.0,0.0,0.0,0.0,0.0,0.0,0.0,0.0,0.0,0.0,0.0,0.0,0.0,36.4,39.4,0.0,0,0,0.0,0.0,0.0,80.2991943359375,80.2991943359375,80.2991943359375,136.961,136.961,136.961,0,0.0,80.2991943359375,136.961,
11777174.475861544,81.94369888305664,144026739.77637476,208639.94012807438,2131983.5216111657,14956684.397764487,11.2515625,0.0,100.0,4.0,78.4,1.0,4.0,42.0,0.0,49.5,50.0,1.0,2.0,0.0,1.0,1.0,0.0,51.0,34.3,0.0,0.0,0.0,0.0,0.0,0.0,0.0,1.0,2.0,1.0,0.0,2.0,0.0,1.0,2.0,1.0,85.6,1.0,56.0,0.0,0.0,0.0,100.0,0.0,0.0,0.0,0.0,0.0,0.0,0.0,36.1,37.6,0.0,0.0,0.0,1.0,0.0,0.0,0.0,0.0,0.0,1.0,0.0,0.0,0.0,0.0,34.4,38.2,0.0,0,0,0.0,0.0,0.0,80.2991943359375,80.2991943359375,80.2991943359375,136.693,136.693,136.693,0,0.0,80.2991943359375,136.693,
11777175.476696167,81.9461784362793,143800051.1193611,208264.177853842,2128143.8014875175,14929747.284281662,10.975,0.0,100.0,3.0,78.1,25.3,9.9,42.6,0.0,49.0,49.5,1.0,0.0,0.0,0.0,0.0,0.0,50.0,33.0,0.0,0.0,2.0,0.0,0.0,0.0,1.0,0.0,0.0,2.0,1.0,0.0,1.0,0.0,1.0,0.0,78.1,1.0,26.7,0.0,1.0,0.0,100.0,0.0,0.0,0.0,0.0,0.0,0.0,0.0,33.3,37.6,0.0,0.0,0.0,0.0,0.0,0.0,0.0,0.0,1.0,1.0,0.0,0.0,0.0,0.0,36.0,37.3,0.0,0,0,0.0,0.0,0.0,80.2991943359375,80.2991943359375,80.2991943359375,136.948,136.948,136.948,0,0.0,80.2991943359375,136.948,
11777176.47679586,81.94187927246094,143938452.41674253,208417.22236737693,2129707.6841301657,14940718.522513162,11.2421875,0.0,100.0,3.0,78.1,1.0,20.0,20.0,10.7,51.0,51.0,56.1,0.0,1.0,0.0,0.0,0.0,51.0,35.7,0.0,0.0,0.0,0.0,0.0,0.0,0.0,2.0,0.0,2.0,1.0,1.0,2.0,1.0,0.0,1.0,77.6,0.0,0.0,0.0,0.0,0.0,100.0,0.0,2.0,0.0,0.0,1.0,0.0,0.0,36.4,37.6,0.0,0.0,0.0,0.0,0.0,0.0,0.0,0.0,1.0,1.0,1.0,0.0,0.0,0.0,35.1,38.2,0.0,0,0,0.0,0.0,0.0,80.2991943359375,80.2991943359375,80.2991943359375,136.805,136.805,136.805,0,0.0,80.2991943359375,136.805,
11777177.477272864,81.9459342956543,143916884.95561242,208338.6214783073,2128904.5023415894,14935083.893350229,11.35,0.0,100.0,3.0,85.7,27.7,0.0,0.0,19.2,50.5,48.5,7.0,3.0,0.0,0.0,0.0,0.0,52.0,37.1,0.0,0.0,1.0,0.0,0.0,0.0,0.0,0.0,1.0,0.0,1.0,23.0,5.1,19.8,1.0,2.0,85.7,1.0,1.0,0.0,0.0,0.0,100.0,0.0,0.0,0.0,0.0,0.0,0.0,0.0,36.1,37.0,0.0,0.0,0.0,0.0,0.0,0.0,0.0,0.0,1.0,2.0,2.0,0.0,0.0,0.0,36.7,36.3,0.0,0,0,0.0,0.0,0.0,80.2991943359375,80.2991943359375,80.2991943359375,136.552,136.552,136.552,0,0.0,80.2991943359375,136.552,
11777178.613938283,81.94712829589844,126710347.32378605,184771.17059834237,1873831.9692644204,13715008.605808431,13.7203125,0.0,100.0,40.8,76.7,49.6,7.0,26.1,16.4,50.4,51.6,16.9,36.7,1.7,0.0,0.0,0.0,50.8,37.3,0.0,0.0,0.0,0.0,0.0,0.0,0.0,0.0,14.9,0.8,0.0,0.8,30.8,23.1,0.0,0.8,78.3,3.3,0.8,0.0,1.7,0.8,100.0,0.0,0.0,0.0,0.0,0.0,0.0,0.0,37.6,39.0,0.0,0.0,0.8,0.0,0.0,0.0,0.0,0.0,0.8,0.8,0.0,0.8,0.0,0.0,38.7,41.5,0.0,0,0,0.0,0.0,0.0,80.2991943359375,80.2991943359375,80.2991943359375,136.874,136.874,136.874,0,0.0,80.2991943359375,136.874,
11777179.61786649,81.94372177124023,143498099.7799014,210100.68106314295,2121585.9714307836,15528377.321664544,12.784375,0.0,100.0,27.1,85.4,37.9,30.9,4.3,10.4,50.5,50.5,8.2,26.8,6.2,1.0,0.0,0.0,50.5,34.4,0.0,0.0,0.0,0.0,0.0,0.0,0.0,1.0,0.0,0.0,1.0,1.0,1.0,1.0,0.0,2.1,81.9,56.2,1.0,0.0,0.0,0.0,100.0,0.0,0.0,0.0,0.0,0.0,0.0,0.0,34.4,36.7,0.0,0.0,0.0,0.0,0.0,0.0,0.0,0.0,1.0,0.0,0.0,0.0,0.0,0.0,36.8,39.0,0.0,0,0,0.0,0.0,0.0,80.2991943359375,80.2991943359375,80.2991943359375,136.976,136.976,136.976,0,0.0,80.2991943359375,136.976,
11777180.478969453,81.94524765014648,167337153.87569973,244948.64040169245,2473478.889109796,18103962.79221516,11.2015625,0.0,100.0,2.4,74.7,0.0,50.6,0.0,0.0,49.4,49.4,0.0,2.4,6.0,0.0,0.0,0.0,48.1,36.6,0.0,0.0,0.0,0.0,0.0,0.0,0.0,1.2,0.0,4.8,0.0,1.2,0.0,0.0,1.2,1.2,84.0,20.7,29.3,0.0,0.0,0.0,100.0,0.0,3.6,0.0,0.0,0.0,0.0,0.0,34.2,38.1,0.0,0.0,0.0,0.0,0.0,0.0,0.0,0.0,1.2,0.0,0.0,0.0,0.0,0.0,36.6,40.0,0.0,0,0,0.0,0.0,0.0,80.2991943359375,80.2991943359375,80.2991943359375,136.928,136.928,136.928,0,0.0,80.2991943359375,136.928,
11777181.477407964,81.94354629516602,144352656.07826623,211255.87371373913,2133251.0479522073,15613756.708665578,11.2890625,0.0,100.0,4.0,84.5,1.0,42.0,0.0,1.0,49.5,49.0,2.0,2.0,4.0,1.0,0.0,0.0,51.5,35.7,0.0,0.0,0.0,0.0,0.0,0.0,0.0,0.0,2.0,1.0,0.0,0.0,0.0,2.0,2.0,0.0,78.4,0.0,55.6,1.0,0.0,0.0,100.0,0.0,1.0,0.0,0.0,0.0,1.0,0.0,36.4,37.6,0.0,0.0,0.0,0.0,0.0,0.0,0.0,0.0,1.0,1.0,2.0,0.0,0.0,0.0,36.4,36.9,0.0,0,0,0.0,0.0,0.0,80.2991943359375,80.2991943359375,80.2991943359375,136.74,136.74,136.74,0,0.0,80.2991943359375,136.74,
11777182.476186493,81.94787216186523,144336285.5198652,211183.95497842898,2132524.816227755,15608441.251082378,11.565625,0.0,100.0,17.2,78.1,1.0,15.0,0.0,28.3,50.0,48.5,6.1,1.0,1.0,1.0,0.0,0.0,50.5,35.7,1.0,0.0,0.0,0.0,0.0,0.0,0.0,1.0,1.0,2.0,0.0,1.0,1.0,0.0,0.0,13.7,78.4,2.0,57.4,0.0,0.0,0.0,100.0,0.0,0.0,0.0,0.0,0.0,0.0,0.0,36.1,38.2,0.0,0.0,0.0,0.0,0.0,0.0,0.0,0.0,0.0,1.0,0.0,0.0,0.0,0.0,35.4,37.6,0.0,0,0,0.0,0.0,0.0,80.2991943359375,80.2991943359375,80.2991943359375,136.791,136.791,136.791,0,0.0,80.2991943359375,136.791,
11777183.477153417,81.93924331665039,144058911.080668,210724.24581445477,2127862.5201259363,15578408.873306615,12.0640625,0.0,100.0,2.0,77.3,20.0,32.7,1.0,2.0,52.0,49.5,15.2,4.1,5.1,1.0,0.0,0.0,51.5,37.8,0.0,0.0,0.0,0.0,0.0,0.0,0.0,0.0,15.3,0.0,1.0,0.0,0.0,1.0,2.0,1.0,84.7,2.0,12.1,0.0,0.0,3.0,100.0,0.0,0.0,1.0,1.0,0.0,0.0,0.0,37.1,39.2,0.0,1.0,1.0,0.0,0.0,0.0,2.0,1.0,21.0,19.2,1.0,0.0,0.0,0.0,36.1,38.2,0.0,0,0,0.0,0.0,0.0,80.2991943359375,80.2991943359375,80.2991943359375,136.527,136.527,136.527,0,0.0,80.2991943359375,136.527,
11777184.4779044,81.93926239013672,144122703.28062242,210770.71474810157,2128321.6663250504,15581770.353268204,11.2578125,0.0,100.0,4.0,85.7,17.2,53.6,0.0,0.0,49.5,51.5,26.7,1.0,5.9,2.0,0.0,0.0,49.0,37.4,0.0,0.0,0.0,0.0,0.0,0.0,0.0,1.0,4.0,0.0,0.0,1.0,1.0,0.0,0.0,0.0,78.1,1.0,0.0,0.0,1.0,0.0,100.0,0.0,1.0,0.0,0.0,1.0,0.0,0.0,33.7,38.0,0.0,0.0,0.0,0.0,0.0,0.0,0.0,0.0,1.0,1.0,0.0,0.0,0.0,0.0,36.0,38.2,0.0,0,0,0.0,0.0,0.0,80.2991943359375,80.2991943359375,80.2991943359375,136.709,136.709,136.709,0,0.0,80.2991943359375,136.709,
11777185.477060212,81.94356536865234,144385533.53977415,211107.21418421823,2131719.572155797,15606646.944609843,11.153125000000001,0.0,100.0,3.0,78.4,0.0,24.8,2.0,1.0,52.0,48.5,35.1,30.6,12.1,0.0,0.0,0.0,50.0,34.0,1.0,0.0,0.0,0.0,0.0,0.0,0.0,1.0,1.0,1.0,0.0,1.0,1.0,1.0,0.0,0.0,84.7,1.0,0.0,0.0,0.0,0.0,100.0,0.0,1.0,0.0,0.0,0.0,0.0,0.0,34.0,37.9,0.0,0.0,0.0,0.0,0.0,0.0,0.0,0.0,1.0,1.0,0.0,0.0,0.0,0.0,36.1,38.6,0.0,0,0,0.0,0.0,0.0,80.2991943359375,80.2991943359375,80.2991943359375,136.675,136.675,136.675,0,0.0,80.2991943359375,136.675,
11777186.477509344,81.94590759277344,144231573.95959154,210834.30752905225,2128963.813853377,15586471.614115013,11.0625,0.0,100.0,14.3,77.9,3.1,1.0,0.0,0.0,50.0,49.5,6.0,44.6,41.8,0.0,0.0,0.0,51.0,36.4,1.0,0.0,0.0,0.0,0.0,0.0,0.0,0.0,0.0,0.0,2.0,2.0,0.0,1.0,2.0,2.0,78.1,0.0,0.0,0.0,0.0,0.0,100.0,0.0,2.0,0.0,0.0,0.0,0.0,0.0,32.6,36.0,0.0,0.0,0.0,0.0,0.0,0.0,0.0,0.0,0.0,0.0,0.0,1.0,0.0,0.0,35.1,37.6,0.0,0,0,0.0,0.0,0.0,80.2991943359375,80.2991943359375,80.2991943359375,136.887,136.887,136.887,0,0.0,80.2991943359375,136.887,
11777187.477968749,81.94414138793945,144262786.0035206,210832.14273067706,2128941.954140605,15586311.575794775,11.0734375,0.0,100.0,51.0,80.4,2.0,1.0,1.0,0.0,48.5,51.5,1.0,4.0,41.6,1.0,1.0,0.0,49.0,35.4,1.0,0.0,0.0,0.0,0.0,0.0,0.0,1.0,5.9,1.0,0.0,1.0,1.0,0.0,1.0,0.0,78.4,0.0,0.0,1.0,0.0,0.0,100.0,0.0,1.0,0.0,0.0,1.0,1.0,0.0,34.4,37.3,0.0,0.0,0.0,0.0,0.0,0.0,0.0,0.0,1.0,0.0,0.0,0.0,0.0,0.0,35.1,38.2,0.0,0,0,0.0,0.0,0.0,80.2991943359375,80.2991943359375,80.2991943359375,136.792,136.792,136.792,0,0.0,80.2991943359375,136.792,
11777188.47827732,81.94476318359375,144317236.8305889,210866.93249893453,2129262.970379699,15588661.785068296,11.1109375,0.0,100.0,2.0,82.5,1.0,0.0,0.0,0.0,51.0,49.5,2.0,4.0,41.4,0.0,0.0,0.0,49.0,36.4,0.0,1.0,0.0,0.0,0.0,0.0,0.0,1.0,6.1,38.8,12.1,0.0,0.0,2.0,0.0,0.0,80.4,0.0,0.0,1.0,0.0,0.0,100.0,0.0,2.0,1.0,0.0,0.0,0.0,0.0,34.0,36.4,0.0,0.0,0.0,0.0,0.0,0.0,0.0,0.0,0.0,0.0,1.0,0.0,0.0,0.0,36.7,38.8,0.0,0,0,0.0,0.0,0.0,80.2991943359375,80.2991943359375,80.2991943359375,136.813,136.813,136.813,0,0.0,80.2991943359375,136.813,
11777189.478717225,81.94364166259766,144333726.92523384,210840.2503976209,2128983.450322618,15586615.375727318,11.4046875,0.0,100.0,2.0,77.3,1.0,0.0,0.0,0.0,49.0,50.0,1.0,8.2,42.6,0.0,0.0,0.0,50.0,35.7,0.0,0.0,0.0,0.0,0.0,0.0,0.0,0.0,17.8,1.0,55.1,1.0,1.0,0.0,0.0,2.0,82.8,0.0,0.0,0.0,0.0,0.0,100.0,0.0,2.0,2.0,0.0,0.0,0.0,0.0,34.4,36.6,0.0,0.0,0.0,0.0,0.0,0.0,0.0,0.0,3.0,1.0,0.0,0.0,0.0,0.0,36.4,37.0,0.0,0,0,0.0,0.0,0.0,80.2991943359375,80.2991943359375,80.2991943359375,136.705,136.705,136.705,0,0.0,80.2991943359375,136.705,
11777190.478104167,81.94758605957031,144518634.302871,211170.45973672817,2131226.565465725,15603037.566784644,12.009375,0.0,100.0,12.9,78.8,1.0,3.8,2.0,1.0,51.9,49.5,7.0,10.7,65.3,0.0,0.0,0.0,50.5,36.4,1.0,1.0,0.0,0.0,0.0,0.0,0.0,0.0,0.0,0.0,51.5,0.0,0.0,0.0,1.9,2.0,78.6,8.7,1.0,1.0,1.9,0.0,100.0,0.0,2.0,0.0,0.0,0.0,0.0,0.0,33.7,38.5,0.0,0.0,0.0,0.0,0.0,0.0,0.0,0.0,0.0,0.0,0.0,0.0,0.0,0.0,35.0,40.0,0.0,0,0,0.0,0.0,0.0,80.2991943359375,80.2991943359375,80.2991943359375,136.747,136.747,136.747,0,0.0,80.2991943359375,136.747,
11777191.479496768,81.94423294067383,144261966.6326545,210849.37094296998,2126957.996044627,15571786.713349797,11.359375,0.0,100.0,3.1,83.3,3.0,0.0,1.0,6.1,49.0,52.0,3.0,2.0,43.3,1.0,0.0,0.0,50.5,34.0,0.0,0.0,0.0,0.0,0.0,0.0,0.0,2.0,0.0,0.0,20.4,0.0,0.0,23.2,0.0,2.1,85.4,12.1,1.0,0.0,0.0,0.0,100.0,0.0,1.0,0.0,0.0,1.0,0.0,0.0,35.1,38.0,0.0,0.0,0.0,0.0,0.0,0.0,0.0,0.0,0.0,2.0,0.0,0.0,0.0,0.0,35.4,37.0,0.0,0,0,0.0,0.0,0.0,80.2991943359375,80.2991943359375,80.2991943359375,136.801,136.801,136.801,0,0.0,80.2991943359375,136.801,
11777192.47822298,81.94902801513672,144680128.886054,211651.59937577904,2132636.5279089953,15613360.118749127,11.370312499999999,0.0,100.0,4.0,79.8,1.0,2.9,1.0,6.9,50.0,51.5,38.8,0.0,6.8,0.0,0.0,0.0,50.0,36.0,0.0,1.0,1.0,0.0,0.0,0.0,0.0,0.0,1.0,1.9,13.9,1.9,0.0,9.0,1.0,34.3,78.8,1.0,0.0,1.0,0.0,0.0,100.0,0.0,1.0,0.0,1.0,1.0,0.0,0.0,35.4,37.3,0.0,0.0,0.0,0.0,0.0,0.0,0.0,0.0,1.0,0.0,1.0,0.0,0.0,1.0,36.4,38.1,0.0,0,0,0.0,0.0,0.0,80.2991943359375,80.2991943359375,80.2991943359375,136.64,136.64,136.64,0,0.0,80.2991943359375,136.64,
11777193.477760673,81.94408798217773,144595480.4541106,211544.79856998523,2130905.131641418,15600684.300305538,11.2453125,0.0,100.0,8.2,77.7,3.1,0.0,2.0,1.0,51.0,49.5,3.1,11.3,28.6,1.0,0.0,0.0,52.1,37.2,0.0,0.0,0.0,1.0,0.0,0.0,0.0,0.0,0.0,1.0,1.0,0.0,0.0,0.0,0.0,56.6,77.7,1.0,0.0,0.0,0.0,0.0,100.0,0.0,1.0,1.0,0.0,0.0,2.0,0.0,35.8,37.0,1.0,0.0,0.0,0.0,0.0,0.0,0.0,0.0,2.0,1.0,0.0,0.0,0.0,0.0,35.8,39.0,0.0,0,0,0.0,0.0,0.0,80.2991943359375,80.2991943359375,80.2991943359375,136.743,136.743,136.743,0,0.0,80.2991943359375,136.743,
11777194.479534756,81.97513198852539,144308095.34252983,211073.53785104235,2126148.035165583,15565856.865144948,11.95,0.0,100.0,11.0,81.4,3.0,0.0,2.0,0.0,51.0,50.0,30.3,19.8,0.0,0.0,0.0,0.0,50.0,36.4,0.0,0.0,0.0,1.0,0.0,0.0,0.0,2.0,18.8,17.0,23.0,1.0,2.0,17.6,1.0,1.0,85.6,1.0,2.0,0.0,0.0,0.0,100.0,0.0,2.0,0.0,0.0,0.0,0.0,2.0,36.5,39.2,0.0,0.0,0.0,0.0,0.0,0.0,0.0,0.0,1.0,0.0,0.0,0.0,0.0,0.0,38.0,38.2,0.0,0,0,0.0,0.0,0.0,80.2991943359375,80.2991943359375,80.2991943359375,136.615,136.615,136.615,0,0.0,80.2991943359375,136.615,
11777195.477761948,81.9509506225586,144855929.7382007,213273.0922251083,2133702.6449287334,16261276.118947249,12.28125,0.0,100.0,14.3,81.4,25.5,13.0,7.1,15.2,50.0,46.9,18.0,41.4,0.0,0.0,0.0,0.0,49.5,34.7,0.0,0.0,2.0,0.0,0.0,0.0,0.0,0.0,1.0,1.0,51.0,4.0,0.0,0.0,1.0,1.0,77.3,1.0,0.0,0.0,0.0,0.0,100.0,0.0,1.0,1.0,0.0,0.0,1.0,0.0,35.7,36.0,0.0,0.0,0.0,0.0,0.0,0.0,0.0,0.0,2.0,1.0,0.0,0.0,0.0,0.0,34.4,37.6,0.0,0,0,0.0,0.0,0.0,80.2991943359375,80.2991943359375,80.2991943359375,136.692,136.692,136.692,0,0.0,80.2991943359375,136.692,
11777196.47796688,81.94524383544922,144602626.30259627,213251.2979968112,2129483.600784679,16229122.134441696,11.3984375,0.0,100.0,7.0,78.4,7.0,2.0,0.0,1.0,50.5,52.5,1.0,7.0,37.0,0.0,0.0,0.0,51.5,35.1,0.0,0.0,1.0,0.0,0.0,0.0,0.0,1.0,0.0,0.0,11.9,43.6,0.0,0.0,2.0,3.0,83.5,0.0,0.0,0.0,0.0,0.0,100.0,0.0,0.0,0.0,0.0,0.0,0.0,0.0,34.0,38.6,0.0,0.0,0.0,0.0,0.0,0.0,0.0,0.0,2.0,3.0,0.0,1.0,0.0,0.0,37.0,37.9,0.0,0,0,0.0,0.0,0.0,80.2991943359375,80.2991943359375,80.2991943359375,136.834,136.834,136.834,0,0.0,80.2991943359375,136.834,
11777197.478361044,81.94908142089844,144607992.78527397,213210.9599890968,2129080.793736267,16226052.279955434,11.1421875,0.0,100.0,55.1,79.2,5.2,4.0,1.0,0.0,49.5,50.5,0.0,0.0,42.0,0.0,0.0,0.0,48.0,35.7,0.0,0.0,0.0,0.0,0.0,0.0,0.0,1.0,0.0,2.0,1.0,2.0,2.0,1.0,0.0,1.0,80.4,1.0,0.0,0.0,0.0,0.0,100.0,0.0,3.0,0.0,1.0,0.0,0.0,0.0,34.4,37.6,0.0,0.0,0.0,0.0,0.0,0.0,0.0,0.0,0.0,0.0,0.0,0.0,0.0,0.0,36.7,38.8,0.0,0,0,0.0,0.0,0.0,80.2991943359375,80.2991943359375,80.2991943359375,136.933,136.933,136.933,0,0.0,80.2991943359375,136.933,
11777198.479075266,81.9517707824707,144596257.1764537,214110.07787854198,2128399.85006774,16863475.73515209,12.171875,0.0,100.0,20.3,81.8,8.0,7.4,5.8,11.7,50.4,49.3,3.8,14.0,47.8,0.0,0.0,0.0,51.5,35.3,0.0,0.0,0.0,0.0,0.0,0.0,1.5,0.0,30.9,0.0,0.7,0.0,0.0,0.0,0.7,1.5,78.8,0.7,0.7,0.0,0.0,0.7,100.0,0.0,1.5,0.7,1.5,2.2,0.0,0.0,33.6,37.0,0.7,0.0,0.0,0.0,0.0,0.0,0.0,0.0,24.3,0.0,0.0,0.0,0.0,0.0,36.1,38.1,0.0,0,0,0.0,0.0,0.0,80.2991943359375,80.2991943359375,80.2991943359375,136.695,136.695,136.695,0,0.0,80.2991943359375,136.695,
11777199.47921154,81.99541854858398,144715707.88942397,214628.7515002838,2129629.785032398,16873220.60448746,15.1875,0.0,78.8,3.0,78.8,55.2,2.9,15.2,11.9,47.7,49.3,2.9,1.5,3.0,0.0,0.0,0.0,49.3,36.4,0.0,0.0,0.0,0.0,0.0,0.0,0.0,2.9,26.9,1.5,8.8,1.5,0.0,51.5,0.0,0.0,76.9,0.0,0.0,0.0,0.0,0.0,71.2,31.3,59.7,30.9,30.3,29.9,29.9,0.0,35.4,35.8,0.0,0.0,0.0,0.0,0.0,0.0,0.0,0.0,13.6,2.9,0.0,0.0,0.0,0.0,35.8,38.2,0.0,0,0,0.0,0.0,0.0,80.2991943359375,80.2991943359375,80.2991943359375,136.755,136.755,136.755,0,0.0,80.2991943359375,136.755,
11777200.478785831,81.95335388183594,144832377.5061946,216467.15210393164,2130827.113156354,17521955.261262633,12.6578125,0.0,100.0,21.2,78.1,31.6,3.0,15.8,14.1,49.0,50.5,11.2,16.2,29.3,1.0,0.0,0.0,49.0,34.4,0.0,0.0,0.0,0.0,0.0,0.0,0.0,1.0,0.0,0.0,23.2,0.0,32.3,7.9,1.0,1.0,85.6,2.0,0.0,0.0,0.0,0.0,0.0,0.0,100.0,0.0,0.0,0.0,0.0,0.0,34.4,38.8,0.0,0.0,0.0,0.0,0.0,0.0,0.0,0.0,1.0,2.0,0.0,0.0,0.0,0.0,36.7,38.8,0.0,0,0,0.0,0.0,0.0,80.2991943359375,80.2991943359375,80.2991943359375,136.857,136.857,136.857,0,0.0,80.2991943359375,136.857,
11777201.479160853,81.95551300048828,144749165.98697177,216293.88519701027,2129121.534182859,17507930.1541652,11.2453125,0.0,100.0,2.1,81.9,1.0,18.6,9.4,21.9,50.0,49.5,0.0,0.0,0.0,1.0,0.0,0.0,51.0,35.5,0.0,0.0,1.0,2.0,1.0,0.0,0.0,0.0,2.0,0.0,0.0,2.0,55.7,0.0,1.0,0.0,77.7,3.1,3.1,0.0,0.0,0.0,0.0,0.0,100.0,0.0,0.0,0.0,0.0,0.0,34.7,37.4,0.0,0.0,0.0,0.0,0.0,0.0,0.0,0.0,2.1,1.0,0.0,0.0,0.0,0.0,36.2,37.8,0.0,0,0,0.0,0.0,0.0,80.2991943359375,80.2991943359375,80.2991943359375,136.359,136.359,136.359,0,0.0,80.2991943359375,136.359,
11777202.48346288,81.93966293334961,144216320.5379,215716.9797924367,2120796.2777793477,17439470.93035479,11.740625,0.0,100.0,3.9,81.4,1.9,7.9,24.0,16.8,53.4,50.0,1.0,1.0,12.6,0.0,0.0,0.0,50.5,36.3,0.0,0.0,0.0,0.0,0.0,0.0,0.0,1.0,0.0,1.9,0.0,0.0,42.0,6.0,1.0,2.0,84.0,1.0,15.2,0.0,0.0,0.0,0.0,0.0,100.0,1.0,0.0,0.0,1.0,1.0,35.7,37.9,0.0,0.0,0.0,0.0,0.0,0.0,0.0,0.0,3.0,2.0,0.0,0.0,0.0,0.0,36.0,39.0,0.0,0,0,0.0,0.0,0.0,80.2991943359375,80.2991943359375,80.2991943359375,136.706,136.706,136.706,0,0.0,80.2991943359375,136.706,
11777203.480101308,81.94110107421875,145360957.26280117,217473.0512284628,2137104.0281649497,17573570.81621793,11.3234375,0.0,100.0,4.1,77.3,1.0,8.2,3.0,43.4,49.0,50.5,0.0,1.0,0.0,1.0,0.0,0.0,51.0,39.2,0.0,0.0,0.0,0.0,1.0,0.0,0.0,0.0,1.0,0.0,1.0,1.0,0.0,1.0,2.0,1.0,78.7,0.0,53.5,4.2,0.0,0.0,0.0,0.0,100.0,1.0,0.0,0.0,0.0,0.0,35.1,38.8,0.0,0.0,0.0,0.0,0.0,0.0,0.0,0.0,1.0,1.0,0.0,0.0,0.0,0.0,36.1,38.6,0.0,0,0,0.0,0.0,0.0,80.2991943359375,80.2991943359375,80.2991943359375,136.757,136.757,136.757,0,0.0,80.2991943359375,136.757,
11777204.480032682,81.93916320800781,144914992.85445645,216757.87510351918,2130066.1767184525,17515698.0224002,11.234375,0.0,100.0,3.0,78.1,0.0,30.4,4.0,12.1,50.0,50.0,3.0,25.0,0.0,0.0,0.0,0.0,49.0,35.7,2.0,0.0,0.0,0.0,0.0,1.0,0.0,1.0,17.2,0.0,0.0,1.0,1.0,1.0,0.0,0.0,79.2,1.0,16.2,13.0,0.0,0.0,0.0,0.0,100.0,0.0,0.0,0.0,0.0,0.0,35.1,36.0,0.0,0.0,0.0,0.0,0.0,0.0,0.0,0.0,1.0,2.0,0.0,0.0,0.0,0.0,34.7,36.3,0.0,0,0,0.0,0.0,0.0,80.2991943359375,80.2991943359375,80.2991943359375,137.006,137.006,137.006,0,0.0,80.2991943359375,137.006,
11777205.480215915,81.94196701049805,144913972.1044245,216704.29281114708,2129529.8017214704,17511287.3695404,11.5625,0.0,100.0,2.0,84.7,25.0,46.4,11.8,5.0,52.0,51.5,1.0,23.0,0.0,0.0,0.0,0.0,51.5,36.1,0.0,0.0,0.0,0.0,0.0,0.0,0.0,1.0,1.0,1.0,1.0,1.0,0.0,0.0,1.0,0.0,81.4,5.0,2.0,0.0,0.0,0.0,0.0,0.0,100.0,0.0,0.0,0.0,0.0,0.0,34.4,37.6,0.0,0.0,0.0,0.0,0.0,0.0,0.0,0.0,3.0,3.0,2.0,0.0,0.0,0.0,36.4,39.2,0.0,0,0,0.0,0.0,0.0,80.2991943359375,80.2991943359375,80.2991943359375,136.908,136.908,136.908,0,0.0,80.2991943359375,136.908,
11777206.480114676,81.94565963745117,144988325.39900792,216909.95963659542,2130135.6517150663,17516269.320641585,11.603125,0.0,100.0,11.2,79.8,1.9,30.3,41.5,4.6,50.0,49.1,7.3,3.7,9.3,0.0,0.0,0.0,50.5,34.3,0.0,0.0,0.0,0.0,0.0,0.0,0.0,0.0,0.9,0.9,0.0,0.9,0.9,0.9,1.9,0.0,84.1,0.0,0.0,0.0,0.0,0.0,0.0,0.0,100.0,0.0,0.0,0.0,0.0,0.0,34.9,40.2,0.0,0.0,0.0,0.0,0.0,0.0,0.0,0.0,0.0,27.4,0.9,0.0,0.0,0.0,37.4,37.8,0.0,0,0,0.0,0.0,0.0,80.2991943359375,80.2991943359375,80.2991943359375,136.756,136.756,136.756,0,0.0,80.2991943359375,136.756,
11777207.479761148,81.94169235229492,145057862.04293156,217168.7752833292,2130673.2530515566,17520690.057785492,11.35625,0.0,100.0,38.5,76.4,4.3,6.5,10.9,0.0,50.0,48.9,4.3,3.3,1.1,0.0,0.0,0.0,50.5,38.5,0.0,0.0,0.0,0.0,0.0,1.1,0.0,2.2,1.1,0.0,0.0,1.1,0.0,1.1,1.1,2.2,76.4,2.2,1.1,0.0,0.0,0.0,0.0,0.0,100.0,0.0,1.1,0.0,0.0,0.0,34.1,37.6,0.0,0.0,0.0,0.0,0.0,0.0,0.0,0.0,0.0,20.7,0.0,35.9,0.0,0.0,36.3,38.3,0.0,0,0,0.0,0.0,0.0,80.2991943359375,80.2991943359375,80.2991943359375,136.794,136.794,136.794,0,0.0,80.2991943359375,136.794,
11777208.484219426,81.94186782836914,144395864.0357804,216439.05443488993,2120466.37054498,17436758.0777891,11.5859375,0.0,100.0,7.8,82.8,7.0,3.9,38.6,1.9,50.0,49.5,4.0,3.0,2.0,2.0,0.0,0.0,49.5,35.7,0.0,0.0,0.0,0.0,0.0,0.0,0.0,0.0,14.0,21.6,1.9,0.0,0.0,1.0,0.0,0.0,85.7,2.0,1.9,1.0,0.0,0.0,0.0,0.0,100.0,0.0,0.0,0.0,0.0,0.0,35.4,37.9,0.0,0.0,0.0,0.0,0.0,0.0,0.0,0.0,2.0,2.0,0.0,21.8,0.0,0.0,36.6,39.0,0.0,0,0,0.0,0.0,0.0,80.2991943359375,80.2991943359375,80.2991943359375,137.023,137.023,137.023,0,0.0,80.2991943359375,137.023,
11777209.481061945,81.94234848022461,145534620.8804867,218093.62660242498,2136666.485007415,17569972.865176357,11.4109375,0.0,100.0,3.1,80.0,8.2,24.7,18.4,0.0,50.0,50.0,1.0,0.0,1.0,0.0,0.0,0.0,51.0,35.7,0.0,0.0,0.0,0.0,0.0,0.0,0.0,0.0,32.7,14.3,1.0,1.0,1.0,27.3,1.0,0.0,77.7,0.0,0.0,0.0,0.0,0.0,0.0,0.0,100.0,1.0,1.0,0.0,0.0,0.0,36.1,36.4,0.0,0.0,0.0,0.0,0.0,0.0,0.0,0.0,0.0,0.0,1.0,0.0,0.0,0.0,36.5,39.2,0.0,0,0,0.0,0.0,0.0,80.2991943359375,80.2991943359375,80.2991943359375,136.942,136.942,136.942,0,0.0,80.2991943359375,136.942,
11777210.480999377,81.94018936157227,145117070.701308,217515.60954128223,2130053.2734143496,17523784.430128053,11.1546875,0.0,100.0,29.3,78.4,7.8,17.0,0.0,0.0,50.0,51.0,2.0,0.0,1.0,0.0,0.0,1.0,49.0,34.4,0.0,0.0,0.0,0.0,0.0,0.0,0.0,1.0,1.0,0.0,0.0,30.9,0.0,9.9,2.0,15.0,78.0,1.0,0.0,0.0,0.0,0.0,0.0,0.0,100.0,0.0,0.0,0.0,0.0,0.0,33.3,38.2,0.0,0.0,0.0,0.0,0.0,0.0,0.0,0.0,9.0,1.0,0.0,0.0,0.0,0.0,35.1,37.6,0.0,0,0,0.0,0.0,0.0,80.2991943359375,80.2991943359375,80.2991943359375,136.896,136.896,136.896,0,0.0,80.2991943359375,136.896,
11777211.772696484,81.94503402709961,112369280.83581616,169645.80842454615,1648931.4623654769,14060311.738708701,13.629687500000001,0.0,100.0,40.1,80.1,8.4,12.6,13.3,19.9,50.0,49.7,11.3,27.1,36.4,0.0,0.7,1.4,50.7,35.2,1.4,0.0,1.4,0.7,2.1,2.7,1.4,1.4,5.4,2.1,0.7,2.7,3.5,23.8,0.7,25.0,86.4,2.1,1.4,0.7,0.7,0.0,1.4,0.0,100.0,2.1,0.0,0.0,0.0,0.0,35.0,38.1,2.1,2.1,0.7,3.4,2.1,0.0,2.1,2.1,0.7,0.0,0.7,0.0,0.0,0.0,37.3,39.2,0.0,0,0,0.0,0.0,0.0,80.2991943359375,80.2991943359375,80.2991943359375,137.013,137.013,137.013,0,0.0,80.2991943359375,137.013,
11777212.671383744,81.9467658996582,161548343.2619091,244584.52871009536,2370034.7098119073,20209103.66020384,12.9640625,0.0,100.0,34.2,80.3,2.8,5.3,2.7,17.6,50.0,48.6,29.3,28.8,53.5,1.3,0.0,0.0,50.0,36.1,0.0,0.0,0.0,0.0,0.0,0.0,0.0,0.0,0.0,0.0,0.0,0.0,0.0,1.3,1.4,1.3,76.4,53.4,2.7,2.7,0.0,0.0,0.0,0.0,100.0,0.0,1.3,0.0,0.0,0.0,34.3,36.8,0.0,0.0,0.0,0.0,0.0,0.0,0.0,0.0,1.4,1.4,0.0,0.0,0.0,0.0,36.1,38.7,0.0,0,0,0.0,0.0,0.0,80.2991943359375,80.2991943359375,80.2991943359375,136.873,136.873,136.873,0,0.0,80.2991943359375,136.873,
11777213.840973848,81.95296478271484,124162306.48433854,188947.3920598785,1821082.439086553,16074554.606552457,12.4375,0.0,100.0,24.6,82.0,11.2,1.6,1.6,2.4,49.2,50.0,32.5,22.8,30.4,0.0,0.0,0.0,51.2,35.5,0.0,0.0,0.0,0.0,0.0,0.0,0.0,2.4,1.6,0.8,0.0,1.6,0.8,0.8,1.6,0.0,79.3,44.8,10.6,1.6,0.0,0.0,0.0,0.0,100.0,0.0,0.0,0.0,0.0,0.0,35.5,37.3,0.0,0.0,0.8,0.0,0.0,0.0,1.6,1.6,1.6,0.8,3.1,0.8,0.0,0.0,34.7,37.3,0.0,0,0,0.0,0.0,0.0,80.2991943359375,80.2991943359375,80.2991943359375,136.836,136.836,136.836,0,0.0,80.2991943359375,136.836,
11777214.600873938,81.95516586303711,191146273.0891503,291144.85325074336,2802894.7881984953,24740936.68813672,11.928125,0.0,100.0,1.4,79.7,26.8,9.9,0.0,2.8,50.7,50.7,37.5,2.8,1.4,0.0,0.0,0.0,48.6,35.2,0.0,0.0,0.0,0.0,0.0,0.0,0.0,0.0,27.8,0.0,2.7,0.0,0.0,1.4,0.0,1.4,78.6,40.6,12.7,0.0,0.0,0.0,0.0,0.0,100.0,0.0,1.4,0.0,0.0,0.0,34.3,39.2,0.0,0.0,0.0,0.0,0.0,0.0,0.0,0.0,1.4,0.0,0.0,0.0,0.0,0.0,36.6,37.8,0.0,0,0,0.0,0.0,0.0,80.2991943359375,80.2991943359375,80.2991943359375,136.844,136.844,136.844,0,0.0,80.2991943359375,136.844,
11777215.60021836,81.95130920410156,145380182.11435944,221386.13597973727,2131317.245655019,18812973.379916415,11.2296875,0.0,100.0,3.1,76.9,45.3,6.2,0.0,1.1,48.9,50.5,1.0,0.0,0.0,0.0,0.0,0.0,50.5,35.1,0.0,0.0,0.0,0.0,0.0,0.0,0.0,1.0,1.0,0.0,0.0,1.0,1.0,0.0,2.1,1.0,84.8,1.0,55.8,0.0,0.0,0.0,0.0,0.0,100.0,0.0,0.0,0.0,0.0,0.0,34.8,38.1,0.0,0.0,0.0,0.0,0.0,0.0,0.0,0.0,2.1,0.0,0.0,0.0,0.0,0.0,37.2,39.2,0.0,0,0,0.0,0.0,0.0,80.2991943359375,80.2991943359375,80.2991943359375,136.829,136.829,136.829,0,0.0,80.2991943359375,136.829,
11777216.8057831,81.95751190185547,120543559.42261836,185007.89912503827,1766740.4557247902,16131699.391887123,12.803125,0.0,100.0,43.7,81.4,33.3,3.4,6.6,28.2,49.2,49.6,16.0,25.4,8.4,0.0,0.0,0.0,49.6,33.9,0.0,0.0,0.0,0.0,0.0,0.0,0.0,0.0,0.8,0.8,0.0,0.0,0.8,0.8,0.8,0.8,79.7,1.7,55.8,0.0,0.0,0.0,0.0,0.0,100.0,0.0,0.0,0.0,0.0,0.0,36.1,36.4,0.0,0.0,0.0,0.0,0.0,0.0,0.0,0.0,0.8,1.7,0.0,0.8,0.0,0.0,34.2,38.7,0.0,0,0,0.0,0.0,0.0,80.2991943359375,80.2991943359375,80.2991943359375,136.725,136.725,136.725,0,0.0,80.2991943359375,136.725,
11777217.807233416,81.99071502685547,145146161.32793024,223199.29069441563,2126835.418439488,19419643.39759748,13.496875,0.0,100.0,9.8,78.6,5.0,2.0,28.0,17.6,51.5,51.0,7.9,2.0,2.0,0.0,0.0,0.0,50.5,36.0,2.0,0.0,1.0,0.0,0.0,0.0,0.0,1.0,0.0,0.0,1.0,1.0,0.0,1.9,2.0,0.0,80.6,4.0,39.6,1.0,1.0,0.0,20.0,20.6,100.0,32.7,20.6,22.3,20.6,0.0,34.4,38.8,0.0,0.0,0.0,0.0,0.0,0.0,0.0,0.0,2.0,1.0,0.0,0.0,0.0,0.0,34.0,38.8,0.0,0,0,0.0,0.0,0.0,80.2991943359375,80.2991943359375,80.2991943359375,136.892,136.892,136.892,0,0.0,80.2991943359375,136.892,
11777218.805364337,81.99079132080078,145669274.3416421,226101.60169354416,2133908.4428729014,20124398.08432444,14.10625,0.0,100.0,20.5,82.8,48.4,9.6,43.9,12.2,48.8,49.2,22.0,54.8,37.1,1.6,0.8,0.8,50.8,34.4,0.0,0.0,0.0,0.0,0.0,0.0,0.0,0.8,0.8,0.8,0.0,0.0,0.0,0.0,0.0,0.8,82.9,0.8,0.0,0.0,0.0,0.0,0.0,0.0,100.0,55.6,0.0,0.0,0.0,0.0,33.9,36.0,0.0,0.0,0.0,0.0,0.0,0.0,0.0,0.0,0.0,0.0,0.0,0.0,0.0,0.0,36.0,36.7,0.0,0,0,0.0,0.0,0.0,80.2991943359375,80.2991943359375,80.2991943359375,136.844,136.844,136.844,0,0.0,80.2991943359375,136.844,
11777219.809165481,81.97027206420898,144880019.08916816,225036.60331710483,2121854.524007791,20010720.35718117,14.0265625,0.0,100.0,53.5,80.0,40.3,19.2,5.6,12.5,49.3,48.6,12.7,39.7,8.5,0.0,0.0,0.0,48.6,36.1,0.0,0.0,0.0,0.0,0.0,0.0,0.0,0.0,24.7,0.0,0.0,0.0,0.0,0.0,1.4,1.4,80.0,2.8,2.7,2.7,0.0,0.0,0.0,0.0,100.0,56.2,1.4,0.0,0.0,0.0,32.9,37.8,0.0,0.0,0.0,0.0,0.0,0.0,0.0,0.0,23.0,2.7,0.0,0.0,0.0,0.0,36.1,37.3,0.0,0,0,0.0,0.0,0.0,80.2991943359375,80.2991943359375,80.2991943359375,136.739,136.739,136.739,0,0.0,80.2991943359375,136.739,
11777220.808071032,81.97464752197266,145624462.5928215,226830.2542155524,2132253.643532096,20108792.053618073,12.66875,0.0,100.0,10.1,77.3,57.6,7.2,25.5,18.2,48.5,50.0,4.0,27.3,6.1,0.0,1.0,0.0,47.4,36.1,0.0,0.0,0.0,0.0,0.0,0.0,0.0,1.0,0.0,2.0,1.0,1.0,1.0,1.0,1.0,0.0,78.9,2.0,29.3,0.0,0.0,0.0,0.0,0.0,100.0,26.5,0.0,0.0,0.0,0.0,35.4,38.0,0.0,0.0,0.0,0.0,0.0,0.0,0.0,0.0,2.0,1.0,1.0,0.0,0.0,0.0,35.4,37.0,0.0,0,0,0.0,0.0,0.0,80.2991943359375,80.2991943359375,80.2991943359375,136.82,136.82,136.82,0,0.0,80.2991943359375,136.82,
11777221.807556303,81.96534729003906,145575544.9471742,226699.68889248298,2131016.8960861024,20097128.573858168,11.1625,0.0,100.0,2.0,77.9,44.0,2.0,2.0,1.0,51.0,49.0,0.0,1.0,9.0,0.0,0.0,0.0,49.5,32.3,0.0,0.0,0.0,0.0,0.0,1.0,0.0,1.0,2.0,0.0,0.0,2.0,0.0,0.0,0.0,1.0,79.6,45.9,8.2,0.0,0.0,0.0,0.0,0.0,100.0,1.0,0.0,0.0,0.0,0.0,37.1,37.0,0.0,0.0,0.0,0.0,0.0,0.0,0.0,0.0,3.0,0.0,0.0,0.0,0.0,0.0,35.1,39.8,0.0,0,0,0.0,0.0,0.0,80.2991943359375,80.2991943359375,80.2991943359375,136.929,136.929,136.929,0,0.0,80.2991943359375,136.929,
11777222.807571247,81.96627426147461,145531218.18117973,226579.613993788,2129888.170946845,20086483.82754486,11.3359375,0.0,100.0,4.0,82.8,45.0,0.0,0.0,0.0,51.5,50.0,0.0,0.0,4.0,0.0,0.0,0.0,49.5,36.4,0.0,0.0,0.0,0.0,0.0,0.0,0.0,0.0,1.0,2.0,1.0,0.0,1.0,1.0,1.0,0.0,84.5,46.0,9.9,1.0,1.0,0.0,0.0,0.0,100.0,0.0,0.0,0.0,0.0,0.0,36.1,38.2,0.0,0.0,0.0,0.0,0.0,0.0,0.0,0.0,2.0,2.0,0.0,0.0,0.0,0.0,36.4,38.2,0.0,0,0,0.0,0.0,0.0,80.2991943359375,80.2991943359375,80.2991943359375,136.922,136.922,136.922,0,0.0,80.2991943359375,136.922,
11777223.95527432,81.97367095947266,126834067.57743277,198153.16830385628,1855811.012324058,18058468.69684564,12.471875,0.0,100.0,30.4,79.5,36.8,2.6,9.7,15.5,50.9,51.7,3.5,18.3,11.3,0.0,0.0,0.0,51.8,38.6,0.0,0.0,0.0,0.0,0.0,0.0,0.0,0.9,0.0,45.1,6.9,0.9,1.7,0.9,0.9,0.0,80.4,0.9,2.6,2.6,2.6,0.9,0.0,0.0,100.0,0.0,0.0,0.9,0.0,0.0,34.5,37.4,0.0,0.0,0.0,0.0,0.0,0.0,0.0,0.0,0.0,1.7,0.0,0.0,0.0,0.0,36.8,39.0,0.0,0,0,0.0,0.0,0.0,80.2991943359375,80.2991943359375,80.2991943359375,136.907,136.907,136.907,0,0.0,80.2991943359375,136.907,
11777224.808464663,81.9696044921875,170657942.92383865,266942.77736244356,2496418.314401197,24292070.520903956,11.5625,0.0,100.0,35.2,79.8,2.2,2.3,2.3,16.1,49.4,48.9,10.3,2.3,3.4,0.0,0.0,0.0,50.6,34.5,0.0,0.0,0.0,0.0,0.0,0.0,0.0,1.1,14.9,29.9,9.1,0.0,17.0,0.0,0.0,1.1,81.4,2.3,0.0,0.0,0.0,0.0,0.0,0.0,100.0,0.0,0.0,0.0,0.0,0.0,32.9,38.5,0.0,0.0,0.0,0.0,0.0,0.0,0.0,0.0,1.1,0.0,1.1,0.0,0.0,0.0,34.9,37.4,0.0,0,0,0.0,0.0,0.0,80.2991943359375,80.2991943359375,80.2991943359375,136.865,136.865,136.865,0,0.0,80.2991943359375,136.865,
11777225.809045715,81.97341918945312,145551915.74579304,227620.74047838108,2128683.124084923,20713724.245903287,11.225,0.0,100.0,2.1,79.8,1.0,3.1,0.0,43.3,51.5,49.5,2.0,2.1,4.2,0.0,0.0,0.0,50.0,35.8,0.0,0.0,0.0,0.0,0.0,0.0,0.0,0.0,3.1,21.9,2.1,1.0,1.0,1.0,0.0,1.0,81.1,1.0,33.0,0.0,0.0,0.0,0.0,0.0,100.0,0.0,0.0,0.0,0.0,0.0,36.8,37.5,0.0,0.0,0.0,0.0,0.0,0.0,0.0,0.0,1.0,0.0,0.0,0.0,0.0,0.0,35.8,36.7,0.0,0,0,0.0,0.0,0.0,80.2991943359375,80.2991943359375,80.2991943359375,136.708,136.708,136.708,0,0.0,80.2991943359375,136.708,
11777226.809285209,81.97608184814453,145639696.2648382,229418.0559068949,2129410.020513148,21359620.513454963,12.3171875,0.0,100.0,11.2,81.2,22.2,16.1,17.9,27.2,49.3,50.7,6.6,14.7,5.8,0.0,0.0,0.0,50.4,35.8,0.0,0.0,0.0,0.0,0.0,0.0,0.0,0.7,0.7,0.7,1.4,0.7,0.7,0.7,1.5,0.0,78.8,4.4,51.9,0.7,0.0,0.0,0.0,0.0,100.0,1.5,0.7,0.0,0.0,0.0,34.8,37.4,0.0,0.0,0.0,0.0,0.0,0.7,0.0,0.0,5.9,0.0,0.0,0.0,0.0,0.0,36.3,39.0,0.0,0,0,0.0,0.0,0.0,80.2991943359375,80.2991943359375,80.2991943359375,136.86,136.86,136.86,0,0.0,80.2991943359375,136.86,
11777227.80759411,81.9758186340332,145954582.68623093,230265.40164947577,2133528.007626944,21400927.091888733,11.846874999999999,0.0,100.0,29.9,78.5,4.5,10.6,41.2,4.5,50.7,50.7,3.0,1.5,0.0,0.0,0.0,0.0,50.8,34.4,0.0,0.0,0.0,0.0,0.0,0.0,0.0,1.5,0.0,1.5,1.5,2.9,0.0,1.5,1.5,1.5,78.1,2.9,39.4,16.7,0.0,0.0,0.0,0.0,100.0,0.0,0.0,0.0,0.0,0.0,35.4,37.3,0.0,0.0,0.0,0.0,0.0,0.0,1.5,0.0,3.0,0.0,0.0,0.0,0.0,0.0,34.4,37.3,0.0,0,0,0.0,0.0,0.0,80.2991943359375,80.2991943359375,80.2991943359375,136.989,136.989,136.989,0,0.0,80.2991943359375,136.989,
11777228.808259351,81.97598266601562,145646337.9603396,231550.96260870856,2128504.030036212,21989083.941066407,12.8375,0.0,100.0,46.3,77.2,24.7,8.5,12.6,13.7,51.1,50.0,26.6,14.7,16.0,0.0,0.0,0.0,47.9,36.2,0.0,0.0,0.0,0.0,0.0,0.0,0.0,0.0,0.0,0.0,0.0,0.0,2.0,0.0,1.0,0.0,84.2,0.0,4.2,20.0,27.7,0.0,0.0,0.0,100.0,0.0,0.0,0.0,0.0,0.0,34.4,38.1,1.0,1.0,0.0,0.0,0.0,0.0,0.0,2.1,0.0,2.1,2.1,0.0,1.0,0.0,35.8,39.4,0.0,0,0,0.0,0.0,0.0,80.2991943359375,80.2991943359375,80.2991943359375,136.675,136.675,136.675,0,0.0,80.2991943359375,136.675,
11777229.809270667,81.97741317749023,145632468.5932477,232157.21575513223,2127768.1545886747,21981481.781635307,11.721875,0.0,100.0,47.5,82.8,8.9,6.9,4.0,3.0,49.0,48.0,8.0,10.9,4.9,0.0,0.0,0.0,51.5,35.7,0.0,0.0,0.0,0.0,0.0,0.0,0.0,1.0,0.0,1.0,1.0,1.0,0.0,1.0,0.0,1.0,77.8,0.0,0.0,0.0,5.9,0.0,0.0,0.0,100.0,1.0,0.0,0.0,0.0,0.0,35.1,38.8,4.0,45.9,0.0,0.0,0.0,1.0,0.0,0.0,1.0,0.0,0.0,0.0,0.0,0.0,35.7,36.9,0.0,0,0,0.0,0.0,0.0,80.2991943359375,80.2991943359375,80.2991943359375,136.668,136.668,136.668,0,0.0,80.2991943359375,136.668,
11777230.808684748,81.97417831420898,145898411.68737978,232891.45558607488,2131168.6927537224,22016611.956678838,12.184375,0.0,100.0,5.0,80.8,12.9,3.0,33.3,16.7,51.0,49.5,4.9,11.9,3.0,1.9,1.0,0.0,50.5,35.1,0.0,0.0,0.0,0.0,0.0,0.0,0.0,0.0,17.6,1.0,0.0,1.0,1.0,1.0,1.0,1.0,85.7,1.0,0.0,0.0,0.0,0.0,0.0,0.0,100.0,1.0,1.0,0.0,0.0,0.0,34.7,38.8,52.5,3.0,0.0,0.0,0.0,0.0,0.0,0.0,2.9,0.0,0.0,0.0,0.0,0.0,37.0,38.1,0.0,0,0,0.0,0.0,0.0,80.2991943359375,80.2991943359375,80.2991943359375,136.724,136.724,136.724,0,0.0,80.2991943359375,136.724,
11777231.809832072,81.97558975219727,145678724.27139997,232622.10702265758,2127479.0917119267,21978495.53976244,11.0109375,0.0,100.0,4.1,77.4,0.0,7.2,43.8,2.0,49.5,51.5,0.0,2.0,3.1,0.0,0.0,0.0,50.0,33.0,0.0,0.0,0.0,0.0,0.0,0.0,0.0,1.0,0.0,0.0,0.0,0.0,0.0,2.1,0.0,0.0,76.8,0.0,1.0,0.0,0.0,0.0,0.0,0.0,100.0,0.0,0.0,0.0,0.0,0.0,34.0,37.4,54.3,0.0,0.0,0.0,0.0,0.0,0.0,0.0,1.1,1.0,0.0,1.0,0.0,0.0,34.7,36.7,0.0,0,0,0.0,0.0,0.0,80.2991943359375,80.2991943359375,80.2991943359375,136.854,136.854,136.854,0,0.0,80.2991943359375,136.854,
11777232.809074812,81.97361755371094,145991973.91838494,233066.49198953965,2131534.12606106,22020387.16384618,11.2015625,0.0,100.0,3.0,81.6,3.0,18.2,34.3,1.0,50.0,49.5,0.0,0.0,0.0,0.0,0.0,0.0,49.5,36.4,0.0,0.0,0.0,0.0,0.0,0.0,0.0,1.0,2.0,1.0,1.0,1.0,0.0,0.0,2.9,1.0,78.6,2.0,2.0,0.0,0.0,0.0,0.0,0.0,100.0,0.0,0.0,0.0,0.0,0.0,35.7,36.0,31.0,22.2,0.0,0.0,0.0,0.0,0.0,0.0,0.0,0.0,0.0,0.0,0.0,0.0,35.4,37.6,0.0,0,0,0.0,0.0,0.0,80.2991943359375,80.2991943359375,80.2991943359375,136.921,136.921,136.921,0,0.0,80.2991943359375,136.921,
11777233.810660768,81.9756851196289,145683740.90044373,232823.7516198387,2126547.3880010415,21968870.323733836,11.771875,0.0,100.0,3.0,81.8,11.8,32.7,12.6,9.9,50.5,49.5,4.8,11.9,6.9,1.0,0.0,0.0,51.0,38.0,0.0,0.0,0.0,0.0,0.0,0.0,0.0,0.0,0.0,1.0,0.0,1.9,0.0,1.0,0.0,0.0,81.8,0.0,1.0,0.0,0.0,0.0,0.0,0.0,100.0,0.0,0.0,0.0,0.0,0.0,33.7,39.4,4.9,50.0,0.0,0.0,0.0,0.0,0.0,0.0,0.0,0.0,0.0,0.0,0.0,0.0,34.3,39.0,0.0,0,0,0.0,0.0,0.0,80.2991943359375,80.2991943359375,80.2991943359375,136.904,136.904,136.904,0,0.0,80.2991943359375,136.904,
11777234.809016978,81.97367858886719,146188124.56736106,233806.32848883866,2133426.905668477,22039941.03317511,11.51875,0.0,100.0,4.1,78.7,1.0,42.3,1.0,8.2,49.5,50.5,2.1,4.1,2.0,0.0,0.0,0.0,50.5,37.1,0.0,0.0,0.0,0.0,0.0,0.0,0.0,0.0,0.0,1.0,2.0,0.0,0.0,0.0,1.0,2.0,82.3,1.0,1.0,6.2,0.0,0.0,0.0,0.0,100.0,2.0,0.0,0.0,0.0,0.0,36.7,38.4,34.3,22.2,0.0,0.0,0.0,0.0,0.0,0.0,1.0,0.0,1.0,0.0,0.0,0.0,35.4,38.6,0.0,0,0,0.0,0.0,0.0,80.2991943359375,80.2991943359375,80.2991943359375,136.672,136.672,136.672,0,0.0,80.2991943359375,136.672,
11777235.809028711,81.97623825073242,145981664.22606793,233420.26132633892,2129895.0103639993,22003453.837837316,11.4078125,0.0,100.0,2.1,77.1,22.2,24.2,0.0,8.2,49.5,49.5,1.0,1.0,0.0,0.0,0.0,0.0,50.5,36.2,0.0,0.0,0.0,0.0,0.0,0.0,0.0,2.0,19.2,0.0,0.0,2.0,1.0,2.0,1.0,1.0,76.8,2.0,1.0,0.0,0.0,0.0,0.0,0.0,100.0,0.0,1.0,0.0,0.0,0.0,34.4,36.4,53.7,0.0,0.0,0.0,0.0,0.0,0.0,0.0,2.0,0.0,0.0,0.0,0.0,0.0,36.1,37.0,0.0,0,0,0.0,0.0,0.0,80.2991943359375,80.2991943359375,80.2991943359375,136.848,136.848,136.848,0,0.0,80.2991943359375,136.848,
11777236.809201352,81.97625732421875,145992883.6238472,233755.64416184503,2129552.3516792287,21999913.910040032,12.9671875,0.0,100.0,4.0,84.7,59.0,24.0,1.0,5.0,50.0,51.5,25.7,35.0,10.1,0.0,0.0,0.0,49.5,34.7,0.0,0.0,0.0,0.0,0.0,0.0,0.0,0.0,0.0,1.0,1.0,0.0,0.0,1.0,1.0,1.0,85.7,1.0,0.0,0.0,0.0,1.0,0.0,0.0,100.0,1.0,0.0,0.0,0.0,0.0,35.4,37.3,46.1,10.0,0.0,0.0,1.0,0.0,0.0,1.0,0.0,0.0,0.0,0.0,0.0,0.0,34.3,36.9,0.0,0,0,0.0,0.0,0.0,80.2991943359375,80.2991943359375,80.2991943359375,136.875,136.875,136.875,0,0.0,80.2991943359375,136.875,
11777238.01060085,81.96136856079102,121573474.3364719,196576.57628001436,1772865.7320892764,18850335.83215694,14.00625,0.0,100.0,21.7,77.2,46.2,15.3,21.7,28.2,47.4,50.0,9.4,53.0,40.9,28.6,0.0,0.0,49.6,34.5,0.0,0.0,0.0,0.0,0.0,0.0,0.0,0.0,0.8,0.0,0.0,0.8,0.0,0.8,1.7,1.7,81.2,5.0,0.0,2.5,0.0,0.0,0.0,0.0,100.0,0.0,0.0,0.0,0.0,0.0,34.8,38.0,14.3,11.8,0.8,0.0,0.0,0.0,0.0,0.0,0.8,1.7,0.0,0.0,0.0,0.8,36.2,39.0,0.0,0,0,0.0,0.0,0.0,80.2991943359375,80.2991943359375,80.2991943359375,136.877,136.877,136.877,0,0.0,80.2991943359375,136.877,
11777239.540192628,81.98350524902344,95515784.71677023,155640.21942222954,1392476.1039030987,15169956.01655972,12.8984375,0.0,100.0,45.9,81.3,14.6,7.6,8.8,44.0,50.9,50.9,7.5,22.5,15.1,53.8,0.6,0.0,50.0,34.6,1.2,0.0,0.0,0.0,0.0,0.0,0.0,1.2,0.0,2.5,0.6,1.2,0.6,0.0,0.6,0.6,77.1,1.9,0.0,0.0,0.6,0.0,0.0,0.0,100.0,0.0,0.0,0.0,0.0,0.0,34.8,36.6,0.6,0.6,0.6,0.0,0.0,0.0,0.0,0.0,1.9,0.0,0.0,0.0,0.0,0.0,36.3,37.9,0.0,0,0,0.0,0.0,0.0,80.2991943359375,80.2991943359375,80.2991943359375,136.895,136.895,136.895,0,0.0,80.2991943359375,136.895,
11777240.4216984,81.9830551147461,165781344.33570793,270749.219634561,2416229.214277819,26425183.733842224,13.33125,0.0,100.0,33.3,82.3,51.9,29.1,22.5,17.9,48.7,50.0,2.5,25.9,0.0,0.0,1.2,0.0,48.1,34.2,19.0,0.0,35.0,0.0,0.0,0.0,0.0,0.0,23.2,0.0,0.0,0.0,1.2,0.0,0.0,0.0,80.8,0.0,2.4,0.0,0.0,0.0,0.0,0.0,100.0,0.0,0.0,0.0,0.0,0.0,32.5,36.6,0.0,2.5,0.0,0.0,0.0,0.0,0.0,0.0,1.2,0.0,0.0,0.0,0.0,0.0,34.6,36.6,0.0,0,0,0.0,0.0,0.0,80.2991943359375,80.2991943359375,80.2991943359375,136.875,136.875,136.875,0,0.0,80.2991943359375,136.875,
11777241.423245365,81.98388671875,145944567.00165206,238618.86519405065,2126630.1795659713,23257972.75229169,11.3234375,0.0,100.0,29.3,77.3,4.0,18.2,7.9,3.0,49.5,50.5,1.0,0.0,0.0,0.0,0.0,0.0,49.5,35.1,0.0,0.0,16.0,38.8,0.0,0.0,0.0,1.0,1.0,0.0,3.0,0.0,0.0,2.0,4.0,1.0,79.2,1.0,1.0,1.0,0.0,0.0,0.0,0.0,100.0,0.0,0.0,0.0,0.0,0.0,35.4,39.0,0.0,1.0,2.0,0.0,0.0,0.0,0.0,0.0,0.0,1.0,0.0,0.0,0.0,0.0,34.7,37.3,0.0,0,0,0.0,0.0,0.0,80.2991943359375,80.2991943359375,80.2991943359375,136.58,136.58,136.58,0,0.0,80.2991943359375,136.58,
11777242.422039876,81.98403930664062,146382133.05696726,240968.4848673535,2132490.6941584754,23970015.591069788,12.978125,0.0,100.0,39.4,78.4,18.8,14.1,10.3,38.1,49.0,49.0,7.1,23.0,6.1,8.8,0.0,0.0,50.0,34.4,0.0,0.0,39.2,19.0,0.0,0.0,0.0,1.0,1.0,1.0,0.0,1.0,2.0,0.0,2.0,1.0,83.7,2.0,1.0,1.0,0.0,0.0,0.0,0.0,100.0,0.0,0.0,0.0,0.0,0.0,34.7,37.6,0.0,0.0,0.0,0.0,0.0,0.0,0.0,0.0,1.0,0.0,0.0,0.0,0.0,0.0,36.7,39.2,0.0,0,0,0.0,0.0,0.0,80.2991943359375,80.2991943359375,80.2991943359375,136.702,136.702,136.702,0,0.0,80.2991943359375,136.702,
11777243.534864064,81.99785232543945,131417602.62343606,218703.01032738798,1913977.0881366031,22662224.868571278,13.2609375,0.0,100.0,20.7,81.5,12.6,33.9,6.3,36.1,49.5,49.1,16.2,20.7,14.3,0.0,0.0,0.0,51.4,37.3,0.0,0.0,55.9,0.9,0.0,0.0,0.0,0.0,0.0,0.0,0.0,0.9,0.0,0.9,1.8,1.8,81.3,6.2,2.7,1.8,1.8,0.9,1.8,0.0,100.0,3.6,0.0,0.0,0.0,0.0,34.9,37.7,0.9,0.0,0.0,0.0,3.5,0.0,0.9,0.0,2.7,0.9,0.0,0.0,2.7,0.0,34.9,37.7,0.0,0,0,0.0,0.0,0.0,80.2991943359375,80.2991943359375,80.2991943359375,136.611,136.611,136.611,0,0.0,80.2991943359375,136.611,
11777244.423211033,81.98790740966797,164662843.72345698,274254.327099842,2397621.735875253,28388763.514969103,11.5703125,0.0,100.0,5.6,82.6,4.5,47.7,2.3,3.4,50.0,51.2,3.3,0.0,6.8,0.0,0.0,0.0,48.2,36.0,0.0,0.0,39.1,7.9,6.9,0.0,0.0,1.1,1.1,2.2,1.1,0.0,1.1,0.0,1.1,1.1,83.0,0.0,2.3,1.1,0.0,0.0,0.0,0.0,100.0,0.0,1.1,0.0,0.0,0.0,34.1,36.4,0.0,0.0,0.0,0.0,0.0,0.0,0.0,2.2,1.1,0.0,0.0,0.0,0.0,0.0,36.0,38.9,0.0,0,0,0.0,0.0,0.0,80.2991943359375,80.2991943359375,80.2991943359375,136.711,136.711,136.711,0,0.0,80.2991943359375,136.711,
11777245.423366005,81.99211883544922,146287871.46480462,243595.24953837396,2129589.9730199664,25215164.353622947,11.071875,0.0,100.0,2.0,77.1,1.0,43.6,2.0,0.0,52.0,50.5,0.0,0.0,3.0,0.0,0.0,0.0,49.5,33.3,0.0,0.0,0.0,0.0,55.0,0.0,0.0,0.0,5.0,0.0,0.0,0.0,1.0,0.0,1.0,0.0,78.1,0.0,0.0,1.0,1.0,0.0,0.0,0.0,100.0,2.0,0.0,0.0,0.0,0.0,37.4,38.2,0.0,0.0,0.0,0.0,0.0,0.0,0.0,0.0,0.0,1.0,0.0,0.0,0.0,0.0,35.7,38.2,0.0,0,0,0.0,0.0,0.0,80.2991943359375,80.2991943359375,80.2991943359375,136.592,136.592,136.592,0,0.0,80.2991943359375,136.592,
11777246.423196208,81.98551559448242,146371528.42726094,244328.48621200508,2130281.715165661,25846052.578807995,11.6078125,0.0,100.0,5.0,81.4,1.0,42.4,4.1,6.0,50.5,50.0,1.0,0.0,9.0,0.0,0.0,0.0,50.5,35.1,0.0,0.0,0.0,0.0,6.0,0.0,0.0,1.0,14.9,1.0,0.0,1.0,10.1,0.0,25.0,8.1,77.6,2.0,1.0,1.0,0.0,0.0,1.0,0.0,100.0,0.0,0.0,0.0,0.0,0.0,35.7,36.0,0.0,0.0,0.0,0.0,0.0,0.0,0.0,0.0,2.0,9.2,1.0,0.0,0.0,0.0,35.1,38.2,0.0,0,0,0.0,0.0,0.0,80.2991943359375,80.2991943359375,80.2991943359375,136.542,136.542,136.542,0,0.0,80.2991943359375,136.542,
11777247.42422327,81.99846649169922,146230478.1543707,244309.07929762322,2127734.683421629,25831517.416232202,12.45,0.0,100.0,23.5,82.5,10.0,50.5,5.1,11.1,49.5,50.0,2.0,18.2,12.7,0.0,0.0,0.0,49.0,33.7,0.0,0.0,0.0,0.0,0.0,0.0,0.0,1.0,10.1,0.0,8.0,0.0,1.0,0.0,1.0,0.0,85.7,40.4,1.0,0.0,0.0,0.0,0.0,0.0,100.0,1.0,0.0,0.0,0.0,0.0,33.3,38.2,0.0,0.0,0.0,0.0,0.0,0.0,0.0,0.0,3.0,0.0,0.0,0.0,1.0,0.0,36.4,37.9,0.0,0,0,0.0,0.0,0.0,80.2991943359375,80.2991943359375,80.2991943359375,136.691,136.691,136.691,0,0.0,80.2991943359375,136.691,
11777248.423839182,81.98977279663086,146475168.44320858,246505.68002292293,2130738.3923381018,26507205.115452267,12.709375,0.0,100.0,13.1,78.4,32.3,44.4,10.1,10.9,49.0,50.5,2.0,18.8,20.2,0.0,0.0,0.0,51.0,35.4,0.0,0.0,0.0,0.0,0.0,0.0,1.0,1.0,2.0,2.0,1.0,2.0,1.0,0.0,0.0,3.0,78.1,42.6,15.0,1.0,0.0,0.0,0.0,0.0,100.0,0.0,0.0,0.0,0.0,0.0,36.1,38.0,0.0,0.0,0.0,0.0,0.0,0.0,0.0,0.0,0.0,2.0,0.0,0.0,0.0,0.0,33.3,38.2,0.0,0,0,0.0,0.0,0.0,80.2991943359375,80.2991943359375,80.2991943359375,136.555,136.555,136.555,0,0.0,80.2991943359375,136.555,
11777249.585530268,81.99197006225586,126070041.95757508,213737.54426967076,1833465.0450503114,23362575.747121852,12.4796875,0.0,100.0,10.6,80.4,16.5,24.1,5.2,33.3,51.7,50.0,7.0,21.4,13.2,0.9,0.0,0.9,49.1,36.5,0.0,0.0,0.0,0.0,0.0,0.0,0.0,1.7,0.9,0.9,0.9,0.0,0.0,0.0,2.6,0.0,81.3,30.2,10.3,1.7,0.9,0.0,0.0,0.0,100.0,0.9,0.9,0.0,0.0,0.0,33.6,37.8,0.0,0.0,0.0,0.0,0.0,0.0,0.0,0.0,18.6,0.9,0.0,0.0,0.0,0.0,34.8,39.0,0.0,0,0,0.0,0.0,0.0,80.2991943359375,80.2991943359375,80.2991943359375,136.696,136.696,136.696,0,0.0,80.2991943359375,136.696,
11777250.423740117,81.9991455078125,174765297.9749777,298543.3782996425,2541034.3280023923,33140951.56252351,12.9078125,0.0,100.0,22.0,81.9,19.5,22.9,5.0,25.9,49.6,50.4,6.8,20.5,13.9,0.8,1.7,0.0,50.4,34.8,0.0,0.0,0.0,0.0,0.0,0.0,0.0,0.0,15.1,0.8,0.0,0.8,1.7,0.8,0.0,1.7,81.2,2.5,1.7,1.7,0.8,0.0,0.0,0.0,100.0,0.0,0.0,0.8,0.8,0.0,33.0,38.8,0.0,0.0,0.0,0.8,0.0,0.0,0.0,0.0,0.8,21.8,40.3,0.0,0.0,0.0,35.9,38.2,0.0,0,0,0.0,0.0,0.0,80.2991943359375,80.2991943359375,80.2991943359375,136.44,136.44,136.44,0,0.0,80.2991943359375,136.44,
11777251.42341366,81.99139022827148,146573512.87631118,250524.78544514076,2130615.5533008077,27792240.957768038,11.50625,0.0,77.4,3.1,77.4,1.6,67.2,0.0,3.1,50.0,50.8,0.0,0.0,14.3,1.6,0.0,0.0,47.7,37.5,0.0,0.0,0.0,0.0,0.0,0.0,0.0,0.0,1.6,0.0,1.5,0.0,0.0,0.0,3.0,0.0,77.4,0.0,0.0,0.0,0.0,0.0,68.7,0.0,29.7,0.0,0.0,0.0,0.0,0.0,35.5,35.9,0.0,0.0,0.0,0.0,0.0,0.0,0.0,0.0,1.5,0.0,0.0,54.0,0.0,0.0,36.9,36.4,0.0,0,0,0.0,0.0,0.0,80.2991943359375,80.2991943359375,80.2991943359375,136.6,136.6,136.6,0,0.0,80.2991943359375,136.6,
11777252.423774472,81.99340057373047,146505931.0295889,250460.63101689954,2129151.7783425916,27773147.139418844,11.135937499999999,0.0,100.0,2.0,77.1,1.0,43.4,11.1,0.0,48.5,48.0,5.1,2.0,2.0,0.0,0.0,0.0,49.5,35.1,0.0,0.0,2.0,0.0,0.0,0.0,0.0,2.0,1.0,1.0,0.0,1.0,0.0,0.0,0.0,1.0,77.1,0.0,0.0,0.0,0.0,0.0,100.0,0.0,32.3,1.0,6.1,0.0,0.0,0.0,34.4,36.6,0.0,0.0,0.0,0.0,0.0,0.0,0.0,0.0,0.0,0.0,0.0,18.8,0.0,0.0,35.1,38.5,0.0,0,0,0.0,0.0,0.0,80.2991943359375,80.2991943359375,80.2991943359375,136.666,136.666,136.666,0,0.0,80.2991943359375,136.666,
11777253.423761657,81.9990348815918,146606251.75891495,252680.2380969042,2129947.295271664,28422508.23440399,13.1296875,0.0,100.0,42.1,81.8,29.9,28.7,11.5,12.9,50.0,51.2,11.4,30.7,4.4,1.0,0.5,0.0,51.2,35.7,0.0,0.0,0.0,0.0,0.0,0.0,0.0,0.0,0.5,1.0,0.5,1.0,1.0,1.0,0.5,1.0,82.3,0.0,1.5,0.0,0.0,0.0,100.0,0.0,25.4,1.0,31.2,0.0,0.0,0.0,35.2,38.5,0.0,0.0,0.0,0.0,0.0,0.0,0.0,0.0,1.5,0.0,0.5,0.0,0.0,0.0,35.7,38.0,0.0,0,0,0.0,0.0,0.0,80.2991943359375,80.2991943359375,80.2991943359375,136.452,136.452,136.452,0,0.0,80.2991943359375,136.452,
11777255.084478876,81.9874153137207,88294382.88006794,152174.61292704637,1282530.207723102,17114379.06036655,12.0375,0.0,100.0,8.2,76.7,17.7,1.6,73.8,1.6,46.8,50.0,17.5,6.6,0.0,0.0,0.0,0.0,48.4,34.4,0.0,0.0,0.0,0.0,0.0,0.0,0.0,1.6,1.6,1.6,0.0,1.6,0.0,0.0,1.6,0.0,83.3,0.0,0.0,0.0,0.0,0.0,100.0,0.0,12.7,1.6,31.1,1.6,0.0,0.0,35.0,38.1,0.0,0.0,0.0,0.0,0.0,0.0,0.0,0.0,0.0,3.1,0.0,0.0,0.0,0.0,36.1,36.5,0.0,0,0,0.0,0.0,0.0,80.2991943359375,80.2991943359375,80.2991943359375,136.653,136.653,136.653,0,0.0,80.2991943359375,136.653,
11777256.180774936,81.99141311645508,133786707.11350507,231891.73899562095,1942832.8497201381,26508459.74762381,12.6671875,0.0,100.0,20.2,80.4,5.5,14.7,18.2,23.4,51.8,49.5,20.2,22.5,14.5,1.8,0.0,0.0,52.3,37.0,0.0,0.0,0.0,0.0,0.0,0.0,0.0,0.9,27.3,9.0,19.3,0.0,11.0,0.9,0.9,1.8,76.6,0.0,0.0,0.0,0.0,0.0,100.0,0.0,0.0,0.0,0.0,0.0,0.0,0.0,34.6,37.8,0.0,0.0,0.0,0.0,0.0,0.0,0.0,0.9,1.8,0.9,0.0,0.0,0.0,0.0,36.1,38.9,0.0,0,0,0.0,0.0,0.0,80.2991943359375,80.2991943359375,80.2991943359375,136.566,136.566,136.566,0,0.0,80.2991943359375,136.566,
11777257.087289015,81.9885025024414,161831946.68347767,280809.75913279055,2349571.89391853,32058101.129523024,11.490625,0.0,100.0,3.4,82.0,2.2,7.8,26.7,22.0,49.4,50.6,3.3,1.1,1.1,0.0,1.1,0.0,50.0,35.2,0.0,0.0,0.0,0.0,0.0,0.0,0.0,0.0,0.0,0.0,16.7,1.1,41.8,0.0,1.1,0.0,84.1,1.1,1.1,0.0,0.0,0.0,100.0,0.0,2.2,0.0,0.0,0.0,0.0,0.0,35.6,38.7,0.0,0.0,0.0,0.0,0.0,0.0,0.0,0.0,2.2,0.0,0.0,0.0,0.0,0.0,36.0,37.8,0.0,0,0,0.0,0.0,0.0,80.2991943359375,80.2991943359375,80.2991943359375,136.417,136.417,136.417,0,0.0,80.2991943359375,136.417,
11777258.088142168,81.98917388916016,146610612.72389287,254341.00821964096,2128104.401461269,29036347.554553274,11.3578125,0.0,100.0,4.0,79.2,1.0,5.0,42.4,0.0,52.9,52.0,0.0,2.0,0.0,0.0,0.0,0.0,50.0,34.4,0.0,0.0,0.0,0.0,0.0,0.0,0.0,1.0,14.1,0.0,33.0,7.1,1.0,1.0,1.0,9.9,77.3,2.0,2.0,0.0,0.0,0.0,100.0,0.0,1.0,1.0,0.0,0.0,0.0,0.0,36.1,38.0,1.0,0.0,1.0,0.0,0.0,0.0,0.0,0.0,1.0,0.0,0.0,0.0,0.0,0.0,36.7,38.8,0.0,0,0,0.0,0.0,0.0,80.2991943359375,80.2991943359375,80.2991943359375,136.51,136.51,136.51,0,0.0,80.2991943359375,136.51,
11777259.086110009,81.99029922485352,147070066.74451828,255078.35975804282,2134257.1496537183,29120297.070756022,11.4109375,0.0,100.0,2.0,78.1,1.0,13.0,4.0,1.0,51.0,51.0,7.1,28.0,0.0,0.0,0.0,0.0,50.5,35.7,0.0,0.0,0.0,0.0,0.0,1.0,0.0,1.0,1.0,2.0,25.7,0.0,3.0,4.1,0.0,14.1,85.6,13.1,1.0,0.0,0.0,0.0,100.0,0.0,0.0,0.0,0.0,0.0,1.0,0.0,36.7,38.2,0.0,0.0,1.0,0.0,0.0,1.0,0.0,0.0,1.0,1.0,0.0,0.0,3.0,0.0,36.1,37.3,0.0,0,0,0.0,0.0,0.0,80.2991943359375,80.2991943359375,80.2991943359375,136.657,136.657,136.657,0,0.0,80.2991943359375,136.657,
11777260.08755594,82.0060920715332,146592019.13563552,254195.451056772,2126844.73043938,29019160.312437307,11.3265625,0.0,100.0,5.0,81.6,7.9,20.0,5.9,1.0,48.0,48.5,1.0,16.0,1.0,0.0,0.0,0.0,50.0,35.0,0.0,0.0,0.0,0.0,0.0,0.0,0.0,1.0,1.0,0.0,1.0,1.0,15.3,1.0,2.0,0.0,78.4,37.4,17.2,1.0,0.0,0.0,100.0,0.0,1.0,0.0,0.0,0.0,0.0,0.0,34.7,37.6,0.0,0.0,0.0,0.0,0.0,0.0,0.0,0.0,1.0,0.0,0.0,0.0,0.0,0.0,34.0,39.4,0.0,0,0,0.0,0.0,0.0,80.2991943359375,80.2991943359375,80.2991943359375,136.579,136.579,136.579,0,0.0,80.2991943359375,136.579,
11777261.087277824,81.98432540893555,146877585.8998299,254633.81755356223,2130512.5280723562,29069204.589756478,11.6390625,0.0,100.0,3.0,81.4,1.0,4.1,42.4,0.0,50.0,52.0,1.0,0.0,0.0,0.0,0.0,0.0,50.5,35.1,0.0,0.0,0.0,0.0,0.0,0.0,0.0,0.0,19.0,2.0,1.0,1.0,0.0,3.0,0.0,4.0,83.5,51.5,8.8,1.0,1.0,0.0,100.0,0.0,1.0,0.0,0.0,0.0,0.0,0.0,33.7,37.6,0.0,0.0,0.0,0.0,0.0,0.0,0.0,0.0,1.0,1.0,0.0,0.0,0.0,0.0,36.7,37.6,0.0,0,0,0.0,0.0,0.0,80.2991943359375,80.2991943359375,80.2991943359375,136.278,136.278,136.278,0,0.0,80.2991943359375,136.278,
11777262.086994655,81.98340606689453,146913841.39102018,254636.10495668658,2130523.2973607653,29069351.528412748,11.2,0.0,100.0,10.1,78.1,1.0,2.0,43.6,0.0,50.5,50.0,0.0,2.0,1.0,0.0,0.0,0.0,49.5,35.4,0.0,0.0,0.0,0.0,0.0,0.0,0.0,0.0,1.0,1.0,0.0,0.0,0.0,0.0,1.0,2.0,79.2,1.0,11.0,0.0,0.0,0.0,100.0,0.0,29.7,16.0,0.0,0.0,1.0,0.0,35.1,37.6,0.0,0.0,0.0,0.0,0.0,0.0,0.0,0.0,3.0,1.0,0.0,0.0,1.0,0.0,35.4,37.6,0.0,0,0,0.0,0.0,0.0,80.2991943359375,80.2991943359375,80.2991943359375,136.195,136.195,136.195,0,0.0,80.2991943359375,136.195,
11777263.087064328,81.9832649230957,146894761.5126557,254546.26519106055,2129771.6140371133,29059095.387679458,11.1609375,0.0,100.0,8.0,78.4,15.0,0.0,29.0,1.0,51.0,52.0,0.0,1.0,0.0,0.0,0.0,0.0,50.5,36.7,0.0,0.0,0.0,0.0,0.0,0.0,0.0,2.0,2.0,2.0,1.0,1.0,0.0,1.0,1.0,1.0,78.6,0.0,0.0,1.0,0.0,0.0,100.0,0.0,15.2,39.0,0.0,0.0,0.0,0.0,35.7,37.3,0.0,0.0,0.0,0.0,0.0,0.0,0.0,0.0,0.0,0.0,0.0,0.0,0.0,0.0,35.7,38.2,0.0,0,0,0.0,0.0,0.0,80.2991943359375,80.2991943359375,80.2991943359375,136.37,136.37,136.37,0,0.0,80.2991943359375,136.37,
11777264.08699424,81.98648834228516,146948051.2379516,254582.84310344662,2130069.291469342,29063156.96725958,11.3390625,0.0,100.0,8.1,84.7,2.0,0.0,0.0,42.4,50.5,50.0,1.0,0.0,0.0,2.0,0.0,0.0,51.5,36.7,0.0,0.0,0.0,0.0,0.0,0.0,0.0,0.0,47.5,6.1,1.0,0.0,1.0,1.0,2.0,1.0,79.2,1.0,2.0,1.0,0.0,0.0,100.0,0.0,0.0,2.0,1.0,0.0,0.0,0.0,35.4,38.4,0.0,0.0,0.0,0.0,0.0,0.0,0.0,0.0,0.0,1.0,2.0,0.0,0.0,0.0,35.4,38.8,0.0,0,0,0.0,0.0,0.0,80.2991943359375,80.2991943359375,80.2991943359375,136.609,136.609,136.609,0,0.0,80.2991943359375,136.609,
11777265.088082384,81.98210144042969,146813500.73223057,254289.2965621603,2127604.8589901105,29029531.681797758,11.24375,0.0,100.0,12.2,78.1,1.0,1.0,0.0,42.6,49.0,50.5,1.0,0.0,0.0,0.0,0.0,0.0,50.0,35.7,0.0,0.0,0.0,0.0,0.0,0.0,0.0,0.0,1.0,27.6,1.0,1.0,0.0,1.0,0.0,3.0,83.7,2.9,1.0,1.0,0.0,0.0,100.0,0.0,0.0,0.0,0.0,0.0,0.0,0.0,34.4,37.6,0.0,0.0,0.0,0.0,0.0,0.0,0.0,0.0,29.0,0.0,1.0,0.0,0.0,0.0,35.4,37.9,0.0,0,0,0.0,0.0,0.0,80.2991943359375,80.2991943359375,80.2991943359375,136.656,136.656,136.656,0,0.0,80.2991943359375,136.656,
11777266.088443996,81.98674774169922,146952871.06859618,254473.97913850105,2129150.0736417123,29050614.94709221,11.1109375,0.0,100.0,6.1,78.4,3.0,0.0,0.0,42.4,50.0,49.0,2.0,7.9,0.0,0.0,0.0,0.0,50.0,34.7,0.0,0.0,0.0,0.0,0.0,0.0,0.0,2.0,1.0,2.0,0.0,0.0,1.0,0.0,1.0,0.0,78.1,0.0,0.0,1.0,0.0,0.0,100.0,0.0,1.0,0.0,0.0,0.0,0.0,0.0,34.4,37.3,0.0,0.0,0.0,0.0,0.0,0.0,0.0,0.0,54.5,1.0,0.0,0.0,0.0,0.0,35.7,37.6,0.0,0,0,0.0,0.0,0.0,80.2991943359375,80.2991943359375,80.2991943359375,136.296,136.296,136.296,0,0.0,80.2991943359375,136.296,
11777267.088350909,81.98351287841797,147055203.00914785,254590.69922545642,2130118.2875010674,29063825.480423216,11.6328125,0.0,100.0,34.7,77.9,1.0,5.1,1.0,30.4,51.0,51.0,15.2,0.0,1.0,1.0,0.0,0.0,51.5,34.7,10.9,0.0,0.0,0.0,0.0,0.0,0.0,0.0,18.6,1.0,2.0,0.0,0.0,1.0,0.0,1.0,85.6,0.0,1.0,1.0,0.0,0.0,100.0,0.0,0.0,1.0,0.0,0.0,0.0,0.0,35.7,37.0,1.0,0.0,0.0,0.0,0.0,0.0,0.0,0.0,17.0,0.0,0.0,0.0,0.0,0.0,36.4,38.8,0.0,0,0,0.0,0.0,0.0,80.2991943359375,80.2991943359375,80.2991943359375,136.306,136.306,136.306,0,0.0,80.2991943359375,136.306,
11777268.087583913,81.98543548583984,147187162.00782266,254762.40181811128,2131554.894705251,29083426.880641833,11.10625,0.0,100.0,2.0,85.6,0.0,6.0,0.0,0.0,49.0,51.0,44.0,3.0,0.0,0.0,0.0,0.0,49.0,34.7,57.6,0.0,0.0,0.0,0.0,0.0,0.0,0.0,0.0,1.0,2.0,2.0,1.0,1.0,1.0,0.0,77.3,1.0,0.0,0.0,0.0,0.0,100.0,0.0,1.0,0.0,0.0,0.0,0.0,0.0,31.6,37.3,0.0,0.0,0.0,0.0,0.0,0.0,1.0,0.0,0.0,0.0,0.0,0.0,0.0,0.0,34.4,37.3,0.0,0,0,0.0,0.0,0.0,80.2991943359375,80.2991943359375,80.2991943359375,136.451,136.451,136.451,0,0.0,80.2991943359375,136.451,
11777269.087823484,81.98321533203125,147071791.78193307,254507.02735532928,2129409.853966967,29054159.449799296,11.128125,0.0,100.0,4.0,77.6,2.0,4.0,0.0,0.0,50.5,50.0,42.4,0.0,2.0,0.0,0.0,0.0,50.0,35.1,55.4,1.0,0.0,0.0,0.0,0.0,0.0,1.0,1.0,1.0,1.0,1.0,0.0,2.9,2.0,1.0,78.4,0.0,0.0,0.0,0.0,0.0,100.0,0.0,1.0,0.0,0.0,0.0,0.0,0.0,34.4,38.6,0.0,0.0,0.0,0.0,0.0,0.0,0.0,0.0,1.0,0.0,0.0,0.0,0.0,0.0,36.0,37.9,0.0,0,0,0.0,0.0,0.0,80.2991943359375,80.2991943359375,80.2991943359375,136.339,136.339,136.339,0,0.0,80.2991943359375,136.339,
11777270.088138167,82.023193359375,147096240.35467574,254490.91610577222,2129249.961825999,29051977.844529737,11.410937500000001,0.0,100.0,4.0,78.4,2.0,9.9,0.0,0.0,50.0,50.5,43.0,2.0,0.0,0.0,0.0,0.0,49.0,34.7,55.4,0.0,0.0,0.0,0.0,0.0,0.0,1.0,1.0,0.0,2.0,0.0,0.0,0.0,0.0,1.0,85.4,2.0,0.0,5.0,0.0,0.0,100.0,0.0,1.0,0.0,0.0,0.0,0.0,0.0,35.1,38.6,0.0,0.0,0.0,1.0,0.0,1.0,0.0,0.0,0.0,0.0,1.0,0.0,0.0,0.0,36.1,40.2,0.0,0,0,0.0,0.0,0.0,80.2991943359375,80.2991943359375,80.2991943359375,136.632,136.632,136.632,0,0.0,80.2991943359375,136.632,
11777271.08950552,82.03746032714844,146974321.23520887,254223.38691392093,2127011.624480787,29021437.45325228,11.584375,0.0,100.0,3.0,85.6,0.0,4.0,0.0,0.0,49.0,50.5,43.6,0.0,1.0,0.0,0.0,0.0,52.0,36.1,54.9,6.9,1.0,0.0,0.0,0.0,0.0,0.0,2.0,0.0,0.0,1.0,1.0,3.1,4.0,2.0,77.6,1.0,0.0,0.0,0.0,0.0,100.0,0.0,1.0,2.0,0.0,0.0,0.0,0.0,33.7,38.6,1.0,2.0,1.0,1.0,3.1,1.0,2.0,1.0,1.0,0.0,0.0,0.0,0.0,0.0,36.7,37.0,0.0,0,0,0.0,0.0,0.0,80.2991943359375,80.2991943359375,80.2991943359375,136.494,136.494,136.494,0,0.0,80.2991943359375,136.494,
11777272.088662261,81.98360443115234,147332282.21028996,254785.85035299818,2131717.5891356748,29085646.72099541,11.6578125,0.0,100.0,4.0,78.4,1.0,5.0,0.0,0.0,51.0,49.5,42.4,0.0,0.0,0.0,0.0,0.0,49.5,34.0,1.0,2.0,54.0,1.0,1.0,0.0,0.0,1.0,18.2,2.0,1.0,0.0,1.0,3.0,1.0,0.0,84.4,1.0,1.0,0.0,0.0,0.0,100.0,0.0,1.0,1.0,0.0,0.0,0.0,0.0,37.1,37.0,1.0,1.0,1.0,2.0,1.0,1.0,1.0,1.0,1.0,0.0,0.0,0.0,0.0,0.0,34.4,38.2,0.0,0,0,0.0,0.0,0.0,80.2991943359375,80.2991943359375,80.2991943359375,136.439,136.439,136.439,0,0.0,80.2991943359375,136.439,
