case,target,mode,strategy,degraded,run_index,position,status,duration_s,wall_s,harness_wall_s,faults_when_warned,metrics,fingerprints,warnings,error
array_reduce,matmul,full,full,False,0,0,ok,0.151397,3.2777,3.3025,,"{""cpu_util_avg"": {""mean"": 96.04827066666667, ""max"": 102.13706}, ""cpu_util_min"": {""mean"": 96.04827066666667, ""max"": 102.13706}, ""cpu_util_max"": {""mean"": 96.04827066666667, ""max"": 102.13706}, ""cpu_util_0"": {""mean"": 96.04827066666667, ""max"": 102.13706}, ""cpu_util_1"": {""mean"": 96.04827066666667, ""max"": 102.13706}, ""cpu_util_2"": {""mean"": 96.04827066666667, ""max"": 102.13706}, ""cpu_util_3"": {""mean"": 96.04827066666667, ""max"": 102.13706}, ""cpu_util_4"": {""mean"": 96.04827066666667, ""max"": 102.13706}, ""cpu_util_5"": {""mean"": 96.04827066666667, ""max"": 102.13706}, ""cpu_util_6"": {""mean"": 96.04827066666667, ""max"": 102.13706}, ""cpu_util_7"": {""mean"": 96.04827066666667, ""max"": 102.13706}, ""cpu_util_8"": {""mean"": 96.04827066666667, ""max"": 102.13706}, ""cpu_util_9"": {""mean"": 96.04827066666667, ""max"": 102.13706}, ""cpu_util_10"": {""mean"": 96.04827066666667, ""max"": 102.13706}, ""cpu_util_11"": {""mean"": 96.04827066666667, ""max"": 102.13706}, ""memory"": {""mean"": 0.316711, ""max"": 0.316711}, ""io_read_count"": {""mean"": 11356.747207333334, ""max"": 11924.069023}, ""io_write_count"": {""mean"": 19.785273999999998, ""max"": 20.773639}, ""io_read"": {""mean"": 0.0, ""max"": 0.0}, ""io_write"": {""mean"": 0.0, ""max"": 0.0}, ""gpu_util_avg"": {""mean"": 0.0, ""max"": 0.0}, ""gpu_util_min"": {""mean"": 0.0, ""max"": 0.0}, ""gpu_util_max"": {""mean"": 0.0, ""max"": 0.0}, ""gpu_util_0"": {""mean"": 0.0, ""max"": 0.0}, ""gpu_band_avg"": {""mean"": 0.0, ""max"": 0.0}, ""gpu_band_min"": {""mean"": 0.0, ""max"": 0.0}, ""gpu_band_max"": {""mean"": 0.0, ""max"": 0.0}, ""gpu_band_0"": {""mean"": 0.0, ""max"": 0.0}, ""gpu_mem_avg"": {""mean"": 0.0, ""max"": 0.0}, ""gpu_mem_min"": {""mean"": 0.0, ""max"": 0.0}, ""gpu_mem_max"": {""mean"": 0.0, ""max"": 0.0}, ""gpu_mem_0"": {""mean"": 0.0, ""max"": 0.0}}","{""product"": {""kind"": ""array"", ""shape"": [2000, 2000], ""dtype"": ""float64"", ""mean"": 500.01872635521926, ""std"": 9.845639787888365, ""min"": 452.8252003037207, ""max"": 552.6527329950178}}",,
array_reduce,matmul,fork,fork,False,0,1,ok,0.11079,0.3525,0.3715,17184.0,"{""cpu_util_avg"": {""mean"": 95.03439449999999, ""max"": 97.804046}, ""cpu_util_min"": {""mean"": 95.03439449999999, ""max"": 97.804046}, ""cpu_util_max"": {""mean"": 95.03439449999999, ""max"": 97.804046}, ""cpu_util_0"": {""mean"": 95.03439449999999, ""max"": 97.804046}, ""cpu_util_1"": {""mean"": 95.03439449999999, ""max"": 97.804046}, ""cpu_util_2"": {""mean"": 95.03439449999999, ""max"": 97.804046}, ""cpu_util_3"": {""mean"": 95.03439449999999, ""max"": 97.804046}, ""cpu_util_4"": {""mean"": 95.03439449999999, ""max"": 97.804046}, ""cpu_util_5"": {""mean"": 95.03439449999999, ""max"": 97.804046}, ""cpu_util_6"": {""mean"": 95.03439449999999, ""max"": 97.804046}, ""cpu_util_7"": {""mean"": 95.03439449999999, ""max"": 97.804046}, ""cpu_util_8"": {""mean"": 95.03439449999999, ""max"": 97.804046}, ""cpu_util_9"": {""mean"": 95.03439449999999, ""max"": 97.804046}, ""cpu_util_10"": {""mean"": 95.03439449999999, ""max"": 97.804046}, ""cpu_util_11"": {""mean"": 95.03439449999999, ""max"": 97.804046}, ""memory"": {""mean"": 0.648701, ""max"": 0.648701}, ""io_read_count"": {""mean"": 11544.178046, ""max"": 11880.617787}, ""io_write_count"": {""mean"": 20.007241, ""max"": 20.590325}, ""io_read"": {""mean"": 0.0, ""max"": 0.0}, ""io_write"": {""mean"": 0.0, ""max"": 0.0}, ""gpu_util_avg"": {""mean"": 0.0, ""max"": 0.0}, ""gpu_util_min"": {""mean"": 0.0, ""max"": 0.0}, ""gpu_util_max"": {""mean"": 0.0, ""max"": 0.0}, ""gpu_util_0"": {""mean"": 0.0, ""max"": 0.0}, ""gpu_band_avg"": {""mean"": 0.0, ""max"": 0.0}, ""gpu_band_min"": {""mean"": 0.0, ""max"": 0.0}, ""gpu_band_max"": {""mean"": 0.0, ""max"": 0.0}, ""gpu_band_0"": {""mean"": 0.0, ""max"": 0.0}, ""gpu_mem_avg"": {""mean"": 0.0, ""max"": 0.0}, ""gpu_mem_min"": {""mean"": 0.0, ""max"": 0.0}, ""gpu_mem_max"": {""mean"": 0.0, ""max"": 0.0}, ""gpu_mem_0"": {""mean"": 0.0, ""max"": 0.0}}","{""product"": {""kind"": ""array"", ""shape"": [2000, 2000], ""dtype"": ""float64"", ""mean"": 500.01872635521926, ""std"": 9.845639787888365, ""min"": 452.8252003037207, ""max"": 552.6527329950178}}","[JUmPER]: a benchmark measurement spent at least 9ms of its 111ms on 17184 page faults - the cost of touching memory inherited from the prefix rather than of the cell itself. Cells working over large Python objects are affected most, and the timing understates them. Re-run with --replay-mode full for a number that does not carry this.",
array_reduce,matmul,fork,fork,False,1,0,ok,0.099634,0.2879,0.3083,15967.0,"{""cpu_util_avg"": {""mean"": 73.1152805, ""max"": 84.568423}, ""cpu_util_min"": {""mean"": 73.1152805, ""max"": 84.568423}, ""cpu_util_max"": {""mean"": 73.1152805, ""max"": 84.568423}, ""cpu_util_0"": {""mean"": 73.1152805, ""max"": 84.568423}, ""cpu_util_1"": {""mean"": 73.1152805, ""max"": 84.568423}, ""cpu_util_2"": {""mean"": 73.1152805, ""max"": 84.568423}, ""cpu_util_3"": {""mean"": 73.1152805, ""max"": 84.568423}, ""cpu_util_4"": {""mean"": 73.1152805, ""max"": 84.568423}, ""cpu_util_5"": {""mean"": 73.1152805, ""max"": 84.568423}, ""cpu_util_6"": {""mean"": 73.1152805, ""max"": 84.568423}, ""cpu_util_7"": {""mean"": 73.1152805, ""max"": 84.568423}, ""cpu_util_8"": {""mean"": 73.1152805, ""max"": 84.568423}, ""cpu_util_9"": {""mean"": 73.1152805, ""max"": 84.568423}, ""cpu_util_10"": {""mean"": 73.1152805, ""max"": 84.568423}, ""cpu_util_11"": {""mean"": 73.1152805, ""max"": 84.568423}, ""memory"": {""mean"": 0.64986, ""max"": 0.650043}, ""io_read_count"": {""mean"": 11573.198135999999, ""max"": 12198.995081}, ""io_write_count"": {""mean"": 20.057536, ""max"": 21.142106}, ""io_read"": {""mean"": 0.0, ""max"": 0.0}, ""io_write"": {""mean"": 0.0, ""max"": 0.0}, ""gpu_util_avg"": {""mean"": 0.0, ""max"": 0.0}, ""gpu_util_min"": {""mean"": 0.0, ""max"": 0.0}, ""gpu_util_max"": {""mean"": 0.0, ""max"": 0.0}, ""gpu_util_0"": {""mean"": 0.0, ""max"": 0.0}, ""gpu_band_avg"": {""mean"": 0.0, ""max"": 0.0}, ""gpu_band_min"": {""mean"": 0.0, ""max"": 0.0}, ""gpu_band_max"": {""mean"": 0.0, ""max"": 0.0}, ""gpu_band_0"": {""mean"": 0.0, ""max"": 0.0}, ""gpu_mem_avg"": {""mean"": 0.0, ""max"": 0.0}, ""gpu_mem_min"": {""mean"": 0.0, ""max"": 0.0}, ""gpu_mem_max"": {""mean"": 0.0, ""max"": 0.0}, ""gpu_mem_0"": {""mean"": 0.0, ""max"": 0.0}}","{""product"": {""kind"": ""array"", ""shape"": [2000, 2000], ""dtype"": ""float64"", ""mean"": 500.01872635521926, ""std"": 9.845639787888365, ""min"": 452.8252003037207, ""max"": 552.6527329950178}}","[JUmPER]: a benchmark measurement spent at least 8ms of its 100ms on 15967 page faults - the cost of touching memory inherited from the prefix rather than of the cell itself. Cells working over large Python objects are affected most, and the timing understates them. Re-run with --replay-mode full for a number that does not carry this.",
array_reduce,matmul,full,full,False,1,1,ok,0.144318,3.2358,3.2578,,"{""cpu_util_avg"": {""mean"": 96.282352, ""max"": 100.263179}, ""cpu_util_min"": {""mean"": 96.282352, ""max"": 100.263179}, ""cpu_util_max"": {""mean"": 96.282352, ""max"": 100.263179}, ""cpu_util_0"": {""mean"": 96.282352, ""max"": 100.263179}, ""cpu_util_1"": {""mean"": 96.282352, ""max"": 100.263179}, ""cpu_util_2"": {""mean"": 96.282352, ""max"": 100.263179}, ""cpu_util_3"": {""mean"": 96.282352, ""max"": 100.263179}, ""cpu_util_4"": {""mean"": 96.282352, ""max"": 100.263179}, ""cpu_util_5"": {""mean"": 96.282352, ""max"": 100.263179}, ""cpu_util_6"": {""mean"": 96.282352, ""max"": 100.263179}, ""cpu_util_7"": {""mean"": 96.282352, ""max"": 100.263179}, ""cpu_util_8"": {""mean"": 96.282352, ""max"": 100.263179}, ""cpu_util_9"": {""mean"": 96.282352, ""max"": 100.263179}, ""cpu_util_10"": {""mean"": 96.282352, ""max"": 100.263179}, ""cpu_util_11"": {""mean"": 96.282352, ""max"": 100.263179}, ""memory"": {""mean"": 0.316185, ""max"": 0.316185}, ""io_read_count"": {""mean"": 11960.072997333335, ""max"": 15695.744928}, ""io_write_count"": {""mean"": 20.836364, ""max"": 27.344503}, ""io_read"": {""mean"": 0.0, ""max"": 0.0}, ""io_write"": {""mean"": 0.0, ""max"": 0.0}, ""gpu_util_avg"": {""mean"": 0.0, ""max"": 0.0}, ""gpu_util_min"": {""mean"": 0.0, ""max"": 0.0}, ""gpu_util_max"": {""mean"": 0.0, ""max"": 0.0}, ""gpu_util_0"": {""mean"": 0.0, ""max"": 0.0}, ""gpu_band_avg"": {""mean"": 0.0, ""max"": 0.0}, ""gpu_band_min"": {""mean"": 0.0, ""max"": 0.0}, ""gpu_band_max"": {""mean"": 0.0, ""max"": 0.0}, ""gpu_band_0"": {""mean"": 0.0, ""max"": 0.0}, ""gpu_mem_avg"": {""mean"": 0.0, ""max"": 0.0}, ""gpu_mem_min"": {""mean"": 0.0, ""max"": 0.0}, ""gpu_mem_max"": {""mean"": 0.0, ""max"": 0.0}, ""gpu_mem_0"": {""mean"": 0.0, ""max"": 0.0}}","{""product"": {""kind"": ""array"", ""shape"": [2000, 2000], ""dtype"": ""float64"", ""mean"": 500.01872635521926, ""std"": 9.845639787888365, ""min"": 452.8252003037207, ""max"": 552.6527329950178}}",,
array_reduce,matmul,full,full,False,2,0,ok,0.285618,3.6459,3.6828,,"{""cpu_util_avg"": {""mean"": 84.21312840000002, ""max"": 122.865712}, ""cpu_util_min"": {""mean"": 84.21312840000002, ""max"": 122.865712}, ""cpu_util_max"": {""mean"": 84.21312840000002, ""max"": 122.865712}, ""cpu_util_0"": {""mean"": 84.21312840000002, ""max"": 122.865712}, ""cpu_util_1"": {""mean"": 84.21312840000002, ""max"": 122.865712}, ""cpu_util_2"": {""mean"": 84.21312840000002, ""max"": 122.865712}, ""cpu_util_3"": {""mean"": 84.21312840000002, ""max"": 122.865712}, ""cpu_util_4"": {""mean"": 84.21312840000002, ""max"": 122.865712}, ""cpu_util_5"": {""mean"": 84.21312840000002, ""max"": 122.865712}, ""cpu_util_6"": {""mean"": 84.21312840000002, ""max"": 122.865712}, ""cpu_util_7"": {""mean"": 84.21312840000002, ""max"": 122.865712}, ""cpu_util_8"": {""mean"": 84.21312840000002, ""max"": 122.865712}, ""cpu_util_9"": {""mean"": 84.21312840000002, ""max"": 122.865712}, ""cpu_util_10"": {""mean"": 84.21312840000002, ""max"": 122.865712}, ""cpu_util_11"": {""mean"": 84.21312840000002, ""max"": 122.865712}, ""memory"": {""mean"": 0.316738, ""max"": 0.316738}, ""io_read_count"": {""mean"": 10672.154778200002, ""max"": 11803.993992}, ""io_write_count"": {""mean"": 17.7582882, ""max"": 19.640589}, ""io_read"": {""mean"": 0.0, ""max"": 0.0}, ""io_write"": {""mean"": 0.0, ""max"": 0.0}, ""gpu_util_avg"": {""mean"": 0.0, ""max"": 0.0}, ""gpu_util_min"": {""mean"": 0.0, ""max"": 0.0}, ""gpu_util_max"": {""mean"": 0.0, ""max"": 0.0}, ""gpu_util_0"": {""mean"": 0.0, ""max"": 0.0}, ""gpu_band_avg"": {""mean"": 0.0, ""max"": 0.0}, ""gpu_band_min"": {""mean"": 0.0, ""max"": 0.0}, ""gpu_band_max"": {""mean"": 0.0, ""max"": 0.0}, ""gpu_band_0"": {""mean"": 0.0, ""max"": 0.0}, ""gpu_mem_avg"": {""mean"": 0.0, ""max"": 0.0}, ""gpu_mem_min"": {""mean"": 0.0, ""max"": 0.0}, ""gpu_mem_max"": {""mean"": 0.0, ""max"": 0.0}, ""gpu_mem_0"": {""mean"": 0.0, ""max"": 0.0}}","{""product"": {""kind"": ""array"", ""shape"": [2000, 2000], ""dtype"": ""float64"", ""mean"": 500.01872635521926, ""std"": 9.845639787888365, ""min"": 452.8252003037207, ""max"": 552.6527329950178}}",,
array_reduce,matmul,fork,fork,False,2,1,ok,0.123689,0.3462,0.368,16313.0,"{""cpu_util_avg"": {""mean"": 71.44591366666667, ""max"": 93.757323}, ""cpu_util_min"": {""mean"": 71.44591366666667, ""max"": 93.757323}, ""cpu_util_max"": {""mean"": 71.44591366666667, ""max"": 93.757323}, ""cpu_util_0"": {""mean"": 71.44591366666667, ""max"": 93.757323}, ""cpu_util_1"": {""mean"": 71.44591366666667, ""max"": 93.757323}, ""cpu_util_2"": {""mean"": 71.44591366666667, ""max"": 93.757323}, ""cpu_util_3"": {""mean"": 71.44591366666667, ""max"": 93.757323}, ""cpu_util_4"": {""mean"": 71.44591366666667, ""max"": 93.757323}, ""cpu_util_5"": {""mean"": 71.44591366666667, ""max"": 93.757323}, ""cpu_util_6"": {""mean"": 71.44591366666667, ""max"": 93.757323}, ""cpu_util_7"": {""mean"": 71.44591366666667, ""max"": 93.757323}, ""cpu_util_8"": {""mean"": 71.44591366666667, ""max"": 93.757323}, ""cpu_util_9"": {""mean"": 71.44591366666667, ""max"": 93.757323}, ""cpu_util_10"": {""mean"": 71.44591366666667, ""max"": 93.757323}, ""cpu_util_11"": {""mean"": 71.44591366666667, ""max"": 93.757323}, ""memory"": {""mean"": 0.6495143333333334, ""max"": 0.649799}, ""io_read_count"": {""mean"": 11457.079642333332, ""max"": 12021.772284}, ""io_write_count"": {""mean"": 19.85629066666667, ""max"": 20.834961}, ""io_read"": {""mean"": 0.0, ""max"": 0.0}, ""io_write"": {""mean"": 0.0, ""max"": 0.0}, ""gpu_util_avg"": {""mean"": 0.0, ""max"": 0.0}, ""gpu_util_min"": {""mean"": 0.0, ""max"": 0.0}, ""gpu_util_max"": {""mean"": 0.0, ""max"": 0.0}, ""gpu_util_0"": {""mean"": 0.0, ""max"": 0.0}, ""gpu_band_avg"": {""mean"": 0.0, ""max"": 0.0}, ""gpu_band_min"": {""mean"": 0.0, ""max"": 0.0}, ""gpu_band_max"": {""mean"": 0.0, ""max"": 0.0}, ""gpu_band_0"": {""mean"": 0.0, ""max"": 0.0}, ""gpu_mem_avg"": {""mean"": 0.0, ""max"": 0.0}, ""gpu_mem_min"": {""mean"": 0.0, ""max"": 0.0}, ""gpu_mem_max"": {""mean"": 0.0, ""max"": 0.0}, ""gpu_mem_0"": {""mean"": 0.0, ""max"": 0.0}}","{""product"": {""kind"": ""array"", ""shape"": [2000, 2000], ""dtype"": ""float64"", ""mean"": 500.01872635521926, ""std"": 9.845639787888365, ""min"": 452.8252003037207, ""max"": 552.6527329950178}}","[JUmPER]: a benchmark measurement spent at least 8ms of its 124ms on 16313 page faults - the cost of touching memory inherited from the prefix rather than of the cell itself. Cells working over large Python objects are affected most, and the timing understates them. Re-run with --replay-mode full for a number that does not carry this.",
array_reduce,matmul,fork,fork,False,3,0,ok,0.129875,0.3339,0.3543,16852.0,"{""cpu_util_avg"": {""mean"": 73.07284966666667, ""max"": 102.725353}, ""cpu_util_min"": {""mean"": 73.07284966666667, ""max"": 102.725353}, ""cpu_util_max"": {""mean"": 73.07284966666667, ""max"": 102.725353}, ""cpu_util_0"": {""mean"": 73.07284966666667, ""max"": 102.725353}, ""cpu_util_1"": {""mean"": 73.07284966666667, ""max"": 102.725353}, ""cpu_util_2"": {""mean"": 73.07284966666667, ""max"": 102.725353}, ""cpu_util_3"": {""mean"": 73.07284966666667, ""max"": 102.725353}, ""cpu_util_4"": {""mean"": 73.07284966666667, ""max"": 102.725353}, ""cpu_util_5"": {""mean"": 73.07284966666667, ""max"": 102.725353}, ""cpu_util_6"": {""mean"": 73.07284966666667, ""max"": 102.725353}, ""cpu_util_7"": {""mean"": 73.07284966666667, ""max"": 102.725353}, ""cpu_util_8"": {""mean"": 73.07284966666667, ""max"": 102.725353}, ""cpu_util_9"": {""mean"": 73.07284966666667, ""max"": 102.725353}, ""cpu_util_10"": {""mean"": 73.07284966666667, ""max"": 102.725353}, ""cpu_util_11"": {""mean"": 73.07284966666667, ""max"": 102.725353}, ""memory"": {""mean"": 0.649433, ""max"": 0.649555}, ""io_read_count"": {""mean"": 11563.731472333333, ""max"": 12208.276929}, ""io_write_count"": {""mean"": 20.041128999999998, ""max"": 21.158192}, ""io_read"": {""mean"": 0.0, ""max"": 0.0}, ""io_write"": {""mean"": 0.0, ""max"": 0.0}, ""gpu_util_avg"": {""mean"": 0.0, ""max"": 0.0}, ""gpu_util_min"": {""mean"": 0.0, ""max"": 0.0}, ""gpu_util_max"": {""mean"": 0.0, ""max"": 0.0}, ""gpu_util_0"": {""mean"": 0.0, ""max"": 0.0}, ""gpu_band_avg"": {""mean"": 0.0, ""max"": 0.0}, ""gpu_band_min"": {""mean"": 0.0, ""max"": 0.0}, ""gpu_band_max"": {""mean"": 0.0, ""max"": 0.0}, ""gpu_band_0"": {""mean"": 0.0, ""max"": 0.0}, ""gpu_mem_avg"": {""mean"": 0.0, ""max"": 0.0}, ""gpu_mem_min"": {""mean"": 0.0, ""max"": 0.0}, ""gpu_mem_max"": {""mean"": 0.0, ""max"": 0.0}, ""gpu_mem_0"": {""mean"": 0.0, ""max"": 0.0}}","{""product"": {""kind"": ""array"", ""shape"": [2000, 2000], ""dtype"": ""float64"", ""mean"": 500.01872635521926, ""std"": 9.845639787888365, ""min"": 452.8252003037207, ""max"": 552.6527329950178}}","[JUmPER]: a benchmark measurement spent at least 9ms of its 130ms on 16852 page faults - the cost of touching memory inherited from the prefix rather than of the cell itself. Cells working over large Python objects are affected most, and the timing understates them. Re-run with --replay-mode full for a number that does not carry this.",
array_reduce,matmul,full,full,False,3,1,ok,0.192252,3.7726,3.7984,,"{""cpu_util_avg"": {""mean"": 90.47434675000001, ""max"": 103.333048}, ""cpu_util_min"": {""mean"": 90.47434675000001, ""max"": 103.333048}, ""cpu_util_max"": {""mean"": 90.47434675000001, ""max"": 103.333048}, ""cpu_util_0"": {""mean"": 90.47434675000001, ""max"": 103.333048}, ""cpu_util_1"": {""mean"": 90.47434675000001, ""max"": 103.333048}, ""cpu_util_2"": {""mean"": 90.47434675000001, ""max"": 103.333048}, ""cpu_util_3"": {""mean"": 90.47434675000001, ""max"": 103.333048}, ""cpu_util_4"": {""mean"": 90.47434675000001, ""max"": 103.333048}, ""cpu_util_5"": {""mean"": 90.47434675000001, ""max"": 103.333048}, ""cpu_util_6"": {""mean"": 90.47434675000001, ""max"": 103.333048}, ""cpu_util_7"": {""mean"": 90.47434675000001, ""max"": 103.333048}, ""cpu_util_8"": {""mean"": 90.47434675000001, ""max"": 103.333048}, ""cpu_util_9"": {""mean"": 90.47434675000001, ""max"": 103.333048}, ""cpu_util_10"": {""mean"": 90.47434675000001, ""max"": 103.333048}, ""cpu_util_11"": {""mean"": 90.47434675000001, ""max"": 103.333048}, ""memory"": {""mean"": 0.3164555, ""max"": 0.316486}, ""io_read_count"": {""mean"": 12188.822932000001, ""max"": 14993.091909}, ""io_write_count"": {""mean"": 20.589228, ""max"": 25.326169}, ""io_read"": {""mean"": 0.0, ""max"": 0.0}, ""io_write"": {""mean"": 0.0, ""max"": 0.0}, ""gpu_util_avg"": {""mean"": 0.0, ""max"": 0.0}, ""gpu_util_min"": {""mean"": 0.0, ""max"": 0.0}, ""gpu_util_max"": {""mean"": 0.0, ""max"": 0.0}, ""gpu_util_0"": {""mean"": 0.0, ""max"": 0.0}, ""gpu_band_avg"": {""mean"": 0.0, ""max"": 0.0}, ""gpu_band_min"": {""mean"": 0.0, ""max"": 0.0}, ""gpu_band_max"": {""mean"": 0.0, ""max"": 0.0}, ""gpu_band_0"": {""mean"": 0.0, ""max"": 0.0}, ""gpu_mem_avg"": {""mean"": 0.0, ""max"": 0.0}, ""gpu_mem_min"": {""mean"": 0.0, ""max"": 0.0}, ""gpu_mem_max"": {""mean"": 0.0, ""max"": 0.0}, ""gpu_mem_0"": {""mean"": 0.0, ""max"": 0.0}}","{""product"": {""kind"": ""array"", ""shape"": [2000, 2000], ""dtype"": ""float64"", ""mean"": 500.01872635521926, ""std"": 9.845639787888365, ""min"": 452.8252003037207, ""max"": 552.6527329950178}}",,
array_reduce,matmul,full,full,False,4,0,ok,0.190417,3.6982,3.7174,,"{""cpu_util_avg"": {""mean"": 93.4056995, ""max"": 96.789119}, ""cpu_util_min"": {""mean"": 93.4056995, ""max"": 96.789119}, ""cpu_util_max"": {""mean"": 93.4056995, ""max"": 96.789119}, ""cpu_util_0"": {""mean"": 93.4056995, ""max"": 96.789119}, ""cpu_util_1"": {""mean"": 93.4056995, ""max"": 96.789119}, ""cpu_util_2"": {""mean"": 93.4056995, ""max"": 96.789119}, ""cpu_util_3"": {""mean"": 93.4056995, ""max"": 96.789119}, ""cpu_util_4"": {""mean"": 93.4056995, ""max"": 96.789119}, ""cpu_util_5"": {""mean"": 93.4056995, ""max"": 96.789119}, ""cpu_util_6"": {""mean"": 93.4056995, ""max"": 96.789119}, ""cpu_util_7"": {""mean"": 93.4056995, ""max"": 96.789119}, ""cpu_util_8"": {""mean"": 93.4056995, ""max"": 96.789119}, ""cpu_util_9"": {""mean"": 93.4056995, ""max"": 96.789119}, ""cpu_util_10"": {""mean"": 93.4056995, ""max"": 96.789119}, ""cpu_util_11"": {""mean"": 93.4056995, ""max"": 96.789119}, ""memory"": {""mean"": 0.316666, ""max"": 0.316666}, ""io_read_count"": {""mean"": 12468.9314385, ""max"": 13974.867498}, ""io_write_count"": {""mean"": 20.1436695, ""max"": 22.576523}, ""io_read"": {""mean"": 0.0, ""max"": 0.0}, ""io_write"": {""mean"": 0.0, ""max"": 0.0}, ""gpu_util_avg"": {""mean"": 0.0, ""max"": 0.0}, ""gpu_util_min"": {""mean"": 0.0, ""max"": 0.0}, ""gpu_util_max"": {""mean"": 0.0, ""max"": 0.0}, ""gpu_util_0"": {""mean"": 0.0, ""max"": 0.0}, ""gpu_band_avg"": {""mean"": 0.0, ""max"": 0.0}, ""gpu_band_min"": {""mean"": 0.0, ""max"": 0.0}, ""gpu_band_max"": {""mean"": 0.0, ""max"": 0.0}, ""gpu_band_0"": {""mean"": 0.0, ""max"": 0.0}, ""gpu_mem_avg"": {""mean"": 0.0, ""max"": 0.0}, ""gpu_mem_min"": {""mean"": 0.0, ""max"": 0.0}, ""gpu_mem_max"": {""mean"": 0.0, ""max"": 0.0}, ""gpu_mem_0"": {""mean"": 0.0, ""max"": 0.0}}","{""product"": {""kind"": ""array"", ""shape"": [2000, 2000], ""dtype"": ""float64"", ""mean"": 500.01872635521926, ""std"": 9.845639787888365, ""min"": 452.8252003037207, ""max"": 552.6527329950178}}",,
array_reduce,matmul,fork,fork,False,4,1,ok,0.107262,0.3114,0.3292,15827.0,"{""cpu_util_avg"": {""mean"": 60.293089, ""max"": 96.159394}, ""cpu_util_min"": {""mean"": 60.293089, ""max"": 96.159394}, ""cpu_util_max"": {""mean"": 60.293089, ""max"": 96.159394}, ""cpu_util_0"": {""mean"": 60.293089, ""max"": 96.159394}, ""cpu_util_1"": {""mean"": 60.293089, ""max"": 96.159394}, ""cpu_util_2"": {""mean"": 60.293089, ""max"": 96.159394}, ""cpu_util_3"": {""mean"": 60.293089, ""max"": 96.159394}, ""cpu_util_4"": {""mean"": 60.293089, ""max"": 96.159394}, ""cpu_util_5"": {""mean"": 60.293089, ""max"": 96.159394}, ""cpu_util_6"": {""mean"": 60.293089, ""max"": 96.159394}, ""cpu_util_7"": {""mean"": 60.293089, ""max"": 96.159394}, ""cpu_util_8"": {""mean"": 60.293089, ""max"": 96.159394}, ""cpu_util_9"": {""mean"": 60.293089, ""max"": 96.159394}, ""cpu_util_10"": {""mean"": 60.293089, ""max"": 96.159394}, ""cpu_util_11"": {""mean"": 60.293089, ""max"": 96.159394}, ""memory"": {""mean"": 0.649311, ""max"": 0.649921}, ""io_read_count"": {""mean"": 11856.5635435, ""max"": 12154.767951}, ""io_write_count"": {""mean"": 19.3866535, ""max"": 19.541428}, ""io_read"": {""mean"": 0.0, ""max"": 0.0}, ""io_write"": {""mean"": 0.0, ""max"": 0.0}, ""gpu_util_avg"": {""mean"": 0.0, ""max"": 0.0}, ""gpu_util_min"": {""mean"": 0.0, ""max"": 0.0}, ""gpu_util_max"": {""mean"": 0.0, ""max"": 0.0}, ""gpu_util_0"": {""mean"": 0.0, ""max"": 0.0}, ""gpu_band_avg"": {""mean"": 0.0, ""max"": 0.0}, ""gpu_band_min"": {""mean"": 0.0, ""max"": 0.0}, ""gpu_band_max"": {""mean"": 0.0, ""max"": 0.0}, ""gpu_band_0"": {""mean"": 0.0, ""max"": 0.0}, ""gpu_mem_avg"": {""mean"": 0.0, ""max"": 0.0}, ""gpu_mem_min"": {""mean"": 0.0, ""max"": 0.0}, ""gpu_mem_max"": {""mean"": 0.0, ""max"": 0.0}, ""gpu_mem_0"": {""mean"": 0.0, ""max"": 0.0}}","{""product"": {""kind"": ""array"", ""shape"": [2000, 2000], ""dtype"": ""float64"", ""mean"": 500.01872635521926, ""std"": 9.845639787888365, ""min"": 452.8252003037207, ""max"": 552.6527329950178}}","[JUmPER]: a benchmark measurement spent at least 8ms of its 107ms on 15827 page faults - the cost of touching memory inherited from the prefix rather than of the cell itself. Cells working over large Python objects are affected most, and the timing understates them. Re-run with --replay-mode full for a number that does not carry this.",
array_reduce,matmul,fork,fork,False,5,0,ok,0.121825,0.3566,0.3747,16611.0,"{""cpu_util_avg"": {""mean"": 67.43022733333333, ""max"": 89.439314}, ""cpu_util_min"": {""mean"": 67.43022733333333, ""max"": 89.439314}, ""cpu_util_max"": {""mean"": 67.43022733333333, ""max"": 89.439314}, ""cpu_util_0"": {""mean"": 67.43022733333333, ""max"": 89.439314}, ""cpu_util_1"": {""mean"": 67.43022733333333, ""max"": 89.439314}, ""cpu_util_2"": {""mean"": 67.43022733333333, ""max"": 89.439314}, ""cpu_util_3"": {""mean"": 67.43022733333333, ""max"": 89.439314}, ""cpu_util_4"": {""mean"": 67.43022733333333, ""max"": 89.439314}, ""cpu_util_5"": {""mean"": 67.43022733333333, ""max"": 89.439314}, ""cpu_util_6"": {""mean"": 67.43022733333333, ""max"": 89.439314}, ""cpu_util_7"": {""mean"": 67.43022733333333, ""max"": 89.439314}, ""cpu_util_8"": {""mean"": 67.43022733333333, ""max"": 89.439314}, ""cpu_util_9"": {""mean"": 67.43022733333333, ""max"": 89.439314}, ""cpu_util_10"": {""mean"": 67.43022733333333, ""max"": 89.439314}, ""cpu_util_11"": {""mean"": 67.43022733333333, ""max"": 89.439314}, ""memory"": {""mean"": 0.6501656666666666, ""max"": 0.650288}, ""io_read_count"": {""mean"": 11918.943930333335, ""max"": 12884.341368}, ""io_write_count"": {""mean"": 19.78576633333333, ""max"": 20.916139}, ""io_read"": {""mean"": 0.0, ""max"": 0.0}, ""io_write"": {""mean"": 0.0, ""max"": 0.0}, ""gpu_util_avg"": {""mean"": 0.0, ""max"": 0.0}, ""gpu_util_min"": {""mean"": 0.0, ""max"": 0.0}, ""gpu_util_max"": {""mean"": 0.0, ""max"": 0.0}, ""gpu_util_0"": {""mean"": 0.0, ""max"": 0.0}, ""gpu_band_avg"": {""mean"": 0.0, ""max"": 0.0}, ""gpu_band_min"": {""mean"": 0.0, ""max"": 0.0}, ""gpu_band_max"": {""mean"": 0.0, ""max"": 0.0}, ""gpu_band_0"": {""mean"": 0.0, ""max"": 0.0}, ""gpu_mem_avg"": {""mean"": 0.0, ""max"": 0.0}, ""gpu_mem_min"": {""mean"": 0.0, ""max"": 0.0}, ""gpu_mem_max"": {""mean"": 0.0, ""max"": 0.0}, ""gpu_mem_0"": {""mean"": 0.0, ""max"": 0.0}}","{""product"": {""kind"": ""array"", ""shape"": [2000, 2000], ""dtype"": ""float64"", ""mean"": 500.01872635521926, ""std"": 9.845639787888365, ""min"": 452.8252003037207, ""max"": 552.6527329950178}}","[JUmPER]: a benchmark measurement spent at least 8ms of its 122ms on 16611 page faults - the cost of touching memory inherited from the prefix rather than of the cell itself. Cells working over large Python objects are affected most, and the timing understates them. Re-run with --replay-mode full for a number that does not carry this.",
array_reduce,matmul,full,full,False,5,1,ok,0.131817,3.2735,3.2926,,"{""cpu_util_avg"": {""mean"": 95.65132299999999, ""max"": 97.822077}, ""cpu_util_min"": {""mean"": 95.65132299999999, ""max"": 97.822077}, ""cpu_util_max"": {""mean"": 95.65132299999999, ""max"": 97.822077}, ""cpu_util_0"": {""mean"": 95.65132299999999, ""max"": 97.822077}, ""cpu_util_1"": {""mean"": 95.65132299999999, ""max"": 97.822077}, ""cpu_util_2"": {""mean"": 95.65132299999999, ""max"": 97.822077}, ""cpu_util_3"": {""mean"": 95.65132299999999, ""max"": 97.822077}, ""cpu_util_4"": {""mean"": 95.65132299999999, ""max"": 97.822077}, ""cpu_util_5"": {""mean"": 95.65132299999999, ""max"": 97.822077}, ""cpu_util_6"": {""mean"": 95.65132299999999, ""max"": 97.822077}, ""cpu_util_7"": {""mean"": 95.65132299999999, ""max"": 97.822077}, ""cpu_util_8"": {""mean"": 95.65132299999999, ""max"": 97.822077}, ""cpu_util_9"": {""mean"": 95.65132299999999, ""max"": 97.822077}, ""cpu_util_10"": {""mean"": 95.65132299999999, ""max"": 97.822077}, ""cpu_util_11"": {""mean"": 95.65132299999999, ""max"": 97.822077}, ""memory"": {""mean"": 0.316307, ""max"": 0.316307}, ""io_read_count"": {""mean"": 11727.397066, ""max"": 12409.429245}, ""io_write_count"": {""mean"": 19.80979266666667, ""max"": 20.961874}, ""io_read"": {""mean"": 0.0, ""max"": 0.0}, ""io_write"": {""mean"": 0.0, ""max"": 0.0}, ""gpu_util_avg"": {""mean"": 0.0, ""max"": 0.0}, ""gpu_util_min"": {""mean"": 0.0, ""max"": 0.0}, ""gpu_util_max"": {""mean"": 0.0, ""max"": 0.0}, ""gpu_util_0"": {""mean"": 0.0, ""max"": 0.0}, ""gpu_band_avg"": {""mean"": 0.0, ""max"": 0.0}, ""gpu_band_min"": {""mean"": 0.0, ""max"": 0.0}, ""gpu_band_max"": {""mean"": 0.0, ""max"": 0.0}, ""gpu_band_0"": {""mean"": 0.0, ""max"": 0.0}, ""gpu_mem_avg"": {""mean"": 0.0, ""max"": 0.0}, ""gpu_mem_min"": {""mean"": 0.0, ""max"": 0.0}, ""gpu_mem_max"": {""mean"": 0.0, ""max"": 0.0}, ""gpu_mem_0"": {""mean"": 0.0, ""max"": 0.0}}","{""product"": {""kind"": ""array"", ""shape"": [2000, 2000], ""dtype"": ""float64"", ""mean"": 500.01872635521926, ""std"": 9.845639787888365, ""min"": 452.8252003037207, ""max"": 552.6527329950178}}",,
array_reduce,matmul,full,full,False,6,0,ok,0.095271,3.3322,3.3507,,"{""cpu_util_avg"": {""mean"": 94.6923375, ""max"": 95.394967}, ""cpu_util_min"": {""mean"": 94.6923375, ""max"": 95.394967}, ""cpu_util_max"": {""mean"": 94.6923375, ""max"": 95.394967}, ""cpu_util_0"": {""mean"": 94.6923375, ""max"": 95.394967}, ""cpu_util_1"": {""mean"": 94.6923375, ""max"": 95.394967}, ""cpu_util_2"": {""mean"": 94.6923375, ""max"": 95.394967}, ""cpu_util_3"": {""mean"": 94.6923375, ""max"": 95.394967}, ""cpu_util_4"": {""mean"": 94.6923375, ""max"": 95.394967}, ""cpu_util_5"": {""mean"": 94.6923375, ""max"": 95.394967}, ""cpu_util_6"": {""mean"": 94.6923375, ""max"": 95.394967}, ""cpu_util_7"": {""mean"": 94.6923375, ""max"": 95.394967}, ""cpu_util_8"": {""mean"": 94.6923375, ""max"": 95.394967}, ""cpu_util_9"": {""mean"": 94.6923375, ""max"": 95.394967}, ""cpu_util_10"": {""mean"": 94.6923375, ""max"": 95.394967}, ""cpu_util_11"": {""mean"": 94.6923375, ""max"": 95.394967}, ""memory"": {""mean"": 0.316166, ""max"": 0.316166}, ""io_read_count"": {""mean"": 11819.2794575, ""max"": 12321.560853}, ""io_write_count"": {""mean"": 19.964999, ""max"": 20.813447}, ""io_read"": {""mean"": 0.0, ""max"": 0.0}, ""io_write"": {""mean"": 0.0, ""max"": 0.0}, ""gpu_util_avg"": {""mean"": 0.0, ""max"": 0.0}, ""gpu_util_min"": {""mean"": 0.0, ""max"": 0.0}, ""gpu_util_max"": {""mean"": 0.0, ""max"": 0.0}, ""gpu_util_0"": {""mean"": 0.0, ""max"": 0.0}, ""gpu_band_avg"": {""mean"": 0.0, ""max"": 0.0}, ""gpu_band_min"": {""mean"": 0.0, ""max"": 0.0}, ""gpu_band_max"": {""mean"": 0.0, ""max"": 0.0}, ""gpu_band_0"": {""mean"": 0.0, ""max"": 0.0}, ""gpu_mem_avg"": {""mean"": 0.0, ""max"": 0.0}, ""gpu_mem_min"": {""mean"": 0.0, ""max"": 0.0}, ""gpu_mem_max"": {""mean"": 0.0, ""max"": 0.0}, ""gpu_mem_0"": {""mean"": 0.0, ""max"": 0.0}}","{""product"": {""kind"": ""array"", ""shape"": [2000, 2000], ""dtype"": ""float64"", ""mean"": 500.01872635521926, ""std"": 9.845639787888365, ""min"": 452.8252003037207, ""max"": 552.6527329950178}}",,
array_reduce,matmul,fork,fork,False,6,1,ok,0.114162,0.3164,0.3346,16448.0,"{""cpu_util_avg"": {""mean"": 72.00785466666667, ""max"": 95.75678}, ""cpu_util_min"": {""mean"": 72.00785466666667, ""max"": 95.75678}, ""cpu_util_max"": {""mean"": 72.00785466666667, ""max"": 95.75678}, ""cpu_util_0"": {""mean"": 72.00785466666667, ""max"": 95.75678}, ""cpu_util_1"": {""mean"": 72.00785466666667, ""max"": 95.75678}, ""cpu_util_2"": {""mean"": 72.00785466666667, ""max"": 95.75678}, ""cpu_util_3"": {""mean"": 72.00785466666667, ""max"": 95.75678}, ""cpu_util_4"": {""mean"": 72.00785466666667, ""max"": 95.75678}, ""cpu_util_5"": {""mean"": 72.00785466666667, ""max"": 95.75678}, ""cpu_util_6"": {""mean"": 72.00785466666667, ""max"": 95.75678}, ""cpu_util_7"": {""mean"": 72.00785466666667, ""max"": 95.75678}, ""cpu_util_8"": {""mean"": 72.00785466666667, ""max"": 95.75678}, ""cpu_util_9"": {""mean"": 72.00785466666667, ""max"": 95.75678}, ""cpu_util_10"": {""mean"": 72.00785466666667, ""max"": 95.75678}, ""cpu_util_11"": {""mean"": 72.00785466666667, ""max"": 95.75678}, ""memory"": {""mean"": 0.649844, ""max"": 0.650414}, ""io_read_count"": {""mean"": 12478.107406666668, ""max"": 13485.445401}, ""io_write_count"": {""mean"": 27.288192999999996, ""max"": 43.361561}, ""io_read"": {""mean"": 0.0, ""max"": 0.0}, ""io_write"": {""mean"": 29601.492155, ""max"": 88804.476465}, ""gpu_util_avg"": {""mean"": 0.0, ""max"": 0.0}, ""gpu_util_min"": {""mean"": 0.0, ""max"": 0.0}, ""gpu_util_max"": {""mean"": 0.0, ""max"": 0.0}, ""gpu_util_0"": {""mean"": 0.0, ""max"": 0.0}, ""gpu_band_avg"": {""mean"": 0.0, ""max"": 0.0}, ""gpu_band_min"": {""mean"": 0.0, ""max"": 0.0}, ""gpu_band_max"": {""mean"": 0.0, ""max"": 0.0}, ""gpu_band_0"": {""mean"": 0.0, ""max"": 0.0}, ""gpu_mem_avg"": {""mean"": 0.0, ""max"": 0.0}, ""gpu_mem_min"": {""mean"": 0.0, ""max"": 0.0}, ""gpu_mem_max"": {""mean"": 0.0, ""max"": 0.0}, ""gpu_mem_0"": {""mean"": 0.0, ""max"": 0.0}}","{""product"": {""kind"": ""array"", ""shape"": [2000, 2000], ""dtype"": ""float64"", ""mean"": 500.01872635521926, ""std"": 9.845639787888365, ""min"": 452.8252003037207, ""max"": 552.6527329950178}}","[JUmPER]: a benchmark measurement spent at least 8ms of its 114ms on 16448 page faults - the cost of touching memory inherited from the prefix rather than of the cell itself. Cells working over large Python objects are affected most, and the timing understates them. Re-run with --replay-mode full for a number that does not carry this.",
array_reduce,matmul,fork,fork,False,7,0,ok,0.12787,0.3267,0.3496,16427.0,"{""cpu_util_avg"": {""mean"": 77.50433166666666, ""max"": 97.11903}, ""cpu_util_min"": {""mean"": 77.50433166666666, ""max"": 97.11903}, ""cpu_util_max"": {""mean"": 77.50433166666666, ""max"": 97.11903}, ""cpu_util_0"": {""mean"": 77.50433166666666, ""max"": 97.11903}, ""cpu_util_1"": {""mean"": 77.50433166666666, ""max"": 97.11903}, ""cpu_util_2"": {""mean"": 77.50433166666666, ""max"": 97.11903}, ""cpu_util_3"": {""mean"": 77.50433166666666, ""max"": 97.11903}, ""cpu_util_4"": {""mean"": 77.50433166666666, ""max"": 97.11903}, ""cpu_util_5"": {""mean"": 77.50433166666666, ""max"": 97.11903}, ""cpu_util_6"": {""mean"": 77.50433166666666, ""max"": 97.11903}, ""cpu_util_7"": {""mean"": 77.50433166666666, ""max"": 97.11903}, ""cpu_util_8"": {""mean"": 77.50433166666666, ""max"": 97.11903}, ""cpu_util_9"": {""mean"": 77.50433166666666, ""max"": 97.11903}, ""cpu_util_10"": {""mean"": 77.50433166666666, ""max"": 97.11903}, ""cpu_util_11"": {""mean"": 77.50433166666666, ""max"": 97.11903}, ""memory"": {""mean"": 0.6504986666666667, ""max"": 0.651516}, ""io_read_count"": {""mean"": 14868.840691333333, ""max"": 24616.040795}, ""io_write_count"": {""mean"": 37.39706733333333, ""max"": 80.052165}, ""io_read"": {""mean"": 0.0, ""max"": 0.0}, ""io_write"": {""mean"": 54648.94476866667, ""max"": 163946.834306}, ""gpu_util_avg"": {""mean"": 0.0, ""max"": 0.0}, ""gpu_util_min"": {""mean"": 0.0, ""max"": 0.0}, ""gpu_util_max"": {""mean"": 0.0, ""max"": 0.0}, ""gpu_util_0"": {""mean"": 0.0, ""max"": 0.0}, ""gpu_band_avg"": {""mean"": 0.0, ""max"": 0.0}, ""gpu_band_min"": {""mean"": 0.0, ""max"": 0.0}, ""gpu_band_max"": {""mean"": 0.0, ""max"": 0.0}, ""gpu_band_0"": {""mean"": 0.0, ""max"": 0.0}, ""gpu_mem_avg"": {""mean"": 0.0, ""max"": 0.0}, ""gpu_mem_min"": {""mean"": 0.0, ""max"": 0.0}, ""gpu_mem_max"": {""mean"": 0.0, ""max"": 0.0}, ""gpu_mem_0"": {""mean"": 0.0, ""max"": 0.0}}","{""product"": {""kind"": ""array"", ""shape"": [2000, 2000], ""dtype"": ""float64"", ""mean"": 500.01872635521926, ""std"": 9.845639787888365, ""min"": 452.8252003037207, ""max"": 552.6527329950178}}","[JUmPER]: a benchmark measurement spent at least 8ms of its 128ms on 16427 page faults - the cost of touching memory inherited from the prefix rather than of the cell itself. Cells working over large Python objects are affected most, and the timing understates them. Re-run with --replay-mode full for a number that does not carry this.",
array_reduce,matmul,full,full,False,7,1,ok,0.132481,3.1901,3.2085,,"{""cpu_util_avg"": {""mean"": 98.814644, ""max"": 108.48075}, ""cpu_util_min"": {""mean"": 98.814644, ""max"": 108.48075}, ""cpu_util_max"": {""mean"": 98.814644, ""max"": 108.48075}, ""cpu_util_0"": {""mean"": 98.814644, ""max"": 108.48075}, ""cpu_util_1"": {""mean"": 98.814644, ""max"": 108.48075}, ""cpu_util_2"": {""mean"": 98.814644, ""max"": 108.48075}, ""cpu_util_3"": {""mean"": 98.814644, ""max"": 108.48075}, ""cpu_util_4"": {""mean"": 98.814644, ""max"": 108.48075}, ""cpu_util_5"": {""mean"": 98.814644, ""max"": 108.48075}, ""cpu_util_6"": {""mean"": 98.814644, ""max"": 108.48075}, ""cpu_util_7"": {""mean"": 98.814644, ""max"": 108.48075}, ""cpu_util_8"": {""mean"": 98.814644, ""max"": 108.48075}, ""cpu_util_9"": {""mean"": 98.814644, ""max"": 108.48075}, ""cpu_util_10"": {""mean"": 98.814644, ""max"": 108.48075}, ""cpu_util_11"": {""mean"": 98.814644, ""max"": 108.48075}, ""memory"": {""mean"": 0.3158, ""max"": 0.315922}, ""io_read_count"": {""mean"": 11772.226623, ""max"": 12419.582948}, ""io_write_count"": {""mean"": 19.018136666666667, ""max"": 20.063947}, ""io_read"": {""mean"": 0.0, ""max"": 0.0}, ""io_write"": {""mean"": 0.0, ""max"": 0.0}, ""gpu_util_avg"": {""mean"": 0.0, ""max"": 0.0}, ""gpu_util_min"": {""mean"": 0.0, ""max"": 0.0}, ""gpu_util_max"": {""mean"": 0.0, ""max"": 0.0}, ""gpu_util_0"": {""mean"": 0.0, ""max"": 0.0}, ""gpu_band_avg"": {""mean"": 0.0, ""max"": 0.0}, ""gpu_band_min"": {""mean"": 0.0, ""max"": 0.0}, ""gpu_band_max"": {""mean"": 0.0, ""max"": 0.0}, ""gpu_band_0"": {""mean"": 0.0, ""max"": 0.0}, ""gpu_mem_avg"": {""mean"": 0.0, ""max"": 0.0}, ""gpu_mem_min"": {""mean"": 0.0, ""max"": 0.0}, ""gpu_mem_max"": {""mean"": 0.0, ""max"": 0.0}, ""gpu_mem_0"": {""mean"": 0.0, ""max"": 0.0}}","{""product"": {""kind"": ""array"", ""shape"": [2000, 2000], ""dtype"": ""float64"", ""mean"": 500.01872635521926, ""std"": 9.845639787888365, ""min"": 452.8252003037207, ""max"": 552.6527329950178}}",,
array_reduce,matmul,full,full,False,8,0,ok,0.133426,3.2311,3.2508,,"{""cpu_util_avg"": {""mean"": 97.717785, ""max"": 100.838614}, ""cpu_util_min"": {""mean"": 97.717785, ""max"": 100.838614}, ""cpu_util_max"": {""mean"": 97.717785, ""max"": 100.838614}, ""cpu_util_0"": {""mean"": 97.717785, ""max"": 100.838614}, ""cpu_util_1"": {""mean"": 97.717785, ""max"": 100.838614}, ""cpu_util_2"": {""mean"": 97.717785, ""max"": 100.838614}, ""cpu_util_3"": {""mean"": 97.717785, ""max"": 100.838614}, ""cpu_util_4"": {""mean"": 97.717785, ""max"": 100.838614}, ""cpu_util_5"": {""mean"": 97.717785, ""max"": 100.838614}, ""cpu_util_6"": {""mean"": 97.717785, ""max"": 100.838614}, ""cpu_util_7"": {""mean"": 97.717785, ""max"": 100.838614}, ""cpu_util_8"": {""mean"": 97.717785, ""max"": 100.838614}, ""cpu_util_9"": {""mean"": 97.717785, ""max"": 100.838614}, ""cpu_util_10"": {""mean"": 97.717785, ""max"": 100.838614}, ""cpu_util_11"": {""mean"": 97.717785, ""max"": 100.838614}, ""memory"": {""mean"": 0.31673, ""max"": 0.31673}, ""io_read_count"": {""mean"": 11576.460363999999, ""max"": 11743.565831}, ""io_write_count"": {""mean"": 19.5385815, ""max"": 19.837104}, ""io_read"": {""mean"": 0.0, ""max"": 0.0}, ""io_write"": {""mean"": 0.0, ""max"": 0.0}, ""gpu_util_avg"": {""mean"": 0.0, ""max"": 0.0}, ""gpu_util_min"": {""mean"": 0.0, ""max"": 0.0}, ""gpu_util_max"": {""mean"": 0.0, ""max"": 0.0}, ""gpu_util_0"": {""mean"": 0.0, ""max"": 0.0}, ""gpu_band_avg"": {""mean"": 0.0, ""max"": 0.0}, ""gpu_band_min"": {""mean"": 0.0, ""max"": 0.0}, ""gpu_band_max"": {""mean"": 0.0, ""max"": 0.0}, ""gpu_band_0"": {""mean"": 0.0, ""max"": 0.0}, ""gpu_mem_avg"": {""mean"": 0.0, ""max"": 0.0}, ""gpu_mem_min"": {""mean"": 0.0, ""max"": 0.0}, ""gpu_mem_max"": {""mean"": 0.0, ""max"": 0.0}, ""gpu_mem_0"": {""mean"": 0.0, ""max"": 0.0}}","{""product"": {""kind"": ""array"", ""shape"": [2000, 2000], ""dtype"": ""float64"", ""mean"": 500.01872635521926, ""std"": 9.845639787888365, ""min"": 452.8252003037207, ""max"": 552.6527329950178}}",,
array_reduce,matmul,fork,fork,False,8,1,ok,0.094695,0.2988,0.316,16636.0,"{""cpu_util_avg"": {""mean"": 67.691024, ""max"": 95.933642}, ""cpu_util_min"": {""mean"": 67.691024, ""max"": 95.933642}, ""cpu_util_max"": {""mean"": 67.691024, ""max"": 95.933642}, ""cpu_util_0"": {""mean"": 67.691024, ""max"": 95.933642}, ""cpu_util_1"": {""mean"": 67.691024, ""max"": 95.933642}, ""cpu_util_2"": {""mean"": 67.691024, ""max"": 95.933642}, ""cpu_util_3"": {""mean"": 67.691024, ""max"": 95.933642}, ""cpu_util_4"": {""mean"": 67.691024, ""max"": 95.933642}, ""cpu_util_5"": {""mean"": 67.691024, ""max"": 95.933642}, ""cpu_util_6"": {""mean"": 67.691024, ""max"": 95.933642}, ""cpu_util_7"": {""mean"": 67.691024, ""max"": 95.933642}, ""cpu_util_8"": {""mean"": 67.691024, ""max"": 95.933642}, ""cpu_util_9"": {""mean"": 67.691024, ""max"": 95.933642}, ""cpu_util_10"": {""mean"": 67.691024, ""max"": 95.933642}, ""cpu_util_11"": {""mean"": 67.691024, ""max"": 95.933642}, ""memory"": {""mean"": 0.650112, ""max"": 0.650295}, ""io_read_count"": {""mean"": 11860.197767, ""max"": 12453.930921}, ""io_write_count"": {""mean"": 19.9331055, ""max"": 20.930976}, ""io_read"": {""mean"": 0.0, ""max"": 0.0}, ""io_write"": {""mean"": 0.0, ""max"": 0.0}, ""gpu_util_avg"": {""mean"": 0.0, ""max"": 0.0}, ""gpu_util_min"": {""mean"": 0.0, ""max"": 0.0}, ""gpu_util_max"": {""mean"": 0.0, ""max"": 0.0}, ""gpu_util_0"": {""mean"": 0.0, ""max"": 0.0}, ""gpu_band_avg"": {""mean"": 0.0, ""max"": 0.0}, ""gpu_band_min"": {""mean"": 0.0, ""max"": 0.0}, ""gpu_band_max"": {""mean"": 0.0, ""max"": 0.0}, ""gpu_band_0"": {""mean"": 0.0, ""max"": 0.0}, ""gpu_mem_avg"": {""mean"": 0.0, ""max"": 0.0}, ""gpu_mem_min"": {""mean"": 0.0, ""max"": 0.0}, ""gpu_mem_max"": {""mean"": 0.0, ""max"": 0.0}, ""gpu_mem_0"": {""mean"": 0.0, ""max"": 0.0}}","{""product"": {""kind"": ""array"", ""shape"": [2000, 2000], ""dtype"": ""float64"", ""mean"": 500.01872635521926, ""std"": 9.845639787888365, ""min"": 452.8252003037207, ""max"": 552.6527329950178}}","[JUmPER]: a benchmark measurement spent at least 8ms of its 95ms on 16636 page faults - the cost of touching memory inherited from the prefix rather than of the cell itself. Cells working over large Python objects are affected most, and the timing understates them. Re-run with --replay-mode full for a number that does not carry this.",
array_reduce,matmul,fork,fork,False,9,0,ok,0.142998,0.3399,0.3583,16515.0,"{""cpu_util_avg"": {""mean"": 74.71659933333333, ""max"": 96.843331}, ""cpu_util_min"": {""mean"": 74.71659933333333, ""max"": 96.843331}, ""cpu_util_max"": {""mean"": 74.71659933333333, ""max"": 96.843331}, ""cpu_util_0"": {""mean"": 74.71659933333333, ""max"": 96.843331}, ""cpu_util_1"": {""mean"": 74.71659933333333, ""max"": 96.843331}, ""cpu_util_2"": {""mean"": 74.71659933333333, ""max"": 96.843331}, ""cpu_util_3"": {""mean"": 74.71659933333333, ""max"": 96.843331}, ""cpu_util_4"": {""mean"": 74.71659933333333, ""max"": 96.843331}, ""cpu_util_5"": {""mean"": 74.71659933333333, ""max"": 96.843331}, ""cpu_util_6"": {""mean"": 74.71659933333333, ""max"": 96.843331}, ""cpu_util_7"": {""mean"": 74.71659933333333, ""max"": 96.843331}, ""cpu_util_8"": {""mean"": 74.71659933333333, ""max"": 96.843331}, ""cpu_util_9"": {""mean"": 74.71659933333333, ""max"": 96.843331}, ""cpu_util_10"": {""mean"": 74.71659933333333, ""max"": 96.843331}, ""cpu_util_11"": {""mean"": 74.71659933333333, ""max"": 96.843331}, ""memory"": {""mean"": 0.6502136666666666, ""max"": 0.650539}, ""io_read_count"": {""mean"": 11774.993984666668, ""max"": 12347.524673}, ""io_write_count"": {""mean"": 19.789905666666666, ""max"": 20.752142}, ""io_read"": {""mean"": 0.0, ""max"": 0.0}, ""io_write"": {""mean"": 0.0, ""max"": 0.0}, ""gpu_util_avg"": {""mean"": 0.0, ""max"": 0.0}, ""gpu_util_min"": {""mean"": 0.0, ""max"": 0.0}, ""gpu_util_max"": {""mean"": 0.0, ""max"": 0.0}, ""gpu_util_0"": {""mean"": 0.0, ""max"": 0.0}, ""gpu_band_avg"": {""mean"": 0.0, ""max"": 0.0}, ""gpu_band_min"": {""mean"": 0.0, ""max"": 0.0}, ""gpu_band_max"": {""mean"": 0.0, ""max"": 0.0}, ""gpu_band_0"": {""mean"": 0.0, ""max"": 0.0}, ""gpu_mem_avg"": {""mean"": 0.0, ""max"": 0.0}, ""gpu_mem_min"": {""mean"": 0.0, ""max"": 0.0}, ""gpu_mem_max"": {""mean"": 0.0, ""max"": 0.0}, ""gpu_mem_0"": {""mean"": 0.0, ""max"": 0.0}}","{""product"": {""kind"": ""array"", ""shape"": [2000, 2000], ""dtype"": ""float64"", ""mean"": 500.01872635521926, ""std"": 9.845639787888365, ""min"": 452.8252003037207, ""max"": 552.6527329950178}}","[JUmPER]: a benchmark measurement spent at least 8ms of its 143ms on 16515 page faults - the cost of touching memory inherited from the prefix rather than of the cell itself. Cells working over large Python objects are affected most, and the timing understates them. Re-run with --replay-mode full for a number that does not carry this.",
array_reduce,matmul,full,full,False,9,1,ok,0.107947,3.1946,3.2138,,"{""cpu_util_avg"": {""mean"": 97.82234650000001, ""max"": 99.484443}, ""cpu_util_min"": {""mean"": 97.82234650000001, ""max"": 99.484443}, ""cpu_util_max"": {""mean"": 97.82234650000001, ""max"": 99.484443}, ""cpu_util_0"": {""mean"": 97.82234650000001, ""max"": 99.484443}, ""cpu_util_1"": {""mean"": 97.82234650000001, ""max"": 99.484443}, ""cpu_util_2"": {""mean"": 97.82234650000001, ""max"": 99.484443}, ""cpu_util_3"": {""mean"": 97.82234650000001, ""max"": 99.484443}, ""cpu_util_4"": {""mean"": 97.82234650000001, ""max"": 99.484443}, ""cpu_util_5"": {""mean"": 97.82234650000001, ""max"": 99.484443}, ""cpu_util_6"": {""mean"": 97.82234650000001, ""max"": 99.484443}, ""cpu_util_7"": {""mean"": 97.82234650000001, ""max"": 99.484443}, ""cpu_util_8"": {""mean"": 97.82234650000001, ""max"": 99.484443}, ""cpu_util_9"": {""mean"": 97.82234650000001, ""max"": 99.484443}, ""cpu_util_10"": {""mean"": 97.82234650000001, ""max"": 99.484443}, ""cpu_util_11"": {""mean"": 97.82234650000001, ""max"": 99.484443}, ""memory"": {""mean"": 0.317059, ""max"": 0.317059}, ""io_read_count"": {""mean"": 11921.3860805, ""max"": 11938.133205}, ""io_write_count"": {""mean"": 19.243552, ""max"": 19.255054}, ""io_read"": {""mean"": 0.0, ""max"": 0.0}, ""io_write"": {""mean"": 0.0, ""max"": 0.0}, ""gpu_util_avg"": {""mean"": 0.0, ""max"": 0.0}, ""gpu_util_min"": {""mean"": 0.0, ""max"": 0.0}, ""gpu_util_max"": {""mean"": 0.0, ""max"": 0.0}, ""gpu_util_0"": {""mean"": 0.0, ""max"": 0.0}, ""gpu_band_avg"": {""mean"": 0.0, ""max"": 0.0}, ""gpu_band_min"": {""mean"": 0.0, ""max"": 0.0}, ""gpu_band_max"": {""mean"": 0.0, ""max"": 0.0}, ""gpu_band_0"": {""mean"": 0.0, ""max"": 0.0}, ""gpu_mem_avg"": {""mean"": 0.0, ""max"": 0.0}, ""gpu_mem_min"": {""mean"": 0.0, ""max"": 0.0}, ""gpu_mem_max"": {""mean"": 0.0, ""max"": 0.0}, ""gpu_mem_0"": {""mean"": 0.0, ""max"": 0.0}}","{""product"": {""kind"": ""array"", ""shape"": [2000, 2000], ""dtype"": ""float64"", ""mean"": 500.01872635521926, ""std"": 9.845639787888365, ""min"": 452.8252003037207, ""max"": 552.6527329950178}}",,
array_reduce,matmul,full,full,False,10,0,ok,0.117131,3.2134,3.2323,,"{""cpu_util_avg"": {""mean"": 94.8757915, ""max"": 98.426961}, ""cpu_util_min"": {""mean"": 94.8757915, ""max"": 98.426961}, ""cpu_util_max"": {""mean"": 94.8757915, ""max"": 98.426961}, ""cpu_util_0"": {""mean"": 94.8757915, ""max"": 98.426961}, ""cpu_util_1"": {""mean"": 94.8757915, ""max"": 98.426961}, ""cpu_util_2"": {""mean"": 94.8757915, ""max"": 98.426961}, ""cpu_util_3"": {""mean"": 94.8757915, ""max"": 98.426961}, ""cpu_util_4"": {""mean"": 94.8757915, ""max"": 98.426961}, ""cpu_util_5"": {""mean"": 94.8757915, ""max"": 98.426961}, ""cpu_util_6"": {""mean"": 94.8757915, ""max"": 98.426961}, ""cpu_util_7"": {""mean"": 94.8757915, ""max"": 98.426961}, ""cpu_util_8"": {""mean"": 94.8757915, ""max"": 98.426961}, ""cpu_util_9"": {""mean"": 94.8757915, ""max"": 98.426961}, ""cpu_util_10"": {""mean"": 94.8757915, ""max"": 98.426961}, ""cpu_util_11"": {""mean"": 94.8757915, ""max"": 98.426961}, ""memory"": {""mean"": 0.31683, ""max"": 0.31683}, ""io_read_count"": {""mean"": 11914.3622725, ""max"": 11966.136763}, ""io_write_count"": {""mean"": 19.294458499999998, ""max"": 19.362681}, ""io_read"": {""mean"": 0.0, ""max"": 0.0}, ""io_write"": {""mean"": 0.0, ""max"": 0.0}, ""gpu_util_avg"": {""mean"": 0.0, ""max"": 0.0}, ""gpu_util_min"": {""mean"": 0.0, ""max"": 0.0}, ""gpu_util_max"": {""mean"": 0.0, ""max"": 0.0}, ""gpu_util_0"": {""mean"": 0.0, ""max"": 0.0}, ""gpu_band_avg"": {""mean"": 0.0, ""max"": 0.0}, ""gpu_band_min"": {""mean"": 0.0, ""max"": 0.0}, ""gpu_band_max"": {""mean"": 0.0, ""max"": 0.0}, ""gpu_band_0"": {""mean"": 0.0, ""max"": 0.0}, ""gpu_mem_avg"": {""mean"": 0.0, ""max"": 0.0}, ""gpu_mem_min"": {""mean"": 0.0, ""max"": 0.0}, ""gpu_mem_max"": {""mean"": 0.0, ""max"": 0.0}, ""gpu_mem_0"": {""mean"": 0.0, ""max"": 0.0}}","{""product"": {""kind"": ""array"", ""shape"": [2000, 2000], ""dtype"": ""float64"", ""mean"": 500.01872635521926, ""std"": 9.845639787888365, ""min"": 452.8252003037207, ""max"": 552.6527329950178}}",,
array_reduce,matmul,fork,fork,False,10,1,ok,0.098012,0.296,0.3144,16291.0,"{""cpu_util_avg"": {""mean"": 65.662245, ""max"": 97.221764}, ""cpu_util_min"": {""mean"": 65.662245, ""max"": 97.221764}, ""cpu_util_max"": {""mean"": 65.662245, ""max"": 97.221764}, ""cpu_util_0"": {""mean"": 65.662245, ""max"": 97.221764}, ""cpu_util_1"": {""mean"": 65.662245, ""max"": 97.221764}, ""cpu_util_2"": {""mean"": 65.662245, ""max"": 97.221764}, ""cpu_util_3"": {""mean"": 65.662245, ""max"": 97.221764}, ""cpu_util_4"": {""mean"": 65.662245, ""max"": 97.221764}, ""cpu_util_5"": {""mean"": 65.662245, ""max"": 97.221764}, ""cpu_util_6"": {""mean"": 65.662245, ""max"": 97.221764}, ""cpu_util_7"": {""mean"": 65.662245, ""max"": 97.221764}, ""cpu_util_8"": {""mean"": 65.662245, ""max"": 97.221764}, ""cpu_util_9"": {""mean"": 65.662245, ""max"": 97.221764}, ""cpu_util_10"": {""mean"": 65.662245, ""max"": 97.221764}, ""cpu_util_11"": {""mean"": 65.662245, ""max"": 97.221764}, ""memory"": {""mean"": 0.650112, ""max"": 0.650295}, ""io_read_count"": {""mean"": 11731.829869000001, ""max"": 12395.77497}, ""io_write_count"": {""mean"": 19.717360999999997, ""max"": 20.833235}, ""io_read"": {""mean"": 0.0, ""max"": 0.0}, ""io_write"": {""mean"": 0.0, ""max"": 0.0}, ""gpu_util_avg"": {""mean"": 0.0, ""max"": 0.0}, ""gpu_util_min"": {""mean"": 0.0, ""max"": 0.0}, ""gpu_util_max"": {""mean"": 0.0, ""max"": 0.0}, ""gpu_util_0"": {""mean"": 0.0, ""max"": 0.0}, ""gpu_band_avg"": {""mean"": 0.0, ""max"": 0.0}, ""gpu_band_min"": {""mean"": 0.0, ""max"": 0.0}, ""gpu_band_max"": {""mean"": 0.0, ""max"": 0.0}, ""gpu_band_0"": {""mean"": 0.0, ""max"": 0.0}, ""gpu_mem_avg"": {""mean"": 0.0, ""max"": 0.0}, ""gpu_mem_min"": {""mean"": 0.0, ""max"": 0.0}, ""gpu_mem_max"": {""mean"": 0.0, ""max"": 0.0}, ""gpu_mem_0"": {""mean"": 0.0, ""max"": 0.0}}","{""product"": {""kind"": ""array"", ""shape"": [2000, 2000], ""dtype"": ""float64"", ""mean"": 500.01872635521926, ""std"": 9.845639787888365, ""min"": 452.8252003037207, ""max"": 552.6527329950178}}","[JUmPER]: a benchmark measurement spent at least 8ms of its 98ms on 16291 page faults - the cost of touching memory inherited from the prefix rather than of the cell itself. Cells working over large Python objects are affected most, and the timing understates them. Re-run with --replay-mode full for a number that does not carry this.",
python_objects,sum,full,full,False,0,0,ok,0.023884,3.3791,3.3943,,{},"{""total"": {""kind"": ""scalar"", ""value"": 23999994000000.0}}",,
python_objects,sum,fork,fork,False,0,1,ok,0.109683,0.3204,0.3448,31379.0,"{""cpu_util_avg"": {""mean"": 9.166899, ""max"": 10.001141}, ""cpu_util_min"": {""mean"": 9.166899, ""max"": 10.001141}, ""cpu_util_max"": {""mean"": 9.166899, ""max"": 10.001141}, ""cpu_util_0"": {""mean"": 9.166899, ""max"": 10.001141}, ""cpu_util_1"": {""mean"": 9.166899, ""max"": 10.001141}, ""cpu_util_2"": {""mean"": 9.166899, ""max"": 10.001141}, ""cpu_util_3"": {""mean"": 9.166899, ""max"": 10.001141}, ""cpu_util_4"": {""mean"": 9.166899, ""max"": 10.001141}, ""cpu_util_5"": {""mean"": 9.166899, ""max"": 10.001141}, ""cpu_util_6"": {""mean"": 9.166899, ""max"": 10.001141}, ""cpu_util_7"": {""mean"": 9.166899, ""max"": 10.001141}, ""cpu_util_8"": {""mean"": 9.166899, ""max"": 10.001141}, ""cpu_util_9"": {""mean"": 9.166899, ""max"": 10.001141}, ""cpu_util_10"": {""mean"": 9.166899, ""max"": 10.001141}, ""cpu_util_11"": {""mean"": 9.166899, ""max"": 10.001141}, ""memory"": {""mean"": 0.785137, ""max"": 0.785137}, ""io_read_count"": {""mean"": 11900.1962285, ""max"": 11901.357707}, ""io_write_count"": {""mean"": 20.000329999999998, ""max"": 20.002282}, ""io_read"": {""mean"": 0.0, ""max"": 0.0}, ""io_write"": {""mean"": 0.0, ""max"": 0.0}, ""gpu_util_avg"": {""mean"": 0.0, ""max"": 0.0}, ""gpu_util_min"": {""mean"": 0.0, ""max"": 0.0}, ""gpu_util_max"": {""mean"": 0.0, ""max"": 0.0}, ""gpu_util_0"": {""mean"": 0.0, ""max"": 0.0}, ""gpu_band_avg"": {""mean"": 0.0, ""max"": 0.0}, ""gpu_band_min"": {""mean"": 0.0, ""max"": 0.0}, ""gpu_band_max"": {""mean"": 0.0, ""max"": 0.0}, ""gpu_band_0"": {""mean"": 0.0, ""max"": 0.0}, ""gpu_mem_avg"": {""mean"": 0.0, ""max"": 0.0}, ""gpu_mem_min"": {""mean"": 0.0, ""max"": 0.0}, ""gpu_mem_max"": {""mean"": 0.0, ""max"": 0.0}, ""gpu_mem_0"": {""mean"": 0.0, ""max"": 0.0}}","{""total"": {""kind"": ""scalar"", ""value"": 23999994000000.0}}","[JUmPER]: a benchmark measurement spent at least 15ms of its 110ms on 31379 page faults - the cost of touching memory inherited from the prefix rather than of the cell itself. Cells working over large Python objects are affected most, and the timing understates them. Re-run with --replay-mode full for a number that does not carry this.",
python_objects,sum,fork,fork,False,1,0,ok,0.124031,0.2864,0.3036,31379.0,"{""cpu_util_avg"": {""mean"": 10.000574666666667, ""max"": 11.681361}, ""cpu_util_min"": {""mean"": 10.000574666666667, ""max"": 11.681361}, ""cpu_util_max"": {""mean"": 10.000574666666667, ""max"": 11.681361}, ""cpu_util_0"": {""mean"": 10.000574666666667, ""max"": 11.681361}, ""cpu_util_1"": {""mean"": 10.000574666666667, ""max"": 11.681361}, ""cpu_util_2"": {""mean"": 10.000574666666667, ""max"": 11.681361}, ""cpu_util_3"": {""mean"": 10.000574666666667, ""max"": 11.681361}, ""cpu_util_4"": {""mean"": 10.000574666666667, ""max"": 11.681361}, ""cpu_util_5"": {""mean"": 10.000574666666667, ""max"": 11.681361}, ""cpu_util_6"": {""mean"": 10.000574666666667, ""max"": 11.681361}, ""cpu_util_7"": {""mean"": 10.000574666666667, ""max"": 11.681361}, ""cpu_util_8"": {""mean"": 10.000574666666667, ""max"": 11.681361}, ""cpu_util_9"": {""mean"": 10.000574666666667, ""max"": 11.681361}, ""cpu_util_10"": {""mean"": 10.000574666666667, ""max"": 11.681361}, ""cpu_util_11"": {""mean"": 10.000574666666667, ""max"": 11.681361}, ""memory"": {""mean"": 0.7858696666666667, ""max"": 0.785992}, ""io_read_count"": {""mean"": 11899.356046666666, ""max"": 11914.98834}, ""io_write_count"": {""mean"": 19.998917333333335, ""max"": 20.02519}, ""io_read"": {""mean"": 0.0, ""max"": 0.0}, ""io_write"": {""mean"": 0.0, ""max"": 0.0}, ""gpu_util_avg"": {""mean"": 0.0, ""max"": 0.0}, ""gpu_util_min"": {""mean"": 0.0, ""max"": 0.0}, ""gpu_util_max"": {""mean"": 0.0, ""max"": 0.0}, ""gpu_util_0"": {""mean"": 0.0, ""max"": 0.0}, ""gpu_band_avg"": {""mean"": 0.0, ""max"": 0.0}, ""gpu_band_min"": {""mean"": 0.0, ""max"": 0.0}, ""gpu_band_max"": {""mean"": 0.0, ""max"": 0.0}, ""gpu_band_0"": {""mean"": 0.0, ""max"": 0.0}, ""gpu_mem_avg"": {""mean"": 0.0, ""max"": 0.0}, ""gpu_mem_min"": {""mean"": 0.0, ""max"": 0.0}, ""gpu_mem_max"": {""mean"": 0.0, ""max"": 0.0}, ""gpu_mem_0"": {""mean"": 0.0, ""max"": 0.0}}","{""total"": {""kind"": ""scalar"", ""value"": 23999994000000.0}}","[JUmPER]: a benchmark measurement spent at least 15ms of its 124ms on 31379 page faults - the cost of touching memory inherited from the prefix rather than of the cell itself. Cells working over large Python objects are affected most, and the timing understates them. Re-run with --replay-mode full for a number that does not carry this.",
python_objects,sum,full,full,False,1,1,ok,0.022795,3.5425,3.5568,,{},"{""total"": {""kind"": ""scalar"", ""value"": 23999994000000.0}}",,
python_objects,sum,full,full,False,2,0,ok,0.023664,3.4666,3.4811,,{},"{""total"": {""kind"": ""scalar"", ""value"": 23999994000000.0}}",,
python_objects,sum,fork,fork,False,2,1,ok,0.133637,0.3051,0.3785,31379.0,"{""cpu_util_avg"": {""mean"": 10.001534, ""max"": 11.66798}, ""cpu_util_min"": {""mean"": 10.001534, ""max"": 11.66798}, ""cpu_util_max"": {""mean"": 10.001534, ""max"": 11.66798}, ""cpu_util_0"": {""mean"": 10.001534, ""max"": 11.66798}, ""cpu_util_1"": {""mean"": 10.001534, ""max"": 11.66798}, ""cpu_util_2"": {""mean"": 10.001534, ""max"": 11.66798}, ""cpu_util_3"": {""mean"": 10.001534, ""max"": 11.66798}, ""cpu_util_4"": {""mean"": 10.001534, ""max"": 11.66798}, ""cpu_util_5"": {""mean"": 10.001534, ""max"": 11.66798}, ""cpu_util_6"": {""mean"": 10.001534, ""max"": 11.66798}, ""cpu_util_7"": {""mean"": 10.001534, ""max"": 11.66798}, ""cpu_util_8"": {""mean"": 10.001534, ""max"": 11.66798}, ""cpu_util_9"": {""mean"": 10.001534, ""max"": 11.66798}, ""cpu_util_10"": {""mean"": 10.001534, ""max"": 11.66798}, ""cpu_util_11"": {""mean"": 10.001534, ""max"": 11.66798}, ""memory"": {""mean"": 0.7858696666666667, ""max"": 0.785992}, ""io_read_count"": {""mean"": 11902.094933999999, ""max"": 11906.195033}, ""io_write_count"": {""mean"": 20.003521000000003, ""max"": 20.010412}, ""io_read"": {""mean"": 0.0, ""max"": 0.0}, ""io_write"": {""mean"": 0.0, ""max"": 0.0}, ""gpu_util_avg"": {""mean"": 0.0, ""max"": 0.0}, ""gpu_util_min"": {""mean"": 0.0, ""max"": 0.0}, ""gpu_util_max"": {""mean"": 0.0, ""max"": 0.0}, ""gpu_util_0"": {""mean"": 0.0, ""max"": 0.0}, ""gpu_band_avg"": {""mean"": 0.0, ""max"": 0.0}, ""gpu_band_min"": {""mean"": 0.0, ""max"": 0.0}, ""gpu_band_max"": {""mean"": 0.0, ""max"": 0.0}, ""gpu_band_0"": {""mean"": 0.0, ""max"": 0.0}, ""gpu_mem_avg"": {""mean"": 0.0, ""max"": 0.0}, ""gpu_mem_min"": {""mean"": 0.0, ""max"": 0.0}, ""gpu_mem_max"": {""mean"": 0.0, ""max"": 0.0}, ""gpu_mem_0"": {""mean"": 0.0, ""max"": 0.0}}","{""total"": {""kind"": ""scalar"", ""value"": 23999994000000.0}}","[JUmPER]: a benchmark measurement spent at least 15ms of its 134ms on 31379 page faults - the cost of touching memory inherited from the prefix rather than of the cell itself. Cells working over large Python objects are affected most, and the timing understates them. Re-run with --replay-mode full for a number that does not carry this.",
python_objects,sum,fork,fork,False,3,0,ok,0.112658,0.2833,0.3034,31379.0,"{""cpu_util_avg"": {""mean"": 9.442811666666666, ""max"": 9.99623}, ""cpu_util_min"": {""mean"": 9.442811666666666, ""max"": 9.99623}, ""cpu_util_max"": {""mean"": 9.442811666666666, ""max"": 9.99623}, ""cpu_util_0"": {""mean"": 9.442811666666666, ""max"": 9.99623}, ""cpu_util_1"": {""mean"": 9.442811666666666, ""max"": 9.99623}, ""cpu_util_2"": {""mean"": 9.442811666666666, ""max"": 9.99623}, ""cpu_util_3"": {""mean"": 9.442811666666666, ""max"": 9.99623}, ""cpu_util_4"": {""mean"": 9.442811666666666, ""max"": 9.99623}, ""cpu_util_5"": {""mean"": 9.442811666666666, ""max"": 9.99623}, ""cpu_util_6"": {""mean"": 9.442811666666666, ""max"": 9.99623}, ""cpu_util_7"": {""mean"": 9.442811666666666, ""max"": 9.99623}, ""cpu_util_8"": {""mean"": 9.442811666666666, ""max"": 9.99623}, ""cpu_util_9"": {""mean"": 9.442811666666666, ""max"": 9.99623}, ""cpu_util_10"": {""mean"": 9.442811666666666, ""max"": 9.99623}, ""cpu_util_11"": {""mean"": 9.442811666666666, ""max"": 9.99623}, ""memory"": {""mean"": 0.7859919999999999, ""max"": 0.786114}, ""io_read_count"": {""mean"": 11898.316987666667, ""max"": 11904.681636}, ""io_write_count"": {""mean"": 19.99717133333333, ""max"": 20.007868}, ""io_read"": {""mean"": 0.0, ""max"": 0.0}, ""io_write"": {""mean"": 0.0, ""max"": 0.0}, ""gpu_util_avg"": {""mean"": 0.0, ""max"": 0.0}, ""gpu_util_min"": {""mean"": 0.0, ""max"": 0.0}, ""gpu_util_max"": {""mean"": 0.0, ""max"": 0.0}, ""gpu_util_0"": {""mean"": 0.0, ""max"": 0.0}, ""gpu_band_avg"": {""mean"": 0.0, ""max"": 0.0}, ""gpu_band_min"": {""mean"": 0.0, ""max"": 0.0}, ""gpu_band_max"": {""mean"": 0.0, ""max"": 0.0}, ""gpu_band_0"": {""mean"": 0.0, ""max"": 0.0}, ""gpu_mem_avg"": {""mean"": 0.0, ""max"": 0.0}, ""gpu_mem_min"": {""mean"": 0.0, ""max"": 0.0}, ""gpu_mem_max"": {""mean"": 0.0, ""max"": 0.0}, ""gpu_mem_0"": {""mean"": 0.0, ""max"": 0.0}}","{""total"": {""kind"": ""scalar"", ""value"": 23999994000000.0}}","[JUmPER]: a benchmark measurement spent at least 15ms of its 113ms on 31379 page faults - the cost of touching memory inherited from the prefix rather than of the cell itself. Cells working over large Python objects are affected most, and the timing understates them. Re-run with --replay-mode full for a number that does not carry this.",
python_objects,sum,full,full,False,3,1,ok,0.02598,3.6734,3.6907,,{},"{""total"": {""kind"": ""scalar"", ""value"": 23999994000000.0}}",,
python_objects,sum,full,full,False,4,0,ok,0.02315,3.4507,3.4702,,{},"{""total"": {""kind"": ""scalar"", ""value"": 23999994000000.0}}",,
python_objects,sum,fork,fork,False,4,1,ok,0.137741,0.3053,0.3293,31380.0,"{""cpu_util_avg"": {""mean"": 9.443719, ""max"": 10.003002}, ""cpu_util_min"": {""mean"": 9.443719, ""max"": 10.003002}, ""cpu_util_max"": {""mean"": 9.443719, ""max"": 10.003002}, ""cpu_util_0"": {""mean"": 9.443719, ""max"": 10.003002}, ""cpu_util_1"": {""mean"": 9.443719, ""max"": 10.003002}, ""cpu_util_2"": {""mean"": 9.443719, ""max"": 10.003002}, ""cpu_util_3"": {""mean"": 9.443719, ""max"": 10.003002}, ""cpu_util_4"": {""mean"": 9.443719, ""max"": 10.003002}, ""cpu_util_5"": {""mean"": 9.443719, ""max"": 10.003002}, ""cpu_util_6"": {""mean"": 9.443719, ""max"": 10.003002}, ""cpu_util_7"": {""mean"": 9.443719, ""max"": 10.003002}, ""cpu_util_8"": {""mean"": 9.443719, ""max"": 10.003002}, ""cpu_util_9"": {""mean"": 9.443719, ""max"": 10.003002}, ""cpu_util_10"": {""mean"": 9.443719, ""max"": 10.003002}, ""cpu_util_11"": {""mean"": 9.443719, ""max"": 10.003002}, ""memory"": {""mean"": 0.786114, ""max"": 0.786236}, ""io_read_count"": {""mean"": 11898.858057666666, ""max"": 11903.572262}, ""io_write_count"": {""mean"": 19.998080666666667, ""max"": 20.006004}, ""io_read"": {""mean"": 0.0, ""max"": 0.0}, ""io_write"": {""mean"": 0.0, ""max"": 0.0}, ""gpu_util_avg"": {""mean"": 0.0, ""max"": 0.0}, ""gpu_util_min"": {""mean"": 0.0, ""max"": 0.0}, ""gpu_util_max"": {""mean"": 0.0, ""max"": 0.0}, ""gpu_util_0"": {""mean"": 0.0, ""max"": 0.0}, ""gpu_band_avg"": {""mean"": 0.0, ""max"": 0.0}, ""gpu_band_min"": {""mean"": 0.0, ""max"": 0.0}, ""gpu_band_max"": {""mean"": 0.0, ""max"": 0.0}, ""gpu_band_0"": {""mean"": 0.0, ""max"": 0.0}, ""gpu_mem_avg"": {""mean"": 0.0, ""max"": 0.0}, ""gpu_mem_min"": {""mean"": 0.0, ""max"": 0.0}, ""gpu_mem_max"": {""mean"": 0.0, ""max"": 0.0}, ""gpu_mem_0"": {""mean"": 0.0, ""max"": 0.0}}","{""total"": {""kind"": ""scalar"", ""value"": 23999994000000.0}}","[JUmPER]: a benchmark measurement spent at least 15ms of its 138ms on 31380 page faults - the cost of touching memory inherited from the prefix rather than of the cell itself. Cells working over large Python objects are affected most, and the timing understates them. Re-run with --replay-mode full for a number that does not carry this.",
python_objects,sum,fork,fork,False,5,0,ok,0.128488,0.3061,0.3267,31379.0,"{""cpu_util_avg"": {""mean"": 9.166605, ""max"": 9.997458}, ""cpu_util_min"": {""mean"": 9.166605, ""max"": 9.997458}, ""cpu_util_max"": {""mean"": 9.166605, ""max"": 9.997458}, ""cpu_util_0"": {""mean"": 9.166605, ""max"": 9.997458}, ""cpu_util_1"": {""mean"": 9.166605, ""max"": 9.997458}, ""cpu_util_2"": {""mean"": 9.166605, ""max"": 9.997458}, ""cpu_util_3"": {""mean"": 9.166605, ""max"": 9.997458}, ""cpu_util_4"": {""mean"": 9.166605, ""max"": 9.997458}, ""cpu_util_5"": {""mean"": 9.166605, ""max"": 9.997458}, ""cpu_util_6"": {""mean"": 9.166605, ""max"": 9.997458}, ""cpu_util_7"": {""mean"": 9.166605, ""max"": 9.997458}, ""cpu_util_8"": {""mean"": 9.166605, ""max"": 9.997458}, ""cpu_util_9"": {""mean"": 9.166605, ""max"": 9.997458}, ""cpu_util_10"": {""mean"": 9.166605, ""max"": 9.997458}, ""cpu_util_11"": {""mean"": 9.166605, ""max"": 9.997458}, ""memory"": {""mean"": 0.786236, ""max"": 0.786236}, ""io_read_count"": {""mean"": 11900.214371499998, ""max"": 11903.454144}, ""io_write_count"": {""mean"": 20.00036, ""max"": 20.005805}, ""io_read"": {""mean"": 0.0, ""max"": 0.0}, ""io_write"": {""mean"": 0.0, ""max"": 0.0}, ""gpu_util_avg"": {""mean"": 0.0, ""max"": 0.0}, ""gpu_util_min"": {""mean"": 0.0, ""max"": 0.0}, ""gpu_util_max"": {""mean"": 0.0, ""max"": 0.0}, ""gpu_util_0"": {""mean"": 0.0, ""max"": 0.0}, ""gpu_band_avg"": {""mean"": 0.0, ""max"": 0.0}, ""gpu_band_min"": {""mean"": 0.0, ""max"": 0.0}, ""gpu_band_max"": {""mean"": 0.0, ""max"": 0.0}, ""gpu_band_0"": {""mean"": 0.0, ""max"": 0.0}, ""gpu_mem_avg"": {""mean"": 0.0, ""max"": 0.0}, ""gpu_mem_min"": {""mean"": 0.0, ""max"": 0.0}, ""gpu_mem_max"": {""mean"": 0.0, ""max"": 0.0}, ""gpu_mem_0"": {""mean"": 0.0, ""max"": 0.0}}","{""total"": {""kind"": ""scalar"", ""value"": 23999994000000.0}}","[JUmPER]: a benchmark measurement spent at least 15ms of its 128ms on 31379 page faults - the cost of touching memory inherited from the prefix rather than of the cell itself. Cells working over large Python objects are affected most, and the timing understates them. Re-run with --replay-mode full for a number that does not carry this.",
python_objects,sum,full,full,False,5,1,ok,0.024303,3.435,3.4529,,{},"{""total"": {""kind"": ""scalar"", ""value"": 23999994000000.0}}",,
python_objects,sum,full,full,False,6,0,ok,0.023828,3.9337,3.9534,,"{""cpu_util_avg"": {""mean"": 8.334924, ""max"": 8.334924}, ""cpu_util_min"": {""mean"": 8.334924, ""max"": 8.334924}, ""cpu_util_max"": {""mean"": 8.334924, ""max"": 8.334924}, ""cpu_util_0"": {""mean"": 8.334924, ""max"": 8.334924}, ""cpu_util_1"": {""mean"": 8.334924, ""max"": 8.334924}, ""cpu_util_2"": {""mean"": 8.334924, ""max"": 8.334924}, ""cpu_util_3"": {""mean"": 8.334924, ""max"": 8.334924}, ""cpu_util_4"": {""mean"": 8.334924, ""max"": 8.334924}, ""cpu_util_5"": {""mean"": 8.334924, ""max"": 8.334924}, ""cpu_util_6"": {""mean"": 8.334924, ""max"": 8.334924}, ""cpu_util_7"": {""mean"": 8.334924, ""max"": 8.334924}, ""cpu_util_8"": {""mean"": 8.334924, ""max"": 8.334924}, ""cpu_util_9"": {""mean"": 8.334924, ""max"": 8.334924}, ""cpu_util_10"": {""mean"": 8.334924, ""max"": 8.334924}, ""cpu_util_11"": {""mean"": 8.334924, ""max"": 8.334924}, ""memory"": {""mean"": 0.362854, ""max"": 0.362854}, ""io_read_count"": {""mean"": 11842.259739, ""max"": 11842.259739}, ""io_write_count"": {""mean"": 20.003817, ""max"": 20.003817}, ""io_read"": {""mean"": 0.0, ""max"": 0.0}, ""io_write"": {""mean"": 0.0, ""max"": 0.0}, ""gpu_util_avg"": {""mean"": 0.0, ""max"": 0.0}, ""gpu_util_min"": {""mean"": 0.0, ""max"": 0.0}, ""gpu_util_max"": {""mean"": 0.0, ""max"": 0.0}, ""gpu_util_0"": {""mean"": 0.0, ""max"": 0.0}, ""gpu_band_avg"": {""mean"": 0.0, ""max"": 0.0}, ""gpu_band_min"": {""mean"": 0.0, ""max"": 0.0}, ""gpu_band_max"": {""mean"": 0.0, ""max"": 0.0}, ""gpu_band_0"": {""mean"": 0.0, ""max"": 0.0}, ""gpu_mem_avg"": {""mean"": 0.0, ""max"": 0.0}, ""gpu_mem_min"": {""mean"": 0.0, ""max"": 0.0}, ""gpu_mem_max"": {""mean"": 0.0, ""max"": 0.0}, ""gpu_mem_0"": {""mean"": 0.0, ""max"": 0.0}}","{""total"": {""kind"": ""scalar"", ""value"": 23999994000000.0}}",,
python_objects,sum,fork,fork,False,6,1,ok,0.119994,0.2948,0.3172,31379.0,"{""cpu_util_avg"": {""mean"": 8.887834, ""max"": 9.999119}, ""cpu_util_min"": {""mean"": 8.887834, ""max"": 9.999119}, ""cpu_util_max"": {""mean"": 8.887834, ""max"": 9.999119}, ""cpu_util_0"": {""mean"": 8.887834, ""max"": 9.999119}, ""cpu_util_1"": {""mean"": 8.887834, ""max"": 9.999119}, ""cpu_util_2"": {""mean"": 8.887834, ""max"": 9.999119}, ""cpu_util_3"": {""mean"": 8.887834, ""max"": 9.999119}, ""cpu_util_4"": {""mean"": 8.887834, ""max"": 9.999119}, ""cpu_util_5"": {""mean"": 8.887834, ""max"": 9.999119}, ""cpu_util_6"": {""mean"": 8.887834, ""max"": 9.999119}, ""cpu_util_7"": {""mean"": 8.887834, ""max"": 9.999119}, ""cpu_util_8"": {""mean"": 8.887834, ""max"": 9.999119}, ""cpu_util_9"": {""mean"": 8.887834, ""max"": 9.999119}, ""cpu_util_10"": {""mean"": 8.887834, ""max"": 9.999119}, ""cpu_util_11"": {""mean"": 8.887834, ""max"": 9.999119}, ""memory"": {""mean"": 0.786114, ""max"": 0.786236}, ""io_read_count"": {""mean"": 12438.498082666667, ""max"": 12453.568412}, ""io_write_count"": {""mean"": 19.997585333333333, ""max"": 20.021814}, ""io_read"": {""mean"": 0.0, ""max"": 0.0}, ""io_write"": {""mean"": 0.0, ""max"": 0.0}, ""gpu_util_avg"": {""mean"": 0.0, ""max"": 0.0}, ""gpu_util_min"": {""mean"": 0.0, ""max"": 0.0}, ""gpu_util_max"": {""mean"": 0.0, ""max"": 0.0}, ""gpu_util_0"": {""mean"": 0.0, ""max"": 0.0}, ""gpu_band_avg"": {""mean"": 0.0, ""max"": 0.0}, ""gpu_band_min"": {""mean"": 0.0, ""max"": 0.0}, ""gpu_band_max"": {""mean"": 0.0, ""max"": 0.0}, ""gpu_band_0"": {""mean"": 0.0, ""max"": 0.0}, ""gpu_mem_avg"": {""mean"": 0.0, ""max"": 0.0}, ""gpu_mem_min"": {""mean"": 0.0, ""max"": 0.0}, ""gpu_mem_max"": {""mean"": 0.0, ""max"": 0.0}, ""gpu_mem_0"": {""mean"": 0.0, ""max"": 0.0}}","{""total"": {""kind"": ""scalar"", ""value"": 23999994000000.0}}","[JUmPER]: a benchmark measurement spent at least 15ms of its 120ms on 31379 page faults - the cost of touching memory inherited from the prefix rather than of the cell itself. Cells working over large Python objects are affected most, and the timing understates them. Re-run with --replay-mode full for a number that does not carry this.",
python_objects,sum,fork,fork,False,7,0,ok,0.117908,0.2937,0.3346,31379.0,"{""cpu_util_avg"": {""mean"": 9.444125666666666, ""max"": 10.012348}, ""cpu_util_min"": {""mean"": 9.444125666666666, ""max"": 10.012348}, ""cpu_util_max"": {""mean"": 9.444125666666666, ""max"": 10.012348}, ""cpu_util_0"": {""mean"": 9.444125666666666, ""max"": 10.012348}, ""cpu_util_1"": {""mean"": 9.444125666666666, ""max"": 10.012348}, ""cpu_util_2"": {""mean"": 9.444125666666666, ""max"": 10.012348}, ""cpu_util_3"": {""mean"": 9.444125666666666, ""max"": 10.012348}, ""cpu_util_4"": {""mean"": 9.444125666666666, ""max"": 10.012348}, ""cpu_util_5"": {""mean"": 9.444125666666666, ""max"": 10.012348}, ""cpu_util_6"": {""mean"": 9.444125666666666, ""max"": 10.012348}, ""cpu_util_7"": {""mean"": 9.444125666666666, ""max"": 10.012348}, ""cpu_util_8"": {""mean"": 9.444125666666666, ""max"": 10.012348}, ""cpu_util_9"": {""mean"": 9.444125666666666, ""max"": 10.012348}, ""cpu_util_10"": {""mean"": 9.444125666666666, ""max"": 10.012348}, ""cpu_util_11"": {""mean"": 9.444125666666666, ""max"": 10.012348}, ""memory"": {""mean"": 0.786236, ""max"": 0.786358}, ""io_read_count"": {""mean"": 12119.638981000002, ""max"": 12439.534015}, ""io_write_count"": {""mean"": 19.99932166666667, ""max"": 20.024697}, ""io_read"": {""mean"": 0.0, ""max"": 0.0}, ""io_write"": {""mean"": 0.0, ""max"": 0.0}, ""gpu_util_avg"": {""mean"": 0.0, ""max"": 0.0}, ""gpu_util_min"": {""mean"": 0.0, ""max"": 0.0}, ""gpu_util_max"": {""mean"": 0.0, ""max"": 0.0}, ""gpu_util_0"": {""mean"": 0.0, ""max"": 0.0}, ""gpu_band_avg"": {""mean"": 0.0, ""max"": 0.0}, ""gpu_band_min"": {""mean"": 0.0, ""max"": 0.0}, ""gpu_band_max"": {""mean"": 0.0, ""max"": 0.0}, ""gpu_band_0"": {""mean"": 0.0, ""max"": 0.0}, ""gpu_mem_avg"": {""mean"": 0.0, ""max"": 0.0}, ""gpu_mem_min"": {""mean"": 0.0, ""max"": 0.0}, ""gpu_mem_max"": {""mean"": 0.0, ""max"": 0.0}, ""gpu_mem_0"": {""mean"": 0.0, ""max"": 0.0}}","{""total"": {""kind"": ""scalar"", ""value"": 23999994000000.0}}","[JUmPER]: a benchmark measurement spent at least 15ms of its 118ms on 31379 page faults - the cost of touching memory inherited from the prefix rather than of the cell itself. Cells working over large Python objects are affected most, and the timing understates them. Re-run with --replay-mode full for a number that does not carry this.",
python_objects,sum,full,full,False,7,1,ok,0.022933,3.3324,3.352,,{},"{""total"": {""kind"": ""scalar"", ""value"": 23999994000000.0}}",,
python_objects,sum,full,full,False,8,0,ok,0.022976,3.2384,3.2561,,"{""cpu_util_avg"": {""mean"": 8.335288, ""max"": 8.335288}, ""cpu_util_min"": {""mean"": 8.335288, ""max"": 8.335288}, ""cpu_util_max"": {""mean"": 8.335288, ""max"": 8.335288}, ""cpu_util_0"": {""mean"": 8.335288, ""max"": 8.335288}, ""cpu_util_1"": {""mean"": 8.335288, ""max"": 8.335288}, ""cpu_util_2"": {""mean"": 8.335288, ""max"": 8.335288}, ""cpu_util_3"": {""mean"": 8.335288, ""max"": 8.335288}, ""cpu_util_4"": {""mean"": 8.335288, ""max"": 8.335288}, ""cpu_util_5"": {""mean"": 8.335288, ""max"": 8.335288}, ""cpu_util_6"": {""mean"": 8.335288, ""max"": 8.335288}, ""cpu_util_7"": {""mean"": 8.335288, ""max"": 8.335288}, ""cpu_util_8"": {""mean"": 8.335288, ""max"": 8.335288}, ""cpu_util_9"": {""mean"": 8.335288, ""max"": 8.335288}, ""cpu_util_10"": {""mean"": 8.335288, ""max"": 8.335288}, ""cpu_util_11"": {""mean"": 8.335288, ""max"": 8.335288}, ""memory"": {""mean"": 0.362881, ""max"": 0.362881}, ""io_read_count"": {""mean"": 11842.777131, ""max"": 11842.777131}, ""io_write_count"": {""mean"": 20.004691, ""max"": 20.004691}, ""io_read"": {""mean"": 0.0, ""max"": 0.0}, ""io_write"": {""mean"": 0.0, ""max"": 0.0}, ""gpu_util_avg"": {""mean"": 0.0, ""max"": 0.0}, ""gpu_util_min"": {""mean"": 0.0, ""max"": 0.0}, ""gpu_util_max"": {""mean"": 0.0, ""max"": 0.0}, ""gpu_util_0"": {""mean"": 0.0, ""max"": 0.0}, ""gpu_band_avg"": {""mean"": 0.0, ""max"": 0.0}, ""gpu_band_min"": {""mean"": 0.0, ""max"": 0.0}, ""gpu_band_max"": {""mean"": 0.0, ""max"": 0.0}, ""gpu_band_0"": {""mean"": 0.0, ""max"": 0.0}, ""gpu_mem_avg"": {""mean"": 0.0, ""max"": 0.0}, ""gpu_mem_min"": {""mean"": 0.0, ""max"": 0.0}, ""gpu_mem_max"": {""mean"": 0.0, ""max"": 0.0}, ""gpu_mem_0"": {""mean"": 0.0, ""max"": 0.0}}","{""total"": {""kind"": ""scalar"", ""value"": 23999994000000.0}}",,
python_objects,sum,fork,fork,False,8,1,ok,0.114704,0.3173,0.3341,31379.0,"{""cpu_util_avg"": {""mean"": 8.885895666666668, ""max"": 11.655073}, ""cpu_util_min"": {""mean"": 8.885895666666668, ""max"": 11.655073}, ""cpu_util_max"": {""mean"": 8.885895666666668, ""max"": 11.655073}, ""cpu_util_0"": {""mean"": 8.885895666666668, ""max"": 11.655073}, ""cpu_util_1"": {""mean"": 8.885895666666668, ""max"": 11.655073}, ""cpu_util_2"": {""mean"": 8.885895666666668, ""max"": 11.655073}, ""cpu_util_3"": {""mean"": 8.885895666666668, ""max"": 11.655073}, ""cpu_util_4"": {""mean"": 8.885895666666668, ""max"": 11.655073}, ""cpu_util_5"": {""mean"": 8.885895666666668, ""max"": 11.655073}, ""cpu_util_6"": {""mean"": 8.885895666666668, ""max"": 11.655073}, ""cpu_util_7"": {""mean"": 8.885895666666668, ""max"": 11.655073}, ""cpu_util_8"": {""mean"": 8.885895666666668, ""max"": 11.655073}, ""cpu_util_9"": {""mean"": 8.885895666666668, ""max"": 11.655073}, ""cpu_util_10"": {""mean"": 8.885895666666668, ""max"": 11.655073}, ""cpu_util_11"": {""mean"": 8.885895666666668, ""max"": 11.655073}, ""memory"": {""mean"": 0.7864026666666666, ""max"": 0.786606}, ""io_read_count"": {""mean"": 11897.725214, ""max"": 11906.337743}, ""io_write_count"": {""mean"": 19.996176666666667, ""max"": 20.010652}, ""io_read"": {""mean"": 0.0, ""max"": 0.0}, ""io_write"": {""mean"": 0.0, ""max"": 0.0}, ""gpu_util_avg"": {""mean"": 0.0, ""max"": 0.0}, ""gpu_util_min"": {""mean"": 0.0, ""max"": 0.0}, ""gpu_util_max"": {""mean"": 0.0, ""max"": 0.0}, ""gpu_util_0"": {""mean"": 0.0, ""max"": 0.0}, ""gpu_band_avg"": {""mean"": 0.0, ""max"": 0.0}, ""gpu_band_min"": {""mean"": 0.0, ""max"": 0.0}, ""gpu_band_max"": {""mean"": 0.0, ""max"": 0.0}, ""gpu_band_0"": {""mean"": 0.0, ""max"": 0.0}, ""gpu_mem_avg"": {""mean"": 0.0, ""max"": 0.0}, ""gpu_mem_min"": {""mean"": 0.0, ""max"": 0.0}, ""gpu_mem_max"": {""mean"": 0.0, ""max"": 0.0}, ""gpu_mem_0"": {""mean"": 0.0, ""max"": 0.0}}","{""total"": {""kind"": ""scalar"", ""value"": 23999994000000.0}}","[JUmPER]: a benchmark measurement spent at least 15ms of its 115ms on 31379 page faults - the cost of touching memory inherited from the prefix rather than of the cell itself. Cells working over large Python objects are affected most, and the timing understates them. Re-run with --replay-mode full for a number that does not carry this.",
python_objects,sum,fork,fork,False,9,0,ok,0.126657,0.2915,0.311,31379.0,"{""cpu_util_avg"": {""mean"": 9.442721999999998, ""max"": 9.998824}, ""cpu_util_min"": {""mean"": 9.442721999999998, ""max"": 9.998824}, ""cpu_util_max"": {""mean"": 9.442721999999998, ""max"": 9.998824}, ""cpu_util_0"": {""mean"": 9.442721999999998, ""max"": 9.998824}, ""cpu_util_1"": {""mean"": 9.442721999999998, ""max"": 9.998824}, ""cpu_util_2"": {""mean"": 9.442721999999998, ""max"": 9.998824}, ""cpu_util_3"": {""mean"": 9.442721999999998, ""max"": 9.998824}, ""cpu_util_4"": {""mean"": 9.442721999999998, ""max"": 9.998824}, ""cpu_util_5"": {""mean"": 9.442721999999998, ""max"": 9.998824}, ""cpu_util_6"": {""mean"": 9.442721999999998, ""max"": 9.998824}, ""cpu_util_7"": {""mean"": 9.442721999999998, ""max"": 9.998824}, ""cpu_util_8"": {""mean"": 9.442721999999998, ""max"": 9.998824}, ""cpu_util_9"": {""mean"": 9.442721999999998, ""max"": 9.998824}, ""cpu_util_10"": {""mean"": 9.442721999999998, ""max"": 9.998824}, ""cpu_util_11"": {""mean"": 9.442721999999998, ""max"": 9.998824}, ""memory"": {""mean"": 0.7864876666666666, ""max"": 0.78661}, ""io_read_count"": {""mean"": 11898.207983333334, ""max"": 11904.643048}, ""io_write_count"": {""mean"": 19.996987999999998, ""max"": 20.007803}, ""io_read"": {""mean"": 0.0, ""max"": 0.0}, ""io_write"": {""mean"": 0.0, ""max"": 0.0}, ""gpu_util_avg"": {""mean"": 0.0, ""max"": 0.0}, ""gpu_util_min"": {""mean"": 0.0, ""max"": 0.0}, ""gpu_util_max"": {""mean"": 0.0, ""max"": 0.0}, ""gpu_util_0"": {""mean"": 0.0, ""max"": 0.0}, ""gpu_band_avg"": {""mean"": 0.0, ""max"": 0.0}, ""gpu_band_min"": {""mean"": 0.0, ""max"": 0.0}, ""gpu_band_max"": {""mean"": 0.0, ""max"": 0.0}, ""gpu_band_0"": {""mean"": 0.0, ""max"": 0.0}, ""gpu_mem_avg"": {""mean"": 0.0, ""max"": 0.0}, ""gpu_mem_min"": {""mean"": 0.0, ""max"": 0.0}, ""gpu_mem_max"": {""mean"": 0.0, ""max"": 0.0}, ""gpu_mem_0"": {""mean"": 0.0, ""max"": 0.0}}","{""total"": {""kind"": ""scalar"", ""value"": 23999994000000.0}}","[JUmPER]: a benchmark measurement spent at least 15ms of its 127ms on 31379 page faults - the cost of touching memory inherited from the prefix rather than of the cell itself. Cells working over large Python objects are affected most, and the timing understates them. Re-run with --replay-mode full for a number that does not carry this.",
python_objects,sum,full,full,False,9,1,ok,0.023162,3.1922,3.2069,,{},"{""total"": {""kind"": ""scalar"", ""value"": 23999994000000.0}}",,
python_objects,sum,full,full,False,10,0,ok,0.021925,3.2213,3.2387,,{},"{""total"": {""kind"": ""scalar"", ""value"": 23999994000000.0}}",,
python_objects,sum,fork,fork,False,10,1,ok,0.10736,0.2672,0.2846,31380.0,"{""cpu_util_avg"": {""mean"": 9.167455, ""max"": 9.995621}, ""cpu_util_min"": {""mean"": 9.167455, ""max"": 9.995621}, ""cpu_util_max"": {""mean"": 9.167455, ""max"": 9.995621}, ""cpu_util_0"": {""mean"": 9.167455, ""max"": 9.995621}, ""cpu_util_1"": {""mean"": 9.167455, ""max"": 9.995621}, ""cpu_util_2"": {""mean"": 9.167455, ""max"": 9.995621}, ""cpu_util_3"": {""mean"": 9.167455, ""max"": 9.995621}, ""cpu_util_4"": {""mean"": 9.167455, ""max"": 9.995621}, ""cpu_util_5"": {""mean"": 9.167455, ""max"": 9.995621}, ""cpu_util_6"": {""mean"": 9.167455, ""max"": 9.995621}, ""cpu_util_7"": {""mean"": 9.167455, ""max"": 9.995621}, ""cpu_util_8"": {""mean"": 9.167455, ""max"": 9.995621}, ""cpu_util_9"": {""mean"": 9.167455, ""max"": 9.995621}, ""cpu_util_10"": {""mean"": 9.167455, ""max"": 9.995621}, ""cpu_util_11"": {""mean"": 9.167455, ""max"": 9.995621}, ""memory"": {""mean"": 0.7863045, ""max"": 0.786488}, ""io_read_count"": {""mean"": 12381.7473655, ""max"": 12448.890252}, ""io_write_count"": {""mean"": 20.002767, ""max"": 20.014293}, ""io_read"": {""mean"": 0.0, ""max"": 0.0}, ""io_write"": {""mean"": 0.0, ""max"": 0.0}, ""gpu_util_avg"": {""mean"": 0.0, ""max"": 0.0}, ""gpu_util_min"": {""mean"": 0.0, ""max"": 0.0}, ""gpu_util_max"": {""mean"": 0.0, ""max"": 0.0}, ""gpu_util_0"": {""mean"": 0.0, ""max"": 0.0}, ""gpu_band_avg"": {""mean"": 0.0, ""max"": 0.0}, ""gpu_band_min"": {""mean"": 0.0, ""max"": 0.0}, ""gpu_band_max"": {""mean"": 0.0, ""max"": 0.0}, ""gpu_band_0"": {""mean"": 0.0, ""max"": 0.0}, ""gpu_mem_avg"": {""mean"": 0.0, ""max"": 0.0}, ""gpu_mem_min"": {""mean"": 0.0, ""max"": 0.0}, ""gpu_mem_max"": {""mean"": 0.0, ""max"": 0.0}, ""gpu_mem_0"": {""mean"": 0.0, ""max"": 0.0}}","{""total"": {""kind"": ""scalar"", ""value"": 23999994000000.0}}","[JUmPER]: a benchmark measurement spent at least 15ms of its 107ms on 31380 page faults - the cost of touching memory inherited from the prefix rather than of the cell itself. Cells working over large Python objects are affected most, and the timing understates them. Re-run with --replay-mode full for a number that does not carry this.",
memmap_scan,scan,full,full,False,0,0,ok,0.010045,2.8406,2.85,,{},"{""total"": {""kind"": ""scalar"", ""value"": 312499987500000.0}}",,
memmap_scan,scan,fork,fork,False,0,1,ok,0.018239,0.1805,0.1999,3083.0,"{""cpu_util_avg"": {""mean"": 9.993104, ""max"": 9.993104}, ""cpu_util_min"": {""mean"": 9.993104, ""max"": 9.993104}, ""cpu_util_max"": {""mean"": 9.993104, ""max"": 9.993104}, ""cpu_util_0"": {""mean"": 9.993104, ""max"": 9.993104}, ""cpu_util_1"": {""mean"": 9.993104, ""max"": 9.993104}, ""cpu_util_2"": {""mean"": 9.993104, ""max"": 9.993104}, ""cpu_util_3"": {""mean"": 9.993104, ""max"": 9.993104}, ""cpu_util_4"": {""mean"": 9.993104, ""max"": 9.993104}, ""cpu_util_5"": {""mean"": 9.993104, ""max"": 9.993104}, ""cpu_util_6"": {""mean"": 9.993104, ""max"": 9.993104}, ""cpu_util_7"": {""mean"": 9.993104, ""max"": 9.993104}, ""cpu_util_8"": {""mean"": 9.993104, ""max"": 9.993104}, ""cpu_util_9"": {""mean"": 9.993104, ""max"": 9.993104}, ""cpu_util_10"": {""mean"": 9.993104, ""max"": 9.993104}, ""cpu_util_11"": {""mean"": 9.993104, ""max"": 9.993104}, ""memory"": {""mean"": 0.72422, ""max"": 0.72422}, ""io_read_count"": {""mean"": 11891.794187, ""max"": 11891.794187}, ""io_write_count"": {""mean"": 19.986209, ""max"": 19.986209}, ""io_read"": {""mean"": 0.0, ""max"": 0.0}, ""io_write"": {""mean"": 0.0, ""max"": 0.0}, ""gpu_util_avg"": {""mean"": 0.0, ""max"": 0.0}, ""gpu_util_min"": {""mean"": 0.0, ""max"": 0.0}, ""gpu_util_max"": {""mean"": 0.0, ""max"": 0.0}, ""gpu_util_0"": {""mean"": 0.0, ""max"": 0.0}, ""gpu_band_avg"": {""mean"": 0.0, ""max"": 0.0}, ""gpu_band_min"": {""mean"": 0.0, ""max"": 0.0}, ""gpu_band_max"": {""mean"": 0.0, ""max"": 0.0}, ""gpu_band_0"": {""mean"": 0.0, ""max"": 0.0}, ""gpu_mem_avg"": {""mean"": 0.0, ""max"": 0.0}, ""gpu_mem_min"": {""mean"": 0.0, ""max"": 0.0}, ""gpu_mem_max"": {""mean"": 0.0, ""max"": 0.0}, ""gpu_mem_0"": {""mean"": 0.0, ""max"": 0.0}}","{""total"": {""kind"": ""scalar"", ""value"": 312499987500000.0}}","[JUmPER]: a benchmark measurement spent at least 2ms of its 18ms on 3083 page faults - the cost of touching memory inherited from the prefix rather than of the cell itself. Cells working over large Python objects are affected most, and the timing understates them. Re-run with --replay-mode full for a number that does not carry this.",
memmap_scan,scan,fork,fork,False,1,0,ok,0.01801,0.1598,0.1746,3083.0,{},"{""total"": {""kind"": ""scalar"", ""value"": 312499987500000.0}}","[JUmPER]: a benchmark measurement spent at least 2ms of its 18ms on 3083 page faults - the cost of touching memory inherited from the prefix rather than of the cell itself. Cells working over large Python objects are affected most, and the timing understates them. Re-run with --replay-mode full for a number that does not carry this.",
memmap_scan,scan,full,full,False,1,1,ok,0.010893,3.066,3.0764,,{},"{""total"": {""kind"": ""scalar"", ""value"": 312499987500000.0}}",,
memmap_scan,scan,full,full,False,2,0,ok,0.012399,3.3396,3.3505,,{},"{""total"": {""kind"": ""scalar"", ""value"": 312499987500000.0}}",,
memmap_scan,scan,fork,fork,False,2,1,ok,0.023464,0.1774,0.21,3083.0,"{""cpu_util_avg"": {""mean"": 10.010373, ""max"": 10.010373}, ""cpu_util_min"": {""mean"": 10.010373, ""max"": 10.010373}, ""cpu_util_max"": {""mean"": 10.010373, ""max"": 10.010373}, ""cpu_util_0"": {""mean"": 10.010373, ""max"": 10.010373}, ""cpu_util_1"": {""mean"": 10.010373, ""max"": 10.010373}, ""cpu_util_2"": {""mean"": 10.010373, ""max"": 10.010373}, ""cpu_util_3"": {""mean"": 10.010373, ""max"": 10.010373}, ""cpu_util_4"": {""mean"": 10.010373, ""max"": 10.010373}, ""cpu_util_5"": {""mean"": 10.010373, ""max"": 10.010373}, ""cpu_util_6"": {""mean"": 10.010373, ""max"": 10.010373}, ""cpu_util_7"": {""mean"": 10.010373, ""max"": 10.010373}, ""cpu_util_8"": {""mean"": 10.010373, ""max"": 10.010373}, ""cpu_util_9"": {""mean"": 10.010373, ""max"": 10.010373}, ""cpu_util_10"": {""mean"": 10.010373, ""max"": 10.010373}, ""cpu_util_11"": {""mean"": 10.010373, ""max"": 10.010373}, ""memory"": {""mean"": 0.805275, ""max"": 0.805275}, ""io_read_count"": {""mean"": 12332.778979, ""max"": 12332.778979}, ""io_write_count"": {""mean"": 20.020745, ""max"": 20.020745}, ""io_read"": {""mean"": 0.0, ""max"": 0.0}, ""io_write"": {""mean"": 0.0, ""max"": 0.0}, ""gpu_util_avg"": {""mean"": 0.0, ""max"": 0.0}, ""gpu_util_min"": {""mean"": 0.0, ""max"": 0.0}, ""gpu_util_max"": {""mean"": 0.0, ""max"": 0.0}, ""gpu_util_0"": {""mean"": 0.0, ""max"": 0.0}, ""gpu_band_avg"": {""mean"": 0.0, ""max"": 0.0}, ""gpu_band_min"": {""mean"": 0.0, ""max"": 0.0}, ""gpu_band_max"": {""mean"": 0.0, ""max"": 0.0}, ""gpu_band_0"": {""mean"": 0.0, ""max"": 0.0}, ""gpu_mem_avg"": {""mean"": 0.0, ""max"": 0.0}, ""gpu_mem_min"": {""mean"": 0.0, ""max"": 0.0}, ""gpu_mem_max"": {""mean"": 0.0, ""max"": 0.0}, ""gpu_mem_0"": {""mean"": 0.0, ""max"": 0.0}}","{""total"": {""kind"": ""scalar"", ""value"": 312499987500000.0}}","[JUmPER]: a benchmark measurement spent at least 2ms of its 23ms on 3083 page faults - the cost of touching memory inherited from the prefix rather than of the cell itself. Cells working over large Python objects are affected most, and the timing understates them. Re-run with --replay-mode full for a number that does not carry this.",
memmap_scan,scan,fork,fork,False,3,0,ok,0.01869,0.1673,0.1829,3083.0,{},"{""total"": {""kind"": ""scalar"", ""value"": 312499987500000.0}}","[JUmPER]: a benchmark measurement spent at least 2ms of its 19ms on 3083 page faults - the cost of touching memory inherited from the prefix rather than of the cell itself. Cells working over large Python objects are affected most, and the timing understates them. Re-run with --replay-mode full for a number that does not carry this.",
memmap_scan,scan,full,full,False,3,1,ok,0.010297,2.9883,3.0002,,{},"{""total"": {""kind"": ""scalar"", ""value"": 312499987500000.0}}",,
memmap_scan,scan,full,full,False,4,0,ok,0.010569,3.0103,3.0206,,{},"{""total"": {""kind"": ""scalar"", ""value"": 312499987500000.0}}",,
memmap_scan,scan,fork,fork,False,4,1,ok,0.019255,0.1666,0.1871,3083.0,"{""cpu_util_avg"": {""mean"": 13.334353, ""max"": 13.334353}, ""cpu_util_min"": {""mean"": 13.334353, ""max"": 13.334353}, ""cpu_util_max"": {""mean"": 13.334353, ""max"": 13.334353}, ""cpu_util_0"": {""mean"": 13.334353, ""max"": 13.334353}, ""cpu_util_1"": {""mean"": 13.334353, ""max"": 13.334353}, ""cpu_util_2"": {""mean"": 13.334353, ""max"": 13.334353}, ""cpu_util_3"": {""mean"": 13.334353, ""max"": 13.334353}, ""cpu_util_4"": {""mean"": 13.334353, ""max"": 13.334353}, ""cpu_util_5"": {""mean"": 13.334353, ""max"": 13.334353}, ""cpu_util_6"": {""mean"": 13.334353, ""max"": 13.334353}, ""cpu_util_7"": {""mean"": 13.334353, ""max"": 13.334353}, ""cpu_util_8"": {""mean"": 13.334353, ""max"": 13.334353}, ""cpu_util_9"": {""mean"": 13.334353, ""max"": 13.334353}, ""cpu_util_10"": {""mean"": 13.334353, ""max"": 13.334353}, ""cpu_util_11"": {""mean"": 13.334353, ""max"": 13.334353}, ""memory"": {""mean"": 0.821754, ""max"": 0.821754}, ""io_read_count"": {""mean"": 11900.909707, ""max"": 11900.909707}, ""io_write_count"": {""mean"": 20.001529, ""max"": 20.001529}, ""io_read"": {""mean"": 0.0, ""max"": 0.0}, ""io_write"": {""mean"": 0.0, ""max"": 0.0}, ""gpu_util_avg"": {""mean"": 0.0, ""max"": 0.0}, ""gpu_util_min"": {""mean"": 0.0, ""max"": 0.0}, ""gpu_util_max"": {""mean"": 0.0, ""max"": 0.0}, ""gpu_util_0"": {""mean"": 0.0, ""max"": 0.0}, ""gpu_band_avg"": {""mean"": 0.0, ""max"": 0.0}, ""gpu_band_min"": {""mean"": 0.0, ""max"": 0.0}, ""gpu_band_max"": {""mean"": 0.0, ""max"": 0.0}, ""gpu_band_0"": {""mean"": 0.0, ""max"": 0.0}, ""gpu_mem_avg"": {""mean"": 0.0, ""max"": 0.0}, ""gpu_mem_min"": {""mean"": 0.0, ""max"": 0.0}, ""gpu_mem_max"": {""mean"": 0.0, ""max"": 0.0}, ""gpu_mem_0"": {""mean"": 0.0, ""max"": 0.0}}","{""total"": {""kind"": ""scalar"", ""value"": 312499987500000.0}}","[JUmPER]: a benchmark measurement spent at least 2ms of its 19ms on 3083 page faults - the cost of touching memory inherited from the prefix rather than of the cell itself. Cells working over large Python objects are affected most, and the timing understates them. Re-run with --replay-mode full for a number that does not carry this.",
memmap_scan,scan,fork,fork,False,5,0,ok,0.019493,0.1641,0.1844,3083.0,"{""cpu_util_avg"": {""mean"": 10.001687, ""max"": 10.001687}, ""cpu_util_min"": {""mean"": 10.001687, ""max"": 10.001687}, ""cpu_util_max"": {""mean"": 10.001687, ""max"": 10.001687}, ""cpu_util_0"": {""mean"": 10.001687, ""max"": 10.001687}, ""cpu_util_1"": {""mean"": 10.001687, ""max"": 10.001687}, ""cpu_util_2"": {""mean"": 10.001687, ""max"": 10.001687}, ""cpu_util_3"": {""mean"": 10.001687, ""max"": 10.001687}, ""cpu_util_4"": {""mean"": 10.001687, ""max"": 10.001687}, ""cpu_util_5"": {""mean"": 10.001687, ""max"": 10.001687}, ""cpu_util_6"": {""mean"": 10.001687, ""max"": 10.001687}, ""cpu_util_7"": {""mean"": 10.001687, ""max"": 10.001687}, ""cpu_util_8"": {""mean"": 10.001687, ""max"": 10.001687}, ""cpu_util_9"": {""mean"": 10.001687, ""max"": 10.001687}, ""cpu_util_10"": {""mean"": 10.001687, ""max"": 10.001687}, ""cpu_util_11"": {""mean"": 10.001687, ""max"": 10.001687}, ""memory"": {""mean"": 0.832253, ""max"": 0.832253}, ""io_read_count"": {""mean"": 11902.007869, ""max"": 11902.007869}, ""io_write_count"": {""mean"": 20.003375, ""max"": 20.003375}, ""io_read"": {""mean"": 0.0, ""max"": 0.0}, ""io_write"": {""mean"": 0.0, ""max"": 0.0}, ""gpu_util_avg"": {""mean"": 0.0, ""max"": 0.0}, ""gpu_util_min"": {""mean"": 0.0, ""max"": 0.0}, ""gpu_util_max"": {""mean"": 0.0, ""max"": 0.0}, ""gpu_util_0"": {""mean"": 0.0, ""max"": 0.0}, ""gpu_band_avg"": {""mean"": 0.0, ""max"": 0.0}, ""gpu_band_min"": {""mean"": 0.0, ""max"": 0.0}, ""gpu_band_max"": {""mean"": 0.0, ""max"": 0.0}, ""gpu_band_0"": {""mean"": 0.0, ""max"": 0.0}, ""gpu_mem_avg"": {""mean"": 0.0, ""max"": 0.0}, ""gpu_mem_min"": {""mean"": 0.0, ""max"": 0.0}, ""gpu_mem_max"": {""mean"": 0.0, ""max"": 0.0}, ""gpu_mem_0"": {""mean"": 0.0, ""max"": 0.0}}","{""total"": {""kind"": ""scalar"", ""value"": 312499987500000.0}}","[JUmPER]: a benchmark measurement spent at least 2ms of its 19ms on 3083 page faults - the cost of touching memory inherited from the prefix rather than of the cell itself. Cells working over large Python objects are affected most, and the timing understates them. Re-run with --replay-mode full for a number that does not carry this.",
memmap_scan,scan,full,full,False,5,1,ok,0.011462,3.0513,3.0612,,{},"{""total"": {""kind"": ""scalar"", ""value"": 312499987500000.0}}",,
memmap_scan,scan,full,full,False,6,0,ok,0.010683,3.1226,3.1328,,{},"{""total"": {""kind"": ""scalar"", ""value"": 312499987500000.0}}",,
memmap_scan,scan,fork,fork,False,6,1,ok,0.019264,0.1871,0.2034,3083.0,{},"{""total"": {""kind"": ""scalar"", ""value"": 312499987500000.0}}","[JUmPER]: a benchmark measurement spent at least 2ms of its 19ms on 3083 page faults - the cost of touching memory inherited from the prefix rather than of the cell itself. Cells working over large Python objects are affected most, and the timing understates them. Re-run with --replay-mode full for a number that does not carry this.",
memmap_scan,scan,fork,fork,False,7,0,ok,0.018913,0.1653,0.1841,3083.0,"{""cpu_util_avg"": {""mean"": 11.664693, ""max"": 11.664693}, ""cpu_util_min"": {""mean"": 11.664693, ""max"": 11.664693}, ""cpu_util_max"": {""mean"": 11.664693, ""max"": 11.664693}, ""cpu_util_0"": {""mean"": 11.664693, ""max"": 11.664693}, ""cpu_util_1"": {""mean"": 11.664693, ""max"": 11.664693}, ""cpu_util_2"": {""mean"": 11.664693, ""max"": 11.664693}, ""cpu_util_3"": {""mean"": 11.664693, ""max"": 11.664693}, ""cpu_util_4"": {""mean"": 11.664693, ""max"": 11.664693}, ""cpu_util_5"": {""mean"": 11.664693, ""max"": 11.664693}, ""cpu_util_6"": {""mean"": 11.664693, ""max"": 11.664693}, ""cpu_util_7"": {""mean"": 11.664693, ""max"": 11.664693}, ""cpu_util_8"": {""mean"": 11.664693, ""max"": 11.664693}, ""cpu_util_9"": {""mean"": 11.664693, ""max"": 11.664693}, ""cpu_util_10"": {""mean"": 11.664693, ""max"": 11.664693}, ""cpu_util_11"": {""mean"": 11.664693, ""max"": 11.664693}, ""memory"": {""mean"": 0.859718, ""max"": 0.859718}, ""io_read_count"": {""mean"": 11897.987335, ""max"": 11897.987335}, ""io_write_count"": {""mean"": 19.996617, ""max"": 19.996617}, ""io_read"": {""mean"": 0.0, ""max"": 0.0}, ""io_write"": {""mean"": 0.0, ""max"": 0.0}, ""gpu_util_avg"": {""mean"": 0.0, ""max"": 0.0}, ""gpu_util_min"": {""mean"": 0.0, ""max"": 0.0}, ""gpu_util_max"": {""mean"": 0.0, ""max"": 0.0}, ""gpu_util_0"": {""mean"": 0.0, ""max"": 0.0}, ""gpu_band_avg"": {""mean"": 0.0, ""max"": 0.0}, ""gpu_band_min"": {""mean"": 0.0, ""max"": 0.0}, ""gpu_band_max"": {""mean"": 0.0, ""max"": 0.0}, ""gpu_band_0"": {""mean"": 0.0, ""max"": 0.0}, ""gpu_mem_avg"": {""mean"": 0.0, ""max"": 0.0}, ""gpu_mem_min"": {""mean"": 0.0, ""max"": 0.0}, ""gpu_mem_max"": {""mean"": 0.0, ""max"": 0.0}, ""gpu_mem_0"": {""mean"": 0.0, ""max"": 0.0}}","{""total"": {""kind"": ""scalar"", ""value"": 312499987500000.0}}","[JUmPER]: a benchmark measurement spent at least 2ms of its 19ms on 3083 page faults - the cost of touching memory inherited from the prefix rather than of the cell itself. Cells working over large Python objects are affected most, and the timing understates them. Re-run with --replay-mode full for a number that does not carry this.",
memmap_scan,scan,full,full,False,7,1,ok,0.011186,2.9858,2.995,,{},"{""total"": {""kind"": ""scalar"", ""value"": 312499987500000.0}}",,
memmap_scan,scan,full,full,False,8,0,ok,0.013339,2.9609,2.9714,,{},"{""total"": {""kind"": ""scalar"", ""value"": 312499987500000.0}}",,
memmap_scan,scan,fork,fork,False,8,1,ok,0.020217,0.174,0.1931,3083.0,"{""cpu_util_avg"": {""mean"": 8.338706, ""max"": 8.338706}, ""cpu_util_min"": {""mean"": 8.338706, ""max"": 8.338706}, ""cpu_util_max"": {""mean"": 8.338706, ""max"": 8.338706}, ""cpu_util_0"": {""mean"": 8.338706, ""max"": 8.338706}, ""cpu_util_1"": {""mean"": 8.338706, ""max"": 8.338706}, ""cpu_util_2"": {""mean"": 8.338706, ""max"": 8.338706}, ""cpu_util_3"": {""mean"": 8.338706, ""max"": 8.338706}, ""cpu_util_4"": {""mean"": 8.338706, ""max"": 8.338706}, ""cpu_util_5"": {""mean"": 8.338706, ""max"": 8.338706}, ""cpu_util_6"": {""mean"": 8.338706, ""max"": 8.338706}, ""cpu_util_7"": {""mean"": 8.338706, ""max"": 8.338706}, ""cpu_util_8"": {""mean"": 8.338706, ""max"": 8.338706}, ""cpu_util_9"": {""mean"": 8.338706, ""max"": 8.338706}, ""cpu_util_10"": {""mean"": 8.338706, ""max"": 8.338706}, ""cpu_util_11"": {""mean"": 8.338706, ""max"": 8.338706}, ""memory"": {""mean"": 0.821636, ""max"": 0.821636}, ""io_read_count"": {""mean"": 11907.672829, ""max"": 11907.672829}, ""io_write_count"": {""mean"": 20.012896, ""max"": 20.012896}, ""io_read"": {""mean"": 0.0, ""max"": 0.0}, ""io_write"": {""mean"": 0.0, ""max"": 0.0}, ""gpu_util_avg"": {""mean"": 0.0, ""max"": 0.0}, ""gpu_util_min"": {""mean"": 0.0, ""max"": 0.0}, ""gpu_util_max"": {""mean"": 0.0, ""max"": 0.0}, ""gpu_util_0"": {""mean"": 0.0, ""max"": 0.0}, ""gpu_band_avg"": {""mean"": 0.0, ""max"": 0.0}, ""gpu_band_min"": {""mean"": 0.0, ""max"": 0.0}, ""gpu_band_max"": {""mean"": 0.0, ""max"": 0.0}, ""gpu_band_0"": {""mean"": 0.0, ""max"": 0.0}, ""gpu_mem_avg"": {""mean"": 0.0, ""max"": 0.0}, ""gpu_mem_min"": {""mean"": 0.0, ""max"": 0.0}, ""gpu_mem_max"": {""mean"": 0.0, ""max"": 0.0}, ""gpu_mem_0"": {""mean"": 0.0, ""max"": 0.0}}","{""total"": {""kind"": ""scalar"", ""value"": 312499987500000.0}}","[JUmPER]: a benchmark measurement spent at least 2ms of its 20ms on 3083 page faults - the cost of touching memory inherited from the prefix rather than of the cell itself. Cells working over large Python objects are affected most, and the timing understates them. Re-run with --replay-mode full for a number that does not carry this.",
memmap_scan,scan,fork,fork,False,9,0,ok,0.0204,0.1674,0.1896,3083.0,"{""cpu_util_avg"": {""mean"": 9.998302, ""max"": 9.998302}, ""cpu_util_min"": {""mean"": 9.998302, ""max"": 9.998302}, ""cpu_util_max"": {""mean"": 9.998302, ""max"": 9.998302}, ""cpu_util_0"": {""mean"": 9.998302, ""max"": 9.998302}, ""cpu_util_1"": {""mean"": 9.998302, ""max"": 9.998302}, ""cpu_util_2"": {""mean"": 9.998302, ""max"": 9.998302}, ""cpu_util_3"": {""mean"": 9.998302, ""max"": 9.998302}, ""cpu_util_4"": {""mean"": 9.998302, ""max"": 9.998302}, ""cpu_util_5"": {""mean"": 9.998302, ""max"": 9.998302}, ""cpu_util_6"": {""mean"": 9.998302, ""max"": 9.998302}, ""cpu_util_7"": {""mean"": 9.998302, ""max"": 9.998302}, ""cpu_util_8"": {""mean"": 9.998302, ""max"": 9.998302}, ""cpu_util_9"": {""mean"": 9.998302, ""max"": 9.998302}, ""cpu_util_10"": {""mean"": 9.998302, ""max"": 9.998302}, ""cpu_util_11"": {""mean"": 9.998302, ""max"": 9.998302}, ""memory"": {""mean"": 0.854839, ""max"": 0.854839}, ""io_read_count"": {""mean"": 11897.979961, ""max"": 11897.979961}, ""io_write_count"": {""mean"": 19.996605, ""max"": 19.996605}, ""io_read"": {""mean"": 0.0, ""max"": 0.0}, ""io_write"": {""mean"": 0.0, ""max"": 0.0}, ""gpu_util_avg"": {""mean"": 0.0, ""max"": 0.0}, ""gpu_util_min"": {""mean"": 0.0, ""max"": 0.0}, ""gpu_util_max"": {""mean"": 0.0, ""max"": 0.0}, ""gpu_util_0"": {""mean"": 0.0, ""max"": 0.0}, ""gpu_band_avg"": {""mean"": 0.0, ""max"": 0.0}, ""gpu_band_min"": {""mean"": 0.0, ""max"": 0.0}, ""gpu_band_max"": {""mean"": 0.0, ""max"": 0.0}, ""gpu_band_0"": {""mean"": 0.0, ""max"": 0.0}, ""gpu_mem_avg"": {""mean"": 0.0, ""max"": 0.0}, ""gpu_mem_min"": {""mean"": 0.0, ""max"": 0.0}, ""gpu_mem_max"": {""mean"": 0.0, ""max"": 0.0}, ""gpu_mem_0"": {""mean"": 0.0, ""max"": 0.0}}","{""total"": {""kind"": ""scalar"", ""value"": 312499987500000.0}}","[JUmPER]: a benchmark measurement spent at least 2ms of its 20ms on 3083 page faults - the cost of touching memory inherited from the prefix rather than of the cell itself. Cells working over large Python objects are affected most, and the timing understates them. Re-run with --replay-mode full for a number that does not carry this.",
memmap_scan,scan,full,full,False,9,1,ok,0.010685,2.9778,2.988,,{},"{""total"": {""kind"": ""scalar"", ""value"": 312499987500000.0}}",,
memmap_scan,scan,full,full,False,10,0,ok,0.011709,3.3073,3.3175,,{},"{""total"": {""kind"": ""scalar"", ""value"": 312499987500000.0}}",,
memmap_scan,scan,fork,fork,False,10,1,ok,0.021547,0.1778,0.1985,3084.0,"{""cpu_util_avg"": {""mean"": 10.006182, ""max"": 10.006182}, ""cpu_util_min"": {""mean"": 10.006182, ""max"": 10.006182}, ""cpu_util_max"": {""mean"": 10.006182, ""max"": 10.006182}, ""cpu_util_0"": {""mean"": 10.006182, ""max"": 10.006182}, ""cpu_util_1"": {""mean"": 10.006182, ""max"": 10.006182}, ""cpu_util_2"": {""mean"": 10.006182, ""max"": 10.006182}, ""cpu_util_3"": {""mean"": 10.006182, ""max"": 10.006182}, ""cpu_util_4"": {""mean"": 10.006182, ""max"": 10.006182}, ""cpu_util_5"": {""mean"": 10.006182, ""max"": 10.006182}, ""cpu_util_6"": {""mean"": 10.006182, ""max"": 10.006182}, ""cpu_util_7"": {""mean"": 10.006182, ""max"": 10.006182}, ""cpu_util_8"": {""mean"": 10.006182, ""max"": 10.006182}, ""cpu_util_9"": {""mean"": 10.006182, ""max"": 10.006182}, ""cpu_util_10"": {""mean"": 10.006182, ""max"": 10.006182}, ""cpu_util_11"": {""mean"": 10.006182, ""max"": 10.006182}, ""memory"": {""mean"": 0.797344, ""max"": 0.797344}, ""io_read_count"": {""mean"": 12447.690182, ""max"": 12447.690182}, ""io_write_count"": {""mean"": 20.012364, ""max"": 20.012364}, ""io_read"": {""mean"": 0.0, ""max"": 0.0}, ""io_write"": {""mean"": 0.0, ""max"": 0.0}, ""gpu_util_avg"": {""mean"": 0.0, ""max"": 0.0}, ""gpu_util_min"": {""mean"": 0.0, ""max"": 0.0}, ""gpu_util_max"": {""mean"": 0.0, ""max"": 0.0}, ""gpu_util_0"": {""mean"": 0.0, ""max"": 0.0}, ""gpu_band_avg"": {""mean"": 0.0, ""max"": 0.0}, ""gpu_band_min"": {""mean"": 0.0, ""max"": 0.0}, ""gpu_band_max"": {""mean"": 0.0, ""max"": 0.0}, ""gpu_band_0"": {""mean"": 0.0, ""max"": 0.0}, ""gpu_mem_avg"": {""mean"": 0.0, ""max"": 0.0}, ""gpu_mem_min"": {""mean"": 0.0, ""max"": 0.0}, ""gpu_mem_max"": {""mean"": 0.0, ""max"": 0.0}, ""gpu_mem_0"": {""mean"": 0.0, ""max"": 0.0}}","{""total"": {""kind"": ""scalar"", ""value"": 312499987500000.0}}","[JUmPER]: a benchmark measurement spent at least 2ms of its 22ms on 3084 page faults - the cost of touching memory inherited from the prefix rather than of the cell itself. Cells working over large Python objects are affected most, and the timing understates them. Re-run with --replay-mode full for a number that does not carry this.",
fast_rewrite,loop,full,full,False,0,0,ok,0.244172,3.0658,3.0842,,"{""cpu_util_avg"": {""mean"": 9.992748, ""max"": 11.666317}, ""cpu_util_min"": {""mean"": 9.992748, ""max"": 11.666317}, ""cpu_util_max"": {""mean"": 9.992748, ""max"": 11.666317}, ""cpu_util_0"": {""mean"": 9.992748, ""max"": 11.666317}, ""cpu_util_1"": {""mean"": 9.992748, ""max"": 11.666317}, ""cpu_util_2"": {""mean"": 9.992748, ""max"": 11.666317}, ""cpu_util_3"": {""mean"": 9.992748, ""max"": 11.666317}, ""cpu_util_4"": {""mean"": 9.992748, ""max"": 11.666317}, ""cpu_util_5"": {""mean"": 9.992748, ""max"": 11.666317}, ""cpu_util_6"": {""mean"": 9.992748, ""max"": 11.666317}, ""cpu_util_7"": {""mean"": 9.992748, ""max"": 11.666317}, ""cpu_util_8"": {""mean"": 9.992748, ""max"": 11.666317}, ""cpu_util_9"": {""mean"": 9.992748, ""max"": 11.666317}, ""cpu_util_10"": {""mean"": 9.992748, ""max"": 11.666317}, ""cpu_util_11"": {""mean"": 9.992748, ""max"": 11.666317}, ""memory"": {""mean"": 0.2264328, ""max"": 0.226677}, ""io_read_count"": {""mean"": 9465.4245314, ""max"": 11843.482458}, ""io_write_count"": {""mean"": 15.988893, ""max"": 20.005883}, ""io_read"": {""mean"": 0.0, ""max"": 0.0}, ""io_write"": {""mean"": 0.0, ""max"": 0.0}, ""gpu_util_avg"": {""mean"": 0.0, ""max"": 0.0}, ""gpu_util_min"": {""mean"": 0.0, ""max"": 0.0}, ""gpu_util_max"": {""mean"": 0.0, ""max"": 0.0}, ""gpu_util_0"": {""mean"": 0.0, ""max"": 0.0}, ""gpu_band_avg"": {""mean"": 0.0, ""max"": 0.0}, ""gpu_band_min"": {""mean"": 0.0, ""max"": 0.0}, ""gpu_band_max"": {""mean"": 0.0, ""max"": 0.0}, ""gpu_band_0"": {""mean"": 0.0, ""max"": 0.0}, ""gpu_mem_avg"": {""mean"": 0.0, ""max"": 0.0}, ""gpu_mem_min"": {""mean"": 0.0, ""max"": 0.0}, ""gpu_mem_max"": {""mean"": 0.0, ""max"": 0.0}, ""gpu_mem_0"": {""mean"": 0.0, ""max"": 0.0}}","{""total"": {""kind"": ""scalar"", ""value"": 1999999000000.0}}",,
fast_rewrite,loop,fork,fork,False,0,1,ok,0.28255,0.4466,0.4656,,"{""cpu_util_avg"": {""mean"": 9.3348504, ""max"": 10.01041}, ""cpu_util_min"": {""mean"": 9.3348504, ""max"": 10.01041}, ""cpu_util_max"": {""mean"": 9.3348504, ""max"": 10.01041}, ""cpu_util_0"": {""mean"": 9.3348504, ""max"": 10.01041}, ""cpu_util_1"": {""mean"": 9.3348504, ""max"": 10.01041}, ""cpu_util_2"": {""mean"": 9.3348504, ""max"": 10.01041}, ""cpu_util_3"": {""mean"": 9.3348504, ""max"": 10.01041}, ""cpu_util_4"": {""mean"": 9.3348504, ""max"": 10.01041}, ""cpu_util_5"": {""mean"": 9.3348504, ""max"": 10.01041}, ""cpu_util_6"": {""mean"": 9.3348504, ""max"": 10.01041}, ""cpu_util_7"": {""mean"": 9.3348504, ""max"": 10.01041}, ""cpu_util_8"": {""mean"": 9.3348504, ""max"": 10.01041}, ""cpu_util_9"": {""mean"": 9.3348504, ""max"": 10.01041}, ""cpu_util_10"": {""mean"": 9.3348504, ""max"": 10.01041}, ""cpu_util_11"": {""mean"": 9.3348504, ""max"": 10.01041}, ""memory"": {""mean"": 0.516605, ""max"": 0.516605}, ""io_read_count"": {""mean"": 11901.5588664, ""max"": 11912.387453}, ""io_write_count"": {""mean"": 20.002619799999998, ""max"": 20.020819}, ""io_read"": {""mean"": 0.0, ""max"": 0.0}, ""io_write"": {""mean"": 0.0, ""max"": 0.0}, ""gpu_util_avg"": {""mean"": 0.0, ""max"": 0.0}, ""gpu_util_min"": {""mean"": 0.0, ""max"": 0.0}, ""gpu_util_max"": {""mean"": 0.0, ""max"": 0.0}, ""gpu_util_0"": {""mean"": 0.0, ""max"": 0.0}, ""gpu_band_avg"": {""mean"": 0.0, ""max"": 0.0}, ""gpu_band_min"": {""mean"": 0.0, ""max"": 0.0}, ""gpu_band_max"": {""mean"": 0.0, ""max"": 0.0}, ""gpu_band_0"": {""mean"": 0.0, ""max"": 0.0}, ""gpu_mem_avg"": {""mean"": 0.0, ""max"": 0.0}, ""gpu_mem_min"": {""mean"": 0.0, ""max"": 0.0}, ""gpu_mem_max"": {""mean"": 0.0, ""max"": 0.0}, ""gpu_mem_0"": {""mean"": 0.0, ""max"": 0.0}}","{""total"": {""kind"": ""scalar"", ""value"": 1999999000000.0}}",,
fast_rewrite,vectorized,full,full,False,0,0,ok,0.000864,2.8324,2.8421,,{},"{""total"": {""kind"": ""scalar"", ""value"": 1999999000000.0}}",,
fast_rewrite,vectorized,fork,fork,False,0,1,ok,0.001559,0.1461,0.1604,,{},"{""total"": {""kind"": ""scalar"", ""value"": 1999999000000.0}}",,
fast_rewrite,loop,fork,fork,False,1,0,ok,0.281214,0.42,0.4382,,"{""cpu_util_avg"": {""mean"": 9.721692, ""max"": 11.665011}, ""cpu_util_min"": {""mean"": 9.721692, ""max"": 11.665011}, ""cpu_util_max"": {""mean"": 9.721692, ""max"": 11.665011}, ""cpu_util_0"": {""mean"": 9.721692, ""max"": 11.665011}, ""cpu_util_1"": {""mean"": 9.721692, ""max"": 11.665011}, ""cpu_util_2"": {""mean"": 9.721692, ""max"": 11.665011}, ""cpu_util_3"": {""mean"": 9.721692, ""max"": 11.665011}, ""cpu_util_4"": {""mean"": 9.721692, ""max"": 11.665011}, ""cpu_util_5"": {""mean"": 9.721692, ""max"": 11.665011}, ""cpu_util_6"": {""mean"": 9.721692, ""max"": 11.665011}, ""cpu_util_7"": {""mean"": 9.721692, ""max"": 11.665011}, ""cpu_util_8"": {""mean"": 9.721692, ""max"": 11.665011}, ""cpu_util_9"": {""mean"": 9.721692, ""max"": 11.665011}, ""cpu_util_10"": {""mean"": 9.721692, ""max"": 11.665011}, ""cpu_util_11"": {""mean"": 9.721692, ""max"": 11.665011}, ""memory"": {""mean"": 0.5177649999999999, ""max"": 0.517826}, ""io_read_count"": {""mean"": 11899.362475166667, ""max"": 11906.023258}, ""io_write_count"": {""mean"": 19.9989285, ""max"": 20.010123}, ""io_read"": {""mean"": 0.0, ""max"": 0.0}, ""io_write"": {""mean"": 0.0, ""max"": 0.0}, ""gpu_util_avg"": {""mean"": 0.0, ""max"": 0.0}, ""gpu_util_min"": {""mean"": 0.0, ""max"": 0.0}, ""gpu_util_max"": {""mean"": 0.0, ""max"": 0.0}, ""gpu_util_0"": {""mean"": 0.0, ""max"": 0.0}, ""gpu_band_avg"": {""mean"": 0.0, ""max"": 0.0}, ""gpu_band_min"": {""mean"": 0.0, ""max"": 0.0}, ""gpu_band_max"": {""mean"": 0.0, ""max"": 0.0}, ""gpu_band_0"": {""mean"": 0.0, ""max"": 0.0}, ""gpu_mem_avg"": {""mean"": 0.0, ""max"": 0.0}, ""gpu_mem_min"": {""mean"": 0.0, ""max"": 0.0}, ""gpu_mem_max"": {""mean"": 0.0, ""max"": 0.0}, ""gpu_mem_0"": {""mean"": 0.0, ""max"": 0.0}}","{""total"": {""kind"": ""scalar"", ""value"": 1999999000000.0}}",,
fast_rewrite,loop,full,full,False,1,1,ok,0.235395,3.0765,3.0958,,"{""cpu_util_avg"": {""mean"": 8.997475, ""max"": 11.667035}, ""cpu_util_min"": {""mean"": 8.997475, ""max"": 11.667035}, ""cpu_util_max"": {""mean"": 8.997475, ""max"": 11.667035}, ""cpu_util_0"": {""mean"": 8.997475, ""max"": 11.667035}, ""cpu_util_1"": {""mean"": 8.997475, ""max"": 11.667035}, ""cpu_util_2"": {""mean"": 8.997475, ""max"": 11.667035}, ""cpu_util_3"": {""mean"": 8.997475, ""max"": 11.667035}, ""cpu_util_4"": {""mean"": 8.997475, ""max"": 11.667035}, ""cpu_util_5"": {""mean"": 8.997475, ""max"": 11.667035}, ""cpu_util_6"": {""mean"": 8.997475, ""max"": 11.667035}, ""cpu_util_7"": {""mean"": 8.997475, ""max"": 11.667035}, ""cpu_util_8"": {""mean"": 8.997475, ""max"": 11.667035}, ""cpu_util_9"": {""mean"": 8.997475, ""max"": 11.667035}, ""cpu_util_10"": {""mean"": 8.997475, ""max"": 11.667035}, ""cpu_util_11"": {""mean"": 8.997475, ""max"": 11.667035}, ""memory"": {""mean"": 0.22694, ""max"": 0.227184}, ""io_read_count"": {""mean"": 9776.78936, ""max"": 12394.236268}, ""io_write_count"": {""mean"": 16.0011574, ""max"": 20.022999}, ""io_read"": {""mean"": 0.0, ""max"": 0.0}, ""io_write"": {""mean"": 0.0, ""max"": 0.0}, ""gpu_util_avg"": {""mean"": 0.0, ""max"": 0.0}, ""gpu_util_min"": {""mean"": 0.0, ""max"": 0.0}, ""gpu_util_max"": {""mean"": 0.0, ""max"": 0.0}, ""gpu_util_0"": {""mean"": 0.0, ""max"": 0.0}, ""gpu_band_avg"": {""mean"": 0.0, ""max"": 0.0}, ""gpu_band_min"": {""mean"": 0.0, ""max"": 0.0}, ""gpu_band_max"": {""mean"": 0.0, ""max"": 0.0}, ""gpu_band_0"": {""mean"": 0.0, ""max"": 0.0}, ""gpu_mem_avg"": {""mean"": 0.0, ""max"": 0.0}, ""gpu_mem_min"": {""mean"": 0.0, ""max"": 0.0}, ""gpu_mem_max"": {""mean"": 0.0, ""max"": 0.0}, ""gpu_mem_0"": {""mean"": 0.0, ""max"": 0.0}}","{""total"": {""kind"": ""scalar"", ""value"": 1999999000000.0}}",,
fast_rewrite,vectorized,fork,fork,False,1,0,ok,0.00169,0.1424,0.1563,,{},"{""total"": {""kind"": ""scalar"", ""value"": 1999999000000.0}}",,
fast_rewrite,vectorized,full,full,False,1,1,ok,0.001277,2.7688,2.779,,{},"{""total"": {""kind"": ""scalar"", ""value"": 1999999000000.0}}",,
fast_rewrite,loop,full,full,False,2,0,ok,0.225452,3.0589,3.0793,,"{""cpu_util_avg"": {""mean"": 9.58177575, ""max"": 10.006161}, ""cpu_util_min"": {""mean"": 9.58177575, ""max"": 10.006161}, ""cpu_util_max"": {""mean"": 9.58177575, ""max"": 10.006161}, ""cpu_util_0"": {""mean"": 9.58177575, ""max"": 10.006161}, ""cpu_util_1"": {""mean"": 9.58177575, ""max"": 10.006161}, ""cpu_util_2"": {""mean"": 9.58177575, ""max"": 10.006161}, ""cpu_util_3"": {""mean"": 9.58177575, ""max"": 10.006161}, ""cpu_util_4"": {""mean"": 9.58177575, ""max"": 10.006161}, ""cpu_util_5"": {""mean"": 9.58177575, ""max"": 10.006161}, ""cpu_util_6"": {""mean"": 9.58177575, ""max"": 10.006161}, ""cpu_util_7"": {""mean"": 9.58177575, ""max"": 10.006161}, ""cpu_util_8"": {""mean"": 9.58177575, ""max"": 10.006161}, ""cpu_util_9"": {""mean"": 9.58177575, ""max"": 10.006161}, ""cpu_util_10"": {""mean"": 9.58177575, ""max"": 10.006161}, ""cpu_util_11"": {""mean"": 9.58177575, ""max"": 10.006161}, ""memory"": {""mean"": 0.22573475, ""max"": 0.22604}, ""io_read_count"": {""mean"": 8880.7628975, ""max"": 11847.294378}, ""io_write_count"": {""mean"": 15.00128875, ""max"": 20.012322}, ""io_read"": {""mean"": 0.0, ""max"": 0.0}, ""io_write"": {""mean"": 0.0, ""max"": 0.0}, ""gpu_util_avg"": {""mean"": 0.0, ""max"": 0.0}, ""gpu_util_min"": {""mean"": 0.0, ""max"": 0.0}, ""gpu_util_max"": {""mean"": 0.0, ""max"": 0.0}, ""gpu_util_0"": {""mean"": 0.0, ""max"": 0.0}, ""gpu_band_avg"": {""mean"": 0.0, ""max"": 0.0}, ""gpu_band_min"": {""mean"": 0.0, ""max"": 0.0}, ""gpu_band_max"": {""mean"": 0.0, ""max"": 0.0}, ""gpu_band_0"": {""mean"": 0.0, ""max"": 0.0}, ""gpu_mem_avg"": {""mean"": 0.0, ""max"": 0.0}, ""gpu_mem_min"": {""mean"": 0.0, ""max"": 0.0}, ""gpu_mem_max"": {""mean"": 0.0, ""max"": 0.0}, ""gpu_mem_0"": {""mean"": 0.0, ""max"": 0.0}}","{""total"": {""kind"": ""scalar"", ""value"": 1999999000000.0}}",,
fast_rewrite,loop,fork,fork,False,2,1,ok,0.292625,0.4393,0.4609,,"{""cpu_util_avg"": {""mean"": 9.445550166666667, ""max"": 11.668356}, ""cpu_util_min"": {""mean"": 9.445550166666667, ""max"": 11.668356}, ""cpu_util_max"": {""mean"": 9.445550166666667, ""max"": 11.668356}, ""cpu_util_0"": {""mean"": 9.445550166666667, ""max"": 11.668356}, ""cpu_util_1"": {""mean"": 9.445550166666667, ""max"": 11.668356}, ""cpu_util_2"": {""mean"": 9.445550166666667, ""max"": 11.668356}, ""cpu_util_3"": {""mean"": 9.445550166666667, ""max"": 11.668356}, ""cpu_util_4"": {""mean"": 9.445550166666667, ""max"": 11.668356}, ""cpu_util_5"": {""mean"": 9.445550166666667, ""max"": 11.668356}, ""cpu_util_6"": {""mean"": 9.445550166666667, ""max"": 11.668356}, ""cpu_util_7"": {""mean"": 9.445550166666667, ""max"": 11.668356}, ""cpu_util_8"": {""mean"": 9.445550166666667, ""max"": 11.668356}, ""cpu_util_9"": {""mean"": 9.445550166666667, ""max"": 11.668356}, ""cpu_util_10"": {""mean"": 9.445550166666667, ""max"": 11.668356}, ""cpu_util_11"": {""mean"": 9.445550166666667, ""max"": 11.668356}, ""memory"": {""mean"": 0.5177853333333333, ""max"": 0.517948}, ""io_read_count"": {""mean"": 11924.829827333333, ""max"": 12047.628559}, ""io_write_count"": {""mean"": 20.002490333333334, ""max"": 20.012672}, ""io_read"": {""mean"": 0.0, ""max"": 0.0}, ""io_write"": {""mean"": 0.0, ""max"": 0.0}, ""gpu_util_avg"": {""mean"": 0.0, ""max"": 0.0}, ""gpu_util_min"": {""mean"": 0.0, ""max"": 0.0}, ""gpu_util_max"": {""mean"": 0.0, ""max"": 0.0}, ""gpu_util_0"": {""mean"": 0.0, ""max"": 0.0}, ""gpu_band_avg"": {""mean"": 0.0, ""max"": 0.0}, ""gpu_band_min"": {""mean"": 0.0, ""max"": 0.0}, ""gpu_band_max"": {""mean"": 0.0, ""max"": 0.0}, ""gpu_band_0"": {""mean"": 0.0, ""max"": 0.0}, ""gpu_mem_avg"": {""mean"": 0.0, ""max"": 0.0}, ""gpu_mem_min"": {""mean"": 0.0, ""max"": 0.0}, ""gpu_mem_max"": {""mean"": 0.0, ""max"": 0.0}, ""gpu_mem_0"": {""mean"": 0.0, ""max"": 0.0}}","{""total"": {""kind"": ""scalar"", ""value"": 1999999000000.0}}",,
fast_rewrite,vectorized,full,full,False,2,0,ok,0.000927,2.8412,2.8504,,{},"{""total"": {""kind"": ""scalar"", ""value"": 1999999000000.0}}",,
fast_rewrite,vectorized,fork,fork,False,2,1,ok,0.001522,0.1418,0.1554,,{},"{""total"": {""kind"": ""scalar"", ""value"": 1999999000000.0}}",,
fast_rewrite,loop,fork,fork,False,3,0,ok,0.277972,0.4154,0.4333,,"{""cpu_util_avg"": {""mean"": 9.7213985, ""max"": 11.665297}, ""cpu_util_min"": {""mean"": 9.7213985, ""max"": 11.665297}, ""cpu_util_max"": {""mean"": 9.7213985, ""max"": 11.665297}, ""cpu_util_0"": {""mean"": 9.7213985, ""max"": 11.665297}, ""cpu_util_1"": {""mean"": 9.7213985, ""max"": 11.665297}, ""cpu_util_2"": {""mean"": 9.7213985, ""max"": 11.665297}, ""cpu_util_3"": {""mean"": 9.7213985, ""max"": 11.665297}, ""cpu_util_4"": {""mean"": 9.7213985, ""max"": 11.665297}, ""cpu_util_5"": {""mean"": 9.7213985, ""max"": 11.665297}, ""cpu_util_6"": {""mean"": 9.7213985, ""max"": 11.665297}, ""cpu_util_7"": {""mean"": 9.7213985, ""max"": 11.665297}, ""cpu_util_8"": {""mean"": 9.7213985, ""max"": 11.665297}, ""cpu_util_9"": {""mean"": 9.7213985, ""max"": 11.665297}, ""cpu_util_10"": {""mean"": 9.7213985, ""max"": 11.665297}, ""cpu_util_11"": {""mean"": 9.7213985, ""max"": 11.665297}, ""memory"": {""mean"": 0.5178870000000001, ""max"": 0.517948}, ""io_read_count"": {""mean"": 11899.207729666667, ""max"": 11903.207914}, ""io_write_count"": {""mean"": 19.99866833333333, ""max"": 20.005391}, ""io_read"": {""mean"": 0.0, ""max"": 0.0}, ""io_write"": {""mean"": 0.0, ""max"": 0.0}, ""gpu_util_avg"": {""mean"": 0.0, ""max"": 0.0}, ""gpu_util_min"": {""mean"": 0.0, ""max"": 0.0}, ""gpu_util_max"": {""mean"": 0.0, ""max"": 0.0}, ""gpu_util_0"": {""mean"": 0.0, ""max"": 0.0}, ""gpu_band_avg"": {""mean"": 0.0, ""max"": 0.0}, ""gpu_band_min"": {""mean"": 0.0, ""max"": 0.0}, ""gpu_band_max"": {""mean"": 0.0, ""max"": 0.0}, ""gpu_band_0"": {""mean"": 0.0, ""max"": 0.0}, ""gpu_mem_avg"": {""mean"": 0.0, ""max"": 0.0}, ""gpu_mem_min"": {""mean"": 0.0, ""max"": 0.0}, ""gpu_mem_max"": {""mean"": 0.0, ""max"": 0.0}, ""gpu_mem_0"": {""mean"": 0.0, ""max"": 0.0}}","{""total"": {""kind"": ""scalar"", ""value"": 1999999000000.0}}",,
fast_rewrite,loop,full,full,False,3,1,ok,0.259712,3.6724,3.6946,,"{""cpu_util_avg"": {""mean"": 9.3313126, ""max"": 11.67168}, ""cpu_util_min"": {""mean"": 9.3313126, ""max"": 11.67168}, ""cpu_util_max"": {""mean"": 9.3313126, ""max"": 11.67168}, ""cpu_util_0"": {""mean"": 9.3313126, ""max"": 11.67168}, ""cpu_util_1"": {""mean"": 9.3313126, ""max"": 11.67168}, ""cpu_util_2"": {""mean"": 9.3313126, ""max"": 11.67168}, ""cpu_util_3"": {""mean"": 9.3313126, ""max"": 11.67168}, ""cpu_util_4"": {""mean"": 9.3313126, ""max"": 11.67168}, ""cpu_util_5"": {""mean"": 9.3313126, ""max"": 11.67168}, ""cpu_util_6"": {""mean"": 9.3313126, ""max"": 11.67168}, ""cpu_util_7"": {""mean"": 9.3313126, ""max"": 11.67168}, ""cpu_util_8"": {""mean"": 9.3313126, ""max"": 11.67168}, ""cpu_util_9"": {""mean"": 9.3313126, ""max"": 11.67168}, ""cpu_util_10"": {""mean"": 9.3313126, ""max"": 11.67168}, ""cpu_util_11"": {""mean"": 9.3313126, ""max"": 11.67168}, ""memory"": {""mean"": 0.2267686, ""max"": 0.227013}, ""io_read_count"": {""mean"": 9470.2139574, ""max"": 11845.087938}, ""io_write_count"": {""mean"": 15.996982800000001, ""max"": 20.008594}, ""io_read"": {""mean"": 0.0, ""max"": 0.0}, ""io_write"": {""mean"": 0.0, ""max"": 0.0}, ""gpu_util_avg"": {""mean"": 0.0, ""max"": 0.0}, ""gpu_util_min"": {""mean"": 0.0, ""max"": 0.0}, ""gpu_util_max"": {""mean"": 0.0, ""max"": 0.0}, ""gpu_util_0"": {""mean"": 0.0, ""max"": 0.0}, ""gpu_band_avg"": {""mean"": 0.0, ""max"": 0.0}, ""gpu_band_min"": {""mean"": 0.0, ""max"": 0.0}, ""gpu_band_max"": {""mean"": 0.0, ""max"": 0.0}, ""gpu_band_0"": {""mean"": 0.0, ""max"": 0.0}, ""gpu_mem_avg"": {""mean"": 0.0, ""max"": 0.0}, ""gpu_mem_min"": {""mean"": 0.0, ""max"": 0.0}, ""gpu_mem_max"": {""mean"": 0.0, ""max"": 0.0}, ""gpu_mem_0"": {""mean"": 0.0, ""max"": 0.0}}","{""total"": {""kind"": ""scalar"", ""value"": 1999999000000.0}}",,
fast_rewrite,vectorized,fork,fork,False,3,0,ok,0.001428,0.1533,0.1695,,{},"{""total"": {""kind"": ""scalar"", ""value"": 1999999000000.0}}",,
fast_rewrite,vectorized,full,full,False,3,1,ok,0.000787,3.0591,3.0696,,{},"{""total"": {""kind"": ""scalar"", ""value"": 1999999000000.0}}",,
fast_rewrite,loop,full,full,False,4,0,ok,0.257013,3.3593,3.3786,,"{""cpu_util_avg"": {""mean"": 8.6662686, ""max"": 11.666736}, ""cpu_util_min"": {""mean"": 8.6662686, ""max"": 11.666736}, ""cpu_util_max"": {""mean"": 8.6662686, ""max"": 11.666736}, ""cpu_util_0"": {""mean"": 8.6662686, ""max"": 11.666736}, ""cpu_util_1"": {""mean"": 8.6662686, ""max"": 11.666736}, ""cpu_util_2"": {""mean"": 8.6662686, ""max"": 11.666736}, ""cpu_util_3"": {""mean"": 8.6662686, ""max"": 11.666736}, ""cpu_util_4"": {""mean"": 8.6662686, ""max"": 11.666736}, ""cpu_util_5"": {""mean"": 8.6662686, ""max"": 11.666736}, ""cpu_util_6"": {""mean"": 8.6662686, ""max"": 11.666736}, ""cpu_util_7"": {""mean"": 8.6662686, ""max"": 11.666736}, ""cpu_util_8"": {""mean"": 8.6662686, ""max"": 11.666736}, ""cpu_util_9"": {""mean"": 8.6662686, ""max"": 11.666736}, ""cpu_util_10"": {""mean"": 8.6662686, ""max"": 11.666736}, ""cpu_util_11"": {""mean"": 8.6662686, ""max"": 11.666736}, ""memory"": {""mean"": 0.226383, ""max"": 0.226627}, ""io_read_count"": {""mean"": 9497.8569594, ""max"": 11956.782908}, ""io_write_count"": {""mean"": 16.0031476, ""max"": 20.019583}, ""io_read"": {""mean"": 0.0, ""max"": 0.0}, ""io_write"": {""mean"": 0.0, ""max"": 0.0}, ""gpu_util_avg"": {""mean"": 0.0, ""max"": 0.0}, ""gpu_util_min"": {""mean"": 0.0, ""max"": 0.0}, ""gpu_util_max"": {""mean"": 0.0, ""max"": 0.0}, ""gpu_util_0"": {""mean"": 0.0, ""max"": 0.0}, ""gpu_band_avg"": {""mean"": 0.0, ""max"": 0.0}, ""gpu_band_min"": {""mean"": 0.0, ""max"": 0.0}, ""gpu_band_max"": {""mean"": 0.0, ""max"": 0.0}, ""gpu_band_0"": {""mean"": 0.0, ""max"": 0.0}, ""gpu_mem_avg"": {""mean"": 0.0, ""max"": 0.0}, ""gpu_mem_min"": {""mean"": 0.0, ""max"": 0.0}, ""gpu_mem_max"": {""mean"": 0.0, ""max"": 0.0}, ""gpu_mem_0"": {""mean"": 0.0, ""max"": 0.0}}","{""total"": {""kind"": ""scalar"", ""value"": 1999999000000.0}}",,
fast_rewrite,loop,fork,fork,False,4,1,ok,0.286087,0.4318,0.4498,,"{""cpu_util_avg"": {""mean"": 9.443563166666667, ""max"": 11.677255}, ""cpu_util_min"": {""mean"": 9.443563166666667, ""max"": 11.677255}, ""cpu_util_max"": {""mean"": 9.443563166666667, ""max"": 11.677255}, ""cpu_util_0"": {""mean"": 9.443563166666667, ""max"": 11.677255}, ""cpu_util_1"": {""mean"": 9.443563166666667, ""max"": 11.677255}, ""cpu_util_2"": {""mean"": 9.443563166666667, ""max"": 11.677255}, ""cpu_util_3"": {""mean"": 9.443563166666667, ""max"": 11.677255}, ""cpu_util_4"": {""mean"": 9.443563166666667, ""max"": 11.677255}, ""cpu_util_5"": {""mean"": 9.443563166666667, ""max"": 11.677255}, ""cpu_util_6"": {""mean"": 9.443563166666667, ""max"": 11.677255}, ""cpu_util_7"": {""mean"": 9.443563166666667, ""max"": 11.677255}, ""cpu_util_8"": {""mean"": 9.443563166666667, ""max"": 11.677255}, ""cpu_util_9"": {""mean"": 9.443563166666667, ""max"": 11.677255}, ""cpu_util_10"": {""mean"": 9.443563166666667, ""max"": 11.677255}, ""cpu_util_11"": {""mean"": 9.443563166666667, ""max"": 11.677255}, ""memory"": {""mean"": 0.518379, ""max"": 0.51844}, ""io_read_count"": {""mean"": 11898.513660666666, ""max"": 11910.800236}, ""io_write_count"": {""mean"": 19.997502, ""max"": 20.018152}, ""io_read"": {""mean"": 0.0, ""max"": 0.0}, ""io_write"": {""mean"": 0.0, ""max"": 0.0}, ""gpu_util_avg"": {""mean"": 0.0, ""max"": 0.0}, ""gpu_util_min"": {""mean"": 0.0, ""max"": 0.0}, ""gpu_util_max"": {""mean"": 0.0, ""max"": 0.0}, ""gpu_util_0"": {""mean"": 0.0, ""max"": 0.0}, ""gpu_band_avg"": {""mean"": 0.0, ""max"": 0.0}, ""gpu_band_min"": {""mean"": 0.0, ""max"": 0.0}, ""gpu_band_max"": {""mean"": 0.0, ""max"": 0.0}, ""gpu_band_0"": {""mean"": 0.0, ""max"": 0.0}, ""gpu_mem_avg"": {""mean"": 0.0, ""max"": 0.0}, ""gpu_mem_min"": {""mean"": 0.0, ""max"": 0.0}, ""gpu_mem_max"": {""mean"": 0.0, ""max"": 0.0}, ""gpu_mem_0"": {""mean"": 0.0, ""max"": 0.0}}","{""total"": {""kind"": ""scalar"", ""value"": 1999999000000.0}}",,
fast_rewrite,vectorized,full,full,False,4,0,ok,0.000905,3.011,3.0201,,{},"{""total"": {""kind"": ""scalar"", ""value"": 1999999000000.0}}",,
fast_rewrite,vectorized,fork,fork,False,4,1,ok,0.001408,0.1443,0.1583,,{},"{""total"": {""kind"": ""scalar"", ""value"": 1999999000000.0}}",,
fast_rewrite,loop,fork,fork,False,5,0,ok,0.2841,0.4314,0.4497,,"{""cpu_util_avg"": {""mean"": 9.720726, ""max"": 11.654354}, ""cpu_util_min"": {""mean"": 9.720726, ""max"": 11.654354}, ""cpu_util_max"": {""mean"": 9.720726, ""max"": 11.654354}, ""cpu_util_0"": {""mean"": 9.720726, ""max"": 11.654354}, ""cpu_util_1"": {""mean"": 9.720726, ""max"": 11.654354}, ""cpu_util_2"": {""mean"": 9.720726, ""max"": 11.654354}, ""cpu_util_3"": {""mean"": 9.720726, ""max"": 11.654354}, ""cpu_util_4"": {""mean"": 9.720726, ""max"": 11.654354}, ""cpu_util_5"": {""mean"": 9.720726, ""max"": 11.654354}, ""cpu_util_6"": {""mean"": 9.720726, ""max"": 11.654354}, ""cpu_util_7"": {""mean"": 9.720726, ""max"": 11.654354}, ""cpu_util_8"": {""mean"": 9.720726, ""max"": 11.654354}, ""cpu_util_9"": {""mean"": 9.720726, ""max"": 11.654354}, ""cpu_util_10"": {""mean"": 9.720726, ""max"": 11.654354}, ""cpu_util_11"": {""mean"": 9.720726, ""max"": 11.654354}, ""memory"": {""mean"": 0.5183830000000001, ""max"": 0.518444}, ""io_read_count"": {""mean"": 12438.880169333332, ""max"": 12451.25095}, ""io_write_count"": {""mean"": 19.998199666666665, ""max"": 20.018088}, ""io_read"": {""mean"": 0.0, ""max"": 0.0}, ""io_write"": {""mean"": 0.0, ""max"": 0.0}, ""gpu_util_avg"": {""mean"": 0.0, ""max"": 0.0}, ""gpu_util_min"": {""mean"": 0.0, ""max"": 0.0}, ""gpu_util_max"": {""mean"": 0.0, ""max"": 0.0}, ""gpu_util_0"": {""mean"": 0.0, ""max"": 0.0}, ""gpu_band_avg"": {""mean"": 0.0, ""max"": 0.0}, ""gpu_band_min"": {""mean"": 0.0, ""max"": 0.0}, ""gpu_band_max"": {""mean"": 0.0, ""max"": 0.0}, ""gpu_band_0"": {""mean"": 0.0, ""max"": 0.0}, ""gpu_mem_avg"": {""mean"": 0.0, ""max"": 0.0}, ""gpu_mem_min"": {""mean"": 0.0, ""max"": 0.0}, ""gpu_mem_max"": {""mean"": 0.0, ""max"": 0.0}, ""gpu_mem_0"": {""mean"": 0.0, ""max"": 0.0}}","{""total"": {""kind"": ""scalar"", ""value"": 1999999000000.0}}",,
fast_rewrite,loop,full,full,False,5,1,ok,0.244849,3.2647,3.2839,,"{""cpu_util_avg"": {""mean"": 8.997777600000001, ""max"": 11.667701}, ""cpu_util_min"": {""mean"": 8.997777600000001, ""max"": 11.667701}, ""cpu_util_max"": {""mean"": 8.997777600000001, ""max"": 11.667701}, ""cpu_util_0"": {""mean"": 8.997777600000001, ""max"": 11.667701}, ""cpu_util_1"": {""mean"": 8.997777600000001, ""max"": 11.667701}, ""cpu_util_2"": {""mean"": 8.997777600000001, ""max"": 11.667701}, ""cpu_util_3"": {""mean"": 8.997777600000001, ""max"": 11.667701}, ""cpu_util_4"": {""mean"": 8.997777600000001, ""max"": 11.667701}, ""cpu_util_5"": {""mean"": 8.997777600000001, ""max"": 11.667701}, ""cpu_util_6"": {""mean"": 8.997777600000001, ""max"": 11.667701}, ""cpu_util_7"": {""mean"": 8.997777600000001, ""max"": 11.667701}, ""cpu_util_8"": {""mean"": 8.997777600000001, ""max"": 11.667701}, ""cpu_util_9"": {""mean"": 8.997777600000001, ""max"": 11.667701}, ""cpu_util_10"": {""mean"": 8.997777600000001, ""max"": 11.667701}, ""cpu_util_11"": {""mean"": 8.997777600000001, ""max"": 11.667701}, ""memory"": {""mean"": 0.22631800000000002, ""max"": 0.226562}, ""io_read_count"": {""mean"": 9471.8876858, ""max"": 11845.74495}, ""io_write_count"": {""mean"": 15.999810200000002, ""max"": 20.009704}, ""io_read"": {""mean"": 0.0, ""max"": 0.0}, ""io_write"": {""mean"": 0.0, ""max"": 0.0}, ""gpu_util_avg"": {""mean"": 0.0, ""max"": 0.0}, ""gpu_util_min"": {""mean"": 0.0, ""max"": 0.0}, ""gpu_util_max"": {""mean"": 0.0, ""max"": 0.0}, ""gpu_util_0"": {""mean"": 0.0, ""max"": 0.0}, ""gpu_band_avg"": {""mean"": 0.0, ""max"": 0.0}, ""gpu_band_min"": {""mean"": 0.0, ""max"": 0.0}, ""gpu_band_max"": {""mean"": 0.0, ""max"": 0.0}, ""gpu_band_0"": {""mean"": 0.0, ""max"": 0.0}, ""gpu_mem_avg"": {""mean"": 0.0, ""max"": 0.0}, ""gpu_mem_min"": {""mean"": 0.0, ""max"": 0.0}, ""gpu_mem_max"": {""mean"": 0.0, ""max"": 0.0}, ""gpu_mem_0"": {""mean"": 0.0, ""max"": 0.0}}","{""total"": {""kind"": ""scalar"", ""value"": 1999999000000.0}}",,
fast_rewrite,vectorized,fork,fork,False,5,0,ok,0.001335,0.146,0.1628,,{},"{""total"": {""kind"": ""scalar"", ""value"": 1999999000000.0}}",,
fast_rewrite,vectorized,full,full,False,5,1,ok,0.000982,2.9139,2.9229,,{},"{""total"": {""kind"": ""scalar"", ""value"": 1999999000000.0}}",,
fast_rewrite,loop,full,full,False,6,0,ok,0.250914,3.37,3.3881,,"{""cpu_util_avg"": {""mean"": 9.3311, ""max"": 11.669211}, ""cpu_util_min"": {""mean"": 9.3311, ""max"": 11.669211}, ""cpu_util_max"": {""mean"": 9.3311, ""max"": 11.669211}, ""cpu_util_0"": {""mean"": 9.3311, ""max"": 11.669211}, ""cpu_util_1"": {""mean"": 9.3311, ""max"": 11.669211}, ""cpu_util_2"": {""mean"": 9.3311, ""max"": 11.669211}, ""cpu_util_3"": {""mean"": 9.3311, ""max"": 11.669211}, ""cpu_util_4"": {""mean"": 9.3311, ""max"": 11.669211}, ""cpu_util_5"": {""mean"": 9.3311, ""max"": 11.669211}, ""cpu_util_6"": {""mean"": 9.3311, ""max"": 11.669211}, ""cpu_util_7"": {""mean"": 9.3311, ""max"": 11.669211}, ""cpu_util_8"": {""mean"": 9.3311, ""max"": 11.669211}, ""cpu_util_9"": {""mean"": 9.3311, ""max"": 11.669211}, ""cpu_util_10"": {""mean"": 9.3311, ""max"": 11.669211}, ""cpu_util_11"": {""mean"": 9.3311, ""max"": 11.669211}, ""memory"": {""mean"": 0.2262448, ""max"": 0.226562}, ""io_read_count"": {""mean"": 9556.3780566, ""max"": 12258.932982}, ""io_write_count"": {""mean"": 16.000651, ""max"": 20.016092}, ""io_read"": {""mean"": 0.0, ""max"": 0.0}, ""io_write"": {""mean"": 0.0, ""max"": 0.0}, ""gpu_util_avg"": {""mean"": 0.0, ""max"": 0.0}, ""gpu_util_min"": {""mean"": 0.0, ""max"": 0.0}, ""gpu_util_max"": {""mean"": 0.0, ""max"": 0.0}, ""gpu_util_0"": {""mean"": 0.0, ""max"": 0.0}, ""gpu_band_avg"": {""mean"": 0.0, ""max"": 0.0}, ""gpu_band_min"": {""mean"": 0.0, ""max"": 0.0}, ""gpu_band_max"": {""mean"": 0.0, ""max"": 0.0}, ""gpu_band_0"": {""mean"": 0.0, ""max"": 0.0}, ""gpu_mem_avg"": {""mean"": 0.0, ""max"": 0.0}, ""gpu_mem_min"": {""mean"": 0.0, ""max"": 0.0}, ""gpu_mem_max"": {""mean"": 0.0, ""max"": 0.0}, ""gpu_mem_0"": {""mean"": 0.0, ""max"": 0.0}}","{""total"": {""kind"": ""scalar"", ""value"": 1999999000000.0}}",,
fast_rewrite,loop,fork,fork,False,6,1,ok,0.295285,0.4376,0.4581,,"{""cpu_util_avg"": {""mean"": 9.7239145, ""max"": 11.673955}, ""cpu_util_min"": {""mean"": 9.7239145, ""max"": 11.673955}, ""cpu_util_max"": {""mean"": 9.7239145, ""max"": 11.673955}, ""cpu_util_0"": {""mean"": 9.7239145, ""max"": 11.673955}, ""cpu_util_1"": {""mean"": 9.7239145, ""max"": 11.673955}, ""cpu_util_2"": {""mean"": 9.7239145, ""max"": 11.673955}, ""cpu_util_3"": {""mean"": 9.7239145, ""max"": 11.673955}, ""cpu_util_4"": {""mean"": 9.7239145, ""max"": 11.673955}, ""cpu_util_5"": {""mean"": 9.7239145, ""max"": 11.673955}, ""cpu_util_6"": {""mean"": 9.7239145, ""max"": 11.673955}, ""cpu_util_7"": {""mean"": 9.7239145, ""max"": 11.673955}, ""cpu_util_8"": {""mean"": 9.7239145, ""max"": 11.673955}, ""cpu_util_9"": {""mean"": 9.7239145, ""max"": 11.673955}, ""cpu_util_10"": {""mean"": 9.7239145, ""max"": 11.673955}, ""cpu_util_11"": {""mean"": 9.7239145, ""max"": 11.673955}, ""memory"": {""mean"": 0.518261, ""max"": 0.518322}, ""io_read_count"": {""mean"": 12441.265349333335, ""max"": 12452.818933}, ""io_write_count"": {""mean"": 20.002034166666665, ""max"": 20.020609}, ""io_read"": {""mean"": 0.0, ""max"": 0.0}, ""io_write"": {""mean"": 0.0, ""max"": 0.0}, ""gpu_util_avg"": {""mean"": 0.0, ""max"": 0.0}, ""gpu_util_min"": {""mean"": 0.0, ""max"": 0.0}, ""gpu_util_max"": {""mean"": 0.0, ""max"": 0.0}, ""gpu_util_0"": {""mean"": 0.0, ""max"": 0.0}, ""gpu_band_avg"": {""mean"": 0.0, ""max"": 0.0}, ""gpu_band_min"": {""mean"": 0.0, ""max"": 0.0}, ""gpu_band_max"": {""mean"": 0.0, ""max"": 0.0}, ""gpu_band_0"": {""mean"": 0.0, ""max"": 0.0}, ""gpu_mem_avg"": {""mean"": 0.0, ""max"": 0.0}, ""gpu_mem_min"": {""mean"": 0.0, ""max"": 0.0}, ""gpu_mem_max"": {""mean"": 0.0, ""max"": 0.0}, ""gpu_mem_0"": {""mean"": 0.0, ""max"": 0.0}}","{""total"": {""kind"": ""scalar"", ""value"": 1999999000000.0}}",,
fast_rewrite,vectorized,full,full,False,6,0,ok,0.000825,2.9117,2.921,,{},"{""total"": {""kind"": ""scalar"", ""value"": 1999999000000.0}}",,
fast_rewrite,vectorized,fork,fork,False,6,1,ok,0.001378,0.1417,0.1592,,{},"{""total"": {""kind"": ""scalar"", ""value"": 1999999000000.0}}",,
fast_rewrite,loop,fork,fork,False,7,0,ok,0.292084,0.4365,0.4547,,"{""cpu_util_avg"": {""mean"": 9.444552499999999, ""max"": 10.005466}, ""cpu_util_min"": {""mean"": 9.444552499999999, ""max"": 10.005466}, ""cpu_util_max"": {""mean"": 9.444552499999999, ""max"": 10.005466}, ""cpu_util_0"": {""mean"": 9.444552499999999, ""max"": 10.005466}, ""cpu_util_1"": {""mean"": 9.444552499999999, ""max"": 10.005466}, ""cpu_util_2"": {""mean"": 9.444552499999999, ""max"": 10.005466}, ""cpu_util_3"": {""mean"": 9.444552499999999, ""max"": 10.005466}, ""cpu_util_4"": {""mean"": 9.444552499999999, ""max"": 10.005466}, ""cpu_util_5"": {""mean"": 9.444552499999999, ""max"": 10.005466}, ""cpu_util_6"": {""mean"": 9.444552499999999, ""max"": 10.005466}, ""cpu_util_7"": {""mean"": 9.444552499999999, ""max"": 10.005466}, ""cpu_util_8"": {""mean"": 9.444552499999999, ""max"": 10.005466}, ""cpu_util_9"": {""mean"": 9.444552499999999, ""max"": 10.005466}, ""cpu_util_10"": {""mean"": 9.444552499999999, ""max"": 10.005466}, ""cpu_util_11"": {""mean"": 9.444552499999999, ""max"": 10.005466}, ""memory"": {""mean"": 0.5183830000000001, ""max"": 0.518444}, ""io_read_count"": {""mean"": 11900.1857075, ""max"": 11906.504523}, ""io_write_count"": {""mean"": 20.000312166666667, ""max"": 20.010932}, ""io_read"": {""mean"": 0.0, ""max"": 0.0}, ""io_write"": {""mean"": 0.0, ""max"": 0.0}, ""gpu_util_avg"": {""mean"": 0.0, ""max"": 0.0}, ""gpu_util_min"": {""mean"": 0.0, ""max"": 0.0}, ""gpu_util_max"": {""mean"": 0.0, ""max"": 0.0}, ""gpu_util_0"": {""mean"": 0.0, ""max"": 0.0}, ""gpu_band_avg"": {""mean"": 0.0, ""max"": 0.0}, ""gpu_band_min"": {""mean"": 0.0, ""max"": 0.0}, ""gpu_band_max"": {""mean"": 0.0, ""max"": 0.0}, ""gpu_band_0"": {""mean"": 0.0, ""max"": 0.0}, ""gpu_mem_avg"": {""mean"": 0.0, ""max"": 0.0}, ""gpu_mem_min"": {""mean"": 0.0, ""max"": 0.0}, ""gpu_mem_max"": {""mean"": 0.0, ""max"": 0.0}, ""gpu_mem_0"": {""mean"": 0.0, ""max"": 0.0}}","{""total"": {""kind"": ""scalar"", ""value"": 1999999000000.0}}",,
fast_rewrite,loop,full,full,False,7,1,ok,0.271541,3.673,3.6945,,"{""cpu_util_avg"": {""mean"": 9.6639836, ""max"": 11.662222}, ""cpu_util_min"": {""mean"": 9.6639836, ""max"": 11.662222}, ""cpu_util_max"": {""mean"": 9.6639836, ""max"": 11.662222}, ""cpu_util_0"": {""mean"": 9.6639836, ""max"": 11.662222}, ""cpu_util_1"": {""mean"": 9.6639836, ""max"": 11.662222}, ""cpu_util_2"": {""mean"": 9.6639836, ""max"": 11.662222}, ""cpu_util_3"": {""mean"": 9.6639836, ""max"": 11.662222}, ""cpu_util_4"": {""mean"": 9.6639836, ""max"": 11.662222}, ""cpu_util_5"": {""mean"": 9.6639836, ""max"": 11.662222}, ""cpu_util_6"": {""mean"": 9.6639836, ""max"": 11.662222}, ""cpu_util_7"": {""mean"": 9.6639836, ""max"": 11.662222}, ""cpu_util_8"": {""mean"": 9.6639836, ""max"": 11.662222}, ""cpu_util_9"": {""mean"": 9.6639836, ""max"": 11.662222}, ""cpu_util_10"": {""mean"": 9.6639836, ""max"": 11.662222}, ""cpu_util_11"": {""mean"": 9.6639836, ""max"": 11.662222}, ""memory"": {""mean"": 0.2261126, ""max"": 0.226357}, ""io_read_count"": {""mean"": 9471.719034400001, ""max"": 11843.914176}, ""io_write_count"": {""mean"": 15.999525400000001, ""max"": 20.006612}, ""io_read"": {""mean"": 0.0, ""max"": 0.0}, ""io_write"": {""mean"": 0.0, ""max"": 0.0}, ""gpu_util_avg"": {""mean"": 0.0, ""max"": 0.0}, ""gpu_util_min"": {""mean"": 0.0, ""max"": 0.0}, ""gpu_util_max"": {""mean"": 0.0, ""max"": 0.0}, ""gpu_util_0"": {""mean"": 0.0, ""max"": 0.0}, ""gpu_band_avg"": {""mean"": 0.0, ""max"": 0.0}, ""gpu_band_min"": {""mean"": 0.0, ""max"": 0.0}, ""gpu_band_max"": {""mean"": 0.0, ""max"": 0.0}, ""gpu_band_0"": {""mean"": 0.0, ""max"": 0.0}, ""gpu_mem_avg"": {""mean"": 0.0, ""max"": 0.0}, ""gpu_mem_min"": {""mean"": 0.0, ""max"": 0.0}, ""gpu_mem_max"": {""mean"": 0.0, ""max"": 0.0}, ""gpu_mem_0"": {""mean"": 0.0, ""max"": 0.0}}","{""total"": {""kind"": ""scalar"", ""value"": 1999999000000.0}}",,
fast_rewrite,vectorized,fork,fork,False,7,0,ok,0.001778,0.18,0.1961,,{},"{""total"": {""kind"": ""scalar"", ""value"": 1999999000000.0}}",,
fast_rewrite,vectorized,full,full,False,7,1,ok,0.000964,3.0488,3.0599,,{},"{""total"": {""kind"": ""scalar"", ""value"": 1999999000000.0}}",,
fast_rewrite,loop,full,full,False,8,0,ok,0.235176,3.0513,3.0691,,"{""cpu_util_avg"": {""mean"": 8.9972478, ""max"": 10.000363}, ""cpu_util_min"": {""mean"": 8.9972478, ""max"": 10.000363}, ""cpu_util_max"": {""mean"": 8.9972478, ""max"": 10.000363}, ""cpu_util_0"": {""mean"": 8.9972478, ""max"": 10.000363}, ""cpu_util_1"": {""mean"": 8.9972478, ""max"": 10.000363}, ""cpu_util_2"": {""mean"": 8.9972478, ""max"": 10.000363}, ""cpu_util_3"": {""mean"": 8.9972478, ""max"": 10.000363}, ""cpu_util_4"": {""mean"": 8.9972478, ""max"": 10.000363}, ""cpu_util_5"": {""mean"": 8.9972478, ""max"": 10.000363}, ""cpu_util_6"": {""mean"": 8.9972478, ""max"": 10.000363}, ""cpu_util_7"": {""mean"": 8.9972478, ""max"": 10.000363}, ""cpu_util_8"": {""mean"": 8.9972478, ""max"": 10.000363}, ""cpu_util_9"": {""mean"": 8.9972478, ""max"": 10.000363}, ""cpu_util_10"": {""mean"": 8.9972478, ""max"": 10.000363}, ""cpu_util_11"": {""mean"": 8.9972478, ""max"": 10.000363}, ""memory"": {""mean"": 0.22670379999999998, ""max"": 0.226948}, ""io_read_count"": {""mean"": 9471.62016, ""max"": 11840.429334}, ""io_write_count"": {""mean"": 15.9993584, ""max"": 20.000725}, ""io_read"": {""mean"": 0.0, ""max"": 0.0}, ""io_write"": {""mean"": 0.0, ""max"": 0.0}, ""gpu_util_avg"": {""mean"": 0.0, ""max"": 0.0}, ""gpu_util_min"": {""mean"": 0.0, ""max"": 0.0}, ""gpu_util_max"": {""mean"": 0.0, ""max"": 0.0}, ""gpu_util_0"": {""mean"": 0.0, ""max"": 0.0}, ""gpu_band_avg"": {""mean"": 0.0, ""max"": 0.0}, ""gpu_band_min"": {""mean"": 0.0, ""max"": 0.0}, ""gpu_band_max"": {""mean"": 0.0, ""max"": 0.0}, ""gpu_band_0"": {""mean"": 0.0, ""max"": 0.0}, ""gpu_mem_avg"": {""mean"": 0.0, ""max"": 0.0}, ""gpu_mem_min"": {""mean"": 0.0, ""max"": 0.0}, ""gpu_mem_max"": {""mean"": 0.0, ""max"": 0.0}, ""gpu_mem_0"": {""mean"": 0.0, ""max"": 0.0}}","{""total"": {""kind"": ""scalar"", ""value"": 1999999000000.0}}",,
fast_rewrite,loop,fork,fork,False,8,1,ok,0.290997,0.44,0.4596,,"{""cpu_util_avg"": {""mean"": 9.722437833333334, ""max"": 11.656934}, ""cpu_util_min"": {""mean"": 9.722437833333334, ""max"": 11.656934}, ""cpu_util_max"": {""mean"": 9.722437833333334, ""max"": 11.656934}, ""cpu_util_0"": {""mean"": 9.722437833333334, ""max"": 11.656934}, ""cpu_util_1"": {""mean"": 9.722437833333334, ""max"": 11.656934}, ""cpu_util_2"": {""mean"": 9.722437833333334, ""max"": 11.656934}, ""cpu_util_3"": {""mean"": 9.722437833333334, ""max"": 11.656934}, ""cpu_util_4"": {""mean"": 9.722437833333334, ""max"": 11.656934}, ""cpu_util_5"": {""mean"": 9.722437833333334, ""max"": 11.656934}, ""cpu_util_6"": {""mean"": 9.722437833333334, ""max"": 11.656934}, ""cpu_util_7"": {""mean"": 9.722437833333334, ""max"": 11.656934}, ""cpu_util_8"": {""mean"": 9.722437833333334, ""max"": 11.656934}, ""cpu_util_9"": {""mean"": 9.722437833333334, ""max"": 11.656934}, ""cpu_util_10"": {""mean"": 9.722437833333334, ""max"": 11.656934}, ""cpu_util_11"": {""mean"": 9.722437833333334, ""max"": 11.656934}, ""memory"": {""mean"": 0.5188303333333333, ""max"": 0.518932}, ""io_read_count"": {""mean"": 11900.508430666667, ""max"": 11906.015871}, ""io_write_count"": {""mean"": 20.0008545, ""max"": 20.010111}, ""io_read"": {""mean"": 0.0, ""max"": 0.0}, ""io_write"": {""mean"": 0.0, ""max"": 0.0}, ""gpu_util_avg"": {""mean"": 0.0, ""max"": 0.0}, ""gpu_util_min"": {""mean"": 0.0, ""max"": 0.0}, ""gpu_util_max"": {""mean"": 0.0, ""max"": 0.0}, ""gpu_util_0"": {""mean"": 0.0, ""max"": 0.0}, ""gpu_band_avg"": {""mean"": 0.0, ""max"": 0.0}, ""gpu_band_min"": {""mean"": 0.0, ""max"": 0.0}, ""gpu_band_max"": {""mean"": 0.0, ""max"": 0.0}, ""gpu_band_0"": {""mean"": 0.0, ""max"": 0.0}, ""gpu_mem_avg"": {""mean"": 0.0, ""max"": 0.0}, ""gpu_mem_min"": {""mean"": 0.0, ""max"": 0.0}, ""gpu_mem_max"": {""mean"": 0.0, ""max"": 0.0}, ""gpu_mem_0"": {""mean"": 0.0, ""max"": 0.0}}","{""total"": {""kind"": ""scalar"", ""value"": 1999999000000.0}}",,
fast_rewrite,vectorized,full,full,False,8,0,ok,0.000917,2.8718,2.8827,,{},"{""total"": {""kind"": ""scalar"", ""value"": 1999999000000.0}}",,
fast_rewrite,vectorized,fork,fork,False,8,1,ok,0.00139,0.145,0.1602,,{},"{""total"": {""kind"": ""scalar"", ""value"": 1999999000000.0}}",,
fast_rewrite,loop,fork,fork,False,9,0,ok,0.286371,0.4252,0.4456,,"{""cpu_util_avg"": {""mean"": 9.444481333333334, ""max"": 10.00486}, ""cpu_util_min"": {""mean"": 9.444481333333334, ""max"": 10.00486}, ""cpu_util_max"": {""mean"": 9.444481333333334, ""max"": 10.00486}, ""cpu_util_0"": {""mean"": 9.444481333333334, ""max"": 10.00486}, ""cpu_util_1"": {""mean"": 9.444481333333334, ""max"": 10.00486}, ""cpu_util_2"": {""mean"": 9.444481333333334, ""max"": 10.00486}, ""cpu_util_3"": {""mean"": 9.444481333333334, ""max"": 10.00486}, ""cpu_util_4"": {""mean"": 9.444481333333334, ""max"": 10.00486}, ""cpu_util_5"": {""mean"": 9.444481333333334, ""max"": 10.00486}, ""cpu_util_6"": {""mean"": 9.444481333333334, ""max"": 10.00486}, ""cpu_util_7"": {""mean"": 9.444481333333334, ""max"": 10.00486}, ""cpu_util_8"": {""mean"": 9.444481333333334, ""max"": 10.00486}, ""cpu_util_9"": {""mean"": 9.444481333333334, ""max"": 10.00486}, ""cpu_util_10"": {""mean"": 9.444481333333334, ""max"": 10.00486}, ""cpu_util_11"": {""mean"": 9.444481333333334, ""max"": 10.00486}, ""memory"": {""mean"": 0.518871, ""max"": 0.518932}, ""io_read_count"": {""mean"": 11899.933790333334, ""max"": 11905.783831}, ""io_write_count"": {""mean"": 19.999888666666664, ""max"": 20.009721}, ""io_read"": {""mean"": 0.0, ""max"": 0.0}, ""io_write"": {""mean"": 0.0, ""max"": 0.0}, ""gpu_util_avg"": {""mean"": 0.0, ""max"": 0.0}, ""gpu_util_min"": {""mean"": 0.0, ""max"": 0.0}, ""gpu_util_max"": {""mean"": 0.0, ""max"": 0.0}, ""gpu_util_0"": {""mean"": 0.0, ""max"": 0.0}, ""gpu_band_avg"": {""mean"": 0.0, ""max"": 0.0}, ""gpu_band_min"": {""mean"": 0.0, ""max"": 0.0}, ""gpu_band_max"": {""mean"": 0.0, ""max"": 0.0}, ""gpu_band_0"": {""mean"": 0.0, ""max"": 0.0}, ""gpu_mem_avg"": {""mean"": 0.0, ""max"": 0.0}, ""gpu_mem_min"": {""mean"": 0.0, ""max"": 0.0}, ""gpu_mem_max"": {""mean"": 0.0, ""max"": 0.0}, ""gpu_mem_0"": {""mean"": 0.0, ""max"": 0.0}}","{""total"": {""kind"": ""scalar"", ""value"": 1999999000000.0}}",,
fast_rewrite,loop,full,full,False,9,1,ok,0.231496,3.1128,3.1322,,"{""cpu_util_avg"": {""mean"": 8.997862399999999, ""max"": 9.999572}, ""cpu_util_min"": {""mean"": 8.997862399999999, ""max"": 9.999572}, ""cpu_util_max"": {""mean"": 8.997862399999999, ""max"": 9.999572}, ""cpu_util_0"": {""mean"": 8.997862399999999, ""max"": 9.999572}, ""cpu_util_1"": {""mean"": 8.997862399999999, ""max"": 9.999572}, ""cpu_util_2"": {""mean"": 8.997862399999999, ""max"": 9.999572}, ""cpu_util_3"": {""mean"": 8.997862399999999, ""max"": 9.999572}, ""cpu_util_4"": {""mean"": 8.997862399999999, ""max"": 9.999572}, ""cpu_util_5"": {""mean"": 8.997862399999999, ""max"": 9.999572}, ""cpu_util_6"": {""mean"": 8.997862399999999, ""max"": 9.999572}, ""cpu_util_7"": {""mean"": 8.997862399999999, ""max"": 9.999572}, ""cpu_util_8"": {""mean"": 8.997862399999999, ""max"": 9.999572}, ""cpu_util_9"": {""mean"": 8.997862399999999, ""max"": 9.999572}, ""cpu_util_10"": {""mean"": 8.997862399999999, ""max"": 9.999572}, ""cpu_util_11"": {""mean"": 8.997862399999999, ""max"": 9.999572}, ""memory"": {""mean"": 0.22651440000000003, ""max"": 0.226734}, ""io_read_count"": {""mean"": 9488.601867200001, ""max"": 11921.417934}, ""io_write_count"": {""mean"": 16.0010136, ""max"": 20.006494}, ""io_read"": {""mean"": 0.0, ""max"": 0.0}, ""io_write"": {""mean"": 0.0, ""max"": 0.0}, ""gpu_util_avg"": {""mean"": 0.0, ""max"": 0.0}, ""gpu_util_min"": {""mean"": 0.0, ""max"": 0.0}, ""gpu_util_max"": {""mean"": 0.0, ""max"": 0.0}, ""gpu_util_0"": {""mean"": 0.0, ""max"": 0.0}, ""gpu_band_avg"": {""mean"": 0.0, ""max"": 0.0}, ""gpu_band_min"": {""mean"": 0.0, ""max"": 0.0}, ""gpu_band_max"": {""mean"": 0.0, ""max"": 0.0}, ""gpu_band_0"": {""mean"": 0.0, ""max"": 0.0}, ""gpu_mem_avg"": {""mean"": 0.0, ""max"": 0.0}, ""gpu_mem_min"": {""mean"": 0.0, ""max"": 0.0}, ""gpu_mem_max"": {""mean"": 0.0, ""max"": 0.0}, ""gpu_mem_0"": {""mean"": 0.0, ""max"": 0.0}}","{""total"": {""kind"": ""scalar"", ""value"": 1999999000000.0}}",,
fast_rewrite,vectorized,fork,fork,False,9,0,ok,0.001413,0.1388,0.1531,,{},"{""total"": {""kind"": ""scalar"", ""value"": 1999999000000.0}}",,
fast_rewrite,vectorized,full,full,False,9,1,ok,0.000859,2.8755,2.8844,,{},"{""total"": {""kind"": ""scalar"", ""value"": 1999999000000.0}}",,
fast_rewrite,loop,full,full,False,10,0,ok,0.242199,3.1171,3.1345,,"{""cpu_util_avg"": {""mean"": 9.663991000000001, ""max"": 10.008618}, ""cpu_util_min"": {""mean"": 9.663991000000001, ""max"": 10.008618}, ""cpu_util_max"": {""mean"": 9.663991000000001, ""max"": 10.008618}, ""cpu_util_0"": {""mean"": 9.663991000000001, ""max"": 10.008618}, ""cpu_util_1"": {""mean"": 9.663991000000001, ""max"": 10.008618}, ""cpu_util_2"": {""mean"": 9.663991000000001, ""max"": 10.008618}, ""cpu_util_3"": {""mean"": 9.663991000000001, ""max"": 10.008618}, ""cpu_util_4"": {""mean"": 9.663991000000001, ""max"": 10.008618}, ""cpu_util_5"": {""mean"": 9.663991000000001, ""max"": 10.008618}, ""cpu_util_6"": {""mean"": 9.663991000000001, ""max"": 10.008618}, ""cpu_util_7"": {""mean"": 9.663991000000001, ""max"": 10.008618}, ""cpu_util_8"": {""mean"": 9.663991000000001, ""max"": 10.008618}, ""cpu_util_9"": {""mean"": 9.663991000000001, ""max"": 10.008618}, ""cpu_util_10"": {""mean"": 9.663991000000001, ""max"": 10.008618}, ""cpu_util_11"": {""mean"": 9.663991000000001, ""max"": 10.008618}, ""memory"": {""mean"": 0.22586940000000003, ""max"": 0.226089}, ""io_read_count"": {""mean"": 9471.6959092, ""max"": 11850.203737}, ""io_write_count"": {""mean"": 15.9994864, ""max"": 20.017236}, ""io_read"": {""mean"": 0.0, ""max"": 0.0}, ""io_write"": {""mean"": 0.0, ""max"": 0.0}, ""gpu_util_avg"": {""mean"": 0.0, ""max"": 0.0}, ""gpu_util_min"": {""mean"": 0.0, ""max"": 0.0}, ""gpu_util_max"": {""mean"": 0.0, ""max"": 0.0}, ""gpu_util_0"": {""mean"": 0.0, ""max"": 0.0}, ""gpu_band_avg"": {""mean"": 0.0, ""max"": 0.0}, ""gpu_band_min"": {""mean"": 0.0, ""max"": 0.0}, ""gpu_band_max"": {""mean"": 0.0, ""max"": 0.0}, ""gpu_band_0"": {""mean"": 0.0, ""max"": 0.0}, ""gpu_mem_avg"": {""mean"": 0.0, ""max"": 0.0}, ""gpu_mem_min"": {""mean"": 0.0, ""max"": 0.0}, ""gpu_mem_max"": {""mean"": 0.0, ""max"": 0.0}, ""gpu_mem_0"": {""mean"": 0.0, ""max"": 0.0}}","{""total"": {""kind"": ""scalar"", ""value"": 1999999000000.0}}",,
fast_rewrite,loop,fork,fork,False,10,1,ok,0.268147,0.4078,0.4245,,"{""cpu_util_avg"": {""mean"": 10.000116333333333, ""max"": 11.673731}, ""cpu_util_min"": {""mean"": 10.000116333333333, ""max"": 11.673731}, ""cpu_util_max"": {""mean"": 10.000116333333333, ""max"": 11.673731}, ""cpu_util_0"": {""mean"": 10.000116333333333, ""max"": 11.673731}, ""cpu_util_1"": {""mean"": 10.000116333333333, ""max"": 11.673731}, ""cpu_util_2"": {""mean"": 10.000116333333333, ""max"": 11.673731}, ""cpu_util_3"": {""mean"": 10.000116333333333, ""max"": 11.673731}, ""cpu_util_4"": {""mean"": 10.000116333333333, ""max"": 11.673731}, ""cpu_util_5"": {""mean"": 10.000116333333333, ""max"": 11.673731}, ""cpu_util_6"": {""mean"": 10.000116333333333, ""max"": 11.673731}, ""cpu_util_7"": {""mean"": 10.000116333333333, ""max"": 11.673731}, ""cpu_util_8"": {""mean"": 10.000116333333333, ""max"": 11.673731}, ""cpu_util_9"": {""mean"": 10.000116333333333, ""max"": 11.673731}, ""cpu_util_10"": {""mean"": 10.000116333333333, ""max"": 11.673731}, ""cpu_util_11"": {""mean"": 10.000116333333333, ""max"": 11.673731}, ""memory"": {""mean"": 0.4959559999999999, ""max"": 0.519176}, ""io_read_count"": {""mean"": 11272.991969166666, ""max"": 11907.205764}, ""io_write_count"": {""mean"": 19.9997975, ""max"": 20.012111}, ""io_read"": {""mean"": 0.0, ""max"": 0.0}, ""io_write"": {""mean"": 0.0, ""max"": 0.0}, ""gpu_util_avg"": {""mean"": 0.0, ""max"": 0.0}, ""gpu_util_min"": {""mean"": 0.0, ""max"": 0.0}, ""gpu_util_max"": {""mean"": 0.0, ""max"": 0.0}, ""gpu_util_0"": {""mean"": 0.0, ""max"": 0.0}, ""gpu_band_avg"": {""mean"": 0.0, ""max"": 0.0}, ""gpu_band_min"": {""mean"": 0.0, ""max"": 0.0}, ""gpu_band_max"": {""mean"": 0.0, ""max"": 0.0}, ""gpu_band_0"": {""mean"": 0.0, ""max"": 0.0}, ""gpu_mem_avg"": {""mean"": 0.0, ""max"": 0.0}, ""gpu_mem_min"": {""mean"": 0.0, ""max"": 0.0}, ""gpu_mem_max"": {""mean"": 0.0, ""max"": 0.0}, ""gpu_mem_0"": {""mean"": 0.0, ""max"": 0.0}}","{""total"": {""kind"": ""scalar"", ""value"": 1999999000000.0}}",,
fast_rewrite,vectorized,full,full,False,10,0,ok,0.000968,2.7214,2.73,,{},"{""total"": {""kind"": ""scalar"", ""value"": 1999999000000.0}}",,
fast_rewrite,vectorized,fork,fork,False,10,1,ok,0.001346,0.1387,0.1542,,{},"{""total"": {""kind"": ""scalar"", ""value"": 1999999000000.0}}",,
thread_pool,matmul,full,full,False,0,0,ok,0.050034,5.0792,5.1089,,"{""cpu_util_avg"": {""mean"": 58.338517, ""max"": 58.338517}, ""cpu_util_min"": {""mean"": 58.338517, ""max"": 58.338517}, ""cpu_util_max"": {""mean"": 58.338517, ""max"": 58.338517}, ""cpu_util_0"": {""mean"": 58.338517, ""max"": 58.338517}, ""cpu_util_1"": {""mean"": 58.338517, ""max"": 58.338517}, ""cpu_util_2"": {""mean"": 58.338517, ""max"": 58.338517}, ""cpu_util_3"": {""mean"": 58.338517, ""max"": 58.338517}, ""cpu_util_4"": {""mean"": 58.338517, ""max"": 58.338517}, ""cpu_util_5"": {""mean"": 58.338517, ""max"": 58.338517}, ""cpu_util_6"": {""mean"": 58.338517, ""max"": 58.338517}, ""cpu_util_7"": {""mean"": 58.338517, ""max"": 58.338517}, ""cpu_util_8"": {""mean"": 58.338517, ""max"": 58.338517}, ""cpu_util_9"": {""mean"": 58.338517, ""max"": 58.338517}, ""cpu_util_10"": {""mean"": 58.338517, ""max"": 58.338517}, ""cpu_util_11"": {""mean"": 58.338517, ""max"": 58.338517}, ""memory"": {""mean"": 0.568375, ""max"": 0.568375}, ""io_read_count"": {""mean"": 11841.052196, ""max"": 11841.052196}, ""io_write_count"": {""mean"": 20.001777, ""max"": 20.001777}, ""io_read"": {""mean"": 0.0, ""max"": 0.0}, ""io_write"": {""mean"": 0.0, ""max"": 0.0}, ""gpu_util_avg"": {""mean"": 0.0, ""max"": 0.0}, ""gpu_util_min"": {""mean"": 0.0, ""max"": 0.0}, ""gpu_util_max"": {""mean"": 0.0, ""max"": 0.0}, ""gpu_util_0"": {""mean"": 0.0, ""max"": 0.0}, ""gpu_band_avg"": {""mean"": 0.0, ""max"": 0.0}, ""gpu_band_min"": {""mean"": 0.0, ""max"": 0.0}, ""gpu_band_max"": {""mean"": 0.0, ""max"": 0.0}, ""gpu_band_0"": {""mean"": 0.0, ""max"": 0.0}, ""gpu_mem_avg"": {""mean"": 0.0, ""max"": 0.0}, ""gpu_mem_min"": {""mean"": 0.0, ""max"": 0.0}, ""gpu_mem_max"": {""mean"": 0.0, ""max"": 0.0}, ""gpu_mem_0"": {""mean"": 0.0, ""max"": 0.0}}","{""product"": {""kind"": ""array"", ""shape"": [2000, 2000], ""dtype"": ""torch.float32"", ""mean"": 499.5779724121094, ""std"": 9.78193473815918, ""min"": 450.4307861328125, ""max"": 549.57421875}}",,
thread_pool,matmul,fork,fork,False,0,1,timeout,,,15.0699,,{},{},,Exceeded the 15s budget and was killed.
thread_pool,matmul,fork,fork,False,1,0,timeout,,,15.066,,{},{},,Exceeded the 15s budget and was killed.
thread_pool,matmul,full,full,False,1,1,ok,0.046831,5.2387,5.2583,,"{""cpu_util_avg"": {""mean"": 56.67163, ""max"": 56.67163}, ""cpu_util_min"": {""mean"": 56.67163, ""max"": 56.67163}, ""cpu_util_max"": {""mean"": 56.67163, ""max"": 56.67163}, ""cpu_util_0"": {""mean"": 56.67163, ""max"": 56.67163}, ""cpu_util_1"": {""mean"": 56.67163, ""max"": 56.67163}, ""cpu_util_2"": {""mean"": 56.67163, ""max"": 56.67163}, ""cpu_util_3"": {""mean"": 56.67163, ""max"": 56.67163}, ""cpu_util_4"": {""mean"": 56.67163, ""max"": 56.67163}, ""cpu_util_5"": {""mean"": 56.67163, ""max"": 56.67163}, ""cpu_util_6"": {""mean"": 56.67163, ""max"": 56.67163}, ""cpu_util_7"": {""mean"": 56.67163, ""max"": 56.67163}, ""cpu_util_8"": {""mean"": 56.67163, ""max"": 56.67163}, ""cpu_util_9"": {""mean"": 56.67163, ""max"": 56.67163}, ""cpu_util_10"": {""mean"": 56.67163, ""max"": 56.67163}, ""cpu_util_11"": {""mean"": 56.67163, ""max"": 56.67163}, ""memory"": {""mean"": 0.570595, ""max"": 0.570595}, ""io_read_count"": {""mean"": 11841.037037, ""max"": 11841.037037}, ""io_write_count"": {""mean"": 20.001752, ""max"": 20.001752}, ""io_read"": {""mean"": 0.0, ""max"": 0.0}, ""io_write"": {""mean"": 0.0, ""max"": 0.0}, ""gpu_util_avg"": {""mean"": 0.0, ""max"": 0.0}, ""gpu_util_min"": {""mean"": 0.0, ""max"": 0.0}, ""gpu_util_max"": {""mean"": 0.0, ""max"": 0.0}, ""gpu_util_0"": {""mean"": 0.0, ""max"": 0.0}, ""gpu_band_avg"": {""mean"": 0.0, ""max"": 0.0}, ""gpu_band_min"": {""mean"": 0.0, ""max"": 0.0}, ""gpu_band_max"": {""mean"": 0.0, ""max"": 0.0}, ""gpu_band_0"": {""mean"": 0.0, ""max"": 0.0}, ""gpu_mem_avg"": {""mean"": 0.0, ""max"": 0.0}, ""gpu_mem_min"": {""mean"": 0.0, ""max"": 0.0}, ""gpu_mem_max"": {""mean"": 0.0, ""max"": 0.0}, ""gpu_mem_0"": {""mean"": 0.0, ""max"": 0.0}}","{""product"": {""kind"": ""array"", ""shape"": [2000, 2000], ""dtype"": ""torch.float32"", ""mean"": 500.02484130859375, ""std"": 9.745658874511719, ""min"": 453.2021484375, ""max"": 548.2332153320312}}",,
thread_pool,matmul,full,full,False,2,0,ok,0.048831,5.139,5.1611,,"{""cpu_util_avg"": {""mean"": 51.671723, ""max"": 51.671723}, ""cpu_util_min"": {""mean"": 51.671723, ""max"": 51.671723}, ""cpu_util_max"": {""mean"": 51.671723, ""max"": 51.671723}, ""cpu_util_0"": {""mean"": 51.671723, ""max"": 51.671723}, ""cpu_util_1"": {""mean"": 51.671723, ""max"": 51.671723}, ""cpu_util_2"": {""mean"": 51.671723, ""max"": 51.671723}, ""cpu_util_3"": {""mean"": 51.671723, ""max"": 51.671723}, ""cpu_util_4"": {""mean"": 51.671723, ""max"": 51.671723}, ""cpu_util_5"": {""mean"": 51.671723, ""max"": 51.671723}, ""cpu_util_6"": {""mean"": 51.671723, ""max"": 51.671723}, ""cpu_util_7"": {""mean"": 51.671723, ""max"": 51.671723}, ""cpu_util_8"": {""mean"": 51.671723, ""max"": 51.671723}, ""cpu_util_9"": {""mean"": 51.671723, ""max"": 51.671723}, ""cpu_util_10"": {""mean"": 51.671723, ""max"": 51.671723}, ""cpu_util_11"": {""mean"": 51.671723, ""max"": 51.671723}, ""memory"": {""mean"": 0.567863, ""max"": 0.567863}, ""io_read_count"": {""mean"": 11841.158775, ""max"": 11841.158775}, ""io_write_count"": {""mean"": 20.001957, ""max"": 20.001957}, ""io_read"": {""mean"": 0.0, ""max"": 0.0}, ""io_write"": {""mean"": 0.0, ""max"": 0.0}, ""gpu_util_avg"": {""mean"": 0.0, ""max"": 0.0}, ""gpu_util_min"": {""mean"": 0.0, ""max"": 0.0}, ""gpu_util_max"": {""mean"": 0.0, ""max"": 0.0}, ""gpu_util_0"": {""mean"": 0.0, ""max"": 0.0}, ""gpu_band_avg"": {""mean"": 0.0, ""max"": 0.0}, ""gpu_band_min"": {""mean"": 0.0, ""max"": 0.0}, ""gpu_band_max"": {""mean"": 0.0, ""max"": 0.0}, ""gpu_band_0"": {""mean"": 0.0, ""max"": 0.0}, ""gpu_mem_avg"": {""mean"": 0.0, ""max"": 0.0}, ""gpu_mem_min"": {""mean"": 0.0, ""max"": 0.0}, ""gpu_mem_max"": {""mean"": 0.0, ""max"": 0.0}, ""gpu_mem_0"": {""mean"": 0.0, ""max"": 0.0}}","{""product"": {""kind"": ""array"", ""shape"": [2000, 2000], ""dtype"": ""torch.float32"", ""mean"": 500.0657043457031, ""std"": 9.792763710021973, ""min"": 451.8952941894531, ""max"": 560.1300659179688}}",,
thread_pool,matmul,fork,fork,False,2,1,timeout,,,15.0626,,{},{},,Exceeded the 15s budget and was killed.
thread_pool,matmul,fork,fork,False,3,0,timeout,,,15.0639,,{},{},,Exceeded the 15s budget and was killed.
thread_pool,matmul,full,full,False,3,1,ok,0.086373,5.3283,5.3552,,"{""cpu_util_avg"": {""mean"": 53.331618, ""max"": 54.985644}, ""cpu_util_min"": {""mean"": 53.331618, ""max"": 54.985644}, ""cpu_util_max"": {""mean"": 53.331618, ""max"": 54.985644}, ""cpu_util_0"": {""mean"": 53.331618, ""max"": 54.985644}, ""cpu_util_1"": {""mean"": 53.331618, ""max"": 54.985644}, ""cpu_util_2"": {""mean"": 53.331618, ""max"": 54.985644}, ""cpu_util_3"": {""mean"": 53.331618, ""max"": 54.985644}, ""cpu_util_4"": {""mean"": 53.331618, ""max"": 54.985644}, ""cpu_util_5"": {""mean"": 53.331618, ""max"": 54.985644}, ""cpu_util_6"": {""mean"": 53.331618, ""max"": 54.985644}, ""cpu_util_7"": {""mean"": 53.331618, ""max"": 54.985644}, ""cpu_util_8"": {""mean"": 53.331618, ""max"": 54.985644}, ""cpu_util_9"": {""mean"": 53.331618, ""max"": 54.985644}, ""cpu_util_10"": {""mean"": 53.331618, ""max"": 54.985644}, ""cpu_util_11"": {""mean"": 53.331618, ""max"": 54.985644}, ""memory"": {""mean"": 0.568123, ""max"": 0.568123}, ""io_read_count"": {""mean"": 11839.706681, ""max"": 11842.503743}, ""io_write_count"": {""mean"": 19.9995045, ""max"": 20.004229}, ""io_read"": {""mean"": 0.0, ""max"": 0.0}, ""io_write"": {""mean"": 0.0, ""max"": 0.0}, ""gpu_util_avg"": {""mean"": 0.0, ""max"": 0.0}, ""gpu_util_min"": {""mean"": 0.0, ""max"": 0.0}, ""gpu_util_max"": {""mean"": 0.0, ""max"": 0.0}, ""gpu_util_0"": {""mean"": 0.0, ""max"": 0.0}, ""gpu_band_avg"": {""mean"": 0.0, ""max"": 0.0}, ""gpu_band_min"": {""mean"": 0.0, ""max"": 0.0}, ""gpu_band_max"": {""mean"": 0.0, ""max"": 0.0}, ""gpu_band_0"": {""mean"": 0.0, ""max"": 0.0}, ""gpu_mem_avg"": {""mean"": 0.0, ""max"": 0.0}, ""gpu_mem_min"": {""mean"": 0.0, ""max"": 0.0}, ""gpu_mem_max"": {""mean"": 0.0, ""max"": 0.0}, ""gpu_mem_0"": {""mean"": 0.0, ""max"": 0.0}}","{""product"": {""kind"": ""array"", ""shape"": [2000, 2000], ""dtype"": ""torch.float32"", ""mean"": 499.82098388671875, ""std"": 9.860956192016602, ""min"": 448.8840637207031, ""max"": 552.0086669921875}}",,
thread_pool,matmul,full,full,False,4,0,ok,0.039656,5.1805,5.1962,,{},"{""product"": {""kind"": ""array"", ""shape"": [2000, 2000], ""dtype"": ""torch.float32"", ""mean"": 500.1812438964844, ""std"": 9.993182182312012, ""min"": 453.9854431152344, ""max"": 551.6398315429688}}",,
thread_pool,matmul,fork,fork,False,4,1,timeout,,,15.056,,{},{},,Exceeded the 15s budget and was killed.
thread_pool,matmul,fork,fork,False,5,0,timeout,,,15.0566,,{},{},,Exceeded the 15s budget and was killed.
thread_pool,matmul,full,full,False,5,1,ok,0.050998,5.244,5.2651,,"{""cpu_util_avg"": {""mean"": 53.347261, ""max"": 53.347261}, ""cpu_util_min"": {""mean"": 53.347261, ""max"": 53.347261}, ""cpu_util_max"": {""mean"": 53.347261, ""max"": 53.347261}, ""cpu_util_0"": {""mean"": 53.347261, ""max"": 53.347261}, ""cpu_util_1"": {""mean"": 53.347261, ""max"": 53.347261}, ""cpu_util_2"": {""mean"": 53.347261, ""max"": 53.347261}, ""cpu_util_3"": {""mean"": 53.347261, ""max"": 53.347261}, ""cpu_util_4"": {""mean"": 53.347261, ""max"": 53.347261}, ""cpu_util_5"": {""mean"": 53.347261, ""max"": 53.347261}, ""cpu_util_6"": {""mean"": 53.347261, ""max"": 53.347261}, ""cpu_util_7"": {""mean"": 53.347261, ""max"": 53.347261}, ""cpu_util_8"": {""mean"": 53.347261, ""max"": 53.347261}, ""cpu_util_9"": {""mean"": 53.347261, ""max"": 53.347261}, ""cpu_util_10"": {""mean"": 53.347261, ""max"": 53.347261}, ""cpu_util_11"": {""mean"": 53.347261, ""max"": 53.347261}, ""memory"": {""mean"": 0.568531, ""max"": 0.568531}, ""io_read_count"": {""mean"": 11843.091995, ""max"": 11843.091995}, ""io_write_count"": {""mean"": 20.005223, ""max"": 20.005223}, ""io_read"": {""mean"": 0.0, ""max"": 0.0}, ""io_write"": {""mean"": 0.0, ""max"": 0.0}, ""gpu_util_avg"": {""mean"": 0.0, ""max"": 0.0}, ""gpu_util_min"": {""mean"": 0.0, ""max"": 0.0}, ""gpu_util_max"": {""mean"": 0.0, ""max"": 0.0}, ""gpu_util_0"": {""mean"": 0.0, ""max"": 0.0}, ""gpu_band_avg"": {""mean"": 0.0, ""max"": 0.0}, ""gpu_band_min"": {""mean"": 0.0, ""max"": 0.0}, ""gpu_band_max"": {""mean"": 0.0, ""max"": 0.0}, ""gpu_band_0"": {""mean"": 0.0, ""max"": 0.0}, ""gpu_mem_avg"": {""mean"": 0.0, ""max"": 0.0}, ""gpu_mem_min"": {""mean"": 0.0, ""max"": 0.0}, ""gpu_mem_max"": {""mean"": 0.0, ""max"": 0.0}, ""gpu_mem_0"": {""mean"": 0.0, ""max"": 0.0}}","{""product"": {""kind"": ""array"", ""shape"": [2000, 2000], ""dtype"": ""torch.float32"", ""mean"": 500.0859069824219, ""std"": 10.011407852172852, ""min"": 453.0088806152344, ""max"": 560.3084716796875}}",,
thread_pool,matmul,full,full,False,6,0,ok,0.046992,5.2234,5.2408,,"{""cpu_util_avg"": {""mean"": 55.031787, ""max"": 55.031787}, ""cpu_util_min"": {""mean"": 55.031787, ""max"": 55.031787}, ""cpu_util_max"": {""mean"": 55.031787, ""max"": 55.031787}, ""cpu_util_0"": {""mean"": 55.031787, ""max"": 55.031787}, ""cpu_util_1"": {""mean"": 55.031787, ""max"": 55.031787}, ""cpu_util_2"": {""mean"": 55.031787, ""max"": 55.031787}, ""cpu_util_3"": {""mean"": 55.031787, ""max"": 55.031787}, ""cpu_util_4"": {""mean"": 55.031787, ""max"": 55.031787}, ""cpu_util_5"": {""mean"": 55.031787, ""max"": 55.031787}, ""cpu_util_6"": {""mean"": 55.031787, ""max"": 55.031787}, ""cpu_util_7"": {""mean"": 55.031787, ""max"": 55.031787}, ""cpu_util_8"": {""mean"": 55.031787, ""max"": 55.031787}, ""cpu_util_9"": {""mean"": 55.031787, ""max"": 55.031787}, ""cpu_util_10"": {""mean"": 55.031787, ""max"": 55.031787}, ""cpu_util_11"": {""mean"": 55.031787, ""max"": 55.031787}, ""memory"": {""mean"": 0.568527, ""max"": 0.568527}, ""io_read_count"": {""mean"": 11846.842974, ""max"": 11846.842974}, ""io_write_count"": {""mean"": 20.011559, ""max"": 20.011559}, ""io_read"": {""mean"": 0.0, ""max"": 0.0}, ""io_write"": {""mean"": 0.0, ""max"": 0.0}, ""gpu_util_avg"": {""mean"": 0.0, ""max"": 0.0}, ""gpu_util_min"": {""mean"": 0.0, ""max"": 0.0}, ""gpu_util_max"": {""mean"": 0.0, ""max"": 0.0}, ""gpu_util_0"": {""mean"": 0.0, ""max"": 0.0}, ""gpu_band_avg"": {""mean"": 0.0, ""max"": 0.0}, ""gpu_band_min"": {""mean"": 0.0, ""max"": 0.0}, ""gpu_band_max"": {""mean"": 0.0, ""max"": 0.0}, ""gpu_band_0"": {""mean"": 0.0, ""max"": 0.0}, ""gpu_mem_avg"": {""mean"": 0.0, ""max"": 0.0}, ""gpu_mem_min"": {""mean"": 0.0, ""max"": 0.0}, ""gpu_mem_max"": {""mean"": 0.0, ""max"": 0.0}, ""gpu_mem_0"": {""mean"": 0.0, ""max"": 0.0}}","{""product"": {""kind"": ""array"", ""shape"": [2000, 2000], ""dtype"": ""torch.float32"", ""mean"": 500.13525390625, ""std"": 9.938370704650879, ""min"": 450.1039733886719, ""max"": 548.98583984375}}",,
thread_pool,matmul,fork,fork,False,6,1,timeout,,,15.0576,,{},{},,Exceeded the 15s budget and was killed.
thread_pool,matmul,fork,fork,False,7,0,timeout,,,15.0564,,{},{},,Exceeded the 15s budget and was killed.
thread_pool,matmul,full,full,False,7,1,ok,0.043371,4.8306,4.8495,,"{""cpu_util_avg"": {""mean"": 50.025043, ""max"": 50.025043}, ""cpu_util_min"": {""mean"": 50.025043, ""max"": 50.025043}, ""cpu_util_max"": {""mean"": 50.025043, ""max"": 50.025043}, ""cpu_util_0"": {""mean"": 50.025043, ""max"": 50.025043}, ""cpu_util_1"": {""mean"": 50.025043, ""max"": 50.025043}, ""cpu_util_2"": {""mean"": 50.025043, ""max"": 50.025043}, ""cpu_util_3"": {""mean"": 50.025043, ""max"": 50.025043}, ""cpu_util_4"": {""mean"": 50.025043, ""max"": 50.025043}, ""cpu_util_5"": {""mean"": 50.025043, ""max"": 50.025043}, ""cpu_util_6"": {""mean"": 50.025043, ""max"": 50.025043}, ""cpu_util_7"": {""mean"": 50.025043, ""max"": 50.025043}, ""cpu_util_8"": {""mean"": 50.025043, ""max"": 50.025043}, ""cpu_util_9"": {""mean"": 50.025043, ""max"": 50.025043}, ""cpu_util_10"": {""mean"": 50.025043, ""max"": 50.025043}, ""cpu_util_11"": {""mean"": 50.025043, ""max"": 50.025043}, ""memory"": {""mean"": 0.56831, ""max"": 0.56831}, ""io_read_count"": {""mean"": 11845.930074, ""max"": 11845.930074}, ""io_write_count"": {""mean"": 20.010017, ""max"": 20.010017}, ""io_read"": {""mean"": 0.0, ""max"": 0.0}, ""io_write"": {""mean"": 0.0, ""max"": 0.0}, ""gpu_util_avg"": {""mean"": 0.0, ""max"": 0.0}, ""gpu_util_min"": {""mean"": 0.0, ""max"": 0.0}, ""gpu_util_max"": {""mean"": 0.0, ""max"": 0.0}, ""gpu_util_0"": {""mean"": 0.0, ""max"": 0.0}, ""gpu_band_avg"": {""mean"": 0.0, ""max"": 0.0}, ""gpu_band_min"": {""mean"": 0.0, ""max"": 0.0}, ""gpu_band_max"": {""mean"": 0.0, ""max"": 0.0}, ""gpu_band_0"": {""mean"": 0.0, ""max"": 0.0}, ""gpu_mem_avg"": {""mean"": 0.0, ""max"": 0.0}, ""gpu_mem_min"": {""mean"": 0.0, ""max"": 0.0}, ""gpu_mem_max"": {""mean"": 0.0, ""max"": 0.0}, ""gpu_mem_0"": {""mean"": 0.0, ""max"": 0.0}}","{""product"": {""kind"": ""array"", ""shape"": [2000, 2000], ""dtype"": ""torch.float32"", ""mean"": 500.0068664550781, ""std"": 9.74954891204834, ""min"": 453.19488525390625, ""max"": 548.0068359375}}",,
thread_pool,matmul,full,full,False,8,0,ok,0.049301,5.196,5.221,,"{""cpu_util_avg"": {""mean"": 54.989549, ""max"": 54.989549}, ""cpu_util_min"": {""mean"": 54.989549, ""max"": 54.989549}, ""cpu_util_max"": {""mean"": 54.989549, ""max"": 54.989549}, ""cpu_util_0"": {""mean"": 54.989549, ""max"": 54.989549}, ""cpu_util_1"": {""mean"": 54.989549, ""max"": 54.989549}, ""cpu_util_2"": {""mean"": 54.989549, ""max"": 54.989549}, ""cpu_util_3"": {""mean"": 54.989549, ""max"": 54.989549}, ""cpu_util_4"": {""mean"": 54.989549, ""max"": 54.989549}, ""cpu_util_5"": {""mean"": 54.989549, ""max"": 54.989549}, ""cpu_util_6"": {""mean"": 54.989549, ""max"": 54.989549}, ""cpu_util_7"": {""mean"": 54.989549, ""max"": 54.989549}, ""cpu_util_8"": {""mean"": 54.989549, ""max"": 54.989549}, ""cpu_util_9"": {""mean"": 54.989549, ""max"": 54.989549}, ""cpu_util_10"": {""mean"": 54.989549, ""max"": 54.989549}, ""cpu_util_11"": {""mean"": 54.989549, ""max"": 54.989549}, ""memory"": {""mean"": 0.568027, ""max"": 0.568027}, ""io_read_count"": {""mean"": 11837.750119, ""max"": 11837.750119}, ""io_write_count"": {""mean"": 19.9962, ""max"": 19.9962}, ""io_read"": {""mean"": 0.0, ""max"": 0.0}, ""io_write"": {""mean"": 0.0, ""max"": 0.0}, ""gpu_util_avg"": {""mean"": 0.0, ""max"": 0.0}, ""gpu_util_min"": {""mean"": 0.0, ""max"": 0.0}, ""gpu_util_max"": {""mean"": 0.0, ""max"": 0.0}, ""gpu_util_0"": {""mean"": 0.0, ""max"": 0.0}, ""gpu_band_avg"": {""mean"": 0.0, ""max"": 0.0}, ""gpu_band_min"": {""mean"": 0.0, ""max"": 0.0}, ""gpu_band_max"": {""mean"": 0.0, ""max"": 0.0}, ""gpu_band_0"": {""mean"": 0.0, ""max"": 0.0}, ""gpu_mem_avg"": {""mean"": 0.0, ""max"": 0.0}, ""gpu_mem_min"": {""mean"": 0.0, ""max"": 0.0}, ""gpu_mem_max"": {""mean"": 0.0, ""max"": 0.0}, ""gpu_mem_0"": {""mean"": 0.0, ""max"": 0.0}}","{""product"": {""kind"": ""array"", ""shape"": [2000, 2000], ""dtype"": ""torch.float32"", ""mean"": 499.9645690917969, ""std"": 9.780943870544434, ""min"": 452.85443115234375, ""max"": 549.2652587890625}}",,
thread_pool,matmul,fork,fork,False,8,1,timeout,,,15.0581,,{},{},,Exceeded the 15s budget and was killed.
thread_pool,matmul,fork,fork,False,9,0,timeout,,,15.0574,,{},{},,Exceeded the 15s budget and was killed.
thread_pool,matmul,full,full,False,9,1,ok,0.043863,4.9662,4.9866,,"{""cpu_util_avg"": {""mean"": 54.983461, ""max"": 54.983461}, ""cpu_util_min"": {""mean"": 54.983461, ""max"": 54.983461}, ""cpu_util_max"": {""mean"": 54.983461, ""max"": 54.983461}, ""cpu_util_0"": {""mean"": 54.983461, ""max"": 54.983461}, ""cpu_util_1"": {""mean"": 54.983461, ""max"": 54.983461}, ""cpu_util_2"": {""mean"": 54.983461, ""max"": 54.983461}, ""cpu_util_3"": {""mean"": 54.983461, ""max"": 54.983461}, ""cpu_util_4"": {""mean"": 54.983461, ""max"": 54.983461}, ""cpu_util_5"": {""mean"": 54.983461, ""max"": 54.983461}, ""cpu_util_6"": {""mean"": 54.983461, ""max"": 54.983461}, ""cpu_util_7"": {""mean"": 54.983461, ""max"": 54.983461}, ""cpu_util_8"": {""mean"": 54.983461, ""max"": 54.983461}, ""cpu_util_9"": {""mean"": 54.983461, ""max"": 54.983461}, ""cpu_util_10"": {""mean"": 54.983461, ""max"": 54.983461}, ""cpu_util_11"": {""mean"": 54.983461, ""max"": 54.983461}, ""memory"": {""mean"": 0.567692, ""max"": 0.567692}, ""io_read_count"": {""mean"": 11836.439598, ""max"": 11836.439598}, ""io_write_count"": {""mean"": 19.993986, ""max"": 19.993986}, ""io_read"": {""mean"": 0.0, ""max"": 0.0}, ""io_write"": {""mean"": 0.0, ""max"": 0.0}, ""gpu_util_avg"": {""mean"": 0.0, ""max"": 0.0}, ""gpu_util_min"": {""mean"": 0.0, ""max"": 0.0}, ""gpu_util_max"": {""mean"": 0.0, ""max"": 0.0}, ""gpu_util_0"": {""mean"": 0.0, ""max"": 0.0}, ""gpu_band_avg"": {""mean"": 0.0, ""max"": 0.0}, ""gpu_band_min"": {""mean"": 0.0, ""max"": 0.0}, ""gpu_band_max"": {""mean"": 0.0, ""max"": 0.0}, ""gpu_band_0"": {""mean"": 0.0, ""max"": 0.0}, ""gpu_mem_avg"": {""mean"": 0.0, ""max"": 0.0}, ""gpu_mem_min"": {""mean"": 0.0, ""max"": 0.0}, ""gpu_mem_max"": {""mean"": 0.0, ""max"": 0.0}, ""gpu_mem_0"": {""mean"": 0.0, ""max"": 0.0}}","{""product"": {""kind"": ""array"", ""shape"": [2000, 2000], ""dtype"": ""torch.float32"", ""mean"": 499.99884033203125, ""std"": 9.95017147064209, ""min"": 450.1070251464844, ""max"": 548.1341552734375}}",,
thread_pool,matmul,full,full,False,10,0,ok,0.042815,4.8852,4.9049,,"{""cpu_util_avg"": {""mean"": 54.993964, ""max"": 54.993964}, ""cpu_util_min"": {""mean"": 54.993964, ""max"": 54.993964}, ""cpu_util_max"": {""mean"": 54.993964, ""max"": 54.993964}, ""cpu_util_0"": {""mean"": 54.993964, ""max"": 54.993964}, ""cpu_util_1"": {""mean"": 54.993964, ""max"": 54.993964}, ""cpu_util_2"": {""mean"": 54.993964, ""max"": 54.993964}, ""cpu_util_3"": {""mean"": 54.993964, ""max"": 54.993964}, ""cpu_util_4"": {""mean"": 54.993964, ""max"": 54.993964}, ""cpu_util_5"": {""mean"": 54.993964, ""max"": 54.993964}, ""cpu_util_6"": {""mean"": 54.993964, ""max"": 54.993964}, ""cpu_util_7"": {""mean"": 54.993964, ""max"": 54.993964}, ""cpu_util_8"": {""mean"": 54.993964, ""max"": 54.993964}, ""cpu_util_9"": {""mean"": 54.993964, ""max"": 54.993964}, ""cpu_util_10"": {""mean"": 54.993964, ""max"": 54.993964}, ""cpu_util_11"": {""mean"": 54.993964, ""max"": 54.993964}, ""memory"": {""mean"": 0.568253, ""max"": 0.568253}, ""io_read_count"": {""mean"": 11838.700585, ""max"": 11838.700585}, ""io_write_count"": {""mean"": 19.997805, ""max"": 19.997805}, ""io_read"": {""mean"": 0.0, ""max"": 0.0}, ""io_write"": {""mean"": 0.0, ""max"": 0.0}, ""gpu_util_avg"": {""mean"": 0.0, ""max"": 0.0}, ""gpu_util_min"": {""mean"": 0.0, ""max"": 0.0}, ""gpu_util_max"": {""mean"": 0.0, ""max"": 0.0}, ""gpu_util_0"": {""mean"": 0.0, ""max"": 0.0}, ""gpu_band_avg"": {""mean"": 0.0, ""max"": 0.0}, ""gpu_band_min"": {""mean"": 0.0, ""max"": 0.0}, ""gpu_band_max"": {""mean"": 0.0, ""max"": 0.0}, ""gpu_band_0"": {""mean"": 0.0, ""max"": 0.0}, ""gpu_mem_avg"": {""mean"": 0.0, ""max"": 0.0}, ""gpu_mem_min"": {""mean"": 0.0, ""max"": 0.0}, ""gpu_mem_max"": {""mean"": 0.0, ""max"": 0.0}, ""gpu_mem_0"": {""mean"": 0.0, ""max"": 0.0}}","{""product"": {""kind"": ""array"", ""shape"": [2000, 2000], ""dtype"": ""torch.float32"", ""mean"": 500.31640625, ""std"": 9.931135177612305, ""min"": 454.7071533203125, ""max"": 550.3973388671875}}",,
thread_pool,matmul,fork,fork,False,10,1,timeout,,,15.0615,,{},{},,Exceeded the 15s budget and was killed.
