case,target,mode,strategy,degraded,run_index,position,status,duration_s,prefix_s,restore_s,wall_s,harness_wall_s,faults_when_warned,metrics,fingerprints,warnings,error
array_reduce,matmul,full,full,False,0,0,ok,0.081006,0.106729,,2.8873,2.9121,,"{""cpu_util_avg"": {""mean"": 100.5272745, ""max"": 107.998513}, ""cpu_util_min"": {""mean"": 100.5272745, ""max"": 107.998513}, ""cpu_util_max"": {""mean"": 100.5272745, ""max"": 107.998513}, ""cpu_util_0"": {""mean"": 100.5272745, ""max"": 107.998513}, ""cpu_util_1"": {""mean"": 100.5272745, ""max"": 107.998513}, ""cpu_util_2"": {""mean"": 100.5272745, ""max"": 107.998513}, ""cpu_util_3"": {""mean"": 100.5272745, ""max"": 107.998513}, ""cpu_util_4"": {""mean"": 100.5272745, ""max"": 107.998513}, ""cpu_util_5"": {""mean"": 100.5272745, ""max"": 107.998513}, ""cpu_util_6"": {""mean"": 100.5272745, ""max"": 107.998513}, ""cpu_util_7"": {""mean"": 100.5272745, ""max"": 107.998513}, ""cpu_util_8"": {""mean"": 100.5272745, ""max"": 107.998513}, ""cpu_util_9"": {""mean"": 100.5272745, ""max"": 107.998513}, ""cpu_util_10"": {""mean"": 100.5272745, ""max"": 107.998513}, ""cpu_util_11"": {""mean"": 100.5272745, ""max"": 107.998513}, ""memory"": {""mean"": 0.315735, ""max"": 0.315918}, ""io_read_count"": {""mean"": 9433.577662, ""max"": 10653.735713}, ""io_write_count"": {""mean"": 16.875809500000003, ""max"": 19.058561}, ""io_read"": {""mean"": 0.0, ""max"": 0.0}, ""io_write"": {""mean"": 0.0, ""max"": 0.0}, ""gpu_util_avg"": {""mean"": 0.0, ""max"": 0.0}, ""gpu_util_min"": {""mean"": 0.0, ""max"": 0.0}, ""gpu_util_max"": {""mean"": 0.0, ""max"": 0.0}, ""gpu_util_0"": {""mean"": 0.0, ""max"": 0.0}, ""gpu_band_avg"": {""mean"": 0.0, ""max"": 0.0}, ""gpu_band_min"": {""mean"": 0.0, ""max"": 0.0}, ""gpu_band_max"": {""mean"": 0.0, ""max"": 0.0}, ""gpu_band_0"": {""mean"": 0.0, ""max"": 0.0}, ""gpu_mem_avg"": {""mean"": 0.0, ""max"": 0.0}, ""gpu_mem_min"": {""mean"": 0.0, ""max"": 0.0}, ""gpu_mem_max"": {""mean"": 0.0, ""max"": 0.0}, ""gpu_mem_0"": {""mean"": 0.0, ""max"": 0.0}}","{""product"": {""kind"": ""array"", ""shape"": [2000, 2000], ""dtype"": ""float64"", ""mean"": 500.01872635521926, ""std"": 9.845639787888365, ""min"": 452.8252003037207, ""max"": 552.6527329950178}}",,
array_reduce,matmul,fork,fork,False,0,1,ok,0.076837,0.0,,0.2831,0.2997,16429.0,"{""cpu_util_avg"": {""mean"": 99.861748, ""max"": 99.861748}, ""cpu_util_min"": {""mean"": 99.861748, ""max"": 99.861748}, ""cpu_util_max"": {""mean"": 99.861748, ""max"": 99.861748}, ""cpu_util_0"": {""mean"": 99.861748, ""max"": 99.861748}, ""cpu_util_1"": {""mean"": 99.861748, ""max"": 99.861748}, ""cpu_util_2"": {""mean"": 99.861748, ""max"": 99.861748}, ""cpu_util_3"": {""mean"": 99.861748, ""max"": 99.861748}, ""cpu_util_4"": {""mean"": 99.861748, ""max"": 99.861748}, ""cpu_util_5"": {""mean"": 99.861748, ""max"": 99.861748}, ""cpu_util_6"": {""mean"": 99.861748, ""max"": 99.861748}, ""cpu_util_7"": {""mean"": 99.861748, ""max"": 99.861748}, ""cpu_util_8"": {""mean"": 99.861748, ""max"": 99.861748}, ""cpu_util_9"": {""mean"": 99.861748, ""max"": 99.861748}, ""cpu_util_10"": {""mean"": 99.861748, ""max"": 99.861748}, ""cpu_util_11"": {""mean"": 99.861748, ""max"": 99.861748}, ""memory"": {""mean"": 0.649963, ""max"": 0.649963}, ""io_read_count"": {""mean"": 10391.863115, ""max"": 10391.863115}, ""io_write_count"": {""mean"": 18.724078, ""max"": 18.724078}, ""io_read"": {""mean"": 0.0, ""max"": 0.0}, ""io_write"": {""mean"": 0.0, ""max"": 0.0}, ""gpu_util_avg"": {""mean"": 0.0, ""max"": 0.0}, ""gpu_util_min"": {""mean"": 0.0, ""max"": 0.0}, ""gpu_util_max"": {""mean"": 0.0, ""max"": 0.0}, ""gpu_util_0"": {""mean"": 0.0, ""max"": 0.0}, ""gpu_band_avg"": {""mean"": 0.0, ""max"": 0.0}, ""gpu_band_min"": {""mean"": 0.0, ""max"": 0.0}, ""gpu_band_max"": {""mean"": 0.0, ""max"": 0.0}, ""gpu_band_0"": {""mean"": 0.0, ""max"": 0.0}, ""gpu_mem_avg"": {""mean"": 0.0, ""max"": 0.0}, ""gpu_mem_min"": {""mean"": 0.0, ""max"": 0.0}, ""gpu_mem_max"": {""mean"": 0.0, ""max"": 0.0}, ""gpu_mem_0"": {""mean"": 0.0, ""max"": 0.0}}","{""product"": {""kind"": ""array"", ""shape"": [2000, 2000], ""dtype"": ""float64"", ""mean"": 500.01872635521926, ""std"": 9.845639787888365, ""min"": 452.8252003037207, ""max"": 552.6527329950178}}","[JUmPER]: a benchmark measurement spent at least 7ms of its 77ms on 16429 page faults - the cost of touching memory inherited from the prefix rather than of the cell itself. Cells working over large Python objects are affected most, and the timing understates them. Re-run with --replay-mode full for a number that does not carry this.",
array_reduce,matmul,dill,dill,False,0,2,ok,0.068016,0.0,0.0405,2.703,2.7188,,"{""cpu_util_avg"": {""mean"": 103.51067, ""max"": 103.51067}, ""cpu_util_min"": {""mean"": 103.51067, ""max"": 103.51067}, ""cpu_util_max"": {""mean"": 103.51067, ""max"": 103.51067}, ""cpu_util_0"": {""mean"": 103.51067, ""max"": 103.51067}, ""cpu_util_1"": {""mean"": 103.51067, ""max"": 103.51067}, ""cpu_util_2"": {""mean"": 103.51067, ""max"": 103.51067}, ""cpu_util_3"": {""mean"": 103.51067, ""max"": 103.51067}, ""cpu_util_4"": {""mean"": 103.51067, ""max"": 103.51067}, ""cpu_util_5"": {""mean"": 103.51067, ""max"": 103.51067}, ""cpu_util_6"": {""mean"": 103.51067, ""max"": 103.51067}, ""cpu_util_7"": {""mean"": 103.51067, ""max"": 103.51067}, ""cpu_util_8"": {""mean"": 103.51067, ""max"": 103.51067}, ""cpu_util_9"": {""mean"": 103.51067, ""max"": 103.51067}, ""cpu_util_10"": {""mean"": 103.51067, ""max"": 103.51067}, ""cpu_util_11"": {""mean"": 103.51067, ""max"": 103.51067}, ""memory"": {""mean"": 0.315392, ""max"": 0.315392}, ""io_read_count"": {""mean"": 0.0, ""max"": 0.0}, ""io_write_count"": {""mean"": 0.0, ""max"": 0.0}, ""io_read"": {""mean"": 0.0, ""max"": 0.0}, ""io_write"": {""mean"": 0.0, ""max"": 0.0}, ""gpu_util_avg"": {""mean"": 0.0, ""max"": 0.0}, ""gpu_util_min"": {""mean"": 0.0, ""max"": 0.0}, ""gpu_util_max"": {""mean"": 0.0, ""max"": 0.0}, ""gpu_util_0"": {""mean"": 0.0, ""max"": 0.0}, ""gpu_band_avg"": {""mean"": 0.0, ""max"": 0.0}, ""gpu_band_min"": {""mean"": 0.0, ""max"": 0.0}, ""gpu_band_max"": {""mean"": 0.0, ""max"": 0.0}, ""gpu_band_0"": {""mean"": 0.0, ""max"": 0.0}, ""gpu_mem_avg"": {""mean"": 0.0, ""max"": 0.0}, ""gpu_mem_min"": {""mean"": 0.0, ""max"": 0.0}, ""gpu_mem_max"": {""mean"": 0.0, ""max"": 0.0}, ""gpu_mem_0"": {""mean"": 0.0, ""max"": 0.0}}","{""product"": {""kind"": ""array"", ""shape"": [2000, 2000], ""dtype"": ""float64"", ""mean"": 500.01872635521926, ""std"": 9.845639787888365, ""min"": 452.8252003037207, ""max"": 552.6527329950178}}",,
array_reduce,matmul,fork,fork,False,1,0,ok,0.071041,0.0,,0.2449,0.2613,16419.0,"{""cpu_util_avg"": {""mean"": 51.413914, ""max"": 51.413914}, ""cpu_util_min"": {""mean"": 51.413914, ""max"": 51.413914}, ""cpu_util_max"": {""mean"": 51.413914, ""max"": 51.413914}, ""cpu_util_0"": {""mean"": 51.413914, ""max"": 51.413914}, ""cpu_util_1"": {""mean"": 51.413914, ""max"": 51.413914}, ""cpu_util_2"": {""mean"": 51.413914, ""max"": 51.413914}, ""cpu_util_3"": {""mean"": 51.413914, ""max"": 51.413914}, ""cpu_util_4"": {""mean"": 51.413914, ""max"": 51.413914}, ""cpu_util_5"": {""mean"": 51.413914, ""max"": 51.413914}, ""cpu_util_6"": {""mean"": 51.413914, ""max"": 51.413914}, ""cpu_util_7"": {""mean"": 51.413914, ""max"": 51.413914}, ""cpu_util_8"": {""mean"": 51.413914, ""max"": 51.413914}, ""cpu_util_9"": {""mean"": 51.413914, ""max"": 51.413914}, ""cpu_util_10"": {""mean"": 51.413914, ""max"": 51.413914}, ""cpu_util_11"": {""mean"": 51.413914, ""max"": 51.413914}, ""memory"": {""mean"": 0.651062, ""max"": 0.651062}, ""io_read_count"": {""mean"": 9708.156661, ""max"": 9708.156661}, ""io_write_count"": {""mean"": 18.146087, ""max"": 18.146087}, ""io_read"": {""mean"": 0.0, ""max"": 0.0}, ""io_write"": {""mean"": 0.0, ""max"": 0.0}, ""gpu_util_avg"": {""mean"": 0.0, ""max"": 0.0}, ""gpu_util_min"": {""mean"": 0.0, ""max"": 0.0}, ""gpu_util_max"": {""mean"": 0.0, ""max"": 0.0}, ""gpu_util_0"": {""mean"": 0.0, ""max"": 0.0}, ""gpu_band_avg"": {""mean"": 0.0, ""max"": 0.0}, ""gpu_band_min"": {""mean"": 0.0, ""max"": 0.0}, ""gpu_band_max"": {""mean"": 0.0, ""max"": 0.0}, ""gpu_band_0"": {""mean"": 0.0, ""max"": 0.0}, ""gpu_mem_avg"": {""mean"": 0.0, ""max"": 0.0}, ""gpu_mem_min"": {""mean"": 0.0, ""max"": 0.0}, ""gpu_mem_max"": {""mean"": 0.0, ""max"": 0.0}, ""gpu_mem_0"": {""mean"": 0.0, ""max"": 0.0}}","{""product"": {""kind"": ""array"", ""shape"": [2000, 2000], ""dtype"": ""float64"", ""mean"": 500.01872635521926, ""std"": 9.845639787888365, ""min"": 452.8252003037207, ""max"": 552.6527329950178}}","[JUmPER]: a benchmark measurement spent at least 7ms of its 71ms on 16419 page faults - the cost of touching memory inherited from the prefix rather than of the cell itself. Cells working over large Python objects are affected most, and the timing understates them. Re-run with --replay-mode full for a number that does not carry this.",
array_reduce,matmul,dill,dill,False,1,1,ok,0.072005,0.0,0.0432,2.6983,2.715,,"{""cpu_util_avg"": {""mean"": 103.24136, ""max"": 103.24136}, ""cpu_util_min"": {""mean"": 103.24136, ""max"": 103.24136}, ""cpu_util_max"": {""mean"": 103.24136, ""max"": 103.24136}, ""cpu_util_0"": {""mean"": 103.24136, ""max"": 103.24136}, ""cpu_util_1"": {""mean"": 103.24136, ""max"": 103.24136}, ""cpu_util_2"": {""mean"": 103.24136, ""max"": 103.24136}, ""cpu_util_3"": {""mean"": 103.24136, ""max"": 103.24136}, ""cpu_util_4"": {""mean"": 103.24136, ""max"": 103.24136}, ""cpu_util_5"": {""mean"": 103.24136, ""max"": 103.24136}, ""cpu_util_6"": {""mean"": 103.24136, ""max"": 103.24136}, ""cpu_util_7"": {""mean"": 103.24136, ""max"": 103.24136}, ""cpu_util_8"": {""mean"": 103.24136, ""max"": 103.24136}, ""cpu_util_9"": {""mean"": 103.24136, ""max"": 103.24136}, ""cpu_util_10"": {""mean"": 103.24136, ""max"": 103.24136}, ""cpu_util_11"": {""mean"": 103.24136, ""max"": 103.24136}, ""memory"": {""mean"": 0.315426, ""max"": 0.315426}, ""io_read_count"": {""mean"": 0.0, ""max"": 0.0}, ""io_write_count"": {""mean"": 0.0, ""max"": 0.0}, ""io_read"": {""mean"": 0.0, ""max"": 0.0}, ""io_write"": {""mean"": 0.0, ""max"": 0.0}, ""gpu_util_avg"": {""mean"": 0.0, ""max"": 0.0}, ""gpu_util_min"": {""mean"": 0.0, ""max"": 0.0}, ""gpu_util_max"": {""mean"": 0.0, ""max"": 0.0}, ""gpu_util_0"": {""mean"": 0.0, ""max"": 0.0}, ""gpu_band_avg"": {""mean"": 0.0, ""max"": 0.0}, ""gpu_band_min"": {""mean"": 0.0, ""max"": 0.0}, ""gpu_band_max"": {""mean"": 0.0, ""max"": 0.0}, ""gpu_band_0"": {""mean"": 0.0, ""max"": 0.0}, ""gpu_mem_avg"": {""mean"": 0.0, ""max"": 0.0}, ""gpu_mem_min"": {""mean"": 0.0, ""max"": 0.0}, ""gpu_mem_max"": {""mean"": 0.0, ""max"": 0.0}, ""gpu_mem_0"": {""mean"": 0.0, ""max"": 0.0}}","{""product"": {""kind"": ""array"", ""shape"": [2000, 2000], ""dtype"": ""float64"", ""mean"": 500.01872635521926, ""std"": 9.845639787888365, ""min"": 452.8252003037207, ""max"": 552.6527329950178}}",,
array_reduce,matmul,full,full,False,1,2,ok,0.0757,0.1162,,2.7608,2.7769,,"{""cpu_util_avg"": {""mean"": 105.35481100000001, ""max"": 113.907391}, ""cpu_util_min"": {""mean"": 105.35481100000001, ""max"": 113.907391}, ""cpu_util_max"": {""mean"": 105.35481100000001, ""max"": 113.907391}, ""cpu_util_0"": {""mean"": 105.35481100000001, ""max"": 113.907391}, ""cpu_util_1"": {""mean"": 105.35481100000001, ""max"": 113.907391}, ""cpu_util_2"": {""mean"": 105.35481100000001, ""max"": 113.907391}, ""cpu_util_3"": {""mean"": 105.35481100000001, ""max"": 113.907391}, ""cpu_util_4"": {""mean"": 105.35481100000001, ""max"": 113.907391}, ""cpu_util_5"": {""mean"": 105.35481100000001, ""max"": 113.907391}, ""cpu_util_6"": {""mean"": 105.35481100000001, ""max"": 113.907391}, ""cpu_util_7"": {""mean"": 105.35481100000001, ""max"": 113.907391}, ""cpu_util_8"": {""mean"": 105.35481100000001, ""max"": 113.907391}, ""cpu_util_9"": {""mean"": 105.35481100000001, ""max"": 113.907391}, ""cpu_util_10"": {""mean"": 105.35481100000001, ""max"": 113.907391}, ""cpu_util_11"": {""mean"": 105.35481100000001, ""max"": 113.907391}, ""memory"": {""mean"": 0.31594500000000003, ""max"": 0.316128}, ""io_read_count"": {""mean"": 8443.521999999999, ""max"": 10242.039216}, ""io_write_count"": {""mean"": 15.8712815, ""max"": 19.251953}, ""io_read"": {""mean"": 0.0, ""max"": 0.0}, ""io_write"": {""mean"": 0.0, ""max"": 0.0}, ""gpu_util_avg"": {""mean"": 0.0, ""max"": 0.0}, ""gpu_util_min"": {""mean"": 0.0, ""max"": 0.0}, ""gpu_util_max"": {""mean"": 0.0, ""max"": 0.0}, ""gpu_util_0"": {""mean"": 0.0, ""max"": 0.0}, ""gpu_band_avg"": {""mean"": 0.0, ""max"": 0.0}, ""gpu_band_min"": {""mean"": 0.0, ""max"": 0.0}, ""gpu_band_max"": {""mean"": 0.0, ""max"": 0.0}, ""gpu_band_0"": {""mean"": 0.0, ""max"": 0.0}, ""gpu_mem_avg"": {""mean"": 0.0, ""max"": 0.0}, ""gpu_mem_min"": {""mean"": 0.0, ""max"": 0.0}, ""gpu_mem_max"": {""mean"": 0.0, ""max"": 0.0}, ""gpu_mem_0"": {""mean"": 0.0, ""max"": 0.0}}","{""product"": {""kind"": ""array"", ""shape"": [2000, 2000], ""dtype"": ""float64"", ""mean"": 500.01872635521926, ""std"": 9.845639787888365, ""min"": 452.8252003037207, ""max"": 552.6527329950178}}",,
array_reduce,matmul,dill,dill,False,2,0,ok,0.065821,0.0,0.0349,2.6705,2.686,,"{""cpu_util_avg"": {""mean"": 105.714489, ""max"": 105.714489}, ""cpu_util_min"": {""mean"": 105.714489, ""max"": 105.714489}, ""cpu_util_max"": {""mean"": 105.714489, ""max"": 105.714489}, ""cpu_util_0"": {""mean"": 105.714489, ""max"": 105.714489}, ""cpu_util_1"": {""mean"": 105.714489, ""max"": 105.714489}, ""cpu_util_2"": {""mean"": 105.714489, ""max"": 105.714489}, ""cpu_util_3"": {""mean"": 105.714489, ""max"": 105.714489}, ""cpu_util_4"": {""mean"": 105.714489, ""max"": 105.714489}, ""cpu_util_5"": {""mean"": 105.714489, ""max"": 105.714489}, ""cpu_util_6"": {""mean"": 105.714489, ""max"": 105.714489}, ""cpu_util_7"": {""mean"": 105.714489, ""max"": 105.714489}, ""cpu_util_8"": {""mean"": 105.714489, ""max"": 105.714489}, ""cpu_util_9"": {""mean"": 105.714489, ""max"": 105.714489}, ""cpu_util_10"": {""mean"": 105.714489, ""max"": 105.714489}, ""cpu_util_11"": {""mean"": 105.714489, ""max"": 105.714489}, ""memory"": {""mean"": 0.315601, ""max"": 0.315601}, ""io_read_count"": {""mean"": 0.0, ""max"": 0.0}, ""io_write_count"": {""mean"": 0.0, ""max"": 0.0}, ""io_read"": {""mean"": 0.0, ""max"": 0.0}, ""io_write"": {""mean"": 0.0, ""max"": 0.0}, ""gpu_util_avg"": {""mean"": 0.0, ""max"": 0.0}, ""gpu_util_min"": {""mean"": 0.0, ""max"": 0.0}, ""gpu_util_max"": {""mean"": 0.0, ""max"": 0.0}, ""gpu_util_0"": {""mean"": 0.0, ""max"": 0.0}, ""gpu_band_avg"": {""mean"": 0.0, ""max"": 0.0}, ""gpu_band_min"": {""mean"": 0.0, ""max"": 0.0}, ""gpu_band_max"": {""mean"": 0.0, ""max"": 0.0}, ""gpu_band_0"": {""mean"": 0.0, ""max"": 0.0}, ""gpu_mem_avg"": {""mean"": 0.0, ""max"": 0.0}, ""gpu_mem_min"": {""mean"": 0.0, ""max"": 0.0}, ""gpu_mem_max"": {""mean"": 0.0, ""max"": 0.0}, ""gpu_mem_0"": {""mean"": 0.0, ""max"": 0.0}}","{""product"": {""kind"": ""array"", ""shape"": [2000, 2000], ""dtype"": ""float64"", ""mean"": 500.01872635521926, ""std"": 9.845639787888365, ""min"": 452.8252003037207, ""max"": 552.6527329950178}}",,
array_reduce,matmul,full,full,False,2,1,ok,0.065355,0.104807,,2.6696,2.6859,,"{""cpu_util_avg"": {""mean"": 103.392154, ""max"": 104.070965}, ""cpu_util_min"": {""mean"": 103.392154, ""max"": 104.070965}, ""cpu_util_max"": {""mean"": 103.392154, ""max"": 104.070965}, ""cpu_util_0"": {""mean"": 103.392154, ""max"": 104.070965}, ""cpu_util_1"": {""mean"": 103.392154, ""max"": 104.070965}, ""cpu_util_2"": {""mean"": 103.392154, ""max"": 104.070965}, ""cpu_util_3"": {""mean"": 103.392154, ""max"": 104.070965}, ""cpu_util_4"": {""mean"": 103.392154, ""max"": 104.070965}, ""cpu_util_5"": {""mean"": 103.392154, ""max"": 104.070965}, ""cpu_util_6"": {""mean"": 103.392154, ""max"": 104.070965}, ""cpu_util_7"": {""mean"": 103.392154, ""max"": 104.070965}, ""cpu_util_8"": {""mean"": 103.392154, ""max"": 104.070965}, ""cpu_util_9"": {""mean"": 103.392154, ""max"": 104.070965}, ""cpu_util_10"": {""mean"": 103.392154, ""max"": 104.070965}, ""cpu_util_11"": {""mean"": 103.392154, ""max"": 104.070965}, ""memory"": {""mean"": 0.3155975, ""max"": 0.315781}, ""io_read_count"": {""mean"": 9277.0835545, ""max"": 10264.914724}, ""io_write_count"": {""mean"": 17.4346985, ""max"": 19.258752}, ""io_read"": {""mean"": 0.0, ""max"": 0.0}, ""io_write"": {""mean"": 0.0, ""max"": 0.0}, ""gpu_util_avg"": {""mean"": 0.0, ""max"": 0.0}, ""gpu_util_min"": {""mean"": 0.0, ""max"": 0.0}, ""gpu_util_max"": {""mean"": 0.0, ""max"": 0.0}, ""gpu_util_0"": {""mean"": 0.0, ""max"": 0.0}, ""gpu_band_avg"": {""mean"": 0.0, ""max"": 0.0}, ""gpu_band_min"": {""mean"": 0.0, ""max"": 0.0}, ""gpu_band_max"": {""mean"": 0.0, ""max"": 0.0}, ""gpu_band_0"": {""mean"": 0.0, ""max"": 0.0}, ""gpu_mem_avg"": {""mean"": 0.0, ""max"": 0.0}, ""gpu_mem_min"": {""mean"": 0.0, ""max"": 0.0}, ""gpu_mem_max"": {""mean"": 0.0, ""max"": 0.0}, ""gpu_mem_0"": {""mean"": 0.0, ""max"": 0.0}}","{""product"": {""kind"": ""array"", ""shape"": [2000, 2000], ""dtype"": ""float64"", ""mean"": 500.01872635521926, ""std"": 9.845639787888365, ""min"": 452.8252003037207, ""max"": 552.6527329950178}}",,
array_reduce,matmul,fork,fork,False,2,2,ok,0.077751,0.0,,0.2521,0.2686,16498.0,"{""cpu_util_avg"": {""mean"": 74.836298, ""max"": 101.41018}, ""cpu_util_min"": {""mean"": 74.836298, ""max"": 101.41018}, ""cpu_util_max"": {""mean"": 74.836298, ""max"": 101.41018}, ""cpu_util_0"": {""mean"": 74.836298, ""max"": 101.41018}, ""cpu_util_1"": {""mean"": 74.836298, ""max"": 101.41018}, ""cpu_util_2"": {""mean"": 74.836298, ""max"": 101.41018}, ""cpu_util_3"": {""mean"": 74.836298, ""max"": 101.41018}, ""cpu_util_4"": {""mean"": 74.836298, ""max"": 101.41018}, ""cpu_util_5"": {""mean"": 74.836298, ""max"": 101.41018}, ""cpu_util_6"": {""mean"": 74.836298, ""max"": 101.41018}, ""cpu_util_7"": {""mean"": 74.836298, ""max"": 101.41018}, ""cpu_util_8"": {""mean"": 74.836298, ""max"": 101.41018}, ""cpu_util_9"": {""mean"": 74.836298, ""max"": 101.41018}, ""cpu_util_10"": {""mean"": 74.836298, ""max"": 101.41018}, ""cpu_util_11"": {""mean"": 74.836298, ""max"": 101.41018}, ""memory"": {""mean"": 0.651367, ""max"": 0.65155}, ""io_read_count"": {""mean"": 10428.504455, ""max"": 10684.300275}, ""io_write_count"": {""mean"": 19.492532, ""max"": 19.970655}, ""io_read"": {""mean"": 0.0, ""max"": 0.0}, ""io_write"": {""mean"": 0.0, ""max"": 0.0}, ""gpu_util_avg"": {""mean"": 0.0, ""max"": 0.0}, ""gpu_util_min"": {""mean"": 0.0, ""max"": 0.0}, ""gpu_util_max"": {""mean"": 0.0, ""max"": 0.0}, ""gpu_util_0"": {""mean"": 0.0, ""max"": 0.0}, ""gpu_band_avg"": {""mean"": 0.0, ""max"": 0.0}, ""gpu_band_min"": {""mean"": 0.0, ""max"": 0.0}, ""gpu_band_max"": {""mean"": 0.0, ""max"": 0.0}, ""gpu_band_0"": {""mean"": 0.0, ""max"": 0.0}, ""gpu_mem_avg"": {""mean"": 0.0, ""max"": 0.0}, ""gpu_mem_min"": {""mean"": 0.0, ""max"": 0.0}, ""gpu_mem_max"": {""mean"": 0.0, ""max"": 0.0}, ""gpu_mem_0"": {""mean"": 0.0, ""max"": 0.0}}","{""product"": {""kind"": ""array"", ""shape"": [2000, 2000], ""dtype"": ""float64"", ""mean"": 500.01872635521926, ""std"": 9.845639787888365, ""min"": 452.8252003037207, ""max"": 552.6527329950178}}","[JUmPER]: a benchmark measurement spent at least 7ms of its 78ms on 16498 page faults - the cost of touching memory inherited from the prefix rather than of the cell itself. Cells working over large Python objects are affected most, and the timing understates them. Re-run with --replay-mode full for a number that does not carry this.",
array_reduce,matmul,full,full,False,3,0,ok,0.067775,0.102428,,2.6679,2.6839,,"{""cpu_util_avg"": {""mean"": 106.430252, ""max"": 107.45505}, ""cpu_util_min"": {""mean"": 106.430252, ""max"": 107.45505}, ""cpu_util_max"": {""mean"": 106.430252, ""max"": 107.45505}, ""cpu_util_0"": {""mean"": 106.430252, ""max"": 107.45505}, ""cpu_util_1"": {""mean"": 106.430252, ""max"": 107.45505}, ""cpu_util_2"": {""mean"": 106.430252, ""max"": 107.45505}, ""cpu_util_3"": {""mean"": 106.430252, ""max"": 107.45505}, ""cpu_util_4"": {""mean"": 106.430252, ""max"": 107.45505}, ""cpu_util_5"": {""mean"": 106.430252, ""max"": 107.45505}, ""cpu_util_6"": {""mean"": 106.430252, ""max"": 107.45505}, ""cpu_util_7"": {""mean"": 106.430252, ""max"": 107.45505}, ""cpu_util_8"": {""mean"": 106.430252, ""max"": 107.45505}, ""cpu_util_9"": {""mean"": 106.430252, ""max"": 107.45505}, ""cpu_util_10"": {""mean"": 106.430252, ""max"": 107.45505}, ""cpu_util_11"": {""mean"": 106.430252, ""max"": 107.45505}, ""memory"": {""mean"": 0.315685, ""max"": 0.315868}, ""io_read_count"": {""mean"": 9274.921728000001, ""max"": 10257.94774}, ""io_write_count"": {""mean"": 17.430652000000002, ""max"": 19.245681}, ""io_read"": {""mean"": 0.0, ""max"": 0.0}, ""io_write"": {""mean"": 0.0, ""max"": 0.0}, ""gpu_util_avg"": {""mean"": 0.0, ""max"": 0.0}, ""gpu_util_min"": {""mean"": 0.0, ""max"": 0.0}, ""gpu_util_max"": {""mean"": 0.0, ""max"": 0.0}, ""gpu_util_0"": {""mean"": 0.0, ""max"": 0.0}, ""gpu_band_avg"": {""mean"": 0.0, ""max"": 0.0}, ""gpu_band_min"": {""mean"": 0.0, ""max"": 0.0}, ""gpu_band_max"": {""mean"": 0.0, ""max"": 0.0}, ""gpu_band_0"": {""mean"": 0.0, ""max"": 0.0}, ""gpu_mem_avg"": {""mean"": 0.0, ""max"": 0.0}, ""gpu_mem_min"": {""mean"": 0.0, ""max"": 0.0}, ""gpu_mem_max"": {""mean"": 0.0, ""max"": 0.0}, ""gpu_mem_0"": {""mean"": 0.0, ""max"": 0.0}}","{""product"": {""kind"": ""array"", ""shape"": [2000, 2000], ""dtype"": ""float64"", ""mean"": 500.01872635521926, ""std"": 9.845639787888365, ""min"": 452.8252003037207, ""max"": 552.6527329950178}}",,
array_reduce,matmul,fork,fork,False,3,1,ok,0.074398,0.0,,0.2543,0.2706,16488.0,"{""cpu_util_avg"": {""mean"": 77.8560135, ""max"": 105.921369}, ""cpu_util_min"": {""mean"": 77.8560135, ""max"": 105.921369}, ""cpu_util_max"": {""mean"": 77.8560135, ""max"": 105.921369}, ""cpu_util_0"": {""mean"": 77.8560135, ""max"": 105.921369}, ""cpu_util_1"": {""mean"": 77.8560135, ""max"": 105.921369}, ""cpu_util_2"": {""mean"": 77.8560135, ""max"": 105.921369}, ""cpu_util_3"": {""mean"": 77.8560135, ""max"": 105.921369}, ""cpu_util_4"": {""mean"": 77.8560135, ""max"": 105.921369}, ""cpu_util_5"": {""mean"": 77.8560135, ""max"": 105.921369}, ""cpu_util_6"": {""mean"": 77.8560135, ""max"": 105.921369}, ""cpu_util_7"": {""mean"": 77.8560135, ""max"": 105.921369}, ""cpu_util_8"": {""mean"": 77.8560135, ""max"": 105.921369}, ""cpu_util_9"": {""mean"": 77.8560135, ""max"": 105.921369}, ""cpu_util_10"": {""mean"": 77.8560135, ""max"": 105.921369}, ""cpu_util_11"": {""mean"": 77.8560135, ""max"": 105.921369}, ""memory"": {""mean"": 0.651489, ""max"": 0.651672}, ""io_read_count"": {""mean"": 10568.520411000001, ""max"": 11147.790003}, ""io_write_count"": {""mean"": 30.172739, ""max"": 41.673981}, ""io_read"": {""mean"": 0.0, ""max"": 0.0}, ""io_write"": {""mean"": 42674.15687, ""max"": 85348.31374}, ""gpu_util_avg"": {""mean"": 0.0, ""max"": 0.0}, ""gpu_util_min"": {""mean"": 0.0, ""max"": 0.0}, ""gpu_util_max"": {""mean"": 0.0, ""max"": 0.0}, ""gpu_util_0"": {""mean"": 0.0, ""max"": 0.0}, ""gpu_band_avg"": {""mean"": 0.0, ""max"": 0.0}, ""gpu_band_min"": {""mean"": 0.0, ""max"": 0.0}, ""gpu_band_max"": {""mean"": 0.0, ""max"": 0.0}, ""gpu_band_0"": {""mean"": 0.0, ""max"": 0.0}, ""gpu_mem_avg"": {""mean"": 0.0, ""max"": 0.0}, ""gpu_mem_min"": {""mean"": 0.0, ""max"": 0.0}, ""gpu_mem_max"": {""mean"": 0.0, ""max"": 0.0}, ""gpu_mem_0"": {""mean"": 0.0, ""max"": 0.0}}","{""product"": {""kind"": ""array"", ""shape"": [2000, 2000], ""dtype"": ""float64"", ""mean"": 500.01872635521926, ""std"": 9.845639787888365, ""min"": 452.8252003037207, ""max"": 552.6527329950178}}","[JUmPER]: a benchmark measurement spent at least 7ms of its 74ms on 16488 page faults - the cost of touching memory inherited from the prefix rather than of the cell itself. Cells working over large Python objects are affected most, and the timing understates them. Re-run with --replay-mode full for a number that does not carry this.",
array_reduce,matmul,dill,dill,False,3,2,ok,0.06379,0.0,0.0489,2.689,2.7005,,"{""cpu_util_avg"": {""mean"": 105.715533, ""max"": 105.715533}, ""cpu_util_min"": {""mean"": 105.715533, ""max"": 105.715533}, ""cpu_util_max"": {""mean"": 105.715533, ""max"": 105.715533}, ""cpu_util_0"": {""mean"": 105.715533, ""max"": 105.715533}, ""cpu_util_1"": {""mean"": 105.715533, ""max"": 105.715533}, ""cpu_util_2"": {""mean"": 105.715533, ""max"": 105.715533}, ""cpu_util_3"": {""mean"": 105.715533, ""max"": 105.715533}, ""cpu_util_4"": {""mean"": 105.715533, ""max"": 105.715533}, ""cpu_util_5"": {""mean"": 105.715533, ""max"": 105.715533}, ""cpu_util_6"": {""mean"": 105.715533, ""max"": 105.715533}, ""cpu_util_7"": {""mean"": 105.715533, ""max"": 105.715533}, ""cpu_util_8"": {""mean"": 105.715533, ""max"": 105.715533}, ""cpu_util_9"": {""mean"": 105.715533, ""max"": 105.715533}, ""cpu_util_10"": {""mean"": 105.715533, ""max"": 105.715533}, ""cpu_util_11"": {""mean"": 105.715533, ""max"": 105.715533}, ""memory"": {""mean"": 0.315269, ""max"": 0.315269}, ""io_read_count"": {""mean"": 0.0, ""max"": 0.0}, ""io_write_count"": {""mean"": 0.0, ""max"": 0.0}, ""io_read"": {""mean"": 0.0, ""max"": 0.0}, ""io_write"": {""mean"": 0.0, ""max"": 0.0}, ""gpu_util_avg"": {""mean"": 0.0, ""max"": 0.0}, ""gpu_util_min"": {""mean"": 0.0, ""max"": 0.0}, ""gpu_util_max"": {""mean"": 0.0, ""max"": 0.0}, ""gpu_util_0"": {""mean"": 0.0, ""max"": 0.0}, ""gpu_band_avg"": {""mean"": 0.0, ""max"": 0.0}, ""gpu_band_min"": {""mean"": 0.0, ""max"": 0.0}, ""gpu_band_max"": {""mean"": 0.0, ""max"": 0.0}, ""gpu_band_0"": {""mean"": 0.0, ""max"": 0.0}, ""gpu_mem_avg"": {""mean"": 0.0, ""max"": 0.0}, ""gpu_mem_min"": {""mean"": 0.0, ""max"": 0.0}, ""gpu_mem_max"": {""mean"": 0.0, ""max"": 0.0}, ""gpu_mem_0"": {""mean"": 0.0, ""max"": 0.0}}","{""product"": {""kind"": ""array"", ""shape"": [2000, 2000], ""dtype"": ""float64"", ""mean"": 500.01872635521926, ""std"": 9.845639787888365, ""min"": 452.8252003037207, ""max"": 552.6527329950178}}",,
array_reduce,matmul,fork,fork,False,4,0,ok,0.067883,0.0,,0.242,0.2576,16491.0,"{""cpu_util_avg"": {""mean"": 51.732259, ""max"": 51.732259}, ""cpu_util_min"": {""mean"": 51.732259, ""max"": 51.732259}, ""cpu_util_max"": {""mean"": 51.732259, ""max"": 51.732259}, ""cpu_util_0"": {""mean"": 51.732259, ""max"": 51.732259}, ""cpu_util_1"": {""mean"": 51.732259, ""max"": 51.732259}, ""cpu_util_2"": {""mean"": 51.732259, ""max"": 51.732259}, ""cpu_util_3"": {""mean"": 51.732259, ""max"": 51.732259}, ""cpu_util_4"": {""mean"": 51.732259, ""max"": 51.732259}, ""cpu_util_5"": {""mean"": 51.732259, ""max"": 51.732259}, ""cpu_util_6"": {""mean"": 51.732259, ""max"": 51.732259}, ""cpu_util_7"": {""mean"": 51.732259, ""max"": 51.732259}, ""cpu_util_8"": {""mean"": 51.732259, ""max"": 51.732259}, ""cpu_util_9"": {""mean"": 51.732259, ""max"": 51.732259}, ""cpu_util_10"": {""mean"": 51.732259, ""max"": 51.732259}, ""cpu_util_11"": {""mean"": 51.732259, ""max"": 51.732259}, ""memory"": {""mean"": 0.651428, ""max"": 0.651428}, ""io_read_count"": {""mean"": 10378.784507, ""max"": 10378.784507}, ""io_write_count"": {""mean"": 19.399597, ""max"": 19.399597}, ""io_read"": {""mean"": 0.0, ""max"": 0.0}, ""io_write"": {""mean"": 0.0, ""max"": 0.0}, ""gpu_util_avg"": {""mean"": 0.0, ""max"": 0.0}, ""gpu_util_min"": {""mean"": 0.0, ""max"": 0.0}, ""gpu_util_max"": {""mean"": 0.0, ""max"": 0.0}, ""gpu_util_0"": {""mean"": 0.0, ""max"": 0.0}, ""gpu_band_avg"": {""mean"": 0.0, ""max"": 0.0}, ""gpu_band_min"": {""mean"": 0.0, ""max"": 0.0}, ""gpu_band_max"": {""mean"": 0.0, ""max"": 0.0}, ""gpu_band_0"": {""mean"": 0.0, ""max"": 0.0}, ""gpu_mem_avg"": {""mean"": 0.0, ""max"": 0.0}, ""gpu_mem_min"": {""mean"": 0.0, ""max"": 0.0}, ""gpu_mem_max"": {""mean"": 0.0, ""max"": 0.0}, ""gpu_mem_0"": {""mean"": 0.0, ""max"": 0.0}}","{""product"": {""kind"": ""array"", ""shape"": [2000, 2000], ""dtype"": ""float64"", ""mean"": 500.01872635521926, ""std"": 9.845639787888365, ""min"": 452.8252003037207, ""max"": 552.6527329950178}}","[JUmPER]: a benchmark measurement spent at least 7ms of its 68ms on 16491 page faults - the cost of touching memory inherited from the prefix rather than of the cell itself. Cells working over large Python objects are affected most, and the timing understates them. Re-run with --replay-mode full for a number that does not carry this.",
array_reduce,matmul,dill,dill,False,4,1,ok,0.068317,0.0,0.0345,2.6917,2.7074,,"{""cpu_util_avg"": {""mean"": 104.691628, ""max"": 104.691628}, ""cpu_util_min"": {""mean"": 104.691628, ""max"": 104.691628}, ""cpu_util_max"": {""mean"": 104.691628, ""max"": 104.691628}, ""cpu_util_0"": {""mean"": 104.691628, ""max"": 104.691628}, ""cpu_util_1"": {""mean"": 104.691628, ""max"": 104.691628}, ""cpu_util_2"": {""mean"": 104.691628, ""max"": 104.691628}, ""cpu_util_3"": {""mean"": 104.691628, ""max"": 104.691628}, ""cpu_util_4"": {""mean"": 104.691628, ""max"": 104.691628}, ""cpu_util_5"": {""mean"": 104.691628, ""max"": 104.691628}, ""cpu_util_6"": {""mean"": 104.691628, ""max"": 104.691628}, ""cpu_util_7"": {""mean"": 104.691628, ""max"": 104.691628}, ""cpu_util_8"": {""mean"": 104.691628, ""max"": 104.691628}, ""cpu_util_9"": {""mean"": 104.691628, ""max"": 104.691628}, ""cpu_util_10"": {""mean"": 104.691628, ""max"": 104.691628}, ""cpu_util_11"": {""mean"": 104.691628, ""max"": 104.691628}, ""memory"": {""mean"": 0.315598, ""max"": 0.315598}, ""io_read_count"": {""mean"": 0.0, ""max"": 0.0}, ""io_write_count"": {""mean"": 0.0, ""max"": 0.0}, ""io_read"": {""mean"": 0.0, ""max"": 0.0}, ""io_write"": {""mean"": 0.0, ""max"": 0.0}, ""gpu_util_avg"": {""mean"": 0.0, ""max"": 0.0}, ""gpu_util_min"": {""mean"": 0.0, ""max"": 0.0}, ""gpu_util_max"": {""mean"": 0.0, ""max"": 0.0}, ""gpu_util_0"": {""mean"": 0.0, ""max"": 0.0}, ""gpu_band_avg"": {""mean"": 0.0, ""max"": 0.0}, ""gpu_band_min"": {""mean"": 0.0, ""max"": 0.0}, ""gpu_band_max"": {""mean"": 0.0, ""max"": 0.0}, ""gpu_band_0"": {""mean"": 0.0, ""max"": 0.0}, ""gpu_mem_avg"": {""mean"": 0.0, ""max"": 0.0}, ""gpu_mem_min"": {""mean"": 0.0, ""max"": 0.0}, ""gpu_mem_max"": {""mean"": 0.0, ""max"": 0.0}, ""gpu_mem_0"": {""mean"": 0.0, ""max"": 0.0}}","{""product"": {""kind"": ""array"", ""shape"": [2000, 2000], ""dtype"": ""float64"", ""mean"": 500.01872635521926, ""std"": 9.845639787888365, ""min"": 452.8252003037207, ""max"": 552.6527329950178}}",,
array_reduce,matmul,full,full,False,4,2,ok,0.061975,0.101135,,2.6863,2.7022,,"{""cpu_util_avg"": {""mean"": 106.6528, ""max"": 106.6528}, ""cpu_util_min"": {""mean"": 106.6528, ""max"": 106.6528}, ""cpu_util_max"": {""mean"": 106.6528, ""max"": 106.6528}, ""cpu_util_0"": {""mean"": 106.6528, ""max"": 106.6528}, ""cpu_util_1"": {""mean"": 106.6528, ""max"": 106.6528}, ""cpu_util_2"": {""mean"": 106.6528, ""max"": 106.6528}, ""cpu_util_3"": {""mean"": 106.6528, ""max"": 106.6528}, ""cpu_util_4"": {""mean"": 106.6528, ""max"": 106.6528}, ""cpu_util_5"": {""mean"": 106.6528, ""max"": 106.6528}, ""cpu_util_6"": {""mean"": 106.6528, ""max"": 106.6528}, ""cpu_util_7"": {""mean"": 106.6528, ""max"": 106.6528}, ""cpu_util_8"": {""mean"": 106.6528, ""max"": 106.6528}, ""cpu_util_9"": {""mean"": 106.6528, ""max"": 106.6528}, ""cpu_util_10"": {""mean"": 106.6528, ""max"": 106.6528}, ""cpu_util_11"": {""mean"": 106.6528, ""max"": 106.6528}, ""memory"": {""mean"": 0.31551, ""max"": 0.31551}, ""io_read_count"": {""mean"": 8303.3107, ""max"": 8303.3107}, ""io_write_count"": {""mean"": 15.607727, ""max"": 15.607727}, ""io_read"": {""mean"": 0.0, ""max"": 0.0}, ""io_write"": {""mean"": 0.0, ""max"": 0.0}, ""gpu_util_avg"": {""mean"": 0.0, ""max"": 0.0}, ""gpu_util_min"": {""mean"": 0.0, ""max"": 0.0}, ""gpu_util_max"": {""mean"": 0.0, ""max"": 0.0}, ""gpu_util_0"": {""mean"": 0.0, ""max"": 0.0}, ""gpu_band_avg"": {""mean"": 0.0, ""max"": 0.0}, ""gpu_band_min"": {""mean"": 0.0, ""max"": 0.0}, ""gpu_band_max"": {""mean"": 0.0, ""max"": 0.0}, ""gpu_band_0"": {""mean"": 0.0, ""max"": 0.0}, ""gpu_mem_avg"": {""mean"": 0.0, ""max"": 0.0}, ""gpu_mem_min"": {""mean"": 0.0, ""max"": 0.0}, ""gpu_mem_max"": {""mean"": 0.0, ""max"": 0.0}, ""gpu_mem_0"": {""mean"": 0.0, ""max"": 0.0}}","{""product"": {""kind"": ""array"", ""shape"": [2000, 2000], ""dtype"": ""float64"", ""mean"": 500.01872635521926, ""std"": 9.845639787888365, ""min"": 452.8252003037207, ""max"": 552.6527329950178}}",,
array_reduce,matmul,dill,dill,False,5,0,ok,0.067697,0.0,0.0416,2.7255,2.737,,"{""cpu_util_avg"": {""mean"": 103.828119, ""max"": 103.828119}, ""cpu_util_min"": {""mean"": 103.828119, ""max"": 103.828119}, ""cpu_util_max"": {""mean"": 103.828119, ""max"": 103.828119}, ""cpu_util_0"": {""mean"": 103.828119, ""max"": 103.828119}, ""cpu_util_1"": {""mean"": 103.828119, ""max"": 103.828119}, ""cpu_util_2"": {""mean"": 103.828119, ""max"": 103.828119}, ""cpu_util_3"": {""mean"": 103.828119, ""max"": 103.828119}, ""cpu_util_4"": {""mean"": 103.828119, ""max"": 103.828119}, ""cpu_util_5"": {""mean"": 103.828119, ""max"": 103.828119}, ""cpu_util_6"": {""mean"": 103.828119, ""max"": 103.828119}, ""cpu_util_7"": {""mean"": 103.828119, ""max"": 103.828119}, ""cpu_util_8"": {""mean"": 103.828119, ""max"": 103.828119}, ""cpu_util_9"": {""mean"": 103.828119, ""max"": 103.828119}, ""cpu_util_10"": {""mean"": 103.828119, ""max"": 103.828119}, ""cpu_util_11"": {""mean"": 103.828119, ""max"": 103.828119}, ""memory"": {""mean"": 0.315559, ""max"": 0.315559}, ""io_read_count"": {""mean"": 0.0, ""max"": 0.0}, ""io_write_count"": {""mean"": 0.0, ""max"": 0.0}, ""io_read"": {""mean"": 0.0, ""max"": 0.0}, ""io_write"": {""mean"": 0.0, ""max"": 0.0}, ""gpu_util_avg"": {""mean"": 0.0, ""max"": 0.0}, ""gpu_util_min"": {""mean"": 0.0, ""max"": 0.0}, ""gpu_util_max"": {""mean"": 0.0, ""max"": 0.0}, ""gpu_util_0"": {""mean"": 0.0, ""max"": 0.0}, ""gpu_band_avg"": {""mean"": 0.0, ""max"": 0.0}, ""gpu_band_min"": {""mean"": 0.0, ""max"": 0.0}, ""gpu_band_max"": {""mean"": 0.0, ""max"": 0.0}, ""gpu_band_0"": {""mean"": 0.0, ""max"": 0.0}, ""gpu_mem_avg"": {""mean"": 0.0, ""max"": 0.0}, ""gpu_mem_min"": {""mean"": 0.0, ""max"": 0.0}, ""gpu_mem_max"": {""mean"": 0.0, ""max"": 0.0}, ""gpu_mem_0"": {""mean"": 0.0, ""max"": 0.0}}","{""product"": {""kind"": ""array"", ""shape"": [2000, 2000], ""dtype"": ""float64"", ""mean"": 500.01872635521926, ""std"": 9.845639787888365, ""min"": 452.8252003037207, ""max"": 552.6527329950178}}",,
array_reduce,matmul,full,full,False,5,1,ok,0.070829,0.121886,,2.7105,2.7265,,"{""cpu_util_avg"": {""mean"": 102.598335, ""max"": 102.598335}, ""cpu_util_min"": {""mean"": 102.598335, ""max"": 102.598335}, ""cpu_util_max"": {""mean"": 102.598335, ""max"": 102.598335}, ""cpu_util_0"": {""mean"": 102.598335, ""max"": 102.598335}, ""cpu_util_1"": {""mean"": 102.598335, ""max"": 102.598335}, ""cpu_util_2"": {""mean"": 102.598335, ""max"": 102.598335}, ""cpu_util_3"": {""mean"": 102.598335, ""max"": 102.598335}, ""cpu_util_4"": {""mean"": 102.598335, ""max"": 102.598335}, ""cpu_util_5"": {""mean"": 102.598335, ""max"": 102.598335}, ""cpu_util_6"": {""mean"": 102.598335, ""max"": 102.598335}, ""cpu_util_7"": {""mean"": 102.598335, ""max"": 102.598335}, ""cpu_util_8"": {""mean"": 102.598335, ""max"": 102.598335}, ""cpu_util_9"": {""mean"": 102.598335, ""max"": 102.598335}, ""cpu_util_10"": {""mean"": 102.598335, ""max"": 102.598335}, ""cpu_util_11"": {""mean"": 102.598335, ""max"": 102.598335}, ""memory"": {""mean"": 0.316185, ""max"": 0.316185}, ""io_read_count"": {""mean"": 10388.081408, ""max"": 10388.081408}, ""io_write_count"": {""mean"": 19.237188, ""max"": 19.237188}, ""io_read"": {""mean"": 0.0, ""max"": 0.0}, ""io_write"": {""mean"": 0.0, ""max"": 0.0}, ""gpu_util_avg"": {""mean"": 0.0, ""max"": 0.0}, ""gpu_util_min"": {""mean"": 0.0, ""max"": 0.0}, ""gpu_util_max"": {""mean"": 0.0, ""max"": 0.0}, ""gpu_util_0"": {""mean"": 0.0, ""max"": 0.0}, ""gpu_band_avg"": {""mean"": 0.0, ""max"": 0.0}, ""gpu_band_min"": {""mean"": 0.0, ""max"": 0.0}, ""gpu_band_max"": {""mean"": 0.0, ""max"": 0.0}, ""gpu_band_0"": {""mean"": 0.0, ""max"": 0.0}, ""gpu_mem_avg"": {""mean"": 0.0, ""max"": 0.0}, ""gpu_mem_min"": {""mean"": 0.0, ""max"": 0.0}, ""gpu_mem_max"": {""mean"": 0.0, ""max"": 0.0}, ""gpu_mem_0"": {""mean"": 0.0, ""max"": 0.0}}","{""product"": {""kind"": ""array"", ""shape"": [2000, 2000], ""dtype"": ""float64"", ""mean"": 500.01872635521926, ""std"": 9.845639787888365, ""min"": 452.8252003037207, ""max"": 552.6527329950178}}",,
array_reduce,matmul,fork,fork,False,5,2,ok,0.078778,0.0,,0.2561,0.2727,16400.0,"{""cpu_util_avg"": {""mean"": 76.502568, ""max"": 104.15989}, ""cpu_util_min"": {""mean"": 76.502568, ""max"": 104.15989}, ""cpu_util_max"": {""mean"": 76.502568, ""max"": 104.15989}, ""cpu_util_0"": {""mean"": 76.502568, ""max"": 104.15989}, ""cpu_util_1"": {""mean"": 76.502568, ""max"": 104.15989}, ""cpu_util_2"": {""mean"": 76.502568, ""max"": 104.15989}, ""cpu_util_3"": {""mean"": 76.502568, ""max"": 104.15989}, ""cpu_util_4"": {""mean"": 76.502568, ""max"": 104.15989}, ""cpu_util_5"": {""mean"": 76.502568, ""max"": 104.15989}, ""cpu_util_6"": {""mean"": 76.502568, ""max"": 104.15989}, ""cpu_util_7"": {""mean"": 76.502568, ""max"": 104.15989}, ""cpu_util_8"": {""mean"": 76.502568, ""max"": 104.15989}, ""cpu_util_9"": {""mean"": 76.502568, ""max"": 104.15989}, ""cpu_util_10"": {""mean"": 76.502568, ""max"": 104.15989}, ""cpu_util_11"": {""mean"": 76.502568, ""max"": 104.15989}, ""memory"": {""mean"": 0.6517335, ""max"": 0.651917}, ""io_read_count"": {""mean"": 10201.742567000001, ""max"": 10287.792238}, ""io_write_count"": {""mean"": 19.0686775, ""max"": 19.229518}, ""io_read"": {""mean"": 0.0, ""max"": 0.0}, ""io_write"": {""mean"": 0.0, ""max"": 0.0}, ""gpu_util_avg"": {""mean"": 0.0, ""max"": 0.0}, ""gpu_util_min"": {""mean"": 0.0, ""max"": 0.0}, ""gpu_util_max"": {""mean"": 0.0, ""max"": 0.0}, ""gpu_util_0"": {""mean"": 0.0, ""max"": 0.0}, ""gpu_band_avg"": {""mean"": 0.0, ""max"": 0.0}, ""gpu_band_min"": {""mean"": 0.0, ""max"": 0.0}, ""gpu_band_max"": {""mean"": 0.0, ""max"": 0.0}, ""gpu_band_0"": {""mean"": 0.0, ""max"": 0.0}, ""gpu_mem_avg"": {""mean"": 0.0, ""max"": 0.0}, ""gpu_mem_min"": {""mean"": 0.0, ""max"": 0.0}, ""gpu_mem_max"": {""mean"": 0.0, ""max"": 0.0}, ""gpu_mem_0"": {""mean"": 0.0, ""max"": 0.0}}","{""product"": {""kind"": ""array"", ""shape"": [2000, 2000], ""dtype"": ""float64"", ""mean"": 500.01872635521926, ""std"": 9.845639787888365, ""min"": 452.8252003037207, ""max"": 552.6527329950178}}","[JUmPER]: a benchmark measurement spent at least 7ms of its 79ms on 16400 page faults - the cost of touching memory inherited from the prefix rather than of the cell itself. Cells working over large Python objects are affected most, and the timing understates them. Re-run with --replay-mode full for a number that does not carry this.",
array_reduce,matmul,full,full,False,6,0,ok,0.063274,0.093209,,2.627,2.6425,,"{""cpu_util_avg"": {""mean"": 106.535075, ""max"": 106.535075}, ""cpu_util_min"": {""mean"": 106.535075, ""max"": 106.535075}, ""cpu_util_max"": {""mean"": 106.535075, ""max"": 106.535075}, ""cpu_util_0"": {""mean"": 106.535075, ""max"": 106.535075}, ""cpu_util_1"": {""mean"": 106.535075, ""max"": 106.535075}, ""cpu_util_2"": {""mean"": 106.535075, ""max"": 106.535075}, ""cpu_util_3"": {""mean"": 106.535075, ""max"": 106.535075}, ""cpu_util_4"": {""mean"": 106.535075, ""max"": 106.535075}, ""cpu_util_5"": {""mean"": 106.535075, ""max"": 106.535075}, ""cpu_util_6"": {""mean"": 106.535075, ""max"": 106.535075}, ""cpu_util_7"": {""mean"": 106.535075, ""max"": 106.535075}, ""cpu_util_8"": {""mean"": 106.535075, ""max"": 106.535075}, ""cpu_util_9"": {""mean"": 106.535075, ""max"": 106.535075}, ""cpu_util_10"": {""mean"": 106.535075, ""max"": 106.535075}, ""cpu_util_11"": {""mean"": 106.535075, ""max"": 106.535075}, ""memory"": {""mean"": 0.315472, ""max"": 0.315472}, ""io_read_count"": {""mean"": 7817.470298, ""max"": 7817.470298}, ""io_write_count"": {""mean"": 14.694493, ""max"": 14.694493}, ""io_read"": {""mean"": 0.0, ""max"": 0.0}, ""io_write"": {""mean"": 0.0, ""max"": 0.0}, ""gpu_util_avg"": {""mean"": 0.0, ""max"": 0.0}, ""gpu_util_min"": {""mean"": 0.0, ""max"": 0.0}, ""gpu_util_max"": {""mean"": 0.0, ""max"": 0.0}, ""gpu_util_0"": {""mean"": 0.0, ""max"": 0.0}, ""gpu_band_avg"": {""mean"": 0.0, ""max"": 0.0}, ""gpu_band_min"": {""mean"": 0.0, ""max"": 0.0}, ""gpu_band_max"": {""mean"": 0.0, ""max"": 0.0}, ""gpu_band_0"": {""mean"": 0.0, ""max"": 0.0}, ""gpu_mem_avg"": {""mean"": 0.0, ""max"": 0.0}, ""gpu_mem_min"": {""mean"": 0.0, ""max"": 0.0}, ""gpu_mem_max"": {""mean"": 0.0, ""max"": 0.0}, ""gpu_mem_0"": {""mean"": 0.0, ""max"": 0.0}}","{""product"": {""kind"": ""array"", ""shape"": [2000, 2000], ""dtype"": ""float64"", ""mean"": 500.01872635521926, ""std"": 9.845639787888365, ""min"": 452.8252003037207, ""max"": 552.6527329950178}}",,
array_reduce,matmul,fork,fork,False,6,1,ok,0.069414,0.0,,0.2449,0.2607,16376.0,"{""cpu_util_avg"": {""mean"": 50.195811, ""max"": 50.195811}, ""cpu_util_min"": {""mean"": 50.195811, ""max"": 50.195811}, ""cpu_util_max"": {""mean"": 50.195811, ""max"": 50.195811}, ""cpu_util_0"": {""mean"": 50.195811, ""max"": 50.195811}, ""cpu_util_1"": {""mean"": 50.195811, ""max"": 50.195811}, ""cpu_util_2"": {""mean"": 50.195811, ""max"": 50.195811}, ""cpu_util_3"": {""mean"": 50.195811, ""max"": 50.195811}, ""cpu_util_4"": {""mean"": 50.195811, ""max"": 50.195811}, ""cpu_util_5"": {""mean"": 50.195811, ""max"": 50.195811}, ""cpu_util_6"": {""mean"": 50.195811, ""max"": 50.195811}, ""cpu_util_7"": {""mean"": 50.195811, ""max"": 50.195811}, ""cpu_util_8"": {""mean"": 50.195811, ""max"": 50.195811}, ""cpu_util_9"": {""mean"": 50.195811, ""max"": 50.195811}, ""cpu_util_10"": {""mean"": 50.195811, ""max"": 50.195811}, ""cpu_util_11"": {""mean"": 50.195811, ""max"": 50.195811}, ""memory"": {""mean"": 0.651672, ""max"": 0.651672}, ""io_read_count"": {""mean"": 10395.390524, ""max"": 10395.390524}, ""io_write_count"": {""mean"": 19.430636, ""max"": 19.430636}, ""io_read"": {""mean"": 0.0, ""max"": 0.0}, ""io_write"": {""mean"": 0.0, ""max"": 0.0}, ""gpu_util_avg"": {""mean"": 0.0, ""max"": 0.0}, ""gpu_util_min"": {""mean"": 0.0, ""max"": 0.0}, ""gpu_util_max"": {""mean"": 0.0, ""max"": 0.0}, ""gpu_util_0"": {""mean"": 0.0, ""max"": 0.0}, ""gpu_band_avg"": {""mean"": 0.0, ""max"": 0.0}, ""gpu_band_min"": {""mean"": 0.0, ""max"": 0.0}, ""gpu_band_max"": {""mean"": 0.0, ""max"": 0.0}, ""gpu_band_0"": {""mean"": 0.0, ""max"": 0.0}, ""gpu_mem_avg"": {""mean"": 0.0, ""max"": 0.0}, ""gpu_mem_min"": {""mean"": 0.0, ""max"": 0.0}, ""gpu_mem_max"": {""mean"": 0.0, ""max"": 0.0}, ""gpu_mem_0"": {""mean"": 0.0, ""max"": 0.0}}","{""product"": {""kind"": ""array"", ""shape"": [2000, 2000], ""dtype"": ""float64"", ""mean"": 500.01872635521926, ""std"": 9.845639787888365, ""min"": 452.8252003037207, ""max"": 552.6527329950178}}","[JUmPER]: a benchmark measurement spent at least 7ms of its 69ms on 16376 page faults - the cost of touching memory inherited from the prefix rather than of the cell itself. Cells working over large Python objects are affected most, and the timing understates them. Re-run with --replay-mode full for a number that does not carry this.",
array_reduce,matmul,dill,dill,False,6,2,ok,0.065962,0.0,0.0427,2.6715,2.6865,,"{""cpu_util_avg"": {""mean"": 103.369781, ""max"": 103.369781}, ""cpu_util_min"": {""mean"": 103.369781, ""max"": 103.369781}, ""cpu_util_max"": {""mean"": 103.369781, ""max"": 103.369781}, ""cpu_util_0"": {""mean"": 103.369781, ""max"": 103.369781}, ""cpu_util_1"": {""mean"": 103.369781, ""max"": 103.369781}, ""cpu_util_2"": {""mean"": 103.369781, ""max"": 103.369781}, ""cpu_util_3"": {""mean"": 103.369781, ""max"": 103.369781}, ""cpu_util_4"": {""mean"": 103.369781, ""max"": 103.369781}, ""cpu_util_5"": {""mean"": 103.369781, ""max"": 103.369781}, ""cpu_util_6"": {""mean"": 103.369781, ""max"": 103.369781}, ""cpu_util_7"": {""mean"": 103.369781, ""max"": 103.369781}, ""cpu_util_8"": {""mean"": 103.369781, ""max"": 103.369781}, ""cpu_util_9"": {""mean"": 103.369781, ""max"": 103.369781}, ""cpu_util_10"": {""mean"": 103.369781, ""max"": 103.369781}, ""cpu_util_11"": {""mean"": 103.369781, ""max"": 103.369781}, ""memory"": {""mean"": 0.315624, ""max"": 0.315624}, ""io_read_count"": {""mean"": 0.0, ""max"": 0.0}, ""io_write_count"": {""mean"": 0.0, ""max"": 0.0}, ""io_read"": {""mean"": 0.0, ""max"": 0.0}, ""io_write"": {""mean"": 0.0, ""max"": 0.0}, ""gpu_util_avg"": {""mean"": 0.0, ""max"": 0.0}, ""gpu_util_min"": {""mean"": 0.0, ""max"": 0.0}, ""gpu_util_max"": {""mean"": 0.0, ""max"": 0.0}, ""gpu_util_0"": {""mean"": 0.0, ""max"": 0.0}, ""gpu_band_avg"": {""mean"": 0.0, ""max"": 0.0}, ""gpu_band_min"": {""mean"": 0.0, ""max"": 0.0}, ""gpu_band_max"": {""mean"": 0.0, ""max"": 0.0}, ""gpu_band_0"": {""mean"": 0.0, ""max"": 0.0}, ""gpu_mem_avg"": {""mean"": 0.0, ""max"": 0.0}, ""gpu_mem_min"": {""mean"": 0.0, ""max"": 0.0}, ""gpu_mem_max"": {""mean"": 0.0, ""max"": 0.0}, ""gpu_mem_0"": {""mean"": 0.0, ""max"": 0.0}}","{""product"": {""kind"": ""array"", ""shape"": [2000, 2000], ""dtype"": ""float64"", ""mean"": 500.01872635521926, ""std"": 9.845639787888365, ""min"": 452.8252003037207, ""max"": 552.6527329950178}}",,
array_reduce,matmul,fork,fork,False,7,0,ok,0.076783,0.0,,0.2537,0.2688,16590.0,"{""cpu_util_avg"": {""mean"": 78.338442, ""max"": 103.361799}, ""cpu_util_min"": {""mean"": 78.338442, ""max"": 103.361799}, ""cpu_util_max"": {""mean"": 78.338442, ""max"": 103.361799}, ""cpu_util_0"": {""mean"": 78.338442, ""max"": 103.361799}, ""cpu_util_1"": {""mean"": 78.338442, ""max"": 103.361799}, ""cpu_util_2"": {""mean"": 78.338442, ""max"": 103.361799}, ""cpu_util_3"": {""mean"": 78.338442, ""max"": 103.361799}, ""cpu_util_4"": {""mean"": 78.338442, ""max"": 103.361799}, ""cpu_util_5"": {""mean"": 78.338442, ""max"": 103.361799}, ""cpu_util_6"": {""mean"": 78.338442, ""max"": 103.361799}, ""cpu_util_7"": {""mean"": 78.338442, ""max"": 103.361799}, ""cpu_util_8"": {""mean"": 78.338442, ""max"": 103.361799}, ""cpu_util_9"": {""mean"": 78.338442, ""max"": 103.361799}, ""cpu_util_10"": {""mean"": 78.338442, ""max"": 103.361799}, ""cpu_util_11"": {""mean"": 78.338442, ""max"": 103.361799}, ""memory"": {""mean"": 0.6519775, ""max"": 0.652161}, ""io_read_count"": {""mean"": 10699.6432245, ""max"": 10702.947592}, ""io_write_count"": {""mean"": 19.9993335, ""max"": 20.00551}, ""io_read"": {""mean"": 0.0, ""max"": 0.0}, ""io_write"": {""mean"": 0.0, ""max"": 0.0}, ""gpu_util_avg"": {""mean"": 0.0, ""max"": 0.0}, ""gpu_util_min"": {""mean"": 0.0, ""max"": 0.0}, ""gpu_util_max"": {""mean"": 0.0, ""max"": 0.0}, ""gpu_util_0"": {""mean"": 0.0, ""max"": 0.0}, ""gpu_band_avg"": {""mean"": 0.0, ""max"": 0.0}, ""gpu_band_min"": {""mean"": 0.0, ""max"": 0.0}, ""gpu_band_max"": {""mean"": 0.0, ""max"": 0.0}, ""gpu_band_0"": {""mean"": 0.0, ""max"": 0.0}, ""gpu_mem_avg"": {""mean"": 0.0, ""max"": 0.0}, ""gpu_mem_min"": {""mean"": 0.0, ""max"": 0.0}, ""gpu_mem_max"": {""mean"": 0.0, ""max"": 0.0}, ""gpu_mem_0"": {""mean"": 0.0, ""max"": 0.0}}","{""product"": {""kind"": ""array"", ""shape"": [2000, 2000], ""dtype"": ""float64"", ""mean"": 500.01872635521926, ""std"": 9.845639787888365, ""min"": 452.8252003037207, ""max"": 552.6527329950178}}","[JUmPER]: a benchmark measurement spent at least 8ms of its 77ms on 16590 page faults - the cost of touching memory inherited from the prefix rather than of the cell itself. Cells working over large Python objects are affected most, and the timing understates them. Re-run with --replay-mode full for a number that does not carry this.",
array_reduce,matmul,dill,dill,False,7,1,ok,0.070842,0.0,0.0378,2.6072,2.6218,,"{""cpu_util_avg"": {""mean"": 119.309106, ""max"": 119.309106}, ""cpu_util_min"": {""mean"": 119.309106, ""max"": 119.309106}, ""cpu_util_max"": {""mean"": 119.309106, ""max"": 119.309106}, ""cpu_util_0"": {""mean"": 119.309106, ""max"": 119.309106}, ""cpu_util_1"": {""mean"": 119.309106, ""max"": 119.309106}, ""cpu_util_2"": {""mean"": 119.309106, ""max"": 119.309106}, ""cpu_util_3"": {""mean"": 119.309106, ""max"": 119.309106}, ""cpu_util_4"": {""mean"": 119.309106, ""max"": 119.309106}, ""cpu_util_5"": {""mean"": 119.309106, ""max"": 119.309106}, ""cpu_util_6"": {""mean"": 119.309106, ""max"": 119.309106}, ""cpu_util_7"": {""mean"": 119.309106, ""max"": 119.309106}, ""cpu_util_8"": {""mean"": 119.309106, ""max"": 119.309106}, ""cpu_util_9"": {""mean"": 119.309106, ""max"": 119.309106}, ""cpu_util_10"": {""mean"": 119.309106, ""max"": 119.309106}, ""cpu_util_11"": {""mean"": 119.309106, ""max"": 119.309106}, ""memory"": {""mean"": 0.315296, ""max"": 0.315296}, ""io_read_count"": {""mean"": 0.0, ""max"": 0.0}, ""io_write_count"": {""mean"": 0.0, ""max"": 0.0}, ""io_read"": {""mean"": 0.0, ""max"": 0.0}, ""io_write"": {""mean"": 0.0, ""max"": 0.0}, ""gpu_util_avg"": {""mean"": 0.0, ""max"": 0.0}, ""gpu_util_min"": {""mean"": 0.0, ""max"": 0.0}, ""gpu_util_max"": {""mean"": 0.0, ""max"": 0.0}, ""gpu_util_0"": {""mean"": 0.0, ""max"": 0.0}, ""gpu_band_avg"": {""mean"": 0.0, ""max"": 0.0}, ""gpu_band_min"": {""mean"": 0.0, ""max"": 0.0}, ""gpu_band_max"": {""mean"": 0.0, ""max"": 0.0}, ""gpu_band_0"": {""mean"": 0.0, ""max"": 0.0}, ""gpu_mem_avg"": {""mean"": 0.0, ""max"": 0.0}, ""gpu_mem_min"": {""mean"": 0.0, ""max"": 0.0}, ""gpu_mem_max"": {""mean"": 0.0, ""max"": 0.0}, ""gpu_mem_0"": {""mean"": 0.0, ""max"": 0.0}}","{""product"": {""kind"": ""array"", ""shape"": [2000, 2000], ""dtype"": ""float64"", ""mean"": 500.01872635521926, ""std"": 9.845639787888365, ""min"": 452.8252003037207, ""max"": 552.6527329950178}}",,
array_reduce,matmul,full,full,False,7,2,ok,0.062088,0.100212,,2.6411,2.6577,,"{""cpu_util_avg"": {""mean"": 108.713716, ""max"": 108.713716}, ""cpu_util_min"": {""mean"": 108.713716, ""max"": 108.713716}, ""cpu_util_max"": {""mean"": 108.713716, ""max"": 108.713716}, ""cpu_util_0"": {""mean"": 108.713716, ""max"": 108.713716}, ""cpu_util_1"": {""mean"": 108.713716, ""max"": 108.713716}, ""cpu_util_2"": {""mean"": 108.713716, ""max"": 108.713716}, ""cpu_util_3"": {""mean"": 108.713716, ""max"": 108.713716}, ""cpu_util_4"": {""mean"": 108.713716, ""max"": 108.713716}, ""cpu_util_5"": {""mean"": 108.713716, ""max"": 108.713716}, ""cpu_util_6"": {""mean"": 108.713716, ""max"": 108.713716}, ""cpu_util_7"": {""mean"": 108.713716, ""max"": 108.713716}, ""cpu_util_8"": {""mean"": 108.713716, ""max"": 108.713716}, ""cpu_util_9"": {""mean"": 108.713716, ""max"": 108.713716}, ""cpu_util_10"": {""mean"": 108.713716, ""max"": 108.713716}, ""cpu_util_11"": {""mean"": 108.713716, ""max"": 108.713716}, ""memory"": {""mean"": 0.315868, ""max"": 0.315868}, ""io_read_count"": {""mean"": 7383.280467, ""max"": 7383.280467}, ""io_write_count"": {""mean"": 13.878347, ""max"": 13.878347}, ""io_read"": {""mean"": 0.0, ""max"": 0.0}, ""io_write"": {""mean"": 0.0, ""max"": 0.0}, ""gpu_util_avg"": {""mean"": 0.0, ""max"": 0.0}, ""gpu_util_min"": {""mean"": 0.0, ""max"": 0.0}, ""gpu_util_max"": {""mean"": 0.0, ""max"": 0.0}, ""gpu_util_0"": {""mean"": 0.0, ""max"": 0.0}, ""gpu_band_avg"": {""mean"": 0.0, ""max"": 0.0}, ""gpu_band_min"": {""mean"": 0.0, ""max"": 0.0}, ""gpu_band_max"": {""mean"": 0.0, ""max"": 0.0}, ""gpu_band_0"": {""mean"": 0.0, ""max"": 0.0}, ""gpu_mem_avg"": {""mean"": 0.0, ""max"": 0.0}, ""gpu_mem_min"": {""mean"": 0.0, ""max"": 0.0}, ""gpu_mem_max"": {""mean"": 0.0, ""max"": 0.0}, ""gpu_mem_0"": {""mean"": 0.0, ""max"": 0.0}}","{""product"": {""kind"": ""array"", ""shape"": [2000, 2000], ""dtype"": ""float64"", ""mean"": 500.01872635521926, ""std"": 9.845639787888365, ""min"": 452.8252003037207, ""max"": 552.6527329950178}}",,
array_reduce,matmul,dill,dill,False,8,0,ok,0.069459,0.0,0.0343,2.6333,2.6515,,"{""cpu_util_avg"": {""mean"": 99.742338, ""max"": 99.742338}, ""cpu_util_min"": {""mean"": 99.742338, ""max"": 99.742338}, ""cpu_util_max"": {""mean"": 99.742338, ""max"": 99.742338}, ""cpu_util_0"": {""mean"": 99.742338, ""max"": 99.742338}, ""cpu_util_1"": {""mean"": 99.742338, ""max"": 99.742338}, ""cpu_util_2"": {""mean"": 99.742338, ""max"": 99.742338}, ""cpu_util_3"": {""mean"": 99.742338, ""max"": 99.742338}, ""cpu_util_4"": {""mean"": 99.742338, ""max"": 99.742338}, ""cpu_util_5"": {""mean"": 99.742338, ""max"": 99.742338}, ""cpu_util_6"": {""mean"": 99.742338, ""max"": 99.742338}, ""cpu_util_7"": {""mean"": 99.742338, ""max"": 99.742338}, ""cpu_util_8"": {""mean"": 99.742338, ""max"": 99.742338}, ""cpu_util_9"": {""mean"": 99.742338, ""max"": 99.742338}, ""cpu_util_10"": {""mean"": 99.742338, ""max"": 99.742338}, ""cpu_util_11"": {""mean"": 99.742338, ""max"": 99.742338}, ""memory"": {""mean"": 0.315556, ""max"": 0.315556}, ""io_read_count"": {""mean"": 0.0, ""max"": 0.0}, ""io_write_count"": {""mean"": 0.0, ""max"": 0.0}, ""io_read"": {""mean"": 0.0, ""max"": 0.0}, ""io_write"": {""mean"": 0.0, ""max"": 0.0}, ""gpu_util_avg"": {""mean"": 0.0, ""max"": 0.0}, ""gpu_util_min"": {""mean"": 0.0, ""max"": 0.0}, ""gpu_util_max"": {""mean"": 0.0, ""max"": 0.0}, ""gpu_util_0"": {""mean"": 0.0, ""max"": 0.0}, ""gpu_band_avg"": {""mean"": 0.0, ""max"": 0.0}, ""gpu_band_min"": {""mean"": 0.0, ""max"": 0.0}, ""gpu_band_max"": {""mean"": 0.0, ""max"": 0.0}, ""gpu_band_0"": {""mean"": 0.0, ""max"": 0.0}, ""gpu_mem_avg"": {""mean"": 0.0, ""max"": 0.0}, ""gpu_mem_min"": {""mean"": 0.0, ""max"": 0.0}, ""gpu_mem_max"": {""mean"": 0.0, ""max"": 0.0}, ""gpu_mem_0"": {""mean"": 0.0, ""max"": 0.0}}","{""product"": {""kind"": ""array"", ""shape"": [2000, 2000], ""dtype"": ""float64"", ""mean"": 500.01872635521926, ""std"": 9.845639787888365, ""min"": 452.8252003037207, ""max"": 552.6527329950178}}",,
array_reduce,matmul,full,full,False,8,1,ok,0.061971,0.101323,,2.7003,2.7169,,"{""cpu_util_avg"": {""mean"": 106.541962, ""max"": 106.541962}, ""cpu_util_min"": {""mean"": 106.541962, ""max"": 106.541962}, ""cpu_util_max"": {""mean"": 106.541962, ""max"": 106.541962}, ""cpu_util_0"": {""mean"": 106.541962, ""max"": 106.541962}, ""cpu_util_1"": {""mean"": 106.541962, ""max"": 106.541962}, ""cpu_util_2"": {""mean"": 106.541962, ""max"": 106.541962}, ""cpu_util_3"": {""mean"": 106.541962, ""max"": 106.541962}, ""cpu_util_4"": {""mean"": 106.541962, ""max"": 106.541962}, ""cpu_util_5"": {""mean"": 106.541962, ""max"": 106.541962}, ""cpu_util_6"": {""mean"": 106.541962, ""max"": 106.541962}, ""cpu_util_7"": {""mean"": 106.541962, ""max"": 106.541962}, ""cpu_util_8"": {""mean"": 106.541962, ""max"": 106.541962}, ""cpu_util_9"": {""mean"": 106.541962, ""max"": 106.541962}, ""cpu_util_10"": {""mean"": 106.541962, ""max"": 106.541962}, ""cpu_util_11"": {""mean"": 106.541962, ""max"": 106.541962}, ""memory"": {""mean"": 0.315495, ""max"": 0.315495}, ""io_read_count"": {""mean"": 7803.280217, ""max"": 7803.280217}, ""io_write_count"": {""mean"": 14.695443, ""max"": 14.695443}, ""io_read"": {""mean"": 0.0, ""max"": 0.0}, ""io_write"": {""mean"": 0.0, ""max"": 0.0}, ""gpu_util_avg"": {""mean"": 0.0, ""max"": 0.0}, ""gpu_util_min"": {""mean"": 0.0, ""max"": 0.0}, ""gpu_util_max"": {""mean"": 0.0, ""max"": 0.0}, ""gpu_util_0"": {""mean"": 0.0, ""max"": 0.0}, ""gpu_band_avg"": {""mean"": 0.0, ""max"": 0.0}, ""gpu_band_min"": {""mean"": 0.0, ""max"": 0.0}, ""gpu_band_max"": {""mean"": 0.0, ""max"": 0.0}, ""gpu_band_0"": {""mean"": 0.0, ""max"": 0.0}, ""gpu_mem_avg"": {""mean"": 0.0, ""max"": 0.0}, ""gpu_mem_min"": {""mean"": 0.0, ""max"": 0.0}, ""gpu_mem_max"": {""mean"": 0.0, ""max"": 0.0}, ""gpu_mem_0"": {""mean"": 0.0, ""max"": 0.0}}","{""product"": {""kind"": ""array"", ""shape"": [2000, 2000], ""dtype"": ""float64"", ""mean"": 500.01872635521926, ""std"": 9.845639787888365, ""min"": 452.8252003037207, ""max"": 552.6527329950178}}",,
array_reduce,matmul,fork,fork,False,8,2,ok,0.077582,0.0,,0.2572,0.2733,16387.0,"{""cpu_util_avg"": {""mean"": 74.999497, ""max"": 103.415243}, ""cpu_util_min"": {""mean"": 74.999497, ""max"": 103.415243}, ""cpu_util_max"": {""mean"": 74.999497, ""max"": 103.415243}, ""cpu_util_0"": {""mean"": 74.999497, ""max"": 103.415243}, ""cpu_util_1"": {""mean"": 74.999497, ""max"": 103.415243}, ""cpu_util_2"": {""mean"": 74.999497, ""max"": 103.415243}, ""cpu_util_3"": {""mean"": 74.999497, ""max"": 103.415243}, ""cpu_util_4"": {""mean"": 74.999497, ""max"": 103.415243}, ""cpu_util_5"": {""mean"": 74.999497, ""max"": 103.415243}, ""cpu_util_6"": {""mean"": 74.999497, ""max"": 103.415243}, ""cpu_util_7"": {""mean"": 74.999497, ""max"": 103.415243}, ""cpu_util_8"": {""mean"": 74.999497, ""max"": 103.415243}, ""cpu_util_9"": {""mean"": 74.999497, ""max"": 103.415243}, ""cpu_util_10"": {""mean"": 74.999497, ""max"": 103.415243}, ""cpu_util_11"": {""mean"": 74.999497, ""max"": 103.415243}, ""memory"": {""mean"": 0.6520999999999999, ""max"": 0.652283}, ""io_read_count"": {""mean"": 10370.235725499999, ""max"": 10680.988695}, ""io_write_count"": {""mean"": 19.3836185, ""max"": 19.964465}, ""io_read"": {""mean"": 0.0, ""max"": 0.0}, ""io_write"": {""mean"": 0.0, ""max"": 0.0}, ""gpu_util_avg"": {""mean"": 0.0, ""max"": 0.0}, ""gpu_util_min"": {""mean"": 0.0, ""max"": 0.0}, ""gpu_util_max"": {""mean"": 0.0, ""max"": 0.0}, ""gpu_util_0"": {""mean"": 0.0, ""max"": 0.0}, ""gpu_band_avg"": {""mean"": 0.0, ""max"": 0.0}, ""gpu_band_min"": {""mean"": 0.0, ""max"": 0.0}, ""gpu_band_max"": {""mean"": 0.0, ""max"": 0.0}, ""gpu_band_0"": {""mean"": 0.0, ""max"": 0.0}, ""gpu_mem_avg"": {""mean"": 0.0, ""max"": 0.0}, ""gpu_mem_min"": {""mean"": 0.0, ""max"": 0.0}, ""gpu_mem_max"": {""mean"": 0.0, ""max"": 0.0}, ""gpu_mem_0"": {""mean"": 0.0, ""max"": 0.0}}","{""product"": {""kind"": ""array"", ""shape"": [2000, 2000], ""dtype"": ""float64"", ""mean"": 500.01872635521926, ""std"": 9.845639787888365, ""min"": 452.8252003037207, ""max"": 552.6527329950178}}","[JUmPER]: a benchmark measurement spent at least 7ms of its 78ms on 16387 page faults - the cost of touching memory inherited from the prefix rather than of the cell itself. Cells working over large Python objects are affected most, and the timing understates them. Re-run with --replay-mode full for a number that does not carry this.",
array_reduce,matmul,full,full,False,9,0,ok,0.062599,0.095217,,2.7695,2.7858,,"{""cpu_util_avg"": {""mean"": 105.314139, ""max"": 105.314139}, ""cpu_util_min"": {""mean"": 105.314139, ""max"": 105.314139}, ""cpu_util_max"": {""mean"": 105.314139, ""max"": 105.314139}, ""cpu_util_0"": {""mean"": 105.314139, ""max"": 105.314139}, ""cpu_util_1"": {""mean"": 105.314139, ""max"": 105.314139}, ""cpu_util_2"": {""mean"": 105.314139, ""max"": 105.314139}, ""cpu_util_3"": {""mean"": 105.314139, ""max"": 105.314139}, ""cpu_util_4"": {""mean"": 105.314139, ""max"": 105.314139}, ""cpu_util_5"": {""mean"": 105.314139, ""max"": 105.314139}, ""cpu_util_6"": {""mean"": 105.314139, ""max"": 105.314139}, ""cpu_util_7"": {""mean"": 105.314139, ""max"": 105.314139}, ""cpu_util_8"": {""mean"": 105.314139, ""max"": 105.314139}, ""cpu_util_9"": {""mean"": 105.314139, ""max"": 105.314139}, ""cpu_util_10"": {""mean"": 105.314139, ""max"": 105.314139}, ""cpu_util_11"": {""mean"": 105.314139, ""max"": 105.314139}, ""memory"": {""mean"": 0.316063, ""max"": 0.316063}, ""io_read_count"": {""mean"": 7817.737962, ""max"": 7817.737962}, ""io_write_count"": {""mean"": 14.694996, ""max"": 14.694996}, ""io_read"": {""mean"": 0.0, ""max"": 0.0}, ""io_write"": {""mean"": 0.0, ""max"": 0.0}, ""gpu_util_avg"": {""mean"": 0.0, ""max"": 0.0}, ""gpu_util_min"": {""mean"": 0.0, ""max"": 0.0}, ""gpu_util_max"": {""mean"": 0.0, ""max"": 0.0}, ""gpu_util_0"": {""mean"": 0.0, ""max"": 0.0}, ""gpu_band_avg"": {""mean"": 0.0, ""max"": 0.0}, ""gpu_band_min"": {""mean"": 0.0, ""max"": 0.0}, ""gpu_band_max"": {""mean"": 0.0, ""max"": 0.0}, ""gpu_band_0"": {""mean"": 0.0, ""max"": 0.0}, ""gpu_mem_avg"": {""mean"": 0.0, ""max"": 0.0}, ""gpu_mem_min"": {""mean"": 0.0, ""max"": 0.0}, ""gpu_mem_max"": {""mean"": 0.0, ""max"": 0.0}, ""gpu_mem_0"": {""mean"": 0.0, ""max"": 0.0}}","{""product"": {""kind"": ""array"", ""shape"": [2000, 2000], ""dtype"": ""float64"", ""mean"": 500.01872635521926, ""std"": 9.845639787888365, ""min"": 452.8252003037207, ""max"": 552.6527329950178}}",,
array_reduce,matmul,fork,fork,False,9,1,ok,0.069541,0.0,,0.2533,0.2696,16220.0,"{""cpu_util_avg"": {""mean"": 52.147695, ""max"": 52.147695}, ""cpu_util_min"": {""mean"": 52.147695, ""max"": 52.147695}, ""cpu_util_max"": {""mean"": 52.147695, ""max"": 52.147695}, ""cpu_util_0"": {""mean"": 52.147695, ""max"": 52.147695}, ""cpu_util_1"": {""mean"": 52.147695, ""max"": 52.147695}, ""cpu_util_2"": {""mean"": 52.147695, ""max"": 52.147695}, ""cpu_util_3"": {""mean"": 52.147695, ""max"": 52.147695}, ""cpu_util_4"": {""mean"": 52.147695, ""max"": 52.147695}, ""cpu_util_5"": {""mean"": 52.147695, ""max"": 52.147695}, ""cpu_util_6"": {""mean"": 52.147695, ""max"": 52.147695}, ""cpu_util_7"": {""mean"": 52.147695, ""max"": 52.147695}, ""cpu_util_8"": {""mean"": 52.147695, ""max"": 52.147695}, ""cpu_util_9"": {""mean"": 52.147695, ""max"": 52.147695}, ""cpu_util_10"": {""mean"": 52.147695, ""max"": 52.147695}, ""cpu_util_11"": {""mean"": 52.147695, ""max"": 52.147695}, ""memory"": {""mean"": 0.65155, ""max"": 0.65155}, ""io_read_count"": {""mean"": 9846.711911, ""max"": 9846.711911}, ""io_write_count"": {""mean"": 18.405069, ""max"": 18.405069}, ""io_read"": {""mean"": 0.0, ""max"": 0.0}, ""io_write"": {""mean"": 0.0, ""max"": 0.0}, ""gpu_util_avg"": {""mean"": 0.0, ""max"": 0.0}, ""gpu_util_min"": {""mean"": 0.0, ""max"": 0.0}, ""gpu_util_max"": {""mean"": 0.0, ""max"": 0.0}, ""gpu_util_0"": {""mean"": 0.0, ""max"": 0.0}, ""gpu_band_avg"": {""mean"": 0.0, ""max"": 0.0}, ""gpu_band_min"": {""mean"": 0.0, ""max"": 0.0}, ""gpu_band_max"": {""mean"": 0.0, ""max"": 0.0}, ""gpu_band_0"": {""mean"": 0.0, ""max"": 0.0}, ""gpu_mem_avg"": {""mean"": 0.0, ""max"": 0.0}, ""gpu_mem_min"": {""mean"": 0.0, ""max"": 0.0}, ""gpu_mem_max"": {""mean"": 0.0, ""max"": 0.0}, ""gpu_mem_0"": {""mean"": 0.0, ""max"": 0.0}}","{""product"": {""kind"": ""array"", ""shape"": [2000, 2000], ""dtype"": ""float64"", ""mean"": 500.01872635521926, ""std"": 9.845639787888365, ""min"": 452.8252003037207, ""max"": 552.6527329950178}}","[JUmPER]: a benchmark measurement spent at least 7ms of its 70ms on 16220 page faults - the cost of touching memory inherited from the prefix rather than of the cell itself. Cells working over large Python objects are affected most, and the timing understates them. Re-run with --replay-mode full for a number that does not carry this.",
array_reduce,matmul,dill,dill,False,9,2,ok,0.064052,0.0,0.0359,2.7523,2.768,,"{""cpu_util_avg"": {""mean"": 104.17208, ""max"": 104.17208}, ""cpu_util_min"": {""mean"": 104.17208, ""max"": 104.17208}, ""cpu_util_max"": {""mean"": 104.17208, ""max"": 104.17208}, ""cpu_util_0"": {""mean"": 104.17208, ""max"": 104.17208}, ""cpu_util_1"": {""mean"": 104.17208, ""max"": 104.17208}, ""cpu_util_2"": {""mean"": 104.17208, ""max"": 104.17208}, ""cpu_util_3"": {""mean"": 104.17208, ""max"": 104.17208}, ""cpu_util_4"": {""mean"": 104.17208, ""max"": 104.17208}, ""cpu_util_5"": {""mean"": 104.17208, ""max"": 104.17208}, ""cpu_util_6"": {""mean"": 104.17208, ""max"": 104.17208}, ""cpu_util_7"": {""mean"": 104.17208, ""max"": 104.17208}, ""cpu_util_8"": {""mean"": 104.17208, ""max"": 104.17208}, ""cpu_util_9"": {""mean"": 104.17208, ""max"": 104.17208}, ""cpu_util_10"": {""mean"": 104.17208, ""max"": 104.17208}, ""cpu_util_11"": {""mean"": 104.17208, ""max"": 104.17208}, ""memory"": {""mean"": 0.31546, ""max"": 0.31546}, ""io_read_count"": {""mean"": 0.0, ""max"": 0.0}, ""io_write_count"": {""mean"": 0.0, ""max"": 0.0}, ""io_read"": {""mean"": 0.0, ""max"": 0.0}, ""io_write"": {""mean"": 0.0, ""max"": 0.0}, ""gpu_util_avg"": {""mean"": 0.0, ""max"": 0.0}, ""gpu_util_min"": {""mean"": 0.0, ""max"": 0.0}, ""gpu_util_max"": {""mean"": 0.0, ""max"": 0.0}, ""gpu_util_0"": {""mean"": 0.0, ""max"": 0.0}, ""gpu_band_avg"": {""mean"": 0.0, ""max"": 0.0}, ""gpu_band_min"": {""mean"": 0.0, ""max"": 0.0}, ""gpu_band_max"": {""mean"": 0.0, ""max"": 0.0}, ""gpu_band_0"": {""mean"": 0.0, ""max"": 0.0}, ""gpu_mem_avg"": {""mean"": 0.0, ""max"": 0.0}, ""gpu_mem_min"": {""mean"": 0.0, ""max"": 0.0}, ""gpu_mem_max"": {""mean"": 0.0, ""max"": 0.0}, ""gpu_mem_0"": {""mean"": 0.0, ""max"": 0.0}}","{""product"": {""kind"": ""array"", ""shape"": [2000, 2000], ""dtype"": ""float64"", ""mean"": 500.01872635521926, ""std"": 9.845639787888365, ""min"": 452.8252003037207, ""max"": 552.6527329950178}}",,
array_reduce,matmul,fork,fork,False,10,0,ok,0.074231,0.0,,0.254,0.2709,16405.0,"{""cpu_util_avg"": {""mean"": 51.971074, ""max"": 51.971074}, ""cpu_util_min"": {""mean"": 51.971074, ""max"": 51.971074}, ""cpu_util_max"": {""mean"": 51.971074, ""max"": 51.971074}, ""cpu_util_0"": {""mean"": 51.971074, ""max"": 51.971074}, ""cpu_util_1"": {""mean"": 51.971074, ""max"": 51.971074}, ""cpu_util_2"": {""mean"": 51.971074, ""max"": 51.971074}, ""cpu_util_3"": {""mean"": 51.971074, ""max"": 51.971074}, ""cpu_util_4"": {""mean"": 51.971074, ""max"": 51.971074}, ""cpu_util_5"": {""mean"": 51.971074, ""max"": 51.971074}, ""cpu_util_6"": {""mean"": 51.971074, ""max"": 51.971074}, ""cpu_util_7"": {""mean"": 51.971074, ""max"": 51.971074}, ""cpu_util_8"": {""mean"": 51.971074, ""max"": 51.971074}, ""cpu_util_9"": {""mean"": 51.971074, ""max"": 51.971074}, ""cpu_util_10"": {""mean"": 51.971074, ""max"": 51.971074}, ""cpu_util_11"": {""mean"": 51.971074, ""max"": 51.971074}, ""memory"": {""mean"": 0.651917, ""max"": 0.651917}, ""io_read_count"": {""mean"": 10426.696678, ""max"": 10426.696678}, ""io_write_count"": {""mean"": 19.489153, ""max"": 19.489153}, ""io_read"": {""mean"": 0.0, ""max"": 0.0}, ""io_write"": {""mean"": 0.0, ""max"": 0.0}, ""gpu_util_avg"": {""mean"": 0.0, ""max"": 0.0}, ""gpu_util_min"": {""mean"": 0.0, ""max"": 0.0}, ""gpu_util_max"": {""mean"": 0.0, ""max"": 0.0}, ""gpu_util_0"": {""mean"": 0.0, ""max"": 0.0}, ""gpu_band_avg"": {""mean"": 0.0, ""max"": 0.0}, ""gpu_band_min"": {""mean"": 0.0, ""max"": 0.0}, ""gpu_band_max"": {""mean"": 0.0, ""max"": 0.0}, ""gpu_band_0"": {""mean"": 0.0, ""max"": 0.0}, ""gpu_mem_avg"": {""mean"": 0.0, ""max"": 0.0}, ""gpu_mem_min"": {""mean"": 0.0, ""max"": 0.0}, ""gpu_mem_max"": {""mean"": 0.0, ""max"": 0.0}, ""gpu_mem_0"": {""mean"": 0.0, ""max"": 0.0}}","{""product"": {""kind"": ""array"", ""shape"": [2000, 2000], ""dtype"": ""float64"", ""mean"": 500.01872635521926, ""std"": 9.845639787888365, ""min"": 452.8252003037207, ""max"": 552.6527329950178}}","[JUmPER]: a benchmark measurement spent at least 7ms of its 74ms on 16405 page faults - the cost of touching memory inherited from the prefix rather than of the cell itself. Cells working over large Python objects are affected most, and the timing understates them. Re-run with --replay-mode full for a number that does not carry this.",
array_reduce,matmul,dill,dill,False,10,1,ok,0.065638,0.0,0.0361,2.6519,2.6637,,"{""cpu_util_avg"": {""mean"": 105.467271, ""max"": 105.467271}, ""cpu_util_min"": {""mean"": 105.467271, ""max"": 105.467271}, ""cpu_util_max"": {""mean"": 105.467271, ""max"": 105.467271}, ""cpu_util_0"": {""mean"": 105.467271, ""max"": 105.467271}, ""cpu_util_1"": {""mean"": 105.467271, ""max"": 105.467271}, ""cpu_util_2"": {""mean"": 105.467271, ""max"": 105.467271}, ""cpu_util_3"": {""mean"": 105.467271, ""max"": 105.467271}, ""cpu_util_4"": {""mean"": 105.467271, ""max"": 105.467271}, ""cpu_util_5"": {""mean"": 105.467271, ""max"": 105.467271}, ""cpu_util_6"": {""mean"": 105.467271, ""max"": 105.467271}, ""cpu_util_7"": {""mean"": 105.467271, ""max"": 105.467271}, ""cpu_util_8"": {""mean"": 105.467271, ""max"": 105.467271}, ""cpu_util_9"": {""mean"": 105.467271, ""max"": 105.467271}, ""cpu_util_10"": {""mean"": 105.467271, ""max"": 105.467271}, ""cpu_util_11"": {""mean"": 105.467271, ""max"": 105.467271}, ""memory"": {""mean"": 0.315624, ""max"": 0.315624}, ""io_read_count"": {""mean"": 0.0, ""max"": 0.0}, ""io_write_count"": {""mean"": 0.0, ""max"": 0.0}, ""io_read"": {""mean"": 0.0, ""max"": 0.0}, ""io_write"": {""mean"": 0.0, ""max"": 0.0}, ""gpu_util_avg"": {""mean"": 0.0, ""max"": 0.0}, ""gpu_util_min"": {""mean"": 0.0, ""max"": 0.0}, ""gpu_util_max"": {""mean"": 0.0, ""max"": 0.0}, ""gpu_util_0"": {""mean"": 0.0, ""max"": 0.0}, ""gpu_band_avg"": {""mean"": 0.0, ""max"": 0.0}, ""gpu_band_min"": {""mean"": 0.0, ""max"": 0.0}, ""gpu_band_max"": {""mean"": 0.0, ""max"": 0.0}, ""gpu_band_0"": {""mean"": 0.0, ""max"": 0.0}, ""gpu_mem_avg"": {""mean"": 0.0, ""max"": 0.0}, ""gpu_mem_min"": {""mean"": 0.0, ""max"": 0.0}, ""gpu_mem_max"": {""mean"": 0.0, ""max"": 0.0}, ""gpu_mem_0"": {""mean"": 0.0, ""max"": 0.0}}","{""product"": {""kind"": ""array"", ""shape"": [2000, 2000], ""dtype"": ""float64"", ""mean"": 500.01872635521926, ""std"": 9.845639787888365, ""min"": 452.8252003037207, ""max"": 552.6527329950178}}",,
array_reduce,matmul,full,full,False,10,2,ok,0.067568,0.093388,,2.7778,2.7946,,"{""cpu_util_avg"": {""mean"": 106.5332445, ""max"": 107.565297}, ""cpu_util_min"": {""mean"": 106.5332445, ""max"": 107.565297}, ""cpu_util_max"": {""mean"": 106.5332445, ""max"": 107.565297}, ""cpu_util_0"": {""mean"": 106.5332445, ""max"": 107.565297}, ""cpu_util_1"": {""mean"": 106.5332445, ""max"": 107.565297}, ""cpu_util_2"": {""mean"": 106.5332445, ""max"": 107.565297}, ""cpu_util_3"": {""mean"": 106.5332445, ""max"": 107.565297}, ""cpu_util_4"": {""mean"": 106.5332445, ""max"": 107.565297}, ""cpu_util_5"": {""mean"": 106.5332445, ""max"": 107.565297}, ""cpu_util_6"": {""mean"": 106.5332445, ""max"": 107.565297}, ""cpu_util_7"": {""mean"": 106.5332445, ""max"": 107.565297}, ""cpu_util_8"": {""mean"": 106.5332445, ""max"": 107.565297}, ""cpu_util_9"": {""mean"": 106.5332445, ""max"": 107.565297}, ""cpu_util_10"": {""mean"": 106.5332445, ""max"": 107.565297}, ""cpu_util_11"": {""mean"": 106.5332445, ""max"": 107.565297}, ""memory"": {""mean"": 0.316296, ""max"": 0.316479}, ""io_read_count"": {""mean"": 9868.4163335, ""max"": 10268.472192}, ""io_write_count"": {""mean"": 18.548306500000002, ""max"": 19.265426}, ""io_read"": {""mean"": 0.0, ""max"": 0.0}, ""io_write"": {""mean"": 0.0, ""max"": 0.0}, ""gpu_util_avg"": {""mean"": 0.0, ""max"": 0.0}, ""gpu_util_min"": {""mean"": 0.0, ""max"": 0.0}, ""gpu_util_max"": {""mean"": 0.0, ""max"": 0.0}, ""gpu_util_0"": {""mean"": 0.0, ""max"": 0.0}, ""gpu_band_avg"": {""mean"": 0.0, ""max"": 0.0}, ""gpu_band_min"": {""mean"": 0.0, ""max"": 0.0}, ""gpu_band_max"": {""mean"": 0.0, ""max"": 0.0}, ""gpu_band_0"": {""mean"": 0.0, ""max"": 0.0}, ""gpu_mem_avg"": {""mean"": 0.0, ""max"": 0.0}, ""gpu_mem_min"": {""mean"": 0.0, ""max"": 0.0}, ""gpu_mem_max"": {""mean"": 0.0, ""max"": 0.0}, ""gpu_mem_0"": {""mean"": 0.0, ""max"": 0.0}}","{""product"": {""kind"": ""array"", ""shape"": [2000, 2000], ""dtype"": ""float64"", ""mean"": 500.01872635521926, ""std"": 9.845639787888365, ""min"": 452.8252003037207, ""max"": 552.6527329950178}}",,
python_objects,sum,full,full,False,0,0,ok,0.022204,0.271066,,2.8136,2.8305,,"{""cpu_util_avg"": {""mean"": 8.333187, ""max"": 8.333187}, ""cpu_util_min"": {""mean"": 8.333187, ""max"": 8.333187}, ""cpu_util_max"": {""mean"": 8.333187, ""max"": 8.333187}, ""cpu_util_0"": {""mean"": 8.333187, ""max"": 8.333187}, ""cpu_util_1"": {""mean"": 8.333187, ""max"": 8.333187}, ""cpu_util_2"": {""mean"": 8.333187, ""max"": 8.333187}, ""cpu_util_3"": {""mean"": 8.333187, ""max"": 8.333187}, ""cpu_util_4"": {""mean"": 8.333187, ""max"": 8.333187}, ""cpu_util_5"": {""mean"": 8.333187, ""max"": 8.333187}, ""cpu_util_6"": {""mean"": 8.333187, ""max"": 8.333187}, ""cpu_util_7"": {""mean"": 8.333187, ""max"": 8.333187}, ""cpu_util_8"": {""mean"": 8.333187, ""max"": 8.333187}, ""cpu_util_9"": {""mean"": 8.333187, ""max"": 8.333187}, ""cpu_util_10"": {""mean"": 8.333187, ""max"": 8.333187}, ""cpu_util_11"": {""mean"": 8.333187, ""max"": 8.333187}, ""memory"": {""mean"": 0.362675, ""max"": 0.362675}, ""io_read_count"": {""mean"": 10639.812952, ""max"": 10639.812952}, ""io_write_count"": {""mean"": 19.999648, ""max"": 19.999648}, ""io_read"": {""mean"": 0.0, ""max"": 0.0}, ""io_write"": {""mean"": 0.0, ""max"": 0.0}, ""gpu_util_avg"": {""mean"": 0.0, ""max"": 0.0}, ""gpu_util_min"": {""mean"": 0.0, ""max"": 0.0}, ""gpu_util_max"": {""mean"": 0.0, ""max"": 0.0}, ""gpu_util_0"": {""mean"": 0.0, ""max"": 0.0}, ""gpu_band_avg"": {""mean"": 0.0, ""max"": 0.0}, ""gpu_band_min"": {""mean"": 0.0, ""max"": 0.0}, ""gpu_band_max"": {""mean"": 0.0, ""max"": 0.0}, ""gpu_band_0"": {""mean"": 0.0, ""max"": 0.0}, ""gpu_mem_avg"": {""mean"": 0.0, ""max"": 0.0}, ""gpu_mem_min"": {""mean"": 0.0, ""max"": 0.0}, ""gpu_mem_max"": {""mean"": 0.0, ""max"": 0.0}, ""gpu_mem_0"": {""mean"": 0.0, ""max"": 0.0}}","{""total"": {""kind"": ""scalar"", ""value"": 23999994000000.0}}",,
python_objects,sum,fork,fork,False,0,1,ok,0.105044,0.0,,0.2904,0.3069,31379.0,"{""cpu_util_avg"": {""mean"": 9.16329, ""max"": 11.65814}, ""cpu_util_min"": {""mean"": 9.16329, ""max"": 11.65814}, ""cpu_util_max"": {""mean"": 9.16329, ""max"": 11.65814}, ""cpu_util_0"": {""mean"": 9.16329, ""max"": 11.65814}, ""cpu_util_1"": {""mean"": 9.16329, ""max"": 11.65814}, ""cpu_util_2"": {""mean"": 9.16329, ""max"": 11.65814}, ""cpu_util_3"": {""mean"": 9.16329, ""max"": 11.65814}, ""cpu_util_4"": {""mean"": 9.16329, ""max"": 11.65814}, ""cpu_util_5"": {""mean"": 9.16329, ""max"": 11.65814}, ""cpu_util_6"": {""mean"": 9.16329, ""max"": 11.65814}, ""cpu_util_7"": {""mean"": 9.16329, ""max"": 11.65814}, ""cpu_util_8"": {""mean"": 9.16329, ""max"": 11.65814}, ""cpu_util_9"": {""mean"": 9.16329, ""max"": 11.65814}, ""cpu_util_10"": {""mean"": 9.16329, ""max"": 11.65814}, ""cpu_util_11"": {""mean"": 9.16329, ""max"": 11.65814}, ""memory"": {""mean"": 0.787071, ""max"": 0.787071}, ""io_read_count"": {""mean"": 10697.512492, ""max"": 10702.845458}, ""io_write_count"": {""mean"": 19.9953505, ""max"": 20.005319}, ""io_read"": {""mean"": 0.0, ""max"": 0.0}, ""io_write"": {""mean"": 0.0, ""max"": 0.0}, ""gpu_util_avg"": {""mean"": 0.0, ""max"": 0.0}, ""gpu_util_min"": {""mean"": 0.0, ""max"": 0.0}, ""gpu_util_max"": {""mean"": 0.0, ""max"": 0.0}, ""gpu_util_0"": {""mean"": 0.0, ""max"": 0.0}, ""gpu_band_avg"": {""mean"": 0.0, ""max"": 0.0}, ""gpu_band_min"": {""mean"": 0.0, ""max"": 0.0}, ""gpu_band_max"": {""mean"": 0.0, ""max"": 0.0}, ""gpu_band_0"": {""mean"": 0.0, ""max"": 0.0}, ""gpu_mem_avg"": {""mean"": 0.0, ""max"": 0.0}, ""gpu_mem_min"": {""mean"": 0.0, ""max"": 0.0}, ""gpu_mem_max"": {""mean"": 0.0, ""max"": 0.0}, ""gpu_mem_0"": {""mean"": 0.0, ""max"": 0.0}}","{""total"": {""kind"": ""scalar"", ""value"": 23999994000000.0}}","[JUmPER]: a benchmark measurement spent at least 13ms of its 105ms on 31379 page faults - the cost of touching memory inherited from the prefix rather than of the cell itself. Cells working over large Python objects are affected most, and the timing understates them. Re-run with --replay-mode full for a number that does not carry this.",
python_objects,sum,dill,dill,False,0,2,ok,0.022116,0.0,0.2017,3.0283,3.0367,,{},"{""total"": {""kind"": ""scalar"", ""value"": 23999994000000.0}}",,
python_objects,sum,fork,fork,False,1,0,ok,0.106532,0.0,,0.2566,0.2728,31379.0,"{""cpu_util_avg"": {""mean"": 8.333306, ""max"": 8.335586}, ""cpu_util_min"": {""mean"": 8.333306, ""max"": 8.335586}, ""cpu_util_max"": {""mean"": 8.333306, ""max"": 8.335586}, ""cpu_util_0"": {""mean"": 8.333306, ""max"": 8.335586}, ""cpu_util_1"": {""mean"": 8.333306, ""max"": 8.335586}, ""cpu_util_2"": {""mean"": 8.333306, ""max"": 8.335586}, ""cpu_util_3"": {""mean"": 8.333306, ""max"": 8.335586}, ""cpu_util_4"": {""mean"": 8.333306, ""max"": 8.335586}, ""cpu_util_5"": {""mean"": 8.333306, ""max"": 8.335586}, ""cpu_util_6"": {""mean"": 8.333306, ""max"": 8.335586}, ""cpu_util_7"": {""mean"": 8.333306, ""max"": 8.335586}, ""cpu_util_8"": {""mean"": 8.333306, ""max"": 8.335586}, ""cpu_util_9"": {""mean"": 8.333306, ""max"": 8.335586}, ""cpu_util_10"": {""mean"": 8.333306, ""max"": 8.335586}, ""cpu_util_11"": {""mean"": 8.333306, ""max"": 8.335586}, ""memory"": {""mean"": 0.787865, ""max"": 0.788048}, ""io_read_count"": {""mean"": 10699.965277, ""max"": 10702.892778}, ""io_write_count"": {""mean"": 19.999935, ""max"": 20.005407}, ""io_read"": {""mean"": 0.0, ""max"": 0.0}, ""io_write"": {""mean"": 0.0, ""max"": 0.0}, ""gpu_util_avg"": {""mean"": 0.0, ""max"": 0.0}, ""gpu_util_min"": {""mean"": 0.0, ""max"": 0.0}, ""gpu_util_max"": {""mean"": 0.0, ""max"": 0.0}, ""gpu_util_0"": {""mean"": 0.0, ""max"": 0.0}, ""gpu_band_avg"": {""mean"": 0.0, ""max"": 0.0}, ""gpu_band_min"": {""mean"": 0.0, ""max"": 0.0}, ""gpu_band_max"": {""mean"": 0.0, ""max"": 0.0}, ""gpu_band_0"": {""mean"": 0.0, ""max"": 0.0}, ""gpu_mem_avg"": {""mean"": 0.0, ""max"": 0.0}, ""gpu_mem_min"": {""mean"": 0.0, ""max"": 0.0}, ""gpu_mem_max"": {""mean"": 0.0, ""max"": 0.0}, ""gpu_mem_0"": {""mean"": 0.0, ""max"": 0.0}}","{""total"": {""kind"": ""scalar"", ""value"": 23999994000000.0}}","[JUmPER]: a benchmark measurement spent at least 13ms of its 107ms on 31379 page faults - the cost of touching memory inherited from the prefix rather than of the cell itself. Cells working over large Python objects are affected most, and the timing understates them. Re-run with --replay-mode full for a number that does not carry this.",
python_objects,sum,dill,dill,False,1,1,ok,0.022103,0.0,0.1535,2.8835,2.8922,,{},"{""total"": {""kind"": ""scalar"", ""value"": 23999994000000.0}}",,
python_objects,sum,full,full,False,1,2,ok,0.022601,0.252177,,2.8615,2.8772,,{},"{""total"": {""kind"": ""scalar"", ""value"": 23999994000000.0}}",,
python_objects,sum,dill,dill,False,2,0,ok,0.021663,0.0,0.2119,3.0517,3.0608,,{},"{""total"": {""kind"": ""scalar"", ""value"": 23999994000000.0}}",,
python_objects,sum,full,full,False,2,1,ok,0.021761,0.263088,,2.8387,2.8541,,"{""cpu_util_avg"": {""mean"": 11.672087, ""max"": 11.672087}, ""cpu_util_min"": {""mean"": 11.672087, ""max"": 11.672087}, ""cpu_util_max"": {""mean"": 11.672087, ""max"": 11.672087}, ""cpu_util_0"": {""mean"": 11.672087, ""max"": 11.672087}, ""cpu_util_1"": {""mean"": 11.672087, ""max"": 11.672087}, ""cpu_util_2"": {""mean"": 11.672087, ""max"": 11.672087}, ""cpu_util_3"": {""mean"": 11.672087, ""max"": 11.672087}, ""cpu_util_4"": {""mean"": 11.672087, ""max"": 11.672087}, ""cpu_util_5"": {""mean"": 11.672087, ""max"": 11.672087}, ""cpu_util_6"": {""mean"": 11.672087, ""max"": 11.672087}, ""cpu_util_7"": {""mean"": 11.672087, ""max"": 11.672087}, ""cpu_util_8"": {""mean"": 11.672087, ""max"": 11.672087}, ""cpu_util_9"": {""mean"": 11.672087, ""max"": 11.672087}, ""cpu_util_10"": {""mean"": 11.672087, ""max"": 11.672087}, ""cpu_util_11"": {""mean"": 11.672087, ""max"": 11.672087}, ""memory"": {""mean"": 0.362747, ""max"": 0.362747}, ""io_read_count"": {""mean"": 10644.943725, ""max"": 10644.943725}, ""io_write_count"": {""mean"": 20.009293, ""max"": 20.009293}, ""io_read"": {""mean"": 0.0, ""max"": 0.0}, ""io_write"": {""mean"": 0.0, ""max"": 0.0}, ""gpu_util_avg"": {""mean"": 0.0, ""max"": 0.0}, ""gpu_util_min"": {""mean"": 0.0, ""max"": 0.0}, ""gpu_util_max"": {""mean"": 0.0, ""max"": 0.0}, ""gpu_util_0"": {""mean"": 0.0, ""max"": 0.0}, ""gpu_band_avg"": {""mean"": 0.0, ""max"": 0.0}, ""gpu_band_min"": {""mean"": 0.0, ""max"": 0.0}, ""gpu_band_max"": {""mean"": 0.0, ""max"": 0.0}, ""gpu_band_0"": {""mean"": 0.0, ""max"": 0.0}, ""gpu_mem_avg"": {""mean"": 0.0, ""max"": 0.0}, ""gpu_mem_min"": {""mean"": 0.0, ""max"": 0.0}, ""gpu_mem_max"": {""mean"": 0.0, ""max"": 0.0}, ""gpu_mem_0"": {""mean"": 0.0, ""max"": 0.0}}","{""total"": {""kind"": ""scalar"", ""value"": 23999994000000.0}}",,
python_objects,sum,fork,fork,False,2,2,ok,0.106504,0.0,,0.2547,0.2703,31378.0,"{""cpu_util_avg"": {""mean"": 9.164850999999999, ""max"": 9.993005}, ""cpu_util_min"": {""mean"": 9.164850999999999, ""max"": 9.993005}, ""cpu_util_max"": {""mean"": 9.164850999999999, ""max"": 9.993005}, ""cpu_util_0"": {""mean"": 9.164850999999999, ""max"": 9.993005}, ""cpu_util_1"": {""mean"": 9.164850999999999, ""max"": 9.993005}, ""cpu_util_2"": {""mean"": 9.164850999999999, ""max"": 9.993005}, ""cpu_util_3"": {""mean"": 9.164850999999999, ""max"": 9.993005}, ""cpu_util_4"": {""mean"": 9.164850999999999, ""max"": 9.993005}, ""cpu_util_5"": {""mean"": 9.164850999999999, ""max"": 9.993005}, ""cpu_util_6"": {""mean"": 9.164850999999999, ""max"": 9.993005}, ""cpu_util_7"": {""mean"": 9.164850999999999, ""max"": 9.993005}, ""cpu_util_8"": {""mean"": 9.164850999999999, ""max"": 9.993005}, ""cpu_util_9"": {""mean"": 9.164850999999999, ""max"": 9.993005}, ""cpu_util_10"": {""mean"": 9.164850999999999, ""max"": 9.993005}, ""cpu_util_11"": {""mean"": 9.164850999999999, ""max"": 9.993005}, ""memory"": {""mean"": 0.787987, ""max"": 0.78817}, ""io_read_count"": {""mean"": 11238.337449499999, ""max"": 11244.536946}, ""io_write_count"": {""mean"": 19.997042, ""max"": 20.008073}, ""io_read"": {""mean"": 0.0, ""max"": 0.0}, ""io_write"": {""mean"": 0.0, ""max"": 0.0}, ""gpu_util_avg"": {""mean"": 0.0, ""max"": 0.0}, ""gpu_util_min"": {""mean"": 0.0, ""max"": 0.0}, ""gpu_util_max"": {""mean"": 0.0, ""max"": 0.0}, ""gpu_util_0"": {""mean"": 0.0, ""max"": 0.0}, ""gpu_band_avg"": {""mean"": 0.0, ""max"": 0.0}, ""gpu_band_min"": {""mean"": 0.0, ""max"": 0.0}, ""gpu_band_max"": {""mean"": 0.0, ""max"": 0.0}, ""gpu_band_0"": {""mean"": 0.0, ""max"": 0.0}, ""gpu_mem_avg"": {""mean"": 0.0, ""max"": 0.0}, ""gpu_mem_min"": {""mean"": 0.0, ""max"": 0.0}, ""gpu_mem_max"": {""mean"": 0.0, ""max"": 0.0}, ""gpu_mem_0"": {""mean"": 0.0, ""max"": 0.0}}","{""total"": {""kind"": ""scalar"", ""value"": 23999994000000.0}}","[JUmPER]: a benchmark measurement spent at least 13ms of its 107ms on 31378 page faults - the cost of touching memory inherited from the prefix rather than of the cell itself. Cells working over large Python objects are affected most, and the timing understates them. Re-run with --replay-mode full for a number that does not carry this.",
python_objects,sum,full,full,False,3,0,ok,0.022486,0.273297,,2.8948,2.9119,,"{""cpu_util_avg"": {""mean"": 9.999585, ""max"": 9.999585}, ""cpu_util_min"": {""mean"": 9.999585, ""max"": 9.999585}, ""cpu_util_max"": {""mean"": 9.999585, ""max"": 9.999585}, ""cpu_util_0"": {""mean"": 9.999585, ""max"": 9.999585}, ""cpu_util_1"": {""mean"": 9.999585, ""max"": 9.999585}, ""cpu_util_2"": {""mean"": 9.999585, ""max"": 9.999585}, ""cpu_util_3"": {""mean"": 9.999585, ""max"": 9.999585}, ""cpu_util_4"": {""mean"": 9.999585, ""max"": 9.999585}, ""cpu_util_5"": {""mean"": 9.999585, ""max"": 9.999585}, ""cpu_util_6"": {""mean"": 9.999585, ""max"": 9.999585}, ""cpu_util_7"": {""mean"": 9.999585, ""max"": 9.999585}, ""cpu_util_8"": {""mean"": 9.999585, ""max"": 9.999585}, ""cpu_util_9"": {""mean"": 9.999585, ""max"": 9.999585}, ""cpu_util_10"": {""mean"": 9.999585, ""max"": 9.999585}, ""cpu_util_11"": {""mean"": 9.999585, ""max"": 9.999585}, ""memory"": {""mean"": 0.362659, ""max"": 0.362659}, ""io_read_count"": {""mean"": 10639.558033, ""max"": 10639.558033}, ""io_write_count"": {""mean"": 19.999169, ""max"": 19.999169}, ""io_read"": {""mean"": 0.0, ""max"": 0.0}, ""io_write"": {""mean"": 0.0, ""max"": 0.0}, ""gpu_util_avg"": {""mean"": 0.0, ""max"": 0.0}, ""gpu_util_min"": {""mean"": 0.0, ""max"": 0.0}, ""gpu_util_max"": {""mean"": 0.0, ""max"": 0.0}, ""gpu_util_0"": {""mean"": 0.0, ""max"": 0.0}, ""gpu_band_avg"": {""mean"": 0.0, ""max"": 0.0}, ""gpu_band_min"": {""mean"": 0.0, ""max"": 0.0}, ""gpu_band_max"": {""mean"": 0.0, ""max"": 0.0}, ""gpu_band_0"": {""mean"": 0.0, ""max"": 0.0}, ""gpu_mem_avg"": {""mean"": 0.0, ""max"": 0.0}, ""gpu_mem_min"": {""mean"": 0.0, ""max"": 0.0}, ""gpu_mem_max"": {""mean"": 0.0, ""max"": 0.0}, ""gpu_mem_0"": {""mean"": 0.0, ""max"": 0.0}}","{""total"": {""kind"": ""scalar"", ""value"": 23999994000000.0}}",,
python_objects,sum,fork,fork,False,3,1,ok,0.105953,0.0,,0.2545,0.2706,31379.0,"{""cpu_util_avg"": {""mean"": 9.167289499999999, ""max"": 9.993018}, ""cpu_util_min"": {""mean"": 9.167289499999999, ""max"": 9.993018}, ""cpu_util_max"": {""mean"": 9.167289499999999, ""max"": 9.993018}, ""cpu_util_0"": {""mean"": 9.167289499999999, ""max"": 9.993018}, ""cpu_util_1"": {""mean"": 9.167289499999999, ""max"": 9.993018}, ""cpu_util_2"": {""mean"": 9.167289499999999, ""max"": 9.993018}, ""cpu_util_3"": {""mean"": 9.167289499999999, ""max"": 9.993018}, ""cpu_util_4"": {""mean"": 9.167289499999999, ""max"": 9.993018}, ""cpu_util_5"": {""mean"": 9.167289499999999, ""max"": 9.993018}, ""cpu_util_6"": {""mean"": 9.167289499999999, ""max"": 9.993018}, ""cpu_util_7"": {""mean"": 9.167289499999999, ""max"": 9.993018}, ""cpu_util_8"": {""mean"": 9.167289499999999, ""max"": 9.993018}, ""cpu_util_9"": {""mean"": 9.167289499999999, ""max"": 9.993018}, ""cpu_util_10"": {""mean"": 9.167289499999999, ""max"": 9.993018}, ""cpu_util_11"": {""mean"": 9.167289499999999, ""max"": 9.993018}, ""memory"": {""mean"": 0.788109, ""max"": 0.788292}, ""io_read_count"": {""mean"": 10701.5465865, ""max"": 10710.563829}, ""io_write_count"": {""mean"": 20.0028905, ""max"": 20.019745}, ""io_read"": {""mean"": 0.0, ""max"": 0.0}, ""io_write"": {""mean"": 0.0, ""max"": 0.0}, ""gpu_util_avg"": {""mean"": 0.0, ""max"": 0.0}, ""gpu_util_min"": {""mean"": 0.0, ""max"": 0.0}, ""gpu_util_max"": {""mean"": 0.0, ""max"": 0.0}, ""gpu_util_0"": {""mean"": 0.0, ""max"": 0.0}, ""gpu_band_avg"": {""mean"": 0.0, ""max"": 0.0}, ""gpu_band_min"": {""mean"": 0.0, ""max"": 0.0}, ""gpu_band_max"": {""mean"": 0.0, ""max"": 0.0}, ""gpu_band_0"": {""mean"": 0.0, ""max"": 0.0}, ""gpu_mem_avg"": {""mean"": 0.0, ""max"": 0.0}, ""gpu_mem_min"": {""mean"": 0.0, ""max"": 0.0}, ""gpu_mem_max"": {""mean"": 0.0, ""max"": 0.0}, ""gpu_mem_0"": {""mean"": 0.0, ""max"": 0.0}}","{""total"": {""kind"": ""scalar"", ""value"": 23999994000000.0}}","[JUmPER]: a benchmark measurement spent at least 13ms of its 106ms on 31379 page faults - the cost of touching memory inherited from the prefix rather than of the cell itself. Cells working over large Python objects are affected most, and the timing understates them. Re-run with --replay-mode full for a number that does not carry this.",
python_objects,sum,dill,dill,False,3,2,ok,0.021391,0.0,0.1932,2.8768,2.8856,,{},"{""total"": {""kind"": ""scalar"", ""value"": 23999994000000.0}}",,
python_objects,sum,fork,fork,False,4,0,ok,0.105898,0.0,,0.2608,0.2762,31380.0,"{""cpu_util_avg"": {""mean"": 9.16329, ""max"": 9.998633}, ""cpu_util_min"": {""mean"": 9.16329, ""max"": 9.998633}, ""cpu_util_max"": {""mean"": 9.16329, ""max"": 9.998633}, ""cpu_util_0"": {""mean"": 9.16329, ""max"": 9.998633}, ""cpu_util_1"": {""mean"": 9.16329, ""max"": 9.998633}, ""cpu_util_2"": {""mean"": 9.16329, ""max"": 9.998633}, ""cpu_util_3"": {""mean"": 9.16329, ""max"": 9.998633}, ""cpu_util_4"": {""mean"": 9.16329, ""max"": 9.998633}, ""cpu_util_5"": {""mean"": 9.16329, ""max"": 9.998633}, ""cpu_util_6"": {""mean"": 9.16329, ""max"": 9.998633}, ""cpu_util_7"": {""mean"": 9.16329, ""max"": 9.998633}, ""cpu_util_8"": {""mean"": 9.16329, ""max"": 9.998633}, ""cpu_util_9"": {""mean"": 9.16329, ""max"": 9.998633}, ""cpu_util_10"": {""mean"": 9.16329, ""max"": 9.998633}, ""cpu_util_11"": {""mean"": 9.16329, ""max"": 9.998633}, ""memory"": {""mean"": 0.7883530000000001, ""max"": 0.788536}, ""io_read_count"": {""mean"": 10695.810504500001, ""max"": 10698.537082}, ""io_write_count"": {""mean"": 19.9921695, ""max"": 19.997266}, ""io_read"": {""mean"": 0.0, ""max"": 0.0}, ""io_write"": {""mean"": 0.0, ""max"": 0.0}, ""gpu_util_avg"": {""mean"": 0.0, ""max"": 0.0}, ""gpu_util_min"": {""mean"": 0.0, ""max"": 0.0}, ""gpu_util_max"": {""mean"": 0.0, ""max"": 0.0}, ""gpu_util_0"": {""mean"": 0.0, ""max"": 0.0}, ""gpu_band_avg"": {""mean"": 0.0, ""max"": 0.0}, ""gpu_band_min"": {""mean"": 0.0, ""max"": 0.0}, ""gpu_band_max"": {""mean"": 0.0, ""max"": 0.0}, ""gpu_band_0"": {""mean"": 0.0, ""max"": 0.0}, ""gpu_mem_avg"": {""mean"": 0.0, ""max"": 0.0}, ""gpu_mem_min"": {""mean"": 0.0, ""max"": 0.0}, ""gpu_mem_max"": {""mean"": 0.0, ""max"": 0.0}, ""gpu_mem_0"": {""mean"": 0.0, ""max"": 0.0}}","{""total"": {""kind"": ""scalar"", ""value"": 23999994000000.0}}","[JUmPER]: a benchmark measurement spent at least 13ms of its 106ms on 31380 page faults - the cost of touching memory inherited from the prefix rather than of the cell itself. Cells working over large Python objects are affected most, and the timing understates them. Re-run with --replay-mode full for a number that does not carry this.",
python_objects,sum,dill,dill,False,4,1,ok,0.021839,0.0,0.1509,2.8105,2.8203,,{},"{""total"": {""kind"": ""scalar"", ""value"": 23999994000000.0}}",,
python_objects,sum,full,full,False,4,2,ok,0.021643,0.257729,,2.8175,2.8312,,{},"{""total"": {""kind"": ""scalar"", ""value"": 23999994000000.0}}",,
python_objects,sum,dill,dill,False,5,0,ok,0.02174,0.0,0.1967,2.8587,2.8681,,{},"{""total"": {""kind"": ""scalar"", ""value"": 23999994000000.0}}",,
python_objects,sum,full,full,False,5,1,ok,0.021366,0.267546,,2.9038,2.9201,,"{""cpu_util_avg"": {""mean"": 10.009749, ""max"": 10.009749}, ""cpu_util_min"": {""mean"": 10.009749, ""max"": 10.009749}, ""cpu_util_max"": {""mean"": 10.009749, ""max"": 10.009749}, ""cpu_util_0"": {""mean"": 10.009749, ""max"": 10.009749}, ""cpu_util_1"": {""mean"": 10.009749, ""max"": 10.009749}, ""cpu_util_2"": {""mean"": 10.009749, ""max"": 10.009749}, ""cpu_util_3"": {""mean"": 10.009749, ""max"": 10.009749}, ""cpu_util_4"": {""mean"": 10.009749, ""max"": 10.009749}, ""cpu_util_5"": {""mean"": 10.009749, ""max"": 10.009749}, ""cpu_util_6"": {""mean"": 10.009749, ""max"": 10.009749}, ""cpu_util_7"": {""mean"": 10.009749, ""max"": 10.009749}, ""cpu_util_8"": {""mean"": 10.009749, ""max"": 10.009749}, ""cpu_util_9"": {""mean"": 10.009749, ""max"": 10.009749}, ""cpu_util_10"": {""mean"": 10.009749, ""max"": 10.009749}, ""cpu_util_11"": {""mean"": 10.009749, ""max"": 10.009749}, ""memory"": {""mean"": 0.362057, ""max"": 0.362057}, ""io_read_count"": {""mean"": 10650.373251, ""max"": 10650.373251}, ""io_write_count"": {""mean"": 20.019499, ""max"": 20.019499}, ""io_read"": {""mean"": 0.0, ""max"": 0.0}, ""io_write"": {""mean"": 0.0, ""max"": 0.0}, ""gpu_util_avg"": {""mean"": 0.0, ""max"": 0.0}, ""gpu_util_min"": {""mean"": 0.0, ""max"": 0.0}, ""gpu_util_max"": {""mean"": 0.0, ""max"": 0.0}, ""gpu_util_0"": {""mean"": 0.0, ""max"": 0.0}, ""gpu_band_avg"": {""mean"": 0.0, ""max"": 0.0}, ""gpu_band_min"": {""mean"": 0.0, ""max"": 0.0}, ""gpu_band_max"": {""mean"": 0.0, ""max"": 0.0}, ""gpu_band_0"": {""mean"": 0.0, ""max"": 0.0}, ""gpu_mem_avg"": {""mean"": 0.0, ""max"": 0.0}, ""gpu_mem_min"": {""mean"": 0.0, ""max"": 0.0}, ""gpu_mem_max"": {""mean"": 0.0, ""max"": 0.0}, ""gpu_mem_0"": {""mean"": 0.0, ""max"": 0.0}}","{""total"": {""kind"": ""scalar"", ""value"": 23999994000000.0}}",,
python_objects,sum,fork,fork,False,5,2,ok,0.104724,0.0,,0.2497,0.2656,31379.0,"{""cpu_util_avg"": {""mean"": 8.3315655, ""max"": 8.340218}, ""cpu_util_min"": {""mean"": 8.3315655, ""max"": 8.340218}, ""cpu_util_max"": {""mean"": 8.3315655, ""max"": 8.340218}, ""cpu_util_0"": {""mean"": 8.3315655, ""max"": 8.340218}, ""cpu_util_1"": {""mean"": 8.3315655, ""max"": 8.340218}, ""cpu_util_2"": {""mean"": 8.3315655, ""max"": 8.340218}, ""cpu_util_3"": {""mean"": 8.3315655, ""max"": 8.340218}, ""cpu_util_4"": {""mean"": 8.3315655, ""max"": 8.340218}, ""cpu_util_5"": {""mean"": 8.3315655, ""max"": 8.340218}, ""cpu_util_6"": {""mean"": 8.3315655, ""max"": 8.340218}, ""cpu_util_7"": {""mean"": 8.3315655, ""max"": 8.340218}, ""cpu_util_8"": {""mean"": 8.3315655, ""max"": 8.340218}, ""cpu_util_9"": {""mean"": 8.3315655, ""max"": 8.340218}, ""cpu_util_10"": {""mean"": 8.3315655, ""max"": 8.340218}, ""cpu_util_11"": {""mean"": 8.3315655, ""max"": 8.340218}, ""memory"": {""mean"": 0.7882309999999999, ""max"": 0.788414}, ""io_read_count"": {""mean"": 10697.730142, ""max"": 10708.839719}, ""io_write_count"": {""mean"": 19.9957575, ""max"": 20.016523}, ""io_read"": {""mean"": 0.0, ""max"": 0.0}, ""io_write"": {""mean"": 0.0, ""max"": 0.0}, ""gpu_util_avg"": {""mean"": 0.0, ""max"": 0.0}, ""gpu_util_min"": {""mean"": 0.0, ""max"": 0.0}, ""gpu_util_max"": {""mean"": 0.0, ""max"": 0.0}, ""gpu_util_0"": {""mean"": 0.0, ""max"": 0.0}, ""gpu_band_avg"": {""mean"": 0.0, ""max"": 0.0}, ""gpu_band_min"": {""mean"": 0.0, ""max"": 0.0}, ""gpu_band_max"": {""mean"": 0.0, ""max"": 0.0}, ""gpu_band_0"": {""mean"": 0.0, ""max"": 0.0}, ""gpu_mem_avg"": {""mean"": 0.0, ""max"": 0.0}, ""gpu_mem_min"": {""mean"": 0.0, ""max"": 0.0}, ""gpu_mem_max"": {""mean"": 0.0, ""max"": 0.0}, ""gpu_mem_0"": {""mean"": 0.0, ""max"": 0.0}}","{""total"": {""kind"": ""scalar"", ""value"": 23999994000000.0}}","[JUmPER]: a benchmark measurement spent at least 13ms of its 105ms on 31379 page faults - the cost of touching memory inherited from the prefix rather than of the cell itself. Cells working over large Python objects are affected most, and the timing understates them. Re-run with --replay-mode full for a number that does not carry this.",
python_objects,sum,full,full,False,6,0,ok,0.022373,0.26947,,2.8432,2.8605,,"{""cpu_util_avg"": {""mean"": 13.320991, ""max"": 13.320991}, ""cpu_util_min"": {""mean"": 13.320991, ""max"": 13.320991}, ""cpu_util_max"": {""mean"": 13.320991, ""max"": 13.320991}, ""cpu_util_0"": {""mean"": 13.320991, ""max"": 13.320991}, ""cpu_util_1"": {""mean"": 13.320991, ""max"": 13.320991}, ""cpu_util_2"": {""mean"": 13.320991, ""max"": 13.320991}, ""cpu_util_3"": {""mean"": 13.320991, ""max"": 13.320991}, ""cpu_util_4"": {""mean"": 13.320991, ""max"": 13.320991}, ""cpu_util_5"": {""mean"": 13.320991, ""max"": 13.320991}, ""cpu_util_6"": {""mean"": 13.320991, ""max"": 13.320991}, ""cpu_util_7"": {""mean"": 13.320991, ""max"": 13.320991}, ""cpu_util_8"": {""mean"": 13.320991, ""max"": 13.320991}, ""cpu_util_9"": {""mean"": 13.320991, ""max"": 13.320991}, ""cpu_util_10"": {""mean"": 13.320991, ""max"": 13.320991}, ""cpu_util_11"": {""mean"": 13.320991, ""max"": 13.320991}, ""memory"": {""mean"": 0.362244, ""max"": 0.362244}, ""io_read_count"": {""mean"": 10630.150528, ""max"": 10630.150528}, ""io_write_count"": {""mean"": 19.981486, ""max"": 19.981486}, ""io_read"": {""mean"": 0.0, ""max"": 0.0}, ""io_write"": {""mean"": 0.0, ""max"": 0.0}, ""gpu_util_avg"": {""mean"": 0.0, ""max"": 0.0}, ""gpu_util_min"": {""mean"": 0.0, ""max"": 0.0}, ""gpu_util_max"": {""mean"": 0.0, ""max"": 0.0}, ""gpu_util_0"": {""mean"": 0.0, ""max"": 0.0}, ""gpu_band_avg"": {""mean"": 0.0, ""max"": 0.0}, ""gpu_band_min"": {""mean"": 0.0, ""max"": 0.0}, ""gpu_band_max"": {""mean"": 0.0, ""max"": 0.0}, ""gpu_band_0"": {""mean"": 0.0, ""max"": 0.0}, ""gpu_mem_avg"": {""mean"": 0.0, ""max"": 0.0}, ""gpu_mem_min"": {""mean"": 0.0, ""max"": 0.0}, ""gpu_mem_max"": {""mean"": 0.0, ""max"": 0.0}, ""gpu_mem_0"": {""mean"": 0.0, ""max"": 0.0}}","{""total"": {""kind"": ""scalar"", ""value"": 23999994000000.0}}",,
python_objects,sum,fork,fork,False,6,1,ok,0.106717,0.0,,0.2568,0.2718,31379.0,"{""cpu_util_avg"": {""mean"": 8.337069, ""max"": 10.006287}, ""cpu_util_min"": {""mean"": 8.337069, ""max"": 10.006287}, ""cpu_util_max"": {""mean"": 8.337069, ""max"": 10.006287}, ""cpu_util_0"": {""mean"": 8.337069, ""max"": 10.006287}, ""cpu_util_1"": {""mean"": 8.337069, ""max"": 10.006287}, ""cpu_util_2"": {""mean"": 8.337069, ""max"": 10.006287}, ""cpu_util_3"": {""mean"": 8.337069, ""max"": 10.006287}, ""cpu_util_4"": {""mean"": 8.337069, ""max"": 10.006287}, ""cpu_util_5"": {""mean"": 8.337069, ""max"": 10.006287}, ""cpu_util_6"": {""mean"": 8.337069, ""max"": 10.006287}, ""cpu_util_7"": {""mean"": 8.337069, ""max"": 10.006287}, ""cpu_util_8"": {""mean"": 8.337069, ""max"": 10.006287}, ""cpu_util_9"": {""mean"": 8.337069, ""max"": 10.006287}, ""cpu_util_10"": {""mean"": 8.337069, ""max"": 10.006287}, ""cpu_util_11"": {""mean"": 8.337069, ""max"": 10.006287}, ""memory"": {""mean"": 0.788475, ""max"": 0.788658}, ""io_read_count"": {""mean"": 10704.313525500002, ""max"": 10706.726608}, ""io_write_count"": {""mean"": 20.0080625, ""max"": 20.012573}, ""io_read"": {""mean"": 0.0, ""max"": 0.0}, ""io_write"": {""mean"": 0.0, ""max"": 0.0}, ""gpu_util_avg"": {""mean"": 0.0, ""max"": 0.0}, ""gpu_util_min"": {""mean"": 0.0, ""max"": 0.0}, ""gpu_util_max"": {""mean"": 0.0, ""max"": 0.0}, ""gpu_util_0"": {""mean"": 0.0, ""max"": 0.0}, ""gpu_band_avg"": {""mean"": 0.0, ""max"": 0.0}, ""gpu_band_min"": {""mean"": 0.0, ""max"": 0.0}, ""gpu_band_max"": {""mean"": 0.0, ""max"": 0.0}, ""gpu_band_0"": {""mean"": 0.0, ""max"": 0.0}, ""gpu_mem_avg"": {""mean"": 0.0, ""max"": 0.0}, ""gpu_mem_min"": {""mean"": 0.0, ""max"": 0.0}, ""gpu_mem_max"": {""mean"": 0.0, ""max"": 0.0}, ""gpu_mem_0"": {""mean"": 0.0, ""max"": 0.0}}","{""total"": {""kind"": ""scalar"", ""value"": 23999994000000.0}}","[JUmPER]: a benchmark measurement spent at least 13ms of its 107ms on 31379 page faults - the cost of touching memory inherited from the prefix rather than of the cell itself. Cells working over large Python objects are affected most, and the timing understates them. Re-run with --replay-mode full for a number that does not carry this.",
python_objects,sum,dill,dill,False,6,2,ok,0.021921,0.0,0.159,2.8926,2.9018,,{},"{""total"": {""kind"": ""scalar"", ""value"": 23999994000000.0}}",,
python_objects,sum,fork,fork,False,7,0,ok,0.105961,0.0,,0.256,0.2724,31379.0,"{""cpu_util_avg"": {""mean"": 9.1659315, ""max"": 10.001313}, ""cpu_util_min"": {""mean"": 9.1659315, ""max"": 10.001313}, ""cpu_util_max"": {""mean"": 9.1659315, ""max"": 10.001313}, ""cpu_util_0"": {""mean"": 9.1659315, ""max"": 10.001313}, ""cpu_util_1"": {""mean"": 9.1659315, ""max"": 10.001313}, ""cpu_util_2"": {""mean"": 9.1659315, ""max"": 10.001313}, ""cpu_util_3"": {""mean"": 9.1659315, ""max"": 10.001313}, ""cpu_util_4"": {""mean"": 9.1659315, ""max"": 10.001313}, ""cpu_util_5"": {""mean"": 9.1659315, ""max"": 10.001313}, ""cpu_util_6"": {""mean"": 9.1659315, ""max"": 10.001313}, ""cpu_util_7"": {""mean"": 9.1659315, ""max"": 10.001313}, ""cpu_util_8"": {""mean"": 9.1659315, ""max"": 10.001313}, ""cpu_util_9"": {""mean"": 9.1659315, ""max"": 10.001313}, ""cpu_util_10"": {""mean"": 9.1659315, ""max"": 10.001313}, ""cpu_util_11"": {""mean"": 9.1659315, ""max"": 10.001313}, ""memory"": {""mean"": 0.788475, ""max"": 0.788658}, ""io_read_count"": {""mean"": 10698.915816, ""max"": 10701.405308}, ""io_write_count"": {""mean"": 19.9979735, ""max"": 20.002627}, ""io_read"": {""mean"": 0.0, ""max"": 0.0}, ""io_write"": {""mean"": 0.0, ""max"": 0.0}, ""gpu_util_avg"": {""mean"": 0.0, ""max"": 0.0}, ""gpu_util_min"": {""mean"": 0.0, ""max"": 0.0}, ""gpu_util_max"": {""mean"": 0.0, ""max"": 0.0}, ""gpu_util_0"": {""mean"": 0.0, ""max"": 0.0}, ""gpu_band_avg"": {""mean"": 0.0, ""max"": 0.0}, ""gpu_band_min"": {""mean"": 0.0, ""max"": 0.0}, ""gpu_band_max"": {""mean"": 0.0, ""max"": 0.0}, ""gpu_band_0"": {""mean"": 0.0, ""max"": 0.0}, ""gpu_mem_avg"": {""mean"": 0.0, ""max"": 0.0}, ""gpu_mem_min"": {""mean"": 0.0, ""max"": 0.0}, ""gpu_mem_max"": {""mean"": 0.0, ""max"": 0.0}, ""gpu_mem_0"": {""mean"": 0.0, ""max"": 0.0}}","{""total"": {""kind"": ""scalar"", ""value"": 23999994000000.0}}","[JUmPER]: a benchmark measurement spent at least 13ms of its 106ms on 31379 page faults - the cost of touching memory inherited from the prefix rather than of the cell itself. Cells working over large Python objects are affected most, and the timing understates them. Re-run with --replay-mode full for a number that does not carry this.",
python_objects,sum,dill,dill,False,7,1,ok,0.022376,0.0,0.152,2.8428,2.8515,,{},"{""total"": {""kind"": ""scalar"", ""value"": 23999994000000.0}}",,
python_objects,sum,full,full,False,7,2,ok,0.021473,0.268427,,2.7963,2.8122,,"{""cpu_util_avg"": {""mean"": 8.334054, ""max"": 8.334054}, ""cpu_util_min"": {""mean"": 8.334054, ""max"": 8.334054}, ""cpu_util_max"": {""mean"": 8.334054, ""max"": 8.334054}, ""cpu_util_0"": {""mean"": 8.334054, ""max"": 8.334054}, ""cpu_util_1"": {""mean"": 8.334054, ""max"": 8.334054}, ""cpu_util_2"": {""mean"": 8.334054, ""max"": 8.334054}, ""cpu_util_3"": {""mean"": 8.334054, ""max"": 8.334054}, ""cpu_util_4"": {""mean"": 8.334054, ""max"": 8.334054}, ""cpu_util_5"": {""mean"": 8.334054, ""max"": 8.334054}, ""cpu_util_6"": {""mean"": 8.334054, ""max"": 8.334054}, ""cpu_util_7"": {""mean"": 8.334054, ""max"": 8.334054}, ""cpu_util_8"": {""mean"": 8.334054, ""max"": 8.334054}, ""cpu_util_9"": {""mean"": 8.334054, ""max"": 8.334054}, ""cpu_util_10"": {""mean"": 8.334054, ""max"": 8.334054}, ""cpu_util_11"": {""mean"": 8.334054, ""max"": 8.334054}, ""memory"": {""mean"": 0.362354, ""max"": 0.362354}, ""io_read_count"": {""mean"": 10640.919588, ""max"": 10640.919588}, ""io_write_count"": {""mean"": 20.001729, ""max"": 20.001729}, ""io_read"": {""mean"": 0.0, ""max"": 0.0}, ""io_write"": {""mean"": 0.0, ""max"": 0.0}, ""gpu_util_avg"": {""mean"": 0.0, ""max"": 0.0}, ""gpu_util_min"": {""mean"": 0.0, ""max"": 0.0}, ""gpu_util_max"": {""mean"": 0.0, ""max"": 0.0}, ""gpu_util_0"": {""mean"": 0.0, ""max"": 0.0}, ""gpu_band_avg"": {""mean"": 0.0, ""max"": 0.0}, ""gpu_band_min"": {""mean"": 0.0, ""max"": 0.0}, ""gpu_band_max"": {""mean"": 0.0, ""max"": 0.0}, ""gpu_band_0"": {""mean"": 0.0, ""max"": 0.0}, ""gpu_mem_avg"": {""mean"": 0.0, ""max"": 0.0}, ""gpu_mem_min"": {""mean"": 0.0, ""max"": 0.0}, ""gpu_mem_max"": {""mean"": 0.0, ""max"": 0.0}, ""gpu_mem_0"": {""mean"": 0.0, ""max"": 0.0}}","{""total"": {""kind"": ""scalar"", ""value"": 23999994000000.0}}",,
python_objects,sum,dill,dill,False,8,0,ok,0.021912,0.0,0.2056,2.9058,2.9144,,{},"{""total"": {""kind"": ""scalar"", ""value"": 23999994000000.0}}",,
python_objects,sum,full,full,False,8,1,ok,0.021799,0.272636,,2.8498,2.8658,,"{""cpu_util_avg"": {""mean"": 8.338837, ""max"": 8.338837}, ""cpu_util_min"": {""mean"": 8.338837, ""max"": 8.338837}, ""cpu_util_max"": {""mean"": 8.338837, ""max"": 8.338837}, ""cpu_util_0"": {""mean"": 8.338837, ""max"": 8.338837}, ""cpu_util_1"": {""mean"": 8.338837, ""max"": 8.338837}, ""cpu_util_2"": {""mean"": 8.338837, ""max"": 8.338837}, ""cpu_util_3"": {""mean"": 8.338837, ""max"": 8.338837}, ""cpu_util_4"": {""mean"": 8.338837, ""max"": 8.338837}, ""cpu_util_5"": {""mean"": 8.338837, ""max"": 8.338837}, ""cpu_util_6"": {""mean"": 8.338837, ""max"": 8.338837}, ""cpu_util_7"": {""mean"": 8.338837, ""max"": 8.338837}, ""cpu_util_8"": {""mean"": 8.338837, ""max"": 8.338837}, ""cpu_util_9"": {""mean"": 8.338837, ""max"": 8.338837}, ""cpu_util_10"": {""mean"": 8.338837, ""max"": 8.338837}, ""cpu_util_11"": {""mean"": 8.338837, ""max"": 8.338837}, ""memory"": {""mean"": 0.362263, ""max"": 0.362263}, ""io_read_count"": {""mean"": 10647.026612, ""max"": 10647.026612}, ""io_write_count"": {""mean"": 20.013208, ""max"": 20.013208}, ""io_read"": {""mean"": 0.0, ""max"": 0.0}, ""io_write"": {""mean"": 0.0, ""max"": 0.0}, ""gpu_util_avg"": {""mean"": 0.0, ""max"": 0.0}, ""gpu_util_min"": {""mean"": 0.0, ""max"": 0.0}, ""gpu_util_max"": {""mean"": 0.0, ""max"": 0.0}, ""gpu_util_0"": {""mean"": 0.0, ""max"": 0.0}, ""gpu_band_avg"": {""mean"": 0.0, ""max"": 0.0}, ""gpu_band_min"": {""mean"": 0.0, ""max"": 0.0}, ""gpu_band_max"": {""mean"": 0.0, ""max"": 0.0}, ""gpu_band_0"": {""mean"": 0.0, ""max"": 0.0}, ""gpu_mem_avg"": {""mean"": 0.0, ""max"": 0.0}, ""gpu_mem_min"": {""mean"": 0.0, ""max"": 0.0}, ""gpu_mem_max"": {""mean"": 0.0, ""max"": 0.0}, ""gpu_mem_0"": {""mean"": 0.0, ""max"": 0.0}}","{""total"": {""kind"": ""scalar"", ""value"": 23999994000000.0}}",,
python_objects,sum,fork,fork,False,8,2,ok,0.106463,0.0,,0.2543,0.2711,31378.0,"{""cpu_util_avg"": {""mean"": 8.3294715, ""max"": 10.000158}, ""cpu_util_min"": {""mean"": 8.3294715, ""max"": 10.000158}, ""cpu_util_max"": {""mean"": 8.3294715, ""max"": 10.000158}, ""cpu_util_0"": {""mean"": 8.3294715, ""max"": 10.000158}, ""cpu_util_1"": {""mean"": 8.3294715, ""max"": 10.000158}, ""cpu_util_2"": {""mean"": 8.3294715, ""max"": 10.000158}, ""cpu_util_3"": {""mean"": 8.3294715, ""max"": 10.000158}, ""cpu_util_4"": {""mean"": 8.3294715, ""max"": 10.000158}, ""cpu_util_5"": {""mean"": 8.3294715, ""max"": 10.000158}, ""cpu_util_6"": {""mean"": 8.3294715, ""max"": 10.000158}, ""cpu_util_7"": {""mean"": 8.3294715, ""max"": 10.000158}, ""cpu_util_8"": {""mean"": 8.3294715, ""max"": 10.000158}, ""cpu_util_9"": {""mean"": 8.3294715, ""max"": 10.000158}, ""cpu_util_10"": {""mean"": 8.3294715, ""max"": 10.000158}, ""cpu_util_11"": {""mean"": 8.3294715, ""max"": 10.000158}, ""memory"": {""mean"": 0.788719, ""max"": 0.788902}, ""io_read_count"": {""mean"": 10693.759117, ""max"": 10700.169063}, ""io_write_count"": {""mean"": 19.988335, ""max"": 20.000316}, ""io_read"": {""mean"": 0.0, ""max"": 0.0}, ""io_write"": {""mean"": 0.0, ""max"": 0.0}, ""gpu_util_avg"": {""mean"": 0.0, ""max"": 0.0}, ""gpu_util_min"": {""mean"": 0.0, ""max"": 0.0}, ""gpu_util_max"": {""mean"": 0.0, ""max"": 0.0}, ""gpu_util_0"": {""mean"": 0.0, ""max"": 0.0}, ""gpu_band_avg"": {""mean"": 0.0, ""max"": 0.0}, ""gpu_band_min"": {""mean"": 0.0, ""max"": 0.0}, ""gpu_band_max"": {""mean"": 0.0, ""max"": 0.0}, ""gpu_band_0"": {""mean"": 0.0, ""max"": 0.0}, ""gpu_mem_avg"": {""mean"": 0.0, ""max"": 0.0}, ""gpu_mem_min"": {""mean"": 0.0, ""max"": 0.0}, ""gpu_mem_max"": {""mean"": 0.0, ""max"": 0.0}, ""gpu_mem_0"": {""mean"": 0.0, ""max"": 0.0}}","{""total"": {""kind"": ""scalar"", ""value"": 23999994000000.0}}","[JUmPER]: a benchmark measurement spent at least 13ms of its 106ms on 31378 page faults - the cost of touching memory inherited from the prefix rather than of the cell itself. Cells working over large Python objects are affected most, and the timing understates them. Re-run with --replay-mode full for a number that does not carry this.",
python_objects,sum,full,full,False,9,0,ok,0.022156,0.272769,,2.8223,2.8384,,"{""cpu_util_avg"": {""mean"": 9.997628, ""max"": 9.997628}, ""cpu_util_min"": {""mean"": 9.997628, ""max"": 9.997628}, ""cpu_util_max"": {""mean"": 9.997628, ""max"": 9.997628}, ""cpu_util_0"": {""mean"": 9.997628, ""max"": 9.997628}, ""cpu_util_1"": {""mean"": 9.997628, ""max"": 9.997628}, ""cpu_util_2"": {""mean"": 9.997628, ""max"": 9.997628}, ""cpu_util_3"": {""mean"": 9.997628, ""max"": 9.997628}, ""cpu_util_4"": {""mean"": 9.997628, ""max"": 9.997628}, ""cpu_util_5"": {""mean"": 9.997628, ""max"": 9.997628}, ""cpu_util_6"": {""mean"": 9.997628, ""max"": 9.997628}, ""cpu_util_7"": {""mean"": 9.997628, ""max"": 9.997628}, ""cpu_util_8"": {""mean"": 9.997628, ""max"": 9.997628}, ""cpu_util_9"": {""mean"": 9.997628, ""max"": 9.997628}, ""cpu_util_10"": {""mean"": 9.997628, ""max"": 9.997628}, ""cpu_util_11"": {""mean"": 9.997628, ""max"": 9.997628}, ""memory"": {""mean"": 0.362492, ""max"": 0.362492}, ""io_read_count"": {""mean"": 10637.476578, ""max"": 10637.476578}, ""io_write_count"": {""mean"": 19.995257, ""max"": 19.995257}, ""io_read"": {""mean"": 0.0, ""max"": 0.0}, ""io_write"": {""mean"": 0.0, ""max"": 0.0}, ""gpu_util_avg"": {""mean"": 0.0, ""max"": 0.0}, ""gpu_util_min"": {""mean"": 0.0, ""max"": 0.0}, ""gpu_util_max"": {""mean"": 0.0, ""max"": 0.0}, ""gpu_util_0"": {""mean"": 0.0, ""max"": 0.0}, ""gpu_band_avg"": {""mean"": 0.0, ""max"": 0.0}, ""gpu_band_min"": {""mean"": 0.0, ""max"": 0.0}, ""gpu_band_max"": {""mean"": 0.0, ""max"": 0.0}, ""gpu_band_0"": {""mean"": 0.0, ""max"": 0.0}, ""gpu_mem_avg"": {""mean"": 0.0, ""max"": 0.0}, ""gpu_mem_min"": {""mean"": 0.0, ""max"": 0.0}, ""gpu_mem_max"": {""mean"": 0.0, ""max"": 0.0}, ""gpu_mem_0"": {""mean"": 0.0, ""max"": 0.0}}","{""total"": {""kind"": ""scalar"", ""value"": 23999994000000.0}}",,
python_objects,sum,fork,fork,False,9,1,ok,0.104731,0.0,,0.2578,0.2727,31379.0,"{""cpu_util_avg"": {""mean"": 9.1677435, ""max"": 10.001629}, ""cpu_util_min"": {""mean"": 9.1677435, ""max"": 10.001629}, ""cpu_util_max"": {""mean"": 9.1677435, ""max"": 10.001629}, ""cpu_util_0"": {""mean"": 9.1677435, ""max"": 10.001629}, ""cpu_util_1"": {""mean"": 9.1677435, ""max"": 10.001629}, ""cpu_util_2"": {""mean"": 9.1677435, ""max"": 10.001629}, ""cpu_util_3"": {""mean"": 9.1677435, ""max"": 10.001629}, ""cpu_util_4"": {""mean"": 9.1677435, ""max"": 10.001629}, ""cpu_util_5"": {""mean"": 9.1677435, ""max"": 10.001629}, ""cpu_util_6"": {""mean"": 9.1677435, ""max"": 10.001629}, ""cpu_util_7"": {""mean"": 9.1677435, ""max"": 10.001629}, ""cpu_util_8"": {""mean"": 9.1677435, ""max"": 10.001629}, ""cpu_util_9"": {""mean"": 9.1677435, ""max"": 10.001629}, ""cpu_util_10"": {""mean"": 9.1677435, ""max"": 10.001629}, ""cpu_util_11"": {""mean"": 9.1677435, ""max"": 10.001629}, ""memory"": {""mean"": 0.788597, ""max"": 0.78878}, ""io_read_count"": {""mean"": 10701.208728500002, ""max"": 10701.743528}, ""io_write_count"": {""mean"": 20.0022595, ""max"": 20.003259}, ""io_read"": {""mean"": 0.0, ""max"": 0.0}, ""io_write"": {""mean"": 0.0, ""max"": 0.0}, ""gpu_util_avg"": {""mean"": 0.0, ""max"": 0.0}, ""gpu_util_min"": {""mean"": 0.0, ""max"": 0.0}, ""gpu_util_max"": {""mean"": 0.0, ""max"": 0.0}, ""gpu_util_0"": {""mean"": 0.0, ""max"": 0.0}, ""gpu_band_avg"": {""mean"": 0.0, ""max"": 0.0}, ""gpu_band_min"": {""mean"": 0.0, ""max"": 0.0}, ""gpu_band_max"": {""mean"": 0.0, ""max"": 0.0}, ""gpu_band_0"": {""mean"": 0.0, ""max"": 0.0}, ""gpu_mem_avg"": {""mean"": 0.0, ""max"": 0.0}, ""gpu_mem_min"": {""mean"": 0.0, ""max"": 0.0}, ""gpu_mem_max"": {""mean"": 0.0, ""max"": 0.0}, ""gpu_mem_0"": {""mean"": 0.0, ""max"": 0.0}}","{""total"": {""kind"": ""scalar"", ""value"": 23999994000000.0}}","[JUmPER]: a benchmark measurement spent at least 13ms of its 105ms on 31379 page faults - the cost of touching memory inherited from the prefix rather than of the cell itself. Cells working over large Python objects are affected most, and the timing understates them. Re-run with --replay-mode full for a number that does not carry this.",
python_objects,sum,dill,dill,False,9,2,ok,0.021114,0.0,0.2061,2.89,2.8991,,{},"{""total"": {""kind"": ""scalar"", ""value"": 23999994000000.0}}",,
python_objects,sum,fork,fork,False,10,0,ok,0.101913,0.0,,0.2489,0.2636,31380.0,"{""cpu_util_avg"": {""mean"": 8.335531, ""max"": 8.338781}, ""cpu_util_min"": {""mean"": 8.335531, ""max"": 8.338781}, ""cpu_util_max"": {""mean"": 8.335531, ""max"": 8.338781}, ""cpu_util_0"": {""mean"": 8.335531, ""max"": 8.338781}, ""cpu_util_1"": {""mean"": 8.335531, ""max"": 8.338781}, ""cpu_util_2"": {""mean"": 8.335531, ""max"": 8.338781}, ""cpu_util_3"": {""mean"": 8.335531, ""max"": 8.338781}, ""cpu_util_4"": {""mean"": 8.335531, ""max"": 8.338781}, ""cpu_util_5"": {""mean"": 8.335531, ""max"": 8.338781}, ""cpu_util_6"": {""mean"": 8.335531, ""max"": 8.338781}, ""cpu_util_7"": {""mean"": 8.335531, ""max"": 8.338781}, ""cpu_util_8"": {""mean"": 8.335531, ""max"": 8.338781}, ""cpu_util_9"": {""mean"": 8.335531, ""max"": 8.338781}, ""cpu_util_10"": {""mean"": 8.335531, ""max"": 8.338781}, ""cpu_util_11"": {""mean"": 8.335531, ""max"": 8.338781}, ""memory"": {""mean"": 0.788597, ""max"": 0.78878}, ""io_read_count"": {""mean"": 10702.8219265, ""max"": 10706.994665}, ""io_write_count"": {""mean"": 20.0052745, ""max"": 20.013074}, ""io_read"": {""mean"": 0.0, ""max"": 0.0}, ""io_write"": {""mean"": 0.0, ""max"": 0.0}, ""gpu_util_avg"": {""mean"": 0.0, ""max"": 0.0}, ""gpu_util_min"": {""mean"": 0.0, ""max"": 0.0}, ""gpu_util_max"": {""mean"": 0.0, ""max"": 0.0}, ""gpu_util_0"": {""mean"": 0.0, ""max"": 0.0}, ""gpu_band_avg"": {""mean"": 0.0, ""max"": 0.0}, ""gpu_band_min"": {""mean"": 0.0, ""max"": 0.0}, ""gpu_band_max"": {""mean"": 0.0, ""max"": 0.0}, ""gpu_band_0"": {""mean"": 0.0, ""max"": 0.0}, ""gpu_mem_avg"": {""mean"": 0.0, ""max"": 0.0}, ""gpu_mem_min"": {""mean"": 0.0, ""max"": 0.0}, ""gpu_mem_max"": {""mean"": 0.0, ""max"": 0.0}, ""gpu_mem_0"": {""mean"": 0.0, ""max"": 0.0}}","{""total"": {""kind"": ""scalar"", ""value"": 23999994000000.0}}","[JUmPER]: a benchmark measurement spent at least 13ms of its 102ms on 31380 page faults - the cost of touching memory inherited from the prefix rather than of the cell itself. Cells working over large Python objects are affected most, and the timing understates them. Re-run with --replay-mode full for a number that does not carry this.",
python_objects,sum,dill,dill,False,10,1,ok,0.021362,0.0,0.1529,2.8071,2.8163,,{},"{""total"": {""kind"": ""scalar"", ""value"": 23999994000000.0}}",,
python_objects,sum,full,full,False,10,2,ok,0.021448,0.255079,,2.7635,2.7764,,{},"{""total"": {""kind"": ""scalar"", ""value"": 23999994000000.0}}",,
memmap_scan,scan,full,full,False,0,0,ok,0.00873,0.016385,,2.469,2.4791,,{},"{""total"": {""kind"": ""scalar"", ""value"": 312499987500000.0}}",,
memmap_scan,scan,fork,fork,False,0,1,ok,0.016607,0.0,,0.1656,0.1809,3080.0,"{""cpu_util_avg"": {""mean"": 8.329314, ""max"": 8.329314}, ""cpu_util_min"": {""mean"": 8.329314, ""max"": 8.329314}, ""cpu_util_max"": {""mean"": 8.329314, ""max"": 8.329314}, ""cpu_util_0"": {""mean"": 8.329314, ""max"": 8.329314}, ""cpu_util_1"": {""mean"": 8.329314, ""max"": 8.329314}, ""cpu_util_2"": {""mean"": 8.329314, ""max"": 8.329314}, ""cpu_util_3"": {""mean"": 8.329314, ""max"": 8.329314}, ""cpu_util_4"": {""mean"": 8.329314, ""max"": 8.329314}, ""cpu_util_5"": {""mean"": 8.329314, ""max"": 8.329314}, ""cpu_util_6"": {""mean"": 8.329314, ""max"": 8.329314}, ""cpu_util_7"": {""mean"": 8.329314, ""max"": 8.329314}, ""cpu_util_8"": {""mean"": 8.329314, ""max"": 8.329314}, ""cpu_util_9"": {""mean"": 8.329314, ""max"": 8.329314}, ""cpu_util_10"": {""mean"": 8.329314, ""max"": 8.329314}, ""cpu_util_11"": {""mean"": 8.329314, ""max"": 8.329314}, ""memory"": {""mean"": 0.808468, ""max"": 0.808468}, ""io_read_count"": {""mean"": 10694.838671, ""max"": 10694.838671}, ""io_write_count"": {""mean"": 19.990353, ""max"": 19.990353}, ""io_read"": {""mean"": 0.0, ""max"": 0.0}, ""io_write"": {""mean"": 0.0, ""max"": 0.0}, ""gpu_util_avg"": {""mean"": 0.0, ""max"": 0.0}, ""gpu_util_min"": {""mean"": 0.0, ""max"": 0.0}, ""gpu_util_max"": {""mean"": 0.0, ""max"": 0.0}, ""gpu_util_0"": {""mean"": 0.0, ""max"": 0.0}, ""gpu_band_avg"": {""mean"": 0.0, ""max"": 0.0}, ""gpu_band_min"": {""mean"": 0.0, ""max"": 0.0}, ""gpu_band_max"": {""mean"": 0.0, ""max"": 0.0}, ""gpu_band_0"": {""mean"": 0.0, ""max"": 0.0}, ""gpu_mem_avg"": {""mean"": 0.0, ""max"": 0.0}, ""gpu_mem_min"": {""mean"": 0.0, ""max"": 0.0}, ""gpu_mem_max"": {""mean"": 0.0, ""max"": 0.0}, ""gpu_mem_0"": {""mean"": 0.0, ""max"": 0.0}}","{""total"": {""kind"": ""scalar"", ""value"": 312499987500000.0}}","[JUmPER]: a benchmark measurement spent at least 1ms of its 17ms on 3080 page faults - the cost of touching memory inherited from the prefix rather than of the cell itself. Cells working over large Python objects are affected most, and the timing understates them. Re-run with --replay-mode full for a number that does not carry this.",
memmap_scan,scan,dill,full,True,0,2,ok,0.008134,0.016164,,2.4743,2.4835,,{},"{""total"": {""kind"": ""scalar"", ""value"": 312499987500000.0}}",,
memmap_scan,scan,fork,fork,False,1,0,ok,0.017565,0.0,,0.1501,0.164,3080.0,{},"{""total"": {""kind"": ""scalar"", ""value"": 312499987500000.0}}","[JUmPER]: a benchmark measurement spent at least 1ms of its 18ms on 3080 page faults - the cost of touching memory inherited from the prefix rather than of the cell itself. Cells working over large Python objects are affected most, and the timing understates them. Re-run with --replay-mode full for a number that does not carry this.",
memmap_scan,scan,dill,full,True,1,1,ok,0.008299,0.017097,,2.477,2.4867,,{},"{""total"": {""kind"": ""scalar"", ""value"": 312499987500000.0}}",,
memmap_scan,scan,full,full,False,1,2,ok,0.008134,0.016145,,2.4445,2.4546,,{},"{""total"": {""kind"": ""scalar"", ""value"": 312499987500000.0}}",,
memmap_scan,scan,dill,full,True,2,0,ok,0.008316,0.016191,,2.4804,2.4894,,{},"{""total"": {""kind"": ""scalar"", ""value"": 312499987500000.0}}",,
memmap_scan,scan,full,full,False,2,1,ok,0.008504,0.016284,,2.4295,2.4387,,{},"{""total"": {""kind"": ""scalar"", ""value"": 312499987500000.0}}",,
memmap_scan,scan,fork,fork,False,2,2,ok,0.016938,0.0,,0.1494,0.164,3080.0,{},"{""total"": {""kind"": ""scalar"", ""value"": 312499987500000.0}}","[JUmPER]: a benchmark measurement spent at least 1ms of its 17ms on 3080 page faults - the cost of touching memory inherited from the prefix rather than of the cell itself. Cells working over large Python objects are affected most, and the timing understates them. Re-run with --replay-mode full for a number that does not carry this.",
memmap_scan,scan,full,full,False,3,0,ok,0.008298,0.016206,,2.5476,2.5573,,{},"{""total"": {""kind"": ""scalar"", ""value"": 312499987500000.0}}",,
memmap_scan,scan,fork,fork,False,3,1,ok,0.016216,0.0,,0.1485,0.162,3081.0,{},"{""total"": {""kind"": ""scalar"", ""value"": 312499987500000.0}}","[JUmPER]: a benchmark measurement spent at least 1ms of its 16ms on 3081 page faults - the cost of touching memory inherited from the prefix rather than of the cell itself. Cells working over large Python objects are affected most, and the timing understates them. Re-run with --replay-mode full for a number that does not carry this.",
memmap_scan,scan,dill,full,True,3,2,ok,0.008878,0.016232,,2.4351,2.4454,,{},"{""total"": {""kind"": ""scalar"", ""value"": 312499987500000.0}}",,
memmap_scan,scan,fork,fork,False,4,0,ok,0.016762,0.0,,0.1441,0.1577,3080.0,{},"{""total"": {""kind"": ""scalar"", ""value"": 312499987500000.0}}","[JUmPER]: a benchmark measurement spent at least 1ms of its 17ms on 3080 page faults - the cost of touching memory inherited from the prefix rather than of the cell itself. Cells working over large Python objects are affected most, and the timing understates them. Re-run with --replay-mode full for a number that does not carry this.",
memmap_scan,scan,dill,full,True,4,1,ok,0.008076,0.015965,,2.4745,2.4842,,{},"{""total"": {""kind"": ""scalar"", ""value"": 312499987500000.0}}",,
memmap_scan,scan,full,full,False,4,2,ok,0.008244,0.016058,,2.3925,2.4023,,{},"{""total"": {""kind"": ""scalar"", ""value"": 312499987500000.0}}",,
memmap_scan,scan,dill,full,True,5,0,ok,0.008208,0.016472,,2.4066,2.416,,{},"{""total"": {""kind"": ""scalar"", ""value"": 312499987500000.0}}",,
memmap_scan,scan,full,full,False,5,1,ok,0.008367,0.01695,,2.4563,2.4658,,{},"{""total"": {""kind"": ""scalar"", ""value"": 312499987500000.0}}",,
memmap_scan,scan,fork,fork,False,5,2,ok,0.016814,0.0,,0.1505,0.1637,3080.0,{},"{""total"": {""kind"": ""scalar"", ""value"": 312499987500000.0}}","[JUmPER]: a benchmark measurement spent at least 1ms of its 17ms on 3080 page faults - the cost of touching memory inherited from the prefix rather than of the cell itself. Cells working over large Python objects are affected most, and the timing understates them. Re-run with --replay-mode full for a number that does not carry this.",
memmap_scan,scan,full,full,False,6,0,ok,0.008818,0.017297,,2.5237,2.533,,{},"{""total"": {""kind"": ""scalar"", ""value"": 312499987500000.0}}",,
memmap_scan,scan,fork,fork,False,6,1,ok,0.017222,0.0,,0.1492,0.1622,3080.0,{},"{""total"": {""kind"": ""scalar"", ""value"": 312499987500000.0}}","[JUmPER]: a benchmark measurement spent at least 1ms of its 17ms on 3080 page faults - the cost of touching memory inherited from the prefix rather than of the cell itself. Cells working over large Python objects are affected most, and the timing understates them. Re-run with --replay-mode full for a number that does not carry this.",
memmap_scan,scan,dill,full,True,6,2,ok,0.008187,0.016386,,2.4531,2.4623,,{},"{""total"": {""kind"": ""scalar"", ""value"": 312499987500000.0}}",,
memmap_scan,scan,fork,fork,False,7,0,ok,0.017174,0.0,,0.1508,0.1645,3080.0,{},"{""total"": {""kind"": ""scalar"", ""value"": 312499987500000.0}}","[JUmPER]: a benchmark measurement spent at least 1ms of its 17ms on 3080 page faults - the cost of touching memory inherited from the prefix rather than of the cell itself. Cells working over large Python objects are affected most, and the timing understates them. Re-run with --replay-mode full for a number that does not carry this.",
memmap_scan,scan,dill,full,True,7,1,ok,0.008126,0.016328,,2.6445,2.6542,,{},"{""total"": {""kind"": ""scalar"", ""value"": 312499987500000.0}}",,
memmap_scan,scan,full,full,False,7,2,ok,0.00829,0.01615,,2.5243,2.5339,,{},"{""total"": {""kind"": ""scalar"", ""value"": 312499987500000.0}}",,
memmap_scan,scan,dill,full,True,8,0,ok,0.008111,0.016496,,2.4659,2.4749,,{},"{""total"": {""kind"": ""scalar"", ""value"": 312499987500000.0}}",,
memmap_scan,scan,full,full,False,8,1,ok,0.008373,0.016982,,2.5009,2.5105,,{},"{""total"": {""kind"": ""scalar"", ""value"": 312499987500000.0}}",,
memmap_scan,scan,fork,fork,False,8,2,ok,0.017227,0.0,,0.1446,0.1587,3080.0,{},"{""total"": {""kind"": ""scalar"", ""value"": 312499987500000.0}}","[JUmPER]: a benchmark measurement spent at least 1ms of its 17ms on 3080 page faults - the cost of touching memory inherited from the prefix rather than of the cell itself. Cells working over large Python objects are affected most, and the timing understates them. Re-run with --replay-mode full for a number that does not carry this.",
memmap_scan,scan,full,full,False,9,0,ok,0.008453,0.016666,,2.4586,2.4685,,{},"{""total"": {""kind"": ""scalar"", ""value"": 312499987500000.0}}",,
memmap_scan,scan,fork,fork,False,9,1,ok,0.016982,0.0,,0.1444,0.158,3080.0,{},"{""total"": {""kind"": ""scalar"", ""value"": 312499987500000.0}}","[JUmPER]: a benchmark measurement spent at least 1ms of its 17ms on 3080 page faults - the cost of touching memory inherited from the prefix rather than of the cell itself. Cells working over large Python objects are affected most, and the timing understates them. Re-run with --replay-mode full for a number that does not carry this.",
memmap_scan,scan,dill,full,True,9,2,ok,0.00806,0.016324,,2.3991,2.408,,{},"{""total"": {""kind"": ""scalar"", ""value"": 312499987500000.0}}",,
memmap_scan,scan,fork,fork,False,10,0,ok,0.016546,0.0,,0.1437,0.1569,3080.0,{},"{""total"": {""kind"": ""scalar"", ""value"": 312499987500000.0}}","[JUmPER]: a benchmark measurement spent at least 1ms of its 17ms on 3080 page faults - the cost of touching memory inherited from the prefix rather than of the cell itself. Cells working over large Python objects are affected most, and the timing understates them. Re-run with --replay-mode full for a number that does not carry this.",
memmap_scan,scan,dill,full,True,10,1,ok,0.007869,0.01612,,2.4119,2.4213,,{},"{""total"": {""kind"": ""scalar"", ""value"": 312499987500000.0}}",,
memmap_scan,scan,full,full,False,10,2,ok,0.008218,0.016474,,2.3973,2.4074,,{},"{""total"": {""kind"": ""scalar"", ""value"": 312499987500000.0}}",,
fast_rewrite,loop,full,full,False,0,0,ok,0.213368,0.014238,,2.6718,2.6888,,"{""cpu_util_avg"": {""mean"": 9.581374, ""max"": 10.007597}, ""cpu_util_min"": {""mean"": 9.581374, ""max"": 10.007597}, ""cpu_util_max"": {""mean"": 9.581374, ""max"": 10.007597}, ""cpu_util_0"": {""mean"": 9.581374, ""max"": 10.007597}, ""cpu_util_1"": {""mean"": 9.581374, ""max"": 10.007597}, ""cpu_util_2"": {""mean"": 9.581374, ""max"": 10.007597}, ""cpu_util_3"": {""mean"": 9.581374, ""max"": 10.007597}, ""cpu_util_4"": {""mean"": 9.581374, ""max"": 10.007597}, ""cpu_util_5"": {""mean"": 9.581374, ""max"": 10.007597}, ""cpu_util_6"": {""mean"": 9.581374, ""max"": 10.007597}, ""cpu_util_7"": {""mean"": 9.581374, ""max"": 10.007597}, ""cpu_util_8"": {""mean"": 9.581374, ""max"": 10.007597}, ""cpu_util_9"": {""mean"": 9.581374, ""max"": 10.007597}, ""cpu_util_10"": {""mean"": 9.581374, ""max"": 10.007597}, ""cpu_util_11"": {""mean"": 9.581374, ""max"": 10.007597}, ""memory"": {""mean"": 0.22562, ""max"": 0.225925}, ""io_read_count"": {""mean"": 7982.3688569999995, ""max"": 10648.083386}, ""io_write_count"": {""mean"": 15.00445275, ""max"": 20.015194}, ""io_read"": {""mean"": 0.0, ""max"": 0.0}, ""io_write"": {""mean"": 0.0, ""max"": 0.0}, ""gpu_util_avg"": {""mean"": 0.0, ""max"": 0.0}, ""gpu_util_min"": {""mean"": 0.0, ""max"": 0.0}, ""gpu_util_max"": {""mean"": 0.0, ""max"": 0.0}, ""gpu_util_0"": {""mean"": 0.0, ""max"": 0.0}, ""gpu_band_avg"": {""mean"": 0.0, ""max"": 0.0}, ""gpu_band_min"": {""mean"": 0.0, ""max"": 0.0}, ""gpu_band_max"": {""mean"": 0.0, ""max"": 0.0}, ""gpu_band_0"": {""mean"": 0.0, ""max"": 0.0}, ""gpu_mem_avg"": {""mean"": 0.0, ""max"": 0.0}, ""gpu_mem_min"": {""mean"": 0.0, ""max"": 0.0}, ""gpu_mem_max"": {""mean"": 0.0, ""max"": 0.0}, ""gpu_mem_0"": {""mean"": 0.0, ""max"": 0.0}}","{""total"": {""kind"": ""scalar"", ""value"": 1999999000000.0}}",,
fast_rewrite,loop,fork,fork,False,0,1,ok,0.261284,0.0,,0.4134,0.4293,,"{""cpu_util_avg"": {""mean"": 9.1667455, ""max"": 10.003404}, ""cpu_util_min"": {""mean"": 9.1667455, ""max"": 10.003404}, ""cpu_util_max"": {""mean"": 9.1667455, ""max"": 10.003404}, ""cpu_util_0"": {""mean"": 9.1667455, ""max"": 10.003404}, ""cpu_util_1"": {""mean"": 9.1667455, ""max"": 10.003404}, ""cpu_util_2"": {""mean"": 9.1667455, ""max"": 10.003404}, ""cpu_util_3"": {""mean"": 9.1667455, ""max"": 10.003404}, ""cpu_util_4"": {""mean"": 9.1667455, ""max"": 10.003404}, ""cpu_util_5"": {""mean"": 9.1667455, ""max"": 10.003404}, ""cpu_util_6"": {""mean"": 9.1667455, ""max"": 10.003404}, ""cpu_util_7"": {""mean"": 9.1667455, ""max"": 10.003404}, ""cpu_util_8"": {""mean"": 9.1667455, ""max"": 10.003404}, ""cpu_util_9"": {""mean"": 9.1667455, ""max"": 10.003404}, ""cpu_util_10"": {""mean"": 9.1667455, ""max"": 10.003404}, ""cpu_util_11"": {""mean"": 9.1667455, ""max"": 10.003404}, ""memory"": {""mean"": 0.5181468333333333, ""max"": 0.518208}, ""io_read_count"": {""mean"": 10700.281788333334, ""max"": 10707.196307}, ""io_write_count"": {""mean"": 20.000526833333335, ""max"": 20.013451}, ""io_read"": {""mean"": 0.0, ""max"": 0.0}, ""io_write"": {""mean"": 0.0, ""max"": 0.0}, ""gpu_util_avg"": {""mean"": 0.0, ""max"": 0.0}, ""gpu_util_min"": {""mean"": 0.0, ""max"": 0.0}, ""gpu_util_max"": {""mean"": 0.0, ""max"": 0.0}, ""gpu_util_0"": {""mean"": 0.0, ""max"": 0.0}, ""gpu_band_avg"": {""mean"": 0.0, ""max"": 0.0}, ""gpu_band_min"": {""mean"": 0.0, ""max"": 0.0}, ""gpu_band_max"": {""mean"": 0.0, ""max"": 0.0}, ""gpu_band_0"": {""mean"": 0.0, ""max"": 0.0}, ""gpu_mem_avg"": {""mean"": 0.0, ""max"": 0.0}, ""gpu_mem_min"": {""mean"": 0.0, ""max"": 0.0}, ""gpu_mem_max"": {""mean"": 0.0, ""max"": 0.0}, ""gpu_mem_0"": {""mean"": 0.0, ""max"": 0.0}}","{""total"": {""kind"": ""scalar"", ""value"": 1999999000000.0}}",,
fast_rewrite,loop,dill,dill,False,0,2,ok,0.213474,0.0,0.011,2.8506,2.8672,,"{""cpu_util_avg"": {""mean"": 9.1643425, ""max"": 11.67002}, ""cpu_util_min"": {""mean"": 9.1643425, ""max"": 11.67002}, ""cpu_util_max"": {""mean"": 9.1643425, ""max"": 11.67002}, ""cpu_util_0"": {""mean"": 9.1643425, ""max"": 11.67002}, ""cpu_util_1"": {""mean"": 9.1643425, ""max"": 11.67002}, ""cpu_util_2"": {""mean"": 9.1643425, ""max"": 11.67002}, ""cpu_util_3"": {""mean"": 9.1643425, ""max"": 11.67002}, ""cpu_util_4"": {""mean"": 9.1643425, ""max"": 11.67002}, ""cpu_util_5"": {""mean"": 9.1643425, ""max"": 11.67002}, ""cpu_util_6"": {""mean"": 9.1643425, ""max"": 11.67002}, ""cpu_util_7"": {""mean"": 9.1643425, ""max"": 11.67002}, ""cpu_util_8"": {""mean"": 9.1643425, ""max"": 11.67002}, ""cpu_util_9"": {""mean"": 9.1643425, ""max"": 11.67002}, ""cpu_util_10"": {""mean"": 9.1643425, ""max"": 11.67002}, ""cpu_util_11"": {""mean"": 9.1643425, ""max"": 11.67002}, ""memory"": {""mean"": 0.22608575, ""max"": 0.226391}, ""io_read_count"": {""mean"": 7978.2026430000005, ""max"": 10643.057964}, ""io_write_count"": {""mean"": 14.9966215, ""max"": 20.005748}, ""io_read"": {""mean"": 0.0, ""max"": 0.0}, ""io_write"": {""mean"": 0.0, ""max"": 0.0}, ""gpu_util_avg"": {""mean"": 0.0, ""max"": 0.0}, ""gpu_util_min"": {""mean"": 0.0, ""max"": 0.0}, ""gpu_util_max"": {""mean"": 0.0, ""max"": 0.0}, ""gpu_util_0"": {""mean"": 0.0, ""max"": 0.0}, ""gpu_band_avg"": {""mean"": 0.0, ""max"": 0.0}, ""gpu_band_min"": {""mean"": 0.0, ""max"": 0.0}, ""gpu_band_max"": {""mean"": 0.0, ""max"": 0.0}, ""gpu_band_0"": {""mean"": 0.0, ""max"": 0.0}, ""gpu_mem_avg"": {""mean"": 0.0, ""max"": 0.0}, ""gpu_mem_min"": {""mean"": 0.0, ""max"": 0.0}, ""gpu_mem_max"": {""mean"": 0.0, ""max"": 0.0}, ""gpu_mem_0"": {""mean"": 0.0, ""max"": 0.0}}","{""total"": {""kind"": ""scalar"", ""value"": 1999999000000.0}}",,
fast_rewrite,vectorized,full,full,False,0,0,ok,0.000717,0.015006,,2.4882,2.4977,,{},"{""total"": {""kind"": ""scalar"", ""value"": 1999999000000.0}}",,
fast_rewrite,vectorized,fork,fork,False,0,1,ok,0.001374,0.0,,0.1342,0.1479,,{},"{""total"": {""kind"": ""scalar"", ""value"": 1999999000000.0}}",,
fast_rewrite,vectorized,dill,dill,False,0,2,ok,0.000871,0.0,0.0133,2.6777,2.6868,,{},"{""total"": {""kind"": ""scalar"", ""value"": 1999999000000.0}}",,
fast_rewrite,loop,fork,fork,False,1,0,ok,0.251283,0.0,,0.3845,0.4024,,"{""cpu_util_avg"": {""mean"": 9.3330118, ""max"": 10.007462}, ""cpu_util_min"": {""mean"": 9.3330118, ""max"": 10.007462}, ""cpu_util_max"": {""mean"": 9.3330118, ""max"": 10.007462}, ""cpu_util_0"": {""mean"": 9.3330118, ""max"": 10.007462}, ""cpu_util_1"": {""mean"": 9.3330118, ""max"": 10.007462}, ""cpu_util_2"": {""mean"": 9.3330118, ""max"": 10.007462}, ""cpu_util_3"": {""mean"": 9.3330118, ""max"": 10.007462}, ""cpu_util_4"": {""mean"": 9.3330118, ""max"": 10.007462}, ""cpu_util_5"": {""mean"": 9.3330118, ""max"": 10.007462}, ""cpu_util_6"": {""mean"": 9.3330118, ""max"": 10.007462}, ""cpu_util_7"": {""mean"": 9.3330118, ""max"": 10.007462}, ""cpu_util_8"": {""mean"": 9.3330118, ""max"": 10.007462}, ""cpu_util_9"": {""mean"": 9.3330118, ""max"": 10.007462}, ""cpu_util_10"": {""mean"": 9.3330118, ""max"": 10.007462}, ""cpu_util_11"": {""mean"": 9.3330118, ""max"": 10.007462}, ""memory"": {""mean"": 0.5191108000000001, ""max"": 0.519184}, ""io_read_count"": {""mean"": 10699.619848799999, ""max"": 10707.983873}, ""io_write_count"": {""mean"": 19.999289400000002, ""max"": 20.014923}, ""io_read"": {""mean"": 0.0, ""max"": 0.0}, ""io_write"": {""mean"": 0.0, ""max"": 0.0}, ""gpu_util_avg"": {""mean"": 0.0, ""max"": 0.0}, ""gpu_util_min"": {""mean"": 0.0, ""max"": 0.0}, ""gpu_util_max"": {""mean"": 0.0, ""max"": 0.0}, ""gpu_util_0"": {""mean"": 0.0, ""max"": 0.0}, ""gpu_band_avg"": {""mean"": 0.0, ""max"": 0.0}, ""gpu_band_min"": {""mean"": 0.0, ""max"": 0.0}, ""gpu_band_max"": {""mean"": 0.0, ""max"": 0.0}, ""gpu_band_0"": {""mean"": 0.0, ""max"": 0.0}, ""gpu_mem_avg"": {""mean"": 0.0, ""max"": 0.0}, ""gpu_mem_min"": {""mean"": 0.0, ""max"": 0.0}, ""gpu_mem_max"": {""mean"": 0.0, ""max"": 0.0}, ""gpu_mem_0"": {""mean"": 0.0, ""max"": 0.0}}","{""total"": {""kind"": ""scalar"", ""value"": 1999999000000.0}}",,
fast_rewrite,loop,dill,dill,False,1,1,ok,0.209383,0.0,0.0109,2.7746,2.7899,,"{""cpu_util_avg"": {""mean"": 9.165599, ""max"": 10.008535}, ""cpu_util_min"": {""mean"": 9.165599, ""max"": 10.008535}, ""cpu_util_max"": {""mean"": 9.165599, ""max"": 10.008535}, ""cpu_util_0"": {""mean"": 9.165599, ""max"": 10.008535}, ""cpu_util_1"": {""mean"": 9.165599, ""max"": 10.008535}, ""cpu_util_2"": {""mean"": 9.165599, ""max"": 10.008535}, ""cpu_util_3"": {""mean"": 9.165599, ""max"": 10.008535}, ""cpu_util_4"": {""mean"": 9.165599, ""max"": 10.008535}, ""cpu_util_5"": {""mean"": 9.165599, ""max"": 10.008535}, ""cpu_util_6"": {""mean"": 9.165599, ""max"": 10.008535}, ""cpu_util_7"": {""mean"": 9.165599, ""max"": 10.008535}, ""cpu_util_8"": {""mean"": 9.165599, ""max"": 10.008535}, ""cpu_util_9"": {""mean"": 9.165599, ""max"": 10.008535}, ""cpu_util_10"": {""mean"": 9.165599, ""max"": 10.008535}, ""cpu_util_11"": {""mean"": 9.165599, ""max"": 10.008535}, ""memory"": {""mean"": 0.22586050000000002, ""max"": 0.226196}, ""io_read_count"": {""mean"": 7982.377404249999, ""max"": 10649.081537}, ""io_write_count"": {""mean"": 15.004469, ""max"": 20.017071}, ""io_read"": {""mean"": 0.0, ""max"": 0.0}, ""io_write"": {""mean"": 0.0, ""max"": 0.0}, ""gpu_util_avg"": {""mean"": 0.0, ""max"": 0.0}, ""gpu_util_min"": {""mean"": 0.0, ""max"": 0.0}, ""gpu_util_max"": {""mean"": 0.0, ""max"": 0.0}, ""gpu_util_0"": {""mean"": 0.0, ""max"": 0.0}, ""gpu_band_avg"": {""mean"": 0.0, ""max"": 0.0}, ""gpu_band_min"": {""mean"": 0.0, ""max"": 0.0}, ""gpu_band_max"": {""mean"": 0.0, ""max"": 0.0}, ""gpu_band_0"": {""mean"": 0.0, ""max"": 0.0}, ""gpu_mem_avg"": {""mean"": 0.0, ""max"": 0.0}, ""gpu_mem_min"": {""mean"": 0.0, ""max"": 0.0}, ""gpu_mem_max"": {""mean"": 0.0, ""max"": 0.0}, ""gpu_mem_0"": {""mean"": 0.0, ""max"": 0.0}}","{""total"": {""kind"": ""scalar"", ""value"": 1999999000000.0}}",,
fast_rewrite,loop,full,full,False,1,2,ok,0.221575,0.015507,,2.6899,2.7053,,"{""cpu_util_avg"": {""mean"": 8.74803925, ""max"": 11.671593}, ""cpu_util_min"": {""mean"": 8.74803925, ""max"": 11.671593}, ""cpu_util_max"": {""mean"": 8.74803925, ""max"": 11.671593}, ""cpu_util_0"": {""mean"": 8.74803925, ""max"": 11.671593}, ""cpu_util_1"": {""mean"": 8.74803925, ""max"": 11.671593}, ""cpu_util_2"": {""mean"": 8.74803925, ""max"": 11.671593}, ""cpu_util_3"": {""mean"": 8.74803925, ""max"": 11.671593}, ""cpu_util_4"": {""mean"": 8.74803925, ""max"": 11.671593}, ""cpu_util_5"": {""mean"": 8.74803925, ""max"": 11.671593}, ""cpu_util_6"": {""mean"": 8.74803925, ""max"": 11.671593}, ""cpu_util_7"": {""mean"": 8.74803925, ""max"": 11.671593}, ""cpu_util_8"": {""mean"": 8.74803925, ""max"": 11.671593}, ""cpu_util_9"": {""mean"": 8.74803925, ""max"": 11.671593}, ""cpu_util_10"": {""mean"": 8.74803925, ""max"": 11.671593}, ""cpu_util_11"": {""mean"": 8.74803925, ""max"": 11.671593}, ""memory"": {""mean"": 0.2262115, ""max"": 0.226578}, ""io_read_count"": {""mean"": 7978.68020875, ""max"": 10644.49304}, ""io_write_count"": {""mean"": 14.9975195, ""max"": 20.008446}, ""io_read"": {""mean"": 0.0, ""max"": 0.0}, ""io_write"": {""mean"": 0.0, ""max"": 0.0}, ""gpu_util_avg"": {""mean"": 0.0, ""max"": 0.0}, ""gpu_util_min"": {""mean"": 0.0, ""max"": 0.0}, ""gpu_util_max"": {""mean"": 0.0, ""max"": 0.0}, ""gpu_util_0"": {""mean"": 0.0, ""max"": 0.0}, ""gpu_band_avg"": {""mean"": 0.0, ""max"": 0.0}, ""gpu_band_min"": {""mean"": 0.0, ""max"": 0.0}, ""gpu_band_max"": {""mean"": 0.0, ""max"": 0.0}, ""gpu_band_0"": {""mean"": 0.0, ""max"": 0.0}, ""gpu_mem_avg"": {""mean"": 0.0, ""max"": 0.0}, ""gpu_mem_min"": {""mean"": 0.0, ""max"": 0.0}, ""gpu_mem_max"": {""mean"": 0.0, ""max"": 0.0}, ""gpu_mem_0"": {""mean"": 0.0, ""max"": 0.0}}","{""total"": {""kind"": ""scalar"", ""value"": 1999999000000.0}}",,
fast_rewrite,vectorized,fork,fork,False,1,0,ok,0.001349,0.0,,0.1297,0.1428,,{},"{""total"": {""kind"": ""scalar"", ""value"": 1999999000000.0}}",,
fast_rewrite,vectorized,dill,dill,False,1,1,ok,0.000807,0.0,0.0096,2.4601,2.4687,,{},"{""total"": {""kind"": ""scalar"", ""value"": 1999999000000.0}}",,
fast_rewrite,vectorized,full,full,False,1,2,ok,0.000652,0.013991,,2.3138,2.3225,,{},"{""total"": {""kind"": ""scalar"", ""value"": 1999999000000.0}}",,
fast_rewrite,loop,dill,dill,False,2,0,ok,0.208822,0.0,0.0096,2.6555,2.6705,,"{""cpu_util_avg"": {""mean"": 10.41257525, ""max"": 11.662292}, ""cpu_util_min"": {""mean"": 10.41257525, ""max"": 11.662292}, ""cpu_util_max"": {""mean"": 10.41257525, ""max"": 11.662292}, ""cpu_util_0"": {""mean"": 10.41257525, ""max"": 11.662292}, ""cpu_util_1"": {""mean"": 10.41257525, ""max"": 11.662292}, ""cpu_util_2"": {""mean"": 10.41257525, ""max"": 11.662292}, ""cpu_util_3"": {""mean"": 10.41257525, ""max"": 11.662292}, ""cpu_util_4"": {""mean"": 10.41257525, ""max"": 11.662292}, ""cpu_util_5"": {""mean"": 10.41257525, ""max"": 11.662292}, ""cpu_util_6"": {""mean"": 10.41257525, ""max"": 11.662292}, ""cpu_util_7"": {""mean"": 10.41257525, ""max"": 11.662292}, ""cpu_util_8"": {""mean"": 10.41257525, ""max"": 11.662292}, ""cpu_util_9"": {""mean"": 10.41257525, ""max"": 11.662292}, ""cpu_util_10"": {""mean"": 10.41257525, ""max"": 11.662292}, ""cpu_util_11"": {""mean"": 10.41257525, ""max"": 11.662292}, ""memory"": {""mean"": 0.22624224999999998, ""max"": 0.226578}, ""io_read_count"": {""mean"": 7979.540408, ""max"": 10641.111145}, ""io_write_count"": {""mean"": 14.99913625, ""max"": 20.002089}, ""io_read"": {""mean"": 0.0, ""max"": 0.0}, ""io_write"": {""mean"": 0.0, ""max"": 0.0}, ""gpu_util_avg"": {""mean"": 0.0, ""max"": 0.0}, ""gpu_util_min"": {""mean"": 0.0, ""max"": 0.0}, ""gpu_util_max"": {""mean"": 0.0, ""max"": 0.0}, ""gpu_util_0"": {""mean"": 0.0, ""max"": 0.0}, ""gpu_band_avg"": {""mean"": 0.0, ""max"": 0.0}, ""gpu_band_min"": {""mean"": 0.0, ""max"": 0.0}, ""gpu_band_max"": {""mean"": 0.0, ""max"": 0.0}, ""gpu_band_0"": {""mean"": 0.0, ""max"": 0.0}, ""gpu_mem_avg"": {""mean"": 0.0, ""max"": 0.0}, ""gpu_mem_min"": {""mean"": 0.0, ""max"": 0.0}, ""gpu_mem_max"": {""mean"": 0.0, ""max"": 0.0}, ""gpu_mem_0"": {""mean"": 0.0, ""max"": 0.0}}","{""total"": {""kind"": ""scalar"", ""value"": 1999999000000.0}}",,
fast_rewrite,loop,full,full,False,2,1,ok,0.213101,0.014543,,2.603,2.6194,,"{""cpu_util_avg"": {""mean"": 9.163578, ""max"": 10.009252}, ""cpu_util_min"": {""mean"": 9.163578, ""max"": 10.009252}, ""cpu_util_max"": {""mean"": 9.163578, ""max"": 10.009252}, ""cpu_util_0"": {""mean"": 9.163578, ""max"": 10.009252}, ""cpu_util_1"": {""mean"": 9.163578, ""max"": 10.009252}, ""cpu_util_2"": {""mean"": 9.163578, ""max"": 10.009252}, ""cpu_util_3"": {""mean"": 9.163578, ""max"": 10.009252}, ""cpu_util_4"": {""mean"": 9.163578, ""max"": 10.009252}, ""cpu_util_5"": {""mean"": 9.163578, ""max"": 10.009252}, ""cpu_util_6"": {""mean"": 9.163578, ""max"": 10.009252}, ""cpu_util_7"": {""mean"": 9.163578, ""max"": 10.009252}, ""cpu_util_8"": {""mean"": 9.163578, ""max"": 10.009252}, ""cpu_util_9"": {""mean"": 9.163578, ""max"": 10.009252}, ""cpu_util_10"": {""mean"": 9.163578, ""max"": 10.009252}, ""cpu_util_11"": {""mean"": 9.163578, ""max"": 10.009252}, ""memory"": {""mean"": 0.22589125, ""max"": 0.226227}, ""io_read_count"": {""mean"": 7980.2026385, ""max"": 10649.843651}, ""io_write_count"": {""mean"": 15.000381, ""max"": 20.018503}, ""io_read"": {""mean"": 0.0, ""max"": 0.0}, ""io_write"": {""mean"": 0.0, ""max"": 0.0}, ""gpu_util_avg"": {""mean"": 0.0, ""max"": 0.0}, ""gpu_util_min"": {""mean"": 0.0, ""max"": 0.0}, ""gpu_util_max"": {""mean"": 0.0, ""max"": 0.0}, ""gpu_util_0"": {""mean"": 0.0, ""max"": 0.0}, ""gpu_band_avg"": {""mean"": 0.0, ""max"": 0.0}, ""gpu_band_min"": {""mean"": 0.0, ""max"": 0.0}, ""gpu_band_max"": {""mean"": 0.0, ""max"": 0.0}, ""gpu_band_0"": {""mean"": 0.0, ""max"": 0.0}, ""gpu_mem_avg"": {""mean"": 0.0, ""max"": 0.0}, ""gpu_mem_min"": {""mean"": 0.0, ""max"": 0.0}, ""gpu_mem_max"": {""mean"": 0.0, ""max"": 0.0}, ""gpu_mem_0"": {""mean"": 0.0, ""max"": 0.0}}","{""total"": {""kind"": ""scalar"", ""value"": 1999999000000.0}}",,
fast_rewrite,loop,fork,fork,False,2,2,ok,0.249457,0.0,,0.3772,0.3929,,"{""cpu_util_avg"": {""mean"": 9.331826999999999, ""max"": 10.005831}, ""cpu_util_min"": {""mean"": 9.331826999999999, ""max"": 10.005831}, ""cpu_util_max"": {""mean"": 9.331826999999999, ""max"": 10.005831}, ""cpu_util_0"": {""mean"": 9.331826999999999, ""max"": 10.005831}, ""cpu_util_1"": {""mean"": 9.331826999999999, ""max"": 10.005831}, ""cpu_util_2"": {""mean"": 9.331826999999999, ""max"": 10.005831}, ""cpu_util_3"": {""mean"": 9.331826999999999, ""max"": 10.005831}, ""cpu_util_4"": {""mean"": 9.331826999999999, ""max"": 10.005831}, ""cpu_util_5"": {""mean"": 9.331826999999999, ""max"": 10.005831}, ""cpu_util_6"": {""mean"": 9.331826999999999, ""max"": 10.005831}, ""cpu_util_7"": {""mean"": 9.331826999999999, ""max"": 10.005831}, ""cpu_util_8"": {""mean"": 9.331826999999999, ""max"": 10.005831}, ""cpu_util_9"": {""mean"": 9.331826999999999, ""max"": 10.005831}, ""cpu_util_10"": {""mean"": 9.331826999999999, ""max"": 10.005831}, ""cpu_util_11"": {""mean"": 9.331826999999999, ""max"": 10.005831}, ""memory"": {""mean"": 0.5193548, ""max"": 0.519428}, ""io_read_count"": {""mean"": 10698.5801932, ""max"": 10706.238953}, ""io_write_count"": {""mean"": 19.997346399999998, ""max"": 20.011662}, ""io_read"": {""mean"": 0.0, ""max"": 0.0}, ""io_write"": {""mean"": 0.0, ""max"": 0.0}, ""gpu_util_avg"": {""mean"": 0.0, ""max"": 0.0}, ""gpu_util_min"": {""mean"": 0.0, ""max"": 0.0}, ""gpu_util_max"": {""mean"": 0.0, ""max"": 0.0}, ""gpu_util_0"": {""mean"": 0.0, ""max"": 0.0}, ""gpu_band_avg"": {""mean"": 0.0, ""max"": 0.0}, ""gpu_band_min"": {""mean"": 0.0, ""max"": 0.0}, ""gpu_band_max"": {""mean"": 0.0, ""max"": 0.0}, ""gpu_band_0"": {""mean"": 0.0, ""max"": 0.0}, ""gpu_mem_avg"": {""mean"": 0.0, ""max"": 0.0}, ""gpu_mem_min"": {""mean"": 0.0, ""max"": 0.0}, ""gpu_mem_max"": {""mean"": 0.0, ""max"": 0.0}, ""gpu_mem_0"": {""mean"": 0.0, ""max"": 0.0}}","{""total"": {""kind"": ""scalar"", ""value"": 1999999000000.0}}",,
fast_rewrite,vectorized,dill,dill,False,2,0,ok,0.00097,0.0,0.01,2.5194,2.5283,,{},"{""total"": {""kind"": ""scalar"", ""value"": 1999999000000.0}}",,
fast_rewrite,vectorized,full,full,False,2,1,ok,0.000698,0.014749,,2.4366,2.446,,{},"{""total"": {""kind"": ""scalar"", ""value"": 1999999000000.0}}",,
fast_rewrite,vectorized,fork,fork,False,2,2,ok,0.001307,0.0,,0.1305,0.1437,,{},"{""total"": {""kind"": ""scalar"", ""value"": 1999999000000.0}}",,
fast_rewrite,loop,full,full,False,3,0,ok,0.210122,0.014481,,2.6772,2.6928,,"{""cpu_util_avg"": {""mean"": 9.163727999999999, ""max"": 10.00884}, ""cpu_util_min"": {""mean"": 9.163727999999999, ""max"": 10.00884}, ""cpu_util_max"": {""mean"": 9.163727999999999, ""max"": 10.00884}, ""cpu_util_0"": {""mean"": 9.163727999999999, ""max"": 10.00884}, ""cpu_util_1"": {""mean"": 9.163727999999999, ""max"": 10.00884}, ""cpu_util_2"": {""mean"": 9.163727999999999, ""max"": 10.00884}, ""cpu_util_3"": {""mean"": 9.163727999999999, ""max"": 10.00884}, ""cpu_util_4"": {""mean"": 9.163727999999999, ""max"": 10.00884}, ""cpu_util_5"": {""mean"": 9.163727999999999, ""max"": 10.00884}, ""cpu_util_6"": {""mean"": 9.163727999999999, ""max"": 10.00884}, ""cpu_util_7"": {""mean"": 9.163727999999999, ""max"": 10.00884}, ""cpu_util_8"": {""mean"": 9.163727999999999, ""max"": 10.00884}, ""cpu_util_9"": {""mean"": 9.163727999999999, ""max"": 10.00884}, ""cpu_util_10"": {""mean"": 9.163727999999999, ""max"": 10.00884}, ""cpu_util_11"": {""mean"": 9.163727999999999, ""max"": 10.00884}, ""memory"": {""mean"": 0.22628, ""max"": 0.226585}, ""io_read_count"": {""mean"": 7979.721221250001, ""max"": 10649.405342}, ""io_write_count"": {""mean"": 14.99947575, ""max"": 20.017679}, ""io_read"": {""mean"": 0.0, ""max"": 0.0}, ""io_write"": {""mean"": 0.0, ""max"": 0.0}, ""gpu_util_avg"": {""mean"": 0.0, ""max"": 0.0}, ""gpu_util_min"": {""mean"": 0.0, ""max"": 0.0}, ""gpu_util_max"": {""mean"": 0.0, ""max"": 0.0}, ""gpu_util_0"": {""mean"": 0.0, ""max"": 0.0}, ""gpu_band_avg"": {""mean"": 0.0, ""max"": 0.0}, ""gpu_band_min"": {""mean"": 0.0, ""max"": 0.0}, ""gpu_band_max"": {""mean"": 0.0, ""max"": 0.0}, ""gpu_band_0"": {""mean"": 0.0, ""max"": 0.0}, ""gpu_mem_avg"": {""mean"": 0.0, ""max"": 0.0}, ""gpu_mem_min"": {""mean"": 0.0, ""max"": 0.0}, ""gpu_mem_max"": {""mean"": 0.0, ""max"": 0.0}, ""gpu_mem_0"": {""mean"": 0.0, ""max"": 0.0}}","{""total"": {""kind"": ""scalar"", ""value"": 1999999000000.0}}",,
fast_rewrite,loop,fork,fork,False,3,1,ok,0.247994,0.0,,0.3767,0.3918,,"{""cpu_util_avg"": {""mean"": 9.333279, ""max"": 10.00076}, ""cpu_util_min"": {""mean"": 9.333279, ""max"": 10.00076}, ""cpu_util_max"": {""mean"": 9.333279, ""max"": 10.00076}, ""cpu_util_0"": {""mean"": 9.333279, ""max"": 10.00076}, ""cpu_util_1"": {""mean"": 9.333279, ""max"": 10.00076}, ""cpu_util_2"": {""mean"": 9.333279, ""max"": 10.00076}, ""cpu_util_3"": {""mean"": 9.333279, ""max"": 10.00076}, ""cpu_util_4"": {""mean"": 9.333279, ""max"": 10.00076}, ""cpu_util_5"": {""mean"": 9.333279, ""max"": 10.00076}, ""cpu_util_6"": {""mean"": 9.333279, ""max"": 10.00076}, ""cpu_util_7"": {""mean"": 9.333279, ""max"": 10.00076}, ""cpu_util_8"": {""mean"": 9.333279, ""max"": 10.00076}, ""cpu_util_9"": {""mean"": 9.333279, ""max"": 10.00076}, ""cpu_util_10"": {""mean"": 9.333279, ""max"": 10.00076}, ""cpu_util_11"": {""mean"": 9.333279, ""max"": 10.00076}, ""memory"": {""mean"": 0.5194768, ""max"": 0.51955}, ""io_read_count"": {""mean"": 10699.9878996, ""max"": 10709.20349}, ""io_write_count"": {""mean"": 19.9999776, ""max"": 20.017203}, ""io_read"": {""mean"": 0.0, ""max"": 0.0}, ""io_write"": {""mean"": 0.0, ""max"": 0.0}, ""gpu_util_avg"": {""mean"": 0.0, ""max"": 0.0}, ""gpu_util_min"": {""mean"": 0.0, ""max"": 0.0}, ""gpu_util_max"": {""mean"": 0.0, ""max"": 0.0}, ""gpu_util_0"": {""mean"": 0.0, ""max"": 0.0}, ""gpu_band_avg"": {""mean"": 0.0, ""max"": 0.0}, ""gpu_band_min"": {""mean"": 0.0, ""max"": 0.0}, ""gpu_band_max"": {""mean"": 0.0, ""max"": 0.0}, ""gpu_band_0"": {""mean"": 0.0, ""max"": 0.0}, ""gpu_mem_avg"": {""mean"": 0.0, ""max"": 0.0}, ""gpu_mem_min"": {""mean"": 0.0, ""max"": 0.0}, ""gpu_mem_max"": {""mean"": 0.0, ""max"": 0.0}, ""gpu_mem_0"": {""mean"": 0.0, ""max"": 0.0}}","{""total"": {""kind"": ""scalar"", ""value"": 1999999000000.0}}",,
fast_rewrite,loop,dill,dill,False,3,2,ok,0.208609,0.0,0.01,2.7348,2.7513,,"{""cpu_util_avg"": {""mean"": 9.579493249999999, ""max"": 10.001862}, ""cpu_util_min"": {""mean"": 9.579493249999999, ""max"": 10.001862}, ""cpu_util_max"": {""mean"": 9.579493249999999, ""max"": 10.001862}, ""cpu_util_0"": {""mean"": 9.579493249999999, ""max"": 10.001862}, ""cpu_util_1"": {""mean"": 9.579493249999999, ""max"": 10.001862}, ""cpu_util_2"": {""mean"": 9.579493249999999, ""max"": 10.001862}, ""cpu_util_3"": {""mean"": 9.579493249999999, ""max"": 10.001862}, ""cpu_util_4"": {""mean"": 9.579493249999999, ""max"": 10.001862}, ""cpu_util_5"": {""mean"": 9.579493249999999, ""max"": 10.001862}, ""cpu_util_6"": {""mean"": 9.579493249999999, ""max"": 10.001862}, ""cpu_util_7"": {""mean"": 9.579493249999999, ""max"": 10.001862}, ""cpu_util_8"": {""mean"": 9.579493249999999, ""max"": 10.001862}, ""cpu_util_9"": {""mean"": 9.579493249999999, ""max"": 10.001862}, ""cpu_util_10"": {""mean"": 9.579493249999999, ""max"": 10.001862}, ""cpu_util_11"": {""mean"": 9.579493249999999, ""max"": 10.001862}, ""memory"": {""mean"": 0.22610875, ""max"": 0.226414}, ""io_read_count"": {""mean"": 7979.93722125, ""max"": 10641.980685}, ""io_write_count"": {""mean"": 14.99988175, ""max"": 20.003723}, ""io_read"": {""mean"": 0.0, ""max"": 0.0}, ""io_write"": {""mean"": 0.0, ""max"": 0.0}, ""gpu_util_avg"": {""mean"": 0.0, ""max"": 0.0}, ""gpu_util_min"": {""mean"": 0.0, ""max"": 0.0}, ""gpu_util_max"": {""mean"": 0.0, ""max"": 0.0}, ""gpu_util_0"": {""mean"": 0.0, ""max"": 0.0}, ""gpu_band_avg"": {""mean"": 0.0, ""max"": 0.0}, ""gpu_band_min"": {""mean"": 0.0, ""max"": 0.0}, ""gpu_band_max"": {""mean"": 0.0, ""max"": 0.0}, ""gpu_band_0"": {""mean"": 0.0, ""max"": 0.0}, ""gpu_mem_avg"": {""mean"": 0.0, ""max"": 0.0}, ""gpu_mem_min"": {""mean"": 0.0, ""max"": 0.0}, ""gpu_mem_max"": {""mean"": 0.0, ""max"": 0.0}, ""gpu_mem_0"": {""mean"": 0.0, ""max"": 0.0}}","{""total"": {""kind"": ""scalar"", ""value"": 1999999000000.0}}",,
fast_rewrite,vectorized,full,full,False,3,0,ok,0.000711,0.014921,,2.4112,2.4201,,{},"{""total"": {""kind"": ""scalar"", ""value"": 1999999000000.0}}",,
fast_rewrite,vectorized,fork,fork,False,3,1,ok,0.001321,0.0,,0.1313,0.1445,,{},"{""total"": {""kind"": ""scalar"", ""value"": 1999999000000.0}}",,
fast_rewrite,vectorized,dill,dill,False,3,2,ok,0.000881,0.0,0.0099,2.5517,2.5608,,{},"{""total"": {""kind"": ""scalar"", ""value"": 1999999000000.0}}",,
fast_rewrite,loop,fork,fork,False,4,0,ok,0.257425,0.0,,0.3896,0.4052,,"{""cpu_util_avg"": {""mean"": 8.997773599999999, ""max"": 9.994755}, ""cpu_util_min"": {""mean"": 8.997773599999999, ""max"": 9.994755}, ""cpu_util_max"": {""mean"": 8.997773599999999, ""max"": 9.994755}, ""cpu_util_0"": {""mean"": 8.997773599999999, ""max"": 9.994755}, ""cpu_util_1"": {""mean"": 8.997773599999999, ""max"": 9.994755}, ""cpu_util_2"": {""mean"": 8.997773599999999, ""max"": 9.994755}, ""cpu_util_3"": {""mean"": 8.997773599999999, ""max"": 9.994755}, ""cpu_util_4"": {""mean"": 8.997773599999999, ""max"": 9.994755}, ""cpu_util_5"": {""mean"": 8.997773599999999, ""max"": 9.994755}, ""cpu_util_6"": {""mean"": 8.997773599999999, ""max"": 9.994755}, ""cpu_util_7"": {""mean"": 8.997773599999999, ""max"": 9.994755}, ""cpu_util_8"": {""mean"": 8.997773599999999, ""max"": 9.994755}, ""cpu_util_9"": {""mean"": 8.997773599999999, ""max"": 9.994755}, ""cpu_util_10"": {""mean"": 8.997773599999999, ""max"": 9.994755}, ""cpu_util_11"": {""mean"": 8.997773599999999, ""max"": 9.994755}, ""memory"": {""mean"": 0.5197208000000001, ""max"": 0.519794}, ""io_read_count"": {""mean"": 10697.8116476, ""max"": 10707.37074}, ""io_write_count"": {""mean"": 19.9959098, ""max"": 20.013777}, ""io_read"": {""mean"": 0.0, ""max"": 0.0}, ""io_write"": {""mean"": 0.0, ""max"": 0.0}, ""gpu_util_avg"": {""mean"": 0.0, ""max"": 0.0}, ""gpu_util_min"": {""mean"": 0.0, ""max"": 0.0}, ""gpu_util_max"": {""mean"": 0.0, ""max"": 0.0}, ""gpu_util_0"": {""mean"": 0.0, ""max"": 0.0}, ""gpu_band_avg"": {""mean"": 0.0, ""max"": 0.0}, ""gpu_band_min"": {""mean"": 0.0, ""max"": 0.0}, ""gpu_band_max"": {""mean"": 0.0, ""max"": 0.0}, ""gpu_band_0"": {""mean"": 0.0, ""max"": 0.0}, ""gpu_mem_avg"": {""mean"": 0.0, ""max"": 0.0}, ""gpu_mem_min"": {""mean"": 0.0, ""max"": 0.0}, ""gpu_mem_max"": {""mean"": 0.0, ""max"": 0.0}, ""gpu_mem_0"": {""mean"": 0.0, ""max"": 0.0}}","{""total"": {""kind"": ""scalar"", ""value"": 1999999000000.0}}",,
fast_rewrite,loop,dill,dill,False,4,1,ok,0.210711,0.0,0.0098,2.8019,2.8183,,"{""cpu_util_avg"": {""mean"": 9.166402, ""max"": 10.012727}, ""cpu_util_min"": {""mean"": 9.166402, ""max"": 10.012727}, ""cpu_util_max"": {""mean"": 9.166402, ""max"": 10.012727}, ""cpu_util_0"": {""mean"": 9.166402, ""max"": 10.012727}, ""cpu_util_1"": {""mean"": 9.166402, ""max"": 10.012727}, ""cpu_util_2"": {""mean"": 9.166402, ""max"": 10.012727}, ""cpu_util_3"": {""mean"": 9.166402, ""max"": 10.012727}, ""cpu_util_4"": {""mean"": 9.166402, ""max"": 10.012727}, ""cpu_util_5"": {""mean"": 9.166402, ""max"": 10.012727}, ""cpu_util_6"": {""mean"": 9.166402, ""max"": 10.012727}, ""cpu_util_7"": {""mean"": 9.166402, ""max"": 10.012727}, ""cpu_util_8"": {""mean"": 9.166402, ""max"": 10.012727}, ""cpu_util_9"": {""mean"": 9.166402, ""max"": 10.012727}, ""cpu_util_10"": {""mean"": 9.166402, ""max"": 10.012727}, ""cpu_util_11"": {""mean"": 9.166402, ""max"": 10.012727}, ""memory"": {""mean"": 0.225998, ""max"": 0.226303}, ""io_read_count"": {""mean"": 7982.125575, ""max"": 10653.54193}, ""io_write_count"": {""mean"": 15.0039955, ""max"": 20.025455}, ""io_read"": {""mean"": 0.0, ""max"": 0.0}, ""io_write"": {""mean"": 0.0, ""max"": 0.0}, ""gpu_util_avg"": {""mean"": 0.0, ""max"": 0.0}, ""gpu_util_min"": {""mean"": 0.0, ""max"": 0.0}, ""gpu_util_max"": {""mean"": 0.0, ""max"": 0.0}, ""gpu_util_0"": {""mean"": 0.0, ""max"": 0.0}, ""gpu_band_avg"": {""mean"": 0.0, ""max"": 0.0}, ""gpu_band_min"": {""mean"": 0.0, ""max"": 0.0}, ""gpu_band_max"": {""mean"": 0.0, ""max"": 0.0}, ""gpu_band_0"": {""mean"": 0.0, ""max"": 0.0}, ""gpu_mem_avg"": {""mean"": 0.0, ""max"": 0.0}, ""gpu_mem_min"": {""mean"": 0.0, ""max"": 0.0}, ""gpu_mem_max"": {""mean"": 0.0, ""max"": 0.0}, ""gpu_mem_0"": {""mean"": 0.0, ""max"": 0.0}}","{""total"": {""kind"": ""scalar"", ""value"": 1999999000000.0}}",,
fast_rewrite,loop,full,full,False,4,2,ok,0.207875,0.014631,,2.7156,2.7311,,"{""cpu_util_avg"": {""mean"": 9.163384749999999, ""max"": 10.003954}, ""cpu_util_min"": {""mean"": 9.163384749999999, ""max"": 10.003954}, ""cpu_util_max"": {""mean"": 9.163384749999999, ""max"": 10.003954}, ""cpu_util_0"": {""mean"": 9.163384749999999, ""max"": 10.003954}, ""cpu_util_1"": {""mean"": 9.163384749999999, ""max"": 10.003954}, ""cpu_util_2"": {""mean"": 9.163384749999999, ""max"": 10.003954}, ""cpu_util_3"": {""mean"": 9.163384749999999, ""max"": 10.003954}, ""cpu_util_4"": {""mean"": 9.163384749999999, ""max"": 10.003954}, ""cpu_util_5"": {""mean"": 9.163384749999999, ""max"": 10.003954}, ""cpu_util_6"": {""mean"": 9.163384749999999, ""max"": 10.003954}, ""cpu_util_7"": {""mean"": 9.163384749999999, ""max"": 10.003954}, ""cpu_util_8"": {""mean"": 9.163384749999999, ""max"": 10.003954}, ""cpu_util_9"": {""mean"": 9.163384749999999, ""max"": 10.003954}, ""cpu_util_10"": {""mean"": 9.163384749999999, ""max"": 10.003954}, ""cpu_util_11"": {""mean"": 9.163384749999999, ""max"": 10.003954}, ""memory"": {""mean"": 0.225956, ""max"": 0.226261}, ""io_read_count"": {""mean"": 7979.77836875, ""max"": 10644.207016}, ""io_write_count"": {""mean"": 14.9995835, ""max"": 20.007908}, ""io_read"": {""mean"": 0.0, ""max"": 0.0}, ""io_write"": {""mean"": 0.0, ""max"": 0.0}, ""gpu_util_avg"": {""mean"": 0.0, ""max"": 0.0}, ""gpu_util_min"": {""mean"": 0.0, ""max"": 0.0}, ""gpu_util_max"": {""mean"": 0.0, ""max"": 0.0}, ""gpu_util_0"": {""mean"": 0.0, ""max"": 0.0}, ""gpu_band_avg"": {""mean"": 0.0, ""max"": 0.0}, ""gpu_band_min"": {""mean"": 0.0, ""max"": 0.0}, ""gpu_band_max"": {""mean"": 0.0, ""max"": 0.0}, ""gpu_band_0"": {""mean"": 0.0, ""max"": 0.0}, ""gpu_mem_avg"": {""mean"": 0.0, ""max"": 0.0}, ""gpu_mem_min"": {""mean"": 0.0, ""max"": 0.0}, ""gpu_mem_max"": {""mean"": 0.0, ""max"": 0.0}, ""gpu_mem_0"": {""mean"": 0.0, ""max"": 0.0}}","{""total"": {""kind"": ""scalar"", ""value"": 1999999000000.0}}",,
fast_rewrite,vectorized,fork,fork,False,4,0,ok,0.00136,0.0,,0.1307,0.1435,,{},"{""total"": {""kind"": ""scalar"", ""value"": 1999999000000.0}}",,
fast_rewrite,vectorized,dill,dill,False,4,1,ok,0.000855,0.0,0.0137,2.5301,2.5391,,{},"{""total"": {""kind"": ""scalar"", ""value"": 1999999000000.0}}",,
fast_rewrite,vectorized,full,full,False,4,2,ok,0.000729,0.014594,,2.4975,2.507,,{},"{""total"": {""kind"": ""scalar"", ""value"": 1999999000000.0}}",,
fast_rewrite,loop,dill,dill,False,5,0,ok,0.208022,0.0,0.0102,2.7576,2.7732,,"{""cpu_util_avg"": {""mean"": 9.164304499999998, ""max"": 10.011883}, ""cpu_util_min"": {""mean"": 9.164304499999998, ""max"": 10.011883}, ""cpu_util_max"": {""mean"": 9.164304499999998, ""max"": 10.011883}, ""cpu_util_0"": {""mean"": 9.164304499999998, ""max"": 10.011883}, ""cpu_util_1"": {""mean"": 9.164304499999998, ""max"": 10.011883}, ""cpu_util_2"": {""mean"": 9.164304499999998, ""max"": 10.011883}, ""cpu_util_3"": {""mean"": 9.164304499999998, ""max"": 10.011883}, ""cpu_util_4"": {""mean"": 9.164304499999998, ""max"": 10.011883}, ""cpu_util_5"": {""mean"": 9.164304499999998, ""max"": 10.011883}, ""cpu_util_6"": {""mean"": 9.164304499999998, ""max"": 10.011883}, ""cpu_util_7"": {""mean"": 9.164304499999998, ""max"": 10.011883}, ""cpu_util_8"": {""mean"": 9.164304499999998, ""max"": 10.011883}, ""cpu_util_9"": {""mean"": 9.164304499999998, ""max"": 10.011883}, ""cpu_util_10"": {""mean"": 9.164304499999998, ""max"": 10.011883}, ""cpu_util_11"": {""mean"": 9.164304499999998, ""max"": 10.011883}, ""memory"": {""mean"": 0.226349, ""max"": 0.226654}, ""io_read_count"": {""mean"": 7978.39339775, ""max"": 10652.642983}, ""io_write_count"": {""mean"": 14.99698, ""max"": 20.023765}, ""io_read"": {""mean"": 0.0, ""max"": 0.0}, ""io_write"": {""mean"": 0.0, ""max"": 0.0}, ""gpu_util_avg"": {""mean"": 0.0, ""max"": 0.0}, ""gpu_util_min"": {""mean"": 0.0, ""max"": 0.0}, ""gpu_util_max"": {""mean"": 0.0, ""max"": 0.0}, ""gpu_util_0"": {""mean"": 0.0, ""max"": 0.0}, ""gpu_band_avg"": {""mean"": 0.0, ""max"": 0.0}, ""gpu_band_min"": {""mean"": 0.0, ""max"": 0.0}, ""gpu_band_max"": {""mean"": 0.0, ""max"": 0.0}, ""gpu_band_0"": {""mean"": 0.0, ""max"": 0.0}, ""gpu_mem_avg"": {""mean"": 0.0, ""max"": 0.0}, ""gpu_mem_min"": {""mean"": 0.0, ""max"": 0.0}, ""gpu_mem_max"": {""mean"": 0.0, ""max"": 0.0}, ""gpu_mem_0"": {""mean"": 0.0, ""max"": 0.0}}","{""total"": {""kind"": ""scalar"", ""value"": 1999999000000.0}}",,
fast_rewrite,loop,full,full,False,5,1,ok,0.232666,0.014563,,2.6337,2.6496,,"{""cpu_util_avg"": {""mean"": 9.6638296, ""max"": 10.001794}, ""cpu_util_min"": {""mean"": 9.6638296, ""max"": 10.001794}, ""cpu_util_max"": {""mean"": 9.6638296, ""max"": 10.001794}, ""cpu_util_0"": {""mean"": 9.6638296, ""max"": 10.001794}, ""cpu_util_1"": {""mean"": 9.6638296, ""max"": 10.001794}, ""cpu_util_2"": {""mean"": 9.6638296, ""max"": 10.001794}, ""cpu_util_3"": {""mean"": 9.6638296, ""max"": 10.001794}, ""cpu_util_4"": {""mean"": 9.6638296, ""max"": 10.001794}, ""cpu_util_5"": {""mean"": 9.6638296, ""max"": 10.001794}, ""cpu_util_6"": {""mean"": 9.6638296, ""max"": 10.001794}, ""cpu_util_7"": {""mean"": 9.6638296, ""max"": 10.001794}, ""cpu_util_8"": {""mean"": 9.6638296, ""max"": 10.001794}, ""cpu_util_9"": {""mean"": 9.6638296, ""max"": 10.001794}, ""cpu_util_10"": {""mean"": 9.6638296, ""max"": 10.001794}, ""cpu_util_11"": {""mean"": 9.6638296, ""max"": 10.001794}, ""memory"": {""mean"": 0.225659, ""max"": 0.226196}, ""io_read_count"": {""mean"": 8893.6408118, ""max"": 11182.005605}, ""io_write_count"": {""mean"": 19.9957332, ""max"": 39.999545}, ""io_read"": {""mean"": 0.0, ""max"": 0.0}, ""io_write"": {""mean"": 16383.8135518, ""max"": 81919.067759}, ""gpu_util_avg"": {""mean"": 0.0, ""max"": 0.0}, ""gpu_util_min"": {""mean"": 0.0, ""max"": 0.0}, ""gpu_util_max"": {""mean"": 0.0, ""max"": 0.0}, ""gpu_util_0"": {""mean"": 0.0, ""max"": 0.0}, ""gpu_band_avg"": {""mean"": 0.0, ""max"": 0.0}, ""gpu_band_min"": {""mean"": 0.0, ""max"": 0.0}, ""gpu_band_max"": {""mean"": 0.0, ""max"": 0.0}, ""gpu_band_0"": {""mean"": 0.0, ""max"": 0.0}, ""gpu_mem_avg"": {""mean"": 0.0, ""max"": 0.0}, ""gpu_mem_min"": {""mean"": 0.0, ""max"": 0.0}, ""gpu_mem_max"": {""mean"": 0.0, ""max"": 0.0}, ""gpu_mem_0"": {""mean"": 0.0, ""max"": 0.0}}","{""total"": {""kind"": ""scalar"", ""value"": 1999999000000.0}}",,
fast_rewrite,loop,fork,fork,False,5,2,ok,0.249162,0.0,,0.3777,0.3938,,"{""cpu_util_avg"": {""mean"": 9.000207399999999, ""max"": 11.667715}, ""cpu_util_min"": {""mean"": 9.000207399999999, ""max"": 11.667715}, ""cpu_util_max"": {""mean"": 9.000207399999999, ""max"": 11.667715}, ""cpu_util_0"": {""mean"": 9.000207399999999, ""max"": 11.667715}, ""cpu_util_1"": {""mean"": 9.000207399999999, ""max"": 11.667715}, ""cpu_util_2"": {""mean"": 9.000207399999999, ""max"": 11.667715}, ""cpu_util_3"": {""mean"": 9.000207399999999, ""max"": 11.667715}, ""cpu_util_4"": {""mean"": 9.000207399999999, ""max"": 11.667715}, ""cpu_util_5"": {""mean"": 9.000207399999999, ""max"": 11.667715}, ""cpu_util_6"": {""mean"": 9.000207399999999, ""max"": 11.667715}, ""cpu_util_7"": {""mean"": 9.000207399999999, ""max"": 11.667715}, ""cpu_util_8"": {""mean"": 9.000207399999999, ""max"": 11.667715}, ""cpu_util_9"": {""mean"": 9.000207399999999, ""max"": 11.667715}, ""cpu_util_10"": {""mean"": 9.000207399999999, ""max"": 11.667715}, ""cpu_util_11"": {""mean"": 9.000207399999999, ""max"": 11.667715}, ""memory"": {""mean"": 0.5197208000000001, ""max"": 0.519794}, ""io_read_count"": {""mean"": 11240.1988536, ""max"": 11249.037927}, ""io_write_count"": {""mean"": 20.000353999999998, ""max"": 20.016082}, ""io_read"": {""mean"": 0.0, ""max"": 0.0}, ""io_write"": {""mean"": 0.0, ""max"": 0.0}, ""gpu_util_avg"": {""mean"": 0.0, ""max"": 0.0}, ""gpu_util_min"": {""mean"": 0.0, ""max"": 0.0}, ""gpu_util_max"": {""mean"": 0.0, ""max"": 0.0}, ""gpu_util_0"": {""mean"": 0.0, ""max"": 0.0}, ""gpu_band_avg"": {""mean"": 0.0, ""max"": 0.0}, ""gpu_band_min"": {""mean"": 0.0, ""max"": 0.0}, ""gpu_band_max"": {""mean"": 0.0, ""max"": 0.0}, ""gpu_band_0"": {""mean"": 0.0, ""max"": 0.0}, ""gpu_mem_avg"": {""mean"": 0.0, ""max"": 0.0}, ""gpu_mem_min"": {""mean"": 0.0, ""max"": 0.0}, ""gpu_mem_max"": {""mean"": 0.0, ""max"": 0.0}, ""gpu_mem_0"": {""mean"": 0.0, ""max"": 0.0}}","{""total"": {""kind"": ""scalar"", ""value"": 1999999000000.0}}",,
fast_rewrite,vectorized,dill,dill,False,5,0,ok,0.000853,0.0,0.0133,2.587,2.5961,,{},"{""total"": {""kind"": ""scalar"", ""value"": 1999999000000.0}}",,
fast_rewrite,vectorized,full,full,False,5,1,ok,0.00075,0.014899,,2.5695,2.5789,,{},"{""total"": {""kind"": ""scalar"", ""value"": 1999999000000.0}}",,
fast_rewrite,vectorized,fork,fork,False,5,2,ok,0.001381,0.0,,0.1289,0.1418,,{},"{""total"": {""kind"": ""scalar"", ""value"": 1999999000000.0}}",,
fast_rewrite,loop,full,full,False,6,0,ok,0.20808,0.014338,,2.677,2.694,,"{""cpu_util_avg"": {""mean"": 9.1651135, ""max"": 11.666673}, ""cpu_util_min"": {""mean"": 9.1651135, ""max"": 11.666673}, ""cpu_util_max"": {""mean"": 9.1651135, ""max"": 11.666673}, ""cpu_util_0"": {""mean"": 9.1651135, ""max"": 11.666673}, ""cpu_util_1"": {""mean"": 9.1651135, ""max"": 11.666673}, ""cpu_util_2"": {""mean"": 9.1651135, ""max"": 11.666673}, ""cpu_util_3"": {""mean"": 9.1651135, ""max"": 11.666673}, ""cpu_util_4"": {""mean"": 9.1651135, ""max"": 11.666673}, ""cpu_util_5"": {""mean"": 9.1651135, ""max"": 11.666673}, ""cpu_util_6"": {""mean"": 9.1651135, ""max"": 11.666673}, ""cpu_util_7"": {""mean"": 9.1651135, ""max"": 11.666673}, ""cpu_util_8"": {""mean"": 9.1651135, ""max"": 11.666673}, ""cpu_util_9"": {""mean"": 9.1651135, ""max"": 11.666673}, ""cpu_util_10"": {""mean"": 9.1651135, ""max"": 11.666673}, ""cpu_util_11"": {""mean"": 9.1651135, ""max"": 11.666673}, ""memory"": {""mean"": 0.22623074999999998, ""max"": 0.226536}, ""io_read_count"": {""mean"": 8072.1166432499995, ""max"": 10768.165069}, ""io_write_count"": {""mean"": 15.003934500000002, ""max"": 20.015177}, ""io_read"": {""mean"": 0.0, ""max"": 0.0}, ""io_write"": {""mean"": 0.0, ""max"": 0.0}, ""gpu_util_avg"": {""mean"": 0.0, ""max"": 0.0}, ""gpu_util_min"": {""mean"": 0.0, ""max"": 0.0}, ""gpu_util_max"": {""mean"": 0.0, ""max"": 0.0}, ""gpu_util_0"": {""mean"": 0.0, ""max"": 0.0}, ""gpu_band_avg"": {""mean"": 0.0, ""max"": 0.0}, ""gpu_band_min"": {""mean"": 0.0, ""max"": 0.0}, ""gpu_band_max"": {""mean"": 0.0, ""max"": 0.0}, ""gpu_band_0"": {""mean"": 0.0, ""max"": 0.0}, ""gpu_mem_avg"": {""mean"": 0.0, ""max"": 0.0}, ""gpu_mem_min"": {""mean"": 0.0, ""max"": 0.0}, ""gpu_mem_max"": {""mean"": 0.0, ""max"": 0.0}, ""gpu_mem_0"": {""mean"": 0.0, ""max"": 0.0}}","{""total"": {""kind"": ""scalar"", ""value"": 1999999000000.0}}",,
fast_rewrite,loop,fork,fork,False,6,1,ok,0.253644,0.0,,0.384,0.4007,,"{""cpu_util_avg"": {""mean"": 9.334352599999999, ""max"": 11.667387}, ""cpu_util_min"": {""mean"": 9.334352599999999, ""max"": 11.667387}, ""cpu_util_max"": {""mean"": 9.334352599999999, ""max"": 11.667387}, ""cpu_util_0"": {""mean"": 9.334352599999999, ""max"": 11.667387}, ""cpu_util_1"": {""mean"": 9.334352599999999, ""max"": 11.667387}, ""cpu_util_2"": {""mean"": 9.334352599999999, ""max"": 11.667387}, ""cpu_util_3"": {""mean"": 9.334352599999999, ""max"": 11.667387}, ""cpu_util_4"": {""mean"": 9.334352599999999, ""max"": 11.667387}, ""cpu_util_5"": {""mean"": 9.334352599999999, ""max"": 11.667387}, ""cpu_util_6"": {""mean"": 9.334352599999999, ""max"": 11.667387}, ""cpu_util_7"": {""mean"": 9.334352599999999, ""max"": 11.667387}, ""cpu_util_8"": {""mean"": 9.334352599999999, ""max"": 11.667387}, ""cpu_util_9"": {""mean"": 9.334352599999999, ""max"": 11.667387}, ""cpu_util_10"": {""mean"": 9.334352599999999, ""max"": 11.667387}, ""cpu_util_11"": {""mean"": 9.334352599999999, ""max"": 11.667387}, ""memory"": {""mean"": 0.5198436, ""max"": 0.519917}, ""io_read_count"": {""mean"": 10821.3423312, ""max"": 10827.52773}, ""io_write_count"": {""mean"": 20.0024812, ""max"": 20.013914}, ""io_read"": {""mean"": 0.0, ""max"": 0.0}, ""io_write"": {""mean"": 0.0, ""max"": 0.0}, ""gpu_util_avg"": {""mean"": 0.0, ""max"": 0.0}, ""gpu_util_min"": {""mean"": 0.0, ""max"": 0.0}, ""gpu_util_max"": {""mean"": 0.0, ""max"": 0.0}, ""gpu_util_0"": {""mean"": 0.0, ""max"": 0.0}, ""gpu_band_avg"": {""mean"": 0.0, ""max"": 0.0}, ""gpu_band_min"": {""mean"": 0.0, ""max"": 0.0}, ""gpu_band_max"": {""mean"": 0.0, ""max"": 0.0}, ""gpu_band_0"": {""mean"": 0.0, ""max"": 0.0}, ""gpu_mem_avg"": {""mean"": 0.0, ""max"": 0.0}, ""gpu_mem_min"": {""mean"": 0.0, ""max"": 0.0}, ""gpu_mem_max"": {""mean"": 0.0, ""max"": 0.0}, ""gpu_mem_0"": {""mean"": 0.0, ""max"": 0.0}}","{""total"": {""kind"": ""scalar"", ""value"": 1999999000000.0}}",,
fast_rewrite,loop,dill,dill,False,6,2,ok,0.216711,0.0,0.0132,2.8036,2.8194,,"{""cpu_util_avg"": {""mean"": 9.163018999999998, ""max"": 10.00846}, ""cpu_util_min"": {""mean"": 9.163018999999998, ""max"": 10.00846}, ""cpu_util_max"": {""mean"": 9.163018999999998, ""max"": 10.00846}, ""cpu_util_0"": {""mean"": 9.163018999999998, ""max"": 10.00846}, ""cpu_util_1"": {""mean"": 9.163018999999998, ""max"": 10.00846}, ""cpu_util_2"": {""mean"": 9.163018999999998, ""max"": 10.00846}, ""cpu_util_3"": {""mean"": 9.163018999999998, ""max"": 10.00846}, ""cpu_util_4"": {""mean"": 9.163018999999998, ""max"": 10.00846}, ""cpu_util_5"": {""mean"": 9.163018999999998, ""max"": 10.00846}, ""cpu_util_6"": {""mean"": 9.163018999999998, ""max"": 10.00846}, ""cpu_util_7"": {""mean"": 9.163018999999998, ""max"": 10.00846}, ""cpu_util_8"": {""mean"": 9.163018999999998, ""max"": 10.00846}, ""cpu_util_9"": {""mean"": 9.163018999999998, ""max"": 10.00846}, ""cpu_util_10"": {""mean"": 9.163018999999998, ""max"": 10.00846}, ""cpu_util_11"": {""mean"": 9.163018999999998, ""max"": 10.00846}, ""memory"": {""mean"": 0.2260705, ""max"": 0.226376}, ""io_read_count"": {""mean"": 8069.247753, ""max"": 10769.103338}, ""io_write_count"": {""mean"": 14.998601750000002, ""max"": 20.016921}, ""io_read"": {""mean"": 0.0, ""max"": 0.0}, ""io_write"": {""mean"": 0.0, ""max"": 0.0}, ""gpu_util_avg"": {""mean"": 0.0, ""max"": 0.0}, ""gpu_util_min"": {""mean"": 0.0, ""max"": 0.0}, ""gpu_util_max"": {""mean"": 0.0, ""max"": 0.0}, ""gpu_util_0"": {""mean"": 0.0, ""max"": 0.0}, ""gpu_band_avg"": {""mean"": 0.0, ""max"": 0.0}, ""gpu_band_min"": {""mean"": 0.0, ""max"": 0.0}, ""gpu_band_max"": {""mean"": 0.0, ""max"": 0.0}, ""gpu_band_0"": {""mean"": 0.0, ""max"": 0.0}, ""gpu_mem_avg"": {""mean"": 0.0, ""max"": 0.0}, ""gpu_mem_min"": {""mean"": 0.0, ""max"": 0.0}, ""gpu_mem_max"": {""mean"": 0.0, ""max"": 0.0}, ""gpu_mem_0"": {""mean"": 0.0, ""max"": 0.0}}","{""total"": {""kind"": ""scalar"", ""value"": 1999999000000.0}}",,
fast_rewrite,vectorized,full,full,False,6,0,ok,0.000727,0.015189,,2.5564,2.5658,,{},"{""total"": {""kind"": ""scalar"", ""value"": 1999999000000.0}}",,
fast_rewrite,vectorized,fork,fork,False,6,1,ok,0.001327,0.0,,0.1317,0.1455,,{},"{""total"": {""kind"": ""scalar"", ""value"": 1999999000000.0}}",,
fast_rewrite,vectorized,dill,dill,False,6,2,ok,0.000903,0.0,0.0101,2.6121,2.6219,,{},"{""total"": {""kind"": ""scalar"", ""value"": 1999999000000.0}}",,
fast_rewrite,loop,fork,fork,False,7,0,ok,0.277906,0.0,,0.41,0.4257,,"{""cpu_util_avg"": {""mean"": 9.722968833333333, ""max"": 11.662816}, ""cpu_util_min"": {""mean"": 9.722968833333333, ""max"": 11.662816}, ""cpu_util_max"": {""mean"": 9.722968833333333, ""max"": 11.662816}, ""cpu_util_0"": {""mean"": 9.722968833333333, ""max"": 11.662816}, ""cpu_util_1"": {""mean"": 9.722968833333333, ""max"": 11.662816}, ""cpu_util_2"": {""mean"": 9.722968833333333, ""max"": 11.662816}, ""cpu_util_3"": {""mean"": 9.722968833333333, ""max"": 11.662816}, ""cpu_util_4"": {""mean"": 9.722968833333333, ""max"": 11.662816}, ""cpu_util_5"": {""mean"": 9.722968833333333, ""max"": 11.662816}, ""cpu_util_6"": {""mean"": 9.722968833333333, ""max"": 11.662816}, ""cpu_util_7"": {""mean"": 9.722968833333333, ""max"": 11.662816}, ""cpu_util_8"": {""mean"": 9.722968833333333, ""max"": 11.662816}, ""cpu_util_9"": {""mean"": 9.722968833333333, ""max"": 11.662816}, ""cpu_util_10"": {""mean"": 9.722968833333333, ""max"": 11.662816}, ""cpu_util_11"": {""mean"": 9.722968833333333, ""max"": 11.662816}, ""memory"": {""mean"": 0.5199778333333335, ""max"": 0.520039}, ""io_read_count"": {""mean"": 10700.743912, ""max"": 10708.096177}, ""io_write_count"": {""mean"": 20.001390333333333, ""max"": 20.015133}, ""io_read"": {""mean"": 0.0, ""max"": 0.0}, ""io_write"": {""mean"": 0.0, ""max"": 0.0}, ""gpu_util_avg"": {""mean"": 0.0, ""max"": 0.0}, ""gpu_util_min"": {""mean"": 0.0, ""max"": 0.0}, ""gpu_util_max"": {""mean"": 0.0, ""max"": 0.0}, ""gpu_util_0"": {""mean"": 0.0, ""max"": 0.0}, ""gpu_band_avg"": {""mean"": 0.0, ""max"": 0.0}, ""gpu_band_min"": {""mean"": 0.0, ""max"": 0.0}, ""gpu_band_max"": {""mean"": 0.0, ""max"": 0.0}, ""gpu_band_0"": {""mean"": 0.0, ""max"": 0.0}, ""gpu_mem_avg"": {""mean"": 0.0, ""max"": 0.0}, ""gpu_mem_min"": {""mean"": 0.0, ""max"": 0.0}, ""gpu_mem_max"": {""mean"": 0.0, ""max"": 0.0}, ""gpu_mem_0"": {""mean"": 0.0, ""max"": 0.0}}","{""total"": {""kind"": ""scalar"", ""value"": 1999999000000.0}}",,
fast_rewrite,loop,dill,dill,False,7,1,ok,0.217165,0.0,0.01,2.7463,2.7627,,"{""cpu_util_avg"": {""mean"": 9.5804425, ""max"": 10.004055}, ""cpu_util_min"": {""mean"": 9.5804425, ""max"": 10.004055}, ""cpu_util_max"": {""mean"": 9.5804425, ""max"": 10.004055}, ""cpu_util_0"": {""mean"": 9.5804425, ""max"": 10.004055}, ""cpu_util_1"": {""mean"": 9.5804425, ""max"": 10.004055}, ""cpu_util_2"": {""mean"": 9.5804425, ""max"": 10.004055}, ""cpu_util_3"": {""mean"": 9.5804425, ""max"": 10.004055}, ""cpu_util_4"": {""mean"": 9.5804425, ""max"": 10.004055}, ""cpu_util_5"": {""mean"": 9.5804425, ""max"": 10.004055}, ""cpu_util_6"": {""mean"": 9.5804425, ""max"": 10.004055}, ""cpu_util_7"": {""mean"": 9.5804425, ""max"": 10.004055}, ""cpu_util_8"": {""mean"": 9.5804425, ""max"": 10.004055}, ""cpu_util_9"": {""mean"": 9.5804425, ""max"": 10.004055}, ""cpu_util_10"": {""mean"": 9.5804425, ""max"": 10.004055}, ""cpu_util_11"": {""mean"": 9.5804425, ""max"": 10.004055}, ""memory"": {""mean"": 0.22608575, ""max"": 0.226391}, ""io_read_count"": {""mean"": 7981.24253325, ""max"": 10644.314992}, ""io_write_count"": {""mean"": 15.00233575, ""max"": 20.008111}, ""io_read"": {""mean"": 0.0, ""max"": 0.0}, ""io_write"": {""mean"": 0.0, ""max"": 0.0}, ""gpu_util_avg"": {""mean"": 0.0, ""max"": 0.0}, ""gpu_util_min"": {""mean"": 0.0, ""max"": 0.0}, ""gpu_util_max"": {""mean"": 0.0, ""max"": 0.0}, ""gpu_util_0"": {""mean"": 0.0, ""max"": 0.0}, ""gpu_band_avg"": {""mean"": 0.0, ""max"": 0.0}, ""gpu_band_min"": {""mean"": 0.0, ""max"": 0.0}, ""gpu_band_max"": {""mean"": 0.0, ""max"": 0.0}, ""gpu_band_0"": {""mean"": 0.0, ""max"": 0.0}, ""gpu_mem_avg"": {""mean"": 0.0, ""max"": 0.0}, ""gpu_mem_min"": {""mean"": 0.0, ""max"": 0.0}, ""gpu_mem_max"": {""mean"": 0.0, ""max"": 0.0}, ""gpu_mem_0"": {""mean"": 0.0, ""max"": 0.0}}","{""total"": {""kind"": ""scalar"", ""value"": 1999999000000.0}}",,
fast_rewrite,loop,full,full,False,7,2,ok,0.228176,0.014382,,2.6996,2.7169,,"{""cpu_util_avg"": {""mean"": 8.746358, ""max"": 9.991077}, ""cpu_util_min"": {""mean"": 8.746358, ""max"": 9.991077}, ""cpu_util_max"": {""mean"": 8.746358, ""max"": 9.991077}, ""cpu_util_0"": {""mean"": 8.746358, ""max"": 9.991077}, ""cpu_util_1"": {""mean"": 8.746358, ""max"": 9.991077}, ""cpu_util_2"": {""mean"": 8.746358, ""max"": 9.991077}, ""cpu_util_3"": {""mean"": 8.746358, ""max"": 9.991077}, ""cpu_util_4"": {""mean"": 8.746358, ""max"": 9.991077}, ""cpu_util_5"": {""mean"": 8.746358, ""max"": 9.991077}, ""cpu_util_6"": {""mean"": 8.746358, ""max"": 9.991077}, ""cpu_util_7"": {""mean"": 8.746358, ""max"": 9.991077}, ""cpu_util_8"": {""mean"": 8.746358, ""max"": 9.991077}, ""cpu_util_9"": {""mean"": 8.746358, ""max"": 9.991077}, ""cpu_util_10"": {""mean"": 8.746358, ""max"": 9.991077}, ""cpu_util_11"": {""mean"": 8.746358, ""max"": 9.991077}, ""memory"": {""mean"": 0.22595200000000001, ""max"": 0.226257}, ""io_read_count"": {""mean"": 7978.19791325, ""max"": 10650.060899}, ""io_write_count"": {""mean"": 14.996612499999998, ""max"": 20.018911}, ""io_read"": {""mean"": 0.0, ""max"": 0.0}, ""io_write"": {""mean"": 0.0, ""max"": 0.0}, ""gpu_util_avg"": {""mean"": 0.0, ""max"": 0.0}, ""gpu_util_min"": {""mean"": 0.0, ""max"": 0.0}, ""gpu_util_max"": {""mean"": 0.0, ""max"": 0.0}, ""gpu_util_0"": {""mean"": 0.0, ""max"": 0.0}, ""gpu_band_avg"": {""mean"": 0.0, ""max"": 0.0}, ""gpu_band_min"": {""mean"": 0.0, ""max"": 0.0}, ""gpu_band_max"": {""mean"": 0.0, ""max"": 0.0}, ""gpu_band_0"": {""mean"": 0.0, ""max"": 0.0}, ""gpu_mem_avg"": {""mean"": 0.0, ""max"": 0.0}, ""gpu_mem_min"": {""mean"": 0.0, ""max"": 0.0}, ""gpu_mem_max"": {""mean"": 0.0, ""max"": 0.0}, ""gpu_mem_0"": {""mean"": 0.0, ""max"": 0.0}}","{""total"": {""kind"": ""scalar"", ""value"": 1999999000000.0}}",,
fast_rewrite,vectorized,fork,fork,False,7,0,ok,0.001328,0.0,,0.1314,0.1444,,{},"{""total"": {""kind"": ""scalar"", ""value"": 1999999000000.0}}",,
fast_rewrite,vectorized,dill,dill,False,7,1,ok,0.000818,0.0,0.01,2.5813,2.5908,,{},"{""total"": {""kind"": ""scalar"", ""value"": 1999999000000.0}}",,
fast_rewrite,vectorized,full,full,False,7,2,ok,0.000686,0.014669,,2.4836,2.4932,,{},"{""total"": {""kind"": ""scalar"", ""value"": 1999999000000.0}}",,
fast_rewrite,loop,dill,dill,False,8,0,ok,0.206139,0.0,0.0106,2.7074,2.7232,,"{""cpu_util_avg"": {""mean"": 9.58188375, ""max"": 10.00809}, ""cpu_util_min"": {""mean"": 9.58188375, ""max"": 10.00809}, ""cpu_util_max"": {""mean"": 9.58188375, ""max"": 10.00809}, ""cpu_util_0"": {""mean"": 9.58188375, ""max"": 10.00809}, ""cpu_util_1"": {""mean"": 9.58188375, ""max"": 10.00809}, ""cpu_util_2"": {""mean"": 9.58188375, ""max"": 10.00809}, ""cpu_util_3"": {""mean"": 9.58188375, ""max"": 10.00809}, ""cpu_util_4"": {""mean"": 9.58188375, ""max"": 10.00809}, ""cpu_util_5"": {""mean"": 9.58188375, ""max"": 10.00809}, ""cpu_util_6"": {""mean"": 9.58188375, ""max"": 10.00809}, ""cpu_util_7"": {""mean"": 9.58188375, ""max"": 10.00809}, ""cpu_util_8"": {""mean"": 9.58188375, ""max"": 10.00809}, ""cpu_util_9"": {""mean"": 9.58188375, ""max"": 10.00809}, ""cpu_util_10"": {""mean"": 9.58188375, ""max"": 10.00809}, ""cpu_util_11"": {""mean"": 9.58188375, ""max"": 10.00809}, ""memory"": {""mean"": 0.2263145, ""max"": 0.22665}, ""io_read_count"": {""mean"": 7982.1498935, ""max"": 10648.608122}, ""io_write_count"": {""mean"": 15.00404125, ""max"": 20.016181}, ""io_read"": {""mean"": 0.0, ""max"": 0.0}, ""io_write"": {""mean"": 0.0, ""max"": 0.0}, ""gpu_util_avg"": {""mean"": 0.0, ""max"": 0.0}, ""gpu_util_min"": {""mean"": 0.0, ""max"": 0.0}, ""gpu_util_max"": {""mean"": 0.0, ""max"": 0.0}, ""gpu_util_0"": {""mean"": 0.0, ""max"": 0.0}, ""gpu_band_avg"": {""mean"": 0.0, ""max"": 0.0}, ""gpu_band_min"": {""mean"": 0.0, ""max"": 0.0}, ""gpu_band_max"": {""mean"": 0.0, ""max"": 0.0}, ""gpu_band_0"": {""mean"": 0.0, ""max"": 0.0}, ""gpu_mem_avg"": {""mean"": 0.0, ""max"": 0.0}, ""gpu_mem_min"": {""mean"": 0.0, ""max"": 0.0}, ""gpu_mem_max"": {""mean"": 0.0, ""max"": 0.0}, ""gpu_mem_0"": {""mean"": 0.0, ""max"": 0.0}}","{""total"": {""kind"": ""scalar"", ""value"": 1999999000000.0}}",,
fast_rewrite,loop,full,full,False,8,1,ok,0.22087,0.01542,,2.7901,2.8061,,"{""cpu_util_avg"": {""mean"": 9.16234275, ""max"": 9.995845}, ""cpu_util_min"": {""mean"": 9.16234275, ""max"": 9.995845}, ""cpu_util_max"": {""mean"": 9.16234275, ""max"": 9.995845}, ""cpu_util_0"": {""mean"": 9.16234275, ""max"": 9.995845}, ""cpu_util_1"": {""mean"": 9.16234275, ""max"": 9.995845}, ""cpu_util_2"": {""mean"": 9.16234275, ""max"": 9.995845}, ""cpu_util_3"": {""mean"": 9.16234275, ""max"": 9.995845}, ""cpu_util_4"": {""mean"": 9.16234275, ""max"": 9.995845}, ""cpu_util_5"": {""mean"": 9.16234275, ""max"": 9.995845}, ""cpu_util_6"": {""mean"": 9.16234275, ""max"": 9.995845}, ""cpu_util_7"": {""mean"": 9.16234275, ""max"": 9.995845}, ""cpu_util_8"": {""mean"": 9.16234275, ""max"": 9.995845}, ""cpu_util_9"": {""mean"": 9.16234275, ""max"": 9.995845}, ""cpu_util_10"": {""mean"": 9.16234275, ""max"": 9.995845}, ""cpu_util_11"": {""mean"": 9.16234275, ""max"": 9.995845}, ""memory"": {""mean"": 0.2262, ""max"": 0.226505}, ""io_read_count"": {""mean"": 7979.1089775, ""max"": 10650.559604}, ""io_write_count"": {""mean"": 14.99832525, ""max"": 20.019849}, ""io_read"": {""mean"": 0.0, ""max"": 0.0}, ""io_write"": {""mean"": 0.0, ""max"": 0.0}, ""gpu_util_avg"": {""mean"": 0.0, ""max"": 0.0}, ""gpu_util_min"": {""mean"": 0.0, ""max"": 0.0}, ""gpu_util_max"": {""mean"": 0.0, ""max"": 0.0}, ""gpu_util_0"": {""mean"": 0.0, ""max"": 0.0}, ""gpu_band_avg"": {""mean"": 0.0, ""max"": 0.0}, ""gpu_band_min"": {""mean"": 0.0, ""max"": 0.0}, ""gpu_band_max"": {""mean"": 0.0, ""max"": 0.0}, ""gpu_band_0"": {""mean"": 0.0, ""max"": 0.0}, ""gpu_mem_avg"": {""mean"": 0.0, ""max"": 0.0}, ""gpu_mem_min"": {""mean"": 0.0, ""max"": 0.0}, ""gpu_mem_max"": {""mean"": 0.0, ""max"": 0.0}, ""gpu_mem_0"": {""mean"": 0.0, ""max"": 0.0}}","{""total"": {""kind"": ""scalar"", ""value"": 1999999000000.0}}",,
fast_rewrite,loop,fork,fork,False,8,2,ok,0.256984,0.0,,0.3886,0.404,,"{""cpu_util_avg"": {""mean"": 9.332728, ""max"": 11.674097}, ""cpu_util_min"": {""mean"": 9.332728, ""max"": 11.674097}, ""cpu_util_max"": {""mean"": 9.332728, ""max"": 11.674097}, ""cpu_util_0"": {""mean"": 9.332728, ""max"": 11.674097}, ""cpu_util_1"": {""mean"": 9.332728, ""max"": 11.674097}, ""cpu_util_2"": {""mean"": 9.332728, ""max"": 11.674097}, ""cpu_util_3"": {""mean"": 9.332728, ""max"": 11.674097}, ""cpu_util_4"": {""mean"": 9.332728, ""max"": 11.674097}, ""cpu_util_5"": {""mean"": 9.332728, ""max"": 11.674097}, ""cpu_util_6"": {""mean"": 9.332728, ""max"": 11.674097}, ""cpu_util_7"": {""mean"": 9.332728, ""max"": 11.674097}, ""cpu_util_8"": {""mean"": 9.332728, ""max"": 11.674097}, ""cpu_util_9"": {""mean"": 9.332728, ""max"": 11.674097}, ""cpu_util_10"": {""mean"": 9.332728, ""max"": 11.674097}, ""cpu_util_11"": {""mean"": 9.332728, ""max"": 11.674097}, ""memory"": {""mean"": 0.5200875999999999, ""max"": 0.520161}, ""io_read_count"": {""mean"": 10698.3202502, ""max"": 10708.935536}, ""io_write_count"": {""mean"": 19.9968604, ""max"": 20.016702}, ""io_read"": {""mean"": 0.0, ""max"": 0.0}, ""io_write"": {""mean"": 0.0, ""max"": 0.0}, ""gpu_util_avg"": {""mean"": 0.0, ""max"": 0.0}, ""gpu_util_min"": {""mean"": 0.0, ""max"": 0.0}, ""gpu_util_max"": {""mean"": 0.0, ""max"": 0.0}, ""gpu_util_0"": {""mean"": 0.0, ""max"": 0.0}, ""gpu_band_avg"": {""mean"": 0.0, ""max"": 0.0}, ""gpu_band_min"": {""mean"": 0.0, ""max"": 0.0}, ""gpu_band_max"": {""mean"": 0.0, ""max"": 0.0}, ""gpu_band_0"": {""mean"": 0.0, ""max"": 0.0}, ""gpu_mem_avg"": {""mean"": 0.0, ""max"": 0.0}, ""gpu_mem_min"": {""mean"": 0.0, ""max"": 0.0}, ""gpu_mem_max"": {""mean"": 0.0, ""max"": 0.0}, ""gpu_mem_0"": {""mean"": 0.0, ""max"": 0.0}}","{""total"": {""kind"": ""scalar"", ""value"": 1999999000000.0}}",,
fast_rewrite,vectorized,dill,dill,False,8,0,ok,0.000992,0.0,0.0096,2.5516,2.5602,,{},"{""total"": {""kind"": ""scalar"", ""value"": 1999999000000.0}}",,
fast_rewrite,vectorized,full,full,False,8,1,ok,0.000696,0.014528,,2.4666,2.4755,,{},"{""total"": {""kind"": ""scalar"", ""value"": 1999999000000.0}}",,
fast_rewrite,vectorized,fork,fork,False,8,2,ok,0.001793,0.0,,0.1326,0.147,,{},"{""total"": {""kind"": ""scalar"", ""value"": 1999999000000.0}}",,
fast_rewrite,loop,full,full,False,9,0,ok,0.219692,0.015496,,2.8899,2.9068,,"{""cpu_util_avg"": {""mean"": 8.746093000000002, ""max"": 9.98562}, ""cpu_util_min"": {""mean"": 8.746093000000002, ""max"": 9.98562}, ""cpu_util_max"": {""mean"": 8.746093000000002, ""max"": 9.98562}, ""cpu_util_0"": {""mean"": 8.746093000000002, ""max"": 9.98562}, ""cpu_util_1"": {""mean"": 8.746093000000002, ""max"": 9.98562}, ""cpu_util_2"": {""mean"": 8.746093000000002, ""max"": 9.98562}, ""cpu_util_3"": {""mean"": 8.746093000000002, ""max"": 9.98562}, ""cpu_util_4"": {""mean"": 8.746093000000002, ""max"": 9.98562}, ""cpu_util_5"": {""mean"": 8.746093000000002, ""max"": 9.98562}, ""cpu_util_6"": {""mean"": 8.746093000000002, ""max"": 9.98562}, ""cpu_util_7"": {""mean"": 8.746093000000002, ""max"": 9.98562}, ""cpu_util_8"": {""mean"": 8.746093000000002, ""max"": 9.98562}, ""cpu_util_9"": {""mean"": 8.746093000000002, ""max"": 9.98562}, ""cpu_util_10"": {""mean"": 8.746093000000002, ""max"": 9.98562}, ""cpu_util_11"": {""mean"": 8.746093000000002, ""max"": 9.98562}, ""memory"": {""mean"": 0.22556325, ""max"": 0.225899}, ""io_read_count"": {""mean"": 7979.60128325, ""max"": 10651.183743}, ""io_write_count"": {""mean"": 14.999250499999999, ""max"": 20.021022}, ""io_read"": {""mean"": 0.0, ""max"": 0.0}, ""io_write"": {""mean"": 0.0, ""max"": 0.0}, ""gpu_util_avg"": {""mean"": 0.0, ""max"": 0.0}, ""gpu_util_min"": {""mean"": 0.0, ""max"": 0.0}, ""gpu_util_max"": {""mean"": 0.0, ""max"": 0.0}, ""gpu_util_0"": {""mean"": 0.0, ""max"": 0.0}, ""gpu_band_avg"": {""mean"": 0.0, ""max"": 0.0}, ""gpu_band_min"": {""mean"": 0.0, ""max"": 0.0}, ""gpu_band_max"": {""mean"": 0.0, ""max"": 0.0}, ""gpu_band_0"": {""mean"": 0.0, ""max"": 0.0}, ""gpu_mem_avg"": {""mean"": 0.0, ""max"": 0.0}, ""gpu_mem_min"": {""mean"": 0.0, ""max"": 0.0}, ""gpu_mem_max"": {""mean"": 0.0, ""max"": 0.0}, ""gpu_mem_0"": {""mean"": 0.0, ""max"": 0.0}}","{""total"": {""kind"": ""scalar"", ""value"": 1999999000000.0}}",,
fast_rewrite,loop,fork,fork,False,9,1,ok,0.30416,0.0,,0.4486,0.4706,,"{""cpu_util_avg"": {""mean"": 9.444364333333333, ""max"": 11.666086}, ""cpu_util_min"": {""mean"": 9.444364333333333, ""max"": 11.666086}, ""cpu_util_max"": {""mean"": 9.444364333333333, ""max"": 11.666086}, ""cpu_util_0"": {""mean"": 9.444364333333333, ""max"": 11.666086}, ""cpu_util_1"": {""mean"": 9.444364333333333, ""max"": 11.666086}, ""cpu_util_2"": {""mean"": 9.444364333333333, ""max"": 11.666086}, ""cpu_util_3"": {""mean"": 9.444364333333333, ""max"": 11.666086}, ""cpu_util_4"": {""mean"": 9.444364333333333, ""max"": 11.666086}, ""cpu_util_5"": {""mean"": 9.444364333333333, ""max"": 11.666086}, ""cpu_util_6"": {""mean"": 9.444364333333333, ""max"": 11.666086}, ""cpu_util_7"": {""mean"": 9.444364333333333, ""max"": 11.666086}, ""cpu_util_8"": {""mean"": 9.444364333333333, ""max"": 11.666086}, ""cpu_util_9"": {""mean"": 9.444364333333333, ""max"": 11.666086}, ""cpu_util_10"": {""mean"": 9.444364333333333, ""max"": 11.666086}, ""cpu_util_11"": {""mean"": 9.444364333333333, ""max"": 11.666086}, ""memory"": {""mean"": 0.5202220000000001, ""max"": 0.520283}, ""io_read_count"": {""mean"": 10700.202701666667, ""max"": 10706.82003}, ""io_write_count"": {""mean"": 20.000379, ""max"": 20.012748}, ""io_read"": {""mean"": 0.0, ""max"": 0.0}, ""io_write"": {""mean"": 0.0, ""max"": 0.0}, ""gpu_util_avg"": {""mean"": 0.0, ""max"": 0.0}, ""gpu_util_min"": {""mean"": 0.0, ""max"": 0.0}, ""gpu_util_max"": {""mean"": 0.0, ""max"": 0.0}, ""gpu_util_0"": {""mean"": 0.0, ""max"": 0.0}, ""gpu_band_avg"": {""mean"": 0.0, ""max"": 0.0}, ""gpu_band_min"": {""mean"": 0.0, ""max"": 0.0}, ""gpu_band_max"": {""mean"": 0.0, ""max"": 0.0}, ""gpu_band_0"": {""mean"": 0.0, ""max"": 0.0}, ""gpu_mem_avg"": {""mean"": 0.0, ""max"": 0.0}, ""gpu_mem_min"": {""mean"": 0.0, ""max"": 0.0}, ""gpu_mem_max"": {""mean"": 0.0, ""max"": 0.0}, ""gpu_mem_0"": {""mean"": 0.0, ""max"": 0.0}}","{""total"": {""kind"": ""scalar"", ""value"": 1999999000000.0}}",,
fast_rewrite,loop,dill,dill,False,9,2,ok,0.21984,0.0,0.0165,2.8847,2.9034,,"{""cpu_util_avg"": {""mean"": 9.57922025, ""max"": 10.008999}, ""cpu_util_min"": {""mean"": 9.57922025, ""max"": 10.008999}, ""cpu_util_max"": {""mean"": 9.57922025, ""max"": 10.008999}, ""cpu_util_0"": {""mean"": 9.57922025, ""max"": 10.008999}, ""cpu_util_1"": {""mean"": 9.57922025, ""max"": 10.008999}, ""cpu_util_2"": {""mean"": 9.57922025, ""max"": 10.008999}, ""cpu_util_3"": {""mean"": 9.57922025, ""max"": 10.008999}, ""cpu_util_4"": {""mean"": 9.57922025, ""max"": 10.008999}, ""cpu_util_5"": {""mean"": 9.57922025, ""max"": 10.008999}, ""cpu_util_6"": {""mean"": 9.57922025, ""max"": 10.008999}, ""cpu_util_7"": {""mean"": 9.57922025, ""max"": 10.008999}, ""cpu_util_8"": {""mean"": 9.57922025, ""max"": 10.008999}, ""cpu_util_9"": {""mean"": 9.57922025, ""max"": 10.008999}, ""cpu_util_10"": {""mean"": 9.57922025, ""max"": 10.008999}, ""cpu_util_11"": {""mean"": 9.57922025, ""max"": 10.008999}, ""memory"": {""mean"": 0.22585675, ""max"": 0.226162}, ""io_read_count"": {""mean"": 7977.116417499999, ""max"": 10649.575033}, ""io_write_count"": {""mean"": 14.99457975, ""max"": 20.017998}, ""io_read"": {""mean"": 0.0, ""max"": 0.0}, ""io_write"": {""mean"": 0.0, ""max"": 0.0}, ""gpu_util_avg"": {""mean"": 0.0, ""max"": 0.0}, ""gpu_util_min"": {""mean"": 0.0, ""max"": 0.0}, ""gpu_util_max"": {""mean"": 0.0, ""max"": 0.0}, ""gpu_util_0"": {""mean"": 0.0, ""max"": 0.0}, ""gpu_band_avg"": {""mean"": 0.0, ""max"": 0.0}, ""gpu_band_min"": {""mean"": 0.0, ""max"": 0.0}, ""gpu_band_max"": {""mean"": 0.0, ""max"": 0.0}, ""gpu_band_0"": {""mean"": 0.0, ""max"": 0.0}, ""gpu_mem_avg"": {""mean"": 0.0, ""max"": 0.0}, ""gpu_mem_min"": {""mean"": 0.0, ""max"": 0.0}, ""gpu_mem_max"": {""mean"": 0.0, ""max"": 0.0}, ""gpu_mem_0"": {""mean"": 0.0, ""max"": 0.0}}","{""total"": {""kind"": ""scalar"", ""value"": 1999999000000.0}}",,
fast_rewrite,vectorized,full,full,False,9,0,ok,0.000713,0.014659,,2.6752,2.6848,,{},"{""total"": {""kind"": ""scalar"", ""value"": 1999999000000.0}}",,
fast_rewrite,vectorized,fork,fork,False,9,1,ok,0.00145,0.0,,0.1309,0.1443,,{},"{""total"": {""kind"": ""scalar"", ""value"": 1999999000000.0}}",,
fast_rewrite,vectorized,dill,dill,False,9,2,ok,0.000828,0.0,0.0103,2.5704,2.58,,{},"{""total"": {""kind"": ""scalar"", ""value"": 1999999000000.0}}",,
fast_rewrite,loop,fork,fork,False,10,0,ok,0.254898,0.0,,0.3854,0.4014,,"{""cpu_util_avg"": {""mean"": 8.665524, ""max"": 10.01208}, ""cpu_util_min"": {""mean"": 8.665524, ""max"": 10.01208}, ""cpu_util_max"": {""mean"": 8.665524, ""max"": 10.01208}, ""cpu_util_0"": {""mean"": 8.665524, ""max"": 10.01208}, ""cpu_util_1"": {""mean"": 8.665524, ""max"": 10.01208}, ""cpu_util_2"": {""mean"": 8.665524, ""max"": 10.01208}, ""cpu_util_3"": {""mean"": 8.665524, ""max"": 10.01208}, ""cpu_util_4"": {""mean"": 8.665524, ""max"": 10.01208}, ""cpu_util_5"": {""mean"": 8.665524, ""max"": 10.01208}, ""cpu_util_6"": {""mean"": 8.665524, ""max"": 10.01208}, ""cpu_util_7"": {""mean"": 8.665524, ""max"": 10.01208}, ""cpu_util_8"": {""mean"": 8.665524, ""max"": 10.01208}, ""cpu_util_9"": {""mean"": 8.665524, ""max"": 10.01208}, ""cpu_util_10"": {""mean"": 8.665524, ""max"": 10.01208}, ""cpu_util_11"": {""mean"": 8.665524, ""max"": 10.01208}, ""memory"": {""mean"": 0.5204538, ""max"": 0.520527}, ""io_read_count"": {""mean"": 10698.252478999999, ""max"": 10712.926002}, ""io_write_count"": {""mean"": 19.996733799999998, ""max"": 20.024161}, ""io_read"": {""mean"": 0.0, ""max"": 0.0}, ""io_write"": {""mean"": 0.0, ""max"": 0.0}, ""gpu_util_avg"": {""mean"": 0.0, ""max"": 0.0}, ""gpu_util_min"": {""mean"": 0.0, ""max"": 0.0}, ""gpu_util_max"": {""mean"": 0.0, ""max"": 0.0}, ""gpu_util_0"": {""mean"": 0.0, ""max"": 0.0}, ""gpu_band_avg"": {""mean"": 0.0, ""max"": 0.0}, ""gpu_band_min"": {""mean"": 0.0, ""max"": 0.0}, ""gpu_band_max"": {""mean"": 0.0, ""max"": 0.0}, ""gpu_band_0"": {""mean"": 0.0, ""max"": 0.0}, ""gpu_mem_avg"": {""mean"": 0.0, ""max"": 0.0}, ""gpu_mem_min"": {""mean"": 0.0, ""max"": 0.0}, ""gpu_mem_max"": {""mean"": 0.0, ""max"": 0.0}, ""gpu_mem_0"": {""mean"": 0.0, ""max"": 0.0}}","{""total"": {""kind"": ""scalar"", ""value"": 1999999000000.0}}",,
fast_rewrite,loop,dill,dill,False,10,1,ok,0.214262,0.0,0.0101,2.7232,2.7396,,"{""cpu_util_avg"": {""mean"": 9.16308175, ""max"": 10.001184}, ""cpu_util_min"": {""mean"": 9.16308175, ""max"": 10.001184}, ""cpu_util_max"": {""mean"": 9.16308175, ""max"": 10.001184}, ""cpu_util_0"": {""mean"": 9.16308175, ""max"": 10.001184}, ""cpu_util_1"": {""mean"": 9.16308175, ""max"": 10.001184}, ""cpu_util_2"": {""mean"": 9.16308175, ""max"": 10.001184}, ""cpu_util_3"": {""mean"": 9.16308175, ""max"": 10.001184}, ""cpu_util_4"": {""mean"": 9.16308175, ""max"": 10.001184}, ""cpu_util_5"": {""mean"": 9.16308175, ""max"": 10.001184}, ""cpu_util_6"": {""mean"": 9.16308175, ""max"": 10.001184}, ""cpu_util_7"": {""mean"": 9.16308175, ""max"": 10.001184}, ""cpu_util_8"": {""mean"": 9.16308175, ""max"": 10.001184}, ""cpu_util_9"": {""mean"": 9.16308175, ""max"": 10.001184}, ""cpu_util_10"": {""mean"": 9.16308175, ""max"": 10.001184}, ""cpu_util_11"": {""mean"": 9.16308175, ""max"": 10.001184}, ""memory"": {""mean"": 0.22586075, ""max"": 0.226166}, ""io_read_count"": {""mean"": 7980.150637749999, ""max"": 10651.649496}, ""io_write_count"": {""mean"": 15.000283249999999, ""max"": 20.021898}, ""io_read"": {""mean"": 0.0, ""max"": 0.0}, ""io_write"": {""mean"": 0.0, ""max"": 0.0}, ""gpu_util_avg"": {""mean"": 0.0, ""max"": 0.0}, ""gpu_util_min"": {""mean"": 0.0, ""max"": 0.0}, ""gpu_util_max"": {""mean"": 0.0, ""max"": 0.0}, ""gpu_util_0"": {""mean"": 0.0, ""max"": 0.0}, ""gpu_band_avg"": {""mean"": 0.0, ""max"": 0.0}, ""gpu_band_min"": {""mean"": 0.0, ""max"": 0.0}, ""gpu_band_max"": {""mean"": 0.0, ""max"": 0.0}, ""gpu_band_0"": {""mean"": 0.0, ""max"": 0.0}, ""gpu_mem_avg"": {""mean"": 0.0, ""max"": 0.0}, ""gpu_mem_min"": {""mean"": 0.0, ""max"": 0.0}, ""gpu_mem_max"": {""mean"": 0.0, ""max"": 0.0}, ""gpu_mem_0"": {""mean"": 0.0, ""max"": 0.0}}","{""total"": {""kind"": ""scalar"", ""value"": 1999999000000.0}}",,
fast_rewrite,loop,full,full,False,10,2,ok,0.218969,0.015303,,2.7416,2.7587,,"{""cpu_util_avg"": {""mean"": 9.166623, ""max"": 10.012983}, ""cpu_util_min"": {""mean"": 9.166623, ""max"": 10.012983}, ""cpu_util_max"": {""mean"": 9.166623, ""max"": 10.012983}, ""cpu_util_0"": {""mean"": 9.166623, ""max"": 10.012983}, ""cpu_util_1"": {""mean"": 9.166623, ""max"": 10.012983}, ""cpu_util_2"": {""mean"": 9.166623, ""max"": 10.012983}, ""cpu_util_3"": {""mean"": 9.166623, ""max"": 10.012983}, ""cpu_util_4"": {""mean"": 9.166623, ""max"": 10.012983}, ""cpu_util_5"": {""mean"": 9.166623, ""max"": 10.012983}, ""cpu_util_6"": {""mean"": 9.166623, ""max"": 10.012983}, ""cpu_util_7"": {""mean"": 9.166623, ""max"": 10.012983}, ""cpu_util_8"": {""mean"": 9.166623, ""max"": 10.012983}, ""cpu_util_9"": {""mean"": 9.166623, ""max"": 10.012983}, ""cpu_util_10"": {""mean"": 9.166623, ""max"": 10.012983}, ""cpu_util_11"": {""mean"": 9.166623, ""max"": 10.012983}, ""memory"": {""mean"": 0.22566625, ""max"": 0.226002}, ""io_read_count"": {""mean"": 7980.26998175, ""max"": 10653.813521}, ""io_write_count"": {""mean"": 15.00050725, ""max"": 20.025965}, ""io_read"": {""mean"": 0.0, ""max"": 0.0}, ""io_write"": {""mean"": 0.0, ""max"": 0.0}, ""gpu_util_avg"": {""mean"": 0.0, ""max"": 0.0}, ""gpu_util_min"": {""mean"": 0.0, ""max"": 0.0}, ""gpu_util_max"": {""mean"": 0.0, ""max"": 0.0}, ""gpu_util_0"": {""mean"": 0.0, ""max"": 0.0}, ""gpu_band_avg"": {""mean"": 0.0, ""max"": 0.0}, ""gpu_band_min"": {""mean"": 0.0, ""max"": 0.0}, ""gpu_band_max"": {""mean"": 0.0, ""max"": 0.0}, ""gpu_band_0"": {""mean"": 0.0, ""max"": 0.0}, ""gpu_mem_avg"": {""mean"": 0.0, ""max"": 0.0}, ""gpu_mem_min"": {""mean"": 0.0, ""max"": 0.0}, ""gpu_mem_max"": {""mean"": 0.0, ""max"": 0.0}, ""gpu_mem_0"": {""mean"": 0.0, ""max"": 0.0}}","{""total"": {""kind"": ""scalar"", ""value"": 1999999000000.0}}",,
fast_rewrite,vectorized,fork,fork,False,10,0,ok,0.001406,0.0,,0.136,0.1531,,{},"{""total"": {""kind"": ""scalar"", ""value"": 1999999000000.0}}",,
fast_rewrite,vectorized,dill,dill,False,10,1,ok,0.00089,0.0,0.0163,2.5439,2.5541,,{},"{""total"": {""kind"": ""scalar"", ""value"": 1999999000000.0}}",,
fast_rewrite,vectorized,full,full,False,10,2,ok,0.000749,0.015317,,3.0995,3.11,,{},"{""total"": {""kind"": ""scalar"", ""value"": 1999999000000.0}}",,
thread_pool,matmul,full,full,False,0,0,ok,0.04127,1.45817,,4.4803,4.4969,,"{""cpu_util_avg"": {""mean"": 43.312583, ""max"": 43.312583}, ""cpu_util_min"": {""mean"": 43.312583, ""max"": 43.312583}, ""cpu_util_max"": {""mean"": 43.312583, ""max"": 43.312583}, ""cpu_util_0"": {""mean"": 43.312583, ""max"": 43.312583}, ""cpu_util_1"": {""mean"": 43.312583, ""max"": 43.312583}, ""cpu_util_2"": {""mean"": 43.312583, ""max"": 43.312583}, ""cpu_util_3"": {""mean"": 43.312583, ""max"": 43.312583}, ""cpu_util_4"": {""mean"": 43.312583, ""max"": 43.312583}, ""cpu_util_5"": {""mean"": 43.312583, ""max"": 43.312583}, ""cpu_util_6"": {""mean"": 43.312583, ""max"": 43.312583}, ""cpu_util_7"": {""mean"": 43.312583, ""max"": 43.312583}, ""cpu_util_8"": {""mean"": 43.312583, ""max"": 43.312583}, ""cpu_util_9"": {""mean"": 43.312583, ""max"": 43.312583}, ""cpu_util_10"": {""mean"": 43.312583, ""max"": 43.312583}, ""cpu_util_11"": {""mean"": 43.312583, ""max"": 43.312583}, ""memory"": {""mean"": 0.568363, ""max"": 0.568363}, ""io_read_count"": {""mean"": 10634.90503, ""max"": 10634.90503}, ""io_write_count"": {""mean"": 19.990423, ""max"": 19.990423}, ""io_read"": {""mean"": 0.0, ""max"": 0.0}, ""io_write"": {""mean"": 0.0, ""max"": 0.0}, ""gpu_util_avg"": {""mean"": 0.0, ""max"": 0.0}, ""gpu_util_min"": {""mean"": 0.0, ""max"": 0.0}, ""gpu_util_max"": {""mean"": 0.0, ""max"": 0.0}, ""gpu_util_0"": {""mean"": 0.0, ""max"": 0.0}, ""gpu_band_avg"": {""mean"": 0.0, ""max"": 0.0}, ""gpu_band_min"": {""mean"": 0.0, ""max"": 0.0}, ""gpu_band_max"": {""mean"": 0.0, ""max"": 0.0}, ""gpu_band_0"": {""mean"": 0.0, ""max"": 0.0}, ""gpu_mem_avg"": {""mean"": 0.0, ""max"": 0.0}, ""gpu_mem_min"": {""mean"": 0.0, ""max"": 0.0}, ""gpu_mem_max"": {""mean"": 0.0, ""max"": 0.0}, ""gpu_mem_0"": {""mean"": 0.0, ""max"": 0.0}}","{""product"": {""kind"": ""array"", ""shape"": [2000, 2000], ""dtype"": ""torch.float32"", ""mean"": 500.2220153808594, ""std"": 9.950467109680176, ""min"": 454.0250549316406, ""max"": 553.324951171875}}",,
thread_pool,matmul,fork,fork,False,0,1,timeout,,,,,15.0561,,{},{},,Exceeded the 15s budget and was killed.
thread_pool,matmul,dill,dill,False,0,2,ok,0.045435,0.0,1.4347,4.4952,4.5057,,{},"{""product"": {""kind"": ""array"", ""shape"": [2000, 2000], ""dtype"": ""torch.float32"", ""mean"": 500.15838623046875, ""std"": 9.810266494750977, ""min"": 449.2122802734375, ""max"": 548.9493408203125}}","[JUmPER]: restoring the dill checkpoint takes 1.4347s against the 1.4056s the prefix itself took, so this mode is saving little: a restore re-imports every module the prefix imported. The two figures exclude what both modes pay anyway (interpreter start, monitoring) and the one-off cost of writing the checkpoint. Consider --replay-mode full.",
thread_pool,matmul,fork,fork,False,1,0,timeout,,,,,15.0559,,{},{},,Exceeded the 15s budget and was killed.
thread_pool,matmul,dill,dill,False,1,1,ok,0.039084,0.0,1.4831,4.5146,4.524,,{},"{""product"": {""kind"": ""array"", ""shape"": [2000, 2000], ""dtype"": ""torch.float32"", ""mean"": 500.15838623046875, ""std"": 9.810266494750977, ""min"": 449.2122802734375, ""max"": 548.9493408203125}}",,
thread_pool,matmul,full,full,False,1,2,ok,0.038433,1.445312,,4.4937,4.5116,,"{""cpu_util_avg"": {""mean"": 46.648295, ""max"": 46.648295}, ""cpu_util_min"": {""mean"": 46.648295, ""max"": 46.648295}, ""cpu_util_max"": {""mean"": 46.648295, ""max"": 46.648295}, ""cpu_util_0"": {""mean"": 46.648295, ""max"": 46.648295}, ""cpu_util_1"": {""mean"": 46.648295, ""max"": 46.648295}, ""cpu_util_2"": {""mean"": 46.648295, ""max"": 46.648295}, ""cpu_util_3"": {""mean"": 46.648295, ""max"": 46.648295}, ""cpu_util_4"": {""mean"": 46.648295, ""max"": 46.648295}, ""cpu_util_5"": {""mean"": 46.648295, ""max"": 46.648295}, ""cpu_util_6"": {""mean"": 46.648295, ""max"": 46.648295}, ""cpu_util_7"": {""mean"": 46.648295, ""max"": 46.648295}, ""cpu_util_8"": {""mean"": 46.648295, ""max"": 46.648295}, ""cpu_util_9"": {""mean"": 46.648295, ""max"": 46.648295}, ""cpu_util_10"": {""mean"": 46.648295, ""max"": 46.648295}, ""cpu_util_11"": {""mean"": 46.648295, ""max"": 46.648295}, ""memory"": {""mean"": 0.567802, ""max"": 0.567802}, ""io_read_count"": {""mean"": 10635.811192, ""max"": 10635.811192}, ""io_write_count"": {""mean"": 19.992126, ""max"": 19.992126}, ""io_read"": {""mean"": 0.0, ""max"": 0.0}, ""io_write"": {""mean"": 0.0, ""max"": 0.0}, ""gpu_util_avg"": {""mean"": 0.0, ""max"": 0.0}, ""gpu_util_min"": {""mean"": 0.0, ""max"": 0.0}, ""gpu_util_max"": {""mean"": 0.0, ""max"": 0.0}, ""gpu_util_0"": {""mean"": 0.0, ""max"": 0.0}, ""gpu_band_avg"": {""mean"": 0.0, ""max"": 0.0}, ""gpu_band_min"": {""mean"": 0.0, ""max"": 0.0}, ""gpu_band_max"": {""mean"": 0.0, ""max"": 0.0}, ""gpu_band_0"": {""mean"": 0.0, ""max"": 0.0}, ""gpu_mem_avg"": {""mean"": 0.0, ""max"": 0.0}, ""gpu_mem_min"": {""mean"": 0.0, ""max"": 0.0}, ""gpu_mem_max"": {""mean"": 0.0, ""max"": 0.0}, ""gpu_mem_0"": {""mean"": 0.0, ""max"": 0.0}}","{""product"": {""kind"": ""array"", ""shape"": [2000, 2000], ""dtype"": ""torch.float32"", ""mean"": 500.2591552734375, ""std"": 9.885416984558105, ""min"": 450.354248046875, ""max"": 554.2381591796875}}",,
thread_pool,matmul,dill,dill,False,2,0,ok,0.043151,0.0,1.418,4.5934,4.6026,,{},"{""product"": {""kind"": ""array"", ""shape"": [2000, 2000], ""dtype"": ""torch.float32"", ""mean"": 500.15838623046875, ""std"": 9.810266494750977, ""min"": 449.2122802734375, ""max"": 548.9493408203125}}",,
thread_pool,matmul,full,full,False,2,1,ok,0.038108,1.471388,,4.5666,4.5845,,"{""cpu_util_avg"": {""mean"": 50.035762, ""max"": 50.035762}, ""cpu_util_min"": {""mean"": 50.035762, ""max"": 50.035762}, ""cpu_util_max"": {""mean"": 50.035762, ""max"": 50.035762}, ""cpu_util_0"": {""mean"": 50.035762, ""max"": 50.035762}, ""cpu_util_1"": {""mean"": 50.035762, ""max"": 50.035762}, ""cpu_util_2"": {""mean"": 50.035762, ""max"": 50.035762}, ""cpu_util_3"": {""mean"": 50.035762, ""max"": 50.035762}, ""cpu_util_4"": {""mean"": 50.035762, ""max"": 50.035762}, ""cpu_util_5"": {""mean"": 50.035762, ""max"": 50.035762}, ""cpu_util_6"": {""mean"": 50.035762, ""max"": 50.035762}, ""cpu_util_7"": {""mean"": 50.035762, ""max"": 50.035762}, ""cpu_util_8"": {""mean"": 50.035762, ""max"": 50.035762}, ""cpu_util_9"": {""mean"": 50.035762, ""max"": 50.035762}, ""cpu_util_10"": {""mean"": 50.035762, ""max"": 50.035762}, ""cpu_util_11"": {""mean"": 50.035762, ""max"": 50.035762}, ""memory"": {""mean"": 0.567974, ""max"": 0.567974}, ""io_read_count"": {""mean"": 10647.61006, ""max"": 10647.61006}, ""io_write_count"": {""mean"": 20.014305, ""max"": 20.014305}, ""io_read"": {""mean"": 0.0, ""max"": 0.0}, ""io_write"": {""mean"": 0.0, ""max"": 0.0}, ""gpu_util_avg"": {""mean"": 0.0, ""max"": 0.0}, ""gpu_util_min"": {""mean"": 0.0, ""max"": 0.0}, ""gpu_util_max"": {""mean"": 0.0, ""max"": 0.0}, ""gpu_util_0"": {""mean"": 0.0, ""max"": 0.0}, ""gpu_band_avg"": {""mean"": 0.0, ""max"": 0.0}, ""gpu_band_min"": {""mean"": 0.0, ""max"": 0.0}, ""gpu_band_max"": {""mean"": 0.0, ""max"": 0.0}, ""gpu_band_0"": {""mean"": 0.0, ""max"": 0.0}, ""gpu_mem_avg"": {""mean"": 0.0, ""max"": 0.0}, ""gpu_mem_min"": {""mean"": 0.0, ""max"": 0.0}, ""gpu_mem_max"": {""mean"": 0.0, ""max"": 0.0}, ""gpu_mem_0"": {""mean"": 0.0, ""max"": 0.0}}","{""product"": {""kind"": ""array"", ""shape"": [2000, 2000], ""dtype"": ""torch.float32"", ""mean"": 499.7521667480469, ""std"": 9.922285079956055, ""min"": 453.0211181640625, ""max"": 548.501220703125}}",,
thread_pool,matmul,fork,fork,False,2,2,timeout,,,,,15.0538,,{},{},,Exceeded the 15s budget and was killed.
thread_pool,matmul,full,full,False,3,0,ok,0.03582,1.454872,,4.4266,4.4414,,{},"{""product"": {""kind"": ""array"", ""shape"": [2000, 2000], ""dtype"": ""torch.float32"", ""mean"": 499.98028564453125, ""std"": 9.742231369018555, ""min"": 450.402099609375, ""max"": 547.8088989257812}}",,
thread_pool,matmul,fork,fork,False,3,1,timeout,,,,,15.0553,,{},{},,Exceeded the 15s budget and was killed.
thread_pool,matmul,dill,dill,False,3,2,ok,0.038382,0.0,1.4766,4.4895,4.4987,,{},"{""product"": {""kind"": ""array"", ""shape"": [2000, 2000], ""dtype"": ""torch.float32"", ""mean"": 500.15838623046875, ""std"": 9.810266494750977, ""min"": 449.2122802734375, ""max"": 548.9493408203125}}",,
thread_pool,matmul,fork,fork,False,4,0,timeout,,,,,15.055,,{},{},,Exceeded the 15s budget and was killed.
thread_pool,matmul,dill,dill,False,4,1,ok,0.03983,0.0,1.3302,4.191,4.2003,,{},"{""product"": {""kind"": ""array"", ""shape"": [2000, 2000], ""dtype"": ""torch.float32"", ""mean"": 500.15838623046875, ""std"": 9.810266494750977, ""min"": 449.2122802734375, ""max"": 548.9493408203125}}",,
thread_pool,matmul,full,full,False,4,2,ok,0.039987,1.395398,,4.3059,4.3219,,"{""cpu_util_avg"": {""mean"": 43.314212, ""max"": 43.314212}, ""cpu_util_min"": {""mean"": 43.314212, ""max"": 43.314212}, ""cpu_util_max"": {""mean"": 43.314212, ""max"": 43.314212}, ""cpu_util_0"": {""mean"": 43.314212, ""max"": 43.314212}, ""cpu_util_1"": {""mean"": 43.314212, ""max"": 43.314212}, ""cpu_util_2"": {""mean"": 43.314212, ""max"": 43.314212}, ""cpu_util_3"": {""mean"": 43.314212, ""max"": 43.314212}, ""cpu_util_4"": {""mean"": 43.314212, ""max"": 43.314212}, ""cpu_util_5"": {""mean"": 43.314212, ""max"": 43.314212}, ""cpu_util_6"": {""mean"": 43.314212, ""max"": 43.314212}, ""cpu_util_7"": {""mean"": 43.314212, ""max"": 43.314212}, ""cpu_util_8"": {""mean"": 43.314212, ""max"": 43.314212}, ""cpu_util_9"": {""mean"": 43.314212, ""max"": 43.314212}, ""cpu_util_10"": {""mean"": 43.314212, ""max"": 43.314212}, ""cpu_util_11"": {""mean"": 43.314212, ""max"": 43.314212}, ""memory"": {""mean"": 0.567867, ""max"": 0.567867}, ""io_read_count"": {""mean"": 10635.304938, ""max"": 10635.304938}, ""io_write_count"": {""mean"": 19.991175, ""max"": 19.991175}, ""io_read"": {""mean"": 0.0, ""max"": 0.0}, ""io_write"": {""mean"": 0.0, ""max"": 0.0}, ""gpu_util_avg"": {""mean"": 0.0, ""max"": 0.0}, ""gpu_util_min"": {""mean"": 0.0, ""max"": 0.0}, ""gpu_util_max"": {""mean"": 0.0, ""max"": 0.0}, ""gpu_util_0"": {""mean"": 0.0, ""max"": 0.0}, ""gpu_band_avg"": {""mean"": 0.0, ""max"": 0.0}, ""gpu_band_min"": {""mean"": 0.0, ""max"": 0.0}, ""gpu_band_max"": {""mean"": 0.0, ""max"": 0.0}, ""gpu_band_0"": {""mean"": 0.0, ""max"": 0.0}, ""gpu_mem_avg"": {""mean"": 0.0, ""max"": 0.0}, ""gpu_mem_min"": {""mean"": 0.0, ""max"": 0.0}, ""gpu_mem_max"": {""mean"": 0.0, ""max"": 0.0}, ""gpu_mem_0"": {""mean"": 0.0, ""max"": 0.0}}","{""product"": {""kind"": ""array"", ""shape"": [2000, 2000], ""dtype"": ""torch.float32"", ""mean"": 500.1745910644531, ""std"": 9.72236442565918, ""min"": 448.7452087402344, ""max"": 546.7415161132812}}",,
thread_pool,matmul,dill,dill,False,5,0,ok,0.045906,0.0,1.3475,4.1934,4.2021,,{},"{""product"": {""kind"": ""array"", ""shape"": [2000, 2000], ""dtype"": ""torch.float32"", ""mean"": 500.15838623046875, ""std"": 9.810266494750977, ""min"": 449.2122802734375, ""max"": 548.9493408203125}}",,
thread_pool,matmul,full,full,False,5,1,ok,0.03031,1.440545,,4.268,4.2848,,"{""cpu_util_avg"": {""mean"": 48.284153, ""max"": 48.284153}, ""cpu_util_min"": {""mean"": 48.284153, ""max"": 48.284153}, ""cpu_util_max"": {""mean"": 48.284153, ""max"": 48.284153}, ""cpu_util_0"": {""mean"": 48.284153, ""max"": 48.284153}, ""cpu_util_1"": {""mean"": 48.284153, ""max"": 48.284153}, ""cpu_util_2"": {""mean"": 48.284153, ""max"": 48.284153}, ""cpu_util_3"": {""mean"": 48.284153, ""max"": 48.284153}, ""cpu_util_4"": {""mean"": 48.284153, ""max"": 48.284153}, ""cpu_util_5"": {""mean"": 48.284153, ""max"": 48.284153}, ""cpu_util_6"": {""mean"": 48.284153, ""max"": 48.284153}, ""cpu_util_7"": {""mean"": 48.284153, ""max"": 48.284153}, ""cpu_util_8"": {""mean"": 48.284153, ""max"": 48.284153}, ""cpu_util_9"": {""mean"": 48.284153, ""max"": 48.284153}, ""cpu_util_10"": {""mean"": 48.284153, ""max"": 48.284153}, ""cpu_util_11"": {""mean"": 48.284153, ""max"": 48.284153}, ""memory"": {""mean"": 0.567711, ""max"": 0.567711}, ""io_read_count"": {""mean"": 10629.173549, ""max"": 10629.173549}, ""io_write_count"": {""mean"": 19.97965, ""max"": 19.97965}, ""io_read"": {""mean"": 0.0, ""max"": 0.0}, ""io_write"": {""mean"": 0.0, ""max"": 0.0}, ""gpu_util_avg"": {""mean"": 0.0, ""max"": 0.0}, ""gpu_util_min"": {""mean"": 0.0, ""max"": 0.0}, ""gpu_util_max"": {""mean"": 0.0, ""max"": 0.0}, ""gpu_util_0"": {""mean"": 0.0, ""max"": 0.0}, ""gpu_band_avg"": {""mean"": 0.0, ""max"": 0.0}, ""gpu_band_min"": {""mean"": 0.0, ""max"": 0.0}, ""gpu_band_max"": {""mean"": 0.0, ""max"": 0.0}, ""gpu_band_0"": {""mean"": 0.0, ""max"": 0.0}, ""gpu_mem_avg"": {""mean"": 0.0, ""max"": 0.0}, ""gpu_mem_min"": {""mean"": 0.0, ""max"": 0.0}, ""gpu_mem_max"": {""mean"": 0.0, ""max"": 0.0}, ""gpu_mem_0"": {""mean"": 0.0, ""max"": 0.0}}","{""product"": {""kind"": ""array"", ""shape"": [2000, 2000], ""dtype"": ""torch.float32"", ""mean"": 499.96142578125, ""std"": 9.76318645477295, ""min"": 449.35784912109375, ""max"": 552.9752197265625}}",,
thread_pool,matmul,fork,fork,False,5,2,timeout,,,,,15.0543,,{},{},,Exceeded the 15s budget and was killed.
thread_pool,matmul,full,full,False,6,0,ok,0.038387,1.377245,,4.1916,4.2085,,"{""cpu_util_avg"": {""mean"": 45.021388, ""max"": 45.021388}, ""cpu_util_min"": {""mean"": 45.021388, ""max"": 45.021388}, ""cpu_util_max"": {""mean"": 45.021388, ""max"": 45.021388}, ""cpu_util_0"": {""mean"": 45.021388, ""max"": 45.021388}, ""cpu_util_1"": {""mean"": 45.021388, ""max"": 45.021388}, ""cpu_util_2"": {""mean"": 45.021388, ""max"": 45.021388}, ""cpu_util_3"": {""mean"": 45.021388, ""max"": 45.021388}, ""cpu_util_4"": {""mean"": 45.021388, ""max"": 45.021388}, ""cpu_util_5"": {""mean"": 45.021388, ""max"": 45.021388}, ""cpu_util_6"": {""mean"": 45.021388, ""max"": 45.021388}, ""cpu_util_7"": {""mean"": 45.021388, ""max"": 45.021388}, ""cpu_util_8"": {""mean"": 45.021388, ""max"": 45.021388}, ""cpu_util_9"": {""mean"": 45.021388, ""max"": 45.021388}, ""cpu_util_10"": {""mean"": 45.021388, ""max"": 45.021388}, ""cpu_util_11"": {""mean"": 45.021388, ""max"": 45.021388}, ""memory"": {""mean"": 0.567852, ""max"": 0.567852}, ""io_read_count"": {""mean"": 10645.057041, ""max"": 10645.057041}, ""io_write_count"": {""mean"": 20.009506, ""max"": 20.009506}, ""io_read"": {""mean"": 0.0, ""max"": 0.0}, ""io_write"": {""mean"": 0.0, ""max"": 0.0}, ""gpu_util_avg"": {""mean"": 0.0, ""max"": 0.0}, ""gpu_util_min"": {""mean"": 0.0, ""max"": 0.0}, ""gpu_util_max"": {""mean"": 0.0, ""max"": 0.0}, ""gpu_util_0"": {""mean"": 0.0, ""max"": 0.0}, ""gpu_band_avg"": {""mean"": 0.0, ""max"": 0.0}, ""gpu_band_min"": {""mean"": 0.0, ""max"": 0.0}, ""gpu_band_max"": {""mean"": 0.0, ""max"": 0.0}, ""gpu_band_0"": {""mean"": 0.0, ""max"": 0.0}, ""gpu_mem_avg"": {""mean"": 0.0, ""max"": 0.0}, ""gpu_mem_min"": {""mean"": 0.0, ""max"": 0.0}, ""gpu_mem_max"": {""mean"": 0.0, ""max"": 0.0}, ""gpu_mem_0"": {""mean"": 0.0, ""max"": 0.0}}","{""product"": {""kind"": ""array"", ""shape"": [2000, 2000], ""dtype"": ""torch.float32"", ""mean"": 499.7450256347656, ""std"": 9.926100730895996, ""min"": 445.8435363769531, ""max"": 546.5559692382812}}",,
thread_pool,matmul,fork,fork,False,6,1,timeout,,,,,15.0532,,{},{},,Exceeded the 15s budget and was killed.
thread_pool,matmul,dill,dill,False,6,2,ok,0.038808,0.0,1.3422,4.1546,4.1637,,{},"{""product"": {""kind"": ""array"", ""shape"": [2000, 2000], ""dtype"": ""torch.float32"", ""mean"": 500.15838623046875, ""std"": 9.810266494750977, ""min"": 449.2122802734375, ""max"": 548.9493408203125}}",,
thread_pool,matmul,fork,fork,False,7,0,timeout,,,,,15.0554,,{},{},,Exceeded the 15s budget and was killed.
thread_pool,matmul,dill,dill,False,7,1,ok,0.031537,0.0,1.3507,4.1167,4.126,,{},"{""product"": {""kind"": ""array"", ""shape"": [2000, 2000], ""dtype"": ""torch.float32"", ""mean"": 500.15838623046875, ""std"": 9.810266494750977, ""min"": 449.2122802734375, ""max"": 548.9493408203125}}",,
thread_pool,matmul,full,full,False,7,2,ok,0.037651,1.371498,,4.2471,4.2635,,"{""cpu_util_avg"": {""mean"": 45.019855, ""max"": 45.019855}, ""cpu_util_min"": {""mean"": 45.019855, ""max"": 45.019855}, ""cpu_util_max"": {""mean"": 45.019855, ""max"": 45.019855}, ""cpu_util_0"": {""mean"": 45.019855, ""max"": 45.019855}, ""cpu_util_1"": {""mean"": 45.019855, ""max"": 45.019855}, ""cpu_util_2"": {""mean"": 45.019855, ""max"": 45.019855}, ""cpu_util_3"": {""mean"": 45.019855, ""max"": 45.019855}, ""cpu_util_4"": {""mean"": 45.019855, ""max"": 45.019855}, ""cpu_util_5"": {""mean"": 45.019855, ""max"": 45.019855}, ""cpu_util_6"": {""mean"": 45.019855, ""max"": 45.019855}, ""cpu_util_7"": {""mean"": 45.019855, ""max"": 45.019855}, ""cpu_util_8"": {""mean"": 45.019855, ""max"": 45.019855}, ""cpu_util_9"": {""mean"": 45.019855, ""max"": 45.019855}, ""cpu_util_10"": {""mean"": 45.019855, ""max"": 45.019855}, ""cpu_util_11"": {""mean"": 45.019855, ""max"": 45.019855}, ""memory"": {""mean"": 0.568085, ""max"": 0.568085}, ""io_read_count"": {""mean"": 10644.694523, ""max"": 10644.694523}, ""io_write_count"": {""mean"": 20.008824, ""max"": 20.008824}, ""io_read"": {""mean"": 0.0, ""max"": 0.0}, ""io_write"": {""mean"": 0.0, ""max"": 0.0}, ""gpu_util_avg"": {""mean"": 0.0, ""max"": 0.0}, ""gpu_util_min"": {""mean"": 0.0, ""max"": 0.0}, ""gpu_util_max"": {""mean"": 0.0, ""max"": 0.0}, ""gpu_util_0"": {""mean"": 0.0, ""max"": 0.0}, ""gpu_band_avg"": {""mean"": 0.0, ""max"": 0.0}, ""gpu_band_min"": {""mean"": 0.0, ""max"": 0.0}, ""gpu_band_max"": {""mean"": 0.0, ""max"": 0.0}, ""gpu_band_0"": {""mean"": 0.0, ""max"": 0.0}, ""gpu_mem_avg"": {""mean"": 0.0, ""max"": 0.0}, ""gpu_mem_min"": {""mean"": 0.0, ""max"": 0.0}, ""gpu_mem_max"": {""mean"": 0.0, ""max"": 0.0}, ""gpu_mem_0"": {""mean"": 0.0, ""max"": 0.0}}","{""product"": {""kind"": ""array"", ""shape"": [2000, 2000], ""dtype"": ""torch.float32"", ""mean"": 499.9195556640625, ""std"": 9.844629287719727, ""min"": 450.8521423339844, ""max"": 547.8085327148438}}",,
thread_pool,matmul,dill,dill,False,8,0,ok,0.042797,0.0,1.3108,4.1973,4.2064,,{},"{""product"": {""kind"": ""array"", ""shape"": [2000, 2000], ""dtype"": ""torch.float32"", ""mean"": 500.15838623046875, ""std"": 9.810266494750977, ""min"": 449.2122802734375, ""max"": 548.9493408203125}}",,
thread_pool,matmul,full,full,False,8,1,ok,0.034297,1.383311,,4.2146,4.2316,,"{""cpu_util_avg"": {""mean"": 53.282467, ""max"": 53.282467}, ""cpu_util_min"": {""mean"": 53.282467, ""max"": 53.282467}, ""cpu_util_max"": {""mean"": 53.282467, ""max"": 53.282467}, ""cpu_util_0"": {""mean"": 53.282467, ""max"": 53.282467}, ""cpu_util_1"": {""mean"": 53.282467, ""max"": 53.282467}, ""cpu_util_2"": {""mean"": 53.282467, ""max"": 53.282467}, ""cpu_util_3"": {""mean"": 53.282467, ""max"": 53.282467}, ""cpu_util_4"": {""mean"": 53.282467, ""max"": 53.282467}, ""cpu_util_5"": {""mean"": 53.282467, ""max"": 53.282467}, ""cpu_util_6"": {""mean"": 53.282467, ""max"": 53.282467}, ""cpu_util_7"": {""mean"": 53.282467, ""max"": 53.282467}, ""cpu_util_8"": {""mean"": 53.282467, ""max"": 53.282467}, ""cpu_util_9"": {""mean"": 53.282467, ""max"": 53.282467}, ""cpu_util_10"": {""mean"": 53.282467, ""max"": 53.282467}, ""cpu_util_11"": {""mean"": 53.282467, ""max"": 53.282467}, ""memory"": {""mean"": 0.568176, ""max"": 0.568176}, ""io_read_count"": {""mean"": 10629.852105, ""max"": 10629.852105}, ""io_write_count"": {""mean"": 19.980925, ""max"": 19.980925}, ""io_read"": {""mean"": 0.0, ""max"": 0.0}, ""io_write"": {""mean"": 0.0, ""max"": 0.0}, ""gpu_util_avg"": {""mean"": 0.0, ""max"": 0.0}, ""gpu_util_min"": {""mean"": 0.0, ""max"": 0.0}, ""gpu_util_max"": {""mean"": 0.0, ""max"": 0.0}, ""gpu_util_0"": {""mean"": 0.0, ""max"": 0.0}, ""gpu_band_avg"": {""mean"": 0.0, ""max"": 0.0}, ""gpu_band_min"": {""mean"": 0.0, ""max"": 0.0}, ""gpu_band_max"": {""mean"": 0.0, ""max"": 0.0}, ""gpu_band_0"": {""mean"": 0.0, ""max"": 0.0}, ""gpu_mem_avg"": {""mean"": 0.0, ""max"": 0.0}, ""gpu_mem_min"": {""mean"": 0.0, ""max"": 0.0}, ""gpu_mem_max"": {""mean"": 0.0, ""max"": 0.0}, ""gpu_mem_0"": {""mean"": 0.0, ""max"": 0.0}}","{""product"": {""kind"": ""array"", ""shape"": [2000, 2000], ""dtype"": ""torch.float32"", ""mean"": 499.79425048828125, ""std"": 9.885432243347168, ""min"": 451.7316589355469, ""max"": 552.279296875}}",,
thread_pool,matmul,fork,fork,False,8,2,timeout,,,,,15.0575,,{},{},,Exceeded the 15s budget and was killed.
thread_pool,matmul,full,full,False,9,0,ok,0.035673,1.384874,,4.2214,4.2384,,"{""cpu_util_avg"": {""mean"": 51.623056, ""max"": 51.623056}, ""cpu_util_min"": {""mean"": 51.623056, ""max"": 51.623056}, ""cpu_util_max"": {""mean"": 51.623056, ""max"": 51.623056}, ""cpu_util_0"": {""mean"": 51.623056, ""max"": 51.623056}, ""cpu_util_1"": {""mean"": 51.623056, ""max"": 51.623056}, ""cpu_util_2"": {""mean"": 51.623056, ""max"": 51.623056}, ""cpu_util_3"": {""mean"": 51.623056, ""max"": 51.623056}, ""cpu_util_4"": {""mean"": 51.623056, ""max"": 51.623056}, ""cpu_util_5"": {""mean"": 51.623056, ""max"": 51.623056}, ""cpu_util_6"": {""mean"": 51.623056, ""max"": 51.623056}, ""cpu_util_7"": {""mean"": 51.623056, ""max"": 51.623056}, ""cpu_util_8"": {""mean"": 51.623056, ""max"": 51.623056}, ""cpu_util_9"": {""mean"": 51.623056, ""max"": 51.623056}, ""cpu_util_10"": {""mean"": 51.623056, ""max"": 51.623056}, ""cpu_util_11"": {""mean"": 51.623056, ""max"": 51.623056}, ""memory"": {""mean"": 0.567509, ""max"": 0.567509}, ""io_read_count"": {""mean"": 10631.018915, ""max"": 10631.018915}, ""io_write_count"": {""mean"": 19.983118, ""max"": 19.983118}, ""io_read"": {""mean"": 0.0, ""max"": 0.0}, ""io_write"": {""mean"": 0.0, ""max"": 0.0}, ""gpu_util_avg"": {""mean"": 0.0, ""max"": 0.0}, ""gpu_util_min"": {""mean"": 0.0, ""max"": 0.0}, ""gpu_util_max"": {""mean"": 0.0, ""max"": 0.0}, ""gpu_util_0"": {""mean"": 0.0, ""max"": 0.0}, ""gpu_band_avg"": {""mean"": 0.0, ""max"": 0.0}, ""gpu_band_min"": {""mean"": 0.0, ""max"": 0.0}, ""gpu_band_max"": {""mean"": 0.0, ""max"": 0.0}, ""gpu_band_0"": {""mean"": 0.0, ""max"": 0.0}, ""gpu_mem_avg"": {""mean"": 0.0, ""max"": 0.0}, ""gpu_mem_min"": {""mean"": 0.0, ""max"": 0.0}, ""gpu_mem_max"": {""mean"": 0.0, ""max"": 0.0}, ""gpu_mem_0"": {""mean"": 0.0, ""max"": 0.0}}","{""product"": {""kind"": ""array"", ""shape"": [2000, 2000], ""dtype"": ""torch.float32"", ""mean"": 500.18670654296875, ""std"": 9.878249168395996, ""min"": 452.8044128417969, ""max"": 552.1666259765625}}",,
thread_pool,matmul,fork,fork,False,9,1,timeout,,,,,15.0561,,{},{},,Exceeded the 15s budget and was killed.
thread_pool,matmul,dill,dill,False,9,2,ok,0.037748,0.0,1.3624,4.0938,4.1031,,{},"{""product"": {""kind"": ""array"", ""shape"": [2000, 2000], ""dtype"": ""torch.float32"", ""mean"": 500.15838623046875, ""std"": 9.810266494750977, ""min"": 449.2122802734375, ""max"": 548.9493408203125}}",,
thread_pool,matmul,fork,fork,False,10,0,timeout,,,,,15.0529,,{},{},,Exceeded the 15s budget and was killed.
thread_pool,matmul,dill,dill,False,10,1,ok,0.034324,0.0,1.3693,4.1939,4.2027,,{},"{""product"": {""kind"": ""array"", ""shape"": [2000, 2000], ""dtype"": ""torch.float32"", ""mean"": 500.15838623046875, ""std"": 9.810266494750977, ""min"": 449.2122802734375, ""max"": 548.9493408203125}}",,
thread_pool,matmul,full,full,False,10,2,ok,0.045406,1.404807,,4.2447,4.2611,,"{""cpu_util_avg"": {""mean"": 43.338757, ""max"": 43.338757}, ""cpu_util_min"": {""mean"": 43.338757, ""max"": 43.338757}, ""cpu_util_max"": {""mean"": 43.338757, ""max"": 43.338757}, ""cpu_util_0"": {""mean"": 43.338757, ""max"": 43.338757}, ""cpu_util_1"": {""mean"": 43.338757, ""max"": 43.338757}, ""cpu_util_2"": {""mean"": 43.338757, ""max"": 43.338757}, ""cpu_util_3"": {""mean"": 43.338757, ""max"": 43.338757}, ""cpu_util_4"": {""mean"": 43.338757, ""max"": 43.338757}, ""cpu_util_5"": {""mean"": 43.338757, ""max"": 43.338757}, ""cpu_util_6"": {""mean"": 43.338757, ""max"": 43.338757}, ""cpu_util_7"": {""mean"": 43.338757, ""max"": 43.338757}, ""cpu_util_8"": {""mean"": 43.338757, ""max"": 43.338757}, ""cpu_util_9"": {""mean"": 43.338757, ""max"": 43.338757}, ""cpu_util_10"": {""mean"": 43.338757, ""max"": 43.338757}, ""cpu_util_11"": {""mean"": 43.338757, ""max"": 43.338757}, ""memory"": {""mean"": 0.568012, ""max"": 0.568012}, ""io_read_count"": {""mean"": 10641.331656, ""max"": 10641.331656}, ""io_write_count"": {""mean"": 20.002503, ""max"": 20.002503}, ""io_read"": {""mean"": 0.0, ""max"": 0.0}, ""io_write"": {""mean"": 0.0, ""max"": 0.0}, ""gpu_util_avg"": {""mean"": 0.0, ""max"": 0.0}, ""gpu_util_min"": {""mean"": 0.0, ""max"": 0.0}, ""gpu_util_max"": {""mean"": 0.0, ""max"": 0.0}, ""gpu_util_0"": {""mean"": 0.0, ""max"": 0.0}, ""gpu_band_avg"": {""mean"": 0.0, ""max"": 0.0}, ""gpu_band_min"": {""mean"": 0.0, ""max"": 0.0}, ""gpu_band_max"": {""mean"": 0.0, ""max"": 0.0}, ""gpu_band_0"": {""mean"": 0.0, ""max"": 0.0}, ""gpu_mem_avg"": {""mean"": 0.0, ""max"": 0.0}, ""gpu_mem_min"": {""mean"": 0.0, ""max"": 0.0}, ""gpu_mem_max"": {""mean"": 0.0, ""max"": 0.0}, ""gpu_mem_0"": {""mean"": 0.0, ""max"": 0.0}}","{""product"": {""kind"": ""array"", ""shape"": [2000, 2000], ""dtype"": ""torch.float32"", ""mean"": 499.7123718261719, ""std"": 9.732579231262207, ""min"": 452.51416015625, ""max"": 544.3444213867188}}",,
jit_warmup,call,full,full,False,0,0,ok,0.001249,0.731545,,3.362,3.3767,,{},"{""total"": {""kind"": ""scalar"", ""value"": 2000000999998.9998}}",,
jit_warmup,call,fork,fork,False,0,1,ok,0.002165,0.0,,0.1613,0.1761,,"{""cpu_util_avg"": {""mean"": 11.663947, ""max"": 11.663947}, ""cpu_util_min"": {""mean"": 11.663947, ""max"": 11.663947}, ""cpu_util_max"": {""mean"": 11.663947, ""max"": 11.663947}, ""cpu_util_0"": {""mean"": 11.663947, ""max"": 11.663947}, ""cpu_util_1"": {""mean"": 11.663947, ""max"": 11.663947}, ""cpu_util_2"": {""mean"": 11.663947, ""max"": 11.663947}, ""cpu_util_3"": {""mean"": 11.663947, ""max"": 11.663947}, ""cpu_util_4"": {""mean"": 11.663947, ""max"": 11.663947}, ""cpu_util_5"": {""mean"": 11.663947, ""max"": 11.663947}, ""cpu_util_6"": {""mean"": 11.663947, ""max"": 11.663947}, ""cpu_util_7"": {""mean"": 11.663947, ""max"": 11.663947}, ""cpu_util_8"": {""mean"": 11.663947, ""max"": 11.663947}, ""cpu_util_9"": {""mean"": 11.663947, ""max"": 11.663947}, ""cpu_util_10"": {""mean"": 11.663947, ""max"": 11.663947}, ""cpu_util_11"": {""mean"": 11.663947, ""max"": 11.663947}, ""memory"": {""mean"": 0.498741, ""max"": 0.498741}, ""io_read_count"": {""mean"": 5998.601246, ""max"": 5998.601246}, ""io_write_count"": {""mean"": 19.995337, ""max"": 19.995337}, ""io_read"": {""mean"": 0.0, ""max"": 0.0}, ""io_write"": {""mean"": 0.0, ""max"": 0.0}, ""gpu_util_avg"": {""mean"": 0.0, ""max"": 0.0}, ""gpu_util_min"": {""mean"": 0.0, ""max"": 0.0}, ""gpu_util_max"": {""mean"": 0.0, ""max"": 0.0}, ""gpu_util_0"": {""mean"": 0.0, ""max"": 0.0}, ""gpu_band_avg"": {""mean"": 0.0, ""max"": 0.0}, ""gpu_band_min"": {""mean"": 0.0, ""max"": 0.0}, ""gpu_band_max"": {""mean"": 0.0, ""max"": 0.0}, ""gpu_band_0"": {""mean"": 0.0, ""max"": 0.0}, ""gpu_mem_avg"": {""mean"": 0.0, ""max"": 0.0}, ""gpu_mem_min"": {""mean"": 0.0, ""max"": 0.0}, ""gpu_mem_max"": {""mean"": 0.0, ""max"": 0.0}, ""gpu_mem_0"": {""mean"": 0.0, ""max"": 0.0}}","{""total"": {""kind"": ""scalar"", ""value"": 2000000999998.9998}}",,
jit_warmup,call,dill,dill,False,0,2,ok,0.442381,0.0,0.1887,3.3491,3.3648,,"{""cpu_util_avg"": {""mean"": 25.526271875000003, ""max"": 89.2827}, ""cpu_util_min"": {""mean"": 25.526271875000003, ""max"": 89.2827}, ""cpu_util_max"": {""mean"": 25.526271875000003, ""max"": 89.2827}, ""cpu_util_0"": {""mean"": 25.526271875000003, ""max"": 89.2827}, ""cpu_util_1"": {""mean"": 25.526271875000003, ""max"": 89.2827}, ""cpu_util_2"": {""mean"": 25.526271875000003, ""max"": 89.2827}, ""cpu_util_3"": {""mean"": 25.526271875000003, ""max"": 89.2827}, ""cpu_util_4"": {""mean"": 25.526271875000003, ""max"": 89.2827}, ""cpu_util_5"": {""mean"": 25.526271875000003, ""max"": 89.2827}, ""cpu_util_6"": {""mean"": 25.526271875000003, ""max"": 89.2827}, ""cpu_util_7"": {""mean"": 25.526271875000003, ""max"": 89.2827}, ""cpu_util_8"": {""mean"": 25.526271875000003, ""max"": 89.2827}, ""cpu_util_9"": {""mean"": 25.526271875000003, ""max"": 89.2827}, ""cpu_util_10"": {""mean"": 25.526271875000003, ""max"": 89.2827}, ""cpu_util_11"": {""mean"": 25.526271875000003, ""max"": 89.2827}, ""memory"": {""mean"": 0.32581724999999995, ""max"": 0.342236}, ""io_read_count"": {""mean"": 10274.001622374999, ""max"": 13468.447949}, ""io_write_count"": {""mean"": 17.534389375, ""max"": 21.79716}, ""io_read"": {""mean"": 0.0, ""max"": 0.0}, ""io_write"": {""mean"": 0.0, ""max"": 0.0}, ""gpu_util_avg"": {""mean"": 0.0, ""max"": 0.0}, ""gpu_util_min"": {""mean"": 0.0, ""max"": 0.0}, ""gpu_util_max"": {""mean"": 0.0, ""max"": 0.0}, ""gpu_util_0"": {""mean"": 0.0, ""max"": 0.0}, ""gpu_band_avg"": {""mean"": 0.0, ""max"": 0.0}, ""gpu_band_min"": {""mean"": 0.0, ""max"": 0.0}, ""gpu_band_max"": {""mean"": 0.0, ""max"": 0.0}, ""gpu_band_0"": {""mean"": 0.0, ""max"": 0.0}, ""gpu_mem_avg"": {""mean"": 0.0, ""max"": 0.0}, ""gpu_mem_min"": {""mean"": 0.0, ""max"": 0.0}, ""gpu_mem_max"": {""mean"": 0.0, ""max"": 0.0}, ""gpu_mem_0"": {""mean"": 0.0, ""max"": 0.0}}","{""total"": {""kind"": ""scalar"", ""value"": 2000000999998.9998}}",,
jit_warmup,call,fork,fork,False,1,0,ok,0.002206,0.0,,0.1437,0.1569,,{},"{""total"": {""kind"": ""scalar"", ""value"": 2000000999998.9998}}",,
jit_warmup,call,dill,dill,False,1,1,ok,0.439335,0.0,0.1803,3.2654,3.2817,,"{""cpu_util_avg"": {""mean"": 25.494312375, ""max"": 90.798939}, ""cpu_util_min"": {""mean"": 25.494312375, ""max"": 90.798939}, ""cpu_util_max"": {""mean"": 25.494312375, ""max"": 90.798939}, ""cpu_util_0"": {""mean"": 25.494312375, ""max"": 90.798939}, ""cpu_util_1"": {""mean"": 25.494312375, ""max"": 90.798939}, ""cpu_util_2"": {""mean"": 25.494312375, ""max"": 90.798939}, ""cpu_util_3"": {""mean"": 25.494312375, ""max"": 90.798939}, ""cpu_util_4"": {""mean"": 25.494312375, ""max"": 90.798939}, ""cpu_util_5"": {""mean"": 25.494312375, ""max"": 90.798939}, ""cpu_util_6"": {""mean"": 25.494312375, ""max"": 90.798939}, ""cpu_util_7"": {""mean"": 25.494312375, ""max"": 90.798939}, ""cpu_util_8"": {""mean"": 25.494312375, ""max"": 90.798939}, ""cpu_util_9"": {""mean"": 25.494312375, ""max"": 90.798939}, ""cpu_util_10"": {""mean"": 25.494312375, ""max"": 90.798939}, ""cpu_util_11"": {""mean"": 25.494312375, ""max"": 90.798939}, ""memory"": {""mean"": 0.326706, ""max"": 0.343063}, ""io_read_count"": {""mean"": 10287.920032375, ""max"": 13474.97339}, ""io_write_count"": {""mean"": 17.536747374999997, ""max"": 21.810057}, ""io_read"": {""mean"": 0.0, ""max"": 0.0}, ""io_write"": {""mean"": 0.0, ""max"": 0.0}, ""gpu_util_avg"": {""mean"": 0.0, ""max"": 0.0}, ""gpu_util_min"": {""mean"": 0.0, ""max"": 0.0}, ""gpu_util_max"": {""mean"": 0.0, ""max"": 0.0}, ""gpu_util_0"": {""mean"": 0.0, ""max"": 0.0}, ""gpu_band_avg"": {""mean"": 0.0, ""max"": 0.0}, ""gpu_band_min"": {""mean"": 0.0, ""max"": 0.0}, ""gpu_band_max"": {""mean"": 0.0, ""max"": 0.0}, ""gpu_band_0"": {""mean"": 0.0, ""max"": 0.0}, ""gpu_mem_avg"": {""mean"": 0.0, ""max"": 0.0}, ""gpu_mem_min"": {""mean"": 0.0, ""max"": 0.0}, ""gpu_mem_max"": {""mean"": 0.0, ""max"": 0.0}, ""gpu_mem_0"": {""mean"": 0.0, ""max"": 0.0}}","{""total"": {""kind"": ""scalar"", ""value"": 2000000999998.9998}}",,
jit_warmup,call,full,full,False,1,2,ok,0.001311,0.650716,,3.3572,3.3709,,{},"{""total"": {""kind"": ""scalar"", ""value"": 2000000999998.9998}}",,
jit_warmup,call,dill,dill,False,2,0,ok,0.441991,0.0,0.1748,3.2913,3.3083,,"{""cpu_util_avg"": {""mean"": 25.359166875, ""max"": 85.636012}, ""cpu_util_min"": {""mean"": 25.359166875, ""max"": 85.636012}, ""cpu_util_max"": {""mean"": 25.359166875, ""max"": 85.636012}, ""cpu_util_0"": {""mean"": 25.359166875, ""max"": 85.636012}, ""cpu_util_1"": {""mean"": 25.359166875, ""max"": 85.636012}, ""cpu_util_2"": {""mean"": 25.359166875, ""max"": 85.636012}, ""cpu_util_3"": {""mean"": 25.359166875, ""max"": 85.636012}, ""cpu_util_4"": {""mean"": 25.359166875, ""max"": 85.636012}, ""cpu_util_5"": {""mean"": 25.359166875, ""max"": 85.636012}, ""cpu_util_6"": {""mean"": 25.359166875, ""max"": 85.636012}, ""cpu_util_7"": {""mean"": 25.359166875, ""max"": 85.636012}, ""cpu_util_8"": {""mean"": 25.359166875, ""max"": 85.636012}, ""cpu_util_9"": {""mean"": 25.359166875, ""max"": 85.636012}, ""cpu_util_10"": {""mean"": 25.359166875, ""max"": 85.636012}, ""cpu_util_11"": {""mean"": 25.359166875, ""max"": 85.636012}, ""memory"": {""mean"": 0.325862875, ""max"": 0.342281}, ""io_read_count"": {""mean"": 10301.928079625, ""max"": 13577.427356}, ""io_write_count"": {""mean"": 17.54061075, ""max"": 21.969947}, ""io_read"": {""mean"": 0.0, ""max"": 0.0}, ""io_write"": {""mean"": 0.0, ""max"": 0.0}, ""gpu_util_avg"": {""mean"": 0.0, ""max"": 0.0}, ""gpu_util_min"": {""mean"": 0.0, ""max"": 0.0}, ""gpu_util_max"": {""mean"": 0.0, ""max"": 0.0}, ""gpu_util_0"": {""mean"": 0.0, ""max"": 0.0}, ""gpu_band_avg"": {""mean"": 0.0, ""max"": 0.0}, ""gpu_band_min"": {""mean"": 0.0, ""max"": 0.0}, ""gpu_band_max"": {""mean"": 0.0, ""max"": 0.0}, ""gpu_band_0"": {""mean"": 0.0, ""max"": 0.0}, ""gpu_mem_avg"": {""mean"": 0.0, ""max"": 0.0}, ""gpu_mem_min"": {""mean"": 0.0, ""max"": 0.0}, ""gpu_mem_max"": {""mean"": 0.0, ""max"": 0.0}, ""gpu_mem_0"": {""mean"": 0.0, ""max"": 0.0}}","{""total"": {""kind"": ""scalar"", ""value"": 2000000999998.9998}}",,
jit_warmup,call,full,full,False,2,1,ok,0.001317,0.663403,,3.3347,3.3491,,{},"{""total"": {""kind"": ""scalar"", ""value"": 2000000999998.9998}}",,
jit_warmup,call,fork,fork,False,2,2,ok,0.002174,0.0,,0.1429,0.1565,,{},"{""total"": {""kind"": ""scalar"", ""value"": 2000000999998.9998}}",,
jit_warmup,call,full,full,False,3,0,ok,0.001459,0.655842,,3.3642,3.3788,,{},"{""total"": {""kind"": ""scalar"", ""value"": 2000000999998.9998}}",,
jit_warmup,call,fork,fork,False,3,1,ok,0.002188,0.0,,0.1456,0.159,,{},"{""total"": {""kind"": ""scalar"", ""value"": 2000000999998.9998}}",,
jit_warmup,call,dill,dill,False,3,2,ok,0.448313,0.0,0.186,3.3482,3.3668,,"{""cpu_util_avg"": {""mean"": 25.819934625000002, ""max"": 76.624498}, ""cpu_util_min"": {""mean"": 25.819934625000002, ""max"": 76.624498}, ""cpu_util_max"": {""mean"": 25.819934625000002, ""max"": 76.624498}, ""cpu_util_0"": {""mean"": 25.819934625000002, ""max"": 76.624498}, ""cpu_util_1"": {""mean"": 25.819934625000002, ""max"": 76.624498}, ""cpu_util_2"": {""mean"": 25.819934625000002, ""max"": 76.624498}, ""cpu_util_3"": {""mean"": 25.819934625000002, ""max"": 76.624498}, ""cpu_util_4"": {""mean"": 25.819934625000002, ""max"": 76.624498}, ""cpu_util_5"": {""mean"": 25.819934625000002, ""max"": 76.624498}, ""cpu_util_6"": {""mean"": 25.819934625000002, ""max"": 76.624498}, ""cpu_util_7"": {""mean"": 25.819934625000002, ""max"": 76.624498}, ""cpu_util_8"": {""mean"": 25.819934625000002, ""max"": 76.624498}, ""cpu_util_9"": {""mean"": 25.819934625000002, ""max"": 76.624498}, ""cpu_util_10"": {""mean"": 25.819934625000002, ""max"": 76.624498}, ""cpu_util_11"": {""mean"": 25.819934625000002, ""max"": 76.624498}, ""memory"": {""mean"": 0.32602687500000005, ""max"": 0.342445}, ""io_read_count"": {""mean"": 10295.095454375, ""max"": 13486.728529}, ""io_write_count"": {""mean"": 17.511074625, ""max"": 20.911937}, ""io_read"": {""mean"": 0.0, ""max"": 0.0}, ""io_write"": {""mean"": 0.0, ""max"": 0.0}, ""gpu_util_avg"": {""mean"": 0.0, ""max"": 0.0}, ""gpu_util_min"": {""mean"": 0.0, ""max"": 0.0}, ""gpu_util_max"": {""mean"": 0.0, ""max"": 0.0}, ""gpu_util_0"": {""mean"": 0.0, ""max"": 0.0}, ""gpu_band_avg"": {""mean"": 0.0, ""max"": 0.0}, ""gpu_band_min"": {""mean"": 0.0, ""max"": 0.0}, ""gpu_band_max"": {""mean"": 0.0, ""max"": 0.0}, ""gpu_band_0"": {""mean"": 0.0, ""max"": 0.0}, ""gpu_mem_avg"": {""mean"": 0.0, ""max"": 0.0}, ""gpu_mem_min"": {""mean"": 0.0, ""max"": 0.0}, ""gpu_mem_max"": {""mean"": 0.0, ""max"": 0.0}, ""gpu_mem_0"": {""mean"": 0.0, ""max"": 0.0}}","{""total"": {""kind"": ""scalar"", ""value"": 2000000999998.9998}}",,
jit_warmup,call,fork,fork,False,4,0,ok,0.002138,0.0,,0.1428,0.1564,,{},"{""total"": {""kind"": ""scalar"", ""value"": 2000000999998.9998}}",,
jit_warmup,call,dill,dill,False,4,1,ok,0.422831,0.0,0.1836,3.2469,3.2627,,"{""cpu_util_avg"": {""mean"": 25.816094624999998, ""max"": 107.297531}, ""cpu_util_min"": {""mean"": 25.816094624999998, ""max"": 107.297531}, ""cpu_util_max"": {""mean"": 25.816094624999998, ""max"": 107.297531}, ""cpu_util_0"": {""mean"": 25.816094624999998, ""max"": 107.297531}, ""cpu_util_1"": {""mean"": 25.816094624999998, ""max"": 107.297531}, ""cpu_util_2"": {""mean"": 25.816094624999998, ""max"": 107.297531}, ""cpu_util_3"": {""mean"": 25.816094624999998, ""max"": 107.297531}, ""cpu_util_4"": {""mean"": 25.816094624999998, ""max"": 107.297531}, ""cpu_util_5"": {""mean"": 25.816094624999998, ""max"": 107.297531}, ""cpu_util_6"": {""mean"": 25.816094624999998, ""max"": 107.297531}, ""cpu_util_7"": {""mean"": 25.816094624999998, ""max"": 107.297531}, ""cpu_util_8"": {""mean"": 25.816094624999998, ""max"": 107.297531}, ""cpu_util_9"": {""mean"": 25.816094624999998, ""max"": 107.297531}, ""cpu_util_10"": {""mean"": 25.816094624999998, ""max"": 107.297531}, ""cpu_util_11"": {""mean"": 25.816094624999998, ""max"": 107.297531}, ""memory"": {""mean"": 0.327095, ""max"": 0.344749}, ""io_read_count"": {""mean"": 10281.543830999999, ""max"": 13636.99672}, ""io_write_count"": {""mean"": 17.525336875, ""max"": 21.543439}, ""io_read"": {""mean"": 0.0, ""max"": 0.0}, ""io_write"": {""mean"": 0.0, ""max"": 0.0}, ""gpu_util_avg"": {""mean"": 0.0, ""max"": 0.0}, ""gpu_util_min"": {""mean"": 0.0, ""max"": 0.0}, ""gpu_util_max"": {""mean"": 0.0, ""max"": 0.0}, ""gpu_util_0"": {""mean"": 0.0, ""max"": 0.0}, ""gpu_band_avg"": {""mean"": 0.0, ""max"": 0.0}, ""gpu_band_min"": {""mean"": 0.0, ""max"": 0.0}, ""gpu_band_max"": {""mean"": 0.0, ""max"": 0.0}, ""gpu_band_0"": {""mean"": 0.0, ""max"": 0.0}, ""gpu_mem_avg"": {""mean"": 0.0, ""max"": 0.0}, ""gpu_mem_min"": {""mean"": 0.0, ""max"": 0.0}, ""gpu_mem_max"": {""mean"": 0.0, ""max"": 0.0}, ""gpu_mem_0"": {""mean"": 0.0, ""max"": 0.0}}","{""total"": {""kind"": ""scalar"", ""value"": 2000000999998.9998}}",,
jit_warmup,call,full,full,False,4,2,ok,0.001343,0.630212,,3.1773,3.1946,,{},"{""total"": {""kind"": ""scalar"", ""value"": 2000000999998.9998}}",,
jit_warmup,call,dill,dill,False,5,0,ok,0.437934,0.0,0.1802,3.2162,3.2327,,"{""cpu_util_avg"": {""mean"": 25.637016499999998, ""max"": 94.937722}, ""cpu_util_min"": {""mean"": 25.637016499999998, ""max"": 94.937722}, ""cpu_util_max"": {""mean"": 25.637016499999998, ""max"": 94.937722}, ""cpu_util_0"": {""mean"": 25.637016499999998, ""max"": 94.937722}, ""cpu_util_1"": {""mean"": 25.637016499999998, ""max"": 94.937722}, ""cpu_util_2"": {""mean"": 25.637016499999998, ""max"": 94.937722}, ""cpu_util_3"": {""mean"": 25.637016499999998, ""max"": 94.937722}, ""cpu_util_4"": {""mean"": 25.637016499999998, ""max"": 94.937722}, ""cpu_util_5"": {""mean"": 25.637016499999998, ""max"": 94.937722}, ""cpu_util_6"": {""mean"": 25.637016499999998, ""max"": 94.937722}, ""cpu_util_7"": {""mean"": 25.637016499999998, ""max"": 94.937722}, ""cpu_util_8"": {""mean"": 25.637016499999998, ""max"": 94.937722}, ""cpu_util_9"": {""mean"": 25.637016499999998, ""max"": 94.937722}, ""cpu_util_10"": {""mean"": 25.637016499999998, ""max"": 94.937722}, ""cpu_util_11"": {""mean"": 25.637016499999998, ""max"": 94.937722}, ""memory"": {""mean"": 0.326209875, ""max"": 0.342552}, ""io_read_count"": {""mean"": 10264.932004000002, ""max"": 13542.157266}, ""io_write_count"": {""mean"": 17.504593625, ""max"": 20.73899}, ""io_read"": {""mean"": 0.0, ""max"": 0.0}, ""io_write"": {""mean"": 0.0, ""max"": 0.0}, ""gpu_util_avg"": {""mean"": 0.0, ""max"": 0.0}, ""gpu_util_min"": {""mean"": 0.0, ""max"": 0.0}, ""gpu_util_max"": {""mean"": 0.0, ""max"": 0.0}, ""gpu_util_0"": {""mean"": 0.0, ""max"": 0.0}, ""gpu_band_avg"": {""mean"": 0.0, ""max"": 0.0}, ""gpu_band_min"": {""mean"": 0.0, ""max"": 0.0}, ""gpu_band_max"": {""mean"": 0.0, ""max"": 0.0}, ""gpu_band_0"": {""mean"": 0.0, ""max"": 0.0}, ""gpu_mem_avg"": {""mean"": 0.0, ""max"": 0.0}, ""gpu_mem_min"": {""mean"": 0.0, ""max"": 0.0}, ""gpu_mem_max"": {""mean"": 0.0, ""max"": 0.0}, ""gpu_mem_0"": {""mean"": 0.0, ""max"": 0.0}}","{""total"": {""kind"": ""scalar"", ""value"": 2000000999998.9998}}",,
jit_warmup,call,full,full,False,5,1,ok,0.001341,0.662589,,3.3204,3.3342,,{},"{""total"": {""kind"": ""scalar"", ""value"": 2000000999998.9998}}",,
jit_warmup,call,fork,fork,False,5,2,ok,0.002123,0.0,,0.1442,0.1572,,{},"{""total"": {""kind"": ""scalar"", ""value"": 2000000999998.9998}}",,
jit_warmup,call,full,full,False,6,0,ok,0.001304,0.64771,,3.272,3.286,,{},"{""total"": {""kind"": ""scalar"", ""value"": 2000000999998.9998}}",,
jit_warmup,call,fork,fork,False,6,1,ok,0.002285,0.0,,0.143,0.1567,,{},"{""total"": {""kind"": ""scalar"", ""value"": 2000000999998.9998}}",,
jit_warmup,call,dill,dill,False,6,2,ok,0.447238,0.0,0.1793,3.2945,3.3105,,"{""cpu_util_avg"": {""mean"": 25.811132625, ""max"": 86.242678}, ""cpu_util_min"": {""mean"": 25.811132625, ""max"": 86.242678}, ""cpu_util_max"": {""mean"": 25.811132625, ""max"": 86.242678}, ""cpu_util_0"": {""mean"": 25.811132625, ""max"": 86.242678}, ""cpu_util_1"": {""mean"": 25.811132625, ""max"": 86.242678}, ""cpu_util_2"": {""mean"": 25.811132625, ""max"": 86.242678}, ""cpu_util_3"": {""mean"": 25.811132625, ""max"": 86.242678}, ""cpu_util_4"": {""mean"": 25.811132625, ""max"": 86.242678}, ""cpu_util_5"": {""mean"": 25.811132625, ""max"": 86.242678}, ""cpu_util_6"": {""mean"": 25.811132625, ""max"": 86.242678}, ""cpu_util_7"": {""mean"": 25.811132625, ""max"": 86.242678}, ""cpu_util_8"": {""mean"": 25.811132625, ""max"": 86.242678}, ""cpu_util_9"": {""mean"": 25.811132625, ""max"": 86.242678}, ""cpu_util_10"": {""mean"": 25.811132625, ""max"": 86.242678}, ""cpu_util_11"": {""mean"": 25.811132625, ""max"": 86.242678}, ""memory"": {""mean"": 0.326091625, ""max"": 0.342312}, ""io_read_count"": {""mean"": 10290.243251875, ""max"": 13464.895028}, ""io_write_count"": {""mean"": 17.532262, ""max"": 21.805332}, ""io_read"": {""mean"": 0.0, ""max"": 0.0}, ""io_write"": {""mean"": 0.0, ""max"": 0.0}, ""gpu_util_avg"": {""mean"": 0.0, ""max"": 0.0}, ""gpu_util_min"": {""mean"": 0.0, ""max"": 0.0}, ""gpu_util_max"": {""mean"": 0.0, ""max"": 0.0}, ""gpu_util_0"": {""mean"": 0.0, ""max"": 0.0}, ""gpu_band_avg"": {""mean"": 0.0, ""max"": 0.0}, ""gpu_band_min"": {""mean"": 0.0, ""max"": 0.0}, ""gpu_band_max"": {""mean"": 0.0, ""max"": 0.0}, ""gpu_band_0"": {""mean"": 0.0, ""max"": 0.0}, ""gpu_mem_avg"": {""mean"": 0.0, ""max"": 0.0}, ""gpu_mem_min"": {""mean"": 0.0, ""max"": 0.0}, ""gpu_mem_max"": {""mean"": 0.0, ""max"": 0.0}, ""gpu_mem_0"": {""mean"": 0.0, ""max"": 0.0}}","{""total"": {""kind"": ""scalar"", ""value"": 2000000999998.9998}}",,
jit_warmup,call,fork,fork,False,7,0,ok,0.002182,0.0,,0.1451,0.1584,,{},"{""total"": {""kind"": ""scalar"", ""value"": 2000000999998.9998}}",,
jit_warmup,call,dill,dill,False,7,1,ok,0.449516,0.0,0.1853,3.2461,3.2625,,"{""cpu_util_avg"": {""mean"": 24.43079966666667, ""max"": 77.775964}, ""cpu_util_min"": {""mean"": 24.43079966666667, ""max"": 77.775964}, ""cpu_util_max"": {""mean"": 24.43079966666667, ""max"": 77.775964}, ""cpu_util_0"": {""mean"": 24.43079966666667, ""max"": 77.775964}, ""cpu_util_1"": {""mean"": 24.43079966666667, ""max"": 77.775964}, ""cpu_util_2"": {""mean"": 24.43079966666667, ""max"": 77.775964}, ""cpu_util_3"": {""mean"": 24.43079966666667, ""max"": 77.775964}, ""cpu_util_4"": {""mean"": 24.43079966666667, ""max"": 77.775964}, ""cpu_util_5"": {""mean"": 24.43079966666667, ""max"": 77.775964}, ""cpu_util_6"": {""mean"": 24.43079966666667, ""max"": 77.775964}, ""cpu_util_7"": {""mean"": 24.43079966666667, ""max"": 77.775964}, ""cpu_util_8"": {""mean"": 24.43079966666667, ""max"": 77.775964}, ""cpu_util_9"": {""mean"": 24.43079966666667, ""max"": 77.775964}, ""cpu_util_10"": {""mean"": 24.43079966666667, ""max"": 77.775964}, ""cpu_util_11"": {""mean"": 24.43079966666667, ""max"": 77.775964}, ""memory"": {""mean"": 0.3284038888888889, ""max"": 0.348396}, ""io_read_count"": {""mean"": 10282.688822111111, ""max"": 13512.481655}, ""io_write_count"": {""mean"": 22.219753333333333, ""max"": 59.939248}, ""io_read"": {""mean"": 0.0, ""max"": 0.0}, ""io_write"": {""mean"": 18186.01183, ""max"": 163674.10647}, ""gpu_util_avg"": {""mean"": 0.0, ""max"": 0.0}, ""gpu_util_min"": {""mean"": 0.0, ""max"": 0.0}, ""gpu_util_max"": {""mean"": 0.0, ""max"": 0.0}, ""gpu_util_0"": {""mean"": 0.0, ""max"": 0.0}, ""gpu_band_avg"": {""mean"": 0.0, ""max"": 0.0}, ""gpu_band_min"": {""mean"": 0.0, ""max"": 0.0}, ""gpu_band_max"": {""mean"": 0.0, ""max"": 0.0}, ""gpu_band_0"": {""mean"": 0.0, ""max"": 0.0}, ""gpu_mem_avg"": {""mean"": 0.0, ""max"": 0.0}, ""gpu_mem_min"": {""mean"": 0.0, ""max"": 0.0}, ""gpu_mem_max"": {""mean"": 0.0, ""max"": 0.0}, ""gpu_mem_0"": {""mean"": 0.0, ""max"": 0.0}}","{""total"": {""kind"": ""scalar"", ""value"": 2000000999998.9998}}",,
jit_warmup,call,full,full,False,7,2,ok,0.001324,0.659863,,3.3722,3.3877,,{},"{""total"": {""kind"": ""scalar"", ""value"": 2000000999998.9998}}",,
jit_warmup,call,dill,dill,False,8,0,ok,0.438477,0.0,0.1804,3.2795,3.2962,,"{""cpu_util_avg"": {""mean"": 25.198762625, ""max"": 91.465902}, ""cpu_util_min"": {""mean"": 25.198762625, ""max"": 91.465902}, ""cpu_util_max"": {""mean"": 25.198762625, ""max"": 91.465902}, ""cpu_util_0"": {""mean"": 25.198762625, ""max"": 91.465902}, ""cpu_util_1"": {""mean"": 25.198762625, ""max"": 91.465902}, ""cpu_util_2"": {""mean"": 25.198762625, ""max"": 91.465902}, ""cpu_util_3"": {""mean"": 25.198762625, ""max"": 91.465902}, ""cpu_util_4"": {""mean"": 25.198762625, ""max"": 91.465902}, ""cpu_util_5"": {""mean"": 25.198762625, ""max"": 91.465902}, ""cpu_util_6"": {""mean"": 25.198762625, ""max"": 91.465902}, ""cpu_util_7"": {""mean"": 25.198762625, ""max"": 91.465902}, ""cpu_util_8"": {""mean"": 25.198762625, ""max"": 91.465902}, ""cpu_util_9"": {""mean"": 25.198762625, ""max"": 91.465902}, ""cpu_util_10"": {""mean"": 25.198762625, ""max"": 91.465902}, ""cpu_util_11"": {""mean"": 25.198762625, ""max"": 91.465902}, ""memory"": {""mean"": 0.32611075, ""max"": 0.342453}, ""io_read_count"": {""mean"": 10293.960495250001, ""max"": 13805.839438}, ""io_write_count"": {""mean"": 17.54403025, ""max"": 22.054057}, ""io_read"": {""mean"": 0.0, ""max"": 0.0}, ""io_write"": {""mean"": 0.0, ""max"": 0.0}, ""gpu_util_avg"": {""mean"": 0.0, ""max"": 0.0}, ""gpu_util_min"": {""mean"": 0.0, ""max"": 0.0}, ""gpu_util_max"": {""mean"": 0.0, ""max"": 0.0}, ""gpu_util_0"": {""mean"": 0.0, ""max"": 0.0}, ""gpu_band_avg"": {""mean"": 0.0, ""max"": 0.0}, ""gpu_band_min"": {""mean"": 0.0, ""max"": 0.0}, ""gpu_band_max"": {""mean"": 0.0, ""max"": 0.0}, ""gpu_band_0"": {""mean"": 0.0, ""max"": 0.0}, ""gpu_mem_avg"": {""mean"": 0.0, ""max"": 0.0}, ""gpu_mem_min"": {""mean"": 0.0, ""max"": 0.0}, ""gpu_mem_max"": {""mean"": 0.0, ""max"": 0.0}, ""gpu_mem_0"": {""mean"": 0.0, ""max"": 0.0}}","{""total"": {""kind"": ""scalar"", ""value"": 2000000999998.9998}}",,
jit_warmup,call,full,full,False,8,1,ok,0.001382,0.658441,,3.3025,3.3167,,{},"{""total"": {""kind"": ""scalar"", ""value"": 2000000999998.9998}}",,
jit_warmup,call,fork,fork,False,8,2,ok,0.002287,0.0,,0.1472,0.1611,,{},"{""total"": {""kind"": ""scalar"", ""value"": 2000000999998.9998}}",,
jit_warmup,call,full,full,False,9,0,ok,0.001248,0.621762,,3.2086,3.2224,,{},"{""total"": {""kind"": ""scalar"", ""value"": 2000000999998.9998}}",,
jit_warmup,call,fork,fork,False,9,1,ok,0.002199,0.0,,0.1353,0.1476,,{},"{""total"": {""kind"": ""scalar"", ""value"": 2000000999998.9998}}",,
jit_warmup,call,dill,dill,False,9,2,ok,0.426598,0.0,0.1691,3.1182,3.1336,,"{""cpu_util_avg"": {""mean"": 26.20541275, ""max"": 99.225202}, ""cpu_util_min"": {""mean"": 26.20541275, ""max"": 99.225202}, ""cpu_util_max"": {""mean"": 26.20541275, ""max"": 99.225202}, ""cpu_util_0"": {""mean"": 26.20541275, ""max"": 99.225202}, ""cpu_util_1"": {""mean"": 26.20541275, ""max"": 99.225202}, ""cpu_util_2"": {""mean"": 26.20541275, ""max"": 99.225202}, ""cpu_util_3"": {""mean"": 26.20541275, ""max"": 99.225202}, ""cpu_util_4"": {""mean"": 26.20541275, ""max"": 99.225202}, ""cpu_util_5"": {""mean"": 26.20541275, ""max"": 99.225202}, ""cpu_util_6"": {""mean"": 26.20541275, ""max"": 99.225202}, ""cpu_util_7"": {""mean"": 26.20541275, ""max"": 99.225202}, ""cpu_util_8"": {""mean"": 26.20541275, ""max"": 99.225202}, ""cpu_util_9"": {""mean"": 26.20541275, ""max"": 99.225202}, ""cpu_util_10"": {""mean"": 26.20541275, ""max"": 99.225202}, ""cpu_util_11"": {""mean"": 26.20541275, ""max"": 99.225202}, ""memory"": {""mean"": 0.32672500000000004, ""max"": 0.344471}, ""io_read_count"": {""mean"": 10290.92599475, ""max"": 13059.679777}, ""io_write_count"": {""mean"": 17.50787875, ""max"": 20.868606}, ""io_read"": {""mean"": 0.0, ""max"": 0.0}, ""io_write"": {""mean"": 0.0, ""max"": 0.0}, ""gpu_util_avg"": {""mean"": 0.0, ""max"": 0.0}, ""gpu_util_min"": {""mean"": 0.0, ""max"": 0.0}, ""gpu_util_max"": {""mean"": 0.0, ""max"": 0.0}, ""gpu_util_0"": {""mean"": 0.0, ""max"": 0.0}, ""gpu_band_avg"": {""mean"": 0.0, ""max"": 0.0}, ""gpu_band_min"": {""mean"": 0.0, ""max"": 0.0}, ""gpu_band_max"": {""mean"": 0.0, ""max"": 0.0}, ""gpu_band_0"": {""mean"": 0.0, ""max"": 0.0}, ""gpu_mem_avg"": {""mean"": 0.0, ""max"": 0.0}, ""gpu_mem_min"": {""mean"": 0.0, ""max"": 0.0}, ""gpu_mem_max"": {""mean"": 0.0, ""max"": 0.0}, ""gpu_mem_0"": {""mean"": 0.0, ""max"": 0.0}}","{""total"": {""kind"": ""scalar"", ""value"": 2000000999998.9998}}",,
jit_warmup,call,fork,fork,False,10,0,ok,0.002061,0.0,,0.1382,0.1516,,{},"{""total"": {""kind"": ""scalar"", ""value"": 2000000999998.9998}}",,
jit_warmup,call,dill,dill,False,10,1,ok,0.444263,0.0,0.1771,3.2408,3.2561,,"{""cpu_util_avg"": {""mean"": 25.75949525, ""max"": 83.561646}, ""cpu_util_min"": {""mean"": 25.75949525, ""max"": 83.561646}, ""cpu_util_max"": {""mean"": 25.75949525, ""max"": 83.561646}, ""cpu_util_0"": {""mean"": 25.75949525, ""max"": 83.561646}, ""cpu_util_1"": {""mean"": 25.75949525, ""max"": 83.561646}, ""cpu_util_2"": {""mean"": 25.75949525, ""max"": 83.561646}, ""cpu_util_3"": {""mean"": 25.75949525, ""max"": 83.561646}, ""cpu_util_4"": {""mean"": 25.75949525, ""max"": 83.561646}, ""cpu_util_5"": {""mean"": 25.75949525, ""max"": 83.561646}, ""cpu_util_6"": {""mean"": 25.75949525, ""max"": 83.561646}, ""cpu_util_7"": {""mean"": 25.75949525, ""max"": 83.561646}, ""cpu_util_8"": {""mean"": 25.75949525, ""max"": 83.561646}, ""cpu_util_9"": {""mean"": 25.75949525, ""max"": 83.561646}, ""cpu_util_10"": {""mean"": 25.75949525, ""max"": 83.561646}, ""cpu_util_11"": {""mean"": 25.75949525, ""max"": 83.561646}, ""memory"": {""mean"": 0.32586675, ""max"": 0.342377}, ""io_read_count"": {""mean"": 10287.179581375, ""max"": 13531.178919}, ""io_write_count"": {""mean"": 17.505294125, ""max"": 20.777795}, ""io_read"": {""mean"": 0.0, ""max"": 0.0}, ""io_write"": {""mean"": 0.0, ""max"": 0.0}, ""gpu_util_avg"": {""mean"": 0.0, ""max"": 0.0}, ""gpu_util_min"": {""mean"": 0.0, ""max"": 0.0}, ""gpu_util_max"": {""mean"": 0.0, ""max"": 0.0}, ""gpu_util_0"": {""mean"": 0.0, ""max"": 0.0}, ""gpu_band_avg"": {""mean"": 0.0, ""max"": 0.0}, ""gpu_band_min"": {""mean"": 0.0, ""max"": 0.0}, ""gpu_band_max"": {""mean"": 0.0, ""max"": 0.0}, ""gpu_band_0"": {""mean"": 0.0, ""max"": 0.0}, ""gpu_mem_avg"": {""mean"": 0.0, ""max"": 0.0}, ""gpu_mem_min"": {""mean"": 0.0, ""max"": 0.0}, ""gpu_mem_max"": {""mean"": 0.0, ""max"": 0.0}, ""gpu_mem_0"": {""mean"": 0.0, ""max"": 0.0}}","{""total"": {""kind"": ""scalar"", ""value"": 2000000999998.9998}}",,
jit_warmup,call,full,full,False,10,2,ok,0.001478,0.65408,,3.239,3.2535,,{},"{""total"": {""kind"": ""scalar"", ""value"": 2000000999998.9998}}",,
import_heavy,sum,full,full,False,0,0,ok,0.00033,0.79171,,3.4853,3.5016,,{},"{""total"": {""kind"": ""scalar"", ""value"": 499999500000.0}}",,
import_heavy,sum,fork,fork,False,0,1,ok,0.000726,0.0,,0.1837,0.1998,,{},"{""total"": {""kind"": ""scalar"", ""value"": 499999500000.0}}",,
import_heavy,sum,dill,dill,False,0,2,ok,0.000566,0.0,0.7378,3.5811,3.5906,,{},"{""total"": {""kind"": ""scalar"", ""value"": 499999500000.0}}","[JUmPER]: restoring the dill checkpoint takes 0.7378s against the 0.7594s the prefix itself took, so this mode is saving little: a restore re-imports every module the prefix imported. The two figures exclude what both modes pay anyway (interpreter start, monitoring) and the one-off cost of writing the checkpoint. Consider --replay-mode full.",
import_heavy,sum,fork,fork,False,1,0,ok,0.000775,0.0,,0.156,0.1701,,{},"{""total"": {""kind"": ""scalar"", ""value"": 499999500000.0}}",,
import_heavy,sum,dill,dill,False,1,1,ok,0.000539,0.0,0.7687,3.477,3.4865,,{},"{""total"": {""kind"": ""scalar"", ""value"": 499999500000.0}}",,
import_heavy,sum,full,full,False,1,2,ok,0.000342,0.71863,,3.1892,3.2045,,{},"{""total"": {""kind"": ""scalar"", ""value"": 499999500000.0}}",,
import_heavy,sum,dill,dill,False,2,0,ok,0.000647,0.0,0.6468,3.1667,3.1749,,{},"{""total"": {""kind"": ""scalar"", ""value"": 499999500000.0}}",,
import_heavy,sum,full,full,False,2,1,ok,0.000358,0.720235,,3.1326,3.1464,,{},"{""total"": {""kind"": ""scalar"", ""value"": 499999500000.0}}",,
import_heavy,sum,fork,fork,False,2,2,ok,0.000699,0.0,,0.1428,0.1562,,{},"{""total"": {""kind"": ""scalar"", ""value"": 499999500000.0}}",,
import_heavy,sum,full,full,False,3,0,ok,0.000352,0.712135,,3.1486,3.1637,,{},"{""total"": {""kind"": ""scalar"", ""value"": 499999500000.0}}",,
import_heavy,sum,fork,fork,False,3,1,ok,0.00068,0.0,,0.1447,0.1572,,{},"{""total"": {""kind"": ""scalar"", ""value"": 499999500000.0}}",,
import_heavy,sum,dill,dill,False,3,2,ok,0.000534,0.0,0.7296,3.31,3.3193,,{},"{""total"": {""kind"": ""scalar"", ""value"": 499999500000.0}}",,
import_heavy,sum,fork,fork,False,4,0,ok,0.00086,0.0,,0.152,0.1661,,{},"{""total"": {""kind"": ""scalar"", ""value"": 499999500000.0}}",,
import_heavy,sum,dill,dill,False,4,1,ok,0.00051,0.0,0.7355,3.44,3.4492,,{},"{""total"": {""kind"": ""scalar"", ""value"": 499999500000.0}}",,
import_heavy,sum,full,full,False,4,2,ok,0.00025,0.765236,,3.4291,3.4483,,{},"{""total"": {""kind"": ""scalar"", ""value"": 499999500000.0}}",,
import_heavy,sum,dill,dill,False,5,0,ok,0.000567,0.0,0.763,3.5618,3.5748,,{},"{""total"": {""kind"": ""scalar"", ""value"": 499999500000.0}}",,
import_heavy,sum,full,full,False,5,1,ok,0.000305,0.778702,,3.4658,3.4807,,{},"{""total"": {""kind"": ""scalar"", ""value"": 499999500000.0}}",,
import_heavy,sum,fork,fork,False,5,2,ok,0.000799,0.0,,0.1591,0.1763,,"{""cpu_util_avg"": {""mean"": 10.005336, ""max"": 10.005336}, ""cpu_util_min"": {""mean"": 10.005336, ""max"": 10.005336}, ""cpu_util_max"": {""mean"": 10.005336, ""max"": 10.005336}, ""cpu_util_0"": {""mean"": 10.005336, ""max"": 10.005336}, ""cpu_util_1"": {""mean"": 10.005336, ""max"": 10.005336}, ""cpu_util_2"": {""mean"": 10.005336, ""max"": 10.005336}, ""cpu_util_3"": {""mean"": 10.005336, ""max"": 10.005336}, ""cpu_util_4"": {""mean"": 10.005336, ""max"": 10.005336}, ""cpu_util_5"": {""mean"": 10.005336, ""max"": 10.005336}, ""cpu_util_6"": {""mean"": 10.005336, ""max"": 10.005336}, ""cpu_util_7"": {""mean"": 10.005336, ""max"": 10.005336}, ""cpu_util_8"": {""mean"": 10.005336, ""max"": 10.005336}, ""cpu_util_9"": {""mean"": 10.005336, ""max"": 10.005336}, ""cpu_util_10"": {""mean"": 10.005336, ""max"": 10.005336}, ""cpu_util_11"": {""mean"": 10.005336, ""max"": 10.005336}, ""memory"": {""mean"": 0.460152, ""max"": 0.460152}, ""io_read_count"": {""mean"": 2101.120486, ""max"": 2101.120486}, ""io_write_count"": {""mean"": 20.010671, ""max"": 20.010671}, ""io_read"": {""mean"": 0.0, ""max"": 0.0}, ""io_write"": {""mean"": 0.0, ""max"": 0.0}, ""gpu_util_avg"": {""mean"": 0.0, ""max"": 0.0}, ""gpu_util_min"": {""mean"": 0.0, ""max"": 0.0}, ""gpu_util_max"": {""mean"": 0.0, ""max"": 0.0}, ""gpu_util_0"": {""mean"": 0.0, ""max"": 0.0}, ""gpu_band_avg"": {""mean"": 0.0, ""max"": 0.0}, ""gpu_band_min"": {""mean"": 0.0, ""max"": 0.0}, ""gpu_band_max"": {""mean"": 0.0, ""max"": 0.0}, ""gpu_band_0"": {""mean"": 0.0, ""max"": 0.0}, ""gpu_mem_avg"": {""mean"": 0.0, ""max"": 0.0}, ""gpu_mem_min"": {""mean"": 0.0, ""max"": 0.0}, ""gpu_mem_max"": {""mean"": 0.0, ""max"": 0.0}, ""gpu_mem_0"": {""mean"": 0.0, ""max"": 0.0}}","{""total"": {""kind"": ""scalar"", ""value"": 499999500000.0}}",,
import_heavy,sum,full,full,False,6,0,ok,0.000357,0.753853,,3.2828,3.2978,,{},"{""total"": {""kind"": ""scalar"", ""value"": 499999500000.0}}",,
import_heavy,sum,fork,fork,False,6,1,ok,0.000686,0.0,,0.1467,0.1601,,{},"{""total"": {""kind"": ""scalar"", ""value"": 499999500000.0}}",,
import_heavy,sum,dill,dill,False,6,2,ok,0.000545,0.0,0.6654,3.208,3.217,,{},"{""total"": {""kind"": ""scalar"", ""value"": 499999500000.0}}",,
import_heavy,sum,fork,fork,False,7,0,ok,0.00067,0.0,,0.1446,0.1572,,{},"{""total"": {""kind"": ""scalar"", ""value"": 499999500000.0}}",,
import_heavy,sum,dill,dill,False,7,1,ok,0.000536,0.0,0.6743,3.191,3.1997,,{},"{""total"": {""kind"": ""scalar"", ""value"": 499999500000.0}}",,
import_heavy,sum,full,full,False,7,2,ok,0.000343,0.752374,,3.2867,3.3016,,{},"{""total"": {""kind"": ""scalar"", ""value"": 499999500000.0}}",,
import_heavy,sum,dill,dill,False,8,0,ok,0.000581,0.0,0.6491,3.1618,3.1707,,{},"{""total"": {""kind"": ""scalar"", ""value"": 499999500000.0}}",,
import_heavy,sum,full,full,False,8,1,ok,0.000289,0.733609,,3.3595,3.3737,,{},"{""total"": {""kind"": ""scalar"", ""value"": 499999500000.0}}",,
import_heavy,sum,fork,fork,False,8,2,ok,0.000828,0.0,,0.1637,0.1771,,{},"{""total"": {""kind"": ""scalar"", ""value"": 499999500000.0}}",,
import_heavy,sum,full,full,False,9,0,ok,0.000451,0.829242,,3.5995,3.6148,,{},"{""total"": {""kind"": ""scalar"", ""value"": 499999500000.0}}",,
import_heavy,sum,fork,fork,False,9,1,ok,0.000707,0.0,,0.157,0.1745,,{},"{""total"": {""kind"": ""scalar"", ""value"": 499999500000.0}}",,
import_heavy,sum,dill,dill,False,9,2,ok,0.000559,0.0,0.805,3.7858,3.7949,,{},"{""total"": {""kind"": ""scalar"", ""value"": 499999500000.0}}",,
import_heavy,sum,fork,fork,False,10,0,ok,0.000724,0.0,,0.16,0.1744,,{},"{""total"": {""kind"": ""scalar"", ""value"": 499999500000.0}}",,
import_heavy,sum,dill,dill,False,10,1,ok,0.000559,0.0,0.7381,3.6511,3.66,,{},"{""total"": {""kind"": ""scalar"", ""value"": 499999500000.0}}",,
import_heavy,sum,full,full,False,10,2,ok,0.00035,0.742942,,3.4528,3.4686,,"{""cpu_util_avg"": {""mean"": 9.990596, ""max"": 9.990596}, ""cpu_util_min"": {""mean"": 9.990596, ""max"": 9.990596}, ""cpu_util_max"": {""mean"": 9.990596, ""max"": 9.990596}, ""cpu_util_0"": {""mean"": 9.990596, ""max"": 9.990596}, ""cpu_util_1"": {""mean"": 9.990596, ""max"": 9.990596}, ""cpu_util_2"": {""mean"": 9.990596, ""max"": 9.990596}, ""cpu_util_3"": {""mean"": 9.990596, ""max"": 9.990596}, ""cpu_util_4"": {""mean"": 9.990596, ""max"": 9.990596}, ""cpu_util_5"": {""mean"": 9.990596, ""max"": 9.990596}, ""cpu_util_6"": {""mean"": 9.990596, ""max"": 9.990596}, ""cpu_util_7"": {""mean"": 9.990596, ""max"": 9.990596}, ""cpu_util_8"": {""mean"": 9.990596, ""max"": 9.990596}, ""cpu_util_9"": {""mean"": 9.990596, ""max"": 9.990596}, ""cpu_util_10"": {""mean"": 9.990596, ""max"": 9.990596}, ""cpu_util_11"": {""mean"": 9.990596, ""max"": 9.990596}, ""memory"": {""mean"": 0.30608, ""max"": 0.30608}, ""io_read_count"": {""mean"": 14326.514166, ""max"": 14326.514166}, ""io_write_count"": {""mean"": 39.962383, ""max"": 39.962383}, ""io_read"": {""mean"": 0.0, ""max"": 0.0}, ""io_write"": {""mean"": 81842.959587, ""max"": 81842.959587}, ""gpu_util_avg"": {""mean"": 0.0, ""max"": 0.0}, ""gpu_util_min"": {""mean"": 0.0, ""max"": 0.0}, ""gpu_util_max"": {""mean"": 0.0, ""max"": 0.0}, ""gpu_util_0"": {""mean"": 0.0, ""max"": 0.0}, ""gpu_band_avg"": {""mean"": 0.0, ""max"": 0.0}, ""gpu_band_min"": {""mean"": 0.0, ""max"": 0.0}, ""gpu_band_max"": {""mean"": 0.0, ""max"": 0.0}, ""gpu_band_0"": {""mean"": 0.0, ""max"": 0.0}, ""gpu_mem_avg"": {""mean"": 0.0, ""max"": 0.0}, ""gpu_mem_min"": {""mean"": 0.0, ""max"": 0.0}, ""gpu_mem_max"": {""mean"": 0.0, ""max"": 0.0}, ""gpu_mem_0"": {""mean"": 0.0, ""max"": 0.0}}","{""total"": {""kind"": ""scalar"", ""value"": 499999500000.0}}",,
fat_state,sum,full,full,False,0,0,ok,0.012712,0.339725,,2.8615,2.8805,,"{""cpu_util_avg"": {""mean"": 9.996703, ""max"": 9.996703}, ""cpu_util_min"": {""mean"": 9.996703, ""max"": 9.996703}, ""cpu_util_max"": {""mean"": 9.996703, ""max"": 9.996703}, ""cpu_util_0"": {""mean"": 9.996703, ""max"": 9.996703}, ""cpu_util_1"": {""mean"": 9.996703, ""max"": 9.996703}, ""cpu_util_2"": {""mean"": 9.996703, ""max"": 9.996703}, ""cpu_util_3"": {""mean"": 9.996703, ""max"": 9.996703}, ""cpu_util_4"": {""mean"": 9.996703, ""max"": 9.996703}, ""cpu_util_5"": {""mean"": 9.996703, ""max"": 9.996703}, ""cpu_util_6"": {""mean"": 9.996703, ""max"": 9.996703}, ""cpu_util_7"": {""mean"": 9.996703, ""max"": 9.996703}, ""cpu_util_8"": {""mean"": 9.996703, ""max"": 9.996703}, ""cpu_util_9"": {""mean"": 9.996703, ""max"": 9.996703}, ""cpu_util_10"": {""mean"": 9.996703, ""max"": 9.996703}, ""cpu_util_11"": {""mean"": 9.996703, ""max"": 9.996703}, ""memory"": {""mean"": 0.509827, ""max"": 0.509827}, ""io_read_count"": {""mean"": 10636.492298, ""max"": 10636.492298}, ""io_write_count"": {""mean"": 19.993407, ""max"": 19.993407}, ""io_read"": {""mean"": 0.0, ""max"": 0.0}, ""io_write"": {""mean"": 0.0, ""max"": 0.0}, ""gpu_util_avg"": {""mean"": 0.0, ""max"": 0.0}, ""gpu_util_min"": {""mean"": 0.0, ""max"": 0.0}, ""gpu_util_max"": {""mean"": 0.0, ""max"": 0.0}, ""gpu_util_0"": {""mean"": 0.0, ""max"": 0.0}, ""gpu_band_avg"": {""mean"": 0.0, ""max"": 0.0}, ""gpu_band_min"": {""mean"": 0.0, ""max"": 0.0}, ""gpu_band_max"": {""mean"": 0.0, ""max"": 0.0}, ""gpu_band_0"": {""mean"": 0.0, ""max"": 0.0}, ""gpu_mem_avg"": {""mean"": 0.0, ""max"": 0.0}, ""gpu_mem_min"": {""mean"": 0.0, ""max"": 0.0}, ""gpu_mem_max"": {""mean"": 0.0, ""max"": 0.0}, ""gpu_mem_0"": {""mean"": 0.0, ""max"": 0.0}}","{""total"": {""kind"": ""scalar"", ""value"": 19998054.402563646}}",,
fat_state,sum,fork,fork,False,0,1,ok,0.041412,0.0,,0.2423,0.259,,"{""cpu_util_avg"": {""mean"": 11.669232, ""max"": 11.669232}, ""cpu_util_min"": {""mean"": 11.669232, ""max"": 11.669232}, ""cpu_util_max"": {""mean"": 11.669232, ""max"": 11.669232}, ""cpu_util_0"": {""mean"": 11.669232, ""max"": 11.669232}, ""cpu_util_1"": {""mean"": 11.669232, ""max"": 11.669232}, ""cpu_util_2"": {""mean"": 11.669232, ""max"": 11.669232}, ""cpu_util_3"": {""mean"": 11.669232, ""max"": 11.669232}, ""cpu_util_4"": {""mean"": 11.669232, ""max"": 11.669232}, ""cpu_util_5"": {""mean"": 11.669232, ""max"": 11.669232}, ""cpu_util_6"": {""mean"": 11.669232, ""max"": 11.669232}, ""cpu_util_7"": {""mean"": 11.669232, ""max"": 11.669232}, ""cpu_util_8"": {""mean"": 11.669232, ""max"": 11.669232}, ""cpu_util_9"": {""mean"": 11.669232, ""max"": 11.669232}, ""cpu_util_10"": {""mean"": 11.669232, ""max"": 11.669232}, ""cpu_util_11"": {""mean"": 11.669232, ""max"": 11.669232}, ""memory"": {""mean"": 1.085236, ""max"": 1.085236}, ""io_read_count"": {""mean"": 10702.352591, ""max"": 10702.352591}, ""io_write_count"": {""mean"": 20.004397, ""max"": 20.004397}, ""io_read"": {""mean"": 0.0, ""max"": 0.0}, ""io_write"": {""mean"": 0.0, ""max"": 0.0}, ""gpu_util_avg"": {""mean"": 0.0, ""max"": 0.0}, ""gpu_util_min"": {""mean"": 0.0, ""max"": 0.0}, ""gpu_util_max"": {""mean"": 0.0, ""max"": 0.0}, ""gpu_util_0"": {""mean"": 0.0, ""max"": 0.0}, ""gpu_band_avg"": {""mean"": 0.0, ""max"": 0.0}, ""gpu_band_min"": {""mean"": 0.0, ""max"": 0.0}, ""gpu_band_max"": {""mean"": 0.0, ""max"": 0.0}, ""gpu_band_0"": {""mean"": 0.0, ""max"": 0.0}, ""gpu_mem_avg"": {""mean"": 0.0, ""max"": 0.0}, ""gpu_mem_min"": {""mean"": 0.0, ""max"": 0.0}, ""gpu_mem_max"": {""mean"": 0.0, ""max"": 0.0}, ""gpu_mem_0"": {""mean"": 0.0, ""max"": 0.0}}","{""total"": {""kind"": ""scalar"", ""value"": 19998054.402563646}}",,
fat_state,sum,dill,dill,False,0,2,ok,0.013,0.0,0.1616,2.7107,2.7203,,{},"{""total"": {""kind"": ""scalar"", ""value"": 19998054.402563646}}",,
fat_state,sum,fork,fork,False,1,0,ok,0.025951,0.0,,0.1778,0.1939,,"{""cpu_util_avg"": {""mean"": 10.002578, ""max"": 10.002578}, ""cpu_util_min"": {""mean"": 10.002578, ""max"": 10.002578}, ""cpu_util_max"": {""mean"": 10.002578, ""max"": 10.002578}, ""cpu_util_0"": {""mean"": 10.002578, ""max"": 10.002578}, ""cpu_util_1"": {""mean"": 10.002578, ""max"": 10.002578}, ""cpu_util_2"": {""mean"": 10.002578, ""max"": 10.002578}, ""cpu_util_3"": {""mean"": 10.002578, ""max"": 10.002578}, ""cpu_util_4"": {""mean"": 10.002578, ""max"": 10.002578}, ""cpu_util_5"": {""mean"": 10.002578, ""max"": 10.002578}, ""cpu_util_6"": {""mean"": 10.002578, ""max"": 10.002578}, ""cpu_util_7"": {""mean"": 10.002578, ""max"": 10.002578}, ""cpu_util_8"": {""mean"": 10.002578, ""max"": 10.002578}, ""cpu_util_9"": {""mean"": 10.002578, ""max"": 10.002578}, ""cpu_util_10"": {""mean"": 10.002578, ""max"": 10.002578}, ""cpu_util_11"": {""mean"": 10.002578, ""max"": 10.002578}, ""memory"": {""mean"": 1.085602, ""max"": 1.085602}, ""io_read_count"": {""mean"": 10702.758101, ""max"": 10702.758101}, ""io_write_count"": {""mean"": 20.005155, ""max"": 20.005155}, ""io_read"": {""mean"": 0.0, ""max"": 0.0}, ""io_write"": {""mean"": 0.0, ""max"": 0.0}, ""gpu_util_avg"": {""mean"": 0.0, ""max"": 0.0}, ""gpu_util_min"": {""mean"": 0.0, ""max"": 0.0}, ""gpu_util_max"": {""mean"": 0.0, ""max"": 0.0}, ""gpu_util_0"": {""mean"": 0.0, ""max"": 0.0}, ""gpu_band_avg"": {""mean"": 0.0, ""max"": 0.0}, ""gpu_band_min"": {""mean"": 0.0, ""max"": 0.0}, ""gpu_band_max"": {""mean"": 0.0, ""max"": 0.0}, ""gpu_band_0"": {""mean"": 0.0, ""max"": 0.0}, ""gpu_mem_avg"": {""mean"": 0.0, ""max"": 0.0}, ""gpu_mem_min"": {""mean"": 0.0, ""max"": 0.0}, ""gpu_mem_max"": {""mean"": 0.0, ""max"": 0.0}, ""gpu_mem_0"": {""mean"": 0.0, ""max"": 0.0}}","{""total"": {""kind"": ""scalar"", ""value"": 19998054.402563646}}",,
fat_state,sum,dill,dill,False,1,1,ok,0.014447,0.0,0.204,2.8671,2.8773,,{},"{""total"": {""kind"": ""scalar"", ""value"": 19998054.402563646}}",,
fat_state,sum,full,full,False,1,2,ok,0.014675,0.363934,,3.2225,3.2367,,{},"{""total"": {""kind"": ""scalar"", ""value"": 19998054.402563646}}",,
fat_state,sum,dill,dill,False,2,0,ok,0.01465,0.0,0.2097,3.0235,3.0332,,{},"{""total"": {""kind"": ""scalar"", ""value"": 19998054.402563646}}",,
fat_state,sum,full,full,False,2,1,ok,0.017068,0.411243,,3.1975,3.2158,,{},"{""total"": {""kind"": ""scalar"", ""value"": 19998054.402563646}}",,
fat_state,sum,fork,fork,False,2,2,ok,0.028995,0.0,,0.1914,0.2062,,{},"{""total"": {""kind"": ""scalar"", ""value"": 19998054.402563646}}",,
fat_state,sum,full,full,False,3,0,ok,0.014082,0.398238,,3.1379,3.1517,,{},"{""total"": {""kind"": ""scalar"", ""value"": 19998054.402563646}}",,
fat_state,sum,fork,fork,False,3,1,ok,0.025735,0.0,,0.1814,0.1972,,"{""cpu_util_avg"": {""mean"": 8.333073, ""max"": 8.333073}, ""cpu_util_min"": {""mean"": 8.333073, ""max"": 8.333073}, ""cpu_util_max"": {""mean"": 8.333073, ""max"": 8.333073}, ""cpu_util_0"": {""mean"": 8.333073, ""max"": 8.333073}, ""cpu_util_1"": {""mean"": 8.333073, ""max"": 8.333073}, ""cpu_util_2"": {""mean"": 8.333073, ""max"": 8.333073}, ""cpu_util_3"": {""mean"": 8.333073, ""max"": 8.333073}, ""cpu_util_4"": {""mean"": 8.333073, ""max"": 8.333073}, ""cpu_util_5"": {""mean"": 8.333073, ""max"": 8.333073}, ""cpu_util_6"": {""mean"": 8.333073, ""max"": 8.333073}, ""cpu_util_7"": {""mean"": 8.333073, ""max"": 8.333073}, ""cpu_util_8"": {""mean"": 8.333073, ""max"": 8.333073}, ""cpu_util_9"": {""mean"": 8.333073, ""max"": 8.333073}, ""cpu_util_10"": {""mean"": 8.333073, ""max"": 8.333073}, ""cpu_util_11"": {""mean"": 8.333073, ""max"": 8.333073}, ""memory"": {""mean"": 1.08609, ""max"": 1.08609}, ""io_read_count"": {""mean"": 10819.661345, ""max"": 10819.661345}, ""io_write_count"": {""mean"": 19.999374, ""max"": 19.999374}, ""io_read"": {""mean"": 0.0, ""max"": 0.0}, ""io_write"": {""mean"": 0.0, ""max"": 0.0}, ""gpu_util_avg"": {""mean"": 0.0, ""max"": 0.0}, ""gpu_util_min"": {""mean"": 0.0, ""max"": 0.0}, ""gpu_util_max"": {""mean"": 0.0, ""max"": 0.0}, ""gpu_util_0"": {""mean"": 0.0, ""max"": 0.0}, ""gpu_band_avg"": {""mean"": 0.0, ""max"": 0.0}, ""gpu_band_min"": {""mean"": 0.0, ""max"": 0.0}, ""gpu_band_max"": {""mean"": 0.0, ""max"": 0.0}, ""gpu_band_0"": {""mean"": 0.0, ""max"": 0.0}, ""gpu_mem_avg"": {""mean"": 0.0, ""max"": 0.0}, ""gpu_mem_min"": {""mean"": 0.0, ""max"": 0.0}, ""gpu_mem_max"": {""mean"": 0.0, ""max"": 0.0}, ""gpu_mem_0"": {""mean"": 0.0, ""max"": 0.0}}","{""total"": {""kind"": ""scalar"", ""value"": 19998054.402563646}}",,
fat_state,sum,dill,dill,False,3,2,ok,0.013981,0.0,0.3386,3.0891,3.0983,,{},"{""total"": {""kind"": ""scalar"", ""value"": 19998054.402563646}}",,
fat_state,sum,fork,fork,False,4,0,ok,0.026091,0.0,,0.1839,0.1981,,{},"{""total"": {""kind"": ""scalar"", ""value"": 19998054.402563646}}",,
fat_state,sum,dill,dill,False,4,1,ok,0.015675,0.0,0.1689,2.9644,2.9736,,{},"{""total"": {""kind"": ""scalar"", ""value"": 19998054.402563646}}",,
fat_state,sum,full,full,False,4,2,ok,0.012821,0.37837,,2.9813,2.9963,,{},"{""total"": {""kind"": ""scalar"", ""value"": 19998054.402563646}}",,
fat_state,sum,dill,dill,False,5,0,ok,0.015943,0.0,0.2767,2.8825,2.8935,,{},"{""total"": {""kind"": ""scalar"", ""value"": 19998054.402563646}}",,
fat_state,sum,full,full,False,5,1,ok,0.013739,0.350271,,2.8629,2.8766,,{},"{""total"": {""kind"": ""scalar"", ""value"": 19998054.402563646}}",,
fat_state,sum,fork,fork,False,5,2,ok,0.0247,0.0,,0.1704,0.1863,,"{""cpu_util_avg"": {""mean"": 9.997641, ""max"": 9.997641}, ""cpu_util_min"": {""mean"": 9.997641, ""max"": 9.997641}, ""cpu_util_max"": {""mean"": 9.997641, ""max"": 9.997641}, ""cpu_util_0"": {""mean"": 9.997641, ""max"": 9.997641}, ""cpu_util_1"": {""mean"": 9.997641, ""max"": 9.997641}, ""cpu_util_2"": {""mean"": 9.997641, ""max"": 9.997641}, ""cpu_util_3"": {""mean"": 9.997641, ""max"": 9.997641}, ""cpu_util_4"": {""mean"": 9.997641, ""max"": 9.997641}, ""cpu_util_5"": {""mean"": 9.997641, ""max"": 9.997641}, ""cpu_util_6"": {""mean"": 9.997641, ""max"": 9.997641}, ""cpu_util_7"": {""mean"": 9.997641, ""max"": 9.997641}, ""cpu_util_8"": {""mean"": 9.997641, ""max"": 9.997641}, ""cpu_util_9"": {""mean"": 9.997641, ""max"": 9.997641}, ""cpu_util_10"": {""mean"": 9.997641, ""max"": 9.997641}, ""cpu_util_11"": {""mean"": 9.997641, ""max"": 9.997641}, ""memory"": {""mean"": 1.085968, ""max"": 1.085968}, ""io_read_count"": {""mean"": 10697.476251, ""max"": 10697.476251}, ""io_write_count"": {""mean"": 19.995283, ""max"": 19.995283}, ""io_read"": {""mean"": 0.0, ""max"": 0.0}, ""io_write"": {""mean"": 0.0, ""max"": 0.0}, ""gpu_util_avg"": {""mean"": 0.0, ""max"": 0.0}, ""gpu_util_min"": {""mean"": 0.0, ""max"": 0.0}, ""gpu_util_max"": {""mean"": 0.0, ""max"": 0.0}, ""gpu_util_0"": {""mean"": 0.0, ""max"": 0.0}, ""gpu_band_avg"": {""mean"": 0.0, ""max"": 0.0}, ""gpu_band_min"": {""mean"": 0.0, ""max"": 0.0}, ""gpu_band_max"": {""mean"": 0.0, ""max"": 0.0}, ""gpu_band_0"": {""mean"": 0.0, ""max"": 0.0}, ""gpu_mem_avg"": {""mean"": 0.0, ""max"": 0.0}, ""gpu_mem_min"": {""mean"": 0.0, ""max"": 0.0}, ""gpu_mem_max"": {""mean"": 0.0, ""max"": 0.0}, ""gpu_mem_0"": {""mean"": 0.0, ""max"": 0.0}}","{""total"": {""kind"": ""scalar"", ""value"": 19998054.402563646}}",,
fat_state,sum,full,full,False,6,0,ok,0.013263,0.350309,,2.9657,2.9799,,{},"{""total"": {""kind"": ""scalar"", ""value"": 19998054.402563646}}",,
fat_state,sum,fork,fork,False,6,1,ok,0.02512,0.0,,0.1817,0.2021,,"{""cpu_util_avg"": {""mean"": 9.994191, ""max"": 9.994191}, ""cpu_util_min"": {""mean"": 9.994191, ""max"": 9.994191}, ""cpu_util_max"": {""mean"": 9.994191, ""max"": 9.994191}, ""cpu_util_0"": {""mean"": 9.994191, ""max"": 9.994191}, ""cpu_util_1"": {""mean"": 9.994191, ""max"": 9.994191}, ""cpu_util_2"": {""mean"": 9.994191, ""max"": 9.994191}, ""cpu_util_3"": {""mean"": 9.994191, ""max"": 9.994191}, ""cpu_util_4"": {""mean"": 9.994191, ""max"": 9.994191}, ""cpu_util_5"": {""mean"": 9.994191, ""max"": 9.994191}, ""cpu_util_6"": {""mean"": 9.994191, ""max"": 9.994191}, ""cpu_util_7"": {""mean"": 9.994191, ""max"": 9.994191}, ""cpu_util_8"": {""mean"": 9.994191, ""max"": 9.994191}, ""cpu_util_9"": {""mean"": 9.994191, ""max"": 9.994191}, ""cpu_util_10"": {""mean"": 9.994191, ""max"": 9.994191}, ""cpu_util_11"": {""mean"": 9.994191, ""max"": 9.994191}, ""memory"": {""mean"": 1.08609, ""max"": 1.08609}, ""io_read_count"": {""mean"": 10693.784345, ""max"": 10693.784345}, ""io_write_count"": {""mean"": 19.988382, ""max"": 19.988382}, ""io_read"": {""mean"": 0.0, ""max"": 0.0}, ""io_write"": {""mean"": 0.0, ""max"": 0.0}, ""gpu_util_avg"": {""mean"": 0.0, ""max"": 0.0}, ""gpu_util_min"": {""mean"": 0.0, ""max"": 0.0}, ""gpu_util_max"": {""mean"": 0.0, ""max"": 0.0}, ""gpu_util_0"": {""mean"": 0.0, ""max"": 0.0}, ""gpu_band_avg"": {""mean"": 0.0, ""max"": 0.0}, ""gpu_band_min"": {""mean"": 0.0, ""max"": 0.0}, ""gpu_band_max"": {""mean"": 0.0, ""max"": 0.0}, ""gpu_band_0"": {""mean"": 0.0, ""max"": 0.0}, ""gpu_mem_avg"": {""mean"": 0.0, ""max"": 0.0}, ""gpu_mem_min"": {""mean"": 0.0, ""max"": 0.0}, ""gpu_mem_max"": {""mean"": 0.0, ""max"": 0.0}, ""gpu_mem_0"": {""mean"": 0.0, ""max"": 0.0}}","{""total"": {""kind"": ""scalar"", ""value"": 19998054.402563646}}",,
fat_state,sum,dill,dill,False,6,2,ok,0.016135,0.0,0.2999,3.15,3.1601,,{},"{""total"": {""kind"": ""scalar"", ""value"": 19998054.402563646}}",,
fat_state,sum,fork,fork,False,7,0,ok,0.026142,0.0,,0.181,0.1966,,"{""cpu_util_avg"": {""mean"": 9.989213, ""max"": 9.989213}, ""cpu_util_min"": {""mean"": 9.989213, ""max"": 9.989213}, ""cpu_util_max"": {""mean"": 9.989213, ""max"": 9.989213}, ""cpu_util_0"": {""mean"": 9.989213, ""max"": 9.989213}, ""cpu_util_1"": {""mean"": 9.989213, ""max"": 9.989213}, ""cpu_util_2"": {""mean"": 9.989213, ""max"": 9.989213}, ""cpu_util_3"": {""mean"": 9.989213, ""max"": 9.989213}, ""cpu_util_4"": {""mean"": 9.989213, ""max"": 9.989213}, ""cpu_util_5"": {""mean"": 9.989213, ""max"": 9.989213}, ""cpu_util_6"": {""mean"": 9.989213, ""max"": 9.989213}, ""cpu_util_7"": {""mean"": 9.989213, ""max"": 9.989213}, ""cpu_util_8"": {""mean"": 9.989213, ""max"": 9.989213}, ""cpu_util_9"": {""mean"": 9.989213, ""max"": 9.989213}, ""cpu_util_10"": {""mean"": 9.989213, ""max"": 9.989213}, ""cpu_util_11"": {""mean"": 9.989213, ""max"": 9.989213}, ""memory"": {""mean"": 1.085968, ""max"": 1.085968}, ""io_read_count"": {""mean"": 10688.458389, ""max"": 10688.458389}, ""io_write_count"": {""mean"": 19.978427, ""max"": 19.978427}, ""io_read"": {""mean"": 0.0, ""max"": 0.0}, ""io_write"": {""mean"": 0.0, ""max"": 0.0}, ""gpu_util_avg"": {""mean"": 0.0, ""max"": 0.0}, ""gpu_util_min"": {""mean"": 0.0, ""max"": 0.0}, ""gpu_util_max"": {""mean"": 0.0, ""max"": 0.0}, ""gpu_util_0"": {""mean"": 0.0, ""max"": 0.0}, ""gpu_band_avg"": {""mean"": 0.0, ""max"": 0.0}, ""gpu_band_min"": {""mean"": 0.0, ""max"": 0.0}, ""gpu_band_max"": {""mean"": 0.0, ""max"": 0.0}, ""gpu_band_0"": {""mean"": 0.0, ""max"": 0.0}, ""gpu_mem_avg"": {""mean"": 0.0, ""max"": 0.0}, ""gpu_mem_min"": {""mean"": 0.0, ""max"": 0.0}, ""gpu_mem_max"": {""mean"": 0.0, ""max"": 0.0}, ""gpu_mem_0"": {""mean"": 0.0, ""max"": 0.0}}","{""total"": {""kind"": ""scalar"", ""value"": 19998054.402563646}}",,
fat_state,sum,dill,dill,False,7,1,ok,0.013621,0.0,0.1855,2.9578,2.9674,,{},"{""total"": {""kind"": ""scalar"", ""value"": 19998054.402563646}}",,
fat_state,sum,full,full,False,7,2,ok,0.014111,0.3434,,2.9184,2.9348,,"{""cpu_util_avg"": {""mean"": 9.994141, ""max"": 9.994141}, ""cpu_util_min"": {""mean"": 9.994141, ""max"": 9.994141}, ""cpu_util_max"": {""mean"": 9.994141, ""max"": 9.994141}, ""cpu_util_0"": {""mean"": 9.994141, ""max"": 9.994141}, ""cpu_util_1"": {""mean"": 9.994141, ""max"": 9.994141}, ""cpu_util_2"": {""mean"": 9.994141, ""max"": 9.994141}, ""cpu_util_3"": {""mean"": 9.994141, ""max"": 9.994141}, ""cpu_util_4"": {""mean"": 9.994141, ""max"": 9.994141}, ""cpu_util_5"": {""mean"": 9.994141, ""max"": 9.994141}, ""cpu_util_6"": {""mean"": 9.994141, ""max"": 9.994141}, ""cpu_util_7"": {""mean"": 9.994141, ""max"": 9.994141}, ""cpu_util_8"": {""mean"": 9.994141, ""max"": 9.994141}, ""cpu_util_9"": {""mean"": 9.994141, ""max"": 9.994141}, ""cpu_util_10"": {""mean"": 9.994141, ""max"": 9.994141}, ""cpu_util_11"": {""mean"": 9.994141, ""max"": 9.994141}, ""memory"": {""mean"": 0.510139, ""max"": 0.510139}, ""io_read_count"": {""mean"": 10633.766486, ""max"": 10633.766486}, ""io_write_count"": {""mean"": 19.988283, ""max"": 19.988283}, ""io_read"": {""mean"": 0.0, ""max"": 0.0}, ""io_write"": {""mean"": 0.0, ""max"": 0.0}, ""gpu_util_avg"": {""mean"": 0.0, ""max"": 0.0}, ""gpu_util_min"": {""mean"": 0.0, ""max"": 0.0}, ""gpu_util_max"": {""mean"": 0.0, ""max"": 0.0}, ""gpu_util_0"": {""mean"": 0.0, ""max"": 0.0}, ""gpu_band_avg"": {""mean"": 0.0, ""max"": 0.0}, ""gpu_band_min"": {""mean"": 0.0, ""max"": 0.0}, ""gpu_band_max"": {""mean"": 0.0, ""max"": 0.0}, ""gpu_band_0"": {""mean"": 0.0, ""max"": 0.0}, ""gpu_mem_avg"": {""mean"": 0.0, ""max"": 0.0}, ""gpu_mem_min"": {""mean"": 0.0, ""max"": 0.0}, ""gpu_mem_max"": {""mean"": 0.0, ""max"": 0.0}, ""gpu_mem_0"": {""mean"": 0.0, ""max"": 0.0}}","{""total"": {""kind"": ""scalar"", ""value"": 19998054.402563646}}",,
fat_state,sum,dill,dill,False,8,0,ok,0.015312,0.0,0.2707,3.1527,3.1661,,{},"{""total"": {""kind"": ""scalar"", ""value"": 19998054.402563646}}",,
fat_state,sum,full,full,False,8,1,ok,0.01306,0.317573,,2.9478,2.9628,,{},"{""total"": {""kind"": ""scalar"", ""value"": 19998054.402563646}}",,
fat_state,sum,fork,fork,False,8,2,ok,0.036757,0.0,,0.187,0.2027,,"{""cpu_util_avg"": {""mean"": 9.997938, ""max"": 9.997938}, ""cpu_util_min"": {""mean"": 9.997938, ""max"": 9.997938}, ""cpu_util_max"": {""mean"": 9.997938, ""max"": 9.997938}, ""cpu_util_0"": {""mean"": 9.997938, ""max"": 9.997938}, ""cpu_util_1"": {""mean"": 9.997938, ""max"": 9.997938}, ""cpu_util_2"": {""mean"": 9.997938, ""max"": 9.997938}, ""cpu_util_3"": {""mean"": 9.997938, ""max"": 9.997938}, ""cpu_util_4"": {""mean"": 9.997938, ""max"": 9.997938}, ""cpu_util_5"": {""mean"": 9.997938, ""max"": 9.997938}, ""cpu_util_6"": {""mean"": 9.997938, ""max"": 9.997938}, ""cpu_util_7"": {""mean"": 9.997938, ""max"": 9.997938}, ""cpu_util_8"": {""mean"": 9.997938, ""max"": 9.997938}, ""cpu_util_9"": {""mean"": 9.997938, ""max"": 9.997938}, ""cpu_util_10"": {""mean"": 9.997938, ""max"": 9.997938}, ""cpu_util_11"": {""mean"": 9.997938, ""max"": 9.997938}, ""memory"": {""mean"": 1.085968, ""max"": 1.085968}, ""io_read_count"": {""mean"": 10697.793901, ""max"": 10697.793901}, ""io_write_count"": {""mean"": 19.995876, ""max"": 19.995876}, ""io_read"": {""mean"": 0.0, ""max"": 0.0}, ""io_write"": {""mean"": 0.0, ""max"": 0.0}, ""gpu_util_avg"": {""mean"": 0.0, ""max"": 0.0}, ""gpu_util_min"": {""mean"": 0.0, ""max"": 0.0}, ""gpu_util_max"": {""mean"": 0.0, ""max"": 0.0}, ""gpu_util_0"": {""mean"": 0.0, ""max"": 0.0}, ""gpu_band_avg"": {""mean"": 0.0, ""max"": 0.0}, ""gpu_band_min"": {""mean"": 0.0, ""max"": 0.0}, ""gpu_band_max"": {""mean"": 0.0, ""max"": 0.0}, ""gpu_band_0"": {""mean"": 0.0, ""max"": 0.0}, ""gpu_mem_avg"": {""mean"": 0.0, ""max"": 0.0}, ""gpu_mem_min"": {""mean"": 0.0, ""max"": 0.0}, ""gpu_mem_max"": {""mean"": 0.0, ""max"": 0.0}, ""gpu_mem_0"": {""mean"": 0.0, ""max"": 0.0}}","{""total"": {""kind"": ""scalar"", ""value"": 19998054.402563646}}",,
fat_state,sum,full,full,False,9,0,ok,0.013558,0.332677,,2.8745,2.8906,,"{""cpu_util_avg"": {""mean"": 9.993972, ""max"": 9.993972}, ""cpu_util_min"": {""mean"": 9.993972, ""max"": 9.993972}, ""cpu_util_max"": {""mean"": 9.993972, ""max"": 9.993972}, ""cpu_util_0"": {""mean"": 9.993972, ""max"": 9.993972}, ""cpu_util_1"": {""mean"": 9.993972, ""max"": 9.993972}, ""cpu_util_2"": {""mean"": 9.993972, ""max"": 9.993972}, ""cpu_util_3"": {""mean"": 9.993972, ""max"": 9.993972}, ""cpu_util_4"": {""mean"": 9.993972, ""max"": 9.993972}, ""cpu_util_5"": {""mean"": 9.993972, ""max"": 9.993972}, ""cpu_util_6"": {""mean"": 9.993972, ""max"": 9.993972}, ""cpu_util_7"": {""mean"": 9.993972, ""max"": 9.993972}, ""cpu_util_8"": {""mean"": 9.993972, ""max"": 9.993972}, ""cpu_util_9"": {""mean"": 9.993972, ""max"": 9.993972}, ""cpu_util_10"": {""mean"": 9.993972, ""max"": 9.993972}, ""cpu_util_11"": {""mean"": 9.993972, ""max"": 9.993972}, ""memory"": {""mean"": 0.508282, ""max"": 0.508282}, ""io_read_count"": {""mean"": 10833.465254, ""max"": 10833.465254}, ""io_write_count"": {""mean"": 39.975887, ""max"": 39.975887}, ""io_read"": {""mean"": 0.0, ""max"": 0.0}, ""io_write"": {""mean"": 81870.615644, ""max"": 81870.615644}, ""gpu_util_avg"": {""mean"": 0.0, ""max"": 0.0}, ""gpu_util_min"": {""mean"": 0.0, ""max"": 0.0}, ""gpu_util_max"": {""mean"": 0.0, ""max"": 0.0}, ""gpu_util_0"": {""mean"": 0.0, ""max"": 0.0}, ""gpu_band_avg"": {""mean"": 0.0, ""max"": 0.0}, ""gpu_band_min"": {""mean"": 0.0, ""max"": 0.0}, ""gpu_band_max"": {""mean"": 0.0, ""max"": 0.0}, ""gpu_band_0"": {""mean"": 0.0, ""max"": 0.0}, ""gpu_mem_avg"": {""mean"": 0.0, ""max"": 0.0}, ""gpu_mem_min"": {""mean"": 0.0, ""max"": 0.0}, ""gpu_mem_max"": {""mean"": 0.0, ""max"": 0.0}, ""gpu_mem_0"": {""mean"": 0.0, ""max"": 0.0}}","{""total"": {""kind"": ""scalar"", ""value"": 19998054.402563646}}",,
fat_state,sum,fork,fork,False,9,1,ok,0.024645,0.0,,0.1705,0.1858,,"{""cpu_util_avg"": {""mean"": 11.660046, ""max"": 11.660046}, ""cpu_util_min"": {""mean"": 11.660046, ""max"": 11.660046}, ""cpu_util_max"": {""mean"": 11.660046, ""max"": 11.660046}, ""cpu_util_0"": {""mean"": 11.660046, ""max"": 11.660046}, ""cpu_util_1"": {""mean"": 11.660046, ""max"": 11.660046}, ""cpu_util_2"": {""mean"": 11.660046, ""max"": 11.660046}, ""cpu_util_3"": {""mean"": 11.660046, ""max"": 11.660046}, ""cpu_util_4"": {""mean"": 11.660046, ""max"": 11.660046}, ""cpu_util_5"": {""mean"": 11.660046, ""max"": 11.660046}, ""cpu_util_6"": {""mean"": 11.660046, ""max"": 11.660046}, ""cpu_util_7"": {""mean"": 11.660046, ""max"": 11.660046}, ""cpu_util_8"": {""mean"": 11.660046, ""max"": 11.660046}, ""cpu_util_9"": {""mean"": 11.660046, ""max"": 11.660046}, ""cpu_util_10"": {""mean"": 11.660046, ""max"": 11.660046}, ""cpu_util_11"": {""mean"": 11.660046, ""max"": 11.660046}, ""memory"": {""mean"": 1.086334, ""max"": 1.086334}, ""io_read_count"": {""mean"": 11053.723254, ""max"": 11053.723254}, ""io_write_count"": {""mean"": 19.98865, ""max"": 19.98865}, ""io_read"": {""mean"": 0.0, ""max"": 0.0}, ""io_write"": {""mean"": 0.0, ""max"": 0.0}, ""gpu_util_avg"": {""mean"": 0.0, ""max"": 0.0}, ""gpu_util_min"": {""mean"": 0.0, ""max"": 0.0}, ""gpu_util_max"": {""mean"": 0.0, ""max"": 0.0}, ""gpu_util_0"": {""mean"": 0.0, ""max"": 0.0}, ""gpu_band_avg"": {""mean"": 0.0, ""max"": 0.0}, ""gpu_band_min"": {""mean"": 0.0, ""max"": 0.0}, ""gpu_band_max"": {""mean"": 0.0, ""max"": 0.0}, ""gpu_band_0"": {""mean"": 0.0, ""max"": 0.0}, ""gpu_mem_avg"": {""mean"": 0.0, ""max"": 0.0}, ""gpu_mem_min"": {""mean"": 0.0, ""max"": 0.0}, ""gpu_mem_max"": {""mean"": 0.0, ""max"": 0.0}, ""gpu_mem_0"": {""mean"": 0.0, ""max"": 0.0}}","{""total"": {""kind"": ""scalar"", ""value"": 19998054.402563646}}",,
fat_state,sum,dill,dill,False,9,2,ok,0.013049,0.0,0.1677,2.8311,2.8407,,{},"{""total"": {""kind"": ""scalar"", ""value"": 19998054.402563646}}",,
fat_state,sum,fork,fork,False,10,0,ok,0.02475,0.0,,0.1768,0.1935,,"{""cpu_util_avg"": {""mean"": 8.326606, ""max"": 8.326606}, ""cpu_util_min"": {""mean"": 8.326606, ""max"": 8.326606}, ""cpu_util_max"": {""mean"": 8.326606, ""max"": 8.326606}, ""cpu_util_0"": {""mean"": 8.326606, ""max"": 8.326606}, ""cpu_util_1"": {""mean"": 8.326606, ""max"": 8.326606}, ""cpu_util_2"": {""mean"": 8.326606, ""max"": 8.326606}, ""cpu_util_3"": {""mean"": 8.326606, ""max"": 8.326606}, ""cpu_util_4"": {""mean"": 8.326606, ""max"": 8.326606}, ""cpu_util_5"": {""mean"": 8.326606, ""max"": 8.326606}, ""cpu_util_6"": {""mean"": 8.326606, ""max"": 8.326606}, ""cpu_util_7"": {""mean"": 8.326606, ""max"": 8.326606}, ""cpu_util_8"": {""mean"": 8.326606, ""max"": 8.326606}, ""cpu_util_9"": {""mean"": 8.326606, ""max"": 8.326606}, ""cpu_util_10"": {""mean"": 8.326606, ""max"": 8.326606}, ""cpu_util_11"": {""mean"": 8.326606, ""max"": 8.326606}, ""memory"": {""mean"": 1.086334, ""max"": 1.086334}, ""io_read_count"": {""mean"": 10691.362448, ""max"": 10691.362448}, ""io_write_count"": {""mean"": 19.983855, ""max"": 19.983855}, ""io_read"": {""mean"": 0.0, ""max"": 0.0}, ""io_write"": {""mean"": 0.0, ""max"": 0.0}, ""gpu_util_avg"": {""mean"": 0.0, ""max"": 0.0}, ""gpu_util_min"": {""mean"": 0.0, ""max"": 0.0}, ""gpu_util_max"": {""mean"": 0.0, ""max"": 0.0}, ""gpu_util_0"": {""mean"": 0.0, ""max"": 0.0}, ""gpu_band_avg"": {""mean"": 0.0, ""max"": 0.0}, ""gpu_band_min"": {""mean"": 0.0, ""max"": 0.0}, ""gpu_band_max"": {""mean"": 0.0, ""max"": 0.0}, ""gpu_band_0"": {""mean"": 0.0, ""max"": 0.0}, ""gpu_mem_avg"": {""mean"": 0.0, ""max"": 0.0}, ""gpu_mem_min"": {""mean"": 0.0, ""max"": 0.0}, ""gpu_mem_max"": {""mean"": 0.0, ""max"": 0.0}, ""gpu_mem_0"": {""mean"": 0.0, ""max"": 0.0}}","{""total"": {""kind"": ""scalar"", ""value"": 19998054.402563646}}",,
fat_state,sum,dill,dill,False,10,1,ok,0.01342,0.0,0.255,2.9287,2.9377,,{},"{""total"": {""kind"": ""scalar"", ""value"": 19998054.402563646}}",,
fat_state,sum,full,full,False,10,2,ok,0.013642,0.346188,,2.9058,2.9195,,{},"{""total"": {""kind"": ""scalar"", ""value"": 19998054.402563646}}",,
view_alias,write_through,full,full,False,0,0,ok,0.008625,0.04241,,2.7613,2.778,,"{""cpu_util_avg"": {""mean"": 8.299995, ""max"": 8.299995}, ""cpu_util_min"": {""mean"": 8.299995, ""max"": 8.299995}, ""cpu_util_max"": {""mean"": 8.299995, ""max"": 8.299995}, ""cpu_util_0"": {""mean"": 8.299995, ""max"": 8.299995}, ""cpu_util_1"": {""mean"": 8.299995, ""max"": 8.299995}, ""cpu_util_2"": {""mean"": 8.299995, ""max"": 8.299995}, ""cpu_util_3"": {""mean"": 8.299995, ""max"": 8.299995}, ""cpu_util_4"": {""mean"": 8.299995, ""max"": 8.299995}, ""cpu_util_5"": {""mean"": 8.299995, ""max"": 8.299995}, ""cpu_util_6"": {""mean"": 8.299995, ""max"": 8.299995}, ""cpu_util_7"": {""mean"": 8.299995, ""max"": 8.299995}, ""cpu_util_8"": {""mean"": 8.299995, ""max"": 8.299995}, ""cpu_util_9"": {""mean"": 8.299995, ""max"": 8.299995}, ""cpu_util_10"": {""mean"": 8.299995, ""max"": 8.299995}, ""cpu_util_11"": {""mean"": 8.299995, ""max"": 8.299995}, ""memory"": {""mean"": 0.284893, ""max"": 0.284893}, ""io_read_count"": {""mean"": 0.0, ""max"": 0.0}, ""io_write_count"": {""mean"": 0.0, ""max"": 0.0}, ""io_read"": {""mean"": 0.0, ""max"": 0.0}, ""io_write"": {""mean"": 0.0, ""max"": 0.0}, ""gpu_util_avg"": {""mean"": 0.0, ""max"": 0.0}, ""gpu_util_min"": {""mean"": 0.0, ""max"": 0.0}, ""gpu_util_max"": {""mean"": 0.0, ""max"": 0.0}, ""gpu_util_0"": {""mean"": 0.0, ""max"": 0.0}, ""gpu_band_avg"": {""mean"": 0.0, ""max"": 0.0}, ""gpu_band_min"": {""mean"": 0.0, ""max"": 0.0}, ""gpu_band_max"": {""mean"": 0.0, ""max"": 0.0}, ""gpu_band_0"": {""mean"": 0.0, ""max"": 0.0}, ""gpu_mem_avg"": {""mean"": 0.0, ""max"": 0.0}, ""gpu_mem_min"": {""mean"": 0.0, ""max"": 0.0}, ""gpu_mem_max"": {""mean"": 0.0, ""max"": 0.0}, ""gpu_mem_0"": {""mean"": 0.0, ""max"": 0.0}}","{""base"": {""kind"": ""array"", ""shape"": [10000000], ""dtype"": ""float64"", ""mean"": 2.0, ""std"": 0.0, ""min"": 2.0, ""max"": 2.0}, ""total"": {""kind"": ""scalar"", ""value"": 10000000.0}}",,
view_alias,write_through,fork,fork,False,0,1,ok,0.059301,0.0,,0.3264,0.3433,19552.0,"{""cpu_util_avg"": {""mean"": 9.987906, ""max"": 9.987906}, ""cpu_util_min"": {""mean"": 9.987906, ""max"": 9.987906}, ""cpu_util_max"": {""mean"": 9.987906, ""max"": 9.987906}, ""cpu_util_0"": {""mean"": 9.987906, ""max"": 9.987906}, ""cpu_util_1"": {""mean"": 9.987906, ""max"": 9.987906}, ""cpu_util_2"": {""mean"": 9.987906, ""max"": 9.987906}, ""cpu_util_3"": {""mean"": 9.987906, ""max"": 9.987906}, ""cpu_util_4"": {""mean"": 9.987906, ""max"": 9.987906}, ""cpu_util_5"": {""mean"": 9.987906, ""max"": 9.987906}, ""cpu_util_6"": {""mean"": 9.987906, ""max"": 9.987906}, ""cpu_util_7"": {""mean"": 9.987906, ""max"": 9.987906}, ""cpu_util_8"": {""mean"": 9.987906, ""max"": 9.987906}, ""cpu_util_9"": {""mean"": 9.987906, ""max"": 9.987906}, ""cpu_util_10"": {""mean"": 9.987906, ""max"": 9.987906}, ""cpu_util_11"": {""mean"": 9.987906, ""max"": 9.987906}, ""memory"": {""mean"": 0.637108, ""max"": 0.637108}, ""io_read_count"": {""mean"": 10687.059894, ""max"": 10687.059894}, ""io_write_count"": {""mean"": 19.975813, ""max"": 19.975813}, ""io_read"": {""mean"": 0.0, ""max"": 0.0}, ""io_write"": {""mean"": 0.0, ""max"": 0.0}, ""gpu_util_avg"": {""mean"": 0.0, ""max"": 0.0}, ""gpu_util_min"": {""mean"": 0.0, ""max"": 0.0}, ""gpu_util_max"": {""mean"": 0.0, ""max"": 0.0}, ""gpu_util_0"": {""mean"": 0.0, ""max"": 0.0}, ""gpu_band_avg"": {""mean"": 0.0, ""max"": 0.0}, ""gpu_band_min"": {""mean"": 0.0, ""max"": 0.0}, ""gpu_band_max"": {""mean"": 0.0, ""max"": 0.0}, ""gpu_band_0"": {""mean"": 0.0, ""max"": 0.0}, ""gpu_mem_avg"": {""mean"": 0.0, ""max"": 0.0}, ""gpu_mem_min"": {""mean"": 0.0, ""max"": 0.0}, ""gpu_mem_max"": {""mean"": 0.0, ""max"": 0.0}, ""gpu_mem_0"": {""mean"": 0.0, ""max"": 0.0}}","{""base"": {""kind"": ""array"", ""shape"": [10000000], ""dtype"": ""float64"", ""mean"": 2.0, ""std"": 0.0, ""min"": 2.0, ""max"": 2.0}, ""total"": {""kind"": ""scalar"", ""value"": 10000000.0}}","[JUmPER]: a benchmark measurement spent at least 9ms of its 59ms on 19552 page faults - the cost of touching memory inherited from the prefix rather than of the cell itself. Cells working over large Python objects are affected most, and the timing understates them. Re-run with --replay-mode full for a number that does not carry this.",
view_alias,write_through,dill,dill,False,0,2,ok,0.008771,0.0,0.0812,3.0737,3.088,,{},"{""base"": {""kind"": ""array"", ""shape"": [10000000], ""dtype"": ""float64"", ""mean"": 2.0, ""std"": 0.0, ""min"": 2.0, ""max"": 2.0}, ""total"": {""kind"": ""scalar"", ""value"": 5000000.0}}",,
view_alias,write_through,fork,fork,False,1,0,ok,0.055267,0.0,,0.2798,0.2964,19552.0,"{""cpu_util_avg"": {""mean"": 10.007983, ""max"": 10.007983}, ""cpu_util_min"": {""mean"": 10.007983, ""max"": 10.007983}, ""cpu_util_max"": {""mean"": 10.007983, ""max"": 10.007983}, ""cpu_util_0"": {""mean"": 10.007983, ""max"": 10.007983}, ""cpu_util_1"": {""mean"": 10.007983, ""max"": 10.007983}, ""cpu_util_2"": {""mean"": 10.007983, ""max"": 10.007983}, ""cpu_util_3"": {""mean"": 10.007983, ""max"": 10.007983}, ""cpu_util_4"": {""mean"": 10.007983, ""max"": 10.007983}, ""cpu_util_5"": {""mean"": 10.007983, ""max"": 10.007983}, ""cpu_util_6"": {""mean"": 10.007983, ""max"": 10.007983}, ""cpu_util_7"": {""mean"": 10.007983, ""max"": 10.007983}, ""cpu_util_8"": {""mean"": 10.007983, ""max"": 10.007983}, ""cpu_util_9"": {""mean"": 10.007983, ""max"": 10.007983}, ""cpu_util_10"": {""mean"": 10.007983, ""max"": 10.007983}, ""cpu_util_11"": {""mean"": 10.007983, ""max"": 10.007983}, ""memory"": {""mean"": 0.63784, ""max"": 0.63784}, ""io_read_count"": {""mean"": 10708.54199, ""max"": 10708.54199}, ""io_write_count"": {""mean"": 20.015966, ""max"": 20.015966}, ""io_read"": {""mean"": 0.0, ""max"": 0.0}, ""io_write"": {""mean"": 0.0, ""max"": 0.0}, ""gpu_util_avg"": {""mean"": 0.0, ""max"": 0.0}, ""gpu_util_min"": {""mean"": 0.0, ""max"": 0.0}, ""gpu_util_max"": {""mean"": 0.0, ""max"": 0.0}, ""gpu_util_0"": {""mean"": 0.0, ""max"": 0.0}, ""gpu_band_avg"": {""mean"": 0.0, ""max"": 0.0}, ""gpu_band_min"": {""mean"": 0.0, ""max"": 0.0}, ""gpu_band_max"": {""mean"": 0.0, ""max"": 0.0}, ""gpu_band_0"": {""mean"": 0.0, ""max"": 0.0}, ""gpu_mem_avg"": {""mean"": 0.0, ""max"": 0.0}, ""gpu_mem_min"": {""mean"": 0.0, ""max"": 0.0}, ""gpu_mem_max"": {""mean"": 0.0, ""max"": 0.0}, ""gpu_mem_0"": {""mean"": 0.0, ""max"": 0.0}}","{""base"": {""kind"": ""array"", ""shape"": [10000000], ""dtype"": ""float64"", ""mean"": 2.0, ""std"": 0.0, ""min"": 2.0, ""max"": 2.0}, ""total"": {""kind"": ""scalar"", ""value"": 10000000.0}}","[JUmPER]: a benchmark measurement spent at least 9ms of its 55ms on 19552 page faults - the cost of touching memory inherited from the prefix rather than of the cell itself. Cells working over large Python objects are affected most, and the timing understates them. Re-run with --replay-mode full for a number that does not carry this.",
view_alias,write_through,dill,dill,False,1,1,ok,0.007355,0.0,0.1198,2.8877,2.9011,,{},"{""base"": {""kind"": ""array"", ""shape"": [10000000], ""dtype"": ""float64"", ""mean"": 2.0, ""std"": 0.0, ""min"": 2.0, ""max"": 2.0}, ""total"": {""kind"": ""scalar"", ""value"": 5000000.0}}",,
view_alias,write_through,full,full,False,1,2,ok,0.007427,0.073767,,2.8385,2.8539,,{},"{""base"": {""kind"": ""array"", ""shape"": [10000000], ""dtype"": ""float64"", ""mean"": 2.0, ""std"": 0.0, ""min"": 2.0, ""max"": 2.0}, ""total"": {""kind"": ""scalar"", ""value"": 10000000.0}}",,
view_alias,write_through,dill,dill,False,2,0,ok,0.007684,0.0,0.0649,2.8898,2.9023,,{},"{""base"": {""kind"": ""array"", ""shape"": [10000000], ""dtype"": ""float64"", ""mean"": 2.0, ""std"": 0.0, ""min"": 2.0, ""max"": 2.0}, ""total"": {""kind"": ""scalar"", ""value"": 5000000.0}}",,
view_alias,write_through,full,full,False,2,1,ok,0.00706,0.061435,,2.6765,2.6918,,{},"{""base"": {""kind"": ""array"", ""shape"": [10000000], ""dtype"": ""float64"", ""mean"": 2.0, ""std"": 0.0, ""min"": 2.0, ""max"": 2.0}, ""total"": {""kind"": ""scalar"", ""value"": 10000000.0}}",,
view_alias,write_through,fork,fork,False,2,2,ok,0.053428,0.0,,0.2702,0.2856,19552.0,"{""cpu_util_avg"": {""mean"": 10.009569, ""max"": 10.009569}, ""cpu_util_min"": {""mean"": 10.009569, ""max"": 10.009569}, ""cpu_util_max"": {""mean"": 10.009569, ""max"": 10.009569}, ""cpu_util_0"": {""mean"": 10.009569, ""max"": 10.009569}, ""cpu_util_1"": {""mean"": 10.009569, ""max"": 10.009569}, ""cpu_util_2"": {""mean"": 10.009569, ""max"": 10.009569}, ""cpu_util_3"": {""mean"": 10.009569, ""max"": 10.009569}, ""cpu_util_4"": {""mean"": 10.009569, ""max"": 10.009569}, ""cpu_util_5"": {""mean"": 10.009569, ""max"": 10.009569}, ""cpu_util_6"": {""mean"": 10.009569, ""max"": 10.009569}, ""cpu_util_7"": {""mean"": 10.009569, ""max"": 10.009569}, ""cpu_util_8"": {""mean"": 10.009569, ""max"": 10.009569}, ""cpu_util_9"": {""mean"": 10.009569, ""max"": 10.009569}, ""cpu_util_10"": {""mean"": 10.009569, ""max"": 10.009569}, ""cpu_util_11"": {""mean"": 10.009569, ""max"": 10.009569}, ""memory"": {""mean"": 0.63784, ""max"": 0.63784}, ""io_read_count"": {""mean"": 10710.23856, ""max"": 10710.23856}, ""io_write_count"": {""mean"": 20.019137, ""max"": 20.019137}, ""io_read"": {""mean"": 0.0, ""max"": 0.0}, ""io_write"": {""mean"": 0.0, ""max"": 0.0}, ""gpu_util_avg"": {""mean"": 0.0, ""max"": 0.0}, ""gpu_util_min"": {""mean"": 0.0, ""max"": 0.0}, ""gpu_util_max"": {""mean"": 0.0, ""max"": 0.0}, ""gpu_util_0"": {""mean"": 0.0, ""max"": 0.0}, ""gpu_band_avg"": {""mean"": 0.0, ""max"": 0.0}, ""gpu_band_min"": {""mean"": 0.0, ""max"": 0.0}, ""gpu_band_max"": {""mean"": 0.0, ""max"": 0.0}, ""gpu_band_0"": {""mean"": 0.0, ""max"": 0.0}, ""gpu_mem_avg"": {""mean"": 0.0, ""max"": 0.0}, ""gpu_mem_min"": {""mean"": 0.0, ""max"": 0.0}, ""gpu_mem_max"": {""mean"": 0.0, ""max"": 0.0}, ""gpu_mem_0"": {""mean"": 0.0, ""max"": 0.0}}","{""base"": {""kind"": ""array"", ""shape"": [10000000], ""dtype"": ""float64"", ""mean"": 2.0, ""std"": 0.0, ""min"": 2.0, ""max"": 2.0}, ""total"": {""kind"": ""scalar"", ""value"": 10000000.0}}","[JUmPER]: a benchmark measurement spent at least 9ms of its 53ms on 19552 page faults - the cost of touching memory inherited from the prefix rather than of the cell itself. Cells working over large Python objects are affected most, and the timing understates them. Re-run with --replay-mode full for a number that does not carry this.",
view_alias,write_through,full,full,False,3,0,ok,0.008221,0.066247,,2.5863,2.5995,,{},"{""base"": {""kind"": ""array"", ""shape"": [10000000], ""dtype"": ""float64"", ""mean"": 2.0, ""std"": 0.0, ""min"": 2.0, ""max"": 2.0}, ""total"": {""kind"": ""scalar"", ""value"": 10000000.0}}",,
view_alias,write_through,fork,fork,False,3,1,ok,0.057026,0.0,,0.2909,0.3069,19552.0,"{""cpu_util_avg"": {""mean"": 10.000238, ""max"": 10.000238}, ""cpu_util_min"": {""mean"": 10.000238, ""max"": 10.000238}, ""cpu_util_max"": {""mean"": 10.000238, ""max"": 10.000238}, ""cpu_util_0"": {""mean"": 10.000238, ""max"": 10.000238}, ""cpu_util_1"": {""mean"": 10.000238, ""max"": 10.000238}, ""cpu_util_2"": {""mean"": 10.000238, ""max"": 10.000238}, ""cpu_util_3"": {""mean"": 10.000238, ""max"": 10.000238}, ""cpu_util_4"": {""mean"": 10.000238, ""max"": 10.000238}, ""cpu_util_5"": {""mean"": 10.000238, ""max"": 10.000238}, ""cpu_util_6"": {""mean"": 10.000238, ""max"": 10.000238}, ""cpu_util_7"": {""mean"": 10.000238, ""max"": 10.000238}, ""cpu_util_8"": {""mean"": 10.000238, ""max"": 10.000238}, ""cpu_util_9"": {""mean"": 10.000238, ""max"": 10.000238}, ""cpu_util_10"": {""mean"": 10.000238, ""max"": 10.000238}, ""cpu_util_11"": {""mean"": 10.000238, ""max"": 10.000238}, ""memory"": {""mean"": 0.637962, ""max"": 0.637962}, ""io_read_count"": {""mean"": 10700.254666, ""max"": 10700.254666}, ""io_write_count"": {""mean"": 20.000476, ""max"": 20.000476}, ""io_read"": {""mean"": 0.0, ""max"": 0.0}, ""io_write"": {""mean"": 0.0, ""max"": 0.0}, ""gpu_util_avg"": {""mean"": 0.0, ""max"": 0.0}, ""gpu_util_min"": {""mean"": 0.0, ""max"": 0.0}, ""gpu_util_max"": {""mean"": 0.0, ""max"": 0.0}, ""gpu_util_0"": {""mean"": 0.0, ""max"": 0.0}, ""gpu_band_avg"": {""mean"": 0.0, ""max"": 0.0}, ""gpu_band_min"": {""mean"": 0.0, ""max"": 0.0}, ""gpu_band_max"": {""mean"": 0.0, ""max"": 0.0}, ""gpu_band_0"": {""mean"": 0.0, ""max"": 0.0}, ""gpu_mem_avg"": {""mean"": 0.0, ""max"": 0.0}, ""gpu_mem_min"": {""mean"": 0.0, ""max"": 0.0}, ""gpu_mem_max"": {""mean"": 0.0, ""max"": 0.0}, ""gpu_mem_0"": {""mean"": 0.0, ""max"": 0.0}}","{""base"": {""kind"": ""array"", ""shape"": [10000000], ""dtype"": ""float64"", ""mean"": 2.0, ""std"": 0.0, ""min"": 2.0, ""max"": 2.0}, ""total"": {""kind"": ""scalar"", ""value"": 10000000.0}}","[JUmPER]: a benchmark measurement spent at least 9ms of its 57ms on 19552 page faults - the cost of touching memory inherited from the prefix rather than of the cell itself. Cells working over large Python objects are affected most, and the timing understates them. Re-run with --replay-mode full for a number that does not carry this.",
view_alias,write_through,dill,dill,False,3,2,ok,0.00704,0.0,0.0763,2.7708,2.7834,,{},"{""base"": {""kind"": ""array"", ""shape"": [10000000], ""dtype"": ""float64"", ""mean"": 2.0, ""std"": 0.0, ""min"": 2.0, ""max"": 2.0}, ""total"": {""kind"": ""scalar"", ""value"": 5000000.0}}",,
view_alias,write_through,fork,fork,False,4,0,ok,0.051932,0.0,,0.2709,0.2914,19552.0,"{""cpu_util_avg"": {""mean"": 8.333513, ""max"": 8.333513}, ""cpu_util_min"": {""mean"": 8.333513, ""max"": 8.333513}, ""cpu_util_max"": {""mean"": 8.333513, ""max"": 8.333513}, ""cpu_util_0"": {""mean"": 8.333513, ""max"": 8.333513}, ""cpu_util_1"": {""mean"": 8.333513, ""max"": 8.333513}, ""cpu_util_2"": {""mean"": 8.333513, ""max"": 8.333513}, ""cpu_util_3"": {""mean"": 8.333513, ""max"": 8.333513}, ""cpu_util_4"": {""mean"": 8.333513, ""max"": 8.333513}, ""cpu_util_5"": {""mean"": 8.333513, ""max"": 8.333513}, ""cpu_util_6"": {""mean"": 8.333513, ""max"": 8.333513}, ""cpu_util_7"": {""mean"": 8.333513, ""max"": 8.333513}, ""cpu_util_8"": {""mean"": 8.333513, ""max"": 8.333513}, ""cpu_util_9"": {""mean"": 8.333513, ""max"": 8.333513}, ""cpu_util_10"": {""mean"": 8.333513, ""max"": 8.333513}, ""cpu_util_11"": {""mean"": 8.333513, ""max"": 8.333513}, ""memory"": {""mean"": 0.638084, ""max"": 0.638084}, ""io_read_count"": {""mean"": 10700.230055, ""max"": 10700.230055}, ""io_write_count"": {""mean"": 20.00043, ""max"": 20.00043}, ""io_read"": {""mean"": 0.0, ""max"": 0.0}, ""io_write"": {""mean"": 0.0, ""max"": 0.0}, ""gpu_util_avg"": {""mean"": 0.0, ""max"": 0.0}, ""gpu_util_min"": {""mean"": 0.0, ""max"": 0.0}, ""gpu_util_max"": {""mean"": 0.0, ""max"": 0.0}, ""gpu_util_0"": {""mean"": 0.0, ""max"": 0.0}, ""gpu_band_avg"": {""mean"": 0.0, ""max"": 0.0}, ""gpu_band_min"": {""mean"": 0.0, ""max"": 0.0}, ""gpu_band_max"": {""mean"": 0.0, ""max"": 0.0}, ""gpu_band_0"": {""mean"": 0.0, ""max"": 0.0}, ""gpu_mem_avg"": {""mean"": 0.0, ""max"": 0.0}, ""gpu_mem_min"": {""mean"": 0.0, ""max"": 0.0}, ""gpu_mem_max"": {""mean"": 0.0, ""max"": 0.0}, ""gpu_mem_0"": {""mean"": 0.0, ""max"": 0.0}}","{""base"": {""kind"": ""array"", ""shape"": [10000000], ""dtype"": ""float64"", ""mean"": 2.0, ""std"": 0.0, ""min"": 2.0, ""max"": 2.0}, ""total"": {""kind"": ""scalar"", ""value"": 10000000.0}}","[JUmPER]: a benchmark measurement spent at least 9ms of its 52ms on 19552 page faults - the cost of touching memory inherited from the prefix rather than of the cell itself. Cells working over large Python objects are affected most, and the timing understates them. Re-run with --replay-mode full for a number that does not carry this.",
view_alias,write_through,dill,dill,False,4,1,ok,0.00774,0.0,0.0646,2.9322,2.948,,{},"{""base"": {""kind"": ""array"", ""shape"": [10000000], ""dtype"": ""float64"", ""mean"": 2.0, ""std"": 0.0, ""min"": 2.0, ""max"": 2.0}, ""total"": {""kind"": ""scalar"", ""value"": 5000000.0}}",,
view_alias,write_through,full,full,False,4,2,ok,0.007507,0.06756,,2.7532,2.7673,,{},"{""base"": {""kind"": ""array"", ""shape"": [10000000], ""dtype"": ""float64"", ""mean"": 2.0, ""std"": 0.0, ""min"": 2.0, ""max"": 2.0}, ""total"": {""kind"": ""scalar"", ""value"": 10000000.0}}",,
view_alias,write_through,dill,dill,False,5,0,ok,0.007336,0.0,0.065,2.7848,2.7986,,{},"{""base"": {""kind"": ""array"", ""shape"": [10000000], ""dtype"": ""float64"", ""mean"": 2.0, ""std"": 0.0, ""min"": 2.0, ""max"": 2.0}, ""total"": {""kind"": ""scalar"", ""value"": 5000000.0}}",,
view_alias,write_through,full,full,False,5,1,ok,0.006931,0.058135,,2.7471,2.7617,,{},"{""base"": {""kind"": ""array"", ""shape"": [10000000], ""dtype"": ""float64"", ""mean"": 2.0, ""std"": 0.0, ""min"": 2.0, ""max"": 2.0}, ""total"": {""kind"": ""scalar"", ""value"": 10000000.0}}",,
view_alias,write_through,fork,fork,False,5,2,ok,0.054337,0.0,,0.2798,0.296,19552.0,"{""cpu_util_avg"": {""mean"": 8.337192, ""max"": 8.337192}, ""cpu_util_min"": {""mean"": 8.337192, ""max"": 8.337192}, ""cpu_util_max"": {""mean"": 8.337192, ""max"": 8.337192}, ""cpu_util_0"": {""mean"": 8.337192, ""max"": 8.337192}, ""cpu_util_1"": {""mean"": 8.337192, ""max"": 8.337192}, ""cpu_util_2"": {""mean"": 8.337192, ""max"": 8.337192}, ""cpu_util_3"": {""mean"": 8.337192, ""max"": 8.337192}, ""cpu_util_4"": {""mean"": 8.337192, ""max"": 8.337192}, ""cpu_util_5"": {""mean"": 8.337192, ""max"": 8.337192}, ""cpu_util_6"": {""mean"": 8.337192, ""max"": 8.337192}, ""cpu_util_7"": {""mean"": 8.337192, ""max"": 8.337192}, ""cpu_util_8"": {""mean"": 8.337192, ""max"": 8.337192}, ""cpu_util_9"": {""mean"": 8.337192, ""max"": 8.337192}, ""cpu_util_10"": {""mean"": 8.337192, ""max"": 8.337192}, ""cpu_util_11"": {""mean"": 8.337192, ""max"": 8.337192}, ""memory"": {""mean"": 0.638206, ""max"": 0.638206}, ""io_read_count"": {""mean"": 10704.954681, ""max"": 10704.954681}, ""io_write_count"": {""mean"": 20.009261, ""max"": 20.009261}, ""io_read"": {""mean"": 0.0, ""max"": 0.0}, ""io_write"": {""mean"": 0.0, ""max"": 0.0}, ""gpu_util_avg"": {""mean"": 0.0, ""max"": 0.0}, ""gpu_util_min"": {""mean"": 0.0, ""max"": 0.0}, ""gpu_util_max"": {""mean"": 0.0, ""max"": 0.0}, ""gpu_util_0"": {""mean"": 0.0, ""max"": 0.0}, ""gpu_band_avg"": {""mean"": 0.0, ""max"": 0.0}, ""gpu_band_min"": {""mean"": 0.0, ""max"": 0.0}, ""gpu_band_max"": {""mean"": 0.0, ""max"": 0.0}, ""gpu_band_0"": {""mean"": 0.0, ""max"": 0.0}, ""gpu_mem_avg"": {""mean"": 0.0, ""max"": 0.0}, ""gpu_mem_min"": {""mean"": 0.0, ""max"": 0.0}, ""gpu_mem_max"": {""mean"": 0.0, ""max"": 0.0}, ""gpu_mem_0"": {""mean"": 0.0, ""max"": 0.0}}","{""base"": {""kind"": ""array"", ""shape"": [10000000], ""dtype"": ""float64"", ""mean"": 2.0, ""std"": 0.0, ""min"": 2.0, ""max"": 2.0}, ""total"": {""kind"": ""scalar"", ""value"": 10000000.0}}","[JUmPER]: a benchmark measurement spent at least 9ms of its 54ms on 19552 page faults - the cost of touching memory inherited from the prefix rather than of the cell itself. Cells working over large Python objects are affected most, and the timing understates them. Re-run with --replay-mode full for a number that does not carry this.",
view_alias,write_through,full,full,False,6,0,ok,0.006991,0.063868,,2.7299,2.7444,,{},"{""base"": {""kind"": ""array"", ""shape"": [10000000], ""dtype"": ""float64"", ""mean"": 2.0, ""std"": 0.0, ""min"": 2.0, ""max"": 2.0}, ""total"": {""kind"": ""scalar"", ""value"": 10000000.0}}",,
view_alias,write_through,fork,fork,False,6,1,ok,0.05666,0.0,,0.2838,0.3001,19552.0,"{""cpu_util_avg"": {""mean"": 8.326969, ""max"": 8.326969}, ""cpu_util_min"": {""mean"": 8.326969, ""max"": 8.326969}, ""cpu_util_max"": {""mean"": 8.326969, ""max"": 8.326969}, ""cpu_util_0"": {""mean"": 8.326969, ""max"": 8.326969}, ""cpu_util_1"": {""mean"": 8.326969, ""max"": 8.326969}, ""cpu_util_2"": {""mean"": 8.326969, ""max"": 8.326969}, ""cpu_util_3"": {""mean"": 8.326969, ""max"": 8.326969}, ""cpu_util_4"": {""mean"": 8.326969, ""max"": 8.326969}, ""cpu_util_5"": {""mean"": 8.326969, ""max"": 8.326969}, ""cpu_util_6"": {""mean"": 8.326969, ""max"": 8.326969}, ""cpu_util_7"": {""mean"": 8.326969, ""max"": 8.326969}, ""cpu_util_8"": {""mean"": 8.326969, ""max"": 8.326969}, ""cpu_util_9"": {""mean"": 8.326969, ""max"": 8.326969}, ""cpu_util_10"": {""mean"": 8.326969, ""max"": 8.326969}, ""cpu_util_11"": {""mean"": 8.326969, ""max"": 8.326969}, ""memory"": {""mean"": 0.637962, ""max"": 0.637962}, ""io_read_count"": {""mean"": 11231.415829, ""max"": 11231.415829}, ""io_write_count"": {""mean"": 19.984726, ""max"": 19.984726}, ""io_read"": {""mean"": 0.0, ""max"": 0.0}, ""io_write"": {""mean"": 0.0, ""max"": 0.0}, ""gpu_util_avg"": {""mean"": 0.0, ""max"": 0.0}, ""gpu_util_min"": {""mean"": 0.0, ""max"": 0.0}, ""gpu_util_max"": {""mean"": 0.0, ""max"": 0.0}, ""gpu_util_0"": {""mean"": 0.0, ""max"": 0.0}, ""gpu_band_avg"": {""mean"": 0.0, ""max"": 0.0}, ""gpu_band_min"": {""mean"": 0.0, ""max"": 0.0}, ""gpu_band_max"": {""mean"": 0.0, ""max"": 0.0}, ""gpu_band_0"": {""mean"": 0.0, ""max"": 0.0}, ""gpu_mem_avg"": {""mean"": 0.0, ""max"": 0.0}, ""gpu_mem_min"": {""mean"": 0.0, ""max"": 0.0}, ""gpu_mem_max"": {""mean"": 0.0, ""max"": 0.0}, ""gpu_mem_0"": {""mean"": 0.0, ""max"": 0.0}}","{""base"": {""kind"": ""array"", ""shape"": [10000000], ""dtype"": ""float64"", ""mean"": 2.0, ""std"": 0.0, ""min"": 2.0, ""max"": 2.0}, ""total"": {""kind"": ""scalar"", ""value"": 10000000.0}}","[JUmPER]: a benchmark measurement spent at least 9ms of its 57ms on 19552 page faults - the cost of touching memory inherited from the prefix rather than of the cell itself. Cells working over large Python objects are affected most, and the timing understates them. Re-run with --replay-mode full for a number that does not carry this.",
view_alias,write_through,dill,dill,False,6,2,ok,0.007799,0.0,0.0746,2.8215,2.8351,,{},"{""base"": {""kind"": ""array"", ""shape"": [10000000], ""dtype"": ""float64"", ""mean"": 2.0, ""std"": 0.0, ""min"": 2.0, ""max"": 2.0}, ""total"": {""kind"": ""scalar"", ""value"": 5000000.0}}",,
view_alias,write_through,fork,fork,False,7,0,ok,0.055332,0.0,,0.2791,0.2956,19552.0,"{""cpu_util_avg"": {""mean"": 8.330979, ""max"": 8.330979}, ""cpu_util_min"": {""mean"": 8.330979, ""max"": 8.330979}, ""cpu_util_max"": {""mean"": 8.330979, ""max"": 8.330979}, ""cpu_util_0"": {""mean"": 8.330979, ""max"": 8.330979}, ""cpu_util_1"": {""mean"": 8.330979, ""max"": 8.330979}, ""cpu_util_2"": {""mean"": 8.330979, ""max"": 8.330979}, ""cpu_util_3"": {""mean"": 8.330979, ""max"": 8.330979}, ""cpu_util_4"": {""mean"": 8.330979, ""max"": 8.330979}, ""cpu_util_5"": {""mean"": 8.330979, ""max"": 8.330979}, ""cpu_util_6"": {""mean"": 8.330979, ""max"": 8.330979}, ""cpu_util_7"": {""mean"": 8.330979, ""max"": 8.330979}, ""cpu_util_8"": {""mean"": 8.330979, ""max"": 8.330979}, ""cpu_util_9"": {""mean"": 8.330979, ""max"": 8.330979}, ""cpu_util_10"": {""mean"": 8.330979, ""max"": 8.330979}, ""cpu_util_11"": {""mean"": 8.330979, ""max"": 8.330979}, ""memory"": {""mean"": 0.638329, ""max"": 0.638329}, ""io_read_count"": {""mean"": 10696.977034, ""max"": 10696.977034}, ""io_write_count"": {""mean"": 19.99435, ""max"": 19.99435}, ""io_read"": {""mean"": 0.0, ""max"": 0.0}, ""io_write"": {""mean"": 0.0, ""max"": 0.0}, ""gpu_util_avg"": {""mean"": 0.0, ""max"": 0.0}, ""gpu_util_min"": {""mean"": 0.0, ""max"": 0.0}, ""gpu_util_max"": {""mean"": 0.0, ""max"": 0.0}, ""gpu_util_0"": {""mean"": 0.0, ""max"": 0.0}, ""gpu_band_avg"": {""mean"": 0.0, ""max"": 0.0}, ""gpu_band_min"": {""mean"": 0.0, ""max"": 0.0}, ""gpu_band_max"": {""mean"": 0.0, ""max"": 0.0}, ""gpu_band_0"": {""mean"": 0.0, ""max"": 0.0}, ""gpu_mem_avg"": {""mean"": 0.0, ""max"": 0.0}, ""gpu_mem_min"": {""mean"": 0.0, ""max"": 0.0}, ""gpu_mem_max"": {""mean"": 0.0, ""max"": 0.0}, ""gpu_mem_0"": {""mean"": 0.0, ""max"": 0.0}}","{""base"": {""kind"": ""array"", ""shape"": [10000000], ""dtype"": ""float64"", ""mean"": 2.0, ""std"": 0.0, ""min"": 2.0, ""max"": 2.0}, ""total"": {""kind"": ""scalar"", ""value"": 10000000.0}}","[JUmPER]: a benchmark measurement spent at least 9ms of its 55ms on 19552 page faults - the cost of touching memory inherited from the prefix rather than of the cell itself. Cells working over large Python objects are affected most, and the timing understates them. Re-run with --replay-mode full for a number that does not carry this.",
view_alias,write_through,dill,dill,False,7,1,ok,0.007034,0.0,0.0618,2.631,2.644,,{},"{""base"": {""kind"": ""array"", ""shape"": [10000000], ""dtype"": ""float64"", ""mean"": 2.0, ""std"": 0.0, ""min"": 2.0, ""max"": 2.0}, ""total"": {""kind"": ""scalar"", ""value"": 5000000.0}}",,
view_alias,write_through,full,full,False,7,2,ok,0.007454,0.052904,,2.5853,2.5993,,{},"{""base"": {""kind"": ""array"", ""shape"": [10000000], ""dtype"": ""float64"", ""mean"": 2.0, ""std"": 0.0, ""min"": 2.0, ""max"": 2.0}, ""total"": {""kind"": ""scalar"", ""value"": 10000000.0}}",,
view_alias,write_through,dill,dill,False,8,0,ok,0.007086,0.0,0.0882,2.6519,2.6651,,{},"{""base"": {""kind"": ""array"", ""shape"": [10000000], ""dtype"": ""float64"", ""mean"": 2.0, ""std"": 0.0, ""min"": 2.0, ""max"": 2.0}, ""total"": {""kind"": ""scalar"", ""value"": 5000000.0}}",,
view_alias,write_through,full,full,False,8,1,ok,0.007076,0.064978,,2.6129,2.6265,,{},"{""base"": {""kind"": ""array"", ""shape"": [10000000], ""dtype"": ""float64"", ""mean"": 2.0, ""std"": 0.0, ""min"": 2.0, ""max"": 2.0}, ""total"": {""kind"": ""scalar"", ""value"": 10000000.0}}",,
view_alias,write_through,fork,fork,False,8,2,ok,0.054666,0.0,,0.2777,0.294,19552.0,"{""cpu_util_avg"": {""mean"": 10.008757, ""max"": 10.008757}, ""cpu_util_min"": {""mean"": 10.008757, ""max"": 10.008757}, ""cpu_util_max"": {""mean"": 10.008757, ""max"": 10.008757}, ""cpu_util_0"": {""mean"": 10.008757, ""max"": 10.008757}, ""cpu_util_1"": {""mean"": 10.008757, ""max"": 10.008757}, ""cpu_util_2"": {""mean"": 10.008757, ""max"": 10.008757}, ""cpu_util_3"": {""mean"": 10.008757, ""max"": 10.008757}, ""cpu_util_4"": {""mean"": 10.008757, ""max"": 10.008757}, ""cpu_util_5"": {""mean"": 10.008757, ""max"": 10.008757}, ""cpu_util_6"": {""mean"": 10.008757, ""max"": 10.008757}, ""cpu_util_7"": {""mean"": 10.008757, ""max"": 10.008757}, ""cpu_util_8"": {""mean"": 10.008757, ""max"": 10.008757}, ""cpu_util_9"": {""mean"": 10.008757, ""max"": 10.008757}, ""cpu_util_10"": {""mean"": 10.008757, ""max"": 10.008757}, ""cpu_util_11"": {""mean"": 10.008757, ""max"": 10.008757}, ""memory"": {""mean"": 0.638451, ""max"": 0.638451}, ""io_read_count"": {""mean"": 10709.369842, ""max"": 10709.369842}, ""io_write_count"": {""mean"": 20.017514, ""max"": 20.017514}, ""io_read"": {""mean"": 0.0, ""max"": 0.0}, ""io_write"": {""mean"": 0.0, ""max"": 0.0}, ""gpu_util_avg"": {""mean"": 0.0, ""max"": 0.0}, ""gpu_util_min"": {""mean"": 0.0, ""max"": 0.0}, ""gpu_util_max"": {""mean"": 0.0, ""max"": 0.0}, ""gpu_util_0"": {""mean"": 0.0, ""max"": 0.0}, ""gpu_band_avg"": {""mean"": 0.0, ""max"": 0.0}, ""gpu_band_min"": {""mean"": 0.0, ""max"": 0.0}, ""gpu_band_max"": {""mean"": 0.0, ""max"": 0.0}, ""gpu_band_0"": {""mean"": 0.0, ""max"": 0.0}, ""gpu_mem_avg"": {""mean"": 0.0, ""max"": 0.0}, ""gpu_mem_min"": {""mean"": 0.0, ""max"": 0.0}, ""gpu_mem_max"": {""mean"": 0.0, ""max"": 0.0}, ""gpu_mem_0"": {""mean"": 0.0, ""max"": 0.0}}","{""base"": {""kind"": ""array"", ""shape"": [10000000], ""dtype"": ""float64"", ""mean"": 2.0, ""std"": 0.0, ""min"": 2.0, ""max"": 2.0}, ""total"": {""kind"": ""scalar"", ""value"": 10000000.0}}","[JUmPER]: a benchmark measurement spent at least 9ms of its 55ms on 19552 page faults - the cost of touching memory inherited from the prefix rather than of the cell itself. Cells working over large Python objects are affected most, and the timing understates them. Re-run with --replay-mode full for a number that does not carry this.",
view_alias,write_through,full,full,False,9,0,ok,0.007199,0.069381,,2.6872,2.7011,,{},"{""base"": {""kind"": ""array"", ""shape"": [10000000], ""dtype"": ""float64"", ""mean"": 2.0, ""std"": 0.0, ""min"": 2.0, ""max"": 2.0}, ""total"": {""kind"": ""scalar"", ""value"": 10000000.0}}",,
view_alias,write_through,fork,fork,False,9,1,ok,0.054434,0.0,,0.2755,0.2913,19552.0,"{""cpu_util_avg"": {""mean"": 9.995826, ""max"": 9.995826}, ""cpu_util_min"": {""mean"": 9.995826, ""max"": 9.995826}, ""cpu_util_max"": {""mean"": 9.995826, ""max"": 9.995826}, ""cpu_util_0"": {""mean"": 9.995826, ""max"": 9.995826}, ""cpu_util_1"": {""mean"": 9.995826, ""max"": 9.995826}, ""cpu_util_2"": {""mean"": 9.995826, ""max"": 9.995826}, ""cpu_util_3"": {""mean"": 9.995826, ""max"": 9.995826}, ""cpu_util_4"": {""mean"": 9.995826, ""max"": 9.995826}, ""cpu_util_5"": {""mean"": 9.995826, ""max"": 9.995826}, ""cpu_util_6"": {""mean"": 9.995826, ""max"": 9.995826}, ""cpu_util_7"": {""mean"": 9.995826, ""max"": 9.995826}, ""cpu_util_8"": {""mean"": 9.995826, ""max"": 9.995826}, ""cpu_util_9"": {""mean"": 9.995826, ""max"": 9.995826}, ""cpu_util_10"": {""mean"": 9.995826, ""max"": 9.995826}, ""cpu_util_11"": {""mean"": 9.995826, ""max"": 9.995826}, ""memory"": {""mean"": 0.638451, ""max"": 0.638451}, ""io_read_count"": {""mean"": 10695.534187, ""max"": 10695.534187}, ""io_write_count"": {""mean"": 19.991653, ""max"": 19.991653}, ""io_read"": {""mean"": 0.0, ""max"": 0.0}, ""io_write"": {""mean"": 0.0, ""max"": 0.0}, ""gpu_util_avg"": {""mean"": 0.0, ""max"": 0.0}, ""gpu_util_min"": {""mean"": 0.0, ""max"": 0.0}, ""gpu_util_max"": {""mean"": 0.0, ""max"": 0.0}, ""gpu_util_0"": {""mean"": 0.0, ""max"": 0.0}, ""gpu_band_avg"": {""mean"": 0.0, ""max"": 0.0}, ""gpu_band_min"": {""mean"": 0.0, ""max"": 0.0}, ""gpu_band_max"": {""mean"": 0.0, ""max"": 0.0}, ""gpu_band_0"": {""mean"": 0.0, ""max"": 0.0}, ""gpu_mem_avg"": {""mean"": 0.0, ""max"": 0.0}, ""gpu_mem_min"": {""mean"": 0.0, ""max"": 0.0}, ""gpu_mem_max"": {""mean"": 0.0, ""max"": 0.0}, ""gpu_mem_0"": {""mean"": 0.0, ""max"": 0.0}}","{""base"": {""kind"": ""array"", ""shape"": [10000000], ""dtype"": ""float64"", ""mean"": 2.0, ""std"": 0.0, ""min"": 2.0, ""max"": 2.0}, ""total"": {""kind"": ""scalar"", ""value"": 10000000.0}}","[JUmPER]: a benchmark measurement spent at least 9ms of its 54ms on 19552 page faults - the cost of touching memory inherited from the prefix rather than of the cell itself. Cells working over large Python objects are affected most, and the timing understates them. Re-run with --replay-mode full for a number that does not carry this.",
view_alias,write_through,dill,dill,False,9,2,ok,0.008115,0.0,0.1,2.7668,2.7802,,{},"{""base"": {""kind"": ""array"", ""shape"": [10000000], ""dtype"": ""float64"", ""mean"": 2.0, ""std"": 0.0, ""min"": 2.0, ""max"": 2.0}, ""total"": {""kind"": ""scalar"", ""value"": 5000000.0}}",,
view_alias,write_through,fork,fork,False,10,0,ok,0.056288,0.0,,0.2947,0.3117,19552.0,"{""cpu_util_avg"": {""mean"": 10.002446, ""max"": 10.002446}, ""cpu_util_min"": {""mean"": 10.002446, ""max"": 10.002446}, ""cpu_util_max"": {""mean"": 10.002446, ""max"": 10.002446}, ""cpu_util_0"": {""mean"": 10.002446, ""max"": 10.002446}, ""cpu_util_1"": {""mean"": 10.002446, ""max"": 10.002446}, ""cpu_util_2"": {""mean"": 10.002446, ""max"": 10.002446}, ""cpu_util_3"": {""mean"": 10.002446, ""max"": 10.002446}, ""cpu_util_4"": {""mean"": 10.002446, ""max"": 10.002446}, ""cpu_util_5"": {""mean"": 10.002446, ""max"": 10.002446}, ""cpu_util_6"": {""mean"": 10.002446, ""max"": 10.002446}, ""cpu_util_7"": {""mean"": 10.002446, ""max"": 10.002446}, ""cpu_util_8"": {""mean"": 10.002446, ""max"": 10.002446}, ""cpu_util_9"": {""mean"": 10.002446, ""max"": 10.002446}, ""cpu_util_10"": {""mean"": 10.002446, ""max"": 10.002446}, ""cpu_util_11"": {""mean"": 10.002446, ""max"": 10.002446}, ""memory"": {""mean"": 0.638573, ""max"": 0.638573}, ""io_read_count"": {""mean"": 10702.617004, ""max"": 10702.617004}, ""io_write_count"": {""mean"": 20.004892, ""max"": 20.004892}, ""io_read"": {""mean"": 0.0, ""max"": 0.0}, ""io_write"": {""mean"": 0.0, ""max"": 0.0}, ""gpu_util_avg"": {""mean"": 0.0, ""max"": 0.0}, ""gpu_util_min"": {""mean"": 0.0, ""max"": 0.0}, ""gpu_util_max"": {""mean"": 0.0, ""max"": 0.0}, ""gpu_util_0"": {""mean"": 0.0, ""max"": 0.0}, ""gpu_band_avg"": {""mean"": 0.0, ""max"": 0.0}, ""gpu_band_min"": {""mean"": 0.0, ""max"": 0.0}, ""gpu_band_max"": {""mean"": 0.0, ""max"": 0.0}, ""gpu_band_0"": {""mean"": 0.0, ""max"": 0.0}, ""gpu_mem_avg"": {""mean"": 0.0, ""max"": 0.0}, ""gpu_mem_min"": {""mean"": 0.0, ""max"": 0.0}, ""gpu_mem_max"": {""mean"": 0.0, ""max"": 0.0}, ""gpu_mem_0"": {""mean"": 0.0, ""max"": 0.0}}","{""base"": {""kind"": ""array"", ""shape"": [10000000], ""dtype"": ""float64"", ""mean"": 2.0, ""std"": 0.0, ""min"": 2.0, ""max"": 2.0}, ""total"": {""kind"": ""scalar"", ""value"": 10000000.0}}","[JUmPER]: a benchmark measurement spent at least 9ms of its 56ms on 19552 page faults - the cost of touching memory inherited from the prefix rather than of the cell itself. Cells working over large Python objects are affected most, and the timing understates them. Re-run with --replay-mode full for a number that does not carry this.",
view_alias,write_through,dill,dill,False,10,1,ok,0.007973,0.0,0.0841,2.8787,2.8957,,{},"{""base"": {""kind"": ""array"", ""shape"": [10000000], ""dtype"": ""float64"", ""mean"": 2.0, ""std"": 0.0, ""min"": 2.0, ""max"": 2.0}, ""total"": {""kind"": ""scalar"", ""value"": 5000000.0}}",,
view_alias,write_through,full,full,False,10,2,ok,0.007265,0.073854,,3.0282,3.0424,,{},"{""base"": {""kind"": ""array"", ""shape"": [10000000], ""dtype"": ""float64"", ""mean"": 2.0, ""std"": 0.0, ""min"": 2.0, ""max"": 2.0}, ""total"": {""kind"": ""scalar"", ""value"": 10000000.0}}",,
open_handle,sum,full,full,False,0,0,ok,0.000724,0.014125,,2.5173,2.5265,,{},"{""total"": {""kind"": ""scalar"", ""value"": 1999999000000.0}}",,
open_handle,sum,fork,fork,False,0,1,ok,0.001241,0.0,,0.1452,0.1579,,{},"{""total"": {""kind"": ""scalar"", ""value"": 1999999000000.0}}",,
open_handle,sum,dill,full,True,0,2,ok,0.000698,0.014095,,2.3529,2.3624,,{},"{""total"": {""kind"": ""scalar"", ""value"": 1999999000000.0}}",,
open_handle,sum,fork,fork,False,1,0,ok,0.001347,0.0,,0.1277,0.1413,,{},"{""total"": {""kind"": ""scalar"", ""value"": 1999999000000.0}}",,
open_handle,sum,dill,full,True,1,1,ok,0.000642,0.01413,,2.3369,2.3468,,{},"{""total"": {""kind"": ""scalar"", ""value"": 1999999000000.0}}",,
open_handle,sum,full,full,False,1,2,ok,0.000702,0.014895,,2.338,2.3477,,{},"{""total"": {""kind"": ""scalar"", ""value"": 1999999000000.0}}",,
open_handle,sum,dill,full,True,2,0,ok,0.000692,0.014876,,2.4707,2.48,,{},"{""total"": {""kind"": ""scalar"", ""value"": 1999999000000.0}}",,
open_handle,sum,full,full,False,2,1,ok,0.000657,0.01443,,2.4055,2.4147,,{},"{""total"": {""kind"": ""scalar"", ""value"": 1999999000000.0}}",,
open_handle,sum,fork,fork,False,2,2,ok,0.001256,0.0,,0.1265,0.1387,,{},"{""total"": {""kind"": ""scalar"", ""value"": 1999999000000.0}}",,
open_handle,sum,full,full,False,3,0,ok,0.000755,0.015457,,2.5482,2.5579,,{},"{""total"": {""kind"": ""scalar"", ""value"": 1999999000000.0}}",,
open_handle,sum,fork,fork,False,3,1,ok,0.001323,0.0,,0.1322,0.1456,,{},"{""total"": {""kind"": ""scalar"", ""value"": 1999999000000.0}}",,
open_handle,sum,dill,full,True,3,2,ok,0.000764,0.015079,,2.68,2.6905,,{},"{""total"": {""kind"": ""scalar"", ""value"": 1999999000000.0}}",,
open_handle,sum,fork,fork,False,4,0,ok,0.001331,0.0,,0.1352,0.1486,,{},"{""total"": {""kind"": ""scalar"", ""value"": 1999999000000.0}}",,
open_handle,sum,dill,full,True,4,1,ok,0.000754,0.01454,,2.7023,2.7131,,{},"{""total"": {""kind"": ""scalar"", ""value"": 1999999000000.0}}",,
open_handle,sum,full,full,False,4,2,ok,0.000714,0.015108,,2.7404,2.7521,,{},"{""total"": {""kind"": ""scalar"", ""value"": 1999999000000.0}}",,
open_handle,sum,dill,full,True,5,0,ok,0.000883,0.017246,,2.9355,2.9484,,{},"{""total"": {""kind"": ""scalar"", ""value"": 1999999000000.0}}",,
open_handle,sum,full,full,False,5,1,ok,0.000839,0.017361,,3.1883,3.2001,,{},"{""total"": {""kind"": ""scalar"", ""value"": 1999999000000.0}}",,
open_handle,sum,fork,fork,False,5,2,ok,0.001385,0.0,,0.1502,0.1703,,{},"{""total"": {""kind"": ""scalar"", ""value"": 1999999000000.0}}",,
open_handle,sum,full,full,False,6,0,ok,0.000691,0.014832,,3.1474,3.1582,,{},"{""total"": {""kind"": ""scalar"", ""value"": 1999999000000.0}}",,
open_handle,sum,fork,fork,False,6,1,ok,0.001384,0.0,,0.1417,0.1568,,{},"{""total"": {""kind"": ""scalar"", ""value"": 1999999000000.0}}",,
open_handle,sum,dill,full,True,6,2,ok,0.001372,0.019177,,3.0637,3.074,,{},"{""total"": {""kind"": ""scalar"", ""value"": 1999999000000.0}}",,
open_handle,sum,fork,fork,False,7,0,ok,0.001323,0.0,,0.145,0.1597,,{},"{""total"": {""kind"": ""scalar"", ""value"": 1999999000000.0}}",,
open_handle,sum,dill,full,True,7,1,ok,0.000726,0.015468,,2.7424,2.7521,,{},"{""total"": {""kind"": ""scalar"", ""value"": 1999999000000.0}}",,
open_handle,sum,full,full,False,7,2,ok,0.000693,0.015398,,2.4777,2.4866,,{},"{""total"": {""kind"": ""scalar"", ""value"": 1999999000000.0}}",,
open_handle,sum,dill,full,True,8,0,ok,0.000652,0.014714,,2.4778,2.4877,,{},"{""total"": {""kind"": ""scalar"", ""value"": 1999999000000.0}}",,
open_handle,sum,full,full,False,8,1,ok,0.000993,0.015037,,2.4557,2.4666,,{},"{""total"": {""kind"": ""scalar"", ""value"": 1999999000000.0}}",,
open_handle,sum,fork,fork,False,8,2,ok,0.00136,0.0,,0.1315,0.1457,,{},"{""total"": {""kind"": ""scalar"", ""value"": 1999999000000.0}}",,
open_handle,sum,full,full,False,9,0,ok,0.000692,0.015284,,2.6747,2.6848,,{},"{""total"": {""kind"": ""scalar"", ""value"": 1999999000000.0}}",,
open_handle,sum,fork,fork,False,9,1,ok,0.001507,0.0,,0.1442,0.1632,,{},"{""total"": {""kind"": ""scalar"", ""value"": 1999999000000.0}}",,
open_handle,sum,dill,full,True,9,2,ok,0.000734,0.015551,,2.6493,2.6604,,{},"{""total"": {""kind"": ""scalar"", ""value"": 1999999000000.0}}",,
open_handle,sum,fork,fork,False,10,0,ok,0.00131,0.0,,0.1324,0.146,,{},"{""total"": {""kind"": ""scalar"", ""value"": 1999999000000.0}}",,
open_handle,sum,dill,full,True,10,1,ok,0.00071,0.015471,,2.5366,2.5466,,{},"{""total"": {""kind"": ""scalar"", ""value"": 1999999000000.0}}",,
open_handle,sum,full,full,False,10,2,ok,0.000748,0.015976,,2.5973,2.6082,,{},"{""total"": {""kind"": ""scalar"", ""value"": 1999999000000.0}}",,
rng_stream,draw,full,full,False,0,0,ok,0.025578,8.4e-05,,2.552,2.5628,,{},"{""numpy_draw"": {""kind"": ""scalar"", ""value"": 1000401.024750496}, ""python_draw"": {""kind"": ""scalar"", ""value"": 0.36536897181816486}}",,
rng_stream,draw,fork,fork,False,0,1,ok,0.01863,0.0,,0.1669,0.1826,3946.0,"{""cpu_util_avg"": {""mean"": 9.996294, ""max"": 9.996294}, ""cpu_util_min"": {""mean"": 9.996294, ""max"": 9.996294}, ""cpu_util_max"": {""mean"": 9.996294, ""max"": 9.996294}, ""cpu_util_0"": {""mean"": 9.996294, ""max"": 9.996294}, ""cpu_util_1"": {""mean"": 9.996294, ""max"": 9.996294}, ""cpu_util_2"": {""mean"": 9.996294, ""max"": 9.996294}, ""cpu_util_3"": {""mean"": 9.996294, ""max"": 9.996294}, ""cpu_util_4"": {""mean"": 9.996294, ""max"": 9.996294}, ""cpu_util_5"": {""mean"": 9.996294, ""max"": 9.996294}, ""cpu_util_6"": {""mean"": 9.996294, ""max"": 9.996294}, ""cpu_util_7"": {""mean"": 9.996294, ""max"": 9.996294}, ""cpu_util_8"": {""mean"": 9.996294, ""max"": 9.996294}, ""cpu_util_9"": {""mean"": 9.996294, ""max"": 9.996294}, ""cpu_util_10"": {""mean"": 9.996294, ""max"": 9.996294}, ""cpu_util_11"": {""mean"": 9.996294, ""max"": 9.996294}, ""memory"": {""mean"": 0.499626, ""max"": 0.499626}, ""io_read_count"": {""mean"": 10696.034766, ""max"": 10696.034766}, ""io_write_count"": {""mean"": 19.992588, ""max"": 19.992588}, ""io_read"": {""mean"": 0.0, ""max"": 0.0}, ""io_write"": {""mean"": 0.0, ""max"": 0.0}, ""gpu_util_avg"": {""mean"": 0.0, ""max"": 0.0}, ""gpu_util_min"": {""mean"": 0.0, ""max"": 0.0}, ""gpu_util_max"": {""mean"": 0.0, ""max"": 0.0}, ""gpu_util_0"": {""mean"": 0.0, ""max"": 0.0}, ""gpu_band_avg"": {""mean"": 0.0, ""max"": 0.0}, ""gpu_band_min"": {""mean"": 0.0, ""max"": 0.0}, ""gpu_band_max"": {""mean"": 0.0, ""max"": 0.0}, ""gpu_band_0"": {""mean"": 0.0, ""max"": 0.0}, ""gpu_mem_avg"": {""mean"": 0.0, ""max"": 0.0}, ""gpu_mem_min"": {""mean"": 0.0, ""max"": 0.0}, ""gpu_mem_max"": {""mean"": 0.0, ""max"": 0.0}, ""gpu_mem_0"": {""mean"": 0.0, ""max"": 0.0}}","{""numpy_draw"": {""kind"": ""scalar"", ""value"": 1000401.024750496}, ""python_draw"": {""kind"": ""scalar"", ""value"": 0.6837367540084944}}","[JUmPER]: a benchmark measurement spent at least 2ms of its 19ms on 3946 page faults - the cost of touching memory inherited from the prefix rather than of the cell itself. Cells working over large Python objects are affected most, and the timing understates them. Re-run with --replay-mode full for a number that does not carry this.",
rng_stream,draw,dill,dill,False,0,2,ok,0.024416,0.0,0.0017,2.5848,2.5941,,{},"{""numpy_draw"": {""kind"": ""scalar"", ""value"": 1000401.024750496}, ""python_draw"": {""kind"": ""scalar"", ""value"": 0.36536897181816486}}",,
rng_stream,draw,fork,fork,False,1,0,ok,0.018519,0.0,,0.1455,0.1595,3946.0,{},"{""numpy_draw"": {""kind"": ""scalar"", ""value"": 1000401.024750496}, ""python_draw"": {""kind"": ""scalar"", ""value"": 0.03205977629020873}}","[JUmPER]: a benchmark measurement spent at least 2ms of its 19ms on 3946 page faults - the cost of touching memory inherited from the prefix rather than of the cell itself. Cells working over large Python objects are affected most, and the timing understates them. Re-run with --replay-mode full for a number that does not carry this.",
rng_stream,draw,dill,dill,False,1,1,ok,0.027748,0.0,0.002,3.0468,3.0558,,{},"{""numpy_draw"": {""kind"": ""scalar"", ""value"": 1000401.024750496}, ""python_draw"": {""kind"": ""scalar"", ""value"": 0.36536897181816486}}",,
rng_stream,draw,full,full,False,1,2,ok,0.024481,7.6e-05,,2.7402,2.7513,,{},"{""numpy_draw"": {""kind"": ""scalar"", ""value"": 1000401.024750496}, ""python_draw"": {""kind"": ""scalar"", ""value"": 0.36536897181816486}}",,
rng_stream,draw,dill,dill,False,2,0,ok,0.026055,0.0,0.0018,2.6326,2.6415,,{},"{""numpy_draw"": {""kind"": ""scalar"", ""value"": 1000401.024750496}, ""python_draw"": {""kind"": ""scalar"", ""value"": 0.36536897181816486}}",,
rng_stream,draw,full,full,False,2,1,ok,0.02581,9.1e-05,,2.6166,2.6263,,{},"{""numpy_draw"": {""kind"": ""scalar"", ""value"": 1000401.024750496}, ""python_draw"": {""kind"": ""scalar"", ""value"": 0.36536897181816486}}",,
rng_stream,draw,fork,fork,False,2,2,ok,0.019141,0.0,,0.1565,0.1733,3946.0,"{""cpu_util_avg"": {""mean"": 8.328943, ""max"": 8.328943}, ""cpu_util_min"": {""mean"": 8.328943, ""max"": 8.328943}, ""cpu_util_max"": {""mean"": 8.328943, ""max"": 8.328943}, ""cpu_util_0"": {""mean"": 8.328943, ""max"": 8.328943}, ""cpu_util_1"": {""mean"": 8.328943, ""max"": 8.328943}, ""cpu_util_2"": {""mean"": 8.328943, ""max"": 8.328943}, ""cpu_util_3"": {""mean"": 8.328943, ""max"": 8.328943}, ""cpu_util_4"": {""mean"": 8.328943, ""max"": 8.328943}, ""cpu_util_5"": {""mean"": 8.328943, ""max"": 8.328943}, ""cpu_util_6"": {""mean"": 8.328943, ""max"": 8.328943}, ""cpu_util_7"": {""mean"": 8.328943, ""max"": 8.328943}, ""cpu_util_8"": {""mean"": 8.328943, ""max"": 8.328943}, ""cpu_util_9"": {""mean"": 8.328943, ""max"": 8.328943}, ""cpu_util_10"": {""mean"": 8.328943, ""max"": 8.328943}, ""cpu_util_11"": {""mean"": 8.328943, ""max"": 8.328943}, ""memory"": {""mean"": 0.490173, ""max"": 0.490173}, ""io_read_count"": {""mean"": 10694.363429, ""max"": 10694.363429}, ""io_write_count"": {""mean"": 39.978929, ""max"": 39.978929}, ""io_read"": {""mean"": 0.0, ""max"": 0.0}, ""io_write"": {""mean"": 81876.845988, ""max"": 81876.845988}, ""gpu_util_avg"": {""mean"": 0.0, ""max"": 0.0}, ""gpu_util_min"": {""mean"": 0.0, ""max"": 0.0}, ""gpu_util_max"": {""mean"": 0.0, ""max"": 0.0}, ""gpu_util_0"": {""mean"": 0.0, ""max"": 0.0}, ""gpu_band_avg"": {""mean"": 0.0, ""max"": 0.0}, ""gpu_band_min"": {""mean"": 0.0, ""max"": 0.0}, ""gpu_band_max"": {""mean"": 0.0, ""max"": 0.0}, ""gpu_band_0"": {""mean"": 0.0, ""max"": 0.0}, ""gpu_mem_avg"": {""mean"": 0.0, ""max"": 0.0}, ""gpu_mem_min"": {""mean"": 0.0, ""max"": 0.0}, ""gpu_mem_max"": {""mean"": 0.0, ""max"": 0.0}, ""gpu_mem_0"": {""mean"": 0.0, ""max"": 0.0}}","{""numpy_draw"": {""kind"": ""scalar"", ""value"": 1000401.024750496}, ""python_draw"": {""kind"": ""scalar"", ""value"": 0.54563718533911}}","[JUmPER]: a benchmark measurement spent at least 2ms of its 19ms on 3946 page faults - the cost of touching memory inherited from the prefix rather than of the cell itself. Cells working over large Python objects are affected most, and the timing understates them. Re-run with --replay-mode full for a number that does not carry this.",
rng_stream,draw,full,full,False,3,0,ok,0.025181,7.9e-05,,2.6088,2.6186,,{},"{""numpy_draw"": {""kind"": ""scalar"", ""value"": 1000401.024750496}, ""python_draw"": {""kind"": ""scalar"", ""value"": 0.36536897181816486}}",,
rng_stream,draw,fork,fork,False,3,1,ok,0.018754,0.0,,0.1505,0.165,3946.0,{},"{""numpy_draw"": {""kind"": ""scalar"", ""value"": 1000401.024750496}, ""python_draw"": {""kind"": ""scalar"", ""value"": 0.09831387770093214}}","[JUmPER]: a benchmark measurement spent at least 2ms of its 19ms on 3946 page faults - the cost of touching memory inherited from the prefix rather than of the cell itself. Cells working over large Python objects are affected most, and the timing understates them. Re-run with --replay-mode full for a number that does not carry this.",
rng_stream,draw,dill,dill,False,3,2,ok,0.027068,0.0,0.0016,2.7391,2.7545,,{},"{""numpy_draw"": {""kind"": ""scalar"", ""value"": 1000401.024750496}, ""python_draw"": {""kind"": ""scalar"", ""value"": 0.36536897181816486}}",,
rng_stream,draw,fork,fork,False,4,0,ok,0.018867,0.0,,0.1521,0.167,3946.0,{},"{""numpy_draw"": {""kind"": ""scalar"", ""value"": 1000401.024750496}, ""python_draw"": {""kind"": ""scalar"", ""value"": 0.5097020740741873}}","[JUmPER]: a benchmark measurement spent at least 2ms of its 19ms on 3946 page faults - the cost of touching memory inherited from the prefix rather than of the cell itself. Cells working over large Python objects are affected most, and the timing understates them. Re-run with --replay-mode full for a number that does not carry this.",
rng_stream,draw,dill,dill,False,4,1,ok,0.026658,0.0,0.002,2.8096,2.8191,,{},"{""numpy_draw"": {""kind"": ""scalar"", ""value"": 1000401.024750496}, ""python_draw"": {""kind"": ""scalar"", ""value"": 0.36536897181816486}}",,
rng_stream,draw,full,full,False,4,2,ok,0.025177,7.6e-05,,2.6102,2.6205,,{},"{""numpy_draw"": {""kind"": ""scalar"", ""value"": 1000401.024750496}, ""python_draw"": {""kind"": ""scalar"", ""value"": 0.36536897181816486}}",,
rng_stream,draw,dill,dill,False,5,0,ok,0.027267,0.0,0.0015,2.6189,2.6276,,{},"{""numpy_draw"": {""kind"": ""scalar"", ""value"": 1000401.024750496}, ""python_draw"": {""kind"": ""scalar"", ""value"": 0.36536897181816486}}",,
rng_stream,draw,full,full,False,5,1,ok,0.02376,8e-05,,2.3823,2.3928,,{},"{""numpy_draw"": {""kind"": ""scalar"", ""value"": 1000401.024750496}, ""python_draw"": {""kind"": ""scalar"", ""value"": 0.36536897181816486}}",,
rng_stream,draw,fork,fork,False,5,2,ok,0.017843,0.0,,0.1432,0.1568,3946.0,{},"{""numpy_draw"": {""kind"": ""scalar"", ""value"": 1000401.024750496}, ""python_draw"": {""kind"": ""scalar"", ""value"": 0.6195795117611852}}","[JUmPER]: a benchmark measurement spent at least 2ms of its 18ms on 3946 page faults - the cost of touching memory inherited from the prefix rather than of the cell itself. Cells working over large Python objects are affected most, and the timing understates them. Re-run with --replay-mode full for a number that does not carry this.",
rng_stream,draw,full,full,False,6,0,ok,0.021724,7.4e-05,,2.4387,2.4483,,{},"{""numpy_draw"": {""kind"": ""scalar"", ""value"": 1000401.024750496}, ""python_draw"": {""kind"": ""scalar"", ""value"": 0.36536897181816486}}",,
rng_stream,draw,fork,fork,False,6,1,ok,0.019244,0.0,,0.1441,0.1571,3946.0,{},"{""numpy_draw"": {""kind"": ""scalar"", ""value"": 1000401.024750496}, ""python_draw"": {""kind"": ""scalar"", ""value"": 0.4672297678366205}}","[JUmPER]: a benchmark measurement spent at least 2ms of its 19ms on 3946 page faults - the cost of touching memory inherited from the prefix rather than of the cell itself. Cells working over large Python objects are affected most, and the timing understates them. Re-run with --replay-mode full for a number that does not carry this.",
rng_stream,draw,dill,dill,False,6,2,ok,0.025654,0.0,0.0015,2.4943,2.5039,,{},"{""numpy_draw"": {""kind"": ""scalar"", ""value"": 1000401.024750496}, ""python_draw"": {""kind"": ""scalar"", ""value"": 0.36536897181816486}}",,
rng_stream,draw,fork,fork,False,7,0,ok,0.018944,0.0,,0.1509,0.1646,3946.0,{},"{""numpy_draw"": {""kind"": ""scalar"", ""value"": 1000401.024750496}, ""python_draw"": {""kind"": ""scalar"", ""value"": 0.7787702601515347}}","[JUmPER]: a benchmark measurement spent at least 2ms of its 19ms on 3946 page faults - the cost of touching memory inherited from the prefix rather than of the cell itself. Cells working over large Python objects are affected most, and the timing understates them. Re-run with --replay-mode full for a number that does not carry this.",
rng_stream,draw,dill,dill,False,7,1,ok,0.025093,0.0,0.0017,2.5685,2.5775,,{},"{""numpy_draw"": {""kind"": ""scalar"", ""value"": 1000401.024750496}, ""python_draw"": {""kind"": ""scalar"", ""value"": 0.36536897181816486}}",,
rng_stream,draw,full,full,False,7,2,ok,0.029666,7.8e-05,,2.5801,2.5902,,{},"{""numpy_draw"": {""kind"": ""scalar"", ""value"": 1000401.024750496}, ""python_draw"": {""kind"": ""scalar"", ""value"": 0.36536897181816486}}",,
rng_stream,draw,dill,dill,False,8,0,ok,0.025576,0.0,0.0017,2.5622,2.5718,,{},"{""numpy_draw"": {""kind"": ""scalar"", ""value"": 1000401.024750496}, ""python_draw"": {""kind"": ""scalar"", ""value"": 0.36536897181816486}}",,
rng_stream,draw,full,full,False,8,1,ok,0.02488,7.9e-05,,2.4828,2.4929,,{},"{""numpy_draw"": {""kind"": ""scalar"", ""value"": 1000401.024750496}, ""python_draw"": {""kind"": ""scalar"", ""value"": 0.36536897181816486}}",,
rng_stream,draw,fork,fork,False,8,2,ok,0.018955,0.0,,0.1507,0.1647,3946.0,{},"{""numpy_draw"": {""kind"": ""scalar"", ""value"": 1000401.024750496}, ""python_draw"": {""kind"": ""scalar"", ""value"": 0.8423305769126191}}","[JUmPER]: a benchmark measurement spent at least 2ms of its 19ms on 3946 page faults - the cost of touching memory inherited from the prefix rather than of the cell itself. Cells working over large Python objects are affected most, and the timing understates them. Re-run with --replay-mode full for a number that does not carry this.",
rng_stream,draw,full,full,False,9,0,ok,0.025523,7.9e-05,,2.4998,2.51,,{},"{""numpy_draw"": {""kind"": ""scalar"", ""value"": 1000401.024750496}, ""python_draw"": {""kind"": ""scalar"", ""value"": 0.36536897181816486}}",,
rng_stream,draw,fork,fork,False,9,1,ok,0.018524,0.0,,0.1451,0.1586,3946.0,{},"{""numpy_draw"": {""kind"": ""scalar"", ""value"": 1000401.024750496}, ""python_draw"": {""kind"": ""scalar"", ""value"": 0.9165409072268376}}","[JUmPER]: a benchmark measurement spent at least 2ms of its 19ms on 3946 page faults - the cost of touching memory inherited from the prefix rather than of the cell itself. Cells working over large Python objects are affected most, and the timing understates them. Re-run with --replay-mode full for a number that does not carry this.",
rng_stream,draw,dill,dill,False,9,2,ok,0.024977,0.0,0.0016,2.5889,2.5981,,{},"{""numpy_draw"": {""kind"": ""scalar"", ""value"": 1000401.024750496}, ""python_draw"": {""kind"": ""scalar"", ""value"": 0.36536897181816486}}",,
rng_stream,draw,fork,fork,False,10,0,ok,0.019273,0.0,,0.1509,0.1643,3946.0,{},"{""numpy_draw"": {""kind"": ""scalar"", ""value"": 1000401.024750496}, ""python_draw"": {""kind"": ""scalar"", ""value"": 0.01066464480910867}}","[JUmPER]: a benchmark measurement spent at least 2ms of its 19ms on 3946 page faults - the cost of touching memory inherited from the prefix rather than of the cell itself. Cells working over large Python objects are affected most, and the timing understates them. Re-run with --replay-mode full for a number that does not carry this.",
rng_stream,draw,dill,dill,False,10,1,ok,0.025881,0.0,0.0016,2.5944,2.6037,,{},"{""numpy_draw"": {""kind"": ""scalar"", ""value"": 1000401.024750496}, ""python_draw"": {""kind"": ""scalar"", ""value"": 0.36536897181816486}}",,
rng_stream,draw,full,full,False,10,2,ok,0.025187,8.1e-05,,2.5366,2.5469,,{},"{""numpy_draw"": {""kind"": ""scalar"", ""value"": 1000401.024750496}, ""python_draw"": {""kind"": ""scalar"", ""value"": 0.36536897181816486}}",,
slow_prefix,norms,full,full,False,0,0,ok,0.008516,0.235618,,2.7273,2.742,,{},"{""column_norms"": {""kind"": ""array"", ""shape"": [1200], ""dtype"": ""float64"", ""mean"": 1.0, ""std"": 4.560481232732806e-16, ""min"": 0.9999999999999983, ""max"": 1.0000000000000016}}",,
slow_prefix,norms,fork,fork,False,0,1,ok,0.008605,0.0,,0.1734,0.1874,2799.0,{},"{""column_norms"": {""kind"": ""array"", ""shape"": [1200], ""dtype"": ""float64"", ""mean"": 1.0, ""std"": 4.560481232732806e-16, ""min"": 0.9999999999999983, ""max"": 1.0000000000000016}}","[JUmPER]: a benchmark measurement spent at least 1ms of its 9ms on 2799 page faults - the cost of touching memory inherited from the prefix rather than of the cell itself. Cells working over large Python objects are affected most, and the timing understates them. Re-run with --replay-mode full for a number that does not carry this.",
slow_prefix,norms,dill,dill,False,0,2,ok,0.013414,0.0,0.0211,2.8394,2.8486,,{},"{""column_norms"": {""kind"": ""array"", ""shape"": [1200], ""dtype"": ""float64"", ""mean"": 1.0, ""std"": 4.560481232732806e-16, ""min"": 0.9999999999999983, ""max"": 1.0000000000000016}}",,
slow_prefix,norms,fork,fork,False,1,0,ok,0.010682,0.0,,0.169,0.1896,2798.0,"{""cpu_util_avg"": {""mean"": 9.997927, ""max"": 9.997927}, ""cpu_util_min"": {""mean"": 9.997927, ""max"": 9.997927}, ""cpu_util_max"": {""mean"": 9.997927, ""max"": 9.997927}, ""cpu_util_0"": {""mean"": 9.997927, ""max"": 9.997927}, ""cpu_util_1"": {""mean"": 9.997927, ""max"": 9.997927}, ""cpu_util_2"": {""mean"": 9.997927, ""max"": 9.997927}, ""cpu_util_3"": {""mean"": 9.997927, ""max"": 9.997927}, ""cpu_util_4"": {""mean"": 9.997927, ""max"": 9.997927}, ""cpu_util_5"": {""mean"": 9.997927, ""max"": 9.997927}, ""cpu_util_6"": {""mean"": 9.997927, ""max"": 9.997927}, ""cpu_util_7"": {""mean"": 9.997927, ""max"": 9.997927}, ""cpu_util_8"": {""mean"": 9.997927, ""max"": 9.997927}, ""cpu_util_9"": {""mean"": 9.997927, ""max"": 9.997927}, ""cpu_util_10"": {""mean"": 9.997927, ""max"": 9.997927}, ""cpu_util_11"": {""mean"": 9.997927, ""max"": 9.997927}, ""memory"": {""mean"": 0.409473, ""max"": 0.409473}, ""io_read_count"": {""mean"": 6918.565228, ""max"": 6918.565228}, ""io_write_count"": {""mean"": 19.995853, ""max"": 19.995853}, ""io_read"": {""mean"": 0.0, ""max"": 0.0}, ""io_write"": {""mean"": 0.0, ""max"": 0.0}, ""gpu_util_avg"": {""mean"": 0.0, ""max"": 0.0}, ""gpu_util_min"": {""mean"": 0.0, ""max"": 0.0}, ""gpu_util_max"": {""mean"": 0.0, ""max"": 0.0}, ""gpu_util_0"": {""mean"": 0.0, ""max"": 0.0}, ""gpu_band_avg"": {""mean"": 0.0, ""max"": 0.0}, ""gpu_band_min"": {""mean"": 0.0, ""max"": 0.0}, ""gpu_band_max"": {""mean"": 0.0, ""max"": 0.0}, ""gpu_band_0"": {""mean"": 0.0, ""max"": 0.0}, ""gpu_mem_avg"": {""mean"": 0.0, ""max"": 0.0}, ""gpu_mem_min"": {""mean"": 0.0, ""max"": 0.0}, ""gpu_mem_max"": {""mean"": 0.0, ""max"": 0.0}, ""gpu_mem_0"": {""mean"": 0.0, ""max"": 0.0}}","{""column_norms"": {""kind"": ""array"", ""shape"": [1200], ""dtype"": ""float64"", ""mean"": 1.0, ""std"": 4.560481232732806e-16, ""min"": 0.9999999999999983, ""max"": 1.0000000000000016}}","[JUmPER]: a benchmark measurement spent at least 1ms of its 11ms on 2798 page faults - the cost of touching memory inherited from the prefix rather than of the cell itself. Cells working over large Python objects are affected most, and the timing understates them. Re-run with --replay-mode full for a number that does not carry this.",
slow_prefix,norms,dill,dill,False,1,1,ok,0.012922,0.0,0.0232,2.509,2.5185,,{},"{""column_norms"": {""kind"": ""array"", ""shape"": [1200], ""dtype"": ""float64"", ""mean"": 1.0, ""std"": 4.560481232732806e-16, ""min"": 0.9999999999999983, ""max"": 1.0000000000000016}}",,
slow_prefix,norms,full,full,False,1,2,ok,0.01017,0.687688,,3.28,3.2975,,"{""cpu_util_avg"": {""mean"": 107.147264, ""max"": 107.147264}, ""cpu_util_min"": {""mean"": 107.147264, ""max"": 107.147264}, ""cpu_util_max"": {""mean"": 107.147264, ""max"": 107.147264}, ""cpu_util_0"": {""mean"": 107.147264, ""max"": 107.147264}, ""cpu_util_1"": {""mean"": 107.147264, ""max"": 107.147264}, ""cpu_util_2"": {""mean"": 107.147264, ""max"": 107.147264}, ""cpu_util_3"": {""mean"": 107.147264, ""max"": 107.147264}, ""cpu_util_4"": {""mean"": 107.147264, ""max"": 107.147264}, ""cpu_util_5"": {""mean"": 107.147264, ""max"": 107.147264}, ""cpu_util_6"": {""mean"": 107.147264, ""max"": 107.147264}, ""cpu_util_7"": {""mean"": 107.147264, ""max"": 107.147264}, ""cpu_util_8"": {""mean"": 107.147264, ""max"": 107.147264}, ""cpu_util_9"": {""mean"": 107.147264, ""max"": 107.147264}, ""cpu_util_10"": {""mean"": 107.147264, ""max"": 107.147264}, ""cpu_util_11"": {""mean"": 107.147264, ""max"": 107.147264}, ""memory"": {""mean"": 0.257477, ""max"": 0.257477}, ""io_read_count"": {""mean"": 9500.390704, ""max"": 9500.390704}, ""io_write_count"": {""mean"": 17.857877, ""max"": 17.857877}, ""io_read"": {""mean"": 0.0, ""max"": 0.0}, ""io_write"": {""mean"": 0.0, ""max"": 0.0}, ""gpu_util_avg"": {""mean"": 0.0, ""max"": 0.0}, ""gpu_util_min"": {""mean"": 0.0, ""max"": 0.0}, ""gpu_util_max"": {""mean"": 0.0, ""max"": 0.0}, ""gpu_util_0"": {""mean"": 0.0, ""max"": 0.0}, ""gpu_band_avg"": {""mean"": 0.0, ""max"": 0.0}, ""gpu_band_min"": {""mean"": 0.0, ""max"": 0.0}, ""gpu_band_max"": {""mean"": 0.0, ""max"": 0.0}, ""gpu_band_0"": {""mean"": 0.0, ""max"": 0.0}, ""gpu_mem_avg"": {""mean"": 0.0, ""max"": 0.0}, ""gpu_mem_min"": {""mean"": 0.0, ""max"": 0.0}, ""gpu_mem_max"": {""mean"": 0.0, ""max"": 0.0}, ""gpu_mem_0"": {""mean"": 0.0, ""max"": 0.0}}","{""column_norms"": {""kind"": ""array"", ""shape"": [1200], ""dtype"": ""float64"", ""mean"": 1.0, ""std"": 4.560481232732806e-16, ""min"": 0.9999999999999983, ""max"": 1.0000000000000016}}",,
slow_prefix,norms,dill,dill,False,2,0,ok,0.013779,0.0,0.0192,2.7836,2.7924,,{},"{""column_norms"": {""kind"": ""array"", ""shape"": [1200], ""dtype"": ""float64"", ""mean"": 1.0, ""std"": 4.560481232732806e-16, ""min"": 0.9999999999999983, ""max"": 1.0000000000000016}}",,
slow_prefix,norms,full,full,False,2,1,ok,0.008678,0.240749,,2.7546,2.7691,,{},"{""column_norms"": {""kind"": ""array"", ""shape"": [1200], ""dtype"": ""float64"", ""mean"": 1.0, ""std"": 4.560481232732806e-16, ""min"": 0.9999999999999983, ""max"": 1.0000000000000016}}",,
slow_prefix,norms,fork,fork,False,2,2,ok,0.008655,0.0,,0.1438,0.1574,2800.0,{},"{""column_norms"": {""kind"": ""array"", ""shape"": [1200], ""dtype"": ""float64"", ""mean"": 1.0, ""std"": 4.560481232732806e-16, ""min"": 0.9999999999999983, ""max"": 1.0000000000000016}}","[JUmPER]: a benchmark measurement spent at least 1ms of its 9ms on 2800 page faults - the cost of touching memory inherited from the prefix rather than of the cell itself. Cells working over large Python objects are affected most, and the timing understates them. Re-run with --replay-mode full for a number that does not carry this.",
slow_prefix,norms,full,full,False,3,0,ok,0.008185,0.231172,,2.8099,2.8241,,{},"{""column_norms"": {""kind"": ""array"", ""shape"": [1200], ""dtype"": ""float64"", ""mean"": 1.0, ""std"": 4.560481232732806e-16, ""min"": 0.9999999999999983, ""max"": 1.0000000000000016}}",,
slow_prefix,norms,fork,fork,False,3,1,ok,0.008482,0.0,,0.142,0.1563,2799.0,{},"{""column_norms"": {""kind"": ""array"", ""shape"": [1200], ""dtype"": ""float64"", ""mean"": 1.0, ""std"": 4.560481232732806e-16, ""min"": 0.9999999999999983, ""max"": 1.0000000000000016}}","[JUmPER]: a benchmark measurement spent at least 1ms of its 8ms on 2799 page faults - the cost of touching memory inherited from the prefix rather than of the cell itself. Cells working over large Python objects are affected most, and the timing understates them. Re-run with --replay-mode full for a number that does not carry this.",
slow_prefix,norms,dill,dill,False,3,2,ok,0.012828,0.0,0.02,2.5574,2.5665,,{},"{""column_norms"": {""kind"": ""array"", ""shape"": [1200], ""dtype"": ""float64"", ""mean"": 1.0, ""std"": 4.560481232732806e-16, ""min"": 0.9999999999999983, ""max"": 1.0000000000000016}}",,
slow_prefix,norms,fork,fork,False,4,0,ok,0.008574,0.0,,0.1465,0.1609,2799.0,{},"{""column_norms"": {""kind"": ""array"", ""shape"": [1200], ""dtype"": ""float64"", ""mean"": 1.0, ""std"": 4.560481232732806e-16, ""min"": 0.9999999999999983, ""max"": 1.0000000000000016}}","[JUmPER]: a benchmark measurement spent at least 1ms of its 9ms on 2799 page faults - the cost of touching memory inherited from the prefix rather than of the cell itself. Cells working over large Python objects are affected most, and the timing understates them. Re-run with --replay-mode full for a number that does not carry this.",
slow_prefix,norms,dill,dill,False,4,1,ok,0.014066,0.0,0.0211,2.8264,2.8359,,{},"{""column_norms"": {""kind"": ""array"", ""shape"": [1200], ""dtype"": ""float64"", ""mean"": 1.0, ""std"": 4.560481232732806e-16, ""min"": 0.9999999999999983, ""max"": 1.0000000000000016}}",,
slow_prefix,norms,full,full,False,4,2,ok,0.013032,0.559418,,3.2462,3.2634,,"{""cpu_util_avg"": {""mean"": 107.655656, ""max"": 107.655656}, ""cpu_util_min"": {""mean"": 107.655656, ""max"": 107.655656}, ""cpu_util_max"": {""mean"": 107.655656, ""max"": 107.655656}, ""cpu_util_0"": {""mean"": 107.655656, ""max"": 107.655656}, ""cpu_util_1"": {""mean"": 107.655656, ""max"": 107.655656}, ""cpu_util_2"": {""mean"": 107.655656, ""max"": 107.655656}, ""cpu_util_3"": {""mean"": 107.655656, ""max"": 107.655656}, ""cpu_util_4"": {""mean"": 107.655656, ""max"": 107.655656}, ""cpu_util_5"": {""mean"": 107.655656, ""max"": 107.655656}, ""cpu_util_6"": {""mean"": 107.655656, ""max"": 107.655656}, ""cpu_util_7"": {""mean"": 107.655656, ""max"": 107.655656}, ""cpu_util_8"": {""mean"": 107.655656, ""max"": 107.655656}, ""cpu_util_9"": {""mean"": 107.655656, ""max"": 107.655656}, ""cpu_util_10"": {""mean"": 107.655656, ""max"": 107.655656}, ""cpu_util_11"": {""mean"": 107.655656, ""max"": 107.655656}, ""memory"": {""mean"": 0.260265, ""max"": 0.260265}, ""io_read_count"": {""mean"": 11085.059831, ""max"": 11085.059831}, ""io_write_count"": {""mean"": 20.836579, ""max"": 20.836579}, ""io_read"": {""mean"": 0.0, ""max"": 0.0}, ""io_write"": {""mean"": 0.0, ""max"": 0.0}, ""gpu_util_avg"": {""mean"": 0.0, ""max"": 0.0}, ""gpu_util_min"": {""mean"": 0.0, ""max"": 0.0}, ""gpu_util_max"": {""mean"": 0.0, ""max"": 0.0}, ""gpu_util_0"": {""mean"": 0.0, ""max"": 0.0}, ""gpu_band_avg"": {""mean"": 0.0, ""max"": 0.0}, ""gpu_band_min"": {""mean"": 0.0, ""max"": 0.0}, ""gpu_band_max"": {""mean"": 0.0, ""max"": 0.0}, ""gpu_band_0"": {""mean"": 0.0, ""max"": 0.0}, ""gpu_mem_avg"": {""mean"": 0.0, ""max"": 0.0}, ""gpu_mem_min"": {""mean"": 0.0, ""max"": 0.0}, ""gpu_mem_max"": {""mean"": 0.0, ""max"": 0.0}, ""gpu_mem_0"": {""mean"": 0.0, ""max"": 0.0}}","{""column_norms"": {""kind"": ""array"", ""shape"": [1200], ""dtype"": ""float64"", ""mean"": 1.0, ""std"": 4.560481232732806e-16, ""min"": 0.9999999999999983, ""max"": 1.0000000000000016}}",,
slow_prefix,norms,dill,dill,False,5,0,ok,0.015309,0.0,0.0349,2.8429,2.856,,{},"{""column_norms"": {""kind"": ""array"", ""shape"": [1200], ""dtype"": ""float64"", ""mean"": 1.0, ""std"": 4.560481232732806e-16, ""min"": 0.9999999999999983, ""max"": 1.0000000000000016}}",,
slow_prefix,norms,full,full,False,5,1,ok,0.008735,0.249264,,2.8218,2.8376,,{},"{""column_norms"": {""kind"": ""array"", ""shape"": [1200], ""dtype"": ""float64"", ""mean"": 1.0, ""std"": 4.560481232732806e-16, ""min"": 0.9999999999999983, ""max"": 1.0000000000000016}}",,
slow_prefix,norms,fork,fork,False,5,2,ok,0.008707,0.0,,0.1471,0.1609,2798.0,{},"{""column_norms"": {""kind"": ""array"", ""shape"": [1200], ""dtype"": ""float64"", ""mean"": 1.0, ""std"": 4.560481232732806e-16, ""min"": 0.9999999999999983, ""max"": 1.0000000000000016}}","[JUmPER]: a benchmark measurement spent at least 1ms of its 9ms on 2798 page faults - the cost of touching memory inherited from the prefix rather than of the cell itself. Cells working over large Python objects are affected most, and the timing understates them. Re-run with --replay-mode full for a number that does not carry this.",
slow_prefix,norms,full,full,False,6,0,ok,0.009159,0.261177,,2.901,2.9164,,{},"{""column_norms"": {""kind"": ""array"", ""shape"": [1200], ""dtype"": ""float64"", ""mean"": 1.0, ""std"": 4.560481232732806e-16, ""min"": 0.9999999999999983, ""max"": 1.0000000000000016}}",,
slow_prefix,norms,fork,fork,False,6,1,ok,0.00945,0.0,,0.151,0.1672,2799.0,{},"{""column_norms"": {""kind"": ""array"", ""shape"": [1200], ""dtype"": ""float64"", ""mean"": 1.0, ""std"": 4.560481232732806e-16, ""min"": 0.9999999999999983, ""max"": 1.0000000000000016}}","[JUmPER]: a benchmark measurement spent at least 1ms of its 9ms on 2799 page faults - the cost of touching memory inherited from the prefix rather than of the cell itself. Cells working over large Python objects are affected most, and the timing understates them. Re-run with --replay-mode full for a number that does not carry this.",
slow_prefix,norms,dill,dill,False,6,2,ok,0.01352,0.0,0.024,2.7445,2.7541,,{},"{""column_norms"": {""kind"": ""array"", ""shape"": [1200], ""dtype"": ""float64"", ""mean"": 1.0, ""std"": 4.560481232732806e-16, ""min"": 0.9999999999999983, ""max"": 1.0000000000000016}}",,
slow_prefix,norms,fork,fork,False,7,0,ok,0.008654,0.0,,0.1477,0.1622,2801.0,{},"{""column_norms"": {""kind"": ""array"", ""shape"": [1200], ""dtype"": ""float64"", ""mean"": 1.0, ""std"": 4.560481232732806e-16, ""min"": 0.9999999999999983, ""max"": 1.0000000000000016}}","[JUmPER]: a benchmark measurement spent at least 1ms of its 9ms on 2801 page faults - the cost of touching memory inherited from the prefix rather than of the cell itself. Cells working over large Python objects are affected most, and the timing understates them. Re-run with --replay-mode full for a number that does not carry this.",
slow_prefix,norms,dill,dill,False,7,1,ok,0.013148,0.0,0.0197,2.6283,2.6381,,{},"{""column_norms"": {""kind"": ""array"", ""shape"": [1200], ""dtype"": ""float64"", ""mean"": 1.0, ""std"": 4.560481232732806e-16, ""min"": 0.9999999999999983, ""max"": 1.0000000000000016}}",,
slow_prefix,norms,full,full,False,7,2,ok,0.010603,0.285166,,3.0338,3.0485,,{},"{""column_norms"": {""kind"": ""array"", ""shape"": [1200], ""dtype"": ""float64"", ""mean"": 1.0, ""std"": 4.560481232732806e-16, ""min"": 0.9999999999999983, ""max"": 1.0000000000000016}}",,
slow_prefix,norms,dill,dill,False,8,0,ok,0.013285,0.0,0.0241,2.714,2.7229,,{},"{""column_norms"": {""kind"": ""array"", ""shape"": [1200], ""dtype"": ""float64"", ""mean"": 1.0, ""std"": 4.560481232732806e-16, ""min"": 0.9999999999999983, ""max"": 1.0000000000000016}}",,
slow_prefix,norms,full,full,False,8,1,ok,0.008978,0.444819,,3.0044,3.0191,,{},"{""column_norms"": {""kind"": ""array"", ""shape"": [1200], ""dtype"": ""float64"", ""mean"": 1.0, ""std"": 4.560481232732806e-16, ""min"": 0.9999999999999983, ""max"": 1.0000000000000016}}",,
slow_prefix,norms,fork,fork,False,8,2,ok,0.009021,0.0,,0.1479,0.1624,2799.0,{},"{""column_norms"": {""kind"": ""array"", ""shape"": [1200], ""dtype"": ""float64"", ""mean"": 1.0, ""std"": 4.560481232732806e-16, ""min"": 0.9999999999999983, ""max"": 1.0000000000000016}}","[JUmPER]: a benchmark measurement spent at least 1ms of its 9ms on 2799 page faults - the cost of touching memory inherited from the prefix rather than of the cell itself. Cells working over large Python objects are affected most, and the timing understates them. Re-run with --replay-mode full for a number that does not carry this.",
slow_prefix,norms,full,full,False,9,0,ok,0.008167,0.240345,,2.9027,2.9174,,{},"{""column_norms"": {""kind"": ""array"", ""shape"": [1200], ""dtype"": ""float64"", ""mean"": 1.0, ""std"": 4.560481232732806e-16, ""min"": 0.9999999999999983, ""max"": 1.0000000000000016}}",,
slow_prefix,norms,fork,fork,False,9,1,ok,0.012872,0.0,,0.1468,0.1618,2801.0,{},"{""column_norms"": {""kind"": ""array"", ""shape"": [1200], ""dtype"": ""float64"", ""mean"": 1.0, ""std"": 4.560481232732806e-16, ""min"": 0.9999999999999983, ""max"": 1.0000000000000016}}","[JUmPER]: a benchmark measurement spent at least 1ms of its 13ms on 2801 page faults - the cost of touching memory inherited from the prefix rather than of the cell itself. Cells working over large Python objects are affected most, and the timing understates them. Re-run with --replay-mode full for a number that does not carry this.",
slow_prefix,norms,dill,dill,False,9,2,ok,0.013427,0.0,0.0204,2.7763,2.7856,,{},"{""column_norms"": {""kind"": ""array"", ""shape"": [1200], ""dtype"": ""float64"", ""mean"": 1.0, ""std"": 4.560481232732806e-16, ""min"": 0.9999999999999983, ""max"": 1.0000000000000016}}",,
slow_prefix,norms,fork,fork,False,10,0,ok,0.008883,0.0,,0.147,0.1616,2801.0,{},"{""column_norms"": {""kind"": ""array"", ""shape"": [1200], ""dtype"": ""float64"", ""mean"": 1.0, ""std"": 4.560481232732806e-16, ""min"": 0.9999999999999983, ""max"": 1.0000000000000016}}","[JUmPER]: a benchmark measurement spent at least 1ms of its 9ms on 2801 page faults - the cost of touching memory inherited from the prefix rather than of the cell itself. Cells working over large Python objects are affected most, and the timing understates them. Re-run with --replay-mode full for a number that does not carry this.",
slow_prefix,norms,dill,dill,False,10,1,ok,0.013469,0.0,0.0195,2.7641,2.7739,,{},"{""column_norms"": {""kind"": ""array"", ""shape"": [1200], ""dtype"": ""float64"", ""mean"": 1.0, ""std"": 4.560481232732806e-16, ""min"": 0.9999999999999983, ""max"": 1.0000000000000016}}",,
slow_prefix,norms,full,full,False,10,2,ok,0.008619,0.264666,,2.873,2.8897,,{},"{""column_norms"": {""kind"": ""array"", ""shape"": [1200], ""dtype"": ""float64"", ""mean"": 1.0, ""std"": 4.560481232732806e-16, ""min"": 0.9999999999999983, ""max"": 1.0000000000000016}}",,
model_fit,predict,full,full,False,0,0,ok,0.264782,3.110858,,6.1699,6.189,,"{""cpu_util_avg"": {""mean"": 54.0012066, ""max"": 56.625938}, ""cpu_util_min"": {""mean"": 54.0012066, ""max"": 56.625938}, ""cpu_util_max"": {""mean"": 54.0012066, ""max"": 56.625938}, ""cpu_util_0"": {""mean"": 54.0012066, ""max"": 56.625938}, ""cpu_util_1"": {""mean"": 54.0012066, ""max"": 56.625938}, ""cpu_util_2"": {""mean"": 54.0012066, ""max"": 56.625938}, ""cpu_util_3"": {""mean"": 54.0012066, ""max"": 56.625938}, ""cpu_util_4"": {""mean"": 54.0012066, ""max"": 56.625938}, ""cpu_util_5"": {""mean"": 54.0012066, ""max"": 56.625938}, ""cpu_util_6"": {""mean"": 54.0012066, ""max"": 56.625938}, ""cpu_util_7"": {""mean"": 54.0012066, ""max"": 56.625938}, ""cpu_util_8"": {""mean"": 54.0012066, ""max"": 56.625938}, ""cpu_util_9"": {""mean"": 54.0012066, ""max"": 56.625938}, ""cpu_util_10"": {""mean"": 54.0012066, ""max"": 56.625938}, ""cpu_util_11"": {""mean"": 54.0012066, ""max"": 56.625938}, ""memory"": {""mean"": 0.366875, ""max"": 0.366875}, ""io_read_count"": {""mean"": 10280.2829208, ""max"": 10291.920926}, ""io_write_count"": {""mean"": 20.000550399999998, ""max"": 20.023192}, ""io_read"": {""mean"": 0.0, ""max"": 0.0}, ""io_write"": {""mean"": 0.0, ""max"": 0.0}, ""gpu_util_avg"": {""mean"": 0.0, ""max"": 0.0}, ""gpu_util_min"": {""mean"": 0.0, ""max"": 0.0}, ""gpu_util_max"": {""mean"": 0.0, ""max"": 0.0}, ""gpu_util_0"": {""mean"": 0.0, ""max"": 0.0}, ""gpu_band_avg"": {""mean"": 0.0, ""max"": 0.0}, ""gpu_band_min"": {""mean"": 0.0, ""max"": 0.0}, ""gpu_band_max"": {""mean"": 0.0, ""max"": 0.0}, ""gpu_band_0"": {""mean"": 0.0, ""max"": 0.0}, ""gpu_mem_avg"": {""mean"": 0.0, ""max"": 0.0}, ""gpu_mem_min"": {""mean"": 0.0, ""max"": 0.0}, ""gpu_mem_max"": {""mean"": 0.0, ""max"": 0.0}, ""gpu_mem_0"": {""mean"": 0.0, ""max"": 0.0}}","{""predictions"": {""kind"": ""array"", ""shape"": [50000], ""dtype"": ""int64"", ""mean"": 0.49898, ""std"": 0.49999895959891755, ""min"": 0.0, ""max"": 1.0}}",,
model_fit,predict,fork,full,True,0,1,ok,0.300569,3.461388,,6.568,6.5899,,"{""cpu_util_avg"": {""mean"": 53.8895205, ""max"": 56.717337}, ""cpu_util_min"": {""mean"": 53.8895205, ""max"": 56.717337}, ""cpu_util_max"": {""mean"": 53.8895205, ""max"": 56.717337}, ""cpu_util_0"": {""mean"": 53.8895205, ""max"": 56.717337}, ""cpu_util_1"": {""mean"": 53.8895205, ""max"": 56.717337}, ""cpu_util_2"": {""mean"": 53.8895205, ""max"": 56.717337}, ""cpu_util_3"": {""mean"": 53.8895205, ""max"": 56.717337}, ""cpu_util_4"": {""mean"": 53.8895205, ""max"": 56.717337}, ""cpu_util_5"": {""mean"": 53.8895205, ""max"": 56.717337}, ""cpu_util_6"": {""mean"": 53.8895205, ""max"": 56.717337}, ""cpu_util_7"": {""mean"": 53.8895205, ""max"": 56.717337}, ""cpu_util_8"": {""mean"": 53.8895205, ""max"": 56.717337}, ""cpu_util_9"": {""mean"": 53.8895205, ""max"": 56.717337}, ""cpu_util_10"": {""mean"": 53.8895205, ""max"": 56.717337}, ""cpu_util_11"": {""mean"": 53.8895205, ""max"": 56.717337}, ""memory"": {""mean"": 0.36950299999999997, ""max"": 0.369503}, ""io_read_count"": {""mean"": 10280.115169666666, ""max"": 10289.192158}, ""io_write_count"": {""mean"": 20.000224, ""max"": 20.017884}, ""io_read"": {""mean"": 0.0, ""max"": 0.0}, ""io_write"": {""mean"": 0.0, ""max"": 0.0}, ""gpu_util_avg"": {""mean"": 0.0, ""max"": 0.0}, ""gpu_util_min"": {""mean"": 0.0, ""max"": 0.0}, ""gpu_util_max"": {""mean"": 0.0, ""max"": 0.0}, ""gpu_util_0"": {""mean"": 0.0, ""max"": 0.0}, ""gpu_band_avg"": {""mean"": 0.0, ""max"": 0.0}, ""gpu_band_min"": {""mean"": 0.0, ""max"": 0.0}, ""gpu_band_max"": {""mean"": 0.0, ""max"": 0.0}, ""gpu_band_0"": {""mean"": 0.0, ""max"": 0.0}, ""gpu_mem_avg"": {""mean"": 0.0, ""max"": 0.0}, ""gpu_mem_min"": {""mean"": 0.0, ""max"": 0.0}, ""gpu_mem_max"": {""mean"": 0.0, ""max"": 0.0}, ""gpu_mem_0"": {""mean"": 0.0, ""max"": 0.0}}","{""predictions"": {""kind"": ""array"", ""shape"": [50000], ""dtype"": ""int64"", ""mean"": 0.499, ""std"": 0.49999899999899994, ""min"": 0.0, ""max"": 1.0}}",,
model_fit,predict,dill,dill,False,0,2,ok,0.212063,0.0,0.6707,3.7461,3.7625,,"{""cpu_util_avg"": {""mean"": 52.06276075, ""max"": 56.613527}, ""cpu_util_min"": {""mean"": 52.06276075, ""max"": 56.613527}, ""cpu_util_max"": {""mean"": 52.06276075, ""max"": 56.613527}, ""cpu_util_0"": {""mean"": 52.06276075, ""max"": 56.613527}, ""cpu_util_1"": {""mean"": 52.06276075, ""max"": 56.613527}, ""cpu_util_2"": {""mean"": 52.06276075, ""max"": 56.613527}, ""cpu_util_3"": {""mean"": 52.06276075, ""max"": 56.613527}, ""cpu_util_4"": {""mean"": 52.06276075, ""max"": 56.613527}, ""cpu_util_5"": {""mean"": 52.06276075, ""max"": 56.613527}, ""cpu_util_6"": {""mean"": 52.06276075, ""max"": 56.613527}, ""cpu_util_7"": {""mean"": 52.06276075, ""max"": 56.613527}, ""cpu_util_8"": {""mean"": 52.06276075, ""max"": 56.613527}, ""cpu_util_9"": {""mean"": 52.06276075, ""max"": 56.613527}, ""cpu_util_10"": {""mean"": 52.06276075, ""max"": 56.613527}, ""cpu_util_11"": {""mean"": 52.06276075, ""max"": 56.613527}, ""memory"": {""mean"": 0.3240585, ""max"": 0.324394}, ""io_read_count"": {""mean"": 7707.6695500000005, ""max"": 10281.773195}, ""io_write_count"": {""mean"": 14.99546625, ""max"": 20.00345}, ""io_read"": {""mean"": 0.0, ""max"": 0.0}, ""io_write"": {""mean"": 0.0, ""max"": 0.0}, ""gpu_util_avg"": {""mean"": 0.0, ""max"": 0.0}, ""gpu_util_min"": {""mean"": 0.0, ""max"": 0.0}, ""gpu_util_max"": {""mean"": 0.0, ""max"": 0.0}, ""gpu_util_0"": {""mean"": 0.0, ""max"": 0.0}, ""gpu_band_avg"": {""mean"": 0.0, ""max"": 0.0}, ""gpu_band_min"": {""mean"": 0.0, ""max"": 0.0}, ""gpu_band_max"": {""mean"": 0.0, ""max"": 0.0}, ""gpu_band_0"": {""mean"": 0.0, ""max"": 0.0}, ""gpu_mem_avg"": {""mean"": 0.0, ""max"": 0.0}, ""gpu_mem_min"": {""mean"": 0.0, ""max"": 0.0}, ""gpu_mem_max"": {""mean"": 0.0, ""max"": 0.0}, ""gpu_mem_0"": {""mean"": 0.0, ""max"": 0.0}}","{""predictions"": {""kind"": ""array"", ""shape"": [50000], ""dtype"": ""int64"", ""mean"": 0.49904, ""std"": 0.49999907839915064, ""min"": 0.0, ""max"": 1.0}}",,
model_fit,predict,fork,full,True,1,0,ok,0.205198,2.580598,,5.5417,5.5599,,"{""cpu_util_avg"": {""mean"": 53.748915, ""max"": 55.04035}, ""cpu_util_min"": {""mean"": 53.748915, ""max"": 55.04035}, ""cpu_util_max"": {""mean"": 53.748915, ""max"": 55.04035}, ""cpu_util_0"": {""mean"": 53.748915, ""max"": 55.04035}, ""cpu_util_1"": {""mean"": 53.748915, ""max"": 55.04035}, ""cpu_util_2"": {""mean"": 53.748915, ""max"": 55.04035}, ""cpu_util_3"": {""mean"": 53.748915, ""max"": 55.04035}, ""cpu_util_4"": {""mean"": 53.748915, ""max"": 55.04035}, ""cpu_util_5"": {""mean"": 53.748915, ""max"": 55.04035}, ""cpu_util_6"": {""mean"": 53.748915, ""max"": 55.04035}, ""cpu_util_7"": {""mean"": 53.748915, ""max"": 55.04035}, ""cpu_util_8"": {""mean"": 53.748915, ""max"": 55.04035}, ""cpu_util_9"": {""mean"": 53.748915, ""max"": 55.04035}, ""cpu_util_10"": {""mean"": 53.748915, ""max"": 55.04035}, ""cpu_util_11"": {""mean"": 53.748915, ""max"": 55.04035}, ""memory"": {""mean"": 0.368576, ""max"": 0.368576}, ""io_read_count"": {""mean"": 10279.64349725, ""max"": 10287.541797}, ""io_write_count"": {""mean"": 19.9993065, ""max"": 20.014673}, ""io_read"": {""mean"": 0.0, ""max"": 0.0}, ""io_write"": {""mean"": 0.0, ""max"": 0.0}, ""gpu_util_avg"": {""mean"": 0.0, ""max"": 0.0}, ""gpu_util_min"": {""mean"": 0.0, ""max"": 0.0}, ""gpu_util_max"": {""mean"": 0.0, ""max"": 0.0}, ""gpu_util_0"": {""mean"": 0.0, ""max"": 0.0}, ""gpu_band_avg"": {""mean"": 0.0, ""max"": 0.0}, ""gpu_band_min"": {""mean"": 0.0, ""max"": 0.0}, ""gpu_band_max"": {""mean"": 0.0, ""max"": 0.0}, ""gpu_band_0"": {""mean"": 0.0, ""max"": 0.0}, ""gpu_mem_avg"": {""mean"": 0.0, ""max"": 0.0}, ""gpu_mem_min"": {""mean"": 0.0, ""max"": 0.0}, ""gpu_mem_max"": {""mean"": 0.0, ""max"": 0.0}, ""gpu_mem_0"": {""mean"": 0.0, ""max"": 0.0}}","{""predictions"": {""kind"": ""array"", ""shape"": [50000], ""dtype"": ""int64"", ""mean"": 0.49882, ""std"": 0.49999860759806114, ""min"": 0.0, ""max"": 1.0}}",,
model_fit,predict,dill,dill,False,1,1,ok,0.210309,0.0,0.6715,3.7643,3.7796,,"{""cpu_util_avg"": {""mean"": 52.493607000000004, ""max"": 58.345596}, ""cpu_util_min"": {""mean"": 52.493607000000004, ""max"": 58.345596}, ""cpu_util_max"": {""mean"": 52.493607000000004, ""max"": 58.345596}, ""cpu_util_0"": {""mean"": 52.493607000000004, ""max"": 58.345596}, ""cpu_util_1"": {""mean"": 52.493607000000004, ""max"": 58.345596}, ""cpu_util_2"": {""mean"": 52.493607000000004, ""max"": 58.345596}, ""cpu_util_3"": {""mean"": 52.493607000000004, ""max"": 58.345596}, ""cpu_util_4"": {""mean"": 52.493607000000004, ""max"": 58.345596}, ""cpu_util_5"": {""mean"": 52.493607000000004, ""max"": 58.345596}, ""cpu_util_6"": {""mean"": 52.493607000000004, ""max"": 58.345596}, ""cpu_util_7"": {""mean"": 52.493607000000004, ""max"": 58.345596}, ""cpu_util_8"": {""mean"": 52.493607000000004, ""max"": 58.345596}, ""cpu_util_9"": {""mean"": 52.493607000000004, ""max"": 58.345596}, ""cpu_util_10"": {""mean"": 52.493607000000004, ""max"": 58.345596}, ""cpu_util_11"": {""mean"": 52.493607000000004, ""max"": 58.345596}, ""memory"": {""mean"": 0.32421849999999997, ""max"": 0.324615}, ""io_read_count"": {""mean"": 7711.88844075, ""max"": 10287.734936}, ""io_write_count"": {""mean"": 15.003674, ""max"": 20.015049}, ""io_read"": {""mean"": 0.0, ""max"": 0.0}, ""io_write"": {""mean"": 0.0, ""max"": 0.0}, ""gpu_util_avg"": {""mean"": 0.0, ""max"": 0.0}, ""gpu_util_min"": {""mean"": 0.0, ""max"": 0.0}, ""gpu_util_max"": {""mean"": 0.0, ""max"": 0.0}, ""gpu_util_0"": {""mean"": 0.0, ""max"": 0.0}, ""gpu_band_avg"": {""mean"": 0.0, ""max"": 0.0}, ""gpu_band_min"": {""mean"": 0.0, ""max"": 0.0}, ""gpu_band_max"": {""mean"": 0.0, ""max"": 0.0}, ""gpu_band_0"": {""mean"": 0.0, ""max"": 0.0}, ""gpu_mem_avg"": {""mean"": 0.0, ""max"": 0.0}, ""gpu_mem_min"": {""mean"": 0.0, ""max"": 0.0}, ""gpu_mem_max"": {""mean"": 0.0, ""max"": 0.0}, ""gpu_mem_0"": {""mean"": 0.0, ""max"": 0.0}}","{""predictions"": {""kind"": ""array"", ""shape"": [50000], ""dtype"": ""int64"", ""mean"": 0.49904, ""std"": 0.49999907839915064, ""min"": 0.0, ""max"": 1.0}}",,
model_fit,predict,full,full,False,1,2,ok,0.290494,3.283833,,6.345,6.3643,,"{""cpu_util_avg"": {""mean"": 53.337732666666675, ""max"": 55.012048}, ""cpu_util_min"": {""mean"": 53.337732666666675, ""max"": 55.012048}, ""cpu_util_max"": {""mean"": 53.337732666666675, ""max"": 55.012048}, ""cpu_util_0"": {""mean"": 53.337732666666675, ""max"": 55.012048}, ""cpu_util_1"": {""mean"": 53.337732666666675, ""max"": 55.012048}, ""cpu_util_2"": {""mean"": 53.337732666666675, ""max"": 55.012048}, ""cpu_util_3"": {""mean"": 53.337732666666675, ""max"": 55.012048}, ""cpu_util_4"": {""mean"": 53.337732666666675, ""max"": 55.012048}, ""cpu_util_5"": {""mean"": 53.337732666666675, ""max"": 55.012048}, ""cpu_util_6"": {""mean"": 53.337732666666675, ""max"": 55.012048}, ""cpu_util_7"": {""mean"": 53.337732666666675, ""max"": 55.012048}, ""cpu_util_8"": {""mean"": 53.337732666666675, ""max"": 55.012048}, ""cpu_util_9"": {""mean"": 53.337732666666675, ""max"": 55.012048}, ""cpu_util_10"": {""mean"": 53.337732666666675, ""max"": 55.012048}, ""cpu_util_11"": {""mean"": 53.337732666666675, ""max"": 55.012048}, ""memory"": {""mean"": 0.370045, ""max"": 0.370045}, ""io_read_count"": {""mean"": 10280.823949666668, ""max"": 10291.995733}, ""io_write_count"": {""mean"": 20.001603, ""max"": 20.023338}, ""io_read"": {""mean"": 0.0, ""max"": 0.0}, ""io_write"": {""mean"": 0.0, ""max"": 0.0}, ""gpu_util_avg"": {""mean"": 0.0, ""max"": 0.0}, ""gpu_util_min"": {""mean"": 0.0, ""max"": 0.0}, ""gpu_util_max"": {""mean"": 0.0, ""max"": 0.0}, ""gpu_util_0"": {""mean"": 0.0, ""max"": 0.0}, ""gpu_band_avg"": {""mean"": 0.0, ""max"": 0.0}, ""gpu_band_min"": {""mean"": 0.0, ""max"": 0.0}, ""gpu_band_max"": {""mean"": 0.0, ""max"": 0.0}, ""gpu_band_0"": {""mean"": 0.0, ""max"": 0.0}, ""gpu_mem_avg"": {""mean"": 0.0, ""max"": 0.0}, ""gpu_mem_min"": {""mean"": 0.0, ""max"": 0.0}, ""gpu_mem_max"": {""mean"": 0.0, ""max"": 0.0}, ""gpu_mem_0"": {""mean"": 0.0, ""max"": 0.0}}","{""predictions"": {""kind"": ""array"", ""shape"": [50000], ""dtype"": ""int64"", ""mean"": 0.49896, ""std"": 0.49999891839883015, ""min"": 0.0, ""max"": 1.0}}",,
model_fit,predict,dill,dill,False,2,0,ok,0.209816,0.0,0.6825,3.8328,3.8495,,"{""cpu_util_avg"": {""mean"": 51.245397999999994, ""max"": 56.648373}, ""cpu_util_min"": {""mean"": 51.245397999999994, ""max"": 56.648373}, ""cpu_util_max"": {""mean"": 51.245397999999994, ""max"": 56.648373}, ""cpu_util_0"": {""mean"": 51.245397999999994, ""max"": 56.648373}, ""cpu_util_1"": {""mean"": 51.245397999999994, ""max"": 56.648373}, ""cpu_util_2"": {""mean"": 51.245397999999994, ""max"": 56.648373}, ""cpu_util_3"": {""mean"": 51.245397999999994, ""max"": 56.648373}, ""cpu_util_4"": {""mean"": 51.245397999999994, ""max"": 56.648373}, ""cpu_util_5"": {""mean"": 51.245397999999994, ""max"": 56.648373}, ""cpu_util_6"": {""mean"": 51.245397999999994, ""max"": 56.648373}, ""cpu_util_7"": {""mean"": 51.245397999999994, ""max"": 56.648373}, ""cpu_util_8"": {""mean"": 51.245397999999994, ""max"": 56.648373}, ""cpu_util_9"": {""mean"": 51.245397999999994, ""max"": 56.648373}, ""cpu_util_10"": {""mean"": 51.245397999999994, ""max"": 56.648373}, ""cpu_util_11"": {""mean"": 51.245397999999994, ""max"": 56.648373}, ""memory"": {""mean"": 0.323723, ""max"": 0.324028}, ""io_read_count"": {""mean"": 7713.021849999999, ""max"": 10289.342517}, ""io_write_count"": {""mean"": 15.005879, ""max"": 20.018176}, ""io_read"": {""mean"": 0.0, ""max"": 0.0}, ""io_write"": {""mean"": 0.0, ""max"": 0.0}, ""gpu_util_avg"": {""mean"": 0.0, ""max"": 0.0}, ""gpu_util_min"": {""mean"": 0.0, ""max"": 0.0}, ""gpu_util_max"": {""mean"": 0.0, ""max"": 0.0}, ""gpu_util_0"": {""mean"": 0.0, ""max"": 0.0}, ""gpu_band_avg"": {""mean"": 0.0, ""max"": 0.0}, ""gpu_band_min"": {""mean"": 0.0, ""max"": 0.0}, ""gpu_band_max"": {""mean"": 0.0, ""max"": 0.0}, ""gpu_band_0"": {""mean"": 0.0, ""max"": 0.0}, ""gpu_mem_avg"": {""mean"": 0.0, ""max"": 0.0}, ""gpu_mem_min"": {""mean"": 0.0, ""max"": 0.0}, ""gpu_mem_max"": {""mean"": 0.0, ""max"": 0.0}, ""gpu_mem_0"": {""mean"": 0.0, ""max"": 0.0}}","{""predictions"": {""kind"": ""array"", ""shape"": [50000], ""dtype"": ""int64"", ""mean"": 0.49904, ""std"": 0.49999907839915064, ""min"": 0.0, ""max"": 1.0}}",,
model_fit,predict,full,full,False,2,1,ok,0.29781,3.326687,,6.4247,6.4449,,"{""cpu_util_avg"": {""mean"": 53.88988750000001, ""max"": 56.654888}, ""cpu_util_min"": {""mean"": 53.88988750000001, ""max"": 56.654888}, ""cpu_util_max"": {""mean"": 53.88988750000001, ""max"": 56.654888}, ""cpu_util_0"": {""mean"": 53.88988750000001, ""max"": 56.654888}, ""cpu_util_1"": {""mean"": 53.88988750000001, ""max"": 56.654888}, ""cpu_util_2"": {""mean"": 53.88988750000001, ""max"": 56.654888}, ""cpu_util_3"": {""mean"": 53.88988750000001, ""max"": 56.654888}, ""cpu_util_4"": {""mean"": 53.88988750000001, ""max"": 56.654888}, ""cpu_util_5"": {""mean"": 53.88988750000001, ""max"": 56.654888}, ""cpu_util_6"": {""mean"": 53.88988750000001, ""max"": 56.654888}, ""cpu_util_7"": {""mean"": 53.88988750000001, ""max"": 56.654888}, ""cpu_util_8"": {""mean"": 53.88988750000001, ""max"": 56.654888}, ""cpu_util_9"": {""mean"": 53.88988750000001, ""max"": 56.654888}, ""cpu_util_10"": {""mean"": 53.88988750000001, ""max"": 56.654888}, ""cpu_util_11"": {""mean"": 53.88988750000001, ""max"": 56.654888}, ""memory"": {""mean"": 0.37030266666666667, ""max"": 0.370384}, ""io_read_count"": {""mean"": 10280.244655833334, ""max"": 10292.053229}, ""io_write_count"": {""mean"": 20.000475999999995, ""max"": 20.02345}, ""io_read"": {""mean"": 0.0, ""max"": 0.0}, ""io_write"": {""mean"": 0.0, ""max"": 0.0}, ""gpu_util_avg"": {""mean"": 0.0, ""max"": 0.0}, ""gpu_util_min"": {""mean"": 0.0, ""max"": 0.0}, ""gpu_util_max"": {""mean"": 0.0, ""max"": 0.0}, ""gpu_util_0"": {""mean"": 0.0, ""max"": 0.0}, ""gpu_band_avg"": {""mean"": 0.0, ""max"": 0.0}, ""gpu_band_min"": {""mean"": 0.0, ""max"": 0.0}, ""gpu_band_max"": {""mean"": 0.0, ""max"": 0.0}, ""gpu_band_0"": {""mean"": 0.0, ""max"": 0.0}, ""gpu_mem_avg"": {""mean"": 0.0, ""max"": 0.0}, ""gpu_mem_min"": {""mean"": 0.0, ""max"": 0.0}, ""gpu_mem_max"": {""mean"": 0.0, ""max"": 0.0}, ""gpu_mem_0"": {""mean"": 0.0, ""max"": 0.0}}","{""predictions"": {""kind"": ""array"", ""shape"": [50000], ""dtype"": ""int64"", ""mean"": 0.49888, ""std"": 0.49999874559842655, ""min"": 0.0, ""max"": 1.0}}",,
model_fit,predict,fork,full,True,2,2,ok,0.273928,3.353536,,6.4292,6.4515,,"{""cpu_util_avg"": {""mean"": 53.009751200000004, ""max"": 56.638846}, ""cpu_util_min"": {""mean"": 53.009751200000004, ""max"": 56.638846}, ""cpu_util_max"": {""mean"": 53.009751200000004, ""max"": 56.638846}, ""cpu_util_0"": {""mean"": 53.009751200000004, ""max"": 56.638846}, ""cpu_util_1"": {""mean"": 53.009751200000004, ""max"": 56.638846}, ""cpu_util_2"": {""mean"": 53.009751200000004, ""max"": 56.638846}, ""cpu_util_3"": {""mean"": 53.009751200000004, ""max"": 56.638846}, ""cpu_util_4"": {""mean"": 53.009751200000004, ""max"": 56.638846}, ""cpu_util_5"": {""mean"": 53.009751200000004, ""max"": 56.638846}, ""cpu_util_6"": {""mean"": 53.009751200000004, ""max"": 56.638846}, ""cpu_util_7"": {""mean"": 53.009751200000004, ""max"": 56.638846}, ""cpu_util_8"": {""mean"": 53.009751200000004, ""max"": 56.638846}, ""cpu_util_9"": {""mean"": 53.009751200000004, ""max"": 56.638846}, ""cpu_util_10"": {""mean"": 53.009751200000004, ""max"": 56.638846}, ""cpu_util_11"": {""mean"": 53.009751200000004, ""max"": 56.638846}, ""memory"": {""mean"": 0.367046, ""max"": 0.367046}, ""io_read_count"": {""mean"": 10282.191373, ""max"": 10289.332836}, ""io_write_count"": {""mean"": 20.004263399999996, ""max"": 20.018157}, ""io_read"": {""mean"": 0.0, ""max"": 0.0}, ""io_write"": {""mean"": 0.0, ""max"": 0.0}, ""gpu_util_avg"": {""mean"": 0.0, ""max"": 0.0}, ""gpu_util_min"": {""mean"": 0.0, ""max"": 0.0}, ""gpu_util_max"": {""mean"": 0.0, ""max"": 0.0}, ""gpu_util_0"": {""mean"": 0.0, ""max"": 0.0}, ""gpu_band_avg"": {""mean"": 0.0, ""max"": 0.0}, ""gpu_band_min"": {""mean"": 0.0, ""max"": 0.0}, ""gpu_band_max"": {""mean"": 0.0, ""max"": 0.0}, ""gpu_band_0"": {""mean"": 0.0, ""max"": 0.0}, ""gpu_mem_avg"": {""mean"": 0.0, ""max"": 0.0}, ""gpu_mem_min"": {""mean"": 0.0, ""max"": 0.0}, ""gpu_mem_max"": {""mean"": 0.0, ""max"": 0.0}, ""gpu_mem_0"": {""mean"": 0.0, ""max"": 0.0}}","{""predictions"": {""kind"": ""array"", ""shape"": [50000], ""dtype"": ""int64"", ""mean"": 0.49892, ""std"": 0.4999988335986395, ""min"": 0.0, ""max"": 1.0}}",,
model_fit,predict,full,full,False,3,0,ok,0.337278,3.866663,,7.1051,7.1248,,"{""cpu_util_avg"": {""mean"": 54.55867128571428, ""max"": 56.73303}, ""cpu_util_min"": {""mean"": 54.55867128571428, ""max"": 56.73303}, ""cpu_util_max"": {""mean"": 54.55867128571428, ""max"": 56.73303}, ""cpu_util_0"": {""mean"": 54.55867128571428, ""max"": 56.73303}, ""cpu_util_1"": {""mean"": 54.55867128571428, ""max"": 56.73303}, ""cpu_util_2"": {""mean"": 54.55867128571428, ""max"": 56.73303}, ""cpu_util_3"": {""mean"": 54.55867128571428, ""max"": 56.73303}, ""cpu_util_4"": {""mean"": 54.55867128571428, ""max"": 56.73303}, ""cpu_util_5"": {""mean"": 54.55867128571428, ""max"": 56.73303}, ""cpu_util_6"": {""mean"": 54.55867128571428, ""max"": 56.73303}, ""cpu_util_7"": {""mean"": 54.55867128571428, ""max"": 56.73303}, ""cpu_util_8"": {""mean"": 54.55867128571428, ""max"": 56.73303}, ""cpu_util_9"": {""mean"": 54.55867128571428, ""max"": 56.73303}, ""cpu_util_10"": {""mean"": 54.55867128571428, ""max"": 56.73303}, ""cpu_util_11"": {""mean"": 54.55867128571428, ""max"": 56.73303}, ""memory"": {""mean"": 0.37053700000000006, ""max"": 0.370537}, ""io_read_count"": {""mean"": 10286.411384, ""max"": 10322.998178}, ""io_write_count"": {""mean"": 20.01247342857143, ""max"": 20.083654}, ""io_read"": {""mean"": 0.0, ""max"": 0.0}, ""io_write"": {""mean"": 0.0, ""max"": 0.0}, ""gpu_util_avg"": {""mean"": 0.0, ""max"": 0.0}, ""gpu_util_min"": {""mean"": 0.0, ""max"": 0.0}, ""gpu_util_max"": {""mean"": 0.0, ""max"": 0.0}, ""gpu_util_0"": {""mean"": 0.0, ""max"": 0.0}, ""gpu_band_avg"": {""mean"": 0.0, ""max"": 0.0}, ""gpu_band_min"": {""mean"": 0.0, ""max"": 0.0}, ""gpu_band_max"": {""mean"": 0.0, ""max"": 0.0}, ""gpu_band_0"": {""mean"": 0.0, ""max"": 0.0}, ""gpu_mem_avg"": {""mean"": 0.0, ""max"": 0.0}, ""gpu_mem_min"": {""mean"": 0.0, ""max"": 0.0}, ""gpu_mem_max"": {""mean"": 0.0, ""max"": 0.0}, ""gpu_mem_0"": {""mean"": 0.0, ""max"": 0.0}}","{""predictions"": {""kind"": ""array"", ""shape"": [50000], ""dtype"": ""int64"", ""mean"": 0.4989, ""std"": 0.4999987899985359, ""min"": 0.0, ""max"": 1.0}}",,
model_fit,predict,fork,full,True,3,1,ok,0.300899,3.425456,,6.5679,6.5875,,"{""cpu_util_avg"": {""mean"": 53.8932375, ""max"": 56.697399}, ""cpu_util_min"": {""mean"": 53.8932375, ""max"": 56.697399}, ""cpu_util_max"": {""mean"": 53.8932375, ""max"": 56.697399}, ""cpu_util_0"": {""mean"": 53.8932375, ""max"": 56.697399}, ""cpu_util_1"": {""mean"": 53.8932375, ""max"": 56.697399}, ""cpu_util_2"": {""mean"": 53.8932375, ""max"": 56.697399}, ""cpu_util_3"": {""mean"": 53.8932375, ""max"": 56.697399}, ""cpu_util_4"": {""mean"": 53.8932375, ""max"": 56.697399}, ""cpu_util_5"": {""mean"": 53.8932375, ""max"": 56.697399}, ""cpu_util_6"": {""mean"": 53.8932375, ""max"": 56.697399}, ""cpu_util_7"": {""mean"": 53.8932375, ""max"": 56.697399}, ""cpu_util_8"": {""mean"": 53.8932375, ""max"": 56.697399}, ""cpu_util_9"": {""mean"": 53.8932375, ""max"": 56.697399}, ""cpu_util_10"": {""mean"": 53.8932375, ""max"": 56.697399}, ""cpu_util_11"": {""mean"": 53.8932375, ""max"": 56.697399}, ""memory"": {""mean"": 0.36931866666666674, ""max"": 0.369339}, ""io_read_count"": {""mean"": 10280.596256666666, ""max"": 10292.810432}, ""io_write_count"": {""mean"": 20.001160166666665, ""max"": 20.024923}, ""io_read"": {""mean"": 0.0, ""max"": 0.0}, ""io_write"": {""mean"": 0.0, ""max"": 0.0}, ""gpu_util_avg"": {""mean"": 0.0, ""max"": 0.0}, ""gpu_util_min"": {""mean"": 0.0, ""max"": 0.0}, ""gpu_util_max"": {""mean"": 0.0, ""max"": 0.0}, ""gpu_util_0"": {""mean"": 0.0, ""max"": 0.0}, ""gpu_band_avg"": {""mean"": 0.0, ""max"": 0.0}, ""gpu_band_min"": {""mean"": 0.0, ""max"": 0.0}, ""gpu_band_max"": {""mean"": 0.0, ""max"": 0.0}, ""gpu_band_0"": {""mean"": 0.0, ""max"": 0.0}, ""gpu_mem_avg"": {""mean"": 0.0, ""max"": 0.0}, ""gpu_mem_min"": {""mean"": 0.0, ""max"": 0.0}, ""gpu_mem_max"": {""mean"": 0.0, ""max"": 0.0}, ""gpu_mem_0"": {""mean"": 0.0, ""max"": 0.0}}","{""predictions"": {""kind"": ""array"", ""shape"": [50000], ""dtype"": ""int64"", ""mean"": 0.49896, ""std"": 0.4999989183988301, ""min"": 0.0, ""max"": 1.0}}",,
model_fit,predict,dill,dill,False,3,2,ok,0.232761,0.0,0.6665,3.8092,3.8266,,"{""cpu_util_avg"": {""mean"": 52.076604, ""max"": 55.116629}, ""cpu_util_min"": {""mean"": 52.076604, ""max"": 55.116629}, ""cpu_util_max"": {""mean"": 52.076604, ""max"": 55.116629}, ""cpu_util_0"": {""mean"": 52.076604, ""max"": 55.116629}, ""cpu_util_1"": {""mean"": 52.076604, ""max"": 55.116629}, ""cpu_util_2"": {""mean"": 52.076604, ""max"": 55.116629}, ""cpu_util_3"": {""mean"": 52.076604, ""max"": 55.116629}, ""cpu_util_4"": {""mean"": 52.076604, ""max"": 55.116629}, ""cpu_util_5"": {""mean"": 52.076604, ""max"": 55.116629}, ""cpu_util_6"": {""mean"": 52.076604, ""max"": 55.116629}, ""cpu_util_7"": {""mean"": 52.076604, ""max"": 55.116629}, ""cpu_util_8"": {""mean"": 52.076604, ""max"": 55.116629}, ""cpu_util_9"": {""mean"": 52.076604, ""max"": 55.116629}, ""cpu_util_10"": {""mean"": 52.076604, ""max"": 55.116629}, ""cpu_util_11"": {""mean"": 52.076604, ""max"": 55.116629}, ""memory"": {""mean"": 0.32368450000000004, ""max"": 0.324081}, ""io_read_count"": {""mean"": 7716.832114500001, ""max"": 10301.799019}, ""io_write_count"": {""mean"": 15.01329225, ""max"": 20.042411}, ""io_read"": {""mean"": 0.0, ""max"": 0.0}, ""io_write"": {""mean"": 0.0, ""max"": 0.0}, ""gpu_util_avg"": {""mean"": 0.0, ""max"": 0.0}, ""gpu_util_min"": {""mean"": 0.0, ""max"": 0.0}, ""gpu_util_max"": {""mean"": 0.0, ""max"": 0.0}, ""gpu_util_0"": {""mean"": 0.0, ""max"": 0.0}, ""gpu_band_avg"": {""mean"": 0.0, ""max"": 0.0}, ""gpu_band_min"": {""mean"": 0.0, ""max"": 0.0}, ""gpu_band_max"": {""mean"": 0.0, ""max"": 0.0}, ""gpu_band_0"": {""mean"": 0.0, ""max"": 0.0}, ""gpu_mem_avg"": {""mean"": 0.0, ""max"": 0.0}, ""gpu_mem_min"": {""mean"": 0.0, ""max"": 0.0}, ""gpu_mem_max"": {""mean"": 0.0, ""max"": 0.0}, ""gpu_mem_0"": {""mean"": 0.0, ""max"": 0.0}}","{""predictions"": {""kind"": ""array"", ""shape"": [50000], ""dtype"": ""int64"", ""mean"": 0.49904, ""std"": 0.49999907839915064, ""min"": 0.0, ""max"": 1.0}}",,
model_fit,predict,fork,full,True,4,0,ok,0.322216,3.707043,,6.8401,6.8597,,"{""cpu_util_avg"": {""mean"": 54.167610499999995, ""max"": 58.321868}, ""cpu_util_min"": {""mean"": 54.167610499999995, ""max"": 58.321868}, ""cpu_util_max"": {""mean"": 54.167610499999995, ""max"": 58.321868}, ""cpu_util_0"": {""mean"": 54.167610499999995, ""max"": 58.321868}, ""cpu_util_1"": {""mean"": 54.167610499999995, ""max"": 58.321868}, ""cpu_util_2"": {""mean"": 54.167610499999995, ""max"": 58.321868}, ""cpu_util_3"": {""mean"": 54.167610499999995, ""max"": 58.321868}, ""cpu_util_4"": {""mean"": 54.167610499999995, ""max"": 58.321868}, ""cpu_util_5"": {""mean"": 54.167610499999995, ""max"": 58.321868}, ""cpu_util_6"": {""mean"": 54.167610499999995, ""max"": 58.321868}, ""cpu_util_7"": {""mean"": 54.167610499999995, ""max"": 58.321868}, ""cpu_util_8"": {""mean"": 54.167610499999995, ""max"": 58.321868}, ""cpu_util_9"": {""mean"": 54.167610499999995, ""max"": 58.321868}, ""cpu_util_10"": {""mean"": 54.167610499999995, ""max"": 58.321868}, ""cpu_util_11"": {""mean"": 54.167610499999995, ""max"": 58.321868}, ""memory"": {""mean"": 0.369823, ""max"": 0.369823}, ""io_read_count"": {""mean"": 10280.253468666666, ""max"": 10285.93025}, ""io_write_count"": {""mean"": 20.000493, ""max"": 20.011537}, ""io_read"": {""mean"": 0.0, ""max"": 0.0}, ""io_write"": {""mean"": 0.0, ""max"": 0.0}, ""gpu_util_avg"": {""mean"": 0.0, ""max"": 0.0}, ""gpu_util_min"": {""mean"": 0.0, ""max"": 0.0}, ""gpu_util_max"": {""mean"": 0.0, ""max"": 0.0}, ""gpu_util_0"": {""mean"": 0.0, ""max"": 0.0}, ""gpu_band_avg"": {""mean"": 0.0, ""max"": 0.0}, ""gpu_band_min"": {""mean"": 0.0, ""max"": 0.0}, ""gpu_band_max"": {""mean"": 0.0, ""max"": 0.0}, ""gpu_band_0"": {""mean"": 0.0, ""max"": 0.0}, ""gpu_mem_avg"": {""mean"": 0.0, ""max"": 0.0}, ""gpu_mem_min"": {""mean"": 0.0, ""max"": 0.0}, ""gpu_mem_max"": {""mean"": 0.0, ""max"": 0.0}, ""gpu_mem_0"": {""mean"": 0.0, ""max"": 0.0}}","{""predictions"": {""kind"": ""array"", ""shape"": [50000], ""dtype"": ""int64"", ""mean"": 0.49898, ""std"": 0.4999989595989175, ""min"": 0.0, ""max"": 1.0}}",,
model_fit,predict,dill,dill,False,4,1,ok,0.216605,0.0,0.6754,3.7635,3.7789,,"{""cpu_util_avg"": {""mean"": 52.073833, ""max"": 55.041721}, ""cpu_util_min"": {""mean"": 52.073833, ""max"": 55.041721}, ""cpu_util_max"": {""mean"": 52.073833, ""max"": 55.041721}, ""cpu_util_0"": {""mean"": 52.073833, ""max"": 55.041721}, ""cpu_util_1"": {""mean"": 52.073833, ""max"": 55.041721}, ""cpu_util_2"": {""mean"": 52.073833, ""max"": 55.041721}, ""cpu_util_3"": {""mean"": 52.073833, ""max"": 55.041721}, ""cpu_util_4"": {""mean"": 52.073833, ""max"": 55.041721}, ""cpu_util_5"": {""mean"": 52.073833, ""max"": 55.041721}, ""cpu_util_6"": {""mean"": 52.073833, ""max"": 55.041721}, ""cpu_util_7"": {""mean"": 52.073833, ""max"": 55.041721}, ""cpu_util_8"": {""mean"": 52.073833, ""max"": 55.041721}, ""cpu_util_9"": {""mean"": 52.073833, ""max"": 55.041721}, ""cpu_util_10"": {""mean"": 52.073833, ""max"": 55.041721}, ""cpu_util_11"": {""mean"": 52.073833, ""max"": 55.041721}, ""memory"": {""mean"": 0.32342899999999997, ""max"": 0.323734}, ""io_read_count"": {""mean"": 7711.8360235, ""max"": 10287.797945}, ""io_write_count"": {""mean"": 15.003571999999998, ""max"": 20.015171}, ""io_read"": {""mean"": 0.0, ""max"": 0.0}, ""io_write"": {""mean"": 0.0, ""max"": 0.0}, ""gpu_util_avg"": {""mean"": 0.0, ""max"": 0.0}, ""gpu_util_min"": {""mean"": 0.0, ""max"": 0.0}, ""gpu_util_max"": {""mean"": 0.0, ""max"": 0.0}, ""gpu_util_0"": {""mean"": 0.0, ""max"": 0.0}, ""gpu_band_avg"": {""mean"": 0.0, ""max"": 0.0}, ""gpu_band_min"": {""mean"": 0.0, ""max"": 0.0}, ""gpu_band_max"": {""mean"": 0.0, ""max"": 0.0}, ""gpu_band_0"": {""mean"": 0.0, ""max"": 0.0}, ""gpu_mem_avg"": {""mean"": 0.0, ""max"": 0.0}, ""gpu_mem_min"": {""mean"": 0.0, ""max"": 0.0}, ""gpu_mem_max"": {""mean"": 0.0, ""max"": 0.0}, ""gpu_mem_0"": {""mean"": 0.0, ""max"": 0.0}}","{""predictions"": {""kind"": ""array"", ""shape"": [50000], ""dtype"": ""int64"", ""mean"": 0.49904, ""std"": 0.49999907839915064, ""min"": 0.0, ""max"": 1.0}}",,
model_fit,predict,full,full,False,4,2,ok,0.277123,3.229797,,6.2633,6.2836,,"{""cpu_util_avg"": {""mean"": 53.60370633333334, ""max"": 58.313427}, ""cpu_util_min"": {""mean"": 53.60370633333334, ""max"": 58.313427}, ""cpu_util_max"": {""mean"": 53.60370633333334, ""max"": 58.313427}, ""cpu_util_0"": {""mean"": 53.60370633333334, ""max"": 58.313427}, ""cpu_util_1"": {""mean"": 53.60370633333334, ""max"": 58.313427}, ""cpu_util_2"": {""mean"": 53.60370633333334, ""max"": 58.313427}, ""cpu_util_3"": {""mean"": 53.60370633333334, ""max"": 58.313427}, ""cpu_util_4"": {""mean"": 53.60370633333334, ""max"": 58.313427}, ""cpu_util_5"": {""mean"": 53.60370633333334, ""max"": 58.313427}, ""cpu_util_6"": {""mean"": 53.60370633333334, ""max"": 58.313427}, ""cpu_util_7"": {""mean"": 53.60370633333334, ""max"": 58.313427}, ""cpu_util_8"": {""mean"": 53.60370633333334, ""max"": 58.313427}, ""cpu_util_9"": {""mean"": 53.60370633333334, ""max"": 58.313427}, ""cpu_util_10"": {""mean"": 53.60370633333334, ""max"": 58.313427}, ""cpu_util_11"": {""mean"": 53.60370633333334, ""max"": 58.313427}, ""memory"": {""mean"": 0.369297, ""max"": 0.369297}, ""io_read_count"": {""mean"": 10278.841998666665, ""max"": 10288.906283}, ""io_write_count"": {""mean"": 19.997747, ""max"": 20.017327}, ""io_read"": {""mean"": 0.0, ""max"": 0.0}, ""io_write"": {""mean"": 0.0, ""max"": 0.0}, ""gpu_util_avg"": {""mean"": 0.0, ""max"": 0.0}, ""gpu_util_min"": {""mean"": 0.0, ""max"": 0.0}, ""gpu_util_max"": {""mean"": 0.0, ""max"": 0.0}, ""gpu_util_0"": {""mean"": 0.0, ""max"": 0.0}, ""gpu_band_avg"": {""mean"": 0.0, ""max"": 0.0}, ""gpu_band_min"": {""mean"": 0.0, ""max"": 0.0}, ""gpu_band_max"": {""mean"": 0.0, ""max"": 0.0}, ""gpu_band_0"": {""mean"": 0.0, ""max"": 0.0}, ""gpu_mem_avg"": {""mean"": 0.0, ""max"": 0.0}, ""gpu_mem_min"": {""mean"": 0.0, ""max"": 0.0}, ""gpu_mem_max"": {""mean"": 0.0, ""max"": 0.0}, ""gpu_mem_0"": {""mean"": 0.0, ""max"": 0.0}}","{""predictions"": {""kind"": ""array"", ""shape"": [50000], ""dtype"": ""int64"", ""mean"": 0.499, ""std"": 0.499998999999, ""min"": 0.0, ""max"": 1.0}}",,
model_fit,predict,dill,dill,False,5,0,ok,0.224621,0.0,0.6808,3.8808,3.8972,,"{""cpu_util_avg"": {""mean"": 52.065034, ""max"": 56.73465}, ""cpu_util_min"": {""mean"": 52.065034, ""max"": 56.73465}, ""cpu_util_max"": {""mean"": 52.065034, ""max"": 56.73465}, ""cpu_util_0"": {""mean"": 52.065034, ""max"": 56.73465}, ""cpu_util_1"": {""mean"": 52.065034, ""max"": 56.73465}, ""cpu_util_2"": {""mean"": 52.065034, ""max"": 56.73465}, ""cpu_util_3"": {""mean"": 52.065034, ""max"": 56.73465}, ""cpu_util_4"": {""mean"": 52.065034, ""max"": 56.73465}, ""cpu_util_5"": {""mean"": 52.065034, ""max"": 56.73465}, ""cpu_util_6"": {""mean"": 52.065034, ""max"": 56.73465}, ""cpu_util_7"": {""mean"": 52.065034, ""max"": 56.73465}, ""cpu_util_8"": {""mean"": 52.065034, ""max"": 56.73465}, ""cpu_util_9"": {""mean"": 52.065034, ""max"": 56.73465}, ""cpu_util_10"": {""mean"": 52.065034, ""max"": 56.73465}, ""cpu_util_11"": {""mean"": 52.065034, ""max"": 56.73465}, ""memory"": {""mean"": 0.3237075, ""max"": 0.324104}, ""io_read_count"": {""mean"": 7710.3723725, ""max"": 10292.332891}, ""io_write_count"": {""mean"": 15.0007245, ""max"": 20.023994}, ""io_read"": {""mean"": 0.0, ""max"": 0.0}, ""io_write"": {""mean"": 0.0, ""max"": 0.0}, ""gpu_util_avg"": {""mean"": 0.0, ""max"": 0.0}, ""gpu_util_min"": {""mean"": 0.0, ""max"": 0.0}, ""gpu_util_max"": {""mean"": 0.0, ""max"": 0.0}, ""gpu_util_0"": {""mean"": 0.0, ""max"": 0.0}, ""gpu_band_avg"": {""mean"": 0.0, ""max"": 0.0}, ""gpu_band_min"": {""mean"": 0.0, ""max"": 0.0}, ""gpu_band_max"": {""mean"": 0.0, ""max"": 0.0}, ""gpu_band_0"": {""mean"": 0.0, ""max"": 0.0}, ""gpu_mem_avg"": {""mean"": 0.0, ""max"": 0.0}, ""gpu_mem_min"": {""mean"": 0.0, ""max"": 0.0}, ""gpu_mem_max"": {""mean"": 0.0, ""max"": 0.0}, ""gpu_mem_0"": {""mean"": 0.0, ""max"": 0.0}}","{""predictions"": {""kind"": ""array"", ""shape"": [50000], ""dtype"": ""int64"", ""mean"": 0.49904, ""std"": 0.49999907839915064, ""min"": 0.0, ""max"": 1.0}}",,
model_fit,predict,full,full,False,5,1,ok,0.236083,2.810729,,5.7716,5.7912,,"{""cpu_util_avg"": {""mean"": 54.999735199999996, ""max"": 58.40519}, ""cpu_util_min"": {""mean"": 54.999735199999996, ""max"": 58.40519}, ""cpu_util_max"": {""mean"": 54.999735199999996, ""max"": 58.40519}, ""cpu_util_0"": {""mean"": 54.999735199999996, ""max"": 58.40519}, ""cpu_util_1"": {""mean"": 54.999735199999996, ""max"": 58.40519}, ""cpu_util_2"": {""mean"": 54.999735199999996, ""max"": 58.40519}, ""cpu_util_3"": {""mean"": 54.999735199999996, ""max"": 58.40519}, ""cpu_util_4"": {""mean"": 54.999735199999996, ""max"": 58.40519}, ""cpu_util_5"": {""mean"": 54.999735199999996, ""max"": 58.40519}, ""cpu_util_6"": {""mean"": 54.999735199999996, ""max"": 58.40519}, ""cpu_util_7"": {""mean"": 54.999735199999996, ""max"": 58.40519}, ""cpu_util_8"": {""mean"": 54.999735199999996, ""max"": 58.40519}, ""cpu_util_9"": {""mean"": 54.999735199999996, ""max"": 58.40519}, ""cpu_util_10"": {""mean"": 54.999735199999996, ""max"": 58.40519}, ""cpu_util_11"": {""mean"": 54.999735199999996, ""max"": 58.40519}, ""memory"": {""mean"": 0.36739, ""max"": 0.36739}, ""io_read_count"": {""mean"": 10279.8385752, ""max"": 10292.663269}, ""io_write_count"": {""mean"": 19.999686, ""max"": 20.024637}, ""io_read"": {""mean"": 0.0, ""max"": 0.0}, ""io_write"": {""mean"": 0.0, ""max"": 0.0}, ""gpu_util_avg"": {""mean"": 0.0, ""max"": 0.0}, ""gpu_util_min"": {""mean"": 0.0, ""max"": 0.0}, ""gpu_util_max"": {""mean"": 0.0, ""max"": 0.0}, ""gpu_util_0"": {""mean"": 0.0, ""max"": 0.0}, ""gpu_band_avg"": {""mean"": 0.0, ""max"": 0.0}, ""gpu_band_min"": {""mean"": 0.0, ""max"": 0.0}, ""gpu_band_max"": {""mean"": 0.0, ""max"": 0.0}, ""gpu_band_0"": {""mean"": 0.0, ""max"": 0.0}, ""gpu_mem_avg"": {""mean"": 0.0, ""max"": 0.0}, ""gpu_mem_min"": {""mean"": 0.0, ""max"": 0.0}, ""gpu_mem_max"": {""mean"": 0.0, ""max"": 0.0}, ""gpu_mem_0"": {""mean"": 0.0, ""max"": 0.0}}","{""predictions"": {""kind"": ""array"", ""shape"": [50000], ""dtype"": ""int64"", ""mean"": 0.49898, ""std"": 0.4999989595989175, ""min"": 0.0, ""max"": 1.0}}",,
model_fit,predict,fork,full,True,5,2,ok,0.320268,3.577256,,6.6511,6.6718,,"{""cpu_util_avg"": {""mean"": 53.574257, ""max"": 56.71732}, ""cpu_util_min"": {""mean"": 53.574257, ""max"": 56.71732}, ""cpu_util_max"": {""mean"": 53.574257, ""max"": 56.71732}, ""cpu_util_0"": {""mean"": 53.574257, ""max"": 56.71732}, ""cpu_util_1"": {""mean"": 53.574257, ""max"": 56.71732}, ""cpu_util_2"": {""mean"": 53.574257, ""max"": 56.71732}, ""cpu_util_3"": {""mean"": 53.574257, ""max"": 56.71732}, ""cpu_util_4"": {""mean"": 53.574257, ""max"": 56.71732}, ""cpu_util_5"": {""mean"": 53.574257, ""max"": 56.71732}, ""cpu_util_6"": {""mean"": 53.574257, ""max"": 56.71732}, ""cpu_util_7"": {""mean"": 53.574257, ""max"": 56.71732}, ""cpu_util_8"": {""mean"": 53.574257, ""max"": 56.71732}, ""cpu_util_9"": {""mean"": 53.574257, ""max"": 56.71732}, ""cpu_util_10"": {""mean"": 53.574257, ""max"": 56.71732}, ""cpu_util_11"": {""mean"": 53.574257, ""max"": 56.71732}, ""memory"": {""mean"": 0.369698, ""max"": 0.369698}, ""io_read_count"": {""mean"": 10280.634468571428, ""max"": 10289.189069}, ""io_write_count"": {""mean"": 20.001234571428572, ""max"": 20.017878}, ""io_read"": {""mean"": 0.0, ""max"": 0.0}, ""io_write"": {""mean"": 0.0, ""max"": 0.0}, ""gpu_util_avg"": {""mean"": 0.0, ""max"": 0.0}, ""gpu_util_min"": {""mean"": 0.0, ""max"": 0.0}, ""gpu_util_max"": {""mean"": 0.0, ""max"": 0.0}, ""gpu_util_0"": {""mean"": 0.0, ""max"": 0.0}, ""gpu_band_avg"": {""mean"": 0.0, ""max"": 0.0}, ""gpu_band_min"": {""mean"": 0.0, ""max"": 0.0}, ""gpu_band_max"": {""mean"": 0.0, ""max"": 0.0}, ""gpu_band_0"": {""mean"": 0.0, ""max"": 0.0}, ""gpu_mem_avg"": {""mean"": 0.0, ""max"": 0.0}, ""gpu_mem_min"": {""mean"": 0.0, ""max"": 0.0}, ""gpu_mem_max"": {""mean"": 0.0, ""max"": 0.0}, ""gpu_mem_0"": {""mean"": 0.0, ""max"": 0.0}}","{""predictions"": {""kind"": ""array"", ""shape"": [50000], ""dtype"": ""int64"", ""mean"": 0.49898, ""std"": 0.4999989595989175, ""min"": 0.0, ""max"": 1.0}}",,
model_fit,predict,full,full,False,6,0,ok,0.205992,2.601415,,5.5728,5.5923,,"{""cpu_util_avg"": {""mean"": 53.76214575, ""max"": 56.749736}, ""cpu_util_min"": {""mean"": 53.76214575, ""max"": 56.749736}, ""cpu_util_max"": {""mean"": 53.76214575, ""max"": 56.749736}, ""cpu_util_0"": {""mean"": 53.76214575, ""max"": 56.749736}, ""cpu_util_1"": {""mean"": 53.76214575, ""max"": 56.749736}, ""cpu_util_2"": {""mean"": 53.76214575, ""max"": 56.749736}, ""cpu_util_3"": {""mean"": 53.76214575, ""max"": 56.749736}, ""cpu_util_4"": {""mean"": 53.76214575, ""max"": 56.749736}, ""cpu_util_5"": {""mean"": 53.76214575, ""max"": 56.749736}, ""cpu_util_6"": {""mean"": 53.76214575, ""max"": 56.749736}, ""cpu_util_7"": {""mean"": 53.76214575, ""max"": 56.749736}, ""cpu_util_8"": {""mean"": 53.76214575, ""max"": 56.749736}, ""cpu_util_9"": {""mean"": 53.76214575, ""max"": 56.749736}, ""cpu_util_10"": {""mean"": 53.76214575, ""max"": 56.749736}, ""cpu_util_11"": {""mean"": 53.76214575, ""max"": 56.749736}, ""memory"": {""mean"": 0.368877, ""max"": 0.368877}, ""io_read_count"": {""mean"": 10282.068882, ""max"": 10295.069717}, ""io_write_count"": {""mean"": 20.004025000000002, ""max"": 20.029319}, ""io_read"": {""mean"": 0.0, ""max"": 0.0}, ""io_write"": {""mean"": 0.0, ""max"": 0.0}, ""gpu_util_avg"": {""mean"": 0.0, ""max"": 0.0}, ""gpu_util_min"": {""mean"": 0.0, ""max"": 0.0}, ""gpu_util_max"": {""mean"": 0.0, ""max"": 0.0}, ""gpu_util_0"": {""mean"": 0.0, ""max"": 0.0}, ""gpu_band_avg"": {""mean"": 0.0, ""max"": 0.0}, ""gpu_band_min"": {""mean"": 0.0, ""max"": 0.0}, ""gpu_band_max"": {""mean"": 0.0, ""max"": 0.0}, ""gpu_band_0"": {""mean"": 0.0, ""max"": 0.0}, ""gpu_mem_avg"": {""mean"": 0.0, ""max"": 0.0}, ""gpu_mem_min"": {""mean"": 0.0, ""max"": 0.0}, ""gpu_mem_max"": {""mean"": 0.0, ""max"": 0.0}, ""gpu_mem_0"": {""mean"": 0.0, ""max"": 0.0}}","{""predictions"": {""kind"": ""array"", ""shape"": [50000], ""dtype"": ""int64"", ""mean"": 0.49898, ""std"": 0.4999989595989175, ""min"": 0.0, ""max"": 1.0}}",,
model_fit,predict,fork,full,True,6,1,ok,0.294278,3.083228,,6.1226,6.1421,,"{""cpu_util_avg"": {""mean"": 53.88466333333332, ""max"": 58.33216}, ""cpu_util_min"": {""mean"": 53.88466333333332, ""max"": 58.33216}, ""cpu_util_max"": {""mean"": 53.88466333333332, ""max"": 58.33216}, ""cpu_util_0"": {""mean"": 53.88466333333332, ""max"": 58.33216}, ""cpu_util_1"": {""mean"": 53.88466333333332, ""max"": 58.33216}, ""cpu_util_2"": {""mean"": 53.88466333333332, ""max"": 58.33216}, ""cpu_util_3"": {""mean"": 53.88466333333332, ""max"": 58.33216}, ""cpu_util_4"": {""mean"": 53.88466333333332, ""max"": 58.33216}, ""cpu_util_5"": {""mean"": 53.88466333333332, ""max"": 58.33216}, ""cpu_util_6"": {""mean"": 53.88466333333332, ""max"": 58.33216}, ""cpu_util_7"": {""mean"": 53.88466333333332, ""max"": 58.33216}, ""cpu_util_8"": {""mean"": 53.88466333333332, ""max"": 58.33216}, ""cpu_util_9"": {""mean"": 53.88466333333332, ""max"": 58.33216}, ""cpu_util_10"": {""mean"": 53.88466333333332, ""max"": 58.33216}, ""cpu_util_11"": {""mean"": 53.88466333333332, ""max"": 58.33216}, ""memory"": {""mean"": 0.368134, ""max"": 0.368134}, ""io_read_count"": {""mean"": 10279.293067999999, ""max"": 10282.47602}, ""io_write_count"": {""mean"": 19.998624500000002, ""max"": 20.004817}, ""io_read"": {""mean"": 0.0, ""max"": 0.0}, ""io_write"": {""mean"": 0.0, ""max"": 0.0}, ""gpu_util_avg"": {""mean"": 0.0, ""max"": 0.0}, ""gpu_util_min"": {""mean"": 0.0, ""max"": 0.0}, ""gpu_util_max"": {""mean"": 0.0, ""max"": 0.0}, ""gpu_util_0"": {""mean"": 0.0, ""max"": 0.0}, ""gpu_band_avg"": {""mean"": 0.0, ""max"": 0.0}, ""gpu_band_min"": {""mean"": 0.0, ""max"": 0.0}, ""gpu_band_max"": {""mean"": 0.0, ""max"": 0.0}, ""gpu_band_0"": {""mean"": 0.0, ""max"": 0.0}, ""gpu_mem_avg"": {""mean"": 0.0, ""max"": 0.0}, ""gpu_mem_min"": {""mean"": 0.0, ""max"": 0.0}, ""gpu_mem_max"": {""mean"": 0.0, ""max"": 0.0}, ""gpu_mem_0"": {""mean"": 0.0, ""max"": 0.0}}","{""predictions"": {""kind"": ""array"", ""shape"": [50000], ""dtype"": ""int64"", ""mean"": 0.49894, ""std"": 0.4999988763987375, ""min"": 0.0, ""max"": 1.0}}",,
model_fit,predict,dill,dill,False,6,2,ok,0.263969,0.0,0.687,3.934,3.9508,,"{""cpu_util_avg"": {""mean"": 51.999697600000005, ""max"": 56.752429}, ""cpu_util_min"": {""mean"": 51.999697600000005, ""max"": 56.752429}, ""cpu_util_max"": {""mean"": 51.999697600000005, ""max"": 56.752429}, ""cpu_util_0"": {""mean"": 51.999697600000005, ""max"": 56.752429}, ""cpu_util_1"": {""mean"": 51.999697600000005, ""max"": 56.752429}, ""cpu_util_2"": {""mean"": 51.999697600000005, ""max"": 56.752429}, ""cpu_util_3"": {""mean"": 51.999697600000005, ""max"": 56.752429}, ""cpu_util_4"": {""mean"": 51.999697600000005, ""max"": 56.752429}, ""cpu_util_5"": {""mean"": 51.999697600000005, ""max"": 56.752429}, ""cpu_util_6"": {""mean"": 51.999697600000005, ""max"": 56.752429}, ""cpu_util_7"": {""mean"": 51.999697600000005, ""max"": 56.752429}, ""cpu_util_8"": {""mean"": 51.999697600000005, ""max"": 56.752429}, ""cpu_util_9"": {""mean"": 51.999697600000005, ""max"": 56.752429}, ""cpu_util_10"": {""mean"": 51.999697600000005, ""max"": 56.752429}, ""cpu_util_11"": {""mean"": 51.999697600000005, ""max"": 56.752429}, ""memory"": {""mean"": 0.32424559999999997, ""max"": 0.32449}, ""io_read_count"": {""mean"": 8226.899009, ""max"": 10295.558236}, ""io_write_count"": {""mean"": 16.0056402, ""max"": 20.030269}, ""io_read"": {""mean"": 0.0, ""max"": 0.0}, ""io_write"": {""mean"": 0.0, ""max"": 0.0}, ""gpu_util_avg"": {""mean"": 0.0, ""max"": 0.0}, ""gpu_util_min"": {""mean"": 0.0, ""max"": 0.0}, ""gpu_util_max"": {""mean"": 0.0, ""max"": 0.0}, ""gpu_util_0"": {""mean"": 0.0, ""max"": 0.0}, ""gpu_band_avg"": {""mean"": 0.0, ""max"": 0.0}, ""gpu_band_min"": {""mean"": 0.0, ""max"": 0.0}, ""gpu_band_max"": {""mean"": 0.0, ""max"": 0.0}, ""gpu_band_0"": {""mean"": 0.0, ""max"": 0.0}, ""gpu_mem_avg"": {""mean"": 0.0, ""max"": 0.0}, ""gpu_mem_min"": {""mean"": 0.0, ""max"": 0.0}, ""gpu_mem_max"": {""mean"": 0.0, ""max"": 0.0}, ""gpu_mem_0"": {""mean"": 0.0, ""max"": 0.0}}","{""predictions"": {""kind"": ""array"", ""shape"": [50000], ""dtype"": ""int64"", ""mean"": 0.49904, ""std"": 0.49999907839915064, ""min"": 0.0, ""max"": 1.0}}",,
model_fit,predict,fork,full,True,7,0,ok,0.232083,2.729023,,5.7228,5.7417,,"{""cpu_util_avg"": {""mean"": 54.3308388, ""max"": 56.636499}, ""cpu_util_min"": {""mean"": 54.3308388, ""max"": 56.636499}, ""cpu_util_max"": {""mean"": 54.3308388, ""max"": 56.636499}, ""cpu_util_0"": {""mean"": 54.3308388, ""max"": 56.636499}, ""cpu_util_1"": {""mean"": 54.3308388, ""max"": 56.636499}, ""cpu_util_2"": {""mean"": 54.3308388, ""max"": 56.636499}, ""cpu_util_3"": {""mean"": 54.3308388, ""max"": 56.636499}, ""cpu_util_4"": {""mean"": 54.3308388, ""max"": 56.636499}, ""cpu_util_5"": {""mean"": 54.3308388, ""max"": 56.636499}, ""cpu_util_6"": {""mean"": 54.3308388, ""max"": 56.636499}, ""cpu_util_7"": {""mean"": 54.3308388, ""max"": 56.636499}, ""cpu_util_8"": {""mean"": 54.3308388, ""max"": 56.636499}, ""cpu_util_9"": {""mean"": 54.3308388, ""max"": 56.636499}, ""cpu_util_10"": {""mean"": 54.3308388, ""max"": 56.636499}, ""cpu_util_11"": {""mean"": 54.3308388, ""max"": 56.636499}, ""memory"": {""mean"": 0.369732, ""max"": 0.369732}, ""io_read_count"": {""mean"": 10279.643421, ""max"": 10288.095702}, ""io_write_count"": {""mean"": 19.999306, ""max"": 20.01575}, ""io_read"": {""mean"": 0.0, ""max"": 0.0}, ""io_write"": {""mean"": 0.0, ""max"": 0.0}, ""gpu_util_avg"": {""mean"": 0.0, ""max"": 0.0}, ""gpu_util_min"": {""mean"": 0.0, ""max"": 0.0}, ""gpu_util_max"": {""mean"": 0.0, ""max"": 0.0}, ""gpu_util_0"": {""mean"": 0.0, ""max"": 0.0}, ""gpu_band_avg"": {""mean"": 0.0, ""max"": 0.0}, ""gpu_band_min"": {""mean"": 0.0, ""max"": 0.0}, ""gpu_band_max"": {""mean"": 0.0, ""max"": 0.0}, ""gpu_band_0"": {""mean"": 0.0, ""max"": 0.0}, ""gpu_mem_avg"": {""mean"": 0.0, ""max"": 0.0}, ""gpu_mem_min"": {""mean"": 0.0, ""max"": 0.0}, ""gpu_mem_max"": {""mean"": 0.0, ""max"": 0.0}, ""gpu_mem_0"": {""mean"": 0.0, ""max"": 0.0}}","{""predictions"": {""kind"": ""array"", ""shape"": [50000], ""dtype"": ""int64"", ""mean"": 0.49898, ""std"": 0.4999989595989175, ""min"": 0.0, ""max"": 1.0}}",,
model_fit,predict,dill,dill,False,7,1,ok,0.218172,0.0,0.6988,3.8346,3.8509,,"{""cpu_util_avg"": {""mean"": 52.0670425, ""max"": 56.692944}, ""cpu_util_min"": {""mean"": 52.0670425, ""max"": 56.692944}, ""cpu_util_max"": {""mean"": 52.0670425, ""max"": 56.692944}, ""cpu_util_0"": {""mean"": 52.0670425, ""max"": 56.692944}, ""cpu_util_1"": {""mean"": 52.0670425, ""max"": 56.692944}, ""cpu_util_2"": {""mean"": 52.0670425, ""max"": 56.692944}, ""cpu_util_3"": {""mean"": 52.0670425, ""max"": 56.692944}, ""cpu_util_4"": {""mean"": 52.0670425, ""max"": 56.692944}, ""cpu_util_5"": {""mean"": 52.0670425, ""max"": 56.692944}, ""cpu_util_6"": {""mean"": 52.0670425, ""max"": 56.692944}, ""cpu_util_7"": {""mean"": 52.0670425, ""max"": 56.692944}, ""cpu_util_8"": {""mean"": 52.0670425, ""max"": 56.692944}, ""cpu_util_9"": {""mean"": 52.0670425, ""max"": 56.692944}, ""cpu_util_10"": {""mean"": 52.0670425, ""max"": 56.692944}, ""cpu_util_11"": {""mean"": 52.0670425, ""max"": 56.692944}, ""memory"": {""mean"": 0.32395175, ""max"": 0.324257}, ""io_read_count"": {""mean"": 7816.227997749999, ""max"": 10697.41144}, ""io_write_count"": {""mean"": 15.0024385, ""max"": 20.009274}, ""io_read"": {""mean"": 0.0, ""max"": 0.0}, ""io_write"": {""mean"": 0.0, ""max"": 0.0}, ""gpu_util_avg"": {""mean"": 0.0, ""max"": 0.0}, ""gpu_util_min"": {""mean"": 0.0, ""max"": 0.0}, ""gpu_util_max"": {""mean"": 0.0, ""max"": 0.0}, ""gpu_util_0"": {""mean"": 0.0, ""max"": 0.0}, ""gpu_band_avg"": {""mean"": 0.0, ""max"": 0.0}, ""gpu_band_min"": {""mean"": 0.0, ""max"": 0.0}, ""gpu_band_max"": {""mean"": 0.0, ""max"": 0.0}, ""gpu_band_0"": {""mean"": 0.0, ""max"": 0.0}, ""gpu_mem_avg"": {""mean"": 0.0, ""max"": 0.0}, ""gpu_mem_min"": {""mean"": 0.0, ""max"": 0.0}, ""gpu_mem_max"": {""mean"": 0.0, ""max"": 0.0}, ""gpu_mem_0"": {""mean"": 0.0, ""max"": 0.0}}","{""predictions"": {""kind"": ""array"", ""shape"": [50000], ""dtype"": ""int64"", ""mean"": 0.49904, ""std"": 0.49999907839915064, ""min"": 0.0, ""max"": 1.0}}",,
model_fit,predict,full,full,False,7,2,ok,0.307684,3.637573,,6.7331,6.7523,,"{""cpu_util_avg"": {""mean"": 54.053788, ""max"": 56.670221}, ""cpu_util_min"": {""mean"": 54.053788, ""max"": 56.670221}, ""cpu_util_max"": {""mean"": 54.053788, ""max"": 56.670221}, ""cpu_util_0"": {""mean"": 54.053788, ""max"": 56.670221}, ""cpu_util_1"": {""mean"": 54.053788, ""max"": 56.670221}, ""cpu_util_2"": {""mean"": 54.053788, ""max"": 56.670221}, ""cpu_util_3"": {""mean"": 54.053788, ""max"": 56.670221}, ""cpu_util_4"": {""mean"": 54.053788, ""max"": 56.670221}, ""cpu_util_5"": {""mean"": 54.053788, ""max"": 56.670221}, ""cpu_util_6"": {""mean"": 54.053788, ""max"": 56.670221}, ""cpu_util_7"": {""mean"": 54.053788, ""max"": 56.670221}, ""cpu_util_8"": {""mean"": 54.053788, ""max"": 56.670221}, ""cpu_util_9"": {""mean"": 54.053788, ""max"": 56.670221}, ""cpu_util_10"": {""mean"": 54.053788, ""max"": 56.670221}, ""cpu_util_11"": {""mean"": 54.053788, ""max"": 56.670221}, ""memory"": {""mean"": 0.370415, ""max"": 0.370415}, ""io_read_count"": {""mean"": 10281.107256285715, ""max"": 10290.684406}, ""io_write_count"": {""mean"": 20.002154142857144, ""max"": 20.020787}, ""io_read"": {""mean"": 0.0, ""max"": 0.0}, ""io_write"": {""mean"": 0.0, ""max"": 0.0}, ""gpu_util_avg"": {""mean"": 0.0, ""max"": 0.0}, ""gpu_util_min"": {""mean"": 0.0, ""max"": 0.0}, ""gpu_util_max"": {""mean"": 0.0, ""max"": 0.0}, ""gpu_util_0"": {""mean"": 0.0, ""max"": 0.0}, ""gpu_band_avg"": {""mean"": 0.0, ""max"": 0.0}, ""gpu_band_min"": {""mean"": 0.0, ""max"": 0.0}, ""gpu_band_max"": {""mean"": 0.0, ""max"": 0.0}, ""gpu_band_0"": {""mean"": 0.0, ""max"": 0.0}, ""gpu_mem_avg"": {""mean"": 0.0, ""max"": 0.0}, ""gpu_mem_min"": {""mean"": 0.0, ""max"": 0.0}, ""gpu_mem_max"": {""mean"": 0.0, ""max"": 0.0}, ""gpu_mem_0"": {""mean"": 0.0, ""max"": 0.0}}","{""predictions"": {""kind"": ""array"", ""shape"": [50000], ""dtype"": ""int64"", ""mean"": 0.49906, ""std"": 0.4999991163992192, ""min"": 0.0, ""max"": 1.0}}",,
model_fit,predict,dill,dill,False,8,0,ok,0.21586,0.0,0.666,3.7309,3.7471,,"{""cpu_util_avg"": {""mean"": 51.64748825, ""max"": 55.018124}, ""cpu_util_min"": {""mean"": 51.64748825, ""max"": 55.018124}, ""cpu_util_max"": {""mean"": 51.64748825, ""max"": 55.018124}, ""cpu_util_0"": {""mean"": 51.64748825, ""max"": 55.018124}, ""cpu_util_1"": {""mean"": 51.64748825, ""max"": 55.018124}, ""cpu_util_2"": {""mean"": 51.64748825, ""max"": 55.018124}, ""cpu_util_3"": {""mean"": 51.64748825, ""max"": 55.018124}, ""cpu_util_4"": {""mean"": 51.64748825, ""max"": 55.018124}, ""cpu_util_5"": {""mean"": 51.64748825, ""max"": 55.018124}, ""cpu_util_6"": {""mean"": 51.64748825, ""max"": 55.018124}, ""cpu_util_7"": {""mean"": 51.64748825, ""max"": 55.018124}, ""cpu_util_8"": {""mean"": 51.64748825, ""max"": 55.018124}, ""cpu_util_9"": {""mean"": 51.64748825, ""max"": 55.018124}, ""cpu_util_10"": {""mean"": 51.64748825, ""max"": 55.018124}, ""cpu_util_11"": {""mean"": 51.64748825, ""max"": 55.018124}, ""memory"": {""mean"": 0.32386025, ""max"": 0.324135}, ""io_read_count"": {""mean"": 7889.74471, ""max"": 10699.962336}, ""io_write_count"": {""mean"": 14.999471, ""max"": 20.006591}, ""io_read"": {""mean"": 0.0, ""max"": 0.0}, ""io_write"": {""mean"": 0.0, ""max"": 0.0}, ""gpu_util_avg"": {""mean"": 0.0, ""max"": 0.0}, ""gpu_util_min"": {""mean"": 0.0, ""max"": 0.0}, ""gpu_util_max"": {""mean"": 0.0, ""max"": 0.0}, ""gpu_util_0"": {""mean"": 0.0, ""max"": 0.0}, ""gpu_band_avg"": {""mean"": 0.0, ""max"": 0.0}, ""gpu_band_min"": {""mean"": 0.0, ""max"": 0.0}, ""gpu_band_max"": {""mean"": 0.0, ""max"": 0.0}, ""gpu_band_0"": {""mean"": 0.0, ""max"": 0.0}, ""gpu_mem_avg"": {""mean"": 0.0, ""max"": 0.0}, ""gpu_mem_min"": {""mean"": 0.0, ""max"": 0.0}, ""gpu_mem_max"": {""mean"": 0.0, ""max"": 0.0}, ""gpu_mem_0"": {""mean"": 0.0, ""max"": 0.0}}","{""predictions"": {""kind"": ""array"", ""shape"": [50000], ""dtype"": ""int64"", ""mean"": 0.49904, ""std"": 0.49999907839915064, ""min"": 0.0, ""max"": 1.0}}",,
model_fit,predict,full,full,False,8,1,ok,0.187734,2.373743,,5.311,5.329,,"{""cpu_util_avg"": {""mean"": 53.319905000000006, ""max"": 55.040908}, ""cpu_util_min"": {""mean"": 53.319905000000006, ""max"": 55.040908}, ""cpu_util_max"": {""mean"": 53.319905000000006, ""max"": 55.040908}, ""cpu_util_0"": {""mean"": 53.319905000000006, ""max"": 55.040908}, ""cpu_util_1"": {""mean"": 53.319905000000006, ""max"": 55.040908}, ""cpu_util_2"": {""mean"": 53.319905000000006, ""max"": 55.040908}, ""cpu_util_3"": {""mean"": 53.319905000000006, ""max"": 55.040908}, ""cpu_util_4"": {""mean"": 53.319905000000006, ""max"": 55.040908}, ""cpu_util_5"": {""mean"": 53.319905000000006, ""max"": 55.040908}, ""cpu_util_6"": {""mean"": 53.319905000000006, ""max"": 55.040908}, ""cpu_util_7"": {""mean"": 53.319905000000006, ""max"": 55.040908}, ""cpu_util_8"": {""mean"": 53.319905000000006, ""max"": 55.040908}, ""cpu_util_9"": {""mean"": 53.319905000000006, ""max"": 55.040908}, ""cpu_util_10"": {""mean"": 53.319905000000006, ""max"": 55.040908}, ""cpu_util_11"": {""mean"": 53.319905000000006, ""max"": 55.040908}, ""memory"": {""mean"": 0.369122, ""max"": 0.369122}, ""io_read_count"": {""mean"": 10277.27310625, ""max"": 10287.645984}, ""io_write_count"": {""mean"": 19.9946945, ""max"": 20.014875}, ""io_read"": {""mean"": 0.0, ""max"": 0.0}, ""io_write"": {""mean"": 0.0, ""max"": 0.0}, ""gpu_util_avg"": {""mean"": 0.0, ""max"": 0.0}, ""gpu_util_min"": {""mean"": 0.0, ""max"": 0.0}, ""gpu_util_max"": {""mean"": 0.0, ""max"": 0.0}, ""gpu_util_0"": {""mean"": 0.0, ""max"": 0.0}, ""gpu_band_avg"": {""mean"": 0.0, ""max"": 0.0}, ""gpu_band_min"": {""mean"": 0.0, ""max"": 0.0}, ""gpu_band_max"": {""mean"": 0.0, ""max"": 0.0}, ""gpu_band_0"": {""mean"": 0.0, ""max"": 0.0}, ""gpu_mem_avg"": {""mean"": 0.0, ""max"": 0.0}, ""gpu_mem_min"": {""mean"": 0.0, ""max"": 0.0}, ""gpu_mem_max"": {""mean"": 0.0, ""max"": 0.0}, ""gpu_mem_0"": {""mean"": 0.0, ""max"": 0.0}}","{""predictions"": {""kind"": ""array"", ""shape"": [50000], ""dtype"": ""int64"", ""mean"": 0.49896, ""std"": 0.49999891839883015, ""min"": 0.0, ""max"": 1.0}}",,
model_fit,predict,fork,full,True,8,2,ok,0.239374,2.915771,,6.0021,6.0208,,"{""cpu_util_avg"": {""mean"": 54.3329012, ""max"": 56.658866}, ""cpu_util_min"": {""mean"": 54.3329012, ""max"": 56.658866}, ""cpu_util_max"": {""mean"": 54.3329012, ""max"": 56.658866}, ""cpu_util_0"": {""mean"": 54.3329012, ""max"": 56.658866}, ""cpu_util_1"": {""mean"": 54.3329012, ""max"": 56.658866}, ""cpu_util_2"": {""mean"": 54.3329012, ""max"": 56.658866}, ""cpu_util_3"": {""mean"": 54.3329012, ""max"": 56.658866}, ""cpu_util_4"": {""mean"": 54.3329012, ""max"": 56.658866}, ""cpu_util_5"": {""mean"": 54.3329012, ""max"": 56.658866}, ""cpu_util_6"": {""mean"": 54.3329012, ""max"": 56.658866}, ""cpu_util_7"": {""mean"": 54.3329012, ""max"": 56.658866}, ""cpu_util_8"": {""mean"": 54.3329012, ""max"": 56.658866}, ""cpu_util_9"": {""mean"": 54.3329012, ""max"": 56.658866}, ""cpu_util_10"": {""mean"": 54.3329012, ""max"": 56.658866}, ""cpu_util_11"": {""mean"": 54.3329012, ""max"": 56.658866}, ""memory"": {""mean"": 0.368572, ""max"": 0.368572}, ""io_read_count"": {""mean"": 10279.875531399999, ""max"": 10289.94482}, ""io_write_count"": {""mean"": 19.999758, ""max"": 20.019348}, ""io_read"": {""mean"": 0.0, ""max"": 0.0}, ""io_write"": {""mean"": 0.0, ""max"": 0.0}, ""gpu_util_avg"": {""mean"": 0.0, ""max"": 0.0}, ""gpu_util_min"": {""mean"": 0.0, ""max"": 0.0}, ""gpu_util_max"": {""mean"": 0.0, ""max"": 0.0}, ""gpu_util_0"": {""mean"": 0.0, ""max"": 0.0}, ""gpu_band_avg"": {""mean"": 0.0, ""max"": 0.0}, ""gpu_band_min"": {""mean"": 0.0, ""max"": 0.0}, ""gpu_band_max"": {""mean"": 0.0, ""max"": 0.0}, ""gpu_band_0"": {""mean"": 0.0, ""max"": 0.0}, ""gpu_mem_avg"": {""mean"": 0.0, ""max"": 0.0}, ""gpu_mem_min"": {""mean"": 0.0, ""max"": 0.0}, ""gpu_mem_max"": {""mean"": 0.0, ""max"": 0.0}, ""gpu_mem_0"": {""mean"": 0.0, ""max"": 0.0}}","{""predictions"": {""kind"": ""array"", ""shape"": [50000], ""dtype"": ""int64"", ""mean"": 0.49898, ""std"": 0.4999989595989175, ""min"": 0.0, ""max"": 1.0}}",,
model_fit,predict,full,full,False,9,0,ok,0.261729,3.144504,,6.2003,6.2185,,"{""cpu_util_avg"": {""mean"": 53.6699776, ""max"": 58.399432}, ""cpu_util_min"": {""mean"": 53.6699776, ""max"": 58.399432}, ""cpu_util_max"": {""mean"": 53.6699776, ""max"": 58.399432}, ""cpu_util_0"": {""mean"": 53.6699776, ""max"": 58.399432}, ""cpu_util_1"": {""mean"": 53.6699776, ""max"": 58.399432}, ""cpu_util_2"": {""mean"": 53.6699776, ""max"": 58.399432}, ""cpu_util_3"": {""mean"": 53.6699776, ""max"": 58.399432}, ""cpu_util_4"": {""mean"": 53.6699776, ""max"": 58.399432}, ""cpu_util_5"": {""mean"": 53.6699776, ""max"": 58.399432}, ""cpu_util_6"": {""mean"": 53.6699776, ""max"": 58.399432}, ""cpu_util_7"": {""mean"": 53.6699776, ""max"": 58.399432}, ""cpu_util_8"": {""mean"": 53.6699776, ""max"": 58.399432}, ""cpu_util_9"": {""mean"": 53.6699776, ""max"": 58.399432}, ""cpu_util_10"": {""mean"": 53.6699776, ""max"": 58.399432}, ""cpu_util_11"": {""mean"": 53.6699776, ""max"": 58.399432}, ""memory"": {""mean"": 0.368809, ""max"": 0.368809}, ""io_read_count"": {""mean"": 10280.3038746, ""max"": 10291.6485}, ""io_write_count"": {""mean"": 20.0005912, ""max"": 20.022662}, ""io_read"": {""mean"": 0.0, ""max"": 0.0}, ""io_write"": {""mean"": 0.0, ""max"": 0.0}, ""gpu_util_avg"": {""mean"": 0.0, ""max"": 0.0}, ""gpu_util_min"": {""mean"": 0.0, ""max"": 0.0}, ""gpu_util_max"": {""mean"": 0.0, ""max"": 0.0}, ""gpu_util_0"": {""mean"": 0.0, ""max"": 0.0}, ""gpu_band_avg"": {""mean"": 0.0, ""max"": 0.0}, ""gpu_band_min"": {""mean"": 0.0, ""max"": 0.0}, ""gpu_band_max"": {""mean"": 0.0, ""max"": 0.0}, ""gpu_band_0"": {""mean"": 0.0, ""max"": 0.0}, ""gpu_mem_avg"": {""mean"": 0.0, ""max"": 0.0}, ""gpu_mem_min"": {""mean"": 0.0, ""max"": 0.0}, ""gpu_mem_max"": {""mean"": 0.0, ""max"": 0.0}, ""gpu_mem_0"": {""mean"": 0.0, ""max"": 0.0}}","{""predictions"": {""kind"": ""array"", ""shape"": [50000], ""dtype"": ""int64"", ""mean"": 0.49888, ""std"": 0.4999987455984265, ""min"": 0.0, ""max"": 1.0}}",,
model_fit,predict,fork,full,True,9,1,ok,0.304978,3.386685,,6.4009,6.422,,"{""cpu_util_avg"": {""mean"": 54.164485000000006, ""max"": 58.346895}, ""cpu_util_min"": {""mean"": 54.164485000000006, ""max"": 58.346895}, ""cpu_util_max"": {""mean"": 54.164485000000006, ""max"": 58.346895}, ""cpu_util_0"": {""mean"": 54.164485000000006, ""max"": 58.346895}, ""cpu_util_1"": {""mean"": 54.164485000000006, ""max"": 58.346895}, ""cpu_util_2"": {""mean"": 54.164485000000006, ""max"": 58.346895}, ""cpu_util_3"": {""mean"": 54.164485000000006, ""max"": 58.346895}, ""cpu_util_4"": {""mean"": 54.164485000000006, ""max"": 58.346895}, ""cpu_util_5"": {""mean"": 54.164485000000006, ""max"": 58.346895}, ""cpu_util_6"": {""mean"": 54.164485000000006, ""max"": 58.346895}, ""cpu_util_7"": {""mean"": 54.164485000000006, ""max"": 58.346895}, ""cpu_util_8"": {""mean"": 54.164485000000006, ""max"": 58.346895}, ""cpu_util_9"": {""mean"": 54.164485000000006, ""max"": 58.346895}, ""cpu_util_10"": {""mean"": 54.164485000000006, ""max"": 58.346895}, ""cpu_util_11"": {""mean"": 54.164485000000006, ""max"": 58.346895}, ""memory"": {""mean"": 0.369335, ""max"": 0.369335}, ""io_read_count"": {""mean"": 10279.455538833332, ""max"": 10283.891013}, ""io_write_count"": {""mean"": 19.998940666666666, ""max"": 20.00757}, ""io_read"": {""mean"": 0.0, ""max"": 0.0}, ""io_write"": {""mean"": 0.0, ""max"": 0.0}, ""gpu_util_avg"": {""mean"": 0.0, ""max"": 0.0}, ""gpu_util_min"": {""mean"": 0.0, ""max"": 0.0}, ""gpu_util_max"": {""mean"": 0.0, ""max"": 0.0}, ""gpu_util_0"": {""mean"": 0.0, ""max"": 0.0}, ""gpu_band_avg"": {""mean"": 0.0, ""max"": 0.0}, ""gpu_band_min"": {""mean"": 0.0, ""max"": 0.0}, ""gpu_band_max"": {""mean"": 0.0, ""max"": 0.0}, ""gpu_band_0"": {""mean"": 0.0, ""max"": 0.0}, ""gpu_mem_avg"": {""mean"": 0.0, ""max"": 0.0}, ""gpu_mem_min"": {""mean"": 0.0, ""max"": 0.0}, ""gpu_mem_max"": {""mean"": 0.0, ""max"": 0.0}, ""gpu_mem_0"": {""mean"": 0.0, ""max"": 0.0}}","{""predictions"": {""kind"": ""array"", ""shape"": [50000], ""dtype"": ""int64"", ""mean"": 0.49902, ""std"": 0.4999990395990777, ""min"": 0.0, ""max"": 1.0}}",,
model_fit,predict,dill,dill,False,9,2,ok,0.215749,0.0,0.6733,3.7676,3.7878,,"{""cpu_util_avg"": {""mean"": 52.069475, ""max"": 56.703424}, ""cpu_util_min"": {""mean"": 52.069475, ""max"": 56.703424}, ""cpu_util_max"": {""mean"": 52.069475, ""max"": 56.703424}, ""cpu_util_0"": {""mean"": 52.069475, ""max"": 56.703424}, ""cpu_util_1"": {""mean"": 52.069475, ""max"": 56.703424}, ""cpu_util_2"": {""mean"": 52.069475, ""max"": 56.703424}, ""cpu_util_3"": {""mean"": 52.069475, ""max"": 56.703424}, ""cpu_util_4"": {""mean"": 52.069475, ""max"": 56.703424}, ""cpu_util_5"": {""mean"": 52.069475, ""max"": 56.703424}, ""cpu_util_6"": {""mean"": 52.069475, ""max"": 56.703424}, ""cpu_util_7"": {""mean"": 52.069475, ""max"": 56.703424}, ""cpu_util_8"": {""mean"": 52.069475, ""max"": 56.703424}, ""cpu_util_9"": {""mean"": 52.069475, ""max"": 56.703424}, ""cpu_util_10"": {""mean"": 52.069475, ""max"": 56.703424}, ""cpu_util_11"": {""mean"": 52.069475, ""max"": 56.703424}, ""memory"": {""mean"": 0.32376475000000005, ""max"": 0.32407}, ""io_read_count"": {""mean"": 7708.8934345, ""max"": 10286.66823}, ""io_write_count"": {""mean"": 14.997847, ""max"": 20.012973}, ""io_read"": {""mean"": 0.0, ""max"": 0.0}, ""io_write"": {""mean"": 0.0, ""max"": 0.0}, ""gpu_util_avg"": {""mean"": 0.0, ""max"": 0.0}, ""gpu_util_min"": {""mean"": 0.0, ""max"": 0.0}, ""gpu_util_max"": {""mean"": 0.0, ""max"": 0.0}, ""gpu_util_0"": {""mean"": 0.0, ""max"": 0.0}, ""gpu_band_avg"": {""mean"": 0.0, ""max"": 0.0}, ""gpu_band_min"": {""mean"": 0.0, ""max"": 0.0}, ""gpu_band_max"": {""mean"": 0.0, ""max"": 0.0}, ""gpu_band_0"": {""mean"": 0.0, ""max"": 0.0}, ""gpu_mem_avg"": {""mean"": 0.0, ""max"": 0.0}, ""gpu_mem_min"": {""mean"": 0.0, ""max"": 0.0}, ""gpu_mem_max"": {""mean"": 0.0, ""max"": 0.0}, ""gpu_mem_0"": {""mean"": 0.0, ""max"": 0.0}}","{""predictions"": {""kind"": ""array"", ""shape"": [50000], ""dtype"": ""int64"", ""mean"": 0.49904, ""std"": 0.49999907839915064, ""min"": 0.0, ""max"": 1.0}}",,
model_fit,predict,fork,full,True,10,0,ok,0.292086,3.366963,,6.3885,6.4081,,"{""cpu_util_avg"": {""mean"": 53.619733833333335, ""max"": 55.037821}, ""cpu_util_min"": {""mean"": 53.619733833333335, ""max"": 55.037821}, ""cpu_util_max"": {""mean"": 53.619733833333335, ""max"": 55.037821}, ""cpu_util_0"": {""mean"": 53.619733833333335, ""max"": 55.037821}, ""cpu_util_1"": {""mean"": 53.619733833333335, ""max"": 55.037821}, ""cpu_util_2"": {""mean"": 53.619733833333335, ""max"": 55.037821}, ""cpu_util_3"": {""mean"": 53.619733833333335, ""max"": 55.037821}, ""cpu_util_4"": {""mean"": 53.619733833333335, ""max"": 55.037821}, ""cpu_util_5"": {""mean"": 53.619733833333335, ""max"": 55.037821}, ""cpu_util_6"": {""mean"": 53.619733833333335, ""max"": 55.037821}, ""cpu_util_7"": {""mean"": 53.619733833333335, ""max"": 55.037821}, ""cpu_util_8"": {""mean"": 53.619733833333335, ""max"": 55.037821}, ""cpu_util_9"": {""mean"": 53.619733833333335, ""max"": 55.037821}, ""cpu_util_10"": {""mean"": 53.619733833333335, ""max"": 55.037821}, ""cpu_util_11"": {""mean"": 53.619733833333335, ""max"": 55.037821}, ""memory"": {""mean"": 0.366482, ""max"": 0.366482}, ""io_read_count"": {""mean"": 10281.588069, ""max"": 10287.069068}, ""io_write_count"": {""mean"": 20.003089666666664, ""max"": 20.013753}, ""io_read"": {""mean"": 0.0, ""max"": 0.0}, ""io_write"": {""mean"": 0.0, ""max"": 0.0}, ""gpu_util_avg"": {""mean"": 0.0, ""max"": 0.0}, ""gpu_util_min"": {""mean"": 0.0, ""max"": 0.0}, ""gpu_util_max"": {""mean"": 0.0, ""max"": 0.0}, ""gpu_util_0"": {""mean"": 0.0, ""max"": 0.0}, ""gpu_band_avg"": {""mean"": 0.0, ""max"": 0.0}, ""gpu_band_min"": {""mean"": 0.0, ""max"": 0.0}, ""gpu_band_max"": {""mean"": 0.0, ""max"": 0.0}, ""gpu_band_0"": {""mean"": 0.0, ""max"": 0.0}, ""gpu_mem_avg"": {""mean"": 0.0, ""max"": 0.0}, ""gpu_mem_min"": {""mean"": 0.0, ""max"": 0.0}, ""gpu_mem_max"": {""mean"": 0.0, ""max"": 0.0}, ""gpu_mem_0"": {""mean"": 0.0, ""max"": 0.0}}","{""predictions"": {""kind"": ""array"", ""shape"": [50000], ""dtype"": ""int64"", ""mean"": 0.4989, ""std"": 0.49999878999853586, ""min"": 0.0, ""max"": 1.0}}",,
model_fit,predict,dill,dill,False,10,1,ok,0.213809,0.0,0.6802,3.8002,3.817,,"{""cpu_util_avg"": {""mean"": 51.242976, ""max"": 55.041082}, ""cpu_util_min"": {""mean"": 51.242976, ""max"": 55.041082}, ""cpu_util_max"": {""mean"": 51.242976, ""max"": 55.041082}, ""cpu_util_0"": {""mean"": 51.242976, ""max"": 55.041082}, ""cpu_util_1"": {""mean"": 51.242976, ""max"": 55.041082}, ""cpu_util_2"": {""mean"": 51.242976, ""max"": 55.041082}, ""cpu_util_3"": {""mean"": 51.242976, ""max"": 55.041082}, ""cpu_util_4"": {""mean"": 51.242976, ""max"": 55.041082}, ""cpu_util_5"": {""mean"": 51.242976, ""max"": 55.041082}, ""cpu_util_6"": {""mean"": 51.242976, ""max"": 55.041082}, ""cpu_util_7"": {""mean"": 51.242976, ""max"": 55.041082}, ""cpu_util_8"": {""mean"": 51.242976, ""max"": 55.041082}, ""cpu_util_9"": {""mean"": 51.242976, ""max"": 55.041082}, ""cpu_util_10"": {""mean"": 51.242976, ""max"": 55.041082}, ""cpu_util_11"": {""mean"": 51.242976, ""max"": 55.041082}, ""memory"": {""mean"": 0.32398625000000003, ""max"": 0.324322}, ""io_read_count"": {""mean"": 7711.945657, ""max"": 10287.678518}, ""io_write_count"": {""mean"": 15.0037855, ""max"": 20.014939}, ""io_read"": {""mean"": 0.0, ""max"": 0.0}, ""io_write"": {""mean"": 0.0, ""max"": 0.0}, ""gpu_util_avg"": {""mean"": 0.0, ""max"": 0.0}, ""gpu_util_min"": {""mean"": 0.0, ""max"": 0.0}, ""gpu_util_max"": {""mean"": 0.0, ""max"": 0.0}, ""gpu_util_0"": {""mean"": 0.0, ""max"": 0.0}, ""gpu_band_avg"": {""mean"": 0.0, ""max"": 0.0}, ""gpu_band_min"": {""mean"": 0.0, ""max"": 0.0}, ""gpu_band_max"": {""mean"": 0.0, ""max"": 0.0}, ""gpu_band_0"": {""mean"": 0.0, ""max"": 0.0}, ""gpu_mem_avg"": {""mean"": 0.0, ""max"": 0.0}, ""gpu_mem_min"": {""mean"": 0.0, ""max"": 0.0}, ""gpu_mem_max"": {""mean"": 0.0, ""max"": 0.0}, ""gpu_mem_0"": {""mean"": 0.0, ""max"": 0.0}}","{""predictions"": {""kind"": ""array"", ""shape"": [50000], ""dtype"": ""int64"", ""mean"": 0.49904, ""std"": 0.49999907839915064, ""min"": 0.0, ""max"": 1.0}}",,
model_fit,predict,full,full,False,10,2,ok,0.218313,2.558255,,5.5247,5.5454,,"{""cpu_util_avg"": {""mean"": 53.749227250000004, ""max"": 55.008302}, ""cpu_util_min"": {""mean"": 53.749227250000004, ""max"": 55.008302}, ""cpu_util_max"": {""mean"": 53.749227250000004, ""max"": 55.008302}, ""cpu_util_0"": {""mean"": 53.749227250000004, ""max"": 55.008302}, ""cpu_util_1"": {""mean"": 53.749227250000004, ""max"": 55.008302}, ""cpu_util_2"": {""mean"": 53.749227250000004, ""max"": 55.008302}, ""cpu_util_3"": {""mean"": 53.749227250000004, ""max"": 55.008302}, ""cpu_util_4"": {""mean"": 53.749227250000004, ""max"": 55.008302}, ""cpu_util_5"": {""mean"": 53.749227250000004, ""max"": 55.008302}, ""cpu_util_6"": {""mean"": 53.749227250000004, ""max"": 55.008302}, ""cpu_util_7"": {""mean"": 53.749227250000004, ""max"": 55.008302}, ""cpu_util_8"": {""mean"": 53.749227250000004, ""max"": 55.008302}, ""cpu_util_9"": {""mean"": 53.749227250000004, ""max"": 55.008302}, ""cpu_util_10"": {""mean"": 53.749227250000004, ""max"": 55.008302}, ""cpu_util_11"": {""mean"": 53.749227250000004, ""max"": 55.008302}, ""memory"": {""mean"": 0.368828, ""max"": 0.368828}, ""io_read_count"": {""mean"": 10279.88204625, ""max"": 10288.458141}, ""io_write_count"": {""mean"": 19.99977075, ""max"": 20.016456}, ""io_read"": {""mean"": 0.0, ""max"": 0.0}, ""io_write"": {""mean"": 0.0, ""max"": 0.0}, ""gpu_util_avg"": {""mean"": 0.0, ""max"": 0.0}, ""gpu_util_min"": {""mean"": 0.0, ""max"": 0.0}, ""gpu_util_max"": {""mean"": 0.0, ""max"": 0.0}, ""gpu_util_0"": {""mean"": 0.0, ""max"": 0.0}, ""gpu_band_avg"": {""mean"": 0.0, ""max"": 0.0}, ""gpu_band_min"": {""mean"": 0.0, ""max"": 0.0}, ""gpu_band_max"": {""mean"": 0.0, ""max"": 0.0}, ""gpu_band_0"": {""mean"": 0.0, ""max"": 0.0}, ""gpu_mem_avg"": {""mean"": 0.0, ""max"": 0.0}, ""gpu_mem_min"": {""mean"": 0.0, ""max"": 0.0}, ""gpu_mem_max"": {""mean"": 0.0, ""max"": 0.0}, ""gpu_mem_0"": {""mean"": 0.0, ""max"": 0.0}}","{""predictions"": {""kind"": ""array"", ""shape"": [50000], ""dtype"": ""int64"", ""mean"": 0.49898, ""std"": 0.4999989595989175, ""min"": 0.0, ""max"": 1.0}}",,
simulation,sort,full,full,False,0,0,ok,0.00639,4.133141,,6.6984,6.7147,,{},"{""total"": {""kind"": ""scalar"", ""value"": 166840.33310692222}}",,
simulation,sort,fork,fork,False,0,1,ok,0.007108,0.0,,0.1584,0.173,971.0,{},"{""total"": {""kind"": ""scalar"", ""value"": 166840.33310692222}}","[JUmPER]: a benchmark measurement spent at least 0ms of its 7ms on 971 page faults - the cost of touching memory inherited from the prefix rather than of the cell itself. Cells working over large Python objects are affected most, and the timing understates them. Re-run with --replay-mode full for a number that does not carry this.",
simulation,sort,dill,dill,False,0,2,ok,0.009199,0.0,0.0056,2.7067,2.7173,,{},"{""total"": {""kind"": ""scalar"", ""value"": 166840.33310692222}}",,
simulation,sort,fork,fork,False,1,0,ok,0.00744,0.0,,0.1387,0.153,971.0,{},"{""total"": {""kind"": ""scalar"", ""value"": 166840.33310692222}}","[JUmPER]: a benchmark measurement spent at least 0ms of its 7ms on 971 page faults - the cost of touching memory inherited from the prefix rather than of the cell itself. Cells working over large Python objects are affected most, and the timing understates them. Re-run with --replay-mode full for a number that does not carry this.",
simulation,sort,dill,dill,False,1,1,ok,0.009365,0.0,0.0047,2.6391,2.6486,,{},"{""total"": {""kind"": ""scalar"", ""value"": 166840.33310692222}}",,
simulation,sort,full,full,False,1,2,ok,0.006189,4.024549,,6.7176,6.7344,,{},"{""total"": {""kind"": ""scalar"", ""value"": 166840.33310692222}}",,
simulation,sort,dill,dill,False,2,0,ok,0.008618,0.0,0.0056,2.8088,2.8197,,{},"{""total"": {""kind"": ""scalar"", ""value"": 166840.33310692222}}",,
simulation,sort,full,full,False,2,1,ok,0.006234,4.116821,,6.7466,6.7633,,{},"{""total"": {""kind"": ""scalar"", ""value"": 166840.33310692222}}",,
simulation,sort,fork,fork,False,2,2,ok,0.007578,0.0,,0.1382,0.1518,971.0,{},"{""total"": {""kind"": ""scalar"", ""value"": 166840.33310692222}}","[JUmPER]: a benchmark measurement spent at least 0ms of its 8ms on 971 page faults - the cost of touching memory inherited from the prefix rather than of the cell itself. Cells working over large Python objects are affected most, and the timing understates them. Re-run with --replay-mode full for a number that does not carry this.",
simulation,sort,full,full,False,3,0,ok,0.006588,4.151292,,6.7451,6.7627,,{},"{""total"": {""kind"": ""scalar"", ""value"": 166840.33310692222}}",,
simulation,sort,fork,fork,False,3,1,ok,0.007388,0.0,,0.139,0.1532,971.0,{},"{""total"": {""kind"": ""scalar"", ""value"": 166840.33310692222}}","[JUmPER]: a benchmark measurement spent at least 0ms of its 7ms on 971 page faults - the cost of touching memory inherited from the prefix rather than of the cell itself. Cells working over large Python objects are affected most, and the timing understates them. Re-run with --replay-mode full for a number that does not carry this.",
simulation,sort,dill,dill,False,3,2,ok,0.009462,0.0,0.004,2.6526,2.6623,,{},"{""total"": {""kind"": ""scalar"", ""value"": 166840.33310692222}}",,
simulation,sort,fork,fork,False,4,0,ok,0.007594,0.0,,0.1387,0.1528,971.0,{},"{""total"": {""kind"": ""scalar"", ""value"": 166840.33310692222}}","[JUmPER]: a benchmark measurement spent at least 0ms of its 8ms on 971 page faults - the cost of touching memory inherited from the prefix rather than of the cell itself. Cells working over large Python objects are affected most, and the timing understates them. Re-run with --replay-mode full for a number that does not carry this.",
simulation,sort,dill,dill,False,4,1,ok,0.008742,0.0,0.0039,2.6741,2.6839,,{},"{""total"": {""kind"": ""scalar"", ""value"": 166840.33310692222}}",,
simulation,sort,full,full,False,4,2,ok,0.006809,4.293729,,7.0461,7.0637,,{},"{""total"": {""kind"": ""scalar"", ""value"": 166840.33310692222}}",,
simulation,sort,dill,dill,False,5,0,ok,0.009348,0.0,0.0042,2.7858,2.7953,,{},"{""total"": {""kind"": ""scalar"", ""value"": 166840.33310692222}}",,
simulation,sort,full,full,False,5,1,ok,0.006228,3.985346,,6.5738,6.5898,,{},"{""total"": {""kind"": ""scalar"", ""value"": 166840.33310692222}}",,
simulation,sort,fork,fork,False,5,2,ok,0.007433,0.0,,0.136,0.1499,971.0,{},"{""total"": {""kind"": ""scalar"", ""value"": 166840.33310692222}}","[JUmPER]: a benchmark measurement spent at least 0ms of its 7ms on 971 page faults - the cost of touching memory inherited from the prefix rather than of the cell itself. Cells working over large Python objects are affected most, and the timing understates them. Re-run with --replay-mode full for a number that does not carry this.",
simulation,sort,full,full,False,6,0,ok,0.006407,4.115282,,6.7036,6.7209,,{},"{""total"": {""kind"": ""scalar"", ""value"": 166840.33310692222}}",,
simulation,sort,fork,fork,False,6,1,ok,0.007388,0.0,,0.1403,0.1574,971.0,{},"{""total"": {""kind"": ""scalar"", ""value"": 166840.33310692222}}","[JUmPER]: a benchmark measurement spent at least 0ms of its 7ms on 971 page faults - the cost of touching memory inherited from the prefix rather than of the cell itself. Cells working over large Python objects are affected most, and the timing understates them. Re-run with --replay-mode full for a number that does not carry this.",
simulation,sort,dill,dill,False,6,2,ok,0.008676,0.0,0.0044,2.641,2.65,,{},"{""total"": {""kind"": ""scalar"", ""value"": 166840.33310692222}}",,
simulation,sort,fork,fork,False,7,0,ok,0.007236,0.0,,0.138,0.158,971.0,{},"{""total"": {""kind"": ""scalar"", ""value"": 166840.33310692222}}","[JUmPER]: a benchmark measurement spent at least 0ms of its 7ms on 971 page faults - the cost of touching memory inherited from the prefix rather than of the cell itself. Cells working over large Python objects are affected most, and the timing understates them. Re-run with --replay-mode full for a number that does not carry this.",
simulation,sort,dill,dill,False,7,1,ok,0.008773,0.0,0.006,2.7276,2.737,,{},"{""total"": {""kind"": ""scalar"", ""value"": 166840.33310692222}}",,
simulation,sort,full,full,False,7,2,ok,0.006561,4.09547,,6.6536,6.6713,,{},"{""total"": {""kind"": ""scalar"", ""value"": 166840.33310692222}}",,
simulation,sort,dill,dill,False,8,0,ok,0.008961,0.0,0.0038,2.6281,2.6371,,{},"{""total"": {""kind"": ""scalar"", ""value"": 166840.33310692222}}",,
simulation,sort,full,full,False,8,1,ok,0.006823,4.08199,,6.7899,6.8056,,{},"{""total"": {""kind"": ""scalar"", ""value"": 166840.33310692222}}",,
simulation,sort,fork,fork,False,8,2,ok,0.007195,0.0,,0.1377,0.1515,971.0,{},"{""total"": {""kind"": ""scalar"", ""value"": 166840.33310692222}}","[JUmPER]: a benchmark measurement spent at least 0ms of its 7ms on 971 page faults - the cost of touching memory inherited from the prefix rather than of the cell itself. Cells working over large Python objects are affected most, and the timing understates them. Re-run with --replay-mode full for a number that does not carry this.",
simulation,sort,full,full,False,9,0,ok,0.006592,4.05485,,6.5553,6.5709,,{},"{""total"": {""kind"": ""scalar"", ""value"": 166840.33310692222}}",,
simulation,sort,fork,fork,False,9,1,ok,0.008329,0.0,,0.141,0.1547,971.0,{},"{""total"": {""kind"": ""scalar"", ""value"": 166840.33310692222}}","[JUmPER]: a benchmark measurement spent at least 0ms of its 8ms on 971 page faults - the cost of touching memory inherited from the prefix rather than of the cell itself. Cells working over large Python objects are affected most, and the timing understates them. Re-run with --replay-mode full for a number that does not carry this.",
simulation,sort,dill,dill,False,9,2,ok,0.00869,0.0,0.0041,2.6479,2.6572,,{},"{""total"": {""kind"": ""scalar"", ""value"": 166840.33310692222}}",,
simulation,sort,fork,fork,False,10,0,ok,0.007646,0.0,,0.1597,0.1769,971.0,"{""cpu_util_avg"": {""mean"": 9.998851, ""max"": 9.998851}, ""cpu_util_min"": {""mean"": 9.998851, ""max"": 9.998851}, ""cpu_util_max"": {""mean"": 9.998851, ""max"": 9.998851}, ""cpu_util_0"": {""mean"": 9.998851, ""max"": 9.998851}, ""cpu_util_1"": {""mean"": 9.998851, ""max"": 9.998851}, ""cpu_util_2"": {""mean"": 9.998851, ""max"": 9.998851}, ""cpu_util_3"": {""mean"": 9.998851, ""max"": 9.998851}, ""cpu_util_4"": {""mean"": 9.998851, ""max"": 9.998851}, ""cpu_util_5"": {""mean"": 9.998851, ""max"": 9.998851}, ""cpu_util_6"": {""mean"": 9.998851, ""max"": 9.998851}, ""cpu_util_7"": {""mean"": 9.998851, ""max"": 9.998851}, ""cpu_util_8"": {""mean"": 9.998851, ""max"": 9.998851}, ""cpu_util_9"": {""mean"": 9.998851, ""max"": 9.998851}, ""cpu_util_10"": {""mean"": 9.998851, ""max"": 9.998851}, ""cpu_util_11"": {""mean"": 9.998851, ""max"": 9.998851}, ""memory"": {""mean"": 0.497494, ""max"": 0.497494}, ""io_read_count"": {""mean"": 10698.77007, ""max"": 10698.77007}, ""io_write_count"": {""mean"": 19.997701, ""max"": 19.997701}, ""io_read"": {""mean"": 0.0, ""max"": 0.0}, ""io_write"": {""mean"": 0.0, ""max"": 0.0}, ""gpu_util_avg"": {""mean"": 0.0, ""max"": 0.0}, ""gpu_util_min"": {""mean"": 0.0, ""max"": 0.0}, ""gpu_util_max"": {""mean"": 0.0, ""max"": 0.0}, ""gpu_util_0"": {""mean"": 0.0, ""max"": 0.0}, ""gpu_band_avg"": {""mean"": 0.0, ""max"": 0.0}, ""gpu_band_min"": {""mean"": 0.0, ""max"": 0.0}, ""gpu_band_max"": {""mean"": 0.0, ""max"": 0.0}, ""gpu_band_0"": {""mean"": 0.0, ""max"": 0.0}, ""gpu_mem_avg"": {""mean"": 0.0, ""max"": 0.0}, ""gpu_mem_min"": {""mean"": 0.0, ""max"": 0.0}, ""gpu_mem_max"": {""mean"": 0.0, ""max"": 0.0}, ""gpu_mem_0"": {""mean"": 0.0, ""max"": 0.0}}","{""total"": {""kind"": ""scalar"", ""value"": 166840.33310692222}}","[JUmPER]: a benchmark measurement spent at least 0ms of its 8ms on 971 page faults - the cost of touching memory inherited from the prefix rather than of the cell itself. Cells working over large Python objects are affected most, and the timing understates them. Re-run with --replay-mode full for a number that does not carry this.",
simulation,sort,dill,dill,False,10,1,ok,0.008582,0.0,0.0042,2.7638,2.774,,{},"{""total"": {""kind"": ""scalar"", ""value"": 166840.33310692222}}",,
simulation,sort,full,full,False,10,2,ok,0.006264,4.075646,,6.6513,6.6671,,{},"{""total"": {""kind"": ""scalar"", ""value"": 166840.33310692222}}",,
