case,target,mode,strategy,degraded,run_index,position,status,duration_s,prefix_s,wall_s,harness_wall_s,faults_when_warned,metrics,fingerprints,warnings,error
array_reduce,matmul,full,full,False,0,0,ok,0.181031,0.212281,3.608,3.6399,,"{""cpu_util_avg"": {""mean"": 92.74650175, ""max"": 102.874044}, ""cpu_util_min"": {""mean"": 92.74650175, ""max"": 102.874044}, ""cpu_util_max"": {""mean"": 92.74650175, ""max"": 102.874044}, ""cpu_util_0"": {""mean"": 92.74650175, ""max"": 102.874044}, ""cpu_util_1"": {""mean"": 92.74650175, ""max"": 102.874044}, ""cpu_util_2"": {""mean"": 92.74650175, ""max"": 102.874044}, ""cpu_util_3"": {""mean"": 92.74650175, ""max"": 102.874044}, ""cpu_util_4"": {""mean"": 92.74650175, ""max"": 102.874044}, ""cpu_util_5"": {""mean"": 92.74650175, ""max"": 102.874044}, ""cpu_util_6"": {""mean"": 92.74650175, ""max"": 102.874044}, ""cpu_util_7"": {""mean"": 92.74650175, ""max"": 102.874044}, ""cpu_util_8"": {""mean"": 92.74650175, ""max"": 102.874044}, ""cpu_util_9"": {""mean"": 92.74650175, ""max"": 102.874044}, ""cpu_util_10"": {""mean"": 92.74650175, ""max"": 102.874044}, ""cpu_util_11"": {""mean"": 92.74650175, ""max"": 102.874044}, ""memory"": {""mean"": 0.316597, ""max"": 0.316597}, ""io_read_count"": {""mean"": 10626.277289, ""max"": 11608.174378}, ""io_write_count"": {""mean"": 18.22689075, ""max"": 19.911105}, ""io_read"": {""mean"": 0.0, ""max"": 0.0}, ""io_write"": {""mean"": 0.0, ""max"": 0.0}, ""gpu_util_avg"": {""mean"": 0.0, ""max"": 0.0}, ""gpu_util_min"": {""mean"": 0.0, ""max"": 0.0}, ""gpu_util_max"": {""mean"": 0.0, ""max"": 0.0}, ""gpu_util_0"": {""mean"": 0.0, ""max"": 0.0}, ""gpu_band_avg"": {""mean"": 0.0, ""max"": 0.0}, ""gpu_band_min"": {""mean"": 0.0, ""max"": 0.0}, ""gpu_band_max"": {""mean"": 0.0, ""max"": 0.0}, ""gpu_band_0"": {""mean"": 0.0, ""max"": 0.0}, ""gpu_mem_avg"": {""mean"": 0.0, ""max"": 0.0}, ""gpu_mem_min"": {""mean"": 0.0, ""max"": 0.0}, ""gpu_mem_max"": {""mean"": 0.0, ""max"": 0.0}, ""gpu_mem_0"": {""mean"": 0.0, ""max"": 0.0}}","{""product"": {""kind"": ""array"", ""shape"": [2000, 2000], ""dtype"": ""float64"", ""mean"": 500.01872635521926, ""std"": 9.845639787888365, ""min"": 452.8252003037207, ""max"": 552.6527329950178}}",,
array_reduce,matmul,fork,fork,False,0,1,ok,0.12729,0.0,0.384,0.4102,15607.0,"{""cpu_util_avg"": {""mean"": 78.809922, ""max"": 89.712147}, ""cpu_util_min"": {""mean"": 78.809922, ""max"": 89.712147}, ""cpu_util_max"": {""mean"": 78.809922, ""max"": 89.712147}, ""cpu_util_0"": {""mean"": 78.809922, ""max"": 89.712147}, ""cpu_util_1"": {""mean"": 78.809922, ""max"": 89.712147}, ""cpu_util_2"": {""mean"": 78.809922, ""max"": 89.712147}, ""cpu_util_3"": {""mean"": 78.809922, ""max"": 89.712147}, ""cpu_util_4"": {""mean"": 78.809922, ""max"": 89.712147}, ""cpu_util_5"": {""mean"": 78.809922, ""max"": 89.712147}, ""cpu_util_6"": {""mean"": 78.809922, ""max"": 89.712147}, ""cpu_util_7"": {""mean"": 78.809922, ""max"": 89.712147}, ""cpu_util_8"": {""mean"": 78.809922, ""max"": 89.712147}, ""cpu_util_9"": {""mean"": 78.809922, ""max"": 89.712147}, ""cpu_util_10"": {""mean"": 78.809922, ""max"": 89.712147}, ""cpu_util_11"": {""mean"": 78.809922, ""max"": 89.712147}, ""memory"": {""mean"": 0.648643, ""max"": 0.648643}, ""io_read_count"": {""mean"": 11700.642662499999, ""max"": 11784.331358}, ""io_write_count"": {""mean"": 19.0875085, ""max"": 19.224032}, ""io_read"": {""mean"": 0.0, ""max"": 0.0}, ""io_write"": {""mean"": 0.0, ""max"": 0.0}, ""gpu_util_avg"": {""mean"": 0.0, ""max"": 0.0}, ""gpu_util_min"": {""mean"": 0.0, ""max"": 0.0}, ""gpu_util_max"": {""mean"": 0.0, ""max"": 0.0}, ""gpu_util_0"": {""mean"": 0.0, ""max"": 0.0}, ""gpu_band_avg"": {""mean"": 0.0, ""max"": 0.0}, ""gpu_band_min"": {""mean"": 0.0, ""max"": 0.0}, ""gpu_band_max"": {""mean"": 0.0, ""max"": 0.0}, ""gpu_band_0"": {""mean"": 0.0, ""max"": 0.0}, ""gpu_mem_avg"": {""mean"": 0.0, ""max"": 0.0}, ""gpu_mem_min"": {""mean"": 0.0, ""max"": 0.0}, ""gpu_mem_max"": {""mean"": 0.0, ""max"": 0.0}, ""gpu_mem_0"": {""mean"": 0.0, ""max"": 0.0}}","{""product"": {""kind"": ""array"", ""shape"": [2000, 2000], ""dtype"": ""float64"", ""mean"": 500.01872635521926, ""std"": 9.845639787888365, ""min"": 452.8252003037207, ""max"": 552.6527329950178}}","[JUmPER]: a benchmark measurement spent at least 8ms of its 127ms on 15607 page faults - the cost of touching memory inherited from the prefix rather than of the cell itself. Cells working over large Python objects are affected most, and the timing understates them. Re-run with --replay-mode full for a number that does not carry this.",
array_reduce,matmul,fork,fork,False,1,0,ok,0.113189,0.0,0.3288,0.3531,16285.0,"{""cpu_util_avg"": {""mean"": 70.63754133333333, ""max"": 94.633504}, ""cpu_util_min"": {""mean"": 70.63754133333333, ""max"": 94.633504}, ""cpu_util_max"": {""mean"": 70.63754133333333, ""max"": 94.633504}, ""cpu_util_0"": {""mean"": 70.63754133333333, ""max"": 94.633504}, ""cpu_util_1"": {""mean"": 70.63754133333333, ""max"": 94.633504}, ""cpu_util_2"": {""mean"": 70.63754133333333, ""max"": 94.633504}, ""cpu_util_3"": {""mean"": 70.63754133333333, ""max"": 94.633504}, ""cpu_util_4"": {""mean"": 70.63754133333333, ""max"": 94.633504}, ""cpu_util_5"": {""mean"": 70.63754133333333, ""max"": 94.633504}, ""cpu_util_6"": {""mean"": 70.63754133333333, ""max"": 94.633504}, ""cpu_util_7"": {""mean"": 70.63754133333333, ""max"": 94.633504}, ""cpu_util_8"": {""mean"": 70.63754133333333, ""max"": 94.633504}, ""cpu_util_9"": {""mean"": 70.63754133333333, ""max"": 94.633504}, ""cpu_util_10"": {""mean"": 70.63754133333333, ""max"": 94.633504}, ""cpu_util_11"": {""mean"": 70.63754133333333, ""max"": 94.633504}, ""memory"": {""mean"": 0.6494166666666666, ""max"": 0.649742}, ""io_read_count"": {""mean"": 11914.049947, ""max"": 12002.138847}, ""io_write_count"": {""mean"": 25.844261, ""max"": 38.451699}, ""io_read"": {""mean"": 0.0, ""max"": 0.0}, ""io_write"": {""mean"": 26249.692858, ""max"": 78749.078574}, ""gpu_util_avg"": {""mean"": 0.0, ""max"": 0.0}, ""gpu_util_min"": {""mean"": 0.0, ""max"": 0.0}, ""gpu_util_max"": {""mean"": 0.0, ""max"": 0.0}, ""gpu_util_0"": {""mean"": 0.0, ""max"": 0.0}, ""gpu_band_avg"": {""mean"": 0.0, ""max"": 0.0}, ""gpu_band_min"": {""mean"": 0.0, ""max"": 0.0}, ""gpu_band_max"": {""mean"": 0.0, ""max"": 0.0}, ""gpu_band_0"": {""mean"": 0.0, ""max"": 0.0}, ""gpu_mem_avg"": {""mean"": 0.0, ""max"": 0.0}, ""gpu_mem_min"": {""mean"": 0.0, ""max"": 0.0}, ""gpu_mem_max"": {""mean"": 0.0, ""max"": 0.0}, ""gpu_mem_0"": {""mean"": 0.0, ""max"": 0.0}}","{""product"": {""kind"": ""array"", ""shape"": [2000, 2000], ""dtype"": ""float64"", ""mean"": 500.01872635521926, ""std"": 9.845639787888365, ""min"": 452.8252003037207, ""max"": 552.6527329950178}}","[JUmPER]: a benchmark measurement spent at least 8ms of its 113ms on 16285 page faults - the cost of touching memory inherited from the prefix rather than of the cell itself. Cells working over large Python objects are affected most, and the timing understates them. Re-run with --replay-mode full for a number that does not carry this.",
array_reduce,matmul,full,full,False,1,1,ok,0.157422,0.136212,3.547,3.5753,,"{""cpu_util_avg"": {""mean"": 113.30920866666668, ""max"": 146.522488}, ""cpu_util_min"": {""mean"": 113.30920866666668, ""max"": 146.522488}, ""cpu_util_max"": {""mean"": 113.30920866666668, ""max"": 146.522488}, ""cpu_util_0"": {""mean"": 113.30920866666668, ""max"": 146.522488}, ""cpu_util_1"": {""mean"": 113.30920866666668, ""max"": 146.522488}, ""cpu_util_2"": {""mean"": 113.30920866666668, ""max"": 146.522488}, ""cpu_util_3"": {""mean"": 113.30920866666668, ""max"": 146.522488}, ""cpu_util_4"": {""mean"": 113.30920866666668, ""max"": 146.522488}, ""cpu_util_5"": {""mean"": 113.30920866666668, ""max"": 146.522488}, ""cpu_util_6"": {""mean"": 113.30920866666668, ""max"": 146.522488}, ""cpu_util_7"": {""mean"": 113.30920866666668, ""max"": 146.522488}, ""cpu_util_8"": {""mean"": 113.30920866666668, ""max"": 146.522488}, ""cpu_util_9"": {""mean"": 113.30920866666668, ""max"": 146.522488}, ""cpu_util_10"": {""mean"": 113.30920866666668, ""max"": 146.522488}, ""cpu_util_11"": {""mean"": 113.30920866666668, ""max"": 146.522488}, ""memory"": {""mean"": 0.317013, ""max"": 0.317013}, ""io_read_count"": {""mean"": 11492.864996333336, ""max"": 11719.547489}, ""io_write_count"": {""mean"": 19.702313333333333, ""max"": 20.10214}, ""io_read"": {""mean"": 0.0, ""max"": 0.0}, ""io_write"": {""mean"": 0.0, ""max"": 0.0}, ""gpu_util_avg"": {""mean"": 0.0, ""max"": 0.0}, ""gpu_util_min"": {""mean"": 0.0, ""max"": 0.0}, ""gpu_util_max"": {""mean"": 0.0, ""max"": 0.0}, ""gpu_util_0"": {""mean"": 0.0, ""max"": 0.0}, ""gpu_band_avg"": {""mean"": 0.0, ""max"": 0.0}, ""gpu_band_min"": {""mean"": 0.0, ""max"": 0.0}, ""gpu_band_max"": {""mean"": 0.0, ""max"": 0.0}, ""gpu_band_0"": {""mean"": 0.0, ""max"": 0.0}, ""gpu_mem_avg"": {""mean"": 0.0, ""max"": 0.0}, ""gpu_mem_min"": {""mean"": 0.0, ""max"": 0.0}, ""gpu_mem_max"": {""mean"": 0.0, ""max"": 0.0}, ""gpu_mem_0"": {""mean"": 0.0, ""max"": 0.0}}","{""product"": {""kind"": ""array"", ""shape"": [2000, 2000], ""dtype"": ""float64"", ""mean"": 500.01872635521926, ""std"": 9.845639787888365, ""min"": 452.8252003037207, ""max"": 552.6527329950178}}",,
array_reduce,matmul,full,full,False,2,0,ok,0.180291,0.230144,3.957,3.9843,,"{""cpu_util_avg"": {""mean"": 83.89194466666667, ""max"": 107.266115}, ""cpu_util_min"": {""mean"": 83.89194466666667, ""max"": 107.266115}, ""cpu_util_max"": {""mean"": 83.89194466666667, ""max"": 107.266115}, ""cpu_util_0"": {""mean"": 83.89194466666667, ""max"": 107.266115}, ""cpu_util_1"": {""mean"": 83.89194466666667, ""max"": 107.266115}, ""cpu_util_2"": {""mean"": 83.89194466666667, ""max"": 107.266115}, ""cpu_util_3"": {""mean"": 83.89194466666667, ""max"": 107.266115}, ""cpu_util_4"": {""mean"": 83.89194466666667, ""max"": 107.266115}, ""cpu_util_5"": {""mean"": 83.89194466666667, ""max"": 107.266115}, ""cpu_util_6"": {""mean"": 83.89194466666667, ""max"": 107.266115}, ""cpu_util_7"": {""mean"": 83.89194466666667, ""max"": 107.266115}, ""cpu_util_8"": {""mean"": 83.89194466666667, ""max"": 107.266115}, ""cpu_util_9"": {""mean"": 83.89194466666667, ""max"": 107.266115}, ""cpu_util_10"": {""mean"": 83.89194466666667, ""max"": 107.266115}, ""cpu_util_11"": {""mean"": 83.89194466666667, ""max"": 107.266115}, ""memory"": {""mean"": 0.316006, ""max"": 0.316006}, ""io_read_count"": {""mean"": 10293.053963333334, ""max"": 11373.091255}, ""io_write_count"": {""mean"": 17.655324, ""max"": 19.507875}, ""io_read"": {""mean"": 0.0, ""max"": 0.0}, ""io_write"": {""mean"": 0.0, ""max"": 0.0}, ""gpu_util_avg"": {""mean"": 0.0, ""max"": 0.0}, ""gpu_util_min"": {""mean"": 0.0, ""max"": 0.0}, ""gpu_util_max"": {""mean"": 0.0, ""max"": 0.0}, ""gpu_util_0"": {""mean"": 0.0, ""max"": 0.0}, ""gpu_band_avg"": {""mean"": 0.0, ""max"": 0.0}, ""gpu_band_min"": {""mean"": 0.0, ""max"": 0.0}, ""gpu_band_max"": {""mean"": 0.0, ""max"": 0.0}, ""gpu_band_0"": {""mean"": 0.0, ""max"": 0.0}, ""gpu_mem_avg"": {""mean"": 0.0, ""max"": 0.0}, ""gpu_mem_min"": {""mean"": 0.0, ""max"": 0.0}, ""gpu_mem_max"": {""mean"": 0.0, ""max"": 0.0}, ""gpu_mem_0"": {""mean"": 0.0, ""max"": 0.0}}","{""product"": {""kind"": ""array"", ""shape"": [2000, 2000], ""dtype"": ""float64"", ""mean"": 500.01872635521926, ""std"": 9.845639787888365, ""min"": 452.8252003037207, ""max"": 552.6527329950178}}",,
array_reduce,matmul,fork,fork,False,2,1,ok,0.191668,0.0,0.4323,0.4636,,"{""cpu_util_avg"": {""mean"": 91.93536, ""max"": 93.119721}, ""cpu_util_min"": {""mean"": 91.93536, ""max"": 93.119721}, ""cpu_util_max"": {""mean"": 91.93536, ""max"": 93.119721}, ""cpu_util_0"": {""mean"": 91.93536, ""max"": 93.119721}, ""cpu_util_1"": {""mean"": 91.93536, ""max"": 93.119721}, ""cpu_util_2"": {""mean"": 91.93536, ""max"": 93.119721}, ""cpu_util_3"": {""mean"": 91.93536, ""max"": 93.119721}, ""cpu_util_4"": {""mean"": 91.93536, ""max"": 93.119721}, ""cpu_util_5"": {""mean"": 91.93536, ""max"": 93.119721}, ""cpu_util_6"": {""mean"": 91.93536, ""max"": 93.119721}, ""cpu_util_7"": {""mean"": 91.93536, ""max"": 93.119721}, ""cpu_util_8"": {""mean"": 91.93536, ""max"": 93.119721}, ""cpu_util_9"": {""mean"": 91.93536, ""max"": 93.119721}, ""cpu_util_10"": {""mean"": 91.93536, ""max"": 93.119721}, ""cpu_util_11"": {""mean"": 91.93536, ""max"": 93.119721}, ""memory"": {""mean"": 0.649986, ""max"": 0.649986}, ""io_read_count"": {""mean"": 7958.4032365, ""max"": 10636.017126}, ""io_write_count"": {""mean"": 13.580893, ""max"": 18.1502}, ""io_read"": {""mean"": 0.0, ""max"": 0.0}, ""io_write"": {""mean"": 0.0, ""max"": 0.0}, ""gpu_util_avg"": {""mean"": 0.0, ""max"": 0.0}, ""gpu_util_min"": {""mean"": 0.0, ""max"": 0.0}, ""gpu_util_max"": {""mean"": 0.0, ""max"": 0.0}, ""gpu_util_0"": {""mean"": 0.0, ""max"": 0.0}, ""gpu_band_avg"": {""mean"": 0.0, ""max"": 0.0}, ""gpu_band_min"": {""mean"": 0.0, ""max"": 0.0}, ""gpu_band_max"": {""mean"": 0.0, ""max"": 0.0}, ""gpu_band_0"": {""mean"": 0.0, ""max"": 0.0}, ""gpu_mem_avg"": {""mean"": 0.0, ""max"": 0.0}, ""gpu_mem_min"": {""mean"": 0.0, ""max"": 0.0}, ""gpu_mem_max"": {""mean"": 0.0, ""max"": 0.0}, ""gpu_mem_0"": {""mean"": 0.0, ""max"": 0.0}}","{""product"": {""kind"": ""array"", ""shape"": [2000, 2000], ""dtype"": ""float64"", ""mean"": 500.01872635521926, ""std"": 9.845639787888365, ""min"": 452.8252003037207, ""max"": 552.6527329950178}}",,
array_reduce,matmul,fork,fork,False,3,0,ok,0.170394,0.0,0.385,0.4106,,"{""cpu_util_avg"": {""mean"": 75.23740225, ""max"": 108.548827}, ""cpu_util_min"": {""mean"": 75.23740225, ""max"": 108.548827}, ""cpu_util_max"": {""mean"": 75.23740225, ""max"": 108.548827}, ""cpu_util_0"": {""mean"": 75.23740225, ""max"": 108.548827}, ""cpu_util_1"": {""mean"": 75.23740225, ""max"": 108.548827}, ""cpu_util_2"": {""mean"": 75.23740225, ""max"": 108.548827}, ""cpu_util_3"": {""mean"": 75.23740225, ""max"": 108.548827}, ""cpu_util_4"": {""mean"": 75.23740225, ""max"": 108.548827}, ""cpu_util_5"": {""mean"": 75.23740225, ""max"": 108.548827}, ""cpu_util_6"": {""mean"": 75.23740225, ""max"": 108.548827}, ""cpu_util_7"": {""mean"": 75.23740225, ""max"": 108.548827}, ""cpu_util_8"": {""mean"": 75.23740225, ""max"": 108.548827}, ""cpu_util_9"": {""mean"": 75.23740225, ""max"": 108.548827}, ""cpu_util_10"": {""mean"": 75.23740225, ""max"": 108.548827}, ""cpu_util_11"": {""mean"": 75.23740225, ""max"": 108.548827}, ""memory"": {""mean"": 0.6495282499999999, ""max"": 0.650108}, ""io_read_count"": {""mean"": 11751.110725, ""max"": 12737.313152}, ""io_write_count"": {""mean"": 20.053089749999998, ""max"": 21.736029}, ""io_read"": {""mean"": 0.0, ""max"": 0.0}, ""io_write"": {""mean"": 0.0, ""max"": 0.0}, ""gpu_util_avg"": {""mean"": 0.0, ""max"": 0.0}, ""gpu_util_min"": {""mean"": 0.0, ""max"": 0.0}, ""gpu_util_max"": {""mean"": 0.0, ""max"": 0.0}, ""gpu_util_0"": {""mean"": 0.0, ""max"": 0.0}, ""gpu_band_avg"": {""mean"": 0.0, ""max"": 0.0}, ""gpu_band_min"": {""mean"": 0.0, ""max"": 0.0}, ""gpu_band_max"": {""mean"": 0.0, ""max"": 0.0}, ""gpu_band_0"": {""mean"": 0.0, ""max"": 0.0}, ""gpu_mem_avg"": {""mean"": 0.0, ""max"": 0.0}, ""gpu_mem_min"": {""mean"": 0.0, ""max"": 0.0}, ""gpu_mem_max"": {""mean"": 0.0, ""max"": 0.0}, ""gpu_mem_0"": {""mean"": 0.0, ""max"": 0.0}}","{""product"": {""kind"": ""array"", ""shape"": [2000, 2000], ""dtype"": ""float64"", ""mean"": 500.01872635521926, ""std"": 9.845639787888365, ""min"": 452.8252003037207, ""max"": 552.6527329950178}}",,
array_reduce,matmul,full,full,False,3,1,ok,0.107816,0.146517,3.9003,3.9192,,"{""cpu_util_avg"": {""mean"": 96.214721, ""max"": 102.685245}, ""cpu_util_min"": {""mean"": 96.214721, ""max"": 102.685245}, ""cpu_util_max"": {""mean"": 96.214721, ""max"": 102.685245}, ""cpu_util_0"": {""mean"": 96.214721, ""max"": 102.685245}, ""cpu_util_1"": {""mean"": 96.214721, ""max"": 102.685245}, ""cpu_util_2"": {""mean"": 96.214721, ""max"": 102.685245}, ""cpu_util_3"": {""mean"": 96.214721, ""max"": 102.685245}, ""cpu_util_4"": {""mean"": 96.214721, ""max"": 102.685245}, ""cpu_util_5"": {""mean"": 96.214721, ""max"": 102.685245}, ""cpu_util_6"": {""mean"": 96.214721, ""max"": 102.685245}, ""cpu_util_7"": {""mean"": 96.214721, ""max"": 102.685245}, ""cpu_util_8"": {""mean"": 96.214721, ""max"": 102.685245}, ""cpu_util_9"": {""mean"": 96.214721, ""max"": 102.685245}, ""cpu_util_10"": {""mean"": 96.214721, ""max"": 102.685245}, ""cpu_util_11"": {""mean"": 96.214721, ""max"": 102.685245}, ""memory"": {""mean"": 0.316753, ""max"": 0.316753}, ""io_read_count"": {""mean"": 11218.197626500001, ""max"": 11224.780897}, ""io_write_count"": {""mean"": 19.2421915, ""max"": 19.253484}, ""io_read"": {""mean"": 0.0, ""max"": 0.0}, ""io_write"": {""mean"": 0.0, ""max"": 0.0}, ""gpu_util_avg"": {""mean"": 0.0, ""max"": 0.0}, ""gpu_util_min"": {""mean"": 0.0, ""max"": 0.0}, ""gpu_util_max"": {""mean"": 0.0, ""max"": 0.0}, ""gpu_util_0"": {""mean"": 0.0, ""max"": 0.0}, ""gpu_band_avg"": {""mean"": 0.0, ""max"": 0.0}, ""gpu_band_min"": {""mean"": 0.0, ""max"": 0.0}, ""gpu_band_max"": {""mean"": 0.0, ""max"": 0.0}, ""gpu_band_0"": {""mean"": 0.0, ""max"": 0.0}, ""gpu_mem_avg"": {""mean"": 0.0, ""max"": 0.0}, ""gpu_mem_min"": {""mean"": 0.0, ""max"": 0.0}, ""gpu_mem_max"": {""mean"": 0.0, ""max"": 0.0}, ""gpu_mem_0"": {""mean"": 0.0, ""max"": 0.0}}","{""product"": {""kind"": ""array"", ""shape"": [2000, 2000], ""dtype"": ""float64"", ""mean"": 500.01872635521926, ""std"": 9.845639787888365, ""min"": 452.8252003037207, ""max"": 552.6527329950178}}",,
array_reduce,matmul,full,full,False,4,0,ok,0.144129,0.214529,3.3856,3.4079,,"{""cpu_util_avg"": {""mean"": 92.69627766666667, ""max"": 95.25077}, ""cpu_util_min"": {""mean"": 92.69627766666667, ""max"": 95.25077}, ""cpu_util_max"": {""mean"": 92.69627766666667, ""max"": 95.25077}, ""cpu_util_0"": {""mean"": 92.69627766666667, ""max"": 95.25077}, ""cpu_util_1"": {""mean"": 92.69627766666667, ""max"": 95.25077}, ""cpu_util_2"": {""mean"": 92.69627766666667, ""max"": 95.25077}, ""cpu_util_3"": {""mean"": 92.69627766666667, ""max"": 95.25077}, ""cpu_util_4"": {""mean"": 92.69627766666667, ""max"": 95.25077}, ""cpu_util_5"": {""mean"": 92.69627766666667, ""max"": 95.25077}, ""cpu_util_6"": {""mean"": 92.69627766666667, ""max"": 95.25077}, ""cpu_util_7"": {""mean"": 92.69627766666667, ""max"": 95.25077}, ""cpu_util_8"": {""mean"": 92.69627766666667, ""max"": 95.25077}, ""cpu_util_9"": {""mean"": 92.69627766666667, ""max"": 95.25077}, ""cpu_util_10"": {""mean"": 92.69627766666667, ""max"": 95.25077}, ""cpu_util_11"": {""mean"": 92.69627766666667, ""max"": 95.25077}, ""memory"": {""mean"": 0.31671, ""max"": 0.316792}, ""io_read_count"": {""mean"": 12134.588619, ""max"": 12990.905651}, ""io_write_count"": {""mean"": 19.39756733333333, ""max"": 20.986924}, ""io_read"": {""mean"": 0.0, ""max"": 0.0}, ""io_write"": {""mean"": 0.0, ""max"": 0.0}, ""gpu_util_avg"": {""mean"": 0.0, ""max"": 0.0}, ""gpu_util_min"": {""mean"": 0.0, ""max"": 0.0}, ""gpu_util_max"": {""mean"": 0.0, ""max"": 0.0}, ""gpu_util_0"": {""mean"": 0.0, ""max"": 0.0}, ""gpu_band_avg"": {""mean"": 0.0, ""max"": 0.0}, ""gpu_band_min"": {""mean"": 0.0, ""max"": 0.0}, ""gpu_band_max"": {""mean"": 0.0, ""max"": 0.0}, ""gpu_band_0"": {""mean"": 0.0, ""max"": 0.0}, ""gpu_mem_avg"": {""mean"": 0.0, ""max"": 0.0}, ""gpu_mem_min"": {""mean"": 0.0, ""max"": 0.0}, ""gpu_mem_max"": {""mean"": 0.0, ""max"": 0.0}, ""gpu_mem_0"": {""mean"": 0.0, ""max"": 0.0}}","{""product"": {""kind"": ""array"", ""shape"": [2000, 2000], ""dtype"": ""float64"", ""mean"": 500.01872635521926, ""std"": 9.845639787888365, ""min"": 452.8252003037207, ""max"": 552.6527329950178}}",,
array_reduce,matmul,fork,fork,False,4,1,ok,0.130379,0.0,0.3289,0.3495,14890.0,"{""cpu_util_avg"": {""mean"": 74.23928933333333, ""max"": 93.998028}, ""cpu_util_min"": {""mean"": 74.23928933333333, ""max"": 93.998028}, ""cpu_util_max"": {""mean"": 74.23928933333333, ""max"": 93.998028}, ""cpu_util_0"": {""mean"": 74.23928933333333, ""max"": 93.998028}, ""cpu_util_1"": {""mean"": 74.23928933333333, ""max"": 93.998028}, ""cpu_util_2"": {""mean"": 74.23928933333333, ""max"": 93.998028}, ""cpu_util_3"": {""mean"": 74.23928933333333, ""max"": 93.998028}, ""cpu_util_4"": {""mean"": 74.23928933333333, ""max"": 93.998028}, ""cpu_util_5"": {""mean"": 74.23928933333333, ""max"": 93.998028}, ""cpu_util_6"": {""mean"": 74.23928933333333, ""max"": 93.998028}, ""cpu_util_7"": {""mean"": 74.23928933333333, ""max"": 93.998028}, ""cpu_util_8"": {""mean"": 74.23928933333333, ""max"": 93.998028}, ""cpu_util_9"": {""mean"": 74.23928933333333, ""max"": 93.998028}, ""cpu_util_10"": {""mean"": 74.23928933333333, ""max"": 93.998028}, ""cpu_util_11"": {""mean"": 74.23928933333333, ""max"": 93.998028}, ""memory"": {""mean"": 0.650108, ""max"": 0.65023}, ""io_read_count"": {""mean"": 12620.412047, ""max"": 13275.188561}, ""io_write_count"": {""mean"": 19.719393666666665, ""max"": 20.742482}, ""io_read"": {""mean"": 0.0, ""max"": 0.0}, ""io_write"": {""mean"": 0.0, ""max"": 0.0}, ""gpu_util_avg"": {""mean"": 0.0, ""max"": 0.0}, ""gpu_util_min"": {""mean"": 0.0, ""max"": 0.0}, ""gpu_util_max"": {""mean"": 0.0, ""max"": 0.0}, ""gpu_util_0"": {""mean"": 0.0, ""max"": 0.0}, ""gpu_band_avg"": {""mean"": 0.0, ""max"": 0.0}, ""gpu_band_min"": {""mean"": 0.0, ""max"": 0.0}, ""gpu_band_max"": {""mean"": 0.0, ""max"": 0.0}, ""gpu_band_0"": {""mean"": 0.0, ""max"": 0.0}, ""gpu_mem_avg"": {""mean"": 0.0, ""max"": 0.0}, ""gpu_mem_min"": {""mean"": 0.0, ""max"": 0.0}, ""gpu_mem_max"": {""mean"": 0.0, ""max"": 0.0}, ""gpu_mem_0"": {""mean"": 0.0, ""max"": 0.0}}","{""product"": {""kind"": ""array"", ""shape"": [2000, 2000], ""dtype"": ""float64"", ""mean"": 500.01872635521926, ""std"": 9.845639787888365, ""min"": 452.8252003037207, ""max"": 552.6527329950178}}","[JUmPER]: a benchmark measurement spent at least 7ms of its 130ms on 14890 page faults - the cost of touching memory inherited from the prefix rather than of the cell itself. Cells working over large Python objects are affected most, and the timing understates them. Re-run with --replay-mode full for a number that does not carry this.",
array_reduce,matmul,fork,fork,False,5,0,ok,0.112932,0.0,0.3216,0.34,17271.0,"{""cpu_util_avg"": {""mean"": 66.1355245, ""max"": 91.206483}, ""cpu_util_min"": {""mean"": 66.1355245, ""max"": 91.206483}, ""cpu_util_max"": {""mean"": 66.1355245, ""max"": 91.206483}, ""cpu_util_0"": {""mean"": 66.1355245, ""max"": 91.206483}, ""cpu_util_1"": {""mean"": 66.1355245, ""max"": 91.206483}, ""cpu_util_2"": {""mean"": 66.1355245, ""max"": 91.206483}, ""cpu_util_3"": {""mean"": 66.1355245, ""max"": 91.206483}, ""cpu_util_4"": {""mean"": 66.1355245, ""max"": 91.206483}, ""cpu_util_5"": {""mean"": 66.1355245, ""max"": 91.206483}, ""cpu_util_6"": {""mean"": 66.1355245, ""max"": 91.206483}, ""cpu_util_7"": {""mean"": 66.1355245, ""max"": 91.206483}, ""cpu_util_8"": {""mean"": 66.1355245, ""max"": 91.206483}, ""cpu_util_9"": {""mean"": 66.1355245, ""max"": 91.206483}, ""cpu_util_10"": {""mean"": 66.1355245, ""max"": 91.206483}, ""cpu_util_11"": {""mean"": 66.1355245, ""max"": 91.206483}, ""memory"": {""mean"": 0.6499250000000001, ""max"": 0.650108}, ""io_read_count"": {""mean"": 12296.5595765, ""max"": 12477.057885}, ""io_write_count"": {""mean"": 19.4561785, ""max"": 19.710992}, ""io_read"": {""mean"": 0.0, ""max"": 0.0}, ""io_write"": {""mean"": 0.0, ""max"": 0.0}, ""gpu_util_avg"": {""mean"": 0.0, ""max"": 0.0}, ""gpu_util_min"": {""mean"": 0.0, ""max"": 0.0}, ""gpu_util_max"": {""mean"": 0.0, ""max"": 0.0}, ""gpu_util_0"": {""mean"": 0.0, ""max"": 0.0}, ""gpu_band_avg"": {""mean"": 0.0, ""max"": 0.0}, ""gpu_band_min"": {""mean"": 0.0, ""max"": 0.0}, ""gpu_band_max"": {""mean"": 0.0, ""max"": 0.0}, ""gpu_band_0"": {""mean"": 0.0, ""max"": 0.0}, ""gpu_mem_avg"": {""mean"": 0.0, ""max"": 0.0}, ""gpu_mem_min"": {""mean"": 0.0, ""max"": 0.0}, ""gpu_mem_max"": {""mean"": 0.0, ""max"": 0.0}, ""gpu_mem_0"": {""mean"": 0.0, ""max"": 0.0}}","{""product"": {""kind"": ""array"", ""shape"": [2000, 2000], ""dtype"": ""float64"", ""mean"": 500.01872635521926, ""std"": 9.845639787888365, ""min"": 452.8252003037207, ""max"": 552.6527329950178}}","[JUmPER]: a benchmark measurement spent at least 8ms of its 113ms on 17271 page faults - the cost of touching memory inherited from the prefix rather than of the cell itself. Cells working over large Python objects are affected most, and the timing understates them. Re-run with --replay-mode full for a number that does not carry this.",
array_reduce,matmul,full,full,False,5,1,ok,0.135959,0.139124,3.1812,3.2009,,"{""cpu_util_avg"": {""mean"": 97.072885, ""max"": 99.43331}, ""cpu_util_min"": {""mean"": 97.072885, ""max"": 99.43331}, ""cpu_util_max"": {""mean"": 97.072885, ""max"": 99.43331}, ""cpu_util_0"": {""mean"": 97.072885, ""max"": 99.43331}, ""cpu_util_1"": {""mean"": 97.072885, ""max"": 99.43331}, ""cpu_util_2"": {""mean"": 97.072885, ""max"": 99.43331}, ""cpu_util_3"": {""mean"": 97.072885, ""max"": 99.43331}, ""cpu_util_4"": {""mean"": 97.072885, ""max"": 99.43331}, ""cpu_util_5"": {""mean"": 97.072885, ""max"": 99.43331}, ""cpu_util_6"": {""mean"": 97.072885, ""max"": 99.43331}, ""cpu_util_7"": {""mean"": 97.072885, ""max"": 99.43331}, ""cpu_util_8"": {""mean"": 97.072885, ""max"": 99.43331}, ""cpu_util_9"": {""mean"": 97.072885, ""max"": 99.43331}, ""cpu_util_10"": {""mean"": 97.072885, ""max"": 99.43331}, ""cpu_util_11"": {""mean"": 97.072885, ""max"": 99.43331}, ""memory"": {""mean"": 0.316586, ""max"": 0.316586}, ""io_read_count"": {""mean"": 11532.663949666667, ""max"": 12146.707389}, ""io_write_count"": {""mean"": 19.770581333333336, ""max"": 20.834833}, ""io_read"": {""mean"": 0.0, ""max"": 0.0}, ""io_write"": {""mean"": 0.0, ""max"": 0.0}, ""gpu_util_avg"": {""mean"": 0.0, ""max"": 0.0}, ""gpu_util_min"": {""mean"": 0.0, ""max"": 0.0}, ""gpu_util_max"": {""mean"": 0.0, ""max"": 0.0}, ""gpu_util_0"": {""mean"": 0.0, ""max"": 0.0}, ""gpu_band_avg"": {""mean"": 0.0, ""max"": 0.0}, ""gpu_band_min"": {""mean"": 0.0, ""max"": 0.0}, ""gpu_band_max"": {""mean"": 0.0, ""max"": 0.0}, ""gpu_band_0"": {""mean"": 0.0, ""max"": 0.0}, ""gpu_mem_avg"": {""mean"": 0.0, ""max"": 0.0}, ""gpu_mem_min"": {""mean"": 0.0, ""max"": 0.0}, ""gpu_mem_max"": {""mean"": 0.0, ""max"": 0.0}, ""gpu_mem_0"": {""mean"": 0.0, ""max"": 0.0}}","{""product"": {""kind"": ""array"", ""shape"": [2000, 2000], ""dtype"": ""float64"", ""mean"": 500.01872635521926, ""std"": 9.845639787888365, ""min"": 452.8252003037207, ""max"": 552.6527329950178}}",,
array_reduce,matmul,full,full,False,6,0,ok,0.108116,0.196221,3.2835,3.3046,,"{""cpu_util_avg"": {""mean"": 99.00975899999999, ""max"": 113.970965}, ""cpu_util_min"": {""mean"": 99.00975899999999, ""max"": 113.970965}, ""cpu_util_max"": {""mean"": 99.00975899999999, ""max"": 113.970965}, ""cpu_util_0"": {""mean"": 99.00975899999999, ""max"": 113.970965}, ""cpu_util_1"": {""mean"": 99.00975899999999, ""max"": 113.970965}, ""cpu_util_2"": {""mean"": 99.00975899999999, ""max"": 113.970965}, ""cpu_util_3"": {""mean"": 99.00975899999999, ""max"": 113.970965}, ""cpu_util_4"": {""mean"": 99.00975899999999, ""max"": 113.970965}, ""cpu_util_5"": {""mean"": 99.00975899999999, ""max"": 113.970965}, ""cpu_util_6"": {""mean"": 99.00975899999999, ""max"": 113.970965}, ""cpu_util_7"": {""mean"": 99.00975899999999, ""max"": 113.970965}, ""cpu_util_8"": {""mean"": 99.00975899999999, ""max"": 113.970965}, ""cpu_util_9"": {""mean"": 99.00975899999999, ""max"": 113.970965}, ""cpu_util_10"": {""mean"": 99.00975899999999, ""max"": 113.970965}, ""cpu_util_11"": {""mean"": 99.00975899999999, ""max"": 113.970965}, ""memory"": {""mean"": 0.316055, ""max"": 0.316055}, ""io_read_count"": {""mean"": 11669.047092333334, ""max"": 12239.834496}, ""io_write_count"": {""mean"": 20.015518, ""max"": 20.99457}, ""io_read"": {""mean"": 0.0, ""max"": 0.0}, ""io_write"": {""mean"": 0.0, ""max"": 0.0}, ""gpu_util_avg"": {""mean"": 0.0, ""max"": 0.0}, ""gpu_util_min"": {""mean"": 0.0, ""max"": 0.0}, ""gpu_util_max"": {""mean"": 0.0, ""max"": 0.0}, ""gpu_util_0"": {""mean"": 0.0, ""max"": 0.0}, ""gpu_band_avg"": {""mean"": 0.0, ""max"": 0.0}, ""gpu_band_min"": {""mean"": 0.0, ""max"": 0.0}, ""gpu_band_max"": {""mean"": 0.0, ""max"": 0.0}, ""gpu_band_0"": {""mean"": 0.0, ""max"": 0.0}, ""gpu_mem_avg"": {""mean"": 0.0, ""max"": 0.0}, ""gpu_mem_min"": {""mean"": 0.0, ""max"": 0.0}, ""gpu_mem_max"": {""mean"": 0.0, ""max"": 0.0}, ""gpu_mem_0"": {""mean"": 0.0, ""max"": 0.0}}","{""product"": {""kind"": ""array"", ""shape"": [2000, 2000], ""dtype"": ""float64"", ""mean"": 500.01872635521926, ""std"": 9.845639787888365, ""min"": 452.8252003037207, ""max"": 552.6527329950178}}",,
array_reduce,matmul,fork,fork,False,6,1,ok,0.138094,0.0,0.3351,0.3576,15074.0,"{""cpu_util_avg"": {""mean"": 77.284966, ""max"": 105.202415}, ""cpu_util_min"": {""mean"": 77.284966, ""max"": 105.202415}, ""cpu_util_max"": {""mean"": 77.284966, ""max"": 105.202415}, ""cpu_util_0"": {""mean"": 77.284966, ""max"": 105.202415}, ""cpu_util_1"": {""mean"": 77.284966, ""max"": 105.202415}, ""cpu_util_2"": {""mean"": 77.284966, ""max"": 105.202415}, ""cpu_util_3"": {""mean"": 77.284966, ""max"": 105.202415}, ""cpu_util_4"": {""mean"": 77.284966, ""max"": 105.202415}, ""cpu_util_5"": {""mean"": 77.284966, ""max"": 105.202415}, ""cpu_util_6"": {""mean"": 77.284966, ""max"": 105.202415}, ""cpu_util_7"": {""mean"": 77.284966, ""max"": 105.202415}, ""cpu_util_8"": {""mean"": 77.284966, ""max"": 105.202415}, ""cpu_util_9"": {""mean"": 77.284966, ""max"": 105.202415}, ""cpu_util_10"": {""mean"": 77.284966, ""max"": 105.202415}, ""cpu_util_11"": {""mean"": 77.284966, ""max"": 105.202415}, ""memory"": {""mean"": 0.6501933333333333, ""max"": 0.650356}, ""io_read_count"": {""mean"": 11666.152364666668, ""max"": 11721.539038}, ""io_write_count"": {""mean"": 19.908109666666665, ""max"": 20.002626}, ""io_read"": {""mean"": 0.0, ""max"": 0.0}, ""io_write"": {""mean"": 0.0, ""max"": 0.0}, ""gpu_util_avg"": {""mean"": 0.0, ""max"": 0.0}, ""gpu_util_min"": {""mean"": 0.0, ""max"": 0.0}, ""gpu_util_max"": {""mean"": 0.0, ""max"": 0.0}, ""gpu_util_0"": {""mean"": 0.0, ""max"": 0.0}, ""gpu_band_avg"": {""mean"": 0.0, ""max"": 0.0}, ""gpu_band_min"": {""mean"": 0.0, ""max"": 0.0}, ""gpu_band_max"": {""mean"": 0.0, ""max"": 0.0}, ""gpu_band_0"": {""mean"": 0.0, ""max"": 0.0}, ""gpu_mem_avg"": {""mean"": 0.0, ""max"": 0.0}, ""gpu_mem_min"": {""mean"": 0.0, ""max"": 0.0}, ""gpu_mem_max"": {""mean"": 0.0, ""max"": 0.0}, ""gpu_mem_0"": {""mean"": 0.0, ""max"": 0.0}}","{""product"": {""kind"": ""array"", ""shape"": [2000, 2000], ""dtype"": ""float64"", ""mean"": 500.01872635521926, ""std"": 9.845639787888365, ""min"": 452.8252003037207, ""max"": 552.6527329950178}}","[JUmPER]: a benchmark measurement spent at least 7ms of its 138ms on 15074 page faults - the cost of touching memory inherited from the prefix rather than of the cell itself. Cells working over large Python objects are affected most, and the timing understates them. Re-run with --replay-mode full for a number that does not carry this.",
array_reduce,matmul,fork,fork,False,7,0,ok,0.172375,0.0,0.3783,0.3984,,"{""cpu_util_avg"": {""mean"": 79.41846375, ""max"": 107.057569}, ""cpu_util_min"": {""mean"": 79.41846375, ""max"": 107.057569}, ""cpu_util_max"": {""mean"": 79.41846375, ""max"": 107.057569}, ""cpu_util_0"": {""mean"": 79.41846375, ""max"": 107.057569}, ""cpu_util_1"": {""mean"": 79.41846375, ""max"": 107.057569}, ""cpu_util_2"": {""mean"": 79.41846375, ""max"": 107.057569}, ""cpu_util_3"": {""mean"": 79.41846375, ""max"": 107.057569}, ""cpu_util_4"": {""mean"": 79.41846375, ""max"": 107.057569}, ""cpu_util_5"": {""mean"": 79.41846375, ""max"": 107.057569}, ""cpu_util_6"": {""mean"": 79.41846375, ""max"": 107.057569}, ""cpu_util_7"": {""mean"": 79.41846375, ""max"": 107.057569}, ""cpu_util_8"": {""mean"": 79.41846375, ""max"": 107.057569}, ""cpu_util_9"": {""mean"": 79.41846375, ""max"": 107.057569}, ""cpu_util_10"": {""mean"": 79.41846375, ""max"": 107.057569}, ""cpu_util_11"": {""mean"": 79.41846375, ""max"": 107.057569}, ""memory"": {""mean"": 0.6502685, ""max"": 0.65036}, ""io_read_count"": {""mean"": 11846.220120000002, ""max"": 13317.209965}, ""io_write_count"": {""mean"": 20.21539275, ""max"": 22.725614}, ""io_read"": {""mean"": 0.0, ""max"": 0.0}, ""io_write"": {""mean"": 0.0, ""max"": 0.0}, ""gpu_util_avg"": {""mean"": 0.0, ""max"": 0.0}, ""gpu_util_min"": {""mean"": 0.0, ""max"": 0.0}, ""gpu_util_max"": {""mean"": 0.0, ""max"": 0.0}, ""gpu_util_0"": {""mean"": 0.0, ""max"": 0.0}, ""gpu_band_avg"": {""mean"": 0.0, ""max"": 0.0}, ""gpu_band_min"": {""mean"": 0.0, ""max"": 0.0}, ""gpu_band_max"": {""mean"": 0.0, ""max"": 0.0}, ""gpu_band_0"": {""mean"": 0.0, ""max"": 0.0}, ""gpu_mem_avg"": {""mean"": 0.0, ""max"": 0.0}, ""gpu_mem_min"": {""mean"": 0.0, ""max"": 0.0}, ""gpu_mem_max"": {""mean"": 0.0, ""max"": 0.0}, ""gpu_mem_0"": {""mean"": 0.0, ""max"": 0.0}}","{""product"": {""kind"": ""array"", ""shape"": [2000, 2000], ""dtype"": ""float64"", ""mean"": 500.01872635521926, ""std"": 9.845639787888365, ""min"": 452.8252003037207, ""max"": 552.6527329950178}}",,
array_reduce,matmul,full,full,False,7,1,ok,0.12443,0.128566,3.0486,3.0672,,"{""cpu_util_avg"": {""mean"": 98.950971, ""max"": 102.728225}, ""cpu_util_min"": {""mean"": 98.950971, ""max"": 102.728225}, ""cpu_util_max"": {""mean"": 98.950971, ""max"": 102.728225}, ""cpu_util_0"": {""mean"": 98.950971, ""max"": 102.728225}, ""cpu_util_1"": {""mean"": 98.950971, ""max"": 102.728225}, ""cpu_util_2"": {""mean"": 98.950971, ""max"": 102.728225}, ""cpu_util_3"": {""mean"": 98.950971, ""max"": 102.728225}, ""cpu_util_4"": {""mean"": 98.950971, ""max"": 102.728225}, ""cpu_util_5"": {""mean"": 98.950971, ""max"": 102.728225}, ""cpu_util_6"": {""mean"": 98.950971, ""max"": 102.728225}, ""cpu_util_7"": {""mean"": 98.950971, ""max"": 102.728225}, ""cpu_util_8"": {""mean"": 98.950971, ""max"": 102.728225}, ""cpu_util_9"": {""mean"": 98.950971, ""max"": 102.728225}, ""cpu_util_10"": {""mean"": 98.950971, ""max"": 102.728225}, ""cpu_util_11"": {""mean"": 98.950971, ""max"": 102.728225}, ""memory"": {""mean"": 0.31649, ""max"": 0.31649}, ""io_read_count"": {""mean"": 12023.252590999999, ""max"": 12737.12445}, ""io_write_count"": {""mean"": 19.698858666666666, ""max"": 20.846358}, ""io_read"": {""mean"": 0.0, ""max"": 0.0}, ""io_write"": {""mean"": 0.0, ""max"": 0.0}, ""gpu_util_avg"": {""mean"": 0.0, ""max"": 0.0}, ""gpu_util_min"": {""mean"": 0.0, ""max"": 0.0}, ""gpu_util_max"": {""mean"": 0.0, ""max"": 0.0}, ""gpu_util_0"": {""mean"": 0.0, ""max"": 0.0}, ""gpu_band_avg"": {""mean"": 0.0, ""max"": 0.0}, ""gpu_band_min"": {""mean"": 0.0, ""max"": 0.0}, ""gpu_band_max"": {""mean"": 0.0, ""max"": 0.0}, ""gpu_band_0"": {""mean"": 0.0, ""max"": 0.0}, ""gpu_mem_avg"": {""mean"": 0.0, ""max"": 0.0}, ""gpu_mem_min"": {""mean"": 0.0, ""max"": 0.0}, ""gpu_mem_max"": {""mean"": 0.0, ""max"": 0.0}, ""gpu_mem_0"": {""mean"": 0.0, ""max"": 0.0}}","{""product"": {""kind"": ""array"", ""shape"": [2000, 2000], ""dtype"": ""float64"", ""mean"": 500.01872635521926, ""std"": 9.845639787888365, ""min"": 452.8252003037207, ""max"": 552.6527329950178}}",,
array_reduce,matmul,full,full,False,8,0,ok,0.192306,0.185387,3.8536,3.8736,,"{""cpu_util_avg"": {""mean"": 89.47971924999999, ""max"": 95.954127}, ""cpu_util_min"": {""mean"": 89.47971924999999, ""max"": 95.954127}, ""cpu_util_max"": {""mean"": 89.47971924999999, ""max"": 95.954127}, ""cpu_util_0"": {""mean"": 89.47971924999999, ""max"": 95.954127}, ""cpu_util_1"": {""mean"": 89.47971924999999, ""max"": 95.954127}, ""cpu_util_2"": {""mean"": 89.47971924999999, ""max"": 95.954127}, ""cpu_util_3"": {""mean"": 89.47971924999999, ""max"": 95.954127}, ""cpu_util_4"": {""mean"": 89.47971924999999, ""max"": 95.954127}, ""cpu_util_5"": {""mean"": 89.47971924999999, ""max"": 95.954127}, ""cpu_util_6"": {""mean"": 89.47971924999999, ""max"": 95.954127}, ""cpu_util_7"": {""mean"": 89.47971924999999, ""max"": 95.954127}, ""cpu_util_8"": {""mean"": 89.47971924999999, ""max"": 95.954127}, ""cpu_util_9"": {""mean"": 89.47971924999999, ""max"": 95.954127}, ""cpu_util_10"": {""mean"": 89.47971924999999, ""max"": 95.954127}, ""cpu_util_11"": {""mean"": 89.47971924999999, ""max"": 95.954127}, ""memory"": {""mean"": 0.31622675, ""max"": 0.316593}, ""io_read_count"": {""mean"": 11747.44822525, ""max"": 13162.648477}, ""io_write_count"": {""mean"": 20.14231775, ""max"": 22.577442}, ""io_read"": {""mean"": 0.0, ""max"": 0.0}, ""io_write"": {""mean"": 0.0, ""max"": 0.0}, ""gpu_util_avg"": {""mean"": 0.0, ""max"": 0.0}, ""gpu_util_min"": {""mean"": 0.0, ""max"": 0.0}, ""gpu_util_max"": {""mean"": 0.0, ""max"": 0.0}, ""gpu_util_0"": {""mean"": 0.0, ""max"": 0.0}, ""gpu_band_avg"": {""mean"": 0.0, ""max"": 0.0}, ""gpu_band_min"": {""mean"": 0.0, ""max"": 0.0}, ""gpu_band_max"": {""mean"": 0.0, ""max"": 0.0}, ""gpu_band_0"": {""mean"": 0.0, ""max"": 0.0}, ""gpu_mem_avg"": {""mean"": 0.0, ""max"": 0.0}, ""gpu_mem_min"": {""mean"": 0.0, ""max"": 0.0}, ""gpu_mem_max"": {""mean"": 0.0, ""max"": 0.0}, ""gpu_mem_0"": {""mean"": 0.0, ""max"": 0.0}}","{""product"": {""kind"": ""array"", ""shape"": [2000, 2000], ""dtype"": ""float64"", ""mean"": 500.01872635521926, ""std"": 9.845639787888365, ""min"": 452.8252003037207, ""max"": 552.6527329950178}}",,
array_reduce,matmul,fork,fork,False,8,1,ok,0.098333,0.0,0.3074,0.327,15258.0,"{""cpu_util_avg"": {""mean"": 64.2822105, ""max"": 92.92695}, ""cpu_util_min"": {""mean"": 64.2822105, ""max"": 92.92695}, ""cpu_util_max"": {""mean"": 64.2822105, ""max"": 92.92695}, ""cpu_util_0"": {""mean"": 64.2822105, ""max"": 92.92695}, ""cpu_util_1"": {""mean"": 64.2822105, ""max"": 92.92695}, ""cpu_util_2"": {""mean"": 64.2822105, ""max"": 92.92695}, ""cpu_util_3"": {""mean"": 64.2822105, ""max"": 92.92695}, ""cpu_util_4"": {""mean"": 64.2822105, ""max"": 92.92695}, ""cpu_util_5"": {""mean"": 64.2822105, ""max"": 92.92695}, ""cpu_util_6"": {""mean"": 64.2822105, ""max"": 92.92695}, ""cpu_util_7"": {""mean"": 64.2822105, ""max"": 92.92695}, ""cpu_util_8"": {""mean"": 64.2822105, ""max"": 92.92695}, ""cpu_util_9"": {""mean"": 64.2822105, ""max"": 92.92695}, ""cpu_util_10"": {""mean"": 64.2822105, ""max"": 92.92695}, ""cpu_util_11"": {""mean"": 64.2822105, ""max"": 92.92695}, ""memory"": {""mean"": 0.650299, ""max"": 0.650482}, ""io_read_count"": {""mean"": 11328.811679, ""max"": 11391.031787}, ""io_write_count"": {""mean"": 19.332443, ""max"": 19.438621}, ""io_read"": {""mean"": 0.0, ""max"": 0.0}, ""io_write"": {""mean"": 0.0, ""max"": 0.0}, ""gpu_util_avg"": {""mean"": 0.0, ""max"": 0.0}, ""gpu_util_min"": {""mean"": 0.0, ""max"": 0.0}, ""gpu_util_max"": {""mean"": 0.0, ""max"": 0.0}, ""gpu_util_0"": {""mean"": 0.0, ""max"": 0.0}, ""gpu_band_avg"": {""mean"": 0.0, ""max"": 0.0}, ""gpu_band_min"": {""mean"": 0.0, ""max"": 0.0}, ""gpu_band_max"": {""mean"": 0.0, ""max"": 0.0}, ""gpu_band_0"": {""mean"": 0.0, ""max"": 0.0}, ""gpu_mem_avg"": {""mean"": 0.0, ""max"": 0.0}, ""gpu_mem_min"": {""mean"": 0.0, ""max"": 0.0}, ""gpu_mem_max"": {""mean"": 0.0, ""max"": 0.0}, ""gpu_mem_0"": {""mean"": 0.0, ""max"": 0.0}}","{""product"": {""kind"": ""array"", ""shape"": [2000, 2000], ""dtype"": ""float64"", ""mean"": 500.01872635521926, ""std"": 9.845639787888365, ""min"": 452.8252003037207, ""max"": 552.6527329950178}}","[JUmPER]: a benchmark measurement spent at least 7ms of its 98ms on 15258 page faults - the cost of touching memory inherited from the prefix rather than of the cell itself. Cells working over large Python objects are affected most, and the timing understates them. Re-run with --replay-mode full for a number that does not carry this.",
array_reduce,matmul,fork,fork,False,9,0,ok,0.110817,0.0,0.3006,0.3197,16350.0,"{""cpu_util_avg"": {""mean"": 67.2561825, ""max"": 95.48406}, ""cpu_util_min"": {""mean"": 67.2561825, ""max"": 95.48406}, ""cpu_util_max"": {""mean"": 67.2561825, ""max"": 95.48406}, ""cpu_util_0"": {""mean"": 67.2561825, ""max"": 95.48406}, ""cpu_util_1"": {""mean"": 67.2561825, ""max"": 95.48406}, ""cpu_util_2"": {""mean"": 67.2561825, ""max"": 95.48406}, ""cpu_util_3"": {""mean"": 67.2561825, ""max"": 95.48406}, ""cpu_util_4"": {""mean"": 67.2561825, ""max"": 95.48406}, ""cpu_util_5"": {""mean"": 67.2561825, ""max"": 95.48406}, ""cpu_util_6"": {""mean"": 67.2561825, ""max"": 95.48406}, ""cpu_util_7"": {""mean"": 67.2561825, ""max"": 95.48406}, ""cpu_util_8"": {""mean"": 67.2561825, ""max"": 95.48406}, ""cpu_util_9"": {""mean"": 67.2561825, ""max"": 95.48406}, ""cpu_util_10"": {""mean"": 67.2561825, ""max"": 95.48406}, ""cpu_util_11"": {""mean"": 67.2561825, ""max"": 95.48406}, ""memory"": {""mean"": 0.6504209999999999, ""max"": 0.650604}, ""io_read_count"": {""mean"": 11592.976353, ""max"": 12208.071115}, ""io_write_count"": {""mean"": 19.783236, ""max"": 20.832886}, ""io_read"": {""mean"": 0.0, ""max"": 0.0}, ""io_write"": {""mean"": 0.0, ""max"": 0.0}, ""gpu_util_avg"": {""mean"": 0.0, ""max"": 0.0}, ""gpu_util_min"": {""mean"": 0.0, ""max"": 0.0}, ""gpu_util_max"": {""mean"": 0.0, ""max"": 0.0}, ""gpu_util_0"": {""mean"": 0.0, ""max"": 0.0}, ""gpu_band_avg"": {""mean"": 0.0, ""max"": 0.0}, ""gpu_band_min"": {""mean"": 0.0, ""max"": 0.0}, ""gpu_band_max"": {""mean"": 0.0, ""max"": 0.0}, ""gpu_band_0"": {""mean"": 0.0, ""max"": 0.0}, ""gpu_mem_avg"": {""mean"": 0.0, ""max"": 0.0}, ""gpu_mem_min"": {""mean"": 0.0, ""max"": 0.0}, ""gpu_mem_max"": {""mean"": 0.0, ""max"": 0.0}, ""gpu_mem_0"": {""mean"": 0.0, ""max"": 0.0}}","{""product"": {""kind"": ""array"", ""shape"": [2000, 2000], ""dtype"": ""float64"", ""mean"": 500.01872635521926, ""std"": 9.845639787888365, ""min"": 452.8252003037207, ""max"": 552.6527329950178}}","[JUmPER]: a benchmark measurement spent at least 8ms of its 111ms on 16350 page faults - the cost of touching memory inherited from the prefix rather than of the cell itself. Cells working over large Python objects are affected most, and the timing understates them. Re-run with --replay-mode full for a number that does not carry this.",
array_reduce,matmul,full,full,False,9,1,ok,0.178464,0.228454,3.5166,3.5354,,"{""cpu_util_avg"": {""mean"": 94.80349625, ""max"": 114.639454}, ""cpu_util_min"": {""mean"": 94.80349625, ""max"": 114.639454}, ""cpu_util_max"": {""mean"": 94.80349625, ""max"": 114.639454}, ""cpu_util_0"": {""mean"": 94.80349625, ""max"": 114.639454}, ""cpu_util_1"": {""mean"": 94.80349625, ""max"": 114.639454}, ""cpu_util_2"": {""mean"": 94.80349625, ""max"": 114.639454}, ""cpu_util_3"": {""mean"": 94.80349625, ""max"": 114.639454}, ""cpu_util_4"": {""mean"": 94.80349625, ""max"": 114.639454}, ""cpu_util_5"": {""mean"": 94.80349625, ""max"": 114.639454}, ""cpu_util_6"": {""mean"": 94.80349625, ""max"": 114.639454}, ""cpu_util_7"": {""mean"": 94.80349625, ""max"": 114.639454}, ""cpu_util_8"": {""mean"": 94.80349625, ""max"": 114.639454}, ""cpu_util_9"": {""mean"": 94.80349625, ""max"": 114.639454}, ""cpu_util_10"": {""mean"": 94.80349625, ""max"": 114.639454}, ""cpu_util_11"": {""mean"": 94.80349625, ""max"": 114.639454}, ""memory"": {""mean"": 0.316566, ""max"": 0.316566}, ""io_read_count"": {""mean"": 12894.90846925, ""max"": 19227.435869}, ""io_write_count"": {""mean"": 21.41852925, ""max"": 31.992406}, ""io_read"": {""mean"": 0.0, ""max"": 0.0}, ""io_write"": {""mean"": 0.0, ""max"": 0.0}, ""gpu_util_avg"": {""mean"": 0.0, ""max"": 0.0}, ""gpu_util_min"": {""mean"": 0.0, ""max"": 0.0}, ""gpu_util_max"": {""mean"": 0.0, ""max"": 0.0}, ""gpu_util_0"": {""mean"": 0.0, ""max"": 0.0}, ""gpu_band_avg"": {""mean"": 0.0, ""max"": 0.0}, ""gpu_band_min"": {""mean"": 0.0, ""max"": 0.0}, ""gpu_band_max"": {""mean"": 0.0, ""max"": 0.0}, ""gpu_band_0"": {""mean"": 0.0, ""max"": 0.0}, ""gpu_mem_avg"": {""mean"": 0.0, ""max"": 0.0}, ""gpu_mem_min"": {""mean"": 0.0, ""max"": 0.0}, ""gpu_mem_max"": {""mean"": 0.0, ""max"": 0.0}, ""gpu_mem_0"": {""mean"": 0.0, ""max"": 0.0}}","{""product"": {""kind"": ""array"", ""shape"": [2000, 2000], ""dtype"": ""float64"", ""mean"": 500.01872635521926, ""std"": 9.845639787888365, ""min"": 452.8252003037207, ""max"": 552.6527329950178}}",,
array_reduce,matmul,full,full,False,10,0,ok,0.166339,0.214906,3.6048,3.6239,,"{""cpu_util_avg"": {""mean"": 92.21535075, ""max"": 102.956052}, ""cpu_util_min"": {""mean"": 92.21535075, ""max"": 102.956052}, ""cpu_util_max"": {""mean"": 92.21535075, ""max"": 102.956052}, ""cpu_util_0"": {""mean"": 92.21535075, ""max"": 102.956052}, ""cpu_util_1"": {""mean"": 92.21535075, ""max"": 102.956052}, ""cpu_util_2"": {""mean"": 92.21535075, ""max"": 102.956052}, ""cpu_util_3"": {""mean"": 92.21535075, ""max"": 102.956052}, ""cpu_util_4"": {""mean"": 92.21535075, ""max"": 102.956052}, ""cpu_util_5"": {""mean"": 92.21535075, ""max"": 102.956052}, ""cpu_util_6"": {""mean"": 92.21535075, ""max"": 102.956052}, ""cpu_util_7"": {""mean"": 92.21535075, ""max"": 102.956052}, ""cpu_util_8"": {""mean"": 92.21535075, ""max"": 102.956052}, ""cpu_util_9"": {""mean"": 92.21535075, ""max"": 102.956052}, ""cpu_util_10"": {""mean"": 92.21535075, ""max"": 102.956052}, ""cpu_util_11"": {""mean"": 92.21535075, ""max"": 102.956052}, ""memory"": {""mean"": 0.316853, ""max"": 0.316853}, ""io_read_count"": {""mean"": 12264.5363855, ""max"": 13866.532263}, ""io_write_count"": {""mean"": 20.16556825, ""max"": 22.73202}, ""io_read"": {""mean"": 0.0, ""max"": 0.0}, ""io_write"": {""mean"": 0.0, ""max"": 0.0}, ""gpu_util_avg"": {""mean"": 0.0, ""max"": 0.0}, ""gpu_util_min"": {""mean"": 0.0, ""max"": 0.0}, ""gpu_util_max"": {""mean"": 0.0, ""max"": 0.0}, ""gpu_util_0"": {""mean"": 0.0, ""max"": 0.0}, ""gpu_band_avg"": {""mean"": 0.0, ""max"": 0.0}, ""gpu_band_min"": {""mean"": 0.0, ""max"": 0.0}, ""gpu_band_max"": {""mean"": 0.0, ""max"": 0.0}, ""gpu_band_0"": {""mean"": 0.0, ""max"": 0.0}, ""gpu_mem_avg"": {""mean"": 0.0, ""max"": 0.0}, ""gpu_mem_min"": {""mean"": 0.0, ""max"": 0.0}, ""gpu_mem_max"": {""mean"": 0.0, ""max"": 0.0}, ""gpu_mem_0"": {""mean"": 0.0, ""max"": 0.0}}","{""product"": {""kind"": ""array"", ""shape"": [2000, 2000], ""dtype"": ""float64"", ""mean"": 500.01872635521926, ""std"": 9.845639787888365, ""min"": 452.8252003037207, ""max"": 552.6527329950178}}",,
array_reduce,matmul,fork,fork,False,10,1,ok,0.122227,0.0,0.3208,0.3394,16300.0,"{""cpu_util_avg"": {""mean"": 76.50583566666666, ""max"": 98.205632}, ""cpu_util_min"": {""mean"": 76.50583566666666, ""max"": 98.205632}, ""cpu_util_max"": {""mean"": 76.50583566666666, ""max"": 98.205632}, ""cpu_util_0"": {""mean"": 76.50583566666666, ""max"": 98.205632}, ""cpu_util_1"": {""mean"": 76.50583566666666, ""max"": 98.205632}, ""cpu_util_2"": {""mean"": 76.50583566666666, ""max"": 98.205632}, ""cpu_util_3"": {""mean"": 76.50583566666666, ""max"": 98.205632}, ""cpu_util_4"": {""mean"": 76.50583566666666, ""max"": 98.205632}, ""cpu_util_5"": {""mean"": 76.50583566666666, ""max"": 98.205632}, ""cpu_util_6"": {""mean"": 76.50583566666666, ""max"": 98.205632}, ""cpu_util_7"": {""mean"": 76.50583566666666, ""max"": 98.205632}, ""cpu_util_8"": {""mean"": 76.50583566666666, ""max"": 98.205632}, ""cpu_util_9"": {""mean"": 76.50583566666666, ""max"": 98.205632}, ""cpu_util_10"": {""mean"": 76.50583566666666, ""max"": 98.205632}, ""cpu_util_11"": {""mean"": 76.50583566666666, ""max"": 98.205632}, ""memory"": {""mean"": 0.650238, ""max"": 0.65036}, ""io_read_count"": {""mean"": 11645.53688, ""max"": 12556.036402}, ""io_write_count"": {""mean"": 19.87293, ""max"": 21.426683}, ""io_read"": {""mean"": 0.0, ""max"": 0.0}, ""io_write"": {""mean"": 0.0, ""max"": 0.0}, ""gpu_util_avg"": {""mean"": 0.0, ""max"": 0.0}, ""gpu_util_min"": {""mean"": 0.0, ""max"": 0.0}, ""gpu_util_max"": {""mean"": 0.0, ""max"": 0.0}, ""gpu_util_0"": {""mean"": 0.0, ""max"": 0.0}, ""gpu_band_avg"": {""mean"": 0.0, ""max"": 0.0}, ""gpu_band_min"": {""mean"": 0.0, ""max"": 0.0}, ""gpu_band_max"": {""mean"": 0.0, ""max"": 0.0}, ""gpu_band_0"": {""mean"": 0.0, ""max"": 0.0}, ""gpu_mem_avg"": {""mean"": 0.0, ""max"": 0.0}, ""gpu_mem_min"": {""mean"": 0.0, ""max"": 0.0}, ""gpu_mem_max"": {""mean"": 0.0, ""max"": 0.0}, ""gpu_mem_0"": {""mean"": 0.0, ""max"": 0.0}}","{""product"": {""kind"": ""array"", ""shape"": [2000, 2000], ""dtype"": ""float64"", ""mean"": 500.01872635521926, ""std"": 9.845639787888365, ""min"": 452.8252003037207, ""max"": 552.6527329950178}}","[JUmPER]: a benchmark measurement spent at least 8ms of its 122ms on 16300 page faults - the cost of touching memory inherited from the prefix rather than of the cell itself. Cells working over large Python objects are affected most, and the timing understates them. Re-run with --replay-mode full for a number that does not carry this.",
python_objects,sum,full,full,False,0,0,ok,0.022662,0.288765,3.365,3.3813,,{},"{""total"": {""kind"": ""scalar"", ""value"": 23999994000000.0}}",,
python_objects,sum,fork,fork,False,0,1,ok,0.115784,0.0,0.3264,0.3507,31380.0,"{""cpu_util_avg"": {""mean"": 9.1673325, ""max"": 10.00066}, ""cpu_util_min"": {""mean"": 9.1673325, ""max"": 10.00066}, ""cpu_util_max"": {""mean"": 9.1673325, ""max"": 10.00066}, ""cpu_util_0"": {""mean"": 9.1673325, ""max"": 10.00066}, ""cpu_util_1"": {""mean"": 9.1673325, ""max"": 10.00066}, ""cpu_util_2"": {""mean"": 9.1673325, ""max"": 10.00066}, ""cpu_util_3"": {""mean"": 9.1673325, ""max"": 10.00066}, ""cpu_util_4"": {""mean"": 9.1673325, ""max"": 10.00066}, ""cpu_util_5"": {""mean"": 9.1673325, ""max"": 10.00066}, ""cpu_util_6"": {""mean"": 9.1673325, ""max"": 10.00066}, ""cpu_util_7"": {""mean"": 9.1673325, ""max"": 10.00066}, ""cpu_util_8"": {""mean"": 9.1673325, ""max"": 10.00066}, ""cpu_util_9"": {""mean"": 9.1673325, ""max"": 10.00066}, ""cpu_util_10"": {""mean"": 9.1673325, ""max"": 10.00066}, ""cpu_util_11"": {""mean"": 9.1673325, ""max"": 10.00066}, ""memory"": {""mean"": 0.784939, ""max"": 0.785}, ""io_read_count"": {""mean"": 11720.858906, ""max"": 11720.944005}, ""io_write_count"": {""mean"": 20.001465500000002, ""max"": 20.001611}, ""io_read"": {""mean"": 0.0, ""max"": 0.0}, ""io_write"": {""mean"": 0.0, ""max"": 0.0}, ""gpu_util_avg"": {""mean"": 0.0, ""max"": 0.0}, ""gpu_util_min"": {""mean"": 0.0, ""max"": 0.0}, ""gpu_util_max"": {""mean"": 0.0, ""max"": 0.0}, ""gpu_util_0"": {""mean"": 0.0, ""max"": 0.0}, ""gpu_band_avg"": {""mean"": 0.0, ""max"": 0.0}, ""gpu_band_min"": {""mean"": 0.0, ""max"": 0.0}, ""gpu_band_max"": {""mean"": 0.0, ""max"": 0.0}, ""gpu_band_0"": {""mean"": 0.0, ""max"": 0.0}, ""gpu_mem_avg"": {""mean"": 0.0, ""max"": 0.0}, ""gpu_mem_min"": {""mean"": 0.0, ""max"": 0.0}, ""gpu_mem_max"": {""mean"": 0.0, ""max"": 0.0}, ""gpu_mem_0"": {""mean"": 0.0, ""max"": 0.0}}","{""total"": {""kind"": ""scalar"", ""value"": 23999994000000.0}}","[JUmPER]: a benchmark measurement spent at least 14ms of its 116ms on 31380 page faults - the cost of touching memory inherited from the prefix rather than of the cell itself. Cells working over large Python objects are affected most, and the timing understates them. Re-run with --replay-mode full for a number that does not carry this.",
python_objects,sum,fork,fork,False,1,0,ok,0.159598,0.0,0.3355,0.3635,31380.0,"{""cpu_util_avg"": {""mean"": 9.166799750000001, ""max"": 11.656371}, ""cpu_util_min"": {""mean"": 9.166799750000001, ""max"": 11.656371}, ""cpu_util_max"": {""mean"": 9.166799750000001, ""max"": 11.656371}, ""cpu_util_0"": {""mean"": 9.166799750000001, ""max"": 11.656371}, ""cpu_util_1"": {""mean"": 9.166799750000001, ""max"": 11.656371}, ""cpu_util_2"": {""mean"": 9.166799750000001, ""max"": 11.656371}, ""cpu_util_3"": {""mean"": 9.166799750000001, ""max"": 11.656371}, ""cpu_util_4"": {""mean"": 9.166799750000001, ""max"": 11.656371}, ""cpu_util_5"": {""mean"": 9.166799750000001, ""max"": 11.656371}, ""cpu_util_6"": {""mean"": 9.166799750000001, ""max"": 11.656371}, ""cpu_util_7"": {""mean"": 9.166799750000001, ""max"": 11.656371}, ""cpu_util_8"": {""mean"": 9.166799750000001, ""max"": 11.656371}, ""cpu_util_9"": {""mean"": 9.166799750000001, ""max"": 11.656371}, ""cpu_util_10"": {""mean"": 9.166799750000001, ""max"": 11.656371}, ""cpu_util_11"": {""mean"": 9.166799750000001, ""max"": 11.656371}, ""memory"": {""mean"": 0.7857934999999999, ""max"": 0.785885}, ""io_read_count"": {""mean"": 11721.22161325, ""max"": 11732.115522}, ""io_write_count"": {""mean"": 20.002084749999998, ""max"": 20.020675}, ""io_read"": {""mean"": 0.0, ""max"": 0.0}, ""io_write"": {""mean"": 0.0, ""max"": 0.0}, ""gpu_util_avg"": {""mean"": 0.0, ""max"": 0.0}, ""gpu_util_min"": {""mean"": 0.0, ""max"": 0.0}, ""gpu_util_max"": {""mean"": 0.0, ""max"": 0.0}, ""gpu_util_0"": {""mean"": 0.0, ""max"": 0.0}, ""gpu_band_avg"": {""mean"": 0.0, ""max"": 0.0}, ""gpu_band_min"": {""mean"": 0.0, ""max"": 0.0}, ""gpu_band_max"": {""mean"": 0.0, ""max"": 0.0}, ""gpu_band_0"": {""mean"": 0.0, ""max"": 0.0}, ""gpu_mem_avg"": {""mean"": 0.0, ""max"": 0.0}, ""gpu_mem_min"": {""mean"": 0.0, ""max"": 0.0}, ""gpu_mem_max"": {""mean"": 0.0, ""max"": 0.0}, ""gpu_mem_0"": {""mean"": 0.0, ""max"": 0.0}}","{""total"": {""kind"": ""scalar"", ""value"": 23999994000000.0}}","[JUmPER]: a benchmark measurement spent at least 14ms of its 160ms on 31380 page faults - the cost of touching memory inherited from the prefix rather than of the cell itself. Cells working over large Python objects are affected most, and the timing understates them. Re-run with --replay-mode full for a number that does not carry this.",
python_objects,sum,full,full,False,1,1,ok,0.022596,0.297313,3.4799,3.4983,,{},"{""total"": {""kind"": ""scalar"", ""value"": 23999994000000.0}}",,
python_objects,sum,full,full,False,2,0,ok,0.02366,0.291464,3.3965,3.4132,,{},"{""total"": {""kind"": ""scalar"", ""value"": 23999994000000.0}}",,
python_objects,sum,fork,fork,False,2,1,ok,0.181884,0.0,0.3467,0.4298,31380.0,"{""cpu_util_avg"": {""mean"": 9.164141749999999, ""max"": 10.004921}, ""cpu_util_min"": {""mean"": 9.164141749999999, ""max"": 10.004921}, ""cpu_util_max"": {""mean"": 9.164141749999999, ""max"": 10.004921}, ""cpu_util_0"": {""mean"": 9.164141749999999, ""max"": 10.004921}, ""cpu_util_1"": {""mean"": 9.164141749999999, ""max"": 10.004921}, ""cpu_util_2"": {""mean"": 9.164141749999999, ""max"": 10.004921}, ""cpu_util_3"": {""mean"": 9.164141749999999, ""max"": 10.004921}, ""cpu_util_4"": {""mean"": 9.164141749999999, ""max"": 10.004921}, ""cpu_util_5"": {""mean"": 9.164141749999999, ""max"": 10.004921}, ""cpu_util_6"": {""mean"": 9.164141749999999, ""max"": 10.004921}, ""cpu_util_7"": {""mean"": 9.164141749999999, ""max"": 10.004921}, ""cpu_util_8"": {""mean"": 9.164141749999999, ""max"": 10.004921}, ""cpu_util_9"": {""mean"": 9.164141749999999, ""max"": 10.004921}, ""cpu_util_10"": {""mean"": 9.164141749999999, ""max"": 10.004921}, ""cpu_util_11"": {""mean"": 9.164141749999999, ""max"": 10.004921}, ""memory"": {""mean"": 0.7858844999999999, ""max"": 0.785976}, ""io_read_count"": {""mean"": 11716.98667175, ""max"": 11725.767906}, ""io_write_count"": {""mean"": 19.99485775, ""max"": 20.009843}, ""io_read"": {""mean"": 0.0, ""max"": 0.0}, ""io_write"": {""mean"": 0.0, ""max"": 0.0}, ""gpu_util_avg"": {""mean"": 0.0, ""max"": 0.0}, ""gpu_util_min"": {""mean"": 0.0, ""max"": 0.0}, ""gpu_util_max"": {""mean"": 0.0, ""max"": 0.0}, ""gpu_util_0"": {""mean"": 0.0, ""max"": 0.0}, ""gpu_band_avg"": {""mean"": 0.0, ""max"": 0.0}, ""gpu_band_min"": {""mean"": 0.0, ""max"": 0.0}, ""gpu_band_max"": {""mean"": 0.0, ""max"": 0.0}, ""gpu_band_0"": {""mean"": 0.0, ""max"": 0.0}, ""gpu_mem_avg"": {""mean"": 0.0, ""max"": 0.0}, ""gpu_mem_min"": {""mean"": 0.0, ""max"": 0.0}, ""gpu_mem_max"": {""mean"": 0.0, ""max"": 0.0}, ""gpu_mem_0"": {""mean"": 0.0, ""max"": 0.0}}","{""total"": {""kind"": ""scalar"", ""value"": 23999994000000.0}}","[JUmPER]: a benchmark measurement spent at least 14ms of its 182ms on 31380 page faults - the cost of touching memory inherited from the prefix rather than of the cell itself. Cells working over large Python objects are affected most, and the timing understates them. Re-run with --replay-mode full for a number that does not carry this.",
python_objects,sum,fork,fork,False,3,0,ok,0.118887,0.0,0.2865,0.3077,31380.0,"{""cpu_util_avg"": {""mean"": 9.444829666666665, ""max"": 11.659006}, ""cpu_util_min"": {""mean"": 9.444829666666665, ""max"": 11.659006}, ""cpu_util_max"": {""mean"": 9.444829666666665, ""max"": 11.659006}, ""cpu_util_0"": {""mean"": 9.444829666666665, ""max"": 11.659006}, ""cpu_util_1"": {""mean"": 9.444829666666665, ""max"": 11.659006}, ""cpu_util_2"": {""mean"": 9.444829666666665, ""max"": 11.659006}, ""cpu_util_3"": {""mean"": 9.444829666666665, ""max"": 11.659006}, ""cpu_util_4"": {""mean"": 9.444829666666665, ""max"": 11.659006}, ""cpu_util_5"": {""mean"": 9.444829666666665, ""max"": 11.659006}, ""cpu_util_6"": {""mean"": 9.444829666666665, ""max"": 11.659006}, ""cpu_util_7"": {""mean"": 9.444829666666665, ""max"": 11.659006}, ""cpu_util_8"": {""mean"": 9.444829666666665, ""max"": 11.659006}, ""cpu_util_9"": {""mean"": 9.444829666666665, ""max"": 11.659006}, ""cpu_util_10"": {""mean"": 9.444829666666665, ""max"": 11.659006}, ""cpu_util_11"": {""mean"": 9.444829666666665, ""max"": 11.659006}, ""memory"": {""mean"": 0.786102, ""max"": 0.786224}, ""io_read_count"": {""mean"": 11768.204133, ""max"": 11852.211911}, ""io_write_count"": {""mean"": 20.00267633333333, ""max"": 20.0113}, ""io_read"": {""mean"": 0.0, ""max"": 0.0}, ""io_write"": {""mean"": 0.0, ""max"": 0.0}, ""gpu_util_avg"": {""mean"": 0.0, ""max"": 0.0}, ""gpu_util_min"": {""mean"": 0.0, ""max"": 0.0}, ""gpu_util_max"": {""mean"": 0.0, ""max"": 0.0}, ""gpu_util_0"": {""mean"": 0.0, ""max"": 0.0}, ""gpu_band_avg"": {""mean"": 0.0, ""max"": 0.0}, ""gpu_band_min"": {""mean"": 0.0, ""max"": 0.0}, ""gpu_band_max"": {""mean"": 0.0, ""max"": 0.0}, ""gpu_band_0"": {""mean"": 0.0, ""max"": 0.0}, ""gpu_mem_avg"": {""mean"": 0.0, ""max"": 0.0}, ""gpu_mem_min"": {""mean"": 0.0, ""max"": 0.0}, ""gpu_mem_max"": {""mean"": 0.0, ""max"": 0.0}, ""gpu_mem_0"": {""mean"": 0.0, ""max"": 0.0}}","{""total"": {""kind"": ""scalar"", ""value"": 23999994000000.0}}","[JUmPER]: a benchmark measurement spent at least 14ms of its 119ms on 31380 page faults - the cost of touching memory inherited from the prefix rather than of the cell itself. Cells working over large Python objects are affected most, and the timing understates them. Re-run with --replay-mode full for a number that does not carry this.",
python_objects,sum,full,full,False,3,1,ok,0.024913,0.311793,3.5736,3.5969,,"{""cpu_util_avg"": {""mean"": 9.998894, ""max"": 9.998894}, ""cpu_util_min"": {""mean"": 9.998894, ""max"": 9.998894}, ""cpu_util_max"": {""mean"": 9.998894, ""max"": 9.998894}, ""cpu_util_0"": {""mean"": 9.998894, ""max"": 9.998894}, ""cpu_util_1"": {""mean"": 9.998894, ""max"": 9.998894}, ""cpu_util_2"": {""mean"": 9.998894, ""max"": 9.998894}, ""cpu_util_3"": {""mean"": 9.998894, ""max"": 9.998894}, ""cpu_util_4"": {""mean"": 9.998894, ""max"": 9.998894}, ""cpu_util_5"": {""mean"": 9.998894, ""max"": 9.998894}, ""cpu_util_6"": {""mean"": 9.998894, ""max"": 9.998894}, ""cpu_util_7"": {""mean"": 9.998894, ""max"": 9.998894}, ""cpu_util_8"": {""mean"": 9.998894, ""max"": 9.998894}, ""cpu_util_9"": {""mean"": 9.998894, ""max"": 9.998894}, ""cpu_util_10"": {""mean"": 9.998894, ""max"": 9.998894}, ""cpu_util_11"": {""mean"": 9.998894, ""max"": 9.998894}, ""memory"": {""mean"": 0.363228, ""max"": 0.363228}, ""io_read_count"": {""mean"": 12198.651074, ""max"": 12198.651074}, ""io_write_count"": {""mean"": 19.997789, ""max"": 19.997789}, ""io_read"": {""mean"": 0.0, ""max"": 0.0}, ""io_write"": {""mean"": 0.0, ""max"": 0.0}, ""gpu_util_avg"": {""mean"": 0.0, ""max"": 0.0}, ""gpu_util_min"": {""mean"": 0.0, ""max"": 0.0}, ""gpu_util_max"": {""mean"": 0.0, ""max"": 0.0}, ""gpu_util_0"": {""mean"": 0.0, ""max"": 0.0}, ""gpu_band_avg"": {""mean"": 0.0, ""max"": 0.0}, ""gpu_band_min"": {""mean"": 0.0, ""max"": 0.0}, ""gpu_band_max"": {""mean"": 0.0, ""max"": 0.0}, ""gpu_band_0"": {""mean"": 0.0, ""max"": 0.0}, ""gpu_mem_avg"": {""mean"": 0.0, ""max"": 0.0}, ""gpu_mem_min"": {""mean"": 0.0, ""max"": 0.0}, ""gpu_mem_max"": {""mean"": 0.0, ""max"": 0.0}, ""gpu_mem_0"": {""mean"": 0.0, ""max"": 0.0}}","{""total"": {""kind"": ""scalar"", ""value"": 23999994000000.0}}",,
python_objects,sum,full,full,False,4,0,ok,0.02419,0.35665,3.8415,3.8697,,"{""cpu_util_avg"": {""mean"": 9.98688, ""max"": 9.98688}, ""cpu_util_min"": {""mean"": 9.98688, ""max"": 9.98688}, ""cpu_util_max"": {""mean"": 9.98688, ""max"": 9.98688}, ""cpu_util_0"": {""mean"": 9.98688, ""max"": 9.98688}, ""cpu_util_1"": {""mean"": 9.98688, ""max"": 9.98688}, ""cpu_util_2"": {""mean"": 9.98688, ""max"": 9.98688}, ""cpu_util_3"": {""mean"": 9.98688, ""max"": 9.98688}, ""cpu_util_4"": {""mean"": 9.98688, ""max"": 9.98688}, ""cpu_util_5"": {""mean"": 9.98688, ""max"": 9.98688}, ""cpu_util_6"": {""mean"": 9.98688, ""max"": 9.98688}, ""cpu_util_7"": {""mean"": 9.98688, ""max"": 9.98688}, ""cpu_util_8"": {""mean"": 9.98688, ""max"": 9.98688}, ""cpu_util_9"": {""mean"": 9.98688, ""max"": 9.98688}, ""cpu_util_10"": {""mean"": 9.98688, ""max"": 9.98688}, ""cpu_util_11"": {""mean"": 9.98688, ""max"": 9.98688}, ""memory"": {""mean"": 0.363098, ""max"": 0.363098}, ""io_read_count"": {""mean"": 11644.701658, ""max"": 11644.701658}, ""io_write_count"": {""mean"": 19.973759, ""max"": 19.973759}, ""io_read"": {""mean"": 0.0, ""max"": 0.0}, ""io_write"": {""mean"": 0.0, ""max"": 0.0}, ""gpu_util_avg"": {""mean"": 0.0, ""max"": 0.0}, ""gpu_util_min"": {""mean"": 0.0, ""max"": 0.0}, ""gpu_util_max"": {""mean"": 0.0, ""max"": 0.0}, ""gpu_util_0"": {""mean"": 0.0, ""max"": 0.0}, ""gpu_band_avg"": {""mean"": 0.0, ""max"": 0.0}, ""gpu_band_min"": {""mean"": 0.0, ""max"": 0.0}, ""gpu_band_max"": {""mean"": 0.0, ""max"": 0.0}, ""gpu_band_0"": {""mean"": 0.0, ""max"": 0.0}, ""gpu_mem_avg"": {""mean"": 0.0, ""max"": 0.0}, ""gpu_mem_min"": {""mean"": 0.0, ""max"": 0.0}, ""gpu_mem_max"": {""mean"": 0.0, ""max"": 0.0}, ""gpu_mem_0"": {""mean"": 0.0, ""max"": 0.0}}","{""total"": {""kind"": ""scalar"", ""value"": 23999994000000.0}}",,
python_objects,sum,fork,fork,False,4,1,ok,0.155031,0.0,0.363,0.3857,31381.0,"{""cpu_util_avg"": {""mean"": 10.004531666666667, ""max"": 10.007094}, ""cpu_util_min"": {""mean"": 10.004531666666667, ""max"": 10.007094}, ""cpu_util_max"": {""mean"": 10.004531666666667, ""max"": 10.007094}, ""cpu_util_0"": {""mean"": 10.004531666666667, ""max"": 10.007094}, ""cpu_util_1"": {""mean"": 10.004531666666667, ""max"": 10.007094}, ""cpu_util_2"": {""mean"": 10.004531666666667, ""max"": 10.007094}, ""cpu_util_3"": {""mean"": 10.004531666666667, ""max"": 10.007094}, ""cpu_util_4"": {""mean"": 10.004531666666667, ""max"": 10.007094}, ""cpu_util_5"": {""mean"": 10.004531666666667, ""max"": 10.007094}, ""cpu_util_6"": {""mean"": 10.004531666666667, ""max"": 10.007094}, ""cpu_util_7"": {""mean"": 10.004531666666667, ""max"": 10.007094}, ""cpu_util_8"": {""mean"": 10.004531666666667, ""max"": 10.007094}, ""cpu_util_9"": {""mean"": 10.004531666666667, ""max"": 10.007094}, ""cpu_util_10"": {""mean"": 10.004531666666667, ""max"": 10.007094}, ""cpu_util_11"": {""mean"": 10.004531666666667, ""max"": 10.007094}, ""memory"": {""mean"": 0.7862240000000001, ""max"": 0.786224}, ""io_read_count"": {""mean"": 11725.310750666666, ""max"": 11728.313968}, ""io_write_count"": {""mean"": 20.00906266666667, ""max"": 20.014188}, ""io_read"": {""mean"": 0.0, ""max"": 0.0}, ""io_write"": {""mean"": 0.0, ""max"": 0.0}, ""gpu_util_avg"": {""mean"": 0.0, ""max"": 0.0}, ""gpu_util_min"": {""mean"": 0.0, ""max"": 0.0}, ""gpu_util_max"": {""mean"": 0.0, ""max"": 0.0}, ""gpu_util_0"": {""mean"": 0.0, ""max"": 0.0}, ""gpu_band_avg"": {""mean"": 0.0, ""max"": 0.0}, ""gpu_band_min"": {""mean"": 0.0, ""max"": 0.0}, ""gpu_band_max"": {""mean"": 0.0, ""max"": 0.0}, ""gpu_band_0"": {""mean"": 0.0, ""max"": 0.0}, ""gpu_mem_avg"": {""mean"": 0.0, ""max"": 0.0}, ""gpu_mem_min"": {""mean"": 0.0, ""max"": 0.0}, ""gpu_mem_max"": {""mean"": 0.0, ""max"": 0.0}, ""gpu_mem_0"": {""mean"": 0.0, ""max"": 0.0}}","{""total"": {""kind"": ""scalar"", ""value"": 23999994000000.0}}","[JUmPER]: a benchmark measurement spent at least 14ms of its 155ms on 31381 page faults - the cost of touching memory inherited from the prefix rather than of the cell itself. Cells working over large Python objects are affected most, and the timing understates them. Re-run with --replay-mode full for a number that does not carry this.",
python_objects,sum,fork,fork,False,5,0,ok,0.136189,0.0,0.3275,0.3507,31380.0,"{""cpu_util_avg"": {""mean"": 9.167205500000001, ""max"": 10.000284}, ""cpu_util_min"": {""mean"": 9.167205500000001, ""max"": 10.000284}, ""cpu_util_max"": {""mean"": 9.167205500000001, ""max"": 10.000284}, ""cpu_util_0"": {""mean"": 9.167205500000001, ""max"": 10.000284}, ""cpu_util_1"": {""mean"": 9.167205500000001, ""max"": 10.000284}, ""cpu_util_2"": {""mean"": 9.167205500000001, ""max"": 10.000284}, ""cpu_util_3"": {""mean"": 9.167205500000001, ""max"": 10.000284}, ""cpu_util_4"": {""mean"": 9.167205500000001, ""max"": 10.000284}, ""cpu_util_5"": {""mean"": 9.167205500000001, ""max"": 10.000284}, ""cpu_util_6"": {""mean"": 9.167205500000001, ""max"": 10.000284}, ""cpu_util_7"": {""mean"": 9.167205500000001, ""max"": 10.000284}, ""cpu_util_8"": {""mean"": 9.167205500000001, ""max"": 10.000284}, ""cpu_util_9"": {""mean"": 9.167205500000001, ""max"": 10.000284}, ""cpu_util_10"": {""mean"": 9.167205500000001, ""max"": 10.000284}, ""cpu_util_11"": {""mean"": 9.167205500000001, ""max"": 10.000284}, ""memory"": {""mean"": 0.786346, ""max"": 0.786346}, ""io_read_count"": {""mean"": 11720.724354499998, ""max"": 11721.11632}, ""io_write_count"": {""mean"": 20.001236, ""max"": 20.001905}, ""io_read"": {""mean"": 0.0, ""max"": 0.0}, ""io_write"": {""mean"": 0.0, ""max"": 0.0}, ""gpu_util_avg"": {""mean"": 0.0, ""max"": 0.0}, ""gpu_util_min"": {""mean"": 0.0, ""max"": 0.0}, ""gpu_util_max"": {""mean"": 0.0, ""max"": 0.0}, ""gpu_util_0"": {""mean"": 0.0, ""max"": 0.0}, ""gpu_band_avg"": {""mean"": 0.0, ""max"": 0.0}, ""gpu_band_min"": {""mean"": 0.0, ""max"": 0.0}, ""gpu_band_max"": {""mean"": 0.0, ""max"": 0.0}, ""gpu_band_0"": {""mean"": 0.0, ""max"": 0.0}, ""gpu_mem_avg"": {""mean"": 0.0, ""max"": 0.0}, ""gpu_mem_min"": {""mean"": 0.0, ""max"": 0.0}, ""gpu_mem_max"": {""mean"": 0.0, ""max"": 0.0}, ""gpu_mem_0"": {""mean"": 0.0, ""max"": 0.0}}","{""total"": {""kind"": ""scalar"", ""value"": 23999994000000.0}}","[JUmPER]: a benchmark measurement spent at least 14ms of its 136ms on 31380 page faults - the cost of touching memory inherited from the prefix rather than of the cell itself. Cells working over large Python objects are affected most, and the timing understates them. Re-run with --replay-mode full for a number that does not carry this.",
python_objects,sum,full,full,False,5,1,ok,0.021508,0.302662,3.5626,3.578,,{},"{""total"": {""kind"": ""scalar"", ""value"": 23999994000000.0}}",,
python_objects,sum,full,full,False,6,0,ok,0.022618,0.329992,3.4595,3.4791,,"{""cpu_util_avg"": {""mean"": 9.997993, ""max"": 9.997993}, ""cpu_util_min"": {""mean"": 9.997993, ""max"": 9.997993}, ""cpu_util_max"": {""mean"": 9.997993, ""max"": 9.997993}, ""cpu_util_0"": {""mean"": 9.997993, ""max"": 9.997993}, ""cpu_util_1"": {""mean"": 9.997993, ""max"": 9.997993}, ""cpu_util_2"": {""mean"": 9.997993, ""max"": 9.997993}, ""cpu_util_3"": {""mean"": 9.997993, ""max"": 9.997993}, ""cpu_util_4"": {""mean"": 9.997993, ""max"": 9.997993}, ""cpu_util_5"": {""mean"": 9.997993, ""max"": 9.997993}, ""cpu_util_6"": {""mean"": 9.997993, ""max"": 9.997993}, ""cpu_util_7"": {""mean"": 9.997993, ""max"": 9.997993}, ""cpu_util_8"": {""mean"": 9.997993, ""max"": 9.997993}, ""cpu_util_9"": {""mean"": 9.997993, ""max"": 9.997993}, ""cpu_util_10"": {""mean"": 9.997993, ""max"": 9.997993}, ""cpu_util_11"": {""mean"": 9.997993, ""max"": 9.997993}, ""memory"": {""mean"": 0.362549, ""max"": 0.362549}, ""io_read_count"": {""mean"": 11657.659374, ""max"": 11657.659374}, ""io_write_count"": {""mean"": 19.995985, ""max"": 19.995985}, ""io_read"": {""mean"": 0.0, ""max"": 0.0}, ""io_write"": {""mean"": 0.0, ""max"": 0.0}, ""gpu_util_avg"": {""mean"": 0.0, ""max"": 0.0}, ""gpu_util_min"": {""mean"": 0.0, ""max"": 0.0}, ""gpu_util_max"": {""mean"": 0.0, ""max"": 0.0}, ""gpu_util_0"": {""mean"": 0.0, ""max"": 0.0}, ""gpu_band_avg"": {""mean"": 0.0, ""max"": 0.0}, ""gpu_band_min"": {""mean"": 0.0, ""max"": 0.0}, ""gpu_band_max"": {""mean"": 0.0, ""max"": 0.0}, ""gpu_band_0"": {""mean"": 0.0, ""max"": 0.0}, ""gpu_mem_avg"": {""mean"": 0.0, ""max"": 0.0}, ""gpu_mem_min"": {""mean"": 0.0, ""max"": 0.0}, ""gpu_mem_max"": {""mean"": 0.0, ""max"": 0.0}, ""gpu_mem_0"": {""mean"": 0.0, ""max"": 0.0}}","{""total"": {""kind"": ""scalar"", ""value"": 23999994000000.0}}",,
python_objects,sum,fork,fork,False,6,1,ok,0.128225,0.0,0.309,0.3327,31380.0,"{""cpu_util_avg"": {""mean"": 9.9993915, ""max"": 10.001062}, ""cpu_util_min"": {""mean"": 9.9993915, ""max"": 10.001062}, ""cpu_util_max"": {""mean"": 9.9993915, ""max"": 10.001062}, ""cpu_util_0"": {""mean"": 9.9993915, ""max"": 10.001062}, ""cpu_util_1"": {""mean"": 9.9993915, ""max"": 10.001062}, ""cpu_util_2"": {""mean"": 9.9993915, ""max"": 10.001062}, ""cpu_util_3"": {""mean"": 9.9993915, ""max"": 10.001062}, ""cpu_util_4"": {""mean"": 9.9993915, ""max"": 10.001062}, ""cpu_util_5"": {""mean"": 9.9993915, ""max"": 10.001062}, ""cpu_util_6"": {""mean"": 9.9993915, ""max"": 10.001062}, ""cpu_util_7"": {""mean"": 9.9993915, ""max"": 10.001062}, ""cpu_util_8"": {""mean"": 9.9993915, ""max"": 10.001062}, ""cpu_util_9"": {""mean"": 9.9993915, ""max"": 10.001062}, ""cpu_util_10"": {""mean"": 9.9993915, ""max"": 10.001062}, ""cpu_util_11"": {""mean"": 9.9993915, ""max"": 10.001062}, ""memory"": {""mean"": 0.786346, ""max"": 0.786346}, ""io_read_count"": {""mean"": 11719.286505, ""max"": 11721.244093}, ""io_write_count"": {""mean"": 19.9987825, ""max"": 20.002123}, ""io_read"": {""mean"": 0.0, ""max"": 0.0}, ""io_write"": {""mean"": 0.0, ""max"": 0.0}, ""gpu_util_avg"": {""mean"": 0.0, ""max"": 0.0}, ""gpu_util_min"": {""mean"": 0.0, ""max"": 0.0}, ""gpu_util_max"": {""mean"": 0.0, ""max"": 0.0}, ""gpu_util_0"": {""mean"": 0.0, ""max"": 0.0}, ""gpu_band_avg"": {""mean"": 0.0, ""max"": 0.0}, ""gpu_band_min"": {""mean"": 0.0, ""max"": 0.0}, ""gpu_band_max"": {""mean"": 0.0, ""max"": 0.0}, ""gpu_band_0"": {""mean"": 0.0, ""max"": 0.0}, ""gpu_mem_avg"": {""mean"": 0.0, ""max"": 0.0}, ""gpu_mem_min"": {""mean"": 0.0, ""max"": 0.0}, ""gpu_mem_max"": {""mean"": 0.0, ""max"": 0.0}, ""gpu_mem_0"": {""mean"": 0.0, ""max"": 0.0}}","{""total"": {""kind"": ""scalar"", ""value"": 23999994000000.0}}","[JUmPER]: a benchmark measurement spent at least 14ms of its 128ms on 31380 page faults - the cost of touching memory inherited from the prefix rather than of the cell itself. Cells working over large Python objects are affected most, and the timing understates them. Re-run with --replay-mode full for a number that does not carry this.",
python_objects,sum,fork,fork,False,7,0,ok,0.137126,0.0,0.2987,0.3178,31380.0,"{""cpu_util_avg"": {""mean"": 9.446173666666667, ""max"": 10.003217}, ""cpu_util_min"": {""mean"": 9.446173666666667, ""max"": 10.003217}, ""cpu_util_max"": {""mean"": 9.446173666666667, ""max"": 10.003217}, ""cpu_util_0"": {""mean"": 9.446173666666667, ""max"": 10.003217}, ""cpu_util_1"": {""mean"": 9.446173666666667, ""max"": 10.003217}, ""cpu_util_2"": {""mean"": 9.446173666666667, ""max"": 10.003217}, ""cpu_util_3"": {""mean"": 9.446173666666667, ""max"": 10.003217}, ""cpu_util_4"": {""mean"": 9.446173666666667, ""max"": 10.003217}, ""cpu_util_5"": {""mean"": 9.446173666666667, ""max"": 10.003217}, ""cpu_util_6"": {""mean"": 9.446173666666667, ""max"": 10.003217}, ""cpu_util_7"": {""mean"": 9.446173666666667, ""max"": 10.003217}, ""cpu_util_8"": {""mean"": 9.446173666666667, ""max"": 10.003217}, ""cpu_util_9"": {""mean"": 9.446173666666667, ""max"": 10.003217}, ""cpu_util_10"": {""mean"": 9.446173666666667, ""max"": 10.003217}, ""cpu_util_11"": {""mean"": 9.446173666666667, ""max"": 10.003217}, ""memory"": {""mean"": 0.786007, ""max"": 0.786129}, ""io_read_count"": {""mean"": 11722.436538, ""max"": 11727.379806}, ""io_write_count"": {""mean"": 20.004158, ""max"": 20.012594}, ""io_read"": {""mean"": 0.0, ""max"": 0.0}, ""io_write"": {""mean"": 0.0, ""max"": 0.0}, ""gpu_util_avg"": {""mean"": 0.0, ""max"": 0.0}, ""gpu_util_min"": {""mean"": 0.0, ""max"": 0.0}, ""gpu_util_max"": {""mean"": 0.0, ""max"": 0.0}, ""gpu_util_0"": {""mean"": 0.0, ""max"": 0.0}, ""gpu_band_avg"": {""mean"": 0.0, ""max"": 0.0}, ""gpu_band_min"": {""mean"": 0.0, ""max"": 0.0}, ""gpu_band_max"": {""mean"": 0.0, ""max"": 0.0}, ""gpu_band_0"": {""mean"": 0.0, ""max"": 0.0}, ""gpu_mem_avg"": {""mean"": 0.0, ""max"": 0.0}, ""gpu_mem_min"": {""mean"": 0.0, ""max"": 0.0}, ""gpu_mem_max"": {""mean"": 0.0, ""max"": 0.0}, ""gpu_mem_0"": {""mean"": 0.0, ""max"": 0.0}}","{""total"": {""kind"": ""scalar"", ""value"": 23999994000000.0}}","[JUmPER]: a benchmark measurement spent at least 14ms of its 137ms on 31380 page faults - the cost of touching memory inherited from the prefix rather than of the cell itself. Cells working over large Python objects are affected most, and the timing understates them. Re-run with --replay-mode full for a number that does not carry this.",
python_objects,sum,full,full,False,7,1,ok,0.024945,0.318144,3.3434,3.362,,"{""cpu_util_avg"": {""mean"": 9.98779, ""max"": 9.98779}, ""cpu_util_min"": {""mean"": 9.98779, ""max"": 9.98779}, ""cpu_util_max"": {""mean"": 9.98779, ""max"": 9.98779}, ""cpu_util_0"": {""mean"": 9.98779, ""max"": 9.98779}, ""cpu_util_1"": {""mean"": 9.98779, ""max"": 9.98779}, ""cpu_util_2"": {""mean"": 9.98779, ""max"": 9.98779}, ""cpu_util_3"": {""mean"": 9.98779, ""max"": 9.98779}, ""cpu_util_4"": {""mean"": 9.98779, ""max"": 9.98779}, ""cpu_util_5"": {""mean"": 9.98779, ""max"": 9.98779}, ""cpu_util_6"": {""mean"": 9.98779, ""max"": 9.98779}, ""cpu_util_7"": {""mean"": 9.98779, ""max"": 9.98779}, ""cpu_util_8"": {""mean"": 9.98779, ""max"": 9.98779}, ""cpu_util_9"": {""mean"": 9.98779, ""max"": 9.98779}, ""cpu_util_10"": {""mean"": 9.98779, ""max"": 9.98779}, ""cpu_util_11"": {""mean"": 9.98779, ""max"": 9.98779}, ""memory"": {""mean"": 0.363308, ""max"": 0.363308}, ""io_read_count"": {""mean"": 12604.590383, ""max"": 12604.590383}, ""io_write_count"": {""mean"": 19.975579, ""max"": 19.975579}, ""io_read"": {""mean"": 0.0, ""max"": 0.0}, ""io_write"": {""mean"": 0.0, ""max"": 0.0}, ""gpu_util_avg"": {""mean"": 0.0, ""max"": 0.0}, ""gpu_util_min"": {""mean"": 0.0, ""max"": 0.0}, ""gpu_util_max"": {""mean"": 0.0, ""max"": 0.0}, ""gpu_util_0"": {""mean"": 0.0, ""max"": 0.0}, ""gpu_band_avg"": {""mean"": 0.0, ""max"": 0.0}, ""gpu_band_min"": {""mean"": 0.0, ""max"": 0.0}, ""gpu_band_max"": {""mean"": 0.0, ""max"": 0.0}, ""gpu_band_0"": {""mean"": 0.0, ""max"": 0.0}, ""gpu_mem_avg"": {""mean"": 0.0, ""max"": 0.0}, ""gpu_mem_min"": {""mean"": 0.0, ""max"": 0.0}, ""gpu_mem_max"": {""mean"": 0.0, ""max"": 0.0}, ""gpu_mem_0"": {""mean"": 0.0, ""max"": 0.0}}","{""total"": {""kind"": ""scalar"", ""value"": 23999994000000.0}}",,
python_objects,sum,full,full,False,8,0,ok,0.022992,0.289431,3.2253,3.2412,,{},"{""total"": {""kind"": ""scalar"", ""value"": 23999994000000.0}}",,
python_objects,sum,fork,fork,False,8,1,ok,0.112198,0.0,0.2747,0.2946,31380.0,"{""cpu_util_avg"": {""mean"": 9.446262333333333, ""max"": 11.668513}, ""cpu_util_min"": {""mean"": 9.446262333333333, ""max"": 11.668513}, ""cpu_util_max"": {""mean"": 9.446262333333333, ""max"": 11.668513}, ""cpu_util_0"": {""mean"": 9.446262333333333, ""max"": 11.668513}, ""cpu_util_1"": {""mean"": 9.446262333333333, ""max"": 11.668513}, ""cpu_util_2"": {""mean"": 9.446262333333333, ""max"": 11.668513}, ""cpu_util_3"": {""mean"": 9.446262333333333, ""max"": 11.668513}, ""cpu_util_4"": {""mean"": 9.446262333333333, ""max"": 11.668513}, ""cpu_util_5"": {""mean"": 9.446262333333333, ""max"": 11.668513}, ""cpu_util_6"": {""mean"": 9.446262333333333, ""max"": 11.668513}, ""cpu_util_7"": {""mean"": 9.446262333333333, ""max"": 11.668513}, ""cpu_util_8"": {""mean"": 9.446262333333333, ""max"": 11.668513}, ""cpu_util_9"": {""mean"": 9.446262333333333, ""max"": 11.668513}, ""cpu_util_10"": {""mean"": 9.446262333333333, ""max"": 11.668513}, ""cpu_util_11"": {""mean"": 9.446262333333333, ""max"": 11.668513}, ""memory"": {""mean"": 0.786102, ""max"": 0.786224}, ""io_read_count"": {""mean"": 11722.309066333333, ""max"": 11730.571122}, ""io_write_count"": {""mean"": 20.00394, ""max"": 20.018039}, ""io_read"": {""mean"": 0.0, ""max"": 0.0}, ""io_write"": {""mean"": 0.0, ""max"": 0.0}, ""gpu_util_avg"": {""mean"": 0.0, ""max"": 0.0}, ""gpu_util_min"": {""mean"": 0.0, ""max"": 0.0}, ""gpu_util_max"": {""mean"": 0.0, ""max"": 0.0}, ""gpu_util_0"": {""mean"": 0.0, ""max"": 0.0}, ""gpu_band_avg"": {""mean"": 0.0, ""max"": 0.0}, ""gpu_band_min"": {""mean"": 0.0, ""max"": 0.0}, ""gpu_band_max"": {""mean"": 0.0, ""max"": 0.0}, ""gpu_band_0"": {""mean"": 0.0, ""max"": 0.0}, ""gpu_mem_avg"": {""mean"": 0.0, ""max"": 0.0}, ""gpu_mem_min"": {""mean"": 0.0, ""max"": 0.0}, ""gpu_mem_max"": {""mean"": 0.0, ""max"": 0.0}, ""gpu_mem_0"": {""mean"": 0.0, ""max"": 0.0}}","{""total"": {""kind"": ""scalar"", ""value"": 23999994000000.0}}","[JUmPER]: a benchmark measurement spent at least 14ms of its 112ms on 31380 page faults - the cost of touching memory inherited from the prefix rather than of the cell itself. Cells working over large Python objects are affected most, and the timing understates them. Re-run with --replay-mode full for a number that does not carry this.",
python_objects,sum,fork,fork,False,9,0,ok,0.112012,0.0,0.2717,0.2905,31380.0,"{""cpu_util_avg"": {""mean"": 10.001588333333332, ""max"": 10.007979}, ""cpu_util_min"": {""mean"": 10.001588333333332, ""max"": 10.007979}, ""cpu_util_max"": {""mean"": 10.001588333333332, ""max"": 10.007979}, ""cpu_util_0"": {""mean"": 10.001588333333332, ""max"": 10.007979}, ""cpu_util_1"": {""mean"": 10.001588333333332, ""max"": 10.007979}, ""cpu_util_2"": {""mean"": 10.001588333333332, ""max"": 10.007979}, ""cpu_util_3"": {""mean"": 10.001588333333332, ""max"": 10.007979}, ""cpu_util_4"": {""mean"": 10.001588333333332, ""max"": 10.007979}, ""cpu_util_5"": {""mean"": 10.001588333333332, ""max"": 10.007979}, ""cpu_util_6"": {""mean"": 10.001588333333332, ""max"": 10.007979}, ""cpu_util_7"": {""mean"": 10.001588333333332, ""max"": 10.007979}, ""cpu_util_8"": {""mean"": 10.001588333333332, ""max"": 10.007979}, ""cpu_util_9"": {""mean"": 10.001588333333332, ""max"": 10.007979}, ""cpu_util_10"": {""mean"": 10.001588333333332, ""max"": 10.007979}, ""cpu_util_11"": {""mean"": 10.001588333333332, ""max"": 10.007979}, ""memory"": {""mean"": 0.7863466666666666, ""max"": 0.786469}, ""io_read_count"": {""mean"": 12221.928675666664, ""max"": 12269.782206}, ""io_write_count"": {""mean"": 20.003176333333332, ""max"": 20.015958}, ""io_read"": {""mean"": 0.0, ""max"": 0.0}, ""io_write"": {""mean"": 0.0, ""max"": 0.0}, ""gpu_util_avg"": {""mean"": 0.0, ""max"": 0.0}, ""gpu_util_min"": {""mean"": 0.0, ""max"": 0.0}, ""gpu_util_max"": {""mean"": 0.0, ""max"": 0.0}, ""gpu_util_0"": {""mean"": 0.0, ""max"": 0.0}, ""gpu_band_avg"": {""mean"": 0.0, ""max"": 0.0}, ""gpu_band_min"": {""mean"": 0.0, ""max"": 0.0}, ""gpu_band_max"": {""mean"": 0.0, ""max"": 0.0}, ""gpu_band_0"": {""mean"": 0.0, ""max"": 0.0}, ""gpu_mem_avg"": {""mean"": 0.0, ""max"": 0.0}, ""gpu_mem_min"": {""mean"": 0.0, ""max"": 0.0}, ""gpu_mem_max"": {""mean"": 0.0, ""max"": 0.0}, ""gpu_mem_0"": {""mean"": 0.0, ""max"": 0.0}}","{""total"": {""kind"": ""scalar"", ""value"": 23999994000000.0}}","[JUmPER]: a benchmark measurement spent at least 14ms of its 112ms on 31380 page faults - the cost of touching memory inherited from the prefix rather than of the cell itself. Cells working over large Python objects are affected most, and the timing understates them. Re-run with --replay-mode full for a number that does not carry this.",
python_objects,sum,full,full,False,9,1,ok,0.022859,0.282313,3.2492,3.265,,{},"{""total"": {""kind"": ""scalar"", ""value"": 23999994000000.0}}",,
python_objects,sum,full,full,False,10,0,ok,0.02668,0.302695,3.2588,3.2784,,"{""cpu_util_avg"": {""mean"": 9.995702, ""max"": 9.995702}, ""cpu_util_min"": {""mean"": 9.995702, ""max"": 9.995702}, ""cpu_util_max"": {""mean"": 9.995702, ""max"": 9.995702}, ""cpu_util_0"": {""mean"": 9.995702, ""max"": 9.995702}, ""cpu_util_1"": {""mean"": 9.995702, ""max"": 9.995702}, ""cpu_util_2"": {""mean"": 9.995702, ""max"": 9.995702}, ""cpu_util_3"": {""mean"": 9.995702, ""max"": 9.995702}, ""cpu_util_4"": {""mean"": 9.995702, ""max"": 9.995702}, ""cpu_util_5"": {""mean"": 9.995702, ""max"": 9.995702}, ""cpu_util_6"": {""mean"": 9.995702, ""max"": 9.995702}, ""cpu_util_7"": {""mean"": 9.995702, ""max"": 9.995702}, ""cpu_util_8"": {""mean"": 9.995702, ""max"": 9.995702}, ""cpu_util_9"": {""mean"": 9.995702, ""max"": 9.995702}, ""cpu_util_10"": {""mean"": 9.995702, ""max"": 9.995702}, ""cpu_util_11"": {""mean"": 9.995702, ""max"": 9.995702}, ""memory"": {""mean"": 0.362831, ""max"": 0.362831}, ""io_read_count"": {""mean"": 11654.989055, ""max"": 11654.989055}, ""io_write_count"": {""mean"": 19.991405, ""max"": 19.991405}, ""io_read"": {""mean"": 0.0, ""max"": 0.0}, ""io_write"": {""mean"": 0.0, ""max"": 0.0}, ""gpu_util_avg"": {""mean"": 0.0, ""max"": 0.0}, ""gpu_util_min"": {""mean"": 0.0, ""max"": 0.0}, ""gpu_util_max"": {""mean"": 0.0, ""max"": 0.0}, ""gpu_util_0"": {""mean"": 0.0, ""max"": 0.0}, ""gpu_band_avg"": {""mean"": 0.0, ""max"": 0.0}, ""gpu_band_min"": {""mean"": 0.0, ""max"": 0.0}, ""gpu_band_max"": {""mean"": 0.0, ""max"": 0.0}, ""gpu_band_0"": {""mean"": 0.0, ""max"": 0.0}, ""gpu_mem_avg"": {""mean"": 0.0, ""max"": 0.0}, ""gpu_mem_min"": {""mean"": 0.0, ""max"": 0.0}, ""gpu_mem_max"": {""mean"": 0.0, ""max"": 0.0}, ""gpu_mem_0"": {""mean"": 0.0, ""max"": 0.0}}","{""total"": {""kind"": ""scalar"", ""value"": 23999994000000.0}}",,
python_objects,sum,fork,fork,False,10,1,ok,0.122606,0.0,0.2824,0.3013,31381.0,"{""cpu_util_avg"": {""mean"": 9.439475666666667, ""max"": 11.653572}, ""cpu_util_min"": {""mean"": 9.439475666666667, ""max"": 11.653572}, ""cpu_util_max"": {""mean"": 9.439475666666667, ""max"": 11.653572}, ""cpu_util_0"": {""mean"": 9.439475666666667, ""max"": 11.653572}, ""cpu_util_1"": {""mean"": 9.439475666666667, ""max"": 11.653572}, ""cpu_util_2"": {""mean"": 9.439475666666667, ""max"": 11.653572}, ""cpu_util_3"": {""mean"": 9.439475666666667, ""max"": 11.653572}, ""cpu_util_4"": {""mean"": 9.439475666666667, ""max"": 11.653572}, ""cpu_util_5"": {""mean"": 9.439475666666667, ""max"": 11.653572}, ""cpu_util_6"": {""mean"": 9.439475666666667, ""max"": 11.653572}, ""cpu_util_7"": {""mean"": 9.439475666666667, ""max"": 11.653572}, ""cpu_util_8"": {""mean"": 9.439475666666667, ""max"": 11.653572}, ""cpu_util_9"": {""mean"": 9.439475666666667, ""max"": 11.653572}, ""cpu_util_10"": {""mean"": 9.439475666666667, ""max"": 11.653572}, ""cpu_util_11"": {""mean"": 9.439475666666667, ""max"": 11.653572}, ""memory"": {""mean"": 0.7863466666666666, ""max"": 0.786469}, ""io_read_count"": {""mean"": 11716.121121999999, ""max"": 11730.921724}, ""io_write_count"": {""mean"": 19.993380666666667, ""max"": 20.018638}, ""io_read"": {""mean"": 0.0, ""max"": 0.0}, ""io_write"": {""mean"": 0.0, ""max"": 0.0}, ""gpu_util_avg"": {""mean"": 0.0, ""max"": 0.0}, ""gpu_util_min"": {""mean"": 0.0, ""max"": 0.0}, ""gpu_util_max"": {""mean"": 0.0, ""max"": 0.0}, ""gpu_util_0"": {""mean"": 0.0, ""max"": 0.0}, ""gpu_band_avg"": {""mean"": 0.0, ""max"": 0.0}, ""gpu_band_min"": {""mean"": 0.0, ""max"": 0.0}, ""gpu_band_max"": {""mean"": 0.0, ""max"": 0.0}, ""gpu_band_0"": {""mean"": 0.0, ""max"": 0.0}, ""gpu_mem_avg"": {""mean"": 0.0, ""max"": 0.0}, ""gpu_mem_min"": {""mean"": 0.0, ""max"": 0.0}, ""gpu_mem_max"": {""mean"": 0.0, ""max"": 0.0}, ""gpu_mem_0"": {""mean"": 0.0, ""max"": 0.0}}","{""total"": {""kind"": ""scalar"", ""value"": 23999994000000.0}}","[JUmPER]: a benchmark measurement spent at least 14ms of its 123ms on 31381 page faults - the cost of touching memory inherited from the prefix rather than of the cell itself. Cells working over large Python objects are affected most, and the timing understates them. Re-run with --replay-mode full for a number that does not carry this.",
memmap_scan,scan,full,full,False,0,0,ok,0.011136,0.021711,3.2427,3.257,,{},"{""total"": {""kind"": ""scalar"", ""value"": 312499987500000.0}}",,
memmap_scan,scan,fork,fork,False,0,1,ok,0.021268,0.0,0.1964,0.2129,3081.0,{},"{""total"": {""kind"": ""scalar"", ""value"": 312499987500000.0}}","[JUmPER]: a benchmark measurement spent at least 2ms of its 21ms on 3081 page faults - the cost of touching memory inherited from the prefix rather than of the cell itself. Cells working over large Python objects are affected most, and the timing understates them. Re-run with --replay-mode full for a number that does not carry this.",
memmap_scan,scan,fork,fork,False,1,0,ok,0.022561,0.0,0.1725,0.194,3081.0,"{""cpu_util_avg"": {""mean"": 9.998083, ""max"": 9.998083}, ""cpu_util_min"": {""mean"": 9.998083, ""max"": 9.998083}, ""cpu_util_max"": {""mean"": 9.998083, ""max"": 9.998083}, ""cpu_util_0"": {""mean"": 9.998083, ""max"": 9.998083}, ""cpu_util_1"": {""mean"": 9.998083, ""max"": 9.998083}, ""cpu_util_2"": {""mean"": 9.998083, ""max"": 9.998083}, ""cpu_util_3"": {""mean"": 9.998083, ""max"": 9.998083}, ""cpu_util_4"": {""mean"": 9.998083, ""max"": 9.998083}, ""cpu_util_5"": {""mean"": 9.998083, ""max"": 9.998083}, ""cpu_util_6"": {""mean"": 9.998083, ""max"": 9.998083}, ""cpu_util_7"": {""mean"": 9.998083, ""max"": 9.998083}, ""cpu_util_8"": {""mean"": 9.998083, ""max"": 9.998083}, ""cpu_util_9"": {""mean"": 9.998083, ""max"": 9.998083}, ""cpu_util_10"": {""mean"": 9.998083, ""max"": 9.998083}, ""cpu_util_11"": {""mean"": 9.998083, ""max"": 9.998083}, ""memory"": {""mean"": 0.803646, ""max"": 0.803646}, ""io_read_count"": {""mean"": 12397.623376, ""max"": 12397.623376}, ""io_write_count"": {""mean"": 19.996167, ""max"": 19.996167}, ""io_read"": {""mean"": 0.0, ""max"": 0.0}, ""io_write"": {""mean"": 0.0, ""max"": 0.0}, ""gpu_util_avg"": {""mean"": 0.0, ""max"": 0.0}, ""gpu_util_min"": {""mean"": 0.0, ""max"": 0.0}, ""gpu_util_max"": {""mean"": 0.0, ""max"": 0.0}, ""gpu_util_0"": {""mean"": 0.0, ""max"": 0.0}, ""gpu_band_avg"": {""mean"": 0.0, ""max"": 0.0}, ""gpu_band_min"": {""mean"": 0.0, ""max"": 0.0}, ""gpu_band_max"": {""mean"": 0.0, ""max"": 0.0}, ""gpu_band_0"": {""mean"": 0.0, ""max"": 0.0}, ""gpu_mem_avg"": {""mean"": 0.0, ""max"": 0.0}, ""gpu_mem_min"": {""mean"": 0.0, ""max"": 0.0}, ""gpu_mem_max"": {""mean"": 0.0, ""max"": 0.0}, ""gpu_mem_0"": {""mean"": 0.0, ""max"": 0.0}}","{""total"": {""kind"": ""scalar"", ""value"": 312499987500000.0}}","[JUmPER]: a benchmark measurement spent at least 2ms of its 23ms on 3081 page faults - the cost of touching memory inherited from the prefix rather than of the cell itself. Cells working over large Python objects are affected most, and the timing understates them. Re-run with --replay-mode full for a number that does not carry this.",
memmap_scan,scan,full,full,False,1,1,ok,0.010399,0.022338,3.3972,3.408,,{},"{""total"": {""kind"": ""scalar"", ""value"": 312499987500000.0}}",,
memmap_scan,scan,full,full,False,2,0,ok,0.009951,0.018563,2.9118,2.9233,,{},"{""total"": {""kind"": ""scalar"", ""value"": 312499987500000.0}}",,
memmap_scan,scan,fork,fork,False,2,1,ok,0.01965,0.0,0.1666,0.1852,3081.0,"{""cpu_util_avg"": {""mean"": 11.673378, ""max"": 11.673378}, ""cpu_util_min"": {""mean"": 11.673378, ""max"": 11.673378}, ""cpu_util_max"": {""mean"": 11.673378, ""max"": 11.673378}, ""cpu_util_0"": {""mean"": 11.673378, ""max"": 11.673378}, ""cpu_util_1"": {""mean"": 11.673378, ""max"": 11.673378}, ""cpu_util_2"": {""mean"": 11.673378, ""max"": 11.673378}, ""cpu_util_3"": {""mean"": 11.673378, ""max"": 11.673378}, ""cpu_util_4"": {""mean"": 11.673378, ""max"": 11.673378}, ""cpu_util_5"": {""mean"": 11.673378, ""max"": 11.673378}, ""cpu_util_6"": {""mean"": 11.673378, ""max"": 11.673378}, ""cpu_util_7"": {""mean"": 11.673378, ""max"": 11.673378}, ""cpu_util_8"": {""mean"": 11.673378, ""max"": 11.673378}, ""cpu_util_9"": {""mean"": 11.673378, ""max"": 11.673378}, ""cpu_util_10"": {""mean"": 11.673378, ""max"": 11.673378}, ""cpu_util_11"": {""mean"": 11.673378, ""max"": 11.673378}, ""memory"": {""mean"": 0.827084, ""max"": 0.827084}, ""io_read_count"": {""mean"": 11726.741704, ""max"": 11726.741704}, ""io_write_count"": {""mean"": 20.011505, ""max"": 20.011505}, ""io_read"": {""mean"": 0.0, ""max"": 0.0}, ""io_write"": {""mean"": 0.0, ""max"": 0.0}, ""gpu_util_avg"": {""mean"": 0.0, ""max"": 0.0}, ""gpu_util_min"": {""mean"": 0.0, ""max"": 0.0}, ""gpu_util_max"": {""mean"": 0.0, ""max"": 0.0}, ""gpu_util_0"": {""mean"": 0.0, ""max"": 0.0}, ""gpu_band_avg"": {""mean"": 0.0, ""max"": 0.0}, ""gpu_band_min"": {""mean"": 0.0, ""max"": 0.0}, ""gpu_band_max"": {""mean"": 0.0, ""max"": 0.0}, ""gpu_band_0"": {""mean"": 0.0, ""max"": 0.0}, ""gpu_mem_avg"": {""mean"": 0.0, ""max"": 0.0}, ""gpu_mem_min"": {""mean"": 0.0, ""max"": 0.0}, ""gpu_mem_max"": {""mean"": 0.0, ""max"": 0.0}, ""gpu_mem_0"": {""mean"": 0.0, ""max"": 0.0}}","{""total"": {""kind"": ""scalar"", ""value"": 312499987500000.0}}","[JUmPER]: a benchmark measurement spent at least 2ms of its 20ms on 3081 page faults - the cost of touching memory inherited from the prefix rather than of the cell itself. Cells working over large Python objects are affected most, and the timing understates them. Re-run with --replay-mode full for a number that does not carry this.",
memmap_scan,scan,fork,fork,False,3,0,ok,0.019367,0.0,0.1647,0.185,3081.0,"{""cpu_util_avg"": {""mean"": 13.325881, ""max"": 13.325881}, ""cpu_util_min"": {""mean"": 13.325881, ""max"": 13.325881}, ""cpu_util_max"": {""mean"": 13.325881, ""max"": 13.325881}, ""cpu_util_0"": {""mean"": 13.325881, ""max"": 13.325881}, ""cpu_util_1"": {""mean"": 13.325881, ""max"": 13.325881}, ""cpu_util_2"": {""mean"": 13.325881, ""max"": 13.325881}, ""cpu_util_3"": {""mean"": 13.325881, ""max"": 13.325881}, ""cpu_util_4"": {""mean"": 13.325881, ""max"": 13.325881}, ""cpu_util_5"": {""mean"": 13.325881, ""max"": 13.325881}, ""cpu_util_6"": {""mean"": 13.325881, ""max"": 13.325881}, ""cpu_util_7"": {""mean"": 13.325881, ""max"": 13.325881}, ""cpu_util_8"": {""mean"": 13.325881, ""max"": 13.325881}, ""cpu_util_9"": {""mean"": 13.325881, ""max"": 13.325881}, ""cpu_util_10"": {""mean"": 13.325881, ""max"": 13.325881}, ""cpu_util_11"": {""mean"": 13.325881, ""max"": 13.325881}, ""memory"": {""mean"": 0.836117, ""max"": 0.836117}, ""io_read_count"": {""mean"": 11713.449605, ""max"": 11713.449605}, ""io_write_count"": {""mean"": 19.988822, ""max"": 19.988822}, ""io_read"": {""mean"": 0.0, ""max"": 0.0}, ""io_write"": {""mean"": 0.0, ""max"": 0.0}, ""gpu_util_avg"": {""mean"": 0.0, ""max"": 0.0}, ""gpu_util_min"": {""mean"": 0.0, ""max"": 0.0}, ""gpu_util_max"": {""mean"": 0.0, ""max"": 0.0}, ""gpu_util_0"": {""mean"": 0.0, ""max"": 0.0}, ""gpu_band_avg"": {""mean"": 0.0, ""max"": 0.0}, ""gpu_band_min"": {""mean"": 0.0, ""max"": 0.0}, ""gpu_band_max"": {""mean"": 0.0, ""max"": 0.0}, ""gpu_band_0"": {""mean"": 0.0, ""max"": 0.0}, ""gpu_mem_avg"": {""mean"": 0.0, ""max"": 0.0}, ""gpu_mem_min"": {""mean"": 0.0, ""max"": 0.0}, ""gpu_mem_max"": {""mean"": 0.0, ""max"": 0.0}, ""gpu_mem_0"": {""mean"": 0.0, ""max"": 0.0}}","{""total"": {""kind"": ""scalar"", ""value"": 312499987500000.0}}","[JUmPER]: a benchmark measurement spent at least 2ms of its 19ms on 3081 page faults - the cost of touching memory inherited from the prefix rather than of the cell itself. Cells working over large Python objects are affected most, and the timing understates them. Re-run with --replay-mode full for a number that does not carry this.",
memmap_scan,scan,full,full,False,3,1,ok,0.010495,0.0195,3.0175,3.0292,,{},"{""total"": {""kind"": ""scalar"", ""value"": 312499987500000.0}}",,
memmap_scan,scan,full,full,False,4,0,ok,0.010978,0.020785,3.048,3.0584,,{},"{""total"": {""kind"": ""scalar"", ""value"": 312499987500000.0}}",,
memmap_scan,scan,fork,fork,False,4,1,ok,0.021178,0.0,0.1663,0.1864,3081.0,"{""cpu_util_avg"": {""mean"": 8.331784, ""max"": 8.331784}, ""cpu_util_min"": {""mean"": 8.331784, ""max"": 8.331784}, ""cpu_util_max"": {""mean"": 8.331784, ""max"": 8.331784}, ""cpu_util_0"": {""mean"": 8.331784, ""max"": 8.331784}, ""cpu_util_1"": {""mean"": 8.331784, ""max"": 8.331784}, ""cpu_util_2"": {""mean"": 8.331784, ""max"": 8.331784}, ""cpu_util_3"": {""mean"": 8.331784, ""max"": 8.331784}, ""cpu_util_4"": {""mean"": 8.331784, ""max"": 8.331784}, ""cpu_util_5"": {""mean"": 8.331784, ""max"": 8.331784}, ""cpu_util_6"": {""mean"": 8.331784, ""max"": 8.331784}, ""cpu_util_7"": {""mean"": 8.331784, ""max"": 8.331784}, ""cpu_util_8"": {""mean"": 8.331784, ""max"": 8.331784}, ""cpu_util_9"": {""mean"": 8.331784, ""max"": 8.331784}, ""cpu_util_10"": {""mean"": 8.331784, ""max"": 8.331784}, ""cpu_util_11"": {""mean"": 8.331784, ""max"": 8.331784}, ""memory"": {""mean"": 0.83453, ""max"": 0.83453}, ""io_read_count"": {""mean"": 11717.82072, ""max"": 11717.82072}, ""io_write_count"": {""mean"": 19.996281, ""max"": 19.996281}, ""io_read"": {""mean"": 0.0, ""max"": 0.0}, ""io_write"": {""mean"": 0.0, ""max"": 0.0}, ""gpu_util_avg"": {""mean"": 0.0, ""max"": 0.0}, ""gpu_util_min"": {""mean"": 0.0, ""max"": 0.0}, ""gpu_util_max"": {""mean"": 0.0, ""max"": 0.0}, ""gpu_util_0"": {""mean"": 0.0, ""max"": 0.0}, ""gpu_band_avg"": {""mean"": 0.0, ""max"": 0.0}, ""gpu_band_min"": {""mean"": 0.0, ""max"": 0.0}, ""gpu_band_max"": {""mean"": 0.0, ""max"": 0.0}, ""gpu_band_0"": {""mean"": 0.0, ""max"": 0.0}, ""gpu_mem_avg"": {""mean"": 0.0, ""max"": 0.0}, ""gpu_mem_min"": {""mean"": 0.0, ""max"": 0.0}, ""gpu_mem_max"": {""mean"": 0.0, ""max"": 0.0}, ""gpu_mem_0"": {""mean"": 0.0, ""max"": 0.0}}","{""total"": {""kind"": ""scalar"", ""value"": 312499987500000.0}}","[JUmPER]: a benchmark measurement spent at least 2ms of its 21ms on 3081 page faults - the cost of touching memory inherited from the prefix rather than of the cell itself. Cells working over large Python objects are affected most, and the timing understates them. Re-run with --replay-mode full for a number that does not carry this.",
memmap_scan,scan,fork,fork,False,5,0,ok,0.020628,0.0,0.1695,0.1923,3081.0,"{""cpu_util_avg"": {""mean"": 8.33823, ""max"": 8.33823}, ""cpu_util_min"": {""mean"": 8.33823, ""max"": 8.33823}, ""cpu_util_max"": {""mean"": 8.33823, ""max"": 8.33823}, ""cpu_util_0"": {""mean"": 8.33823, ""max"": 8.33823}, ""cpu_util_1"": {""mean"": 8.33823, ""max"": 8.33823}, ""cpu_util_2"": {""mean"": 8.33823, ""max"": 8.33823}, ""cpu_util_3"": {""mean"": 8.33823, ""max"": 8.33823}, ""cpu_util_4"": {""mean"": 8.33823, ""max"": 8.33823}, ""cpu_util_5"": {""mean"": 8.33823, ""max"": 8.33823}, ""cpu_util_6"": {""mean"": 8.33823, ""max"": 8.33823}, ""cpu_util_7"": {""mean"": 8.33823, ""max"": 8.33823}, ""cpu_util_8"": {""mean"": 8.33823, ""max"": 8.33823}, ""cpu_util_9"": {""mean"": 8.33823, ""max"": 8.33823}, ""cpu_util_10"": {""mean"": 8.33823, ""max"": 8.33823}, ""cpu_util_11"": {""mean"": 8.33823, ""max"": 8.33823}, ""memory"": {""mean"": 0.811703, ""max"": 0.811703}, ""io_read_count"": {""mean"": 11726.886731, ""max"": 11726.886731}, ""io_write_count"": {""mean"": 20.011752, ""max"": 20.011752}, ""io_read"": {""mean"": 0.0, ""max"": 0.0}, ""io_write"": {""mean"": 0.0, ""max"": 0.0}, ""gpu_util_avg"": {""mean"": 0.0, ""max"": 0.0}, ""gpu_util_min"": {""mean"": 0.0, ""max"": 0.0}, ""gpu_util_max"": {""mean"": 0.0, ""max"": 0.0}, ""gpu_util_0"": {""mean"": 0.0, ""max"": 0.0}, ""gpu_band_avg"": {""mean"": 0.0, ""max"": 0.0}, ""gpu_band_min"": {""mean"": 0.0, ""max"": 0.0}, ""gpu_band_max"": {""mean"": 0.0, ""max"": 0.0}, ""gpu_band_0"": {""mean"": 0.0, ""max"": 0.0}, ""gpu_mem_avg"": {""mean"": 0.0, ""max"": 0.0}, ""gpu_mem_min"": {""mean"": 0.0, ""max"": 0.0}, ""gpu_mem_max"": {""mean"": 0.0, ""max"": 0.0}, ""gpu_mem_0"": {""mean"": 0.0, ""max"": 0.0}}","{""total"": {""kind"": ""scalar"", ""value"": 312499987500000.0}}","[JUmPER]: a benchmark measurement spent at least 2ms of its 21ms on 3081 page faults - the cost of touching memory inherited from the prefix rather than of the cell itself. Cells working over large Python objects are affected most, and the timing understates them. Re-run with --replay-mode full for a number that does not carry this.",
memmap_scan,scan,full,full,False,5,1,ok,0.011003,0.018673,2.9175,2.9292,,{},"{""total"": {""kind"": ""scalar"", ""value"": 312499987500000.0}}",,
memmap_scan,scan,full,full,False,6,0,ok,0.010403,0.02001,3.0327,3.0432,,{},"{""total"": {""kind"": ""scalar"", ""value"": 312499987500000.0}}",,
memmap_scan,scan,fork,fork,False,6,1,ok,0.019095,0.0,0.1653,0.1896,3081.0,"{""cpu_util_avg"": {""mean"": 6.672809, ""max"": 6.672809}, ""cpu_util_min"": {""mean"": 6.672809, ""max"": 6.672809}, ""cpu_util_max"": {""mean"": 6.672809, ""max"": 6.672809}, ""cpu_util_0"": {""mean"": 6.672809, ""max"": 6.672809}, ""cpu_util_1"": {""mean"": 6.672809, ""max"": 6.672809}, ""cpu_util_2"": {""mean"": 6.672809, ""max"": 6.672809}, ""cpu_util_3"": {""mean"": 6.672809, ""max"": 6.672809}, ""cpu_util_4"": {""mean"": 6.672809, ""max"": 6.672809}, ""cpu_util_5"": {""mean"": 6.672809, ""max"": 6.672809}, ""cpu_util_6"": {""mean"": 6.672809, ""max"": 6.672809}, ""cpu_util_7"": {""mean"": 6.672809, ""max"": 6.672809}, ""cpu_util_8"": {""mean"": 6.672809, ""max"": 6.672809}, ""cpu_util_9"": {""mean"": 6.672809, ""max"": 6.672809}, ""cpu_util_10"": {""mean"": 6.672809, ""max"": 6.672809}, ""cpu_util_11"": {""mean"": 6.672809, ""max"": 6.672809}, ""memory"": {""mean"": 0.832333, ""max"": 0.832333}, ""io_read_count"": {""mean"": 12271.296219, ""max"": 12271.296219}, ""io_write_count"": {""mean"": 20.018428, ""max"": 20.018428}, ""io_read"": {""mean"": 0.0, ""max"": 0.0}, ""io_write"": {""mean"": 0.0, ""max"": 0.0}, ""gpu_util_avg"": {""mean"": 0.0, ""max"": 0.0}, ""gpu_util_min"": {""mean"": 0.0, ""max"": 0.0}, ""gpu_util_max"": {""mean"": 0.0, ""max"": 0.0}, ""gpu_util_0"": {""mean"": 0.0, ""max"": 0.0}, ""gpu_band_avg"": {""mean"": 0.0, ""max"": 0.0}, ""gpu_band_min"": {""mean"": 0.0, ""max"": 0.0}, ""gpu_band_max"": {""mean"": 0.0, ""max"": 0.0}, ""gpu_band_0"": {""mean"": 0.0, ""max"": 0.0}, ""gpu_mem_avg"": {""mean"": 0.0, ""max"": 0.0}, ""gpu_mem_min"": {""mean"": 0.0, ""max"": 0.0}, ""gpu_mem_max"": {""mean"": 0.0, ""max"": 0.0}, ""gpu_mem_0"": {""mean"": 0.0, ""max"": 0.0}}","{""total"": {""kind"": ""scalar"", ""value"": 312499987500000.0}}","[JUmPER]: a benchmark measurement spent at least 2ms of its 19ms on 3081 page faults - the cost of touching memory inherited from the prefix rather than of the cell itself. Cells working over large Python objects are affected most, and the timing understates them. Re-run with --replay-mode full for a number that does not carry this.",
memmap_scan,scan,fork,fork,False,7,0,ok,0.018943,0.0,0.1626,0.2198,3082.0,"{""cpu_util_avg"": {""mean"": 9.998221, ""max"": 9.998221}, ""cpu_util_min"": {""mean"": 9.998221, ""max"": 9.998221}, ""cpu_util_max"": {""mean"": 9.998221, ""max"": 9.998221}, ""cpu_util_0"": {""mean"": 9.998221, ""max"": 9.998221}, ""cpu_util_1"": {""mean"": 9.998221, ""max"": 9.998221}, ""cpu_util_2"": {""mean"": 9.998221, ""max"": 9.998221}, ""cpu_util_3"": {""mean"": 9.998221, ""max"": 9.998221}, ""cpu_util_4"": {""mean"": 9.998221, ""max"": 9.998221}, ""cpu_util_5"": {""mean"": 9.998221, ""max"": 9.998221}, ""cpu_util_6"": {""mean"": 9.998221, ""max"": 9.998221}, ""cpu_util_7"": {""mean"": 9.998221, ""max"": 9.998221}, ""cpu_util_8"": {""mean"": 9.998221, ""max"": 9.998221}, ""cpu_util_9"": {""mean"": 9.998221, ""max"": 9.998221}, ""cpu_util_10"": {""mean"": 9.998221, ""max"": 9.998221}, ""cpu_util_11"": {""mean"": 9.998221, ""max"": 9.998221}, ""memory"": {""mean"": 0.841366, ""max"": 0.841366}, ""io_read_count"": {""mean"": 11717.915149, ""max"": 11717.915149}, ""io_write_count"": {""mean"": 19.996442, ""max"": 19.996442}, ""io_read"": {""mean"": 0.0, ""max"": 0.0}, ""io_write"": {""mean"": 0.0, ""max"": 0.0}, ""gpu_util_avg"": {""mean"": 0.0, ""max"": 0.0}, ""gpu_util_min"": {""mean"": 0.0, ""max"": 0.0}, ""gpu_util_max"": {""mean"": 0.0, ""max"": 0.0}, ""gpu_util_0"": {""mean"": 0.0, ""max"": 0.0}, ""gpu_band_avg"": {""mean"": 0.0, ""max"": 0.0}, ""gpu_band_min"": {""mean"": 0.0, ""max"": 0.0}, ""gpu_band_max"": {""mean"": 0.0, ""max"": 0.0}, ""gpu_band_0"": {""mean"": 0.0, ""max"": 0.0}, ""gpu_mem_avg"": {""mean"": 0.0, ""max"": 0.0}, ""gpu_mem_min"": {""mean"": 0.0, ""max"": 0.0}, ""gpu_mem_max"": {""mean"": 0.0, ""max"": 0.0}, ""gpu_mem_0"": {""mean"": 0.0, ""max"": 0.0}}","{""total"": {""kind"": ""scalar"", ""value"": 312499987500000.0}}","[JUmPER]: a benchmark measurement spent at least 2ms of its 19ms on 3082 page faults - the cost of touching memory inherited from the prefix rather than of the cell itself. Cells working over large Python objects are affected most, and the timing understates them. Re-run with --replay-mode full for a number that does not carry this.",
memmap_scan,scan,full,full,False,7,1,ok,0.011245,0.021671,3.0558,3.0698,,{},"{""total"": {""kind"": ""scalar"", ""value"": 312499987500000.0}}",,
memmap_scan,scan,full,full,False,8,0,ok,0.014127,0.021656,3.3377,3.3502,,{},"{""total"": {""kind"": ""scalar"", ""value"": 312499987500000.0}}",,
memmap_scan,scan,fork,fork,False,8,1,ok,0.021117,0.0,0.1766,0.202,3081.0,"{""cpu_util_avg"": {""mean"": 10.003636, ""max"": 10.003636}, ""cpu_util_min"": {""mean"": 10.003636, ""max"": 10.003636}, ""cpu_util_max"": {""mean"": 10.003636, ""max"": 10.003636}, ""cpu_util_0"": {""mean"": 10.003636, ""max"": 10.003636}, ""cpu_util_1"": {""mean"": 10.003636, ""max"": 10.003636}, ""cpu_util_2"": {""mean"": 10.003636, ""max"": 10.003636}, ""cpu_util_3"": {""mean"": 10.003636, ""max"": 10.003636}, ""cpu_util_4"": {""mean"": 10.003636, ""max"": 10.003636}, ""cpu_util_5"": {""mean"": 10.003636, ""max"": 10.003636}, ""cpu_util_6"": {""mean"": 10.003636, ""max"": 10.003636}, ""cpu_util_7"": {""mean"": 10.003636, ""max"": 10.003636}, ""cpu_util_8"": {""mean"": 10.003636, ""max"": 10.003636}, ""cpu_util_9"": {""mean"": 10.003636, ""max"": 10.003636}, ""cpu_util_10"": {""mean"": 10.003636, ""max"": 10.003636}, ""cpu_util_11"": {""mean"": 10.003636, ""max"": 10.003636}, ""memory"": {""mean"": 0.805847, ""max"": 0.805847}, ""io_read_count"": {""mean"": 11724.261299, ""max"": 11724.261299}, ""io_write_count"": {""mean"": 20.007272, ""max"": 20.007272}, ""io_read"": {""mean"": 0.0, ""max"": 0.0}, ""io_write"": {""mean"": 0.0, ""max"": 0.0}, ""gpu_util_avg"": {""mean"": 0.0, ""max"": 0.0}, ""gpu_util_min"": {""mean"": 0.0, ""max"": 0.0}, ""gpu_util_max"": {""mean"": 0.0, ""max"": 0.0}, ""gpu_util_0"": {""mean"": 0.0, ""max"": 0.0}, ""gpu_band_avg"": {""mean"": 0.0, ""max"": 0.0}, ""gpu_band_min"": {""mean"": 0.0, ""max"": 0.0}, ""gpu_band_max"": {""mean"": 0.0, ""max"": 0.0}, ""gpu_band_0"": {""mean"": 0.0, ""max"": 0.0}, ""gpu_mem_avg"": {""mean"": 0.0, ""max"": 0.0}, ""gpu_mem_min"": {""mean"": 0.0, ""max"": 0.0}, ""gpu_mem_max"": {""mean"": 0.0, ""max"": 0.0}, ""gpu_mem_0"": {""mean"": 0.0, ""max"": 0.0}}","{""total"": {""kind"": ""scalar"", ""value"": 312499987500000.0}}","[JUmPER]: a benchmark measurement spent at least 2ms of its 21ms on 3081 page faults - the cost of touching memory inherited from the prefix rather than of the cell itself. Cells working over large Python objects are affected most, and the timing understates them. Re-run with --replay-mode full for a number that does not carry this.",
memmap_scan,scan,fork,fork,False,9,0,ok,0.02238,0.0,0.1736,0.1975,3081.0,"{""cpu_util_avg"": {""mean"": 8.336011, ""max"": 8.336011}, ""cpu_util_min"": {""mean"": 8.336011, ""max"": 8.336011}, ""cpu_util_max"": {""mean"": 8.336011, ""max"": 8.336011}, ""cpu_util_0"": {""mean"": 8.336011, ""max"": 8.336011}, ""cpu_util_1"": {""mean"": 8.336011, ""max"": 8.336011}, ""cpu_util_2"": {""mean"": 8.336011, ""max"": 8.336011}, ""cpu_util_3"": {""mean"": 8.336011, ""max"": 8.336011}, ""cpu_util_4"": {""mean"": 8.336011, ""max"": 8.336011}, ""cpu_util_5"": {""mean"": 8.336011, ""max"": 8.336011}, ""cpu_util_6"": {""mean"": 8.336011, ""max"": 8.336011}, ""cpu_util_7"": {""mean"": 8.336011, ""max"": 8.336011}, ""cpu_util_8"": {""mean"": 8.336011, ""max"": 8.336011}, ""cpu_util_9"": {""mean"": 8.336011, ""max"": 8.336011}, ""cpu_util_10"": {""mean"": 8.336011, ""max"": 8.336011}, ""cpu_util_11"": {""mean"": 8.336011, ""max"": 8.336011}, ""memory"": {""mean"": 0.806946, ""max"": 0.806946}, ""io_read_count"": {""mean"": 11723.76544, ""max"": 11723.76544}, ""io_write_count"": {""mean"": 20.006426, ""max"": 20.006426}, ""io_read"": {""mean"": 0.0, ""max"": 0.0}, ""io_write"": {""mean"": 0.0, ""max"": 0.0}, ""gpu_util_avg"": {""mean"": 0.0, ""max"": 0.0}, ""gpu_util_min"": {""mean"": 0.0, ""max"": 0.0}, ""gpu_util_max"": {""mean"": 0.0, ""max"": 0.0}, ""gpu_util_0"": {""mean"": 0.0, ""max"": 0.0}, ""gpu_band_avg"": {""mean"": 0.0, ""max"": 0.0}, ""gpu_band_min"": {""mean"": 0.0, ""max"": 0.0}, ""gpu_band_max"": {""mean"": 0.0, ""max"": 0.0}, ""gpu_band_0"": {""mean"": 0.0, ""max"": 0.0}, ""gpu_mem_avg"": {""mean"": 0.0, ""max"": 0.0}, ""gpu_mem_min"": {""mean"": 0.0, ""max"": 0.0}, ""gpu_mem_max"": {""mean"": 0.0, ""max"": 0.0}, ""gpu_mem_0"": {""mean"": 0.0, ""max"": 0.0}}","{""total"": {""kind"": ""scalar"", ""value"": 312499987500000.0}}","[JUmPER]: a benchmark measurement spent at least 2ms of its 22ms on 3081 page faults - the cost of touching memory inherited from the prefix rather than of the cell itself. Cells working over large Python objects are affected most, and the timing understates them. Re-run with --replay-mode full for a number that does not carry this.",
memmap_scan,scan,full,full,False,9,1,ok,0.01046,0.018565,3.0017,3.0132,,{},"{""total"": {""kind"": ""scalar"", ""value"": 312499987500000.0}}",,
memmap_scan,scan,full,full,False,10,0,ok,0.010369,0.018695,2.8763,2.887,,{},"{""total"": {""kind"": ""scalar"", ""value"": 312499987500000.0}}",,
memmap_scan,scan,fork,fork,False,10,1,ok,0.02057,0.0,0.1625,0.1821,3082.0,"{""cpu_util_avg"": {""mean"": 9.991545, ""max"": 9.991545}, ""cpu_util_min"": {""mean"": 9.991545, ""max"": 9.991545}, ""cpu_util_max"": {""mean"": 9.991545, ""max"": 9.991545}, ""cpu_util_0"": {""mean"": 9.991545, ""max"": 9.991545}, ""cpu_util_1"": {""mean"": 9.991545, ""max"": 9.991545}, ""cpu_util_2"": {""mean"": 9.991545, ""max"": 9.991545}, ""cpu_util_3"": {""mean"": 9.991545, ""max"": 9.991545}, ""cpu_util_4"": {""mean"": 9.991545, ""max"": 9.991545}, ""cpu_util_5"": {""mean"": 9.991545, ""max"": 9.991545}, ""cpu_util_6"": {""mean"": 9.991545, ""max"": 9.991545}, ""cpu_util_7"": {""mean"": 9.991545, ""max"": 9.991545}, ""cpu_util_8"": {""mean"": 9.991545, ""max"": 9.991545}, ""cpu_util_9"": {""mean"": 9.991545, ""max"": 9.991545}, ""cpu_util_10"": {""mean"": 9.991545, ""max"": 9.991545}, ""cpu_util_11"": {""mean"": 9.991545, ""max"": 9.991545}, ""memory"": {""mean"": 0.843567, ""max"": 0.843567}, ""io_read_count"": {""mean"": 11710.090687, ""max"": 11710.090687}, ""io_write_count"": {""mean"": 19.98309, ""max"": 19.98309}, ""io_read"": {""mean"": 0.0, ""max"": 0.0}, ""io_write"": {""mean"": 0.0, ""max"": 0.0}, ""gpu_util_avg"": {""mean"": 0.0, ""max"": 0.0}, ""gpu_util_min"": {""mean"": 0.0, ""max"": 0.0}, ""gpu_util_max"": {""mean"": 0.0, ""max"": 0.0}, ""gpu_util_0"": {""mean"": 0.0, ""max"": 0.0}, ""gpu_band_avg"": {""mean"": 0.0, ""max"": 0.0}, ""gpu_band_min"": {""mean"": 0.0, ""max"": 0.0}, ""gpu_band_max"": {""mean"": 0.0, ""max"": 0.0}, ""gpu_band_0"": {""mean"": 0.0, ""max"": 0.0}, ""gpu_mem_avg"": {""mean"": 0.0, ""max"": 0.0}, ""gpu_mem_min"": {""mean"": 0.0, ""max"": 0.0}, ""gpu_mem_max"": {""mean"": 0.0, ""max"": 0.0}, ""gpu_mem_0"": {""mean"": 0.0, ""max"": 0.0}}","{""total"": {""kind"": ""scalar"", ""value"": 312499987500000.0}}","[JUmPER]: a benchmark measurement spent at least 2ms of its 21ms on 3082 page faults - the cost of touching memory inherited from the prefix rather than of the cell itself. Cells working over large Python objects are affected most, and the timing understates them. Re-run with --replay-mode full for a number that does not carry this.",
fast_rewrite,loop,full,full,False,0,0,ok,0.24446,0.016911,3.3012,3.3257,,"{""cpu_util_avg"": {""mean"": 8.997054, ""max"": 10.00108}, ""cpu_util_min"": {""mean"": 8.997054, ""max"": 10.00108}, ""cpu_util_max"": {""mean"": 8.997054, ""max"": 10.00108}, ""cpu_util_0"": {""mean"": 8.997054, ""max"": 10.00108}, ""cpu_util_1"": {""mean"": 8.997054, ""max"": 10.00108}, ""cpu_util_2"": {""mean"": 8.997054, ""max"": 10.00108}, ""cpu_util_3"": {""mean"": 8.997054, ""max"": 10.00108}, ""cpu_util_4"": {""mean"": 8.997054, ""max"": 10.00108}, ""cpu_util_5"": {""mean"": 8.997054, ""max"": 10.00108}, ""cpu_util_6"": {""mean"": 8.997054, ""max"": 10.00108}, ""cpu_util_7"": {""mean"": 8.997054, ""max"": 10.00108}, ""cpu_util_8"": {""mean"": 8.997054, ""max"": 10.00108}, ""cpu_util_9"": {""mean"": 8.997054, ""max"": 10.00108}, ""cpu_util_10"": {""mean"": 8.997054, ""max"": 10.00108}, ""cpu_util_11"": {""mean"": 8.997054, ""max"": 10.00108}, ""memory"": {""mean"": 0.22628939999999997, ""max"": 0.226509}, ""io_read_count"": {""mean"": 9424.137914800001, ""max"": 11781.272613}, ""io_write_count"": {""mean"": 16.0002342, ""max"": 20.002161}, ""io_read"": {""mean"": 0.0, ""max"": 0.0}, ""io_write"": {""mean"": 0.0, ""max"": 0.0}, ""gpu_util_avg"": {""mean"": 0.0, ""max"": 0.0}, ""gpu_util_min"": {""mean"": 0.0, ""max"": 0.0}, ""gpu_util_max"": {""mean"": 0.0, ""max"": 0.0}, ""gpu_util_0"": {""mean"": 0.0, ""max"": 0.0}, ""gpu_band_avg"": {""mean"": 0.0, ""max"": 0.0}, ""gpu_band_min"": {""mean"": 0.0, ""max"": 0.0}, ""gpu_band_max"": {""mean"": 0.0, ""max"": 0.0}, ""gpu_band_0"": {""mean"": 0.0, ""max"": 0.0}, ""gpu_mem_avg"": {""mean"": 0.0, ""max"": 0.0}, ""gpu_mem_min"": {""mean"": 0.0, ""max"": 0.0}, ""gpu_mem_max"": {""mean"": 0.0, ""max"": 0.0}, ""gpu_mem_0"": {""mean"": 0.0, ""max"": 0.0}}","{""total"": {""kind"": ""scalar"", ""value"": 1999999000000.0}}",,
fast_rewrite,loop,fork,fork,False,0,1,ok,0.299447,0.0,0.4535,0.4733,,"{""cpu_util_avg"": {""mean"": 9.444403666666668, ""max"": 11.667982}, ""cpu_util_min"": {""mean"": 9.444403666666668, ""max"": 11.667982}, ""cpu_util_max"": {""mean"": 9.444403666666668, ""max"": 11.667982}, ""cpu_util_0"": {""mean"": 9.444403666666668, ""max"": 11.667982}, ""cpu_util_1"": {""mean"": 9.444403666666668, ""max"": 11.667982}, ""cpu_util_2"": {""mean"": 9.444403666666668, ""max"": 11.667982}, ""cpu_util_3"": {""mean"": 9.444403666666668, ""max"": 11.667982}, ""cpu_util_4"": {""mean"": 9.444403666666668, ""max"": 11.667982}, ""cpu_util_5"": {""mean"": 9.444403666666668, ""max"": 11.667982}, ""cpu_util_6"": {""mean"": 9.444403666666668, ""max"": 11.667982}, ""cpu_util_7"": {""mean"": 9.444403666666668, ""max"": 11.667982}, ""cpu_util_8"": {""mean"": 9.444403666666668, ""max"": 11.667982}, ""cpu_util_9"": {""mean"": 9.444403666666668, ""max"": 11.667982}, ""cpu_util_10"": {""mean"": 9.444403666666668, ""max"": 11.667982}, ""cpu_util_11"": {""mean"": 9.444403666666668, ""max"": 11.667982}, ""memory"": {""mean"": 0.5145529999999999, ""max"": 0.514614}, ""io_read_count"": {""mean"": 11779.870987, ""max"": 11846.794848}, ""io_write_count"": {""mean"": 19.999787333333334, ""max"": 20.011478}, ""io_read"": {""mean"": 0.0, ""max"": 0.0}, ""io_write"": {""mean"": 0.0, ""max"": 0.0}, ""gpu_util_avg"": {""mean"": 0.0, ""max"": 0.0}, ""gpu_util_min"": {""mean"": 0.0, ""max"": 0.0}, ""gpu_util_max"": {""mean"": 0.0, ""max"": 0.0}, ""gpu_util_0"": {""mean"": 0.0, ""max"": 0.0}, ""gpu_band_avg"": {""mean"": 0.0, ""max"": 0.0}, ""gpu_band_min"": {""mean"": 0.0, ""max"": 0.0}, ""gpu_band_max"": {""mean"": 0.0, ""max"": 0.0}, ""gpu_band_0"": {""mean"": 0.0, ""max"": 0.0}, ""gpu_mem_avg"": {""mean"": 0.0, ""max"": 0.0}, ""gpu_mem_min"": {""mean"": 0.0, ""max"": 0.0}, ""gpu_mem_max"": {""mean"": 0.0, ""max"": 0.0}, ""gpu_mem_0"": {""mean"": 0.0, ""max"": 0.0}}","{""total"": {""kind"": ""scalar"", ""value"": 1999999000000.0}}",,
fast_rewrite,vectorized,full,full,False,0,0,ok,0.000849,0.01657,2.8109,2.8209,,{},"{""total"": {""kind"": ""scalar"", ""value"": 1999999000000.0}}",,
fast_rewrite,vectorized,fork,fork,False,0,1,ok,0.001526,0.0,0.1347,0.1505,,{},"{""total"": {""kind"": ""scalar"", ""value"": 1999999000000.0}}",,
fast_rewrite,loop,fork,fork,False,1,0,ok,0.276082,0.0,0.4193,0.4399,,"{""cpu_util_avg"": {""mean"": 9.444848833333333, ""max"": 11.664897}, ""cpu_util_min"": {""mean"": 9.444848833333333, ""max"": 11.664897}, ""cpu_util_max"": {""mean"": 9.444848833333333, ""max"": 11.664897}, ""cpu_util_0"": {""mean"": 9.444848833333333, ""max"": 11.664897}, ""cpu_util_1"": {""mean"": 9.444848833333333, ""max"": 11.664897}, ""cpu_util_2"": {""mean"": 9.444848833333333, ""max"": 11.664897}, ""cpu_util_3"": {""mean"": 9.444848833333333, ""max"": 11.664897}, ""cpu_util_4"": {""mean"": 9.444848833333333, ""max"": 11.664897}, ""cpu_util_5"": {""mean"": 9.444848833333333, ""max"": 11.664897}, ""cpu_util_6"": {""mean"": 9.444848833333333, ""max"": 11.664897}, ""cpu_util_7"": {""mean"": 9.444848833333333, ""max"": 11.664897}, ""cpu_util_8"": {""mean"": 9.444848833333333, ""max"": 11.664897}, ""cpu_util_9"": {""mean"": 9.444848833333333, ""max"": 11.664897}, ""cpu_util_10"": {""mean"": 9.444848833333333, ""max"": 11.664897}, ""cpu_util_11"": {""mean"": 9.444848833333333, ""max"": 11.664897}, ""memory"": {""mean"": 0.5157575000000001, ""max"": 0.515839}, ""io_read_count"": {""mean"": 12100.554301666665, ""max"": 12267.979585}, ""io_write_count"": {""mean"": 20.0008855, ""max"": 20.013017}, ""io_read"": {""mean"": 0.0, ""max"": 0.0}, ""io_write"": {""mean"": 0.0, ""max"": 0.0}, ""gpu_util_avg"": {""mean"": 0.0, ""max"": 0.0}, ""gpu_util_min"": {""mean"": 0.0, ""max"": 0.0}, ""gpu_util_max"": {""mean"": 0.0, ""max"": 0.0}, ""gpu_util_0"": {""mean"": 0.0, ""max"": 0.0}, ""gpu_band_avg"": {""mean"": 0.0, ""max"": 0.0}, ""gpu_band_min"": {""mean"": 0.0, ""max"": 0.0}, ""gpu_band_max"": {""mean"": 0.0, ""max"": 0.0}, ""gpu_band_0"": {""mean"": 0.0, ""max"": 0.0}, ""gpu_mem_avg"": {""mean"": 0.0, ""max"": 0.0}, ""gpu_mem_min"": {""mean"": 0.0, ""max"": 0.0}, ""gpu_mem_max"": {""mean"": 0.0, ""max"": 0.0}, ""gpu_mem_0"": {""mean"": 0.0, ""max"": 0.0}}","{""total"": {""kind"": ""scalar"", ""value"": 1999999000000.0}}",,
fast_rewrite,loop,full,full,False,1,1,ok,0.235931,0.016606,3.0669,3.0852,,"{""cpu_util_avg"": {""mean"": 8.9981476, ""max"": 11.6802}, ""cpu_util_min"": {""mean"": 8.9981476, ""max"": 11.6802}, ""cpu_util_max"": {""mean"": 8.9981476, ""max"": 11.6802}, ""cpu_util_0"": {""mean"": 8.9981476, ""max"": 11.6802}, ""cpu_util_1"": {""mean"": 8.9981476, ""max"": 11.6802}, ""cpu_util_2"": {""mean"": 8.9981476, ""max"": 11.6802}, ""cpu_util_3"": {""mean"": 8.9981476, ""max"": 11.6802}, ""cpu_util_4"": {""mean"": 8.9981476, ""max"": 11.6802}, ""cpu_util_5"": {""mean"": 8.9981476, ""max"": 11.6802}, ""cpu_util_6"": {""mean"": 8.9981476, ""max"": 11.6802}, ""cpu_util_7"": {""mean"": 8.9981476, ""max"": 11.6802}, ""cpu_util_8"": {""mean"": 8.9981476, ""max"": 11.6802}, ""cpu_util_9"": {""mean"": 8.9981476, ""max"": 11.6802}, ""cpu_util_10"": {""mean"": 8.9981476, ""max"": 11.6802}, ""cpu_util_11"": {""mean"": 8.9981476, ""max"": 11.6802}, ""memory"": {""mean"": 0.2261238, ""max"": 0.226368}, ""io_read_count"": {""mean"": 9328.7780114, ""max"": 11673.525881}, ""io_write_count"": {""mean"": 16.0013344, ""max"": 20.0232}, ""io_read"": {""mean"": 0.0, ""max"": 0.0}, ""io_write"": {""mean"": 0.0, ""max"": 0.0}, ""gpu_util_avg"": {""mean"": 0.0, ""max"": 0.0}, ""gpu_util_min"": {""mean"": 0.0, ""max"": 0.0}, ""gpu_util_max"": {""mean"": 0.0, ""max"": 0.0}, ""gpu_util_0"": {""mean"": 0.0, ""max"": 0.0}, ""gpu_band_avg"": {""mean"": 0.0, ""max"": 0.0}, ""gpu_band_min"": {""mean"": 0.0, ""max"": 0.0}, ""gpu_band_max"": {""mean"": 0.0, ""max"": 0.0}, ""gpu_band_0"": {""mean"": 0.0, ""max"": 0.0}, ""gpu_mem_avg"": {""mean"": 0.0, ""max"": 0.0}, ""gpu_mem_min"": {""mean"": 0.0, ""max"": 0.0}, ""gpu_mem_max"": {""mean"": 0.0, ""max"": 0.0}, ""gpu_mem_0"": {""mean"": 0.0, ""max"": 0.0}}","{""total"": {""kind"": ""scalar"", ""value"": 1999999000000.0}}",,
fast_rewrite,vectorized,fork,fork,False,1,0,ok,0.00131,0.0,0.1411,0.1568,,{},"{""total"": {""kind"": ""scalar"", ""value"": 1999999000000.0}}",,
fast_rewrite,vectorized,full,full,False,1,1,ok,0.000962,0.016036,2.8736,2.8841,,{},"{""total"": {""kind"": ""scalar"", ""value"": 1999999000000.0}}",,
fast_rewrite,loop,full,full,False,2,0,ok,0.256408,0.015773,3.4397,3.4607,,"{""cpu_util_avg"": {""mean"": 9.6637862, ""max"": 10.007809}, ""cpu_util_min"": {""mean"": 9.6637862, ""max"": 10.007809}, ""cpu_util_max"": {""mean"": 9.6637862, ""max"": 10.007809}, ""cpu_util_0"": {""mean"": 9.6637862, ""max"": 10.007809}, ""cpu_util_1"": {""mean"": 9.6637862, ""max"": 10.007809}, ""cpu_util_2"": {""mean"": 9.6637862, ""max"": 10.007809}, ""cpu_util_3"": {""mean"": 9.6637862, ""max"": 10.007809}, ""cpu_util_4"": {""mean"": 9.6637862, ""max"": 10.007809}, ""cpu_util_5"": {""mean"": 9.6637862, ""max"": 10.007809}, ""cpu_util_6"": {""mean"": 9.6637862, ""max"": 10.007809}, ""cpu_util_7"": {""mean"": 9.6637862, ""max"": 10.007809}, ""cpu_util_8"": {""mean"": 9.6637862, ""max"": 10.007809}, ""cpu_util_9"": {""mean"": 9.6637862, ""max"": 10.007809}, ""cpu_util_10"": {""mean"": 9.6637862, ""max"": 10.007809}, ""cpu_util_11"": {""mean"": 9.6637862, ""max"": 10.007809}, ""memory"": {""mean"": 0.22591, ""max"": 0.226154}, ""io_read_count"": {""mean"": 9734.545639799999, ""max"": 12209.527337}, ""io_write_count"": {""mean"": 15.9975918, ""max"": 20.015619}, ""io_read"": {""mean"": 0.0, ""max"": 0.0}, ""io_write"": {""mean"": 0.0, ""max"": 0.0}, ""gpu_util_avg"": {""mean"": 0.0, ""max"": 0.0}, ""gpu_util_min"": {""mean"": 0.0, ""max"": 0.0}, ""gpu_util_max"": {""mean"": 0.0, ""max"": 0.0}, ""gpu_util_0"": {""mean"": 0.0, ""max"": 0.0}, ""gpu_band_avg"": {""mean"": 0.0, ""max"": 0.0}, ""gpu_band_min"": {""mean"": 0.0, ""max"": 0.0}, ""gpu_band_max"": {""mean"": 0.0, ""max"": 0.0}, ""gpu_band_0"": {""mean"": 0.0, ""max"": 0.0}, ""gpu_mem_avg"": {""mean"": 0.0, ""max"": 0.0}, ""gpu_mem_min"": {""mean"": 0.0, ""max"": 0.0}, ""gpu_mem_max"": {""mean"": 0.0, ""max"": 0.0}, ""gpu_mem_0"": {""mean"": 0.0, ""max"": 0.0}}","{""total"": {""kind"": ""scalar"", ""value"": 1999999000000.0}}",,
fast_rewrite,loop,fork,fork,False,2,1,ok,0.311618,0.0,0.4603,0.4814,,"{""cpu_util_avg"": {""mean"": 10.001250833333334, ""max"": 10.008497}, ""cpu_util_min"": {""mean"": 10.001250833333334, ""max"": 10.008497}, ""cpu_util_max"": {""mean"": 10.001250833333334, ""max"": 10.008497}, ""cpu_util_0"": {""mean"": 10.001250833333334, ""max"": 10.008497}, ""cpu_util_1"": {""mean"": 10.001250833333334, ""max"": 10.008497}, ""cpu_util_2"": {""mean"": 10.001250833333334, ""max"": 10.008497}, ""cpu_util_3"": {""mean"": 10.001250833333334, ""max"": 10.008497}, ""cpu_util_4"": {""mean"": 10.001250833333334, ""max"": 10.008497}, ""cpu_util_5"": {""mean"": 10.001250833333334, ""max"": 10.008497}, ""cpu_util_6"": {""mean"": 10.001250833333334, ""max"": 10.008497}, ""cpu_util_7"": {""mean"": 10.001250833333334, ""max"": 10.008497}, ""cpu_util_8"": {""mean"": 10.001250833333334, ""max"": 10.008497}, ""cpu_util_9"": {""mean"": 10.001250833333334, ""max"": 10.008497}, ""cpu_util_10"": {""mean"": 10.001250833333334, ""max"": 10.008497}, ""cpu_util_11"": {""mean"": 10.001250833333334, ""max"": 10.008497}, ""memory"": {""mean"": 0.5156978333333334, ""max"": 0.515759}, ""io_read_count"": {""mean"": 12071.45069, ""max"": 12261.142739}, ""io_write_count"": {""mean"": 20.00250133333333, ""max"": 20.016995}, ""io_read"": {""mean"": 0.0, ""max"": 0.0}, ""io_write"": {""mean"": 0.0, ""max"": 0.0}, ""gpu_util_avg"": {""mean"": 0.0, ""max"": 0.0}, ""gpu_util_min"": {""mean"": 0.0, ""max"": 0.0}, ""gpu_util_max"": {""mean"": 0.0, ""max"": 0.0}, ""gpu_util_0"": {""mean"": 0.0, ""max"": 0.0}, ""gpu_band_avg"": {""mean"": 0.0, ""max"": 0.0}, ""gpu_band_min"": {""mean"": 0.0, ""max"": 0.0}, ""gpu_band_max"": {""mean"": 0.0, ""max"": 0.0}, ""gpu_band_0"": {""mean"": 0.0, ""max"": 0.0}, ""gpu_mem_avg"": {""mean"": 0.0, ""max"": 0.0}, ""gpu_mem_min"": {""mean"": 0.0, ""max"": 0.0}, ""gpu_mem_max"": {""mean"": 0.0, ""max"": 0.0}, ""gpu_mem_0"": {""mean"": 0.0, ""max"": 0.0}}","{""total"": {""kind"": ""scalar"", ""value"": 1999999000000.0}}",,
fast_rewrite,vectorized,full,full,False,2,0,ok,0.001034,0.018915,3.3362,3.3501,,{},"{""total"": {""kind"": ""scalar"", ""value"": 1999999000000.0}}",,
fast_rewrite,vectorized,fork,fork,False,2,1,ok,0.001839,0.0,0.1497,0.1691,,{},"{""total"": {""kind"": ""scalar"", ""value"": 1999999000000.0}}",,
fast_rewrite,loop,fork,fork,False,3,0,ok,0.377728,0.0,0.5259,0.5477,,"{""cpu_util_avg"": {""mean"": 9.583224874999999, ""max"": 10.013584}, ""cpu_util_min"": {""mean"": 9.583224874999999, ""max"": 10.013584}, ""cpu_util_max"": {""mean"": 9.583224874999999, ""max"": 10.013584}, ""cpu_util_0"": {""mean"": 9.583224874999999, ""max"": 10.013584}, ""cpu_util_1"": {""mean"": 9.583224874999999, ""max"": 10.013584}, ""cpu_util_2"": {""mean"": 9.583224874999999, ""max"": 10.013584}, ""cpu_util_3"": {""mean"": 9.583224874999999, ""max"": 10.013584}, ""cpu_util_4"": {""mean"": 9.583224874999999, ""max"": 10.013584}, ""cpu_util_5"": {""mean"": 9.583224874999999, ""max"": 10.013584}, ""cpu_util_6"": {""mean"": 9.583224874999999, ""max"": 10.013584}, ""cpu_util_7"": {""mean"": 9.583224874999999, ""max"": 10.013584}, ""cpu_util_8"": {""mean"": 9.583224874999999, ""max"": 10.013584}, ""cpu_util_9"": {""mean"": 9.583224874999999, ""max"": 10.013584}, ""cpu_util_10"": {""mean"": 9.583224874999999, ""max"": 10.013584}, ""cpu_util_11"": {""mean"": 9.583224874999999, ""max"": 10.013584}, ""memory"": {""mean"": 0.5161592500000001, ""max"": 0.516205}, ""io_read_count"": {""mean"": 12104.93917775, ""max"": 12541.514059}, ""io_write_count"": {""mean"": 20.000058375000002, ""max"": 20.028916}, ""io_read"": {""mean"": 0.0, ""max"": 0.0}, ""io_write"": {""mean"": 0.0, ""max"": 0.0}, ""gpu_util_avg"": {""mean"": 0.0, ""max"": 0.0}, ""gpu_util_min"": {""mean"": 0.0, ""max"": 0.0}, ""gpu_util_max"": {""mean"": 0.0, ""max"": 0.0}, ""gpu_util_0"": {""mean"": 0.0, ""max"": 0.0}, ""gpu_band_avg"": {""mean"": 0.0, ""max"": 0.0}, ""gpu_band_min"": {""mean"": 0.0, ""max"": 0.0}, ""gpu_band_max"": {""mean"": 0.0, ""max"": 0.0}, ""gpu_band_0"": {""mean"": 0.0, ""max"": 0.0}, ""gpu_mem_avg"": {""mean"": 0.0, ""max"": 0.0}, ""gpu_mem_min"": {""mean"": 0.0, ""max"": 0.0}, ""gpu_mem_max"": {""mean"": 0.0, ""max"": 0.0}, ""gpu_mem_0"": {""mean"": 0.0, ""max"": 0.0}}","{""total"": {""kind"": ""scalar"", ""value"": 1999999000000.0}}",,
fast_rewrite,loop,full,full,False,3,1,ok,0.236881,0.016449,3.2456,3.2639,,"{""cpu_util_avg"": {""mean"": 9.6635432, ""max"": 11.652071}, ""cpu_util_min"": {""mean"": 9.6635432, ""max"": 11.652071}, ""cpu_util_max"": {""mean"": 9.6635432, ""max"": 11.652071}, ""cpu_util_0"": {""mean"": 9.6635432, ""max"": 11.652071}, ""cpu_util_1"": {""mean"": 9.6635432, ""max"": 11.652071}, ""cpu_util_2"": {""mean"": 9.6635432, ""max"": 11.652071}, ""cpu_util_3"": {""mean"": 9.6635432, ""max"": 11.652071}, ""cpu_util_4"": {""mean"": 9.6635432, ""max"": 11.652071}, ""cpu_util_5"": {""mean"": 9.6635432, ""max"": 11.652071}, ""cpu_util_6"": {""mean"": 9.6635432, ""max"": 11.652071}, ""cpu_util_7"": {""mean"": 9.6635432, ""max"": 11.652071}, ""cpu_util_8"": {""mean"": 9.6635432, ""max"": 11.652071}, ""cpu_util_9"": {""mean"": 9.6635432, ""max"": 11.652071}, ""cpu_util_10"": {""mean"": 9.6635432, ""max"": 11.652071}, ""cpu_util_11"": {""mean"": 9.6635432, ""max"": 11.652071}, ""memory"": {""mean"": 0.22638100000000003, ""max"": 0.226601}, ""io_read_count"": {""mean"": 9615.497924, ""max"": 12031.043294}, ""io_write_count"": {""mean"": 15.999164400000002, ""max"": 20.018375}, ""io_read"": {""mean"": 0.0, ""max"": 0.0}, ""io_write"": {""mean"": 0.0, ""max"": 0.0}, ""gpu_util_avg"": {""mean"": 0.0, ""max"": 0.0}, ""gpu_util_min"": {""mean"": 0.0, ""max"": 0.0}, ""gpu_util_max"": {""mean"": 0.0, ""max"": 0.0}, ""gpu_util_0"": {""mean"": 0.0, ""max"": 0.0}, ""gpu_band_avg"": {""mean"": 0.0, ""max"": 0.0}, ""gpu_band_min"": {""mean"": 0.0, ""max"": 0.0}, ""gpu_band_max"": {""mean"": 0.0, ""max"": 0.0}, ""gpu_band_0"": {""mean"": 0.0, ""max"": 0.0}, ""gpu_mem_avg"": {""mean"": 0.0, ""max"": 0.0}, ""gpu_mem_min"": {""mean"": 0.0, ""max"": 0.0}, ""gpu_mem_max"": {""mean"": 0.0, ""max"": 0.0}, ""gpu_mem_0"": {""mean"": 0.0, ""max"": 0.0}}","{""total"": {""kind"": ""scalar"", ""value"": 1999999000000.0}}",,
fast_rewrite,vectorized,fork,fork,False,3,0,ok,0.001315,0.0,0.1392,0.1544,,{},"{""total"": {""kind"": ""scalar"", ""value"": 1999999000000.0}}",,
fast_rewrite,vectorized,full,full,False,3,1,ok,0.000836,0.01582,2.9284,2.9394,,{},"{""total"": {""kind"": ""scalar"", ""value"": 1999999000000.0}}",,
fast_rewrite,loop,full,full,False,4,0,ok,0.236825,0.015841,3.2376,3.2558,,"{""cpu_util_avg"": {""mean"": 9.6656128, ""max"": 11.669367}, ""cpu_util_min"": {""mean"": 9.6656128, ""max"": 11.669367}, ""cpu_util_max"": {""mean"": 9.6656128, ""max"": 11.669367}, ""cpu_util_0"": {""mean"": 9.6656128, ""max"": 11.669367}, ""cpu_util_1"": {""mean"": 9.6656128, ""max"": 11.669367}, ""cpu_util_2"": {""mean"": 9.6656128, ""max"": 11.669367}, ""cpu_util_3"": {""mean"": 9.6656128, ""max"": 11.669367}, ""cpu_util_4"": {""mean"": 9.6656128, ""max"": 11.669367}, ""cpu_util_5"": {""mean"": 9.6656128, ""max"": 11.669367}, ""cpu_util_6"": {""mean"": 9.6656128, ""max"": 11.669367}, ""cpu_util_7"": {""mean"": 9.6656128, ""max"": 11.669367}, ""cpu_util_8"": {""mean"": 9.6656128, ""max"": 11.669367}, ""cpu_util_9"": {""mean"": 9.6656128, ""max"": 11.669367}, ""cpu_util_10"": {""mean"": 9.6656128, ""max"": 11.669367}, ""cpu_util_11"": {""mean"": 9.6656128, ""max"": 11.669367}, ""memory"": {""mean"": 0.226402, ""max"": 0.226646}, ""io_read_count"": {""mean"": 9615.842379999998, ""max"": 12022.782311}, ""io_write_count"": {""mean"": 15.999737599999998, ""max"": 20.004629}, ""io_read"": {""mean"": 0.0, ""max"": 0.0}, ""io_write"": {""mean"": 0.0, ""max"": 0.0}, ""gpu_util_avg"": {""mean"": 0.0, ""max"": 0.0}, ""gpu_util_min"": {""mean"": 0.0, ""max"": 0.0}, ""gpu_util_max"": {""mean"": 0.0, ""max"": 0.0}, ""gpu_util_0"": {""mean"": 0.0, ""max"": 0.0}, ""gpu_band_avg"": {""mean"": 0.0, ""max"": 0.0}, ""gpu_band_min"": {""mean"": 0.0, ""max"": 0.0}, ""gpu_band_max"": {""mean"": 0.0, ""max"": 0.0}, ""gpu_band_0"": {""mean"": 0.0, ""max"": 0.0}, ""gpu_mem_avg"": {""mean"": 0.0, ""max"": 0.0}, ""gpu_mem_min"": {""mean"": 0.0, ""max"": 0.0}, ""gpu_mem_max"": {""mean"": 0.0, ""max"": 0.0}, ""gpu_mem_0"": {""mean"": 0.0, ""max"": 0.0}}","{""total"": {""kind"": ""scalar"", ""value"": 1999999000000.0}}",,
fast_rewrite,loop,fork,fork,False,4,1,ok,0.297846,0.0,0.4438,0.4639,,"{""cpu_util_avg"": {""mean"": 9.444118666666666, ""max"": 10.00966}, ""cpu_util_min"": {""mean"": 9.444118666666666, ""max"": 10.00966}, ""cpu_util_max"": {""mean"": 9.444118666666666, ""max"": 10.00966}, ""cpu_util_0"": {""mean"": 9.444118666666666, ""max"": 10.00966}, ""cpu_util_1"": {""mean"": 9.444118666666666, ""max"": 10.00966}, ""cpu_util_2"": {""mean"": 9.444118666666666, ""max"": 10.00966}, ""cpu_util_3"": {""mean"": 9.444118666666666, ""max"": 10.00966}, ""cpu_util_4"": {""mean"": 9.444118666666666, ""max"": 10.00966}, ""cpu_util_5"": {""mean"": 9.444118666666666, ""max"": 10.00966}, ""cpu_util_6"": {""mean"": 9.444118666666666, ""max"": 10.00966}, ""cpu_util_7"": {""mean"": 9.444118666666666, ""max"": 10.00966}, ""cpu_util_8"": {""mean"": 9.444118666666666, ""max"": 10.00966}, ""cpu_util_9"": {""mean"": 9.444118666666666, ""max"": 10.00966}, ""cpu_util_10"": {""mean"": 9.444118666666666, ""max"": 10.00966}, ""cpu_util_11"": {""mean"": 9.444118666666666, ""max"": 10.00966}, ""memory"": {""mean"": 0.5162809999999999, ""max"": 0.516342}, ""io_read_count"": {""mean"": 12599.4275415, ""max"": 12632.190318}, ""io_write_count"": {""mean"": 19.999078166666667, ""max"": 20.019319}, ""io_read"": {""mean"": 0.0, ""max"": 0.0}, ""io_write"": {""mean"": 0.0, ""max"": 0.0}, ""gpu_util_avg"": {""mean"": 0.0, ""max"": 0.0}, ""gpu_util_min"": {""mean"": 0.0, ""max"": 0.0}, ""gpu_util_max"": {""mean"": 0.0, ""max"": 0.0}, ""gpu_util_0"": {""mean"": 0.0, ""max"": 0.0}, ""gpu_band_avg"": {""mean"": 0.0, ""max"": 0.0}, ""gpu_band_min"": {""mean"": 0.0, ""max"": 0.0}, ""gpu_band_max"": {""mean"": 0.0, ""max"": 0.0}, ""gpu_band_0"": {""mean"": 0.0, ""max"": 0.0}, ""gpu_mem_avg"": {""mean"": 0.0, ""max"": 0.0}, ""gpu_mem_min"": {""mean"": 0.0, ""max"": 0.0}, ""gpu_mem_max"": {""mean"": 0.0, ""max"": 0.0}, ""gpu_mem_0"": {""mean"": 0.0, ""max"": 0.0}}","{""total"": {""kind"": ""scalar"", ""value"": 1999999000000.0}}",,
fast_rewrite,vectorized,full,full,False,4,0,ok,0.001261,0.018406,2.9583,2.9699,,{},"{""total"": {""kind"": ""scalar"", ""value"": 1999999000000.0}}",,
fast_rewrite,vectorized,fork,fork,False,4,1,ok,0.001423,0.0,0.1453,0.1616,,{},"{""total"": {""kind"": ""scalar"", ""value"": 1999999000000.0}}",,
fast_rewrite,loop,fork,fork,False,5,0,ok,0.309998,0.0,0.4639,0.4943,,"{""cpu_util_avg"": {""mean"": 9.284190857142859, ""max"": 10.005051}, ""cpu_util_min"": {""mean"": 9.284190857142859, ""max"": 10.005051}, ""cpu_util_max"": {""mean"": 9.284190857142859, ""max"": 10.005051}, ""cpu_util_0"": {""mean"": 9.284190857142859, ""max"": 10.005051}, ""cpu_util_1"": {""mean"": 9.284190857142859, ""max"": 10.005051}, ""cpu_util_2"": {""mean"": 9.284190857142859, ""max"": 10.005051}, ""cpu_util_3"": {""mean"": 9.284190857142859, ""max"": 10.005051}, ""cpu_util_4"": {""mean"": 9.284190857142859, ""max"": 10.005051}, ""cpu_util_5"": {""mean"": 9.284190857142859, ""max"": 10.005051}, ""cpu_util_6"": {""mean"": 9.284190857142859, ""max"": 10.005051}, ""cpu_util_7"": {""mean"": 9.284190857142859, ""max"": 10.005051}, ""cpu_util_8"": {""mean"": 9.284190857142859, ""max"": 10.005051}, ""cpu_util_9"": {""mean"": 9.284190857142859, ""max"": 10.005051}, ""cpu_util_10"": {""mean"": 9.284190857142859, ""max"": 10.005051}, ""cpu_util_11"": {""mean"": 9.284190857142859, ""max"": 10.005051}, ""memory"": {""mean"": 0.5164007142857143, ""max"": 0.516453}, ""io_read_count"": {""mean"": 12078.360448714287, ""max"": 12086.101065}, ""io_write_count"": {""mean"": 19.997285428571427, ""max"": 20.010101}, ""io_read"": {""mean"": 0.0, ""max"": 0.0}, ""io_write"": {""mean"": 0.0, ""max"": 0.0}, ""gpu_util_avg"": {""mean"": 0.0, ""max"": 0.0}, ""gpu_util_min"": {""mean"": 0.0, ""max"": 0.0}, ""gpu_util_max"": {""mean"": 0.0, ""max"": 0.0}, ""gpu_util_0"": {""mean"": 0.0, ""max"": 0.0}, ""gpu_band_avg"": {""mean"": 0.0, ""max"": 0.0}, ""gpu_band_min"": {""mean"": 0.0, ""max"": 0.0}, ""gpu_band_max"": {""mean"": 0.0, ""max"": 0.0}, ""gpu_band_0"": {""mean"": 0.0, ""max"": 0.0}, ""gpu_mem_avg"": {""mean"": 0.0, ""max"": 0.0}, ""gpu_mem_min"": {""mean"": 0.0, ""max"": 0.0}, ""gpu_mem_max"": {""mean"": 0.0, ""max"": 0.0}, ""gpu_mem_0"": {""mean"": 0.0, ""max"": 0.0}}","{""total"": {""kind"": ""scalar"", ""value"": 1999999000000.0}}",,
fast_rewrite,loop,full,full,False,5,1,ok,0.247851,0.015391,3.231,3.252,,"{""cpu_util_avg"": {""mean"": 9.330309199999999, ""max"": 10.004192}, ""cpu_util_min"": {""mean"": 9.330309199999999, ""max"": 10.004192}, ""cpu_util_max"": {""mean"": 9.330309199999999, ""max"": 10.004192}, ""cpu_util_0"": {""mean"": 9.330309199999999, ""max"": 10.004192}, ""cpu_util_1"": {""mean"": 9.330309199999999, ""max"": 10.004192}, ""cpu_util_2"": {""mean"": 9.330309199999999, ""max"": 10.004192}, ""cpu_util_3"": {""mean"": 9.330309199999999, ""max"": 10.004192}, ""cpu_util_4"": {""mean"": 9.330309199999999, ""max"": 10.004192}, ""cpu_util_5"": {""mean"": 9.330309199999999, ""max"": 10.004192}, ""cpu_util_6"": {""mean"": 9.330309199999999, ""max"": 10.004192}, ""cpu_util_7"": {""mean"": 9.330309199999999, ""max"": 10.004192}, ""cpu_util_8"": {""mean"": 9.330309199999999, ""max"": 10.004192}, ""cpu_util_9"": {""mean"": 9.330309199999999, ""max"": 10.004192}, ""cpu_util_10"": {""mean"": 9.330309199999999, ""max"": 10.004192}, ""cpu_util_11"": {""mean"": 9.330309199999999, ""max"": 10.004192}, ""memory"": {""mean"": 0.2260872, ""max"": 0.226307}, ""io_read_count"": {""mean"": 9642.395672800001, ""max"": 12160.711888}, ""io_write_count"": {""mean"": 15.997328, ""max"": 20.008384}, ""io_read"": {""mean"": 0.0, ""max"": 0.0}, ""io_write"": {""mean"": 0.0, ""max"": 0.0}, ""gpu_util_avg"": {""mean"": 0.0, ""max"": 0.0}, ""gpu_util_min"": {""mean"": 0.0, ""max"": 0.0}, ""gpu_util_max"": {""mean"": 0.0, ""max"": 0.0}, ""gpu_util_0"": {""mean"": 0.0, ""max"": 0.0}, ""gpu_band_avg"": {""mean"": 0.0, ""max"": 0.0}, ""gpu_band_min"": {""mean"": 0.0, ""max"": 0.0}, ""gpu_band_max"": {""mean"": 0.0, ""max"": 0.0}, ""gpu_band_0"": {""mean"": 0.0, ""max"": 0.0}, ""gpu_mem_avg"": {""mean"": 0.0, ""max"": 0.0}, ""gpu_mem_min"": {""mean"": 0.0, ""max"": 0.0}, ""gpu_mem_max"": {""mean"": 0.0, ""max"": 0.0}, ""gpu_mem_0"": {""mean"": 0.0, ""max"": 0.0}}","{""total"": {""kind"": ""scalar"", ""value"": 1999999000000.0}}",,
fast_rewrite,vectorized,fork,fork,False,5,0,ok,0.001373,0.0,0.1401,0.1567,,{},"{""total"": {""kind"": ""scalar"", ""value"": 1999999000000.0}}",,
fast_rewrite,vectorized,full,full,False,5,1,ok,0.001239,0.015315,2.9072,2.918,,{},"{""total"": {""kind"": ""scalar"", ""value"": 1999999000000.0}}",,
fast_rewrite,loop,full,full,False,6,0,ok,0.285053,0.017573,3.5858,3.6063,,"{""cpu_util_avg"": {""mean"": 9.4420835, ""max"": 11.662881}, ""cpu_util_min"": {""mean"": 9.4420835, ""max"": 11.662881}, ""cpu_util_max"": {""mean"": 9.4420835, ""max"": 11.662881}, ""cpu_util_0"": {""mean"": 9.4420835, ""max"": 11.662881}, ""cpu_util_1"": {""mean"": 9.4420835, ""max"": 11.662881}, ""cpu_util_2"": {""mean"": 9.4420835, ""max"": 11.662881}, ""cpu_util_3"": {""mean"": 9.4420835, ""max"": 11.662881}, ""cpu_util_4"": {""mean"": 9.4420835, ""max"": 11.662881}, ""cpu_util_5"": {""mean"": 9.4420835, ""max"": 11.662881}, ""cpu_util_6"": {""mean"": 9.4420835, ""max"": 11.662881}, ""cpu_util_7"": {""mean"": 9.4420835, ""max"": 11.662881}, ""cpu_util_8"": {""mean"": 9.4420835, ""max"": 11.662881}, ""cpu_util_9"": {""mean"": 9.4420835, ""max"": 11.662881}, ""cpu_util_10"": {""mean"": 9.4420835, ""max"": 11.662881}, ""cpu_util_11"": {""mean"": 9.4420835, ""max"": 11.662881}, ""memory"": {""mean"": 0.2264176666666667, ""max"": 0.226601}, ""io_read_count"": {""mean"": 10017.374712833333, ""max"": 12035.048867}, ""io_write_count"": {""mean"": 16.667845, ""max"": 20.02504}, ""io_read"": {""mean"": 0.0, ""max"": 0.0}, ""io_write"": {""mean"": 0.0, ""max"": 0.0}, ""gpu_util_avg"": {""mean"": 0.0, ""max"": 0.0}, ""gpu_util_min"": {""mean"": 0.0, ""max"": 0.0}, ""gpu_util_max"": {""mean"": 0.0, ""max"": 0.0}, ""gpu_util_0"": {""mean"": 0.0, ""max"": 0.0}, ""gpu_band_avg"": {""mean"": 0.0, ""max"": 0.0}, ""gpu_band_min"": {""mean"": 0.0, ""max"": 0.0}, ""gpu_band_max"": {""mean"": 0.0, ""max"": 0.0}, ""gpu_band_0"": {""mean"": 0.0, ""max"": 0.0}, ""gpu_mem_avg"": {""mean"": 0.0, ""max"": 0.0}, ""gpu_mem_min"": {""mean"": 0.0, ""max"": 0.0}, ""gpu_mem_max"": {""mean"": 0.0, ""max"": 0.0}, ""gpu_mem_0"": {""mean"": 0.0, ""max"": 0.0}}","{""total"": {""kind"": ""scalar"", ""value"": 1999999000000.0}}",,
fast_rewrite,loop,fork,fork,False,6,1,ok,0.310409,0.0,0.457,0.4827,,"{""cpu_util_avg"": {""mean"": 9.444399333333335, ""max"": 10.000456}, ""cpu_util_min"": {""mean"": 9.444399333333335, ""max"": 10.000456}, ""cpu_util_max"": {""mean"": 9.444399333333335, ""max"": 10.000456}, ""cpu_util_0"": {""mean"": 9.444399333333335, ""max"": 10.000456}, ""cpu_util_1"": {""mean"": 9.444399333333335, ""max"": 10.000456}, ""cpu_util_2"": {""mean"": 9.444399333333335, ""max"": 10.000456}, ""cpu_util_3"": {""mean"": 9.444399333333335, ""max"": 10.000456}, ""cpu_util_4"": {""mean"": 9.444399333333335, ""max"": 10.000456}, ""cpu_util_5"": {""mean"": 9.444399333333335, ""max"": 10.000456}, ""cpu_util_6"": {""mean"": 9.444399333333335, ""max"": 10.000456}, ""cpu_util_7"": {""mean"": 9.444399333333335, ""max"": 10.000456}, ""cpu_util_8"": {""mean"": 9.444399333333335, ""max"": 10.000456}, ""cpu_util_9"": {""mean"": 9.444399333333335, ""max"": 10.000456}, ""cpu_util_10"": {""mean"": 9.444399333333335, ""max"": 10.000456}, ""cpu_util_11"": {""mean"": 9.444399333333335, ""max"": 10.000456}, ""memory"": {""mean"": 0.5163920000000001, ""max"": 0.516453}, ""io_read_count"": {""mean"": 12080.132469333335, ""max"": 12084.984091}, ""io_write_count"": {""mean"": 20.000219333333334, ""max"": 20.008252}, ""io_read"": {""mean"": 0.0, ""max"": 0.0}, ""io_write"": {""mean"": 0.0, ""max"": 0.0}, ""gpu_util_avg"": {""mean"": 0.0, ""max"": 0.0}, ""gpu_util_min"": {""mean"": 0.0, ""max"": 0.0}, ""gpu_util_max"": {""mean"": 0.0, ""max"": 0.0}, ""gpu_util_0"": {""mean"": 0.0, ""max"": 0.0}, ""gpu_band_avg"": {""mean"": 0.0, ""max"": 0.0}, ""gpu_band_min"": {""mean"": 0.0, ""max"": 0.0}, ""gpu_band_max"": {""mean"": 0.0, ""max"": 0.0}, ""gpu_band_0"": {""mean"": 0.0, ""max"": 0.0}, ""gpu_mem_avg"": {""mean"": 0.0, ""max"": 0.0}, ""gpu_mem_min"": {""mean"": 0.0, ""max"": 0.0}, ""gpu_mem_max"": {""mean"": 0.0, ""max"": 0.0}, ""gpu_mem_0"": {""mean"": 0.0, ""max"": 0.0}}","{""total"": {""kind"": ""scalar"", ""value"": 1999999000000.0}}",,
fast_rewrite,vectorized,full,full,False,6,0,ok,0.000971,0.016258,3.0355,3.0489,,{},"{""total"": {""kind"": ""scalar"", ""value"": 1999999000000.0}}",,
fast_rewrite,vectorized,fork,fork,False,6,1,ok,0.001949,0.0,0.1416,0.1582,,{},"{""total"": {""kind"": ""scalar"", ""value"": 1999999000000.0}}",,
fast_rewrite,loop,fork,fork,False,7,0,ok,0.285918,0.0,0.4284,0.4528,,"{""cpu_util_avg"": {""mean"": 9.444287333333333, ""max"": 10.003258}, ""cpu_util_min"": {""mean"": 9.444287333333333, ""max"": 10.003258}, ""cpu_util_max"": {""mean"": 9.444287333333333, ""max"": 10.003258}, ""cpu_util_0"": {""mean"": 9.444287333333333, ""max"": 10.003258}, ""cpu_util_1"": {""mean"": 9.444287333333333, ""max"": 10.003258}, ""cpu_util_2"": {""mean"": 9.444287333333333, ""max"": 10.003258}, ""cpu_util_3"": {""mean"": 9.444287333333333, ""max"": 10.003258}, ""cpu_util_4"": {""mean"": 9.444287333333333, ""max"": 10.003258}, ""cpu_util_5"": {""mean"": 9.444287333333333, ""max"": 10.003258}, ""cpu_util_6"": {""mean"": 9.444287333333333, ""max"": 10.003258}, ""cpu_util_7"": {""mean"": 9.444287333333333, ""max"": 10.003258}, ""cpu_util_8"": {""mean"": 9.444287333333333, ""max"": 10.003258}, ""cpu_util_9"": {""mean"": 9.444287333333333, ""max"": 10.003258}, ""cpu_util_10"": {""mean"": 9.444287333333333, ""max"": 10.003258}, ""cpu_util_11"": {""mean"": 9.444287333333333, ""max"": 10.003258}, ""memory"": {""mean"": 0.5167783333333333, ""max"": 0.516941}, ""io_read_count"": {""mean"": 12079.521952666668, ""max"": 12083.935735}, ""io_write_count"": {""mean"": 19.999208333333332, ""max"": 20.006516}, ""io_read"": {""mean"": 0.0, ""max"": 0.0}, ""io_write"": {""mean"": 0.0, ""max"": 0.0}, ""gpu_util_avg"": {""mean"": 0.0, ""max"": 0.0}, ""gpu_util_min"": {""mean"": 0.0, ""max"": 0.0}, ""gpu_util_max"": {""mean"": 0.0, ""max"": 0.0}, ""gpu_util_0"": {""mean"": 0.0, ""max"": 0.0}, ""gpu_band_avg"": {""mean"": 0.0, ""max"": 0.0}, ""gpu_band_min"": {""mean"": 0.0, ""max"": 0.0}, ""gpu_band_max"": {""mean"": 0.0, ""max"": 0.0}, ""gpu_band_0"": {""mean"": 0.0, ""max"": 0.0}, ""gpu_mem_avg"": {""mean"": 0.0, ""max"": 0.0}, ""gpu_mem_min"": {""mean"": 0.0, ""max"": 0.0}, ""gpu_mem_max"": {""mean"": 0.0, ""max"": 0.0}, ""gpu_mem_0"": {""mean"": 0.0, ""max"": 0.0}}","{""total"": {""kind"": ""scalar"", ""value"": 1999999000000.0}}",,
fast_rewrite,loop,full,full,False,7,1,ok,0.243975,0.017299,3.1602,3.1782,,"{""cpu_util_avg"": {""mean"": 9.663524599999999, ""max"": 11.664217}, ""cpu_util_min"": {""mean"": 9.663524599999999, ""max"": 11.664217}, ""cpu_util_max"": {""mean"": 9.663524599999999, ""max"": 11.664217}, ""cpu_util_0"": {""mean"": 9.663524599999999, ""max"": 11.664217}, ""cpu_util_1"": {""mean"": 9.663524599999999, ""max"": 11.664217}, ""cpu_util_2"": {""mean"": 9.663524599999999, ""max"": 11.664217}, ""cpu_util_3"": {""mean"": 9.663524599999999, ""max"": 11.664217}, ""cpu_util_4"": {""mean"": 9.663524599999999, ""max"": 11.664217}, ""cpu_util_5"": {""mean"": 9.663524599999999, ""max"": 11.664217}, ""cpu_util_6"": {""mean"": 9.663524599999999, ""max"": 11.664217}, ""cpu_util_7"": {""mean"": 9.663524599999999, ""max"": 11.664217}, ""cpu_util_8"": {""mean"": 9.663524599999999, ""max"": 11.664217}, ""cpu_util_9"": {""mean"": 9.663524599999999, ""max"": 11.664217}, ""cpu_util_10"": {""mean"": 9.663524599999999, ""max"": 11.664217}, ""cpu_util_11"": {""mean"": 9.663524599999999, ""max"": 11.664217}, ""memory"": {""mean"": 0.2261918, ""max"": 0.226387}, ""io_read_count"": {""mean"": 10048.803337399999, ""max"": 12564.754504}, ""io_write_count"": {""mean"": 16.0012792, ""max"": 20.007571}, ""io_read"": {""mean"": 0.0, ""max"": 0.0}, ""io_write"": {""mean"": 0.0, ""max"": 0.0}, ""gpu_util_avg"": {""mean"": 0.0, ""max"": 0.0}, ""gpu_util_min"": {""mean"": 0.0, ""max"": 0.0}, ""gpu_util_max"": {""mean"": 0.0, ""max"": 0.0}, ""gpu_util_0"": {""mean"": 0.0, ""max"": 0.0}, ""gpu_band_avg"": {""mean"": 0.0, ""max"": 0.0}, ""gpu_band_min"": {""mean"": 0.0, ""max"": 0.0}, ""gpu_band_max"": {""mean"": 0.0, ""max"": 0.0}, ""gpu_band_0"": {""mean"": 0.0, ""max"": 0.0}, ""gpu_mem_avg"": {""mean"": 0.0, ""max"": 0.0}, ""gpu_mem_min"": {""mean"": 0.0, ""max"": 0.0}, ""gpu_mem_max"": {""mean"": 0.0, ""max"": 0.0}, ""gpu_mem_0"": {""mean"": 0.0, ""max"": 0.0}}","{""total"": {""kind"": ""scalar"", ""value"": 1999999000000.0}}",,
fast_rewrite,vectorized,fork,fork,False,7,0,ok,0.001427,0.0,0.1384,0.1561,,{},"{""total"": {""kind"": ""scalar"", ""value"": 1999999000000.0}}",,
fast_rewrite,vectorized,full,full,False,7,1,ok,0.000911,0.015985,2.8671,2.8779,,{},"{""total"": {""kind"": ""scalar"", ""value"": 1999999000000.0}}",,
fast_rewrite,loop,full,full,False,8,0,ok,0.233437,0.017066,3.0895,3.1089,,"{""cpu_util_avg"": {""mean"": 9.330020800000002, ""max"": 9.998839}, ""cpu_util_min"": {""mean"": 9.330020800000002, ""max"": 9.998839}, ""cpu_util_max"": {""mean"": 9.330020800000002, ""max"": 9.998839}, ""cpu_util_0"": {""mean"": 9.330020800000002, ""max"": 9.998839}, ""cpu_util_1"": {""mean"": 9.330020800000002, ""max"": 9.998839}, ""cpu_util_2"": {""mean"": 9.330020800000002, ""max"": 9.998839}, ""cpu_util_3"": {""mean"": 9.330020800000002, ""max"": 9.998839}, ""cpu_util_4"": {""mean"": 9.330020800000002, ""max"": 9.998839}, ""cpu_util_5"": {""mean"": 9.330020800000002, ""max"": 9.998839}, ""cpu_util_6"": {""mean"": 9.330020800000002, ""max"": 9.998839}, ""cpu_util_7"": {""mean"": 9.330020800000002, ""max"": 9.998839}, ""cpu_util_8"": {""mean"": 9.330020800000002, ""max"": 9.998839}, ""cpu_util_9"": {""mean"": 9.330020800000002, ""max"": 9.998839}, ""cpu_util_10"": {""mean"": 9.330020800000002, ""max"": 9.998839}, ""cpu_util_11"": {""mean"": 9.330020800000002, ""max"": 9.998839}, ""memory"": {""mean"": 0.2265626, ""max"": 0.226807}, ""io_read_count"": {""mean"": 9614.114688, ""max"": 12020.297864}, ""io_write_count"": {""mean"": 15.996863199999998, ""max"": 20.000496}, ""io_read"": {""mean"": 0.0, ""max"": 0.0}, ""io_write"": {""mean"": 0.0, ""max"": 0.0}, ""gpu_util_avg"": {""mean"": 0.0, ""max"": 0.0}, ""gpu_util_min"": {""mean"": 0.0, ""max"": 0.0}, ""gpu_util_max"": {""mean"": 0.0, ""max"": 0.0}, ""gpu_util_0"": {""mean"": 0.0, ""max"": 0.0}, ""gpu_band_avg"": {""mean"": 0.0, ""max"": 0.0}, ""gpu_band_min"": {""mean"": 0.0, ""max"": 0.0}, ""gpu_band_max"": {""mean"": 0.0, ""max"": 0.0}, ""gpu_band_0"": {""mean"": 0.0, ""max"": 0.0}, ""gpu_mem_avg"": {""mean"": 0.0, ""max"": 0.0}, ""gpu_mem_min"": {""mean"": 0.0, ""max"": 0.0}, ""gpu_mem_max"": {""mean"": 0.0, ""max"": 0.0}, ""gpu_mem_0"": {""mean"": 0.0, ""max"": 0.0}}","{""total"": {""kind"": ""scalar"", ""value"": 1999999000000.0}}",,
fast_rewrite,loop,fork,fork,False,8,1,ok,0.2857,0.0,0.4279,0.4493,,"{""cpu_util_avg"": {""mean"": 9.722677166666665, ""max"": 11.675133}, ""cpu_util_min"": {""mean"": 9.722677166666665, ""max"": 11.675133}, ""cpu_util_max"": {""mean"": 9.722677166666665, ""max"": 11.675133}, ""cpu_util_0"": {""mean"": 9.722677166666665, ""max"": 11.675133}, ""cpu_util_1"": {""mean"": 9.722677166666665, ""max"": 11.675133}, ""cpu_util_2"": {""mean"": 9.722677166666665, ""max"": 11.675133}, ""cpu_util_3"": {""mean"": 9.722677166666665, ""max"": 11.675133}, ""cpu_util_4"": {""mean"": 9.722677166666665, ""max"": 11.675133}, ""cpu_util_5"": {""mean"": 9.722677166666665, ""max"": 11.675133}, ""cpu_util_6"": {""mean"": 9.722677166666665, ""max"": 11.675133}, ""cpu_util_7"": {""mean"": 9.722677166666665, ""max"": 11.675133}, ""cpu_util_8"": {""mean"": 9.722677166666665, ""max"": 11.675133}, ""cpu_util_9"": {""mean"": 9.722677166666665, ""max"": 11.675133}, ""cpu_util_10"": {""mean"": 9.722677166666665, ""max"": 11.675133}, ""cpu_util_11"": {""mean"": 9.722677166666665, ""max"": 11.675133}, ""memory"": {""mean"": 0.5168800000000001, ""max"": 0.516941}, ""io_read_count"": {""mean"": 12080.051648833332, ""max"": 12088.766047}, ""io_write_count"": {""mean"": 20.000085333333335, ""max"": 20.014513}, ""io_read"": {""mean"": 0.0, ""max"": 0.0}, ""io_write"": {""mean"": 0.0, ""max"": 0.0}, ""gpu_util_avg"": {""mean"": 0.0, ""max"": 0.0}, ""gpu_util_min"": {""mean"": 0.0, ""max"": 0.0}, ""gpu_util_max"": {""mean"": 0.0, ""max"": 0.0}, ""gpu_util_0"": {""mean"": 0.0, ""max"": 0.0}, ""gpu_band_avg"": {""mean"": 0.0, ""max"": 0.0}, ""gpu_band_min"": {""mean"": 0.0, ""max"": 0.0}, ""gpu_band_max"": {""mean"": 0.0, ""max"": 0.0}, ""gpu_band_0"": {""mean"": 0.0, ""max"": 0.0}, ""gpu_mem_avg"": {""mean"": 0.0, ""max"": 0.0}, ""gpu_mem_min"": {""mean"": 0.0, ""max"": 0.0}, ""gpu_mem_max"": {""mean"": 0.0, ""max"": 0.0}, ""gpu_mem_0"": {""mean"": 0.0, ""max"": 0.0}}","{""total"": {""kind"": ""scalar"", ""value"": 1999999000000.0}}",,
fast_rewrite,vectorized,full,full,False,8,0,ok,0.000868,0.016654,2.9088,2.9193,,{},"{""total"": {""kind"": ""scalar"", ""value"": 1999999000000.0}}",,
fast_rewrite,vectorized,fork,fork,False,8,1,ok,0.002487,0.0,0.1544,0.1775,,{},"{""total"": {""kind"": ""scalar"", ""value"": 1999999000000.0}}",,
fast_rewrite,loop,fork,fork,False,9,0,ok,0.283443,0.0,0.4414,0.4608,,"{""cpu_util_avg"": {""mean"": 9.722215333333335, ""max"": 11.652904}, ""cpu_util_min"": {""mean"": 9.722215333333335, ""max"": 11.652904}, ""cpu_util_max"": {""mean"": 9.722215333333335, ""max"": 11.652904}, ""cpu_util_0"": {""mean"": 9.722215333333335, ""max"": 11.652904}, ""cpu_util_1"": {""mean"": 9.722215333333335, ""max"": 11.652904}, ""cpu_util_2"": {""mean"": 9.722215333333335, ""max"": 11.652904}, ""cpu_util_3"": {""mean"": 9.722215333333335, ""max"": 11.652904}, ""cpu_util_4"": {""mean"": 9.722215333333335, ""max"": 11.652904}, ""cpu_util_5"": {""mean"": 9.722215333333335, ""max"": 11.652904}, ""cpu_util_6"": {""mean"": 9.722215333333335, ""max"": 11.652904}, ""cpu_util_7"": {""mean"": 9.722215333333335, ""max"": 11.652904}, ""cpu_util_8"": {""mean"": 9.722215333333335, ""max"": 11.652904}, ""cpu_util_9"": {""mean"": 9.722215333333335, ""max"": 11.652904}, ""cpu_util_10"": {""mean"": 9.722215333333335, ""max"": 11.652904}, ""cpu_util_11"": {""mean"": 9.722215333333335, ""max"": 11.652904}, ""memory"": {""mean"": 0.5168596666666667, ""max"": 0.516941}, ""io_read_count"": {""mean"": 12101.013733500002, ""max"": 12196.48473}, ""io_write_count"": {""mean"": 20.00168783333333, ""max"": 20.025345}, ""io_read"": {""mean"": 0.0, ""max"": 0.0}, ""io_write"": {""mean"": 0.0, ""max"": 0.0}, ""gpu_util_avg"": {""mean"": 0.0, ""max"": 0.0}, ""gpu_util_min"": {""mean"": 0.0, ""max"": 0.0}, ""gpu_util_max"": {""mean"": 0.0, ""max"": 0.0}, ""gpu_util_0"": {""mean"": 0.0, ""max"": 0.0}, ""gpu_band_avg"": {""mean"": 0.0, ""max"": 0.0}, ""gpu_band_min"": {""mean"": 0.0, ""max"": 0.0}, ""gpu_band_max"": {""mean"": 0.0, ""max"": 0.0}, ""gpu_band_0"": {""mean"": 0.0, ""max"": 0.0}, ""gpu_mem_avg"": {""mean"": 0.0, ""max"": 0.0}, ""gpu_mem_min"": {""mean"": 0.0, ""max"": 0.0}, ""gpu_mem_max"": {""mean"": 0.0, ""max"": 0.0}, ""gpu_mem_0"": {""mean"": 0.0, ""max"": 0.0}}","{""total"": {""kind"": ""scalar"", ""value"": 1999999000000.0}}",,
fast_rewrite,loop,full,full,False,9,1,ok,0.247346,0.015787,3.1118,3.1296,,"{""cpu_util_avg"": {""mean"": 8.9991244, ""max"": 10.010534}, ""cpu_util_min"": {""mean"": 8.9991244, ""max"": 10.010534}, ""cpu_util_max"": {""mean"": 8.9991244, ""max"": 10.010534}, ""cpu_util_0"": {""mean"": 8.9991244, ""max"": 10.010534}, ""cpu_util_1"": {""mean"": 8.9991244, ""max"": 10.010534}, ""cpu_util_2"": {""mean"": 8.9991244, ""max"": 10.010534}, ""cpu_util_3"": {""mean"": 8.9991244, ""max"": 10.010534}, ""cpu_util_4"": {""mean"": 8.9991244, ""max"": 10.010534}, ""cpu_util_5"": {""mean"": 8.9991244, ""max"": 10.010534}, ""cpu_util_6"": {""mean"": 8.9991244, ""max"": 10.010534}, ""cpu_util_7"": {""mean"": 8.9991244, ""max"": 10.010534}, ""cpu_util_8"": {""mean"": 8.9991244, ""max"": 10.010534}, ""cpu_util_9"": {""mean"": 8.9991244, ""max"": 10.010534}, ""cpu_util_10"": {""mean"": 8.9991244, ""max"": 10.010534}, ""cpu_util_11"": {""mean"": 8.9991244, ""max"": 10.010534}, ""memory"": {""mean"": 0.2267648, ""max"": 0.227009}, ""io_read_count"": {""mean"": 9616.064116, ""max"": 12032.661727}, ""io_write_count"": {""mean"": 16.0001068, ""max"": 20.021068}, ""io_read"": {""mean"": 0.0, ""max"": 0.0}, ""io_write"": {""mean"": 0.0, ""max"": 0.0}, ""gpu_util_avg"": {""mean"": 0.0, ""max"": 0.0}, ""gpu_util_min"": {""mean"": 0.0, ""max"": 0.0}, ""gpu_util_max"": {""mean"": 0.0, ""max"": 0.0}, ""gpu_util_0"": {""mean"": 0.0, ""max"": 0.0}, ""gpu_band_avg"": {""mean"": 0.0, ""max"": 0.0}, ""gpu_band_min"": {""mean"": 0.0, ""max"": 0.0}, ""gpu_band_max"": {""mean"": 0.0, ""max"": 0.0}, ""gpu_band_0"": {""mean"": 0.0, ""max"": 0.0}, ""gpu_mem_avg"": {""mean"": 0.0, ""max"": 0.0}, ""gpu_mem_min"": {""mean"": 0.0, ""max"": 0.0}, ""gpu_mem_max"": {""mean"": 0.0, ""max"": 0.0}, ""gpu_mem_0"": {""mean"": 0.0, ""max"": 0.0}}","{""total"": {""kind"": ""scalar"", ""value"": 1999999000000.0}}",,
fast_rewrite,vectorized,fork,fork,False,9,0,ok,0.001325,0.0,0.1395,0.1558,,{},"{""total"": {""kind"": ""scalar"", ""value"": 1999999000000.0}}",,
fast_rewrite,vectorized,full,full,False,9,1,ok,0.000893,0.017924,2.8825,2.8953,,{},"{""total"": {""kind"": ""scalar"", ""value"": 1999999000000.0}}",,
fast_rewrite,loop,full,full,False,10,0,ok,0.250627,0.016318,3.3833,3.4065,,"{""cpu_util_avg"": {""mean"": 9.6648116, ""max"": 11.670118}, ""cpu_util_min"": {""mean"": 9.6648116, ""max"": 11.670118}, ""cpu_util_max"": {""mean"": 9.6648116, ""max"": 11.670118}, ""cpu_util_0"": {""mean"": 9.6648116, ""max"": 11.670118}, ""cpu_util_1"": {""mean"": 9.6648116, ""max"": 11.670118}, ""cpu_util_2"": {""mean"": 9.6648116, ""max"": 11.670118}, ""cpu_util_3"": {""mean"": 9.6648116, ""max"": 11.670118}, ""cpu_util_4"": {""mean"": 9.6648116, ""max"": 11.670118}, ""cpu_util_5"": {""mean"": 9.6648116, ""max"": 11.670118}, ""cpu_util_6"": {""mean"": 9.6648116, ""max"": 11.670118}, ""cpu_util_7"": {""mean"": 9.6648116, ""max"": 11.670118}, ""cpu_util_8"": {""mean"": 9.6648116, ""max"": 11.670118}, ""cpu_util_9"": {""mean"": 9.6648116, ""max"": 11.670118}, ""cpu_util_10"": {""mean"": 9.6648116, ""max"": 11.670118}, ""cpu_util_11"": {""mean"": 9.6648116, ""max"": 11.670118}, ""memory"": {""mean"": 0.226532, ""max"": 0.226776}, ""io_read_count"": {""mean"": 10050.6939716, ""max"": 12565.790316}, ""io_write_count"": {""mean"": 16.0042896, ""max"": 20.00922}, ""io_read"": {""mean"": 0.0, ""max"": 0.0}, ""io_write"": {""mean"": 0.0, ""max"": 0.0}, ""gpu_util_avg"": {""mean"": 0.0, ""max"": 0.0}, ""gpu_util_min"": {""mean"": 0.0, ""max"": 0.0}, ""gpu_util_max"": {""mean"": 0.0, ""max"": 0.0}, ""gpu_util_0"": {""mean"": 0.0, ""max"": 0.0}, ""gpu_band_avg"": {""mean"": 0.0, ""max"": 0.0}, ""gpu_band_min"": {""mean"": 0.0, ""max"": 0.0}, ""gpu_band_max"": {""mean"": 0.0, ""max"": 0.0}, ""gpu_band_0"": {""mean"": 0.0, ""max"": 0.0}, ""gpu_mem_avg"": {""mean"": 0.0, ""max"": 0.0}, ""gpu_mem_min"": {""mean"": 0.0, ""max"": 0.0}, ""gpu_mem_max"": {""mean"": 0.0, ""max"": 0.0}, ""gpu_mem_0"": {""mean"": 0.0, ""max"": 0.0}}","{""total"": {""kind"": ""scalar"", ""value"": 1999999000000.0}}",,
fast_rewrite,loop,fork,fork,False,10,1,ok,0.300646,0.0,0.4593,0.4809,,"{""cpu_util_avg"": {""mean"": 9.444343833333333, ""max"": 10.006168}, ""cpu_util_min"": {""mean"": 9.444343833333333, ""max"": 10.006168}, ""cpu_util_max"": {""mean"": 9.444343833333333, ""max"": 10.006168}, ""cpu_util_0"": {""mean"": 9.444343833333333, ""max"": 10.006168}, ""cpu_util_1"": {""mean"": 9.444343833333333, ""max"": 10.006168}, ""cpu_util_2"": {""mean"": 9.444343833333333, ""max"": 10.006168}, ""cpu_util_3"": {""mean"": 9.444343833333333, ""max"": 10.006168}, ""cpu_util_4"": {""mean"": 9.444343833333333, ""max"": 10.006168}, ""cpu_util_5"": {""mean"": 9.444343833333333, ""max"": 10.006168}, ""cpu_util_6"": {""mean"": 9.444343833333333, ""max"": 10.006168}, ""cpu_util_7"": {""mean"": 9.444343833333333, ""max"": 10.006168}, ""cpu_util_8"": {""mean"": 9.444343833333333, ""max"": 10.006168}, ""cpu_util_9"": {""mean"": 9.444343833333333, ""max"": 10.006168}, ""cpu_util_10"": {""mean"": 9.444343833333333, ""max"": 10.006168}, ""cpu_util_11"": {""mean"": 9.444343833333333, ""max"": 10.006168}, ""memory"": {""mean"": 0.5173476666666667, ""max"": 0.517429}, ""io_read_count"": {""mean"": 12080.243510333334, ""max"": 12092.580398}, ""io_write_count"": {""mean"": 20.00040316666667, ""max"": 20.020828}, ""io_read"": {""mean"": 0.0, ""max"": 0.0}, ""io_write"": {""mean"": 0.0, ""max"": 0.0}, ""gpu_util_avg"": {""mean"": 0.0, ""max"": 0.0}, ""gpu_util_min"": {""mean"": 0.0, ""max"": 0.0}, ""gpu_util_max"": {""mean"": 0.0, ""max"": 0.0}, ""gpu_util_0"": {""mean"": 0.0, ""max"": 0.0}, ""gpu_band_avg"": {""mean"": 0.0, ""max"": 0.0}, ""gpu_band_min"": {""mean"": 0.0, ""max"": 0.0}, ""gpu_band_max"": {""mean"": 0.0, ""max"": 0.0}, ""gpu_band_0"": {""mean"": 0.0, ""max"": 0.0}, ""gpu_mem_avg"": {""mean"": 0.0, ""max"": 0.0}, ""gpu_mem_min"": {""mean"": 0.0, ""max"": 0.0}, ""gpu_mem_max"": {""mean"": 0.0, ""max"": 0.0}, ""gpu_mem_0"": {""mean"": 0.0, ""max"": 0.0}}","{""total"": {""kind"": ""scalar"", ""value"": 1999999000000.0}}",,
fast_rewrite,vectorized,full,full,False,10,0,ok,0.000891,0.015682,3.1308,3.1426,,{},"{""total"": {""kind"": ""scalar"", ""value"": 1999999000000.0}}",,
fast_rewrite,vectorized,fork,fork,False,10,1,ok,0.001827,0.0,0.1473,0.1627,,{},"{""total"": {""kind"": ""scalar"", ""value"": 1999999000000.0}}",,
thread_pool,matmul,full,full,False,0,0,ok,0.058769,1.881384,5.3143,5.3365,,"{""cpu_util_avg"": {""mean"": 53.8353, ""max"": 53.8353}, ""cpu_util_min"": {""mean"": 53.8353, ""max"": 53.8353}, ""cpu_util_max"": {""mean"": 53.8353, ""max"": 53.8353}, ""cpu_util_0"": {""mean"": 53.8353, ""max"": 53.8353}, ""cpu_util_1"": {""mean"": 53.8353, ""max"": 53.8353}, ""cpu_util_2"": {""mean"": 53.8353, ""max"": 53.8353}, ""cpu_util_3"": {""mean"": 53.8353, ""max"": 53.8353}, ""cpu_util_4"": {""mean"": 53.8353, ""max"": 53.8353}, ""cpu_util_5"": {""mean"": 53.8353, ""max"": 53.8353}, ""cpu_util_6"": {""mean"": 53.8353, ""max"": 53.8353}, ""cpu_util_7"": {""mean"": 53.8353, ""max"": 53.8353}, ""cpu_util_8"": {""mean"": 53.8353, ""max"": 53.8353}, ""cpu_util_9"": {""mean"": 53.8353, ""max"": 53.8353}, ""cpu_util_10"": {""mean"": 53.8353, ""max"": 53.8353}, ""cpu_util_11"": {""mean"": 53.8353, ""max"": 53.8353}, ""memory"": {""mean"": 0.568222, ""max"": 0.568222}, ""io_read_count"": {""mean"": 13087.187783, ""max"": 13087.187783}, ""io_write_count"": {""mean"": 20.839471, ""max"": 20.839471}, ""io_read"": {""mean"": 0.0, ""max"": 0.0}, ""io_write"": {""mean"": 0.0, ""max"": 0.0}, ""gpu_util_avg"": {""mean"": 0.0, ""max"": 0.0}, ""gpu_util_min"": {""mean"": 0.0, ""max"": 0.0}, ""gpu_util_max"": {""mean"": 0.0, ""max"": 0.0}, ""gpu_util_0"": {""mean"": 0.0, ""max"": 0.0}, ""gpu_band_avg"": {""mean"": 0.0, ""max"": 0.0}, ""gpu_band_min"": {""mean"": 0.0, ""max"": 0.0}, ""gpu_band_max"": {""mean"": 0.0, ""max"": 0.0}, ""gpu_band_0"": {""mean"": 0.0, ""max"": 0.0}, ""gpu_mem_avg"": {""mean"": 0.0, ""max"": 0.0}, ""gpu_mem_min"": {""mean"": 0.0, ""max"": 0.0}, ""gpu_mem_max"": {""mean"": 0.0, ""max"": 0.0}, ""gpu_mem_0"": {""mean"": 0.0, ""max"": 0.0}}","{""product"": {""kind"": ""array"", ""shape"": [2000, 2000], ""dtype"": ""torch.float32"", ""mean"": 499.9078369140625, ""std"": 9.85780143737793, ""min"": 452.5981750488281, ""max"": 552.906982421875}}",,
thread_pool,matmul,fork,fork,False,0,1,timeout,,,,15.0943,,{},{},,Exceeded the 15s budget and was killed.
thread_pool,matmul,fork,fork,False,1,0,timeout,,,,15.0651,,{},{},,Exceeded the 15s budget and was killed.
thread_pool,matmul,full,full,False,1,1,ok,0.037103,1.567522,4.937,4.9589,,"{""cpu_util_avg"": {""mean"": 51.679916, ""max"": 51.679916}, ""cpu_util_min"": {""mean"": 51.679916, ""max"": 51.679916}, ""cpu_util_max"": {""mean"": 51.679916, ""max"": 51.679916}, ""cpu_util_0"": {""mean"": 51.679916, ""max"": 51.679916}, ""cpu_util_1"": {""mean"": 51.679916, ""max"": 51.679916}, ""cpu_util_2"": {""mean"": 51.679916, ""max"": 51.679916}, ""cpu_util_3"": {""mean"": 51.679916, ""max"": 51.679916}, ""cpu_util_4"": {""mean"": 51.679916, ""max"": 51.679916}, ""cpu_util_5"": {""mean"": 51.679916, ""max"": 51.679916}, ""cpu_util_6"": {""mean"": 51.679916, ""max"": 51.679916}, ""cpu_util_7"": {""mean"": 51.679916, ""max"": 51.679916}, ""cpu_util_8"": {""mean"": 51.679916, ""max"": 51.679916}, ""cpu_util_9"": {""mean"": 51.679916, ""max"": 51.679916}, ""cpu_util_10"": {""mean"": 51.679916, ""max"": 51.679916}, ""cpu_util_11"": {""mean"": 51.679916, ""max"": 51.679916}, ""memory"": {""mean"": 0.568081, ""max"": 0.568081}, ""io_read_count"": {""mean"": 12563.220958, ""max"": 12563.220958}, ""io_write_count"": {""mean"": 20.005129, ""max"": 20.005129}, ""io_read"": {""mean"": 0.0, ""max"": 0.0}, ""io_write"": {""mean"": 0.0, ""max"": 0.0}, ""gpu_util_avg"": {""mean"": 0.0, ""max"": 0.0}, ""gpu_util_min"": {""mean"": 0.0, ""max"": 0.0}, ""gpu_util_max"": {""mean"": 0.0, ""max"": 0.0}, ""gpu_util_0"": {""mean"": 0.0, ""max"": 0.0}, ""gpu_band_avg"": {""mean"": 0.0, ""max"": 0.0}, ""gpu_band_min"": {""mean"": 0.0, ""max"": 0.0}, ""gpu_band_max"": {""mean"": 0.0, ""max"": 0.0}, ""gpu_band_0"": {""mean"": 0.0, ""max"": 0.0}, ""gpu_mem_avg"": {""mean"": 0.0, ""max"": 0.0}, ""gpu_mem_min"": {""mean"": 0.0, ""max"": 0.0}, ""gpu_mem_max"": {""mean"": 0.0, ""max"": 0.0}, ""gpu_mem_0"": {""mean"": 0.0, ""max"": 0.0}}","{""product"": {""kind"": ""array"", ""shape"": [2000, 2000], ""dtype"": ""torch.float32"", ""mean"": 499.9195556640625, ""std"": 9.86457633972168, ""min"": 447.85675048828125, ""max"": 553.3855590820312}}",,
thread_pool,matmul,full,full,False,2,0,ok,0.044096,1.590954,4.9881,5.0119,,"{""cpu_util_avg"": {""mean"": 54.922798, ""max"": 54.922798}, ""cpu_util_min"": {""mean"": 54.922798, ""max"": 54.922798}, ""cpu_util_max"": {""mean"": 54.922798, ""max"": 54.922798}, ""cpu_util_0"": {""mean"": 54.922798, ""max"": 54.922798}, ""cpu_util_1"": {""mean"": 54.922798, ""max"": 54.922798}, ""cpu_util_2"": {""mean"": 54.922798, ""max"": 54.922798}, ""cpu_util_3"": {""mean"": 54.922798, ""max"": 54.922798}, ""cpu_util_4"": {""mean"": 54.922798, ""max"": 54.922798}, ""cpu_util_5"": {""mean"": 54.922798, ""max"": 54.922798}, ""cpu_util_6"": {""mean"": 54.922798, ""max"": 54.922798}, ""cpu_util_7"": {""mean"": 54.922798, ""max"": 54.922798}, ""cpu_util_8"": {""mean"": 54.922798, ""max"": 54.922798}, ""cpu_util_9"": {""mean"": 54.922798, ""max"": 54.922798}, ""cpu_util_10"": {""mean"": 54.922798, ""max"": 54.922798}, ""cpu_util_11"": {""mean"": 54.922798, ""max"": 54.922798}, ""memory"": {""mean"": 0.568233, ""max"": 0.568233}, ""io_read_count"": {""mean"": 12542.369943, ""max"": 12542.369943}, ""io_write_count"": {""mean"": 19.971927, ""max"": 19.971927}, ""io_read"": {""mean"": 0.0, ""max"": 0.0}, ""io_write"": {""mean"": 0.0, ""max"": 0.0}, ""gpu_util_avg"": {""mean"": 0.0, ""max"": 0.0}, ""gpu_util_min"": {""mean"": 0.0, ""max"": 0.0}, ""gpu_util_max"": {""mean"": 0.0, ""max"": 0.0}, ""gpu_util_0"": {""mean"": 0.0, ""max"": 0.0}, ""gpu_band_avg"": {""mean"": 0.0, ""max"": 0.0}, ""gpu_band_min"": {""mean"": 0.0, ""max"": 0.0}, ""gpu_band_max"": {""mean"": 0.0, ""max"": 0.0}, ""gpu_band_0"": {""mean"": 0.0, ""max"": 0.0}, ""gpu_mem_avg"": {""mean"": 0.0, ""max"": 0.0}, ""gpu_mem_min"": {""mean"": 0.0, ""max"": 0.0}, ""gpu_mem_max"": {""mean"": 0.0, ""max"": 0.0}, ""gpu_mem_0"": {""mean"": 0.0, ""max"": 0.0}}","{""product"": {""kind"": ""array"", ""shape"": [2000, 2000], ""dtype"": ""torch.float32"", ""mean"": 499.94708251953125, ""std"": 9.796781539916992, ""min"": 451.64794921875, ""max"": 549.6018676757812}}",,
thread_pool,matmul,fork,fork,False,2,1,timeout,,,,15.0664,,{},{},,Exceeded the 15s budget and was killed.
thread_pool,matmul,fork,fork,False,3,0,timeout,,,,15.0593,,{},{},,Exceeded the 15s budget and was killed.
thread_pool,matmul,full,full,False,3,1,ok,0.057999,1.54069,4.87,4.8921,,"{""cpu_util_avg"": {""mean"": 55.8423155, ""max"": 59.987804}, ""cpu_util_min"": {""mean"": 55.8423155, ""max"": 59.987804}, ""cpu_util_max"": {""mean"": 55.8423155, ""max"": 59.987804}, ""cpu_util_0"": {""mean"": 55.8423155, ""max"": 59.987804}, ""cpu_util_1"": {""mean"": 55.8423155, ""max"": 59.987804}, ""cpu_util_2"": {""mean"": 55.8423155, ""max"": 59.987804}, ""cpu_util_3"": {""mean"": 55.8423155, ""max"": 59.987804}, ""cpu_util_4"": {""mean"": 55.8423155, ""max"": 59.987804}, ""cpu_util_5"": {""mean"": 55.8423155, ""max"": 59.987804}, ""cpu_util_6"": {""mean"": 55.8423155, ""max"": 59.987804}, ""cpu_util_7"": {""mean"": 55.8423155, ""max"": 59.987804}, ""cpu_util_8"": {""mean"": 55.8423155, ""max"": 59.987804}, ""cpu_util_9"": {""mean"": 55.8423155, ""max"": 59.987804}, ""cpu_util_10"": {""mean"": 55.8423155, ""max"": 59.987804}, ""cpu_util_11"": {""mean"": 55.8423155, ""max"": 59.987804}, ""memory"": {""mean"": 0.568245, ""max"": 0.568245}, ""io_read_count"": {""mean"": 12262.2693955, ""max"": 12417.475528}, ""io_write_count"": {""mean"": 20.003805, ""max"": 20.011675}, ""io_read"": {""mean"": 0.0, ""max"": 0.0}, ""io_write"": {""mean"": 0.0, ""max"": 0.0}, ""gpu_util_avg"": {""mean"": 0.0, ""max"": 0.0}, ""gpu_util_min"": {""mean"": 0.0, ""max"": 0.0}, ""gpu_util_max"": {""mean"": 0.0, ""max"": 0.0}, ""gpu_util_0"": {""mean"": 0.0, ""max"": 0.0}, ""gpu_band_avg"": {""mean"": 0.0, ""max"": 0.0}, ""gpu_band_min"": {""mean"": 0.0, ""max"": 0.0}, ""gpu_band_max"": {""mean"": 0.0, ""max"": 0.0}, ""gpu_band_0"": {""mean"": 0.0, ""max"": 0.0}, ""gpu_mem_avg"": {""mean"": 0.0, ""max"": 0.0}, ""gpu_mem_min"": {""mean"": 0.0, ""max"": 0.0}, ""gpu_mem_max"": {""mean"": 0.0, ""max"": 0.0}, ""gpu_mem_0"": {""mean"": 0.0, ""max"": 0.0}}","{""product"": {""kind"": ""array"", ""shape"": [2000, 2000], ""dtype"": ""torch.float32"", ""mean"": 500.3536682128906, ""std"": 9.649190902709961, ""min"": 456.0747375488281, ""max"": 552.5198364257812}}",,
thread_pool,matmul,full,full,False,4,0,ok,0.041396,1.582622,4.7826,4.8022,,"{""cpu_util_avg"": {""mean"": 51.685268, ""max"": 51.685268}, ""cpu_util_min"": {""mean"": 51.685268, ""max"": 51.685268}, ""cpu_util_max"": {""mean"": 51.685268, ""max"": 51.685268}, ""cpu_util_0"": {""mean"": 51.685268, ""max"": 51.685268}, ""cpu_util_1"": {""mean"": 51.685268, ""max"": 51.685268}, ""cpu_util_2"": {""mean"": 51.685268, ""max"": 51.685268}, ""cpu_util_3"": {""mean"": 51.685268, ""max"": 51.685268}, ""cpu_util_4"": {""mean"": 51.685268, ""max"": 51.685268}, ""cpu_util_5"": {""mean"": 51.685268, ""max"": 51.685268}, ""cpu_util_6"": {""mean"": 51.685268, ""max"": 51.685268}, ""cpu_util_7"": {""mean"": 51.685268, ""max"": 51.685268}, ""cpu_util_8"": {""mean"": 51.685268, ""max"": 51.685268}, ""cpu_util_9"": {""mean"": 51.685268, ""max"": 51.685268}, ""cpu_util_10"": {""mean"": 51.685268, ""max"": 51.685268}, ""cpu_util_11"": {""mean"": 51.685268, ""max"": 51.685268}, ""memory"": {""mean"": 0.568077, ""max"": 0.568077}, ""io_read_count"": {""mean"": 12564.521971, ""max"": 12564.521971}, ""io_write_count"": {""mean"": 20.007201, ""max"": 20.007201}, ""io_read"": {""mean"": 0.0, ""max"": 0.0}, ""io_write"": {""mean"": 0.0, ""max"": 0.0}, ""gpu_util_avg"": {""mean"": 0.0, ""max"": 0.0}, ""gpu_util_min"": {""mean"": 0.0, ""max"": 0.0}, ""gpu_util_max"": {""mean"": 0.0, ""max"": 0.0}, ""gpu_util_0"": {""mean"": 0.0, ""max"": 0.0}, ""gpu_band_avg"": {""mean"": 0.0, ""max"": 0.0}, ""gpu_band_min"": {""mean"": 0.0, ""max"": 0.0}, ""gpu_band_max"": {""mean"": 0.0, ""max"": 0.0}, ""gpu_band_0"": {""mean"": 0.0, ""max"": 0.0}, ""gpu_mem_avg"": {""mean"": 0.0, ""max"": 0.0}, ""gpu_mem_min"": {""mean"": 0.0, ""max"": 0.0}, ""gpu_mem_max"": {""mean"": 0.0, ""max"": 0.0}, ""gpu_mem_0"": {""mean"": 0.0, ""max"": 0.0}}","{""product"": {""kind"": ""array"", ""shape"": [2000, 2000], ""dtype"": ""torch.float32"", ""mean"": 499.8729553222656, ""std"": 9.871496200561523, ""min"": 447.1963806152344, ""max"": 550.671630859375}}",,
thread_pool,matmul,fork,fork,False,4,1,timeout,,,,15.0604,,{},{},,Exceeded the 15s budget and was killed.
thread_pool,matmul,fork,fork,False,5,0,timeout,,,,15.0606,,{},{},,Exceeded the 15s budget and was killed.
thread_pool,matmul,full,full,False,5,1,ok,0.0455,1.693828,5.1805,5.2034,,"{""cpu_util_avg"": {""mean"": 49.996261, ""max"": 49.996261}, ""cpu_util_min"": {""mean"": 49.996261, ""max"": 49.996261}, ""cpu_util_max"": {""mean"": 49.996261, ""max"": 49.996261}, ""cpu_util_0"": {""mean"": 49.996261, ""max"": 49.996261}, ""cpu_util_1"": {""mean"": 49.996261, ""max"": 49.996261}, ""cpu_util_2"": {""mean"": 49.996261, ""max"": 49.996261}, ""cpu_util_3"": {""mean"": 49.996261, ""max"": 49.996261}, ""cpu_util_4"": {""mean"": 49.996261, ""max"": 49.996261}, ""cpu_util_5"": {""mean"": 49.996261, ""max"": 49.996261}, ""cpu_util_6"": {""mean"": 49.996261, ""max"": 49.996261}, ""cpu_util_7"": {""mean"": 49.996261, ""max"": 49.996261}, ""cpu_util_8"": {""mean"": 49.996261, ""max"": 49.996261}, ""cpu_util_9"": {""mean"": 49.996261, ""max"": 49.996261}, ""cpu_util_10"": {""mean"": 49.996261, ""max"": 49.996261}, ""cpu_util_11"": {""mean"": 49.996261, ""max"": 49.996261}, ""memory"": {""mean"": 0.568146, ""max"": 0.568146}, ""io_read_count"": {""mean"": 12019.101211, ""max"": 12019.101211}, ""io_write_count"": {""mean"": 19.998505, ""max"": 19.998505}, ""io_read"": {""mean"": 0.0, ""max"": 0.0}, ""io_write"": {""mean"": 0.0, ""max"": 0.0}, ""gpu_util_avg"": {""mean"": 0.0, ""max"": 0.0}, ""gpu_util_min"": {""mean"": 0.0, ""max"": 0.0}, ""gpu_util_max"": {""mean"": 0.0, ""max"": 0.0}, ""gpu_util_0"": {""mean"": 0.0, ""max"": 0.0}, ""gpu_band_avg"": {""mean"": 0.0, ""max"": 0.0}, ""gpu_band_min"": {""mean"": 0.0, ""max"": 0.0}, ""gpu_band_max"": {""mean"": 0.0, ""max"": 0.0}, ""gpu_band_0"": {""mean"": 0.0, ""max"": 0.0}, ""gpu_mem_avg"": {""mean"": 0.0, ""max"": 0.0}, ""gpu_mem_min"": {""mean"": 0.0, ""max"": 0.0}, ""gpu_mem_max"": {""mean"": 0.0, ""max"": 0.0}, ""gpu_mem_0"": {""mean"": 0.0, ""max"": 0.0}}","{""product"": {""kind"": ""array"", ""shape"": [2000, 2000], ""dtype"": ""torch.float32"", ""mean"": 499.75213623046875, ""std"": 9.774996757507324, ""min"": 452.0339050292969, ""max"": 548.5728149414062}}",,
thread_pool,matmul,full,full,False,6,0,ok,0.0479,1.579432,4.9239,4.9462,,"{""cpu_util_avg"": {""mean"": 51.596036, ""max"": 51.596036}, ""cpu_util_min"": {""mean"": 51.596036, ""max"": 51.596036}, ""cpu_util_max"": {""mean"": 51.596036, ""max"": 51.596036}, ""cpu_util_0"": {""mean"": 51.596036, ""max"": 51.596036}, ""cpu_util_1"": {""mean"": 51.596036, ""max"": 51.596036}, ""cpu_util_2"": {""mean"": 51.596036, ""max"": 51.596036}, ""cpu_util_3"": {""mean"": 51.596036, ""max"": 51.596036}, ""cpu_util_4"": {""mean"": 51.596036, ""max"": 51.596036}, ""cpu_util_5"": {""mean"": 51.596036, ""max"": 51.596036}, ""cpu_util_6"": {""mean"": 51.596036, ""max"": 51.596036}, ""cpu_util_7"": {""mean"": 51.596036, ""max"": 51.596036}, ""cpu_util_8"": {""mean"": 51.596036, ""max"": 51.596036}, ""cpu_util_9"": {""mean"": 51.596036, ""max"": 51.596036}, ""cpu_util_10"": {""mean"": 51.596036, ""max"": 51.596036}, ""cpu_util_11"": {""mean"": 51.596036, ""max"": 51.596036}, ""memory"": {""mean"": 0.567307, ""max"": 0.567307}, ""io_read_count"": {""mean"": 12403.021257, ""max"": 12403.021257}, ""io_write_count"": {""mean"": 19.972659, ""max"": 19.972659}, ""io_read"": {""mean"": 0.0, ""max"": 0.0}, ""io_write"": {""mean"": 0.0, ""max"": 0.0}, ""gpu_util_avg"": {""mean"": 0.0, ""max"": 0.0}, ""gpu_util_min"": {""mean"": 0.0, ""max"": 0.0}, ""gpu_util_max"": {""mean"": 0.0, ""max"": 0.0}, ""gpu_util_0"": {""mean"": 0.0, ""max"": 0.0}, ""gpu_band_avg"": {""mean"": 0.0, ""max"": 0.0}, ""gpu_band_min"": {""mean"": 0.0, ""max"": 0.0}, ""gpu_band_max"": {""mean"": 0.0, ""max"": 0.0}, ""gpu_band_0"": {""mean"": 0.0, ""max"": 0.0}, ""gpu_mem_avg"": {""mean"": 0.0, ""max"": 0.0}, ""gpu_mem_min"": {""mean"": 0.0, ""max"": 0.0}, ""gpu_mem_max"": {""mean"": 0.0, ""max"": 0.0}, ""gpu_mem_0"": {""mean"": 0.0, ""max"": 0.0}}","{""product"": {""kind"": ""array"", ""shape"": [2000, 2000], ""dtype"": ""torch.float32"", ""mean"": 500.00372314453125, ""std"": 9.747309684753418, ""min"": 455.6985778808594, ""max"": 547.8583374023438}}",,
thread_pool,matmul,fork,fork,False,6,1,timeout,,,,15.0597,,{},{},,Exceeded the 15s budget and was killed.
thread_pool,matmul,fork,fork,False,7,0,timeout,,,,15.0583,,{},{},,Exceeded the 15s budget and was killed.
thread_pool,matmul,full,full,False,7,1,ok,0.048544,1.799166,5.5498,5.5721,,"{""cpu_util_avg"": {""mean"": 54.954052, ""max"": 54.954052}, ""cpu_util_min"": {""mean"": 54.954052, ""max"": 54.954052}, ""cpu_util_max"": {""mean"": 54.954052, ""max"": 54.954052}, ""cpu_util_0"": {""mean"": 54.954052, ""max"": 54.954052}, ""cpu_util_1"": {""mean"": 54.954052, ""max"": 54.954052}, ""cpu_util_2"": {""mean"": 54.954052, ""max"": 54.954052}, ""cpu_util_3"": {""mean"": 54.954052, ""max"": 54.954052}, ""cpu_util_4"": {""mean"": 54.954052, ""max"": 54.954052}, ""cpu_util_5"": {""mean"": 54.954052, ""max"": 54.954052}, ""cpu_util_6"": {""mean"": 54.954052, ""max"": 54.954052}, ""cpu_util_7"": {""mean"": 54.954052, ""max"": 54.954052}, ""cpu_util_8"": {""mean"": 54.954052, ""max"": 54.954052}, ""cpu_util_9"": {""mean"": 54.954052, ""max"": 54.954052}, ""cpu_util_10"": {""mean"": 54.954052, ""max"": 54.954052}, ""cpu_util_11"": {""mean"": 54.954052, ""max"": 54.954052}, ""memory"": {""mean"": 0.568371, ""max"": 0.568371}, ""io_read_count"": {""mean"": 12009.958235, ""max"": 12009.958235}, ""io_write_count"": {""mean"": 19.983292, ""max"": 19.983292}, ""io_read"": {""mean"": 0.0, ""max"": 0.0}, ""io_write"": {""mean"": 0.0, ""max"": 0.0}, ""gpu_util_avg"": {""mean"": 0.0, ""max"": 0.0}, ""gpu_util_min"": {""mean"": 0.0, ""max"": 0.0}, ""gpu_util_max"": {""mean"": 0.0, ""max"": 0.0}, ""gpu_util_0"": {""mean"": 0.0, ""max"": 0.0}, ""gpu_band_avg"": {""mean"": 0.0, ""max"": 0.0}, ""gpu_band_min"": {""mean"": 0.0, ""max"": 0.0}, ""gpu_band_max"": {""mean"": 0.0, ""max"": 0.0}, ""gpu_band_0"": {""mean"": 0.0, ""max"": 0.0}, ""gpu_mem_avg"": {""mean"": 0.0, ""max"": 0.0}, ""gpu_mem_min"": {""mean"": 0.0, ""max"": 0.0}, ""gpu_mem_max"": {""mean"": 0.0, ""max"": 0.0}, ""gpu_mem_0"": {""mean"": 0.0, ""max"": 0.0}}","{""product"": {""kind"": ""array"", ""shape"": [2000, 2000], ""dtype"": ""torch.float32"", ""mean"": 500.0516357421875, ""std"": 9.830204963684082, ""min"": 453.2752380371094, ""max"": 551.0946044921875}}",,
thread_pool,matmul,full,full,False,8,0,ok,0.042674,1.648564,5.0167,5.0362,,{},"{""product"": {""kind"": ""array"", ""shape"": [2000, 2000], ""dtype"": ""torch.float32"", ""mean"": 500.0767822265625, ""std"": 9.948599815368652, ""min"": 455.5082092285156, ""max"": 548.728515625}}",,
thread_pool,matmul,fork,fork,False,8,1,timeout,,,,15.0629,,{},{},,Exceeded the 15s budget and was killed.
thread_pool,matmul,fork,fork,False,9,0,timeout,,,,15.0586,,{},{},,Exceeded the 15s budget and was killed.
thread_pool,matmul,full,full,False,9,1,ok,0.045103,1.578425,4.876,4.8965,,"{""cpu_util_avg"": {""mean"": 53.309732, ""max"": 53.309732}, ""cpu_util_min"": {""mean"": 53.309732, ""max"": 53.309732}, ""cpu_util_max"": {""mean"": 53.309732, ""max"": 53.309732}, ""cpu_util_0"": {""mean"": 53.309732, ""max"": 53.309732}, ""cpu_util_1"": {""mean"": 53.309732, ""max"": 53.309732}, ""cpu_util_2"": {""mean"": 53.309732, ""max"": 53.309732}, ""cpu_util_3"": {""mean"": 53.309732, ""max"": 53.309732}, ""cpu_util_4"": {""mean"": 53.309732, ""max"": 53.309732}, ""cpu_util_5"": {""mean"": 53.309732, ""max"": 53.309732}, ""cpu_util_6"": {""mean"": 53.309732, ""max"": 53.309732}, ""cpu_util_7"": {""mean"": 53.309732, ""max"": 53.309732}, ""cpu_util_8"": {""mean"": 53.309732, ""max"": 53.309732}, ""cpu_util_9"": {""mean"": 53.309732, ""max"": 53.309732}, ""cpu_util_10"": {""mean"": 53.309732, ""max"": 53.309732}, ""cpu_util_11"": {""mean"": 53.309732, ""max"": 53.309732}, ""memory"": {""mean"": 0.567818, ""max"": 0.567818}, ""io_read_count"": {""mean"": 12014.680861, ""max"": 12014.680861}, ""io_write_count"": {""mean"": 19.99115, ""max"": 19.99115}, ""io_read"": {""mean"": 0.0, ""max"": 0.0}, ""io_write"": {""mean"": 0.0, ""max"": 0.0}, ""gpu_util_avg"": {""mean"": 0.0, ""max"": 0.0}, ""gpu_util_min"": {""mean"": 0.0, ""max"": 0.0}, ""gpu_util_max"": {""mean"": 0.0, ""max"": 0.0}, ""gpu_util_0"": {""mean"": 0.0, ""max"": 0.0}, ""gpu_band_avg"": {""mean"": 0.0, ""max"": 0.0}, ""gpu_band_min"": {""mean"": 0.0, ""max"": 0.0}, ""gpu_band_max"": {""mean"": 0.0, ""max"": 0.0}, ""gpu_band_0"": {""mean"": 0.0, ""max"": 0.0}, ""gpu_mem_avg"": {""mean"": 0.0, ""max"": 0.0}, ""gpu_mem_min"": {""mean"": 0.0, ""max"": 0.0}, ""gpu_mem_max"": {""mean"": 0.0, ""max"": 0.0}, ""gpu_mem_0"": {""mean"": 0.0, ""max"": 0.0}}","{""product"": {""kind"": ""array"", ""shape"": [2000, 2000], ""dtype"": ""torch.float32"", ""mean"": 499.8501892089844, ""std"": 9.903676986694336, ""min"": 444.912353515625, ""max"": 548.9702758789062}}",,
thread_pool,matmul,full,full,False,10,0,ok,0.043501,1.516241,4.911,4.9356,,"{""cpu_util_avg"": {""mean"": 50.004596, ""max"": 50.004596}, ""cpu_util_min"": {""mean"": 50.004596, ""max"": 50.004596}, ""cpu_util_max"": {""mean"": 50.004596, ""max"": 50.004596}, ""cpu_util_0"": {""mean"": 50.004596, ""max"": 50.004596}, ""cpu_util_1"": {""mean"": 50.004596, ""max"": 50.004596}, ""cpu_util_2"": {""mean"": 50.004596, ""max"": 50.004596}, ""cpu_util_3"": {""mean"": 50.004596, ""max"": 50.004596}, ""cpu_util_4"": {""mean"": 50.004596, ""max"": 50.004596}, ""cpu_util_5"": {""mean"": 50.004596, ""max"": 50.004596}, ""cpu_util_6"": {""mean"": 50.004596, ""max"": 50.004596}, ""cpu_util_7"": {""mean"": 50.004596, ""max"": 50.004596}, ""cpu_util_8"": {""mean"": 50.004596, ""max"": 50.004596}, ""cpu_util_9"": {""mean"": 50.004596, ""max"": 50.004596}, ""cpu_util_10"": {""mean"": 50.004596, ""max"": 50.004596}, ""cpu_util_11"": {""mean"": 50.004596, ""max"": 50.004596}, ""memory"": {""mean"": 0.567986, ""max"": 0.567986}, ""io_read_count"": {""mean"": 12021.10498, ""max"": 12021.10498}, ""io_write_count"": {""mean"": 20.001839, ""max"": 20.001839}, ""io_read"": {""mean"": 0.0, ""max"": 0.0}, ""io_write"": {""mean"": 0.0, ""max"": 0.0}, ""gpu_util_avg"": {""mean"": 0.0, ""max"": 0.0}, ""gpu_util_min"": {""mean"": 0.0, ""max"": 0.0}, ""gpu_util_max"": {""mean"": 0.0, ""max"": 0.0}, ""gpu_util_0"": {""mean"": 0.0, ""max"": 0.0}, ""gpu_band_avg"": {""mean"": 0.0, ""max"": 0.0}, ""gpu_band_min"": {""mean"": 0.0, ""max"": 0.0}, ""gpu_band_max"": {""mean"": 0.0, ""max"": 0.0}, ""gpu_band_0"": {""mean"": 0.0, ""max"": 0.0}, ""gpu_mem_avg"": {""mean"": 0.0, ""max"": 0.0}, ""gpu_mem_min"": {""mean"": 0.0, ""max"": 0.0}, ""gpu_mem_max"": {""mean"": 0.0, ""max"": 0.0}, ""gpu_mem_0"": {""mean"": 0.0, ""max"": 0.0}}","{""product"": {""kind"": ""array"", ""shape"": [2000, 2000], ""dtype"": ""torch.float32"", ""mean"": 500.3116149902344, ""std"": 9.897622108459473, ""min"": 454.6648254394531, ""max"": 551.8455200195312}}",,
thread_pool,matmul,fork,fork,False,10,1,timeout,,,,15.0623,,{},{},,Exceeded the 15s budget and was killed.
